t,steering,throttle,brake,speed,speed_mag,wheel_ms,motor_nm,headroom,traction,x,y,z,yaw_deg,source
0.0200,0.00000,0.0000,0.0000,0.00000,0.00000,0.00000,0.0,1.0000,1.0000,0.0000,0.5000,0.0000,0.000,unity
0.0400,0.00000,1.0000,0.0000,0.00000,0.00000,0.00000,525.0,1.0000,1.0000,0.0000,0.4985,0.0000,0.000,unity
0.0600,0.00000,1.0000,0.0000,0.08854,0.08852,0.47095,432.3,1.0000,0.8234,0.0000,0.4964,0.0019,0.000,unity
0.0800,0.00000,1.0000,0.0000,0.17532,0.17527,0.36149,525.0,1.0000,1.0000,0.0000,0.4941,0.0055,0.000,unity
0.1000,0.00000,1.0000,0.0000,0.27362,0.27353,0.35395,525.0,1.0000,1.0000,0.0000,0.4916,0.0112,0.000,unity
0.1200,0.00000,1.0000,0.0000,0.36116,0.36102,0.67687,478.9,1.0000,0.9122,0.0000,0.4890,0.0186,0.000,unity
0.1400,0.00000,1.0000,0.0000,0.46039,0.46020,0.41495,525.0,1.0000,1.0000,0.0000,0.4866,0.0281,0.000,unity
0.1600,0.00000,1.0000,0.0000,0.55111,0.55087,0.71034,525.0,1.0000,1.0000,0.0000,0.4842,0.0394,0.000,unity
0.1800,0.00000,1.0000,0.0000,0.65000,0.64972,0.71671,525.0,1.0000,1.0000,0.0000,0.4821,0.0527,0.000,unity
0.2000,0.00000,1.0000,0.0000,0.74612,0.74583,0.82362,525.0,1.0000,1.0000,0.0000,0.4802,0.0679,0.000,unity
0.2200,0.00000,1.0000,0.0000,0.84255,0.84226,0.92864,525.0,1.0000,1.0000,0.0000,0.4785,0.0851,0.000,unity
0.2400,0.00000,1.0000,0.0000,0.93893,0.93865,1.03389,525.0,1.0000,1.0000,0.0000,0.4770,0.1041,0.000,unity
0.2600,0.00000,1.0000,0.0000,1.03529,1.03503,1.13924,525.0,1.0000,1.0000,0.0000,0.4758,0.1251,0.000,unity
0.2800,0.00000,1.0000,0.0000,1.13162,1.13140,1.24471,525.0,1.0000,1.0000,0.0000,0.4748,0.1479,0.000,unity
0.3000,0.00000,1.0000,0.0000,1.22793,1.22774,1.35028,525.0,1.0000,1.0000,0.0000,0.4741,0.1727,0.000,unity
0.3200,0.00000,1.0000,0.0000,1.32421,1.32407,1.45595,525.0,1.0000,1.0000,0.0000,0.4735,0.1994,0.000,unity
0.3400,0.00000,1.0000,0.0000,1.42048,1.42038,1.56165,525.0,1.0000,1.0000,0.0000,0.4730,0.2280,0.000,unity
0.3600,0.00000,1.0000,0.0000,1.51673,1.51667,1.66734,525.0,1.0000,1.0000,0.0000,0.4727,0.2584,0.000,unity
0.3800,0.00000,1.0000,0.0000,1.61297,1.61295,1.77303,525.0,1.0000,1.0000,0.0000,0.4726,0.2908,0.000,unity
0.4000,0.00000,1.0000,0.0000,1.70920,1.70921,1.87864,525.0,1.0000,1.0000,0.0000,0.4725,0.3251,0.000,unity
0.4200,0.00000,1.0000,0.0000,1.80542,1.80546,1.98420,525.0,1.0000,1.0000,0.0000,0.4725,0.3613,0.000,unity
0.4400,0.00000,1.0000,0.0000,1.90164,1.90169,2.08963,525.0,1.0000,1.0000,0.0000,0.4725,0.3993,0.000,unity
0.4600,0.00000,1.0000,0.0000,1.99784,1.99792,2.19495,525.0,1.0000,1.0000,0.0000,0.4726,0.4393,0.000,unity
0.4800,0.00000,1.0000,0.0000,2.09404,2.09413,2.30018,525.0,1.0000,1.0000,0.0000,0.4728,0.4812,0.000,unity
0.5000,0.00000,1.0000,0.0000,2.19023,2.19033,2.40528,525.0,1.0000,1.0000,0.0000,0.4729,0.5250,0.000,unity
0.5200,0.00000,1.0000,0.0000,2.28642,2.28652,2.51026,525.0,1.0000,1.0000,0.0000,0.4730,0.5707,0.000,unity
0.5400,0.00000,1.0000,0.0000,2.38259,2.38269,2.61515,525.0,1.0000,1.0000,0.0000,0.4732,0.6184,0.000,unity
0.5600,0.00000,1.0000,0.0000,2.47876,2.47886,2.71991,525.0,1.0000,1.0000,0.0000,0.4733,0.6679,0.000,unity
0.5800,0.00000,1.0000,0.0000,2.57491,2.57501,2.82460,525.0,1.0000,1.0000,0.0000,0.4735,0.7194,0.000,unity
0.6000,0.00000,1.0000,0.0000,2.67105,2.67115,2.92922,519.4,1.0000,0.9892,0.0000,0.4736,0.7728,0.000,unity
0.6200,0.00000,1.0000,0.0000,2.76623,2.76632,3.02985,515.5,1.0000,0.9820,0.0000,0.4737,0.8281,0.000,unity
0.6400,0.00000,1.0000,0.0000,2.86068,2.86077,3.13034,511.3,1.0000,0.9739,0.0000,0.4738,0.8852,0.000,unity
0.6600,0.00000,1.0000,0.0000,2.95434,2.95442,3.22963,507.4,1.0000,0.9664,0.0000,0.4739,0.9443,0.000,unity
0.6800,0.00000,1.0000,0.0000,3.04727,3.04735,3.32808,503.5,1.0000,0.9590,0.0000,0.4740,1.0052,0.000,unity
0.7000,0.00000,1.0000,0.0000,3.13947,3.13955,3.42564,499.7,1.0000,0.9519,0.0000,0.4740,1.0679,0.000,unity
0.7200,0.00000,1.0000,0.0000,3.23098,3.23105,3.52237,496.1,1.0000,0.9449,0.0000,0.4741,1.1325,0.000,unity
0.7400,0.00000,1.0000,0.0000,3.32180,3.32187,3.61831,492.5,1.0000,0.9381,0.0000,0.4741,1.1989,0.000,unity
0.7600,0.00000,1.0000,0.0000,3.41195,3.41202,3.71345,489.0,1.0000,0.9314,0.0000,0.4742,1.2671,0.000,unity
0.7800,0.00000,1.0000,0.0000,3.50145,3.50152,3.80783,485.6,1.0000,0.9249,0.0000,0.4742,1.3371,0.000,unity
0.8000,0.00000,1.0000,0.0000,3.59031,3.59037,3.90148,482.2,1.0000,0.9185,0.0000,0.4742,1.4088,0.000,unity
0.8200,0.00000,1.0000,0.0000,3.67854,3.67860,3.99439,478.9,1.0000,0.9123,0.0000,0.4742,1.4824,0.000,unity
0.8400,0.00000,1.0000,0.0000,3.76616,3.76622,4.08662,475.7,1.0000,0.9061,0.0000,0.4742,1.5577,0.000,unity
0.8600,0.00000,1.0000,0.0000,3.85318,3.85323,4.17816,472.6,1.0000,0.9001,0.0000,0.4742,1.6347,0.000,unity
0.8800,0.00000,1.0000,0.0000,3.93960,3.93965,4.26901,469.4,1.0000,0.8942,0.0000,0.4742,1.7134,0.000,unity
0.9000,0.00000,1.0000,0.0000,4.02544,4.02549,4.35920,466.4,1.0000,0.8884,0.0000,0.4742,1.7939,0.000,unity
0.9200,0.00000,1.0000,0.0000,4.11070,4.11076,4.44876,463.4,1.0000,0.8827,0.0000,0.4742,1.8761,0.000,unity
0.9400,0.00000,1.0000,0.0000,4.19541,4.19547,4.53764,460.5,1.0000,0.8771,0.0000,0.4742,1.9600,0.000,unity
0.9600,0.00000,1.0000,0.0000,4.27957,4.27962,4.62592,457.6,1.0000,0.8716,0.0000,0.4741,2.0456,0.000,unity
0.9800,0.00000,1.0000,0.0000,4.36318,4.36324,4.71358,454.8,1.0000,0.8662,0.0000,0.4741,2.1328,0.000,unity
1.0000,0.00000,1.0000,0.0000,4.44627,4.44633,4.80062,452.0,1.0000,0.8609,0.0000,0.4741,2.2217,0.000,unity
1.0200,0.00000,1.0000,0.0000,4.52884,4.52890,4.88708,449.3,1.0000,0.8558,0.0000,0.4741,2.3123,0.000,unity
1.0400,0.00000,1.0000,0.0000,4.61089,4.61095,4.97295,446.6,1.0000,0.8507,0.0000,0.4741,2.4045,0.000,unity
1.0600,0.00000,1.0000,0.0000,4.69245,4.69251,5.05824,444.0,1.0000,0.8457,0.0000,0.4741,2.4983,0.000,unity
1.0800,0.00000,1.0000,0.0000,4.77351,4.77357,5.14298,441.4,1.0000,0.8408,0.0000,0.4741,2.5937,0.000,unity
1.1000,0.00000,1.0000,0.0000,4.85409,4.85415,5.22716,438.9,1.0000,0.8360,0.0000,0.4741,2.6908,0.000,unity
1.1200,0.00000,1.0000,0.0000,4.93420,4.93426,5.31080,436.4,1.0000,0.8313,0.0000,0.4741,2.7895,0.000,unity
1.1400,0.00000,1.0000,0.0000,5.01384,5.01390,5.39390,434.0,1.0000,0.8267,0.0000,0.4741,2.8897,0.000,unity
1.1600,0.00000,1.0000,0.0000,5.09303,5.09309,5.47648,431.6,1.0000,0.8221,0.0000,0.4741,2.9916,0.000,unity
1.1800,0.00000,1.0000,0.0000,5.17177,5.17183,5.55856,429.3,1.0000,0.8177,0.0000,0.4741,3.0950,0.000,unity
1.2000,0.00000,1.0000,0.0000,5.25007,5.25014,5.64014,427.0,1.0000,0.8133,0.0000,0.4741,3.2000,0.000,unity
1.2200,0.00000,1.0000,0.0000,5.32795,5.32801,5.72120,424.8,1.0000,0.8091,0.0000,0.4741,3.3065,0.000,unity
1.2400,0.00000,1.0000,0.0000,5.40539,5.40546,5.80182,422.5,1.0000,0.8049,0.0000,0.4741,3.4146,0.000,unity
1.2600,0.00000,1.0000,0.0000,5.48243,5.48249,5.88193,420.4,1.0000,0.8007,0.0000,0.4741,3.5243,0.000,unity
1.2800,0.00000,1.0000,0.0000,5.55905,5.55911,5.96160,418.3,1.0000,0.7967,0.0000,0.4741,3.6354,0.000,unity
1.3000,0.00000,1.0000,0.0000,5.63527,5.63534,6.04079,416.2,1.0000,0.7927,0.0000,0.4741,3.7481,0.000,unity
1.3200,0.00000,1.0000,0.0000,5.71110,5.71117,6.11957,414.1,1.0000,0.7888,0.0000,0.4741,3.8623,0.000,unity
1.3400,0.00000,1.0000,0.0000,5.78655,5.78661,6.19788,412.1,1.0000,0.7850,0.0000,0.4741,3.9781,0.000,unity
1.3600,0.00000,1.0000,0.0000,5.86161,5.86167,6.27578,410.1,1.0000,0.7812,0.0000,0.4741,4.0953,0.000,unity
1.3800,0.00000,1.0000,0.0000,5.93630,5.93636,6.35326,408.2,1.0000,0.7775,0.0000,0.4741,4.2140,0.000,unity
1.4000,0.00000,1.0000,0.0000,6.01062,6.01068,6.43033,406.2,1.0000,0.7738,0.0000,0.4741,4.3342,0.000,unity
1.4200,0.00000,1.0000,0.0000,6.08457,6.08464,6.50697,404.4,1.0000,0.7702,0.0000,0.4741,4.4559,0.000,unity
1.4400,0.00000,1.0000,0.0000,6.15817,6.15824,6.58324,402.5,1.0000,0.7667,0.0000,0.4741,4.5790,0.000,unity
1.4600,0.00000,1.0000,0.0000,6.23142,6.23149,6.65909,400.7,1.0000,0.7632,0.0000,0.4741,4.7036,0.000,unity
1.4800,0.00000,1.0000,0.0000,6.30433,6.30439,6.73458,398.9,1.0000,0.7598,0.0000,0.4741,4.8297,0.000,unity
1.5000,0.00000,1.0000,0.0000,6.37689,6.37695,6.80965,397.1,1.0000,0.7564,0.0000,0.4741,4.9572,0.000,unity
1.5200,0.00000,1.0000,0.0000,6.44912,6.44918,6.88440,395.3,1.0000,0.7530,0.0000,0.4741,5.0862,0.000,unity
1.5400,0.00000,1.0000,0.0000,6.52101,6.52107,6.95872,393.7,1.0000,0.7498,0.0000,0.4741,5.2166,0.000,unity
1.5600,0.00000,1.0000,0.0000,6.59258,6.59265,7.03276,391.9,1.0000,0.7465,0.0000,0.4741,5.3485,0.000,unity
1.5800,0.00000,1.0000,0.0000,6.66383,6.66390,7.10635,390.3,1.0000,0.7434,0.0000,0.4741,5.4817,0.000,unity
1.6000,0.00000,1.0000,0.0000,6.73477,6.73483,7.17968,388.6,1.0000,0.7402,0.0000,0.4741,5.6164,0.000,unity
1.6200,0.00000,1.0000,0.0000,6.80539,6.80545,7.25259,387.0,1.0000,0.7372,0.0000,0.4741,5.7525,0.000,unity
1.6400,0.00000,1.0000,0.0000,6.87570,6.87576,7.32521,385.4,1.0000,0.7341,0.0000,0.4741,5.8900,0.000,unity
1.6600,0.00000,1.0000,0.0000,6.94571,6.94577,7.39746,383.8,1.0000,0.7311,0.0000,0.4741,6.0289,0.000,unity
1.6800,0.00000,1.0000,0.0000,7.01542,7.01548,7.46941,382.3,1.0000,0.7281,0.0000,0.4741,6.1692,0.000,unity
1.7000,0.00000,1.0000,0.0000,7.08483,7.08490,7.54101,380.7,1.0000,0.7252,0.0000,0.4741,6.3109,0.000,unity
1.7200,0.00000,1.0000,0.0000,7.15395,7.15402,7.61230,379.2,1.0000,0.7223,0.0000,0.4741,6.4540,0.000,unity
1.7400,0.00000,1.0000,0.0000,7.22279,7.22285,7.68327,377.7,1.0000,0.7194,0.0000,0.4741,6.5984,0.000,unity
1.7600,0.00000,1.0000,0.0000,7.29134,7.29140,7.75392,376.2,1.0000,0.7166,0.0000,0.4741,6.7442,0.000,unity
1.7800,0.00000,1.0000,0.0000,7.35961,7.35967,7.82429,374.8,1.0000,0.7138,0.0000,0.4741,6.8914,0.000,unity
1.8000,0.00000,1.0000,0.0000,7.42760,7.42767,7.89432,373.3,1.0000,0.7111,0.0000,0.4741,7.0399,0.000,unity
1.8200,0.00000,1.0000,0.0000,7.49532,7.49539,7.96408,371.9,1.0000,0.7084,0.0000,0.4741,7.1898,0.000,unity
1.8400,0.00000,1.0000,0.0000,7.56277,7.56284,8.03352,370.5,1.0000,0.7058,0.0000,0.4741,7.3411,0.000,unity
1.8600,0.00000,1.0000,0.0000,7.62995,7.63002,8.10269,369.1,1.0000,0.7031,0.0000,0.4741,7.4937,0.000,unity
1.8800,0.00000,1.0000,0.0000,7.69687,7.69694,8.17153,367.8,1.0000,0.7005,0.0000,0.4741,7.6476,0.000,unity
1.9000,0.00000,1.0000,0.0000,7.76353,7.76360,8.24015,366.4,1.0000,0.6979,0.0000,0.4741,7.8029,0.000,unity
1.9200,0.00000,1.0000,0.0000,7.82994,7.83000,8.30842,365.1,1.0000,0.6954,0.0000,0.4741,7.9595,0.000,unity
1.9400,0.00000,1.0000,0.0000,7.89609,7.89615,8.37648,363.8,1.0000,0.6929,0.0000,0.4741,8.1174,0.000,unity
1.9600,0.00000,1.0000,0.0000,7.96199,7.96205,8.44419,362.5,1.0000,0.6905,0.0000,0.4741,8.2766,0.000,unity
1.9800,0.00000,1.0000,0.0000,8.02764,8.02771,8.51172,361.2,1.0000,0.6880,0.0000,0.4741,8.4371,0.000,unity
2.0000,0.00000,1.0000,0.0000,8.09305,8.09311,8.57890,359.9,1.0000,0.6856,0.0000,0.4741,8.5990,0.000,unity
2.0200,0.00000,1.0000,0.0000,8.15822,8.15828,8.64589,358.7,1.0000,0.6832,0.0000,0.4741,8.7622,0.000,unity
2.0400,0.00000,1.0000,0.0000,8.22314,8.22321,8.71256,357.5,1.0000,0.6809,0.0000,0.4741,8.9266,0.000,unity
2.0600,0.00000,1.0000,0.0000,8.28783,8.28790,8.77901,356.2,1.0000,0.6785,0.0000,0.4741,9.0924,0.000,unity
2.0800,0.00000,1.0000,0.0000,8.35229,8.35236,8.84519,355.0,1.0000,0.6762,0.0000,0.4741,9.2594,0.000,unity
2.1000,0.00000,1.0000,0.0000,8.41652,8.41659,8.91112,353.8,1.0000,0.6740,0.0000,0.4741,9.4277,0.000,unity
2.1200,0.00000,1.0000,0.0000,8.48052,8.48059,8.97680,352.6,1.0000,0.6717,0.0000,0.4741,9.5973,0.000,unity
2.1400,0.00000,1.0000,0.0000,8.54430,8.54436,9.04224,336.6,0.9578,0.6695,0.0000,0.4741,9.7682,0.000,unity
2.1600,0.00000,1.0000,0.0000,8.60576,8.60582,9.08438,334.2,0.9156,0.6953,0.0000,0.4741,9.9403,0.000,unity
2.1800,0.00000,1.0000,0.0000,8.66619,8.66625,9.14402,312.9,0.8560,0.6963,0.0000,0.4741,10.1136,0.000,unity
2.2000,0.00000,1.0000,0.0000,8.72351,8.72358,9.17362,318.1,0.8264,0.7333,0.0000,0.4741,10.2881,0.000,unity
2.2200,0.00000,1.0000,0.0000,8.78065,8.78071,9.24019,287.5,0.7598,0.7207,0.0000,0.4741,10.4637,0.000,unity
2.2400,0.00000,1.0000,0.0000,8.83371,8.83378,9.25134,305.2,0.7487,0.7766,0.0000,0.4741,10.6403,0.000,unity
2.2600,0.00000,1.0000,0.0000,8.88792,8.88798,9.33250,259.5,0.6675,0.7406,0.0000,0.4741,10.8181,0.000,unity
2.2800,0.00000,1.0000,0.0000,8.93651,8.93657,9.31673,296.5,0.6833,0.8265,0.0000,0.4741,10.9967,0.000,unity
2.3000,0.00000,1.0000,0.0000,8.98823,8.98829,9.42291,228.4,0.5771,0.7538,0.0000,0.4741,11.1765,0.000,unity
2.3200,0.00000,1.0000,0.0000,9.03212,9.03218,9.36908,292.9,0.6309,0.8841,0.0000,0.4741,11.3571,0.000,unity
2.3400,0.00000,1.0000,0.0000,9.08191,9.08196,9.51352,193.6,0.4865,0.7579,0.0000,0.4741,11.5387,0.000,unity
2.3600,0.00000,1.0000,0.0000,9.12083,9.12089,9.40811,295.3,0.5919,0.9504,0.0000,0.4741,11.7210,0.000,unity
2.3800,0.00000,1.0000,0.0000,9.16934,9.16939,9.60632,155.2,0.3937,0.7508,0.0000,0.4741,11.9044,0.000,unity
2.4000,0.00000,1.0000,0.0000,9.20311,9.20316,9.43436,297.0,0.5656,1.0000,0.0000,0.4741,12.0884,0.000,unity
2.4200,0.00000,1.0000,0.0000,9.25003,9.25007,9.69080,121.0,0.3092,0.7457,0.0000,0.4741,12.2733,0.000,unity
2.4400,0.00000,1.0000,0.0000,9.27923,9.27927,9.45987,283.6,0.5401,1.0000,0.0000,0.4741,12.4588,0.000,unity
2.4600,0.00000,1.0000,0.0000,9.32264,9.32268,9.74467,103.3,0.2553,0.7707,0.0000,0.4741,12.6452,0.000,unity
2.4800,0.00000,1.0000,0.0000,9.34885,9.34888,9.50282,261.0,0.4972,1.0000,0.0000,0.4741,12.8321,0.000,unity
2.5000,0.00000,1.0000,0.0000,9.38826,9.38829,9.77771,95.0,0.2223,0.8141,0.0000,0.4741,13.0198,0.000,unity
2.5200,0.00000,1.0000,0.0000,9.41233,9.41236,9.55365,234.3,0.4463,1.0000,0.0000,0.4741,13.2080,0.000,unity
2.5400,0.00000,1.0000,0.0000,9.44764,9.44766,9.79802,91.9,0.2020,0.8662,0.0000,0.4741,13.3969,0.000,unity
2.5600,0.00000,1.0000,0.0000,9.47006,9.47008,9.60646,206.6,0.3935,1.0000,0.0000,0.4741,13.5862,0.000,unity
2.5800,0.00000,1.0000,0.0000,9.50137,9.50140,9.81077,91.5,0.1892,0.9208,0.0000,0.4741,13.7762,0.000,unity
2.6000,0.00000,1.0000,0.0000,9.52246,9.52248,9.65818,179.5,0.3418,1.0000,0.0000,0.4741,13.9666,0.000,unity
2.6200,0.00000,1.0000,0.0000,9.55003,9.55004,9.81893,92.7,0.1811,0.9748,0.0000,0.4741,14.1575,0.000,unity
2.6400,0.00000,1.0000,0.0000,9.57000,9.57002,9.70743,153.6,0.2926,1.0000,0.0000,0.4741,14.3488,0.000,unity
2.6600,0.00000,1.0000,0.0000,9.59408,9.59409,9.82408,92.4,0.1759,1.0000,0.0000,0.4741,14.5407,0.000,unity
2.6800,0.00000,1.0000,0.0000,9.61278,9.61280,9.74959,131.5,0.2504,1.0000,0.0000,0.4741,14.7329,0.000,unity
2.7000,0.00000,1.0000,0.0000,9.63382,9.63384,9.83026,89.1,0.1697,1.0000,0.0000,0.4741,14.9255,0.000,unity
2.7200,0.00000,1.0000,0.0000,9.65103,9.65104,9.78269,114.1,0.2173,1.0000,0.0000,0.4741,15.1184,0.000,unity
2.7400,0.00000,1.0000,0.0000,9.66955,9.66956,9.83942,84.3,0.1606,1.0000,0.0000,0.4741,15.3118,0.000,unity
2.7600,0.00000,1.0000,0.0000,9.68526,9.68527,9.80935,100.1,0.1907,1.0000,0.0000,0.4741,15.5054,0.000,unity
2.7800,0.00000,1.0000,0.0000,9.70164,9.70164,9.84995,78.8,0.1500,1.0000,0.0000,0.4741,15.6994,0.000,unity
2.8000,0.00000,1.0000,0.0000,9.71592,9.71592,9.83132,88.6,0.1687,1.0000,0.0000,0.4741,15.8937,0.000,unity
2.8200,0.00000,1.0000,0.0000,9.73047,9.73047,9.86091,73.0,0.1391,1.0000,0.0000,0.4741,16.0883,0.000,unity
2.8400,0.00000,1.0000,0.0000,9.74340,9.74341,9.84975,78.9,0.1503,1.0000,0.0000,0.4741,16.2831,0.000,unity
2.8600,0.00000,1.0000,0.0000,9.75636,9.75636,9.87172,67.3,0.1283,1.0000,0.0000,0.4741,16.4782,0.000,unity
2.8800,0.00000,1.0000,0.0000,9.76805,9.76806,9.86544,70.6,0.1346,1.0000,0.0000,0.4741,16.6735,0.000,unity
2.9000,0.00000,1.0000,0.0000,9.77961,9.77962,9.88206,61.9,0.1179,1.0000,0.0000,0.4741,16.8691,0.000,unity
2.9200,0.00000,1.0000,0.0000,9.79016,9.79017,9.87896,63.5,0.1210,1.0000,0.0000,0.4741,17.0648,0.000,unity
2.9400,0.00000,1.0000,0.0000,9.80050,9.80050,9.89177,56.8,0.1082,1.0000,0.0000,0.4741,17.2608,0.000,unity
2.9600,0.00000,1.0000,0.0000,9.81001,9.81002,9.89071,57.4,0.1093,1.0000,0.0000,0.4741,17.4570,0.000,unity
2.9800,0.00000,1.0000,0.0000,9.81926,9.81926,9.90076,52.1,0.0992,1.0000,0.0000,0.4741,17.6534,0.000,unity
3.0000,0.00000,1.0000,0.0000,9.82783,9.82783,9.90101,52.0,0.0990,1.0000,0.0000,0.4741,17.8499,0.000,unity
3.0200,0.00000,1.0000,0.0000,9.83611,9.83611,9.90902,47.8,0.0910,1.0000,0.0000,0.4741,18.0466,0.000,unity
3.0400,0.00000,1.0000,0.0000,9.84382,9.84382,9.91006,47.2,0.0899,1.0000,0.0000,0.4741,18.2435,0.000,unity
3.0600,0.00000,1.0000,0.0000,9.85125,9.85125,9.91657,43.8,0.0834,1.0000,0.0000,0.4741,18.4405,0.000,unity
3.0800,0.00000,1.0000,0.0000,9.85820,9.85820,9.91807,43.0,0.0819,1.0000,0.0000,0.4741,18.6376,0.000,unity
3.1000,0.00000,1.0000,0.0000,9.86486,9.86486,9.92343,40.2,0.0766,1.0000,0.0000,0.4741,18.8349,0.000,unity
3.1200,0.00000,1.0000,0.0000,9.87111,9.87111,9.92519,39.3,0.0748,1.0000,0.0000,0.4741,19.0323,0.000,unity
3.1400,0.00000,1.0000,0.0000,9.87709,9.87709,9.92966,36.9,0.0703,1.0000,0.0000,0.4741,19.2298,0.000,unity
3.1600,0.00000,1.0000,0.0000,9.88271,9.88271,9.93152,36.0,0.0685,1.0000,0.0000,0.4741,19.4275,0.000,unity
3.1800,0.00000,1.0000,0.0000,9.88808,9.88808,9.93529,34.0,0.0647,1.0000,0.0000,0.4741,19.6252,0.000,unity
3.2000,0.00000,1.0000,0.0000,9.89314,9.89314,9.93715,33.0,0.0628,1.0000,0.0000,0.4741,19.8231,0.000,unity
3.2200,0.00000,1.0000,0.0000,9.89797,9.89797,9.94038,31.3,0.0596,1.0000,0.0000,0.4741,20.0210,0.000,unity
3.2400,0.00000,1.0000,0.0000,9.90252,9.90252,9.94220,30.3,0.0578,1.0000,0.0000,0.4741,20.2191,0.000,unity
3.2600,0.00000,1.0000,0.0000,9.90685,9.90685,9.94497,28.9,0.0550,1.0000,0.0000,0.4741,20.4172,0.000,unity
3.2800,0.00000,1.0000,0.0000,9.91095,9.91095,9.94670,28.0,0.0533,1.0000,0.0000,0.4741,20.6154,0.000,unity
3.3000,0.00000,1.0000,0.0000,9.91485,9.91485,9.94911,26.7,0.0509,1.0000,0.0000,0.4741,20.8137,0.000,unity
3.3200,0.00000,1.0000,0.0000,9.91852,9.91853,9.95074,25.9,0.0493,1.0000,0.0000,0.4741,21.0120,0.000,unity
3.3400,0.00000,1.0000,0.0000,9.92203,9.92203,9.95284,24.8,0.0472,1.0000,0.0000,0.4741,21.2105,0.000,unity
3.3600,0.00000,1.0000,0.0000,9.92534,9.92534,9.95436,24.0,0.0456,1.0000,0.0000,0.4741,21.4090,0.000,unity
3.3800,0.00000,1.0000,0.0000,9.92849,9.92849,9.95620,23.0,0.0438,1.0000,0.0000,0.4741,21.6075,0.000,unity
3.4000,0.00000,1.0000,0.0000,9.93147,9.93147,9.95760,22.3,0.0424,1.0000,0.0000,0.4741,21.8062,0.000,unity
3.4200,0.00000,1.0000,0.0000,9.93430,9.93430,9.95922,21.4,0.0408,1.0000,0.0000,0.4741,22.0048,0.000,unity
3.4400,0.00000,1.0000,0.0000,9.93698,9.93698,9.96051,20.7,0.0395,1.0000,0.0000,0.4741,22.2036,0.000,unity
3.4600,0.00000,1.0000,0.0000,9.93953,9.93953,9.96194,20.0,0.0381,1.0000,0.0000,0.4741,22.4024,0.000,unity
3.4800,0.00000,1.0000,0.0000,9.94194,9.94194,9.96312,19.4,0.0369,1.0000,0.0000,0.4741,22.6012,0.000,unity
3.5000,0.00000,1.0000,0.0000,9.94423,9.94423,9.96440,18.7,0.0356,1.0000,0.0000,0.4741,22.8001,0.000,unity
3.5200,0.00000,1.0000,0.0000,9.94641,9.94641,9.96548,18.1,0.0345,1.0000,0.0000,0.4741,22.9990,0.000,unity
3.5400,0.00000,1.0000,0.0000,9.94846,9.94846,9.96660,17.5,0.0334,1.0000,0.0000,0.4741,23.1980,0.000,unity
3.5600,0.00000,1.0000,0.0000,9.95042,9.95042,9.96758,17.0,0.0324,1.0000,0.0000,0.4741,23.3970,0.000,unity
3.5800,0.00000,1.0000,0.0000,9.95227,9.95227,9.96859,16.5,0.0314,1.0000,0.0000,0.4741,23.5960,0.000,unity
3.6000,0.00000,1.0000,0.0000,9.95403,9.95403,9.96948,16.0,0.0305,1.0000,0.0000,0.4741,23.7951,0.000,unity
3.6200,0.00000,1.0000,0.0000,9.95570,9.95570,9.97038,15.6,0.0296,1.0000,0.0000,0.4741,23.9942,0.000,unity
3.6400,0.00000,1.0000,0.0000,9.95728,9.95728,9.97119,15.1,0.0288,1.0000,0.0000,0.4741,24.1933,0.000,unity
3.6600,0.00000,1.0000,0.0000,9.95878,9.95878,9.97199,14.7,0.0280,1.0000,0.0000,0.4741,24.3925,0.000,unity
3.6800,0.00000,1.0000,0.0000,9.96020,9.96020,9.97272,14.3,0.0273,1.0000,0.0000,0.4741,24.5917,0.000,unity
3.7000,0.00000,1.0000,0.0000,9.96155,9.96155,9.97343,13.9,0.0266,1.0000,0.0000,0.4741,24.7909,0.000,unity
3.7200,0.00000,1.0000,0.0000,9.96282,9.96282,9.97409,13.6,0.0259,1.0000,0.0000,0.4741,24.9902,0.000,unity
3.7400,0.00000,1.0000,0.0000,9.96404,9.96404,9.97473,13.3,0.0253,1.0000,0.0000,0.4741,25.1895,0.000,unity
3.7600,0.00000,1.0000,0.0000,9.96519,9.96519,9.97533,13.0,0.0247,1.0000,0.0000,0.4741,25.3888,0.000,unity
3.7800,0.00000,1.0000,0.0000,9.96628,9.96628,9.97590,12.7,0.0241,1.0000,0.0000,0.4741,25.5881,0.000,unity
3.8000,0.00000,1.0000,0.0000,9.96731,9.96731,9.97644,12.4,0.0236,1.0000,0.0000,0.4741,25.7874,0.000,unity
3.8200,0.00000,1.0000,0.0000,9.96830,9.96830,9.97695,12.1,0.0230,1.0000,0.0000,0.4741,25.9868,0.000,unity
3.8400,0.00000,1.0000,0.0000,9.96923,9.96923,9.97744,11.8,0.0226,1.0000,0.0000,0.4741,26.1862,0.000,unity
3.8600,0.00000,1.0000,0.0000,9.97010,9.97010,9.97790,11.6,0.0221,1.0000,0.0000,0.4741,26.3856,0.000,unity
3.8800,0.00000,1.0000,0.0000,9.97094,9.97094,9.97834,11.4,0.0217,1.0000,0.0000,0.4741,26.5850,0.000,unity
3.9000,0.00000,1.0000,0.0000,9.97174,9.97174,9.97876,11.2,0.0212,1.0000,0.0000,0.4741,26.7844,0.000,unity
3.9200,0.00000,1.0000,0.0000,9.97249,9.97249,9.97915,10.9,0.0209,1.0000,0.0000,0.4741,26.9839,0.000,unity
3.9400,0.00000,1.0000,0.0000,9.97321,9.97321,9.97953,10.7,0.0205,1.0000,0.0000,0.4741,27.1833,0.000,unity
3.9600,0.00000,1.0000,0.0000,9.97389,9.97389,9.97988,10.6,0.0201,1.0000,0.0000,0.4741,27.3828,0.000,unity
3.9800,0.00000,1.0000,0.0000,9.97454,9.97454,9.98022,10.4,0.0198,1.0000,0.0000,0.4741,27.5823,0.000,unity
4.0000,0.00000,1.0000,0.0000,9.97516,9.97516,9.98054,10.2,0.0195,1.0000,0.0000,0.4741,27.7818,0.000,unity
4.0200,0.00000,1.0000,0.0000,9.97574,9.97574,9.98085,10.1,0.0192,1.0000,0.0000,0.4741,27.9813,0.000,unity
4.0400,0.00000,1.0000,0.0000,9.97630,9.97630,9.98113,9.9,0.0189,1.0000,0.0000,0.4741,28.1808,0.000,unity
4.0600,0.00000,1.0000,0.0000,9.97682,9.97682,9.98141,9.8,0.0186,1.0000,0.0000,0.4741,28.3804,0.000,unity
4.0800,0.00000,1.0000,0.0000,9.97732,9.97732,9.98167,9.6,0.0183,1.0000,0.0000,0.4741,28.5799,0.000,unity
4.1000,0.00000,1.0000,0.0000,9.97779,9.97779,9.98191,9.5,0.0181,1.0000,0.0000,0.4741,28.7795,0.000,unity
4.1200,0.00000,1.0000,0.0000,9.97823,9.97823,9.98214,9.4,0.0179,1.0000,0.0000,0.4741,28.9790,0.000,unity
4.1400,0.00000,1.0000,0.0000,9.97865,9.97865,9.98236,9.3,0.0176,1.0000,0.0000,0.4741,29.1786,0.000,unity
4.1600,0.00000,1.0000,0.0000,9.97905,9.97905,9.98257,9.1,0.0174,1.0000,0.0000,0.4741,29.3782,0.000,unity
4.1800,0.00000,1.0000,0.0000,9.97943,9.97943,9.98277,9.0,0.0172,1.0000,0.0000,0.4741,29.5778,0.000,unity
4.2000,0.00000,1.0000,0.0000,9.97979,9.97979,9.98296,8.9,0.0170,1.0000,0.0000,0.4741,29.7774,0.000,unity
4.2200,0.00000,1.0000,0.0000,9.98014,9.98014,9.98314,8.9,0.0169,1.0000,0.0000,0.4741,29.9770,0.000,unity
4.2400,0.00000,1.0000,0.0000,9.98045,9.98045,9.98330,8.8,0.0167,1.0000,0.0000,0.4741,30.1766,0.000,unity
4.2600,0.00000,1.0000,0.0000,9.98076,9.98076,9.98347,8.7,0.0165,1.0000,0.0000,0.4741,30.3762,0.000,unity
4.2800,0.00000,1.0000,0.0000,9.98104,9.98104,9.98361,8.6,0.0164,1.0000,0.0000,0.4741,30.5758,0.000,unity
4.3000,0.00000,1.0000,0.0000,9.98132,9.98132,9.98376,8.5,0.0162,1.0000,0.0000,0.4741,30.7754,0.000,unity
4.3200,0.00000,1.0000,0.0000,9.98157,9.98157,9.98389,8.5,0.0161,1.0000,0.0000,0.4741,30.9751,0.000,unity
4.3400,0.00000,1.0000,0.0000,9.98182,9.98182,9.98403,8.4,0.0160,1.0000,0.0000,0.4741,31.1747,0.000,unity
4.3600,0.00000,1.0000,0.0000,9.98207,9.98207,9.98414,8.3,0.0159,1.0000,0.0000,0.4741,31.3744,0.000,unity
4.3800,0.00000,1.0000,0.0000,9.98229,9.98229,9.98427,8.3,0.0157,1.0000,0.0000,0.4741,31.5740,0.000,unity
4.4000,0.00000,1.0000,0.0000,9.98251,9.98251,9.98438,8.2,0.0156,1.0000,0.0000,0.4741,31.7736,0.000,unity
4.4200,0.00000,1.0000,0.0000,9.98270,9.98270,9.98448,8.2,0.0155,1.0000,0.0000,0.4741,31.9733,0.000,unity
4.4400,0.00000,1.0000,0.0000,9.98288,9.98288,9.98457,8.1,0.0154,1.0000,0.0000,0.4741,32.1730,0.000,unity
4.4600,0.00000,1.0000,0.0000,9.98307,9.98307,9.98467,8.0,0.0153,1.0000,0.0000,0.4741,32.3726,0.000,unity
4.4800,0.00000,1.0000,0.0000,9.98325,9.98325,9.98476,8.0,0.0152,1.0000,0.0000,0.4741,32.5723,0.000,unity
4.5000,0.00000,1.0000,0.0000,9.98341,9.98341,9.98485,8.0,0.0152,1.0000,0.0000,0.4741,32.7720,0.000,unity
4.5200,0.00000,1.0000,0.0000,9.98356,9.98356,9.98493,7.9,0.0151,1.0000,0.0000,0.4741,32.9716,0.000,unity
4.5400,0.00000,1.0000,0.0000,9.98372,9.98372,9.98501,7.9,0.0150,1.0000,0.0000,0.4741,33.1713,0.000,unity
4.5600,0.00000,1.0000,0.0000,9.98384,9.98384,9.98507,7.8,0.0149,1.0000,0.0000,0.4741,33.3710,0.000,unity
4.5800,0.00000,1.0000,0.0000,9.98397,9.98397,9.98514,7.8,0.0149,1.0000,0.0000,0.4741,33.5707,0.000,unity
4.6000,0.00000,1.0000,0.0000,9.98410,9.98410,9.98521,7.8,0.0148,1.0000,0.0000,0.4741,33.7703,0.000,unity
4.6200,0.00000,1.0000,0.0000,9.98422,9.98422,9.98528,7.7,0.0147,1.0000,0.0000,0.4741,33.9700,0.000,unity
4.6400,0.00000,1.0000,0.0000,9.98434,9.98434,9.98533,7.7,0.0147,1.0000,0.0000,0.4741,34.1697,0.000,unity
4.6600,0.00000,1.0000,0.0000,9.98444,9.98444,9.98538,7.7,0.0146,1.0000,0.0000,0.4741,34.3694,0.000,unity
4.6800,0.00000,1.0000,0.0000,9.98453,9.98453,9.98543,7.6,0.0146,1.0000,0.0000,0.4741,34.5691,0.000,unity
4.7000,0.00000,1.0000,0.0000,9.98463,9.98463,9.98548,7.6,0.0145,1.0000,0.0000,0.4741,34.7688,0.000,unity
4.7200,0.00000,1.0000,0.0000,9.98472,9.98472,9.98553,7.6,0.0145,1.0000,0.0000,0.4741,34.9685,0.000,unity
4.7400,0.00000,1.0000,0.0000,9.98481,9.98481,9.98558,7.6,0.0144,1.0000,0.0000,0.4741,35.1682,0.000,unity
4.7600,0.00000,1.0000,0.0000,9.98491,9.98491,9.98563,7.5,0.0144,1.0000,0.0000,0.4741,35.3679,0.000,unity
4.7800,0.00000,1.0000,0.0000,9.98497,9.98497,9.98566,7.5,0.0143,1.0000,0.0000,0.4741,35.5676,0.000,unity
4.8000,0.00000,1.0000,0.0000,9.98504,9.98504,9.98570,7.5,0.0143,1.0000,0.0000,0.4741,35.7673,0.000,unity
4.8200,0.00000,1.0000,0.0000,9.98510,9.98510,9.98573,7.5,0.0143,1.0000,0.0000,0.4741,35.9670,0.000,unity
4.8400,0.00000,1.0000,0.0000,9.98516,9.98516,9.98577,7.5,0.0142,1.0000,0.0000,0.4741,36.1667,0.000,unity
4.8600,0.00000,1.0000,0.0000,9.98523,9.98523,9.98579,7.5,0.0142,1.0000,0.0000,0.4741,36.3664,0.000,unity
4.8800,0.00000,1.0000,0.0000,9.98529,9.98529,9.98583,7.4,0.0142,1.0000,0.0000,0.4741,36.5661,0.000,unity
4.9000,0.00000,1.0000,0.0000,9.98535,9.98535,9.98586,7.4,0.0141,1.0000,0.0000,0.4741,36.7658,0.000,unity
4.9200,0.00000,1.0000,0.0000,9.98541,9.98541,9.98589,7.4,0.0141,1.0000,0.0000,0.4741,36.9655,0.000,unity
4.9400,0.00000,1.0000,0.0000,9.98547,9.98547,9.98592,7.4,0.0141,1.0000,0.0000,0.4741,37.1652,0.000,unity
4.9600,0.00000,1.0000,0.0000,9.98553,9.98553,9.98596,7.4,0.0140,1.0000,0.0000,0.4741,37.3649,0.000,unity
4.9800,0.00000,1.0000,0.0000,9.98557,9.98557,9.98597,7.4,0.0140,1.0000,0.0000,0.4741,37.5646,0.000,unity
5.0000,0.00000,1.0000,0.0000,9.98560,9.98560,9.98599,7.4,0.0140,1.0000,0.0000,0.4741,37.7643,0.000,unity
5.0200,0.00000,1.0000,0.0000,9.98563,9.98563,9.98601,7.3,0.0140,1.0000,0.0000,0.4741,37.9640,0.000,unity
5.0400,0.00000,1.0000,0.0000,9.98566,9.98566,9.98602,7.3,0.0140,1.0000,0.0000,0.4741,38.1638,0.000,unity
5.0600,0.00000,1.0000,0.0000,9.98570,9.98570,9.98604,7.3,0.0140,1.0000,0.0000,0.4741,38.3635,0.000,unity
5.0800,0.00000,1.0000,0.0000,9.98573,9.98573,9.98606,7.3,0.0139,1.0000,0.0000,0.4741,38.5632,0.000,unity
5.1000,0.00000,1.0000,0.0000,9.98576,9.98576,9.98607,7.3,0.0139,1.0000,0.0000,0.4741,38.7629,0.000,unity
5.1200,0.00000,1.0000,0.0000,9.98579,9.98579,9.98609,7.3,0.0139,1.0000,0.0000,0.4741,38.9626,0.000,unity
5.1400,0.00000,1.0000,0.0000,9.98582,9.98582,9.98611,7.3,0.0139,1.0000,0.0000,0.4741,39.1623,0.000,unity
5.1600,0.00000,1.0000,0.0000,9.98585,9.98585,9.98612,7.3,0.0139,1.0000,0.0000,0.4741,39.3621,0.000,unity
5.1800,0.00000,1.0000,0.0000,9.98589,9.98589,9.98614,7.3,0.0139,1.0000,0.0000,0.4741,39.5618,0.000,unity
5.2000,0.00000,1.0000,0.0000,9.98592,9.98592,9.98616,7.3,0.0138,1.0000,0.0000,0.4741,39.7615,0.000,unity
5.2200,0.00000,1.0000,0.0000,9.98595,9.98595,9.98617,7.3,0.0138,1.0000,0.0000,0.4741,39.9612,0.000,unity
5.2400,0.00000,1.0000,0.0000,9.98598,9.98598,9.98619,7.3,0.0138,1.0000,0.0000,0.4741,40.1609,0.000,unity
5.2600,0.00000,1.0000,0.0000,9.98601,9.98601,9.98620,7.2,0.0138,1.0000,0.0000,0.4741,40.3606,0.000,unity
5.2800,0.00000,1.0000,0.0000,9.98604,9.98604,9.98622,7.2,0.0138,1.0000,0.0000,0.4741,40.5604,0.000,unity
5.3000,0.00000,1.0000,0.0000,9.98607,9.98607,9.98623,7.2,0.0138,1.0000,0.0000,0.4741,40.7601,0.000,unity
5.3200,0.00000,1.0000,0.0000,9.98610,9.98610,9.98625,7.2,0.0138,1.0000,0.0000,0.4741,40.9598,0.000,unity
5.3400,0.00000,1.0000,0.0000,9.98613,9.98613,9.98627,7.2,0.0137,1.0000,0.0000,0.4741,41.1595,0.000,unity
5.3600,0.00000,1.0000,0.0000,9.98613,9.98613,9.98626,7.2,0.0137,1.0000,0.0000,0.4741,41.3593,0.000,unity
5.3800,0.00000,1.0000,0.0000,9.98614,9.98614,9.98627,7.2,0.0137,1.0000,0.0000,0.4741,41.5590,0.000,unity
5.4000,0.00000,1.0000,0.0000,9.98614,9.98614,9.98626,7.2,0.0137,1.0000,0.0000,0.4741,41.7587,0.000,unity
5.4200,0.00000,1.0000,0.0000,9.98614,9.98614,9.98628,7.2,0.0137,1.0000,0.0000,0.4741,41.9584,0.000,unity
5.4400,0.00000,1.0000,0.0000,9.98614,9.98614,9.98627,7.2,0.0137,1.0000,0.0000,0.4741,42.1581,0.000,unity
5.4600,0.00000,1.0000,0.0000,9.98614,9.98614,9.98628,7.2,0.0137,1.0000,0.0000,0.4741,42.3579,0.000,unity
5.4800,0.00000,1.0000,0.0000,9.98614,9.98614,9.98627,7.2,0.0137,1.0000,0.0000,0.4741,42.5576,0.000,unity
5.5000,0.00000,1.0000,0.0000,9.98615,9.98615,9.98628,7.2,0.0137,1.0000,0.0000,0.4741,42.7573,0.000,unity
5.5200,0.00000,1.0000,0.0000,9.98615,9.98615,9.98627,7.2,0.0137,1.0000,0.0000,0.4741,42.9570,0.000,unity
5.5400,0.00000,1.0000,0.0000,9.98615,9.98615,9.98628,7.2,0.0137,1.0000,0.0000,0.4741,43.1568,0.000,unity
5.5600,0.00000,1.0000,0.0000,9.98615,9.98615,9.98627,7.2,0.0137,1.0000,0.0000,0.4741,43.3565,0.000,unity
5.5800,0.00000,1.0000,0.0000,9.98615,9.98615,9.98628,7.2,0.0137,1.0000,0.0000,0.4741,43.5562,0.000,unity
5.6000,0.00000,1.0000,0.0000,9.98616,9.98616,9.98628,7.2,0.0137,1.0000,0.0000,0.4741,43.7559,0.000,unity
5.6200,0.00000,1.0000,0.0000,9.98616,9.98616,9.98628,7.2,0.0137,1.0000,0.0000,0.4741,43.9556,0.000,unity
5.6400,0.00000,1.0000,0.0000,9.98616,9.98616,9.98628,7.2,0.0137,1.0000,0.0000,0.4741,44.1554,0.000,unity
5.6600,0.00000,1.0000,0.0000,9.98616,9.98616,9.98628,7.2,0.0137,1.0000,0.0000,0.4741,44.3551,0.000,unity
5.6800,0.00000,1.0000,0.0000,9.98616,9.98616,9.98628,7.2,0.0137,1.0000,0.0000,0.4741,44.5548,0.000,unity
5.7000,0.00000,1.0000,0.0000,9.98617,9.98617,9.98629,7.2,0.0137,1.0000,0.0000,0.4741,44.7545,0.000,unity
5.7200,0.00000,1.0000,0.0000,9.98617,9.98617,9.98628,7.2,0.0137,1.0000,0.0000,0.4741,44.9543,0.000,unity
5.7400,0.00000,1.0000,0.0000,9.98617,9.98617,9.98629,7.2,0.0137,1.0000,0.0000,0.4741,45.1540,0.000,unity
5.7600,0.00000,1.0000,0.0000,9.98617,9.98617,9.98628,7.2,0.0137,1.0000,0.0000,0.4741,45.3537,0.000,unity
5.7800,0.00000,1.0000,0.0000,9.98617,9.98617,9.98629,7.2,0.0137,1.0000,0.0000,0.4741,45.5534,0.000,unity
5.8000,0.00000,1.0000,0.0000,9.98617,9.98617,9.98629,7.2,0.0137,1.0000,0.0000,0.4741,45.7531,0.000,unity
5.8200,0.00000,1.0000,0.0000,9.98617,9.98617,9.98629,7.2,0.0137,1.0000,0.0000,0.4741,45.9529,0.000,unity
5.8400,0.00000,1.0000,0.0000,9.98618,9.98618,9.98629,7.2,0.0137,1.0000,0.0000,0.4741,46.1526,0.000,unity
5.8600,0.00000,1.0000,0.0000,9.98618,9.98618,9.98629,7.2,0.0137,1.0000,0.0000,0.4741,46.3523,0.000,unity
5.8800,0.00000,1.0000,0.0000,9.98618,9.98618,9.98629,7.2,0.0137,1.0000,0.0000,0.4741,46.5520,0.000,unity
5.9000,0.00000,1.0000,0.0000,9.98618,9.98618,9.98629,7.2,0.0137,1.0000,0.0000,0.4741,46.7518,0.000,unity
5.9200,0.00000,1.0000,0.0000,9.98618,9.98618,9.98629,7.2,0.0137,1.0000,0.0000,0.4741,46.9515,0.000,unity
5.9400,0.00000,1.0000,0.0000,9.98618,9.98618,9.98629,7.2,0.0137,1.0000,0.0000,0.4741,47.1512,0.000,unity
5.9600,0.00000,1.0000,0.0000,9.98618,9.98618,9.98629,7.2,0.0137,1.0000,0.0000,0.4741,47.3509,0.000,unity
5.9800,0.00000,1.0000,0.0000,9.98618,9.98618,9.98629,7.2,0.0137,1.0000,0.0000,0.4741,47.5506,0.000,unity
6.0000,0.00000,1.0000,0.0000,9.98618,9.98618,9.98629,7.2,0.0137,1.0000,0.0000,0.4741,47.7504,0.000,unity
6.0200,0.00000,1.0000,0.0000,9.98618,9.98618,9.98629,7.2,0.0137,1.0000,0.0000,0.4741,47.9501,0.000,unity
6.0400,0.00000,1.0000,0.0000,9.98619,9.98619,9.98630,7.2,0.0137,1.0000,0.0000,0.4741,48.1498,0.000,unity
6.0600,0.00000,1.0000,0.0000,9.98619,9.98619,9.98629,7.2,0.0137,1.0000,0.0000,0.4741,48.3495,0.000,unity
6.0800,0.00000,1.0000,0.0000,9.98619,9.98619,9.98630,7.2,0.0137,1.0000,0.0000,0.4741,48.5493,0.000,unity
6.1000,0.00000,1.0000,0.0000,9.98619,9.98619,9.98629,7.2,0.0137,1.0000,0.0000,0.4741,48.7490,0.000,unity
6.1200,0.00000,1.0000,0.0000,9.98619,9.98619,9.98630,7.2,0.0137,1.0000,0.0000,0.4741,48.9487,0.000,unity
6.1400,0.00000,1.0000,0.0000,9.98619,9.98619,9.98629,7.2,0.0137,1.0000,0.0000,0.4741,49.1484,0.000,unity
6.1600,0.00000,1.0000,0.0000,9.98619,9.98619,9.98630,7.2,0.0137,1.0000,0.0000,0.4741,49.3481,0.000,unity
6.1800,0.00000,1.0000,0.0000,9.98619,9.98619,9.98630,7.2,0.0137,1.0000,0.0000,0.4741,49.5479,0.000,unity
6.2000,0.00000,1.0000,0.0000,9.98619,9.98619,9.98630,7.2,0.0137,1.0000,0.0000,0.4741,49.7476,0.000,unity
6.2200,0.00000,1.0000,0.0000,9.98619,9.98619,9.98630,7.2,0.0137,1.0000,0.0000,0.4741,49.9473,0.000,unity
6.2400,0.00000,1.0000,0.0000,9.98620,9.98620,9.98630,7.2,0.0137,1.0000,0.0000,0.4741,50.1470,0.000,unity
6.2600,0.00000,1.0000,0.0000,9.98620,9.98620,9.98630,7.2,0.0137,1.0000,0.0000,0.4741,50.3468,0.000,unity
6.2800,0.00000,1.0000,0.0000,9.98620,9.98620,9.98630,7.2,0.0137,1.0000,0.0000,0.4741,50.5465,0.000,unity
6.3000,0.00000,1.0000,0.0000,9.98620,9.98620,9.98630,7.2,0.0137,1.0000,0.0000,0.4741,50.7462,0.000,unity
6.3200,0.00000,1.0000,0.0000,9.98620,9.98620,9.98630,7.2,0.0137,1.0000,0.0000,0.4741,50.9459,0.000,unity
6.3400,0.00000,1.0000,0.0000,9.98620,9.98620,9.98630,7.2,0.0137,1.0000,0.0000,0.4741,51.1457,0.000,unity
6.3600,0.00000,1.0000,0.0000,9.98620,9.98620,9.98630,7.2,0.0137,1.0000,0.0000,0.4741,51.3454,0.000,unity
6.3800,0.00000,1.0000,0.0000,9.98620,9.98620,9.98630,7.2,0.0137,1.0000,0.0000,0.4741,51.5451,0.000,unity
6.4000,0.00000,1.0000,0.0000,9.98620,9.98620,9.98630,7.2,0.0137,1.0000,0.0000,0.4741,51.7448,0.000,unity
6.4200,0.00000,1.0000,0.0000,9.98620,9.98620,9.98630,7.2,0.0137,1.0000,0.0000,0.4741,51.9445,0.000,unity
6.4400,0.00000,1.0000,0.0000,9.98620,9.98620,9.98630,7.2,0.0137,1.0000,0.0000,0.4741,52.1443,0.000,unity
6.4600,0.00000,1.0000,0.0000,9.98621,9.98621,9.98630,7.2,0.0137,1.0000,0.0000,0.4741,52.3440,0.000,unity
6.4800,0.00000,1.0000,0.0000,9.98621,9.98621,9.98630,7.2,0.0137,1.0000,0.0000,0.4741,52.5437,0.000,unity
6.5000,0.00000,1.0000,0.0000,9.98621,9.98621,9.98630,7.2,0.0137,1.0000,0.0000,0.4741,52.7434,0.000,unity
6.5200,0.00000,1.0000,0.0000,9.98621,9.98621,9.98631,7.2,0.0137,1.0000,0.0000,0.4741,52.9432,0.000,unity
6.5400,0.00000,1.0000,0.0000,9.98621,9.98621,9.98630,7.2,0.0137,1.0000,0.0000,0.4741,53.1429,0.000,unity
6.5600,0.00000,1.0000,0.0000,9.98621,9.98621,9.98631,7.2,0.0137,1.0000,0.0000,0.4741,53.3426,0.000,unity
6.5800,0.00000,1.0000,0.0000,9.98621,9.98621,9.98631,7.2,0.0137,1.0000,0.0000,0.4741,53.5423,0.000,unity
6.6000,0.00000,1.0000,0.0000,9.98621,9.98621,9.98631,7.2,0.0137,1.0000,0.0000,0.4741,53.7420,0.000,unity
6.6200,0.00000,1.0000,0.0000,9.98621,9.98621,9.98631,7.2,0.0137,1.0000,0.0000,0.4741,53.9418,0.000,unity
6.6400,0.00000,1.0000,0.0000,9.98621,9.98621,9.98631,7.2,0.0137,1.0000,0.0000,0.4741,54.1415,0.000,unity
6.6600,0.00000,1.0000,0.0000,9.98622,9.98622,9.98631,7.2,0.0137,1.0000,0.0000,0.4741,54.3412,0.000,unity
6.6800,0.00000,1.0000,0.0000,9.98622,9.98622,9.98631,7.2,0.0137,1.0000,0.0000,0.4741,54.5409,0.000,unity
6.7000,0.00000,1.0000,0.0000,9.98622,9.98622,9.98631,7.2,0.0137,1.0000,0.0000,0.4741,54.7407,0.000,unity
6.7200,0.00000,1.0000,0.0000,9.98622,9.98622,9.98631,7.2,0.0137,1.0000,0.0000,0.4741,54.9404,0.000,unity
6.7400,0.00000,1.0000,0.0000,9.98622,9.98622,9.98631,7.2,0.0137,1.0000,0.0000,0.4741,55.1401,0.000,unity
6.7600,0.00000,1.0000,0.0000,9.98622,9.98622,9.98631,7.2,0.0137,1.0000,0.0000,0.4741,55.3398,0.000,unity
6.7800,0.00000,1.0000,0.0000,9.98622,9.98622,9.98631,7.2,0.0137,1.0000,0.0000,0.4741,55.5396,0.000,unity
6.8000,0.00000,1.0000,0.0000,9.98622,9.98622,9.98631,7.2,0.0137,1.0000,0.0000,0.4741,55.7393,0.000,unity
6.8200,0.00000,1.0000,0.0000,9.98622,9.98622,9.98631,7.2,0.0137,1.0000,0.0000,0.4741,55.9390,0.000,unity
6.8400,0.00000,1.0000,0.0000,9.98622,9.98622,9.98631,7.2,0.0137,1.0000,0.0000,0.4741,56.1387,0.000,unity
6.8600,0.00000,1.0000,0.0000,9.98622,9.98622,9.98631,7.2,0.0137,1.0000,0.0000,0.4741,56.3385,0.000,unity
6.8800,0.00000,1.0000,0.0000,9.98623,9.98623,9.98631,7.2,0.0137,1.0000,0.0000,0.4741,56.5382,0.000,unity
6.9000,0.00000,1.0000,0.0000,9.98623,9.98623,9.98632,7.2,0.0137,1.0000,0.0000,0.4741,56.7379,0.000,unity
6.9200,0.00000,1.0000,0.0000,9.98623,9.98623,9.98632,7.2,0.0137,1.0000,0.0000,0.4741,56.9376,0.000,unity
6.9400,0.00000,1.0000,0.0000,9.98623,9.98623,9.98632,7.2,0.0137,1.0000,0.0000,0.4741,57.1374,0.000,unity
6.9600,0.00000,1.0000,0.0000,9.98623,9.98623,9.98632,7.2,0.0137,1.0000,0.0000,0.4741,57.3371,0.000,unity
6.9800,0.00000,1.0000,0.0000,9.98623,9.98623,9.98632,7.2,0.0137,1.0000,0.0000,0.4741,57.5368,0.000,unity
7.0000,0.00000,1.0000,0.0000,9.98623,9.98623,9.98632,7.2,0.0137,1.0000,0.0000,0.4741,57.7366,0.000,unity
7.0200,0.00000,1.0000,0.0000,9.98623,9.98623,9.98632,7.2,0.0137,1.0000,0.0000,0.4741,57.9363,0.000,unity
7.0400,0.00000,1.0000,0.0000,9.98623,9.98623,9.98632,7.2,0.0137,1.0000,0.0000,0.4741,58.1360,0.000,unity
7.0600,0.00000,1.0000,0.0000,9.98623,9.98623,9.98632,7.2,0.0137,1.0000,0.0000,0.4741,58.3357,0.000,unity
7.0800,0.00000,1.0000,0.0000,9.98624,9.98624,9.98632,7.2,0.0137,1.0000,0.0000,0.4741,58.5355,0.000,unity
7.1000,0.00000,1.0000,0.0000,9.98624,9.98624,9.98632,7.2,0.0137,1.0000,0.0000,0.4741,58.7352,0.000,unity
7.1200,0.00000,1.0000,0.0000,9.98624,9.98624,9.98632,7.2,0.0137,1.0000,0.0000,0.4741,58.9349,0.000,unity
7.1400,0.00000,1.0000,0.0000,9.98624,9.98624,9.98632,7.2,0.0137,1.0000,0.0000,0.4741,59.1346,0.000,unity
7.1600,0.00000,1.0000,0.0000,9.98624,9.98624,9.98632,7.2,0.0137,1.0000,0.0000,0.4741,59.3344,0.000,unity
7.1800,0.00000,1.0000,0.0000,9.98624,9.98624,9.98632,7.2,0.0137,1.0000,0.0000,0.4741,59.5341,0.000,unity
7.2000,0.00000,1.0000,0.0000,9.98624,9.98624,9.98632,7.2,0.0137,1.0000,0.0000,0.4741,59.7338,0.000,unity
7.2200,0.00000,1.0000,0.0000,9.98624,9.98624,9.98632,7.2,0.0137,1.0000,0.0000,0.4741,59.9335,0.000,unity
7.2400,0.00000,1.0000,0.0000,9.98624,9.98624,9.98632,7.2,0.0137,1.0000,0.0000,0.4741,60.1333,0.000,unity
7.2600,0.00000,1.0000,0.0000,9.98624,9.98624,9.98632,7.2,0.0137,1.0000,0.0000,0.4741,60.3330,0.000,unity
7.2800,0.00000,1.0000,0.0000,9.98624,9.98624,9.98632,7.2,0.0137,1.0000,0.0000,0.4741,60.5327,0.000,unity
7.3000,0.00000,1.0000,0.0000,9.98625,9.98625,9.98633,7.2,0.0137,1.0000,0.0000,0.4741,60.7324,0.000,unity
7.3200,0.00000,1.0000,0.0000,9.98625,9.98625,9.98633,7.2,0.0137,1.0000,0.0000,0.4741,60.9322,0.000,unity
7.3400,0.00000,1.0000,0.0000,9.98625,9.98625,9.98633,7.2,0.0137,1.0000,0.0000,0.4741,61.1319,0.000,unity
7.3600,0.00000,1.0000,0.0000,9.98625,9.98625,9.98633,7.2,0.0137,1.0000,0.0000,0.4741,61.3316,0.000,unity
7.3800,0.00000,1.0000,0.0000,9.98625,9.98625,9.98633,7.2,0.0137,1.0000,0.0000,0.4741,61.5314,0.000,unity
7.4000,0.00000,1.0000,0.0000,9.98625,9.98625,9.98633,7.2,0.0137,1.0000,0.0000,0.4741,61.7311,0.000,unity
7.4200,0.00000,1.0000,0.0000,9.98625,9.98625,9.98633,7.2,0.0137,1.0000,0.0000,0.4741,61.9308,0.000,unity
7.4400,0.00000,1.0000,0.0000,9.98625,9.98625,9.98633,7.2,0.0137,1.0000,0.0000,0.4741,62.1305,0.000,unity
7.4600,0.00000,1.0000,0.0000,9.98625,9.98625,9.98633,7.2,0.0137,1.0000,0.0000,0.4741,62.3303,0.000,unity
7.4800,0.00000,1.0000,0.0000,9.98625,9.98625,9.98633,7.2,0.0137,1.0000,0.0000,0.4741,62.5300,0.000,unity
7.5000,0.00000,1.0000,0.0000,9.98626,9.98626,9.98633,7.2,0.0137,1.0000,0.0000,0.4741,62.7297,0.000,unity
7.5200,0.00000,1.0000,0.0000,9.98626,9.98626,9.98633,7.2,0.0137,1.0000,0.0000,0.4741,62.9294,0.000,unity
7.5400,0.00000,1.0000,0.0000,9.98626,9.98626,9.98633,7.2,0.0137,1.0000,0.0000,0.4741,63.1292,0.000,unity
7.5600,0.00000,1.0000,0.0000,9.98626,9.98626,9.98633,7.2,0.0137,1.0000,0.0000,0.4741,63.3289,0.000,unity
7.5800,0.00000,1.0000,0.0000,9.98626,9.98626,9.98633,7.2,0.0137,1.0000,0.0000,0.4741,63.5286,0.000,unity
7.6000,0.00000,1.0000,0.0000,9.98626,9.98626,9.98633,7.2,0.0137,1.0000,0.0000,0.4741,63.7283,0.000,unity
7.6200,0.00000,1.0000,0.0000,9.98626,9.98626,9.98634,7.2,0.0137,1.0000,0.0000,0.4741,63.9281,0.000,unity
7.6400,0.00000,1.0000,0.0000,9.98626,9.98626,9.98634,7.2,0.0137,1.0000,0.0000,0.4741,64.1278,0.000,unity
7.6600,0.00000,1.0000,0.0000,9.98626,9.98626,9.98634,7.2,0.0137,1.0000,0.0000,0.4741,64.3275,0.000,unity
7.6800,0.00000,1.0000,0.0000,9.98626,9.98626,9.98634,7.2,0.0137,1.0000,0.0000,0.4741,64.5272,0.000,unity
7.7000,0.00000,1.0000,0.0000,9.98626,9.98626,9.98634,7.2,0.0137,1.0000,0.0000,0.4741,64.7270,0.000,unity
7.7200,0.00000,1.0000,0.0000,9.98627,9.98627,9.98634,7.2,0.0137,1.0000,0.0000,0.4741,64.9267,0.000,unity
7.7400,0.00000,1.0000,0.0000,9.98627,9.98627,9.98634,7.2,0.0137,1.0000,0.0000,0.4741,65.1264,0.000,unity
7.7600,0.00000,1.0000,0.0000,9.98627,9.98627,9.98634,7.2,0.0137,1.0000,0.0000,0.4741,65.3261,0.000,unity
7.7800,0.00000,1.0000,0.0000,9.98627,9.98627,9.98634,7.2,0.0137,1.0000,0.0000,0.4741,65.5258,0.000,unity
7.8000,0.00000,1.0000,0.0000,9.98627,9.98627,9.98634,7.2,0.0137,1.0000,0.0000,0.4741,65.7256,0.000,unity
7.8200,0.00000,1.0000,0.0000,9.98627,9.98627,9.98634,7.2,0.0137,1.0000,0.0000,0.4741,65.9253,0.000,unity
7.8400,0.00000,1.0000,0.0000,9.98627,9.98627,9.98634,7.2,0.0137,1.0000,0.0000,0.4741,66.1250,0.000,unity
7.8600,0.00000,1.0000,0.0000,9.98627,9.98627,9.98634,7.2,0.0137,1.0000,0.0000,0.4741,66.3247,0.000,unity
7.8800,0.00000,1.0000,0.0000,9.98627,9.98627,9.98634,7.2,0.0137,1.0000,0.0000,0.4741,66.5245,0.000,unity
7.9000,0.00000,1.0000,0.0000,9.98627,9.98627,9.98634,7.2,0.0137,1.0000,0.0000,0.4741,66.7242,0.000,unity
7.9200,0.00000,1.0000,0.0000,9.98628,9.98628,9.98634,7.2,0.0137,1.0000,0.0000,0.4741,66.9239,0.000,unity
7.9400,0.00000,1.0000,0.0000,9.98628,9.98628,9.98634,7.2,0.0137,1.0000,0.0000,0.4741,67.1236,0.000,unity
7.9600,0.00000,1.0000,0.0000,9.98628,9.98628,9.98634,7.2,0.0137,1.0000,0.0000,0.4741,67.3233,0.000,unity
7.9800,0.00000,1.0000,0.0000,9.98628,9.98628,9.98634,7.2,0.0137,1.0000,0.0000,0.4741,67.5231,0.000,unity
8.0000,0.00000,1.0000,0.0000,9.98628,9.98628,9.98634,7.2,0.0137,1.0000,0.0000,0.4741,67.7228,0.000,unity
8.0200,0.00000,1.0000,0.0000,9.98628,9.98628,9.98634,7.2,0.0137,1.0000,0.0000,0.4741,67.9225,0.000,unity
8.0400,0.00000,1.0000,0.0000,9.98628,9.98628,9.98634,7.2,0.0137,1.0000,0.0000,0.4741,68.1222,0.000,unity
8.0600,0.00000,1.0000,0.0000,9.98628,9.98628,9.98635,7.2,0.0137,1.0000,0.0000,0.4741,68.3220,0.000,unity
8.0800,0.00000,1.0000,0.0000,9.98628,9.98628,9.98634,7.2,0.0137,1.0000,0.0000,0.4741,68.5217,0.000,unity
8.1000,0.00000,1.0000,0.0000,9.98628,9.98628,9.98635,7.2,0.0137,1.0000,0.0000,0.4741,68.7214,0.000,unity
8.1200,0.00000,1.0000,0.0000,9.98628,9.98628,9.98634,7.2,0.0137,1.0000,0.0000,0.4741,68.9211,0.000,unity
8.1400,0.00000,1.0000,0.0000,9.98629,9.98629,9.98635,7.2,0.0136,1.0000,0.0000,0.4741,69.1208,0.000,unity
8.1600,0.00000,1.0000,0.0000,9.98629,9.98629,9.98634,7.2,0.0137,1.0000,0.0000,0.4741,69.3206,0.000,unity
8.1800,0.00000,1.0000,0.0000,9.98629,9.98629,9.98635,7.2,0.0136,1.0000,0.0000,0.4741,69.5203,0.000,unity
8.2000,0.00000,1.0000,0.0000,9.98629,9.98629,9.98634,7.2,0.0137,1.0000,0.0000,0.4741,69.7200,0.000,unity
8.2200,0.00000,1.0000,0.0000,9.98629,9.98629,9.98635,7.2,0.0136,1.0000,0.0000,0.4741,69.9197,0.000,unity
8.2400,0.00000,1.0000,0.0000,9.98629,9.98629,9.98635,7.2,0.0137,1.0000,0.0000,0.4741,70.1195,0.000,unity
8.2600,0.00000,1.0000,0.0000,9.98629,9.98629,9.98635,7.2,0.0136,1.0000,0.0000,0.4741,70.3192,0.000,unity
8.2800,0.00000,1.0000,0.0000,9.98629,9.98629,9.98635,7.2,0.0137,1.0000,0.0000,0.4741,70.5189,0.000,unity
8.3000,0.00000,1.0000,0.0000,9.98629,9.98629,9.98635,7.2,0.0136,1.0000,0.0000,0.4741,70.7186,0.000,unity
8.3200,0.00000,1.0000,0.0000,9.98629,9.98629,9.98635,7.2,0.0136,1.0000,0.0000,0.4741,70.9183,0.000,unity
8.3400,0.00000,1.0000,0.0000,9.98630,9.98630,9.98635,7.2,0.0136,1.0000,0.0000,0.4741,71.1181,0.000,unity
8.3600,0.00000,1.0000,0.0000,9.98630,9.98630,9.98635,7.2,0.0136,1.0000,0.0000,0.4741,71.3178,0.000,unity
8.3800,0.00000,1.0000,0.0000,9.98630,9.98630,9.98635,7.2,0.0136,1.0000,0.0000,0.4741,71.5175,0.000,unity
8.4000,0.00000,1.0000,0.0000,9.98630,9.98630,9.98635,7.2,0.0136,1.0000,0.0000,0.4741,71.7172,0.000,unity
8.4200,0.00000,1.0000,0.0000,9.98630,9.98630,9.98636,7.2,0.0136,1.0000,0.0000,0.4741,71.9170,0.000,unity
8.4400,0.00000,1.0000,0.0000,9.98630,9.98630,9.98636,7.2,0.0136,1.0000,0.0000,0.4741,72.1167,0.000,unity
8.4600,0.00000,1.0000,0.0000,9.98630,9.98630,9.98636,7.2,0.0136,1.0000,0.0000,0.4741,72.3164,0.000,unity
8.4800,0.00000,1.0000,0.0000,9.98630,9.98630,9.98636,7.2,0.0136,1.0000,0.0000,0.4741,72.5161,0.000,unity
8.5000,0.00000,1.0000,0.0000,9.98630,9.98630,9.98636,7.2,0.0136,1.0000,0.0000,0.4741,72.7158,0.000,unity
8.5200,0.00000,1.0000,0.0000,9.98630,9.98630,9.98636,7.2,0.0136,1.0000,0.0000,0.4741,72.9156,0.000,unity
8.5400,0.00000,1.0000,0.0000,9.98630,9.98630,9.98636,7.2,0.0136,1.0000,0.0000,0.4741,73.1153,0.000,unity
8.5600,0.00000,1.0000,0.0000,9.98631,9.98631,9.98636,7.2,0.0136,1.0000,0.0000,0.4741,73.3150,0.000,unity
8.5800,0.00000,1.0000,0.0000,9.98631,9.98631,9.98636,7.2,0.0136,1.0000,0.0000,0.4741,73.5147,0.000,unity
8.6000,0.00000,1.0000,0.0000,9.98631,9.98631,9.98636,7.2,0.0136,1.0000,0.0000,0.4741,73.7145,0.000,unity
8.6200,0.00000,1.0000,0.0000,9.98631,9.98631,9.98636,7.2,0.0136,1.0000,0.0000,0.4741,73.9142,0.000,unity
8.6400,0.00000,1.0000,0.0000,9.98631,9.98631,9.98636,7.2,0.0136,1.0000,0.0000,0.4741,74.1139,0.000,unity
8.6600,0.00000,1.0000,0.0000,9.98631,9.98631,9.98636,7.2,0.0136,1.0000,0.0000,0.4741,74.3136,0.000,unity
8.6800,0.00000,1.0000,0.0000,9.98631,9.98631,9.98636,7.2,0.0136,1.0000,0.0000,0.4741,74.5134,0.000,unity
8.7000,0.00000,1.0000,0.0000,9.98631,9.98631,9.98636,7.2,0.0136,1.0000,0.0000,0.4741,74.7131,0.000,unity
8.7200,0.00000,1.0000,0.0000,9.98631,9.98631,9.98636,7.2,0.0136,1.0000,0.0000,0.4741,74.9128,0.000,unity
8.7400,0.00000,1.0000,0.0000,9.98631,9.98631,9.98636,7.2,0.0136,1.0000,0.0000,0.4741,75.1126,0.000,unity
8.7600,0.00000,1.0000,0.0000,9.98632,9.98632,9.98636,7.2,0.0136,1.0000,0.0000,0.4741,75.3123,0.000,unity
8.7800,0.00000,1.0000,0.0000,9.98632,9.98632,9.98636,7.2,0.0136,1.0000,0.0000,0.4741,75.5120,0.000,unity
8.8000,0.00000,1.0000,0.0000,9.98632,9.98632,9.98636,7.2,0.0136,1.0000,0.0000,0.4741,75.7118,0.000,unity
8.8200,0.00000,1.0000,0.0000,9.98632,9.98632,9.98636,7.2,0.0136,1.0000,0.0000,0.4741,75.9115,0.000,unity
8.8400,0.00000,1.0000,0.0000,9.98632,9.98632,9.98637,7.2,0.0136,1.0000,0.0000,0.4741,76.1112,0.000,unity
8.8600,0.00000,1.0000,0.0000,9.98632,9.98632,9.98636,7.2,0.0136,1.0000,0.0000,0.4741,76.3109,0.000,unity
8.8800,0.00000,1.0000,0.0000,9.98632,9.98632,9.98637,7.2,0.0136,1.0000,0.0000,0.4741,76.5107,0.000,unity
8.9000,0.00000,1.0000,0.0000,9.98632,9.98632,9.98636,7.2,0.0136,1.0000,0.0000,0.4741,76.7104,0.000,unity
8.9200,0.00000,1.0000,0.0000,9.98632,9.98632,9.98637,7.2,0.0136,1.0000,0.0000,0.4741,76.9101,0.000,unity
8.9400,0.00000,1.0000,0.0000,9.98632,9.98632,9.98636,7.2,0.0136,1.0000,0.0000,0.4741,77.1099,0.000,unity
8.9600,0.00000,1.0000,0.0000,9.98632,9.98632,9.98637,7.2,0.0136,1.0000,0.0000,0.4741,77.3096,0.000,unity
8.9800,0.00000,1.0000,0.0000,9.98633,9.98633,9.98637,7.2,0.0136,1.0000,0.0000,0.4741,77.5093,0.000,unity
9.0000,0.00000,1.0000,0.0000,9.98633,9.98633,9.98637,7.2,0.0136,1.0000,0.0000,0.4741,77.7091,0.000,unity
9.0200,0.00000,1.0000,0.0000,9.98633,9.98633,9.98637,7.2,0.0136,1.0000,0.0000,0.4741,77.9088,0.000,unity
9.0400,0.00000,1.0000,0.0000,9.98633,9.98633,9.98637,7.2,0.0136,1.0000,0.0000,0.4741,78.1085,0.000,unity
9.0600,0.00000,1.0000,0.0000,9.98633,9.98633,9.98637,7.2,0.0136,1.0000,0.0000,0.4741,78.3082,0.000,unity
9.0800,0.00000,1.0000,0.0000,9.98633,9.98633,9.98637,7.2,0.0136,1.0000,0.0000,0.4741,78.5080,0.000,unity
9.1000,0.00000,1.0000,0.0000,9.98633,9.98633,9.98637,7.2,0.0136,1.0000,0.0000,0.4741,78.7077,0.000,unity
9.1200,0.00000,1.0000,0.0000,9.98633,9.98633,9.98637,7.2,0.0136,1.0000,0.0000,0.4741,78.9074,0.000,unity
9.1400,0.00000,1.0000,0.0000,9.98633,9.98633,9.98637,7.2,0.0136,1.0000,0.0000,0.4741,79.1072,0.000,unity
9.1600,0.00000,1.0000,0.0000,9.98633,9.98633,9.98637,7.2,0.0136,1.0000,0.0000,0.4741,79.3069,0.000,unity
9.1800,0.00000,1.0000,0.0000,9.98633,9.98633,9.98637,7.2,0.0136,1.0000,0.0000,0.4741,79.5066,0.000,unity
9.2000,0.00000,1.0000,0.0000,9.98633,9.98633,9.98637,7.2,0.0136,1.0000,0.0000,0.4741,79.7063,0.000,unity
9.2200,0.00000,1.0000,0.0000,9.98634,9.98634,9.98637,7.2,0.0136,1.0000,0.0000,0.4741,79.9061,0.000,unity
9.2400,0.00000,1.0000,0.0000,9.98634,9.98634,9.98637,7.2,0.0136,1.0000,0.0000,0.4741,80.1058,0.000,unity
9.2600,0.00000,1.0000,0.0000,9.98634,9.98634,9.98637,7.2,0.0136,1.0000,0.0000,0.4741,80.3055,0.000,unity
9.2800,0.00000,1.0000,0.0000,9.98634,9.98634,9.98637,7.2,0.0136,1.0000,0.0000,0.4741,80.5053,0.000,unity
9.3000,0.00000,1.0000,0.0000,9.98634,9.98634,9.98637,7.2,0.0136,1.0000,0.0000,0.4741,80.7050,0.000,unity
9.3200,0.00000,1.0000,0.0000,9.98634,9.98634,9.98637,7.2,0.0136,1.0000,0.0000,0.4741,80.9047,0.000,unity
9.3400,0.00000,1.0000,0.0000,9.98634,9.98634,9.98637,7.2,0.0136,1.0000,0.0000,0.4741,81.1045,0.000,unity
9.3600,0.00000,1.0000,0.0000,9.98634,9.98634,9.98637,7.2,0.0136,1.0000,0.0000,0.4741,81.3042,0.000,unity
9.3800,0.00000,1.0000,0.0000,9.98634,9.98634,9.98637,7.2,0.0136,1.0000,0.0000,0.4741,81.5039,0.000,unity
9.4000,0.00000,1.0000,0.0000,9.98634,9.98634,9.98637,7.2,0.0136,1.0000,0.0000,0.4741,81.7036,0.000,unity
9.4200,0.00000,1.0000,0.0000,9.98634,9.98634,9.98637,7.2,0.0136,1.0000,0.0000,0.4741,81.9034,0.000,unity
9.4400,0.00000,1.0000,0.0000,9.98634,9.98634,9.98637,7.2,0.0136,1.0000,0.0000,0.4741,82.1031,0.000,unity
9.4600,0.00000,1.0000,0.0000,9.98634,9.98634,9.98637,7.2,0.0136,1.0000,0.0000,0.4741,82.3028,0.000,unity
9.4800,0.00000,1.0000,0.0000,9.98634,9.98634,9.98637,7.2,0.0136,1.0000,0.0000,0.4741,82.5026,0.000,unity
9.5000,0.00000,1.0000,0.0000,9.98634,9.98634,9.98637,7.2,0.0136,1.0000,0.0000,0.4741,82.7023,0.000,unity
9.5200,0.00000,1.0000,0.0000,9.98634,9.98634,9.98637,7.2,0.0136,1.0000,0.0000,0.4741,82.9020,0.000,unity
9.5400,0.00000,1.0000,0.0000,9.98634,9.98634,9.98637,7.2,0.0136,1.0000,0.0000,0.4741,83.1018,0.000,unity
9.5600,0.00000,1.0000,0.0000,9.98634,9.98634,9.98637,7.2,0.0136,1.0000,0.0000,0.4741,83.3015,0.000,unity
9.5800,0.00000,1.0000,0.0000,9.98634,9.98634,9.98637,7.2,0.0136,1.0000,0.0000,0.4741,83.5012,0.000,unity
9.6000,0.00000,1.0000,0.0000,9.98634,9.98634,9.98637,7.2,0.0136,1.0000,0.0000,0.4741,83.7009,0.000,unity
9.6200,0.00000,1.0000,0.0000,9.98634,9.98634,9.98637,7.2,0.0136,1.0000,0.0000,0.4741,83.9007,0.000,unity
9.6400,0.00000,1.0000,0.0000,9.98634,9.98634,9.98637,7.2,0.0136,1.0000,0.0000,0.4741,84.1004,0.000,unity
9.6600,0.00000,1.0000,0.0000,9.98634,9.98634,9.98637,7.2,0.0136,1.0000,0.0000,0.4741,84.3001,0.000,unity
9.6800,0.00000,1.0000,0.0000,9.98634,9.98634,9.98637,7.2,0.0136,1.0000,0.0000,0.4741,84.4999,0.000,unity
9.7000,0.00000,1.0000,0.0000,9.98634,9.98634,9.98637,7.2,0.0136,1.0000,0.0000,0.4741,84.6996,0.000,unity
9.7200,0.00000,1.0000,0.0000,9.98634,9.98634,9.98637,7.2,0.0136,1.0000,0.0000,0.4741,84.8993,0.000,unity
9.7400,0.00000,1.0000,0.0000,9.98634,9.98634,9.98637,7.2,0.0136,1.0000,0.0000,0.4741,85.0991,0.000,unity
9.7600,0.00000,1.0000,0.0000,9.98634,9.98634,9.98637,7.2,0.0136,1.0000,0.0000,0.4741,85.2988,0.000,unity
9.7800,0.00000,1.0000,0.0000,9.98634,9.98634,9.98637,7.2,0.0136,1.0000,0.0000,0.4741,85.4985,0.000,unity
9.8000,0.00000,1.0000,0.0000,9.98634,9.98634,9.98637,7.2,0.0136,1.0000,0.0000,0.4741,85.6982,0.000,unity
9.8200,0.00000,1.0000,0.0000,9.98634,9.98634,9.98637,7.2,0.0136,1.0000,0.0000,0.4741,85.8980,0.000,unity
9.8400,0.00000,1.0000,0.0000,9.98634,9.98634,9.98637,7.2,0.0136,1.0000,0.0000,0.4741,86.0977,0.000,unity
9.8600,0.00000,1.0000,0.0000,9.98634,9.98634,9.98637,7.2,0.0136,1.0000,0.0000,0.4741,86.2974,0.000,unity
9.8800,0.00000,1.0000,0.0000,9.98634,9.98634,9.98637,7.2,0.0136,1.0000,0.0000,0.4741,86.4972,0.000,unity
9.9000,0.00000,1.0000,0.0000,9.98634,9.98634,9.98637,7.2,0.0136,1.0000,0.0000,0.4741,86.6969,0.000,unity
9.9200,0.00000,1.0000,0.0000,9.98634,9.98634,9.98637,7.2,0.0136,1.0000,0.0000,0.4741,86.8966,0.000,unity
9.9400,0.00000,1.0000,0.0000,9.98634,9.98634,9.98637,7.2,0.0136,1.0000,0.0000,0.4741,87.0964,0.000,unity
9.9600,0.00000,1.0000,0.0000,9.98634,9.98634,9.98637,7.2,0.0136,1.0000,0.0000,0.4741,87.2961,0.000,unity
9.9800,0.00000,1.0000,0.0000,9.98634,9.98634,9.98637,7.2,0.0136,1.0000,0.0000,0.4741,87.4958,0.000,unity
10.0000,0.00000,1.0000,0.0000,9.98634,9.98634,9.98637,7.2,0.0136,1.0000,0.0000,0.4741,87.6955,0.000,unity
10.0200,0.00000,1.0000,0.0000,9.98634,9.98634,9.98637,7.2,0.0136,1.0000,0.0000,0.4741,87.8953,0.000,unity
10.0400,0.00000,1.0000,0.0000,9.98634,9.98634,9.98637,7.2,0.0136,1.0000,0.0000,0.4741,88.0950,0.000,unity
10.0600,0.00000,1.0000,0.0000,9.98634,9.98634,9.98637,7.2,0.0136,1.0000,0.0000,0.4741,88.2947,0.000,unity
10.0800,0.00000,1.0000,0.0000,9.98634,9.98634,9.98637,7.2,0.0136,1.0000,0.0000,0.4741,88.4945,0.000,unity
10.1000,0.00000,1.0000,0.0000,9.98634,9.98634,9.98637,7.2,0.0136,1.0000,0.0000,0.4741,88.6942,0.000,unity
10.1200,0.00000,1.0000,0.0000,9.98634,9.98634,9.98637,7.2,0.0136,1.0000,0.0000,0.4741,88.8939,0.000,unity
10.1400,0.00000,1.0000,0.0000,9.98634,9.98634,9.98637,7.2,0.0136,1.0000,0.0000,0.4741,89.0937,0.000,unity
10.1600,0.00000,1.0000,0.0000,9.98634,9.98634,9.98637,7.2,0.0136,1.0000,0.0000,0.4741,89.2934,0.000,unity
10.1800,0.00000,1.0000,0.0000,9.98634,9.98634,9.98637,7.2,0.0136,1.0000,0.0000,0.4741,89.4931,0.000,unity
10.2000,0.00000,1.0000,0.0000,9.98634,9.98634,9.98637,7.2,0.0136,1.0000,0.0000,0.4741,89.6928,0.000,unity
10.2200,0.00000,1.0000,0.0000,9.98634,9.98634,9.98637,7.2,0.0136,1.0000,0.0000,0.4741,89.8926,0.000,unity
10.2400,0.00000,1.0000,0.0000,9.98634,9.98634,9.98637,7.2,0.0136,1.0000,0.0000,0.4741,90.0923,0.000,unity
10.2600,0.00000,1.0000,0.0000,9.98634,9.98634,9.98637,7.2,0.0136,1.0000,0.0000,0.4741,90.2920,0.000,unity
10.2800,0.00000,1.0000,0.0000,9.98634,9.98634,9.98637,7.2,0.0136,1.0000,0.0000,0.4741,90.4918,0.000,unity
10.3001,0.00000,1.0000,0.0000,9.98634,9.98634,9.98637,7.2,0.0136,1.0000,0.0000,0.4741,90.6915,0.000,unity
10.3201,0.00000,1.0000,0.0000,9.98634,9.98634,9.98637,7.2,0.0136,1.0000,0.0000,0.4741,90.8912,0.000,unity
10.3401,0.00000,1.0000,0.0000,9.98634,9.98634,9.98637,7.2,0.0136,1.0000,0.0000,0.4741,91.0910,0.000,unity
10.3601,0.00000,1.0000,0.0000,9.98634,9.98634,9.98637,7.2,0.0136,1.0000,0.0000,0.4741,91.2907,0.000,unity
10.3801,0.00000,1.0000,0.0000,9.98634,9.98634,9.98637,7.2,0.0136,1.0000,0.0000,0.4741,91.4904,0.000,unity
10.4001,0.00000,1.0000,0.0000,9.98634,9.98634,9.98637,7.2,0.0136,1.0000,0.0000,0.4741,91.6901,0.000,unity
10.4201,0.00000,1.0000,0.0000,9.98634,9.98634,9.98637,7.2,0.0136,1.0000,0.0000,0.4741,91.8899,0.000,unity
10.4401,0.00000,1.0000,0.0000,9.98634,9.98634,9.98637,7.2,0.0136,1.0000,0.0000,0.4741,92.0896,0.000,unity
10.4601,0.00000,1.0000,0.0000,9.98634,9.98634,9.98637,7.2,0.0136,1.0000,0.0000,0.4741,92.2893,0.000,unity
10.4801,0.00000,1.0000,0.0000,9.98634,9.98634,9.98637,7.2,0.0136,1.0000,0.0000,0.4741,92.4891,0.000,unity
10.5001,0.00000,1.0000,0.0000,9.98634,9.98634,9.98637,7.2,0.0136,1.0000,0.0000,0.4741,92.6888,0.000,unity
10.5201,0.00000,1.0000,0.0000,9.98634,9.98634,9.98637,7.2,0.0136,1.0000,0.0000,0.4741,92.8885,0.000,unity
10.5401,0.00000,1.0000,0.0000,9.98634,9.98634,9.98637,7.2,0.0136,1.0000,0.0000,0.4741,93.0883,0.000,unity
10.5601,0.00000,1.0000,0.0000,9.98634,9.98634,9.98637,7.2,0.0136,1.0000,0.0000,0.4741,93.2880,0.000,unity
10.5801,0.00000,1.0000,0.0000,9.98634,9.98634,9.98637,7.2,0.0136,1.0000,0.0000,0.4741,93.4877,0.000,unity
10.6001,0.00000,1.0000,0.0000,9.98634,9.98634,9.98637,7.2,0.0136,1.0000,0.0000,0.4741,93.6874,0.000,unity
10.6201,0.00000,1.0000,0.0000,9.98634,9.98634,9.98637,7.2,0.0136,1.0000,0.0000,0.4741,93.8872,0.000,unity
10.6401,0.00000,1.0000,0.0000,9.98634,9.98634,9.98637,7.2,0.0136,1.0000,0.0000,0.4741,94.0869,0.000,unity
10.6601,0.00000,1.0000,0.0000,9.98634,9.98634,9.98637,7.2,0.0136,1.0000,0.0000,0.4741,94.2866,0.000,unity
10.6801,0.00000,1.0000,0.0000,9.98634,9.98634,9.98637,7.2,0.0136,1.0000,0.0000,0.4741,94.4864,0.000,unity
10.7001,0.00000,1.0000,0.0000,9.98634,9.98634,9.98637,7.2,0.0136,1.0000,0.0000,0.4741,94.6861,0.000,unity
10.7201,0.00000,1.0000,0.0000,9.98634,9.98634,9.98637,7.2,0.0136,1.0000,0.0000,0.4741,94.8858,0.000,unity
10.7401,0.00000,1.0000,0.0000,9.98634,9.98634,9.98637,7.2,0.0136,1.0000,0.0000,0.4741,95.0856,0.000,unity
10.7601,0.00000,1.0000,0.0000,9.98634,9.98634,9.98637,7.2,0.0136,1.0000,0.0000,0.4741,95.2853,0.000,unity
10.7801,0.00000,1.0000,0.0000,9.98634,9.98634,9.98637,7.2,0.0136,1.0000,0.0000,0.4741,95.4850,0.000,unity
10.8001,0.00000,1.0000,0.0000,9.98634,9.98634,9.98637,7.2,0.0136,1.0000,0.0000,0.4741,95.6847,0.000,unity
10.8201,0.00000,1.0000,0.0000,9.98634,9.98634,9.98637,7.2,0.0136,1.0000,0.0000,0.4741,95.8845,0.000,unity
10.8401,0.00000,1.0000,0.0000,9.98634,9.98634,9.98637,7.2,0.0136,1.0000,0.0000,0.4741,96.0842,0.000,unity
10.8601,0.00000,1.0000,0.0000,9.98634,9.98634,9.98637,7.2,0.0136,1.0000,0.0000,0.4741,96.2839,0.000,unity
10.8801,0.00000,1.0000,0.0000,9.98634,9.98634,9.98637,7.2,0.0136,1.0000,0.0000,0.4741,96.4837,0.000,unity
10.9001,0.00000,1.0000,0.0000,9.98634,9.98634,9.98637,7.2,0.0136,1.0000,0.0000,0.4741,96.6834,0.000,unity
10.9201,0.00000,1.0000,0.0000,9.98634,9.98634,9.98637,7.2,0.0136,1.0000,0.0000,0.4741,96.8831,0.000,unity
10.9401,0.00000,1.0000,0.0000,9.98634,9.98634,9.98637,7.2,0.0136,1.0000,0.0000,0.4741,97.0829,0.000,unity
10.9601,0.00000,1.0000,0.0000,9.98634,9.98634,9.98637,7.2,0.0136,1.0000,0.0000,0.4741,97.2826,0.000,unity
10.9801,0.00000,1.0000,0.0000,9.98634,9.98634,9.98637,7.2,0.0136,1.0000,0.0000,0.4741,97.4823,0.000,unity
11.0001,0.00000,1.0000,0.0000,9.98634,9.98634,9.98637,7.2,0.0136,1.0000,0.0000,0.4741,97.6820,0.000,unity
11.0201,0.00000,1.0000,0.0000,9.98634,9.98634,9.98637,7.2,0.0136,1.0000,0.0000,0.4741,97.8818,0.000,unity
11.0401,0.00000,1.0000,0.0000,9.98634,9.98634,9.98637,7.2,0.0136,1.0000,0.0000,0.4741,98.0815,0.000,unity
11.0601,0.00000,1.0000,0.0000,9.98634,9.98634,9.98637,7.2,0.0136,1.0000,0.0000,0.4741,98.2812,0.000,unity
11.0801,0.00000,1.0000,0.0000,9.98634,9.98634,9.98637,7.2,0.0136,1.0000,0.0000,0.4741,98.4810,0.000,unity
11.1001,0.00000,1.0000,0.0000,9.98634,9.98634,9.98637,7.2,0.0136,1.0000,0.0000,0.4741,98.6807,0.000,unity
11.1201,0.00000,1.0000,0.0000,9.98634,9.98634,9.98637,7.2,0.0136,1.0000,0.0000,0.4741,98.8804,0.000,unity
11.1401,0.00000,1.0000,0.0000,9.98634,9.98634,9.98637,7.2,0.0136,1.0000,0.0000,0.4741,99.0802,0.000,unity
11.1601,0.00000,1.0000,0.0000,9.98634,9.98634,9.98637,7.2,0.0136,1.0000,0.0000,0.4741,99.2799,0.000,unity
11.1801,0.00000,1.0000,0.0000,9.98634,9.98634,9.98637,7.2,0.0136,1.0000,0.0000,0.4741,99.4796,0.000,unity
11.2001,0.00000,1.0000,0.0000,9.98634,9.98634,9.98637,7.2,0.0136,1.0000,0.0000,0.4741,99.6793,0.000,unity
11.2201,0.00000,1.0000,0.0000,9.98634,9.98634,9.98637,7.2,0.0136,1.0000,0.0000,0.4741,99.8791,0.000,unity
11.2401,0.00000,1.0000,0.0000,9.98634,9.98634,9.98637,7.2,0.0136,1.0000,0.0000,0.4741,100.0788,0.000,unity
11.2601,0.00000,1.0000,0.0000,9.98634,9.98634,9.98637,7.2,0.0136,1.0000,0.0000,0.4741,100.2785,0.000,unity
11.2801,0.00000,1.0000,0.0000,9.98634,9.98634,9.98637,7.2,0.0136,1.0000,0.0000,0.4741,100.4783,0.000,unity
11.3001,0.00000,1.0000,0.0000,9.98634,9.98634,9.98637,7.2,0.0136,1.0000,0.0000,0.4741,100.6780,0.000,unity
11.3201,0.00000,1.0000,0.0000,9.98634,9.98634,9.98637,7.2,0.0136,1.0000,0.0000,0.4741,100.8777,0.000,unity
11.3401,0.00000,1.0000,0.0000,9.98634,9.98634,9.98637,7.2,0.0136,1.0000,0.0000,0.4741,101.0774,0.000,unity
11.3601,0.00000,1.0000,0.0000,9.98634,9.98634,9.98637,7.2,0.0136,1.0000,0.0000,0.4741,101.2772,0.000,unity
11.3801,0.00000,1.0000,0.0000,9.98634,9.98634,9.98637,7.2,0.0136,1.0000,0.0000,0.4741,101.4769,0.000,unity
11.4001,0.00000,1.0000,0.0000,9.98634,9.98634,9.98637,7.2,0.0136,1.0000,0.0000,0.4741,101.6766,0.000,unity
11.4201,0.00000,1.0000,0.0000,9.98634,9.98634,9.98637,7.2,0.0136,1.0000,0.0000,0.4741,101.8764,0.000,unity
11.4401,0.00000,1.0000,0.0000,9.98634,9.98634,9.98637,7.2,0.0136,1.0000,0.0000,0.4741,102.0761,0.000,unity
11.4601,0.00000,1.0000,0.0000,9.98634,9.98634,9.98637,7.2,0.0136,1.0000,0.0000,0.4741,102.2758,0.000,unity
11.4801,0.00000,1.0000,0.0000,9.98634,9.98634,9.98637,7.2,0.0136,1.0000,0.0000,0.4741,102.4756,0.000,unity
11.5001,0.00000,1.0000,0.0000,9.98634,9.98634,9.98637,7.2,0.0136,1.0000,0.0000,0.4741,102.6753,0.000,unity
11.5201,0.00000,1.0000,0.0000,9.98634,9.98634,9.98637,7.2,0.0136,1.0000,0.0000,0.4741,102.8750,0.000,unity
11.5401,0.00000,1.0000,0.0000,9.98634,9.98634,9.98637,7.2,0.0136,1.0000,0.0000,0.4741,103.0747,0.000,unity
11.5601,0.00000,1.0000,0.0000,9.98634,9.98634,9.98637,7.2,0.0136,1.0000,0.0000,0.4741,103.2745,0.000,unity
11.5801,0.00000,1.0000,0.0000,9.98634,9.98634,9.98637,7.2,0.0136,1.0000,0.0000,0.4741,103.4742,0.000,unity
11.6001,0.00000,1.0000,0.0000,9.98634,9.98634,9.98637,7.2,0.0136,1.0000,0.0000,0.4741,103.6739,0.000,unity
11.6201,0.00000,1.0000,0.0000,9.98634,9.98634,9.98637,7.2,0.0136,1.0000,0.0000,0.4741,103.8737,0.000,unity
11.6401,0.00000,1.0000,0.0000,9.98634,9.98634,9.98637,7.2,0.0136,1.0000,0.0000,0.4741,104.0734,0.000,unity
11.6601,0.00000,1.0000,0.0000,9.98634,9.98634,9.98637,7.2,0.0136,1.0000,0.0000,0.4741,104.2731,0.000,unity
11.6801,0.00000,1.0000,0.0000,9.98634,9.98634,9.98637,7.2,0.0136,1.0000,0.0000,0.4741,104.4729,0.000,unity
11.7001,0.00000,1.0000,0.0000,9.98634,9.98634,9.98637,7.2,0.0136,1.0000,0.0000,0.4741,104.6726,0.000,unity
11.7201,0.00000,1.0000,0.0000,9.98634,9.98634,9.98637,7.2,0.0136,1.0000,0.0000,0.4741,104.8723,0.000,unity
11.7401,0.00000,1.0000,0.0000,9.98634,9.98634,9.98637,7.2,0.0136,1.0000,0.0000,0.4741,105.0720,0.000,unity
11.7601,0.00000,1.0000,0.0000,9.98634,9.98634,9.98637,7.2,0.0136,1.0000,0.0000,0.4741,105.2718,0.000,unity
11.7801,0.00000,1.0000,0.0000,9.98634,9.98634,9.98637,7.2,0.0136,1.0000,0.0000,0.4741,105.4715,0.000,unity
11.8001,0.00000,1.0000,0.0000,9.98634,9.98634,9.98637,7.2,0.0136,1.0000,0.0000,0.4741,105.6712,0.000,unity
11.8201,0.00000,1.0000,0.0000,9.98634,9.98634,9.98637,7.2,0.0136,1.0000,0.0000,0.4741,105.8710,0.000,unity
11.8401,0.00000,1.0000,0.0000,9.98634,9.98634,9.98637,7.2,0.0136,1.0000,0.0000,0.4741,106.0707,0.000,unity
11.8601,0.00000,1.0000,0.0000,9.98634,9.98634,9.98637,7.2,0.0136,1.0000,0.0000,0.4741,106.2704,0.000,unity
11.8801,0.00000,1.0000,0.0000,9.98634,9.98634,9.98637,7.2,0.0136,1.0000,0.0000,0.4741,106.4702,0.000,unity
11.9001,0.00000,1.0000,0.0000,9.98634,9.98634,9.98637,7.2,0.0136,1.0000,0.0000,0.4741,106.6699,0.000,unity
11.9201,0.00000,1.0000,0.0000,9.98634,9.98634,9.98637,7.2,0.0136,1.0000,0.0000,0.4741,106.8696,0.000,unity
11.9401,0.00000,1.0000,0.0000,9.98634,9.98634,9.98637,7.2,0.0136,1.0000,0.0000,0.4741,107.0693,0.000,unity
11.9601,0.00000,1.0000,0.0000,9.98634,9.98634,9.98637,7.2,0.0136,1.0000,0.0000,0.4741,107.2691,0.000,unity
11.9801,0.00000,1.0000,0.0000,9.98634,9.98634,9.98637,7.2,0.0136,1.0000,0.0000,0.4741,107.4688,0.000,unity
12.0001,0.00000,1.0000,0.0000,9.98634,9.98634,9.98637,7.2,0.0136,1.0000,0.0000,0.4741,107.6685,0.000,unity
12.0201,0.00000,1.0000,0.0000,9.98634,9.98634,9.98637,7.2,0.0136,1.0000,0.0000,0.4741,107.8683,0.000,unity
12.0401,0.00000,1.0000,0.0000,9.98634,9.98634,9.98637,7.2,0.0136,1.0000,0.0000,0.4741,108.0680,0.000,unity
12.0601,0.00000,1.0000,0.0000,9.98634,9.98634,9.98637,7.2,0.0136,1.0000,0.0000,0.4741,108.2677,0.000,unity
12.0801,0.00000,1.0000,0.0000,9.98634,9.98634,9.98637,7.2,0.0136,1.0000,0.0000,0.4741,108.4675,0.000,unity
12.1001,0.00000,1.0000,0.0000,9.98634,9.98634,9.98637,7.2,0.0136,1.0000,0.0000,0.4741,108.6672,0.000,unity
12.1201,0.00000,1.0000,0.0000,9.98634,9.98634,9.98637,7.2,0.0136,1.0000,0.0000,0.4741,108.8669,0.000,unity
12.1401,0.00000,1.0000,0.0000,9.98634,9.98634,9.98637,7.2,0.0136,1.0000,0.0000,0.4741,109.0666,0.000,unity
12.1601,0.00000,1.0000,0.0000,9.98634,9.98634,9.98637,7.2,0.0136,1.0000,0.0000,0.4741,109.2664,0.000,unity
12.1801,0.00000,1.0000,0.0000,9.98634,9.98634,9.98637,7.2,0.0136,1.0000,0.0000,0.4741,109.4661,0.000,unity
12.2001,0.00000,1.0000,0.0000,9.98634,9.98634,9.98637,7.2,0.0136,1.0000,0.0000,0.4741,109.6658,0.000,unity
12.2201,0.00000,1.0000,0.0000,9.98634,9.98634,9.98637,7.2,0.0136,1.0000,0.0000,0.4741,109.8656,0.000,unity
12.2401,0.00000,1.0000,0.0000,9.98634,9.98634,9.98637,7.2,0.0136,1.0000,0.0000,0.4741,110.0653,0.000,unity
12.2601,0.00000,1.0000,0.0000,9.98634,9.98634,9.98637,7.2,0.0136,1.0000,0.0000,0.4741,110.2650,0.000,unity
12.2801,0.00000,1.0000,0.0000,9.98634,9.98634,9.98637,7.2,0.0136,1.0000,0.0000,0.4741,110.4648,0.000,unity
12.3001,0.00000,1.0000,0.0000,9.98634,9.98634,9.98637,7.2,0.0136,1.0000,0.0000,0.4741,110.6645,0.000,unity
12.3201,0.00000,1.0000,0.0000,9.98634,9.98634,9.98637,7.2,0.0136,1.0000,0.0000,0.4741,110.8642,0.000,unity
12.3401,0.00000,1.0000,0.0000,9.98634,9.98634,9.98637,7.2,0.0136,1.0000,0.0000,0.4741,111.0639,0.000,unity
12.3601,0.00000,1.0000,0.0000,9.98634,9.98634,9.98637,7.2,0.0136,1.0000,0.0000,0.4741,111.2637,0.000,unity
12.3801,0.00000,1.0000,0.0000,9.98634,9.98634,9.98637,7.2,0.0136,1.0000,0.0000,0.4741,111.4634,0.000,unity
12.4001,0.00000,1.0000,0.0000,9.98634,9.98634,9.98637,7.2,0.0136,1.0000,0.0000,0.4741,111.6631,0.000,unity
12.4201,0.00000,1.0000,0.0000,9.98634,9.98634,9.98637,7.2,0.0136,1.0000,0.0000,0.4741,111.8629,0.000,unity
12.4401,0.00000,1.0000,0.0000,9.98634,9.98634,9.98637,7.2,0.0136,1.0000,0.0000,0.4741,112.0626,0.000,unity
12.4601,0.00000,1.0000,0.0000,9.98634,9.98634,9.98637,7.2,0.0136,1.0000,0.0000,0.4741,112.2623,0.000,unity
12.4801,0.00000,1.0000,0.0000,9.98634,9.98634,9.98637,7.2,0.0136,1.0000,0.0000,0.4741,112.4621,0.000,unity
12.5001,0.00000,1.0000,0.0000,9.98634,9.98634,9.98637,7.2,0.0136,1.0000,0.0000,0.4741,112.6618,0.000,unity
12.5201,0.00000,1.0000,0.0000,9.98634,9.98634,9.98637,7.2,0.0136,1.0000,0.0000,0.4741,112.8615,0.000,unity
12.5401,0.00000,1.0000,0.0000,9.98634,9.98634,9.98637,7.2,0.0136,1.0000,0.0000,0.4741,113.0612,0.000,unity
12.5601,0.00000,1.0000,0.0000,9.98634,9.98634,9.98637,7.2,0.0136,1.0000,0.0000,0.4741,113.2610,0.000,unity
12.5801,0.00000,1.0000,0.0000,9.98634,9.98634,9.98637,7.2,0.0136,1.0000,0.0000,0.4741,113.4607,0.000,unity
12.6001,0.00000,1.0000,0.0000,9.98634,9.98634,9.98637,7.2,0.0136,1.0000,0.0000,0.4741,113.6604,0.000,unity
12.6201,0.00000,1.0000,0.0000,9.98634,9.98634,9.98637,7.2,0.0136,1.0000,0.0000,0.4741,113.8602,0.000,unity
12.6401,0.00000,1.0000,0.0000,9.98634,9.98634,9.98637,7.2,0.0136,1.0000,0.0000,0.4741,114.0599,0.000,unity
12.6601,0.00000,1.0000,0.0000,9.98634,9.98634,9.98637,7.2,0.0136,1.0000,0.0000,0.4741,114.2596,0.000,unity
12.6801,0.00000,1.0000,0.0000,9.98634,9.98634,9.98637,7.2,0.0136,1.0000,0.0000,0.4741,114.4594,0.000,unity
12.7001,0.00000,1.0000,0.0000,9.98634,9.98634,9.98637,7.2,0.0136,1.0000,0.0000,0.4741,114.6591,0.000,unity
12.7201,0.00000,1.0000,0.0000,9.98634,9.98634,9.98637,7.2,0.0136,1.0000,0.0000,0.4741,114.8588,0.000,unity
12.7401,0.00000,1.0000,0.0000,9.98634,9.98634,9.98637,7.2,0.0136,1.0000,0.0000,0.4741,115.0585,0.000,unity
12.7601,0.00000,1.0000,0.0000,9.98634,9.98634,9.98637,7.2,0.0136,1.0000,0.0000,0.4741,115.2583,0.000,unity
12.7801,0.00000,1.0000,0.0000,9.98634,9.98634,9.98637,7.2,0.0136,1.0000,0.0000,0.4741,115.4580,0.000,unity
12.8001,0.00000,1.0000,0.0000,9.98634,9.98634,9.98637,7.2,0.0136,1.0000,0.0000,0.4741,115.6577,0.000,unity
12.8201,0.00000,1.0000,0.0000,9.98634,9.98634,9.98637,7.2,0.0136,1.0000,0.0000,0.4741,115.8575,0.000,unity
12.8401,0.00000,1.0000,0.0000,9.98634,9.98634,9.98637,7.2,0.0136,1.0000,0.0000,0.4741,116.0572,0.000,unity
12.8601,0.00000,1.0000,0.0000,9.98634,9.98634,9.98637,7.2,0.0136,1.0000,0.0000,0.4741,116.2569,0.000,unity
12.8801,0.00000,1.0000,0.0000,9.98634,9.98634,9.98637,7.2,0.0136,1.0000,0.0000,0.4741,116.4566,0.000,unity
12.9001,0.00000,1.0000,0.0000,9.98634,9.98634,9.98637,7.2,0.0136,1.0000,0.0000,0.4741,116.6564,0.000,unity
12.9201,0.00000,1.0000,0.0000,9.98634,9.98634,9.98637,7.2,0.0136,1.0000,0.0000,0.4741,116.8561,0.000,unity
12.9401,0.00000,1.0000,0.0000,9.98634,9.98634,9.98637,7.2,0.0136,1.0000,0.0000,0.4741,117.0558,0.000,unity
12.9601,0.00000,1.0000,0.0000,9.98634,9.98634,9.98637,7.2,0.0136,1.0000,0.0000,0.4741,117.2556,0.000,unity
12.9801,0.00000,1.0000,0.0000,9.98634,9.98634,9.98637,7.2,0.0136,1.0000,0.0000,0.4741,117.4553,0.000,unity
13.0001,0.00000,1.0000,0.0000,9.98634,9.98634,9.98637,7.2,0.0136,1.0000,0.0000,0.4741,117.6550,0.000,unity
13.0201,0.00000,1.0000,0.0000,9.98634,9.98634,9.98637,7.2,0.0136,1.0000,0.0000,0.4741,117.8548,0.000,unity
13.0401,0.00000,1.0000,0.0000,9.98634,9.98634,9.98637,7.2,0.0136,1.0000,0.0000,0.4741,118.0545,0.000,unity
13.0601,0.00000,1.0000,0.0000,9.98634,9.98634,9.98637,7.2,0.0136,1.0000,0.0000,0.4741,118.2542,0.000,unity
13.0801,0.00000,1.0000,0.0000,9.98634,9.98634,9.98637,7.2,0.0136,1.0000,0.0000,0.4741,118.4539,0.000,unity
13.1001,0.00000,1.0000,0.0000,9.98634,9.98634,9.98637,7.2,0.0136,1.0000,0.0000,0.4741,118.6537,0.000,unity
13.1201,0.00000,1.0000,0.0000,9.98634,9.98634,9.98637,7.2,0.0136,1.0000,0.0000,0.4741,118.8534,0.000,unity
13.1401,0.00000,1.0000,0.0000,9.98634,9.98634,9.98637,7.2,0.0136,1.0000,0.0000,0.4741,119.0531,0.000,unity
13.1601,0.00000,1.0000,0.0000,9.98634,9.98634,9.98637,7.2,0.0136,1.0000,0.0000,0.4741,119.2529,0.000,unity
13.1801,0.00000,1.0000,0.0000,9.98634,9.98634,9.98637,7.2,0.0136,1.0000,0.0000,0.4741,119.4526,0.000,unity
13.2001,0.00000,1.0000,0.0000,9.98634,9.98634,9.98637,7.2,0.0136,1.0000,0.0000,0.4741,119.6523,0.000,unity
13.2201,0.00000,1.0000,0.0000,9.98634,9.98634,9.98637,7.2,0.0136,1.0000,0.0000,0.4741,119.8521,0.000,unity
13.2401,0.00000,1.0000,0.0000,9.98634,9.98634,9.98637,7.2,0.0136,1.0000,0.0000,0.4741,120.0518,0.000,unity
13.2601,0.00000,1.0000,0.0000,9.98634,9.98634,9.98637,7.2,0.0136,1.0000,0.0000,0.4741,120.2515,0.000,unity
13.2801,0.00000,1.0000,0.0000,9.98634,9.98634,9.98637,7.2,0.0136,1.0000,0.0000,0.4741,120.4512,0.000,unity
13.3001,0.00000,1.0000,0.0000,9.98634,9.98634,9.98637,7.2,0.0136,1.0000,0.0000,0.4741,120.6510,0.000,unity
13.3201,0.00000,1.0000,0.0000,9.98634,9.98634,9.98637,7.2,0.0136,1.0000,0.0000,0.4741,120.8507,0.000,unity
13.3401,0.00000,1.0000,0.0000,9.98634,9.98634,9.98637,7.2,0.0136,1.0000,0.0000,0.4741,121.0504,0.000,unity
13.3601,0.00000,1.0000,0.0000,9.98634,9.98634,9.98637,7.2,0.0136,1.0000,0.0000,0.4741,121.2502,0.000,unity
13.3801,0.00000,1.0000,0.0000,9.98634,9.98634,9.98637,7.2,0.0136,1.0000,0.0000,0.4741,121.4499,0.000,unity
13.4001,0.00000,1.0000,0.0000,9.98634,9.98634,9.98637,7.2,0.0136,1.0000,0.0000,0.4741,121.6496,0.000,unity
13.4201,0.00000,1.0000,0.0000,9.98634,9.98634,9.98637,7.2,0.0136,1.0000,0.0000,0.4741,121.8494,0.000,unity
13.4401,0.00000,1.0000,0.0000,9.98634,9.98634,9.98637,7.2,0.0136,1.0000,0.0000,0.4741,122.0491,0.000,unity
13.4601,0.00000,1.0000,0.0000,9.98634,9.98634,9.98637,7.2,0.0136,1.0000,0.0000,0.4741,122.2488,0.000,unity
13.4801,0.00000,1.0000,0.0000,9.98634,9.98634,9.98637,7.2,0.0136,1.0000,0.0000,0.4741,122.4485,0.000,unity
13.5001,0.00000,1.0000,0.0000,9.98634,9.98634,9.98637,7.2,0.0136,1.0000,0.0000,0.4741,122.6483,0.000,unity
13.5201,0.00000,1.0000,0.0000,9.98634,9.98634,9.98637,7.2,0.0136,1.0000,0.0000,0.4741,122.8480,0.000,unity
13.5401,0.00000,1.0000,0.0000,9.98634,9.98634,9.98637,7.2,0.0136,1.0000,0.0000,0.4741,123.0477,0.000,unity
13.5601,0.00000,1.0000,0.0000,9.98634,9.98634,9.98637,7.2,0.0136,1.0000,0.0000,0.4741,123.2475,0.000,unity
13.5801,0.00000,1.0000,0.0000,9.98634,9.98634,9.98637,7.2,0.0136,1.0000,0.0000,0.4741,123.4472,0.000,unity
13.6001,0.00000,1.0000,0.0000,9.98634,9.98634,9.98637,7.2,0.0136,1.0000,0.0000,0.4741,123.6469,0.000,unity
13.6201,0.00000,1.0000,0.0000,9.98634,9.98634,9.98637,7.2,0.0136,1.0000,0.0000,0.4741,123.8467,0.000,unity
13.6401,0.00000,1.0000,0.0000,9.98634,9.98634,9.98637,7.2,0.0136,1.0000,0.0000,0.4741,124.0464,0.000,unity
13.6601,0.00000,1.0000,0.0000,9.98634,9.98634,9.98637,7.2,0.0136,1.0000,0.0000,0.4741,124.2461,0.000,unity
13.6801,0.00000,1.0000,0.0000,9.98634,9.98634,9.98637,7.2,0.0136,1.0000,0.0000,0.4741,124.4458,0.000,unity
13.7001,0.00000,1.0000,0.0000,9.98634,9.98634,9.98637,7.2,0.0136,1.0000,0.0000,0.4741,124.6456,0.000,unity
13.7201,0.00000,1.0000,0.0000,9.98634,9.98634,9.98637,7.2,0.0136,1.0000,0.0000,0.4741,124.8453,0.000,unity
13.7401,0.00000,1.0000,0.0000,9.98634,9.98634,9.98637,7.2,0.0136,1.0000,0.0000,0.4741,125.0450,0.000,unity
13.7601,0.00000,1.0000,0.0000,9.98634,9.98634,9.98637,7.2,0.0136,1.0000,0.0000,0.4741,125.2448,0.000,unity
13.7801,0.00000,1.0000,0.0000,9.98634,9.98634,9.98637,7.2,0.0136,1.0000,0.0000,0.4741,125.4445,0.000,unity
13.8001,0.00000,1.0000,0.0000,9.98634,9.98634,9.98637,7.2,0.0136,1.0000,0.0000,0.4741,125.6442,0.000,unity
13.8201,0.00000,1.0000,0.0000,9.98634,9.98634,9.98637,7.2,0.0136,1.0000,0.0000,0.4741,125.8440,0.000,unity
13.8401,0.00000,1.0000,0.0000,9.98634,9.98634,9.98637,7.2,0.0136,1.0000,0.0000,0.4741,126.0437,0.000,unity
13.8601,0.00000,1.0000,0.0000,9.98634,9.98634,9.98637,7.2,0.0136,1.0000,0.0000,0.4741,126.2434,0.000,unity
13.8801,0.00000,1.0000,0.0000,9.98634,9.98634,9.98637,7.2,0.0136,1.0000,0.0000,0.4741,126.4431,0.000,unity
13.9001,0.00000,1.0000,0.0000,9.98634,9.98634,9.98637,7.2,0.0136,1.0000,0.0000,0.4741,126.6429,0.000,unity
13.9201,0.00000,1.0000,0.0000,9.98634,9.98634,9.98637,7.2,0.0136,1.0000,0.0000,0.4741,126.8426,0.000,unity
13.9401,0.00000,1.0000,0.0000,9.98634,9.98634,9.98637,7.2,0.0136,1.0000,0.0000,0.4741,127.0423,0.000,unity
13.9601,0.00000,1.0000,0.0000,9.98634,9.98634,9.98637,7.2,0.0136,1.0000,0.0000,0.4741,127.2421,0.000,unity
13.9801,0.00000,1.0000,0.0000,9.98634,9.98634,9.98637,7.2,0.0136,1.0000,0.0000,0.4741,127.4418,0.000,unity
14.0001,0.00000,1.0000,0.0000,9.98634,9.98634,9.98637,7.2,0.0136,1.0000,0.0000,0.4741,127.6415,0.000,unity
14.0201,0.00000,1.0000,0.0000,9.98634,9.98634,9.98637,7.2,0.0136,1.0000,0.0000,0.4741,127.8413,0.000,unity
14.0401,0.00000,1.0000,0.0000,9.98634,9.98634,9.98637,7.2,0.0136,1.0000,0.0000,0.4741,128.0410,0.000,unity
14.0601,0.00000,1.0000,0.0000,9.98634,9.98634,9.98637,7.2,0.0136,1.0000,0.0000,0.4741,128.2407,0.000,unity
14.0801,0.00000,1.0000,0.0000,9.98634,9.98634,9.98637,7.2,0.0136,1.0000,0.0000,0.4741,128.4404,0.000,unity
14.1001,0.00000,1.0000,0.0000,9.98634,9.98634,9.98637,7.2,0.0136,1.0000,0.0000,0.4741,128.6402,0.000,unity
14.1201,0.00000,1.0000,0.0000,9.98634,9.98634,9.98637,7.2,0.0136,1.0000,0.0000,0.4741,128.8399,0.000,unity
14.1401,0.00000,1.0000,0.0000,9.98634,9.98634,9.98637,7.2,0.0136,1.0000,0.0000,0.4741,129.0396,0.000,unity
14.1601,0.00000,1.0000,0.0000,9.98634,9.98634,9.98637,7.2,0.0136,1.0000,0.0000,0.4741,129.2393,0.000,unity
14.1801,0.00000,1.0000,0.0000,9.98634,9.98634,9.98637,7.2,0.0136,1.0000,0.0000,0.4741,129.4390,0.000,unity
14.2001,0.00000,1.0000,0.0000,9.98634,9.98634,9.98637,7.2,0.0136,1.0000,0.0000,0.4741,129.6388,0.000,unity
14.2201,0.00000,1.0000,0.0000,9.98634,9.98634,9.98637,7.2,0.0136,1.0000,0.0000,0.4741,129.8385,0.000,unity
14.2401,0.00000,1.0000,0.0000,9.98634,9.98634,9.98637,7.2,0.0136,1.0000,0.0000,0.4741,130.0382,0.000,unity
14.2601,0.00000,1.0000,0.0000,9.98634,9.98634,9.98637,7.2,0.0136,1.0000,0.0000,0.4741,130.2379,0.000,unity
14.2801,0.00000,1.0000,0.0000,9.98634,9.98634,9.98637,7.2,0.0136,1.0000,0.0000,0.4741,130.4377,0.000,unity
14.3001,0.00000,1.0000,0.0000,9.98634,9.98634,9.98637,7.2,0.0136,1.0000,0.0000,0.4741,130.6374,0.000,unity
14.3201,0.00000,1.0000,0.0000,9.98634,9.98634,9.98637,7.2,0.0136,1.0000,0.0000,0.4741,130.8371,0.000,unity
14.3401,0.00000,1.0000,0.0000,9.98634,9.98634,9.98637,7.2,0.0136,1.0000,0.0000,0.4741,131.0368,0.000,unity
14.3601,0.00000,1.0000,0.0000,9.98634,9.98634,9.98637,7.2,0.0136,1.0000,0.0000,0.4741,131.2365,0.000,unity
14.3801,0.00000,1.0000,0.0000,9.98634,9.98634,9.98637,7.2,0.0136,1.0000,0.0000,0.4741,131.4363,0.000,unity
14.4001,0.00000,1.0000,0.0000,9.98634,9.98634,9.98637,7.2,0.0136,1.0000,0.0000,0.4741,131.6360,0.000,unity
14.4201,0.00000,1.0000,0.0000,9.98634,9.98634,9.98637,7.2,0.0136,1.0000,0.0000,0.4741,131.8357,0.000,unity
14.4401,0.00000,1.0000,0.0000,9.98634,9.98634,9.98637,7.2,0.0136,1.0000,0.0000,0.4741,132.0354,0.000,unity
14.4601,0.00000,1.0000,0.0000,9.98634,9.98634,9.98637,7.2,0.0136,1.0000,0.0000,0.4741,132.2352,0.000,unity
14.4801,0.00000,1.0000,0.0000,9.98634,9.98634,9.98637,7.2,0.0136,1.0000,0.0000,0.4741,132.4349,0.000,unity
14.5001,0.00000,1.0000,0.0000,9.98634,9.98634,9.98637,7.2,0.0136,1.0000,0.0000,0.4741,132.6346,0.000,unity
14.5201,0.00000,1.0000,0.0000,9.98634,9.98634,9.98637,7.2,0.0136,1.0000,0.0000,0.4741,132.8343,0.000,unity
14.5401,0.00000,1.0000,0.0000,9.98634,9.98634,9.98637,7.2,0.0136,1.0000,0.0000,0.4741,133.0340,0.000,unity
14.5601,0.00000,1.0000,0.0000,9.98634,9.98634,9.98637,7.2,0.0136,1.0000,0.0000,0.4741,133.2338,0.000,unity
14.5801,0.00000,1.0000,0.0000,9.98634,9.98634,9.98637,7.2,0.0136,1.0000,0.0000,0.4741,133.4335,0.000,unity
14.6001,0.00000,1.0000,0.0000,9.98634,9.98634,9.98637,7.2,0.0136,1.0000,0.0000,0.4741,133.6332,0.000,unity
14.6201,0.00000,1.0000,0.0000,9.98634,9.98634,9.98637,7.2,0.0136,1.0000,0.0000,0.4741,133.8329,0.000,unity
14.6401,0.00000,1.0000,0.0000,9.98634,9.98634,9.98637,7.2,0.0136,1.0000,0.0000,0.4741,134.0327,0.000,unity
14.6601,0.00000,1.0000,0.0000,9.98634,9.98634,9.98637,7.2,0.0136,1.0000,0.0000,0.4741,134.2324,0.000,unity
14.6802,0.00000,1.0000,0.0000,9.98634,9.98634,9.98637,7.2,0.0136,1.0000,0.0000,0.4741,134.4321,0.000,unity
14.7002,0.00000,1.0000,0.0000,9.98634,9.98634,9.98637,7.2,0.0136,1.0000,0.0000,0.4741,134.6318,0.000,unity
14.7202,0.00000,1.0000,0.0000,9.98634,9.98634,9.98637,7.2,0.0136,1.0000,0.0000,0.4741,134.8315,0.000,unity
14.7402,0.00000,1.0000,0.0000,9.98634,9.98634,9.98637,7.2,0.0136,1.0000,0.0000,0.4741,135.0313,0.000,unity
14.7602,0.00000,1.0000,0.0000,9.98634,9.98634,9.98637,7.2,0.0136,1.0000,0.0000,0.4741,135.2310,0.000,unity
14.7802,0.00000,1.0000,0.0000,9.98634,9.98634,9.98637,7.2,0.0136,1.0000,0.0000,0.4741,135.4307,0.000,unity
14.8002,0.00000,1.0000,0.0000,9.98634,9.98634,9.98637,7.2,0.0136,1.0000,0.0000,0.4741,135.6304,0.000,unity
14.8202,0.00000,1.0000,0.0000,9.98634,9.98634,9.98637,7.2,0.0136,1.0000,0.0000,0.4741,135.8302,0.000,unity
14.8402,0.00000,1.0000,0.0000,9.98634,9.98634,9.98637,7.2,0.0136,1.0000,0.0000,0.4741,136.0299,0.000,unity
14.8602,0.00000,1.0000,0.0000,9.98634,9.98634,9.98637,7.2,0.0136,1.0000,0.0000,0.4741,136.2296,0.000,unity
14.8802,0.00000,1.0000,0.0000,9.98634,9.98634,9.98637,7.2,0.0136,1.0000,0.0000,0.4741,136.4293,0.000,unity
14.9002,0.00000,1.0000,0.0000,9.98634,9.98634,9.98637,7.2,0.0136,1.0000,0.0000,0.4741,136.6290,0.000,unity
14.9202,0.00000,1.0000,0.0000,9.98634,9.98634,9.98637,7.2,0.0136,1.0000,0.0000,0.4741,136.8288,0.000,unity
14.9402,0.00000,1.0000,0.0000,9.98634,9.98634,9.98637,7.2,0.0136,1.0000,0.0000,0.4741,137.0285,0.000,unity
14.9602,0.00000,1.0000,0.0000,9.98634,9.98634,9.98637,7.2,0.0136,1.0000,0.0000,0.4741,137.2282,0.000,unity
14.9802,0.00000,1.0000,0.0000,9.98634,9.98634,9.98637,7.2,0.0136,1.0000,0.0000,0.4741,137.4279,0.000,unity
15.0002,0.00000,1.0000,0.0000,9.98634,9.98634,9.98637,7.2,0.0136,1.0000,0.0000,0.4741,137.6277,0.000,unity
15.0202,0.00000,1.0000,0.0000,9.98634,9.98634,9.98637,7.2,0.0136,1.0000,0.0000,0.4741,137.8274,0.000,unity
15.0402,0.00000,1.0000,0.0000,9.98634,9.98634,9.98637,7.2,0.0136,1.0000,0.0000,0.4741,138.0271,0.000,unity
15.0602,0.00000,1.0000,0.0000,9.98634,9.98634,9.98637,7.2,0.0136,1.0000,0.0000,0.4741,138.2268,0.000,unity
15.0802,0.00000,1.0000,0.0000,9.98634,9.98634,9.98637,7.2,0.0136,1.0000,0.0000,0.4741,138.4265,0.000,unity
15.1002,0.00000,1.0000,0.0000,9.98634,9.98634,9.98637,7.2,0.0136,1.0000,0.0000,0.4741,138.6263,0.000,unity
15.1202,0.00000,1.0000,0.0000,9.98634,9.98634,9.98637,7.2,0.0136,1.0000,0.0000,0.4741,138.8260,0.000,unity
15.1402,0.00000,1.0000,0.0000,9.98634,9.98634,9.98637,7.2,0.0136,1.0000,0.0000,0.4741,139.0257,0.000,unity
15.1602,0.00000,1.0000,0.0000,9.98634,9.98634,9.98637,7.2,0.0136,1.0000,0.0000,0.4741,139.2254,0.000,unity
15.1802,0.00000,1.0000,0.0000,9.98634,9.98634,9.98637,7.2,0.0136,1.0000,0.0000,0.4741,139.4252,0.000,unity
15.2002,0.00000,1.0000,0.0000,9.98634,9.98634,9.98637,7.2,0.0136,1.0000,0.0000,0.4741,139.6249,0.000,unity
15.2202,0.00000,1.0000,0.0000,9.98634,9.98634,9.98637,7.2,0.0136,1.0000,0.0000,0.4741,139.8246,0.000,unity
15.2402,0.00000,1.0000,0.0000,9.98634,9.98634,9.98637,7.2,0.0136,1.0000,0.0000,0.4741,140.0243,0.000,unity
15.2602,0.00000,1.0000,0.0000,9.98634,9.98634,9.98637,7.2,0.0136,1.0000,0.0000,0.4741,140.2240,0.000,unity
15.2802,0.00000,1.0000,0.0000,9.98634,9.98634,9.98637,7.2,0.0136,1.0000,0.0000,0.4741,140.4238,0.000,unity
15.3002,0.00000,1.0000,0.0000,9.98634,9.98634,9.98637,7.2,0.0136,1.0000,0.0000,0.4741,140.6235,0.000,unity
15.3202,0.00000,1.0000,0.0000,9.98634,9.98634,9.98637,7.2,0.0136,1.0000,0.0000,0.4741,140.8232,0.000,unity
15.3402,0.00000,1.0000,0.0000,9.98634,9.98634,9.98637,7.2,0.0136,1.0000,0.0000,0.4741,141.0229,0.000,unity
15.3602,0.00000,1.0000,0.0000,9.98634,9.98634,9.98637,7.2,0.0136,1.0000,0.0000,0.4741,141.2227,0.000,unity
15.3802,0.00000,1.0000,0.0000,9.98634,9.98634,9.98637,7.2,0.0136,1.0000,0.0000,0.4741,141.4224,0.000,unity
15.4002,0.00000,1.0000,0.0000,9.98634,9.98634,9.98637,7.2,0.0136,1.0000,0.0000,0.4741,141.6221,0.000,unity
15.4202,0.00000,1.0000,0.0000,9.98634,9.98634,9.98637,7.2,0.0136,1.0000,0.0000,0.4741,141.8218,0.000,unity
15.4402,0.00000,1.0000,0.0000,9.98634,9.98634,9.98637,7.2,0.0136,1.0000,0.0000,0.4741,142.0215,0.000,unity
15.4602,0.00000,1.0000,0.0000,9.98634,9.98634,9.98637,7.2,0.0136,1.0000,0.0000,0.4741,142.2213,0.000,unity
15.4802,0.00000,1.0000,0.0000,9.98634,9.98634,9.98637,7.2,0.0136,1.0000,0.0000,0.4741,142.4210,0.000,unity
15.5002,0.00000,1.0000,0.0000,9.98634,9.98634,9.98637,7.2,0.0136,1.0000,0.0000,0.4741,142.6207,0.000,unity
15.5202,0.00000,1.0000,0.0000,9.98634,9.98634,9.98637,7.2,0.0136,1.0000,0.0000,0.4741,142.8204,0.000,unity
15.5402,0.00000,1.0000,0.0000,9.98634,9.98634,9.98637,7.2,0.0136,1.0000,0.0000,0.4741,143.0202,0.000,unity
15.5602,0.00000,1.0000,0.0000,9.98634,9.98634,9.98637,7.2,0.0136,1.0000,0.0000,0.4741,143.2199,0.000,unity
15.5802,0.00000,1.0000,0.0000,9.98634,9.98634,9.98637,7.2,0.0136,1.0000,0.0000,0.4741,143.4196,0.000,unity
15.6002,0.00000,1.0000,0.0000,9.98634,9.98634,9.98637,7.2,0.0136,1.0000,0.0000,0.4741,143.6193,0.000,unity
15.6202,0.00000,1.0000,0.0000,9.98634,9.98634,9.98637,7.2,0.0136,1.0000,0.0000,0.4741,143.8190,0.000,unity
15.6402,0.00000,1.0000,0.0000,9.98634,9.98634,9.98637,7.2,0.0136,1.0000,0.0000,0.4741,144.0188,0.000,unity
15.6602,0.00000,1.0000,0.0000,9.98634,9.98634,9.98637,7.2,0.0136,1.0000,0.0000,0.4741,144.2185,0.000,unity
15.6802,0.00000,1.0000,0.0000,9.98634,9.98634,9.98637,7.2,0.0136,1.0000,0.0000,0.4741,144.4182,0.000,unity
15.7002,0.00000,1.0000,0.0000,9.98634,9.98634,9.98637,7.2,0.0136,1.0000,0.0000,0.4741,144.6179,0.000,unity
15.7202,0.00000,1.0000,0.0000,9.98634,9.98634,9.98637,7.2,0.0136,1.0000,0.0000,0.4741,144.8177,0.000,unity
15.7402,0.00000,1.0000,0.0000,9.98634,9.98634,9.98637,7.2,0.0136,1.0000,0.0000,0.4741,145.0174,0.000,unity
15.7602,0.00000,1.0000,0.0000,9.98634,9.98634,9.98637,7.2,0.0136,1.0000,0.0000,0.4741,145.2171,0.000,unity
15.7802,0.00000,1.0000,0.0000,9.98634,9.98634,9.98637,7.2,0.0136,1.0000,0.0000,0.4741,145.4168,0.000,unity
15.8002,0.00000,1.0000,0.0000,9.98634,9.98634,9.98637,7.2,0.0136,1.0000,0.0000,0.4741,145.6165,0.000,unity
15.8202,0.00000,1.0000,0.0000,9.98634,9.98634,9.98637,7.2,0.0136,1.0000,0.0000,0.4741,145.8163,0.000,unity
15.8402,0.00000,1.0000,0.0000,9.98634,9.98634,9.98637,7.2,0.0136,1.0000,0.0000,0.4741,146.0160,0.000,unity
15.8602,0.00000,1.0000,0.0000,9.98634,9.98634,9.98637,7.2,0.0136,1.0000,0.0000,0.4741,146.2157,0.000,unity
15.8802,0.00000,1.0000,0.0000,9.98634,9.98634,9.98637,7.2,0.0136,1.0000,0.0000,0.4741,146.4154,0.000,unity
15.9002,0.00000,1.0000,0.0000,9.98634,9.98634,9.98637,7.2,0.0136,1.0000,0.0000,0.4741,146.6152,0.000,unity
15.9202,0.00000,1.0000,0.0000,9.98634,9.98634,9.98637,7.2,0.0136,1.0000,0.0000,0.4741,146.8149,0.000,unity
15.9402,0.00000,1.0000,0.0000,9.98634,9.98634,9.98637,7.2,0.0136,1.0000,0.0000,0.4741,147.0146,0.000,unity
15.9602,0.00000,1.0000,0.0000,9.98634,9.98634,9.98637,7.2,0.0136,1.0000,0.0000,0.4741,147.2143,0.000,unity
15.9802,0.00000,1.0000,0.0000,9.98634,9.98634,9.98637,7.2,0.0136,1.0000,0.0000,0.4741,147.4140,0.000,unity
16.0002,0.00000,1.0000,0.0000,9.98634,9.98634,9.98637,7.2,0.0136,1.0000,0.0000,0.4741,147.6138,0.000,unity
16.0202,0.00000,1.0000,0.0000,9.98634,9.98634,9.98637,7.2,0.0136,1.0000,0.0000,0.4741,147.8135,0.000,unity
16.0402,0.00000,1.0000,0.0000,9.98634,9.98634,9.98637,7.2,0.0136,1.0000,0.0000,0.4741,148.0132,0.000,unity
16.0602,0.00000,1.0000,0.0000,9.98634,9.98634,9.98637,7.2,0.0136,1.0000,0.0000,0.4741,148.2129,0.000,unity
16.0802,0.00000,1.0000,0.0000,9.98634,9.98634,9.98637,7.2,0.0136,1.0000,0.0000,0.4741,148.4127,0.000,unity
16.1002,0.00000,1.0000,0.0000,9.98634,9.98634,9.98637,7.2,0.0136,1.0000,0.0000,0.4741,148.6124,0.000,unity
16.1202,0.00000,1.0000,0.0000,9.98634,9.98634,9.98637,7.2,0.0136,1.0000,0.0000,0.4741,148.8121,0.000,unity
16.1402,0.00000,1.0000,0.0000,9.98634,9.98634,9.98637,7.2,0.0136,1.0000,0.0000,0.4741,149.0118,0.000,unity
16.1602,0.00000,1.0000,0.0000,9.98634,9.98634,9.98637,7.2,0.0136,1.0000,0.0000,0.4741,149.2115,0.000,unity
16.1802,0.00000,1.0000,0.0000,9.98634,9.98634,9.98637,7.2,0.0136,1.0000,0.0000,0.4741,149.4113,0.000,unity
16.2002,0.00000,1.0000,0.0000,9.98634,9.98634,9.98637,7.2,0.0136,1.0000,0.0000,0.4741,149.6110,0.000,unity
16.2202,0.00000,1.0000,0.0000,9.98634,9.98634,9.98637,7.2,0.0136,1.0000,0.0000,0.4741,149.8107,0.000,unity
16.2402,0.00000,1.0000,0.0000,9.98634,9.98634,9.98637,7.2,0.0136,1.0000,0.0000,0.4741,150.0104,0.000,unity
16.2602,0.00000,1.0000,0.0000,9.98634,9.98634,9.98637,7.2,0.0136,1.0000,0.0000,0.4741,150.2102,0.000,unity
16.2802,0.00000,1.0000,0.0000,9.98634,9.98634,9.98637,7.2,0.0136,1.0000,0.0000,0.4741,150.4099,0.000,unity
16.3002,0.00000,1.0000,0.0000,9.98634,9.98634,9.98637,7.2,0.0136,1.0000,0.0000,0.4741,150.6096,0.000,unity
16.3202,0.00000,1.0000,0.0000,9.98634,9.98634,9.98637,7.2,0.0136,1.0000,0.0000,0.4741,150.8093,0.000,unity
16.3402,0.00000,1.0000,0.0000,9.98634,9.98634,9.98637,7.2,0.0136,1.0000,0.0000,0.4741,151.0090,0.000,unity
16.3602,0.00000,1.0000,0.0000,9.98634,9.98634,9.98637,7.2,0.0136,1.0000,0.0000,0.4741,151.2088,0.000,unity
16.3802,0.00000,1.0000,0.0000,9.98634,9.98634,9.98637,7.2,0.0136,1.0000,0.0000,0.4741,151.4085,0.000,unity
16.4002,0.00000,1.0000,0.0000,9.98634,9.98634,9.98637,7.2,0.0136,1.0000,0.0000,0.4741,151.6082,0.000,unity
16.4202,0.00000,1.0000,0.0000,9.98634,9.98634,9.98637,7.2,0.0136,1.0000,0.0000,0.4741,151.8079,0.000,unity
16.4402,0.00000,1.0000,0.0000,9.98634,9.98634,9.98637,7.2,0.0136,1.0000,0.0000,0.4741,152.0077,0.000,unity
16.4602,0.00000,1.0000,0.0000,9.98634,9.98634,9.98637,7.2,0.0136,1.0000,0.0000,0.4741,152.2074,0.000,unity
16.4802,0.00000,1.0000,0.0000,9.98634,9.98634,9.98637,7.2,0.0136,1.0000,0.0000,0.4741,152.4071,0.000,unity
16.5002,0.00000,1.0000,0.0000,9.98634,9.98634,9.98637,7.2,0.0136,1.0000,0.0000,0.4741,152.6068,0.000,unity
16.5202,0.00000,1.0000,0.0000,9.98634,9.98634,9.98637,7.2,0.0136,1.0000,0.0000,0.4741,152.8065,0.000,unity
16.5402,0.00000,1.0000,0.0000,9.98634,9.98634,9.98637,7.2,0.0136,1.0000,0.0000,0.4741,153.0063,0.000,unity
16.5602,0.00000,1.0000,0.0000,9.98634,9.98634,9.98637,7.2,0.0136,1.0000,0.0000,0.4741,153.2060,0.000,unity
16.5802,0.00000,1.0000,0.0000,9.98634,9.98634,9.98637,7.2,0.0136,1.0000,0.0000,0.4741,153.4057,0.000,unity
16.6002,0.00000,1.0000,0.0000,9.98634,9.98634,9.98637,7.2,0.0136,1.0000,0.0000,0.4741,153.6054,0.000,unity
16.6202,0.00000,1.0000,0.0000,9.98634,9.98634,9.98637,7.2,0.0136,1.0000,0.0000,0.4741,153.8052,0.000,unity
16.6402,0.00000,1.0000,0.0000,9.98634,9.98634,9.98637,7.2,0.0136,1.0000,0.0000,0.4741,154.0049,0.000,unity
16.6602,0.00000,1.0000,0.0000,9.98634,9.98634,9.98637,7.2,0.0136,1.0000,0.0000,0.4741,154.2046,0.000,unity
16.6802,0.00000,1.0000,0.0000,9.98634,9.98634,9.98637,7.2,0.0136,1.0000,0.0000,0.4741,154.4043,0.000,unity
16.7002,0.00000,1.0000,0.0000,9.98634,9.98634,9.98637,7.2,0.0136,1.0000,0.0000,0.4741,154.6040,0.000,unity
16.7202,0.00000,1.0000,0.0000,9.98634,9.98634,9.98637,7.2,0.0136,1.0000,0.0000,0.4741,154.8038,0.000,unity
16.7402,0.00000,1.0000,0.0000,9.98634,9.98634,9.98637,7.2,0.0136,1.0000,0.0000,0.4741,155.0035,0.000,unity
16.7602,0.00000,1.0000,0.0000,9.98634,9.98634,9.98637,7.2,0.0136,1.0000,0.0000,0.4741,155.2032,0.000,unity
16.7802,0.00000,1.0000,0.0000,9.98634,9.98634,9.98637,7.2,0.0136,1.0000,0.0000,0.4741,155.4029,0.000,unity
16.8002,0.00000,1.0000,0.0000,9.98634,9.98634,9.98637,7.2,0.0136,1.0000,0.0000,0.4741,155.6027,0.000,unity
16.8202,0.00000,1.0000,0.0000,9.98634,9.98634,9.98637,7.2,0.0136,1.0000,0.0000,0.4741,155.8024,0.000,unity
16.8402,0.00000,1.0000,0.0000,9.98634,9.98634,9.98637,7.2,0.0136,1.0000,0.0000,0.4741,156.0021,0.000,unity
16.8602,0.00000,1.0000,0.0000,9.98634,9.98634,9.98637,7.2,0.0136,1.0000,0.0000,0.4741,156.2018,0.000,unity
16.8802,0.00000,1.0000,0.0000,9.98634,9.98634,9.98637,7.2,0.0136,1.0000,0.0000,0.4741,156.4016,0.000,unity
16.9002,0.00000,1.0000,0.0000,9.98634,9.98634,9.98637,7.2,0.0136,1.0000,0.0000,0.4741,156.6013,0.000,unity
16.9202,0.00000,1.0000,0.0000,9.98634,9.98634,9.98637,7.2,0.0136,1.0000,0.0000,0.4741,156.8010,0.000,unity
16.9402,0.00000,1.0000,0.0000,9.98634,9.98634,9.98637,7.2,0.0136,1.0000,0.0000,0.4741,157.0007,0.000,unity
16.9602,0.00000,1.0000,0.0000,9.98634,9.98634,9.98637,7.2,0.0136,1.0000,0.0000,0.4741,157.2004,0.000,unity
16.9802,0.00000,1.0000,0.0000,9.98634,9.98634,9.98637,7.2,0.0136,1.0000,0.0000,0.4741,157.4002,0.000,unity
17.0002,0.00000,1.0000,0.0000,9.98634,9.98634,9.98637,7.2,0.0136,1.0000,0.0000,0.4741,157.5999,0.000,unity
17.0202,0.00000,1.0000,0.0000,9.98634,9.98634,9.98637,7.2,0.0136,1.0000,0.0000,0.4741,157.7996,0.000,unity
17.0402,0.00000,1.0000,0.0000,9.98634,9.98634,9.98637,7.2,0.0136,1.0000,0.0000,0.4741,157.9993,0.000,unity
17.0602,0.00000,1.0000,0.0000,9.98634,9.98634,9.98637,7.2,0.0136,1.0000,0.0000,0.4741,158.1991,0.000,unity
17.0802,0.00000,1.0000,0.0000,9.98634,9.98634,9.98637,7.2,0.0136,1.0000,0.0000,0.4741,158.3988,0.000,unity
17.1002,0.00000,1.0000,0.0000,9.98634,9.98634,9.98637,7.2,0.0136,1.0000,0.0000,0.4741,158.5985,0.000,unity
17.1202,0.00000,1.0000,0.0000,9.98634,9.98634,9.98637,7.2,0.0136,1.0000,0.0000,0.4741,158.7982,0.000,unity
17.1402,0.00000,1.0000,0.0000,9.98634,9.98634,9.98637,7.2,0.0136,1.0000,0.0000,0.4741,158.9979,0.000,unity
17.1602,0.00000,1.0000,0.0000,9.98634,9.98634,9.98637,7.2,0.0136,1.0000,0.0000,0.4741,159.1977,0.000,unity
17.1802,0.00000,1.0000,0.0000,9.98634,9.98634,9.98637,7.2,0.0136,1.0000,0.0000,0.4741,159.3974,0.000,unity
17.2002,0.00000,1.0000,0.0000,9.98634,9.98634,9.98637,7.2,0.0136,1.0000,0.0000,0.4741,159.5971,0.000,unity
17.2202,0.00000,1.0000,0.0000,9.98634,9.98634,9.98637,7.2,0.0136,1.0000,0.0000,0.4741,159.7968,0.000,unity
17.2402,0.00000,1.0000,0.0000,9.98634,9.98634,9.98637,7.2,0.0136,1.0000,0.0000,0.4741,159.9966,0.000,unity
17.2602,0.00000,1.0000,0.0000,9.98634,9.98634,9.98637,7.2,0.0136,1.0000,0.0000,0.4741,160.1963,0.000,unity
17.2802,0.00000,1.0000,0.0000,9.98634,9.98634,9.98637,7.2,0.0136,1.0000,0.0000,0.4741,160.3960,0.000,unity
17.3002,0.00000,1.0000,0.0000,9.98634,9.98634,9.98637,7.2,0.0136,1.0000,0.0000,0.4741,160.5957,0.000,unity
17.3202,0.00000,1.0000,0.0000,9.98634,9.98634,9.98637,7.2,0.0136,1.0000,0.0000,0.4741,160.7954,0.000,unity
17.3402,0.00000,1.0000,0.0000,9.98634,9.98634,9.98637,7.2,0.0136,1.0000,0.0000,0.4741,160.9952,0.000,unity
17.3602,0.00000,1.0000,0.0000,9.98634,9.98634,9.98637,7.2,0.0136,1.0000,0.0000,0.4741,161.1949,0.000,unity
17.3802,0.00000,1.0000,0.0000,9.98634,9.98634,9.98637,7.2,0.0136,1.0000,0.0000,0.4741,161.3946,0.000,unity
17.4002,0.00000,1.0000,0.0000,9.98634,9.98634,9.98637,7.2,0.0136,1.0000,0.0000,0.4741,161.5943,0.000,unity
17.4202,0.00000,1.0000,0.0000,9.98634,9.98634,9.98637,7.2,0.0136,1.0000,0.0000,0.4741,161.7941,0.000,unity
17.4402,0.00000,1.0000,0.0000,9.98634,9.98634,9.98637,7.2,0.0136,1.0000,0.0000,0.4741,161.9938,0.000,unity
17.4602,0.00000,1.0000,0.0000,9.98634,9.98634,9.98637,7.2,0.0136,1.0000,0.0000,0.4741,162.1935,0.000,unity
17.4802,0.00000,1.0000,0.0000,9.98634,9.98634,9.98637,7.2,0.0136,1.0000,0.0000,0.4741,162.3932,0.000,unity
17.5002,0.00000,1.0000,0.0000,9.98634,9.98634,9.98637,7.2,0.0136,1.0000,0.0000,0.4741,162.5929,0.000,unity
17.5202,0.00000,1.0000,0.0000,9.98634,9.98634,9.98637,7.2,0.0136,1.0000,0.0000,0.4741,162.7927,0.000,unity
17.5402,0.00000,1.0000,0.0000,9.98634,9.98634,9.98637,7.2,0.0136,1.0000,0.0000,0.4741,162.9924,0.000,unity
17.5602,0.00000,1.0000,0.0000,9.98634,9.98634,9.98637,7.2,0.0136,1.0000,0.0000,0.4741,163.1921,0.000,unity
17.5802,0.00000,1.0000,0.0000,9.98634,9.98634,9.98637,7.2,0.0136,1.0000,0.0000,0.4741,163.3918,0.000,unity
17.6002,0.00000,1.0000,0.0000,9.98634,9.98634,9.98637,7.2,0.0136,1.0000,0.0000,0.4741,163.5916,0.000,unity
17.6202,0.00000,1.0000,0.0000,9.98634,9.98634,9.98637,7.2,0.0136,1.0000,0.0000,0.4741,163.7913,0.000,unity
17.6402,0.00000,1.0000,0.0000,9.98634,9.98634,9.98637,7.2,0.0136,1.0000,0.0000,0.4741,163.9910,0.000,unity
17.6602,0.00000,1.0000,0.0000,9.98634,9.98634,9.98637,7.2,0.0136,1.0000,0.0000,0.4741,164.1907,0.000,unity
17.6802,0.00000,1.0000,0.0000,9.98634,9.98634,9.98637,7.2,0.0136,1.0000,0.0000,0.4741,164.3904,0.000,unity
17.7002,0.00000,1.0000,0.0000,9.98634,9.98634,9.98637,7.2,0.0136,1.0000,0.0000,0.4741,164.5902,0.000,unity
17.7202,0.00000,1.0000,0.0000,9.98634,9.98634,9.98637,7.2,0.0136,1.0000,0.0000,0.4741,164.7899,0.000,unity
17.7402,0.00000,1.0000,0.0000,9.98634,9.98634,9.98637,7.2,0.0136,1.0000,0.0000,0.4741,164.9896,0.000,unity
17.7602,0.00000,1.0000,0.0000,9.98634,9.98634,9.98637,7.2,0.0136,1.0000,0.0000,0.4741,165.1893,0.000,unity
17.7802,0.00000,1.0000,0.0000,9.98634,9.98634,9.98637,7.2,0.0136,1.0000,0.0000,0.4741,165.3891,0.000,unity
17.8002,0.00000,1.0000,0.0000,9.98634,9.98634,9.98637,7.2,0.0136,1.0000,0.0000,0.4741,165.5888,0.000,unity
17.8202,0.00000,1.0000,0.0000,9.98634,9.98634,9.98637,7.2,0.0136,1.0000,0.0000,0.4741,165.7885,0.000,unity
17.8402,0.00000,1.0000,0.0000,9.98634,9.98634,9.98637,7.2,0.0136,1.0000,0.0000,0.4741,165.9882,0.000,unity
17.8602,0.00000,1.0000,0.0000,9.98634,9.98634,9.98637,7.2,0.0136,1.0000,0.0000,0.4741,166.1879,0.000,unity
17.8802,0.00000,1.0000,0.0000,9.98634,9.98634,9.98637,7.2,0.0136,1.0000,0.0000,0.4741,166.3877,0.000,unity
17.9002,0.00000,1.0000,0.0000,9.98634,9.98634,9.98637,7.2,0.0136,1.0000,0.0000,0.4741,166.5874,0.000,unity
17.9202,0.00000,1.0000,0.0000,9.98634,9.98634,9.98637,7.2,0.0136,1.0000,0.0000,0.4741,166.7871,0.000,unity
17.9402,0.00000,1.0000,0.0000,9.98634,9.98634,9.98637,7.2,0.0136,1.0000,0.0000,0.4741,166.9868,0.000,unity
17.9602,0.00000,1.0000,0.0000,9.98634,9.98634,9.98637,7.2,0.0136,1.0000,0.0000,0.4741,167.1866,0.000,unity
17.9802,0.00000,1.0000,0.0000,9.98634,9.98634,9.98637,7.2,0.0136,1.0000,0.0000,0.4741,167.3863,0.000,unity
18.0002,0.00000,1.0000,0.0000,9.98634,9.98634,9.98637,7.2,0.0136,1.0000,0.0000,0.4741,167.5860,0.000,unity
18.0202,0.00000,1.0000,0.0000,9.98634,9.98634,9.98637,7.2,0.0136,1.0000,0.0000,0.4741,167.7857,0.000,unity
18.0402,0.00000,1.0000,0.0000,9.98634,9.98634,9.98637,7.2,0.0136,1.0000,0.0000,0.4741,167.9854,0.000,unity
18.0602,0.00000,1.0000,0.0000,9.98634,9.98634,9.98637,7.2,0.0136,1.0000,0.0000,0.4741,168.1852,0.000,unity
18.0802,0.00000,1.0000,0.0000,9.98634,9.98634,9.98637,7.2,0.0136,1.0000,0.0000,0.4741,168.3849,0.000,unity
18.1002,0.00000,1.0000,0.0000,9.98634,9.98634,9.98637,7.2,0.0136,1.0000,0.0000,0.4741,168.5846,0.000,unity
18.1202,0.00000,1.0000,0.0000,9.98634,9.98634,9.98637,7.2,0.0136,1.0000,0.0000,0.4741,168.7843,0.000,unity
18.1402,0.00000,1.0000,0.0000,9.98634,9.98634,9.98637,7.2,0.0136,1.0000,0.0000,0.4741,168.9841,0.000,unity
18.1602,0.00000,1.0000,0.0000,9.98634,9.98634,9.98637,7.2,0.0136,1.0000,0.0000,0.4741,169.1838,0.000,unity
18.1802,0.00000,1.0000,0.0000,9.98634,9.98634,9.98637,7.2,0.0136,1.0000,0.0000,0.4741,169.3835,0.000,unity
18.2002,0.00000,1.0000,0.0000,9.98634,9.98634,9.98637,7.2,0.0136,1.0000,0.0000,0.4741,169.5832,0.000,unity
18.2202,0.00000,1.0000,0.0000,9.98634,9.98634,9.98637,7.2,0.0136,1.0000,0.0000,0.4741,169.7829,0.000,unity
18.2402,0.00000,1.0000,0.0000,9.98634,9.98634,9.98637,7.2,0.0136,1.0000,0.0000,0.4741,169.9827,0.000,unity
18.2602,0.00000,1.0000,0.0000,9.98634,9.98634,9.98637,7.2,0.0136,1.0000,0.0000,0.4741,170.1824,0.000,unity
18.2802,0.00000,1.0000,0.0000,9.98634,9.98634,9.98637,7.2,0.0136,1.0000,0.0000,0.4741,170.3821,0.000,unity
18.3002,0.00000,1.0000,0.0000,9.98634,9.98634,9.98637,7.2,0.0136,1.0000,0.0000,0.4741,170.5818,0.000,unity
18.3202,0.00000,1.0000,0.0000,9.98634,9.98634,9.98637,7.2,0.0136,1.0000,0.0000,0.4741,170.7816,0.000,unity
18.3402,0.00000,1.0000,0.0000,9.98634,9.98634,9.98637,7.2,0.0136,1.0000,0.0000,0.4741,170.9813,0.000,unity
18.3602,0.00000,1.0000,0.0000,9.98634,9.98634,9.98637,7.2,0.0136,1.0000,0.0000,0.4741,171.1810,0.000,unity
18.3802,0.00000,1.0000,0.0000,9.98634,9.98634,9.98637,7.2,0.0136,1.0000,0.0000,0.4741,171.3807,0.000,unity
18.4002,0.00000,1.0000,0.0000,9.98634,9.98634,9.98637,7.2,0.0136,1.0000,0.0000,0.4741,171.5804,0.000,unity
18.4202,0.00000,1.0000,0.0000,9.98634,9.98634,9.98637,7.2,0.0136,1.0000,0.0000,0.4741,171.7802,0.000,unity
18.4402,0.00000,1.0000,0.0000,9.98634,9.98634,9.98637,7.2,0.0136,1.0000,0.0000,0.4741,171.9799,0.000,unity
18.4602,0.00000,1.0000,0.0000,9.98634,9.98634,9.98637,7.2,0.0136,1.0000,0.0000,0.4741,172.1796,0.000,unity
18.4802,0.00000,1.0000,0.0000,9.98634,9.98634,9.98637,7.2,0.0136,1.0000,0.0000,0.4741,172.3793,0.000,unity
18.5002,0.00000,1.0000,0.0000,9.98634,9.98634,9.98637,7.2,0.0136,1.0000,0.0000,0.4741,172.5791,0.000,unity
18.5202,0.00000,1.0000,0.0000,9.98634,9.98634,9.98637,7.2,0.0136,1.0000,0.0000,0.4741,172.7788,0.000,unity
18.5402,0.00000,1.0000,0.0000,9.98634,9.98634,9.98637,7.2,0.0136,1.0000,0.0000,0.4741,172.9785,0.000,unity
18.5602,0.00000,1.0000,0.0000,9.98634,9.98634,9.98637,7.2,0.0136,1.0000,0.0000,0.4741,173.1782,0.000,unity
18.5802,0.00000,1.0000,0.0000,9.98634,9.98634,9.98637,7.2,0.0136,1.0000,0.0000,0.4741,173.3779,0.000,unity
18.6002,0.00000,1.0000,0.0000,9.98634,9.98634,9.98637,7.2,0.0136,1.0000,0.0000,0.4741,173.5777,0.000,unity
18.6202,0.00000,1.0000,0.0000,9.98634,9.98634,9.98637,7.2,0.0136,1.0000,0.0000,0.4741,173.7774,0.000,unity
18.6402,0.00000,1.0000,0.0000,9.98634,9.98634,9.98637,7.2,0.0136,1.0000,0.0000,0.4741,173.9771,0.000,unity
18.6602,0.00000,1.0000,0.0000,9.98634,9.98634,9.98637,7.2,0.0136,1.0000,0.0000,0.4741,174.1768,0.000,unity
18.6802,0.00000,1.0000,0.0000,9.98634,9.98634,9.98637,7.2,0.0136,1.0000,0.0000,0.4741,174.3766,0.000,unity
18.7002,0.00000,1.0000,0.0000,9.98634,9.98634,9.98637,7.2,0.0136,1.0000,0.0000,0.4741,174.5763,0.000,unity
18.7202,0.00000,1.0000,0.0000,9.98634,9.98634,9.98637,7.2,0.0136,1.0000,0.0000,0.4741,174.7760,0.000,unity
18.7402,0.00000,1.0000,0.0000,9.98634,9.98634,9.98637,7.2,0.0136,1.0000,0.0000,0.4741,174.9757,0.000,unity
18.7602,0.00000,1.0000,0.0000,9.98634,9.98634,9.98637,7.2,0.0136,1.0000,0.0000,0.4741,175.1754,0.000,unity
18.7802,0.00000,1.0000,0.0000,9.98634,9.98634,9.98637,7.2,0.0136,1.0000,0.0000,0.4741,175.3752,0.000,unity
18.8002,0.00000,1.0000,0.0000,9.98634,9.98634,9.98637,7.2,0.0136,1.0000,0.0000,0.4741,175.5749,0.000,unity
18.8202,0.00000,1.0000,0.0000,9.98634,9.98634,9.98637,7.2,0.0136,1.0000,0.0000,0.4741,175.7746,0.000,unity
18.8402,0.00000,1.0000,0.0000,9.98634,9.98634,9.98637,7.2,0.0136,1.0000,0.0000,0.4741,175.9743,0.000,unity
18.8602,0.00000,1.0000,0.0000,9.98634,9.98634,9.98637,7.2,0.0136,1.0000,0.0000,0.4741,176.1741,0.000,unity
18.8802,0.00000,1.0000,0.0000,9.98634,9.98634,9.98637,7.2,0.0136,1.0000,0.0000,0.4741,176.3738,0.000,unity
18.9002,0.00000,1.0000,0.0000,9.98634,9.98634,9.98637,7.2,0.0136,1.0000,0.0000,0.4741,176.5735,0.000,unity
18.9202,0.00000,1.0000,0.0000,9.98634,9.98634,9.98637,7.2,0.0136,1.0000,0.0000,0.4741,176.7732,0.000,unity
18.9402,0.00000,1.0000,0.0000,9.98634,9.98634,9.98637,7.2,0.0136,1.0000,0.0000,0.4741,176.9729,0.000,unity
18.9602,0.00000,1.0000,0.0000,9.98634,9.98634,9.98637,7.2,0.0136,1.0000,0.0000,0.4741,177.1727,0.000,unity
18.9802,0.00000,1.0000,0.0000,9.98634,9.98634,9.98637,7.2,0.0136,1.0000,0.0000,0.4741,177.3724,0.000,unity
19.0002,0.00000,1.0000,0.0000,9.98634,9.98634,9.98637,7.2,0.0136,1.0000,0.0000,0.4741,177.5721,0.000,unity
19.0202,0.00000,1.0000,0.0000,9.98634,9.98634,9.98637,7.2,0.0136,1.0000,0.0000,0.4741,177.7718,0.000,unity
19.0403,0.00000,1.0000,0.0000,9.98634,9.98634,9.98637,7.2,0.0136,1.0000,0.0000,0.4741,177.9716,0.000,unity
19.0603,0.00000,1.0000,0.0000,9.98634,9.98634,9.98637,7.2,0.0136,1.0000,0.0000,0.4741,178.1713,0.000,unity
19.0803,0.00000,1.0000,0.0000,9.98634,9.98634,9.98637,7.2,0.0136,1.0000,0.0000,0.4741,178.3710,0.000,unity
19.1003,0.00000,1.0000,0.0000,9.98634,9.98634,9.98637,7.2,0.0136,1.0000,0.0000,0.4741,178.5707,0.000,unity
19.1203,0.00000,1.0000,0.0000,9.98634,9.98634,9.98637,7.2,0.0136,1.0000,0.0000,0.4741,178.7704,0.000,unity
19.1403,0.00000,1.0000,0.0000,9.98634,9.98634,9.98637,7.2,0.0136,1.0000,0.0000,0.4741,178.9702,0.000,unity
19.1603,0.00000,1.0000,0.0000,9.98634,9.98634,9.98637,7.2,0.0136,1.0000,0.0000,0.4741,179.1699,0.000,unity
19.1803,0.00000,1.0000,0.0000,9.98634,9.98634,9.98637,7.2,0.0136,1.0000,0.0000,0.4741,179.3696,0.000,unity
19.2003,0.00000,1.0000,0.0000,9.98634,9.98634,9.98637,7.2,0.0136,1.0000,0.0000,0.4741,179.5693,0.000,unity
19.2203,0.00000,1.0000,0.0000,9.98634,9.98634,9.98637,7.2,0.0136,1.0000,0.0000,0.4741,179.7691,0.000,unity
19.2403,0.00000,1.0000,0.0000,9.98634,9.98634,9.98637,7.2,0.0136,1.0000,0.0000,0.4741,179.9688,0.000,unity
19.2603,0.00000,1.0000,0.0000,9.98634,9.98634,9.98637,7.2,0.0136,1.0000,0.0000,0.4741,180.1685,0.000,unity
19.2803,0.00000,1.0000,0.0000,9.98634,9.98634,9.98637,7.2,0.0136,1.0000,0.0000,0.4741,180.3682,0.000,unity
19.3003,0.00000,1.0000,0.0000,9.98634,9.98634,9.98637,7.2,0.0136,1.0000,0.0000,0.4741,180.5679,0.000,unity
19.3203,0.00000,1.0000,0.0000,9.98634,9.98634,9.98637,7.2,0.0136,1.0000,0.0000,0.4741,180.7677,0.000,unity
19.3403,0.00000,1.0000,0.0000,9.98634,9.98634,9.98637,7.2,0.0136,1.0000,0.0000,0.4741,180.9674,0.000,unity
19.3603,0.00000,1.0000,0.0000,9.98634,9.98634,9.98637,7.2,0.0136,1.0000,0.0000,0.4741,181.1671,0.000,unity
19.3803,0.00000,1.0000,0.0000,9.98634,9.98634,9.98637,7.2,0.0136,1.0000,0.0000,0.4741,181.3668,0.000,unity
19.4003,0.00000,1.0000,0.0000,9.98634,9.98634,9.98637,7.2,0.0136,1.0000,0.0000,0.4741,181.5666,0.000,unity
19.4203,0.00000,1.0000,0.0000,9.98634,9.98634,9.98637,7.2,0.0136,1.0000,0.0000,0.4741,181.7663,0.000,unity
19.4403,0.00000,1.0000,0.0000,9.98634,9.98634,9.98637,7.2,0.0136,1.0000,0.0000,0.4741,181.9660,0.000,unity
19.4603,0.00000,1.0000,0.0000,9.98634,9.98634,9.98637,7.2,0.0136,1.0000,0.0000,0.4741,182.1657,0.000,unity
19.4803,0.00000,1.0000,0.0000,9.98634,9.98634,9.98637,7.2,0.0136,1.0000,0.0000,0.4741,182.3654,0.000,unity
19.5003,0.00000,1.0000,0.0000,9.98634,9.98634,9.98637,7.2,0.0136,1.0000,0.0000,0.4741,182.5652,0.000,unity
19.5203,0.00000,1.0000,0.0000,9.98634,9.98634,9.98637,7.2,0.0136,1.0000,0.0000,0.4741,182.7649,0.000,unity
19.5403,0.00000,1.0000,0.0000,9.98634,9.98634,9.98637,7.2,0.0136,1.0000,0.0000,0.4741,182.9646,0.000,unity
19.5603,0.00000,1.0000,0.0000,9.98634,9.98634,9.98637,7.2,0.0136,1.0000,0.0000,0.4741,183.1643,0.000,unity
19.5803,0.00000,1.0000,0.0000,9.98634,9.98634,9.98637,7.2,0.0136,1.0000,0.0000,0.4741,183.3641,0.000,unity
19.6003,0.00000,1.0000,0.0000,9.98634,9.98634,9.98637,7.2,0.0136,1.0000,0.0000,0.4741,183.5638,0.000,unity
19.6203,0.00000,1.0000,0.0000,9.98634,9.98634,9.98637,7.2,0.0136,1.0000,0.0000,0.4741,183.7635,0.000,unity
19.6403,0.00000,1.0000,0.0000,9.98634,9.98634,9.98637,7.2,0.0136,1.0000,0.0000,0.4741,183.9632,0.000,unity
19.6603,0.00000,1.0000,0.0000,9.98634,9.98634,9.98637,7.2,0.0136,1.0000,0.0000,0.4741,184.1629,0.000,unity
19.6803,0.00000,1.0000,0.0000,9.98634,9.98634,9.98637,7.2,0.0136,1.0000,0.0000,0.4741,184.3627,0.000,unity
19.7003,0.00000,1.0000,0.0000,9.98634,9.98634,9.98637,7.2,0.0136,1.0000,0.0000,0.4741,184.5624,0.000,unity
19.7203,0.00000,1.0000,0.0000,9.98634,9.98634,9.98637,7.2,0.0136,1.0000,0.0000,0.4741,184.7621,0.000,unity
19.7403,0.00000,1.0000,0.0000,9.98634,9.98634,9.98637,7.2,0.0136,1.0000,0.0000,0.4741,184.9618,0.000,unity
19.7603,0.00000,1.0000,0.0000,9.98634,9.98634,9.98637,7.2,0.0136,1.0000,0.0000,0.4741,185.1616,0.000,unity
19.7803,0.00000,1.0000,0.0000,9.98634,9.98634,9.98637,7.2,0.0136,1.0000,0.0000,0.4741,185.3613,0.000,unity
19.8003,0.00000,1.0000,0.0000,9.98634,9.98634,9.98637,7.2,0.0136,1.0000,0.0000,0.4741,185.5610,0.000,unity
19.8203,0.00000,1.0000,0.0000,9.98634,9.98634,9.98637,7.2,0.0136,1.0000,0.0000,0.4741,185.7607,0.000,unity
19.8403,0.00000,1.0000,0.0000,9.98634,9.98634,9.98637,7.2,0.0136,1.0000,0.0000,0.4741,185.9604,0.000,unity
19.8603,0.00000,1.0000,0.0000,9.98634,9.98634,9.98637,7.2,0.0136,1.0000,0.0000,0.4741,186.1602,0.000,unity
19.8803,0.00000,1.0000,0.0000,9.98634,9.98634,9.98637,7.2,0.0136,1.0000,0.0000,0.4741,186.3599,0.000,unity
19.9003,0.00000,1.0000,0.0000,9.98634,9.98634,9.98637,7.2,0.0136,1.0000,0.0000,0.4741,186.5596,0.000,unity
19.9203,0.00000,1.0000,0.0000,9.98634,9.98634,9.98637,7.2,0.0136,1.0000,0.0000,0.4741,186.7593,0.000,unity
19.9403,0.00000,1.0000,0.0000,9.98634,9.98634,9.98637,7.2,0.0136,1.0000,0.0000,0.4741,186.9591,0.000,unity
19.9603,0.00000,1.0000,0.0000,9.98634,9.98634,9.98637,7.2,0.0136,1.0000,0.0000,0.4741,187.1588,0.000,unity
19.9803,0.00000,1.0000,0.0000,9.98634,9.98634,9.98637,7.2,0.0136,1.0000,0.0000,0.4741,187.3585,0.000,unity
20.0003,0.00000,1.0000,0.0000,9.98634,9.98634,9.98637,7.2,0.0136,1.0000,0.0000,0.4741,187.5582,0.000,unity
20.0203,0.00000,1.0000,0.0000,9.98634,9.98634,9.98637,7.2,0.0136,1.0000,0.0000,0.4741,187.7579,0.000,unity
20.0403,0.00000,1.0000,0.0000,9.98634,9.98634,9.98637,7.2,0.0136,1.0000,0.0000,0.4741,187.9577,0.000,unity
20.0603,0.00000,1.0000,0.0000,9.98634,9.98634,9.98637,7.2,0.0136,1.0000,0.0000,0.4741,188.1574,0.000,unity
20.0803,0.00000,1.0000,0.0000,9.98634,9.98634,9.98637,7.2,0.0136,1.0000,0.0000,0.4741,188.3571,0.000,unity
20.1003,0.00000,1.0000,0.0000,9.98634,9.98634,9.98637,7.2,0.0136,1.0000,0.0000,0.4741,188.5568,0.000,unity
20.1203,0.00000,1.0000,0.0000,9.98634,9.98634,9.98637,7.2,0.0136,1.0000,0.0000,0.4741,188.7566,0.000,unity
20.1403,0.00000,1.0000,0.0000,9.98634,9.98634,9.98637,7.2,0.0136,1.0000,0.0000,0.4741,188.9563,0.000,unity
20.1603,0.00000,1.0000,0.0000,9.98634,9.98634,9.98637,7.2,0.0136,1.0000,0.0000,0.4741,189.1560,0.000,unity
20.1803,0.00000,1.0000,0.0000,9.98634,9.98634,9.98637,7.2,0.0136,1.0000,0.0000,0.4741,189.3557,0.000,unity
20.2003,0.00000,1.0000,0.0000,9.98634,9.98634,9.98637,7.2,0.0136,1.0000,0.0000,0.4741,189.5555,0.000,unity
20.2203,0.00000,1.0000,0.0000,9.98634,9.98634,9.98637,7.2,0.0136,1.0000,0.0000,0.4741,189.7552,0.000,unity
20.2403,0.00000,1.0000,0.0000,9.98634,9.98634,9.98637,7.2,0.0136,1.0000,0.0000,0.4741,189.9549,0.000,unity
20.2603,0.00000,1.0000,0.0000,9.98634,9.98634,9.98637,7.2,0.0136,1.0000,0.0000,0.4741,190.1546,0.000,unity
20.2803,0.00000,1.0000,0.0000,9.98634,9.98634,9.98637,7.2,0.0136,1.0000,0.0000,0.4741,190.3543,0.000,unity
20.3003,0.00000,1.0000,0.0000,9.98634,9.98634,9.98637,7.2,0.0136,1.0000,0.0000,0.4741,190.5541,0.000,unity
20.3203,0.00000,1.0000,0.0000,9.98634,9.98634,9.98637,7.2,0.0136,1.0000,0.0000,0.4741,190.7538,0.000,unity
20.3403,0.00000,1.0000,0.0000,9.98634,9.98634,9.98637,7.2,0.0136,1.0000,0.0000,0.4741,190.9535,0.000,unity
20.3603,0.00000,1.0000,0.0000,9.98634,9.98634,9.98637,7.2,0.0136,1.0000,0.0000,0.4741,191.1532,0.000,unity
20.3803,0.00000,1.0000,0.0000,9.98634,9.98634,9.98637,7.2,0.0136,1.0000,0.0000,0.4741,191.3530,0.000,unity
20.4003,0.00000,1.0000,0.0000,9.98634,9.98634,9.98637,7.2,0.0136,1.0000,0.0000,0.4741,191.5527,0.000,unity
20.4203,0.00000,1.0000,0.0000,9.98634,9.98634,9.98637,7.2,0.0136,1.0000,0.0000,0.4741,191.7524,0.000,unity
20.4403,0.00000,1.0000,0.0000,9.98634,9.98634,9.98637,7.2,0.0136,1.0000,0.0000,0.4741,191.9521,0.000,unity
20.4603,0.00000,1.0000,0.0000,9.98634,9.98634,9.98637,7.2,0.0136,1.0000,0.0000,0.4741,192.1518,0.000,unity
20.4803,0.00000,1.0000,0.0000,9.98634,9.98634,9.98637,7.2,0.0136,1.0000,0.0000,0.4741,192.3516,0.000,unity
20.5003,0.00000,1.0000,0.0000,9.98634,9.98634,9.98637,7.2,0.0136,1.0000,0.0000,0.4741,192.5513,0.000,unity
20.5203,0.00000,1.0000,0.0000,9.98634,9.98634,9.98637,7.2,0.0136,1.0000,0.0000,0.4741,192.7510,0.000,unity
20.5403,0.00000,1.0000,0.0000,9.98634,9.98634,9.98637,7.2,0.0136,1.0000,0.0000,0.4741,192.9507,0.000,unity
20.5603,0.00000,1.0000,0.0000,9.98634,9.98634,9.98637,7.2,0.0136,1.0000,0.0000,0.4741,193.1505,0.000,unity
20.5803,0.00000,1.0000,0.0000,9.98634,9.98634,9.98637,7.2,0.0136,1.0000,0.0000,0.4741,193.3502,0.000,unity
20.6003,0.00000,1.0000,0.0000,9.98634,9.98634,9.98637,7.2,0.0136,1.0000,0.0000,0.4741,193.5499,0.000,unity
20.6203,0.00000,1.0000,0.0000,9.98634,9.98634,9.98637,7.2,0.0136,1.0000,0.0000,0.4741,193.7496,0.000,unity
20.6403,0.00000,1.0000,0.0000,9.98634,9.98634,9.98637,7.2,0.0136,1.0000,0.0000,0.4741,193.9493,0.000,unity
20.6603,0.00000,1.0000,0.0000,9.98634,9.98634,9.98637,7.2,0.0136,1.0000,0.0000,0.4741,194.1491,0.000,unity
20.6803,0.00000,1.0000,0.0000,9.98634,9.98634,9.98637,7.2,0.0136,1.0000,0.0000,0.4741,194.3488,0.000,unity
20.7003,0.00000,1.0000,0.0000,9.98634,9.98634,9.98637,7.2,0.0136,1.0000,0.0000,0.4741,194.5485,0.000,unity
20.7203,0.00000,1.0000,0.0000,9.98634,9.98634,9.98637,7.2,0.0136,1.0000,0.0000,0.4741,194.7482,0.000,unity
20.7403,0.00000,1.0000,0.0000,9.98634,9.98634,9.98637,7.2,0.0136,1.0000,0.0000,0.4741,194.9480,0.000,unity
20.7603,0.00000,1.0000,0.0000,9.98634,9.98634,9.98637,7.2,0.0136,1.0000,0.0000,0.4741,195.1477,0.000,unity
20.7803,0.00000,1.0000,0.0000,9.98634,9.98634,9.98637,7.2,0.0136,1.0000,0.0000,0.4741,195.3474,0.000,unity
20.8003,0.00000,1.0000,0.0000,9.98634,9.98634,9.98637,7.2,0.0136,1.0000,0.0000,0.4741,195.5471,0.000,unity
20.8203,0.00000,1.0000,0.0000,9.98634,9.98634,9.98637,7.2,0.0136,1.0000,0.0000,0.4741,195.7468,0.000,unity
20.8403,0.00000,1.0000,0.0000,9.98634,9.98634,9.98637,7.2,0.0136,1.0000,0.0000,0.4741,195.9466,0.000,unity
20.8603,0.00000,1.0000,0.0000,9.98634,9.98634,9.98637,7.2,0.0136,1.0000,0.0000,0.4741,196.1463,0.000,unity
20.8803,0.00000,1.0000,0.0000,9.98634,9.98634,9.98637,7.2,0.0136,1.0000,0.0000,0.4741,196.3460,0.000,unity
20.9003,0.00000,1.0000,0.0000,9.98634,9.98634,9.98637,7.2,0.0136,1.0000,0.0000,0.4741,196.5457,0.000,unity
20.9203,0.00000,1.0000,0.0000,9.98634,9.98634,9.98637,7.2,0.0136,1.0000,0.0000,0.4741,196.7455,0.000,unity
20.9403,0.00000,1.0000,0.0000,9.98634,9.98634,9.98637,7.2,0.0136,1.0000,0.0000,0.4741,196.9452,0.000,unity
20.9603,0.00000,1.0000,0.0000,9.98634,9.98634,9.98637,7.2,0.0136,1.0000,0.0000,0.4741,197.1449,0.000,unity
20.9803,0.00000,1.0000,0.0000,9.98634,9.98634,9.98637,7.2,0.0136,1.0000,0.0000,0.4741,197.3446,0.000,unity
21.0003,0.00000,1.0000,0.0000,9.98634,9.98634,9.98637,7.2,0.0136,1.0000,0.0000,0.4741,197.5443,0.000,unity
21.0203,0.00000,1.0000,0.0000,9.98634,9.98634,9.98637,7.2,0.0136,1.0000,0.0000,0.4741,197.7441,0.000,unity
21.0403,0.00000,1.0000,0.0000,9.98634,9.98634,9.98637,7.2,0.0136,1.0000,0.0000,0.4741,197.9438,0.000,unity
21.0603,0.00000,1.0000,0.0000,9.98634,9.98634,9.98637,7.2,0.0136,1.0000,0.0000,0.4741,198.1435,0.000,unity
21.0803,0.00000,1.0000,0.0000,9.98634,9.98634,9.98637,7.2,0.0136,1.0000,0.0000,0.4741,198.3432,0.000,unity
21.1003,0.00000,1.0000,0.0000,9.98634,9.98634,9.98637,7.2,0.0136,1.0000,0.0000,0.4741,198.5430,0.000,unity
21.1203,0.00000,1.0000,0.0000,9.98634,9.98634,9.98637,7.2,0.0136,1.0000,0.0000,0.4741,198.7427,0.000,unity
21.1403,0.00000,1.0000,0.0000,9.98634,9.98634,9.98637,7.2,0.0136,1.0000,0.0000,0.4741,198.9424,0.000,unity
21.1603,0.00000,1.0000,0.0000,9.98634,9.98634,9.98637,7.2,0.0136,1.0000,0.0000,0.4741,199.1421,0.000,unity
21.1803,0.00000,1.0000,0.0000,9.98634,9.98634,9.98637,7.2,0.0136,1.0000,0.0000,0.4741,199.3418,0.000,unity
21.2003,0.00000,1.0000,0.0000,9.98634,9.98634,9.98637,7.2,0.0136,1.0000,0.0000,0.4741,199.5416,0.000,unity
21.2203,0.00000,1.0000,0.0000,9.98634,9.98634,9.98637,7.2,0.0136,1.0000,0.0000,0.4741,199.7413,0.000,unity
21.2403,0.00000,1.0000,0.0000,9.98634,9.98634,9.98637,7.2,0.0136,1.0000,0.0000,0.4741,199.9410,0.000,unity
21.2603,0.00000,1.0000,0.0000,9.98634,9.98634,9.98637,7.2,0.0136,1.0000,0.0000,0.4741,200.1407,0.000,unity
21.2803,0.00000,1.0000,0.0000,9.98634,9.98634,9.98637,7.2,0.0136,1.0000,0.0000,0.4741,200.3405,0.000,unity
21.3003,0.00000,1.0000,0.0000,9.98634,9.98634,9.98637,7.2,0.0136,1.0000,0.0000,0.4741,200.5402,0.000,unity
21.3203,0.00000,1.0000,0.0000,9.98634,9.98634,9.98637,7.2,0.0136,1.0000,0.0000,0.4741,200.7399,0.000,unity
21.3403,0.00000,1.0000,0.0000,9.98634,9.98634,9.98637,7.2,0.0136,1.0000,0.0000,0.4741,200.9396,0.000,unity
21.3603,0.00000,1.0000,0.0000,9.98634,9.98634,9.98637,7.2,0.0136,1.0000,0.0000,0.4741,201.1393,0.000,unity
21.3803,0.00000,1.0000,0.0000,9.98634,9.98634,9.98637,7.2,0.0136,1.0000,0.0000,0.4741,201.3391,0.000,unity
21.4003,0.00000,1.0000,0.0000,9.98634,9.98634,9.98637,7.2,0.0136,1.0000,0.0000,0.4741,201.5388,0.000,unity
21.4203,0.00000,1.0000,0.0000,9.98634,9.98634,9.98637,7.2,0.0136,1.0000,0.0000,0.4741,201.7385,0.000,unity
21.4403,0.00000,1.0000,0.0000,9.98634,9.98634,9.98637,7.2,0.0136,1.0000,0.0000,0.4741,201.9382,0.000,unity
21.4603,0.00000,1.0000,0.0000,9.98634,9.98634,9.98637,7.2,0.0136,1.0000,0.0000,0.4741,202.1380,0.000,unity
21.4803,0.00000,1.0000,0.0000,9.98634,9.98634,9.98637,7.2,0.0136,1.0000,0.0000,0.4741,202.3377,0.000,unity
21.5003,0.00000,1.0000,0.0000,9.98634,9.98634,9.98637,7.2,0.0136,1.0000,0.0000,0.4741,202.5374,0.000,unity
21.5203,0.00000,1.0000,0.0000,9.98634,9.98634,9.98637,7.2,0.0136,1.0000,0.0000,0.4741,202.7371,0.000,unity
21.5403,0.00000,1.0000,0.0000,9.98634,9.98634,9.98637,7.2,0.0136,1.0000,0.0000,0.4741,202.9368,0.000,unity
21.5603,0.00000,1.0000,0.0000,9.98634,9.98634,9.98637,7.2,0.0136,1.0000,0.0000,0.4741,203.1366,0.000,unity
21.5803,0.00000,1.0000,0.0000,9.98634,9.98634,9.98637,7.2,0.0136,1.0000,0.0000,0.4741,203.3363,0.000,unity
21.6003,0.00000,1.0000,0.0000,9.98634,9.98634,9.98637,7.2,0.0136,1.0000,0.0000,0.4741,203.5360,0.000,unity
21.6203,0.00000,1.0000,0.0000,9.98634,9.98634,9.98637,7.2,0.0136,1.0000,0.0000,0.4741,203.7357,0.000,unity
21.6403,0.00000,1.0000,0.0000,9.98634,9.98634,9.98637,7.2,0.0136,1.0000,0.0000,0.4741,203.9355,0.000,unity
21.6603,0.00000,1.0000,0.0000,9.98634,9.98634,9.98637,7.2,0.0136,1.0000,0.0000,0.4741,204.1352,0.000,unity
21.6803,0.00000,1.0000,0.0000,9.98634,9.98634,9.98637,7.2,0.0136,1.0000,0.0000,0.4741,204.3349,0.000,unity
21.7003,0.00000,1.0000,0.0000,9.98634,9.98634,9.98637,7.2,0.0136,1.0000,0.0000,0.4741,204.5346,0.000,unity
21.7203,0.00000,1.0000,0.0000,9.98634,9.98634,9.98637,7.2,0.0136,1.0000,0.0000,0.4741,204.7343,0.000,unity
21.7403,0.00000,1.0000,0.0000,9.98634,9.98634,9.98637,7.2,0.0136,1.0000,0.0000,0.4741,204.9341,0.000,unity
21.7603,0.00000,1.0000,0.0000,9.98634,9.98634,9.98637,7.2,0.0136,1.0000,0.0000,0.4741,205.1338,0.000,unity
21.7803,0.00000,1.0000,0.0000,9.98634,9.98634,9.98637,7.2,0.0136,1.0000,0.0000,0.4741,205.3335,0.000,unity
21.8003,0.00000,1.0000,0.0000,9.98634,9.98634,9.98637,7.2,0.0136,1.0000,0.0000,0.4741,205.5332,0.000,unity
21.8203,0.00000,1.0000,0.0000,9.98634,9.98634,9.98637,7.2,0.0136,1.0000,0.0000,0.4741,205.7330,0.000,unity
21.8403,0.00000,1.0000,0.0000,9.98634,9.98634,9.98637,7.2,0.0136,1.0000,0.0000,0.4741,205.9327,0.000,unity
21.8603,0.00000,1.0000,0.0000,9.98634,9.98634,9.98637,7.2,0.0136,1.0000,0.0000,0.4741,206.1324,0.000,unity
21.8803,0.00000,1.0000,0.0000,9.98634,9.98634,9.98637,7.2,0.0136,1.0000,0.0000,0.4741,206.3321,0.000,unity
21.9003,0.00000,1.0000,0.0000,9.98634,9.98634,9.98637,7.2,0.0136,1.0000,0.0000,0.4741,206.5318,0.000,unity
21.9203,0.00000,1.0000,0.0000,9.98634,9.98634,9.98637,7.2,0.0136,1.0000,0.0000,0.4741,206.7316,0.000,unity
21.9403,0.00000,1.0000,0.0000,9.98634,9.98634,9.98637,7.2,0.0136,1.0000,0.0000,0.4741,206.9313,0.000,unity
21.9603,0.00000,1.0000,0.0000,9.98634,9.98634,9.98637,7.2,0.0136,1.0000,0.0000,0.4741,207.1310,0.000,unity
21.9803,0.00000,1.0000,0.0000,9.98634,9.98634,9.98637,7.2,0.0136,1.0000,0.0000,0.4741,207.3307,0.000,unity
22.0003,0.00000,1.0000,0.0000,9.98634,9.98634,9.98637,7.2,0.0136,1.0000,0.0000,0.4741,207.5305,0.000,unity
22.0203,0.00000,1.0000,0.0000,9.98634,9.98634,9.98637,7.2,0.0136,1.0000,0.0000,0.4741,207.7302,0.000,unity
22.0403,0.00000,1.0000,0.0000,9.98634,9.98634,9.98637,7.2,0.0136,1.0000,0.0000,0.4741,207.9299,0.000,unity
22.0603,0.00000,1.0000,0.0000,9.98634,9.98634,9.98637,7.2,0.0136,1.0000,0.0000,0.4741,208.1296,0.000,unity
22.0803,0.00000,1.0000,0.0000,9.98634,9.98634,9.98637,7.2,0.0136,1.0000,0.0000,0.4741,208.3293,0.000,unity
22.1003,0.00000,1.0000,0.0000,9.98634,9.98634,9.98637,7.2,0.0136,1.0000,0.0000,0.4741,208.5291,0.000,unity
22.1203,0.00000,1.0000,0.0000,9.98634,9.98634,9.98637,7.2,0.0136,1.0000,0.0000,0.4741,208.7288,0.000,unity
22.1403,0.00000,1.0000,0.0000,9.98634,9.98634,9.98637,7.2,0.0136,1.0000,0.0000,0.4741,208.9285,0.000,unity
22.1603,0.00000,1.0000,0.0000,9.98634,9.98634,9.98637,7.2,0.0136,1.0000,0.0000,0.4741,209.1282,0.000,unity
22.1803,0.00000,1.0000,0.0000,9.98634,9.98634,9.98637,7.2,0.0136,1.0000,0.0000,0.4741,209.3280,0.000,unity
22.2003,0.00000,1.0000,0.0000,9.98634,9.98634,9.98637,7.2,0.0136,1.0000,0.0000,0.4741,209.5277,0.000,unity
22.2203,0.00000,1.0000,0.0000,9.98634,9.98634,9.98637,7.2,0.0136,1.0000,0.0000,0.4741,209.7274,0.000,unity
22.2403,0.00000,1.0000,0.0000,9.98634,9.98634,9.98637,7.2,0.0136,1.0000,0.0000,0.4741,209.9271,0.000,unity
22.2603,0.00000,1.0000,0.0000,9.98634,9.98634,9.98637,7.2,0.0136,1.0000,0.0000,0.4741,210.1268,0.000,unity
22.2803,0.00000,1.0000,0.0000,9.98634,9.98634,9.98637,7.2,0.0136,1.0000,0.0000,0.4741,210.3266,0.000,unity
22.3003,0.00000,1.0000,0.0000,9.98634,9.98634,9.98637,7.2,0.0136,1.0000,0.0000,0.4741,210.5263,0.000,unity
22.3203,0.00000,1.0000,0.0000,9.98634,9.98634,9.98637,7.2,0.0136,1.0000,0.0000,0.4741,210.7260,0.000,unity
22.3403,0.00000,1.0000,0.0000,9.98634,9.98634,9.98637,7.2,0.0136,1.0000,0.0000,0.4741,210.9257,0.000,unity
22.3603,0.00000,1.0000,0.0000,9.98634,9.98634,9.98637,7.2,0.0136,1.0000,0.0000,0.4741,211.1255,0.000,unity
22.3803,0.00000,1.0000,0.0000,9.98634,9.98634,9.98637,7.2,0.0136,1.0000,0.0000,0.4741,211.3252,0.000,unity
22.4003,0.00000,1.0000,0.0000,9.98634,9.98634,9.98637,7.2,0.0136,1.0000,0.0000,0.4741,211.5249,0.000,unity
22.4203,0.00000,1.0000,0.0000,9.98634,9.98634,9.98637,7.2,0.0136,1.0000,0.0000,0.4741,211.7246,0.000,unity
22.4403,0.00000,1.0000,0.0000,9.98634,9.98634,9.98637,7.2,0.0136,1.0000,0.0000,0.4741,211.9243,0.000,unity
22.4603,0.00000,1.0000,0.0000,9.98634,9.98634,9.98637,7.2,0.0136,1.0000,0.0000,0.4741,212.1241,0.000,unity
22.4803,0.00000,1.0000,0.0000,9.98634,9.98634,9.98637,7.2,0.0136,1.0000,0.0000,0.4741,212.3238,0.000,unity
22.5003,0.00000,1.0000,0.0000,9.98634,9.98634,9.98637,7.2,0.0136,1.0000,0.0000,0.4741,212.5235,0.000,unity
22.5203,0.00000,1.0000,0.0000,9.98634,9.98634,9.98637,7.2,0.0136,1.0000,0.0000,0.4741,212.7232,0.000,unity
22.5403,0.00000,1.0000,0.0000,9.98634,9.98634,9.98637,7.2,0.0136,1.0000,0.0000,0.4741,212.9230,0.000,unity
22.5603,0.00000,1.0000,0.0000,9.98634,9.98634,9.98637,7.2,0.0136,1.0000,0.0000,0.4741,213.1227,0.000,unity
22.5803,0.00000,1.0000,0.0000,9.98634,9.98634,9.98637,7.2,0.0136,1.0000,0.0000,0.4741,213.3224,0.000,unity
22.6003,0.00000,1.0000,0.0000,9.98634,9.98634,9.98637,7.2,0.0136,1.0000,0.0000,0.4741,213.5221,0.000,unity
22.6203,0.00000,1.0000,0.0000,9.98634,9.98634,9.98637,7.2,0.0136,1.0000,0.0000,0.4741,213.7218,0.000,unity
22.6403,0.00000,1.0000,0.0000,9.98634,9.98634,9.98637,7.2,0.0136,1.0000,0.0000,0.4741,213.9216,0.000,unity
22.6603,0.00000,1.0000,0.0000,9.98634,9.98634,9.98637,7.2,0.0136,1.0000,0.0000,0.4741,214.1213,0.000,unity
22.6803,0.00000,1.0000,0.0000,9.98634,9.98634,9.98637,7.2,0.0136,1.0000,0.0000,0.4741,214.3210,0.000,unity
22.7003,0.00000,1.0000,0.0000,9.98634,9.98634,9.98637,7.2,0.0136,1.0000,0.0000,0.4741,214.5207,0.000,unity
22.7203,0.00000,1.0000,0.0000,9.98634,9.98634,9.98637,7.2,0.0136,1.0000,0.0000,0.4741,214.7205,0.000,unity
22.7403,0.00000,1.0000,0.0000,9.98634,9.98634,9.98637,7.2,0.0136,1.0000,0.0000,0.4741,214.9202,0.000,unity
22.7603,0.00000,1.0000,0.0000,9.98634,9.98634,9.98637,7.2,0.0136,1.0000,0.0000,0.4741,215.1199,0.000,unity
22.7803,0.00000,1.0000,0.0000,9.98634,9.98634,9.98637,7.2,0.0136,1.0000,0.0000,0.4741,215.3196,0.000,unity
22.8003,0.00000,1.0000,0.0000,9.98634,9.98634,9.98637,7.2,0.0136,1.0000,0.0000,0.4741,215.5193,0.000,unity
22.8203,0.00000,1.0000,0.0000,9.98634,9.98634,9.98637,7.2,0.0136,1.0000,0.0000,0.4741,215.7191,0.000,unity
22.8403,0.00000,1.0000,0.0000,9.98634,9.98634,9.98637,7.2,0.0136,1.0000,0.0000,0.4741,215.9188,0.000,unity
22.8603,0.00000,1.0000,0.0000,9.98634,9.98634,9.98637,7.2,0.0136,1.0000,0.0000,0.4741,216.1185,0.000,unity
22.8803,0.00000,1.0000,0.0000,9.98634,9.98634,9.98637,7.2,0.0136,1.0000,0.0000,0.4741,216.3182,0.000,unity
22.9003,0.00000,1.0000,0.0000,9.98634,9.98634,9.98637,7.2,0.0136,1.0000,0.0000,0.4741,216.5180,0.000,unity
22.9203,0.00000,1.0000,0.0000,9.98634,9.98634,9.98637,7.2,0.0136,1.0000,0.0000,0.4741,216.7177,0.000,unity
22.9403,0.00000,1.0000,0.0000,9.98634,9.98634,9.98637,7.2,0.0136,1.0000,0.0000,0.4741,216.9174,0.000,unity
22.9603,0.00000,1.0000,0.0000,9.98634,9.98634,9.98637,7.2,0.0136,1.0000,0.0000,0.4741,217.1171,0.000,unity
22.9803,0.00000,1.0000,0.0000,9.98634,9.98634,9.98637,7.2,0.0136,1.0000,0.0000,0.4741,217.3168,0.000,unity
23.0003,0.00000,1.0000,0.0000,9.98634,9.98634,9.98637,7.2,0.0136,1.0000,0.0000,0.4741,217.5166,0.000,unity
23.0203,0.00000,1.0000,0.0000,9.98634,9.98634,9.98637,7.2,0.0136,1.0000,0.0000,0.4741,217.7163,0.000,unity
23.0403,0.00000,1.0000,0.0000,9.98634,9.98634,9.98637,7.2,0.0136,1.0000,0.0000,0.4741,217.9160,0.000,unity
23.0603,0.00000,1.0000,0.0000,9.98634,9.98634,9.98637,7.2,0.0136,1.0000,0.0000,0.4741,218.1157,0.000,unity
23.0803,0.00000,1.0000,0.0000,9.98634,9.98634,9.98637,7.2,0.0136,1.0000,0.0000,0.4741,218.3155,0.000,unity
23.1003,0.00000,1.0000,0.0000,9.98634,9.98634,9.98637,7.2,0.0136,1.0000,0.0000,0.4741,218.5152,0.000,unity
23.1203,0.00000,1.0000,0.0000,9.98634,9.98634,9.98637,7.2,0.0136,1.0000,0.0000,0.4741,218.7149,0.000,unity
23.1403,0.00000,1.0000,0.0000,9.98634,9.98634,9.98637,7.2,0.0136,1.0000,0.0000,0.4741,218.9146,0.000,unity
23.1603,0.00000,1.0000,0.0000,9.98634,9.98634,9.98637,7.2,0.0136,1.0000,0.0000,0.4741,219.1143,0.000,unity
23.1803,0.00000,1.0000,0.0000,9.98634,9.98634,9.98637,7.2,0.0136,1.0000,0.0000,0.4741,219.3141,0.000,unity
23.2003,0.00000,1.0000,0.0000,9.98634,9.98634,9.98637,7.2,0.0136,1.0000,0.0000,0.4741,219.5138,0.000,unity
23.2203,0.00000,1.0000,0.0000,9.98634,9.98634,9.98637,7.2,0.0136,1.0000,0.0000,0.4741,219.7135,0.000,unity
23.2403,0.00000,1.0000,0.0000,9.98634,9.98634,9.98637,7.2,0.0136,1.0000,0.0000,0.4741,219.9132,0.000,unity
23.2603,0.00000,1.0000,0.0000,9.98634,9.98634,9.98637,7.2,0.0136,1.0000,0.0000,0.4741,220.1130,0.000,unity
23.2803,0.00000,1.0000,0.0000,9.98634,9.98634,9.98637,7.2,0.0136,1.0000,0.0000,0.4741,220.3127,0.000,unity
23.3003,0.00000,1.0000,0.0000,9.98634,9.98634,9.98637,7.2,0.0136,1.0000,0.0000,0.4741,220.5124,0.000,unity
23.3203,0.00000,1.0000,0.0000,9.98634,9.98634,9.98637,7.2,0.0136,1.0000,0.0000,0.4741,220.7121,0.000,unity
23.3403,0.00000,1.0000,0.0000,9.98634,9.98634,9.98637,7.2,0.0136,1.0000,0.0000,0.4741,220.9118,0.000,unity
23.3603,0.00000,1.0000,0.0000,9.98634,9.98634,9.98637,7.2,0.0136,1.0000,0.0000,0.4741,221.1116,0.000,unity
23.3803,0.00000,1.0000,0.0000,9.98634,9.98634,9.98637,7.2,0.0136,1.0000,0.0000,0.4741,221.3113,0.000,unity
23.4003,0.00000,1.0000,0.0000,9.98634,9.98634,9.98637,7.2,0.0136,1.0000,0.0000,0.4741,221.5110,0.000,unity
23.4204,0.00000,1.0000,0.0000,9.98634,9.98634,9.98637,7.2,0.0136,1.0000,0.0000,0.4741,221.7107,0.000,unity
23.4404,0.00000,1.0000,0.0000,9.98634,9.98634,9.98637,7.2,0.0136,1.0000,0.0000,0.4741,221.9105,0.000,unity
23.4604,0.00000,1.0000,0.0000,9.98634,9.98634,9.98637,7.2,0.0136,1.0000,0.0000,0.4741,222.1102,0.000,unity
23.4804,0.00000,1.0000,0.0000,9.98634,9.98634,9.98637,7.2,0.0136,1.0000,0.0000,0.4741,222.3099,0.000,unity
23.5004,0.00000,1.0000,0.0000,9.98634,9.98634,9.98637,7.2,0.0136,1.0000,0.0000,0.4741,222.5096,0.000,unity
23.5204,0.00000,1.0000,0.0000,9.98634,9.98634,9.98637,7.2,0.0136,1.0000,0.0000,0.4741,222.7094,0.000,unity
23.5404,0.00000,1.0000,0.0000,9.98634,9.98634,9.98637,7.2,0.0136,1.0000,0.0000,0.4741,222.9091,0.000,unity
23.5604,0.00000,1.0000,0.0000,9.98634,9.98634,9.98637,7.2,0.0136,1.0000,0.0000,0.4741,223.1088,0.000,unity
23.5804,0.00000,1.0000,0.0000,9.98634,9.98634,9.98637,7.2,0.0136,1.0000,0.0000,0.4741,223.3085,0.000,unity
23.6004,0.00000,1.0000,0.0000,9.98634,9.98634,9.98637,7.2,0.0136,1.0000,0.0000,0.4741,223.5082,0.000,unity
23.6204,0.00000,1.0000,0.0000,9.98634,9.98634,9.98637,7.2,0.0136,1.0000,0.0000,0.4741,223.7080,0.000,unity
23.6404,0.00000,1.0000,0.0000,9.98634,9.98634,9.98637,7.2,0.0136,1.0000,0.0000,0.4741,223.9077,0.000,unity
23.6604,0.00000,1.0000,0.0000,9.98634,9.98634,9.98637,7.2,0.0136,1.0000,0.0000,0.4741,224.1074,0.000,unity
23.6804,0.00000,1.0000,0.0000,9.98634,9.98634,9.98637,7.2,0.0136,1.0000,0.0000,0.4741,224.3071,0.000,unity
23.7004,0.00000,1.0000,0.0000,9.98634,9.98634,9.98637,7.2,0.0136,1.0000,0.0000,0.4741,224.5069,0.000,unity
23.7204,0.00000,1.0000,0.0000,9.98634,9.98634,9.98637,7.2,0.0136,1.0000,0.0000,0.4741,224.7066,0.000,unity
23.7404,0.00000,1.0000,0.0000,9.98634,9.98634,9.98637,7.2,0.0136,1.0000,0.0000,0.4741,224.9063,0.000,unity
23.7604,0.00000,1.0000,0.0000,9.98634,9.98634,9.98637,7.2,0.0136,1.0000,0.0000,0.4741,225.1060,0.000,unity
23.7804,0.00000,1.0000,0.0000,9.98634,9.98634,9.98637,7.2,0.0136,1.0000,0.0000,0.4741,225.3057,0.000,unity
23.8004,0.00000,1.0000,0.0000,9.98634,9.98634,9.98637,7.2,0.0136,1.0000,0.0000,0.4741,225.5055,0.000,unity
23.8204,0.00000,1.0000,0.0000,9.98634,9.98634,9.98637,7.2,0.0136,1.0000,0.0000,0.4741,225.7052,0.000,unity
23.8404,0.00000,1.0000,0.0000,9.98634,9.98634,9.98637,7.2,0.0136,1.0000,0.0000,0.4741,225.9049,0.000,unity
23.8604,0.00000,1.0000,0.0000,9.98634,9.98634,9.98637,7.2,0.0136,1.0000,0.0000,0.4741,226.1046,0.000,unity
23.8804,0.00000,1.0000,0.0000,9.98634,9.98634,9.98637,7.2,0.0136,1.0000,0.0000,0.4741,226.3044,0.000,unity
23.9004,0.00000,1.0000,0.0000,9.98634,9.98634,9.98637,7.2,0.0136,1.0000,0.0000,0.4741,226.5041,0.000,unity
23.9204,0.00000,1.0000,0.0000,9.98634,9.98634,9.98637,7.2,0.0136,1.0000,0.0000,0.4741,226.7038,0.000,unity
23.9404,0.00000,1.0000,0.0000,9.98634,9.98634,9.98637,7.2,0.0136,1.0000,0.0000,0.4741,226.9035,0.000,unity
23.9604,0.00000,1.0000,0.0000,9.98634,9.98634,9.98637,7.2,0.0136,1.0000,0.0000,0.4741,227.1032,0.000,unity
23.9804,0.00000,1.0000,0.0000,9.98634,9.98634,9.98637,7.2,0.0136,1.0000,0.0000,0.4741,227.3030,0.000,unity
24.0004,0.00000,1.0000,0.0000,9.98634,9.98634,9.98637,7.2,0.0136,1.0000,0.0000,0.4741,227.5027,0.000,unity
24.0204,0.00000,1.0000,0.0000,9.98634,9.98634,9.98637,7.2,0.0136,1.0000,0.0000,0.4741,227.7024,0.000,unity
24.0404,0.00000,1.0000,0.0000,9.98634,9.98634,9.98637,7.2,0.0136,1.0000,0.0000,0.4741,227.9021,0.000,unity
24.0604,0.00000,1.0000,0.0000,9.98634,9.98634,9.98637,7.2,0.0136,1.0000,0.0000,0.4741,228.1019,0.000,unity
24.0804,0.00000,1.0000,0.0000,9.98634,9.98634,9.98637,7.2,0.0136,1.0000,0.0000,0.4741,228.3016,0.000,unity
24.1004,0.00000,1.0000,0.0000,9.98634,9.98634,9.98637,7.2,0.0136,1.0000,0.0000,0.4741,228.5013,0.000,unity
24.1204,0.00000,1.0000,0.0000,9.98634,9.98634,9.98637,7.2,0.0136,1.0000,0.0000,0.4741,228.7010,0.000,unity
24.1404,0.00000,1.0000,0.0000,9.98634,9.98634,9.98637,7.2,0.0136,1.0000,0.0000,0.4741,228.9007,0.000,unity
24.1604,0.00000,1.0000,0.0000,9.98634,9.98634,9.98637,7.2,0.0136,1.0000,0.0000,0.4741,229.1005,0.000,unity
24.1804,0.00000,1.0000,0.0000,9.98634,9.98634,9.98637,7.2,0.0136,1.0000,0.0000,0.4741,229.3002,0.000,unity
24.2004,0.00000,1.0000,0.0000,9.98634,9.98634,9.98637,7.2,0.0136,1.0000,0.0000,0.4741,229.4999,0.000,unity
24.2204,0.00000,1.0000,0.0000,9.98634,9.98634,9.98637,7.2,0.0136,1.0000,0.0000,0.4741,229.6996,0.000,unity
24.2404,0.00000,1.0000,0.0000,9.98634,9.98634,9.98637,7.2,0.0136,1.0000,0.0000,0.4741,229.8994,0.000,unity
24.2604,0.00000,1.0000,0.0000,9.98634,9.98634,9.98637,7.2,0.0136,1.0000,0.0000,0.4741,230.0991,0.000,unity
24.2804,0.00000,1.0000,0.0000,9.98634,9.98634,9.98637,7.2,0.0136,1.0000,0.0000,0.4741,230.2988,0.000,unity
24.3004,0.00000,1.0000,0.0000,9.98634,9.98634,9.98637,7.2,0.0136,1.0000,0.0000,0.4741,230.4985,0.000,unity
24.3204,0.00000,1.0000,0.0000,9.98634,9.98634,9.98637,7.2,0.0136,1.0000,0.0000,0.4741,230.6982,0.000,unity
24.3404,0.00000,1.0000,0.0000,9.98634,9.98634,9.98637,7.2,0.0136,1.0000,0.0000,0.4741,230.8980,0.000,unity
24.3604,0.00000,1.0000,0.0000,9.98634,9.98634,9.98637,7.2,0.0136,1.0000,0.0000,0.4741,231.0977,0.000,unity
24.3804,0.00000,1.0000,0.0000,9.98634,9.98634,9.98637,7.2,0.0136,1.0000,0.0000,0.4741,231.2974,0.000,unity
24.4004,0.00000,1.0000,0.0000,9.98634,9.98634,9.98637,7.2,0.0136,1.0000,0.0000,0.4741,231.4971,0.000,unity
24.4204,0.00000,1.0000,0.0000,9.98634,9.98634,9.98637,7.2,0.0136,1.0000,0.0000,0.4741,231.6969,0.000,unity
24.4404,0.00000,1.0000,0.0000,9.98634,9.98634,9.98637,7.2,0.0136,1.0000,0.0000,0.4741,231.8966,0.000,unity
24.4604,0.00000,1.0000,0.0000,9.98634,9.98634,9.98637,7.2,0.0136,1.0000,0.0000,0.4741,232.0963,0.000,unity
24.4804,0.00000,1.0000,0.0000,9.98634,9.98634,9.98637,7.2,0.0136,1.0000,0.0000,0.4741,232.2960,0.000,unity
24.5004,0.00000,1.0000,0.0000,9.98634,9.98634,9.98637,7.2,0.0136,1.0000,0.0000,0.4741,232.4957,0.000,unity
24.5204,0.00000,1.0000,0.0000,9.98634,9.98634,9.98637,7.2,0.0136,1.0000,0.0000,0.4741,232.6955,0.000,unity
24.5404,0.00000,1.0000,0.0000,9.98634,9.98634,9.98637,7.2,0.0136,1.0000,0.0000,0.4741,232.8952,0.000,unity
24.5604,0.00000,1.0000,0.0000,9.98634,9.98634,9.98637,7.2,0.0136,1.0000,0.0000,0.4741,233.0949,0.000,unity
24.5804,0.00000,1.0000,0.0000,9.98634,9.98634,9.98637,7.2,0.0136,1.0000,0.0000,0.4741,233.2946,0.000,unity
24.6004,0.00000,1.0000,0.0000,9.98634,9.98634,9.98637,7.2,0.0136,1.0000,0.0000,0.4741,233.4944,0.000,unity
24.6204,0.00000,1.0000,0.0000,9.98634,9.98634,9.98637,7.2,0.0136,1.0000,0.0000,0.4741,233.6941,0.000,unity
24.6404,0.00000,1.0000,0.0000,9.98634,9.98634,9.98637,7.2,0.0136,1.0000,0.0000,0.4741,233.8938,0.000,unity
24.6604,0.00000,1.0000,0.0000,9.98634,9.98634,9.98637,7.2,0.0136,1.0000,0.0000,0.4741,234.0935,0.000,unity
24.6804,0.00000,1.0000,0.0000,9.98634,9.98634,9.98637,7.2,0.0136,1.0000,0.0000,0.4741,234.2932,0.000,unity
24.7004,0.00000,1.0000,0.0000,9.98634,9.98634,9.98637,7.2,0.0136,1.0000,0.0000,0.4741,234.4930,0.000,unity
24.7204,0.00000,1.0000,0.0000,9.98634,9.98634,9.98637,7.2,0.0136,1.0000,0.0000,0.4741,234.6927,0.000,unity
24.7404,0.00000,1.0000,0.0000,9.98634,9.98634,9.98637,7.2,0.0136,1.0000,0.0000,0.4741,234.8924,0.000,unity
24.7604,0.00000,1.0000,0.0000,9.98634,9.98634,9.98637,7.2,0.0136,1.0000,0.0000,0.4741,235.0921,0.000,unity
24.7804,0.00000,1.0000,0.0000,9.98634,9.98634,9.98637,7.2,0.0136,1.0000,0.0000,0.4741,235.2919,0.000,unity
24.8004,0.00000,1.0000,0.0000,9.98634,9.98634,9.98637,7.2,0.0136,1.0000,0.0000,0.4741,235.4916,0.000,unity
24.8204,0.00000,1.0000,0.0000,9.98634,9.98634,9.98637,7.2,0.0136,1.0000,0.0000,0.4741,235.6913,0.000,unity
24.8404,0.00000,1.0000,0.0000,9.98634,9.98634,9.98637,7.2,0.0136,1.0000,0.0000,0.4741,235.8910,0.000,unity
24.8604,0.00000,1.0000,0.0000,9.98634,9.98634,9.98637,7.2,0.0136,1.0000,0.0000,0.4741,236.0907,0.000,unity
24.8804,0.00000,1.0000,0.0000,9.98634,9.98634,9.98637,7.2,0.0136,1.0000,0.0000,0.4741,236.2905,0.000,unity
24.9004,0.00000,1.0000,0.0000,9.98634,9.98634,9.98637,7.2,0.0136,1.0000,0.0000,0.4741,236.4902,0.000,unity
24.9204,0.00000,1.0000,0.0000,9.98634,9.98634,9.98637,7.2,0.0136,1.0000,0.0000,0.4741,236.6899,0.000,unity
24.9404,0.00000,1.0000,0.0000,9.98634,9.98634,9.98637,7.2,0.0136,1.0000,0.0000,0.4741,236.8896,0.000,unity
24.9604,0.00000,1.0000,0.0000,9.98634,9.98634,9.98637,7.2,0.0136,1.0000,0.0000,0.4741,237.0894,0.000,unity
24.9804,0.00000,1.0000,0.0000,9.98634,9.98634,9.98637,7.2,0.0136,1.0000,0.0000,0.4741,237.2891,0.000,unity
25.0004,0.00000,1.0000,0.0000,9.98634,9.98634,9.98637,7.2,0.0136,1.0000,0.0000,0.4741,237.4888,0.000,unity
25.0204,0.00000,0.0000,0.0000,9.98634,9.98634,9.98637,0.0,0.0136,1.0000,0.0000,0.4741,237.6885,0.000,unity
25.0404,0.00000,0.0000,0.0000,9.98539,9.98539,9.97388,0.0,0.0146,1.0000,0.0000,0.4741,237.8882,0.000,unity
25.0604,0.00000,0.0000,0.0000,9.98408,9.98408,9.97240,0.0,0.0159,1.0000,0.0000,0.4741,238.0879,0.000,unity
25.0804,0.00000,0.0000,0.0000,9.98277,9.98277,9.97108,0.0,0.0172,1.0000,0.0000,0.4741,238.2876,0.000,unity
25.1004,0.00000,0.0000,0.0000,9.98146,9.98146,9.96977,0.0,0.0185,1.0000,0.0000,0.4741,238.4872,0.000,unity
25.1204,0.00000,0.0000,0.0000,9.98014,9.98014,9.96846,0.0,0.0199,1.0000,0.0000,0.4741,238.6868,0.000,unity
25.1404,0.00000,0.0000,0.0000,9.97883,9.97883,9.96714,0.0,0.0212,1.0000,0.0000,0.4741,238.8864,0.000,unity
25.1604,0.00000,0.0000,0.0000,9.97751,9.97751,9.96583,0.0,0.0225,1.0000,0.0000,0.4741,239.0859,0.000,unity
25.1804,0.00000,0.0000,0.0000,9.97620,9.97620,9.96452,0.0,0.0238,1.0000,0.0000,0.4741,239.2854,0.000,unity
25.2004,0.00000,0.0000,0.0000,9.97488,9.97488,9.96321,0.0,0.0251,1.0000,0.0000,0.4741,239.4849,0.000,unity
25.2204,0.00000,0.0000,0.0000,9.97357,9.97357,9.96190,0.0,0.0264,1.0000,0.0000,0.4741,239.6844,0.000,unity
25.2404,0.00000,0.0000,0.0000,9.97226,9.97226,9.96059,0.0,0.0277,1.0000,0.0000,0.4741,239.8838,0.000,unity
25.2604,0.00000,0.0000,0.0000,9.97094,9.97094,9.95928,0.0,0.0291,1.0000,0.0000,0.4741,240.0832,0.000,unity
25.2804,0.00000,0.0000,0.0000,9.96963,9.96963,9.95798,0.0,0.0304,1.0000,0.0000,0.4741,240.2826,0.000,unity
25.3004,0.00000,0.0000,0.0000,9.96831,9.96831,9.95667,0.0,0.0317,1.0000,0.0000,0.4741,240.4820,0.000,unity
25.3204,0.00000,0.0000,0.0000,9.96700,9.96700,9.95536,0.0,0.0330,1.0000,0.0000,0.4741,240.6813,0.000,unity
25.3404,0.00000,0.0000,0.0000,9.96569,9.96569,9.95406,0.0,0.0343,1.0000,0.0000,0.4741,240.8806,0.000,unity
25.3604,0.00000,0.0000,0.0000,9.96437,9.96437,9.95275,0.0,0.0356,1.0000,0.0000,0.4741,241.0799,0.000,unity
25.3804,0.00000,0.0000,0.0000,9.96306,9.96306,9.95144,0.0,0.0369,1.0000,0.0000,0.4741,241.2792,0.000,unity
25.4004,0.00000,0.0000,0.0000,9.96174,9.96174,9.95013,0.0,0.0383,1.0000,0.0000,0.4741,241.4784,0.000,unity
25.4204,0.00000,0.0000,0.0000,9.96043,9.96043,9.94882,0.0,0.0396,1.0000,0.0000,0.4741,241.6776,0.000,unity
25.4404,0.00000,0.0000,0.0000,9.95912,9.95912,9.94751,0.0,0.0409,1.0000,0.0000,0.4741,241.8768,0.000,unity
25.4604,0.00000,0.0000,0.0000,9.95780,9.95780,9.94621,0.0,0.0422,1.0000,0.0000,0.4741,242.0760,0.000,unity
25.4804,0.00000,0.0000,0.0000,9.95649,9.95649,9.94490,0.0,0.0435,1.0000,0.0000,0.4741,242.2751,0.000,unity
25.5004,0.00000,0.0000,0.0000,9.95518,9.95518,9.94359,0.0,0.0448,1.0000,0.0000,0.4741,242.4742,0.000,unity
25.5204,0.00000,0.0000,0.0000,9.95386,9.95386,9.94228,0.0,0.0461,1.0000,0.0000,0.4741,242.6733,0.000,unity
25.5404,0.00000,0.0000,0.0000,9.95255,9.95255,9.94097,0.0,0.0475,1.0000,0.0000,0.4741,242.8723,0.000,unity
25.5604,0.00000,0.0000,0.0000,9.95124,9.95124,9.93966,0.0,0.0488,1.0000,0.0000,0.4741,243.0714,0.000,unity
25.5804,0.00000,0.0000,0.0000,9.94992,9.94992,9.93835,0.0,0.0501,1.0000,0.0000,0.4741,243.2704,0.000,unity
25.6004,0.00000,0.0000,0.0000,9.94861,9.94861,9.93704,0.0,0.0514,1.0000,0.0000,0.4741,243.4693,0.000,unity
25.6204,0.00000,0.0000,0.0000,9.94730,9.94730,9.93573,0.0,0.0527,1.0000,0.0000,0.4741,243.6683,0.000,unity
25.6404,0.00000,0.0000,0.0000,9.94598,9.94598,9.93442,0.0,0.0540,1.0000,0.0000,0.4741,243.8672,0.000,unity
25.6604,0.00000,0.0000,0.0000,9.94467,9.94467,9.93311,0.0,0.0553,1.0000,0.0000,0.4741,244.0661,0.000,unity
25.6804,0.00000,0.0000,0.0000,9.94336,9.94336,9.93180,0.0,0.0566,1.0000,0.0000,0.4741,244.2650,0.000,unity
25.7004,0.00000,0.0000,0.0000,9.94205,9.94205,9.93049,0.0,0.0580,1.0000,0.0000,0.4741,244.4638,0.000,unity
25.7204,0.00000,0.0000,0.0000,9.94073,9.94073,9.92918,0.0,0.0593,1.0000,0.0000,0.4741,244.6626,0.000,unity
25.7404,0.00000,0.0000,0.0000,9.93942,9.93942,9.92787,0.0,0.0606,1.0000,0.0000,0.4741,244.8614,0.000,unity
25.7604,0.00000,0.0000,0.0000,9.93811,9.93811,9.92656,0.0,0.0619,1.0000,0.0000,0.4741,245.0602,0.000,unity
25.7804,0.00000,0.0000,0.0000,9.93680,9.93680,9.92525,0.0,0.0632,1.0000,0.0000,0.4741,245.2589,0.000,unity
25.8004,0.00000,0.0000,0.0000,9.93549,9.93549,9.92394,0.0,0.0645,1.0000,0.0000,0.4741,245.4576,0.000,unity
25.8204,0.00000,0.0000,0.0000,9.93417,9.93417,9.92263,0.0,0.0658,1.0000,0.0000,0.4741,245.6563,0.000,unity
25.8404,0.00000,0.0000,0.0000,9.93286,9.93286,9.92132,0.0,0.0671,1.0000,0.0000,0.4741,245.8549,0.000,unity
25.8604,0.00000,0.0000,0.0000,9.93155,9.93155,9.92002,0.0,0.0685,1.0000,0.0000,0.4741,246.0536,0.000,unity
25.8804,0.00000,0.0000,0.0000,9.93024,9.93024,9.91871,0.0,0.0698,1.0000,0.0000,0.4741,246.2522,0.000,unity
25.9004,0.00000,0.0000,0.0000,9.92893,9.92893,9.91740,0.0,0.0711,1.0000,0.0000,0.4741,246.4508,0.000,unity
25.9204,0.00000,0.0000,0.0000,9.92762,9.92762,9.91609,0.0,0.0724,1.0000,0.0000,0.4741,246.6493,0.000,unity
25.9404,0.00000,0.0000,0.0000,9.92631,9.92631,9.91478,0.0,0.0737,1.0000,0.0000,0.4741,246.8478,0.000,unity
25.9604,0.00000,0.0000,0.0000,9.92500,9.92500,9.91348,0.0,0.0750,1.0000,0.0000,0.4741,247.0463,0.000,unity
25.9804,0.00000,0.0000,0.0000,9.92369,9.92369,9.91217,0.0,0.0763,1.0000,0.0000,0.4741,247.2448,0.000,unity
26.0004,0.00000,0.0000,0.0000,9.92238,9.92238,9.91086,0.0,0.0776,1.0000,0.0000,0.4741,247.4433,0.000,unity
26.0204,0.00000,0.0000,0.0000,9.92107,9.92107,9.90955,0.0,0.0789,1.0000,0.0000,0.4741,247.6417,0.000,unity
26.0404,0.00000,0.0000,0.0000,9.91976,9.91976,9.90825,0.0,0.0802,1.0000,0.0000,0.4741,247.8401,0.000,unity
26.0604,0.00000,0.0000,0.0000,9.91845,9.91845,9.90694,0.0,0.0815,1.0000,0.0000,0.4741,248.0384,0.000,unity
26.0804,0.00000,0.0000,0.0000,9.91715,9.91715,9.90564,0.0,0.0829,1.0000,0.0000,0.4741,248.2368,0.000,unity
26.1004,0.00000,0.0000,0.0000,9.91584,9.91584,9.90434,0.0,0.0842,1.0000,0.0000,0.4741,248.4351,0.000,unity
26.1204,0.00000,0.0000,0.0000,9.91454,9.91454,9.90304,0.0,0.0855,1.0000,0.0000,0.4741,248.6334,0.000,unity
26.1404,0.00000,0.0000,0.0000,9.91323,9.91323,9.90173,0.0,0.0868,1.0000,0.0000,0.4741,248.8316,0.000,unity
26.1604,0.00000,0.0000,0.0000,9.91256,9.91248,9.90606,0.0,0.0875,1.0000,0.0000,0.4722,249.0305,0.000,unity
26.1804,0.00000,0.0000,0.0000,9.91219,9.91170,9.91252,0.0,0.0875,1.0000,0.0000,0.4685,249.2299,0.000,unity
26.2004,0.00000,0.0000,0.0000,9.91234,9.91091,9.91975,0.0,0.0803,1.0000,0.0000,0.4632,249.4300,0.000,unity
26.2204,0.00000,0.0000,0.0000,9.91315,9.91009,9.92798,0.0,0.0720,1.0000,0.0000,0.4562,249.6307,0.000,unity
26.2404,0.00000,0.0000,0.0000,9.91471,9.90926,9.93748,0.0,0.0625,1.0000,0.0000,0.4476,249.8321,0.000,unity
26.2604,0.00000,0.0000,0.0000,0.00000,0.00000,9.94849,0.0,0.0515,1.0000,0.0000,0.5000,0.0000,0.000,unity
26.2804,0.00000,0.0000,0.0000,0.15011,0.14808,0.26639,0.0,1.0000,1.0000,0.0000,0.5055,-0.0014,0.000,unity
26.3004,0.00000,0.0000,0.0000,0.24447,0.24243,0.41167,0.0,1.0000,1.0000,0.0000,0.5086,-0.0001,0.000,unity
26.3204,0.00000,0.0000,0.0000,0.28981,0.28883,0.35530,0.0,1.0000,1.0000,0.0000,0.5097,0.0029,0.000,unity
26.3404,0.00000,0.0000,0.0000,0.31451,0.31498,0.30079,0.0,1.0000,1.0000,0.0000,0.5093,0.0072,0.000,unity
26.3604,0.00000,0.0000,0.0000,0.31312,0.31501,0.30454,0.0,1.0000,1.0000,0.0000,0.5077,0.0121,0.000,unity
26.3804,0.00000,0.0000,0.0000,0.31180,0.31484,0.30838,0.0,1.0000,1.0000,0.0000,0.5053,0.0176,0.000,unity
26.4004,0.00000,0.0000,0.0000,0.31086,0.31467,0.31190,0.0,1.0000,1.0000,0.0000,0.5024,0.0236,0.000,unity
26.4204,0.00000,0.0000,0.0000,0.31032,0.31451,0.31512,0.0,1.0000,1.0000,0.0000,0.4992,0.0300,0.000,unity
26.4404,0.00000,0.0000,0.0000,0.31014,0.31437,0.31802,0.0,1.0000,1.0000,0.0000,0.4958,0.0367,0.000,unity
26.4604,0.00000,0.0000,0.0000,0.31025,0.31424,0.32054,0.0,1.0000,1.0000,0.0000,0.4924,0.0437,0.000,unity
26.4804,0.00000,0.0000,0.0000,0.31056,0.31412,0.32265,0.0,1.0000,1.0000,0.0000,0.4892,0.0509,0.000,unity
26.5004,0.00000,0.0000,0.0000,0.31098,0.31402,0.32434,0.0,1.0000,1.0000,0.0000,0.4863,0.0583,0.000,unity
26.5204,0.00000,0.0000,0.0000,0.31146,0.31393,0.32559,0.0,1.0000,1.0000,0.0000,0.4835,0.0658,0.000,unity
26.5404,0.00000,0.0000,0.0000,0.31193,0.31386,0.32640,0.0,1.0000,1.0000,0.0000,0.4811,0.0734,0.000,unity
26.5604,0.00000,0.0000,0.0000,0.31236,0.31380,0.32680,0.0,1.0000,1.0000,0.0000,0.4790,0.0810,0.000,unity
26.5804,0.00000,0.0000,0.0000,0.31273,0.31375,0.32683,0.0,1.0000,1.0000,0.0000,0.4773,0.0886,0.000,unity
26.6004,0.00000,0.0000,0.0000,0.31303,0.31372,0.32653,0.0,1.0000,1.0000,0.0000,0.4758,0.0961,0.000,unity
26.6204,0.00000,0.0000,0.0000,0.31326,0.31369,0.32595,0.0,1.0000,1.0000,0.0000,0.4746,0.1036,0.000,unity
26.6404,0.00000,0.0000,0.0000,0.31342,0.31367,0.32515,0.0,1.0000,1.0000,0.0000,0.4737,0.1110,0.000,unity
26.6604,0.00000,0.0000,0.0000,0.31353,0.31366,0.32418,0.0,1.0000,1.0000,0.0000,0.4730,0.1182,0.000,unity
26.6804,0.00000,0.0000,0.0000,0.31360,0.31365,0.32309,0.0,1.0000,1.0000,0.0000,0.4725,0.1254,0.000,unity
26.7004,0.00000,0.0000,0.0000,0.31363,0.31365,0.32193,0.0,1.0000,1.0000,0.0000,0.4722,0.1325,0.000,unity
26.7204,0.00000,0.0000,0.0000,0.31365,0.31364,0.32075,0.0,1.0000,1.0000,0.0000,0.4720,0.1394,0.000,unity
26.7404,0.00000,0.0000,0.0000,0.31364,0.31364,0.31957,0.0,1.0000,1.0000,0.0000,0.4719,0.1463,0.000,unity
26.7604,0.00000,0.0000,0.0000,0.31363,0.31363,0.31843,0.0,1.0000,1.0000,0.0000,0.4720,0.1530,0.000,unity
26.7804,0.00000,0.0000,0.0000,0.31361,0.31363,0.31735,0.0,1.0000,1.0000,0.0000,0.4721,0.1596,0.000,unity
26.8004,0.00000,0.0000,0.0000,0.31359,0.31362,0.31635,0.0,1.0000,1.0000,0.0000,0.4722,0.1661,0.000,unity
26.8204,0.00000,0.0000,0.0000,0.31357,0.31360,0.31544,0.0,1.0000,1.0000,0.0000,0.4724,0.1726,0.000,unity
26.8404,0.00000,0.0000,0.0000,0.31355,0.31359,0.31462,0.0,1.0000,1.0000,0.0000,0.4726,0.1789,0.000,unity
26.8604,0.00000,0.0000,0.0000,0.31353,0.31357,0.31391,0.0,1.0000,1.0000,0.0000,0.4728,0.1852,0.000,unity
26.8804,0.00000,0.0000,0.0000,0.31351,0.31355,0.31329,0.0,1.0000,1.0000,0.0000,0.4730,0.1915,0.000,unity
26.9004,0.00000,0.0000,0.0000,0.31349,0.31352,0.31278,0.0,1.0000,1.0000,0.0000,0.4732,0.1977,0.000,unity
26.9204,0.00000,0.0000,0.0000,0.31347,0.31350,0.31236,0.0,1.0000,1.0000,0.0000,0.4734,0.2038,0.000,unity
26.9404,0.00000,0.0000,0.0000,0.31344,0.31346,0.31202,0.0,1.0000,1.0000,0.0000,0.4735,0.2100,0.000,unity
26.9604,0.00000,0.0000,0.0000,0.31341,0.31343,0.31177,0.0,1.0000,1.0000,0.0000,0.4737,0.2161,0.000,unity
26.9804,0.00000,0.0000,0.0000,0.31338,0.31339,0.31159,0.0,1.0000,1.0000,0.0000,0.4738,0.2222,0.000,unity
27.0004,0.00000,0.0000,0.0000,0.31334,0.31336,0.31148,0.0,1.0000,1.0000,0.0000,0.4739,0.2283,0.000,unity
27.0204,0.00000,0.0000,0.0000,0.31331,0.31332,0.31142,0.0,1.0000,1.0000,0.0000,0.4740,0.2343,0.000,unity
27.0404,0.00000,0.0000,0.0000,0.31327,0.31327,0.31141,0.0,1.0000,1.0000,0.0000,0.4741,0.2404,0.000,unity
27.0604,0.00000,0.0000,0.0000,0.31323,0.31323,0.31143,0.0,1.0000,1.0000,0.0000,0.4741,0.2465,0.000,unity
27.0804,0.00000,0.0000,0.0000,0.31318,0.31319,0.31149,0.0,1.0000,1.0000,0.0000,0.4742,0.2526,0.000,unity
27.1004,0.00000,0.0000,0.0000,0.31314,0.31314,0.31158,0.0,1.0000,1.0000,0.0000,0.4742,0.2587,0.000,unity
27.1204,0.00000,0.0000,0.0000,0.31310,0.31310,0.31168,0.0,1.0000,1.0000,0.0000,0.4742,0.2649,0.000,unity
27.1404,0.00000,0.0000,0.0000,0.31305,0.31305,0.31179,0.0,1.0000,1.0000,0.0000,0.4742,0.2710,0.000,unity
27.1604,0.00000,0.0000,0.0000,0.31300,0.31300,0.31190,0.0,1.0000,1.0000,0.0000,0.4742,0.2772,0.000,unity
27.1804,0.00000,0.0000,0.0000,0.31296,0.31296,0.31202,0.0,1.0000,1.0000,0.0000,0.4742,0.2833,0.000,unity
27.2004,0.00000,0.0000,0.0000,0.31291,0.31291,0.31213,0.0,1.0000,1.0000,0.0000,0.4742,0.2895,0.000,unity
27.2204,0.00000,0.0000,0.0000,0.31287,0.31287,0.31224,0.0,1.0000,1.0000,0.0000,0.4742,0.2957,0.000,unity
27.2404,0.00000,0.0000,0.0000,0.31282,0.31282,0.31234,0.0,1.0000,1.0000,0.0000,0.4742,0.3019,0.000,unity
27.2604,0.00000,0.0000,0.0000,0.31277,0.31277,0.31242,0.0,1.0000,1.0000,0.0000,0.4742,0.3081,0.000,unity
27.2804,0.00000,0.0000,0.0000,0.31273,0.31273,0.31250,0.0,1.0000,1.0000,0.0000,0.4742,0.3144,0.000,unity
27.3004,0.00000,0.0000,0.0000,0.31268,0.31268,0.31256,0.0,1.0000,1.0000,0.0000,0.4742,0.3206,0.000,unity
27.3204,0.00000,0.0000,0.0000,0.31264,0.31264,0.31261,0.0,1.0000,1.0000,0.0000,0.4741,0.3269,0.000,unity
27.3404,0.00000,0.0000,0.0000,0.31260,0.31260,0.31264,0.0,1.0000,1.0000,0.0000,0.4741,0.3331,0.000,unity
27.3604,0.00000,0.0000,0.0000,0.31255,0.31255,0.31266,0.0,1.0000,1.0000,0.0000,0.4741,0.3394,0.000,unity
27.3804,0.00000,0.0000,0.0000,0.31251,0.31251,0.31267,0.0,1.0000,1.0000,0.0000,0.4741,0.3457,0.000,unity
27.4004,0.00000,0.0000,0.0000,0.31247,0.31247,0.31267,0.0,1.0000,1.0000,0.0000,0.4741,0.3519,0.000,unity
27.4204,0.00000,0.0000,0.0000,0.31243,0.31243,0.31265,0.0,1.0000,1.0000,0.0000,0.4741,0.3582,0.000,unity
27.4404,0.00000,0.0000,0.0000,0.31238,0.31238,0.31263,0.0,1.0000,1.0000,0.0000,0.4741,0.3645,0.000,unity
27.4604,0.00000,0.0000,0.0000,0.31234,0.31234,0.31260,0.0,1.0000,1.0000,0.0000,0.4741,0.3707,0.000,unity
27.4804,0.00000,0.0000,0.0000,0.31230,0.31230,0.31256,0.0,1.0000,1.0000,0.0000,0.4741,0.3770,0.000,unity
27.5004,0.00000,0.0000,0.0000,0.31226,0.31226,0.31251,0.0,1.0000,1.0000,0.0000,0.4741,0.3833,0.000,unity
27.5204,0.00000,0.0000,0.0000,0.31222,0.31222,0.31246,0.0,1.0000,1.0000,0.0000,0.4741,0.3896,0.000,unity
27.5404,0.00000,0.0000,0.0000,0.31218,0.31218,0.31240,0.0,1.0000,1.0000,0.0000,0.4741,0.3958,0.000,unity
27.5604,0.00000,0.0000,0.0000,0.31214,0.31214,0.31234,0.0,1.0000,1.0000,0.0000,0.4741,0.4021,0.000,unity
27.5804,0.00000,0.0000,0.0000,0.31210,0.31210,0.31228,0.0,1.0000,1.0000,0.0000,0.4741,0.4083,0.000,unity
27.6004,0.00000,0.0000,0.0000,0.31206,0.31206,0.31222,0.0,1.0000,1.0000,0.0000,0.4741,0.4146,0.000,unity
27.6204,0.00000,0.0000,0.0000,0.31202,0.31202,0.31216,0.0,1.0000,1.0000,0.0000,0.4741,0.4209,0.000,unity
27.6404,0.00000,0.0000,0.0000,0.31198,0.31198,0.31209,0.0,1.0000,1.0000,0.0000,0.4741,0.4271,0.000,unity
27.6604,0.00000,0.0000,0.0000,0.31194,0.31194,0.31203,0.0,1.0000,1.0000,0.0000,0.4741,0.4334,0.000,unity
27.6804,0.00000,0.0000,0.0000,0.31190,0.31190,0.31197,0.0,1.0000,1.0000,0.0000,0.4741,0.4396,0.000,unity
27.7004,0.00000,0.0000,0.0000,0.31186,0.31186,0.31191,0.0,1.0000,1.0000,0.0000,0.4741,0.4458,0.000,unity
27.7204,0.00000,0.0000,0.0000,0.31181,0.31181,0.31185,0.0,1.0000,1.0000,0.0000,0.4741,0.4521,0.000,unity
27.7404,0.00000,0.0000,0.0000,0.31177,0.31177,0.31179,0.0,1.0000,1.0000,0.0000,0.4741,0.4583,0.000,unity
27.7604,0.00000,0.0000,0.0000,0.31173,0.31173,0.31174,0.0,1.0000,1.0000,0.0000,0.4741,0.4646,0.000,unity
27.7805,0.00000,0.0000,0.0000,0.31169,0.31169,0.31169,0.0,1.0000,1.0000,0.0000,0.4741,0.4708,0.000,unity
27.8005,0.00000,0.0000,0.0000,0.31165,0.31165,0.31163,0.0,1.0000,1.0000,0.0000,0.4741,0.4770,0.000,unity
27.8205,0.00000,0.0000,0.0000,0.31161,0.31161,0.31159,0.0,1.0000,1.0000,0.0000,0.4741,0.4833,0.000,unity
27.8405,0.00000,0.0000,0.0000,0.31157,0.31157,0.31154,0.0,1.0000,1.0000,0.0000,0.4741,0.4895,0.000,unity
27.8605,0.00000,0.0000,0.0000,0.31153,0.31153,0.31149,0.0,1.0000,1.0000,0.0000,0.4741,0.4957,0.000,unity
27.8805,0.00000,0.0000,0.0000,0.31149,0.31149,0.31145,0.0,1.0000,1.0000,0.0000,0.4741,0.5019,0.000,unity
27.9005,0.00000,0.0000,0.0000,0.31145,0.31145,0.31141,0.0,1.0000,1.0000,0.0000,0.4741,0.5082,0.000,unity
27.9205,0.00000,0.0000,0.0000,0.31141,0.31141,0.31136,0.0,1.0000,1.0000,0.0000,0.4741,0.5144,0.000,unity
27.9405,0.00000,0.0000,0.0000,0.31137,0.31137,0.31132,0.0,1.0000,1.0000,0.0000,0.4741,0.5206,0.000,unity
27.9605,0.00000,0.0000,0.0000,0.31133,0.31133,0.31128,0.0,1.0000,1.0000,0.0000,0.4741,0.5268,0.000,unity
27.9805,0.00000,0.0000,0.0000,0.31128,0.31128,0.31124,0.0,1.0000,1.0000,0.0000,0.4741,0.5331,0.000,unity
28.0005,0.00000,0.0000,0.0000,0.31124,0.31124,0.31120,0.0,1.0000,1.0000,0.0000,0.4741,0.5393,0.000,unity
28.0205,0.00000,0.0000,0.0000,0.31120,0.31120,0.31117,0.0,1.0000,1.0000,0.0000,0.4741,0.5455,0.000,unity
28.0405,0.00000,0.0000,0.0000,0.31116,0.31116,0.31113,0.0,1.0000,1.0000,0.0000,0.4741,0.5517,0.000,unity
28.0605,0.00000,0.0000,0.0000,0.31112,0.31112,0.31109,0.0,1.0000,1.0000,0.0000,0.4741,0.5579,0.000,unity
28.0805,0.00000,0.0000,0.0000,0.31108,0.31108,0.31105,0.0,1.0000,1.0000,0.0000,0.4741,0.5642,0.000,unity
28.1005,0.00000,0.0000,0.0000,0.31104,0.31104,0.31101,0.0,1.0000,1.0000,0.0000,0.4741,0.5704,0.000,unity
28.1205,0.00000,0.0000,0.0000,0.31100,0.31100,0.31097,0.0,1.0000,1.0000,0.0000,0.4741,0.5766,0.000,unity
28.1405,0.00000,0.0000,0.0000,0.31096,0.31096,0.31094,0.0,1.0000,1.0000,0.0000,0.4741,0.5828,0.000,unity
28.1605,0.00000,0.0000,0.0000,0.31091,0.31091,0.31090,0.0,1.0000,1.0000,0.0000,0.4741,0.5890,0.000,unity
28.1805,0.00000,0.0000,0.0000,0.31087,0.31087,0.31086,0.0,1.0000,1.0000,0.0000,0.4741,0.5952,0.000,unity
28.2005,0.00000,0.0000,0.0000,0.31083,0.31083,0.31082,0.0,1.0000,1.0000,0.0000,0.4741,0.6015,0.000,unity
28.2205,0.00000,0.0000,0.0000,0.31079,0.31079,0.31078,0.0,1.0000,1.0000,0.0000,0.4741,0.6077,0.000,unity
28.2405,0.00000,0.0000,0.0000,0.31075,0.31075,0.31074,0.0,1.0000,1.0000,0.0000,0.4741,0.6139,0.000,unity
28.2605,0.00000,0.0000,0.0000,0.31071,0.31071,0.31070,0.0,1.0000,1.0000,0.0000,0.4741,0.6201,0.000,unity
28.2805,0.00000,0.0000,0.0000,0.31067,0.31067,0.31066,0.0,1.0000,1.0000,0.0000,0.4741,0.6263,0.000,unity
28.3005,0.00000,0.0000,0.0000,0.31063,0.31063,0.31062,0.0,1.0000,1.0000,0.0000,0.4741,0.6325,0.000,unity
28.3205,0.00000,0.0000,0.0000,0.31059,0.31059,0.31058,0.0,1.0000,1.0000,0.0000,0.4741,0.6387,0.000,unity
28.3405,0.00000,0.0000,0.0000,0.31055,0.31055,0.31054,0.0,1.0000,1.0000,0.0000,0.4741,0.6450,0.000,unity
28.3605,0.00000,0.0000,0.0000,0.31051,0.31051,0.31050,0.0,1.0000,1.0000,0.0000,0.4741,0.6512,0.000,unity
28.3805,0.00000,0.0000,0.0000,0.31046,0.31046,0.31046,0.0,1.0000,1.0000,0.0000,0.4741,0.6574,0.000,unity
28.4005,0.00000,0.0000,0.0000,0.31042,0.31042,0.31042,0.0,1.0000,1.0000,0.0000,0.4741,0.6636,0.000,unity
28.4205,0.00000,0.0000,0.0000,0.31038,0.31038,0.31038,0.0,1.0000,1.0000,0.0000,0.4741,0.6698,0.000,unity
28.4405,0.00000,0.0000,0.0000,0.31034,0.31034,0.31034,0.0,1.0000,1.0000,0.0000,0.4741,0.6760,0.000,unity
28.4605,0.00000,0.0000,0.0000,0.31030,0.31030,0.31030,0.0,1.0000,1.0000,0.0000,0.4741,0.6822,0.000,unity
28.4805,0.00000,0.0000,0.0000,0.31026,0.31026,0.31026,0.0,1.0000,1.0000,0.0000,0.4741,0.6884,0.000,unity
28.5005,0.00000,0.0000,0.0000,0.31022,0.31022,0.31022,0.0,1.0000,1.0000,0.0000,0.4741,0.6946,0.000,unity
28.5205,0.00000,0.0000,0.0000,0.31018,0.31018,0.31018,0.0,1.0000,1.0000,0.0000,0.4741,0.7008,0.000,unity
28.5405,0.00000,0.0000,0.0000,0.31014,0.31014,0.31013,0.0,1.0000,1.0000,0.0000,0.4741,0.7070,0.000,unity
28.5605,0.00000,0.0000,0.0000,0.31010,0.31010,0.31009,0.0,1.0000,1.0000,0.0000,0.4741,0.7132,0.000,unity
28.5805,0.00000,0.0000,0.0000,0.31006,0.31006,0.31005,0.0,1.0000,1.0000,0.0000,0.4741,0.7194,0.000,unity
28.6005,0.00000,0.0000,0.0000,0.31002,0.31002,0.31001,0.0,1.0000,1.0000,0.0000,0.4741,0.7256,0.000,unity
28.6205,0.00000,0.0000,0.0000,0.30998,0.30998,0.30997,0.0,1.0000,1.0000,0.0000,0.4741,0.7318,0.000,unity
28.6405,0.00000,0.0000,0.0000,0.30994,0.30994,0.30993,0.0,1.0000,1.0000,0.0000,0.4741,0.7380,0.000,unity
28.6605,0.00000,0.0000,0.0000,0.30990,0.30990,0.30989,0.0,1.0000,1.0000,0.0000,0.4741,0.7442,0.000,unity
28.6805,0.00000,0.0000,0.0000,0.30986,0.30986,0.30985,0.0,1.0000,1.0000,0.0000,0.4741,0.7504,0.000,unity
28.7005,0.00000,0.0000,0.0000,0.30981,0.30981,0.30981,0.0,1.0000,1.0000,0.0000,0.4741,0.7566,0.000,unity
28.7205,0.00000,0.0000,0.0000,0.30977,0.30977,0.30977,0.0,1.0000,1.0000,0.0000,0.4741,0.7628,0.000,unity
28.7405,0.00000,0.0000,0.0000,0.30973,0.30973,0.30973,0.0,1.0000,1.0000,0.0000,0.4741,0.7690,0.000,unity
28.7605,0.00000,0.0000,0.0000,0.30969,0.30969,0.30968,0.0,1.0000,1.0000,0.0000,0.4741,0.7752,0.000,unity
28.7805,0.00000,0.0000,0.0000,0.30965,0.30965,0.30964,0.0,1.0000,1.0000,0.0000,0.4741,0.7814,0.000,unity
28.8005,0.00000,0.0000,0.0000,0.30961,0.30961,0.30960,0.0,1.0000,1.0000,0.0000,0.4741,0.7876,0.000,unity
28.8205,0.00000,0.0000,0.0000,0.30957,0.30957,0.30956,0.0,1.0000,1.0000,0.0000,0.4741,0.7938,0.000,unity
28.8405,0.00000,0.0000,0.0000,0.30953,0.30953,0.30952,0.0,1.0000,1.0000,0.0000,0.4741,0.8000,0.000,unity
28.8605,0.00000,0.0000,0.0000,0.30949,0.30949,0.30948,0.0,1.0000,1.0000,0.0000,0.4741,0.8062,0.000,unity
28.8805,0.00000,0.0000,0.0000,0.30945,0.30945,0.30944,0.0,1.0000,1.0000,0.0000,0.4741,0.8124,0.000,unity
28.9005,0.00000,0.0000,0.0000,0.30941,0.30941,0.30940,0.0,1.0000,1.0000,0.0000,0.4741,0.8185,0.000,unity
28.9205,0.00000,0.0000,0.0000,0.30937,0.30937,0.30936,0.0,1.0000,1.0000,0.0000,0.4741,0.8247,0.000,unity
28.9405,0.00000,0.0000,0.0000,0.30933,0.30933,0.30932,0.0,1.0000,1.0000,0.0000,0.4741,0.8309,0.000,unity
28.9605,0.00000,0.0000,0.0000,0.30929,0.30929,0.30928,0.0,1.0000,1.0000,0.0000,0.4741,0.8371,0.000,unity
28.9805,0.00000,0.0000,0.0000,0.30925,0.30925,0.30924,0.0,1.0000,1.0000,0.0000,0.4741,0.8433,0.000,unity
29.0005,0.00000,0.0000,0.0000,0.30921,0.30921,0.30920,0.0,1.0000,1.0000,0.0000,0.4741,0.8495,0.000,unity
29.0205,0.00000,0.0000,0.0000,0.30917,0.30917,0.30916,0.0,1.0000,1.0000,0.0000,0.4741,0.8557,0.000,unity
29.0405,0.00000,0.0000,0.0000,0.30913,0.30913,0.30912,0.0,1.0000,1.0000,0.0000,0.4741,0.8618,0.000,unity
29.0605,0.00000,0.0000,0.0000,0.30908,0.30908,0.30908,0.0,1.0000,1.0000,0.0000,0.4741,0.8680,0.000,unity
29.0805,0.00000,0.0000,0.0000,0.30904,0.30904,0.30904,0.0,1.0000,1.0000,0.0000,0.4741,0.8742,0.000,unity
29.1005,0.00000,0.0000,0.0000,0.30900,0.30900,0.30900,0.0,1.0000,1.0000,0.0000,0.4741,0.8804,0.000,unity
29.1205,0.00000,0.0000,0.0000,0.30896,0.30896,0.30895,0.0,1.0000,1.0000,0.0000,0.4741,0.8866,0.000,unity
29.1405,0.00000,0.0000,0.0000,0.30892,0.30892,0.30891,0.0,1.0000,1.0000,0.0000,0.4741,0.8927,0.000,unity
29.1605,0.00000,0.0000,0.0000,0.30888,0.30888,0.30887,0.0,1.0000,1.0000,0.0000,0.4741,0.8989,0.000,unity
29.1805,0.00000,0.0000,0.0000,0.30884,0.30884,0.30883,0.0,1.0000,1.0000,0.0000,0.4741,0.9051,0.000,unity
29.2005,0.00000,0.0000,0.0000,0.30880,0.30880,0.30879,0.0,1.0000,1.0000,0.0000,0.4741,0.9113,0.000,unity
29.2205,0.00000,0.0000,0.0000,0.30876,0.30876,0.30875,0.0,1.0000,1.0000,0.0000,0.4741,0.9174,0.000,unity
29.2405,0.00000,0.0000,0.0000,0.30872,0.30872,0.30871,0.0,1.0000,1.0000,0.0000,0.4741,0.9236,0.000,unity
29.2605,0.00000,0.0000,0.0000,0.30868,0.30868,0.30867,0.0,1.0000,1.0000,0.0000,0.4741,0.9298,0.000,unity
29.2805,0.00000,0.0000,0.0000,0.30864,0.30864,0.30863,0.0,1.0000,1.0000,0.0000,0.4741,0.9360,0.000,unity
29.3005,0.00000,0.0000,0.0000,0.30860,0.30860,0.30859,0.0,1.0000,1.0000,0.0000,0.4741,0.9421,0.000,unity
29.3205,0.00000,0.0000,0.0000,0.30856,0.30856,0.30855,0.0,1.0000,1.0000,0.0000,0.4741,0.9483,0.000,unity
29.3405,0.00000,0.0000,0.0000,0.30852,0.30852,0.30851,0.0,1.0000,1.0000,0.0000,0.4741,0.9545,0.000,unity
29.3605,0.00000,0.0000,0.0000,0.30848,0.30848,0.30847,0.0,1.0000,1.0000,0.0000,0.4741,0.9606,0.000,unity
29.3805,0.00000,0.0000,0.0000,0.30844,0.30844,0.30843,0.0,1.0000,1.0000,0.0000,0.4741,0.9668,0.000,unity
29.4005,0.00000,0.0000,0.0000,0.30840,0.30840,0.30839,0.0,1.0000,1.0000,0.0000,0.4741,0.9730,0.000,unity
29.4205,0.00000,0.0000,0.0000,0.30836,0.30836,0.30835,0.0,1.0000,1.0000,0.0000,0.4741,0.9791,0.000,unity
29.4405,0.00000,0.0000,0.0000,0.30831,0.30831,0.30831,0.0,1.0000,1.0000,0.0000,0.4741,0.9853,0.000,unity
29.4605,0.00000,0.0000,0.0000,0.30827,0.30827,0.30827,0.0,1.0000,1.0000,0.0000,0.4741,0.9915,0.000,unity
29.4805,0.00000,0.0000,0.0000,0.30823,0.30823,0.30823,0.0,1.0000,1.0000,0.0000,0.4741,0.9976,0.000,unity
29.5005,0.00000,0.0000,0.0000,0.30819,0.30819,0.30818,0.0,1.0000,1.0000,0.0000,0.4741,1.0038,0.000,unity
29.5205,0.00000,0.0000,0.0000,0.30815,0.30815,0.30814,0.0,1.0000,1.0000,0.0000,0.4741,1.0100,0.000,unity
29.5405,0.00000,0.0000,0.0000,0.30811,0.30811,0.30810,0.0,1.0000,1.0000,0.0000,0.4741,1.0161,0.000,unity
29.5605,0.00000,0.0000,0.0000,0.30807,0.30807,0.30806,0.0,1.0000,1.0000,0.0000,0.4741,1.0223,0.000,unity
29.5805,0.00000,0.0000,0.0000,0.30803,0.30803,0.30802,0.0,1.0000,1.0000,0.0000,0.4741,1.0285,0.000,unity
29.6005,0.00000,0.0000,0.0000,0.30799,0.30799,0.30798,0.0,1.0000,1.0000,0.0000,0.4741,1.0346,0.000,unity
29.6205,0.00000,0.0000,0.0000,0.30795,0.30795,0.30794,0.0,1.0000,1.0000,0.0000,0.4741,1.0408,0.000,unity
29.6405,0.00000,0.0000,0.0000,0.30791,0.30791,0.30790,0.0,1.0000,1.0000,0.0000,0.4741,1.0469,0.000,unity
29.6605,0.00000,0.0000,0.0000,0.30787,0.30787,0.30786,0.0,1.0000,1.0000,0.0000,0.4741,1.0531,0.000,unity
29.6805,0.00000,0.0000,0.0000,0.30783,0.30783,0.30782,0.0,1.0000,1.0000,0.0000,0.4741,1.0592,0.000,unity
29.7005,0.00000,0.0000,0.0000,0.30779,0.30779,0.30778,0.0,1.0000,1.0000,0.0000,0.4741,1.0654,0.000,unity
29.7205,0.00000,0.0000,0.0000,0.30775,0.30775,0.30774,0.0,1.0000,1.0000,0.0000,0.4741,1.0716,0.000,unity
29.7405,0.00000,0.0000,0.0000,0.30771,0.30771,0.30770,0.0,1.0000,1.0000,0.0000,0.4741,1.0777,0.000,unity
29.7605,0.00000,0.0000,0.0000,0.30767,0.30767,0.30766,0.0,1.0000,1.0000,0.0000,0.4741,1.0839,0.000,unity
29.7805,0.00000,0.0000,0.0000,0.30763,0.30763,0.30762,0.0,1.0000,1.0000,0.0000,0.4741,1.0900,0.000,unity
29.8005,0.00000,0.0000,0.0000,0.30759,0.30759,0.30758,0.0,1.0000,1.0000,0.0000,0.4741,1.0962,0.000,unity
29.8205,0.00000,0.0000,0.0000,0.30754,0.30754,0.30754,0.0,1.0000,1.0000,0.0000,0.4741,1.1023,0.000,unity
29.8405,0.00000,0.0000,0.0000,0.30750,0.30750,0.30750,0.0,1.0000,1.0000,0.0000,0.4741,1.1085,0.000,unity
29.8605,0.00000,0.0000,0.0000,0.30746,0.30746,0.30746,0.0,1.0000,1.0000,0.0000,0.4741,1.1146,0.000,unity
29.8805,0.00000,0.0000,0.0000,0.30742,0.30742,0.30741,0.0,1.0000,1.0000,0.0000,0.4741,1.1208,0.000,unity
29.9005,0.00000,0.0000,0.0000,0.30738,0.30738,0.30737,0.0,1.0000,1.0000,0.0000,0.4741,1.1269,0.000,unity
29.9205,0.00000,0.0000,0.0000,0.30734,0.30734,0.30733,0.0,1.0000,1.0000,0.0000,0.4741,1.1331,0.000,unity
29.9405,0.00000,0.0000,0.0000,0.30730,0.30730,0.30729,0.0,1.0000,1.0000,0.0000,0.4741,1.1392,0.000,unity
29.9605,0.00000,0.0000,0.0000,0.30726,0.30726,0.30725,0.0,1.0000,1.0000,0.0000,0.4741,1.1454,0.000,unity
29.9805,0.00000,0.0000,0.0000,0.30722,0.30722,0.30721,0.0,1.0000,1.0000,0.0000,0.4741,1.1515,0.000,unity
30.0005,0.00000,0.0000,0.0000,0.30718,0.30718,0.30717,0.0,1.0000,1.0000,0.0000,0.4741,1.1576,0.000,unity
