t,steering,throttle,brake,speed,speed_mag,wheel_ms,motor_nm,headroom,x,y,z,yaw_deg,source
0.0200,0.00000,0.0000,0.0000,0.00000,0.00000,0.00000,0.0,1.0000,0.0000,0.5000,0.0000,0.000,unity
0.0400,0.00000,0.0000,0.0000,0.00000,0.00000,0.00000,0.0,1.0000,0.0000,0.4985,0.0000,0.000,unity
0.0600,0.00000,0.0000,0.0000,0.00000,0.00000,0.00000,0.0,1.0000,0.0000,0.4965,0.0000,0.000,unity
0.0800,0.00000,0.0000,0.0000,0.00000,0.00000,0.00000,0.0,1.0000,0.0000,0.4941,0.0000,0.000,unity
0.1000,0.00000,0.0000,0.0000,0.00000,0.00000,0.00000,0.0,1.0000,0.0000,0.4916,0.0000,0.000,unity
0.1200,0.00000,0.0000,0.0000,0.00000,0.00000,0.00000,0.0,1.0000,0.0000,0.4890,0.0000,0.000,unity
0.1400,0.00000,0.0000,0.0000,0.00000,0.00000,0.00000,0.0,1.0000,0.0000,0.4865,0.0000,0.000,unity
0.1600,0.00000,0.0000,0.0000,0.00000,0.00000,0.00000,0.0,1.0000,0.0000,0.4842,0.0000,0.000,unity
0.1800,0.00000,0.0000,0.0000,0.00000,0.00000,0.00000,0.0,1.0000,0.0000,0.4820,0.0000,0.000,unity
0.2000,0.00000,1.0000,0.0000,0.00000,0.00000,0.00000,525.0,1.0000,0.0000,0.4801,0.0000,0.000,unity
0.2200,0.00000,1.0000,0.0000,0.08945,0.08944,0.33658,525.0,1.0000,0.0000,0.4784,0.0019,0.000,unity
0.2400,0.00000,1.0000,0.0000,0.16685,0.16682,1.04283,525.0,1.0000,0.0000,0.4770,0.0054,0.000,unity
0.2600,0.00000,1.0000,0.0000,0.27467,0.27463,0.93538,525.0,1.0000,0.0000,0.4758,0.0111,0.000,unity
0.2800,0.00000,1.0000,0.0000,0.36379,0.36373,1.36106,525.0,1.0000,0.0000,0.4749,0.0186,0.000,unity
0.3000,0.00000,1.0000,0.0000,0.45412,0.45406,1.77235,525.0,1.0000,0.0000,0.4741,0.0279,0.000,unity
0.3200,0.00000,1.0000,0.0000,0.53856,0.53850,1.98744,525.0,1.0000,0.0000,0.4735,0.0390,0.000,unity
0.3400,0.00000,1.0000,0.0000,0.65257,0.65252,1.56880,525.0,1.0000,0.0000,0.4731,0.0523,0.000,unity
0.3600,0.00000,1.0000,0.0000,0.76343,0.76339,1.44743,525.0,1.0000,0.0000,0.4729,0.0679,0.000,unity
0.3800,-0.04252,1.0000,0.0000,0.84616,0.84613,1.93443,525.0,1.0000,0.0000,0.4727,0.0851,0.000,unity
0.4000,-0.11107,1.0000,0.0000,0.96307,0.96307,1.13527,525.0,1.0000,-0.0001,0.4726,0.1047,-0.005,unity
0.4200,-0.19371,1.0000,0.0000,1.05841,1.05856,1.38011,525.0,1.0000,-0.0005,0.4727,0.1262,359.980,unity
0.4400,-0.26371,1.0000,0.0000,1.14310,1.14363,1.85256,525.0,1.0000,-0.0012,0.4727,0.1493,359.949,unity
0.4600,-0.30218,1.0000,0.0000,1.24506,1.24630,1.59983,525.0,1.0000,-0.0024,0.4728,0.1744,359.898,unity
0.4800,-0.38196,1.0000,0.0000,1.33642,1.33841,1.77617,525.0,1.0000,-0.0041,0.4729,0.2013,359.831,unity
0.5000,-0.48934,1.0000,0.0000,1.42584,1.42910,1.90018,525.0,1.0000,-0.0062,0.4731,0.2300,359.741,unity
0.5200,-0.56243,1.0000,0.0000,1.51563,1.52113,2.07376,525.0,1.0000,-0.0092,0.4732,0.2604,359.621,unity
0.5400,-0.63534,1.0000,0.0000,1.60482,1.61301,2.16776,525.0,1.0000,-0.0129,0.4734,0.2925,359.469,unity
0.5600,-0.70785,1.0000,0.0000,1.69319,1.70459,2.29043,525.0,1.0000,-0.0174,0.4735,0.3264,359.284,unity
0.5800,-0.77935,1.0000,0.0000,1.77959,1.79476,2.42511,525.0,1.0000,-0.0229,0.4737,0.3619,359.065,unity
0.6000,-0.85198,1.0000,0.0000,1.86432,1.88386,2.56052,525.0,1.0000,-0.0294,0.4738,0.3991,358.810,unity
0.6200,-0.93353,1.0000,0.0000,1.94721,1.97184,2.69469,525.0,1.0000,-0.0369,0.4739,0.4379,358.517,unity
0.6400,-1.00000,1.0000,0.0000,2.02646,2.05715,2.83755,525.0,1.0000,-0.0456,0.4740,0.4781,358.182,unity
0.6600,-1.00000,1.0000,0.0000,2.10400,2.14121,2.99460,525.0,1.0000,-0.0555,0.4740,0.5197,357.805,unity
0.6800,-1.00000,1.0000,0.0000,2.18644,2.22829,3.14792,525.0,1.0000,-0.0664,0.4741,0.5629,357.395,unity
0.7000,-1.00000,1.0000,0.0000,2.27169,2.31700,3.29247,525.0,1.0000,-0.0782,0.4742,0.6077,356.958,unity
0.7200,-1.00000,1.0000,0.0000,2.35867,2.40666,3.43148,525.0,1.0000,-0.0909,0.4742,0.6541,356.498,unity
0.7400,-1.00000,1.0000,0.0000,2.44675,2.49689,3.56672,525.0,1.0000,-0.1045,0.4742,0.7021,356.015,unity
0.7600,-1.00000,1.0000,0.0000,2.53551,2.58746,3.69936,525.0,1.0000,-0.1190,0.4742,0.7518,355.512,unity
0.7800,-1.00000,1.0000,0.0000,2.62471,2.67821,3.83013,525.0,1.0000,-0.1344,0.4743,0.8030,354.989,unity
0.8000,-1.00000,1.0000,0.0000,2.71416,2.76905,3.95954,525.0,1.0000,-0.1508,0.4743,0.8559,354.447,unity
0.8200,-1.00000,1.0000,0.0000,2.80378,2.85991,4.08787,525.0,1.0000,-0.1681,0.4743,0.9103,353.886,unity
0.8400,-1.00000,1.0000,0.0000,2.89349,2.95075,4.21536,525.0,1.0000,-0.1865,0.4743,0.9663,353.306,unity
0.8600,-1.00000,1.0000,0.0000,2.98325,3.04154,4.34212,525.0,1.0000,-0.2059,0.4743,1.0239,352.709,unity
0.8800,-1.00000,1.0000,0.0000,3.07303,3.13227,4.46832,525.0,1.0000,-0.2265,0.4743,1.0830,352.093,unity
0.9000,-1.00000,1.0000,0.0000,3.16280,3.22291,4.59403,525.0,1.0000,-0.2482,0.4742,1.1436,351.459,unity
0.9200,-1.00000,1.0000,0.0000,3.25256,3.31345,4.71930,525.0,1.0000,-0.2711,0.4742,1.2057,350.807,unity
0.9400,-1.00000,1.0000,0.0000,3.34229,3.40389,4.84416,525.0,1.0000,-0.2953,0.4742,1.2693,350.137,unity
0.9600,-1.00000,1.0000,0.0000,3.43198,3.49421,4.96868,525.0,1.0000,-0.3209,0.4742,1.3343,349.449,unity
0.9800,-1.00000,1.0000,0.0000,3.52163,3.58440,5.09287,525.0,1.0000,-0.3478,0.4742,1.4007,348.744,unity
1.0000,-1.00000,1.0000,0.0000,3.61122,3.67447,5.21678,525.0,1.0000,-0.3761,0.4742,1.4684,348.021,unity
1.0200,-1.00000,1.0000,0.0000,3.70075,3.76439,5.34039,525.0,1.0000,-0.4059,0.4742,1.5375,347.280,unity
1.0400,-1.00000,0.0000,0.0000,3.79020,3.85417,5.46372,0.0,1.0000,-0.4372,0.4742,1.6079,346.521,unity
1.0600,-1.00000,0.0000,0.0000,3.81257,3.87540,4.58100,0.0,1.0000,-0.4695,0.4742,1.6782,345.756,unity
1.0800,-1.00000,0.0000,0.0000,3.80974,3.87130,4.57458,0.0,1.0000,-0.5025,0.4742,1.7480,344.993,unity
1.1000,-1.00000,0.0000,0.0000,3.80658,3.86719,4.56677,0.0,1.0000,-0.5362,0.4742,1.8173,344.231,unity
1.1200,-1.00000,0.0000,0.0000,3.80315,3.86303,4.55920,0.0,1.0000,-0.5708,0.4742,1.8861,343.471,unity
1.1400,-1.00000,0.0000,0.0000,3.79950,3.85884,4.55186,0.0,1.0000,-0.6061,0.4742,1.9543,342.713,unity
1.1600,-1.00000,0.0000,0.0000,3.79568,3.85461,4.54477,0.0,1.0000,-0.6423,0.4742,2.0220,341.957,unity
1.1800,-1.00000,0.0000,0.0000,3.79173,3.85034,4.53791,0.0,1.0000,-0.6793,0.4742,2.0891,341.203,unity
1.2000,-1.00000,0.0000,0.0000,3.78767,3.84604,4.53130,0.0,1.0000,-0.7171,0.4742,2.1557,340.451,unity
1.2200,-1.00000,0.0000,0.0000,3.78352,3.84171,4.52491,0.0,1.0000,-0.7557,0.4742,2.2217,339.701,unity
1.2400,-1.00000,0.0000,0.0000,3.77929,3.83735,4.51874,0.0,1.0000,-0.7951,0.4742,2.2872,338.953,unity
1.2600,-1.00000,0.0000,0.0000,3.77500,3.83296,4.51278,0.0,1.0000,-0.8353,0.4742,2.3521,338.206,unity
1.2800,-1.00000,0.0000,0.0000,3.77066,3.82854,4.50700,0.0,1.0000,-0.8763,0.4742,2.4164,337.461,unity
1.3000,-1.00000,0.0000,0.0000,3.76627,3.82410,4.50139,0.0,1.0000,-0.9181,0.4742,2.4801,336.717,unity
1.3200,-1.00000,0.0000,0.0000,3.76184,3.81963,4.49593,0.0,1.0000,-0.9607,0.4742,2.5432,335.975,unity
1.3400,-1.00000,0.0000,0.0000,3.75738,3.81514,4.49060,0.0,1.0000,-1.0041,0.4742,2.6057,335.233,unity
1.3600,-1.00000,0.0000,0.0000,3.75289,3.81064,4.48539,0.0,1.0000,-1.0483,0.4742,2.6676,334.493,unity
1.3800,-1.00000,0.0000,0.0000,3.74837,3.80611,4.48026,0.0,1.0000,-1.0932,0.4742,2.7289,333.754,unity
1.4000,-1.00000,0.0000,0.0000,3.74384,3.80158,4.47522,0.0,1.0000,-1.1388,0.4742,2.7895,333.016,unity
1.4200,-1.00000,0.0000,0.0000,3.73929,3.79703,4.47024,0.0,1.0000,-1.1852,0.4742,2.8495,332.278,unity
1.4400,-1.00000,0.0000,0.0000,3.73474,3.79248,4.46530,0.0,1.0000,-1.2323,0.4742,2.9088,331.541,unity
1.4600,-1.00000,0.0000,0.0000,3.73017,3.78792,4.46040,0.0,1.0000,-1.2801,0.4742,2.9675,330.805,unity
1.4800,-1.00000,0.0000,0.0000,3.72561,3.78336,4.45552,0.0,1.0000,-1.3287,0.4742,3.0254,330.070,unity
1.5000,-1.00000,0.0000,0.0000,3.72104,3.77881,4.45066,0.0,1.0000,-1.3779,0.4742,3.0827,329.336,unity
1.5200,-1.00000,0.0000,0.0000,3.71648,3.77425,4.44580,0.0,1.0000,-1.4278,0.4742,3.1393,328.602,unity
1.5400,-1.00000,0.0000,0.0000,3.71193,3.76971,4.44094,0.0,1.0000,-1.4784,0.4742,3.1951,327.868,unity
1.5600,-1.00000,0.0000,0.0000,3.70738,3.76517,4.43608,0.0,1.0000,-1.5296,0.4742,3.2503,327.136,unity
1.5800,-1.00000,0.0000,0.0000,3.70284,3.76064,4.43120,0.0,1.0000,-1.5815,0.4742,3.3047,326.404,unity
1.6000,-1.00000,0.0000,0.0000,3.69832,3.75612,4.42631,0.0,1.0000,-1.6340,0.4742,3.3584,325.672,unity
1.6200,-1.00000,0.0000,0.0000,3.69381,3.75161,4.42140,0.0,1.0000,-1.6872,0.4742,3.4113,324.941,unity
1.6400,-1.00000,0.0000,0.0000,3.68931,3.74711,4.41648,0.0,1.0000,-1.7409,0.4742,3.4635,324.211,unity
1.6600,-1.00000,0.0000,0.0000,3.68482,3.74263,4.41155,0.0,1.0000,-1.7953,0.4742,3.5150,323.482,unity
1.6800,-1.00000,0.0000,0.0000,3.68036,3.73816,4.40660,0.0,1.0000,-1.8502,0.4742,3.5656,322.753,unity
1.7000,-1.00000,0.0000,0.0000,3.67590,3.73371,4.40163,0.0,1.0000,-1.9058,0.4742,3.6155,322.025,unity
1.7200,-1.00000,0.0000,0.0000,3.67146,3.72927,4.39665,0.0,1.0000,-1.9619,0.4742,3.6647,321.297,unity
1.7400,-1.00000,0.0000,0.0000,3.66704,3.72484,4.39167,0.0,1.0000,-2.0185,0.4742,3.7130,320.571,unity
1.7600,-1.00000,0.0000,0.0000,3.66263,3.72043,4.38667,0.0,1.0000,-2.0757,0.4742,3.7606,319.845,unity
1.7800,-1.00000,0.0000,0.0000,3.65824,3.71604,4.38168,0.0,1.0000,-2.1334,0.4742,3.8073,319.120,unity
1.8000,-1.00000,0.0000,0.0000,3.65386,3.71165,4.37667,0.0,1.0000,-2.1917,0.4742,3.8533,318.395,unity
1.8200,-1.00000,0.0000,0.0000,3.64950,3.70728,4.37167,0.0,1.0000,-2.2504,0.4742,3.8984,317.672,unity
1.8400,-1.00000,0.0000,0.0000,3.64514,3.70292,4.36667,0.0,1.0000,-2.3097,0.4742,3.9428,316.949,unity
1.8600,-1.00000,0.0000,0.0000,3.64081,3.69858,4.36167,0.0,1.0000,-2.3694,0.4742,3.9864,316.227,unity
1.8800,-1.00000,0.0000,0.0000,3.63648,3.69425,4.35668,0.0,1.0000,-2.4297,0.4742,4.0291,315.506,unity
1.9000,-1.00000,0.0000,0.0000,3.63217,3.68993,4.35169,0.0,1.0000,-2.4903,0.4742,4.0710,314.785,unity
1.9200,-1.00000,0.0000,0.0000,3.62786,3.68562,4.34672,0.0,1.0000,-2.5515,0.4742,4.1121,314.066,unity
1.9400,-1.00000,0.0000,0.0000,3.62357,3.68132,4.34175,0.0,1.0000,-2.6131,0.4742,4.1524,313.347,unity
1.9600,-1.00000,0.0000,0.0000,3.61929,3.67703,4.33679,0.0,1.0000,-2.6751,0.4742,4.1918,312.629,unity
1.9800,-1.00000,0.0000,0.0000,3.61502,3.67276,4.33185,0.0,1.0000,-2.7375,0.4742,4.2305,311.912,unity
2.0000,-1.00000,0.0000,0.0000,3.61076,3.66849,4.32692,0.0,1.0000,-2.8003,0.4742,4.2682,311.196,unity
2.0200,-1.00000,0.0000,0.0000,3.60651,3.66423,4.32200,0.0,1.0000,-2.8635,0.4742,4.3052,310.480,unity
2.0400,-1.00000,0.0000,0.0000,3.60227,3.65998,4.31710,0.0,1.0000,-2.9272,0.4742,4.3413,309.766,unity
2.0600,-1.00000,0.0000,0.0000,3.59804,3.65575,4.31221,0.0,1.0000,-2.9911,0.4742,4.3765,309.052,unity
2.0800,-1.00000,0.0000,0.0000,3.59382,3.65152,4.30733,0.0,1.0000,-3.0555,0.4742,4.4110,308.339,unity
2.1000,-1.00000,0.0000,0.0000,3.58961,3.64730,4.30247,0.0,1.0000,-3.1202,0.4742,4.4445,307.626,unity
2.1200,-1.00000,0.0000,0.0000,3.58540,3.64309,4.29762,0.0,1.0000,-3.1852,0.4742,4.4773,306.915,unity
2.1400,-1.00000,0.0000,0.0000,3.58121,3.63889,4.29279,0.0,1.0000,-3.2506,0.4742,4.5091,306.204,unity
2.1600,-1.00000,0.0000,0.0000,3.57702,3.63469,4.28797,0.0,1.0000,-3.3163,0.4742,4.5401,305.494,unity
2.1800,-1.00000,0.0000,0.0000,3.57284,3.63051,4.28316,0.0,1.0000,-3.3823,0.4742,4.5703,304.785,unity
2.2000,-1.00000,0.0000,0.0000,3.56867,3.62633,4.27837,0.0,1.0000,-3.4486,0.4742,4.5996,304.077,unity
2.2200,-1.00000,0.0000,0.0000,3.56451,3.62216,4.27359,0.0,1.0000,-3.5151,0.4742,4.6280,303.369,unity
2.2400,-1.00000,0.0000,0.0000,3.56035,3.61800,4.26882,0.0,1.0000,-3.5820,0.4742,4.6556,302.663,unity
2.2600,-1.00000,0.0000,0.0000,3.55621,3.61385,4.26406,0.0,1.0000,-3.6491,0.4742,4.6823,301.957,unity
2.2800,-1.00000,1.0000,0.0000,3.55207,3.60971,4.25932,525.0,1.0000,-3.7164,0.4742,4.7082,301.251,unity
2.3000,-1.00000,1.0000,0.0000,3.61669,3.67567,5.25669,525.0,1.0000,-3.7854,0.4742,4.7337,300.536,unity
2.3200,-1.00000,1.0000,0.0000,3.70464,3.76510,5.36986,525.0,1.0000,-3.8565,0.4742,4.7588,299.802,unity
2.3400,-1.00000,1.0000,0.0000,3.79281,3.85441,5.48606,525.0,1.0000,-3.9296,0.4742,4.7837,299.050,unity
2.3600,-1.00000,1.0000,0.0000,3.88115,3.94359,5.60217,525.0,1.0000,-4.0048,0.4742,4.8081,298.280,unity
2.3800,-1.00000,1.0000,0.0000,3.96959,4.03265,5.71838,525.0,1.0000,-4.0820,0.4742,4.8322,297.492,unity
2.4000,-1.00000,0.0000,0.0000,4.05806,4.12157,5.83485,0.0,1.0000,-4.1613,0.4742,4.8558,296.685,unity
2.4200,-1.00000,0.0000,0.0000,4.08102,4.14348,4.88872,0.0,1.0000,-4.2412,0.4742,4.8784,295.871,unity
2.4400,-1.00000,0.0000,0.0000,4.07733,4.13856,4.88288,0.0,1.0000,-4.3212,0.4742,4.9001,295.058,unity
2.4600,-1.00000,0.0000,0.0000,4.07334,4.13362,4.87468,0.0,1.0000,-4.4013,0.4742,4.9206,294.246,unity
2.4800,-1.00000,0.0000,0.0000,4.06908,4.12863,4.86658,0.0,1.0000,-4.4815,0.4742,4.9401,293.436,unity
2.5000,-1.00000,0.0000,0.0000,4.06462,4.12362,4.85860,0.0,1.0000,-4.5619,0.4742,4.9584,292.627,unity
2.5200,-1.00000,0.0000,0.0000,4.06001,4.11858,4.85075,0.0,1.0000,-4.6423,0.4742,4.9756,291.820,unity
2.5400,-1.00000,0.0000,0.0000,4.05528,4.11353,4.84303,0.0,1.0000,-4.7229,0.4742,4.9917,291.015,unity
2.5600,-1.00000,0.0000,0.0000,4.05046,4.10847,4.83546,0.0,1.0000,-4.8035,0.4742,5.0067,290.212,unity
2.5800,-1.00000,0.0000,0.0000,4.04558,4.10340,4.82804,0.0,1.0000,-4.8842,0.4742,5.0205,289.411,unity
2.6000,-1.00000,0.0000,0.0000,4.04064,4.09832,4.82077,0.0,1.0000,-4.9650,0.4742,5.0332,288.612,unity
2.6200,-1.00000,0.0000,0.0000,4.03565,4.09323,4.81366,0.0,1.0000,-5.0458,0.4742,5.0447,287.815,unity
2.6400,-1.00000,0.0000,0.0000,4.03063,4.08813,4.80671,0.0,1.0000,-5.1267,0.4742,5.0552,287.019,unity
2.6600,-1.00000,0.0000,0.0000,4.02558,4.08302,4.79990,0.0,1.0000,-5.2076,0.4742,5.0645,286.225,unity
2.6800,-1.00000,0.0000,0.0000,4.02049,4.07791,4.79324,0.0,1.0000,-5.2885,0.4742,5.0726,285.433,unity
2.7000,-1.00000,0.0000,0.0000,4.01539,4.07279,4.78672,0.0,1.0000,-5.3695,0.4742,5.0797,284.643,unity
2.7200,-1.00000,0.0000,0.0000,4.01027,4.06765,4.78033,0.0,1.0000,-5.4504,0.4742,5.0856,283.853,unity
2.7400,-1.00000,0.0000,0.0000,4.00513,4.06251,4.77406,0.0,1.0000,-5.5313,0.4742,5.0904,283.065,unity
2.7600,-1.00000,0.0000,0.0000,3.99998,4.05737,4.76789,0.0,1.0000,-5.6122,0.4742,5.0941,282.279,unity
2.7800,-1.00000,0.0000,0.0000,3.99482,4.05222,4.76183,0.0,1.0000,-5.6931,0.4742,5.0967,281.493,unity
2.8000,-1.00000,0.0000,0.0000,3.98965,4.04706,4.75585,0.0,1.0000,-5.7739,0.4742,5.0982,280.709,unity
2.8200,-1.00000,0.0000,0.0000,3.98448,4.04190,4.74995,0.0,1.0000,-5.8546,0.4742,5.0985,279.926,unity
2.8400,-1.00000,0.0000,0.0000,3.97930,4.03675,4.74411,0.0,1.0000,-5.9352,0.4742,5.0978,279.144,unity
2.8600,-1.00000,0.0000,0.0000,3.97412,4.03159,4.73833,0.0,1.0000,-6.0157,0.4742,5.0959,278.363,unity
2.8800,-1.00000,0.0000,0.0000,3.96894,4.02643,4.73260,0.0,1.0000,-6.0960,0.4742,5.0930,277.583,unity
2.9000,-1.00000,0.0000,0.0000,3.96376,4.02128,4.72690,0.0,1.0000,-6.1763,0.4742,5.0889,276.803,unity
2.9200,-1.00000,0.0000,0.0000,3.95860,4.01614,4.72124,0.0,1.0000,-6.2563,0.4742,5.0838,276.025,unity
2.9400,-1.00000,0.0000,0.0000,3.95344,4.01100,4.71560,0.0,1.0000,-6.3362,0.4742,5.0776,275.247,unity
2.9600,-1.00000,0.0000,0.0000,3.94829,4.00587,4.70998,0.0,1.0000,-6.4160,0.4742,5.0703,274.470,unity
2.9800,-1.00000,0.0000,0.0000,3.94315,4.00075,4.70438,0.0,1.0000,-6.4955,0.4742,5.0619,273.694,unity
3.0000,-1.00000,0.0000,0.0000,3.93802,3.99565,4.69878,0.0,1.0000,-6.5748,0.4742,5.0524,272.919,unity
3.0200,-1.00000,0.0000,0.0000,3.93291,3.99055,4.69319,0.0,1.0000,-6.6538,0.4742,5.0419,272.145,unity
3.0400,-1.00000,0.0000,0.0000,3.92781,3.98547,4.68760,0.0,1.0000,-6.7326,0.4742,5.0303,271.371,unity
3.0600,-1.00000,0.0000,0.0000,3.92272,3.98040,4.68201,0.0,1.0000,-6.8112,0.4742,5.0177,270.598,unity
3.0800,-1.00000,0.0000,0.0000,3.91766,3.97535,4.67643,0.0,1.0000,-6.8894,0.4742,5.0040,269.826,unity
3.1000,-1.00000,0.0000,0.0000,3.91261,3.97031,4.67084,0.0,1.0000,-6.9674,0.4742,4.9892,269.055,unity
3.1200,-1.00000,0.0000,0.0000,3.90757,3.96529,4.66526,0.0,1.0000,-7.0451,0.4742,4.9735,268.285,unity
3.1400,-1.00000,0.0000,0.0000,3.90255,3.96028,4.65967,0.0,1.0000,-7.1224,0.4742,4.9567,267.515,unity
3.1600,-1.00000,0.0000,0.0000,3.89755,3.95529,4.65408,0.0,1.0000,-7.1995,0.4742,4.9388,266.746,unity
3.1800,-1.00000,0.0000,0.0000,3.89257,3.95031,4.64849,0.0,1.0000,-7.2761,0.4742,4.9200,265.978,unity
3.2000,-1.00000,0.0000,0.0000,3.88760,3.94535,4.64291,0.0,1.0000,-7.3525,0.4742,4.9001,265.211,unity
3.2200,-1.00000,0.0000,0.0000,3.88265,3.94040,4.63732,0.0,1.0000,-7.4284,0.4742,4.8792,264.445,unity
3.2400,-1.00000,0.0000,0.0000,3.87772,3.93547,4.63174,0.0,1.0000,-7.5040,0.4742,4.8574,263.680,unity
3.2600,-1.00000,0.0000,0.0000,3.87280,3.93056,4.62617,0.0,1.0000,-7.5791,0.4742,4.8345,262.915,unity
3.2800,-1.00000,0.0000,0.0000,3.86790,3.92566,4.62060,0.0,1.0000,-7.6539,0.4742,4.8107,262.152,unity
3.3000,-1.00000,0.0000,0.0000,3.86301,3.92077,4.61503,0.0,1.0000,-7.7282,0.4742,4.7859,261.389,unity
3.3200,-1.00000,0.0000,0.0000,3.85814,3.91590,4.60948,0.0,1.0000,-7.8021,0.4742,4.7601,260.627,unity
3.3400,-1.00000,0.0000,0.0000,3.85328,3.91104,4.60393,0.0,1.0000,-7.8756,0.4742,4.7334,259.867,unity
3.3600,-1.00000,0.0000,0.0000,3.84843,3.90620,4.59839,0.0,1.0000,-7.9486,0.4742,4.7058,259.107,unity
3.3800,-1.00000,0.0000,0.0000,3.84360,3.90137,4.59287,0.0,1.0000,-8.0211,0.4742,4.6772,258.348,unity
3.4000,-1.00000,0.0000,0.0000,3.83878,3.89655,4.58736,0.0,1.0000,-8.0932,0.4742,4.6476,257.589,unity
3.4200,-1.00000,0.0000,0.0000,3.83398,3.89174,4.58186,0.0,1.0000,-8.1647,0.4742,4.6172,256.832,unity
3.4400,-1.00000,0.0000,0.0000,3.82918,3.88695,4.57637,0.0,1.0000,-8.2358,0.4742,4.5858,256.076,unity
3.4600,-1.00000,0.0000,0.0000,3.82440,3.88217,4.57089,0.0,1.0000,-8.3063,0.4742,4.5535,255.320,unity
3.4800,-1.00000,0.0000,0.0000,3.81963,3.87740,4.56543,0.0,1.0000,-8.3764,0.4742,4.5204,254.565,unity
3.5000,-1.00000,0.0000,0.0000,3.81488,3.87265,4.55999,0.0,1.0000,-8.4459,0.4742,4.4863,253.812,unity
3.5200,-1.00000,1.0000,0.0000,3.81014,3.86790,4.55456,525.0,1.0000,-8.5148,0.4742,4.4514,253.059,unity
3.5400,-1.00000,1.0000,0.0000,3.87267,3.93173,5.61200,525.0,1.0000,-8.5845,0.4742,4.4149,252.296,unity
3.5600,-1.00000,1.0000,0.0000,3.96005,4.02055,5.72315,525.0,1.0000,-8.6553,0.4742,4.3766,251.515,unity
3.5800,-1.00000,1.0000,0.0000,4.04766,4.10923,5.83794,525.0,1.0000,-8.7271,0.4742,4.3364,250.716,unity
3.6000,-1.00000,1.0000,0.0000,4.13546,4.19779,5.95261,525.0,1.0000,-8.7999,0.4742,4.2943,249.899,unity
3.6200,-1.00000,0.0000,0.0000,4.22336,4.28621,6.06740,0.0,1.0000,-8.8738,0.4742,4.2502,249.064,unity
3.6400,-1.00000,0.0000,0.0000,4.24667,4.30855,5.07472,0.0,1.0000,-8.9473,0.4742,4.2051,248.221,unity
3.6600,-1.00000,0.0000,0.0000,4.24248,4.30315,5.06874,0.0,1.0000,-9.0202,0.4742,4.1590,247.378,unity
3.6800,-1.00000,0.0000,0.0000,4.23797,4.29773,5.06018,0.0,1.0000,-9.0922,0.4742,4.1121,246.537,unity
3.7000,-1.00000,0.0000,0.0000,4.23321,4.29225,5.05170,0.0,1.0000,-9.1635,0.4742,4.0642,245.697,unity
3.7200,-1.00000,0.0000,0.0000,4.22824,4.28675,5.04331,0.0,1.0000,-9.2339,0.4742,4.0155,244.859,unity
3.7400,-1.00000,0.0000,0.0000,4.22313,4.28122,5.03503,0.0,1.0000,-9.3036,0.4742,3.9658,244.023,unity
3.7600,-1.00000,0.0000,0.0000,4.21790,4.27568,5.02687,0.0,1.0000,-9.3724,0.4742,3.9153,243.188,unity
3.7800,-1.00000,0.0000,0.0000,4.21259,4.27012,5.01884,0.0,1.0000,-9.4404,0.4742,3.8639,242.356,unity
3.8000,-1.00000,0.0000,0.0000,4.20721,4.26456,5.01095,0.0,1.0000,-9.5075,0.4742,3.8115,241.525,unity
3.8200,-1.00000,0.0000,0.0000,4.20177,4.25900,5.00319,0.0,1.0000,-9.5738,0.4742,3.7583,240.697,unity
3.8400,-1.00000,0.0000,0.0000,4.19630,4.25343,4.99558,0.0,1.0000,-9.6392,0.4742,3.7043,239.870,unity
3.8600,-1.00000,0.0000,0.0000,4.19079,4.24785,4.98812,0.0,1.0000,-9.7038,0.4742,3.6493,239.045,unity
3.8800,-1.00000,0.0000,0.0000,4.18526,4.24227,4.98081,0.0,1.0000,-9.7674,0.4742,3.5935,238.222,unity
3.9000,-1.00000,0.0000,0.0000,4.17970,4.23669,4.97363,0.0,1.0000,-9.8302,0.4742,3.5369,237.401,unity
3.9200,-1.00000,0.0000,0.0000,4.17413,4.23110,4.96658,0.0,1.0000,-9.8921,0.4742,3.4795,236.581,unity
3.9400,-1.00000,0.0000,0.0000,4.16854,4.22550,4.95966,0.0,1.0000,-9.9531,0.4742,3.4213,235.763,unity
3.9600,-1.00000,0.0000,0.0000,4.16294,4.21991,4.95286,0.0,1.0000,-10.0132,0.4742,3.3622,234.946,unity
3.9800,-1.00000,0.0000,0.0000,4.15733,4.21431,4.94616,0.0,1.0000,-10.0723,0.4742,3.3024,234.131,unity
4.0000,-1.00000,0.0000,0.0000,4.15171,4.20870,4.93956,0.0,1.0000,-10.1305,0.4742,3.2418,233.317,unity
4.0200,-1.00000,0.0000,0.0000,4.14609,4.20310,4.93305,0.0,1.0000,-10.1878,0.4742,3.1805,232.504,unity
4.0400,-1.00000,0.0000,0.0000,4.14046,4.19750,4.92662,0.0,1.0000,-10.2441,0.4742,3.1185,231.692,unity
4.0600,-1.00000,0.0000,0.0000,4.13484,4.19190,4.92026,0.0,1.0000,-10.2995,0.4742,3.0557,230.882,unity
4.0800,-1.00000,0.0000,0.0000,4.12921,4.18631,4.91397,0.0,1.0000,-10.3539,0.4742,2.9922,230.072,unity
4.1000,-1.00000,0.0000,0.0000,4.12359,4.18072,4.90772,0.0,1.0000,-10.4074,0.4742,2.9280,229.264,unity
4.1200,-1.00000,0.0000,0.0000,4.11798,4.17514,4.90152,0.0,1.0000,-10.4598,0.4742,2.8632,228.456,unity
4.1400,-1.00000,0.0000,0.0000,4.11238,4.16956,4.89535,0.0,1.0000,-10.5113,0.4742,2.7977,227.650,unity
4.1600,-1.00000,0.0000,0.0000,4.10678,4.16399,4.88921,0.0,1.0000,-10.5618,0.4742,2.7316,226.844,unity
4.1800,-1.00000,0.0000,0.0000,4.10120,4.15844,4.88310,0.0,1.0000,-10.6113,0.4742,2.6648,226.040,unity
4.2000,-1.00000,0.0000,0.0000,4.09563,4.15290,4.87701,0.0,1.0000,-10.6597,0.4742,2.5975,225.236,unity
4.2200,-1.00000,0.0000,0.0000,4.09008,4.14737,4.87093,0.0,1.0000,-10.7072,0.4742,2.5295,224.433,unity
4.2400,-1.00000,0.0000,0.0000,4.08454,4.14186,4.86486,0.0,1.0000,-10.7536,0.4742,2.4610,223.631,unity
4.2600,-1.00000,0.0000,0.0000,4.07902,4.13636,4.85881,0.0,1.0000,-10.7990,0.4742,2.3919,222.830,unity
4.2800,-1.00000,0.0000,0.0000,4.07351,4.13087,4.85276,0.0,1.0000,-10.8433,0.4742,2.3222,222.030,unity
4.3000,-1.00000,0.0000,0.0000,4.06802,4.12541,4.84671,0.0,1.0000,-10.8866,0.4742,2.2521,221.230,unity
4.3200,-1.00000,0.0000,0.0000,4.06255,4.11996,4.84067,0.0,1.0000,-10.9289,0.4742,2.1814,220.432,unity
4.3400,-1.00000,0.0000,0.0000,4.05710,4.11452,4.83464,0.0,1.0000,-10.9701,0.4742,2.1102,219.634,unity
4.3600,-1.00000,0.0000,0.0000,4.05167,4.10911,4.82860,0.0,1.0000,-11.0102,0.4742,2.0386,218.838,unity
4.3800,-1.00000,0.0000,0.0000,4.04625,4.10371,4.82257,0.0,1.0000,-11.0493,0.4742,1.9665,218.042,unity
4.4000,-1.00000,0.0000,0.0000,4.04086,4.09833,4.81655,0.0,1.0000,-11.0873,0.4742,1.8939,217.247,unity
4.4200,-1.00000,0.0000,0.0000,4.03548,4.09296,4.81053,0.0,1.0000,-11.1243,0.4742,1.8210,216.453,unity
4.4400,-1.00000,0.0000,0.0000,4.03013,4.08762,4.80451,0.0,1.0000,-11.1601,0.4742,1.7476,215.660,unity
4.4600,-1.00000,0.0000,0.0000,4.02479,4.08229,4.79850,0.0,1.0000,-11.1950,0.4742,1.6738,214.868,unity
4.4800,-1.00000,0.0000,0.0000,4.01946,4.07697,4.79250,0.0,1.0000,-11.2287,0.4742,1.5996,214.077,unity
4.5000,-1.00000,0.0000,0.0000,4.01416,4.07168,4.78650,0.0,1.0000,-11.2613,0.4742,1.5251,213.287,unity
4.5200,-1.00000,0.0000,0.0000,4.00887,4.06640,4.78052,0.0,1.0000,-11.2929,0.4742,1.4502,212.497,unity
4.5400,-1.00000,0.0000,0.0000,4.00360,4.06114,4.77454,0.0,1.0000,-11.3234,0.4742,1.3750,211.709,unity
4.5600,-1.00000,0.0000,0.0000,3.99834,4.05589,4.76858,0.0,1.0000,-11.3528,0.4742,1.2994,210.922,unity
4.5800,-1.00000,0.0000,0.0000,3.99311,4.05066,4.76263,0.0,1.0000,-11.3811,0.4742,1.2236,210.135,unity
4.6000,-1.00000,0.0000,0.0000,3.98788,4.04545,4.75669,0.0,1.0000,-11.4083,0.4742,1.1475,209.350,unity
4.6200,-1.00000,0.0000,0.0000,3.98268,4.04025,4.75076,0.0,1.0000,-11.4344,0.4742,1.0711,208.566,unity
4.6400,-1.00000,0.0000,0.0000,3.97749,4.03506,4.74485,0.0,1.0000,-11.4595,0.4742,0.9944,207.782,unity
4.6600,-1.00000,0.0000,0.0000,3.97231,4.02989,4.73896,0.0,1.0000,-11.4834,0.4742,0.9176,207.000,unity
4.6800,-1.00000,0.0000,0.0000,3.96715,4.02473,4.73308,0.0,1.0000,-11.5063,0.4742,0.8404,206.218,unity
4.7000,-1.00000,0.0000,0.0000,3.96200,4.01959,4.72721,0.0,1.0000,-11.5281,0.4742,0.7631,205.437,unity
4.7200,-1.00000,1.0000,0.0000,3.95686,4.01447,4.72136,525.0,1.0000,-11.5488,0.4742,0.6856,204.658,unity
4.7400,-1.00000,1.0000,0.0000,4.01818,4.07705,5.81284,525.0,1.0000,-11.5687,0.4742,0.6065,203.869,unity
4.7600,-1.00000,1.0000,0.0000,4.10518,4.16548,5.92310,525.0,1.0000,-11.5878,0.4742,0.5254,203.061,unity
4.7800,-1.00000,1.0000,0.0000,4.19244,4.25376,6.03703,525.0,1.0000,-11.6062,0.4742,0.4422,202.236,unity
4.8000,-1.00000,1.0000,0.0000,4.27988,4.34192,6.15080,525.0,1.0000,-11.6238,0.4742,0.3570,201.392,unity
4.8200,-1.00000,0.0000,0.0000,4.36743,4.42993,6.26475,0.0,1.0000,-11.6405,0.4742,0.2697,200.530,unity
4.8400,-1.00000,0.0000,0.0000,4.39119,4.45268,5.23937,0.0,1.0000,-11.6561,0.4742,0.1819,199.660,unity
4.8600,-1.00000,0.0000,0.0000,4.38664,4.44689,5.23247,0.0,1.0000,-11.6705,0.4742,0.0940,198.791,unity
4.8800,-1.00000,0.0000,0.0000,4.38176,4.44105,5.22334,0.0,1.0000,-11.6836,0.4742,0.0062,197.923,unity
4.9000,-1.00000,0.0000,0.0000,4.37660,4.43515,5.21430,0.0,1.0000,-11.6955,0.4742,-0.0817,197.057,unity
4.9200,-1.00000,0.0000,0.0000,4.37124,4.42922,5.20534,0.0,1.0000,-11.7061,0.4742,-0.1696,196.192,unity
4.9400,-1.00000,0.0000,0.0000,4.36571,4.42327,5.19649,0.0,1.0000,-11.7153,0.4742,-0.2575,195.329,unity
4.9600,-1.00000,0.0000,0.0000,4.36007,4.41730,5.18776,0.0,1.0000,-11.7233,0.4742,-0.3453,194.469,unity
4.9800,-1.00000,0.0000,0.0000,4.35434,4.41132,5.17915,0.0,1.0000,-11.7300,0.4742,-0.4331,193.610,unity
5.0000,-1.00000,0.0000,0.0000,4.34853,4.40533,5.17069,0.0,1.0000,-11.7353,0.4742,-0.5209,192.754,unity
5.0200,-1.00000,0.0000,0.0000,4.34267,4.39934,5.16237,0.0,1.0000,-11.7394,0.4742,-0.6086,191.899,unity
5.0400,-1.00000,0.0000,0.0000,4.33677,4.39334,5.15420,0.0,1.0000,-11.7421,0.4742,-0.6962,191.047,unity
5.0600,-1.00000,0.0000,0.0000,4.33084,4.38734,5.14618,0.0,1.0000,-11.7436,0.4742,-0.7838,190.196,unity
5.0800,-1.00000,0.0000,0.0000,4.32488,4.38133,5.13831,0.0,1.0000,-11.7437,0.4742,-0.8712,189.348,unity
5.1000,-1.00000,0.0000,0.0000,4.31889,4.37532,5.13058,0.0,1.0000,-11.7426,0.4742,-0.9585,188.501,unity
5.1200,-1.00000,0.0000,0.0000,4.31289,4.36931,5.12300,0.0,1.0000,-11.7402,0.4742,-1.0456,187.656,unity
5.1400,-1.00000,0.0000,0.0000,4.30687,4.36330,5.11555,0.0,1.0000,-11.7364,0.4742,-1.1326,186.813,unity
5.1600,-1.00000,0.0000,0.0000,4.30085,4.35728,5.10823,0.0,1.0000,-11.7315,0.4742,-1.2194,185.971,unity
5.1800,-1.00000,0.0000,0.0000,4.29481,4.35126,5.10102,0.0,1.0000,-11.7252,0.4742,-1.3061,185.131,unity
5.2000,-1.00000,0.0000,0.0000,4.28877,4.34524,5.09392,0.0,1.0000,-11.7177,0.4742,-1.3925,184.292,unity
5.2200,-1.00000,0.0000,0.0000,4.28272,4.33922,5.08692,0.0,1.0000,-11.7089,0.4742,-1.4787,183.455,unity
5.2400,-1.00000,0.0000,0.0000,4.27667,4.33321,5.08001,0.0,1.0000,-11.6989,0.4742,-1.5646,182.619,unity
5.2600,-1.00000,0.0000,0.0000,4.27063,4.32719,5.07317,0.0,1.0000,-11.6877,0.4742,-1.6503,181.784,unity
5.2800,-1.00000,0.0000,0.0000,4.26458,4.32119,5.06640,0.0,1.0000,-11.6752,0.4742,-1.7357,180.950,unity
5.3000,-1.00000,0.0000,0.0000,4.25854,4.31519,5.05969,0.0,1.0000,-11.6614,0.4742,-1.8208,180.117,unity
5.3200,-1.00000,0.0000,0.0000,4.25251,4.30919,5.05303,0.0,1.0000,-11.6465,0.4742,-1.9055,179.285,unity
5.3400,-1.00000,0.0000,0.0000,4.24650,4.30321,5.04641,0.0,1.0000,-11.6303,0.4742,-1.9900,178.455,unity
5.3600,-1.00000,0.0000,0.0000,4.24049,4.29724,5.03982,0.0,1.0000,-11.6129,0.4742,-2.0740,177.625,unity
5.3800,-1.00000,0.0000,0.0000,4.23449,4.29128,5.03327,0.0,1.0000,-11.5943,0.4742,-2.1577,176.796,unity
5.4000,-1.00000,0.0000,0.0000,4.22852,4.28534,5.02674,0.0,1.0000,-11.5746,0.4742,-2.2410,175.969,unity
5.4200,-1.00000,0.0000,0.0000,4.22255,4.27941,5.02023,0.0,1.0000,-11.5536,0.4742,-2.3239,175.142,unity
5.4400,-1.00000,0.0000,0.0000,4.21661,4.27350,5.01373,0.0,1.0000,-11.5315,0.4742,-2.4064,174.316,unity
5.4600,-1.00000,0.0000,0.0000,4.21068,4.26760,5.00724,0.0,1.0000,-11.5082,0.4742,-2.4885,173.491,unity
5.4800,-1.00000,0.0000,0.0000,4.20478,4.26172,5.00077,0.0,1.0000,-11.4837,0.4742,-2.5700,172.667,unity
5.5000,-1.00000,0.0000,0.0000,4.19889,4.25587,4.99430,0.0,1.0000,-11.4581,0.4742,-2.6511,171.844,unity
5.5200,-1.00000,0.0000,0.0000,4.19302,4.25003,4.98784,0.0,1.0000,-11.4314,0.4742,-2.7318,171.022,unity
5.5400,-1.00000,0.0000,0.0000,4.18718,4.24421,4.98139,0.0,1.0000,-11.4035,0.4742,-2.8119,170.201,unity
5.5600,-1.00000,0.0000,0.0000,4.18135,4.23840,4.97495,0.0,1.0000,-11.3745,0.4742,-2.8915,169.381,unity
5.5800,-1.00000,0.0000,0.0000,4.17555,4.23262,4.96852,0.0,1.0000,-11.3444,0.4742,-2.9705,168.562,unity
5.6000,-1.00000,0.0000,0.0000,4.16977,4.22686,4.96209,0.0,1.0000,-11.3132,0.4742,-3.0490,167.744,unity
5.6200,-1.00000,0.0000,0.0000,4.16401,4.22112,4.95566,0.0,1.0000,-11.2810,0.4742,-3.1270,166.926,unity
5.6400,-1.00000,0.0000,0.0000,4.15827,4.21540,4.94924,0.0,1.0000,-11.2476,0.4742,-3.2043,166.110,unity
5.6600,-1.00000,0.0000,0.0000,4.15255,4.20970,4.94284,0.0,1.0000,-11.2132,0.4742,-3.2811,165.295,unity
5.6800,-1.00000,0.0000,0.0000,4.14685,4.20402,4.93644,0.0,1.0000,-11.1777,0.4742,-3.3572,164.481,unity
5.7000,-1.00000,0.0000,0.0000,4.14117,4.19835,4.93005,0.0,1.0000,-11.1412,0.4742,-3.4328,163.667,unity
5.7200,-1.00000,0.0000,0.0000,4.13551,4.19271,4.92367,0.0,1.0000,-11.1037,0.4742,-3.5077,162.855,unity
5.7400,-1.00000,0.0000,0.0000,4.12987,4.18708,4.91730,0.0,1.0000,-11.0652,0.4742,-3.5820,162.044,unity
5.7600,-1.00000,0.0000,0.0000,4.12425,4.18147,4.91094,0.0,1.0000,-11.0256,0.4742,-3.6556,161.234,unity
5.7800,-1.00000,0.0000,0.0000,4.11864,4.17588,4.90460,0.0,1.0000,-10.9851,0.4742,-3.7285,160.425,unity
5.8000,-1.00000,0.0000,0.0000,4.11306,4.17031,4.89828,0.0,1.0000,-10.9435,0.4742,-3.8008,159.617,unity
5.8200,-1.00000,0.0000,0.0000,4.10749,4.16476,4.89197,0.0,1.0000,-10.9011,0.4742,-3.8723,158.809,unity
5.8400,-1.00000,0.0000,0.0000,4.10194,4.15922,4.88567,0.0,1.0000,-10.8576,0.4742,-3.9432,158.003,unity
5.8600,-1.00000,0.0000,0.0000,4.09640,4.15370,4.87939,0.0,1.0000,-10.8132,0.4742,-4.0133,157.198,unity
5.8800,-1.00000,0.0000,0.0000,4.09089,4.14819,4.87313,0.0,1.0000,-10.7679,0.4742,-4.0827,156.394,unity
5.9000,-1.00000,0.0000,0.0000,4.08538,4.14270,4.86689,0.0,1.0000,-10.7217,0.4742,-4.1514,155.591,unity
5.9200,-1.00000,0.0000,0.0000,4.07990,4.13723,4.86066,0.0,1.0000,-10.6746,0.4742,-4.2193,154.789,unity
5.9400,-1.00000,0.0000,0.0000,4.07443,4.13177,4.85446,0.0,1.0000,-10.6265,0.4742,-4.2865,153.988,unity
5.9600,-1.00000,0.0000,0.0000,4.06898,4.12633,4.84827,0.0,1.0000,-10.5776,0.4742,-4.3529,153.188,unity
5.9800,-1.00000,1.0000,0.0000,4.06354,4.12091,4.84210,525.0,1.0000,-10.5279,0.4742,-4.4185,152.389,unity
6.0000,-1.00000,1.0000,0.0000,4.12395,4.18258,5.95857,525.0,1.0000,-10.4764,0.4742,-4.4844,151.581,unity
6.0200,-1.00000,1.0000,0.0000,4.21066,4.27069,6.06847,525.0,1.0000,-10.4227,0.4742,-4.5509,150.754,unity
6.0400,-1.00000,1.0000,0.0000,4.29763,4.35866,6.18164,525.0,1.0000,-10.3669,0.4742,-4.6181,149.910,unity
6.0600,-1.00000,1.0000,0.0000,4.38480,4.44651,6.29470,525.0,1.0000,-10.3090,0.4742,-4.6858,149.047,unity
6.0800,-1.00000,0.0000,0.0000,4.47206,4.53420,6.40796,0.0,1.0000,-10.2489,0.4742,-4.7540,148.166,unity
6.1000,-1.00000,0.0000,0.0000,4.49611,4.55723,5.35876,0.0,1.0000,-10.1876,0.4742,-4.8216,147.277,unity
6.1200,-1.00000,0.0000,0.0000,4.49129,4.55113,5.35088,0.0,1.0000,-10.1255,0.4742,-4.8883,146.388,unity
6.1400,-1.00000,0.0000,0.0000,4.48612,4.54497,5.34133,0.0,1.0000,-10.0626,0.4742,-4.9540,145.501,unity
6.1600,-1.00000,0.0000,0.0000,4.48065,4.53875,5.33186,0.0,1.0000,-9.9989,0.4742,-5.0186,144.615,unity
6.1800,-1.00000,0.0000,0.0000,4.47498,4.53249,5.32247,0.0,1.0000,-9.9343,0.4742,-5.0821,143.731,unity
6.2000,-1.00000,0.0000,0.0000,4.46913,4.52621,5.31319,0.0,1.0000,-9.8689,0.4742,-5.1446,142.850,unity
6.2200,-1.00000,0.0000,0.0000,4.46317,4.51991,5.30402,0.0,1.0000,-9.8028,0.4742,-5.2059,141.970,unity
6.2400,-1.00000,0.0000,0.0000,4.45711,4.51360,5.29498,0.0,1.0000,-9.7358,0.4742,-5.2662,141.093,unity
6.2600,-1.00000,0.0000,0.0000,4.45098,4.50728,5.28608,0.0,1.0000,-9.6680,0.4742,-5.3253,140.217,unity
6.2800,-1.00000,0.0000,0.0000,4.44479,4.50095,5.27733,0.0,1.0000,-9.5994,0.4742,-5.3833,139.344,unity
6.3000,-1.00000,0.0000,0.0000,4.43856,4.49463,5.26873,0.0,1.0000,-9.5301,0.4742,-5.4402,138.473,unity
6.3200,-1.00000,0.0000,0.0000,4.43229,4.48829,5.26029,0.0,1.0000,-9.4600,0.4742,-5.4960,137.604,unity
6.3400,-1.00000,0.0000,0.0000,4.42600,4.48196,5.25201,0.0,1.0000,-9.3892,0.4742,-5.5506,136.737,unity
6.3600,-1.00000,0.0000,0.0000,4.41968,4.47563,5.24387,0.0,1.0000,-9.3176,0.4742,-5.6040,135.873,unity
6.3800,-1.00000,0.0000,0.0000,4.41335,4.46929,5.23589,0.0,1.0000,-9.2454,0.4742,-5.6563,135.009,unity
6.4000,-1.00000,0.0000,0.0000,4.40701,4.46295,5.22804,0.0,1.0000,-9.1725,0.4742,-5.7075,134.148,unity
6.4200,-1.00000,0.0000,0.0000,4.40065,4.45661,5.22033,0.0,1.0000,-9.0989,0.4742,-5.7574,133.288,unity
6.4400,-1.00000,0.0000,0.0000,4.39428,4.45027,5.21274,0.0,1.0000,-9.0247,0.4742,-5.8062,132.430,unity
6.4600,-1.00000,0.0000,0.0000,4.38791,4.44392,5.20526,0.0,1.0000,-8.9498,0.4742,-5.8538,131.574,unity
6.4800,-1.00000,0.0000,0.0000,4.38154,4.43759,5.19789,0.0,1.0000,-8.8743,0.4742,-5.9002,130.718,unity
6.5000,-1.00000,0.0000,0.0000,4.37517,4.43125,5.19061,0.0,1.0000,-8.7983,0.4742,-5.9455,129.864,unity
6.5200,-1.00000,0.0000,0.0000,4.36880,4.42492,5.18341,0.0,1.0000,-8.7217,0.4742,-5.9895,129.012,unity
6.5400,-1.00000,0.0000,0.0000,4.36243,4.41860,5.17629,0.0,1.0000,-8.6445,0.4742,-6.0323,128.160,unity
6.5600,-1.00000,0.0000,0.0000,4.35607,4.41228,5.16923,0.0,1.0000,-8.5668,0.4742,-6.0739,127.310,unity
6.5800,-1.00000,0.0000,0.0000,4.34972,4.40597,5.16222,0.0,1.0000,-8.4886,0.4742,-6.1142,126.461,unity
6.6000,-1.00000,0.0000,0.0000,4.34338,4.39968,5.15526,0.0,1.0000,-8.4099,0.4742,-6.1534,125.613,unity
6.6200,-1.00000,0.0000,0.0000,4.33706,4.39340,5.14834,0.0,1.0000,-8.3308,0.4742,-6.1913,124.766,unity
6.6400,-1.00000,0.0000,0.0000,4.33075,4.38713,5.14145,0.0,1.0000,-8.2512,0.4742,-6.2280,123.920,unity
6.6600,-1.00000,0.0000,0.0000,4.32446,4.38088,5.13459,0.0,1.0000,-8.1711,0.4742,-6.2634,123.075,unity
6.6800,-1.00000,0.0000,0.0000,4.31819,4.37464,5.12775,0.0,1.0000,-8.0907,0.4742,-6.2977,122.231,unity
6.7000,-1.00000,0.0000,0.0000,4.31193,4.36843,5.12093,0.0,1.0000,-8.0099,0.4742,-6.3306,121.388,unity
6.7200,-1.00000,0.0000,0.0000,4.30570,4.36223,5.11412,0.0,1.0000,-7.9287,0.4742,-6.3623,120.546,unity
6.7400,-1.00000,0.0000,0.0000,4.29949,4.35605,5.10732,0.0,1.0000,-7.8471,0.4742,-6.3928,119.705,unity
6.7600,-1.00000,0.0000,0.0000,4.29329,4.34990,5.10054,0.0,1.0000,-7.7653,0.4742,-6.4220,118.865,unity
6.7800,-1.00000,0.0000,0.0000,4.28713,4.34376,5.09376,0.0,1.0000,-7.6831,0.4742,-6.4499,118.026,unity
6.8000,-1.00000,0.0000,0.0000,4.28098,4.33764,5.08699,0.0,1.0000,-7.6006,0.4742,-6.4766,117.188,unity
6.8200,-1.00000,0.0000,0.0000,4.27486,4.33155,5.08023,0.0,1.0000,-7.5179,0.4742,-6.5021,116.351,unity
6.8400,-1.00000,0.0000,0.0000,4.26876,4.32548,5.07347,0.0,1.0000,-7.4349,0.4742,-6.5263,115.515,unity
6.8600,-1.00000,0.0000,0.0000,4.26268,4.31943,5.06672,0.0,1.0000,-7.3517,0.4742,-6.5492,114.680,unity
6.8800,-1.00000,0.0000,0.0000,4.25663,4.31340,5.05998,0.0,1.0000,-7.2682,0.4742,-6.5709,113.846,unity
6.9000,-1.00000,0.0000,0.0000,4.25059,4.30739,5.05325,0.0,1.0000,-7.1846,0.4742,-6.5913,113.014,unity
6.9200,-1.00000,0.0000,0.0000,4.24459,4.30140,5.04653,0.0,1.0000,-7.1008,0.4742,-6.6104,112.182,unity
6.9400,-1.00000,0.0000,0.0000,4.23860,4.29544,5.03982,0.0,1.0000,-7.0169,0.4742,-6.6283,111.351,unity
6.9600,-1.00000,0.0000,0.0000,4.23263,4.28949,5.03312,0.0,1.0000,-6.9328,0.4742,-6.6449,110.521,unity
6.9800,-1.00000,0.0000,0.0000,4.22669,4.28357,5.02643,0.0,1.0000,-6.8486,0.4742,-6.6603,109.692,unity
7.0000,-1.00000,0.0000,0.0000,4.22077,4.27767,5.01976,0.0,1.0000,-6.7643,0.4742,-6.6745,108.865,unity
7.0200,-1.00000,0.0000,0.0000,4.21486,4.27178,5.01310,0.0,1.0000,-6.6799,0.4742,-6.6873,108.038,unity
7.0400,-1.00000,0.0000,0.0000,4.20898,4.26592,5.00645,0.0,1.0000,-6.5955,0.4742,-6.6990,107.213,unity
7.0600,-1.00000,1.0000,0.0000,4.20312,4.26007,4.99982,525.0,1.0000,-6.5110,0.4742,-6.7094,106.388,unity
7.0800,-1.00000,1.0000,0.0000,4.26234,4.32053,6.14691,525.0,1.0000,-6.4251,0.4742,-6.7186,105.555,unity
7.1000,-1.00000,1.0000,0.0000,4.34863,4.40821,6.25673,525.0,1.0000,-6.3372,0.4742,-6.7267,104.704,unity
7.1200,-1.00000,1.0000,0.0000,4.43520,4.49575,6.36913,525.0,1.0000,-6.2474,0.4742,-6.7336,103.834,unity
7.1400,-1.00000,0.0000,0.0000,4.52198,4.58316,6.48144,0.0,1.0000,-6.1558,0.4742,-6.7393,102.946,unity
7.1600,-1.00000,0.0000,0.0000,4.54583,4.60617,5.41130,0.0,1.0000,-6.0636,0.4742,-6.7437,102.050,unity
7.1800,-1.00000,0.0000,0.0000,4.54065,4.59984,5.40302,0.0,1.0000,-5.9716,0.4742,-6.7467,101.154,unity
7.2000,-1.00000,0.0000,0.0000,4.53514,4.59345,5.39359,0.0,1.0000,-5.8797,0.4742,-6.7485,100.260,unity
7.2200,-1.00000,0.0000,0.0000,4.52937,4.58700,5.38421,0.0,1.0000,-5.7880,0.4742,-6.7489,99.367,unity
7.2400,-1.00000,0.0000,0.0000,4.52341,4.58051,5.37489,0.0,1.0000,-5.6965,0.4742,-6.7479,98.475,unity
7.2600,-1.00000,0.0000,0.0000,4.51730,4.57401,5.36567,0.0,1.0000,-5.6051,0.4742,-6.7455,97.586,unity
7.2800,-1.00000,0.0000,0.0000,4.51108,4.56749,5.35654,0.0,1.0000,-5.5140,0.4742,-6.7417,96.699,unity
7.3000,-1.00000,0.0000,0.0000,4.50478,4.56096,5.34751,0.0,1.0000,-5.4230,0.4742,-6.7366,95.814,unity
7.3200,-1.00000,0.0000,0.0000,4.49842,4.55443,5.33861,0.0,1.0000,-5.3323,0.4742,-6.7301,94.930,unity
7.3400,-1.00000,0.0000,0.0000,4.49201,4.54790,5.32984,0.0,1.0000,-5.2419,0.4742,-6.7222,94.049,unity
7.3600,-1.00000,0.0000,0.0000,4.48556,4.54137,5.32120,0.0,1.0000,-5.1517,0.4742,-6.7130,93.170,unity
7.3800,-1.00000,0.0000,0.0000,4.47909,4.53484,5.31269,0.0,1.0000,-5.0619,0.4742,-6.7023,92.293,unity
7.4000,-1.00000,0.0000,0.0000,4.47260,4.52832,5.30432,0.0,1.0000,-4.9723,0.4742,-6.6904,91.418,unity
7.4200,-1.00000,0.0000,0.0000,4.46609,4.52180,5.29608,0.0,1.0000,-4.8830,0.4742,-6.6770,90.545,unity
7.4400,-1.00000,0.0000,0.0000,4.45957,4.51528,5.28797,0.0,1.0000,-4.7941,0.4742,-6.6624,89.673,unity
7.4600,-1.00000,0.0000,0.0000,4.45304,4.50876,5.27999,0.0,1.0000,-4.7055,0.4742,-6.6464,88.803,unity
7.4800,-1.00000,0.0000,0.0000,4.44651,4.50224,5.27213,0.0,1.0000,-4.6174,0.4742,-6.6291,87.935,unity
7.5000,-1.00000,0.0000,0.0000,4.43997,4.49573,5.26438,0.0,1.0000,-4.5296,0.4742,-6.6104,87.069,unity
7.5200,-1.00000,0.0000,0.0000,4.43344,4.48923,5.25673,0.0,1.0000,-4.4422,0.4742,-6.5905,86.204,unity
7.5400,-1.00000,0.0000,0.0000,4.42690,4.48273,5.24918,0.0,1.0000,-4.3552,0.4742,-6.5693,85.340,unity
7.5600,-1.00000,0.0000,0.0000,4.42037,4.47623,5.24171,0.0,1.0000,-4.2687,0.4742,-6.5468,84.478,unity
7.5800,-1.00000,0.0000,0.0000,4.41384,4.46975,5.23433,0.0,1.0000,-4.1827,0.4742,-6.5230,83.617,unity
7.6000,-1.00000,0.0000,0.0000,4.40732,4.46327,5.22701,0.0,1.0000,-4.0972,0.4742,-6.4979,82.757,unity
7.6200,-1.00000,0.0000,0.0000,4.40081,4.45680,5.21976,0.0,1.0000,-4.0121,0.4742,-6.4716,81.898,unity
7.6400,-1.00000,0.0000,0.0000,4.39432,4.45035,5.21255,0.0,1.0000,-3.9276,0.4742,-6.4441,81.041,unity
7.6600,-1.00000,0.0000,0.0000,4.38783,4.44391,5.20540,0.0,1.0000,-3.8436,0.4742,-6.4153,80.185,unity
7.6800,-1.00000,0.0000,0.0000,4.38136,4.43749,5.19828,0.0,1.0000,-3.7602,0.4742,-6.3853,79.330,unity
7.7000,-1.00000,0.0000,0.0000,4.37491,4.43108,5.19121,0.0,1.0000,-3.6774,0.4742,-6.3541,78.476,unity
7.7200,-1.00000,0.0000,0.0000,4.36848,4.42468,5.18415,0.0,1.0000,-3.5951,0.4742,-6.3217,77.623,unity
7.7400,-1.00000,0.0000,0.0000,4.36206,4.41831,5.17713,0.0,1.0000,-3.5135,0.4742,-6.2881,76.771,unity
7.7600,-1.00000,0.0000,0.0000,4.35567,4.41195,5.17012,0.0,1.0000,-3.4325,0.4742,-6.2534,75.920,unity
7.7800,-1.00000,0.0000,0.0000,4.34929,4.40562,5.16314,0.0,1.0000,-3.3521,0.4742,-6.2174,75.070,unity
7.8000,-1.00000,0.0000,0.0000,4.34294,4.39930,5.15617,0.0,1.0000,-3.2724,0.4742,-6.1804,74.221,unity
7.8200,-1.00000,0.0000,0.0000,4.33661,4.39301,5.14921,0.0,1.0000,-3.1934,0.4742,-6.1422,73.373,unity
7.8400,-1.00000,0.0000,0.0000,4.33030,4.38673,5.14226,0.0,1.0000,-3.1150,0.4742,-6.1028,72.526,unity
7.8600,-1.00000,0.0000,0.0000,4.32402,4.38048,5.13533,0.0,1.0000,-3.0374,0.4742,-6.0624,71.681,unity
7.8800,-1.00000,0.0000,0.0000,4.31776,4.37425,5.12841,0.0,1.0000,-2.9605,0.4742,-6.0209,70.836,unity
7.9000,-1.00000,0.0000,0.0000,4.31152,4.36804,5.12150,0.0,1.0000,-2.8843,0.4742,-5.9783,69.992,unity
7.9200,-1.00000,0.0000,0.0000,4.30530,4.36186,5.11459,0.0,1.0000,-2.8088,0.4742,-5.9346,69.150,unity
7.9400,-1.00000,0.0000,0.0000,4.29911,4.35570,5.10770,0.0,1.0000,-2.7342,0.4742,-5.8899,68.308,unity
7.9600,-1.00000,0.0000,0.0000,4.29294,4.34955,5.10082,0.0,1.0000,-2.6603,0.4742,-5.8441,67.468,unity
7.9800,-1.00000,0.0000,0.0000,4.28680,4.34344,5.09396,0.0,1.0000,-2.5872,0.4742,-5.7973,66.628,unity
8.0000,-1.00000,0.0000,0.0000,4.28067,4.33734,5.08710,0.0,1.0000,-2.5149,0.4742,-5.7495,65.790,unity
8.0200,-1.00000,0.0000,0.0000,4.27457,4.33126,5.08026,0.0,1.0000,-2.4434,0.4742,-5.7007,64.953,unity
8.0400,-1.00000,0.0000,0.0000,4.26850,4.32520,5.07343,0.0,1.0000,-2.3727,0.4742,-5.6510,64.116,unity
8.0600,-1.00000,0.0000,0.0000,4.26244,4.31917,5.06662,0.0,1.0000,-2.3029,0.4742,-5.6002,63.281,unity
8.0800,-1.00000,0.0000,0.0000,4.25640,4.31316,5.05982,0.0,1.0000,-2.2340,0.4742,-5.5485,62.447,unity
8.1000,-1.00000,0.0000,0.0000,4.25039,4.30716,5.05304,0.0,1.0000,-2.1659,0.4742,-5.4959,61.614,unity
8.1200,-1.00000,0.0000,0.0000,4.24439,4.30119,5.04628,0.0,1.0000,-2.0986,0.4742,-5.4424,60.782,unity
8.1400,-1.00000,0.0000,0.0000,4.23842,4.29523,5.03953,0.0,1.0000,-2.0323,0.4742,-5.3879,59.952,unity
8.1600,-1.00000,0.0000,0.0000,4.23246,4.28930,5.03280,0.0,1.0000,-1.9668,0.4742,-5.3326,59.122,unity
8.1800,-1.00000,0.0000,0.0000,4.22652,4.28338,5.02609,0.0,1.0000,-1.9023,0.4742,-5.2764,58.293,unity
8.2000,-1.00000,0.0000,0.0000,4.22061,4.27749,5.01941,0.0,1.0000,-1.8386,0.4742,-5.2193,57.466,unity
8.2200,-1.00000,1.0000,0.0000,4.21471,4.27161,5.01274,525.0,1.0000,-1.7759,0.4742,-5.1614,56.639,unity
8.2400,-1.00000,1.0000,0.0000,4.27383,4.33196,6.16339,525.0,1.0000,-1.7132,0.4742,-5.1017,55.804,unity
8.2600,-1.00000,1.0000,0.0000,4.36009,4.41960,6.27317,525.0,1.0000,-1.6501,0.4742,-5.0397,54.951,unity
8.2800,-1.00000,1.0000,0.0000,4.44662,4.50711,6.38542,525.0,1.0000,-1.5866,0.4742,-4.9755,54.079,unity
8.3000,-1.00000,1.0000,0.0000,4.53336,4.59448,6.49757,525.0,1.0000,-1.5229,0.4742,-4.9091,53.189,unity
8.3200,-1.00000,1.0000,0.0000,4.62021,4.68170,6.60984,525.0,1.0000,-1.4590,0.4742,-4.8404,52.281,unity
8.3400,-1.00000,0.0000,0.0000,4.70709,4.76874,6.72243,0.0,1.0000,-1.3950,0.4742,-4.7694,51.355,unity
8.3600,-1.00000,0.0000,0.0000,4.73199,4.79241,5.63081,0.0,1.0000,-1.3316,0.4742,-4.6973,50.420,unity
8.3800,-1.00000,0.0000,0.0000,4.72672,4.78568,5.61951,0.0,1.0000,-1.2695,0.4742,-4.6243,49.486,unity
8.4000,-1.00000,0.0000,0.0000,4.72097,4.77881,5.60861,0.0,1.0000,-1.2086,0.4742,-4.5507,48.554,unity
8.4200,-1.00000,0.0000,0.0000,4.71490,4.77187,5.59779,0.0,1.0000,-1.1490,0.4742,-4.4762,47.623,unity
8.4400,-1.00000,0.0000,0.0000,4.70857,4.76487,5.58706,0.0,1.0000,-1.0906,0.4742,-4.4010,46.695,unity
8.4600,-1.00000,0.0000,0.0000,4.70206,4.75785,5.57644,0.0,1.0000,-1.0335,0.4742,-4.3251,45.769,unity
8.4800,-1.00000,0.0000,0.0000,4.69539,4.75080,5.56596,0.0,1.0000,-0.9777,0.4742,-4.2484,44.846,unity
8.5000,-1.00000,0.0000,0.0000,4.68861,4.74373,5.55563,0.0,1.0000,-0.9233,0.4742,-4.1709,43.925,unity
8.5200,-1.00000,0.0000,0.0000,4.68175,4.73665,5.54547,0.0,1.0000,-0.8701,0.4742,-4.0928,43.007,unity
8.5400,-1.00000,0.0000,0.0000,4.67482,4.72957,5.53549,0.0,1.0000,-0.8183,0.4742,-4.0139,42.091,unity
8.5600,-1.00000,0.0000,0.0000,4.66783,4.72248,5.52569,0.0,1.0000,-0.7679,0.4742,-3.9344,41.178,unity
8.5800,-1.00000,0.0000,0.0000,4.66080,4.71538,5.51609,0.0,1.0000,-0.7187,0.4742,-3.8542,40.268,unity
8.6000,-1.00000,0.0000,0.0000,4.65374,4.70828,5.50668,0.0,1.0000,-0.6709,0.4742,-3.7733,39.359,unity
8.6200,-1.00000,0.0000,0.0000,4.64665,4.70118,5.49746,0.0,1.0000,-0.6245,0.4742,-3.6918,38.454,unity
8.6400,-1.00000,0.0000,0.0000,4.63953,4.69407,5.48843,0.0,1.0000,-0.5794,0.4742,-3.6097,37.550,unity
8.6600,-1.00000,0.0000,0.0000,4.63240,4.68696,5.47957,0.0,1.0000,-0.5357,0.4742,-3.5271,36.648,unity
8.6800,-1.00000,0.0000,0.0000,4.62526,4.67985,5.47087,0.0,1.0000,-0.4934,0.4742,-3.4439,35.749,unity
8.7000,-1.00000,0.0000,0.0000,4.61810,4.67273,5.46234,0.0,1.0000,-0.4524,0.4742,-3.3601,34.851,unity
8.7200,-1.00000,0.0000,0.0000,4.61094,4.66562,5.45394,0.0,1.0000,-0.4128,0.4742,-3.2758,33.954,unity
8.7400,-1.00000,0.0000,0.0000,4.60377,4.65850,5.44568,0.0,1.0000,-0.3746,0.4742,-3.1910,33.060,unity
8.7600,-1.00000,0.0000,0.0000,4.59661,4.65139,5.43753,0.0,1.0000,-0.3378,0.4742,-3.1058,32.167,unity
8.7800,-1.00000,0.0000,0.0000,4.58945,4.64429,5.42949,0.0,1.0000,-0.3024,0.4742,-3.0201,31.275,unity
8.8000,-1.00000,0.0000,0.0000,4.58229,4.63720,5.42154,0.0,1.0000,-0.2683,0.4742,-2.9340,30.385,unity
8.8200,-1.00000,0.0000,0.0000,4.57515,4.63011,5.41367,0.0,1.0000,-0.2357,0.4742,-2.8475,29.496,unity
8.8400,-1.00000,0.0000,0.0000,4.56801,4.62304,5.40586,0.0,1.0000,-0.2045,0.4742,-2.7606,28.608,unity
8.8600,-1.00000,0.0000,0.0000,4.56090,4.61598,5.39812,0.0,1.0000,-0.1746,0.4742,-2.6733,27.721,unity
8.8800,-1.00000,0.0000,0.0000,4.55379,4.60894,5.39042,0.0,1.0000,-0.1462,0.4742,-2.5858,26.836,unity
8.9000,-1.00000,0.0000,0.0000,4.54671,4.60192,5.38276,0.0,1.0000,-0.1192,0.4742,-2.4979,25.952,unity
8.9200,-1.00000,0.0000,0.0000,4.53965,4.59491,5.37514,0.0,1.0000,-0.0936,0.4742,-2.4097,25.069,unity
8.9400,-1.00000,0.0000,0.0000,4.53261,4.58793,5.36755,0.0,1.0000,-0.0694,0.4742,-2.3213,24.187,unity
8.9600,-1.00000,0.0000,0.0000,4.52560,4.58097,5.35997,0.0,1.0000,-0.0466,0.4742,-2.2327,23.306,unity
8.9800,-1.00000,0.0000,0.0000,4.51861,4.57403,5.35241,0.0,1.0000,-0.0252,0.4742,-2.1438,22.426,unity
9.0000,-1.00000,0.0000,0.0000,4.51165,4.56712,5.34487,0.0,1.0000,-0.0053,0.4742,-2.0548,21.547,unity
9.0200,-1.00000,0.0000,0.0000,4.50471,4.56023,5.33734,0.0,1.0000,0.0133,0.4742,-1.9655,20.669,unity
9.0400,-1.00000,0.0000,0.0000,4.49780,4.55337,5.32982,0.0,1.0000,0.0304,0.4742,-1.8762,19.792,unity
9.0600,-1.00000,0.0000,0.0000,4.49093,4.54654,5.32231,0.0,1.0000,0.0461,0.4742,-1.7867,18.917,unity
9.0800,-1.00000,0.0000,0.0000,4.48408,4.53973,5.31481,0.0,1.0000,0.0605,0.4742,-1.6971,18.042,unity
9.1000,-1.00000,0.0000,0.0000,4.47726,4.53295,5.30732,0.0,1.0000,0.0734,0.4742,-1.6075,17.169,unity
9.1200,-1.00000,0.0000,0.0000,4.47046,4.52620,5.29983,0.0,1.0000,0.0849,0.4742,-1.5178,16.297,unity
9.1400,-1.00000,0.0000,0.0000,4.46370,4.51947,5.29236,0.0,1.0000,0.0950,0.4742,-1.4280,15.425,unity
9.1600,-1.00000,0.0000,0.0000,4.45696,4.51277,5.28489,0.0,1.0000,0.1037,0.4742,-1.3383,14.555,unity
9.1800,-1.00000,0.0000,0.0000,4.45025,4.50610,5.27744,0.0,1.0000,0.1111,0.4742,-1.2485,13.687,unity
9.2000,-1.00000,0.0000,0.0000,4.44357,4.49945,5.27000,0.0,1.0000,0.1170,0.4742,-1.1588,12.819,unity
9.2200,-1.00000,0.0000,0.0000,4.43692,4.49283,5.26258,0.0,1.0000,0.1216,0.4742,-1.0692,11.952,unity
9.2400,-1.00000,0.0000,0.0000,4.43029,4.48624,5.25517,0.0,1.0000,0.1248,0.4742,-0.9796,11.087,unity
9.2600,-1.00000,0.0000,0.0000,4.42369,4.47967,5.24777,0.0,1.0000,0.1266,0.4742,-0.8901,10.223,unity
9.2800,-1.00000,0.0000,0.0000,4.41711,4.47312,5.24040,0.0,1.0000,0.1271,0.4742,-0.8007,9.360,unity
9.3000,-1.00000,0.0000,0.0000,4.41056,4.46660,5.23304,0.0,1.0000,0.1262,0.4742,-0.7115,8.498,unity
9.3200,-1.00000,0.0000,0.0000,4.40403,4.46010,5.22570,0.0,1.0000,0.1239,0.4742,-0.6224,7.637,unity
9.3400,-1.00000,0.0000,0.0000,4.39753,4.45363,5.21839,0.0,1.0000,0.1203,0.4742,-0.5335,6.778,unity
9.3600,-1.00000,0.0000,0.0000,4.39105,4.44718,5.21109,0.0,1.0000,0.1154,0.4742,-0.4448,5.920,unity
9.3800,-1.00000,0.0000,0.0000,4.38459,4.44075,5.20382,0.0,1.0000,0.1091,0.4742,-0.3563,5.062,unity
9.4000,-1.00000,0.0000,0.0000,4.37815,4.43434,5.19657,0.0,1.0000,0.1015,0.4742,-0.2680,4.206,unity
9.4200,-1.00000,0.0000,0.0000,4.37174,4.42796,5.18934,0.0,1.0000,0.0926,0.4742,-0.1800,3.352,unity
9.4400,-1.00000,0.0000,0.0000,4.36535,4.42159,5.18214,0.0,1.0000,0.0824,0.4742,-0.0922,2.498,unity
9.4600,-1.00000,0.0000,0.0000,4.35898,4.41525,5.17496,0.0,1.0000,0.0708,0.4742,-0.0047,1.646,unity
9.4800,-1.00000,0.0000,0.0000,4.35263,4.40893,5.16780,0.0,1.0000,0.0580,0.4742,0.0824,0.794,unity
9.5000,-1.00000,0.0000,0.0000,4.34630,4.40263,5.16067,0.0,1.0000,0.0439,0.4742,0.1692,359.944,unity
9.5200,-1.00000,0.0000,0.0000,4.34000,4.39635,5.15356,0.0,1.0000,0.0285,0.4742,0.2557,359.095,unity
9.5400,-1.00000,1.0000,0.0000,4.33371,4.39010,5.14648,525.0,1.0000,0.0119,0.4742,0.3418,358.247,unity
9.5600,-1.00000,1.0000,0.0000,4.39179,4.44939,6.32480,525.0,1.0000,-0.0064,0.4742,0.4289,357.391,unity
9.5800,-1.00000,1.0000,0.0000,4.47765,4.53663,6.43480,525.0,1.0000,-0.0264,0.4742,0.5175,356.517,unity
9.6000,-1.00000,1.0000,0.0000,4.56382,4.62374,6.54619,525.0,1.0000,-0.0482,0.4742,0.6074,355.624,unity
9.6200,-1.00000,0.0000,0.0000,4.65019,4.71072,6.65748,0.0,1.0000,-0.0719,0.4742,0.6988,354.713,unity
9.6400,-1.00000,0.0000,0.0000,4.67433,4.73401,5.55716,0.0,1.0000,-0.0970,0.4742,0.7902,353.793,unity
9.6600,-1.00000,0.0000,0.0000,4.66877,4.72727,5.54691,0.0,1.0000,-0.1234,0.4742,0.8811,352.874,unity
9.6800,-1.00000,0.0000,0.0000,4.66285,4.72044,5.53694,0.0,1.0000,-0.1510,0.4742,0.9714,351.957,unity
9.7000,-1.00000,0.0000,0.0000,4.65666,4.71355,5.52702,0.0,1.0000,-0.1800,0.4742,1.0610,351.041,unity
9.7200,-1.00000,0.0000,0.0000,4.65026,4.70663,5.51717,0.0,1.0000,-0.2103,0.4742,1.1501,350.126,unity
9.7400,-1.00000,0.0000,0.0000,4.64372,4.69968,5.50740,0.0,1.0000,-0.2419,0.4742,1.2385,349.214,unity
9.7600,-1.00000,0.0000,0.0000,4.63706,4.69271,5.49772,0.0,1.0000,-0.2748,0.4742,1.3262,348.304,unity
9.7800,-1.00000,0.0000,0.0000,4.63032,4.68574,5.48815,0.0,1.0000,-0.3091,0.4742,1.4133,347.396,unity
9.8000,-1.00000,0.0000,0.0000,4.62351,4.67876,5.47871,0.0,1.0000,-0.3446,0.4742,1.4997,346.490,unity
9.8200,-1.00000,0.0000,0.0000,4.61666,4.67179,5.46939,0.0,1.0000,-0.3814,0.4742,1.5854,345.586,unity
9.8400,-1.00000,0.0000,0.0000,4.60977,4.66482,5.46021,0.0,1.0000,-0.4195,0.4742,1.6703,344.685,unity
9.8600,-1.00000,0.0000,0.0000,4.60285,4.65785,5.45117,0.0,1.0000,-0.4589,0.4742,1.7545,343.785,unity
9.8800,-1.00000,0.0000,0.0000,4.59591,4.65089,5.44227,0.0,1.0000,-0.4996,0.4742,1.8380,342.888,unity
9.9000,-1.00000,0.0000,0.0000,4.58896,4.64393,5.43351,0.0,1.0000,-0.5414,0.4742,1.9207,341.992,unity
9.9200,-1.00000,0.0000,0.0000,4.58200,4.63698,5.42489,0.0,1.0000,-0.5845,0.4742,2.0026,341.099,unity
9.9400,-1.00000,0.0000,0.0000,4.57504,4.63003,5.41640,0.0,1.0000,-0.6289,0.4742,2.0836,340.207,unity
9.9600,-1.00000,0.0000,0.0000,4.56807,4.62308,5.40804,0.0,1.0000,-0.6744,0.4742,2.1639,339.317,unity
9.9800,-1.00000,0.0000,0.0000,4.56109,4.61614,5.39979,0.0,1.0000,-0.7210,0.4742,2.2434,338.429,unity
10.0000,-1.00000,0.0000,0.0000,4.55412,4.60921,5.39166,0.0,1.0000,-0.7689,0.4742,2.3220,337.542,unity
10.0200,-1.00000,0.0000,0.0000,4.54716,4.60229,5.38362,0.0,1.0000,-0.8179,0.4742,2.3997,336.657,unity
10.0400,-1.00000,0.0000,0.0000,4.54020,4.59538,5.37569,0.0,1.0000,-0.8680,0.4742,2.4765,335.773,unity
10.0600,-1.00000,0.0000,0.0000,4.53324,4.58847,5.36783,0.0,1.0000,-0.9193,0.4742,2.5525,334.891,unity
10.0800,-1.00000,0.0000,0.0000,4.52630,4.58158,5.36005,0.0,1.0000,-0.9716,0.4742,2.6275,334.010,unity
10.1000,-1.00000,0.0000,0.0000,4.51937,4.57470,5.35234,0.0,1.0000,-1.0250,0.4742,2.7017,333.130,unity
10.1200,-1.00000,0.0000,0.0000,4.51245,4.56783,5.34469,0.0,1.0000,-1.0795,0.4742,2.7748,332.252,unity
10.1400,-1.00000,0.0000,0.0000,4.50555,4.56098,5.33709,0.0,1.0000,-1.1351,0.4742,2.8471,331.374,unity
10.1600,-1.00000,0.0000,0.0000,4.49867,4.55415,5.32953,0.0,1.0000,-1.1916,0.4742,2.9183,330.498,unity
10.1800,-1.00000,0.0000,0.0000,4.49180,4.54734,5.32201,0.0,1.0000,-1.2492,0.4742,2.9886,329.623,unity
10.2000,-1.00000,0.0000,0.0000,4.48496,4.54054,5.31453,0.0,1.0000,-1.3078,0.4742,3.0579,328.749,unity
10.2200,-1.00000,0.0000,0.0000,4.47813,4.53377,5.30708,0.0,1.0000,-1.3673,0.4742,3.1261,327.877,unity
10.2400,-1.00000,0.0000,0.0000,4.47133,4.52701,5.29965,0.0,1.0000,-1.4278,0.4742,3.1934,327.005,unity
10.2600,-1.00000,0.0000,0.0000,4.46456,4.52028,5.29224,0.0,1.0000,-1.4892,0.4742,3.2596,326.135,unity
10.2800,-1.00000,0.0000,0.0000,4.45780,4.51358,5.28485,0.0,1.0000,-1.5515,0.4742,3.3248,325.265,unity
10.3001,-1.00000,0.0000,0.0000,4.45108,4.50689,5.27747,0.0,1.0000,-1.6148,0.4742,3.3889,324.397,unity
10.3201,-1.00000,0.0000,0.0000,4.44437,4.50023,5.27012,0.0,1.0000,-1.6789,0.4742,3.4519,323.530,unity
10.3401,-1.00000,0.0000,0.0000,4.43770,4.49359,5.26277,0.0,1.0000,-1.7439,0.4742,3.5139,322.664,unity
10.3601,-1.00000,0.0000,0.0000,4.43105,4.48698,5.25544,0.0,1.0000,-1.8097,0.4742,3.5748,321.799,unity
10.3801,-1.00000,0.0000,0.0000,4.42442,4.48039,5.24812,0.0,1.0000,-1.8764,0.4742,3.6345,320.935,unity
10.4001,-1.00000,0.0000,0.0000,4.41782,4.47383,5.24082,0.0,1.0000,-1.9438,0.4742,3.6932,320.072,unity
10.4201,-1.00000,0.0000,0.0000,4.41125,4.46729,5.23352,0.0,1.0000,-2.0121,0.4742,3.7507,319.210,unity
10.4401,-1.00000,0.0000,0.0000,4.40470,4.46078,5.22624,0.0,1.0000,-2.0811,0.4742,3.8072,318.350,unity
10.4601,-1.00000,0.0000,0.0000,4.39818,4.45429,5.21898,0.0,1.0000,-2.1508,0.4742,3.8624,317.490,unity
10.4801,-1.00000,0.0000,0.0000,4.39168,4.44782,5.21173,0.0,1.0000,-2.2213,0.4742,3.9166,316.632,unity
10.5001,-1.00000,0.0000,0.0000,4.38521,4.44138,5.20450,0.0,1.0000,-2.2925,0.4742,3.9696,315.775,unity
10.5201,-1.00000,0.0000,0.0000,4.37876,4.43496,5.19728,0.0,1.0000,-2.3644,0.4742,4.0214,314.919,unity
10.5401,-1.00000,0.0000,0.0000,4.37233,4.42857,5.19008,0.0,1.0000,-2.4369,0.4742,4.0721,314.064,unity
10.5601,-1.00000,0.0000,0.0000,4.36593,4.42219,5.18290,0.0,1.0000,-2.5101,0.4742,4.1216,313.210,unity
10.5801,-1.00000,0.0000,0.0000,4.35955,4.41585,5.17573,0.0,1.0000,-2.5839,0.4742,4.1699,312.357,unity
10.6001,-1.00000,0.0000,0.0000,4.35320,4.40952,5.16859,0.0,1.0000,-2.6584,0.4742,4.2170,311.506,unity
10.6201,-1.00000,0.0000,0.0000,4.34687,4.40321,5.16146,0.0,1.0000,-2.7334,0.4742,4.2630,310.656,unity
10.6401,-1.00000,0.0000,0.0000,4.34056,4.39693,5.15436,0.0,1.0000,-2.8090,0.4742,4.3078,309.806,unity
10.6601,-1.00000,0.0000,0.0000,4.33427,4.39067,5.14728,0.0,1.0000,-2.8851,0.4742,4.3513,308.958,unity
10.6801,-1.00000,0.0000,0.0000,4.32800,4.38443,5.14022,0.0,1.0000,-2.9618,0.4742,4.3937,308.112,unity
10.7001,-1.00000,0.0000,0.0000,4.32175,4.37821,5.13318,0.0,1.0000,-3.0390,0.4742,4.4348,307.266,unity
10.7201,-1.00000,0.0000,0.0000,4.31553,4.37201,5.12616,0.0,1.0000,-3.1167,0.4742,4.4748,306.421,unity
10.7401,-1.00000,0.0000,0.0000,4.30932,4.36583,5.11917,0.0,1.0000,-3.1949,0.4742,4.5135,305.578,unity
10.7601,-1.00000,0.0000,0.0000,4.30314,4.35967,5.11219,0.0,1.0000,-3.2735,0.4742,4.5510,304.735,unity
10.7801,-1.00000,0.0000,0.0000,4.29697,4.35353,5.10524,0.0,1.0000,-3.3525,0.4742,4.5873,303.894,unity
10.8001,-1.00000,1.0000,0.0000,4.29083,4.34741,5.09832,525.0,1.0000,-3.4320,0.4742,4.6223,303.054,unity
10.8201,-1.00000,1.0000,0.0000,4.34929,4.40709,6.26674,525.0,1.0000,-3.5132,0.4742,4.6566,302.205,unity
10.8401,-1.00000,1.0000,0.0000,4.43529,4.49447,6.37662,525.0,1.0000,-3.5966,0.4742,4.6904,301.338,unity
10.8601,-1.00000,1.0000,0.0000,4.52159,4.58173,6.48831,525.0,1.0000,-3.6822,0.4742,4.7234,300.454,unity
10.8801,-1.00000,0.0000,0.0000,4.60810,4.66885,6.59988,0.0,1.0000,-3.7699,0.4742,4.7558,299.550,unity
10.9001,-1.00000,0.0000,0.0000,4.63215,4.69206,5.50923,0.0,1.0000,-3.8585,0.4742,4.7871,298.638,unity
10.9201,-1.00000,0.0000,0.0000,4.62672,4.68546,5.49969,0.0,1.0000,-3.9474,0.4742,4.8170,297.727,unity
10.9401,-1.00000,0.0000,0.0000,4.62093,4.67877,5.48991,0.0,1.0000,-4.0365,0.4742,4.8456,296.817,unity
10.9601,-1.00000,0.0000,0.0000,4.61488,4.67203,5.48018,0.0,1.0000,-4.1259,0.4742,4.8727,295.908,unity
10.9801,-1.00000,0.0000,0.0000,4.60863,4.66525,5.47051,0.0,1.0000,-4.2155,0.4742,4.8985,295.002,unity
11.0001,-1.00000,0.0000,0.0000,4.60223,4.65845,5.46092,0.0,1.0000,-4.3053,0.4742,4.9228,294.097,unity
11.0201,-1.00000,0.0000,0.0000,4.59572,4.65163,5.45143,0.0,1.0000,-4.3954,0.4742,4.9457,293.194,unity
11.0401,-1.00000,0.0000,0.0000,4.58912,4.64481,5.44205,0.0,1.0000,-4.4856,0.4742,4.9671,292.294,unity
11.0601,-1.00000,0.0000,0.0000,4.58246,4.63798,5.43279,0.0,1.0000,-4.5760,0.4742,4.9872,291.395,unity
11.0801,-1.00000,0.0000,0.0000,4.57576,4.63115,5.42366,0.0,1.0000,-4.6666,0.4742,5.0057,290.499,unity
11.1001,-1.00000,0.0000,0.0000,4.56902,4.62433,5.41466,0.0,1.0000,-4.7573,0.4742,5.0229,289.605,unity
11.1201,-1.00000,0.0000,0.0000,4.56225,4.61751,5.40580,0.0,1.0000,-4.8481,0.4742,5.0386,288.712,unity
11.1401,-1.00000,0.0000,0.0000,4.55546,4.61069,5.39708,0.0,1.0000,-4.9390,0.4742,5.0528,287.822,unity
11.1601,-1.00000,0.0000,0.0000,4.54866,4.60388,5.38849,0.0,1.0000,-5.0300,0.4742,5.0656,286.934,unity
11.1801,-1.00000,0.0000,0.0000,4.54184,4.59707,5.38004,0.0,1.0000,-5.1210,0.4742,5.0770,286.048,unity
11.2001,-1.00000,0.0000,0.0000,4.53502,4.59026,5.37172,0.0,1.0000,-5.2121,0.4742,5.0870,285.163,unity
11.2201,-1.00000,0.0000,0.0000,4.52820,4.58346,5.36353,0.0,1.0000,-5.3032,0.4742,5.0955,284.280,unity
11.2401,-1.00000,0.0000,0.0000,4.52137,4.57667,5.35545,0.0,1.0000,-5.3943,0.4742,5.1027,283.399,unity
11.2601,-1.00000,0.0000,0.0000,4.51455,4.56988,5.34748,0.0,1.0000,-5.4853,0.4742,5.1084,282.520,unity
11.2801,-1.00000,0.0000,0.0000,4.50773,4.56310,5.33960,0.0,1.0000,-5.5763,0.4742,5.1126,281.641,unity
11.3001,-1.00000,0.0000,0.0000,4.50091,4.55632,5.33183,0.0,1.0000,-5.6672,0.4742,5.1155,280.765,unity
11.3201,-1.00000,0.0000,0.0000,4.49410,4.54956,5.32413,0.0,1.0000,-5.7581,0.4742,5.1170,279.889,unity
11.3401,-1.00000,0.0000,0.0000,4.48730,4.54281,5.31650,0.0,1.0000,-5.8488,0.4742,5.1171,279.015,unity
11.3601,-1.00000,0.0000,0.0000,4.48051,4.53607,5.30894,0.0,1.0000,-5.9394,0.4742,5.1158,278.143,unity
11.3801,-1.00000,0.0000,0.0000,4.47373,4.52934,5.30144,0.0,1.0000,-6.0298,0.4742,5.1131,277.271,unity
11.4001,-1.00000,0.0000,0.0000,4.46697,4.52263,5.29399,0.0,1.0000,-6.1201,0.4742,5.1090,276.401,unity
11.4201,-1.00000,0.0000,0.0000,4.46022,4.51593,5.28658,0.0,1.0000,-6.2101,0.4742,5.1036,275.531,unity
11.4401,-1.00000,0.0000,0.0000,4.45350,4.50925,5.27921,0.0,1.0000,-6.3000,0.4742,5.0968,274.663,unity
11.4601,-1.00000,0.0000,0.0000,4.44679,4.50259,5.27187,0.0,1.0000,-6.3895,0.4742,5.0886,273.796,unity
11.4801,-1.00000,0.0000,0.0000,4.44010,4.49595,5.26455,0.0,1.0000,-6.4789,0.4742,5.0790,272.930,unity
11.5001,-1.00000,0.0000,0.0000,4.43344,4.48933,5.25726,0.0,1.0000,-6.5679,0.4742,5.0682,272.065,unity
11.5201,-1.00000,0.0000,0.0000,4.42679,4.48273,5.25000,0.0,1.0000,-6.6566,0.4742,5.0559,271.202,unity
11.5401,-1.00000,0.0000,0.0000,4.42018,4.47615,5.24274,0.0,1.0000,-6.7450,0.4742,5.0424,270.339,unity
11.5601,-1.00000,0.0000,0.0000,4.41358,4.46960,5.23551,0.0,1.0000,-6.8331,0.4742,5.0275,269.477,unity
11.5801,-1.00000,0.0000,0.0000,4.40701,4.46307,5.22829,0.0,1.0000,-6.9208,0.4742,5.0113,268.617,unity
11.6001,-1.00000,0.0000,0.0000,4.40047,4.45656,5.22108,0.0,1.0000,-7.0081,0.4742,4.9939,267.757,unity
11.6201,-1.00000,0.0000,0.0000,4.39394,4.45007,5.21388,0.0,1.0000,-7.0950,0.4742,4.9751,266.899,unity
11.6401,-1.00000,0.0000,0.0000,4.38745,4.44361,5.20670,0.0,1.0000,-7.1815,0.4742,4.9550,266.042,unity
11.6601,-1.00000,0.0000,0.0000,4.38098,4.43717,5.19953,0.0,1.0000,-7.2676,0.4742,4.9337,265.186,unity
11.6801,-1.00000,0.0000,0.0000,4.37453,4.43076,5.19237,0.0,1.0000,-7.3532,0.4742,4.9111,264.330,unity
11.7001,-1.00000,0.0000,0.0000,4.36811,4.42437,5.18523,0.0,1.0000,-7.4383,0.4742,4.8872,263.476,unity
11.7201,-1.00000,0.0000,0.0000,4.36171,4.41801,5.17809,0.0,1.0000,-7.5230,0.4742,4.8621,262.624,unity
11.7401,-1.00000,0.0000,0.0000,4.35534,4.41166,5.17097,0.0,1.0000,-7.6071,0.4742,4.8358,261.772,unity
11.7601,-1.00000,0.0000,0.0000,4.34899,4.40534,5.16387,0.0,1.0000,-7.6907,0.4742,4.8082,260.921,unity
11.7801,-1.00000,0.0000,0.0000,4.34267,4.39904,5.15678,0.0,1.0000,-7.7737,0.4742,4.7795,260.072,unity
11.8001,-1.00000,0.0000,0.0000,4.33636,4.39277,5.14971,0.0,1.0000,-7.8562,0.4742,4.7495,259.223,unity
11.8201,-1.00000,0.0000,0.0000,4.33008,4.38652,5.14266,0.0,1.0000,-7.9382,0.4742,4.7184,258.376,unity
11.8401,-1.00000,0.0000,0.0000,4.32383,4.38029,5.13562,0.0,1.0000,-8.0195,0.4742,4.6860,257.530,unity
11.8601,-1.00000,0.0000,0.0000,4.31759,4.37408,5.12860,0.0,1.0000,-8.1002,0.4742,4.6526,256.685,unity
11.8801,-1.00000,0.0000,0.0000,4.31138,4.36789,5.12160,0.0,1.0000,-8.1804,0.4742,4.6179,255.841,unity
11.9001,-1.00000,0.0000,0.0000,4.30518,4.36172,5.11463,0.0,1.0000,-8.2598,0.4742,4.5822,254.998,unity
11.9201,-1.00000,0.0000,0.0000,4.29901,4.35557,5.10767,0.0,1.0000,-8.3386,0.4742,4.5453,254.156,unity
11.9401,-1.00000,0.0000,0.0000,4.29286,4.34945,5.10073,0.0,1.0000,-8.4168,0.4742,4.5073,253.316,unity
11.9601,-1.00000,0.0000,0.0000,4.28673,4.34334,5.09381,0.0,1.0000,-8.4943,0.4742,4.4682,252.476,unity
11.9801,-1.00000,0.0000,0.0000,4.28062,4.33726,5.08692,0.0,1.0000,-8.5711,0.4742,4.4280,251.638,unity
12.0001,-1.00000,1.0000,0.0000,4.27453,4.33119,5.08005,525.0,1.0000,-8.6471,0.4742,4.3867,250.801,unity
12.0201,-1.00000,1.0000,0.0000,4.33313,4.39101,6.24450,525.0,1.0000,-8.7237,0.4742,4.3437,249.955,unity
12.0401,-1.00000,1.0000,0.0000,4.41920,4.47845,6.35438,525.0,1.0000,-8.8011,0.4742,4.2985,249.091,unity
12.0601,-1.00000,1.0000,0.0000,4.50555,4.56576,6.46620,525.0,1.0000,-8.8793,0.4742,4.2512,248.209,unity
12.0801,-1.00000,1.0000,0.0000,4.59210,4.65294,6.57791,525.0,1.0000,-8.9584,0.4742,4.2018,247.308,unity
12.1001,-1.00000,1.0000,0.0000,4.67877,4.73996,6.68976,525.0,1.0000,-9.0382,0.4742,4.1503,246.390,unity
12.1201,-1.00000,0.0000,0.0000,4.76548,4.82680,6.80193,0.0,1.0000,-9.1186,0.4742,4.0965,245.453,unity
12.1401,-1.00000,0.0000,0.0000,4.79050,4.85058,5.69741,0.0,1.0000,-9.1986,0.4742,4.0414,244.507,unity
12.1601,-1.00000,0.0000,0.0000,4.78506,4.84366,5.68504,0.0,1.0000,-9.2776,0.4742,3.9852,243.562,unity
12.1801,-1.00000,0.0000,0.0000,4.77912,4.83659,5.67387,0.0,1.0000,-9.3556,0.4742,3.9280,242.619,unity
12.2001,-1.00000,0.0000,0.0000,4.77285,4.82944,5.66277,0.0,1.0000,-9.4326,0.4742,3.8697,241.678,unity
12.2201,-1.00000,0.0000,0.0000,4.76632,4.82223,5.65176,0.0,1.0000,-9.5084,0.4742,3.8103,240.739,unity
12.2401,-1.00000,0.0000,0.0000,4.75960,4.81499,5.64086,0.0,1.0000,-9.5832,0.4742,3.7498,239.802,unity
12.2601,-1.00000,0.0000,0.0000,4.75273,4.80773,5.63010,0.0,1.0000,-9.6569,0.4742,3.6883,238.869,unity
12.2801,-1.00000,0.0000,0.0000,4.74574,4.80045,5.61948,0.0,1.0000,-9.7294,0.4742,3.6257,237.937,unity
12.3001,-1.00000,0.0000,0.0000,4.73866,4.79316,5.60904,0.0,1.0000,-9.8008,0.4742,3.5621,237.009,unity
12.3201,-1.00000,0.0000,0.0000,4.73151,4.78586,5.59878,0.0,1.0000,-9.8711,0.4742,3.4975,236.083,unity
12.3401,-1.00000,0.0000,0.0000,4.72431,4.77856,5.58871,0.0,1.0000,-9.9402,0.4742,3.4318,235.160,unity
12.3601,-1.00000,0.0000,0.0000,4.71707,4.77125,5.57883,0.0,1.0000,-10.0081,0.4742,3.3651,234.239,unity
12.3801,-1.00000,0.0000,0.0000,4.70979,4.76394,5.56915,0.0,1.0000,-10.0749,0.4742,3.2975,233.321,unity
12.4001,-1.00000,0.0000,0.0000,4.70249,4.75662,5.55967,0.0,1.0000,-10.1404,0.4742,3.2289,232.405,unity
12.4201,-1.00000,0.0000,0.0000,4.69516,4.74931,5.55037,0.0,1.0000,-10.2048,0.4742,3.1594,231.491,unity
12.4401,-1.00000,0.0000,0.0000,4.68782,4.74199,5.54126,0.0,1.0000,-10.2680,0.4742,3.0890,230.580,unity
12.4601,-1.00000,0.0000,0.0000,4.68046,4.73466,5.53232,0.0,1.0000,-10.3299,0.4742,3.0176,229.670,unity
12.4801,-1.00000,0.0000,0.0000,4.67310,4.72734,5.52354,0.0,1.0000,-10.3906,0.4742,2.9454,228.762,unity
12.5001,-1.00000,0.0000,0.0000,4.66572,4.72002,5.51490,0.0,1.0000,-10.4501,0.4742,2.8724,227.856,unity
12.5201,-1.00000,0.0000,0.0000,4.65835,4.71270,5.50640,0.0,1.0000,-10.5083,0.4742,2.7985,226.952,unity
12.5401,-1.00000,0.0000,0.0000,4.65098,4.70539,5.49802,0.0,1.0000,-10.5653,0.4742,2.7238,226.049,unity
12.5601,-1.00000,0.0000,0.0000,4.64361,4.69808,5.48975,0.0,1.0000,-10.6209,0.4742,2.6483,225.148,unity
12.5801,-1.00000,0.0000,0.0000,4.63625,4.69079,5.48158,0.0,1.0000,-10.6753,0.4742,2.5720,224.248,unity
12.6001,-1.00000,0.0000,0.0000,4.62889,4.68350,5.47348,0.0,1.0000,-10.7285,0.4742,2.4951,223.350,unity
12.6201,-1.00000,0.0000,0.0000,4.62156,4.67623,5.46546,0.0,1.0000,-10.7803,0.4742,2.4174,222.452,unity
12.6401,-1.00000,0.0000,0.0000,4.61423,4.66897,5.45750,0.0,1.0000,-10.8308,0.4742,2.3390,221.556,unity
12.6601,-1.00000,0.0000,0.0000,4.60693,4.66173,5.44959,0.0,1.0000,-10.8800,0.4742,2.2599,220.662,unity
12.6801,-1.00000,0.0000,0.0000,4.59965,4.65451,5.44172,0.0,1.0000,-10.9278,0.4742,2.1802,219.768,unity
12.7001,-1.00000,0.0000,0.0000,4.59239,4.64731,5.43389,0.0,1.0000,-10.9744,0.4742,2.0998,218.875,unity
12.7201,-1.00000,0.0000,0.0000,4.58515,4.64013,5.42609,0.0,1.0000,-11.0196,0.4742,2.0189,217.984,unity
12.7401,-1.00000,0.0000,0.0000,4.57794,4.63298,5.41831,0.0,1.0000,-11.0634,0.4742,1.9374,217.094,unity
12.7601,-1.00000,0.0000,0.0000,4.57075,4.62585,5.41055,0.0,1.0000,-11.1059,0.4742,1.8553,216.204,unity
12.7801,-1.00000,0.0000,0.0000,4.56360,4.61875,5.40281,0.0,1.0000,-11.1471,0.4742,1.7727,215.316,unity
12.8001,-1.00000,0.0000,0.0000,4.55647,4.61167,5.39508,0.0,1.0000,-11.1869,0.4742,1.6896,214.429,unity
12.8201,-1.00000,0.0000,0.0000,4.54937,4.60463,5.38736,0.0,1.0000,-11.2253,0.4742,1.6060,213.543,unity
12.8401,-1.00000,0.0000,0.0000,4.54230,4.59761,5.37966,0.0,1.0000,-11.2623,0.4742,1.5219,212.659,unity
12.8601,-1.00000,0.0000,0.0000,4.53526,4.59061,5.37196,0.0,1.0000,-11.2980,0.4742,1.4374,211.775,unity
12.8801,-1.00000,0.0000,0.0000,4.52826,4.58365,5.36427,0.0,1.0000,-11.3323,0.4742,1.3525,210.893,unity
12.9001,-1.00000,0.0000,0.0000,4.52128,4.57672,5.35660,0.0,1.0000,-11.3653,0.4742,1.2672,210.011,unity
12.9201,-1.00000,0.0000,0.0000,4.51433,4.56981,5.34893,0.0,1.0000,-11.3968,0.4742,1.1815,209.131,unity
12.9401,-1.00000,1.0000,0.0000,4.50741,4.56293,5.34128,525.0,1.0000,-11.4270,0.4742,1.0954,208.252,unity
12.9601,-1.00000,1.0000,0.0000,4.56393,4.62065,6.55523,525.0,1.0000,-11.4561,0.4742,1.0078,207.365,unity
12.9801,-1.00000,1.0000,0.0000,4.64916,4.70723,6.66623,525.0,1.0000,-11.4844,0.4742,0.9179,206.460,unity
13.0001,-1.00000,1.0000,0.0000,4.73473,4.79371,6.77648,525.0,1.0000,-11.5117,0.4742,0.8259,205.536,unity
13.0201,-1.00000,1.0000,0.0000,4.82052,4.88006,6.88664,525.0,1.0000,-11.5380,0.4742,0.7317,204.595,unity
13.0401,-1.00000,1.0000,0.0000,4.90643,4.96624,6.99702,525.0,1.0000,-11.5632,0.4742,0.6355,203.634,unity
13.0601,-1.00000,0.0000,0.0000,4.99237,5.05223,7.10775,0.0,1.0000,-11.5873,0.4742,0.5372,202.656,unity
13.0801,-1.00000,0.0000,0.0000,5.01781,5.07637,5.95628,0.0,1.0000,-11.6100,0.4742,0.4381,201.668,unity
13.1001,-1.00000,0.0000,0.0000,5.01028,5.06878,5.92761,0.0,1.0000,-11.6310,0.4747,0.3388,200.682,unity
13.1201,-1.00000,0.0000,0.0000,5.00459,5.06125,5.94935,0.0,1.0000,-11.6504,0.4752,0.2394,199.698,unity
13.1401,-1.00000,0.0000,0.0000,4.99830,5.05366,5.87868,0.0,1.0000,-11.6682,0.4754,0.1400,198.714,unity
13.1601,-1.00000,0.0000,0.0000,4.99337,5.04660,5.90184,0.0,1.0000,-11.6846,0.4751,0.0405,197.733,unity
13.1801,-1.00000,0.0000,0.0000,4.98527,5.03824,5.89113,0.0,1.0000,-11.6993,0.4749,-0.0590,196.754,unity
13.2001,-1.00000,0.0000,0.0000,4.97714,5.02993,5.87932,0.0,1.0000,-11.7122,0.4746,-0.1586,195.779,unity
13.2201,-1.00000,0.0000,0.0000,4.96898,5.02164,5.86763,0.0,1.0000,-11.7235,0.4745,-0.2582,194.807,unity
13.2401,-1.00000,0.0000,0.0000,4.96080,5.01338,5.85610,0.0,1.0000,-11.7330,0.4743,-0.3577,193.837,unity
13.2601,-1.00000,0.0000,0.0000,4.95261,5.00514,5.84473,0.0,1.0000,-11.7408,0.4742,-0.4573,192.871,unity
13.2801,-1.00000,0.0000,0.0000,4.94441,4.99692,5.83356,0.0,1.0000,-11.7470,0.4741,-0.5567,191.908,unity
13.3001,-1.00000,0.0000,0.0000,4.93622,4.98871,5.82258,0.0,1.0000,-11.7515,0.4740,-0.6561,190.948,unity
13.3201,-1.00000,0.0000,0.0000,4.92802,4.98052,5.81180,0.0,1.0000,-11.7543,0.4740,-0.7554,189.990,unity
13.3401,-1.00000,0.0000,0.0000,4.91982,4.97233,5.80123,0.0,1.0000,-11.7554,0.4739,-0.8546,189.035,unity
13.3601,-1.00000,0.0000,0.0000,4.91162,4.96415,5.79085,0.0,1.0000,-11.7549,0.4739,-0.9536,188.083,unity
13.3801,-1.00000,0.0000,0.0000,4.90341,4.95598,5.78067,0.0,1.0000,-11.7527,0.4739,-1.0525,187.133,unity
13.4001,-1.00000,0.0000,0.0000,4.89521,4.94782,5.77068,0.0,1.0000,-11.7489,0.4739,-1.1511,186.185,unity
13.4201,-1.00000,0.0000,0.0000,4.88700,4.93965,5.76086,0.0,1.0000,-11.7435,0.4739,-1.2496,185.239,unity
13.4401,-1.00000,0.0000,0.0000,4.87879,4.93150,5.75122,0.0,1.0000,-11.7364,0.4740,-1.3477,184.296,unity
13.4601,-1.00000,0.0000,0.0000,4.87058,4.92335,5.74172,0.0,1.0000,-11.7278,0.4740,-1.4456,183.354,unity
13.4801,-1.00000,0.0000,0.0000,4.86237,4.91520,5.73236,0.0,1.0000,-11.7175,0.4740,-1.5432,182.414,unity
13.5001,-1.00000,0.0000,0.0000,4.85417,4.90707,5.72313,0.0,1.0000,-11.7057,0.4740,-1.6404,181.475,unity
13.5201,-1.00000,0.0000,0.0000,4.84597,4.89894,5.71402,0.0,1.0000,-11.6923,0.4741,-1.7373,180.538,unity
13.5401,-1.00000,0.0000,0.0000,4.83779,4.89083,5.70500,0.0,1.0000,-11.6773,0.4741,-1.8338,179.603,unity
13.5601,-1.00000,0.0000,0.0000,4.82962,4.88274,5.69607,0.0,1.0000,-11.6607,0.4741,-1.9299,178.669,unity
13.5801,-1.00000,0.0000,0.0000,4.82147,4.87466,5.68722,0.0,1.0000,-11.6426,0.4741,-2.0256,177.736,unity
13.6001,-1.00000,0.0000,0.0000,4.81334,4.86661,5.67843,0.0,1.0000,-11.6230,0.4741,-2.1208,176.805,unity
13.6201,-1.00000,0.0000,0.0000,4.80523,4.85857,5.66969,0.0,1.0000,-11.6018,0.4741,-2.2155,175.875,unity
13.6401,-1.00000,0.0000,0.0000,4.79715,4.85057,5.66101,0.0,1.0000,-11.5791,0.4741,-2.3097,174.947,unity
13.6601,-1.00000,0.0000,0.0000,4.78909,4.84259,5.65236,0.0,1.0000,-11.5549,0.4742,-2.4034,174.019,unity
13.6801,-1.00000,0.0000,0.0000,4.78107,4.83463,5.64374,0.0,1.0000,-11.5292,0.4742,-2.4965,173.093,unity
13.7001,-1.00000,0.0000,0.0000,4.77307,4.82671,5.63516,0.0,1.0000,-11.5021,0.4742,-2.5890,172.168,unity
13.7201,-1.00000,0.0000,0.0000,4.76511,4.81882,5.62659,0.0,1.0000,-11.4735,0.4742,-2.6809,171.244,unity
13.7401,-1.00000,0.0000,0.0000,4.75718,4.81096,5.61805,0.0,1.0000,-11.4434,0.4742,-2.7722,170.321,unity
13.7601,-1.00000,0.0000,0.0000,4.74929,4.80314,5.60952,0.0,1.0000,-11.4119,0.4742,-2.8629,169.400,unity
13.7801,-1.00000,0.0000,0.0000,4.74143,4.79534,5.60101,0.0,1.0000,-11.3790,0.4742,-2.9528,168.480,unity
13.8001,-1.00000,0.0000,0.0000,4.73361,4.78759,5.59252,0.0,1.0000,-11.3447,0.4742,-3.0421,167.561,unity
13.8201,-1.00000,0.0000,0.0000,4.72582,4.77986,5.58404,0.0,1.0000,-11.3090,0.4742,-3.1307,166.644,unity
13.8401,-1.00000,0.0000,0.0000,4.71807,4.77217,5.57557,0.0,1.0000,-11.2719,0.4742,-3.2185,165.727,unity
13.8601,-1.00000,0.0000,0.0000,4.71036,4.76452,5.56712,0.0,1.0000,-11.2335,0.4742,-3.3056,164.812,unity
13.8801,-1.00000,0.0000,0.0000,4.70268,4.75689,5.55869,0.0,1.0000,-11.1937,0.4742,-3.3920,163.899,unity
13.9001,-1.00000,0.0000,0.0000,4.69504,4.74931,5.55027,0.0,1.0000,-11.1526,0.4742,-3.4775,162.986,unity
13.9201,-1.00000,1.0000,0.0000,4.68743,4.74175,5.54187,525.0,1.0000,-11.1102,0.4742,-3.5622,162.075,unity
13.9401,-1.00000,1.0000,0.0000,4.74231,4.79781,6.79538,525.0,1.0000,-11.0658,0.4742,-3.6472,161.156,unity
13.9601,-1.00000,1.0000,0.0000,4.82682,4.88365,6.90848,525.0,1.0000,-11.0191,0.4742,-3.7331,160.219,unity
13.9801,-1.00000,1.0000,0.0000,4.91173,4.96944,7.01751,525.0,1.0000,-10.9701,0.4742,-3.8197,159.264,unity
14.0001,-1.00000,1.0000,0.0000,4.99686,5.05509,7.12643,525.0,1.0000,-10.9189,0.4742,-3.9070,158.291,unity
14.0201,-1.00000,1.0000,0.0000,5.08211,5.14057,7.23555,525.0,1.0000,-10.8652,0.4742,-3.9949,157.299,unity
14.0401,-1.00000,0.0000,0.0000,5.19569,5.25593,6.52707,0.0,1.0000,-10.8087,0.4747,-4.0838,156.285,unity
14.0601,-1.00000,0.0000,0.0000,5.19565,5.25356,5.52705,0.0,1.0000,-10.7509,0.4751,-4.1717,155.255,unity
14.0801,-1.00000,0.0000,0.0000,5.18990,5.24516,7.55272,0.0,1.0000,-10.6920,0.4754,-4.2586,154.261,unity
14.1001,-1.00000,0.0000,0.0000,5.16676,5.22178,8.52425,0.0,1.0000,-10.6318,0.4756,-4.3440,153.194,unity
14.1201,-1.00000,0.0000,0.0000,5.16192,5.21399,8.98639,0.0,1.0000,-10.5707,0.4757,-4.4283,152.231,unity
14.1401,-1.00000,0.0000,0.0000,5.12896,5.17821,9.81883,0.0,0.1812,-10.5088,0.4758,-4.5111,151.160,unity
14.1601,-1.00000,0.0000,0.0000,5.14324,5.19341,9.10484,0.0,0.8952,-10.4453,0.4758,-4.5930,150.212,unity
14.1801,-1.00000,0.0000,0.0000,5.10970,5.15751,9.97123,0.0,0.0288,-10.3809,0.4757,-4.6733,149.153,unity
14.2001,-1.00000,0.0000,0.0000,5.12166,5.17113,9.09588,0.0,0.9041,-10.3150,0.4756,-4.7526,148.216,unity
14.2201,-1.00000,0.0000,0.0000,5.12117,5.16900,8.91445,0.0,1.0000,-10.2478,0.4756,-4.8308,147.182,unity
14.2401,-1.00000,0.0000,0.0000,5.14386,5.19333,9.02688,0.0,0.9731,-10.1788,0.4755,-4.9082,146.263,unity
14.2601,-1.00000,0.0000,0.0000,5.13870,5.18652,7.60055,0.0,1.0000,-10.1088,0.4754,-4.9844,145.246,unity
14.2801,-1.00000,0.0000,0.0000,5.11916,5.16939,8.97102,0.0,1.0000,-10.0375,0.4753,-5.0589,144.318,unity
14.3001,-1.00000,0.0000,0.0000,5.10649,5.15583,9.41299,0.0,0.5870,-9.9652,0.4752,-5.1320,143.283,unity
14.3201,-1.00000,0.0000,0.0000,5.05042,5.09744,8.97756,0.0,1.0000,-9.8928,0.4752,-5.2033,142.351,unity
14.3401,-1.00000,0.0000,0.0000,5.14181,5.19296,7.27509,0.0,1.0000,-9.8172,0.4751,-5.2743,141.345,unity
14.3601,-1.00000,0.0000,0.0000,5.08796,5.13577,8.95647,0.0,1.0000,-9.7418,0.4751,-5.3437,140.433,unity
14.3801,-1.00000,0.0000,0.0000,5.08571,5.13300,8.04127,0.0,1.0000,-9.6653,0.4750,-5.4117,139.431,unity
14.4001,-1.00000,0.0000,0.0000,5.04947,5.09961,8.87336,0.0,1.0000,-9.5878,0.4750,-5.4777,138.512,unity
14.4201,-1.00000,0.0000,0.0000,5.09582,5.14485,4.75100,0.0,1.0000,-9.5087,0.4750,-5.5432,137.514,unity
14.4401,-1.00000,0.0000,0.0000,5.02367,5.07185,8.87290,0.0,1.0000,-9.4297,0.4749,-5.6064,136.593,unity
14.4601,-1.00000,0.0000,0.0000,5.03834,5.08820,9.43911,0.0,0.5609,-9.3491,0.4749,-5.6683,135.574,unity
14.4801,-1.00000,0.0000,0.0000,4.97808,5.02553,8.91038,0.0,1.0000,-9.2688,0.4749,-5.7284,134.658,unity
14.5001,-1.00000,0.0000,0.0000,5.02480,5.07385,6.07176,0.0,1.0000,-9.1866,0.4745,-5.7876,133.709,unity
14.5201,-1.00000,0.0000,0.0000,5.01672,5.06832,5.58057,0.0,1.0000,-9.1032,0.4746,-5.8450,132.752,unity
14.5401,-1.00000,0.0000,0.0000,4.99590,5.04739,6.65523,0.0,1.0000,-9.0193,0.4747,-5.9008,131.804,unity
14.5601,-1.00000,0.0000,0.0000,4.99555,5.04651,5.89513,0.0,1.0000,-8.9345,0.4743,-5.9553,130.849,unity
14.5801,-1.00000,0.0000,0.0000,4.98576,5.03720,5.86103,0.0,1.0000,-8.8489,0.4740,-6.0082,129.894,unity
14.6001,-1.00000,0.0000,0.0000,4.97609,5.02790,5.85294,0.0,1.0000,-8.7625,0.4738,-6.0595,128.938,unity
14.6201,-1.00000,0.0000,0.0000,4.96670,5.01879,5.84477,0.0,1.0000,-8.6755,0.4737,-6.1092,127.983,unity
14.6401,-1.00000,0.0000,0.0000,4.95753,5.00982,5.83632,0.0,1.0000,-8.5877,0.4736,-6.1574,127.028,unity
14.6601,-1.00000,0.0000,0.0000,4.94854,5.00098,5.82765,0.0,1.0000,-8.4993,0.4735,-6.2039,126.074,unity
14.6802,-1.00000,0.0000,0.0000,4.93969,4.99223,5.81882,0.0,1.0000,-8.4103,0.4735,-6.2489,125.120,unity
14.7002,-1.00000,0.0000,0.0000,4.93095,4.98357,5.80985,0.0,1.0000,-8.3207,0.4735,-6.2923,124.168,unity
14.7202,-1.00000,0.0000,0.0000,4.92230,4.97499,5.80080,0.0,1.0000,-8.2306,0.4735,-6.3342,123.217,unity
14.7402,-1.00000,0.0000,0.0000,4.91372,4.96646,5.79169,0.0,1.0000,-8.1399,0.4736,-6.3744,122.267,unity
14.7602,-1.00000,0.0000,0.0000,4.90521,4.95799,5.78253,0.0,1.0000,-8.0487,0.4736,-6.4131,121.318,unity
14.7802,-1.00000,0.0000,0.0000,4.89675,4.94957,5.77335,0.0,1.0000,-7.9570,0.4737,-6.4501,120.370,unity
14.8002,-1.00000,0.0000,0.0000,4.88833,4.94119,5.76416,0.0,1.0000,-7.8649,0.4738,-6.4856,119.424,unity
14.8202,-1.00000,0.0000,0.0000,4.87996,4.93285,5.75496,0.0,1.0000,-7.7723,0.4738,-6.5195,118.479,unity
14.8402,-1.00000,0.0000,0.0000,4.87162,4.92455,5.74578,0.0,1.0000,-7.6794,0.4739,-6.5517,117.536,unity
14.8602,-1.00000,0.0000,0.0000,4.86331,4.91629,5.73661,0.0,1.0000,-7.5861,0.4740,-6.5824,116.593,unity
14.8802,-1.00000,0.0000,0.0000,4.85504,4.90806,5.72746,0.0,1.0000,-7.4924,0.4740,-6.6115,115.653,unity
14.9002,-1.00000,0.0000,0.0000,4.84680,4.89987,5.71834,0.0,1.0000,-7.3985,0.4740,-6.6389,114.713,unity
14.9202,-1.00000,0.0000,0.0000,4.83859,4.89171,5.70924,0.0,1.0000,-7.3043,0.4741,-6.6648,113.775,unity
14.9402,-1.00000,1.0000,0.0000,4.83041,4.88359,5.70018,525.0,1.0000,-7.2098,0.4741,-6.6890,112.839,unity
14.9602,-1.00000,1.0000,0.0000,4.88393,4.93825,6.98730,525.0,1.0000,-7.1137,0.4741,-6.7119,111.895,unity
14.9802,-1.00000,1.0000,0.0000,4.96783,5.02346,7.10272,525.0,1.0000,-7.0156,0.4742,-6.7335,110.934,unity
15.0002,-1.00000,1.0000,0.0000,5.05216,5.10866,7.21052,525.0,1.0000,-6.9154,0.4742,-6.7537,109.954,unity
15.0202,-1.00000,1.0000,0.0000,5.16484,5.22371,6.46773,525.0,1.0000,-6.8124,0.4748,-6.7724,108.951,unity
15.0402,-1.00000,0.0000,0.0000,5.16327,5.22013,8.48577,0.0,1.0000,-6.7093,0.4752,-6.7895,107.933,unity
15.0602,-1.00000,0.0000,0.0000,5.35252,5.41057,3.60666,0.0,1.0000,-6.6020,0.4755,-6.8055,106.897,unity
15.0802,-1.00000,0.0000,0.0000,5.19931,5.25211,8.80174,0.0,1.0000,-6.4979,0.4757,-6.8196,105.902,unity
15.1002,-1.00000,0.0000,0.0000,5.29205,5.34318,6.49108,0.0,1.0000,-6.3918,0.4758,-6.8325,104.860,unity
15.1202,-1.00000,0.0000,0.0000,5.20867,5.26025,9.00400,0.0,0.9960,-6.2872,0.4758,-6.8431,103.876,unity
15.1402,-1.00000,0.0000,0.0000,5.29997,5.34947,4.46384,0.0,1.0000,-6.1807,0.4758,-6.8525,102.847,unity
15.1602,-1.00000,0.0000,0.0000,5.16040,5.20763,9.07871,0.0,0.9213,-6.0771,0.4757,-6.8600,101.866,unity
15.1802,-1.00000,0.0000,0.0000,5.27765,5.32813,5.11298,0.0,1.0000,-5.9708,0.4757,-6.8653,100.826,unity
15.2002,-1.00000,0.0000,0.0000,5.18316,5.23037,9.12404,0.0,0.8760,-5.8666,0.4756,-6.8692,99.865,unity
15.2202,-1.00000,0.0000,0.0000,5.17207,5.21894,8.91636,0.0,1.0000,-5.7625,0.4755,-6.8711,98.802,unity
15.2402,-1.00000,0.0000,0.0000,5.19244,5.24137,9.07779,0.0,0.9222,-5.6579,0.4754,-6.8711,97.860,unity
15.2602,-1.00000,0.0000,0.0000,5.17733,5.22533,9.53758,0.0,0.4624,-5.5537,0.4753,-6.8693,96.808,unity
15.2802,-1.00000,0.0000,0.0000,5.10670,5.15191,9.04073,0.0,0.9593,-5.4511,0.4752,-6.8661,95.859,unity
15.3002,-1.00000,0.0000,0.0000,5.19957,5.24896,7.37946,0.0,1.0000,-5.3465,0.4752,-6.8605,94.837,unity
15.3202,-1.00000,0.0000,0.0000,5.13866,5.18467,8.98718,0.0,1.0000,-5.2433,0.4751,-6.8537,93.909,unity
15.3402,-1.00000,0.0000,0.0000,5.20663,5.25612,4.55399,0.0,1.0000,-5.1387,0.4751,-6.8446,92.905,unity
15.3602,-1.00000,0.0000,0.0000,5.08773,5.13486,8.94505,0.0,1.0000,-5.0369,0.4750,-6.8342,91.964,unity
15.3802,-1.00000,0.0000,0.0000,5.16774,5.21617,4.85936,0.0,1.0000,-4.9335,0.4750,-6.8217,90.955,unity
15.4002,-1.00000,0.0000,0.0000,5.07009,5.11624,8.90930,0.0,1.0000,-4.8323,0.4750,-6.8080,90.018,unity
15.4202,-1.00000,0.0000,0.0000,5.13063,5.18093,9.37295,0.0,0.6270,-4.7302,0.4749,-6.7918,88.995,unity
15.4402,-1.00000,0.0000,0.0000,5.06850,5.11599,8.94253,0.0,1.0000,-4.6296,0.4749,-6.7745,88.071,unity
15.4602,-1.00000,0.0000,0.0000,5.10050,5.14890,7.48071,0.0,1.0000,-4.5286,0.4749,-6.7553,87.059,unity
15.4802,-1.00000,0.0000,0.0000,5.08813,5.13617,8.90431,0.0,1.0000,-4.4281,0.4749,-6.7345,86.151,unity
15.5002,-1.00000,0.0000,0.0000,5.06944,5.11600,9.67058,0.0,0.3294,-4.3284,0.4749,-6.7123,85.149,unity
15.5202,-1.00000,0.0000,0.0000,5.04089,5.09012,8.85794,0.0,1.0000,-4.2297,0.4749,-6.6881,84.236,unity
15.5402,-1.00000,0.0000,0.0000,5.01410,5.06171,9.30820,0.0,0.6918,-4.1319,0.4749,-6.6626,83.211,unity
15.5602,-1.00000,0.0000,0.0000,5.03180,5.08158,8.89374,0.0,1.0000,-4.0342,0.4749,-6.6351,82.302,unity
15.5802,-1.00000,0.0000,0.0000,5.01201,5.05974,9.60280,0.0,0.3972,-3.9373,0.4749,-6.6063,81.299,unity
15.6002,-1.00000,0.0000,0.0000,5.02944,5.07900,8.87565,0.0,1.0000,-3.8406,0.4749,-6.5757,80.410,unity
15.6202,-1.00000,0.0000,0.0000,5.02487,5.07284,9.21352,0.0,0.7865,-3.7444,0.4749,-6.5436,79.419,unity
15.6402,-1.00000,0.0000,0.0000,5.00224,5.05261,8.88311,0.0,1.0000,-3.6493,0.4749,-6.5098,78.512,unity
15.6602,-1.00000,0.0000,0.0000,4.96408,5.01246,9.41254,0.0,0.5875,-3.5555,0.4750,-6.4748,77.502,unity
15.6802,-1.00000,0.0000,0.0000,4.99816,5.04749,5.80956,0.0,1.0000,-3.4616,0.4745,-6.4380,76.554,unity
15.7002,-1.00000,0.0000,0.0000,4.98701,5.03726,5.85118,0.0,1.0000,-3.3686,0.4742,-6.3995,75.604,unity
15.7202,-1.00000,0.0000,0.0000,4.97636,5.02729,5.84553,0.0,1.0000,-3.2765,0.4739,-6.3594,74.653,unity
15.7402,-1.00000,0.0000,0.0000,4.96625,5.01769,5.83872,0.0,1.0000,-3.1853,0.4737,-6.3179,73.700,unity
15.7602,-1.00000,0.0000,0.0000,4.95654,5.00836,5.83128,0.0,1.0000,-3.0950,0.4736,-6.2748,72.748,unity
15.7802,-1.00000,0.0000,0.0000,4.94714,4.99925,5.82335,0.0,1.0000,-3.0056,0.4735,-6.2303,71.796,unity
15.8002,-1.00000,0.0000,0.0000,4.93800,4.99031,5.81505,0.0,1.0000,-2.9171,0.4735,-6.1843,70.844,unity
15.8202,-1.00000,0.0000,0.0000,4.92906,4.98152,5.80647,0.0,1.0000,-2.8296,0.4735,-6.1369,69.892,unity
15.8402,-1.00000,0.0000,0.0000,4.92027,4.97284,5.79768,0.0,1.0000,-2.7430,0.4735,-6.0882,68.942,unity
15.8602,-1.00000,0.0000,0.0000,4.91160,4.96425,5.78874,0.0,1.0000,-2.6574,0.4735,-6.0381,67.993,unity
15.8802,-1.00000,0.0000,0.0000,4.90302,4.95575,5.77970,0.0,1.0000,-2.5728,0.4736,-5.9866,67.044,unity
15.9002,-1.00000,0.0000,0.0000,4.89453,4.94730,5.77059,0.0,1.0000,-2.4893,0.4737,-5.9339,66.097,unity
15.9202,-1.00000,0.0000,0.0000,4.88610,4.93892,5.76143,0.0,1.0000,-2.4068,0.4737,-5.8798,65.151,unity
15.9402,-1.00000,0.0000,0.0000,4.87772,4.93059,5.75226,0.0,1.0000,-2.3253,0.4738,-5.8245,64.207,unity
15.9602,-1.00000,0.0000,0.0000,4.86939,4.92230,5.74307,0.0,1.0000,-2.2449,0.4739,-5.7679,63.264,unity
15.9802,-1.00000,0.0000,0.0000,4.86109,4.91405,5.73390,0.0,1.0000,-2.1655,0.4739,-5.7101,62.322,unity
16.0002,-1.00000,0.0000,0.0000,4.85283,4.90583,5.72474,0.0,1.0000,-2.0873,0.4740,-5.6510,61.382,unity
16.0202,-1.00000,0.0000,0.0000,4.84461,4.89766,5.71561,0.0,1.0000,-2.0102,0.4740,-5.5908,60.443,unity
16.0402,-1.00000,0.0000,0.0000,4.83641,4.88952,5.70651,0.0,1.0000,-1.9342,0.4741,-5.5295,59.505,unity
16.0602,-1.00000,0.0000,0.0000,4.82825,4.88141,5.69744,0.0,1.0000,-1.8594,0.4741,-5.4669,58.570,unity
16.0802,-1.00000,0.0000,0.0000,4.82012,4.87334,5.68841,0.0,1.0000,-1.7858,0.4741,-5.4033,57.635,unity
16.1002,-1.00000,0.0000,0.0000,4.81201,4.86529,5.67941,0.0,1.0000,-1.7133,0.4741,-5.3385,56.702,unity
16.1202,-1.00000,0.0000,0.0000,4.80394,4.85729,5.67046,0.0,1.0000,-1.6420,0.4742,-5.2727,55.770,unity
16.1402,-1.00000,0.0000,0.0000,4.79590,4.84931,5.66155,0.0,1.0000,-1.5719,0.4742,-5.2059,54.840,unity
16.1602,-1.00000,0.0000,0.0000,4.78789,4.84136,5.65267,0.0,1.0000,-1.5030,0.4742,-5.1379,53.911,unity
16.1802,-1.00000,0.0000,0.0000,4.77991,4.83345,5.64383,0.0,1.0000,-1.4354,0.4742,-5.0690,52.984,unity
16.2002,-1.00000,0.0000,0.0000,4.77196,4.82557,5.63503,0.0,1.0000,-1.3690,0.4742,-4.9991,52.058,unity
16.2202,-1.00000,0.0000,0.0000,4.76405,4.81772,5.62627,0.0,1.0000,-1.3039,0.4742,-4.9283,51.134,unity
16.2402,-1.00000,0.0000,0.0000,4.75616,4.80990,5.61755,0.0,1.0000,-1.2401,0.4742,-4.8565,50.211,unity
16.2602,-1.00000,0.0000,0.0000,4.74831,4.80211,5.60886,0.0,1.0000,-1.1775,0.4742,-4.7838,49.289,unity
16.2802,-1.00000,0.0000,0.0000,4.74049,4.79436,5.60020,0.0,1.0000,-1.1162,0.4742,-4.7102,48.369,unity
16.3002,-1.00000,0.0000,0.0000,4.73271,4.78663,5.59159,0.0,1.0000,-1.0562,0.4742,-4.6357,47.450,unity
16.3202,-1.00000,0.0000,0.0000,4.72495,4.77894,5.58300,0.0,1.0000,-0.9976,0.4742,-4.5604,46.532,unity
16.3402,-1.00000,0.0000,0.0000,4.71723,4.77128,5.57445,0.0,1.0000,-0.9402,0.4742,-4.4843,45.616,unity
16.3602,-1.00000,0.0000,0.0000,4.70954,4.76365,5.56593,0.0,1.0000,-0.8842,0.4742,-4.4073,44.701,unity
16.3802,-1.00000,0.0000,0.0000,4.70188,4.75605,5.55745,0.0,1.0000,-0.8295,0.4742,-4.3296,43.787,unity
16.4002,-1.00000,0.0000,0.0000,4.69425,4.74848,5.54899,0.0,1.0000,-0.7761,0.4742,-4.2512,42.875,unity
16.4202,-1.00000,0.0000,0.0000,4.68665,4.74094,5.54057,0.0,1.0000,-0.7241,0.4742,-4.1720,41.965,unity
16.4402,-1.00000,0.0000,0.0000,4.67909,4.73343,5.53218,0.0,1.0000,-0.6735,0.4742,-4.0922,41.055,unity
16.4602,-1.00000,0.0000,0.0000,4.67155,4.72595,5.52382,0.0,1.0000,-0.6242,0.4742,-4.0116,40.147,unity
16.4802,-1.00000,0.0000,0.0000,4.66405,4.71850,5.51549,0.0,1.0000,-0.5763,0.4742,-3.9304,39.240,unity
16.5002,-1.00000,0.0000,0.0000,4.65657,4.71108,5.50719,0.0,1.0000,-0.5298,0.4742,-3.8486,38.335,unity
16.5202,-1.00000,0.0000,0.0000,4.64913,4.70369,5.49892,0.0,1.0000,-0.4847,0.4742,-3.7662,37.430,unity
16.5402,-1.00000,0.0000,0.0000,4.64171,4.69632,5.49067,0.0,1.0000,-0.4410,0.4742,-3.6832,36.528,unity
16.5602,-1.00000,0.0000,0.0000,4.63433,4.68899,5.48246,0.0,1.0000,-0.3986,0.4742,-3.5996,35.626,unity
16.5802,-1.00000,0.0000,0.0000,4.62697,4.68168,5.47428,0.0,1.0000,-0.3576,0.4742,-3.5156,34.726,unity
16.6002,-1.00000,0.0000,0.0000,4.61964,4.67440,5.46613,0.0,1.0000,-0.3181,0.4742,-3.4310,33.827,unity
16.6202,-1.00000,0.0000,0.0000,4.61234,4.66715,5.45800,0.0,1.0000,-0.2800,0.4742,-3.3459,32.929,unity
16.6402,-1.00000,0.0000,0.0000,4.60507,4.65993,5.44991,0.0,1.0000,-0.2432,0.4742,-3.2603,32.033,unity
16.6602,-1.00000,1.0000,0.0000,4.59783,4.65273,5.44184,525.0,1.0000,-0.2079,0.4742,-3.1744,31.138,unity
16.6802,-1.00000,1.0000,0.0000,4.65354,4.70963,6.67871,525.0,1.0000,-0.1736,0.4742,-3.0867,30.235,unity
16.7002,-1.00000,1.0000,0.0000,4.73842,4.79585,6.79066,525.0,1.0000,-0.1401,0.4742,-2.9968,29.314,unity
16.7202,-1.00000,0.0000,0.0000,4.82367,4.88200,6.90017,0.0,1.0000,-0.1075,0.4742,-2.9046,28.375,unity
16.7402,-1.00000,0.0000,0.0000,4.84768,4.90541,5.74871,0.0,1.0000,-0.0761,0.4742,-2.8116,27.426,unity
16.7602,-1.00000,0.0000,0.0000,4.84123,4.89796,5.73477,0.0,1.0000,-0.0463,0.4742,-2.7182,26.479,unity
16.7802,-1.00000,0.0000,0.0000,4.83442,4.89039,5.72440,0.0,1.0000,-0.0180,0.4742,-2.6246,25.532,unity
16.8002,-1.00000,0.0000,0.0000,4.82739,4.88276,5.71407,0.0,1.0000,0.0088,0.4742,-2.5308,24.588,unity
16.8202,-1.00000,0.0000,0.0000,4.82018,4.87510,5.70379,0.0,1.0000,0.0341,0.4742,-2.4367,23.644,unity
16.8402,-1.00000,0.0000,0.0000,4.81285,4.86742,5.69357,0.0,1.0000,0.0577,0.4742,-2.3423,22.703,unity
16.8602,-1.00000,0.0000,0.0000,4.80542,4.85974,5.68342,0.0,1.0000,0.0798,0.4742,-2.2478,21.764,unity
16.8802,-1.00000,0.0000,0.0000,4.79792,4.85206,5.67337,0.0,1.0000,0.1004,0.4742,-2.1531,20.827,unity
16.9002,-1.00000,0.0000,0.0000,4.79038,4.84438,5.66341,0.0,1.0000,0.1193,0.4742,-2.0583,19.892,unity
16.9202,-1.00000,0.0000,0.0000,4.78280,4.83671,5.65356,0.0,1.0000,0.1367,0.4742,-1.9633,18.959,unity
16.9402,-1.00000,0.0000,0.0000,4.77520,4.82905,5.64383,0.0,1.0000,0.1525,0.4742,-1.8682,18.029,unity
16.9602,-1.00000,0.0000,0.0000,4.76758,4.82140,5.63422,0.0,1.0000,0.1668,0.4742,-1.7730,17.100,unity
16.9802,-1.00000,0.0000,0.0000,4.75995,4.81376,5.62473,0.0,1.0000,0.1794,0.4742,-1.6778,16.174,unity
17.0002,-1.00000,0.0000,0.0000,4.75232,4.80614,5.61537,0.0,1.0000,0.1905,0.4742,-1.5825,15.249,unity
17.0202,-1.00000,0.0000,0.0000,4.74469,4.79853,5.60613,0.0,1.0000,0.2001,0.4742,-1.4871,14.327,unity
17.0402,-1.00000,0.0000,0.0000,4.73706,4.79093,5.59701,0.0,1.0000,0.2081,0.4742,-1.3918,13.406,unity
17.0602,-1.00000,0.0000,0.0000,4.72944,4.78335,5.58800,0.0,1.0000,0.2145,0.4742,-1.2966,12.487,unity
17.0802,-1.00000,0.0000,0.0000,4.72182,4.77578,5.57910,0.0,1.0000,0.2194,0.4742,-1.2013,11.570,unity
17.1002,-1.00000,0.0000,0.0000,4.71421,4.76822,5.57031,0.0,1.0000,0.2227,0.4742,-1.1062,10.654,unity
17.1202,-1.00000,0.0000,0.0000,4.70662,4.76068,5.56161,0.0,1.0000,0.2246,0.4742,-1.0112,9.740,unity
17.1402,-1.00000,0.0000,0.0000,4.69904,4.75316,5.55300,0.0,1.0000,0.2248,0.4742,-0.9163,8.828,unity
17.1602,-1.00000,0.0000,0.0000,4.69147,4.74565,5.54448,0.0,1.0000,0.2236,0.4742,-0.8215,7.917,unity
17.1802,-1.00000,0.0000,0.0000,4.68392,4.73816,5.53603,0.0,1.0000,0.2209,0.4742,-0.7269,7.008,unity
17.2002,-1.00000,0.0000,0.0000,4.67639,4.73069,5.52765,0.0,1.0000,0.2166,0.4742,-0.6325,6.100,unity
17.2202,-1.00000,0.0000,0.0000,4.66888,4.72324,5.51933,0.0,1.0000,0.2108,0.4742,-0.5384,5.193,unity
17.2402,-1.00000,0.0000,0.0000,4.66139,4.71581,5.51107,0.0,1.0000,0.2036,0.4742,-0.4444,4.288,unity
17.2602,-1.00000,0.0000,0.0000,4.65392,4.70841,5.50285,0.0,1.0000,0.1949,0.4742,-0.3508,3.384,unity
17.2802,-1.00000,0.0000,0.0000,4.64648,4.70102,5.49468,0.0,1.0000,0.1846,0.4742,-0.2574,2.481,unity
17.3002,-1.00000,0.0000,0.0000,4.63906,4.69366,5.48655,0.0,1.0000,0.1730,0.4742,-0.1644,1.580,unity
17.3202,-1.00000,0.0000,0.0000,4.63166,4.68633,5.47846,0.0,1.0000,0.1598,0.4742,-0.0717,0.680,unity
17.3402,-1.00000,0.0000,0.0000,4.62430,4.67902,5.47040,0.0,1.0000,0.1453,0.4742,0.0206,359.781,unity
17.3602,-1.00000,0.0000,0.0000,4.61696,4.67173,5.46236,0.0,1.0000,0.1292,0.4742,0.1126,358.883,unity
17.3802,-1.00000,0.0000,0.0000,4.60965,4.66448,5.45435,0.0,1.0000,0.1118,0.4742,0.2041,357.986,unity
17.4002,-1.00000,0.0000,0.0000,4.60236,4.65725,5.44637,0.0,1.0000,0.0929,0.4742,0.2952,357.091,unity
17.4202,-1.00000,0.0000,0.0000,4.59511,4.65004,5.43840,0.0,1.0000,0.0727,0.4742,0.3859,356.197,unity
17.4402,-1.00000,0.0000,0.0000,4.58788,4.64287,5.43046,0.0,1.0000,0.0510,0.4742,0.4761,355.304,unity
17.4602,-1.00000,0.0000,0.0000,4.58068,4.63572,5.42254,0.0,1.0000,0.0279,0.4742,0.5658,354.412,unity
17.4802,-1.00000,0.0000,0.0000,4.57351,4.62860,5.41464,0.0,1.0000,0.0035,0.4742,0.6550,353.521,unity
17.5002,-1.00000,0.0000,0.0000,4.56637,4.62151,5.40675,0.0,1.0000,-0.0223,0.4742,0.7437,352.632,unity
17.5202,-1.00000,0.0000,0.0000,4.55926,4.61444,5.39889,0.0,1.0000,-0.0494,0.4742,0.8318,351.744,unity
17.5402,-1.00000,0.0000,0.0000,4.55218,4.60741,5.39104,0.0,1.0000,-0.0778,0.4742,0.9193,350.857,unity
17.5602,-1.00000,0.0000,0.0000,4.54513,4.60040,5.38322,0.0,1.0000,-0.1076,0.4742,1.0063,349.971,unity
17.5802,-1.00000,0.0000,0.0000,4.53811,4.59342,5.37542,0.0,1.0000,-0.1387,0.4742,1.0926,349.087,unity
17.6002,-1.00000,0.0000,0.0000,4.53111,4.58646,5.36763,0.0,1.0000,-0.1711,0.4742,1.1784,348.204,unity
17.6202,-1.00000,0.0000,0.0000,4.52414,4.57954,5.35987,0.0,1.0000,-0.2048,0.4742,1.2634,347.322,unity
17.6402,-1.00000,0.0000,0.0000,4.51720,4.57263,5.35213,0.0,1.0000,-0.2397,0.4742,1.3479,346.441,unity
17.6602,-1.00000,0.0000,0.0000,4.51029,4.56576,5.34441,0.0,1.0000,-0.2759,0.4742,1.4316,345.561,unity
17.6802,-1.00000,0.0000,0.0000,4.50340,4.55891,5.33671,0.0,1.0000,-0.3133,0.4742,1.5146,344.683,unity
17.7002,-1.00000,1.0000,0.0000,4.49654,4.55209,5.32904,525.0,1.0000,-0.3519,0.4742,1.5970,343.806,unity
17.7202,-1.00000,1.0000,0.0000,4.55317,4.60992,6.54243,525.0,1.0000,-0.3925,0.4742,1.6798,342.921,unity
17.7402,-1.00000,1.0000,0.0000,4.63845,4.69654,6.65350,525.0,1.0000,-0.4351,0.4742,1.7635,342.017,unity
17.7602,-1.00000,1.0000,0.0000,4.72406,4.78308,6.76384,525.0,1.0000,-0.4800,0.4742,1.8481,341.096,unity
17.7802,-1.00000,0.0000,0.0000,4.80990,4.86948,6.87404,0.0,1.0000,-0.5271,0.4742,1.9335,340.156,unity
17.8002,-1.00000,0.0000,0.0000,4.83435,4.89305,5.73913,0.0,1.0000,-0.5756,0.4742,2.0186,339.207,unity
17.8202,-1.00000,0.0000,0.0000,4.82829,4.88579,5.72573,0.0,1.0000,-0.6253,0.4742,2.1028,338.259,unity
17.8402,-1.00000,0.0000,0.0000,4.82182,4.87838,5.71503,0.0,1.0000,-0.6763,0.4742,2.1860,337.312,unity
17.8602,-1.00000,0.0000,0.0000,4.81507,4.87091,5.70437,0.0,1.0000,-0.7284,0.4742,2.2683,336.367,unity
17.8802,-1.00000,0.0000,0.0000,4.80811,4.86340,5.69378,0.0,1.0000,-0.7817,0.4742,2.3496,335.424,unity
17.9002,-1.00000,0.0000,0.0000,4.80099,4.85586,5.68326,0.0,1.0000,-0.8362,0.4742,2.4298,334.483,unity
17.9202,-1.00000,0.0000,0.0000,4.79375,4.84830,5.67283,0.0,1.0000,-0.8918,0.4742,2.5090,333.544,unity
17.9402,-1.00000,0.0000,0.0000,4.78642,4.84074,5.66251,0.0,1.0000,-0.9487,0.4742,2.5872,332.608,unity
17.9602,-1.00000,0.0000,0.0000,4.77903,4.83318,5.65232,0.0,1.0000,-1.0067,0.4742,2.6643,331.673,unity
17.9802,-1.00000,0.0000,0.0000,4.77159,4.82562,5.64226,0.0,1.0000,-1.0658,0.4742,2.7403,330.742,unity
18.0002,-1.00000,0.0000,0.0000,4.76412,4.81807,5.63234,0.0,1.0000,-1.1261,0.4742,2.8153,329.812,unity
18.0202,-1.00000,0.0000,0.0000,4.75662,4.81052,5.62258,0.0,1.0000,-1.1875,0.4742,2.8891,328.885,unity
18.0402,-1.00000,0.0000,0.0000,4.74909,4.80298,5.61296,0.0,1.0000,-1.2499,0.4742,2.9618,327.960,unity
18.0602,-1.00000,0.0000,0.0000,4.74156,4.79544,5.60349,0.0,1.0000,-1.3134,0.4742,3.0334,327.037,unity
18.0802,-1.00000,0.0000,0.0000,4.73402,4.78792,5.59418,0.0,1.0000,-1.3780,0.4742,3.1038,326.116,unity
18.1002,-1.00000,0.0000,0.0000,4.72647,4.78040,5.58500,0.0,1.0000,-1.4436,0.4742,3.1731,325.197,unity
18.1202,-1.00000,0.0000,0.0000,4.71892,4.77288,5.57596,0.0,1.0000,-1.5102,0.4742,3.2412,324.281,unity
18.1402,-1.00000,0.0000,0.0000,4.71137,4.76538,5.56706,0.0,1.0000,-1.5778,0.4742,3.3081,323.365,unity
18.1602,-1.00000,0.0000,0.0000,4.70383,4.75789,5.55827,0.0,1.0000,-1.6464,0.4742,3.3739,322.452,unity
18.1802,-1.00000,0.0000,0.0000,4.69629,4.75040,5.54960,0.0,1.0000,-1.7159,0.4742,3.4384,321.540,unity
18.2002,-1.00000,0.0000,0.0000,4.68876,4.74293,5.54103,0.0,1.0000,-1.7863,0.4742,3.5017,320.630,unity
18.2202,-1.00000,0.0000,0.0000,4.68124,4.73547,5.53256,0.0,1.0000,-1.8576,0.4742,3.5638,319.722,unity
18.2402,-1.00000,0.0000,0.0000,4.67373,4.72803,5.52417,0.0,1.0000,-1.9298,0.4742,3.6246,318.814,unity
18.2602,-1.00000,0.0000,0.0000,4.66624,4.72060,5.51586,0.0,1.0000,-2.0029,0.4742,3.6842,317.909,unity
18.2802,-1.00000,0.0000,0.0000,4.65877,4.71319,5.50761,0.0,1.0000,-2.0767,0.4742,3.7426,317.004,unity
18.3002,-1.00000,0.0000,0.0000,4.65131,4.70580,5.49942,0.0,1.0000,-2.1514,0.4742,3.7997,316.101,unity
18.3202,-1.00000,0.0000,0.0000,4.64388,4.69843,5.49129,0.0,1.0000,-2.2269,0.4742,3.8554,315.199,unity
18.3402,-1.00000,0.0000,0.0000,4.63647,4.69108,5.48320,0.0,1.0000,-2.3031,0.4742,3.9100,314.298,unity
18.3602,-1.00000,0.0000,0.0000,4.62908,4.68375,5.47515,0.0,1.0000,-2.3801,0.4742,3.9632,313.399,unity
18.3802,-1.00000,0.0000,0.0000,4.62172,4.67645,5.46713,0.0,1.0000,-2.4578,0.4742,4.0151,312.501,unity
18.4002,-1.00000,0.0000,0.0000,4.61438,4.66917,5.45914,0.0,1.0000,-2.5361,0.4742,4.0656,311.604,unity
18.4202,-1.00000,0.0000,0.0000,4.60707,4.66192,5.45118,0.0,1.0000,-2.6152,0.4742,4.1149,310.708,unity
18.4402,-1.00000,0.0000,0.0000,4.59979,4.65469,5.44325,0.0,1.0000,-2.6949,0.4742,4.1628,309.813,unity
18.4602,-1.00000,0.0000,0.0000,4.59253,4.64749,5.43533,0.0,1.0000,-2.7752,0.4742,4.2094,308.919,unity
18.4802,-1.00000,0.0000,0.0000,4.58531,4.64032,5.42743,0.0,1.0000,-2.8561,0.4742,4.2547,308.027,unity
18.5002,-1.00000,0.0000,0.0000,4.57811,4.63317,5.41955,0.0,1.0000,-2.9376,0.4742,4.2986,307.136,unity
18.5202,-1.00000,0.0000,0.0000,4.57095,4.62606,5.41169,0.0,1.0000,-3.0197,0.4742,4.3411,306.246,unity
18.5402,-1.00000,0.0000,0.0000,4.56381,4.61897,5.40384,0.0,1.0000,-3.1023,0.4742,4.3823,305.357,unity
18.5602,-1.00000,0.0000,0.0000,4.55671,4.61191,5.39601,0.0,1.0000,-3.1853,0.4742,4.4222,304.470,unity
18.5802,-1.00000,0.0000,0.0000,4.54963,4.60488,5.38819,0.0,1.0000,-3.2689,0.4742,4.4607,303.583,unity
18.6002,-1.00000,0.0000,0.0000,4.54258,4.59788,5.38040,0.0,1.0000,-3.3530,0.4742,4.4978,302.698,unity
18.6202,-1.00000,0.0000,0.0000,4.53556,4.59090,5.37261,0.0,1.0000,-3.4375,0.4742,4.5335,301.814,unity
18.6402,-1.00000,0.0000,0.0000,4.52857,4.58395,5.36485,0.0,1.0000,-3.5224,0.4742,4.5678,300.931,unity
18.6602,-1.00000,0.0000,0.0000,4.52161,4.57703,5.35711,0.0,1.0000,-3.6077,0.4742,4.6008,300.050,unity
18.6802,-1.00000,0.0000,0.0000,4.51468,4.57014,5.34938,0.0,1.0000,-3.6933,0.4742,4.6324,299.169,unity
18.7002,-1.00000,1.0000,0.0000,4.50777,4.56327,5.34168,525.0,1.0000,-3.7793,0.4742,4.6626,298.290,unity
18.7202,-1.00000,1.0000,0.0000,4.56430,4.62099,6.55683,525.0,1.0000,-3.8670,0.4742,4.6918,297.403,unity
18.7402,-1.00000,1.0000,0.0000,4.64954,4.70758,6.66800,525.0,1.0000,-3.9568,0.4742,4.7201,296.498,unity
18.7602,-1.00000,1.0000,0.0000,4.73511,4.79406,6.77827,525.0,1.0000,-4.0489,0.4742,4.7475,295.574,unity
18.7802,-1.00000,1.0000,0.0000,4.82091,4.88042,6.88847,525.0,1.0000,-4.1430,0.4742,4.7738,294.632,unity
18.8002,-1.00000,0.0000,0.0000,4.90682,4.96661,6.99881,0.0,1.0000,-4.2392,0.4742,4.7992,293.672,unity
18.8202,-1.00000,0.0000,0.0000,4.93181,4.99049,5.85451,0.0,1.0000,-4.3363,0.4742,4.8231,292.703,unity
18.8402,-1.00000,0.0000,0.0000,4.92571,4.98301,5.83910,0.0,1.0000,-4.4334,0.4742,4.8455,291.734,unity
18.8602,-1.00000,0.0000,0.0000,4.91911,4.97533,5.82754,0.0,1.0000,-4.5307,0.4742,4.8664,290.767,unity
18.8802,-1.00000,0.0000,0.0000,4.91218,4.96757,5.81606,0.0,1.0000,-4.6281,0.4742,4.8857,289.802,unity
18.9002,-1.00000,0.0000,0.0000,4.90501,4.95976,5.80464,0.0,1.0000,-4.7257,0.4742,4.9033,288.839,unity
18.9202,-1.00000,0.0000,0.0000,4.89766,4.95192,5.79331,0.0,1.0000,-4.8232,0.4742,4.9194,287.879,unity
18.9402,-1.00000,0.0000,0.0000,4.89016,4.94405,5.78209,0.0,1.0000,-4.9209,0.4742,4.9338,286.921,unity
18.9602,-1.00000,0.0000,0.0000,4.88256,4.93618,5.77101,0.0,1.0000,-5.0186,0.4742,4.9466,285.966,unity
18.9802,-1.00000,0.0000,0.0000,4.87487,4.92829,5.76007,0.0,1.0000,-5.1163,0.4742,4.9578,285.013,unity
19.0002,-1.00000,0.0000,0.0000,4.86713,4.92041,5.74930,0.0,1.0000,-5.2140,0.4742,4.9673,284.063,unity
19.0202,-1.00000,0.0000,0.0000,4.85934,4.91253,5.73869,0.0,1.0000,-5.3117,0.4742,4.9752,283.116,unity
19.0403,-1.00000,0.0000,0.0000,4.85151,4.90465,5.72827,0.0,1.0000,-5.4094,0.4742,4.9815,282.171,unity
19.0603,-1.00000,0.0000,0.0000,4.84366,4.89677,5.71804,0.0,1.0000,-5.5070,0.4742,4.9862,281.229,unity
19.0803,-1.00000,0.0000,0.0000,4.83579,4.88890,5.70798,0.0,1.0000,-5.6045,0.4742,4.9893,280.289,unity
19.1003,-1.00000,0.0000,0.0000,4.82790,4.88103,5.69811,0.0,1.0000,-5.7019,0.4742,4.9907,279.352,unity
19.1203,-1.00000,0.0000,0.0000,4.82000,4.87317,5.68841,0.0,1.0000,-5.7991,0.4742,4.9906,278.416,unity
19.1403,-1.00000,0.0000,0.0000,4.81210,4.86531,5.67887,0.0,1.0000,-5.8962,0.4742,4.9888,277.483,unity
19.1603,-1.00000,0.0000,0.0000,4.80419,4.85745,5.66950,0.0,1.0000,-5.9931,0.4742,4.9855,276.552,unity
19.1803,-1.00000,0.0000,0.0000,4.79628,4.84961,5.66027,0.0,1.0000,-6.0897,0.4742,4.9806,275.622,unity
19.2003,-1.00000,0.0000,0.0000,4.78838,4.84177,5.65117,0.0,1.0000,-6.1862,0.4742,4.9742,274.695,unity
19.2203,-1.00000,0.0000,0.0000,4.78049,4.83394,5.64219,0.0,1.0000,-6.2823,0.4742,4.9662,273.768,unity
19.2403,-1.00000,0.0000,0.0000,4.77260,4.82612,5.63333,0.0,1.0000,-6.3782,0.4742,4.9566,272.844,unity
19.2603,-1.00000,0.0000,0.0000,4.76472,4.81832,5.62457,0.0,1.0000,-6.4738,0.4742,4.9455,271.921,unity
19.2803,-1.00000,0.0000,0.0000,4.75687,4.81054,5.61589,0.0,1.0000,-6.5690,0.4742,4.9329,271.000,unity
19.3003,-1.00000,0.0000,0.0000,4.74902,4.80277,5.60729,0.0,1.0000,-6.6639,0.4742,4.9187,270.080,unity
19.3203,-1.00000,0.0000,0.0000,4.74120,4.79502,5.59876,0.0,1.0000,-6.7584,0.4742,4.9030,269.161,unity
19.3403,-1.00000,0.0000,0.0000,4.73340,4.78729,5.59029,0.0,1.0000,-6.8524,0.4742,4.8859,268.243,unity
19.3603,-1.00000,0.0000,0.0000,4.72562,4.77959,5.58186,0.0,1.0000,-6.9461,0.4742,4.8672,267.327,unity
19.3803,-1.00000,0.0000,0.0000,4.71787,4.77191,5.57348,0.0,1.0000,-7.0392,0.4742,4.8471,266.412,unity
19.4003,-1.00000,0.0000,0.0000,4.71015,4.76426,5.56514,0.0,1.0000,-7.1319,0.4742,4.8255,265.498,unity
19.4203,-1.00000,0.0000,0.0000,4.70246,4.75663,5.55682,0.0,1.0000,-7.2241,0.4742,4.8024,264.586,unity
19.4403,-1.00000,0.0000,0.0000,4.69479,4.74903,5.54854,0.0,1.0000,-7.3158,0.4742,4.7779,263.675,unity
19.4603,-1.00000,0.0000,0.0000,4.68716,4.74146,5.54027,0.0,1.0000,-7.4069,0.4742,4.7519,262.765,unity
19.4803,-1.00000,0.0000,0.0000,4.67956,4.73392,5.53203,0.0,1.0000,-7.4974,0.4742,4.7246,261.856,unity
19.5003,-1.00000,0.0000,0.0000,4.67199,4.72641,5.52381,0.0,1.0000,-7.5874,0.4742,4.6958,260.948,unity
19.5203,-1.00000,0.0000,0.0000,4.66445,4.71893,5.51560,0.0,1.0000,-7.6767,0.4742,4.6657,260.042,unity
19.5403,-1.00000,0.0000,0.0000,4.65694,4.71148,5.50741,0.0,1.0000,-7.7654,0.4742,4.6341,259.136,unity
19.5603,-1.00000,0.0000,0.0000,4.64947,4.70407,5.49923,0.0,1.0000,-7.8534,0.4742,4.6013,258.232,unity
19.5803,-1.00000,0.0000,0.0000,4.64203,4.69668,5.49107,0.0,1.0000,-7.9408,0.4742,4.5670,257.329,unity
19.6003,-1.00000,0.0000,0.0000,4.63463,4.68932,5.48293,0.0,1.0000,-8.0275,0.4742,4.5314,256.428,unity
19.6203,-1.00000,0.0000,0.0000,4.62725,4.68200,5.47480,0.0,1.0000,-8.1135,0.4742,4.4946,255.528,unity
19.6403,-1.00000,0.0000,0.0000,4.61991,4.67471,5.46669,0.0,1.0000,-8.1987,0.4742,4.4564,254.628,unity
19.6603,-1.00000,0.0000,0.0000,4.61260,4.66744,5.45859,0.0,1.0000,-8.2832,0.4742,4.4169,253.731,unity
19.6803,-1.00000,0.0000,0.0000,4.60532,4.66021,5.45052,0.0,1.0000,-8.3669,0.4742,4.3761,252.834,unity
19.7003,-1.00000,0.0000,0.0000,4.59807,4.65301,5.44246,0.0,1.0000,-8.4498,0.4742,4.3341,251.939,unity
19.7203,-1.00000,0.0000,0.0000,4.59085,4.64583,5.43443,0.0,1.0000,-8.5320,0.4742,4.2909,251.045,unity
19.7403,-1.00000,0.0000,0.0000,4.58366,4.63869,5.42642,0.0,1.0000,-8.6133,0.4742,4.2464,250.152,unity
19.7603,-1.00000,0.0000,0.0000,4.57650,4.63157,5.41843,0.0,1.0000,-8.6938,0.4742,4.2008,249.261,unity
19.7803,-1.00000,1.0000,0.0000,4.56937,4.62448,5.41046,525.0,1.0000,-8.7734,0.4742,4.1539,248.370,unity
19.8003,-1.00000,1.0000,0.0000,4.62535,4.68165,6.63943,525.0,1.0000,-8.8533,0.4742,4.1051,247.472,unity
19.8203,-1.00000,1.0000,0.0000,4.71035,4.76799,6.75123,525.0,1.0000,-8.9338,0.4742,4.0540,246.556,unity
19.8403,-1.00000,0.0000,0.0000,4.79571,4.85425,6.86111,0.0,1.0000,-9.0151,0.4742,4.0007,245.622,unity
19.8603,-1.00000,0.0000,0.0000,4.81968,4.87761,5.71712,0.0,1.0000,-9.0958,0.4742,3.9458,244.678,unity
19.8803,-1.00000,0.0000,0.0000,4.81333,4.87027,5.70387,0.0,1.0000,-9.1756,0.4742,3.8898,243.735,unity
19.9003,-1.00000,0.0000,0.0000,4.80663,4.86280,5.69360,0.0,1.0000,-9.2543,0.4742,3.8327,242.794,unity
19.9203,-1.00000,0.0000,0.0000,4.79971,4.85529,5.68339,0.0,1.0000,-9.3320,0.4742,3.7745,241.854,unity
19.9403,-1.00000,0.0000,0.0000,4.79262,4.84774,5.67322,0.0,1.0000,-9.4086,0.4742,3.7152,240.916,unity
19.9603,-1.00000,0.0000,0.0000,4.78539,4.84018,5.66311,0.0,1.0000,-9.4841,0.4742,3.6548,239.979,unity
19.9803,-1.00000,0.0000,0.0000,4.77808,4.83260,5.65308,0.0,1.0000,-9.5584,0.4742,3.5932,239.045,unity
20.0003,-1.00000,0.0000,0.0000,4.77070,4.82503,5.64313,0.0,1.0000,-9.6317,0.4742,3.5306,238.113,unity
20.0203,-1.00000,0.0000,0.0000,4.76326,4.81746,5.63329,0.0,1.0000,-9.7038,0.4742,3.4670,237.183,unity
20.0403,-1.00000,0.0000,0.0000,4.75579,4.80990,5.62356,0.0,1.0000,-9.7747,0.4742,3.4022,236.255,unity
20.0603,-1.00000,0.0000,0.0000,4.74830,4.80235,5.61394,0.0,1.0000,-9.8445,0.4742,3.3365,235.329,unity
20.0803,-1.00000,0.0000,0.0000,4.74079,4.79481,5.60445,0.0,1.0000,-9.9131,0.4742,3.2697,234.405,unity
20.1003,-1.00000,0.0000,0.0000,4.73327,4.78728,5.59508,0.0,1.0000,-9.9805,0.4742,3.2020,233.484,unity
20.1203,-1.00000,0.0000,0.0000,4.72575,4.77977,5.58583,0.0,1.0000,-10.0467,0.4742,3.1332,232.564,unity
20.1403,-1.00000,0.0000,0.0000,4.71823,4.77226,5.57671,0.0,1.0000,-10.1116,0.4742,3.0636,231.646,unity
20.1603,-1.00000,0.0000,0.0000,4.71071,4.76477,5.56770,0.0,1.0000,-10.1754,0.4742,2.9930,230.730,unity
20.1803,-1.00000,0.0000,0.0000,4.70319,4.75729,5.55881,0.0,1.0000,-10.2379,0.4742,2.9214,229.816,unity
20.2003,-1.00000,0.0000,0.0000,4.69568,4.74982,5.55003,0.0,1.0000,-10.2991,0.4742,2.8490,228.903,unity
20.2203,-1.00000,0.0000,0.0000,4.68818,4.74237,5.54134,0.0,1.0000,-10.3591,0.4742,2.7758,227.992,unity
20.2403,-1.00000,0.0000,0.0000,4.68069,4.73493,5.53276,0.0,1.0000,-10.4178,0.4742,2.7017,227.083,unity
20.2603,-1.00000,0.0000,0.0000,4.67321,4.72751,5.52427,0.0,1.0000,-10.4753,0.4742,2.6268,226.176,unity
20.2803,-1.00000,0.0000,0.0000,4.66574,4.72010,5.51585,0.0,1.0000,-10.5314,0.4742,2.5511,225.269,unity
20.3003,-1.00000,0.0000,0.0000,4.65829,4.71271,5.50752,0.0,1.0000,-10.5863,0.4742,2.4746,224.364,unity
20.3203,-1.00000,0.0000,0.0000,4.65086,4.70534,5.49924,0.0,1.0000,-10.6398,0.4742,2.3974,223.461,unity
20.3403,-1.00000,0.0000,0.0000,4.64345,4.69799,5.49103,0.0,1.0000,-10.6921,0.4742,2.3194,222.559,unity
20.3603,-1.00000,0.0000,0.0000,4.63606,4.69066,5.48288,0.0,1.0000,-10.7430,0.4742,2.2408,221.658,unity
20.3803,-1.00000,0.0000,0.0000,4.62869,4.68335,5.47477,0.0,1.0000,-10.7926,0.4742,2.1615,220.759,unity
20.4003,-1.00000,0.0000,0.0000,4.62134,4.67606,5.46670,0.0,1.0000,-10.8408,0.4742,2.0815,219.860,unity
20.4203,-1.00000,1.0000,0.0000,4.61402,4.66879,5.45868,525.0,1.0000,-10.8877,0.4742,2.0009,218.963,unity
20.4403,-1.00000,1.0000,0.0000,4.66956,4.72552,6.70299,525.0,1.0000,-10.9339,0.4742,1.9184,218.059,unity
20.4603,-1.00000,1.0000,0.0000,4.75435,4.81166,6.81465,525.0,1.0000,-10.9795,0.4742,1.8336,217.136,unity
20.4803,-1.00000,0.0000,0.0000,4.83952,4.89773,6.92334,0.0,1.0000,-11.0245,0.4742,1.7465,216.194,unity
20.5003,-1.00000,0.0000,0.0000,4.86352,4.92115,5.76615,0.0,1.0000,-11.0684,0.4742,1.6584,215.244,unity
20.5203,-1.00000,0.0000,0.0000,4.85700,4.91364,5.75182,0.0,1.0000,-11.1108,0.4742,1.5697,214.294,unity
20.5403,-1.00000,0.0000,0.0000,4.85012,4.90598,5.74146,0.0,1.0000,-11.1518,0.4742,1.4805,213.345,unity
20.5603,-1.00000,0.0000,0.0000,4.84300,4.89828,5.73115,0.0,1.0000,-11.1913,0.4742,1.3909,212.397,unity
20.5803,-1.00000,0.0000,0.0000,4.83571,4.89054,5.72087,0.0,1.0000,-11.2292,0.4742,1.3008,211.452,unity
20.6003,-1.00000,0.0000,0.0000,4.82830,4.88278,5.71065,0.0,1.0000,-11.2657,0.4742,1.2103,210.508,unity
20.6203,-1.00000,0.0000,0.0000,4.82080,4.87502,5.70049,0.0,1.0000,-11.3006,0.4742,1.1194,209.566,unity
20.6403,-1.00000,0.0000,0.0000,4.81322,4.86727,5.69041,0.0,1.0000,-11.3339,0.4742,1.0281,208.626,unity
20.6603,-1.00000,0.0000,0.0000,4.80561,4.85951,5.68043,0.0,1.0000,-11.3657,0.4742,0.9364,207.689,unity
20.6803,-1.00000,0.0000,0.0000,4.79795,4.85177,5.67054,0.0,1.0000,-11.3959,0.4742,0.8444,206.753,unity
20.7003,-1.00000,0.0000,0.0000,4.79028,4.84404,5.66077,0.0,1.0000,-11.4246,0.4742,0.7520,205.820,unity
20.7203,-1.00000,0.0000,0.0000,4.78260,4.83633,5.65111,0.0,1.0000,-11.4517,0.4742,0.6594,204.888,unity
20.7403,-1.00000,0.0000,0.0000,4.77490,4.82862,5.64156,0.0,1.0000,-11.4773,0.4742,0.5664,203.959,unity
20.7603,-1.00000,0.0000,0.0000,4.76721,4.82094,5.63214,0.0,1.0000,-11.5013,0.4742,0.4732,203.032,unity
20.7803,-1.00000,0.0000,0.0000,4.75952,4.81326,5.62283,0.0,1.0000,-11.5238,0.4742,0.3798,202.106,unity
20.8003,-1.00000,0.0000,0.0000,4.75183,4.80561,5.61364,0.0,1.0000,-11.5447,0.4742,0.2862,201.183,unity
20.8203,-1.00000,0.0000,0.0000,4.74415,4.79796,5.60456,0.0,1.0000,-11.5641,0.4742,0.1924,200.261,unity
20.8403,-1.00000,0.0000,0.0000,4.73647,4.79033,5.59559,0.0,1.0000,-11.5819,0.4742,0.0984,199.341,unity
20.8603,-1.00000,0.0000,0.0000,4.72881,4.78272,5.58672,0.0,1.0000,-11.5981,0.4742,0.0043,198.423,unity
20.8803,-1.00000,0.0000,0.0000,4.72116,4.77513,5.57795,0.0,1.0000,-11.6129,0.4742,-0.0899,197.507,unity
20.9003,-1.00000,0.0000,0.0000,4.71353,4.76755,5.56926,0.0,1.0000,-11.6260,0.4742,-0.1842,196.592,unity
20.9203,-1.00000,0.0000,0.0000,4.70590,4.75998,5.56066,0.0,1.0000,-11.6377,0.4742,-0.2785,195.678,unity
20.9403,-1.00000,0.0000,0.0000,4.69830,4.75244,5.55214,0.0,1.0000,-11.6478,0.4742,-0.3729,194.766,unity
20.9603,-1.00000,0.0000,0.0000,4.69072,4.74492,5.54368,0.0,1.0000,-11.6564,0.4742,-0.4673,193.855,unity
20.9803,-1.00000,0.0000,0.0000,4.68315,4.73741,5.53529,0.0,1.0000,-11.6634,0.4742,-0.5616,192.946,unity
21.0003,-1.00000,1.0000,0.0000,4.67561,4.72993,5.52695,525.0,1.0000,-11.6689,0.4742,-0.6559,192.038,unity
21.0203,-1.00000,1.0000,0.0000,4.73059,4.78609,6.78709,525.0,1.0000,-11.6729,0.4742,-0.7515,191.123,unity
21.0403,-1.00000,1.0000,0.0000,4.81515,4.87199,6.89967,525.0,1.0000,-11.6753,0.4742,-0.8489,190.189,unity
21.0603,-1.00000,1.0000,0.0000,4.90009,4.95783,7.00794,525.0,1.0000,-11.6762,0.4742,-0.9482,189.238,unity
21.0803,-1.00000,1.0000,0.0000,4.98526,5.04353,7.11603,525.0,1.0000,-11.6753,0.4742,-1.0492,188.267,unity
21.1003,-1.00000,0.0000,0.0000,5.07053,5.12905,7.22435,0.0,1.0000,-11.6728,0.4742,-1.1519,187.279,unity
21.1203,-1.00000,0.0000,0.0000,5.18626,5.24660,3.47231,0.0,1.0000,-11.6682,0.4747,-1.2570,186.268,unity
21.1403,-1.00000,0.0000,0.0000,5.02649,5.08067,8.68970,0.0,1.0000,-11.6627,0.4751,-1.3585,185.299,unity
21.1603,-1.00000,0.0000,0.0000,5.18148,5.23793,3.70097,0.0,1.0000,-11.6551,0.4754,-1.4630,184.288,unity
21.1803,-1.00000,0.0000,0.0000,5.00919,5.06116,8.89193,0.0,1.0000,-11.6464,0.4756,-1.5637,183.308,unity
21.2003,-1.00000,0.0000,0.0000,5.10775,5.15741,8.03404,0.0,1.0000,-11.6362,0.4757,-1.6663,182.297,unity
21.2203,-1.00000,0.0000,0.0000,5.02067,5.07217,8.93811,0.0,1.0000,-11.6241,0.4758,-1.7668,181.334,unity
21.2403,-1.00000,0.0000,0.0000,5.12440,5.17415,4.58922,0.0,1.0000,-11.6104,0.4758,-1.8693,180.339,unity
21.2603,-1.00000,0.0000,0.0000,4.97795,5.02643,8.94746,0.0,1.0000,-11.5954,0.4757,-1.9684,179.381,unity
21.2803,-1.00000,0.0000,0.0000,5.04523,5.09395,6.09955,0.0,1.0000,-11.5785,0.4752,-2.0686,178.412,unity
21.3003,-1.00000,0.0000,0.0000,5.03747,5.08866,5.61359,0.0,1.0000,-11.5596,0.4752,-2.1684,177.437,unity
21.3203,-1.00000,0.0000,0.0000,5.01719,5.06829,6.65550,0.0,1.0000,-11.5391,0.4753,-2.2674,176.473,unity
21.3403,-1.00000,0.0000,0.0000,5.03134,5.08329,5.30163,0.0,1.0000,-11.5167,0.4753,-2.3663,175.493,unity
21.3603,-1.00000,0.0000,0.0000,4.96871,5.01955,8.88550,0.0,1.0000,-11.4930,0.4752,-2.4636,174.549,unity
21.3803,-1.00000,0.0000,0.0000,4.99923,5.05000,6.06896,0.0,1.0000,-11.4677,0.4748,-2.5611,173.586,unity
21.4003,-1.00000,0.0000,0.0000,4.99101,5.04231,5.87442,0.0,1.0000,-11.4406,0.4744,-2.6580,172.624,unity
21.4203,-1.00000,0.0000,0.0000,4.98169,5.03333,5.86345,0.0,1.0000,-11.4120,0.4741,-2.7543,171.662,unity
21.4403,-1.00000,0.0000,0.0000,4.97257,5.02448,5.85407,0.0,1.0000,-11.3817,0.4739,-2.8499,170.703,unity
21.4603,-1.00000,0.0000,0.0000,4.96361,5.01573,5.84465,0.0,1.0000,-11.3499,0.4737,-2.9448,169.745,unity
21.4803,-1.00000,0.0000,0.0000,4.95479,5.00706,5.83520,0.0,1.0000,-11.3165,0.4736,-3.0390,168.788,unity
21.5003,-1.00000,0.0000,0.0000,4.94608,4.99847,5.82575,0.0,1.0000,-11.2816,0.4736,-3.1325,167.833,unity
21.5203,-1.00000,0.0000,0.0000,4.93745,4.98992,5.81632,0.0,1.0000,-11.2451,0.4735,-3.2252,166.880,unity
21.5403,-1.00000,0.0000,0.0000,4.92888,4.98143,5.80691,0.0,1.0000,-11.2072,0.4735,-3.3172,165.928,unity
21.5603,-1.00000,0.0000,0.0000,4.92036,4.97297,5.79755,0.0,1.0000,-11.1678,0.4736,-3.4083,164.978,unity
21.5803,-1.00000,0.0000,0.0000,4.91189,4.96455,5.78822,0.0,1.0000,-11.1270,0.4736,-3.4987,164.029,unity
21.6003,-1.00000,0.0000,0.0000,4.90345,4.95615,5.77894,0.0,1.0000,-11.0848,0.4737,-3.5882,163.081,unity
21.6203,-1.00000,0.0000,0.0000,4.89504,4.94779,5.76971,0.0,1.0000,-11.0411,0.4737,-3.6768,162.135,unity
21.6403,-1.00000,0.0000,0.0000,4.88665,4.93945,5.76052,0.0,1.0000,-10.9960,0.4738,-3.7646,161.190,unity
21.6603,-1.00000,0.0000,0.0000,4.87830,4.93114,5.75137,0.0,1.0000,-10.9496,0.4738,-3.8515,160.247,unity
21.6803,-1.00000,0.0000,0.0000,4.86996,4.92286,5.74227,0.0,1.0000,-10.9018,0.4739,-3.9374,159.305,unity
21.7003,-1.00000,0.0000,0.0000,4.86166,4.91461,5.73321,0.0,1.0000,-10.8526,0.4740,-4.0224,158.364,unity
21.7203,-1.00000,0.0000,0.0000,4.85337,4.90638,5.72418,0.0,1.0000,-10.8022,0.4740,-4.1064,157.425,unity
21.7403,-1.00000,0.0000,0.0000,4.84512,4.89818,5.71519,0.0,1.0000,-10.7504,0.4740,-4.1895,156.487,unity
21.7603,-1.00000,0.0000,0.0000,4.83689,4.89001,5.70623,0.0,1.0000,-10.6974,0.4741,-4.2715,155.550,unity
21.7803,-1.00000,0.0000,0.0000,4.82869,4.88188,5.69731,0.0,1.0000,-10.6431,0.4741,-4.3525,154.615,unity
21.8003,-1.00000,0.0000,0.0000,4.82052,4.87378,5.68841,0.0,1.0000,-10.5876,0.4741,-4.4325,153.681,unity
21.8203,-1.00000,0.0000,0.0000,4.81239,4.86570,5.67954,0.0,1.0000,-10.5308,0.4742,-4.5114,152.748,unity
21.8403,-1.00000,0.0000,0.0000,4.80429,4.85767,5.67070,0.0,1.0000,-10.4729,0.4742,-4.5893,151.817,unity
21.8603,-1.00000,0.0000,0.0000,4.79621,4.84966,5.66188,0.0,1.0000,-10.4138,0.4742,-4.6660,150.887,unity
21.8803,-1.00000,0.0000,0.0000,4.78818,4.84169,5.65308,0.0,1.0000,-10.3535,0.4742,-4.7417,149.958,unity
21.9003,-1.00000,1.0000,0.0000,4.78018,4.83376,5.64431,525.0,1.0000,-10.2921,0.4742,-4.8162,149.031,unity
21.9203,-1.00000,1.0000,0.0000,4.83416,4.88891,6.91954,525.0,1.0000,-10.2286,0.4742,-4.8906,148.096,unity
21.9403,-1.00000,1.0000,0.0000,4.91827,4.97434,7.03381,525.0,1.0000,-10.1627,0.4742,-4.9651,147.143,unity
21.9603,-1.00000,0.0000,0.0000,5.00279,5.05974,7.14188,0.0,1.0000,-10.0944,0.4742,-5.0399,146.172,unity
21.9803,-1.00000,0.0000,0.0000,5.11787,5.17721,3.35971,0.0,1.0000,-10.0229,0.4748,-5.1151,145.178,unity
22.0003,-1.00000,0.0000,0.0000,4.96043,5.01422,8.48236,0.0,1.0000,-9.9531,0.4752,-5.1870,144.226,unity
22.0203,-1.00000,0.0000,0.0000,5.01395,5.06720,6.03069,0.0,1.0000,-9.8813,0.4750,-5.2585,143.248,unity
22.0403,-1.00000,0.0000,0.0000,5.00938,5.06391,5.67991,0.0,1.0000,-9.8083,0.4753,-5.3286,142.268,unity
22.0603,-1.00000,0.0000,0.0000,4.99103,5.04470,6.35359,0.0,1.0000,-9.7345,0.4755,-5.3973,141.298,unity
22.0803,-1.00000,0.0000,0.0000,4.99216,5.04438,5.90464,0.0,1.0000,-9.6597,0.4751,-5.4648,140.325,unity
22.1003,-1.00000,0.0000,0.0000,4.98367,5.03594,5.87965,0.0,1.0000,-9.5838,0.4748,-5.5308,139.354,unity
22.1203,-1.00000,0.0000,0.0000,4.97503,5.02734,5.86880,0.0,1.0000,-9.5070,0.4746,-5.5955,138.385,unity
22.1403,-1.00000,0.0000,0.0000,4.96643,5.01880,5.85815,0.0,1.0000,-9.4293,0.4744,-5.6587,137.418,unity
22.1603,-1.00000,0.0000,0.0000,4.95790,5.01031,5.84758,0.0,1.0000,-9.3506,0.4742,-5.7204,136.454,unity
22.1803,-1.00000,0.0000,0.0000,4.94941,5.00187,5.83710,0.0,1.0000,-9.2710,0.4741,-5.7807,135.492,unity
22.2003,-1.00000,0.0000,0.0000,4.94097,4.99347,5.82672,0.0,1.0000,-9.1906,0.4740,-5.8396,134.532,unity
22.2203,-1.00000,0.0000,0.0000,4.93256,4.98510,5.81644,0.0,1.0000,-9.1093,0.4739,-5.8970,133.575,unity
22.2403,-1.00000,0.0000,0.0000,4.92419,4.97676,5.80628,0.0,1.0000,-9.0272,0.4739,-5.9529,132.620,unity
22.2603,-1.00000,0.0000,0.0000,4.91584,4.96845,5.79624,0.0,1.0000,-8.9443,0.4739,-6.0074,131.667,unity
22.2803,-1.00000,0.0000,0.0000,4.90752,4.96017,5.78631,0.0,1.0000,-8.8607,0.4739,-6.0603,130.716,unity
22.3003,-1.00000,0.0000,0.0000,4.89922,4.95191,5.77650,0.0,1.0000,-8.7763,0.4739,-6.1118,129.766,unity
22.3203,-1.00000,0.0000,0.0000,4.89093,4.94366,5.76680,0.0,1.0000,-8.6912,0.4739,-6.1618,128.819,unity
22.3403,-1.00000,0.0000,0.0000,4.88266,4.93544,5.75721,0.0,1.0000,-8.6054,0.4739,-6.2103,127.874,unity
22.3603,-1.00000,0.0000,0.0000,4.87441,4.92723,5.74773,0.0,1.0000,-8.5190,0.4739,-6.2573,126.930,unity
22.3803,-1.00000,0.0000,0.0000,4.86618,4.91905,5.73834,0.0,1.0000,-8.4319,0.4740,-6.3027,125.988,unity
22.4003,-1.00000,0.0000,0.0000,4.85795,4.91088,5.72905,0.0,1.0000,-8.3442,0.4740,-6.3467,125.048,unity
22.4203,-1.00000,0.0000,0.0000,4.84975,4.90273,5.71985,0.0,1.0000,-8.2560,0.4740,-6.3891,124.109,unity
22.4403,-1.00000,0.0000,0.0000,4.84156,4.89461,5.71072,0.0,1.0000,-8.1672,0.4740,-6.4300,123.172,unity
22.4603,-1.00000,0.0000,0.0000,4.83339,4.88650,5.70166,0.0,1.0000,-8.0779,0.4741,-6.4694,122.237,unity
22.4803,-1.00000,0.0000,0.0000,4.82525,4.87842,5.69268,0.0,1.0000,-7.9881,0.4741,-6.5072,121.302,unity
22.5003,-1.00000,1.0000,0.0000,4.81712,4.87036,5.68375,525.0,1.0000,-7.8979,0.4741,-6.5435,120.369,unity
22.5203,-1.00000,1.0000,0.0000,4.87076,4.92516,6.97521,525.0,1.0000,-7.8059,0.4741,-6.5786,119.429,unity
22.5403,-1.00000,1.0000,0.0000,4.95470,5.01042,7.09004,525.0,1.0000,-7.7117,0.4741,-6.6128,118.471,unity
22.5603,-1.00000,1.0000,0.0000,5.03907,5.09567,7.19708,525.0,1.0000,-7.6152,0.4742,-6.6459,117.495,unity
22.5803,-1.00000,0.0000,0.0000,5.15177,5.21074,6.45313,0.0,1.0000,-7.5158,0.4747,-6.6778,116.496,unity
22.6003,-1.00000,0.0000,0.0000,5.15001,5.20699,5.46482,0.0,1.0000,-7.4161,0.4752,-6.7083,115.480,unity
22.6203,-1.00000,0.0000,0.0000,5.14841,5.20339,7.38300,0.0,1.0000,-7.3161,0.4755,-6.7372,114.501,unity
22.6403,-1.00000,0.0000,0.0000,5.11027,5.16432,8.44104,0.0,1.0000,-7.2164,0.4756,-6.7642,113.447,unity
22.6603,-1.00000,0.0000,0.0000,5.13738,5.19106,9.00198,0.0,0.9980,-7.1158,0.4757,-6.7897,112.506,unity
22.6803,-1.00000,0.0000,0.0000,5.12813,5.17997,8.85581,0.0,1.0000,-7.0151,0.4758,-6.8136,111.455,unity
22.7003,-1.00000,0.0000,0.0000,5.05961,5.10759,9.11743,0.0,0.8826,-6.9156,0.4758,-6.8359,110.510,unity
22.7203,-1.00000,0.0000,0.0000,5.13460,5.18635,9.16480,0.0,0.8352,-6.8141,0.4757,-6.8563,109.474,unity
22.7403,-1.00000,0.0000,0.0000,5.07159,5.11991,9.13841,0.0,0.8616,-6.7136,0.4757,-6.8752,108.538,unity
22.7603,-1.00000,0.0000,0.0000,5.10614,5.15564,7.77972,0.0,1.0000,-6.6121,0.4756,-6.8922,107.514,unity
22.7803,-1.00000,0.0000,0.0000,5.06519,5.11277,9.06562,0.0,0.9344,-6.5113,0.4755,-6.9078,106.593,unity
22.8003,-1.00000,0.0000,0.0000,5.12929,5.17974,5.83029,0.0,1.0000,-6.4088,0.4754,-6.9214,105.586,unity
22.8203,-1.00000,0.0000,0.0000,5.05525,5.10230,9.03098,0.0,0.9690,-6.3077,0.4753,-6.9336,104.670,unity
22.8403,-1.00000,0.0000,0.0000,5.14158,5.19281,4.22284,0.0,1.0000,-6.2045,0.4752,-6.9437,103.677,unity
22.8603,-1.00000,0.0000,0.0000,4.99091,5.03960,9.00063,0.0,0.9994,-6.1044,0.4752,-6.9520,102.725,unity
22.8803,-1.00000,0.0000,0.0000,5.04455,5.09301,6.11683,0.0,1.0000,-6.0030,0.4747,-6.9588,101.758,unity
22.9003,-1.00000,0.0000,0.0000,5.03702,5.08806,5.61055,0.0,1.0000,-5.9015,0.4747,-6.9634,100.786,unity
22.9203,-1.00000,0.0000,0.0000,5.01661,5.06761,6.72704,0.0,1.0000,-5.8004,0.4748,-6.9664,99.826,unity
22.9403,-1.00000,0.0000,0.0000,5.02945,5.08142,5.27681,0.0,1.0000,-5.6990,0.4749,-6.9675,98.847,unity
22.9603,-1.00000,0.0000,0.0000,4.97678,5.02746,8.88562,0.0,1.0000,-5.5987,0.4749,-6.9670,97.912,unity
22.9803,-1.00000,0.0000,0.0000,4.99874,5.04944,6.06511,0.0,1.0000,-5.4979,0.4745,-6.9650,96.952,unity
23.0003,-1.00000,0.0000,0.0000,4.99038,5.04164,5.87155,0.0,1.0000,-5.3973,0.4741,-6.9611,95.991,unity
23.0203,-1.00000,0.0000,0.0000,4.98092,5.03256,5.86103,0.0,1.0000,-5.2969,0.4739,-6.9555,95.032,unity
23.0403,-1.00000,0.0000,0.0000,4.97167,5.02360,5.85207,0.0,1.0000,-5.1969,0.4737,-6.9482,94.074,unity
23.0603,-1.00000,0.0000,0.0000,4.96261,5.01475,5.84302,0.0,1.0000,-5.0971,0.4736,-6.9392,93.117,unity
23.0803,-1.00000,0.0000,0.0000,4.95369,5.00599,5.83388,0.0,1.0000,-4.9977,0.4735,-6.9285,92.161,unity
23.1003,-1.00000,0.0000,0.0000,4.94490,4.99731,5.82470,0.0,1.0000,-4.8987,0.4735,-6.9162,91.206,unity
23.1203,-1.00000,0.0000,0.0000,4.93619,4.98870,5.81548,0.0,1.0000,-4.8000,0.4735,-6.9022,90.253,unity
23.1403,-1.00000,0.0000,0.0000,4.92756,4.98014,5.80624,0.0,1.0000,-4.7018,0.4735,-6.8866,89.301,unity
23.1603,-1.00000,0.0000,0.0000,4.91899,4.97163,5.79699,0.0,1.0000,-4.6040,0.4736,-6.8694,88.350,unity
23.1803,-1.00000,0.0000,0.0000,4.91048,4.96317,5.78774,0.0,1.0000,-4.5066,0.4736,-6.8506,87.401,unity
23.2003,-1.00000,0.0000,0.0000,4.90201,4.95474,5.77850,0.0,1.0000,-4.4098,0.4737,-6.8302,86.453,unity
23.2203,-1.00000,0.0000,0.0000,4.89358,4.94635,5.76928,0.0,1.0000,-4.3134,0.4737,-6.8082,85.506,unity
23.2403,-1.00000,0.0000,0.0000,4.88518,4.93800,5.76008,0.0,1.0000,-4.2176,0.4738,-6.7847,84.561,unity
23.2603,-1.00000,0.0000,0.0000,4.87681,4.92968,5.75090,0.0,1.0000,-4.1224,0.4739,-6.7596,83.617,unity
23.2803,-1.00000,0.0000,0.0000,4.86848,4.92139,5.74175,0.0,1.0000,-4.0278,0.4739,-6.7329,82.674,unity
23.3003,-1.00000,1.0000,0.0000,4.86018,4.91314,5.73262,525.0,1.0000,-3.9337,0.4740,-6.7048,81.733,unity
23.3203,-1.00000,1.0000,0.0000,4.91340,4.96750,7.02818,525.0,1.0000,-3.8391,0.4740,-6.6747,80.784,unity
23.3403,-1.00000,1.0000,0.0000,4.99716,5.05256,7.14398,525.0,1.0000,-3.7434,0.4741,-6.6423,79.818,unity
23.3603,-1.00000,1.0000,0.0000,5.08136,5.13762,7.25122,525.0,1.0000,-3.6465,0.4741,-6.6077,78.833,unity
23.3803,-1.00000,0.0000,0.0000,5.19392,5.25256,6.51165,0.0,1.0000,-3.5481,0.4747,-6.5704,77.826,unity
23.4003,-1.00000,0.0000,0.0000,5.19266,5.24929,5.49982,0.0,1.0000,-3.4504,0.4751,-6.5316,76.802,unity
23.4204,-1.00000,0.0000,0.0000,5.18928,5.24385,7.44566,0.0,1.0000,-3.3535,0.4755,-6.4915,75.815,unity
23.4404,-1.00000,0.0000,0.0000,5.15318,5.20689,8.62168,0.0,1.0000,-3.2580,0.4757,-6.4500,74.751,unity
23.4604,-1.00000,0.0000,0.0000,5.17622,5.22930,9.03297,0.0,0.9670,-3.1628,0.4758,-6.4068,73.801,unity
23.4804,-1.00000,0.0000,0.0000,5.16633,5.21750,9.06234,0.0,0.9377,-3.0686,0.4758,-6.3622,72.740,unity
23.5004,-1.00000,0.0000,0.0000,5.10911,5.15711,9.13960,0.0,0.8604,-2.9761,0.4758,-6.3170,71.788,unity
23.5204,-1.00000,0.0000,0.0000,5.18508,5.23678,9.01289,0.0,0.9871,-2.8832,0.4758,-6.2690,70.746,unity
23.5404,-1.00000,0.0000,0.0000,5.12297,5.17117,9.15643,0.0,0.8436,-2.7921,0.4757,-6.2205,69.805,unity
23.5604,-1.00000,0.0000,0.0000,5.10500,5.15243,9.28387,0.0,0.7161,-2.7022,0.4756,-6.1706,68.759,unity
23.5804,-1.00000,0.0000,0.0000,5.12497,5.17472,9.06491,0.0,0.9351,-2.6129,0.4755,-6.1187,67.832,unity
23.6004,-1.00000,0.0000,0.0000,5.12926,5.17814,7.99114,0.0,1.0000,-2.5244,0.4754,-6.0653,66.806,unity
23.6204,-1.00000,0.0000,0.0000,5.09404,5.14141,9.02002,0.0,0.9800,-2.4373,0.4753,-6.0111,65.885,unity
23.6404,-1.00000,0.0000,0.0000,5.13776,5.18718,6.31183,0.0,1.0000,-2.3506,0.4753,-5.9546,64.872,unity
23.6604,-1.00000,0.0000,0.0000,5.05599,5.10140,9.88788,0.0,0.1121,-2.2659,0.4752,-5.8982,63.954,unity
23.6804,-1.00000,0.0000,0.0000,5.14150,5.19120,4.24434,0.0,1.0000,-2.1810,0.4751,-5.8387,62.958,unity
23.7004,-1.00000,0.0000,0.0000,4.97225,5.01922,8.95212,0.0,1.0000,-2.0999,0.4751,-5.7801,61.996,unity
23.7204,-1.00000,0.0000,0.0000,5.06754,5.11638,6.13090,0.0,1.0000,-2.0182,0.4746,-5.7188,61.033,unity
23.7404,-1.00000,0.0000,0.0000,5.06074,5.11213,5.67740,0.0,1.0000,-1.9379,0.4747,-5.6558,60.064,unity
23.7604,-1.00000,0.0000,0.0000,5.03580,5.08680,6.71124,0.0,1.0000,-1.8590,0.4747,-5.5918,59.102,unity
23.7804,-1.00000,0.0000,0.0000,5.06468,5.11740,5.47006,0.0,1.0000,-1.7809,0.4748,-5.5259,58.127,unity
23.8004,-1.00000,0.0000,0.0000,4.94565,4.99417,9.68070,0.0,0.3193,-1.7055,0.4749,-5.4608,57.171,unity
23.8204,-1.00000,0.0000,0.0000,5.01956,5.07037,6.07836,0.0,1.0000,-1.6302,0.4744,-5.3932,56.210,unity
23.8404,-1.00000,0.0000,0.0000,5.01619,5.06934,5.69188,0.0,1.0000,-1.5562,0.4746,-5.3240,55.245,unity
23.8604,-1.00000,0.0000,0.0000,4.98227,5.03384,6.62299,0.0,1.0000,-1.4838,0.4747,-5.2543,54.286,unity
23.8804,-1.00000,0.0000,0.0000,4.99439,5.04601,5.90162,0.0,1.0000,-1.4124,0.4744,-5.1832,53.325,unity
23.9004,-1.00000,0.0000,0.0000,4.98517,5.03709,5.86748,0.0,1.0000,-1.3423,0.4741,-5.1109,52.365,unity
23.9204,-1.00000,0.0000,0.0000,4.97597,5.02812,5.85829,0.0,1.0000,-1.2736,0.4739,-5.0377,51.405,unity
23.9404,-1.00000,0.0000,0.0000,4.96693,5.01925,5.84926,0.0,1.0000,-1.2063,0.4737,-4.9634,50.447,unity
23.9604,-1.00000,0.0000,0.0000,4.95802,5.01047,5.84013,0.0,1.0000,-1.1403,0.4736,-4.8881,49.490,unity
23.9804,-1.00000,0.0000,0.0000,4.94923,5.00177,5.83093,0.0,1.0000,-1.0758,0.4736,-4.8118,48.533,unity
24.0004,-1.00000,0.0000,0.0000,4.94053,4.99314,5.82167,0.0,1.0000,-1.0127,0.4735,-4.7345,47.579,unity
24.0204,-1.00000,1.0000,0.0000,4.93190,4.98456,5.81237,525.0,1.0000,-0.9509,0.4736,-4.6564,46.625,unity
24.0404,-1.00000,1.0000,0.0000,4.98464,5.03843,7.11772,525.0,1.0000,-0.8899,0.4736,-4.5763,45.664,unity
24.0604,-1.00000,1.0000,0.0000,5.06806,5.12312,7.23630,525.0,1.0000,-0.8293,0.4736,-4.4937,44.686,unity
24.0804,-1.00000,1.0000,0.0000,5.17979,5.23762,6.47820,525.0,1.0000,-0.7689,0.4743,-4.4079,43.684,unity
24.1004,-1.00000,0.0000,0.0000,5.17788,5.23390,8.50784,0.0,1.0000,-0.7099,0.4747,-4.3213,42.666,unity
24.1204,-1.00000,0.0000,0.0000,5.36656,5.42386,3.70592,0.0,1.0000,-0.6503,0.4751,-4.2304,41.632,unity
24.1404,-1.00000,0.0000,0.0000,5.21503,5.26725,8.83633,0.0,1.0000,-0.5936,0.4754,-4.1416,40.639,unity
24.1604,-1.00000,0.0000,0.0000,5.30240,5.35329,6.13457,0.0,1.0000,-0.5373,0.4755,-4.0505,39.595,unity
24.1804,-1.00000,0.0000,0.0000,5.19390,5.24494,9.03051,0.0,0.9695,-0.4840,0.4756,-3.9603,38.597,unity
24.2004,-1.00000,0.0000,0.0000,5.29647,5.34516,5.55694,0.0,1.0000,-0.4309,0.4756,-3.8676,37.566,unity
24.2204,-1.00000,0.0000,0.0000,5.17998,5.22864,9.06805,0.0,0.9320,-0.3807,0.4756,-3.7761,36.580,unity
24.2404,-1.00000,0.0000,0.0000,5.25976,5.30532,9.85047,0.0,0.1495,-0.3309,0.4756,-3.6826,35.557,unity
24.2604,-1.00000,0.0000,0.0000,5.18923,5.23723,9.01798,0.0,0.9820,-0.2838,0.4755,-3.5894,34.592,unity
24.2804,-1.00000,0.0000,0.0000,5.18721,5.23307,10.06840,0.0,0.0000,-0.2381,0.4755,-3.4955,33.543,unity
24.3004,-1.00000,0.0000,0.0000,5.20239,5.24999,9.01579,0.0,0.9842,-0.1940,0.4754,-3.4004,32.609,unity
24.3204,-1.00000,0.0000,0.0000,5.20055,5.24688,9.01247,0.0,0.9875,-0.1516,0.4753,-3.3047,31.579,unity
24.3404,-1.00000,0.0000,0.0000,5.13269,5.18174,8.98589,0.0,1.0000,-0.1117,0.4753,-3.2094,30.612,unity
24.3604,-1.00000,0.0000,0.0000,5.22377,5.27045,7.58034,0.0,1.0000,-0.0724,0.4752,-3.1118,29.610,unity
24.3804,-1.00000,0.0000,0.0000,5.15844,5.20772,8.91276,0.0,1.0000,-0.0356,0.4751,-3.0146,28.662,unity
24.4004,-1.00000,0.0000,0.0000,5.18894,5.23728,5.31142,0.0,1.0000,-0.0001,0.4751,-2.9163,27.641,unity
24.4204,-1.00000,0.0000,0.0000,5.11102,5.15733,8.93312,0.0,1.0000,0.0334,0.4750,-2.8190,26.709,unity
24.4404,-1.00000,0.0000,0.0000,5.20212,5.25250,5.47912,0.0,1.0000,0.0653,0.4750,-2.7191,25.696,unity
24.4604,-1.00000,0.0000,0.0000,5.12859,5.17604,8.96585,0.0,1.0000,0.0955,0.4750,-2.6203,24.767,unity
24.4804,-1.00000,0.0000,0.0000,5.12740,5.17442,7.89459,0.0,1.0000,0.1240,0.4750,-2.5210,23.751,unity
24.5004,-1.00000,0.0000,0.0000,5.10013,5.14985,8.90509,0.0,1.0000,0.1503,0.4750,-2.4216,22.825,unity
24.5204,-1.00000,0.0000,0.0000,5.10447,5.15327,8.44283,0.0,1.0000,0.1750,0.4749,-2.3218,21.796,unity
24.5404,-1.00000,0.0000,0.0000,5.06467,5.11197,8.93204,0.0,1.0000,0.1981,0.4749,-2.2224,20.875,unity
24.5604,-1.00000,0.0000,0.0000,5.10896,5.15897,8.33524,0.0,1.0000,0.2193,0.4749,-2.1215,19.857,unity
24.5804,-1.00000,0.0000,0.0000,5.03581,5.08195,8.95413,0.0,1.0000,0.2391,0.4749,-2.0220,18.935,unity
24.6004,-1.00000,0.0000,0.0000,5.09970,5.15035,7.78295,0.0,1.0000,0.2567,0.4749,-1.9206,17.931,unity
24.6204,-1.00000,0.0000,0.0000,5.03615,5.08368,8.94884,0.0,1.0000,0.2730,0.4749,-1.8204,17.025,unity
24.6404,-1.00000,1.0000,0.0000,5.10115,5.15118,5.33355,525.0,1.0000,0.2874,0.4749,-1.7185,16.030,unity
24.6604,-1.00000,1.0000,0.0000,5.00119,5.04739,12.11078,0.0,0.0000,0.3003,0.4749,-1.6186,15.114,unity
24.6804,-1.00000,1.0000,0.0000,5.09917,5.14905,7.25270,525.0,1.0000,0.3114,0.4749,-1.5162,14.124,unity
24.7004,-1.00000,1.0000,0.0000,5.17476,5.22945,12.35670,0.0,0.0000,0.3202,0.4749,-1.4120,13.176,unity
24.7204,-1.00000,0.0000,0.0000,5.11386,5.16507,10.24639,0.0,0.0000,0.3275,0.4749,-1.3090,12.127,unity
24.7404,-1.00000,0.0000,0.0000,5.19863,5.24979,9.17598,0.0,0.8240,0.3333,0.4750,-1.2041,11.153,unity
24.7604,-1.00000,0.0000,0.0000,5.10824,5.15956,9.70801,0.0,0.2920,0.3370,0.4750,-1.1011,10.140,unity
24.7804,-1.00000,0.0000,0.0000,5.22868,5.27938,9.04142,0.0,0.9586,0.3392,0.4750,-0.9955,9.185,unity
24.8004,-1.00000,0.0000,0.0000,5.14329,5.19449,9.64877,0.0,0.3512,0.3395,0.4750,-0.8917,8.188,unity
24.8204,-1.00000,0.0000,0.0000,5.18107,5.22880,8.99253,0.0,1.0000,0.3385,0.4750,-0.7872,7.223,unity
24.8404,-1.00000,0.0000,0.0000,5.13474,5.18558,9.60676,0.0,0.3932,0.3353,0.4750,-0.6837,6.228,unity
24.8604,-1.00000,0.0000,0.0000,5.13376,5.17977,8.95728,0.0,1.0000,0.3310,0.4750,-0.5803,5.255,unity
24.8804,-1.00000,0.0000,0.0000,5.11115,5.16309,9.57090,0.0,0.4291,0.3240,0.4750,-0.4775,4.253,unity
24.9004,-1.00000,0.0000,0.0000,5.14785,5.19462,8.95281,0.0,1.0000,0.3161,0.4750,-0.3740,3.294,unity
24.9204,-1.00000,0.0000,0.0000,5.07536,5.12482,9.54552,0.0,0.4545,0.3059,0.4750,-0.2723,2.298,unity
24.9404,-1.00000,0.0000,0.0000,5.15589,5.20296,8.89455,0.0,1.0000,0.2944,0.4750,-0.1690,1.351,unity
24.9604,-1.00000,0.0000,0.0000,5.04670,5.09373,9.98836,0.0,0.0116,0.2813,0.4750,-0.0682,0.365,unity
24.9804,-1.00000,0.0000,0.0000,5.07880,5.12652,8.82001,0.0,1.0000,0.2663,0.4750,0.0331,359.387,unity
25.0004,-1.00000,0.0000,0.0000,5.08270,5.13080,9.45096,0.0,0.5490,0.2495,0.4750,0.1341,358.434,unity
25.0204,-1.00000,0.0000,0.0000,5.11070,5.15954,8.74094,0.0,1.0000,0.2309,0.4750,0.2355,357.477,unity
25.0404,-1.00000,0.0000,0.0000,5.01322,5.06317,9.36954,0.0,0.6305,0.2106,0.4750,0.3345,356.480,unity
25.0604,-1.00000,0.0000,0.0000,5.07976,5.12673,8.79628,0.0,1.0000,0.1889,0.4750,0.4345,355.535,unity
25.0804,-1.00000,0.0000,0.0000,4.99676,5.04656,9.34022,0.0,0.6598,0.1654,0.4750,0.5325,354.549,unity
25.1004,-1.00000,0.0000,0.0000,5.04193,5.09003,5.86629,0.0,1.0000,0.1403,0.4745,0.6310,353.583,unity
25.1204,-1.00000,0.0000,0.0000,5.03167,5.08215,6.02471,0.0,1.0000,0.1132,0.4746,0.7288,352.617,unity
25.1404,-1.00000,1.0000,0.0000,5.01458,5.06578,6.42133,525.0,1.0000,0.0844,0.4747,0.8258,351.653,unity
25.1604,-1.00000,1.0000,0.0000,5.02378,5.07474,9.16991,435.8,0.8301,0.0540,0.4748,0.9225,350.686,unity
25.1804,-1.00000,1.0000,0.0000,5.20396,5.25777,6.73352,525.0,1.0000,0.0206,0.4749,1.0223,349.708,unity
25.2004,-1.00000,1.0000,0.0000,5.08553,5.13662,13.28665,0.0,0.0000,-0.0136,0.4749,1.1191,348.673,unity
25.2204,-1.00000,0.0000,0.0000,5.24468,5.29768,8.04350,0.0,1.0000,-0.0507,0.4750,1.2184,347.619,unity
25.2404,-1.00000,0.0000,0.0000,5.26778,5.32085,9.24461,0.0,0.7554,-0.0897,0.4750,1.3175,346.682,unity
25.2604,-1.00000,0.0000,0.0000,5.28169,5.33304,4.48219,0.0,1.0000,-0.1302,0.4750,1.4162,345.643,unity
25.2804,-1.00000,0.0000,0.0000,5.15660,5.20515,9.01918,0.0,0.9808,-0.1711,0.4750,1.5118,344.664,unity
25.3004,-1.00000,0.0000,0.0000,5.33317,5.38434,4.07691,0.0,1.0000,-0.2154,0.4750,1.6100,343.658,unity
25.3204,-1.00000,0.0000,0.0000,5.17940,5.22744,9.02994,0.0,0.9701,-0.2596,0.4750,1.7045,342.692,unity
25.3404,-1.00000,0.0000,0.0000,5.19706,5.24492,8.11737,0.0,1.0000,-0.3058,0.4750,1.7985,341.634,unity
25.3604,-1.00000,0.0000,0.0000,5.21106,5.25997,9.08003,0.0,0.9200,-0.3537,0.4750,1.8920,340.692,unity
25.3804,-1.00000,0.0000,0.0000,5.20686,5.25494,7.27409,0.0,1.0000,-0.4031,0.4750,1.9845,339.647,unity
25.4004,-1.00000,0.0000,0.0000,5.14823,5.19347,9.06797,0.0,0.9320,-0.4531,0.4750,2.0753,338.704,unity
25.4204,-1.00000,0.0000,0.0000,5.24312,5.29246,4.50882,0.0,1.0000,-0.5063,0.4750,2.1667,337.685,unity
25.4404,-1.00000,0.0000,0.0000,5.12705,5.17383,9.04043,0.0,0.9596,-0.5594,0.4750,2.2551,336.726,unity
25.4604,-1.00000,0.0000,0.0000,5.18358,5.23054,6.34425,0.0,1.0000,-0.6147,0.4750,2.3437,335.709,unity
25.4804,-1.00000,0.0000,0.0000,5.11873,5.16777,8.95346,0.0,1.0000,-0.6711,0.4750,2.4300,334.758,unity
25.5004,-1.00000,0.0000,0.0000,5.22125,5.26903,4.36448,0.0,1.0000,-0.7299,0.4750,2.5173,333.769,unity
25.5204,-1.00000,0.0000,0.0000,5.08372,5.13010,8.90089,0.0,1.0000,-0.7884,0.4750,2.6013,332.820,unity
25.5404,-1.00000,0.0000,0.0000,5.15468,5.20514,8.39393,0.0,1.0000,-0.8498,0.4750,2.6851,331.793,unity
25.5604,-1.00000,0.0000,0.0000,5.09608,5.14346,8.96365,0.0,1.0000,-0.9115,0.4750,2.7672,330.868,unity
25.5804,-1.00000,0.0000,0.0000,5.08646,5.13356,8.02387,0.0,1.0000,-0.9745,0.4750,2.8480,329.839,unity
25.6004,-1.00000,0.0000,0.0000,5.11278,5.16202,8.92681,0.0,1.0000,-1.0393,0.4750,2.9281,328.926,unity
25.6204,-1.00000,0.0000,0.0000,5.10724,5.15591,6.63544,0.0,1.0000,-1.1055,0.4750,3.0070,327.914,unity
25.6404,-1.00000,0.0000,0.0000,5.05223,5.09853,8.92438,0.0,1.0000,-1.1718,0.4750,3.0842,327.003,unity
25.6604,-1.00000,0.0000,0.0000,5.14750,5.19795,4.20890,0.0,1.0000,-1.2413,0.4750,3.1614,326.011,unity
25.6804,-1.00000,0.0000,0.0000,5.00420,5.05218,8.94459,0.0,1.0000,-1.3099,0.4750,3.2353,325.059,unity
25.7004,-1.00000,0.0000,0.0000,5.10337,5.15065,7.03523,0.0,1.0000,-1.3809,0.4750,3.3098,324.083,unity
25.7204,-1.00000,0.0000,0.0000,5.03140,5.08166,8.84716,0.0,1.0000,-1.4526,0.4750,3.3817,323.164,unity
25.7404,-1.00000,0.0000,0.0000,5.06796,5.11717,5.61645,0.0,1.0000,-1.5258,0.4750,3.4530,322.161,unity
25.7604,-1.00000,0.0000,0.0000,4.99088,5.03716,8.90052,0.0,1.0000,-1.5988,0.4750,3.5222,321.252,unity
25.7804,-1.00000,0.0000,0.0000,5.01458,5.06326,6.06248,0.0,1.0000,-1.6735,0.4745,3.5904,320.292,unity
25.8004,-1.00000,0.0000,0.0000,5.00615,5.05748,5.55083,0.0,1.0000,-1.7496,0.4746,3.6568,319.326,unity
25.8204,-1.00000,0.0000,0.0000,4.99036,5.04143,6.60477,0.0,1.0000,-1.8265,0.4747,3.7219,318.375,unity
25.8404,-1.00000,0.0000,0.0000,4.98648,5.03722,5.88880,0.0,1.0000,-1.9044,0.4744,3.7856,317.416,unity
25.8604,-1.00000,0.0000,0.0000,4.97690,5.02816,5.85633,0.0,1.0000,-1.9832,0.4741,3.8478,316.457,unity
25.8804,-1.00000,0.0000,0.0000,4.96741,5.01907,5.84735,0.0,1.0000,-2.0630,0.4738,3.9085,315.498,unity
25.9004,-1.00000,0.0000,0.0000,4.95816,5.01012,5.83847,0.0,1.0000,-2.1437,0.4737,3.9678,314.542,unity
25.9204,-1.00000,0.0000,0.0000,4.94910,5.00129,5.82945,0.0,1.0000,-2.2252,0.4736,4.0255,313.586,unity
25.9404,-1.00000,0.0000,0.0000,4.94020,4.99256,5.82034,0.0,1.0000,-2.3076,0.4735,4.0818,312.631,unity
25.9604,-1.00000,0.0000,0.0000,4.93143,4.98391,5.81115,0.0,1.0000,-2.3907,0.4735,4.1365,311.678,unity
25.9804,-1.00000,0.0000,0.0000,4.92276,4.97534,5.80191,0.0,1.0000,-2.4746,0.4735,4.1898,310.726,unity
26.0004,-1.00000,0.0000,0.0000,4.91418,4.96683,5.79265,0.0,1.0000,-2.5593,0.4736,4.2415,309.775,unity
26.0204,-1.00000,1.0000,0.0000,4.90566,4.95837,5.78336,525.0,1.0000,-2.6447,0.4736,4.2917,308.826,unity
26.0404,-1.00000,1.0000,0.0000,4.95857,5.01241,7.08536,525.0,1.0000,-2.7319,0.4737,4.3410,307.869,unity
26.0604,-1.00000,1.0000,0.0000,5.04211,5.09724,7.20336,525.0,1.0000,-2.8216,0.4737,4.3896,306.895,unity
26.0804,-1.00000,0.0000,0.0000,5.15413,5.21207,6.43490,0.0,1.0000,-2.9143,0.4744,4.4375,305.897,unity
26.1004,-1.00000,0.0000,0.0000,5.15135,5.20746,5.49834,0.0,1.0000,-3.0076,0.4749,4.4839,304.884,unity
26.1204,-1.00000,0.0000,0.0000,5.15186,5.20638,7.27215,0.0,1.0000,-3.1016,0.4752,4.5289,303.907,unity
26.1404,-1.00000,0.0000,0.0000,5.10174,5.15476,8.60474,0.0,1.0000,-3.1952,0.4755,4.5718,302.853,unity
26.1604,-1.00000,0.0000,0.0000,5.13365,5.18710,9.05846,0.0,0.9415,-3.2902,0.4756,4.6135,301.916,unity
26.1804,-1.00000,0.0000,0.0000,5.12495,5.17648,9.07471,0.0,0.9253,-3.3856,0.4757,4.6535,300.866,unity
26.2004,-1.00000,0.0000,0.0000,5.06136,5.10952,9.11933,0.0,0.8807,-3.4801,0.4757,4.6918,299.923,unity
26.2204,-1.00000,0.0000,0.0000,5.14507,5.19699,8.56884,0.0,1.0000,-3.5772,0.4757,4.7286,298.894,unity
26.2404,-1.00000,0.0000,0.0000,5.08564,5.13412,9.11949,0.0,0.8805,-3.6734,0.4756,4.7638,297.964,unity
26.2604,-1.00000,0.0000,0.0000,5.07796,5.12638,8.91768,0.0,1.0000,-3.7702,0.4756,4.7972,296.929,unity
26.2804,-1.00000,0.0000,0.0000,5.09428,5.14460,9.05247,0.0,0.9475,-3.8678,0.4755,4.8289,296.012,unity
26.3004,-1.00000,0.0000,0.0000,5.07992,5.12943,9.46755,0.0,0.5324,-3.9658,0.4754,4.8588,294.984,unity
26.3204,-1.00000,0.0000,0.0000,5.01069,5.05731,9.03093,0.0,0.9691,-4.0626,0.4753,4.8871,294.056,unity
26.3404,-1.00000,0.0000,0.0000,5.11708,5.16788,6.01982,0.0,1.0000,-4.1623,0.4753,4.9138,293.062,unity
26.3604,-1.00000,0.0000,0.0000,5.05750,5.10529,8.98630,0.0,1.0000,-4.2610,0.4752,4.9390,292.159,unity
26.3804,-1.00000,0.0000,0.0000,5.10317,5.15326,4.19708,0.0,1.0000,-4.3612,0.4751,4.9625,291.174,unity
26.4004,-1.00000,0.0000,0.0000,4.90956,4.95620,10.02483,0.0,0.0000,-4.4577,0.4751,4.9836,290.222,unity
26.4204,-1.00000,0.0000,0.0000,5.02642,5.07549,6.07519,0.0,1.0000,-4.5571,0.4746,5.0034,289.265,unity
26.4404,-1.00000,0.0000,0.0000,5.02781,5.07982,5.52310,0.0,1.0000,-4.6570,0.4747,5.0212,288.303,unity
26.4604,-1.00000,0.0000,0.0000,4.97201,5.02208,7.86790,0.0,1.0000,-4.7559,0.4748,5.0373,287.345,unity
26.4804,-1.00000,0.0000,0.0000,4.99979,5.05077,5.90078,0.0,1.0000,-4.8557,0.4744,5.0517,286.387,unity
26.5004,-1.00000,0.0000,0.0000,4.99024,5.04169,5.86852,0.0,1.0000,-4.9556,0.4741,5.0644,285.428,unity
26.5204,-1.00000,0.0000,0.0000,4.98070,5.03249,5.85993,0.0,1.0000,-5.0556,0.4738,5.0753,284.470,unity
26.5404,-1.00000,0.0000,0.0000,4.97142,5.02346,5.85133,0.0,1.0000,-5.1555,0.4737,5.0845,283.513,unity
26.5604,-1.00000,0.0000,0.0000,4.96233,5.01457,5.84253,0.0,1.0000,-5.2553,0.4736,5.0919,282.556,unity
26.5804,-1.00000,0.0000,0.0000,4.95341,5.00578,5.83356,0.0,1.0000,-5.3552,0.4735,5.0977,281.600,unity
26.6004,-1.00000,0.0000,0.0000,4.94460,4.99707,5.82449,0.0,1.0000,-5.4549,0.4735,5.1017,280.646,unity
26.6204,-1.00000,1.0000,0.0000,4.93590,4.98845,5.81533,525.0,1.0000,-5.5545,0.4735,5.1041,279.693,unity
26.6404,-1.00000,1.0000,0.0000,4.98857,5.04225,7.12515,525.0,1.0000,-5.6553,0.4735,5.1048,278.732,unity
26.6604,-1.00000,1.0000,0.0000,5.07194,5.12689,7.24443,525.0,1.0000,-5.7578,0.4736,5.1036,277.754,unity
26.6804,-1.00000,1.0000,0.0000,5.18358,5.24133,6.47711,525.0,1.0000,-5.8628,0.4742,5.1003,276.752,unity
26.7004,-1.00000,0.0000,0.0000,5.18180,5.23774,8.52305,0.0,1.0000,-5.9675,0.4747,5.0954,275.734,unity
26.7204,-1.00000,0.0000,0.0000,5.37052,5.42773,3.73739,0.0,1.0000,-6.0760,0.4751,5.0885,274.700,unity
26.7404,-1.00000,0.0000,0.0000,5.21961,5.27174,8.84884,0.0,1.0000,-6.1812,0.4753,5.0804,273.708,unity
26.7604,-1.00000,0.0000,0.0000,5.30283,5.35364,6.15219,0.0,1.0000,-6.2878,0.4755,5.0707,272.662,unity
26.7804,-1.00000,0.0000,0.0000,5.19392,5.24461,9.03739,0.0,0.9626,-6.3919,0.4756,5.0591,271.661,unity
26.8004,-1.00000,0.0000,0.0000,5.29640,5.34492,5.45390,0.0,1.0000,-6.4979,0.4756,5.0459,270.626,unity
26.8204,-1.00000,0.0000,0.0000,5.16708,5.21528,9.06748,0.0,0.9325,-6.6010,0.4756,5.0311,269.631,unity
26.8404,-1.00000,0.0000,0.0000,5.24699,5.29248,10.06268,0.0,0.0000,-6.7054,0.4756,5.0147,268.602,unity
26.8604,-1.00000,0.0000,0.0000,5.15256,5.20053,9.01342,0.0,0.9866,-6.8075,0.4755,4.9964,267.619,unity
26.8804,-1.00000,0.0000,0.0000,5.24197,5.28789,9.10035,0.0,0.8997,-6.9111,0.4755,4.9763,266.604,unity
26.9004,-1.00000,0.0000,0.0000,5.16346,5.21207,8.96362,0.0,1.0000,-7.0127,0.4754,4.9543,265.639,unity
26.9204,-1.00000,0.0000,0.0000,5.24814,5.29449,8.03231,0.0,1.0000,-7.1158,0.4753,4.9306,264.639,unity
26.9404,-1.00000,0.0000,0.0000,5.18075,5.22967,8.92380,0.0,1.0000,-7.2169,0.4753,4.9050,263.693,unity
26.9604,-1.00000,0.0000,0.0000,5.17840,5.22655,8.52360,0.0,1.0000,-7.3176,0.4752,4.8777,262.649,unity
26.9804,-1.00000,0.0000,0.0000,5.14206,5.18877,8.97977,0.0,1.0000,-7.4171,0.4751,4.8492,261.714,unity
27.0004,-1.00000,0.0000,0.0000,5.17167,5.22044,8.53978,0.0,1.0000,-7.5166,0.4751,4.8184,260.680,unity
27.0204,-1.00000,0.0000,0.0000,5.09105,5.13592,9.87468,0.0,0.1253,-7.6141,0.4750,4.7871,259.744,unity
27.0404,-1.00000,0.0000,0.0000,5.15097,5.20022,8.53025,0.0,1.0000,-7.7122,0.4750,4.7529,258.720,unity
27.0604,-1.00000,0.0000,0.0000,5.08009,5.12599,8.96390,0.0,1.0000,-7.8083,0.4750,4.7182,257.794,unity
27.0804,-1.00000,0.0000,0.0000,5.14401,5.19430,8.54730,0.0,1.0000,-7.9050,0.4750,4.6806,256.778,unity
27.1004,-1.00000,0.0000,0.0000,5.06636,5.11267,8.95915,0.0,1.0000,-7.9997,0.4750,4.6426,255.856,unity
27.1204,-1.00000,0.0000,0.0000,5.12953,5.18019,8.46297,0.0,1.0000,-8.0949,0.4749,4.6019,254.846,unity
27.1404,-1.00000,0.0000,0.0000,5.05843,5.10547,8.95636,0.0,1.0000,-8.1881,0.4749,4.5607,253.932,unity
27.1604,-1.00000,0.0000,0.0000,5.12694,5.17815,8.09565,0.0,1.0000,-8.2817,0.4749,4.5167,252.927,unity
27.1804,-1.00000,0.0000,0.0000,5.07171,5.11978,8.96549,0.0,1.0000,-8.3738,0.4749,4.4722,252.018,unity
27.2004,-1.00000,1.0000,0.0000,5.07825,5.12669,6.36123,525.0,1.0000,-8.4651,0.4749,4.4259,251.014,unity
27.2204,-1.00000,1.0000,0.0000,5.09007,5.14015,11.88830,0.0,0.0000,-8.5559,0.4749,4.3779,250.121,unity
27.2404,-1.00000,1.0000,0.0000,5.05520,5.10358,9.40925,310.1,0.5908,-8.6453,0.4749,4.3288,249.107,unity
27.2604,-1.00000,1.0000,0.0000,5.17076,5.22348,7.92333,525.0,1.0000,-8.7357,0.4749,4.2765,248.122,unity
27.2804,-1.00000,1.0000,0.0000,5.22145,5.27219,9.58915,215.7,0.4109,-8.8263,0.4749,4.2225,247.135,unity
27.3004,-1.00000,0.0000,0.0000,5.30256,5.35704,6.96335,0.0,1.0000,-8.9172,0.4749,4.1655,246.113,unity
27.3204,-1.00000,0.0000,0.0000,5.30394,5.35334,9.79356,0.0,0.2064,-9.0073,0.4749,4.1076,245.110,unity
27.3404,-1.00000,0.0000,0.0000,5.29237,5.34656,9.25580,0.0,0.7442,-9.0959,0.4749,4.0477,244.099,unity
27.3604,-1.00000,0.0000,0.0000,5.20417,5.25219,10.08573,0.0,0.0000,-9.1821,0.4750,3.9880,243.059,unity
27.3804,-1.00000,0.0000,0.0000,5.29461,5.34668,9.21218,0.0,0.7878,-9.2686,0.4750,3.9252,242.060,unity
27.4004,-1.00000,0.0000,0.0000,5.20790,5.25388,10.25292,0.0,0.0000,-9.3529,0.4750,3.8627,241.037,unity
27.4204,-1.00000,0.0000,0.0000,5.28754,5.33837,9.17610,0.0,0.8239,-9.4371,0.4750,3.7972,240.051,unity
27.4404,-1.00000,0.0000,0.0000,5.21630,5.26186,9.38383,0.0,0.6162,-9.5193,0.4750,3.7318,239.044,unity
27.4604,-1.00000,0.0000,0.0000,5.22095,5.27209,9.13324,0.0,0.8668,-9.5999,0.4750,3.6642,238.026,unity
27.4804,-1.00000,0.0000,0.0000,5.23363,5.27826,9.09937,0.0,0.9006,-9.6802,0.4750,3.5959,237.047,unity
27.5004,-1.00000,0.0000,0.0000,5.23185,5.28230,9.11718,0.0,0.8828,-9.7587,0.4750,3.5254,236.050,unity
27.5204,-1.00000,0.0000,0.0000,5.16417,5.20930,8.94050,0.0,1.0000,-9.8353,0.4750,3.4552,235.039,unity
27.5404,-1.00000,0.0000,0.0000,5.25494,5.30502,9.05754,0.0,0.9425,-9.9117,0.4750,3.3818,234.070,unity
27.5604,-1.00000,0.0000,0.0000,5.19837,5.24424,8.86084,0.0,1.0000,-9.9864,0.4750,3.3085,233.079,unity
27.5804,-1.00000,0.0000,0.0000,5.16007,5.20920,8.98036,0.0,1.0000,-10.0588,0.4750,3.2339,232.073,unity
27.6004,-1.00000,0.0000,0.0000,5.19714,5.24171,8.85742,0.0,1.0000,-10.1310,0.4750,3.1582,231.109,unity
27.6204,-1.00000,0.0000,0.0000,5.19444,5.24493,8.85205,0.0,1.0000,-10.2013,0.4750,3.0806,230.127,unity
27.6404,-1.00000,0.0000,0.0000,5.12943,5.17578,8.85705,0.0,1.0000,-10.2697,0.4750,3.0031,229.123,unity
27.6604,-1.00000,0.0000,0.0000,5.15774,5.20585,8.58207,0.0,1.0000,-10.3370,0.4750,2.9239,228.152,unity
27.6804,-1.00000,0.0000,0.0000,5.14367,5.19129,8.77206,0.0,1.0000,-10.4028,0.4750,2.8438,227.165,unity
27.7004,-1.00000,0.0000,0.0000,5.14083,5.18798,8.11297,0.0,1.0000,-10.4672,0.4750,2.7627,226.199,unity
27.7204,-1.00000,0.0000,0.0000,5.16338,5.21152,8.73282,0.0,1.0000,-10.5305,0.4750,2.6801,225.233,unity
27.7404,-1.00000,0.0000,0.0000,5.10289,5.15198,8.03964,0.0,1.0000,-10.5914,0.4750,2.5972,224.244,unity
27.7604,-1.00000,0.0000,0.0000,5.13829,5.18409,8.78343,0.0,1.0000,-10.6518,0.4750,2.5131,223.297,unity
27.7805,-1.00000,0.0000,0.0000,5.12422,5.17516,8.02674,0.0,1.0000,-10.7100,0.4750,2.4277,222.324,unity
27.8005,-1.00000,0.0000,0.0000,5.07292,5.11967,8.82220,0.0,1.0000,-10.7666,0.4750,2.3426,221.345,unity
27.8205,-1.00000,0.0000,0.0000,5.11856,5.16794,8.28509,0.0,1.0000,-10.8221,0.4750,2.2555,220.397,unity
27.8405,-1.00000,0.0000,0.0000,5.06492,5.11085,8.75633,0.0,1.0000,-10.8758,0.4750,2.1687,219.431,unity
27.8605,-1.00000,0.0000,0.0000,5.05873,5.11080,8.03556,0.0,1.0000,-10.9272,0.4750,2.0805,218.443,unity
27.8805,-1.00000,0.0000,0.0000,5.09215,5.13927,8.82460,0.0,1.0000,-10.9782,0.4750,1.9914,217.502,unity
27.9005,-1.00000,0.0000,0.0000,5.00328,5.05160,7.99269,0.0,1.0000,-11.0265,0.4750,1.9029,216.521,unity
27.9205,-1.00000,1.0000,0.0000,5.11230,5.16128,8.79589,525.0,1.0000,-11.0745,0.4750,1.8115,215.597,unity
27.9405,-1.00000,1.0000,0.0000,5.03476,5.08481,10.57609,0.0,0.0000,-11.1199,0.4750,1.7207,214.630,unity
27.9605,-1.00000,1.0000,0.0000,5.21193,5.26510,4.49683,525.0,1.0000,-11.1653,0.4750,1.6256,213.655,unity
27.9805,-1.00000,1.0000,0.0000,5.06899,5.11881,11.93510,0.0,0.0000,-11.2080,0.4750,1.5327,212.711,unity
28.0005,-1.00000,1.0000,0.0000,5.25079,5.30384,7.13432,525.0,1.0000,-11.2506,0.4750,1.4354,211.740,unity
28.0205,-1.00000,0.0000,0.0000,5.20651,5.25853,8.42893,0.0,1.0000,-11.2910,0.4750,1.3384,210.713,unity
28.0405,-1.00000,0.0000,0.0000,5.37897,5.43328,4.04973,0.0,1.0000,-11.3310,0.4750,1.2371,209.680,unity
28.0605,-1.00000,0.0000,0.0000,5.22829,5.27845,9.14457,0.0,0.8554,-11.3684,0.4750,1.1385,208.689,unity
28.0805,-1.00000,0.0000,0.0000,5.22235,5.27106,8.77009,0.0,1.0000,-11.4041,0.4750,1.0394,207.603,unity
28.1005,-1.00000,0.0000,0.0000,5.24379,5.29379,9.19546,0.0,0.8045,-11.4380,0.4750,0.9392,206.641,unity
28.1205,-1.00000,0.0000,0.0000,5.23085,5.27951,9.35240,0.0,0.6476,-11.4702,0.4750,0.8388,205.570,unity
28.1405,-1.00000,0.0000,0.0000,5.18207,5.22874,9.17982,0.0,0.8202,-11.5006,0.4750,0.7390,204.608,unity
28.1605,-1.00000,0.0000,0.0000,5.24556,5.29532,8.89520,0.0,1.0000,-11.5292,0.4750,0.6371,203.558,unity
28.1805,-1.00000,0.0000,0.0000,5.18484,5.23153,9.13800,0.0,0.8620,-11.5561,0.4750,0.5363,202.608,unity
28.2005,-1.00000,0.0000,0.0000,5.19893,5.24678,9.26447,0.0,0.7355,-11.5811,0.4750,0.4345,201.557,unity
28.2205,-1.00000,0.0000,0.0000,5.15353,5.19990,9.06747,0.0,0.9325,-11.6043,0.4750,0.3334,200.613,unity
28.2405,-1.00000,0.0000,0.0000,5.20680,5.25625,9.16453,0.0,0.8355,-11.6255,0.4750,0.2307,199.576,unity
28.2605,-1.00000,0.0000,0.0000,5.14264,5.18906,9.03927,0.0,0.9607,-11.6452,0.4750,0.1290,198.638,unity
28.2805,-1.00000,0.0000,0.0000,5.18200,5.23140,9.52498,0.0,0.4750,-11.6628,0.4750,0.0260,197.605,unity
28.3005,-1.00000,0.0000,0.0000,5.10619,5.15229,9.00757,0.0,0.9924,-11.6789,0.4750,-0.0755,196.670,unity
28.3205,-1.00000,0.0000,0.0000,5.20025,5.25043,7.18805,0.0,1.0000,-11.6930,0.4750,-0.1794,195.659,unity
28.3405,-1.00000,0.0000,0.0000,5.14529,5.19227,8.98022,0.0,1.0000,-11.7057,0.4750,-0.2823,194.740,unity
28.3605,-1.00000,0.0000,0.0000,5.14600,5.19274,7.72506,0.0,1.0000,-11.7166,0.4750,-0.3854,193.731,unity
28.3805,-1.00000,0.0000,0.0000,5.10210,5.15167,8.90832,0.0,1.0000,-11.7252,0.4750,-0.4878,192.800,unity
28.4005,-1.00000,0.0000,0.0000,5.17228,5.22064,4.34239,0.0,1.0000,-11.7325,0.4750,-0.5919,191.805,unity
28.4205,-1.00000,0.0000,0.0000,5.00712,5.05392,9.01059,0.0,0.9894,-11.7379,0.4750,-0.6925,190.837,unity
28.4405,-1.00000,0.0000,0.0000,5.18727,5.23753,4.13250,0.0,1.0000,-11.7414,0.4750,-0.7972,189.854,unity
28.4605,-1.00000,0.0000,0.0000,5.01631,5.06398,9.42503,0.0,0.5750,-11.7432,0.4750,-0.8982,188.890,unity
28.4805,-1.00000,0.0000,0.0000,5.10292,5.15019,7.20312,0.0,1.0000,-11.7435,0.4750,-1.0011,187.904,unity
28.5005,-1.00000,0.0000,0.0000,5.02839,5.07848,9.20266,0.0,0.7973,-11.7415,0.4750,-1.1025,186.976,unity
28.5205,-1.00000,1.0000,0.0000,5.14061,5.18912,4.06948,525.0,1.0000,-11.7383,0.4750,-1.2061,186.009,unity
28.5405,-1.00000,1.0000,0.0000,4.98021,5.02665,11.93480,0.0,0.0000,-11.7336,0.4750,-1.3063,185.081,unity
28.5605,-1.00000,1.0000,0.0000,5.11497,5.16386,7.51780,525.0,1.0000,-11.7268,0.4745,-1.4093,184.116,unity
28.5805,-1.00000,1.0000,0.0000,5.17959,5.23277,7.48667,525.0,1.0000,-11.7175,0.4746,-1.5136,183.103,unity
28.6005,-1.00000,0.0000,0.0000,5.27365,5.32653,9.03763,0.0,0.9624,-11.7064,0.4747,-1.6197,182.116,unity
28.6205,-1.00000,0.0000,0.0000,5.30718,5.36106,8.58458,0.0,1.0000,-11.6931,0.4748,-1.7262,181.048,unity
28.6405,-1.00000,0.0000,0.0000,5.21479,5.26240,10.47774,0.0,0.0000,-11.6792,0.4749,-1.8304,180.079,unity
28.6605,-1.00000,0.0000,0.0000,5.28485,5.33581,8.62368,0.0,1.0000,-11.6626,0.4749,-1.9358,179.016,unity
28.6805,-1.00000,0.0000,0.0000,5.21573,5.26264,9.23796,0.0,0.7620,-11.6450,0.4750,-2.0395,178.054,unity
28.7005,-1.00000,0.0000,0.0000,5.28920,5.33967,8.88518,0.0,1.0000,-11.6248,0.4750,-2.1443,176.998,unity
28.7205,-1.00000,0.0000,0.0000,5.22299,5.26997,9.21623,0.0,0.7838,-11.6036,0.4750,-2.2474,176.042,unity
28.7405,-1.00000,0.0000,0.0000,5.25353,5.30194,9.22710,0.0,0.7729,-11.5802,0.4750,-2.3507,174.983,unity
28.7605,-1.00000,0.0000,0.0000,5.17071,5.21546,9.67097,0.0,0.3290,-11.5559,0.4750,-2.4519,174.024,unity
28.7805,-1.00000,0.0000,0.0000,5.23950,5.28844,9.43468,0.0,0.5653,-11.5289,0.4750,-2.5540,172.975,unity
28.8005,-1.00000,0.0000,0.0000,5.15020,5.19491,10.21840,0.0,0.0000,-11.5012,0.4750,-2.6538,172.021,unity
28.8205,-1.00000,0.0000,0.0000,5.22709,5.27593,8.05273,0.0,1.0000,-11.4706,0.4750,-2.7547,170.989,unity
28.8405,-1.00000,0.0000,0.0000,5.16324,5.20895,9.04079,0.0,0.9592,-11.4393,0.4750,-2.8538,170.054,unity
28.8605,-1.00000,0.0000,0.0000,5.24479,5.29454,6.35799,0.0,1.0000,-11.4051,0.4750,-2.9539,169.036,unity
28.8805,-1.00000,1.0000,0.0000,5.18329,5.23003,9.01710,516.0,0.9829,-11.3701,0.4750,-3.0523,168.113,unity
28.9005,-1.00000,1.0000,0.0000,5.23663,5.28558,7.28288,525.0,1.0000,-11.3328,0.4750,-3.1510,167.103,unity
28.9205,-1.00000,1.0000,0.0000,5.33115,5.38277,9.17651,432.3,0.8235,-11.2927,0.4750,-3.2509,166.112,unity
28.9405,-1.00000,1.0000,0.0000,5.32895,5.38013,12.32946,0.0,0.0000,-11.2508,0.4750,-3.3499,165.028,unity
28.9605,-1.00000,1.0000,0.0000,5.42851,5.48240,6.81320,525.0,1.0000,-11.2060,0.4750,-3.4500,163.984,unity
28.9805,-1.00000,1.0000,0.0000,5.43526,5.48490,11.37612,0.0,0.0000,-11.1601,0.4750,-3.5496,162.983,unity
29.0005,-1.00000,0.0000,0.0000,5.49746,5.54959,9.76449,0.0,0.2355,-11.1113,0.4750,-3.6494,161.890,unity
29.0205,-1.00000,0.0000,0.0000,5.46785,5.51764,8.98084,0.0,1.0000,-11.0615,0.4750,-3.7477,160.857,unity
29.0405,-1.00000,0.0000,0.0000,5.42609,5.47363,9.45141,0.0,0.5486,-11.0104,0.4750,-3.8444,159.757,unity
29.0605,-1.00000,0.0000,0.0000,5.47772,5.52813,9.06513,0.0,0.9349,-10.9568,0.4750,-3.9410,158.739,unity
29.0805,-1.00000,0.0000,0.0000,5.43344,5.48155,9.91385,0.0,0.0861,-10.9021,0.4750,-4.0357,157.640,unity
29.1005,-0.95475,0.0000,0.0000,5.38913,5.43532,9.09153,0.0,0.9085,-10.8464,0.4749,-4.1288,156.621,unity
29.1205,-0.88502,0.0000,0.0000,5.46966,5.51818,8.73691,0.0,1.0000,-10.7878,0.4749,-4.2222,155.541,unity
29.1405,-0.80678,0.0000,0.0000,5.41087,5.45337,9.71859,0.0,0.2814,-10.7293,0.4749,-4.3139,154.583,unity
29.1605,-0.72949,0.0000,0.0000,5.43105,5.46966,8.55393,0.0,1.0000,-10.6694,0.4750,-4.4052,153.545,unity
29.1805,-0.65879,0.0000,0.0000,5.45627,5.49096,10.06617,0.0,0.0000,-10.6086,0.4750,-4.4964,152.677,unity
29.2005,-0.58208,0.0000,0.0000,5.48258,5.51213,7.95467,0.0,1.0000,-10.5470,0.4750,-4.5875,151.737,unity
29.2205,-0.51812,0.0000,0.0000,5.41964,5.44288,10.14224,0.0,0.0000,-10.4860,0.4750,-4.6774,150.950,unity
29.2405,-0.44347,0.0000,0.0000,5.55490,5.57534,5.30592,0.0,1.0000,-10.4228,0.4750,-4.7691,150.145,unity
29.2605,-0.36862,0.0000,0.0000,5.44872,5.46428,10.22462,0.0,0.0000,-10.3608,0.4750,-4.8589,149.464,unity
29.2805,-0.29506,0.0000,0.0000,5.51191,5.52369,8.27668,0.0,1.0000,-10.2979,0.4750,-4.9496,148.756,unity
29.3005,-0.21638,0.0000,0.0000,5.49494,5.50343,10.11392,0.0,0.0000,-10.2355,0.4750,-5.0401,148.229,unity
29.3205,-0.14174,0.0000,0.0000,5.51246,5.51779,9.95823,0.0,0.0418,-10.1730,0.4750,-5.1309,147.651,unity
29.3405,-0.06452,0.0000,0.0000,5.50123,5.50469,9.82645,0.0,0.1736,-10.1108,0.4750,-5.2217,147.257,unity
29.3605,0.00000,0.0000,0.0000,5.50052,5.50206,9.07385,0.0,0.9262,-10.0490,0.4750,-5.3127,146.819,unity
29.3805,0.00000,0.0000,0.0000,5.50423,5.50492,9.52790,0.0,0.4721,-9.9876,0.4750,-5.4040,146.580,unity
29.4005,0.00000,0.0000,0.0000,5.51173,5.51188,9.60481,0.0,0.3952,-9.9263,0.4750,-5.4957,146.266,unity
29.4205,0.00000,0.0000,0.0000,5.52858,5.52862,9.24638,0.0,0.7536,-9.8650,0.4750,-5.5877,146.126,unity
29.4405,0.00000,0.0000,0.0000,5.50050,5.50050,9.86680,0.0,0.1332,-9.8039,0.4750,-5.6792,145.920,unity
29.4605,0.00000,0.0000,0.0000,5.52695,5.52696,7.61329,0.0,1.0000,-9.7424,0.4750,-5.7711,145.845,unity
29.4805,0.00000,0.0000,0.0000,5.52367,5.52371,9.90943,0.0,0.0906,-9.6809,0.4750,-5.8629,145.676,unity
29.5005,0.00000,0.0000,0.0000,5.54470,5.54473,6.84329,0.0,1.0000,-9.6189,0.4750,-5.9549,145.637,unity
29.5205,0.00000,0.0000,0.0000,5.49779,5.49785,9.96330,0.0,0.0367,-9.5574,0.4750,-6.0461,145.527,unity
29.5405,0.00000,0.0000,0.0000,5.49825,5.49828,8.94345,0.0,1.0000,-9.4957,0.4750,-6.1371,145.534,unity
29.5605,0.00000,0.0000,0.0000,5.50975,5.50981,9.93451,0.0,0.0655,-9.4337,0.4750,-6.2282,145.412,unity
29.5805,0.00000,0.0000,0.0000,5.55019,5.55023,6.15632,0.0,1.0000,-9.3711,0.4750,-6.3200,145.415,unity
29.6005,0.00000,0.0000,0.0000,5.45624,5.45629,10.06749,0.0,0.0000,-9.3095,0.4750,-6.4100,145.354,unity
29.6205,0.00000,0.0000,0.0000,5.53964,5.53966,9.69443,0.0,0.3056,-9.2468,0.4750,-6.5014,145.378,unity
29.6405,0.00000,0.0000,0.0000,5.45294,5.45296,10.32788,0.0,0.0000,-9.1851,0.4750,-6.5913,145.347,unity
29.6605,0.00000,0.0000,0.0000,5.51660,5.51661,8.86131,0.0,1.0000,-9.1224,0.4750,-6.6822,145.354,unity
29.6805,0.00000,0.0000,0.0000,5.44649,5.44651,10.34336,0.0,0.0000,-9.0606,0.4750,-6.7718,145.318,unity
29.7005,0.00000,0.0000,0.0000,5.55847,5.55848,6.30370,0.0,1.0000,-8.9974,0.4750,-6.8633,145.331,unity
29.7205,0.00000,0.0000,0.0000,5.42484,5.42485,10.26037,0.0,0.0000,-8.9357,0.4750,-6.9525,145.305,unity
29.7405,0.00000,0.0000,0.0000,5.52979,5.52980,9.96389,0.0,0.0361,-8.8727,0.4750,-7.0435,145.339,unity
29.7605,0.00000,0.0000,0.0000,5.44344,5.44344,10.21929,0.0,0.0000,-8.8108,0.4750,-7.1330,145.317,unity
29.7805,0.00000,0.0000,0.0000,5.50633,5.50634,9.89852,0.0,0.1015,-8.7480,0.4750,-7.2235,145.336,unity
29.8005,0.00000,0.0000,0.0000,5.42238,5.42238,10.27378,0.0,0.0000,-8.6863,0.4750,-7.3126,145.303,unity
29.8205,0.00000,0.0000,0.0000,5.53029,5.53029,9.82144,0.0,0.1786,-8.6233,0.4750,-7.4036,145.339,unity
29.8405,0.00000,0.0000,0.0000,5.44593,5.44593,10.25809,0.0,0.0000,-8.5612,0.4750,-7.4930,145.319,unity
29.8605,0.00000,0.0000,0.0000,5.49127,5.49127,9.62998,0.0,0.3700,-8.4987,0.4750,-7.5833,145.328,unity
29.8805,0.00000,0.0000,0.0000,5.45725,5.45725,10.24780,0.0,0.0000,-8.4365,0.4750,-7.6730,145.316,unity
29.9005,0.00000,0.0000,0.0000,5.46075,5.46075,10.10366,0.0,0.0000,-8.3743,0.4750,-7.7628,145.306,unity
29.9205,0.00000,0.0000,0.0000,5.46231,5.46232,10.21805,0.0,0.0000,-8.3121,0.4750,-7.8526,145.298,unity
29.9405,0.00000,0.0000,0.0000,5.46799,5.46799,10.24785,0.0,0.0000,-8.2498,0.4750,-7.9425,145.285,unity
29.9605,0.00000,0.0000,0.0000,5.46446,5.46446,10.26434,0.0,0.0000,-8.1876,0.4750,-8.0323,145.276,unity
29.9805,0.00000,0.0000,0.0000,5.48463,5.48463,10.26350,0.0,0.0000,-8.1251,0.4750,-8.1225,145.255,unity
30.0005,0.00000,0.0000,0.0000,5.43688,5.43688,10.26960,0.0,0.0000,-8.0632,0.4750,-8.2119,145.266,unity
30.0205,0.00000,0.0000,0.0000,5.47098,5.47098,10.25260,0.0,0.0000,-8.0008,0.4750,-8.3018,145.254,unity
30.0405,0.00000,0.0000,0.0000,5.45770,5.45770,10.21552,0.0,0.0000,-7.9387,0.4750,-8.3916,145.252,unity
30.0605,0.00000,0.0000,0.0000,5.47055,5.47055,10.24187,0.0,0.0000,-7.8763,0.4750,-8.4815,145.243,unity
30.0805,0.00000,0.0000,0.0000,5.45534,5.45534,10.26085,0.0,0.0000,-7.8142,0.4750,-8.5712,145.242,unity
