t,steering,throttle,brake,speed,speed_mag,wheel_ms,motor_nm,headroom,traction,x,y,z,yaw_deg,source
0.0200,0.00000,0.0000,0.0000,0.00000,0.00000,0.00000,0.0,1.0000,1.0000,0.0000,0.5000,0.0000,0.000,unity
0.0400,0.00000,1.0000,0.0000,0.00000,0.00000,0.00000,525.0,1.0000,1.0000,0.0000,0.4985,0.0000,0.000,unity
0.0600,0.00000,1.0000,0.0000,0.07436,0.07435,0.76913,213.6,1.0000,0.4070,0.0000,0.4965,0.0016,0.000,unity
0.0800,0.00000,1.0000,0.0000,0.12342,0.12338,0.56065,393.9,1.0000,0.7503,0.0000,0.4941,0.0041,0.000,unity
0.1000,0.00000,1.0000,0.0000,0.19358,0.19351,1.95348,0.0,1.0000,0.0000,0.0000,0.4916,0.0081,0.000,unity
0.1200,0.00000,1.0000,0.0000,0.19163,0.19154,0.27391,525.0,1.0000,1.0000,0.0000,0.4890,0.0121,0.000,unity
0.1400,0.00000,1.0000,0.0000,0.32346,0.32333,0.87533,313.6,1.0000,0.5973,0.0000,0.4865,0.0187,0.000,unity
0.1600,0.00000,1.0000,0.0000,0.39616,0.39599,1.49010,0.0,1.0000,0.0000,0.0000,0.4842,0.0269,0.000,unity
0.1800,0.00000,1.0000,0.0000,0.37063,0.37046,0.42226,525.0,1.0000,1.0000,0.0000,0.4820,0.0344,0.000,unity
0.2000,0.00000,1.0000,0.0000,0.49080,0.49060,1.26229,159.8,1.0000,0.3044,0.0000,0.4801,0.0445,0.000,unity
0.2200,0.00000,1.0000,0.0000,0.47947,0.47928,0.91328,396.2,1.0000,0.7547,0.0000,0.4784,0.0542,0.000,unity
0.2400,0.00000,1.0000,0.0000,0.50853,0.50837,2.57375,0.0,1.0000,0.0000,0.0000,0.4770,0.0644,0.000,unity
0.2600,0.00000,1.0000,0.0000,0.51967,0.51953,0.76932,525.0,1.0000,1.0000,0.0000,0.4758,0.0749,0.000,unity
0.2800,0.00000,1.0000,0.0000,0.65084,0.65071,2.52613,0.0,1.0000,0.0000,0.0000,0.4749,0.0880,0.000,unity
0.3000,0.00000,1.0000,0.0000,0.65282,0.65272,0.85556,525.0,1.0000,1.0000,0.0000,0.4741,0.1011,0.000,unity
0.3200,0.00000,1.0000,0.0000,0.77986,0.77978,0.24675,525.0,1.0000,1.0000,0.0000,0.4735,0.1169,0.000,unity
0.3400,0.00000,1.0000,0.0000,0.86058,0.86051,1.57562,199.4,1.0000,0.3799,0.0000,0.4731,0.1343,0.000,unity
0.3600,0.00000,1.0000,0.0000,0.91101,0.91097,0.77265,525.0,1.0000,1.0000,0.0000,0.4729,0.1526,0.000,unity
0.3800,0.00000,1.0000,0.0000,1.00947,1.00945,0.73965,525.0,1.0000,1.0000,0.0000,0.4727,0.1729,0.000,unity
0.4000,0.00000,1.0000,0.0000,1.11783,1.11783,0.06816,525.0,1.0000,1.0000,0.0000,0.4726,0.1954,0.000,unity
0.4200,0.00000,1.0000,0.0000,1.20773,1.20774,0.48091,525.0,1.0000,1.0000,0.0000,0.4727,0.2197,0.000,unity
0.4400,0.00000,1.0000,0.0000,1.31638,1.31641,0.24393,525.0,1.0000,1.0000,0.0000,0.4727,0.2463,0.000,unity
0.4600,0.00000,1.0000,0.0000,1.36053,1.36057,2.00424,249.4,1.0000,0.4751,0.0000,0.4728,0.2736,0.000,unity
0.4800,0.00000,1.0000,0.0000,1.43469,1.43473,2.11024,227.1,1.0000,0.4327,0.0000,0.4729,0.3023,0.000,unity
0.5000,0.00000,1.0000,0.0000,1.50555,1.50561,0.30225,525.0,1.0000,1.0000,0.0000,0.4731,0.3325,0.000,unity
0.5200,0.00000,1.0000,0.0000,1.57948,1.57954,1.04491,525.0,1.0000,1.0000,0.0000,0.4732,0.3642,0.000,unity
0.5400,0.00000,1.0000,0.0000,1.64067,1.64073,2.96660,0.0,1.0000,0.0000,0.0000,0.4734,0.3970,0.000,unity
0.5600,0.00000,1.0000,0.0000,1.61372,1.61377,2.13300,336.5,1.0000,0.6410,0.0000,0.4735,0.4292,0.000,unity
0.5800,0.00000,1.0000,0.0000,1.72670,1.72676,1.95365,525.0,1.0000,1.0000,0.0000,0.4737,0.4637,0.000,unity
0.6000,0.00000,1.0000,0.0000,1.75577,1.75582,3.88370,0.0,1.0000,0.0000,0.0000,0.4738,0.4987,0.000,unity
0.6200,0.00000,1.0000,0.0000,1.78660,1.78664,2.30519,337.0,1.0000,0.6419,0.0000,0.4739,0.5343,0.000,unity
0.6400,0.00000,1.0000,0.0000,1.85212,1.85216,2.68002,120.5,1.0000,0.2295,0.0000,0.4740,0.5712,0.000,unity
0.6600,0.00000,1.0000,0.0000,1.89009,1.89013,3.52396,0.0,1.0000,0.0000,0.0000,0.4741,0.6089,0.000,unity
0.6800,0.00000,1.0000,0.0000,1.90287,1.90290,2.14311,525.0,1.0000,1.0000,0.0000,0.4741,0.6468,0.000,unity
0.7000,0.00000,1.0000,0.0000,2.01223,2.01226,1.37220,525.0,1.0000,1.0000,0.0000,0.4742,0.6870,0.000,unity
0.7200,0.00000,1.0000,0.0000,2.08249,2.08252,2.19916,525.0,1.0000,1.0000,0.0000,0.4742,0.7286,0.000,unity
0.7400,0.00000,1.0000,0.0000,2.17264,2.17266,2.49360,475.3,1.0000,0.9054,0.0000,0.4742,0.7720,0.000,unity
0.7600,0.00000,1.0000,0.0000,2.20747,2.20748,4.66398,0.0,1.0000,0.0000,0.0000,0.4743,0.8161,0.000,unity
0.7800,0.00000,1.0000,0.0000,2.28375,2.28376,2.35481,525.0,1.0000,1.0000,0.0000,0.4743,0.8618,0.000,unity
0.8000,0.00000,1.0000,0.0000,2.31923,2.31924,4.74382,0.0,1.0000,0.0000,0.0000,0.4743,0.9081,0.000,unity
0.8200,0.00000,1.0000,0.0000,2.38617,2.38619,2.27631,525.0,1.0000,1.0000,0.0000,0.4743,0.9558,0.000,unity
0.8400,0.00000,1.0000,0.0000,2.43591,2.43592,4.45019,0.0,1.0000,0.0000,0.0000,0.4743,1.0045,0.000,unity
0.8600,0.00000,1.0000,0.0000,2.42181,2.42183,3.14302,195.2,1.0000,0.3717,0.0000,0.4743,1.0529,0.000,unity
0.8800,0.00000,1.0000,0.0000,2.45080,2.45081,4.05795,0.0,1.0000,0.0000,0.0000,0.4743,1.1018,0.000,unity
0.9000,0.00000,1.0000,0.0000,2.47050,2.47051,3.15331,222.0,1.0000,0.4229,0.0000,0.4743,1.1511,0.000,unity
0.9200,0.00000,1.0000,0.0000,2.51389,2.51389,4.38604,0.0,1.0000,0.0000,0.0000,0.4743,1.2013,0.000,unity
0.9400,0.00000,1.0000,0.0000,2.49774,2.49775,3.21223,199.9,1.0000,0.3807,0.0000,0.4742,1.2511,0.000,unity
0.9600,0.00000,1.0000,0.0000,2.51754,2.51755,4.27668,0.0,1.0000,0.0000,0.0000,0.4742,1.3013,0.000,unity
0.9800,0.00000,1.0000,0.0000,2.54139,2.54139,3.23740,212.8,1.0000,0.4053,0.0000,0.4742,1.3520,0.000,unity
1.0000,0.00000,1.0000,0.0000,2.56373,2.56374,4.51717,0.0,1.0000,0.0000,0.0000,0.4742,1.4031,0.000,unity
1.0200,0.00000,1.0000,0.0000,2.57270,2.57271,3.29623,193.5,1.0000,0.3686,0.0000,0.4742,1.4545,0.000,unity
1.0400,0.00000,1.0000,0.0000,2.58790,2.58790,4.49995,0.0,1.0000,0.0000,0.0000,0.4742,1.5061,0.000,unity
1.0600,0.00000,1.0000,0.0000,2.61227,2.61227,3.32726,199.5,1.0000,0.3800,0.0000,0.4742,1.5583,0.000,unity
1.0800,0.00000,1.0000,0.0000,2.62506,2.62506,4.53353,0.0,1.0000,0.0000,0.0000,0.4742,1.6107,0.000,unity
1.1000,0.00000,1.0000,0.0000,2.65049,2.65049,3.36959,196.6,1.0000,0.3745,0.0000,0.4742,1.6636,0.000,unity
1.1200,0.00000,1.0000,0.0000,2.67095,2.67095,4.49884,0.0,1.0000,0.0000,0.0000,0.4742,1.7170,0.000,unity
1.1400,0.00000,1.0000,0.0000,2.68462,2.68462,3.41696,187.4,1.0000,0.3569,0.0000,0.4742,1.7706,0.000,unity
1.1600,0.00000,1.0000,0.0000,2.70062,2.70062,4.50151,0.0,1.0000,0.0000,0.0000,0.4742,1.8246,0.000,unity
1.1800,0.00000,1.0000,0.0000,2.72742,2.72742,3.45023,194.0,1.0000,0.3696,0.0000,0.4742,1.8791,0.000,unity
1.2000,0.00000,1.0000,0.0000,2.77503,2.77503,4.33534,0.0,1.0000,0.0000,0.0000,0.4742,1.9347,0.000,unity
1.2200,0.00000,1.0000,0.0000,2.74925,2.74925,3.49834,175.6,1.0000,0.3346,0.0000,0.4742,1.9896,0.000,unity
1.2400,0.00000,1.0000,0.0000,2.76421,2.76421,4.54655,0.0,1.0000,0.0000,0.0000,0.4742,2.0449,0.000,unity
1.2600,0.00000,1.0000,0.0000,2.78872,2.78872,3.54382,171.4,1.0000,0.3265,0.0000,0.4742,2.1007,0.000,unity
1.2800,0.00000,1.0000,0.0000,2.79703,2.79704,4.51315,0.0,1.0000,0.0000,0.0000,0.4742,2.1566,0.000,unity
1.3000,0.00000,1.0000,0.0000,2.81861,2.81861,3.58520,163.4,1.0000,0.3112,0.0000,0.4742,2.2130,0.000,unity
1.3200,0.00000,1.0000,0.0000,2.82923,2.82923,4.47364,0.0,1.0000,0.0000,0.0000,0.4742,2.2696,0.000,unity
1.3400,0.00000,1.0000,0.0000,2.85073,2.85073,3.61976,161.7,1.0000,0.3080,0.0000,0.4742,2.3266,0.000,unity
1.3600,0.00000,1.0000,0.0000,2.87834,2.87834,4.43765,0.0,1.0000,0.0000,0.0000,0.4742,2.3842,0.000,unity
1.3800,0.00000,1.0000,0.0000,2.90772,2.90772,3.60714,210.4,1.0000,0.4008,0.0000,0.4742,2.4424,0.000,unity
1.4000,0.00000,1.0000,0.0000,2.94146,2.94146,4.11911,0.0,1.0000,0.0000,0.0000,0.4742,2.5012,0.000,unity
1.4200,0.00000,1.0000,0.0000,2.90817,2.90818,3.72301,129.6,1.0000,0.2469,0.0000,0.4742,2.5594,0.000,unity
1.4400,0.00000,1.0000,0.0000,2.91801,2.91801,4.62019,0.0,1.0000,0.0000,0.0000,0.4742,2.6177,0.000,unity
1.4600,0.00000,1.0000,0.0000,2.93995,2.93995,3.73258,145.2,1.0000,0.2765,0.0000,0.4742,2.6765,0.000,unity
1.4800,0.00000,1.0000,0.0000,2.95027,2.95027,4.46304,0.0,1.0000,0.0000,0.0000,0.4742,2.7355,0.000,unity
1.5000,0.00000,1.0000,0.0000,2.96359,2.96359,3.76701,137.6,1.0000,0.2621,0.0000,0.4742,2.7948,0.000,unity
1.5200,0.00000,1.0000,0.0000,2.97419,2.97419,4.47395,0.0,1.0000,0.0000,0.0000,0.4742,2.8543,0.000,unity
1.5400,0.00000,1.0000,0.0000,2.98830,2.98830,3.79561,134.9,1.0000,0.2569,0.0000,0.4742,2.9140,0.000,unity
1.5600,0.00000,1.0000,0.0000,2.99883,2.99884,4.49968,0.0,1.0000,0.0000,0.0000,0.4742,2.9740,0.000,unity
1.5800,0.00000,1.0000,0.0000,3.01179,3.01179,3.82461,131.0,1.0000,0.2496,0.0000,0.4742,3.0342,0.000,unity
1.6000,0.00000,1.0000,0.0000,3.02369,3.02369,4.47054,0.0,1.0000,0.0000,0.0000,0.4742,3.0947,0.000,unity
1.6200,0.00000,1.0000,0.0000,3.03394,3.03394,3.85372,126.2,1.0000,0.2403,0.0000,0.4742,3.1554,0.000,unity
1.6400,0.00000,1.0000,0.0000,3.04738,3.04738,4.48026,0.0,1.0000,0.0000,0.0000,0.4742,3.2163,0.000,unity
1.6600,0.00000,1.0000,0.0000,3.05521,3.05521,3.88182,121.4,1.0000,0.2312,0.0000,0.4742,3.2774,0.000,unity
1.6800,0.00000,1.0000,0.0000,3.06862,3.06862,4.49468,0.0,1.0000,0.0000,0.0000,0.4742,3.3388,0.000,unity
1.7000,0.00000,1.0000,0.0000,3.07712,3.07712,3.90561,120.1,1.0000,0.2287,0.0000,0.4742,3.4003,0.000,unity
1.7200,0.00000,1.0000,0.0000,3.09079,3.09079,4.49808,0.0,1.0000,0.0000,0.0000,0.4742,3.4621,0.000,unity
1.7400,0.00000,1.0000,0.0000,3.09779,3.09779,3.93133,116.5,1.0000,0.2219,0.0000,0.4742,3.5240,0.000,unity
1.7600,0.00000,1.0000,0.0000,3.11131,3.11131,4.52988,0.0,1.0000,0.0000,0.0000,0.4742,3.5863,0.000,unity
1.7800,0.00000,1.0000,0.0000,3.11862,3.11862,3.95416,115.1,1.0000,0.2193,0.0000,0.4742,3.6486,0.000,unity
1.8000,0.00000,1.0000,0.0000,3.13233,3.13233,4.53188,0.0,1.0000,0.0000,0.0000,0.4742,3.7113,0.000,unity
1.8200,0.00000,1.0000,0.0000,3.13881,3.13881,3.97770,112.8,1.0000,0.2148,0.0000,0.4742,3.7740,0.000,unity
1.8400,0.00000,1.0000,0.0000,3.15254,3.15254,4.55185,0.0,1.0000,0.0000,0.0000,0.4742,3.8371,0.000,unity
1.8600,0.00000,1.0000,0.0000,3.15890,3.15890,3.99970,111.4,1.0000,0.2123,0.0000,0.4742,3.9002,0.000,unity
1.8800,0.00000,1.0000,0.0000,3.17276,3.17276,4.55519,0.0,1.0000,0.0000,0.0000,0.4742,3.9637,0.000,unity
1.9000,0.00000,1.0000,0.0000,3.17867,3.17867,4.02167,109.9,1.0000,0.2093,0.0000,0.4742,4.0273,0.000,unity
1.9200,0.00000,1.0000,0.0000,3.19259,3.19259,4.56432,0.0,1.0000,0.0000,0.0000,0.4742,4.0911,0.000,unity
1.9400,0.00000,1.0000,0.0000,3.19819,3.19819,4.04301,108.6,1.0000,0.2069,0.0000,0.4742,4.1551,0.000,unity
1.9600,0.00000,1.0000,0.0000,3.21219,3.21219,4.58058,0.0,1.0000,0.0000,0.0000,0.4742,4.2193,0.000,unity
1.9800,0.00000,1.0000,0.0000,3.21750,3.21750,4.06397,107.5,1.0000,0.2047,0.0000,0.4742,4.2837,0.000,unity
2.0000,0.00000,1.0000,0.0000,3.23154,3.23155,4.59763,0.0,1.0000,0.0000,0.0000,0.4742,4.3483,0.000,unity
2.0200,0.00000,1.0000,0.0000,3.23661,3.23661,4.08454,106.4,1.0000,0.2028,0.0000,0.4742,4.4130,0.000,unity
2.0400,0.00000,1.0000,0.0000,3.25070,3.25070,4.61523,0.0,1.0000,0.0000,0.0000,0.4742,4.4780,0.000,unity
2.0600,0.00000,1.0000,0.0000,3.25555,3.25555,4.10472,105.6,1.0000,0.2011,0.0000,0.4742,4.5431,0.000,unity
2.0800,0.00000,1.0000,0.0000,3.26966,3.26966,4.63354,0.0,1.0000,0.0000,0.0000,0.4742,4.6085,0.000,unity
2.1000,0.00000,1.0000,0.0000,3.27435,3.27435,4.12452,104.9,1.0000,0.1998,0.0000,0.4742,4.6740,0.000,unity
2.1200,0.00000,1.0000,0.0000,3.28847,3.28847,4.65180,0.0,1.0000,0.0000,0.0000,0.4742,4.7398,0.000,unity
2.1400,0.00000,1.0000,0.0000,3.29303,3.29303,4.14403,104.3,1.0000,0.1987,0.0000,0.4742,4.8057,0.000,unity
2.1600,0.00000,1.0000,0.0000,3.30714,3.30714,4.67078,0.0,1.0000,0.0000,0.0000,0.4742,4.8718,0.000,unity
2.1800,0.00000,1.0000,0.0000,3.31160,3.31161,4.16334,103.8,1.0000,0.1977,0.0000,0.4742,4.9380,0.000,unity
2.2000,0.00000,1.0000,0.0000,3.32566,3.32566,4.69158,0.0,1.0000,0.0000,0.0000,0.4742,5.0045,0.000,unity
2.2200,0.00000,1.0000,0.0000,3.33010,3.33010,4.18250,103.3,1.0000,0.1968,0.0000,0.4742,5.0711,0.000,unity
2.2400,0.00000,1.0000,0.0000,3.34404,3.34404,4.71423,0.0,1.0000,0.0000,0.0000,0.4742,5.1380,0.000,unity
2.2600,0.00000,1.0000,0.0000,3.34850,3.34851,4.20152,102.9,1.0000,0.1960,0.0000,0.4742,5.2050,0.000,unity
2.2800,0.00000,1.0000,0.0000,3.36229,3.36229,4.73804,0.0,1.0000,0.0000,0.0000,0.4742,5.2722,0.000,unity
2.3000,0.00000,1.0000,0.0000,3.36684,3.36684,4.22057,102.4,1.0000,0.1950,0.0000,0.4742,5.3396,0.000,unity
2.3200,0.00000,1.0000,0.0000,3.38040,3.38040,4.76214,0.0,1.0000,0.0000,0.0000,0.4742,5.4072,0.000,unity
2.3400,0.00000,1.0000,0.0000,3.38508,3.38508,4.23938,102.0,1.0000,0.1943,0.0000,0.4742,5.4749,0.000,unity
2.3600,0.00000,1.0000,0.0000,3.39842,3.39842,4.78550,0.0,1.0000,0.0000,0.0000,0.4742,5.5428,0.000,unity
2.3800,0.00000,1.0000,0.0000,3.40324,3.40324,4.25803,101.7,1.0000,0.1936,0.0000,0.4742,5.6109,0.000,unity
2.4000,0.00000,1.0000,0.0000,3.41636,3.41636,4.80679,0.0,1.0000,0.0000,0.0000,0.4742,5.6792,0.000,unity
2.4200,0.00000,1.0000,0.0000,3.42135,3.42135,4.27651,101.4,1.0000,0.1931,0.0000,0.4742,5.7477,0.000,unity
2.4400,0.00000,1.0000,0.0000,3.43429,3.43429,4.82415,0.0,1.0000,0.0000,0.0000,0.4742,5.8164,0.000,unity
2.4600,0.00000,1.0000,0.0000,3.43940,3.43940,4.29484,101.2,1.0000,0.1927,0.0000,0.4742,5.8851,0.000,unity
2.4800,0.00000,1.0000,0.0000,3.45228,3.45228,4.83579,0.0,1.0000,0.0000,0.0000,0.4742,5.9542,0.000,unity
2.5000,0.00000,1.0000,0.0000,3.45741,3.45741,4.31317,101.0,1.0000,0.1923,0.0000,0.4742,6.0233,0.000,unity
2.5200,0.00000,1.0000,0.0000,3.47037,3.47037,4.83950,0.0,1.0000,0.0000,0.0000,0.4742,6.0927,0.000,unity
2.5400,0.00000,1.0000,0.0000,3.47537,3.47537,4.33181,100.5,1.0000,0.1914,0.0000,0.4742,6.1622,0.000,unity
2.5600,0.00000,1.0000,0.0000,3.48859,3.48859,4.83323,0.0,1.0000,0.0000,0.0000,0.4742,6.2320,0.000,unity
2.5800,0.00000,1.0000,0.0000,3.49321,3.49321,4.35132,99.3,1.0000,0.1892,0.0000,0.4742,6.3019,0.000,unity
2.6000,0.00000,1.0000,0.0000,3.50685,3.50685,4.81694,0.0,1.0000,0.0000,0.0000,0.4742,6.3720,0.000,unity
2.6200,0.00000,1.0000,0.0000,3.51079,3.51079,4.37272,96.6,1.0000,0.1841,0.0000,0.4742,6.4422,0.000,unity
2.6400,0.00000,1.0000,0.0000,3.52477,3.52477,4.79675,0.0,1.0000,0.0000,0.0000,0.4742,6.5127,0.000,unity
2.6600,0.00000,1.0000,0.0000,3.52781,3.52781,4.39555,92.6,1.0000,0.1763,0.0000,0.4742,6.5833,0.000,unity
2.6800,0.00000,1.0000,0.0000,3.54197,3.54197,4.77889,0.0,1.0000,0.0000,0.0000,0.4742,6.6541,0.000,unity
2.7000,0.00000,1.0000,0.0000,3.54406,3.54406,4.41651,89.3,1.0000,0.1701,0.0000,0.4742,6.7250,0.000,unity
2.7200,0.00000,1.0000,0.0000,3.55876,3.55876,4.75380,0.0,1.0000,0.0000,0.0000,0.4742,6.7962,0.000,unity
2.7400,0.00000,1.0000,0.0000,3.55984,3.55984,4.43073,90.4,1.0000,0.1721,0.0000,0.4742,6.8674,0.000,unity
2.7600,0.00000,1.0000,0.0000,3.57678,3.57678,4.68456,0.0,1.0000,0.0000,0.0000,0.4742,6.9389,0.000,unity
2.7800,0.00000,1.0000,0.0000,3.57779,3.57779,4.37025,145.3,1.0000,0.2767,0.0000,0.4742,7.0105,0.000,unity
2.8000,0.00000,1.0000,0.0000,3.62740,3.62740,4.18153,312.1,1.0000,0.5945,0.0000,0.4742,7.0830,0.000,unity
2.8200,0.00000,1.0000,0.0000,3.70363,3.70363,3.56802,525.0,1.0000,1.0000,0.0000,0.4742,7.1572,0.000,unity
2.8400,0.00000,1.0000,0.0000,3.76047,3.76047,4.80772,0.0,1.0000,0.0000,0.0000,0.4742,7.2326,0.000,unity
2.8600,0.00000,1.0000,0.0000,3.78911,3.78911,4.14651,449.8,1.0000,0.8568,0.0000,0.4742,7.3084,0.000,unity
2.8800,0.00000,1.0000,0.0000,3.86743,3.86744,4.51956,243.5,1.0000,0.4638,0.0000,0.4742,7.3859,0.000,unity
2.9000,0.00000,1.0000,0.0000,3.90542,3.90543,4.88203,16.4,1.0000,0.0312,0.0000,0.4742,7.4642,0.000,unity
2.9200,0.00000,1.0000,0.0000,3.92390,3.92391,4.20585,502.6,1.0000,0.9574,0.0000,0.4742,7.5428,0.000,unity
2.9400,0.00000,1.0000,0.0000,3.99440,3.99441,4.83032,114.9,1.0000,0.2188,0.0000,0.4742,7.6228,0.000,unity
2.9600,0.00000,1.0000,0.0000,4.04926,4.04927,3.70490,525.0,1.0000,1.0000,0.0000,0.4742,7.7039,0.000,unity
2.9800,0.00000,1.0000,0.0000,4.10931,4.10932,4.73082,264.9,1.0000,0.5047,0.0000,0.4742,7.7862,0.000,unity
3.0000,0.00000,1.0000,0.0000,4.18686,4.18688,4.02500,525.0,1.0000,1.0000,0.0000,0.4742,7.8701,0.000,unity
3.0200,0.00000,1.0000,0.0000,4.25153,4.25155,5.05169,139.9,1.0000,0.2665,0.0000,0.4742,7.9553,0.000,unity
3.0400,0.00000,1.0000,0.0000,4.31086,4.31088,4.08665,525.0,1.0000,1.0000,0.0000,0.4742,8.0416,0.000,unity
3.0600,0.00000,1.0000,0.0000,4.37465,4.37468,5.08332,203.9,1.0000,0.3885,0.0000,0.4742,8.1293,0.000,unity
3.0800,0.00000,1.0000,0.0000,4.43915,4.43918,4.36633,525.0,1.0000,1.0000,0.0000,0.4742,8.2181,0.000,unity
3.1000,0.00000,1.0000,0.0000,4.50921,4.50925,5.17389,234.8,1.0000,0.4471,0.0000,0.4742,8.3084,0.000,unity
3.1200,0.00000,1.0000,0.0000,4.57448,4.57451,4.61263,525.0,1.0000,1.0000,0.0000,0.4742,8.4000,0.000,unity
3.1400,0.00000,1.0000,0.0000,4.64966,4.64970,5.23703,288.9,1.0000,0.5502,0.0000,0.4742,8.4931,0.000,unity
3.1600,0.00000,1.0000,0.0000,4.71889,4.71893,4.87098,525.0,1.0000,1.0000,0.0000,0.4742,8.5875,0.000,unity
3.1800,0.00000,1.0000,0.0000,4.80014,4.80019,5.29513,353.5,1.0000,0.6734,0.0000,0.4742,8.6836,0.000,unity
3.2000,0.00000,1.0000,0.0000,4.87467,4.87471,5.12825,522.5,1.0000,0.9953,0.0000,0.4742,8.7812,0.000,unity
3.2200,0.00000,1.0000,0.0000,4.96162,4.96167,5.41070,385.7,1.0000,0.7346,0.0000,0.4742,8.8805,0.000,unity
3.2400,0.00000,1.0000,0.0000,5.03769,5.03774,5.35142,480.4,1.0000,0.9151,0.0000,0.4742,8.9813,0.000,unity
3.2600,0.00000,1.0000,0.0000,5.11659,5.11678,6.02151,66.7,1.0000,0.1270,0.0000,0.4748,9.0837,0.000,unity
3.2800,0.00000,1.0000,0.0000,5.26391,5.26407,4.51042,525.0,1.0000,1.0000,0.0000,0.4752,9.1891,0.000,unity
3.3000,0.00000,1.0000,0.0000,5.01414,5.01426,13.85157,0.0,0.0000,0.0000,0.0000,0.4755,9.2892,0.000,unity
3.3200,0.00000,1.0000,0.0000,5.44033,5.44043,4.66370,525.0,1.0000,1.0000,0.0000,0.4757,9.3981,0.000,unity
3.3400,0.00000,1.0000,0.0000,5.04737,5.04744,20.99415,0.0,0.0000,0.0000,0.0000,0.4758,9.4987,0.000,unity
3.3600,0.00000,1.0000,0.0000,5.41512,5.41517,12.66783,0.0,0.0000,0.0000,0.0000,0.4758,9.6070,0.000,unity
3.3800,0.00000,1.0000,0.0000,5.47857,5.47861,1.77688,525.0,1.0000,1.0000,0.0000,0.4758,9.7166,0.000,unity
3.4000,0.00000,1.0000,0.0000,5.16835,5.16837,15.59763,0.0,0.0000,0.0000,0.0000,0.4757,9.8196,0.000,unity
3.4200,0.00000,1.0000,0.0000,5.57742,5.57744,5.38310,525.0,1.0000,1.0000,0.0000,0.4757,9.9312,0.000,unity
3.4400,0.00000,1.0000,0.0000,5.42120,5.42121,9.93201,0.0,0.0680,0.0000,0.0000,0.4756,10.0395,0.000,unity
3.4600,0.00000,1.0000,0.0000,5.91267,5.91270,6.30186,427.6,1.0000,0.8145,0.0000,0.4755,10.1580,0.000,unity
3.4800,0.00000,1.0000,0.0000,5.63906,5.63908,4.99464,525.0,1.0000,1.0000,0.0000,0.4754,10.2707,0.000,unity
3.5000,0.00000,1.0000,0.0000,5.33617,5.33618,19.56635,0.0,0.0000,0.0000,0.0000,0.4753,10.3769,0.000,unity
3.5200,0.00000,1.0000,0.0000,5.68462,5.68463,10.40169,0.0,0.0000,0.0000,0.0000,0.4753,10.4906,0.000,unity
3.5400,0.00000,1.0000,0.0000,5.77226,5.77227,12.20286,0.0,0.0000,0.0000,0.0000,0.4752,10.6060,0.000,unity
3.5600,0.00000,1.0000,0.0000,5.88847,5.88848,2.72538,525.0,1.0000,1.0000,0.0000,0.4751,10.7238,0.000,unity
3.5800,0.00000,1.0000,0.0000,5.51511,5.51512,19.48476,0.0,0.0000,0.0000,0.0000,0.4751,10.8337,0.000,unity
3.6000,0.00000,1.0000,0.0000,5.93668,5.93669,10.12141,0.0,0.0000,0.0000,0.0000,0.4751,10.9526,0.000,unity
3.6200,0.00000,1.0000,0.0000,6.05821,6.05823,5.67101,525.0,1.0000,1.0000,0.0000,0.4750,11.0739,0.000,unity
3.6400,0.00000,1.0000,0.0000,5.78040,5.78041,13.16983,0.0,0.0000,0.0000,0.0000,0.4750,11.1893,0.000,unity
3.6600,0.00000,1.0000,0.0000,5.91306,5.91307,10.65853,0.0,0.0000,0.0000,0.0000,0.4750,11.3075,0.000,unity
3.6800,0.00000,1.0000,0.0000,6.03853,6.03854,7.95317,0.0,1.0000,0.0000,0.0000,0.4750,11.4283,0.000,unity
3.7000,0.00000,1.0000,0.0000,6.11623,6.11625,4.65610,525.0,1.0000,1.0000,0.0000,0.4750,11.5507,0.000,unity
3.7200,0.00000,1.0000,0.0000,5.74794,5.74795,19.26769,0.0,0.0000,0.0000,0.0000,0.4750,11.6653,0.000,unity
3.7400,0.00000,1.0000,0.0000,6.04010,6.04011,9.55286,0.0,0.4471,0.0000,0.0000,0.4750,11.7860,0.000,unity
3.7600,0.00000,1.0000,0.0000,6.16695,6.16696,7.28774,0.0,1.0000,0.0000,0.0000,0.4750,11.9095,0.000,unity
3.7800,0.00000,1.0000,0.0000,6.16847,6.16848,1.57076,525.0,1.0000,1.0000,0.0000,0.4750,12.0329,0.000,unity
3.8000,0.00000,1.0000,0.0000,5.88499,5.88500,13.09891,0.0,0.0000,0.0000,0.0000,0.4750,12.1503,0.000,unity
3.8200,0.00000,1.0000,0.0000,6.38261,6.38262,5.14956,525.0,1.0000,1.0000,0.0000,0.4750,12.2782,0.000,unity
3.8400,0.00000,1.0000,0.0000,6.10899,6.10900,9.79732,0.0,0.2027,0.0000,0.0000,0.4750,12.4002,0.000,unity
3.8600,0.00000,1.0000,0.0000,6.41985,6.41987,6.38576,525.0,1.0000,1.0000,0.0000,0.4750,12.5289,0.000,unity
3.8800,0.00000,1.0000,0.0000,6.00548,6.00549,23.94146,0.0,0.0000,0.0000,0.0000,0.4750,12.6487,0.000,unity
3.9000,0.00000,1.0000,0.0000,5.92009,5.92009,17.88275,0.0,0.0000,0.0000,0.0000,0.4750,12.7667,0.000,unity
3.9200,0.00000,1.0000,0.0000,6.28676,6.28676,7.25252,24.0,1.0000,0.0457,0.0000,0.4750,12.8925,0.000,unity
3.9400,0.00000,1.0000,0.0000,6.12270,6.12270,20.37998,0.0,0.0000,0.0000,0.0000,0.4750,13.0148,0.000,unity
3.9600,0.00000,1.0000,0.0000,6.14244,6.14244,10.89456,0.0,0.0000,0.0000,0.0000,0.4750,13.1376,0.000,unity
3.9800,0.00000,1.0000,0.0000,6.67099,6.67100,6.37526,525.0,1.0000,1.0000,0.0000,0.4750,13.2715,0.000,unity
4.0000,0.00000,1.0000,0.0000,6.39740,6.39741,6.52937,525.0,1.0000,1.0000,0.0000,0.4750,13.3995,0.000,unity
4.0200,0.00000,1.0000,0.0000,6.15916,6.15917,22.30988,0.0,0.0000,0.0000,0.0000,0.4750,13.5225,0.000,unity
4.0400,0.00000,1.0000,0.0000,6.54321,6.54321,13.15964,0.0,0.0000,0.0000,0.0000,0.4750,13.6535,0.000,unity
4.0600,0.00000,1.0000,0.0000,6.64164,6.64165,3.22940,525.0,1.0000,1.0000,0.0000,0.4750,13.7866,0.000,unity
4.0800,0.00000,1.0000,0.0000,6.24929,6.24930,21.89643,0.0,0.0000,0.0000,0.0000,0.4750,13.9114,0.000,unity
4.1000,0.00000,1.0000,0.0000,6.66530,6.66532,12.77307,0.0,0.0000,0.0000,0.0000,0.4750,14.0449,0.000,unity
4.1200,0.00000,1.0000,0.0000,6.80727,6.80728,3.55094,525.0,1.0000,1.0000,0.0000,0.4750,14.1813,0.000,unity
4.1400,0.00000,1.0000,0.0000,6.53287,6.53288,12.10846,0.0,0.0000,0.0000,0.0000,0.4750,14.3119,0.000,unity
4.1600,0.00000,1.0000,0.0000,6.96473,6.96476,3.53975,525.0,1.0000,1.0000,0.0000,0.4750,14.4515,0.000,unity
4.1800,0.00000,1.0000,0.0000,6.69113,6.69115,9.66133,0.0,0.3387,0.0000,0.0000,0.4750,14.5853,0.000,unity
4.2000,0.00000,1.0000,0.0000,6.98166,6.98169,5.56136,525.0,1.0000,1.0000,0.0000,0.4750,14.7251,0.000,unity
4.2200,0.00000,1.0000,0.0000,6.60573,6.60575,21.58962,0.0,0.0000,0.0000,0.0000,0.4750,14.8570,0.000,unity
4.2400,0.00000,1.0000,0.0000,6.70954,6.70956,11.89761,0.0,0.0000,0.0000,0.0000,0.4750,14.9910,0.000,unity
4.2600,0.00000,1.0000,0.0000,7.21991,7.21994,5.01861,525.0,1.0000,1.0000,0.0000,0.4750,15.1358,0.000,unity
4.2800,0.00000,1.0000,0.0000,6.94630,6.94633,6.80106,525.0,1.0000,1.0000,0.0000,0.4750,15.2747,0.000,unity
4.3000,0.00000,1.0000,0.0000,6.86852,6.86854,13.07610,0.0,0.0000,0.0000,0.0000,0.4750,15.4119,0.000,unity
4.3200,0.00000,1.0000,0.0000,7.39705,7.39709,5.54334,525.0,1.0000,1.0000,0.0000,0.4750,15.5602,0.000,unity
4.3400,0.00000,1.0000,0.0000,7.12344,7.12348,8.10470,13.1,1.0000,0.0250,0.0000,0.4750,15.7026,0.000,unity
4.3600,0.00000,1.0000,0.0000,7.12438,7.12441,12.02580,0.0,0.0000,0.0000,0.0000,0.4750,15.8451,0.000,unity
4.3800,0.00000,1.0000,0.0000,7.23398,7.23401,12.65484,0.0,0.0000,0.0000,0.0000,0.4750,15.9897,0.000,unity
4.4000,0.00000,1.0000,0.0000,7.35460,7.35464,3.67370,525.0,1.0000,1.0000,0.0000,0.4750,16.1369,0.000,unity
4.4200,0.00000,1.0000,0.0000,6.95784,6.95786,22.55787,0.0,0.0000,0.0000,0.0000,0.4750,16.2756,0.000,unity
4.4400,0.00000,1.0000,0.0000,7.19990,7.19992,13.00207,0.0,0.0000,0.0000,0.0000,0.4750,16.4195,0.000,unity
4.4600,0.00000,1.0000,0.0000,7.28114,7.28115,14.07135,0.0,0.0000,0.0000,0.0000,0.4750,16.5651,0.000,unity
4.4800,0.00000,1.0000,0.0000,7.39584,7.39586,5.04887,525.0,1.0000,1.0000,0.0000,0.4750,16.7130,0.000,unity
4.5000,0.00000,1.0000,0.0000,7.00502,7.00502,23.44234,0.0,0.0000,0.0000,0.0000,0.4750,16.8527,0.000,unity
4.5200,0.00000,1.0000,0.0000,7.39858,7.39859,14.22459,0.0,0.0000,0.0000,0.0000,0.4750,17.0007,0.000,unity
4.5400,0.00000,1.0000,0.0000,7.53052,7.53053,3.32751,525.0,1.0000,1.0000,0.0000,0.4750,17.1515,0.000,unity
4.5600,0.00000,1.0000,0.0000,7.16739,7.16740,19.51453,0.0,0.0000,0.0000,0.0000,0.4750,17.2945,0.000,unity
4.5800,0.00000,1.0000,0.0000,7.57874,7.57874,7.95266,438.3,1.0000,0.8348,0.0000,0.4750,17.4463,0.000,unity
4.6000,0.00000,1.0000,0.0000,7.47023,7.47024,8.41145,41.2,1.0000,0.0784,0.0000,0.4750,17.5957,0.000,unity
4.6200,0.00000,1.0000,0.0000,7.57523,7.57524,6.89245,525.0,1.0000,1.0000,0.0000,0.4750,17.7472,0.000,unity
4.6400,0.00000,1.0000,0.0000,7.28239,7.28239,19.36279,0.0,0.0000,0.0000,0.0000,0.4750,17.8926,0.000,unity
4.6600,0.00000,1.0000,0.0000,7.73047,7.73048,7.55556,525.0,1.0000,1.0000,0.0000,0.4750,18.0475,0.000,unity
4.6800,0.00000,1.0000,0.0000,7.57187,7.57188,11.44242,0.0,0.0000,0.0000,0.0000,0.4750,18.1989,0.000,unity
4.7000,0.00000,1.0000,0.0000,8.07166,8.07168,3.95423,525.0,1.0000,1.0000,0.0000,0.4750,18.3608,0.000,unity
4.7200,0.00000,1.0000,0.0000,7.79805,7.79808,8.00897,525.0,1.0000,1.0000,0.0000,0.4750,18.5168,0.000,unity
4.7400,0.00000,1.0000,0.0000,7.68523,7.68525,17.38763,0.0,0.0000,0.0000,0.0000,0.4750,18.6704,0.000,unity
4.7600,0.00000,1.0000,0.0000,8.09510,8.09514,4.00573,525.0,1.0000,1.0000,0.0000,0.4750,18.8327,0.000,unity
4.7800,0.00000,1.0000,0.0000,7.71389,7.71392,21.00855,0.0,0.0000,0.0000,0.0000,0.4750,18.9867,0.000,unity
4.8000,0.00000,1.0000,0.0000,8.11547,8.11550,9.73591,0.0,0.2641,0.0000,0.0000,0.4750,19.1493,0.000,unity
4.8200,0.00000,1.0000,0.0000,8.10343,8.10347,6.13687,525.0,1.0000,1.0000,0.0000,0.4750,19.3114,0.000,unity
4.8400,0.00000,1.0000,0.0000,7.75826,7.75829,21.87052,0.0,0.0000,0.0000,0.0000,0.4750,19.4663,0.000,unity
4.8600,0.00000,1.0000,0.0000,8.21396,8.21399,10.96613,0.0,0.0000,0.0000,0.0000,0.4750,19.6307,0.000,unity
4.8800,0.00000,1.0000,0.0000,8.30769,8.30773,3.87244,525.0,1.0000,1.0000,0.0000,0.4750,19.7971,0.000,unity
4.9000,0.00000,1.0000,0.0000,7.93635,7.93638,20.37469,0.0,0.0000,0.0000,0.0000,0.4750,19.9555,0.000,unity
4.9200,0.00000,1.0000,0.0000,8.25566,8.25569,8.31997,525.0,1.0000,1.0000,0.0000,0.4750,20.1207,0.000,unity
4.9400,0.00000,1.0000,0.0000,8.10919,8.10921,14.13483,0.0,0.0000,0.0000,0.0000,0.4750,20.2827,0.000,unity
4.9600,0.00000,1.0000,0.0000,8.60061,8.60065,2.34144,525.0,1.0000,1.0000,0.0000,0.4750,20.4550,0.000,unity
4.9800,0.00000,1.0000,0.0000,8.32701,8.32704,9.45450,0.0,0.5455,0.0000,0.0000,0.4750,20.6215,0.000,unity
5.0000,0.00000,1.0000,0.0000,8.44485,8.44489,7.51205,525.0,1.0000,1.0000,0.0000,0.4750,20.7904,0.000,unity
5.0200,0.00000,1.0000,0.0000,8.14356,8.14359,19.18625,0.0,0.0000,0.0000,0.0000,0.4750,20.9530,0.000,unity
5.0400,0.00000,1.0000,0.0000,8.62147,8.62150,6.26917,525.0,1.0000,1.0000,0.0000,0.4750,21.1256,0.000,unity
5.0600,0.00000,1.0000,0.0000,8.25494,8.25496,23.38804,0.0,0.0000,0.0000,0.0000,0.4750,21.2904,0.000,unity
5.0800,0.00000,1.0000,0.0000,8.62341,8.62343,12.53277,0.0,0.0000,0.0000,0.0000,0.4750,21.4630,0.000,unity
5.1000,0.00000,1.0000,0.0000,8.75264,8.75267,7.10372,525.0,1.0000,1.0000,0.0000,0.4750,21.6382,0.000,unity
5.1200,0.00000,1.0000,0.0000,8.45778,8.45780,19.07196,0.0,0.0000,0.0000,0.0000,0.4750,21.8071,0.000,unity
5.1400,0.00000,1.0000,0.0000,8.69066,8.69069,8.10855,525.0,1.0000,1.0000,0.0000,0.4750,21.9810,0.000,unity
5.1600,0.00000,1.0000,0.0000,8.37633,8.37634,24.03632,0.0,0.0000,0.0000,0.0000,0.4750,22.1482,0.000,unity
5.1800,0.00000,1.0000,0.0000,8.82704,8.82706,13.02005,0.0,0.0000,0.0000,0.0000,0.4750,22.3249,0.000,unity
5.2000,0.00000,1.0000,0.0000,8.92818,8.92820,6.70853,525.0,1.0000,1.0000,0.0000,0.4750,22.5036,0.000,unity
5.2200,0.00000,1.0000,0.0000,8.57949,8.57951,22.76137,0.0,0.0000,0.0000,0.0000,0.4750,22.6750,0.000,unity
5.2400,0.00000,1.0000,0.0000,8.81944,8.81946,11.16407,0.0,0.0000,0.0000,0.0000,0.4750,22.8514,0.000,unity
5.2600,0.00000,1.0000,0.0000,8.77212,8.77214,20.07251,0.0,0.0000,0.0000,0.0000,0.4750,23.0268,0.000,unity
5.2800,0.00000,1.0000,0.0000,8.85432,8.85434,8.39948,525.0,1.0000,1.0000,0.0000,0.4750,23.2038,0.000,unity
5.3000,0.00000,1.0000,0.0000,8.62316,8.62317,21.20895,0.0,0.0000,0.0000,0.0000,0.4750,23.3760,0.000,unity
5.3200,0.00000,1.0000,0.0000,9.10152,9.10153,8.45906,471.7,0.8985,1.0000,0.0000,0.4750,23.5583,0.000,unity
5.3400,0.00000,1.0000,0.0000,8.90572,8.90573,14.22178,0.0,0.0000,0.0000,0.0000,0.4750,23.7364,0.000,unity
5.3600,0.00000,1.0000,0.0000,9.18111,9.18113,8.46105,429.9,0.8189,1.0000,0.0000,0.4750,23.9202,0.000,unity
5.3800,0.00000,1.0000,0.0000,8.98672,8.98674,14.74767,0.0,0.0000,0.0000,0.0000,0.4750,24.0999,0.000,unity
5.4000,0.00000,1.0000,0.0000,9.21711,9.21714,11.25255,0.0,0.0000,0.0000,0.0000,0.4750,24.2844,0.000,unity
5.4200,0.00000,1.0000,0.0000,9.22099,9.22102,6.61611,409.0,0.7790,1.0000,0.0000,0.4750,24.4689,0.000,unity
5.4400,0.00000,1.0000,0.0000,8.83812,8.83813,23.32053,0.0,0.0000,0.0000,0.0000,0.4750,24.6453,0.000,unity
5.4600,0.00000,1.0000,0.0000,9.29267,9.29269,11.84554,0.0,0.0000,0.0000,0.0000,0.4750,24.8313,0.000,unity
5.4800,0.00000,1.0000,0.0000,9.35346,9.35349,5.21380,339.4,0.6465,1.0000,0.0000,0.4750,25.0185,0.000,unity
5.5000,0.00000,1.0000,0.0000,8.95254,8.95256,22.53880,0.0,0.0000,0.0000,0.0000,0.4750,25.1972,0.000,unity
5.5200,0.00000,1.0000,0.0000,9.30407,9.30408,10.03853,0.0,0.0000,0.3541,0.0000,0.4750,25.3834,0.000,unity
5.5400,0.00000,1.0000,0.0000,9.21643,9.21644,10.73509,0.0,0.0000,0.0000,0.0000,0.4750,25.5676,0.000,unity
5.5600,0.00000,1.0000,0.0000,9.10944,9.10945,20.21704,0.0,0.0000,0.0000,0.0000,0.4750,25.7496,0.000,unity
5.5800,0.00000,1.0000,0.0000,9.14633,9.14633,15.17698,0.0,0.0000,0.0000,0.0000,0.4750,25.9324,0.000,unity
5.6000,0.00000,1.0000,0.0000,9.16450,9.16451,21.39453,0.0,0.0000,0.0000,0.0000,0.4750,26.1155,0.000,unity
5.6200,0.00000,1.0000,0.0000,9.24914,9.24914,8.11688,394.2,0.7509,1.0000,0.0000,0.4750,26.3005,0.000,unity
5.6400,0.00000,1.0000,0.0000,8.94337,8.94337,21.51722,0.0,0.0000,0.0000,0.0000,0.4750,26.4790,0.000,unity
5.6600,0.00000,1.0000,0.0000,9.42616,9.42616,9.20845,301.3,0.5738,1.0000,0.0000,0.4750,26.6677,0.000,unity
5.6800,0.00000,1.0000,0.0000,9.27638,9.27638,11.90990,0.0,0.0000,0.0000,0.0000,0.4750,26.8532,0.000,unity
5.7000,0.00000,1.0000,0.0000,9.46305,9.46305,9.38700,281.9,0.5369,1.0000,0.0000,0.4750,27.0426,0.000,unity
5.7200,0.00000,1.0000,0.0000,9.31635,9.31636,11.28201,0.0,0.0000,0.0000,0.0000,0.4750,27.2290,0.000,unity
5.7400,0.00000,1.0000,0.0000,9.56134,9.56134,4.67391,230.3,0.4387,1.0000,0.0000,0.4750,27.4204,0.000,unity
5.7600,0.00000,1.0000,0.0000,9.16141,9.16141,21.51867,0.0,0.0000,0.0000,0.0000,0.4750,27.6034,0.000,unity
5.7800,0.00000,1.0000,0.0000,9.58441,9.58441,8.64957,218.2,0.4156,1.0000,0.0000,0.4750,27.7953,0.000,unity
5.8000,0.00000,1.0000,0.0000,9.37165,9.37166,14.72396,0.0,0.0000,0.0000,0.0000,0.4750,27.9827,0.000,unity
5.8200,0.00000,1.0000,0.0000,9.57971,9.57972,12.33919,0.0,0.0000,0.0000,0.0000,0.4750,28.1744,0.000,unity
5.8400,0.00000,1.0000,0.0000,9.62263,9.62264,6.93452,198.1,0.3774,1.0000,0.0000,0.4750,28.3670,0.000,unity
5.8600,0.00000,1.0000,0.0000,9.25294,9.25295,22.24404,0.0,0.0000,0.0000,0.0000,0.4750,28.5518,0.000,unity
5.8800,0.00000,1.0000,0.0000,9.54492,9.54493,9.68533,165.2,0.3147,1.0000,0.0000,0.4750,28.7427,0.000,unity
5.9000,0.00000,1.0000,0.0000,9.29138,9.29138,21.94667,0.0,0.0000,0.0000,0.0000,0.4750,28.9283,0.000,unity
5.9200,0.00000,1.0000,0.0000,9.56524,9.56525,8.61371,228.2,0.4348,1.0000,0.0000,0.4750,29.1197,0.000,unity
5.9400,0.00000,1.0000,0.0000,9.24747,9.24747,22.37995,0.0,0.0000,0.0000,0.0000,0.4750,29.3043,0.000,unity
5.9600,0.00000,1.0000,0.0000,9.73078,9.73079,10.00922,0.0,0.0000,0.9621,0.0000,0.4750,29.4992,0.000,unity
5.9800,0.00000,1.0000,0.0000,9.62033,9.62033,8.72226,199.3,0.3797,1.0000,0.0000,0.4750,29.6917,0.000,unity
6.0000,0.00000,1.0000,0.0000,9.27645,9.27645,22.87526,0.0,0.0000,0.0000,0.0000,0.4750,29.8769,0.000,unity
6.0200,0.00000,1.0000,0.0000,9.74949,9.74949,9.96412,18.8,0.0359,1.0000,0.0000,0.4750,30.0721,0.000,unity
6.0400,0.00000,1.0000,0.0000,9.62217,9.62217,9.15970,198.4,0.3778,1.0000,0.0000,0.4750,30.2646,0.000,unity
6.0600,0.00000,1.0000,0.0000,9.39320,9.39320,20.11533,0.0,0.0000,0.0000,0.0000,0.4750,30.4523,0.000,unity
6.0800,0.00000,1.0000,0.0000,9.83482,9.83483,6.07353,86.7,0.1652,1.0000,0.0000,0.4750,30.6492,0.000,unity
6.1000,0.00000,1.0000,0.0000,9.41993,9.41994,23.52138,0.0,0.0000,0.0000,0.0000,0.4750,30.8374,0.000,unity
6.1200,0.00000,1.0000,0.0000,9.51097,9.51097,14.75890,0.0,0.0000,0.0000,0.0000,0.4750,31.0275,0.000,unity
6.1400,0.00000,1.0000,0.0000,9.91921,9.91921,3.02456,42.4,0.0808,1.0000,0.0000,0.4750,31.2263,0.000,unity
6.1600,0.00000,1.0000,0.0000,9.61819,9.61819,13.48971,0.0,0.0000,0.0000,0.0000,0.4750,31.4186,0.000,unity
6.1800,0.00000,1.0000,0.0000,9.60658,9.60659,21.45889,0.0,0.0000,0.0000,0.0000,0.4750,31.6106,0.000,unity
6.2000,0.00000,1.0000,0.0000,9.69881,9.69881,7.68234,158.1,0.3012,1.0000,0.0000,0.4750,31.8046,0.000,unity
6.2200,0.00000,1.0000,0.0000,9.32672,9.32672,20.16520,0.0,0.0000,0.0000,0.0000,0.4750,31.9908,0.000,unity
6.2400,0.00000,1.0000,0.0000,9.81265,9.81265,6.58668,98.4,0.1873,1.0000,0.0000,0.4750,32.1872,0.000,unity
6.2600,0.00000,1.0000,0.0000,9.37654,9.37654,22.87114,0.0,0.0000,0.0000,0.0000,0.4750,32.3744,0.000,unity
6.2800,0.00000,1.0000,0.0000,9.85038,9.85038,10.68076,0.0,0.0000,0.2262,0.0000,0.4750,32.5717,0.000,unity
6.3000,0.00000,1.0000,0.0000,9.78138,9.78139,6.85382,114.8,0.2186,1.0000,0.0000,0.4750,32.7674,0.000,unity
6.3200,0.00000,1.0000,0.0000,9.26683,9.26683,22.44749,0.0,0.0000,0.0000,0.0000,0.4750,32.9523,0.000,unity
6.3400,0.00000,1.0000,0.0000,9.69220,9.69220,10.06121,0.0,0.0000,0.8413,0.0000,0.4750,33.1462,0.000,unity
6.3600,0.00000,1.0000,0.0000,9.66450,9.66450,12.25910,0.0,0.0000,0.0000,0.0000,0.4750,33.3396,0.000,unity
6.3800,0.00000,1.0000,0.0000,9.73359,9.73359,14.98324,0.0,0.0000,0.0000,0.0000,0.4750,33.5343,0.000,unity
6.4000,0.00000,1.0000,0.0000,9.86812,9.86812,9.50390,69.2,0.1319,1.0000,0.0000,0.4750,33.7319,0.000,unity
6.4200,0.00000,1.0000,0.0000,9.70050,9.70050,11.43414,0.0,0.0000,0.0000,0.0000,0.4750,33.9259,0.000,unity
6.4400,0.00000,1.0000,0.0000,9.64727,9.64727,18.42153,0.0,0.0000,0.0000,0.0000,0.4750,34.1188,0.000,unity
6.4600,0.00000,1.0000,0.0000,9.70563,9.70563,15.80519,0.0,0.0000,0.0000,0.0000,0.4750,34.3129,0.000,unity
6.4800,0.00000,1.0000,0.0000,9.82189,9.82190,12.08953,0.0,0.0000,0.0000,0.0000,0.4750,34.5095,0.000,unity
6.5000,0.00000,1.0000,0.0000,9.85144,9.85144,7.51707,78.0,0.1486,1.0000,0.0000,0.4750,34.7066,0.000,unity
6.5200,0.00000,1.0000,0.0000,9.51306,9.51306,19.57387,0.0,0.0000,0.0000,0.0000,0.4750,34.8966,0.000,unity
6.5400,0.00000,1.0000,0.0000,9.89584,9.89584,4.34294,54.7,0.1042,1.0000,0.0000,0.4750,35.0947,0.000,unity
6.5600,0.00000,1.0000,0.0000,9.48369,9.48369,17.86590,0.0,0.0000,0.0000,0.0000,0.4750,35.2840,0.000,unity
6.5800,0.00000,1.0000,0.0000,10.01787,10.01787,1.55312,0.0,0.0000,1.0000,0.0000,0.4750,35.4847,0.000,unity
6.6000,0.00000,1.0000,0.0000,9.74426,9.74426,9.36406,134.3,0.2557,1.0000,0.0000,0.4750,35.6796,0.000,unity
6.6200,0.00000,1.0000,0.0000,9.56454,9.56454,17.76160,0.0,0.0000,0.0000,0.0000,0.4750,35.8706,0.000,unity
6.6400,0.00000,1.0000,0.0000,9.98893,9.98894,2.27033,5.8,0.0111,1.0000,0.0000,0.4750,36.0706,0.000,unity
6.6600,0.00000,1.0000,0.0000,9.71228,9.71228,10.94710,0.0,0.0000,0.0000,0.0000,0.4750,36.2648,0.000,unity
6.6800,0.00000,1.0000,0.0000,9.80497,9.80497,9.65340,102.4,0.1950,1.0000,0.0000,0.4750,36.4609,0.000,unity
6.7000,0.00000,1.0000,0.0000,9.52381,9.52381,22.10512,0.0,0.0000,0.0000,0.0000,0.4750,36.6511,0.000,unity
6.7200,0.00000,1.0000,0.0000,9.84141,9.84141,9.28367,83.3,0.1586,1.0000,0.0000,0.4750,36.8480,0.000,unity
6.7400,0.00000,1.0000,0.0000,9.56206,9.56206,19.09365,0.0,0.0000,0.0000,0.0000,0.4750,37.0390,0.000,unity
6.7600,0.00000,1.0000,0.0000,10.00759,10.00759,3.49079,0.0,0.0000,1.0000,0.0000,0.4750,37.2395,0.000,unity
6.7800,0.00000,1.0000,0.0000,9.69290,9.69290,13.80383,0.0,0.0000,0.0000,0.0000,0.4750,37.4332,0.000,unity
6.8000,0.00000,1.0000,0.0000,9.93490,9.93490,9.78872,34.2,0.0651,1.0000,0.0000,0.4750,37.6321,0.000,unity
6.8200,0.00000,1.0000,0.0000,9.79081,9.79081,10.58318,0.0,0.0000,0.2768,0.0000,0.4750,37.8279,0.000,unity
6.8400,0.00000,1.0000,0.0000,9.63454,9.63454,20.12106,0.0,0.0000,0.0000,0.0000,0.4750,38.0204,0.000,unity
6.8600,0.00000,1.0000,0.0000,9.66083,9.66083,20.26114,0.0,0.0000,0.0000,0.0000,0.4750,38.2135,0.000,unity
6.8800,0.00000,1.0000,0.0000,9.63074,9.63074,21.22128,0.0,0.0000,0.0000,0.0000,0.4750,38.4060,0.000,unity
6.9000,0.00000,1.0000,0.0000,9.60000,9.60000,21.87693,0.0,0.0000,0.0000,0.0000,0.4750,38.5979,0.000,unity
6.9200,0.00000,1.0000,0.0000,9.58798,9.58798,20.80467,0.0,0.0000,0.0000,0.0000,0.4750,38.7895,0.000,unity
6.9400,0.00000,1.0000,0.0000,9.75244,9.75244,13.18553,0.0,0.0000,0.0000,0.0000,0.4750,38.9847,0.000,unity
6.9600,0.00000,1.0000,0.0000,9.70683,9.70683,22.13543,0.0,0.0000,0.0000,0.0000,0.4750,39.1788,0.000,unity
6.9800,0.00000,1.0000,0.0000,9.79541,9.79541,8.59224,107.4,0.2046,1.0000,0.0000,0.4750,39.3749,0.000,unity
7.0000,0.00000,1.0000,0.0000,9.55625,9.55625,17.10357,0.0,0.0000,0.0000,0.0000,0.4750,39.5659,0.000,unity
7.0200,0.00000,1.0000,0.0000,10.09608,10.09608,1.44964,0.0,0.0000,1.0000,0.0000,0.4750,39.7683,0.000,unity
7.0400,0.00000,1.0000,0.0000,9.82248,9.82248,9.92945,37.0,0.0705,1.0000,0.0000,0.4750,39.9648,0.000,unity
7.0600,0.00000,1.0000,0.0000,9.56602,9.56602,22.21944,0.0,0.0000,0.0000,0.0000,0.4750,40.1559,0.000,unity
7.0800,0.00000,1.0000,0.0000,9.79783,9.79783,9.24730,106.1,0.2022,1.0000,0.0000,0.4750,40.3520,0.000,unity
7.1000,0.00000,1.0000,0.0000,9.65918,9.65918,14.91578,0.0,0.0000,0.0000,0.0000,0.4750,40.5451,0.000,unity
7.1200,0.00000,1.0000,0.0000,10.11449,10.11450,1.20941,0.0,0.0000,1.0000,0.0000,0.4750,40.7478,0.000,unity
7.1400,0.00000,1.0000,0.0000,9.84089,9.84089,9.83314,83.5,0.1591,1.0000,0.0000,0.4750,40.9446,0.000,unity
7.1600,0.00000,1.0000,0.0000,9.58339,9.58339,22.30785,0.0,0.0000,0.0000,0.0000,0.4750,41.1360,0.000,unity
7.1800,0.00000,1.0000,0.0000,9.86270,9.86270,8.72005,72.1,0.1373,1.0000,0.0000,0.4750,41.3334,0.000,unity
7.2000,0.00000,1.0000,0.0000,9.53393,9.53393,21.52939,0.0,0.0000,0.0000,0.0000,0.4750,41.5238,0.000,unity
7.2200,0.00000,1.0000,0.0000,10.02758,10.02758,8.35211,0.0,0.0000,1.0000,0.0000,0.4750,41.7246,0.000,unity
7.2400,0.00000,1.0000,0.0000,9.74826,9.74826,17.14982,0.0,0.0000,0.0000,0.0000,0.4750,41.9195,0.000,unity
7.2600,0.00000,1.0000,0.0000,9.74514,9.74514,22.35816,0.0,0.0000,0.0000,0.0000,0.4750,42.1143,0.000,unity
7.2800,0.00000,1.0000,0.0000,9.83363,9.83364,9.07015,87.3,0.1664,1.0000,0.0000,0.4750,42.3110,0.000,unity
7.3000,0.00000,1.0000,0.0000,9.69243,9.69243,14.08913,0.0,0.0000,0.0000,0.0000,0.4750,42.5047,0.000,unity
7.3200,0.00000,1.0000,0.0000,10.16483,10.16483,1.12311,0.0,0.0000,1.0000,0.0000,0.4750,42.7084,0.000,unity
7.3400,0.00000,1.0000,0.0000,9.89122,9.89122,8.68246,57.1,0.1088,1.0000,0.0000,0.4750,42.9063,0.000,unity
7.3600,0.00000,1.0000,0.0000,9.53515,9.53515,22.12477,0.0,0.0000,0.0000,0.0000,0.4750,43.0966,0.000,unity
7.3800,0.00000,1.0000,0.0000,10.02378,10.02378,8.28408,0.0,0.0000,1.0000,0.0000,0.4750,43.2973,0.000,unity
7.4000,0.00000,1.0000,0.0000,9.73929,9.73929,16.83030,0.0,0.0000,0.0000,0.0000,0.4750,43.4919,0.000,unity
7.4200,0.00000,1.0000,0.0000,9.86021,9.86021,17.18279,0.0,0.0000,0.0000,0.0000,0.4750,43.6891,0.000,unity
7.4400,0.00000,1.0000,0.0000,9.99713,9.99713,8.40382,1.5,0.0029,1.0000,0.0000,0.4750,43.8892,0.000,unity
7.4600,0.00000,1.0000,0.0000,9.72642,9.72642,16.18847,0.0,0.0000,0.0000,0.0000,0.4750,44.0836,0.000,unity
7.4800,0.00000,1.0000,0.0000,9.96134,9.96134,11.72695,0.0,0.0000,0.0000,0.0000,0.4750,44.2829,0.000,unity
7.5000,0.00000,1.0000,0.0000,9.95598,9.95599,7.52620,23.1,0.0440,1.0000,0.0000,0.4750,44.4821,0.000,unity
7.5200,0.00000,1.0000,0.0000,9.54401,9.54401,19.69231,0.0,0.0000,0.0000,0.0000,0.4750,44.6726,0.000,unity
7.5400,0.00000,1.0000,0.0000,10.06066,10.06066,4.22673,0.0,0.0000,1.0000,0.0000,0.4750,44.8740,0.000,unity
7.5600,0.00000,1.0000,0.0000,9.71077,9.71077,16.69947,0.0,0.0000,0.0000,0.0000,0.4750,45.0681,0.000,unity
7.5800,0.00000,1.0000,0.0000,9.97351,9.97351,10.41055,0.0,0.0000,0.7506,0.0000,0.4750,45.2677,0.000,unity
7.6000,0.00000,1.0000,0.0000,9.87080,9.87080,8.46621,67.8,0.1292,1.0000,0.0000,0.4750,45.4651,0.000,unity
7.6200,0.00000,1.0000,0.0000,9.59295,9.59295,17.88885,0.0,0.0000,0.0000,0.0000,0.4750,45.6566,0.000,unity
7.6400,0.00000,1.0000,0.0000,10.13039,10.13039,1.39768,0.0,0.0000,1.0000,0.0000,0.4750,45.8596,0.000,unity
7.6600,0.00000,1.0000,0.0000,9.85678,9.85678,9.23888,75.2,0.1432,1.0000,0.0000,0.4750,46.0567,0.000,unity
7.6800,0.00000,1.0000,0.0000,9.70711,9.70711,15.10034,0.0,0.0000,0.0000,0.0000,0.4750,46.2506,0.000,unity
7.7000,0.00000,1.0000,0.0000,10.16369,10.16369,0.79264,0.0,0.0000,1.0000,0.0000,0.4750,46.4542,0.000,unity
7.7200,0.00000,1.0000,0.0000,9.89009,9.89009,8.60364,57.7,0.1099,1.0000,0.0000,0.4750,46.6520,0.000,unity
7.7400,0.00000,1.0000,0.0000,9.61669,9.61669,18.18624,0.0,0.0000,0.0000,0.0000,0.4750,46.8441,0.000,unity
7.7600,0.00000,1.0000,0.0000,10.15003,10.15003,3.04902,0.0,0.0000,1.0000,0.0000,0.4750,47.0474,0.000,unity
7.7800,0.00000,1.0000,0.0000,9.85406,9.85406,12.88023,0.0,0.0000,0.0000,0.0000,0.4750,47.2444,0.000,unity
7.8000,0.00000,1.0000,0.0000,9.78253,9.78253,22.40440,0.0,0.0000,0.0000,0.0000,0.4750,47.4399,0.000,unity
7.8200,0.00000,1.0000,0.0000,9.87494,9.87494,8.99353,65.7,0.1251,1.0000,0.0000,0.4750,47.6374,0.000,unity
7.8400,0.00000,1.0000,0.0000,9.71043,9.71043,14.68163,0.0,0.0000,0.0000,0.0000,0.4750,47.8314,0.000,unity
7.8600,0.00000,1.0000,0.0000,10.20708,10.20708,1.41203,0.0,0.0000,1.0000,0.0000,0.4750,48.0359,0.000,unity
7.8800,0.00000,1.0000,0.0000,9.93347,9.93347,8.42856,34.9,0.0665,1.0000,0.0000,0.4750,48.2346,0.000,unity
7.9000,0.00000,1.0000,0.0000,9.54070,9.54071,22.40150,0.0,0.0000,0.0000,0.0000,0.4750,48.4250,0.000,unity
7.9200,0.00000,1.0000,0.0000,10.02946,10.02946,8.59171,0.0,0.0000,1.0000,0.0000,0.4750,48.6258,0.000,unity
7.9400,0.00000,1.0000,0.0000,9.77156,9.77156,15.61644,0.0,0.0000,0.0000,0.0000,0.4750,48.8211,0.000,unity
7.9600,0.00000,1.0000,0.0000,9.98643,9.98643,12.61465,0.0,0.0000,0.0000,0.0000,0.4750,49.0210,0.000,unity
7.9800,0.00000,1.0000,0.0000,10.03251,10.03251,7.11765,0.0,0.0000,1.0000,0.0000,0.4750,49.2218,0.000,unity
8.0000,0.00000,1.0000,0.0000,9.65961,9.65961,21.02026,0.0,0.0000,0.0000,0.0000,0.4750,49.4147,0.000,unity
8.0200,0.00000,1.0000,0.0000,9.93463,9.93463,8.13309,34.3,0.0654,1.0000,0.0000,0.4750,49.6135,0.000,unity
8.0400,0.00000,1.0000,0.0000,9.51698,9.51698,22.33258,0.0,0.0000,0.0000,0.0000,0.4750,49.8034,0.000,unity
8.0600,0.00000,1.0000,0.0000,9.99895,9.99896,8.49643,0.5,0.0010,1.0000,0.0000,0.4750,50.0036,0.000,unity
8.0800,0.00000,1.0000,0.0000,9.73089,9.73089,15.82615,0.0,0.0000,0.0000,0.0000,0.4750,50.1981,0.000,unity
8.1000,0.00000,1.0000,0.0000,10.10560,10.10560,5.22236,0.0,0.0000,1.0000,0.0000,0.4750,50.4005,0.000,unity
8.1200,0.00000,1.0000,0.0000,9.70605,9.70605,21.20510,0.0,0.0000,0.0000,0.0000,0.4750,50.5945,0.000,unity
8.1400,0.00000,1.0000,0.0000,9.70053,9.70054,20.99752,0.0,0.0000,0.0000,0.0000,0.4750,50.7884,0.000,unity
8.1600,0.00000,1.0000,0.0000,9.74828,9.74828,18.96572,0.0,0.0000,0.0000,0.0000,0.4750,50.9833,0.000,unity
8.1800,0.00000,1.0000,0.0000,9.73970,9.73970,22.17398,0.0,0.0000,0.0000,0.0000,0.4750,51.1780,0.000,unity
8.2000,0.00000,1.0000,0.0000,9.77449,9.77449,15.23311,0.0,0.0000,0.0000,0.0000,0.4750,51.3735,0.000,unity
8.2200,0.00000,1.0000,0.0000,9.92841,9.92842,15.15400,0.0,0.0000,0.0000,0.0000,0.4750,51.5723,0.000,unity
8.2400,0.00000,1.0000,0.0000,10.04826,10.04826,7.57768,0.0,0.0000,1.0000,0.0000,0.4750,51.7735,0.000,unity
8.2600,0.00000,1.0000,0.0000,9.70076,9.70076,20.42571,0.0,0.0000,0.0000,0.0000,0.4750,51.9674,0.000,unity
8.2800,0.00000,1.0000,0.0000,9.74192,9.74192,19.21783,0.0,0.0000,0.0000,0.0000,0.4750,52.1622,0.000,unity
8.3000,0.00000,1.0000,0.0000,9.73117,9.73117,22.12597,0.0,0.0000,0.0000,0.0000,0.4750,52.3568,0.000,unity
8.3200,0.00000,1.0000,0.0000,9.75355,9.75355,15.73034,0.0,0.0000,0.0000,0.0000,0.4750,52.5518,0.000,unity
8.3400,0.00000,1.0000,0.0000,9.94122,9.94122,13.84225,0.0,0.0000,0.0000,0.0000,0.4750,52.7508,0.000,unity
8.3600,0.00000,1.0000,0.0000,10.04513,10.04514,7.29309,0.0,0.0000,1.0000,0.0000,0.4750,52.9520,0.000,unity
8.3800,0.00000,1.0000,0.0000,9.68363,9.68363,20.39880,0.0,0.0000,0.0000,0.0000,0.4750,53.1455,0.000,unity
8.4000,0.00000,1.0000,0.0000,9.78870,9.78870,16.44744,0.0,0.0000,0.0000,0.0000,0.4750,53.3412,0.000,unity
8.4200,0.00000,1.0000,0.0000,9.78885,9.78885,21.86668,0.0,0.0000,0.0000,0.0000,0.4750,53.5370,0.000,unity
8.4400,0.00000,1.0000,0.0000,9.88237,9.88237,8.23342,61.8,0.1176,1.0000,0.0000,0.4750,53.7347,0.000,unity
8.4600,0.00000,1.0000,0.0000,9.58444,9.58445,17.68123,0.0,0.0000,0.0000,0.0000,0.4750,53.9261,0.000,unity
8.4800,0.00000,1.0000,0.0000,10.12033,10.12033,1.35186,0.0,0.0000,1.0000,0.0000,0.4750,54.1289,0.000,unity
8.5000,0.00000,1.0000,0.0000,9.84672,9.84672,9.89701,54.1,0.1030,1.0000,0.0000,0.4750,54.3258,0.000,unity
8.5200,0.00000,1.0000,0.0000,9.78179,9.78179,13.35184,0.0,0.0000,0.0000,0.0000,0.4750,54.5214,0.000,unity
8.5400,0.00000,1.0000,0.0000,10.01903,10.01903,9.17300,0.0,0.0000,1.0000,0.0000,0.4750,54.7220,0.000,unity
8.5600,0.00000,1.0000,0.0000,9.81664,9.81664,13.28482,0.0,0.0000,0.0000,0.0000,0.4750,54.9182,0.000,unity
8.5800,0.00000,1.0000,0.0000,9.85963,9.85963,18.25790,0.0,0.0000,0.0000,0.0000,0.4750,55.1154,0.000,unity
8.6000,0.00000,1.0000,0.0000,9.98724,9.98724,8.37294,6.7,0.0128,1.0000,0.0000,0.4750,55.3152,0.000,unity
8.6200,0.00000,1.0000,0.0000,9.71004,9.71004,16.65572,0.0,0.0000,0.0000,0.0000,0.4750,55.5092,0.000,unity
8.6400,0.00000,1.0000,0.0000,10.05170,10.05170,6.16759,0.0,0.0000,1.0000,0.0000,0.4750,55.7105,0.000,unity
8.6600,0.00000,1.0000,0.0000,9.64569,9.64569,22.00195,0.0,0.0000,0.0000,0.0000,0.4750,55.9031,0.000,unity
8.6800,0.00000,1.0000,0.0000,9.83090,9.83090,11.80010,0.0,0.0000,0.0000,0.0000,0.4750,56.0997,0.000,unity
8.7000,0.00000,1.0000,0.0000,9.81657,9.81657,17.30938,0.0,0.0000,0.0000,0.0000,0.4750,56.2959,0.000,unity
8.7200,0.00000,1.0000,0.0000,9.91642,9.91642,13.64050,0.0,0.0000,0.0000,0.0000,0.4750,56.4943,0.000,unity
8.7400,0.00000,1.0000,0.0000,10.00966,10.00966,9.03963,0.0,0.0000,1.0000,0.0000,0.4750,56.6947,0.000,unity
8.7600,0.00000,1.0000,0.0000,9.79304,9.79304,13.59978,0.0,0.0000,0.0000,0.0000,0.4750,56.8904,0.000,unity
8.7800,0.00000,1.0000,0.0000,9.89562,9.89562,16.09504,0.0,0.0000,0.0000,0.0000,0.4750,57.0884,0.000,unity
8.8000,0.00000,1.0000,0.0000,10.03315,10.03315,7.68452,0.0,0.0000,1.0000,0.0000,0.4750,57.2892,0.000,unity
8.8200,0.00000,1.0000,0.0000,9.69870,9.69870,19.27469,0.0,0.0000,0.0000,0.0000,0.4750,57.4829,0.000,unity
8.8400,0.00000,1.0000,0.0000,9.81656,9.81656,16.50463,0.0,0.0000,0.0000,0.0000,0.4750,57.6792,0.000,unity
8.8600,0.00000,1.0000,0.0000,9.89524,9.89524,15.13073,0.0,0.0000,0.0000,0.0000,0.4750,57.8771,0.000,unity
8.8800,0.00000,1.0000,0.0000,10.02151,10.02151,8.43633,0.0,0.0000,1.0000,0.0000,0.4750,58.0777,0.000,unity
8.9000,0.00000,1.0000,0.0000,9.75058,9.75058,16.59170,0.0,0.0000,0.0000,0.0000,0.4750,58.2726,0.000,unity
8.9200,0.00000,1.0000,0.0000,9.80468,9.80468,20.07992,0.0,0.0000,0.0000,0.0000,0.4750,58.4686,0.000,unity
8.9400,0.00000,1.0000,0.0000,9.91942,9.91942,8.59620,42.3,0.0806,1.0000,0.0000,0.4750,58.6671,0.000,unity
8.9600,0.00000,1.0000,0.0000,9.55264,9.55265,20.54947,0.0,0.0000,0.0000,0.0000,0.4750,58.8578,0.000,unity
8.9800,0.00000,1.0000,0.0000,10.06072,10.06072,5.63196,0.0,0.0000,1.0000,0.0000,0.4750,59.0593,0.000,unity
9.0000,0.00000,1.0000,0.0000,9.65820,9.65820,21.24222,0.0,0.0000,0.0000,0.0000,0.4750,59.2522,0.000,unity
9.0200,0.00000,1.0000,0.0000,9.78045,9.78045,15.23077,0.0,0.0000,0.0000,0.0000,0.4750,59.4478,0.000,unity
9.0400,0.00000,1.0000,0.0000,9.80056,9.80057,21.48412,0.0,0.0000,0.0000,0.0000,0.4750,59.6438,0.000,unity
9.0600,0.00000,1.0000,0.0000,9.89885,9.89885,7.45151,53.1,0.1011,1.0000,0.0000,0.4750,59.8419,0.000,unity
9.0800,0.00000,1.0000,0.0000,9.47974,9.47975,20.23608,0.0,0.0000,0.0000,0.0000,0.4750,60.0312,0.000,unity
9.1000,0.00000,1.0000,0.0000,9.95797,9.95797,6.59435,22.1,0.0420,1.0000,0.0000,0.4750,60.2306,0.000,unity
9.1200,0.00000,1.0000,0.0000,9.43965,9.43965,22.59169,0.0,0.0000,0.0000,0.0000,0.4750,60.4191,0.000,unity
9.1400,0.00000,1.0000,0.0000,9.89272,9.89272,10.36599,0.0,0.0000,0.7023,0.0000,0.4750,60.6171,0.000,unity
9.1600,0.00000,1.0000,0.0000,9.66936,9.66936,20.65507,0.0,0.0000,0.0000,0.0000,0.4750,60.8105,0.000,unity
9.1800,0.00000,1.0000,0.0000,9.78910,9.78910,15.52852,0.0,0.0000,0.0000,0.0000,0.4750,61.0063,0.000,unity
9.2000,0.00000,1.0000,0.0000,9.79044,9.79044,22.23975,0.0,0.0000,0.0000,0.0000,0.4750,61.2022,0.000,unity
9.2200,0.00000,1.0000,0.0000,9.87692,9.87692,8.75492,64.6,0.1231,1.0000,0.0000,0.4750,61.4000,0.000,unity
9.2400,0.00000,1.0000,0.0000,9.57589,9.57589,20.34772,0.0,0.0000,0.0000,0.0000,0.4750,61.5913,0.000,unity
9.2600,0.00000,1.0000,0.0000,10.07868,10.07868,6.28341,0.0,0.0000,1.0000,0.0000,0.4750,61.7933,0.000,unity
9.2800,0.00000,1.0000,0.0000,9.66332,9.66332,23.31035,0.0,0.0000,0.0000,0.0000,0.4750,61.9864,0.000,unity
9.3000,0.00000,1.0000,0.0000,9.60109,9.60109,22.40758,0.0,0.0000,0.0000,0.0000,0.4750,62.1783,0.000,unity
9.3200,0.00000,1.0000,0.0000,9.90509,9.90509,8.91111,49.8,0.0949,1.0000,0.0000,0.4750,62.3766,0.000,unity
9.3400,0.00000,1.0000,0.0000,9.54611,9.54612,22.86201,0.0,0.0000,0.0000,0.0000,0.4750,62.5673,0.000,unity
9.3600,0.00000,1.0000,0.0000,10.01132,10.01132,10.34548,0.0,0.0000,0.8878,0.0000,0.4750,62.7678,0.000,unity
9.3800,0.00000,1.0000,0.0000,9.90438,9.90438,8.84392,50.2,0.0956,1.0000,0.0000,0.4750,62.9661,0.000,unity
9.4000,0.00000,1.0000,0.0000,9.55310,9.55310,22.24782,0.0,0.0000,0.0000,0.0000,0.4750,63.1569,0.000,unity
9.4200,0.00000,1.0000,0.0000,10.03287,10.03287,8.60519,0.0,0.0000,1.0000,0.0000,0.4750,63.3578,0.000,unity
9.4400,0.00000,1.0000,0.0000,9.77551,9.77551,15.44648,0.0,0.0000,0.0000,0.0000,0.4750,63.5533,0.000,unity
9.4600,0.00000,1.0000,0.0000,9.86601,9.86601,18.41596,0.0,0.0000,0.0000,0.0000,0.4750,63.7506,0.000,unity
9.4800,0.00000,1.0000,0.0000,9.99846,9.99846,7.32527,0.8,0.0015,1.0000,0.0000,0.4750,63.9508,0.000,unity
9.5000,0.00000,1.0000,0.0000,9.63798,9.63798,20.14729,0.0,0.0000,0.0000,0.0000,0.4750,64.1433,0.000,unity
9.5200,0.00000,1.0000,0.0000,9.99091,9.99091,5.16687,4.8,0.0091,1.0000,0.0000,0.4750,64.3433,0.000,unity
9.5400,0.00000,1.0000,0.0000,9.48454,9.48454,20.29816,0.0,0.0000,0.0000,0.0000,0.4750,64.5325,0.000,unity
9.5600,0.00000,1.0000,0.0000,9.96463,9.96464,6.12050,18.6,0.0354,1.0000,0.0000,0.4750,64.7320,0.000,unity
9.5800,0.00000,1.0000,0.0000,9.42826,9.42826,22.84602,0.0,0.0000,0.0000,0.0000,0.4750,64.9201,0.000,unity
9.6000,0.00000,1.0000,0.0000,9.87317,9.87317,10.82751,0.0,0.0000,0.0609,0.0000,0.4750,65.1177,0.000,unity
9.6200,0.00000,1.0000,0.0000,9.67403,9.67403,22.15642,0.0,0.0000,0.0000,0.0000,0.4750,65.3111,0.000,unity
9.6400,0.00000,1.0000,0.0000,9.65007,9.65008,21.54190,0.0,0.0000,0.0000,0.0000,0.4750,65.5040,0.000,unity
9.6600,0.00000,1.0000,0.0000,9.76975,9.76976,14.69256,0.0,0.0000,0.0000,0.0000,0.4750,65.6994,0.000,unity
9.6800,0.00000,1.0000,0.0000,9.87839,9.87839,17.07390,0.0,0.0000,0.0000,0.0000,0.4750,65.8972,0.000,unity
9.7000,0.00000,1.0000,0.0000,10.02056,10.02056,7.11262,0.0,0.0000,1.0000,0.0000,0.4750,66.0979,0.000,unity
9.7200,0.00000,1.0000,0.0000,9.64931,9.64931,20.79454,0.0,0.0000,0.0000,0.0000,0.4750,66.2907,0.000,unity
9.7400,0.00000,1.0000,0.0000,9.83367,9.83367,12.30540,0.0,0.0000,0.0000,0.0000,0.4750,66.4874,0.000,unity
9.7600,0.00000,1.0000,0.0000,9.74056,9.74056,22.17307,0.0,0.0000,0.0000,0.0000,0.4750,66.6822,0.000,unity
9.7800,0.00000,1.0000,0.0000,9.83078,9.83078,10.03107,0.0,0.0000,1.0000,0.0000,0.4750,66.8789,0.000,unity
9.8000,0.00000,1.0000,0.0000,9.73827,9.73827,14.91306,0.0,0.0000,0.0000,0.0000,0.4750,67.0736,0.000,unity
9.8200,0.00000,1.0000,0.0000,9.95656,9.95656,11.95694,0.0,0.0000,0.0000,0.0000,0.4750,67.2729,0.000,unity
9.8400,0.00000,1.0000,0.0000,9.96912,9.96912,6.91234,16.2,0.0309,1.0000,0.0000,0.4750,67.4724,0.000,unity
9.8600,0.00000,1.0000,0.0000,9.55592,9.55592,21.27463,0.0,0.0000,0.0000,0.0000,0.4750,67.6632,0.000,unity
9.8800,0.00000,1.0000,0.0000,10.02952,10.02952,6.96228,0.0,0.0000,1.0000,0.0000,0.4750,67.8641,0.000,unity
9.9000,0.00000,1.0000,0.0000,9.64952,9.64952,21.18923,0.0,0.0000,0.0000,0.0000,0.4750,68.0569,0.000,unity
9.9200,0.00000,1.0000,0.0000,9.74501,9.74501,16.49043,0.0,0.0000,0.0000,0.0000,0.4750,68.2517,0.000,unity
9.9400,0.00000,1.0000,0.0000,9.77278,9.77278,21.37129,0.0,0.0000,0.0000,0.0000,0.4750,68.4471,0.000,unity
9.9600,0.00000,1.0000,0.0000,9.87142,9.87142,8.36757,67.5,0.1286,1.0000,0.0000,0.4750,68.6446,0.000,unity
9.9800,0.00000,1.0000,0.0000,9.52466,9.52466,20.63484,0.0,0.0000,0.0000,0.0000,0.4750,68.8348,0.000,unity
10.0000,0.00000,1.0000,0.0000,10.03152,10.03152,5.89208,0.0,0.0000,1.0000,0.0000,0.4750,69.0357,0.000,unity
10.0200,0.00000,1.0000,0.0000,9.62630,9.62630,21.62181,0.0,0.0000,0.0000,0.0000,0.4750,69.2281,0.000,unity
10.0400,0.00000,1.0000,0.0000,9.82540,9.82540,11.20024,0.0,0.0000,0.0000,0.0000,0.4750,69.4246,0.000,unity
10.0600,0.00000,1.0000,0.0000,9.73336,9.73336,19.15338,0.0,0.0000,0.0000,0.0000,0.4750,69.6193,0.000,unity
10.0800,0.00000,1.0000,0.0000,9.73404,9.73404,20.35772,0.0,0.0000,0.0000,0.0000,0.4750,69.8139,0.000,unity
10.1000,0.00000,1.0000,0.0000,9.77912,9.77912,15.41895,0.0,0.0000,0.0000,0.0000,0.4750,70.0095,0.000,unity
10.1200,0.00000,1.0000,0.0000,9.77521,9.77521,22.17308,0.0,0.0000,0.0000,0.0000,0.4750,70.2050,0.000,unity
10.1400,0.00000,1.0000,0.0000,9.86427,9.86427,8.58578,71.3,0.1357,1.0000,0.0000,0.4750,70.4024,0.000,unity
10.1600,0.00000,1.0000,0.0000,9.55075,9.55075,20.04894,0.0,0.0000,0.0000,0.0000,0.4750,70.5932,0.000,unity
10.1800,0.00000,1.0000,0.0000,10.06465,10.06465,5.01048,0.0,0.0000,1.0000,0.0000,0.4750,70.7949,0.000,unity
10.2000,0.00000,1.0000,0.0000,9.68155,9.68155,19.34907,0.0,0.0000,0.0000,0.0000,0.4750,70.9884,0.000,unity
10.2200,0.00000,1.0000,0.0000,9.80561,9.80561,15.99153,0.0,0.0000,0.0000,0.0000,0.4750,71.1845,0.000,unity
10.2400,0.00000,1.0000,0.0000,9.87239,9.87239,16.37662,0.0,0.0000,0.0000,0.0000,0.4750,71.3821,0.000,unity
10.2600,0.00000,1.0000,0.0000,10.00328,10.00328,7.82492,0.0,0.0000,1.0000,0.0000,0.4750,71.5824,0.000,unity
10.2800,0.00000,1.0000,0.0000,9.67884,9.67884,19.27077,0.0,0.0000,0.0000,0.0000,0.4750,71.7758,0.000,unity
10.3001,0.00000,1.0000,0.0000,9.78744,9.78744,16.45067,0.0,0.0000,0.0000,0.0000,0.4750,71.9715,0.000,unity
10.3201,0.00000,1.0000,0.0000,9.83518,9.83518,17.81883,0.0,0.0000,0.0000,0.0000,0.4750,72.1682,0.000,unity
10.3401,0.00000,1.0000,0.0000,9.96873,9.96873,8.14960,16.4,0.0313,1.0000,0.0000,0.4750,72.3677,0.000,unity
10.3601,0.00000,1.0000,0.0000,9.67805,9.67805,17.20952,0.0,0.0000,0.0000,0.0000,0.4750,72.5611,0.000,unity
10.3801,0.00000,1.0000,0.0000,9.98386,9.98387,8.24506,8.5,0.0161,1.0000,0.0000,0.4750,72.7609,0.000,unity
10.4001,0.00000,1.0000,0.0000,9.69982,9.69982,17.25975,0.0,0.0000,0.0000,0.0000,0.4750,72.9547,0.000,unity
10.4201,0.00000,1.0000,0.0000,9.87874,9.87874,13.80903,0.0,0.0000,0.0000,0.0000,0.4750,73.1524,0.000,unity
10.4401,0.00000,1.0000,0.0000,9.97366,9.97366,9.57726,13.8,0.0263,1.0000,0.0000,0.4750,73.3520,0.000,unity
10.4601,0.00000,1.0000,0.0000,9.80969,9.80969,11.41090,0.0,0.0000,0.0000,0.0000,0.4750,73.5481,0.000,unity
10.4801,0.00000,1.0000,0.0000,9.76222,9.76222,17.74364,0.0,0.0000,0.0000,0.0000,0.4750,73.7432,0.000,unity
10.5001,0.00000,1.0000,0.0000,9.80767,9.80767,17.81040,0.0,0.0000,0.0000,0.0000,0.4750,73.9393,0.000,unity
10.5201,0.00000,1.0000,0.0000,9.93660,9.93660,9.69092,33.3,0.0634,1.0000,0.0000,0.4750,74.1381,0.000,unity
10.5401,0.00000,1.0000,0.0000,9.78042,9.78042,10.88893,0.0,0.0000,0.0000,0.0000,0.4750,74.3337,0.000,unity
10.5601,0.00000,1.0000,0.0000,9.90084,9.90084,8.04984,52.1,0.0992,1.0000,0.0000,0.4750,74.5317,0.000,unity
10.5801,0.00000,1.0000,0.0000,9.47010,9.47010,22.33197,0.0,0.0000,0.0000,0.0000,0.4750,74.7207,0.000,unity
10.6001,0.00000,1.0000,0.0000,9.94772,9.94772,8.53164,27.4,0.0523,1.0000,0.0000,0.4750,74.9198,0.000,unity
10.6201,0.00000,1.0000,0.0000,9.66977,9.66977,15.61750,0.0,0.0000,0.0000,0.0000,0.4750,75.1131,0.000,unity
10.6401,0.00000,1.0000,0.0000,10.14722,10.14722,1.10593,0.0,0.0000,1.0000,0.0000,0.4750,75.3164,0.000,unity
10.6601,0.00000,1.0000,0.0000,9.87361,9.87361,9.35530,66.4,0.1264,1.0000,0.0000,0.4750,75.5139,0.000,unity
10.6801,0.00000,1.0000,0.0000,9.58154,9.58154,22.10958,0.0,0.0000,0.0000,0.0000,0.4750,75.7053,0.000,unity
10.7001,0.00000,1.0000,0.0000,9.98202,9.98202,8.25688,9.4,0.0180,1.0000,0.0000,0.4750,75.9051,0.000,unity
10.7201,0.00000,1.0000,0.0000,9.69959,9.69959,16.79301,0.0,0.0000,0.0000,0.0000,0.4750,76.0989,0.000,unity
10.7401,0.00000,1.0000,0.0000,10.01854,10.01854,7.74661,0.0,0.0000,1.0000,0.0000,0.4750,76.2995,0.000,unity
10.7601,0.00000,1.0000,0.0000,9.68680,9.68680,19.59495,0.0,0.0000,0.0000,0.0000,0.4750,76.4931,0.000,unity
10.7801,0.00000,1.0000,0.0000,9.78813,9.78813,16.62010,0.0,0.0000,0.0000,0.0000,0.4750,76.6888,0.000,unity
10.8001,0.00000,1.0000,0.0000,9.81211,9.81211,19.85897,0.0,0.0000,0.0000,0.0000,0.4750,76.8851,0.000,unity
10.8201,0.00000,1.0000,0.0000,9.92463,9.92463,8.31949,39.6,0.0754,1.0000,0.0000,0.4750,77.0837,0.000,unity
10.8401,0.00000,1.0000,0.0000,9.53654,9.53654,20.26518,0.0,0.0000,0.0000,0.0000,0.4750,77.2741,0.000,unity
10.8601,0.00000,1.0000,0.0000,10.05008,10.05008,6.44737,0.0,0.0000,1.0000,0.0000,0.4750,77.4754,0.000,unity
10.8801,0.00000,1.0000,0.0000,9.64061,9.64061,23.00150,0.0,0.0000,0.0000,0.0000,0.4750,77.6680,0.000,unity
10.9001,0.00000,1.0000,0.0000,9.64584,9.64584,19.55462,0.0,0.0000,0.0000,0.0000,0.4750,77.8608,0.000,unity
10.9201,0.00000,1.0000,0.0000,9.95628,9.95628,7.05661,23.0,0.0437,1.0000,0.0000,0.4750,78.0601,0.000,unity
10.9401,0.00000,1.0000,0.0000,9.49880,9.49880,21.65455,0.0,0.0000,0.0000,0.0000,0.4750,78.2498,0.000,unity
10.9601,0.00000,1.0000,0.0000,9.99379,9.99379,8.71882,3.3,0.0062,1.0000,0.0000,0.4750,78.4500,0.000,unity
10.9801,0.00000,1.0000,0.0000,9.75267,9.75267,15.19069,0.0,0.0000,0.0000,0.0000,0.4750,78.6450,0.000,unity
11.0001,0.00000,1.0000,0.0000,9.89381,9.89381,15.77698,0.0,0.0000,0.0000,0.0000,0.4750,78.8430,0.000,unity
11.0201,0.00000,1.0000,0.0000,10.02136,10.02136,7.50595,0.0,0.0000,1.0000,0.0000,0.4750,79.0437,0.000,unity
11.0401,0.00000,1.0000,0.0000,9.66999,9.66999,20.57941,0.0,0.0000,0.0000,0.0000,0.4750,79.2369,0.000,unity
11.0601,0.00000,1.0000,0.0000,9.72552,9.72552,18.37666,0.0,0.0000,0.0000,0.0000,0.4750,79.4314,0.000,unity
11.0801,0.00000,1.0000,0.0000,9.73174,9.73174,21.87337,0.0,0.0000,0.0000,0.0000,0.4750,79.6259,0.000,unity
11.1001,0.00000,1.0000,0.0000,9.81267,9.81267,11.12320,0.0,0.0000,0.0000,0.0000,0.4750,79.8222,0.000,unity
11.1201,0.00000,1.0000,0.0000,9.77770,9.77770,16.13890,0.0,0.0000,0.0000,0.0000,0.4750,80.0178,0.000,unity
11.1401,0.00000,1.0000,0.0000,9.78493,9.78493,21.14638,0.0,0.0000,0.0000,0.0000,0.4750,80.2135,0.000,unity
11.1601,0.00000,1.0000,0.0000,9.88460,9.88460,7.92970,60.6,0.1154,1.0000,0.0000,0.4750,80.4113,0.000,unity
11.1801,0.00000,1.0000,0.0000,9.47693,9.47693,21.46135,0.0,0.0000,0.0000,0.0000,0.4750,80.6005,0.000,unity
11.2001,0.00000,1.0000,0.0000,9.95937,9.95937,7.24401,21.3,0.0406,1.0000,0.0000,0.4750,80.7999,0.000,unity
11.2201,0.00000,1.0000,0.0000,9.54538,9.54538,20.43793,0.0,0.0000,0.0000,0.0000,0.4750,80.9906,0.000,unity
11.2401,0.00000,1.0000,0.0000,10.05458,10.05458,5.63296,0.0,0.0000,1.0000,0.0000,0.4750,81.1920,0.000,unity
11.2601,0.00000,1.0000,0.0000,9.65355,9.65355,21.05775,0.0,0.0000,0.0000,0.0000,0.4750,81.3849,0.000,unity
11.2801,0.00000,1.0000,0.0000,9.75904,9.75904,16.02623,0.0,0.0000,0.0000,0.0000,0.4750,81.5801,0.000,unity
11.3001,0.00000,1.0000,0.0000,9.78167,9.78167,21.64330,0.0,0.0000,0.0000,0.0000,0.4750,81.7758,0.000,unity
11.3201,0.00000,1.0000,0.0000,9.87547,9.87547,7.84885,65.4,0.1245,1.0000,0.0000,0.4750,81.9734,0.000,unity
11.3401,0.00000,1.0000,0.0000,9.52060,9.52060,18.76178,0.0,0.0000,0.0000,0.0000,0.4750,82.1635,0.000,unity
11.3601,0.00000,1.0000,0.0000,10.03080,10.03080,3.96518,0.0,0.0000,1.0000,0.0000,0.4750,82.3645,0.000,unity
11.3801,0.00000,1.0000,0.0000,9.67237,9.67237,16.53750,0.0,0.0000,0.0000,0.0000,0.4750,82.5578,0.000,unity
11.4001,0.00000,1.0000,0.0000,10.09191,10.09191,2.67038,0.0,0.0000,1.0000,0.0000,0.4750,82.7600,0.000,unity
11.4201,0.00000,1.0000,0.0000,9.80923,9.80923,10.99394,0.0,0.0000,0.0000,0.0000,0.4750,82.9561,0.000,unity
11.4401,0.00000,1.0000,0.0000,9.82656,9.82656,13.13093,0.0,0.0000,0.0000,0.0000,0.4750,83.1526,0.000,unity
11.4601,0.00000,1.0000,0.0000,9.76857,9.76857,21.88090,0.0,0.0000,0.0000,0.0000,0.4750,83.3479,0.000,unity
11.4801,0.00000,1.0000,0.0000,9.86219,9.86219,8.46421,72.3,0.1378,1.0000,0.0000,0.4750,83.5452,0.000,unity
11.5001,0.00000,1.0000,0.0000,9.59055,9.59055,17.57474,0.0,0.0000,0.0000,0.0000,0.4750,83.7368,0.000,unity
11.5201,0.00000,1.0000,0.0000,10.13061,10.13062,1.05156,0.0,0.0000,1.0000,0.0000,0.4750,83.9397,0.000,unity
11.5401,0.00000,1.0000,0.0000,9.85701,9.85701,8.83731,75.1,0.1430,1.0000,0.0000,0.4750,84.1368,0.000,unity
11.5601,0.00000,1.0000,0.0000,9.67001,9.67001,15.22399,0.0,0.0000,0.0000,0.0000,0.4750,84.3300,0.000,unity
11.5801,0.00000,1.0000,0.0000,10.19245,10.19245,1.35798,0.0,0.0000,1.0000,0.0000,0.4750,84.5342,0.000,unity
11.6001,0.00000,1.0000,0.0000,9.91884,9.91884,8.03844,42.6,0.0812,1.0000,0.0000,0.4750,84.7326,0.000,unity
11.6201,0.00000,1.0000,0.0000,9.49331,9.49331,22.36151,0.0,0.0000,0.0000,0.0000,0.4750,84.9220,0.000,unity
11.6401,0.00000,1.0000,0.0000,9.97084,9.97084,8.56619,15.3,0.0292,1.0000,0.0000,0.4750,85.1216,0.000,unity
11.6601,0.00000,1.0000,0.0000,9.69086,9.69086,15.50027,0.0,0.0000,0.0000,0.0000,0.4750,85.3152,0.000,unity
11.6801,0.00000,1.0000,0.0000,10.17597,10.17597,1.18440,0.0,0.0000,1.0000,0.0000,0.4750,85.5191,0.000,unity
11.7001,0.00000,1.0000,0.0000,9.90236,9.90237,9.07956,51.3,0.0976,1.0000,0.0000,0.4750,85.7171,0.000,unity
11.7201,0.00000,1.0000,0.0000,9.57995,9.57995,22.21402,0.0,0.0000,0.0000,0.0000,0.4750,85.9083,0.000,unity
11.7401,0.00000,1.0000,0.0000,10.03104,10.03104,8.34603,0.0,0.0000,1.0000,0.0000,0.4750,86.1092,0.000,unity
11.7601,0.00000,1.0000,0.0000,9.75136,9.75136,16.65483,0.0,0.0000,0.0000,0.0000,0.4750,86.3040,0.000,unity
11.7801,0.00000,1.0000,0.0000,9.91540,9.91540,15.17327,0.0,0.0000,0.0000,0.0000,0.4750,86.5024,0.000,unity
11.8001,0.00000,1.0000,0.0000,10.04574,10.04574,8.09933,0.0,0.0000,1.0000,0.0000,0.4750,86.7035,0.000,unity
11.8201,0.00000,1.0000,0.0000,9.74391,9.74391,17.72159,0.0,0.0000,0.0000,0.0000,0.4750,86.8982,0.000,unity
11.8401,0.00000,1.0000,0.0000,9.83199,9.83199,18.60749,0.0,0.0000,0.0000,0.0000,0.4750,87.0948,0.000,unity
11.8601,0.00000,1.0000,0.0000,9.95456,9.95456,9.55858,23.9,0.0454,1.0000,0.0000,0.4750,87.2940,0.000,unity
11.8801,0.00000,1.0000,0.0000,9.76306,9.76306,12.80907,0.0,0.0000,0.0000,0.0000,0.4750,87.4891,0.000,unity
11.9001,0.00000,1.0000,0.0000,10.08402,10.08402,4.03064,0.0,0.0000,1.0000,0.0000,0.4750,87.6910,0.000,unity
11.9201,0.00000,1.0000,0.0000,9.74429,9.74429,15.89157,0.0,0.0000,0.0000,0.0000,0.4750,87.8857,0.000,unity
11.9401,0.00000,1.0000,0.0000,9.99040,9.99040,11.21539,0.0,0.0000,0.0000,0.0000,0.4750,88.0856,0.000,unity
11.9601,0.00000,1.0000,0.0000,9.94666,9.94666,7.22699,28.0,0.0533,1.0000,0.0000,0.4750,88.2846,0.000,unity
11.9801,0.00000,1.0000,0.0000,9.44783,9.44783,22.31526,0.0,0.0000,0.0000,0.0000,0.4750,88.4731,0.000,unity
12.0001,0.00000,1.0000,0.0000,9.89888,9.89888,10.08963,0.0,0.0000,1.0000,0.0000,0.4750,88.6712,0.000,unity
12.0201,0.00000,1.0000,0.0000,9.64031,9.64031,22.05782,0.0,0.0000,0.0000,0.0000,0.4750,88.8638,0.000,unity
12.0401,0.00000,1.0000,0.0000,9.84171,9.84172,10.98351,0.0,0.0000,0.0000,0.0000,0.4750,89.0607,0.000,unity
12.0601,0.00000,1.0000,0.0000,9.78014,9.78014,16.85912,0.0,0.0000,0.0000,0.0000,0.4750,89.2562,0.000,unity
12.0801,0.00000,1.0000,0.0000,9.78364,9.78364,22.07063,0.0,0.0000,0.0000,0.0000,0.4750,89.4519,0.000,unity
12.1001,0.00000,1.0000,0.0000,9.87158,9.87158,8.59178,67.4,0.1284,1.0000,0.0000,0.4750,89.6495,0.000,unity
12.1201,0.00000,1.0000,0.0000,9.64899,9.64899,15.80593,0.0,0.0000,0.0000,0.0000,0.4750,89.8423,0.000,unity
12.1401,0.00000,1.0000,0.0000,10.19257,10.19257,1.31729,0.0,0.0000,1.0000,0.0000,0.4750,90.0466,0.000,unity
12.1601,0.00000,1.0000,0.0000,9.91896,9.91896,8.44268,42.5,0.0810,1.0000,0.0000,0.4750,90.2451,0.000,unity
12.1801,0.00000,1.0000,0.0000,9.53068,9.53068,22.26884,0.0,0.0000,0.0000,0.0000,0.4750,90.4354,0.000,unity
12.2001,0.00000,1.0000,0.0000,10.02108,10.02108,8.51926,0.0,0.0000,1.0000,0.0000,0.4750,90.6361,0.000,unity
12.2201,0.00000,1.0000,0.0000,9.75724,9.75724,15.82183,0.0,0.0000,0.0000,0.0000,0.4750,90.8312,0.000,unity
12.2401,0.00000,1.0000,0.0000,9.96343,9.96343,12.98521,0.0,0.0000,0.0000,0.0000,0.4750,91.0306,0.000,unity
12.2601,0.00000,1.0000,0.0000,10.03167,10.03167,7.32591,0.0,0.0000,1.0000,0.0000,0.4750,91.2314,0.000,unity
12.2801,0.00000,1.0000,0.0000,9.67242,9.67242,20.34274,0.0,0.0000,0.0000,0.0000,0.4750,91.4246,0.000,unity
12.3001,0.00000,1.0000,0.0000,9.89047,9.89047,11.01945,0.0,0.0000,0.0000,0.0000,0.4750,91.6225,0.000,unity
12.3201,0.00000,1.0000,0.0000,9.70872,9.70872,21.30814,0.0,0.0000,0.0000,0.0000,0.4750,91.8165,0.000,unity
12.3401,0.00000,1.0000,0.0000,9.67850,9.67850,21.92562,0.0,0.0000,0.0000,0.0000,0.4750,92.0099,0.000,unity
12.3601,0.00000,1.0000,0.0000,9.66654,9.66654,20.91438,0.0,0.0000,0.0000,0.0000,0.4750,92.2031,0.000,unity
12.3801,0.00000,1.0000,0.0000,9.82329,9.82329,13.67216,0.0,0.0000,0.0000,0.0000,0.4750,92.3996,0.000,unity
12.4001,0.00000,1.0000,0.0000,9.79108,9.79108,22.20854,0.0,0.0000,0.0000,0.0000,0.4750,92.5954,0.000,unity
12.4201,0.00000,1.0000,0.0000,9.88116,9.88116,8.58328,62.4,0.1188,1.0000,0.0000,0.4750,92.7932,0.000,unity
12.4401,0.00000,1.0000,0.0000,9.59810,9.59810,18.67594,0.0,0.0000,0.0000,0.0000,0.4750,92.9849,0.000,unity
12.4601,0.00000,1.0000,0.0000,10.12710,10.12710,3.68494,0.0,0.0000,1.0000,0.0000,0.4750,93.1879,0.000,unity
12.4801,0.00000,1.0000,0.0000,9.80107,9.80107,15.37684,0.0,0.0000,0.0000,0.0000,0.4750,93.3839,0.000,unity
12.5001,0.00000,1.0000,0.0000,9.80346,9.80346,22.24497,0.0,0.0000,0.0000,0.0000,0.4750,93.5799,0.000,unity
12.5201,0.00000,1.0000,0.0000,9.89254,9.89254,8.65877,56.4,0.1075,1.0000,0.0000,0.4750,93.7779,0.000,unity
12.5401,0.00000,1.0000,0.0000,9.57930,9.57930,20.37600,0.0,0.0000,0.0000,0.0000,0.4750,93.9692,0.000,unity
12.5601,0.00000,1.0000,0.0000,10.08868,10.08868,6.45542,0.0,0.0000,1.0000,0.0000,0.4750,94.1713,0.000,unity
12.5801,0.00000,1.0000,0.0000,9.67790,9.67790,23.14157,0.0,0.0000,0.0000,0.0000,0.4750,94.3647,0.000,unity
12.6001,0.00000,1.0000,0.0000,9.61391,9.61392,22.53504,0.0,0.0000,0.0000,0.0000,0.4750,94.5567,0.000,unity
12.6201,0.00000,1.0000,0.0000,9.90342,9.90342,9.00003,50.7,0.0966,1.0000,0.0000,0.4750,94.7549,0.000,unity
12.6401,0.00000,1.0000,0.0000,9.56897,9.56897,22.55585,0.0,0.0000,0.0000,0.0000,0.4750,94.9461,0.000,unity
12.6601,0.00000,1.0000,0.0000,10.02690,10.02690,9.90568,0.0,0.0000,1.0000,0.0000,0.4750,95.1469,0.000,unity
12.6801,0.00000,1.0000,0.0000,9.88580,9.88580,10.40503,0.0,0.0000,0.6410,0.0000,0.4750,95.3447,0.000,unity
12.7001,0.00000,1.0000,0.0000,9.66683,9.66683,21.91233,0.0,0.0000,0.0000,0.0000,0.4750,95.5379,0.000,unity
12.7201,0.00000,1.0000,0.0000,9.76022,9.76022,16.22959,0.0,0.0000,0.0000,0.0000,0.4750,95.7331,0.000,unity
12.7401,0.00000,1.0000,0.0000,9.88281,9.88281,16.96235,0.0,0.0000,0.0000,0.0000,0.4750,95.9308,0.000,unity
12.7601,0.00000,1.0000,0.0000,10.01350,10.01350,8.18127,0.0,0.0000,1.0000,0.0000,0.4750,96.1313,0.000,unity
12.7801,0.00000,1.0000,0.0000,9.71969,9.71969,17.78788,0.0,0.0000,0.0000,0.0000,0.4750,96.3256,0.000,unity
12.8001,0.00000,1.0000,0.0000,9.89797,9.89797,13.76866,0.0,0.0000,0.0000,0.0000,0.4750,96.5236,0.000,unity
12.8201,0.00000,1.0000,0.0000,9.98882,9.98882,10.24599,0.0,0.0000,0.9904,0.0000,0.4750,96.7236,0.000,unity
12.8401,0.00000,1.0000,0.0000,9.87396,9.87396,9.09816,66.2,0.1260,1.0000,0.0000,0.4750,96.9211,0.000,unity
12.8601,0.00000,1.0000,0.0000,9.65021,9.65021,17.98729,0.0,0.0000,0.0000,0.0000,0.4750,97.1138,0.000,unity
12.8801,0.00000,1.0000,0.0000,10.13795,10.13795,1.68619,0.0,0.0000,1.0000,0.0000,0.4750,97.3169,0.000,unity
12.9001,0.00000,1.0000,0.0000,9.86434,9.86435,9.49587,71.2,0.1357,1.0000,0.0000,0.4750,97.5141,0.000,unity
12.9201,0.00000,1.0000,0.0000,9.74046,9.74046,14.83928,0.0,0.0000,0.0000,0.0000,0.4750,97.7087,0.000,unity
12.9401,0.00000,1.0000,0.0000,10.13089,10.13089,3.58723,0.0,0.0000,1.0000,0.0000,0.4750,97.9116,0.000,unity
12.9601,0.00000,1.0000,0.0000,9.81382,9.81383,14.02737,0.0,0.0000,0.0000,0.0000,0.4750,98.1078,0.000,unity
12.9801,0.00000,1.0000,0.0000,9.88703,9.88703,18.12034,0.0,0.0000,0.0000,0.0000,0.4750,98.3055,0.000,unity
13.0001,0.00000,1.0000,0.0000,10.01703,10.01703,7.42486,0.0,0.0000,1.0000,0.0000,0.4750,98.5059,0.000,unity
13.0201,0.00000,1.0000,0.0000,9.66393,9.66393,20.15611,0.0,0.0000,0.0000,0.0000,0.4750,98.6989,0.000,unity
13.0401,0.00000,1.0000,0.0000,9.97261,9.97261,7.02167,14.4,0.0274,1.0000,0.0000,0.4750,98.8984,0.000,unity
13.0601,0.00000,1.0000,0.0000,9.47846,9.47846,21.55407,0.0,0.0000,0.0000,0.0000,0.4750,99.0875,0.000,unity
13.0801,0.00000,1.0000,0.0000,9.94472,9.94472,8.83534,29.0,0.0553,1.0000,0.0000,0.4750,99.2865,0.000,unity
13.1001,0.00000,1.0000,0.0000,9.60816,9.60816,19.58290,0.0,0.0000,0.0000,0.0000,0.4750,99.4784,0.000,unity
13.1201,0.00000,1.0000,0.0000,10.11637,10.11637,4.07736,0.0,0.0000,1.0000,0.0000,0.4750,99.6811,0.000,unity
13.1401,0.00000,1.0000,0.0000,9.77550,9.77550,15.94835,0.0,0.0000,0.0000,0.0000,0.4750,99.8765,0.000,unity
13.1601,0.00000,1.0000,0.0000,9.89189,9.89189,17.45506,0.0,0.0000,0.0000,0.0000,0.4750,100.0744,0.000,unity
13.1801,0.00000,1.0000,0.0000,10.02814,10.02814,7.49588,0.0,0.0000,1.0000,0.0000,0.4750,100.2752,0.000,unity
13.2001,0.00000,1.0000,0.0000,9.68022,9.68022,19.87385,0.0,0.0000,0.0000,0.0000,0.4750,100.4686,0.000,unity
13.2201,0.00000,1.0000,0.0000,9.91995,9.91995,10.27012,0.0,0.0000,0.8664,0.0000,0.4750,100.6671,0.000,unity
13.2401,0.00000,1.0000,0.0000,9.70872,9.70873,18.76233,0.0,0.0000,0.0000,0.0000,0.4750,100.8611,0.000,unity
13.2601,0.00000,1.0000,0.0000,9.89122,9.89122,13.54552,0.0,0.0000,0.0000,0.0000,0.4750,101.0590,0.000,unity
13.2801,0.00000,1.0000,0.0000,9.96262,9.96262,12.17427,0.0,0.0000,0.0000,0.0000,0.4750,101.2584,0.000,unity
13.3001,0.00000,1.0000,0.0000,9.97572,9.97572,8.27018,12.7,0.0243,1.0000,0.0000,0.4750,101.4581,0.000,unity
13.3201,0.00000,1.0000,0.0000,9.66970,9.66970,17.08249,0.0,0.0000,0.0000,0.0000,0.4750,101.6512,0.000,unity
13.3401,0.00000,1.0000,0.0000,10.13641,10.13641,1.26727,0.0,0.0000,1.0000,0.0000,0.4750,101.8543,0.000,unity
13.3601,0.00000,1.0000,0.0000,9.86280,9.86280,9.77843,72.0,0.1372,1.0000,0.0000,0.4750,102.0515,0.000,unity
13.3801,0.00000,1.0000,0.0000,9.71829,9.71829,16.89684,0.0,0.0000,0.0000,0.0000,0.4750,102.2457,0.000,unity
13.4001,0.00000,1.0000,0.0000,10.05382,10.05382,7.01932,0.0,0.0000,1.0000,0.0000,0.4750,102.4469,0.000,unity
13.4201,0.00000,1.0000,0.0000,9.66929,9.66929,22.01888,0.0,0.0000,0.0000,0.0000,0.4750,102.6401,0.000,unity
13.4401,0.00000,1.0000,0.0000,9.75213,9.75213,16.22355,0.0,0.0000,0.0000,0.0000,0.4750,102.8350,0.000,unity
13.4601,0.00000,1.0000,0.0000,9.96050,9.96050,13.02291,0.0,0.0000,0.0000,0.0000,0.4750,103.0343,0.000,unity
13.4801,0.00000,1.0000,0.0000,10.02829,10.02830,7.59351,0.0,0.0000,1.0000,0.0000,0.4750,103.2351,0.000,unity
13.5001,0.00000,1.0000,0.0000,9.68734,9.68734,19.56724,0.0,0.0000,0.0000,0.0000,0.4750,103.4286,0.000,unity
13.5201,0.00000,1.0000,0.0000,9.90965,9.90965,11.26316,0.0,0.0000,0.0000,0.0000,0.4750,103.6269,0.000,unity
13.5401,0.00000,1.0000,0.0000,9.79727,9.79727,16.80880,0.0,0.0000,0.0000,0.0000,0.4750,103.8227,0.000,unity
13.5601,0.00000,1.0000,0.0000,9.81170,9.81170,20.82429,0.0,0.0000,0.0000,0.0000,0.4750,104.0189,0.000,unity
13.5801,0.00000,1.0000,0.0000,9.91226,9.91226,8.50497,46.1,0.0877,1.0000,0.0000,0.4750,104.2172,0.000,unity
13.6001,0.00000,1.0000,0.0000,9.53031,9.53031,22.55173,0.0,0.0000,0.0000,0.0000,0.4750,104.4075,0.000,unity
13.6201,0.00000,1.0000,0.0000,10.02319,10.02319,10.12901,0.0,0.0000,1.0000,0.0000,0.4750,104.6082,0.000,unity
13.6401,0.00000,1.0000,0.0000,9.89737,9.89737,9.64951,53.9,0.1026,1.0000,0.0000,0.4750,104.8062,0.000,unity
13.6601,0.00000,1.0000,0.0000,9.61961,9.61961,22.30644,0.0,0.0000,0.0000,0.0000,0.4750,104.9984,0.000,unity
13.6801,0.00000,1.0000,0.0000,9.94903,9.94903,8.58007,26.8,0.0510,1.0000,0.0000,0.4750,105.1976,0.000,unity
13.7001,0.00000,1.0000,0.0000,9.58086,9.58086,20.33206,0.0,0.0000,0.0000,0.0000,0.4750,105.3889,0.000,unity
13.7201,0.00000,1.0000,0.0000,10.09418,10.09418,6.41806,0.0,0.0000,1.0000,0.0000,0.4750,105.5912,0.000,unity
13.7401,0.00000,1.0000,0.0000,9.68252,9.68253,23.14838,0.0,0.0000,0.0000,0.0000,0.4750,105.7847,0.000,unity
13.7601,0.00000,1.0000,0.0000,9.62362,9.62363,22.40098,0.0,0.0000,0.0000,0.0000,0.4750,105.9770,0.000,unity
13.7801,0.00000,1.0000,0.0000,9.91446,9.91446,8.78693,44.9,0.0855,1.0000,0.0000,0.4750,106.1754,0.000,unity
13.8001,0.00000,1.0000,0.0000,9.56010,9.56010,22.55196,0.0,0.0000,0.0000,0.0000,0.4750,106.3664,0.000,unity
13.8201,0.00000,1.0000,0.0000,10.04079,10.04079,9.92343,0.0,0.0000,1.0000,0.0000,0.4750,106.5675,0.000,unity
13.8401,0.00000,1.0000,0.0000,9.90031,9.90031,10.40774,0.0,0.0000,0.6568,0.0000,0.4750,106.7657,0.000,unity
13.8601,0.00000,1.0000,0.0000,9.66918,9.66918,22.10838,0.0,0.0000,0.0000,0.0000,0.4750,106.9589,0.000,unity
13.8801,0.00000,1.0000,0.0000,9.76505,9.76505,16.00608,0.0,0.0000,0.0000,0.0000,0.4750,107.1542,0.000,unity
13.9001,0.00000,1.0000,0.0000,9.91785,9.91785,15.48781,0.0,0.0000,0.0000,0.0000,0.4750,107.3527,0.000,unity
13.9201,0.00000,1.0000,0.0000,10.04160,10.04160,8.00200,0.0,0.0000,1.0000,0.0000,0.4750,107.5538,0.000,unity
13.9401,0.00000,1.0000,0.0000,9.72962,9.72962,18.73330,0.0,0.0000,0.0000,0.0000,0.4750,107.7483,0.000,unity
13.9601,0.00000,1.0000,0.0000,9.79527,9.79527,18.93729,0.0,0.0000,0.0000,0.0000,0.4750,107.9441,0.000,unity
13.9801,0.00000,1.0000,0.0000,9.87855,9.87855,13.83104,0.0,0.0000,0.0000,0.0000,0.4750,108.1417,0.000,unity
14.0001,0.00000,1.0000,0.0000,9.94131,9.94131,13.81903,0.0,0.0000,0.0000,0.0000,0.4750,108.3407,0.000,unity
14.0201,0.00000,1.0000,0.0000,10.03005,10.03005,7.89752,0.0,0.0000,1.0000,0.0000,0.4750,108.5414,0.000,unity
14.0401,0.00000,1.0000,0.0000,9.71018,9.71018,19.04294,0.0,0.0000,0.0000,0.0000,0.4750,108.7354,0.000,unity
14.0601,0.00000,1.0000,0.0000,9.81523,9.81523,16.75489,0.0,0.0000,0.0000,0.0000,0.4750,108.9317,0.000,unity
14.0801,0.00000,1.0000,0.0000,9.88276,9.88276,16.32237,0.0,0.0000,0.0000,0.0000,0.4750,109.1293,0.000,unity
14.1001,0.00000,1.0000,0.0000,10.02138,10.02138,8.42494,0.0,0.0000,1.0000,0.0000,0.4750,109.3299,0.000,unity
14.1201,0.00000,1.0000,0.0000,9.74935,9.74935,16.27665,0.0,0.0000,0.0000,0.0000,0.4750,109.5247,0.000,unity
14.1401,0.00000,1.0000,0.0000,9.89609,9.89609,16.03958,0.0,0.0000,0.0000,0.0000,0.4750,109.7226,0.000,unity
14.1601,0.00000,1.0000,0.0000,10.03353,10.03354,7.71992,0.0,0.0000,1.0000,0.0000,0.4750,109.9235,0.000,unity
14.1801,0.00000,1.0000,0.0000,9.70178,9.70178,19.14957,0.0,0.0000,0.0000,0.0000,0.4750,110.1172,0.000,unity
14.2001,0.00000,1.0000,0.0000,9.81646,9.81646,16.72466,0.0,0.0000,0.0000,0.0000,0.4750,110.3135,0.000,unity
14.2201,0.00000,1.0000,0.0000,9.90477,9.90477,14.32303,0.0,0.0000,0.0000,0.0000,0.4750,110.5116,0.000,unity
14.2401,0.00000,1.0000,0.0000,10.01478,10.01478,8.69037,0.0,0.0000,1.0000,0.0000,0.4750,110.7121,0.000,unity
14.2601,0.00000,1.0000,0.0000,9.76790,9.76790,15.39174,0.0,0.0000,0.0000,0.0000,0.4750,110.9073,0.000,unity
14.2801,0.00000,1.0000,0.0000,9.83239,9.83239,19.45410,0.0,0.0000,0.0000,0.0000,0.4750,111.1039,0.000,unity
14.3001,0.00000,1.0000,0.0000,9.95283,9.95283,7.60982,24.8,0.0472,1.0000,0.0000,0.4750,111.3030,0.000,unity
14.3201,0.00000,1.0000,0.0000,9.54221,9.54221,19.68671,0.0,0.0000,0.0000,0.0000,0.4750,111.4935,0.000,unity
14.3401,0.00000,1.0000,0.0000,10.06073,10.06073,5.63872,0.0,0.0000,1.0000,0.0000,0.4750,111.6949,0.000,unity
14.3601,0.00000,1.0000,0.0000,9.65034,9.65034,22.19416,0.0,0.0000,0.0000,0.0000,0.4750,111.8877,0.000,unity
14.3801,0.00000,1.0000,0.0000,9.68076,9.68076,18.66206,0.0,0.0000,0.0000,0.0000,0.4750,112.0812,0.000,unity
14.4001,0.00000,1.0000,0.0000,9.91083,9.91084,11.29324,0.0,0.0000,0.0000,0.0000,0.4750,112.2796,0.000,unity
14.4201,0.00000,1.0000,0.0000,9.86549,9.86549,11.54081,0.0,0.0000,0.0000,0.0000,0.4750,112.4770,0.000,unity
14.4401,0.00000,1.0000,0.0000,9.72677,9.72677,20.66515,0.0,0.0000,0.0000,0.0000,0.4750,112.6714,0.000,unity
14.4601,0.00000,1.0000,0.0000,9.73702,9.73702,17.71305,0.0,0.0000,0.0000,0.0000,0.4750,112.8661,0.000,unity
14.4801,0.00000,1.0000,0.0000,9.75020,9.75020,21.83494,0.0,0.0000,0.0000,0.0000,0.4750,113.0611,0.000,unity
14.5001,0.00000,1.0000,0.0000,9.83883,9.83883,9.69532,84.6,0.1612,1.0000,0.0000,0.4750,113.2580,0.000,unity
14.5201,0.00000,1.0000,0.0000,9.68791,9.68791,17.05838,0.0,0.0000,0.0000,0.0000,0.4750,113.4517,0.000,unity
14.5401,0.00000,1.0000,0.0000,10.03618,10.03618,5.84292,0.0,0.0000,1.0000,0.0000,0.4750,113.6527,0.000,unity
14.5601,0.00000,1.0000,0.0000,9.63158,9.63158,21.52203,0.0,0.0000,0.0000,0.0000,0.4750,113.8452,0.000,unity
14.5801,0.00000,1.0000,0.0000,9.85741,9.85741,9.98161,9.7,0.0184,1.0000,0.0000,0.4750,114.0424,0.000,unity
14.6001,0.00000,1.0000,0.0000,9.66187,9.66187,19.65879,0.0,0.0000,0.0000,0.0000,0.4750,114.2355,0.000,unity
14.6201,0.00000,1.0000,0.0000,9.90164,9.90164,10.23831,0.0,0.0000,0.8844,0.0000,0.4750,114.4337,0.000,unity
14.6401,0.00000,1.0000,0.0000,9.70035,9.70035,17.92582,0.0,0.0000,0.0000,0.0000,0.4750,114.6277,0.000,unity
14.6601,0.00000,1.0000,0.0000,9.88880,9.88880,13.48199,0.0,0.0000,0.0000,0.0000,0.4750,114.8256,0.000,unity
14.6802,0.00000,1.0000,0.0000,9.98082,9.98082,9.83613,10.1,0.0192,1.0000,0.0000,0.4750,115.0254,0.000,unity
14.7002,0.00000,1.0000,0.0000,9.82997,9.82997,10.45156,0.0,0.0000,0.5046,0.0000,0.4750,115.2220,0.000,unity
14.7202,0.00000,1.0000,0.0000,9.74900,9.74900,15.89141,0.0,0.0000,0.0000,0.0000,0.4750,115.4169,0.000,unity
14.7402,0.00000,1.0000,0.0000,9.83828,9.83828,18.52419,0.0,0.0000,0.0000,0.0000,0.4750,115.6137,0.000,unity
14.7602,0.00000,1.0000,0.0000,9.96201,9.96201,7.84721,19.9,0.0380,1.0000,0.0000,0.4750,115.8131,0.000,unity
14.7802,0.00000,1.0000,0.0000,9.62673,9.62673,18.91406,0.0,0.0000,0.0000,0.0000,0.4750,116.0054,0.000,unity
14.8002,0.00000,1.0000,0.0000,10.04828,10.04828,3.98660,0.0,0.0000,1.0000,0.0000,0.4750,116.2066,0.000,unity
14.8202,0.00000,1.0000,0.0000,9.70571,9.70571,16.54695,0.0,0.0000,0.0000,0.0000,0.4750,116.4005,0.000,unity
14.8402,0.00000,1.0000,0.0000,9.95749,9.95749,10.43685,0.0,0.0000,0.6942,0.0000,0.4750,116.5998,0.000,unity
14.8602,0.00000,1.0000,0.0000,9.85194,9.85194,8.77175,77.7,0.1481,1.0000,0.0000,0.4750,116.7968,0.000,unity
14.8802,0.00000,1.0000,0.0000,9.63760,9.63760,16.26317,0.0,0.0000,0.0000,0.0000,0.4750,116.9893,0.000,unity
14.9002,0.00000,1.0000,0.0000,10.17203,10.17203,0.66629,0.0,0.0000,1.0000,0.0000,0.4750,117.1931,0.000,unity
14.9202,0.00000,1.0000,0.0000,9.89842,9.89842,7.91030,53.3,0.1016,1.0000,0.0000,0.4750,117.3911,0.000,unity
14.9402,0.00000,1.0000,0.0000,9.50037,9.50037,20.98681,0.0,0.0000,0.0000,0.0000,0.4750,117.5806,0.000,unity
14.9602,0.00000,1.0000,0.0000,9.98849,9.98849,6.33956,6.0,0.0115,1.0000,0.0000,0.4750,117.7806,0.000,unity
14.9802,0.00000,1.0000,0.0000,9.52665,9.52665,22.09006,0.0,0.0000,0.0000,0.0000,0.4750,117.9707,0.000,unity
15.0002,0.00000,1.0000,0.0000,10.01842,10.01842,8.16292,0.0,0.0000,1.0000,0.0000,0.4750,118.1713,0.000,unity
15.0202,0.00000,1.0000,0.0000,9.72383,9.72383,17.34504,0.0,0.0000,0.0000,0.0000,0.4750,118.3657,0.000,unity
15.0402,0.00000,1.0000,0.0000,9.88417,9.88417,15.16514,0.0,0.0000,0.0000,0.0000,0.4750,118.5635,0.000,unity
15.0602,0.00000,1.0000,0.0000,10.01522,10.01522,8.98357,0.0,0.0000,1.0000,0.0000,0.4750,118.7640,0.000,unity
15.0802,0.00000,1.0000,0.0000,9.79293,9.79293,13.84115,0.0,0.0000,0.0000,0.0000,0.4750,118.9598,0.000,unity
15.1002,0.00000,1.0000,0.0000,9.84034,9.84034,19.09416,0.0,0.0000,0.0000,0.0000,0.4750,119.1566,0.000,unity
15.1202,0.00000,1.0000,0.0000,9.96125,9.96126,7.55407,20.3,0.0387,1.0000,0.0000,0.4750,119.3559,0.000,unity
15.1402,0.00000,1.0000,0.0000,9.56893,9.56893,19.56546,0.0,0.0000,0.0000,0.0000,0.4750,119.5470,0.000,unity
15.1602,0.00000,1.0000,0.0000,10.08682,10.08682,4.07408,0.0,0.0000,1.0000,0.0000,0.4750,119.7490,0.000,unity
15.1802,0.00000,1.0000,0.0000,9.74542,9.74542,15.98786,0.0,0.0000,0.0000,0.0000,0.4750,119.9438,0.000,unity
15.2002,0.00000,1.0000,0.0000,9.88208,9.88208,16.48339,0.0,0.0000,0.0000,0.0000,0.4750,120.1415,0.000,unity
15.2202,0.00000,1.0000,0.0000,10.02110,10.02110,7.48102,0.0,0.0000,1.0000,0.0000,0.4750,120.3421,0.000,unity
15.2402,0.00000,1.0000,0.0000,9.67251,9.67251,19.89999,0.0,0.0000,0.0000,0.0000,0.4750,120.5353,0.000,unity
15.2602,0.00000,1.0000,0.0000,9.81528,9.81528,14.92446,0.0,0.0000,0.0000,0.0000,0.4750,120.7316,0.000,unity
15.2802,0.00000,1.0000,0.0000,9.83263,9.83263,19.27057,0.0,0.0000,0.0000,0.0000,0.4750,120.9282,0.000,unity
15.3002,0.00000,1.0000,0.0000,9.95278,9.95278,7.38512,24.8,0.0472,1.0000,0.0000,0.4750,121.1274,0.000,unity
15.3202,0.00000,1.0000,0.0000,9.53556,9.53556,20.54648,0.0,0.0000,0.0000,0.0000,0.4750,121.3177,0.000,unity
15.3402,0.00000,1.0000,0.0000,10.04773,10.04773,6.95674,0.0,0.0000,1.0000,0.0000,0.4750,121.5190,0.000,unity
15.3602,0.00000,1.0000,0.0000,9.65961,9.65961,22.19799,0.0,0.0000,0.0000,0.0000,0.4750,121.7120,0.000,unity
15.3802,0.00000,1.0000,0.0000,9.61924,9.61924,21.98816,0.0,0.0000,0.0000,0.0000,0.4750,121.9042,0.000,unity
15.4002,0.00000,1.0000,0.0000,9.81320,9.81321,11.30923,0.0,0.0000,0.0000,0.0000,0.4750,122.1005,0.000,unity
15.4202,0.00000,1.0000,0.0000,9.77434,9.77434,16.98430,0.0,0.0000,0.0000,0.0000,0.4750,122.2960,0.000,unity
15.4402,0.00000,1.0000,0.0000,9.80601,9.80601,19.08778,0.0,0.0000,0.0000,0.0000,0.4750,122.4922,0.000,unity
15.4602,0.00000,1.0000,0.0000,9.92688,9.92688,8.74354,38.4,0.0731,1.0000,0.0000,0.4750,122.6909,0.000,unity
15.4802,0.00000,1.0000,0.0000,9.63696,9.63696,15.42721,0.0,0.0000,0.0000,0.0000,0.4750,122.8835,0.000,unity
15.5002,0.00000,1.0000,0.0000,10.17138,10.17138,1.48660,0.0,0.0000,1.0000,0.0000,0.4750,123.0873,0.000,unity
15.5202,0.00000,1.0000,0.0000,9.89778,9.89778,8.14092,53.7,0.1022,1.0000,0.0000,0.4750,123.2854,0.000,unity
15.5402,0.00000,1.0000,0.0000,9.47969,9.47969,22.41868,0.0,0.0000,0.0000,0.0000,0.4750,123.4746,0.000,unity
15.5602,0.00000,1.0000,0.0000,9.95985,9.95985,8.75155,21.1,0.0402,1.0000,0.0000,0.4750,123.6740,0.000,unity
15.5802,0.00000,1.0000,0.0000,9.71884,9.71884,14.64597,0.0,0.0000,0.0000,0.0000,0.4750,123.8682,0.000,unity
15.6002,0.00000,1.0000,0.0000,10.07854,10.07854,5.25241,0.0,0.0000,1.0000,0.0000,0.4750,124.0701,0.000,unity
15.6202,0.00000,1.0000,0.0000,9.67710,9.67710,21.37401,0.0,0.0000,0.0000,0.0000,0.4750,124.2635,0.000,unity
15.6402,0.00000,1.0000,0.0000,9.64881,9.64881,21.87736,0.0,0.0000,0.0000,0.0000,0.4750,124.4562,0.000,unity
15.6602,0.00000,1.0000,0.0000,9.71398,9.71398,17.62334,0.0,0.0000,0.0000,0.0000,0.4750,124.6504,0.000,unity
15.6802,0.00000,1.0000,0.0000,9.82289,9.82289,17.22595,0.0,0.0000,0.0000,0.0000,0.4750,124.8470,0.000,unity
15.7002,0.00000,1.0000,0.0000,9.95606,9.95606,9.94856,23.1,0.0439,1.0000,0.0000,0.4750,125.0463,0.000,unity
15.7202,0.00000,1.0000,0.0000,9.82177,9.82177,10.07874,0.0,0.0000,0.9907,0.0000,0.4750,125.2427,0.000,unity
15.7402,0.00000,1.0000,0.0000,9.78322,9.78322,12.47997,0.0,0.0000,0.0000,0.0000,0.4750,125.4383,0.000,unity
15.7602,0.00000,1.0000,0.0000,9.89886,9.89886,13.04689,0.0,0.0000,0.0000,0.0000,0.4750,125.6364,0.000,unity
15.7802,0.00000,1.0000,0.0000,9.97117,9.97118,9.42496,15.1,0.0288,1.0000,0.0000,0.4750,125.8360,0.000,unity
15.8002,0.00000,1.0000,0.0000,9.79061,9.79061,11.89931,0.0,0.0000,0.0000,0.0000,0.4750,126.0317,0.000,unity
15.8202,0.00000,1.0000,0.0000,9.88370,9.88370,12.53333,0.0,0.0000,0.0000,0.0000,0.4750,126.2294,0.000,unity
15.8402,0.00000,1.0000,0.0000,9.91582,9.91582,11.72566,0.0,0.0000,0.0000,0.0000,0.4750,126.4278,0.000,unity
15.8602,0.00000,1.0000,0.0000,9.90642,9.90642,9.86452,49.1,0.0936,1.0000,0.0000,0.4750,126.6259,0.000,unity
15.8802,0.00000,1.0000,0.0000,9.69682,9.69682,16.58161,0.0,0.0000,0.0000,0.0000,0.4750,126.8197,0.000,unity
15.9002,0.00000,1.0000,0.0000,10.01869,10.01869,7.68698,0.0,0.0000,1.0000,0.0000,0.4750,127.0202,0.000,unity
15.9202,0.00000,1.0000,0.0000,9.68236,9.68236,19.77868,0.0,0.0000,0.0000,0.0000,0.4750,127.2136,0.000,unity
15.9402,0.00000,1.0000,0.0000,9.75419,9.75419,17.91878,0.0,0.0000,0.0000,0.0000,0.4750,127.4086,0.000,unity
15.9602,0.00000,1.0000,0.0000,9.76327,9.76327,20.85186,0.0,0.0000,0.0000,0.0000,0.4750,127.6038,0.000,unity
15.9802,0.00000,1.0000,0.0000,9.86049,9.86049,9.96473,18.5,0.0353,1.0000,0.0000,0.4750,127.8010,0.000,unity
16.0002,0.00000,1.0000,0.0000,9.61343,9.61343,21.95084,0.0,0.0000,0.0000,0.0000,0.4750,127.9931,0.000,unity
16.0202,0.00000,1.0000,0.0000,9.82943,9.82943,9.61552,89.5,0.1706,1.0000,0.0000,0.4750,128.1897,0.000,unity
16.0402,0.00000,1.0000,0.0000,9.73815,9.73815,13.89859,0.0,0.0000,0.0000,0.0000,0.4750,128.3844,0.000,unity
16.0602,0.00000,1.0000,0.0000,10.07527,10.07527,5.19238,0.0,0.0000,1.0000,0.0000,0.4750,128.5863,0.000,unity
16.0802,0.00000,1.0000,0.0000,9.68537,9.68537,19.98036,0.0,0.0000,0.0000,0.0000,0.4750,128.7799,0.000,unity
16.1002,0.00000,1.0000,0.0000,9.78773,9.78773,16.80177,0.0,0.0000,0.0000,0.0000,0.4750,128.9756,0.000,unity
16.1202,0.00000,1.0000,0.0000,9.80582,9.80582,20.06316,0.0,0.0000,0.0000,0.0000,0.4750,129.1718,0.000,unity
16.1402,0.00000,1.0000,0.0000,9.91676,9.91676,8.65635,43.7,0.0832,1.0000,0.0000,0.4750,129.3702,0.000,unity
16.1602,0.00000,1.0000,0.0000,9.55307,9.55307,20.77571,0.0,0.0000,0.0000,0.0000,0.4750,129.5610,0.000,unity
16.1802,0.00000,1.0000,0.0000,10.05785,10.05785,6.13641,0.0,0.0000,1.0000,0.0000,0.4750,129.7625,0.000,unity
16.2002,0.00000,1.0000,0.0000,9.65301,9.65301,21.81452,0.0,0.0000,0.0000,0.0000,0.4750,129.9554,0.000,unity
16.2202,0.00000,1.0000,0.0000,9.74676,9.74676,16.25472,0.0,0.0000,0.0000,0.0000,0.4750,130.1503,0.000,unity
16.2402,0.00000,1.0000,0.0000,9.85427,9.85427,17.66435,0.0,0.0000,0.0000,0.0000,0.4750,130.3474,0.000,unity
16.2602,0.00000,1.0000,0.0000,9.98309,9.98309,8.20629,8.9,0.0169,1.0000,0.0000,0.4750,130.5473,0.000,unity
16.2802,0.00000,1.0000,0.0000,9.69551,9.69551,17.46003,0.0,0.0000,0.0000,0.0000,0.4750,130.7411,0.000,unity
16.3002,0.00000,1.0000,0.0000,9.95601,9.95601,9.84898,23.1,0.0440,1.0000,0.0000,0.4750,130.9404,0.000,unity
16.3202,0.00000,1.0000,0.0000,9.80867,9.80867,10.38350,0.0,0.0000,0.5669,0.0000,0.4750,131.1365,0.000,unity
16.3402,0.00000,1.0000,0.0000,9.86896,9.86896,8.94700,68.8,0.1310,1.0000,0.0000,0.4750,131.3339,0.000,unity
16.3602,0.00000,1.0000,0.0000,9.61851,9.61851,18.64252,0.0,0.0000,0.0000,0.0000,0.4750,131.5260,0.000,unity
16.3802,0.00000,1.0000,0.0000,10.12209,10.12209,2.70591,0.0,0.0000,1.0000,0.0000,0.4750,131.7288,0.000,unity
16.4002,0.00000,1.0000,0.0000,9.83866,9.83866,11.08782,0.0,0.0000,0.0000,0.0000,0.4750,131.9256,0.000,unity
16.4202,0.00000,1.0000,0.0000,9.77593,9.77593,17.29648,0.0,0.0000,0.0000,0.0000,0.4750,132.1210,0.000,unity
16.4402,0.00000,1.0000,0.0000,9.77162,9.77162,21.78874,0.0,0.0000,0.0000,0.0000,0.4750,132.3163,0.000,unity
16.4602,0.00000,1.0000,0.0000,9.86779,9.86779,9.28028,69.4,0.1322,1.0000,0.0000,0.4750,132.5137,0.000,unity
16.4802,0.00000,1.0000,0.0000,9.65031,9.65031,18.48755,0.0,0.0000,0.0000,0.0000,0.4750,132.7065,0.000,unity
16.5002,0.00000,1.0000,0.0000,10.09970,10.09970,2.45323,0.0,0.0000,1.0000,0.0000,0.4750,132.9088,0.000,unity
16.5202,0.00000,1.0000,0.0000,9.82189,9.82189,10.54900,0.0,0.0000,0.3639,0.0000,0.4750,133.1052,0.000,unity
16.5402,0.00000,1.0000,0.0000,9.88204,9.88204,9.50484,61.9,0.1180,1.0000,0.0000,0.4750,133.3029,0.000,unity
16.5602,0.00000,1.0000,0.0000,9.63582,9.63582,20.62424,0.0,0.0000,0.0000,0.0000,0.4750,133.4953,0.000,unity
16.5802,0.00000,1.0000,0.0000,10.01540,10.01540,5.85618,0.0,0.0000,1.0000,0.0000,0.4750,133.6958,0.000,unity
16.6002,0.00000,1.0000,0.0000,9.56691,9.56691,21.73465,0.0,0.0000,0.0000,0.0000,0.4750,133.8869,0.000,unity
16.6202,0.00000,1.0000,0.0000,10.05061,10.05061,7.62231,0.0,0.0000,1.0000,0.0000,0.4750,134.0882,0.000,unity
16.6402,0.00000,1.0000,0.0000,9.71100,9.71100,19.45568,0.0,0.0000,0.0000,0.0000,0.4750,134.2822,0.000,unity
16.6602,0.00000,1.0000,0.0000,9.80608,9.80608,17.46371,0.0,0.0000,0.0000,0.0000,0.4750,134.4783,0.000,unity
16.6802,0.00000,1.0000,0.0000,9.86275,9.86275,16.69817,0.0,0.0000,0.0000,0.0000,0.4750,134.6756,0.000,unity
16.7002,0.00000,1.0000,0.0000,9.99756,9.99756,9.53317,1.3,0.0024,1.0000,0.0000,0.4750,134.8757,0.000,unity
16.7202,0.00000,1.0000,0.0000,9.82839,9.82839,11.63123,0.0,0.0000,0.0000,0.0000,0.4750,135.0723,0.000,unity
16.7402,0.00000,1.0000,0.0000,9.83210,9.83210,15.92054,0.0,0.0000,0.0000,0.0000,0.4750,135.2689,0.000,unity
16.7602,0.00000,1.0000,0.0000,9.90930,9.90930,15.44231,0.0,0.0000,0.0000,0.0000,0.4750,135.4671,0.000,unity
16.7802,0.00000,1.0000,0.0000,10.04431,10.04431,7.64152,0.0,0.0000,1.0000,0.0000,0.4750,135.6682,0.000,unity
16.8002,0.00000,1.0000,0.0000,9.70630,9.70630,19.40243,0.0,0.0000,0.0000,0.0000,0.4750,135.8621,0.000,unity
16.8202,0.00000,1.0000,0.0000,9.78539,9.78539,18.28510,0.0,0.0000,0.0000,0.0000,0.4750,136.0578,0.000,unity
16.8402,0.00000,1.0000,0.0000,9.83954,9.83954,16.25855,0.0,0.0000,0.0000,0.0000,0.4750,136.2545,0.000,unity
16.8602,0.00000,1.0000,0.0000,9.96770,9.96770,11.32334,0.0,0.0000,0.0000,0.0000,0.4750,136.4540,0.000,unity
16.8802,0.00000,1.0000,0.0000,9.93366,9.93366,7.85043,34.8,0.0663,1.0000,0.0000,0.4750,136.6527,0.000,unity
16.9002,0.00000,1.0000,0.0000,9.49133,9.49133,21.37843,0.0,0.0000,0.0000,0.0000,0.4750,136.8421,0.000,unity
16.9202,0.00000,1.0000,0.0000,9.97703,9.97703,8.45198,12.1,0.0230,1.0000,0.0000,0.4750,137.0418,0.000,unity
16.9402,0.00000,1.0000,0.0000,9.70967,9.70967,16.27545,0.0,0.0000,0.0000,0.0000,0.4750,137.2359,0.000,unity
16.9602,0.00000,1.0000,0.0000,10.03847,10.03847,6.82125,0.0,0.0000,1.0000,0.0000,0.4750,137.4369,0.000,unity
16.9802,0.00000,1.0000,0.0000,9.65079,9.65079,21.55256,0.0,0.0000,0.0000,0.0000,0.4750,137.6297,0.000,unity
17.0002,0.00000,1.0000,0.0000,9.80069,9.80069,13.70425,0.0,0.0000,0.0000,0.0000,0.4750,137.8257,0.000,unity
17.0202,0.00000,1.0000,0.0000,9.82381,9.82381,19.91605,0.0,0.0000,0.0000,0.0000,0.4750,138.0222,0.000,unity
17.0402,0.00000,1.0000,0.0000,9.93704,9.93704,7.86247,33.1,0.0630,1.0000,0.0000,0.4750,138.2211,0.000,unity
17.0602,0.00000,1.0000,0.0000,9.50980,9.50980,19.87079,0.0,0.0000,0.0000,0.0000,0.4750,138.4109,0.000,unity
17.0802,0.00000,1.0000,0.0000,10.00751,10.00751,4.57169,0.0,0.0000,1.0000,0.0000,0.4750,138.6114,0.000,unity
17.1002,0.00000,1.0000,0.0000,9.56188,9.56188,18.10989,0.0,0.0000,0.0000,0.0000,0.4750,138.8024,0.000,unity
17.1202,0.00000,1.0000,0.0000,10.09240,10.09240,1.81473,0.0,0.0000,1.0000,0.0000,0.4750,139.0046,0.000,unity
17.1402,0.00000,1.0000,0.0000,9.81880,9.81880,10.17202,0.0,0.0000,0.8624,0.0000,0.4750,139.2010,0.000,unity
17.1602,0.00000,1.0000,0.0000,9.83100,9.83100,10.39899,0.0,0.0000,0.5760,0.0000,0.4750,139.3976,0.000,unity
17.1802,0.00000,1.0000,0.0000,9.76791,9.76791,14.81848,0.0,0.0000,0.0000,0.0000,0.4750,139.5929,0.000,unity
17.2002,0.00000,1.0000,0.0000,9.86177,9.86177,17.82158,0.0,0.0000,0.0000,0.0000,0.4750,139.7902,0.000,unity
17.2202,0.00000,1.0000,0.0000,9.99029,9.99029,7.40806,5.1,0.0097,1.0000,0.0000,0.4750,139.9902,0.000,unity
17.2402,0.00000,1.0000,0.0000,9.63595,9.63595,20.61851,0.0,0.0000,0.0000,0.0000,0.4750,140.1827,0.000,unity
17.2602,0.00000,1.0000,0.0000,9.88148,9.88148,8.96513,62.2,0.1185,1.0000,0.0000,0.4750,140.3804,0.000,unity
17.2802,0.00000,1.0000,0.0000,9.55119,9.55119,22.35949,0.0,0.0000,0.0000,0.0000,0.4750,140.5711,0.000,unity
17.3002,0.00000,1.0000,0.0000,10.01539,10.01539,9.69048,0.0,0.0000,1.0000,0.0000,0.4750,140.7717,0.000,unity
17.3202,0.00000,1.0000,0.0000,9.85799,9.85799,11.13160,0.0,0.0000,0.0000,0.0000,0.4750,140.9689,0.000,unity
17.3402,0.00000,1.0000,0.0000,9.68797,9.68797,22.17520,0.0,0.0000,0.0000,0.0000,0.4750,141.1625,0.000,unity
17.3602,0.00000,1.0000,0.0000,9.65132,9.65132,21.21452,0.0,0.0000,0.0000,0.0000,0.4750,141.3553,0.000,unity
17.3802,0.00000,1.0000,0.0000,9.77381,9.77381,14.68645,0.0,0.0000,0.0000,0.0000,0.4750,141.5508,0.000,unity
17.4002,0.00000,1.0000,0.0000,9.84152,9.84152,19.07070,0.0,0.0000,0.0000,0.0000,0.4750,141.7477,0.000,unity
17.4202,0.00000,1.0000,0.0000,9.96552,9.96552,7.14799,18.1,0.0345,1.0000,0.0000,0.4750,141.9473,0.000,unity
17.4402,0.00000,1.0000,0.0000,9.55288,9.55288,20.72444,0.0,0.0000,0.0000,0.0000,0.4750,142.1380,0.000,unity
17.4602,0.00000,1.0000,0.0000,10.05306,10.05306,6.06931,0.0,0.0000,1.0000,0.0000,0.4750,142.3394,0.000,unity
17.4802,0.00000,1.0000,0.0000,9.64798,9.64798,21.75963,0.0,0.0000,0.0000,0.0000,0.4750,142.5322,0.000,unity
17.5002,0.00000,1.0000,0.0000,9.72219,9.72219,17.22251,0.0,0.0000,0.0000,0.0000,0.4750,142.7266,0.000,unity
17.5202,0.00000,1.0000,0.0000,9.82007,9.82007,17.93313,0.0,0.0000,0.0000,0.0000,0.4750,142.9230,0.000,unity
17.5402,0.00000,1.0000,0.0000,9.94841,9.94841,9.35794,27.1,0.0516,1.0000,0.0000,0.4750,143.1222,0.000,unity
17.5602,0.00000,1.0000,0.0000,9.76829,9.76829,12.24997,0.0,0.0000,0.0000,0.0000,0.4750,143.3175,0.000,unity
17.5802,0.00000,1.0000,0.0000,9.96581,9.96581,8.57874,17.9,0.0342,1.0000,0.0000,0.4750,143.5170,0.000,unity
17.6002,0.00000,1.0000,0.0000,9.71280,9.71280,15.38664,0.0,0.0000,0.0000,0.0000,0.4750,143.7111,0.000,unity
17.6202,0.00000,1.0000,0.0000,10.03452,10.03452,7.46639,0.0,0.0000,1.0000,0.0000,0.4750,143.9120,0.000,unity
17.6402,0.00000,1.0000,0.0000,9.67957,9.67957,20.74473,0.0,0.0000,0.0000,0.0000,0.4750,144.1054,0.000,unity
17.6602,0.00000,1.0000,0.0000,9.66911,9.66911,21.39045,0.0,0.0000,0.0000,0.0000,0.4750,144.2986,0.000,unity
17.6802,0.00000,1.0000,0.0000,9.66449,9.66450,21.08838,0.0,0.0000,0.0000,0.0000,0.4750,144.4918,0.000,unity
17.7002,0.00000,1.0000,0.0000,9.67339,9.67339,20.32172,0.0,0.0000,0.0000,0.0000,0.4750,144.6851,0.000,unity
17.7202,0.00000,1.0000,0.0000,9.71702,9.71702,19.41853,0.0,0.0000,0.0000,0.0000,0.4750,144.8794,0.000,unity
17.7402,0.00000,1.0000,0.0000,9.69304,9.69304,21.81686,0.0,0.0000,0.0000,0.0000,0.4750,145.0732,0.000,unity
17.7602,0.00000,1.0000,0.0000,9.69308,9.69308,18.17221,0.0,0.0000,0.0000,0.0000,0.4750,145.2671,0.000,unity
17.7802,0.00000,1.0000,0.0000,9.79928,9.79928,17.14882,0.0,0.0000,0.0000,0.0000,0.4750,145.4632,0.000,unity
17.8002,0.00000,1.0000,0.0000,9.92372,9.92372,11.21533,0.0,0.0000,0.0000,0.0000,0.4750,145.6618,0.000,unity
17.8202,0.00000,1.0000,0.0000,9.88739,9.88739,8.91610,59.1,0.1126,1.0000,0.0000,0.4750,145.8597,0.000,unity
17.8402,0.00000,1.0000,0.0000,9.53779,9.53779,21.94878,0.0,0.0000,0.0000,0.0000,0.4750,146.0502,0.000,unity
17.8602,0.00000,1.0000,0.0000,10.01093,10.01093,8.98548,0.0,0.0000,1.0000,0.0000,0.4750,146.2508,0.000,unity
17.8802,0.00000,1.0000,0.0000,9.79247,9.79247,14.13666,0.0,0.0000,0.0000,0.0000,0.4750,146.4466,0.000,unity
17.9002,0.00000,1.0000,0.0000,9.77371,9.77371,22.21553,0.0,0.0000,0.0000,0.0000,0.4750,146.6421,0.000,unity
17.9202,0.00000,1.0000,0.0000,9.86199,9.86200,8.66716,72.5,0.1380,1.0000,0.0000,0.4750,146.8394,0.000,unity
17.9402,0.00000,1.0000,0.0000,9.55251,9.55251,20.42356,0.0,0.0000,0.0000,0.0000,0.4750,147.0302,0.000,unity
17.9602,0.00000,1.0000,0.0000,10.06021,10.06021,6.54992,0.0,0.0000,1.0000,0.0000,0.4750,147.2317,0.000,unity
17.9802,0.00000,1.0000,0.0000,9.65265,9.65265,23.04787,0.0,0.0000,0.0000,0.0000,0.4750,147.4246,0.000,unity
18.0002,0.00000,1.0000,0.0000,9.58865,9.58865,22.51932,0.0,0.0000,0.0000,0.0000,0.4750,147.6162,0.000,unity
18.0202,0.00000,1.0000,0.0000,9.87050,9.87050,9.01782,68.0,0.1295,1.0000,0.0000,0.4750,147.8137,0.000,unity
18.0402,0.00000,1.0000,0.0000,9.55638,9.55638,21.98781,0.0,0.0000,0.0000,0.0000,0.4750,148.0046,0.000,unity
18.0602,0.00000,1.0000,0.0000,10.01561,10.01561,9.01023,0.0,0.0000,1.0000,0.0000,0.4750,148.2052,0.000,unity
18.0802,0.00000,1.0000,0.0000,9.79901,9.79901,14.04238,0.0,0.0000,0.0000,0.0000,0.4750,148.4012,0.000,unity
18.1002,0.00000,1.0000,0.0000,9.79223,9.79223,21.73759,0.0,0.0000,0.0000,0.0000,0.4750,148.5971,0.000,unity
18.1202,0.00000,1.0000,0.0000,9.88508,9.88508,7.90614,60.3,0.1149,1.0000,0.0000,0.4750,148.7949,0.000,unity
18.1402,0.00000,1.0000,0.0000,9.51178,9.51178,20.14100,0.0,0.0000,0.0000,0.0000,0.4750,148.9848,0.000,unity
18.1602,0.00000,1.0000,0.0000,10.01341,10.01341,6.25237,0.0,0.0000,1.0000,0.0000,0.4750,149.1853,0.000,unity
18.1802,0.00000,1.0000,0.0000,9.60026,9.60026,23.02483,0.0,0.0000,0.0000,0.0000,0.4750,149.3771,0.000,unity
18.2002,0.00000,1.0000,0.0000,9.82584,9.82584,10.49451,0.0,0.0000,0.4418,0.0000,0.4750,149.5737,0.000,unity
18.2202,0.00000,1.0000,0.0000,9.78605,9.78605,14.05982,0.0,0.0000,0.0000,0.0000,0.4750,149.7694,0.000,unity
18.2402,0.00000,1.0000,0.0000,9.83122,9.83122,19.42433,0.0,0.0000,0.0000,0.0000,0.4750,149.9661,0.000,unity
18.2602,0.00000,1.0000,0.0000,9.95198,9.95198,7.44373,25.2,0.0480,1.0000,0.0000,0.4750,150.1653,0.000,unity
18.2802,0.00000,1.0000,0.0000,9.53105,9.53105,19.84449,0.0,0.0000,0.0000,0.0000,0.4750,150.3557,0.000,unity
18.3002,0.00000,1.0000,0.0000,10.04399,10.04399,4.62432,0.0,0.0000,1.0000,0.0000,0.4750,150.5568,0.000,unity
18.3202,0.00000,1.0000,0.0000,9.67574,9.67574,18.12566,0.0,0.0000,0.0000,0.0000,0.4750,150.7502,0.000,unity
18.3402,0.00000,1.0000,0.0000,9.96070,9.96070,8.86445,20.6,0.0393,1.0000,0.0000,0.4750,150.9496,0.000,unity
18.3602,0.00000,1.0000,0.0000,9.73528,9.73528,14.42090,0.0,0.0000,0.0000,0.0000,0.4750,151.1442,0.000,unity
18.3802,0.00000,1.0000,0.0000,10.01844,10.01844,8.32684,0.0,0.0000,1.0000,0.0000,0.4750,151.3447,0.000,unity
18.4002,0.00000,1.0000,0.0000,9.73802,9.73802,16.62084,0.0,0.0000,0.0000,0.0000,0.4750,151.5394,0.000,unity
18.4202,0.00000,1.0000,0.0000,9.83239,9.83239,18.47842,0.0,0.0000,0.0000,0.0000,0.4750,151.7360,0.000,unity
18.4402,0.00000,1.0000,0.0000,9.95943,9.95943,8.20239,21.3,0.0406,1.0000,0.0000,0.4750,151.9353,0.000,unity
18.4602,0.00000,1.0000,0.0000,9.66151,9.66151,17.01764,0.0,0.0000,0.0000,0.0000,0.4750,152.1283,0.000,unity
18.4802,0.00000,1.0000,0.0000,10.09258,10.09258,2.63767,0.0,0.0000,1.0000,0.0000,0.4750,152.3304,0.000,unity
18.5002,0.00000,1.0000,0.0000,9.81000,9.81000,11.64671,0.0,0.0000,0.0000,0.0000,0.4750,152.5266,0.000,unity
18.5202,0.00000,1.0000,0.0000,9.80337,9.80337,16.51369,0.0,0.0000,0.0000,0.0000,0.4750,152.7225,0.000,unity
18.5402,0.00000,1.0000,0.0000,9.88890,9.88890,14.98976,0.0,0.0000,0.0000,0.0000,0.4750,152.9203,0.000,unity
18.5602,0.00000,1.0000,0.0000,10.01641,10.01641,8.11925,0.0,0.0000,1.0000,0.0000,0.4750,153.1208,0.000,unity
18.5802,0.00000,1.0000,0.0000,9.71822,9.71822,17.54522,0.0,0.0000,0.0000,0.0000,0.4750,153.3150,0.000,unity
18.6002,0.00000,1.0000,0.0000,9.80599,9.80599,18.66945,0.0,0.0000,0.0000,0.0000,0.4750,153.5110,0.000,unity
18.6202,0.00000,1.0000,0.0000,9.92658,9.92658,9.31305,38.5,0.0734,1.0000,0.0000,0.4750,153.7096,0.000,unity
18.6402,0.00000,1.0000,0.0000,9.71061,9.71061,13.44578,0.0,0.0000,0.0000,0.0000,0.4750,153.9036,0.000,unity
18.6602,0.00000,1.0000,0.0000,10.11980,10.11980,1.24500,0.0,0.0000,1.0000,0.0000,0.4750,154.1063,0.000,unity
18.6802,0.00000,1.0000,0.0000,9.84620,9.84620,9.11159,80.7,0.1538,1.0000,0.0000,0.4750,154.3032,0.000,unity
18.7002,0.00000,1.0000,0.0000,9.66791,9.66791,16.01444,0.0,0.0000,0.0000,0.0000,0.4750,154.4963,0.000,unity
18.7202,0.00000,1.0000,0.0000,10.15636,10.15636,0.37258,0.0,0.0000,1.0000,0.0000,0.4750,154.6997,0.000,unity
18.7402,0.00000,1.0000,0.0000,9.88276,9.88276,8.61580,61.6,0.1172,1.0000,0.0000,0.4750,154.8974,0.000,unity
18.7602,0.00000,1.0000,0.0000,9.57180,9.57180,20.05563,0.0,0.0000,0.0000,0.0000,0.4750,155.0884,0.000,unity
18.7802,0.00000,1.0000,0.0000,10.08435,10.08435,4.80310,0.0,0.0000,1.0000,0.0000,0.4750,155.2904,0.000,unity
18.8002,0.00000,1.0000,0.0000,9.70840,9.70840,18.82313,0.0,0.0000,0.0000,0.0000,0.4750,155.4844,0.000,unity
18.8202,0.00000,1.0000,0.0000,9.84001,9.84001,16.04858,0.0,0.0000,0.0000,0.0000,0.4750,155.6811,0.000,unity
18.8402,0.00000,1.0000,0.0000,9.95295,9.95295,12.42485,0.0,0.0000,0.0000,0.0000,0.4750,155.8803,0.000,unity
18.8602,0.00000,1.0000,0.0000,9.98240,9.98240,8.02245,9.2,0.0176,1.0000,0.0000,0.4750,156.0801,0.000,unity
18.8802,0.00000,1.0000,0.0000,9.67472,9.67472,18.13938,0.0,0.0000,0.0000,0.0000,0.4750,156.2733,0.000,unity
18.9002,0.00000,1.0000,0.0000,10.00816,10.00816,5.98546,0.0,0.0000,1.0000,0.0000,0.4750,156.4737,0.000,unity
18.9202,0.00000,1.0000,0.0000,9.58673,9.58673,21.97345,0.0,0.0000,0.0000,0.0000,0.4750,156.6651,0.000,unity
18.9402,0.00000,1.0000,0.0000,9.98140,9.98140,7.97476,9.8,0.0186,1.0000,0.0000,0.4750,156.8649,0.000,unity
18.9602,0.00000,1.0000,0.0000,9.67267,9.67267,17.98977,0.0,0.0000,0.0000,0.0000,0.4750,157.0582,0.000,unity
18.9802,0.00000,1.0000,0.0000,10.02178,10.02178,6.05597,0.0,0.0000,1.0000,0.0000,0.4750,157.2589,0.000,unity
19.0002,0.00000,1.0000,0.0000,9.60794,9.60794,22.79423,0.0,0.0000,0.0000,0.0000,0.4750,157.4508,0.000,unity
19.0202,0.00000,1.0000,0.0000,9.81887,9.81887,10.23977,0.0,0.0000,0.7721,0.0000,0.4750,157.6472,0.000,unity
19.0403,0.00000,1.0000,0.0000,9.82200,9.82200,11.05995,0.0,0.0000,0.0000,0.0000,0.4750,157.8436,0.000,unity
19.0603,0.00000,1.0000,0.0000,9.78931,9.78931,15.78788,0.0,0.0000,0.0000,0.0000,0.4750,158.0394,0.000,unity
19.0803,0.00000,1.0000,0.0000,9.78859,9.78859,21.72691,0.0,0.0000,0.0000,0.0000,0.4750,158.2352,0.000,unity
19.1003,0.00000,1.0000,0.0000,9.88375,9.88375,7.80829,61.0,0.1162,1.0000,0.0000,0.4750,158.4330,0.000,unity
19.1203,0.00000,1.0000,0.0000,9.51733,9.51734,19.38219,0.0,0.0000,0.0000,0.0000,0.4750,158.6231,0.000,unity
19.1403,0.00000,1.0000,0.0000,10.02245,10.02245,5.07430,0.0,0.0000,1.0000,0.0000,0.4750,158.8238,0.000,unity
19.1603,0.00000,1.0000,0.0000,9.61923,9.61924,20.77685,0.0,0.0000,0.0000,0.0000,0.4750,159.0160,0.000,unity
19.1803,0.00000,1.0000,0.0000,9.95396,9.95396,6.92586,24.2,0.0460,1.0000,0.0000,0.4750,159.2153,0.000,unity
19.2003,0.00000,1.0000,0.0000,9.46736,9.46736,22.00363,0.0,0.0000,0.0000,0.0000,0.4750,159.4044,0.000,unity
19.2203,0.00000,1.0000,0.0000,9.94178,9.94178,9.34617,30.6,0.0582,1.0000,0.0000,0.4750,159.6034,0.000,unity
19.2403,0.00000,1.0000,0.0000,9.73515,9.73515,12.74895,0.0,0.0000,0.0000,0.0000,0.4750,159.7981,0.000,unity
19.2603,0.00000,1.0000,0.0000,10.11395,10.11395,1.66727,0.0,0.0000,1.0000,0.0000,0.4750,160.0008,0.000,unity
19.2803,0.00000,1.0000,0.0000,9.84034,9.84034,10.24827,0.0,0.0000,0.7894,0.0000,0.4750,160.1976,0.000,unity
19.3003,0.00000,1.0000,0.0000,9.74765,9.74765,15.68861,0.0,0.0000,0.0000,0.0000,0.4750,160.3925,0.000,unity
19.3203,0.00000,1.0000,0.0000,9.90815,9.90815,15.15521,0.0,0.0000,0.0000,0.0000,0.4750,160.5908,0.000,unity
19.3403,0.00000,1.0000,0.0000,10.04243,10.04244,7.30514,0.0,0.0000,1.0000,0.0000,0.4750,160.7918,0.000,unity
19.3603,0.00000,1.0000,0.0000,9.68173,9.68173,20.37206,0.0,0.0000,0.0000,0.0000,0.4750,160.9852,0.000,unity
19.3803,0.00000,1.0000,0.0000,9.74009,9.74009,18.72840,0.0,0.0000,0.0000,0.0000,0.4750,161.1799,0.000,unity
19.4003,0.00000,1.0000,0.0000,9.72190,9.72190,21.91396,0.0,0.0000,0.0000,0.0000,0.4750,161.3742,0.000,unity
19.4203,0.00000,1.0000,0.0000,9.77809,9.77809,13.74655,0.0,0.0000,0.0000,0.0000,0.4750,161.5697,0.000,unity
19.4403,0.00000,1.0000,0.0000,9.86185,9.86185,17.09125,0.0,0.0000,0.0000,0.0000,0.4750,161.7670,0.000,unity
19.4603,0.00000,1.0000,0.0000,9.99479,9.99479,7.83524,2.7,0.0052,1.0000,0.0000,0.4750,161.9671,0.000,unity
19.4803,0.00000,1.0000,0.0000,9.67397,9.67397,19.02168,0.0,0.0000,0.0000,0.0000,0.4750,162.1604,0.000,unity
19.5003,0.00000,1.0000,0.0000,9.85250,9.85250,13.04282,0.0,0.0000,0.0000,0.0000,0.4750,162.3575,0.000,unity
19.5203,0.00000,1.0000,0.0000,9.84811,9.84811,16.59959,0.0,0.0000,0.0000,0.0000,0.4750,162.5544,0.000,unity
19.5403,0.00000,1.0000,0.0000,9.98605,9.98605,8.81321,7.3,0.0140,1.0000,0.0000,0.4750,162.7543,0.000,unity
19.5603,0.00000,1.0000,0.0000,9.75225,9.75225,14.42938,0.0,0.0000,0.0000,0.0000,0.4750,162.9492,0.000,unity
19.5803,0.00000,1.0000,0.0000,9.90957,9.90957,14.58513,0.0,0.0000,0.0000,0.0000,0.4750,163.1475,0.000,unity
19.6003,0.00000,1.0000,0.0000,10.03098,10.03098,6.98538,0.0,0.0000,1.0000,0.0000,0.4750,163.3483,0.000,unity
19.6203,0.00000,1.0000,0.0000,9.65139,9.65139,21.24383,0.0,0.0000,0.0000,0.0000,0.4750,163.5411,0.000,unity
19.6403,0.00000,1.0000,0.0000,9.71307,9.71307,18.16286,0.0,0.0000,0.0000,0.0000,0.4750,163.7352,0.000,unity
19.6603,0.00000,1.0000,0.0000,9.72663,9.72663,21.46923,0.0,0.0000,0.0000,0.0000,0.4750,163.9296,0.000,unity
19.6803,0.00000,1.0000,0.0000,9.81655,9.81655,11.34215,0.0,0.0000,0.0000,0.0000,0.4750,164.1259,0.000,unity
19.7003,0.00000,1.0000,0.0000,9.71209,9.71209,20.21288,0.0,0.0000,0.0000,0.0000,0.4750,164.3201,0.000,unity
19.7203,0.00000,1.0000,0.0000,9.72380,9.72380,18.71988,0.0,0.0000,0.0000,0.0000,0.4750,164.5145,0.000,unity
19.7403,0.00000,1.0000,0.0000,9.70936,9.70937,21.39322,0.0,0.0000,0.0000,0.0000,0.4750,164.7086,0.000,unity
19.7603,0.00000,1.0000,0.0000,9.76844,9.76844,13.90343,0.0,0.0000,0.0000,0.0000,0.4750,164.9040,0.000,unity
19.7803,0.00000,1.0000,0.0000,9.79086,9.79086,20.27897,0.0,0.0000,0.0000,0.0000,0.4750,165.0999,0.000,unity
19.8003,0.00000,1.0000,0.0000,9.89905,9.89906,7.61649,53.0,0.1009,1.0000,0.0000,0.4750,165.2980,0.000,unity
19.8203,0.00000,1.0000,0.0000,9.43521,9.43521,21.72337,0.0,0.0000,0.0000,0.0000,0.4750,165.4864,0.000,unity
19.8403,0.00000,1.0000,0.0000,9.90014,9.90014,7.67051,52.4,0.0999,1.0000,0.0000,0.4750,165.6846,0.000,unity
19.8603,0.00000,1.0000,0.0000,9.43473,9.43474,22.76296,0.0,0.0000,0.0000,0.0000,0.4750,165.8730,0.000,unity
19.8803,0.00000,1.0000,0.0000,9.89911,9.89911,10.56095,0.0,0.0000,0.4509,0.0000,0.4750,166.0713,0.000,unity
19.9003,0.00000,1.0000,0.0000,9.77798,9.77798,13.53718,0.0,0.0000,0.0000,0.0000,0.4750,166.2669,0.000,unity
19.9203,0.00000,1.0000,0.0000,9.81208,9.81208,19.15524,0.0,0.0000,0.0000,0.0000,0.4750,166.4633,0.000,unity
19.9403,0.00000,1.0000,0.0000,9.93683,9.93683,7.89562,33.2,0.0632,1.0000,0.0000,0.4750,166.6622,0.000,unity
19.9603,0.00000,1.0000,0.0000,9.57582,9.57582,18.13807,0.0,0.0000,0.0000,0.0000,0.4750,166.8536,0.000,unity
19.9803,0.00000,1.0000,0.0000,10.10820,10.10820,2.04847,0.0,0.0000,1.0000,0.0000,0.4750,167.0561,0.000,unity
20.0003,0.00000,1.0000,0.0000,9.83458,9.83458,9.77008,86.8,0.1654,1.0000,0.0000,0.4750,167.2529,0.000,unity
20.0203,0.00000,1.0000,0.0000,9.66807,9.66807,18.11666,0.0,0.0000,0.0000,0.0000,0.4750,167.4461,0.000,unity
20.0403,0.00000,1.0000,0.0000,9.99120,9.99120,6.67151,4.6,0.0088,1.0000,0.0000,0.4750,167.6461,0.000,unity
20.0603,0.00000,1.0000,0.0000,9.59214,9.59214,21.58119,0.0,0.0000,0.0000,0.0000,0.4750,167.8377,0.000,unity
20.0803,0.00000,1.0000,0.0000,9.96109,9.96110,7.51667,20.4,0.0389,1.0000,0.0000,0.4750,168.0371,0.000,unity
20.1003,0.00000,1.0000,0.0000,9.57939,9.57939,19.58609,0.0,0.0000,0.0000,0.0000,0.4750,168.2284,0.000,unity
20.1203,0.00000,1.0000,0.0000,10.08486,10.08486,4.23514,0.0,0.0000,1.0000,0.0000,0.4750,168.4304,0.000,unity
20.1403,0.00000,1.0000,0.0000,9.73608,9.73608,16.53415,0.0,0.0000,0.0000,0.0000,0.4750,168.6250,0.000,unity
20.1603,0.00000,1.0000,0.0000,9.84507,9.84507,17.76719,0.0,0.0000,0.0000,0.0000,0.4750,168.8219,0.000,unity
20.1803,0.00000,1.0000,0.0000,9.97897,9.97897,8.10018,11.0,0.0210,1.0000,0.0000,0.4750,169.0216,0.000,unity
20.2003,0.00000,1.0000,0.0000,9.68336,9.68337,17.42802,0.0,0.0000,0.0000,0.0000,0.4750,169.2150,0.000,unity
20.2203,0.00000,1.0000,0.0000,9.97973,9.97973,8.64643,10.6,0.0203,1.0000,0.0000,0.4750,169.4148,0.000,unity
20.2403,0.00000,1.0000,0.0000,9.73288,9.73288,15.42535,0.0,0.0000,0.0000,0.0000,0.4750,169.6093,0.000,unity
20.2603,0.00000,1.0000,0.0000,9.93876,9.93876,12.56678,0.0,0.0000,0.0000,0.0000,0.4750,169.8081,0.000,unity
20.2803,0.00000,1.0000,0.0000,9.97619,9.97620,7.74686,12.5,0.0238,1.0000,0.0000,0.4750,170.0078,0.000,unity
20.3003,0.00000,1.0000,0.0000,9.64950,9.64950,19.27604,0.0,0.0000,0.0000,0.0000,0.4750,170.2005,0.000,unity
20.3203,0.00000,1.0000,0.0000,9.92775,9.92775,8.03712,37.9,0.0723,1.0000,0.0000,0.4750,170.3991,0.000,unity
20.3403,0.00000,1.0000,0.0000,9.52778,9.52778,19.14656,0.0,0.0000,0.0000,0.0000,0.4750,170.5893,0.000,unity
20.3603,0.00000,1.0000,0.0000,10.04402,10.04402,4.77944,0.0,0.0000,1.0000,0.0000,0.4750,170.7904,0.000,unity
20.3803,0.00000,1.0000,0.0000,9.66196,9.66197,19.65287,0.0,0.0000,0.0000,0.0000,0.4750,170.9834,0.000,unity
20.4003,0.00000,1.0000,0.0000,9.85378,9.85378,12.01700,0.0,0.0000,0.0000,0.0000,0.4750,171.1806,0.000,unity
20.4203,0.00000,1.0000,0.0000,9.74767,9.74767,20.58424,0.0,0.0000,0.0000,0.0000,0.4750,171.3754,0.000,unity
20.4403,0.00000,1.0000,0.0000,9.82991,9.82991,12.11359,0.0,0.0000,0.0000,0.0000,0.4750,171.5721,0.000,unity
20.4603,0.00000,1.0000,0.0000,9.72193,9.72193,22.31984,0.0,0.0000,0.0000,0.0000,0.4750,171.7664,0.000,unity
20.4803,0.00000,1.0000,0.0000,9.79677,9.79677,11.10424,0.0,0.0000,0.0000,0.0000,0.4750,171.9624,0.000,unity
20.5003,0.00000,1.0000,0.0000,9.83742,9.83743,12.44548,0.0,0.0000,0.0000,0.0000,0.4750,172.1592,0.000,unity
20.5203,0.00000,1.0000,0.0000,9.75529,9.75529,20.86548,0.0,0.0000,0.0000,0.0000,0.4750,172.3543,0.000,unity
20.5403,0.00000,1.0000,0.0000,9.85965,9.85965,9.76037,73.7,0.1403,1.0000,0.0000,0.4750,172.5516,0.000,unity
20.5603,0.00000,1.0000,0.0000,9.59102,9.59102,22.44761,0.0,0.0000,0.0000,0.0000,0.4750,172.7432,0.000,unity
20.5803,0.00000,1.0000,0.0000,9.88884,9.88884,8.87526,58.4,0.1112,1.0000,0.0000,0.4750,172.9411,0.000,unity
20.6003,0.00000,1.0000,0.0000,9.53291,9.53291,22.91734,0.0,0.0000,0.0000,0.0000,0.4750,173.1315,0.000,unity
20.6203,0.00000,1.0000,0.0000,10.00211,10.00211,10.54000,0.0,0.0000,0.6162,0.0000,0.4750,173.3319,0.000,unity
20.6403,0.00000,1.0000,0.0000,9.90984,9.90984,8.11523,47.3,0.0902,1.0000,0.0000,0.4750,173.5302,0.000,unity
20.6603,0.00000,1.0000,0.0000,9.48716,9.48716,22.30119,0.0,0.0000,0.0000,0.0000,0.4750,173.7197,0.000,unity
20.6803,0.00000,1.0000,0.0000,9.96763,9.96763,8.62840,17.0,0.0324,1.0000,0.0000,0.4750,173.9193,0.000,unity
20.7003,0.00000,1.0000,0.0000,9.71109,9.71109,15.14867,0.0,0.0000,0.0000,0.0000,0.4750,174.1134,0.000,unity
20.7203,0.00000,1.0000,0.0000,10.10807,10.10807,3.82969,0.0,0.0000,1.0000,0.0000,0.4750,174.3160,0.000,unity
20.7403,0.00000,1.0000,0.0000,9.77408,9.77409,16.00149,0.0,0.0000,0.0000,0.0000,0.4750,174.5114,0.000,unity
20.7603,0.00000,1.0000,0.0000,9.79533,9.79533,21.70601,0.0,0.0000,0.0000,0.0000,0.4750,174.7073,0.000,unity
20.7803,0.00000,1.0000,0.0000,9.88925,9.88925,7.82652,58.1,0.1108,1.0000,0.0000,0.4750,174.9051,0.000,unity
20.8003,0.00000,1.0000,0.0000,9.53527,9.53527,18.85986,0.0,0.0000,0.0000,0.0000,0.4750,175.0955,0.000,unity
20.8203,0.00000,1.0000,0.0000,10.04712,10.04712,4.18365,0.0,0.0000,1.0000,0.0000,0.4750,175.2967,0.000,unity
20.8403,0.00000,1.0000,0.0000,9.68917,9.68917,17.39213,0.0,0.0000,0.0000,0.0000,0.4750,175.4903,0.000,unity
20.8603,0.00000,1.0000,0.0000,10.02574,10.02574,6.27758,0.0,0.0000,1.0000,0.0000,0.4750,175.6911,0.000,unity
20.8803,0.00000,1.0000,0.0000,9.62184,9.62184,21.95389,0.0,0.0000,0.0000,0.0000,0.4750,175.8833,0.000,unity
20.9003,0.00000,1.0000,0.0000,9.87605,9.87605,8.51634,65.1,0.1240,1.0000,0.0000,0.4750,176.0808,0.000,unity
20.9203,0.00000,1.0000,0.0000,9.60670,9.60670,17.60709,0.0,0.0000,0.0000,0.0000,0.4750,176.2728,0.000,unity
20.9403,0.00000,1.0000,0.0000,10.14641,10.14641,1.10865,0.0,0.0000,1.0000,0.0000,0.4750,176.4760,0.000,unity
20.9603,0.00000,1.0000,0.0000,9.87281,9.87281,8.87974,66.8,0.1272,1.0000,0.0000,0.4750,176.6735,0.000,unity
20.9803,0.00000,1.0000,0.0000,9.66926,9.66926,16.13362,0.0,0.0000,0.0000,0.0000,0.4750,176.8667,0.000,unity
21.0003,0.00000,1.0000,0.0000,10.19162,10.19162,1.28759,0.0,0.0000,1.0000,0.0000,0.4750,177.0709,0.000,unity
21.0203,0.00000,1.0000,0.0000,9.91801,9.91801,8.71117,43.0,0.0820,1.0000,0.0000,0.4750,177.2693,0.000,unity
21.0403,0.00000,1.0000,0.0000,9.55592,9.55592,22.29973,0.0,0.0000,0.0000,0.0000,0.4750,177.4600,0.000,unity
21.0603,0.00000,1.0000,0.0000,10.04195,10.04195,8.49944,0.0,0.0000,1.0000,0.0000,0.4750,177.6610,0.000,unity
21.0803,0.00000,1.0000,0.0000,9.77490,9.77490,16.02592,0.0,0.0000,0.0000,0.0000,0.4750,177.8564,0.000,unity
21.1003,0.00000,1.0000,0.0000,9.89398,9.89398,17.34076,0.0,0.0000,0.0000,0.0000,0.4750,178.0543,0.000,unity
21.1203,0.00000,1.0000,0.0000,10.03041,10.03041,7.55852,0.0,0.0000,1.0000,0.0000,0.4750,178.2551,0.000,unity
21.1403,0.00000,1.0000,0.0000,9.68676,9.68676,19.69690,0.0,0.0000,0.0000,0.0000,0.4750,178.4485,0.000,unity
21.1603,0.00000,1.0000,0.0000,9.91713,9.91713,10.82913,0.0,0.0000,0.1173,0.0000,0.4750,178.6469,0.000,unity
21.1803,0.00000,1.0000,0.0000,9.76262,9.76262,17.57576,0.0,0.0000,0.0000,0.0000,0.4750,178.8421,0.000,unity
21.2003,0.00000,1.0000,0.0000,9.79180,9.79180,21.31271,0.0,0.0000,0.0000,0.0000,0.4750,179.0378,0.000,unity
21.2203,0.00000,1.0000,0.0000,9.88541,9.88541,9.43475,60.2,0.1146,1.0000,0.0000,0.4750,179.2356,0.000,unity
21.2403,0.00000,1.0000,0.0000,9.63780,9.63780,20.44424,0.0,0.0000,0.0000,0.0000,0.4750,179.4281,0.000,unity
21.2603,0.00000,1.0000,0.0000,10.02966,10.02966,6.47843,0.0,0.0000,1.0000,0.0000,0.4750,179.6289,0.000,unity
21.2803,0.00000,1.0000,0.0000,9.62187,9.62187,22.81339,0.0,0.0000,0.0000,0.0000,0.4750,179.8211,0.000,unity
21.3003,0.00000,1.0000,0.0000,9.87451,9.87451,10.23168,0.0,0.0000,0.8571,0.0000,0.4750,180.0187,0.000,unity
21.3203,0.00000,1.0000,0.0000,9.69992,9.69992,19.47847,0.0,0.0000,0.0000,0.0000,0.4750,180.2126,0.000,unity
21.3403,0.00000,1.0000,0.0000,9.86897,9.86897,13.82401,0.0,0.0000,0.0000,0.0000,0.4750,180.4101,0.000,unity
21.3603,0.00000,1.0000,0.0000,9.89524,9.89524,16.66580,0.0,0.0000,0.0000,0.0000,0.4750,180.6081,0.000,unity
21.3803,0.00000,1.0000,0.0000,10.02732,10.02732,7.86841,0.0,0.0000,1.0000,0.0000,0.4750,180.8089,0.000,unity
21.4003,0.00000,1.0000,0.0000,9.70505,9.70505,19.16738,0.0,0.0000,0.0000,0.0000,0.4750,181.0028,0.000,unity
21.4203,0.00000,1.0000,0.0000,9.83724,9.83724,15.37373,0.0,0.0000,0.0000,0.0000,0.4750,181.1996,0.000,unity
21.4403,0.00000,1.0000,0.0000,9.88847,9.88847,17.07387,0.0,0.0000,0.0000,0.0000,0.4750,181.3974,0.000,unity
21.4603,0.00000,1.0000,0.0000,10.02811,10.02811,7.40495,0.0,0.0000,1.0000,0.0000,0.4750,181.5982,0.000,unity
21.4803,0.00000,1.0000,0.0000,9.67420,9.67420,20.10947,0.0,0.0000,0.0000,0.0000,0.4750,181.7915,0.000,unity
21.5003,0.00000,1.0000,0.0000,9.86927,9.86927,12.23956,0.0,0.0000,0.0000,0.0000,0.4750,181.9889,0.000,unity
21.5203,0.00000,1.0000,0.0000,9.77968,9.77968,20.34306,0.0,0.0000,0.0000,0.0000,0.4750,182.1844,0.000,unity
21.5403,0.00000,1.0000,0.0000,9.88829,9.88829,10.47563,0.0,0.0000,0.5502,0.0000,0.4750,182.3822,0.000,unity
21.5603,0.00000,1.0000,0.0000,9.66385,9.66385,21.50872,0.0,0.0000,0.0000,0.0000,0.4750,182.5753,0.000,unity
21.5803,0.00000,1.0000,0.0000,9.74336,9.74336,17.15482,0.0,0.0000,0.0000,0.0000,0.4750,182.7701,0.000,unity
21.6003,0.00000,1.0000,0.0000,9.79916,9.79916,19.96232,0.0,0.0000,0.0000,0.0000,0.4750,182.9661,0.000,unity
21.6203,0.00000,1.0000,0.0000,9.91227,9.91227,9.23327,46.1,0.0877,1.0000,0.0000,0.4750,183.1645,0.000,unity
21.6403,0.00000,1.0000,0.0000,9.60723,9.60723,20.23279,0.0,0.0000,0.0000,0.0000,0.4750,183.3564,0.000,unity
21.6603,0.00000,1.0000,0.0000,10.05512,10.05512,5.26083,0.0,0.0000,1.0000,0.0000,0.4750,183.5578,0.000,unity
21.6803,0.00000,1.0000,0.0000,9.66243,9.66243,20.23506,0.0,0.0000,0.0000,0.0000,0.4750,183.7509,0.000,unity
21.7003,0.00000,1.0000,0.0000,9.87636,9.87636,11.22623,0.0,0.0000,0.0000,0.0000,0.4750,183.9485,0.000,unity
21.7203,0.00000,1.0000,0.0000,9.71470,9.71470,20.95832,0.0,0.0000,0.0000,0.0000,0.4750,184.1427,0.000,unity
21.7403,0.00000,1.0000,0.0000,9.69473,9.69473,20.68223,0.0,0.0000,0.0000,0.0000,0.4750,184.3365,0.000,unity
21.7603,0.00000,1.0000,0.0000,9.66981,9.66981,22.06698,0.0,0.0000,0.0000,0.0000,0.4750,184.5298,0.000,unity
21.7803,0.00000,1.0000,0.0000,9.64700,9.64700,21.52479,0.0,0.0000,0.0000,0.0000,0.4750,184.7227,0.000,unity
21.8003,0.00000,1.0000,0.0000,9.75475,9.75475,15.29280,0.0,0.0000,0.0000,0.0000,0.4750,184.9178,0.000,unity
21.8203,0.00000,1.0000,0.0000,9.87035,9.87035,17.15006,0.0,0.0000,0.0000,0.0000,0.4750,185.1154,0.000,unity
21.8403,0.00000,1.0000,0.0000,10.01233,10.01233,7.18066,0.0,0.0000,1.0000,0.0000,0.4750,185.3159,0.000,unity
21.8603,0.00000,1.0000,0.0000,9.64545,9.64545,20.59754,0.0,0.0000,0.0000,0.0000,0.4750,185.5087,0.000,unity
21.8803,0.00000,1.0000,0.0000,9.83996,9.83996,11.89418,0.0,0.0000,0.0000,0.0000,0.4750,185.7056,0.000,unity
21.9003,0.00000,1.0000,0.0000,9.71836,9.71836,22.11634,0.0,0.0000,0.0000,0.0000,0.4750,185.8999,0.000,unity
21.9203,0.00000,1.0000,0.0000,9.78620,9.78620,12.44229,0.0,0.0000,0.0000,0.0000,0.4750,186.0956,0.000,unity
21.9403,0.00000,1.0000,0.0000,9.85771,9.85771,15.10135,0.0,0.0000,0.0000,0.0000,0.4750,186.2929,0.000,unity
21.9603,0.00000,1.0000,0.0000,9.98023,9.98023,9.73963,10.4,0.0198,1.0000,0.0000,0.4750,186.4927,0.000,unity
21.9803,0.00000,1.0000,0.0000,9.82965,9.82965,10.83037,0.0,0.0000,0.0000,0.0000,0.4750,186.6893,0.000,unity
22.0003,0.00000,1.0000,0.0000,9.69862,9.69862,19.69848,0.0,0.0000,0.0000,0.0000,0.4750,186.8831,0.000,unity
22.0203,0.00000,1.0000,0.0000,9.68961,9.68961,21.92066,0.0,0.0000,0.0000,0.0000,0.4750,187.0768,0.000,unity
22.0403,0.00000,1.0000,0.0000,9.67085,9.67085,18.94780,0.0,0.0000,0.0000,0.0000,0.4750,187.2701,0.000,unity
22.0603,0.00000,1.0000,0.0000,9.83363,9.83363,14.31433,0.0,0.0000,0.0000,0.0000,0.4750,187.4668,0.000,unity
22.0803,0.00000,1.0000,0.0000,9.91372,9.91372,13.57648,0.0,0.0000,0.0000,0.0000,0.4750,187.6652,0.000,unity
22.1003,0.00000,1.0000,0.0000,9.99523,9.99523,7.51089,2.5,0.0048,1.0000,0.0000,0.4750,187.8653,0.000,unity
22.1203,0.00000,1.0000,0.0000,9.64804,9.64804,20.30612,0.0,0.0000,0.0000,0.0000,0.4750,188.0580,0.000,unity
22.1403,0.00000,1.0000,0.0000,9.76199,9.76199,15.55316,0.0,0.0000,0.0000,0.0000,0.4750,188.2532,0.000,unity
22.1603,0.00000,1.0000,0.0000,9.76480,9.76480,22.20460,0.0,0.0000,0.0000,0.0000,0.4750,188.4485,0.000,unity
22.1803,0.00000,1.0000,0.0000,9.85134,9.85134,8.72359,78.0,0.1487,1.0000,0.0000,0.4750,188.6456,0.000,unity
22.2003,0.00000,1.0000,0.0000,9.55172,9.55172,20.11846,0.0,0.0000,0.0000,0.0000,0.4750,188.8363,0.000,unity
22.2203,0.00000,1.0000,0.0000,10.05889,10.05889,5.06532,0.0,0.0000,1.0000,0.0000,0.4750,189.0378,0.000,unity
22.2403,0.00000,1.0000,0.0000,9.67311,9.67311,19.60445,0.0,0.0000,0.0000,0.0000,0.4750,189.2311,0.000,unity
22.2603,0.00000,1.0000,0.0000,9.76930,9.76930,17.26188,0.0,0.0000,0.0000,0.0000,0.4750,189.4265,0.000,unity
22.2803,0.00000,1.0000,0.0000,9.81104,9.81104,17.93945,0.0,0.0000,0.0000,0.0000,0.4750,189.6228,0.000,unity
22.3003,0.00000,1.0000,0.0000,9.94019,9.94019,9.26414,31.4,0.0598,1.0000,0.0000,0.4750,189.8217,0.000,unity
22.3203,0.00000,1.0000,0.0000,9.75250,9.75250,12.61799,0.0,0.0000,0.0000,0.0000,0.4750,190.0167,0.000,unity
22.3403,0.00000,1.0000,0.0000,9.97229,9.97229,8.43449,14.5,0.0277,1.0000,0.0000,0.4750,190.2163,0.000,unity
22.3603,0.00000,1.0000,0.0000,9.70608,9.70608,16.01162,0.0,0.0000,0.0000,0.0000,0.4750,190.4103,0.000,unity
22.3803,0.00000,1.0000,0.0000,9.97190,9.97190,10.20779,0.0,0.0000,1.0000,0.0000,0.4750,190.6099,0.000,unity
22.4003,0.00000,1.0000,0.0000,9.85526,9.85526,9.15432,76.0,0.1447,1.0000,0.0000,0.4750,190.8070,0.000,unity
22.4203,0.00000,1.0000,0.0000,9.58797,9.58797,20.40412,0.0,0.0000,0.0000,0.0000,0.4750,190.9985,0.000,unity
22.4403,0.00000,1.0000,0.0000,10.04293,10.04293,5.51114,0.0,0.0000,1.0000,0.0000,0.4750,191.1996,0.000,unity
22.4603,0.00000,1.0000,0.0000,9.64297,9.64297,20.94810,0.0,0.0000,0.0000,0.0000,0.4750,191.3922,0.000,unity
22.4803,0.00000,1.0000,0.0000,9.82296,9.82296,12.51397,0.0,0.0000,0.0000,0.0000,0.4750,191.5887,0.000,unity
22.5003,0.00000,1.0000,0.0000,9.74242,9.74242,22.18875,0.0,0.0000,0.0000,0.0000,0.4750,191.7834,0.000,unity
22.5203,0.00000,1.0000,0.0000,9.83481,9.83481,9.56318,86.7,0.1652,1.0000,0.0000,0.4750,191.9802,0.000,unity
22.5403,0.00000,1.0000,0.0000,9.70253,9.70253,15.66883,0.0,0.0000,0.0000,0.0000,0.4750,192.1741,0.000,unity
22.5603,0.00000,1.0000,0.0000,10.09023,10.09023,4.54420,0.0,0.0000,1.0000,0.0000,0.4750,192.3762,0.000,unity
22.5803,0.00000,1.0000,0.0000,9.71920,9.71920,18.85516,0.0,0.0000,0.0000,0.0000,0.4750,192.5705,0.000,unity
22.6003,0.00000,1.0000,0.0000,9.73206,9.73206,21.28593,0.0,0.0000,0.0000,0.0000,0.4750,192.7650,0.000,unity
22.6203,0.00000,1.0000,0.0000,9.78118,9.78118,14.79296,0.0,0.0000,0.0000,0.0000,0.4750,192.9606,0.000,unity
22.6403,0.00000,1.0000,0.0000,9.80985,9.80985,20.88343,0.0,0.0000,0.0000,0.0000,0.4750,193.1568,0.000,unity
22.6603,0.00000,1.0000,0.0000,9.91260,9.91260,7.34244,45.9,0.0874,1.0000,0.0000,0.4750,193.3552,0.000,unity
22.6803,0.00000,1.0000,0.0000,9.43418,9.43419,22.20408,0.0,0.0000,0.0000,0.0000,0.4750,193.5435,0.000,unity
22.7003,0.00000,1.0000,0.0000,9.88436,9.88437,8.38487,60.7,0.1156,1.0000,0.0000,0.4750,193.7413,0.000,unity
22.7203,0.00000,1.0000,0.0000,9.54757,9.54757,20.37848,0.0,0.0000,0.0000,0.0000,0.4750,193.9321,0.000,unity
22.7403,0.00000,1.0000,0.0000,10.06105,10.06105,6.51898,0.0,0.0000,1.0000,0.0000,0.4750,194.1337,0.000,unity
22.7603,0.00000,1.0000,0.0000,9.65253,9.65253,23.07215,0.0,0.0000,0.0000,0.0000,0.4750,194.3266,0.000,unity
22.7803,0.00000,1.0000,0.0000,9.63353,9.63353,20.73381,0.0,0.0000,0.0000,0.0000,0.4750,194.5191,0.000,unity
22.8003,0.00000,1.0000,0.0000,9.93181,9.93181,6.98038,35.8,0.0682,1.0000,0.0000,0.4750,194.7180,0.000,unity
22.8203,0.00000,1.0000,0.0000,9.42098,9.42098,22.16949,0.0,0.0000,0.0000,0.0000,0.4750,194.9061,0.000,unity
22.8403,0.00000,1.0000,0.0000,9.85932,9.85932,9.26618,73.9,0.1407,1.0000,0.0000,0.4750,195.1035,0.000,unity
22.8603,0.00000,1.0000,0.0000,9.69246,9.69246,15.97494,0.0,0.0000,0.0000,0.0000,0.4750,195.2973,0.000,unity
22.8803,0.00000,1.0000,0.0000,10.15533,10.15533,1.18960,0.0,0.0000,1.0000,0.0000,0.4750,195.5009,0.000,unity
22.9003,0.00000,1.0000,0.0000,9.88172,9.88172,9.86062,62.1,0.1183,1.0000,0.0000,0.4750,195.6986,0.000,unity
22.9203,0.00000,1.0000,0.0000,9.65575,9.65575,20.86891,0.0,0.0000,0.0000,0.0000,0.4750,195.8916,0.000,unity
22.9403,0.00000,1.0000,0.0000,9.94103,9.94103,7.51839,31.0,0.0590,1.0000,0.0000,0.4750,196.0905,0.000,unity
22.9603,0.00000,1.0000,0.0000,9.47285,9.47285,22.02848,0.0,0.0000,0.0000,0.0000,0.4750,196.2796,0.000,unity
22.9803,0.00000,1.0000,0.0000,9.93147,9.93147,8.18699,36.0,0.0685,1.0000,0.0000,0.4750,196.4784,0.000,unity
23.0003,0.00000,1.0000,0.0000,9.51637,9.51637,22.80279,0.0,0.0000,0.0000,0.0000,0.4750,196.6685,0.000,unity
23.0203,0.00000,1.0000,0.0000,10.00210,10.00210,10.40090,0.0,0.0000,0.8016,0.0000,0.4750,196.8688,0.000,unity
23.0403,0.00000,1.0000,0.0000,9.89930,9.89930,8.60997,52.9,0.1007,1.0000,0.0000,0.4750,197.0669,0.000,unity
23.0603,0.00000,1.0000,0.0000,9.64020,9.64020,17.32131,0.0,0.0000,0.0000,0.0000,0.4750,197.2595,0.000,unity
23.0803,0.00000,1.0000,0.0000,10.18076,10.18077,0.83685,0.0,0.0000,1.0000,0.0000,0.4750,197.4635,0.000,unity
23.1003,0.00000,1.0000,0.0000,9.90716,9.90716,8.53380,48.7,0.0928,1.0000,0.0000,0.4750,197.6617,0.000,unity
23.1203,0.00000,1.0000,0.0000,9.63921,9.63921,17.60310,0.0,0.0000,0.0000,0.0000,0.4750,197.8542,0.000,unity
23.1403,0.00000,1.0000,0.0000,10.17879,10.17879,1.98456,0.0,0.0000,1.0000,0.0000,0.4750,198.0582,0.000,unity
23.1603,0.00000,1.0000,0.0000,9.90518,9.90518,10.57776,0.0,0.0000,0.4366,0.0000,0.4750,198.2563,0.000,unity
23.1803,0.00000,1.0000,0.0000,9.69527,9.69527,22.03389,0.0,0.0000,0.0000,0.0000,0.4750,198.4499,0.000,unity
23.2003,0.00000,1.0000,0.0000,9.74296,9.74296,18.47360,0.0,0.0000,0.0000,0.0000,0.4750,198.6446,0.000,unity
23.2203,0.00000,1.0000,0.0000,9.85926,9.85926,16.53895,0.0,0.0000,0.0000,0.0000,0.4750,198.8418,0.000,unity
23.2403,0.00000,1.0000,0.0000,9.97192,9.97192,12.63553,0.0,0.0000,0.0000,0.0000,0.4750,199.0413,0.000,unity
23.2603,0.00000,1.0000,0.0000,10.02017,10.02017,8.16596,0.0,0.0000,1.0000,0.0000,0.4750,199.2418,0.000,unity
23.2803,0.00000,1.0000,0.0000,9.72569,9.72569,17.38033,0.0,0.0000,0.0000,0.0000,0.4750,199.4361,0.000,unity
23.3003,0.00000,1.0000,0.0000,10.02108,10.02108,8.79289,0.0,0.0000,1.0000,0.0000,0.4750,199.6367,0.000,unity
23.3203,0.00000,1.0000,0.0000,9.78323,9.78323,14.95958,0.0,0.0000,0.0000,0.0000,0.4750,199.8322,0.000,unity
23.3403,0.00000,1.0000,0.0000,9.96328,9.96328,13.57933,0.0,0.0000,0.0000,0.0000,0.4750,200.0315,0.000,unity
23.3603,0.00000,1.0000,0.0000,10.04542,10.04542,7.61569,0.0,0.0000,1.0000,0.0000,0.4750,200.2326,0.000,unity
23.3803,0.00000,1.0000,0.0000,9.70209,9.70209,20.10126,0.0,0.0000,0.0000,0.0000,0.4750,200.4263,0.000,unity
23.4003,0.00000,1.0000,0.0000,9.82012,9.82012,15.47710,0.0,0.0000,0.0000,0.0000,0.4750,200.6227,0.000,unity
23.4204,0.00000,1.0000,0.0000,9.82293,9.82293,21.93017,0.0,0.0000,0.0000,0.0000,0.4750,200.8190,0.000,unity
23.4404,0.00000,1.0000,0.0000,9.91138,9.91138,8.29025,46.5,0.0886,1.0000,0.0000,0.4750,201.0173,0.000,unity
23.4604,0.00000,1.0000,0.0000,9.56031,9.56031,20.34825,0.0,0.0000,0.0000,0.0000,0.4750,201.2082,0.000,unity
23.4804,0.00000,1.0000,0.0000,10.06973,10.06973,5.26759,0.0,0.0000,1.0000,0.0000,0.4750,201.4099,0.000,unity
23.5004,0.00000,1.0000,0.0000,9.67616,9.67616,20.35378,0.0,0.0000,0.0000,0.0000,0.4750,201.6032,0.000,unity
23.5204,0.00000,1.0000,0.0000,9.92361,9.92361,9.70177,40.1,0.0764,1.0000,0.0000,0.4750,201.8018,0.000,unity
23.5404,0.00000,1.0000,0.0000,9.64259,9.64259,21.42920,0.0,0.0000,0.0000,0.0000,0.4750,201.9944,0.000,unity
23.5604,0.00000,1.0000,0.0000,9.96919,9.96919,7.15671,16.2,0.0308,1.0000,0.0000,0.4750,202.1940,0.000,unity
23.5804,0.00000,1.0000,0.0000,9.46845,9.46845,21.90442,0.0,0.0000,0.0000,0.0000,0.4750,202.3830,0.000,unity
23.6004,0.00000,1.0000,0.0000,9.92343,9.92344,9.28888,40.2,0.0766,1.0000,0.0000,0.4750,202.5817,0.000,unity
23.6204,0.00000,1.0000,0.0000,9.60469,9.60470,22.30426,0.0,0.0000,0.0000,0.0000,0.4750,202.7736,0.000,unity
23.6404,0.00000,1.0000,0.0000,10.02182,10.02182,8.63426,0.0,0.0000,1.0000,0.0000,0.4750,202.9744,0.000,unity
23.6604,0.00000,1.0000,0.0000,9.76793,9.76793,15.32005,0.0,0.0000,0.0000,0.0000,0.4750,203.1698,0.000,unity
23.6804,0.00000,1.0000,0.0000,10.01937,10.01937,10.58441,0.0,0.0000,0.5799,0.0000,0.4750,203.3704,0.000,unity
23.7004,0.00000,1.0000,0.0000,9.92905,9.92905,8.03881,37.2,0.0709,1.0000,0.0000,0.4750,203.5691,0.000,unity
23.7204,0.00000,1.0000,0.0000,9.53202,9.53202,21.12539,0.0,0.0000,0.0000,0.0000,0.4750,203.7595,0.000,unity
23.7404,0.00000,1.0000,0.0000,10.02364,10.02364,6.70029,0.0,0.0000,1.0000,0.0000,0.4750,203.9602,0.000,unity
23.7604,0.00000,1.0000,0.0000,9.61315,9.61315,21.63478,0.0,0.0000,0.0000,0.0000,0.4750,204.1522,0.000,unity
23.7804,0.00000,1.0000,0.0000,10.03706,10.03706,7.57439,0.0,0.0000,1.0000,0.0000,0.4750,204.3532,0.000,unity
23.8004,0.00000,1.0000,0.0000,9.69496,9.69496,19.52625,0.0,0.0000,0.0000,0.0000,0.4750,204.5470,0.000,unity
23.8204,0.00000,1.0000,0.0000,9.93756,9.93756,10.22235,0.0,0.0000,0.9536,0.0000,0.4750,204.7459,0.000,unity
23.8404,0.00000,1.0000,0.0000,9.74498,9.74498,16.93142,0.0,0.0000,0.0000,0.0000,0.4750,204.9407,0.000,unity
23.8604,0.00000,1.0000,0.0000,9.95583,9.95584,12.73940,0.0,0.0000,0.0000,0.0000,0.4750,205.1399,0.000,unity
23.8804,0.00000,1.0000,0.0000,10.01212,10.01212,8.44255,0.0,0.0000,1.0000,0.0000,0.4750,205.3403,0.000,unity
23.9004,0.00000,1.0000,0.0000,9.74229,9.74229,16.13414,0.0,0.0000,0.0000,0.0000,0.4750,205.5350,0.000,unity
23.9204,0.00000,1.0000,0.0000,10.01760,10.01760,9.79511,0.0,0.0000,1.0000,0.0000,0.4750,205.7355,0.000,unity
23.9404,0.00000,1.0000,0.0000,9.86779,9.86780,10.74253,0.0,0.0000,0.1670,0.0000,0.4750,205.9328,0.000,unity
23.9604,0.00000,1.0000,0.0000,9.72648,9.72648,19.75107,0.0,0.0000,0.0000,0.0000,0.4750,206.1272,0.000,unity
23.9804,0.00000,1.0000,0.0000,9.74268,9.74268,21.01548,0.0,0.0000,0.0000,0.0000,0.4750,206.3219,0.000,unity
24.0004,0.00000,1.0000,0.0000,9.73611,9.73611,18.75552,0.0,0.0000,0.0000,0.0000,0.4750,206.5165,0.000,unity
24.0204,0.00000,1.0000,0.0000,9.77348,9.77348,20.52239,0.0,0.0000,0.0000,0.0000,0.4750,206.7119,0.000,unity
24.0404,0.00000,1.0000,0.0000,9.85343,9.85343,12.45790,0.0,0.0000,0.0000,0.0000,0.4750,206.9090,0.000,unity
24.0604,0.00000,1.0000,0.0000,9.75928,9.75928,22.37896,0.0,0.0000,0.0000,0.0000,0.4750,207.1041,0.000,unity
24.0804,0.00000,1.0000,0.0000,9.84171,9.84171,10.01138,0.0,0.0000,1.0000,0.0000,0.4750,207.3010,0.000,unity
24.1004,0.00000,1.0000,0.0000,9.79334,9.79334,12.66193,0.0,0.0000,0.0000,0.0000,0.4750,207.4968,0.000,unity
24.1204,0.00000,1.0000,0.0000,9.94292,9.94292,11.75246,0.0,0.0000,0.0000,0.0000,0.4750,207.6958,0.000,unity
24.1404,0.00000,1.0000,0.0000,9.93161,9.93161,9.44729,35.9,0.0684,1.0000,0.0000,0.4750,207.8946,0.000,unity
24.1604,0.00000,1.0000,0.0000,9.68479,9.68479,16.77882,0.0,0.0000,0.0000,0.0000,0.4750,208.0881,0.000,unity
24.1804,0.00000,1.0000,0.0000,10.11480,10.11480,2.70993,0.0,0.0000,1.0000,0.0000,0.4750,208.2907,0.000,unity
24.2004,0.00000,1.0000,0.0000,9.83029,9.83029,11.86851,0.0,0.0000,0.0000,0.0000,0.4750,208.4873,0.000,unity
24.2204,0.00000,1.0000,0.0000,9.81029,9.81029,17.81429,0.0,0.0000,0.0000,0.0000,0.4750,208.6835,0.000,unity
24.2404,0.00000,1.0000,0.0000,9.91603,9.91603,12.84731,0.0,0.0000,0.0000,0.0000,0.4750,208.8818,0.000,unity
24.2604,0.00000,1.0000,0.0000,9.97687,9.97687,9.74006,12.1,0.0231,1.0000,0.0000,0.4750,209.0815,0.000,unity
24.2804,0.00000,1.0000,0.0000,9.82087,9.82087,10.76971,0.0,0.0000,0.0682,0.0000,0.4750,209.2778,0.000,unity
24.3004,0.00000,1.0000,0.0000,9.86454,9.86454,11.05632,0.0,0.0000,0.0000,0.0000,0.4750,209.4751,0.000,unity
24.3204,0.00000,1.0000,0.0000,9.68927,9.68927,22.19643,0.0,0.0000,0.0000,0.0000,0.4750,209.6686,0.000,unity
24.3404,0.00000,1.0000,0.0000,9.65255,9.65256,21.62617,0.0,0.0000,0.0000,0.0000,0.4750,209.8615,0.000,unity
24.3604,0.00000,1.0000,0.0000,9.76165,9.76165,15.07251,0.0,0.0000,0.0000,0.0000,0.4750,210.0567,0.000,unity
24.3804,0.00000,1.0000,0.0000,9.90670,9.90670,15.71610,0.0,0.0000,0.0000,0.0000,0.4750,210.2549,0.000,unity
24.4004,0.00000,1.0000,0.0000,10.04437,10.04437,6.99569,0.0,0.0000,1.0000,0.0000,0.4750,210.4560,0.000,unity
24.4204,0.00000,1.0000,0.0000,9.66513,9.66513,21.20948,0.0,0.0000,0.0000,0.0000,0.4750,210.6491,0.000,unity
24.4404,0.00000,1.0000,0.0000,9.73954,9.73954,17.56051,0.0,0.0000,0.0000,0.0000,0.4750,210.8439,0.000,unity
24.4604,0.00000,1.0000,0.0000,9.75852,9.75852,21.50630,0.0,0.0000,0.0000,0.0000,0.4750,211.0390,0.000,unity
24.4804,0.00000,1.0000,0.0000,9.85747,9.85747,9.74453,74.8,0.1425,1.0000,0.0000,0.4750,211.2362,0.000,unity
24.5004,0.00000,1.0000,0.0000,9.64270,9.64271,20.15886,0.0,0.0000,0.0000,0.0000,0.4750,211.4289,0.000,unity
24.5204,0.00000,1.0000,0.0000,9.96398,9.96398,6.27530,18.9,0.0360,1.0000,0.0000,0.4750,211.6284,0.000,unity
24.5404,0.00000,1.0000,0.0000,9.43316,9.43316,22.86658,0.0,0.0000,0.0000,0.0000,0.4750,211.8167,0.000,unity
24.5604,0.00000,1.0000,0.0000,9.88133,9.88133,10.81396,0.0,0.0000,0.0898,0.0000,0.4750,212.0145,0.000,unity
24.5804,0.00000,1.0000,0.0000,9.68472,9.68472,21.46447,0.0,0.0000,0.0000,0.0000,0.4750,212.2082,0.000,unity
24.6004,0.00000,1.0000,0.0000,9.66874,9.66874,21.50593,0.0,0.0000,0.0000,0.0000,0.4750,212.4015,0.000,unity
24.6204,0.00000,1.0000,0.0000,9.69319,9.69319,19.46246,0.0,0.0000,0.0000,0.0000,0.4750,212.5953,0.000,unity
24.6404,0.00000,1.0000,0.0000,9.78676,9.78676,17.39314,0.0,0.0000,0.0000,0.0000,0.4750,212.7912,0.000,unity
24.6604,0.00000,1.0000,0.0000,9.83872,9.83872,17.36261,0.0,0.0000,0.0000,0.0000,0.4750,212.9881,0.000,unity
24.6804,0.00000,1.0000,0.0000,9.96669,9.96669,9.36057,17.5,0.0333,1.0000,0.0000,0.4750,213.1877,0.000,unity
24.7004,0.00000,1.0000,0.0000,9.78624,9.78624,12.30437,0.0,0.0000,0.0000,0.0000,0.4750,213.3835,0.000,unity
24.7204,0.00000,1.0000,0.0000,9.92818,9.92818,11.33773,0.0,0.0000,0.0000,0.0000,0.4750,213.5822,0.000,unity
24.7404,0.00000,1.0000,0.0000,9.88830,9.88831,10.11718,0.0,0.0000,1.0000,0.0000,0.4750,213.7801,0.000,unity
24.7604,0.00000,1.0000,0.0000,9.64575,9.64575,20.74882,0.0,0.0000,0.0000,0.0000,0.4750,213.9728,0.000,unity
24.7804,0.00000,1.0000,0.0000,9.84413,9.84413,11.64472,0.0,0.0000,0.0000,0.0000,0.4750,214.1697,0.000,unity
24.8004,0.00000,1.0000,0.0000,9.70854,9.70854,22.18755,0.0,0.0000,0.0000,0.0000,0.4750,214.3638,0.000,unity
24.8204,0.00000,1.0000,0.0000,9.74166,9.74166,15.25690,0.0,0.0000,0.0000,0.0000,0.4750,214.5585,0.000,unity
24.8404,0.00000,1.0000,0.0000,9.90680,9.90680,14.60902,0.0,0.0000,0.0000,0.0000,0.4750,214.7568,0.000,unity
24.8604,0.00000,1.0000,0.0000,10.01781,10.01781,7.55555,0.0,0.0000,1.0000,0.0000,0.4750,214.9574,0.000,unity
24.8804,0.00000,1.0000,0.0000,9.67061,9.67061,20.36410,0.0,0.0000,0.0000,0.0000,0.4750,215.1506,0.000,unity
24.9004,0.00000,1.0000,0.0000,9.71308,9.71308,19.09658,0.0,0.0000,0.0000,0.0000,0.4750,215.3447,0.000,unity
24.9204,0.00000,1.0000,0.0000,9.70529,9.70529,22.03977,0.0,0.0000,0.0000,0.0000,0.4750,215.5387,0.000,unity
24.9404,0.00000,1.0000,0.0000,9.73731,9.73731,14.89723,0.0,0.0000,0.0000,0.0000,0.4750,215.7334,0.000,unity
24.9604,0.00000,1.0000,0.0000,9.91506,9.91506,13.96115,0.0,0.0000,0.0000,0.0000,0.4750,215.9318,0.000,unity
24.9804,0.00000,1.0000,0.0000,10.02236,10.02236,6.92667,0.0,0.0000,1.0000,0.0000,0.4750,216.1325,0.000,unity
25.0004,0.00000,1.0000,0.0000,9.64059,9.64059,21.27656,0.0,0.0000,0.0000,0.0000,0.4750,216.3251,0.000,unity
25.0204,0.00000,0.0000,0.0000,9.72771,9.72771,16.85668,0.0,0.0000,0.0000,0.0000,0.4750,216.5196,0.000,unity
25.0404,0.00000,0.0000,0.0000,9.76130,9.76130,21.03020,0.0,0.0000,0.0000,0.0000,0.4750,216.7148,0.000,unity
25.0604,0.00000,0.0000,0.0000,9.86391,9.86391,8.83051,0.0,0.1361,1.0000,0.0000,0.4750,216.9121,0.000,unity
25.0804,0.00000,0.0000,0.0000,9.52516,9.52516,21.74728,0.0,0.0000,0.0000,0.0000,0.4750,217.1023,0.000,unity
25.1004,0.00000,0.0000,0.0000,10.00118,10.00118,7.70806,0.0,0.0000,1.0000,0.0000,0.4750,217.3026,0.000,unity
25.1204,0.00000,0.0000,0.0000,9.67082,9.67082,18.99037,0.0,0.0000,0.0000,0.0000,0.4750,217.4959,0.000,unity
25.1404,0.00000,0.0000,0.0000,9.77161,9.77161,17.32721,0.0,0.0000,0.0000,0.0000,0.4750,217.6914,0.000,unity
25.1604,0.00000,0.0000,0.0000,9.86376,9.86376,13.97118,0.0,0.0000,0.0000,0.0000,0.4750,217.8887,0.000,unity
25.1804,0.00000,0.0000,0.0000,9.96271,9.96271,9.39663,0.0,0.0373,1.0000,0.0000,0.4750,218.0882,0.000,unity
25.2004,0.00000,0.0000,0.0000,9.78455,9.78455,12.04124,0.0,0.0000,0.0000,0.0000,0.4750,218.2839,0.000,unity
25.2204,0.00000,0.0000,0.0000,9.76178,9.76178,18.58074,0.0,0.0000,0.0000,0.0000,0.4750,218.4790,0.000,unity
25.2404,0.00000,0.0000,0.0000,9.88231,9.88231,10.90225,0.0,0.0000,0.0000,0.0000,0.4750,218.6768,0.000,unity
25.2604,0.00000,0.0000,0.0000,9.80751,9.80751,11.84552,0.0,0.0000,0.0000,0.0000,0.4750,218.8729,0.000,unity
25.2804,0.00000,0.0000,0.0000,9.68589,9.68589,22.28957,0.0,0.0000,0.0000,0.0000,0.4750,219.0665,0.000,unity
25.3004,0.00000,0.0000,0.0000,9.73786,9.73786,13.00702,0.0,0.0000,0.0000,0.0000,0.4750,219.2612,0.000,unity
25.3204,0.00000,0.0000,0.0000,9.90324,9.90324,11.99070,0.0,0.0000,0.0000,0.0000,0.4750,219.4594,0.000,unity
25.3404,0.00000,0.0000,0.0000,9.91908,9.91908,8.21252,0.0,0.0809,1.0000,0.0000,0.4750,219.6579,0.000,unity
25.3604,0.00000,0.0000,0.0000,9.61524,9.61524,16.79180,0.0,0.0000,0.0000,0.0000,0.4750,219.8499,0.000,unity
25.3804,0.00000,0.0000,0.0000,10.08462,10.08462,1.07504,0.0,0.0000,1.0000,0.0000,0.4750,220.0519,0.000,unity
25.4004,0.00000,0.0000,0.0000,9.81101,9.81101,9.58077,0.0,0.1890,1.0000,0.0000,0.4750,220.2481,0.000,unity
25.4204,0.00000,0.0000,0.0000,9.62462,9.62462,17.96398,0.0,0.0000,0.0000,0.0000,0.4750,220.4404,0.000,unity
25.4404,0.00000,0.0000,0.0000,9.96482,9.96482,6.41124,0.0,0.0352,1.0000,0.0000,0.4750,220.6398,0.000,unity
25.4604,0.00000,0.0000,0.0000,9.55761,9.55761,22.72235,0.0,0.0000,0.0000,0.0000,0.4750,220.8307,0.000,unity
25.4804,0.00000,0.0000,0.0000,9.77209,9.77209,10.23484,0.0,0.0000,0.7163,0.0000,0.4750,221.0261,0.000,unity
25.5004,0.00000,0.0000,0.0000,9.75962,9.75962,11.91879,0.0,0.0000,0.0000,0.0000,0.4750,221.2213,0.000,unity
25.5204,0.00000,0.0000,0.0000,9.77780,9.77780,16.34867,0.0,0.0000,0.0000,0.0000,0.4750,221.4168,0.000,unity
25.5404,0.00000,0.0000,0.0000,9.90427,9.90427,11.30662,0.0,0.0000,0.0000,0.0000,0.4750,221.6151,0.000,unity
25.5604,0.00000,0.0000,0.0000,9.86642,9.86642,8.28803,0.0,0.1336,1.0000,0.0000,0.4750,221.8125,0.000,unity
25.5804,0.00000,0.0000,0.0000,9.46995,9.46995,20.68802,0.0,0.0000,0.0000,0.0000,0.4750,222.0015,0.000,unity
25.6004,0.00000,0.0000,0.0000,9.97418,9.97418,5.96177,0.0,0.0258,1.0000,0.0000,0.4750,222.2012,0.000,unity
25.6204,0.00000,0.0000,0.0000,9.56765,9.56765,21.82490,0.0,0.0000,0.0000,0.0000,0.4750,222.3924,0.000,unity
25.6404,0.00000,0.0000,0.0000,9.77950,9.77950,10.44246,0.0,0.0000,0.4494,0.0000,0.4750,222.5880,0.000,unity
25.6604,0.00000,0.0000,0.0000,9.66405,9.66405,17.70288,0.0,0.0000,0.0000,0.0000,0.4750,222.7812,0.000,unity
25.6804,0.00000,0.0000,0.0000,9.74321,9.74322,18.87211,0.0,0.0000,0.0000,0.0000,0.4750,222.9761,0.000,unity
25.7004,0.00000,0.0000,0.0000,9.86379,9.86379,9.64002,0.0,0.1362,1.0000,0.0000,0.4750,223.1736,0.000,unity
25.7204,0.00000,0.0000,0.0000,9.66712,9.66712,14.17004,0.0,0.0000,0.0000,0.0000,0.4750,223.3668,0.000,unity
25.7404,0.00000,0.0000,0.0000,9.98600,9.98600,6.40097,0.0,0.0140,1.0000,0.0000,0.4750,223.5668,0.000,unity
25.7604,0.00000,0.0000,0.0000,9.58562,9.58562,21.83697,0.0,0.0000,0.0000,0.0000,0.4750,223.7584,0.000,unity
25.7804,0.00000,0.0000,0.0000,9.64756,9.64756,17.68194,0.0,0.0000,0.0000,0.0000,0.4750,223.9512,0.000,unity
25.8004,0.00000,0.0000,0.0000,9.76147,9.76147,16.85345,0.0,0.0000,0.0000,0.0000,0.4750,224.1465,0.000,unity
25.8204,0.00000,0.0000,0.0000,9.89578,9.89578,10.09551,0.0,0.0000,1.0000,0.0000,0.4750,224.3446,0.000,unity
25.8404,0.00000,0.0000,0.0000,9.77650,9.77650,9.19699,0.0,0.2235,1.0000,0.0000,0.4750,224.5402,0.000,unity
25.8604,0.00000,0.0000,0.0000,9.62576,9.62576,14.76839,0.0,0.0000,0.0000,0.0000,0.4750,224.7325,0.000,unity
25.8804,0.00000,0.0000,0.0000,10.05620,10.05621,2.24679,0.0,0.0000,1.0000,0.0000,0.4750,224.9340,0.000,unity
25.9004,0.00000,0.0000,0.0000,9.78120,9.78120,10.87032,0.0,0.0000,0.0000,0.0000,0.4750,225.1296,0.000,unity
25.9204,0.00000,0.0000,0.0000,9.59963,9.59963,22.10645,0.0,0.0000,0.0000,0.0000,0.4750,225.3214,0.000,unity
25.9404,0.00000,0.0000,0.0000,9.56171,9.56171,21.80419,0.0,0.0000,0.0000,0.0000,0.4750,225.5124,0.000,unity
25.9604,0.00000,0.0000,0.0000,9.67637,9.67637,14.55127,0.0,0.0000,0.0000,0.0000,0.4750,225.7059,0.000,unity
25.9804,0.00000,0.0000,0.0000,9.85625,9.85625,13.61564,0.0,0.0000,0.0000,0.0000,0.4750,225.9032,0.000,unity
26.0004,0.00000,0.0000,0.0000,9.95461,9.95462,6.81504,0.0,0.0454,1.0000,0.0000,0.4750,226.1025,0.000,unity
26.0204,0.00000,0.0000,0.0000,9.56951,9.56951,21.37693,0.0,0.0000,0.0000,0.0000,0.4750,226.2937,0.000,unity
26.0404,0.00000,0.0000,0.0000,9.67551,9.67551,15.76191,0.0,0.0000,0.0000,0.0000,0.4750,226.4871,0.000,unity
26.0604,0.00000,0.0000,0.0000,9.73005,9.73005,20.07675,0.0,0.0000,0.0000,0.0000,0.4750,226.6817,0.000,unity
26.0804,0.00000,0.0000,0.0000,9.83999,9.83999,7.72093,0.0,0.1600,1.0000,0.0000,0.4750,226.8786,0.000,unity
26.1004,0.00000,0.0000,0.0000,9.39319,9.39319,20.78969,0.0,0.0000,0.0000,0.0000,0.4750,227.0661,0.000,unity
26.1204,0.00000,0.0000,0.0000,9.87482,9.87482,6.19456,0.0,0.1252,1.0000,0.0000,0.4750,227.2638,0.000,unity
26.1404,0.00000,0.0000,0.0000,9.37164,9.37164,22.01719,0.0,0.0000,0.0000,0.0000,0.4750,227.4509,0.000,unity
26.1604,0.00000,0.0000,0.0000,9.84070,9.84070,8.22161,0.0,0.1593,1.0000,0.0000,0.4750,227.6479,0.000,unity
26.1804,0.00000,0.0000,0.0000,9.47515,9.47515,17.93182,0.0,0.0000,0.0000,0.0000,0.4750,227.8372,0.000,unity
26.2004,0.00000,0.0000,0.0000,10.00991,10.00991,2.71228,0.0,0.0000,1.0000,0.0000,0.4750,228.0379,0.000,unity
26.2204,0.00000,0.0000,0.0000,9.72442,9.72442,11.97607,0.0,0.0000,0.0000,0.0000,0.4750,228.2324,0.000,unity
26.2404,0.00000,0.0000,0.0000,9.67583,9.67583,19.81198,0.0,0.0000,0.0000,0.0000,0.4750,228.4259,0.000,unity
26.2604,0.00000,0.0000,0.0000,9.78437,9.78437,10.61718,0.0,0.0000,0.2229,0.0000,0.4750,228.6217,0.000,unity
26.2804,0.00000,0.0000,0.0000,9.59805,9.59805,19.77336,0.0,0.0000,0.0000,0.0000,0.4750,228.8135,0.000,unity
26.3004,0.00000,0.0000,0.0000,9.61350,9.61350,20.79339,0.0,0.0000,0.0000,0.0000,0.4750,229.0057,0.000,unity
26.3204,0.00000,0.0000,0.0000,9.59356,9.59356,19.88953,0.0,0.0000,0.0000,0.0000,0.4750,229.1975,0.000,unity
26.3404,0.00000,0.0000,0.0000,9.60388,9.60388,20.95046,0.0,0.0000,0.0000,0.0000,0.4750,229.3895,0.000,unity
26.3604,0.00000,0.0000,0.0000,9.57426,9.57426,20.57152,0.0,0.0000,0.0000,0.0000,0.4750,229.5810,0.000,unity
26.3804,0.00000,0.0000,0.0000,9.59482,9.59482,20.14812,0.0,0.0000,0.0000,0.0000,0.4750,229.7728,0.000,unity
26.4004,0.00000,0.0000,0.0000,9.56292,9.56292,22.32784,0.0,0.0000,0.0000,0.0000,0.4750,229.9640,0.000,unity
26.4204,0.00000,0.0000,0.0000,9.51505,9.51505,21.84088,0.0,0.0000,0.0000,0.0000,0.4750,230.1543,0.000,unity
26.4404,0.00000,0.0000,0.0000,9.68793,9.68794,11.68755,0.0,0.0000,0.0000,0.0000,0.4750,230.3482,0.000,unity
26.4604,0.00000,0.0000,0.0000,9.74339,9.74339,13.91595,0.0,0.0000,0.0000,0.0000,0.4750,230.5432,0.000,unity
26.4804,0.00000,0.0000,0.0000,9.83200,9.83200,12.53118,0.0,0.0000,0.0000,0.0000,0.4750,230.7401,0.000,unity
26.5004,0.00000,0.0000,0.0000,9.86909,9.86909,7.47547,0.0,0.1309,1.0000,0.0000,0.4750,230.9377,0.000,unity
26.5204,0.00000,0.0000,0.0000,9.52425,9.52425,20.16176,0.0,0.0000,0.0000,0.0000,0.4750,231.1280,0.000,unity
26.5404,0.00000,0.0000,0.0000,9.77551,9.77551,8.79739,0.0,0.2245,1.0000,0.0000,0.4750,231.3237,0.000,unity
26.5604,0.00000,0.0000,0.0000,9.41711,9.41711,22.56967,0.0,0.0000,0.0000,0.0000,0.4750,231.5117,0.000,unity
26.5804,0.00000,0.0000,0.0000,9.87820,9.87820,10.13193,0.0,0.0000,0.9950,0.0000,0.4750,231.7095,0.000,unity
26.6004,0.00000,0.0000,0.0000,9.76455,9.76455,8.98250,0.0,0.2355,1.0000,0.0000,0.4750,231.9049,0.000,unity
26.6204,0.00000,0.0000,0.0000,9.43392,9.43392,22.04898,0.0,0.0000,0.0000,0.0000,0.4750,232.0933,0.000,unity
26.6404,0.00000,0.0000,0.0000,9.87398,9.87398,8.40264,0.0,0.1260,1.0000,0.0000,0.4750,232.2910,0.000,unity
26.6604,0.00000,0.0000,0.0000,9.61091,9.61091,15.66402,0.0,0.0000,0.0000,0.0000,0.4750,232.4831,0.000,unity
26.6804,0.00000,0.0000,0.0000,9.78636,9.78636,14.38667,0.0,0.0000,0.0000,0.0000,0.4750,232.6789,0.000,unity
26.7004,0.00000,0.0000,0.0000,9.90954,9.90954,7.18179,0.0,0.0905,1.0000,0.0000,0.4750,232.8773,0.000,unity
26.7204,0.00000,0.0000,0.0000,9.54692,9.54692,20.38205,0.0,0.0000,0.0000,0.0000,0.4750,233.0680,0.000,unity
26.7404,0.00000,0.0000,0.0000,9.60129,9.60129,18.68622,0.0,0.0000,0.0000,0.0000,0.4750,233.2599,0.000,unity
26.7604,0.00000,0.0000,0.0000,9.57726,9.57726,22.26047,0.0,0.0000,0.0000,0.0000,0.4750,233.4513,0.000,unity
26.7804,0.00000,0.0000,0.0000,9.61936,9.61936,14.34948,0.0,0.0000,0.0000,0.0000,0.4750,233.6436,0.000,unity
26.8004,0.00000,0.0000,0.0000,9.80168,9.80168,13.08136,0.0,0.0000,0.0000,0.0000,0.4750,233.8398,0.000,unity
26.8204,0.00000,0.0000,0.0000,9.87073,9.87073,7.34488,0.0,0.1293,1.0000,0.0000,0.4750,234.0374,0.000,unity
26.8404,0.00000,0.0000,0.0000,9.51642,9.51642,20.52267,0.0,0.0000,0.0000,0.0000,0.4750,234.2275,0.000,unity
26.8604,0.00000,0.0000,0.0000,9.66268,9.66268,13.54479,0.0,0.0000,0.0000,0.0000,0.4750,234.4207,0.000,unity
26.8804,0.00000,0.0000,0.0000,9.65234,9.65234,21.42954,0.0,0.0000,0.0000,0.0000,0.4750,234.6137,0.000,unity
26.9004,0.00000,0.0000,0.0000,9.74387,9.74387,7.64971,0.0,0.2561,1.0000,0.0000,0.4750,234.8087,0.000,unity
26.9204,0.00000,0.0000,0.0000,9.36863,9.36863,18.88727,0.0,0.0000,0.0000,0.0000,0.4750,234.9957,0.000,unity
26.9404,0.00000,0.0000,0.0000,9.87192,9.87192,4.19988,0.0,0.1281,1.0000,0.0000,0.4750,235.1934,0.000,unity
26.9604,0.00000,0.0000,0.0000,9.48691,9.48691,17.59571,0.0,0.0000,0.0000,0.0000,0.4750,235.3830,0.000,unity
26.9804,0.00000,0.0000,0.0000,9.96470,9.96470,2.11974,0.0,0.0353,1.0000,0.0000,0.4750,235.5826,0.000,unity
27.0004,0.00000,0.0000,0.0000,9.69068,9.69068,10.66825,0.0,0.0000,0.0299,0.0000,0.4750,235.7765,0.000,unity
27.0204,0.00000,0.0000,0.0000,9.55944,9.55944,19.56774,0.0,0.0000,0.0000,0.0000,0.4750,235.9675,0.000,unity
27.0404,0.00000,0.0000,0.0000,9.55011,9.55011,21.79082,0.0,0.0000,0.0000,0.0000,0.4750,236.1584,0.000,unity
27.0604,0.00000,0.0000,0.0000,9.52921,9.52922,18.85014,0.0,0.0000,0.0000,0.0000,0.4750,236.3489,0.000,unity
27.0804,0.00000,0.0000,0.0000,9.70375,9.70375,13.54723,0.0,0.0000,0.0000,0.0000,0.4750,236.5430,0.000,unity
27.1004,0.00000,0.0000,0.0000,9.76625,9.76625,13.62265,0.0,0.0000,0.0000,0.0000,0.4750,236.7385,0.000,unity
27.1204,0.00000,0.0000,0.0000,9.85680,9.85680,7.71989,0.0,0.1432,1.0000,0.0000,0.4750,236.9359,0.000,unity
27.1404,0.00000,0.0000,0.0000,9.53331,9.53331,19.08577,0.0,0.0000,0.0000,0.0000,0.4750,237.1264,0.000,unity
27.1604,0.00000,0.0000,0.0000,9.62038,9.62038,17.31692,0.0,0.0000,0.0000,0.0000,0.4750,237.3188,0.000,unity
27.1804,0.00000,0.0000,0.0000,9.66660,9.66660,17.61453,0.0,0.0000,0.0000,0.0000,0.4750,237.5121,0.000,unity
27.2004,0.00000,0.0000,0.0000,9.79777,9.79777,9.24656,0.0,0.2022,1.0000,0.0000,0.4750,237.7082,0.000,unity
27.2204,0.00000,0.0000,0.0000,9.61581,9.61581,11.74137,0.0,0.0000,0.0000,0.0000,0.4750,237.9005,0.000,unity
27.2404,0.00000,0.0000,0.0000,9.79043,9.79044,8.70187,0.0,0.2096,1.0000,0.0000,0.4750,238.0964,0.000,unity
27.2604,0.00000,0.0000,0.0000,9.55847,9.55847,14.22886,0.0,0.0000,0.0000,0.0000,0.4750,238.2874,0.000,unity
27.2804,0.00000,0.0000,0.0000,9.89916,9.89916,5.41699,0.0,0.1008,1.0000,0.0000,0.4750,238.4856,0.000,unity
27.3004,0.00000,0.0000,0.0000,9.49962,9.49962,20.82461,0.0,0.0000,0.0000,0.0000,0.4750,238.6754,0.000,unity
27.3204,0.00000,0.0000,0.0000,9.56271,9.56271,17.99137,0.0,0.0000,0.0000,0.0000,0.4750,238.8665,0.000,unity
27.3404,0.00000,0.0000,0.0000,9.55963,9.55963,22.03515,0.0,0.0000,0.0000,0.0000,0.4750,239.0576,0.000,unity
27.3604,0.00000,0.0000,0.0000,9.64326,9.64326,10.96976,0.0,0.0000,0.0000,0.0000,0.4750,239.2505,0.000,unity
27.3804,0.00000,0.0000,0.0000,9.63908,9.63909,14.62111,0.0,0.0000,0.0000,0.0000,0.4750,239.4433,0.000,unity
27.4004,0.00000,0.0000,0.0000,9.64559,9.64559,20.28171,0.0,0.0000,0.0000,0.0000,0.4750,239.6362,0.000,unity
27.4204,0.00000,0.0000,0.0000,9.75038,9.75038,7.02150,0.0,0.2496,1.0000,0.0000,0.4750,239.8313,0.000,unity
27.4404,0.00000,0.0000,0.0000,9.24471,9.24471,22.29696,0.0,0.0000,0.0000,0.0000,0.4750,240.0158,0.000,unity
27.4604,0.00000,0.0000,0.0000,9.68749,9.68749,10.25456,0.0,0.0000,0.5772,0.0000,0.4750,240.2097,0.000,unity
27.4804,0.00000,0.0000,0.0000,9.46074,9.46074,22.11897,0.0,0.0000,0.0000,0.0000,0.4750,240.3988,0.000,unity
27.5004,0.00000,0.0000,0.0000,9.52715,9.52716,17.07991,0.0,0.0000,0.0000,0.0000,0.4750,240.5893,0.000,unity
27.5204,0.00000,0.0000,0.0000,9.71532,9.71532,13.24635,0.0,0.0000,0.0000,0.0000,0.4750,240.7838,0.000,unity
27.5404,0.00000,0.0000,0.0000,9.79490,9.79490,9.41836,0.0,0.2051,1.0000,0.0000,0.4750,240.9799,0.000,unity
27.5604,0.00000,0.0000,0.0000,9.63249,9.63249,11.15085,0.0,0.0000,0.0000,0.0000,0.4750,241.1726,0.000,unity
27.5804,0.00000,0.0000,0.0000,9.60826,9.60826,16.31359,0.0,0.0000,0.0000,0.0000,0.4750,241.3648,0.000,unity
27.6004,0.00000,0.0000,0.0000,9.65391,9.65391,17.82310,0.0,0.0000,0.0000,0.0000,0.4750,241.5579,0.000,unity
27.6204,0.00000,0.0000,0.0000,9.78597,9.78598,8.04827,0.0,0.2140,1.0000,0.0000,0.4750,241.7538,0.000,unity
27.6404,0.00000,0.0000,0.0000,9.49798,9.49798,16.83481,0.0,0.0000,0.0000,0.0000,0.4750,241.9436,0.000,unity
27.6604,0.00000,0.0000,0.0000,9.82079,9.82079,7.23992,0.0,0.1792,1.0000,0.0000,0.4750,242.1402,0.000,unity
27.6804,0.00000,0.0000,0.0000,9.46111,9.46111,20.77376,0.0,0.0000,0.0000,0.0000,0.4750,242.3292,0.000,unity
27.7004,0.00000,0.0000,0.0000,9.57985,9.57985,14.70510,0.0,0.0000,0.0000,0.0000,0.4750,242.5208,0.000,unity
27.7204,0.00000,0.0000,0.0000,9.63135,9.63135,19.94922,0.0,0.0000,0.0000,0.0000,0.4750,242.7134,0.000,unity
27.7404,0.00000,0.0000,0.0000,9.74027,9.74027,6.87013,0.0,0.2597,1.0000,0.0000,0.4750,242.9084,0.000,unity
27.7604,0.00000,0.0000,0.0000,9.23572,9.23572,21.18162,0.0,0.0000,0.0000,0.0000,0.4750,243.0926,0.000,unity
27.7805,0.00000,0.0000,0.0000,9.68463,9.68463,8.51179,0.0,0.3154,1.0000,0.0000,0.4750,243.2864,0.000,unity
27.8005,0.00000,0.0000,0.0000,9.33542,9.33542,21.43267,0.0,0.0000,0.0000,0.0000,0.4750,243.4729,0.000,unity
27.8205,0.00000,0.0000,0.0000,9.82479,9.82479,7.47897,0.0,0.1752,1.0000,0.0000,0.4750,243.6697,0.000,unity
27.8405,0.00000,0.0000,0.0000,9.48742,9.48743,19.15543,0.0,0.0000,0.0000,0.0000,0.4750,243.8593,0.000,unity
27.8605,0.00000,0.0000,0.0000,9.57106,9.57106,17.72902,0.0,0.0000,0.0000,0.0000,0.4750,244.0508,0.000,unity
27.8805,0.00000,0.0000,0.0000,9.62708,9.62708,16.33336,0.0,0.0000,0.0000,0.0000,0.4750,244.2434,0.000,unity
27.9005,0.00000,0.0000,0.0000,9.76087,9.76087,10.06511,0.0,0.0000,0.9277,0.0000,0.4750,244.4388,0.000,unity
27.9205,0.00000,0.0000,0.0000,9.65018,9.65018,8.67803,0.0,0.3498,1.0000,0.0000,0.4750,244.6319,0.000,unity
27.9405,0.00000,0.0000,0.0000,9.42351,9.42351,16.57551,0.0,0.0000,0.0000,0.0000,0.4750,244.8202,0.000,unity
27.9605,0.00000,0.0000,0.0000,9.94241,9.94242,0.87615,0.0,0.0576,1.0000,0.0000,0.4750,245.0194,0.000,unity
27.9805,0.00000,0.0000,0.0000,9.66881,9.66881,7.72380,0.0,0.3312,1.0000,0.0000,0.4750,245.2128,0.000,unity
28.0005,0.00000,0.0000,0.0000,9.31907,9.31907,18.15343,0.0,0.0000,0.0000,0.0000,0.4750,245.3988,0.000,unity
28.0205,0.00000,0.0000,0.0000,9.83401,9.83401,3.24117,0.0,0.1660,1.0000,0.0000,0.4750,245.5957,0.000,unity
28.0405,0.00000,0.0000,0.0000,9.52534,9.52534,13.75644,0.0,0.0000,0.0000,0.0000,0.4750,245.7861,0.000,unity
28.0605,0.00000,0.0000,0.0000,9.80369,9.80369,7.90340,0.0,0.1963,1.0000,0.0000,0.4750,245.9824,0.000,unity
28.0805,0.00000,0.0000,0.0000,9.50184,9.50184,17.51314,0.0,0.0000,0.0000,0.0000,0.4750,246.1722,0.000,unity
28.1005,0.00000,0.0000,0.0000,9.59525,9.59525,18.06252,0.0,0.0000,0.0000,0.0000,0.4750,246.3641,0.000,unity
28.1205,0.00000,0.0000,0.0000,9.71945,9.71945,9.46450,0.0,0.2806,1.0000,0.0000,0.4750,246.5586,0.000,unity
28.1405,0.00000,0.0000,0.0000,9.55765,9.55765,10.88676,0.0,0.0000,0.0000,0.0000,0.4750,246.7496,0.000,unity
28.1605,0.00000,0.0000,0.0000,9.73490,9.73490,5.90485,0.0,0.2651,1.0000,0.0000,0.4750,246.9444,0.000,unity
28.1805,0.00000,0.0000,0.0000,9.21001,9.21001,21.97899,0.0,0.0000,0.0000,0.0000,0.4750,247.1282,0.000,unity
28.2005,0.00000,0.0000,0.0000,9.65772,9.65772,8.25473,0.0,0.3423,1.0000,0.0000,0.4750,247.3214,0.000,unity
28.2205,0.00000,0.0000,0.0000,9.29960,9.29960,21.00286,0.0,0.0000,0.0000,0.0000,0.4750,247.5071,0.000,unity
28.2405,0.00000,0.0000,0.0000,9.80207,9.80207,7.98337,0.0,0.1979,1.0000,0.0000,0.4750,247.7034,0.000,unity
28.2605,0.00000,0.0000,0.0000,9.50590,9.50590,17.72493,0.0,0.0000,0.0000,0.0000,0.4750,247.8935,0.000,unity
28.2805,0.00000,0.0000,0.0000,9.50123,9.50123,22.11840,0.0,0.0000,0.0000,0.0000,0.4750,248.0835,0.000,unity
28.3005,0.00000,0.0000,0.0000,9.58814,9.58814,10.16994,0.0,0.0000,0.5576,0.0000,0.4750,248.2753,0.000,unity
28.3205,0.00000,0.0000,0.0000,9.55893,9.55893,13.05210,0.0,0.0000,0.0000,0.0000,0.4750,248.4665,0.000,unity
28.3405,0.00000,0.0000,0.0000,9.59905,9.59905,18.44730,0.0,0.0000,0.0000,0.0000,0.4750,248.6586,0.000,unity
28.3605,0.00000,0.0000,0.0000,9.72392,9.72392,7.75648,0.0,0.2761,1.0000,0.0000,0.4750,248.8532,0.000,unity
28.3805,0.00000,0.0000,0.0000,9.55503,9.55494,17.82270,0.0,0.0000,0.0000,0.0000,0.4730,249.0449,0.000,unity
28.4005,0.00000,0.0000,0.0000,9.83421,9.83360,2.75812,0.0,0.1664,1.0000,0.0000,0.4691,249.2431,0.000,unity
28.4205,0.00000,0.0000,0.0000,9.69049,9.68881,9.74614,0.0,0.2539,1.0000,0.0000,0.4635,249.4388,0.000,unity
28.4405,0.00000,0.0000,0.0000,9.69506,9.69162,9.53862,0.0,0.3084,1.0000,0.0000,0.4561,249.6352,0.000,unity
28.4605,0.00000,0.0000,0.0000,9.68195,9.67595,10.43603,0.0,0.0000,0.3199,0.0000,0.4472,249.8320,0.000,unity
28.4805,0.00000,0.0000,0.0000,0.00000,0.00000,6.57215,0.0,0.2601,1.0000,0.0000,0.5000,0.0000,0.000,unity
28.5005,0.00000,0.0000,0.0000,0.16434,0.16210,0.10134,0.0,1.0000,1.0000,0.0000,0.5059,-0.0013,0.000,unity
28.5205,0.00000,0.0000,0.0000,0.15136,0.14910,0.12234,0.0,1.0000,1.0000,0.0000,0.5092,-0.0020,0.000,unity
28.5405,0.00000,0.0000,0.0000,0.15445,0.15334,0.12556,0.0,1.0000,1.0000,0.0000,0.5104,-0.0018,0.000,unity
28.5605,0.00000,0.0000,0.0000,0.12633,0.12681,0.20771,0.0,1.0000,1.0000,0.0000,0.5099,-0.0015,0.000,unity
28.5805,0.00000,0.0000,0.0000,0.14409,0.14615,0.14713,0.0,1.0000,1.0000,0.0000,0.5083,0.0000,0.000,unity
28.6005,0.00000,0.0000,0.0000,0.16706,0.17038,0.13064,0.0,1.0000,1.0000,0.0000,0.5058,0.0025,0.000,unity
28.6205,0.00000,0.0000,0.0000,0.16087,0.16501,0.11086,0.0,1.0000,1.0000,0.0000,0.5027,0.0055,0.000,unity
28.6405,0.00000,0.0000,0.0000,0.17267,0.17720,0.13331,0.0,1.0000,1.0000,0.0000,0.4993,0.0092,0.000,unity
28.6605,0.00000,0.0000,0.0000,0.16274,0.16727,0.11782,0.0,1.0000,1.0000,0.0000,0.4958,0.0130,0.000,unity
28.6805,0.00000,0.0000,0.0000,0.16656,0.17080,0.14190,0.0,1.0000,1.0000,0.0000,0.4923,0.0173,0.000,unity
28.7005,0.00000,0.0000,0.0000,0.16524,0.16899,0.12544,0.0,1.0000,1.0000,0.0000,0.4891,0.0217,0.000,unity
28.7205,0.00000,0.0000,0.0000,0.17379,0.17696,0.13753,0.0,1.0000,1.0000,0.0000,0.4860,0.0264,0.000,unity
28.7405,0.00000,0.0000,0.0000,0.17202,0.17456,0.13563,0.0,1.0000,1.0000,0.0000,0.4833,0.0313,0.000,unity
28.7605,0.00000,0.0000,0.0000,0.16680,0.16875,0.14269,0.0,1.0000,1.0000,0.0000,0.4809,0.0360,0.000,unity
28.7805,0.00000,0.0000,0.0000,0.18194,0.18338,0.11028,0.0,1.0000,1.0000,0.0000,0.4788,0.0411,0.000,unity
28.8005,0.00000,0.0000,0.0000,0.17314,0.17414,0.13126,0.0,1.0000,1.0000,0.0000,0.4770,0.0460,0.000,unity
28.8205,0.00000,0.0000,0.0000,0.14306,0.14372,0.21335,0.0,1.0000,1.0000,0.0000,0.4756,0.0501,0.000,unity
28.8405,0.00000,0.0000,0.0000,0.14180,0.14221,0.21501,0.0,1.0000,1.0000,0.0000,0.4745,0.0542,0.000,unity
28.8605,0.00000,0.0000,0.0000,0.14216,0.14239,0.21513,0.0,1.0000,1.0000,0.0000,0.4736,0.0582,0.000,unity
28.8805,0.00000,0.0000,0.0000,0.14078,0.14089,0.21483,0.0,1.0000,1.0000,0.0000,0.4730,0.0620,0.000,unity
28.9005,0.00000,0.0000,0.0000,0.14008,0.14012,0.21411,0.0,1.0000,1.0000,0.0000,0.4725,0.0657,0.000,unity
28.9205,0.00000,0.0000,0.0000,0.13906,0.13906,0.21381,0.0,1.0000,1.0000,0.0000,0.4722,0.0693,0.000,unity
28.9405,0.00000,0.0000,0.0000,0.13465,0.13465,0.21852,0.0,1.0000,1.0000,0.0000,0.4721,0.0727,0.000,unity
28.9605,0.00000,0.0000,0.0000,0.10761,0.10761,0.25656,0.0,1.0000,1.0000,0.0000,0.4721,0.0753,0.000,unity
28.9805,0.00000,0.0000,0.0000,0.10932,0.10933,0.25309,0.0,1.0000,1.0000,0.0000,0.4721,0.0779,0.000,unity
29.0005,0.00000,0.0000,0.0000,0.10971,0.10973,0.25067,0.0,1.0000,1.0000,0.0000,0.4722,0.0804,0.000,unity
29.0205,0.00000,0.0000,0.0000,0.10957,0.10960,0.24911,0.0,1.0000,1.0000,0.0000,0.4724,0.0829,0.000,unity
29.0405,0.00000,0.0000,0.0000,0.10952,0.10956,0.24703,0.0,1.0000,1.0000,0.0000,0.4726,0.0852,0.000,unity
29.0605,0.00000,0.0000,0.0000,0.10958,0.10962,0.24482,0.0,1.0000,1.0000,0.0000,0.4728,0.0875,0.000,unity
29.0805,0.00000,0.0000,0.0000,0.10979,0.10982,0.24241,0.0,1.0000,1.0000,0.0000,0.4730,0.0897,0.000,unity
29.1005,0.00000,0.0000,0.0000,0.11003,0.11007,0.24020,0.0,1.0000,1.0000,0.0000,0.4732,0.0918,0.000,unity
29.1205,0.00000,0.0000,0.0000,0.11033,0.11036,0.23814,0.0,1.0000,1.0000,0.0000,0.4734,0.0940,0.000,unity
29.1405,0.00000,0.0000,0.0000,0.11060,0.11062,0.23651,0.0,1.0000,1.0000,0.0000,0.4736,0.0960,0.000,unity
29.1605,0.00000,0.0000,0.0000,0.11087,0.11089,0.23507,0.0,1.0000,1.0000,0.0000,0.4737,0.0981,0.000,unity
29.1805,0.00000,0.0000,0.0000,0.11108,0.11109,0.23403,0.0,1.0000,1.0000,0.0000,0.4739,0.1002,0.000,unity
29.2005,0.00000,0.0000,0.0000,0.11133,0.11134,0.23302,0.0,1.0000,1.0000,0.0000,0.4740,0.1022,0.000,unity
29.2205,0.00000,0.0000,0.0000,0.11140,0.11141,0.23261,0.0,1.0000,1.0000,0.0000,0.4741,0.1043,0.000,unity
29.2405,0.00000,0.0000,0.0000,0.11183,0.11184,0.23153,0.0,1.0000,1.0000,0.0000,0.4741,0.1063,0.000,unity
29.2605,0.00000,0.0000,0.0000,0.11133,0.11133,0.23263,0.0,1.0000,1.0000,0.0000,0.4742,0.1084,0.000,unity
29.2805,0.00000,0.0000,0.0000,0.11337,0.11337,0.22894,0.0,1.0000,1.0000,0.0000,0.4742,0.1105,0.000,unity
29.3005,0.00000,0.0000,0.0000,0.11057,0.11057,0.23731,0.0,1.0000,1.0000,0.0000,0.4743,0.1125,0.000,unity
29.3205,0.00000,0.0000,0.0000,0.11815,0.11815,0.22337,0.0,1.0000,1.0000,0.0000,0.4743,0.1148,0.000,unity
29.3405,0.00000,0.0000,0.0000,0.11739,0.11739,0.22479,0.0,1.0000,1.0000,0.0000,0.4743,0.1170,0.000,unity
29.3605,0.00000,0.0000,0.0000,0.11072,0.11072,0.23603,0.0,1.0000,1.0000,0.0000,0.4743,0.1191,0.000,unity
29.3805,0.00000,0.0000,0.0000,0.11824,0.11824,0.22412,0.0,1.0000,1.0000,0.0000,0.4743,0.1214,0.000,unity
29.4005,0.00000,0.0000,0.0000,0.11521,0.11521,0.22840,0.0,1.0000,1.0000,0.0000,0.4743,0.1236,0.000,unity
29.4205,0.00000,0.0000,0.0000,0.11082,0.11082,0.23951,0.0,1.0000,1.0000,0.0000,0.4743,0.1258,0.000,unity
29.4405,0.00000,0.0000,0.0000,0.11868,0.11868,0.22496,0.0,1.0000,1.0000,0.0000,0.4743,0.1281,0.000,unity
29.4605,0.00000,0.0000,0.0000,0.12126,0.12126,0.22315,0.0,1.0000,1.0000,0.0000,0.4743,0.1305,0.000,unity
29.4805,0.00000,0.0000,0.0000,0.15121,0.15121,0.18574,0.0,1.0000,1.0000,0.0000,0.4743,0.1335,0.000,unity
29.5005,0.00000,0.0000,0.0000,0.15101,0.15101,0.18666,0.0,1.0000,1.0000,0.0000,0.4743,0.1365,0.000,unity
29.5205,0.00000,0.0000,0.0000,0.15110,0.15111,0.18559,0.0,1.0000,1.0000,0.0000,0.4742,0.1396,0.000,unity
29.5405,0.00000,0.0000,0.0000,0.15095,0.15095,0.18604,0.0,1.0000,1.0000,0.0000,0.4742,0.1426,0.000,unity
29.5605,0.00000,0.0000,0.0000,0.15089,0.15089,0.18598,0.0,1.0000,1.0000,0.0000,0.4742,0.1457,0.000,unity
29.5805,0.00000,0.0000,0.0000,0.15081,0.15081,0.18606,0.0,1.0000,1.0000,0.0000,0.4742,0.1487,0.000,unity
29.6005,0.00000,0.0000,0.0000,0.15075,0.15075,0.18606,0.0,1.0000,1.0000,0.0000,0.4742,0.1518,0.000,unity
29.6205,0.00000,0.0000,0.0000,0.15070,0.15070,0.18606,0.0,1.0000,1.0000,0.0000,0.4742,0.1548,0.000,unity
29.6405,0.00000,0.0000,0.0000,0.15065,0.15065,0.18604,0.0,1.0000,1.0000,0.0000,0.4742,0.1578,0.000,unity
29.6605,0.00000,0.0000,0.0000,0.15062,0.15062,0.18601,0.0,1.0000,1.0000,0.0000,0.4742,0.1609,0.000,unity
29.6805,0.00000,0.0000,0.0000,0.15058,0.15058,0.18597,0.0,1.0000,1.0000,0.0000,0.4742,0.1639,0.000,unity
29.7005,0.00000,0.0000,0.0000,0.15056,0.15056,0.18592,0.0,1.0000,1.0000,0.0000,0.4742,0.1669,0.000,unity
29.7205,0.00000,0.0000,0.0000,0.15054,0.15054,0.18587,0.0,1.0000,1.0000,0.0000,0.4742,0.1699,0.000,unity
29.7405,0.00000,0.0000,0.0000,0.15052,0.15052,0.18581,0.0,1.0000,1.0000,0.0000,0.4742,0.1730,0.000,unity
29.7605,0.00000,0.0000,0.0000,0.15051,0.15051,0.18574,0.0,1.0000,1.0000,0.0000,0.4742,0.1760,0.000,unity
29.7805,0.00000,0.0000,0.0000,0.15051,0.15051,0.18568,0.0,1.0000,1.0000,0.0000,0.4742,0.1790,0.000,unity
29.8005,0.00000,0.0000,0.0000,0.15050,0.15050,0.18562,0.0,1.0000,1.0000,0.0000,0.4742,0.1820,0.000,unity
29.8205,0.00000,0.0000,0.0000,0.15049,0.15049,0.18556,0.0,1.0000,1.0000,0.0000,0.4742,0.1850,0.000,unity
29.8405,0.00000,0.0000,0.0000,0.15049,0.15049,0.18549,0.0,1.0000,1.0000,0.0000,0.4742,0.1880,0.000,unity
29.8605,0.00000,0.0000,0.0000,0.15049,0.15049,0.18543,0.0,1.0000,1.0000,0.0000,0.4742,0.1910,0.000,unity
29.8805,0.00000,0.0000,0.0000,0.15048,0.15048,0.18537,0.0,1.0000,1.0000,0.0000,0.4742,0.1941,0.000,unity
29.9005,0.00000,0.0000,0.0000,0.15048,0.15048,0.18532,0.0,1.0000,1.0000,0.0000,0.4742,0.1971,0.000,unity
29.9205,0.00000,0.0000,0.0000,0.15047,0.15047,0.18527,0.0,1.0000,1.0000,0.0000,0.4742,0.2001,0.000,unity
29.9405,0.00000,0.0000,0.0000,0.15047,0.15047,0.18522,0.0,1.0000,1.0000,0.0000,0.4742,0.2031,0.000,unity
29.9605,0.00000,0.0000,0.0000,0.15046,0.15046,0.18518,0.0,1.0000,1.0000,0.0000,0.4742,0.2061,0.000,unity
29.9805,0.00000,0.0000,0.0000,0.15045,0.15045,0.18514,0.0,1.0000,1.0000,0.0000,0.4742,0.2091,0.000,unity
30.0005,0.00000,0.0000,0.0000,0.15044,0.15044,0.18510,0.0,1.0000,1.0000,0.0000,0.4742,0.2121,0.000,unity
