t,steering,throttle,brake,speed,source
0.0200,0.00000,0.0000,0.0000,0.00000,unity
0.0400,0.00000,0.0000,0.0000,0.00000,unity
0.0600,0.00000,0.0000,0.0000,0.00000,unity
0.0800,0.00000,0.0000,0.0000,0.00000,unity
0.1000,0.00000,0.0000,0.0000,0.00000,unity
0.1200,0.00000,0.0000,0.0000,0.00000,unity
0.1400,0.00000,0.0000,0.0000,0.00000,unity
0.1600,0.00000,0.0000,0.0000,0.00000,unity
0.1800,0.00000,0.0000,0.0000,0.00000,unity
0.2000,0.00000,0.0000,0.0000,0.00000,unity
0.2200,0.00000,0.0000,0.0000,0.00000,unity
0.2400,0.00000,0.0000,0.0000,0.00000,unity
0.2600,0.00000,0.0000,0.0000,0.00000,unity
0.2800,0.00000,0.0000,0.0000,0.00000,unity
0.3000,0.00000,0.0000,0.0000,0.00000,unity
0.3200,0.00000,0.0000,0.0000,0.00000,unity
0.3400,0.00000,0.0000,0.0000,0.00000,unity
0.3600,0.00000,0.0000,0.0000,0.00000,unity
0.3800,0.00000,0.0000,0.0000,0.00000,unity
0.4000,0.00000,0.0000,0.0000,0.00000,unity
0.4200,0.00000,0.0000,0.0000,0.00000,unity
0.4400,0.00000,0.0000,0.0000,0.00000,unity
0.4600,0.00000,0.0000,0.0000,0.00000,unity
0.4800,0.00000,0.0000,0.0000,0.00000,unity
0.5000,0.00000,0.0000,0.0000,0.00000,unity
0.5200,0.00000,0.0000,0.0000,0.00000,unity
0.5400,0.00000,0.0000,0.0000,0.00000,unity
0.5600,0.00000,0.0000,0.0000,0.00000,unity
0.5800,0.00000,0.0000,0.0000,0.00000,unity
0.6000,0.00000,0.0000,0.0000,0.00000,unity
0.6200,0.00000,0.0000,0.0000,0.00000,unity
0.6400,0.00000,0.0000,0.0000,0.00000,unity
0.6600,0.00000,0.0000,0.0000,0.00000,unity
0.6800,0.00000,0.0000,0.0000,0.00000,unity
0.7000,0.00000,0.0000,0.0000,0.00000,unity
0.7200,0.00000,0.0000,0.0000,0.00000,unity
0.7400,0.00000,0.0000,0.0000,0.00000,unity
0.7600,0.00000,0.0000,0.0000,0.00000,unity
0.7800,0.00000,0.0000,0.0000,0.00000,unity
0.8000,0.00000,0.0000,0.0000,0.00000,unity
0.8200,0.00000,0.0000,0.0000,0.00000,unity
0.8400,0.00000,0.0000,0.0000,0.00000,unity
0.8600,0.00000,0.0000,0.0000,0.00000,unity
0.8800,0.00000,0.0000,0.0000,0.00000,unity
0.9000,0.00000,0.0000,0.0000,0.00000,unity
0.9200,0.00000,0.0000,0.0000,0.00000,unity
0.9400,0.00000,0.0000,0.0000,0.00000,unity
0.9600,0.00000,0.0000,0.0000,0.00000,unity
0.9800,0.00000,0.0000,0.0000,0.00000,unity
1.0000,0.00000,0.0000,0.0000,0.00000,unity
1.0200,0.00000,0.0000,0.0000,0.00000,unity
1.0400,0.00000,0.0000,0.0000,0.00000,unity
1.0600,0.00000,0.0000,0.0000,0.00000,unity
1.0800,0.00000,0.0000,0.0000,0.00000,unity
1.1000,0.00000,0.0000,0.0000,0.00000,unity
1.1200,0.00000,0.0000,0.0000,0.00000,unity
1.1400,0.00000,0.0000,0.0000,0.00000,unity
1.1600,0.00000,0.0000,0.0000,0.00000,unity
1.1800,0.00000,0.0000,0.0000,0.00000,unity
1.2000,0.00000,0.0000,0.0000,0.00000,unity
1.2200,0.00000,0.0000,0.0000,0.00000,unity
1.2400,0.00000,0.0000,0.0000,0.00000,unity
1.2600,0.00000,0.0000,0.0000,0.00000,unity
1.2800,0.00000,0.0000,0.0000,0.00000,unity
1.3000,0.00000,1.0000,0.0000,0.00000,unity
1.3200,0.00000,1.0000,0.0000,0.03931,unity
1.3400,0.00000,1.0000,0.0000,0.09631,unity
1.3600,0.00000,1.0000,0.0000,0.15366,unity
1.3800,0.00000,1.0000,0.0000,0.21135,unity
1.4000,0.00000,1.0000,0.0000,0.26935,unity
1.4200,0.00000,1.0000,0.0000,0.32762,unity
1.4400,0.00000,1.0000,0.0000,0.38613,unity
1.4600,0.00000,1.0000,0.0000,0.44486,unity
1.4800,0.00000,1.0000,0.0000,0.50376,unity
1.5000,0.00000,1.0000,0.0000,0.56281,unity
1.5200,0.00000,1.0000,0.0000,0.62196,unity
1.5400,0.00000,1.0000,0.0000,0.68120,unity
1.5600,0.00000,1.0000,0.0000,0.74050,unity
1.5800,0.00000,1.0000,0.0000,0.79982,unity
1.6000,0.00000,1.0000,0.0000,0.85916,unity
1.6200,0.00000,1.0000,0.0000,0.91848,unity
1.6400,0.00000,1.0000,0.0000,0.97778,unity
1.6600,0.00000,1.0000,0.0000,1.03705,unity
1.6800,0.00000,1.0000,0.0000,1.09627,unity
1.7000,0.00000,1.0000,0.0000,1.15544,unity
1.7200,0.00000,1.0000,0.0000,1.21455,unity
1.7400,0.00000,1.0000,0.0000,1.27359,unity
1.7600,0.00000,1.0000,0.0000,1.33258,unity
1.7800,0.00000,1.0000,0.0000,1.39150,unity
1.8000,0.00000,1.0000,0.0000,1.45037,unity
1.8200,0.00000,1.0000,0.0000,1.50917,unity
1.8400,0.00000,1.0000,0.0000,1.56793,unity
1.8600,0.00000,1.0000,0.0000,1.62664,unity
1.8800,0.00000,1.0000,0.0000,1.68530,unity
1.9000,0.00000,1.0000,0.0000,1.74393,unity
1.9200,0.00000,1.0000,0.0000,1.80252,unity
1.9400,0.00000,1.0000,0.0000,1.86108,unity
1.9600,0.00000,1.0000,0.0000,1.91963,unity
1.9800,0.00000,1.0000,0.0000,1.97815,unity
2.0000,0.00000,1.0000,0.0000,2.03666,unity
2.0200,0.00000,1.0000,0.0000,2.09515,unity
2.0400,0.00000,1.0000,0.0000,2.15365,unity
2.0600,0.00000,1.0000,0.0000,2.21213,unity
2.0800,0.00000,1.0000,0.0000,2.27062,unity
2.1000,0.00000,1.0000,0.0000,2.32910,unity
2.1200,0.00000,1.0000,0.0000,2.38759,unity
2.1400,0.00000,1.0000,0.0000,2.44607,unity
2.1600,0.00000,1.0000,0.0000,2.50457,unity
2.1800,0.00000,1.0000,0.0000,2.56306,unity
2.2000,0.00000,0.0000,0.0000,2.62157,unity
2.2200,0.00000,0.0000,0.0000,2.68007,unity
2.2400,0.00000,0.0000,0.0000,2.73858,unity
2.2600,0.00000,0.0000,0.0000,2.79710,unity
2.2800,0.00000,0.0000,0.0000,2.85562,unity
2.3000,0.00000,0.0000,0.0000,2.91414,unity
2.3200,0.00000,0.0000,0.0000,2.97266,unity
2.3400,0.00000,0.0000,0.0000,3.03119,unity
2.3600,0.00000,0.0000,0.0000,3.08971,unity
2.3800,0.00000,0.0000,0.0000,3.14824,unity
2.4000,0.00000,0.0000,0.0000,3.20676,unity
2.4200,0.00000,0.0000,0.0000,3.26528,unity
2.4400,0.00000,0.0000,0.0000,3.32380,unity
2.4600,0.00000,0.0000,0.0000,3.38232,unity
2.4800,0.00000,0.0000,0.0000,3.44083,unity
2.5000,0.00000,0.0000,0.0000,3.49934,unity
2.5200,0.00000,0.0000,0.0000,3.55785,unity
2.5400,0.00000,0.0000,0.0000,3.61635,unity
2.5600,0.00000,0.0000,0.0000,3.67485,unity
2.5800,0.00000,0.0000,0.0000,3.73334,unity
2.6000,0.00000,0.0000,0.0000,3.79182,unity
2.6200,0.00000,0.0000,0.0000,3.85030,unity
2.6400,0.00000,0.0000,0.0000,3.90907,unity
2.6600,0.00000,1.0000,0.0000,3.97242,unity
2.6800,0.00000,1.0000,0.0000,4.04412,unity
2.7000,0.00000,1.0000,0.0000,4.11027,unity
2.7200,0.00000,1.0000,0.0000,4.17232,unity
2.7400,0.00000,1.0000,0.0000,4.23200,unity
2.7600,0.00000,1.0000,0.0000,4.29072,unity
2.7800,0.00000,1.0000,0.0000,4.34931,unity
2.8000,0.00000,1.0000,0.0000,4.40788,unity
2.8200,0.00000,1.0000,0.0000,4.46642,unity
2.8400,0.00000,1.0000,0.0000,4.52495,unity
2.8600,0.00000,1.0000,0.0000,4.58345,unity
2.8800,0.00000,1.0000,0.0000,4.64193,unity
2.9000,0.00000,1.0000,0.0000,4.70039,unity
2.9200,0.00000,1.0000,0.0000,4.75884,unity
2.9400,0.00000,1.0000,0.0000,4.81727,unity
2.9600,0.00000,1.0000,0.0000,4.87568,unity
2.9800,0.00000,1.0000,0.0000,4.93407,unity
3.0000,0.00000,1.0000,0.0000,4.99246,unity
3.0200,0.00000,1.0000,0.0000,5.05083,unity
3.0400,0.00000,1.0000,0.0000,5.11545,unity
3.0600,0.00000,1.0000,0.0000,5.17255,unity
3.0800,0.00000,1.0000,0.0000,5.22866,unity
3.1000,0.00000,1.0000,0.0000,5.28769,unity
3.1200,0.00000,1.0000,0.0000,5.34094,unity
3.1400,0.00000,1.0000,0.0000,5.40776,unity
3.1600,0.00000,1.0000,0.0000,5.44296,unity
3.1800,0.00000,1.0000,0.0000,5.55298,unity
3.2000,0.00000,1.0000,0.0000,5.50373,unity
3.2200,0.00000,1.0000,0.0000,5.67205,unity
3.2400,0.00000,1.0000,0.0000,5.62337,unity
3.2600,0.00000,1.0000,0.0000,5.79318,unity
3.2800,-0.00709,1.0000,0.0000,5.74821,unity
3.3000,-0.05463,1.0000,0.0000,5.91835,unity
3.3200,-0.09597,1.0000,0.0000,5.88569,unity
3.3400,-0.13571,1.0000,0.0000,6.03887,unity
3.3600,-0.17376,1.0000,0.0000,6.01208,unity
3.3800,-0.20969,1.0000,0.0000,6.14187,unity
3.4000,-0.25121,1.0000,0.0000,6.09422,unity
3.4200,-0.29292,1.0000,0.0000,6.25784,unity
3.4400,-0.33507,1.0000,0.0000,6.21745,unity
3.4600,-0.37238,1.0000,0.0000,6.36201,unity
3.4800,-0.41066,1.0000,0.0000,6.31767,unity
3.5000,-0.45326,1.0000,0.0000,6.46228,unity
3.5200,-0.49376,1.0000,0.0000,6.41634,unity
3.5400,-0.53481,1.0000,0.0000,6.55272,unity
3.5600,-0.57240,1.0000,0.0000,6.49793,unity
3.5800,-0.61288,1.0000,0.0000,6.64576,unity
3.6000,-0.65272,1.0000,0.0000,6.59988,unity
3.6200,-0.69286,1.0000,0.0000,6.71028,unity
3.6400,-0.73103,1.0000,0.0000,6.64684,unity
3.6600,-0.77285,1.0000,0.0000,6.79144,unity
3.6800,-0.74938,1.0000,0.0000,6.72319,unity
3.7000,-0.70761,1.0000,0.0000,6.86921,unity
3.7200,-0.66528,1.0000,0.0000,6.81657,unity
3.7400,-0.62461,1.0000,0.0000,6.97074,unity
3.7600,-0.58852,1.0000,0.0000,6.92942,unity
3.7800,-0.54429,1.0000,0.0000,7.08538,unity
3.8000,-0.50434,1.0000,0.0000,7.05029,unity
3.8200,-0.46426,1.0000,0.0000,7.20650,unity
3.8400,-0.42846,1.0000,0.0000,7.17454,unity
3.8600,-0.39046,1.0000,0.0000,7.32992,unity
3.8800,-0.35033,1.0000,0.0000,7.29876,unity
3.9000,-0.30809,1.0000,0.0000,7.45378,unity
3.9200,-0.26879,1.0000,0.0000,7.42242,unity
3.9400,-0.22595,1.0000,0.0000,7.57685,unity
3.9600,-0.18714,1.0000,0.0000,7.54475,unity
3.9800,-0.14693,1.0000,0.0000,7.69553,unity
4.0000,-0.10429,1.0000,0.0000,7.65943,unity
4.0200,-0.06472,1.0000,0.0000,7.81409,unity
4.0400,-0.02434,1.0000,0.0000,7.77498,unity
4.0600,0.00000,1.0000,0.0000,7.92986,unity
4.0800,0.00000,1.0000,0.0000,7.88789,unity
4.1000,0.00000,1.0000,0.0000,8.04413,unity
4.1200,0.00000,1.0000,0.0000,8.00051,unity
4.1400,0.00000,1.0000,0.0000,8.15823,unity
4.1600,0.00000,1.0000,0.0000,8.11447,unity
4.1800,0.00000,1.0000,0.0000,8.27257,unity
4.2000,0.00000,1.0000,0.0000,8.23086,unity
4.2200,0.00000,1.0000,0.0000,8.38747,unity
4.2400,0.00000,1.0000,0.0000,8.34766,unity
4.2600,0.00000,1.0000,0.0000,8.50255,unity
4.2800,0.00000,1.0000,0.0000,8.46480,unity
4.3000,0.00000,1.0000,0.0000,8.61775,unity
4.3200,0.00000,1.0000,0.0000,8.58220,unity
4.3400,0.00000,1.0000,0.0000,8.73304,unity
4.3600,0.00000,1.0000,0.0000,8.69980,unity
4.3800,0.00000,1.0000,0.0000,8.84835,unity
4.4000,0.00000,1.0000,0.0000,8.81758,unity
4.4200,0.00000,1.0000,0.0000,8.96364,unity
4.4400,0.00000,1.0000,0.0000,8.93551,unity
4.4600,0.00000,1.0000,0.0000,9.07886,unity
4.4800,0.00000,1.0000,0.0000,9.05360,unity
4.5000,0.00000,1.0000,0.0000,9.19397,unity
4.5200,0.00000,1.0000,0.0000,9.17183,unity
4.5400,0.00000,1.0000,0.0000,9.30893,unity
4.5600,0.00000,1.0000,0.0000,9.29024,unity
4.5800,0.00000,1.0000,0.0000,9.42369,unity
4.6000,0.00000,1.0000,0.0000,9.40884,unity
4.6200,0.00000,1.0000,0.0000,9.53822,unity
4.6400,0.00000,1.0000,0.0000,9.52769,unity
4.6600,0.00000,1.0000,0.0000,9.65248,unity
4.6800,0.00000,1.0000,0.0000,9.64684,unity
4.7000,0.00000,1.0000,0.0000,9.76639,unity
4.7200,0.00000,1.0000,0.0000,9.76634,unity
4.7400,0.00000,1.0000,0.0000,9.87990,unity
4.7600,0.00000,1.0000,0.0000,9.88627,unity
4.7800,0.00000,1.0000,0.0000,9.99293,unity
4.8000,0.00000,1.0000,0.0000,10.00669,unity
4.8200,0.00000,1.0000,0.0000,10.10543,unity
4.8400,0.00000,1.0000,0.0000,10.12756,unity
4.8600,0.00000,1.0000,0.0000,10.21743,unity
4.8800,0.00000,1.0000,0.0000,10.24866,unity
4.9000,0.00000,1.0000,0.0000,10.32923,unity
4.9200,0.00000,1.0000,0.0000,10.36950,unity
4.9400,0.00000,1.0000,0.0000,10.44138,unity
4.9600,0.00000,1.0000,0.0000,10.48937,unity
4.9800,0.00000,1.0000,0.0000,10.55455,unity
5.0000,0.00000,1.0000,0.0000,10.60782,unity
5.0200,0.00000,1.0000,0.0000,10.66893,unity
5.0400,0.00000,1.0000,0.0000,10.72502,unity
5.0600,0.00000,1.0000,0.0000,10.78421,unity
5.0800,0.00000,1.0000,0.0000,10.84148,unity
5.1000,0.00000,1.0000,0.0000,10.89990,unity
5.1200,0.00000,1.0000,0.0000,10.95763,unity
5.1400,0.00000,1.0000,0.0000,11.01576,unity
5.1600,0.00000,1.0000,0.0000,11.07365,unity
5.1800,0.00000,1.0000,0.0000,11.13167,unity
5.2000,0.00000,1.0000,0.0000,11.18961,unity
5.2200,0.00000,1.0000,0.0000,11.24758,unity
5.2400,0.00000,1.0000,0.0000,11.30553,unity
5.2600,0.00000,1.0000,0.0000,11.36349,unity
5.2800,0.00000,1.0000,0.0000,11.42144,unity
5.3000,0.00000,1.0000,0.0000,11.47939,unity
5.3200,0.00000,1.0000,0.0000,11.53733,unity
5.3400,0.00000,1.0000,0.0000,11.59528,unity
5.3600,0.00000,1.0000,0.0000,11.65321,unity
5.3800,0.00000,1.0000,0.0000,11.71114,unity
5.4000,0.00000,1.0000,0.0000,11.76907,unity
5.4200,0.00000,1.0000,0.0000,11.82700,unity
5.4400,0.00000,1.0000,0.0000,11.88492,unity
5.4600,0.00000,1.0000,0.0000,11.94283,unity
5.4800,0.00000,1.0000,0.0000,12.00075,unity
5.5000,0.00000,1.0000,0.0000,12.05866,unity
5.5200,0.00000,1.0000,0.0000,12.11656,unity
5.5400,0.00000,1.0000,0.0000,12.17447,unity
5.5600,0.00000,1.0000,0.0000,12.23251,unity
5.5800,0.00000,1.0000,0.0000,12.29100,unity
5.6000,0.00000,1.0000,0.0000,12.35033,unity
5.6200,0.00000,1.0000,0.0000,12.41111,unity
5.6400,0.00000,1.0000,0.0000,12.47445,unity
5.6600,0.00000,1.0000,0.0000,12.54204,unity
5.6800,0.00000,1.0000,0.0000,12.61662,unity
5.7000,0.00000,1.0000,0.0000,12.70212,unity
5.7200,0.00000,1.0000,0.0000,12.79348,unity
5.7400,0.00000,1.0000,0.0000,12.82474,unity
5.7600,0.00000,1.0000,0.0000,12.87319,unity
5.7800,0.00000,1.0000,0.0000,12.92553,unity
5.8000,0.00000,1.0000,0.0000,12.97609,unity
5.8200,0.00000,1.0000,0.0000,12.95921,unity
5.8400,0.00000,1.0000,0.0000,12.96609,unity
5.8600,0.00000,1.0000,0.0000,12.96036,unity
5.8800,0.00000,1.0000,0.0000,12.96044,unity
5.9000,0.00000,1.0000,0.0000,12.95799,unity
5.9200,0.00000,1.0000,0.0000,12.95655,unity
5.9400,0.00000,1.0000,0.0000,12.95470,unity
5.9600,0.00000,1.0000,0.0000,12.95301,unity
5.9800,0.00000,1.0000,0.0000,12.95126,unity
6.0000,0.00000,1.0000,0.0000,12.94953,unity
6.0200,0.00000,1.0000,0.0000,12.94779,unity
6.0400,0.00000,1.0000,0.0000,12.94605,unity
6.0600,0.00000,1.0000,0.0000,12.94432,unity
6.0800,0.00000,1.0000,0.0000,12.94259,unity
6.1000,0.00000,1.0000,0.0000,12.94086,unity
6.1200,0.00000,1.0000,0.0000,12.93914,unity
6.1400,0.00000,1.0000,0.0000,12.93742,unity
6.1600,0.00000,1.0000,0.0000,12.93570,unity
6.1800,0.00000,1.0000,0.0000,12.93398,unity
6.2000,0.00000,1.0000,0.0000,12.93227,unity
6.2200,0.00000,1.0000,0.0000,12.93056,unity
6.2400,0.00000,1.0000,0.0000,12.92885,unity
6.2600,0.00000,1.0000,0.0000,12.92714,unity
6.2800,0.00000,1.0000,0.0000,12.92543,unity
6.3000,0.00000,1.0000,0.0000,12.92373,unity
6.3200,0.00000,1.0000,0.0000,12.92203,unity
6.3400,0.00000,1.0000,0.0000,12.92033,unity
6.3600,0.00000,1.0000,0.0000,12.91863,unity
6.3800,0.00000,1.0000,0.0000,12.91693,unity
6.4000,0.00000,1.0000,0.0000,12.91523,unity
6.4200,0.00000,1.0000,0.0000,12.91353,unity
6.4400,0.00000,1.0000,0.0000,12.91184,unity
6.4600,0.00000,1.0000,0.0000,12.91014,unity
6.4800,0.00000,1.0000,0.0000,12.90844,unity
6.5000,0.00000,1.0000,0.0000,12.90675,unity
6.5200,0.00000,1.0000,0.0000,12.90506,unity
6.5400,0.00000,1.0000,0.0000,12.90336,unity
6.5600,0.00000,1.0000,0.0000,12.90167,unity
6.5800,0.00000,1.0000,0.0000,12.89997,unity
6.6000,0.00000,1.0000,0.0000,12.89828,unity
6.6200,0.00000,1.0000,0.0000,12.89659,unity
6.6400,0.00000,1.0000,0.0000,12.89489,unity
6.6600,0.00000,1.0000,0.0000,12.89320,unity
6.6800,0.00000,1.0000,0.0000,12.89151,unity
6.7000,0.00000,1.0000,0.0000,12.88982,unity
6.7200,0.00000,1.0000,0.0000,12.88812,unity
6.7400,0.00000,1.0000,0.0000,12.88643,unity
6.7600,0.00000,1.0000,0.0000,12.88474,unity
6.7800,0.00000,1.0000,0.0000,12.88305,unity
6.8000,0.03237,1.0000,0.0000,12.88136,unity
6.8200,0.06574,1.0000,0.0000,12.87959,unity
6.8400,0.11137,1.0000,0.0000,12.87752,unity
6.8600,0.14947,1.0000,0.0000,12.87470,unity
6.8800,0.18773,1.0000,0.0000,12.87090,unity
6.9000,0.22869,1.0000,0.0000,12.86594,unity
6.9200,0.27207,1.0000,0.0000,12.85949,unity
6.9400,0.30935,1.0000,0.0000,12.85121,unity
6.9600,0.35095,1.0000,0.0000,12.84121,unity
6.9800,0.39250,1.0000,0.0000,12.82919,unity
7.0000,0.42828,1.0000,0.0000,12.81489,unity
7.0200,0.47085,1.0000,0.0000,12.79859,unity
7.0400,0.51178,1.0000,0.0000,12.77979,unity
7.0600,0.55211,1.0000,0.0000,12.75833,unity
7.0800,0.59048,1.0000,0.0000,12.73430,unity
7.1000,0.62716,1.0000,0.0000,12.70776,unity
7.1200,0.66813,1.0000,0.0000,12.67889,unity
7.1400,0.70953,1.0000,0.0000,12.64776,unity
7.1600,0.74857,1.0000,0.0000,12.61434,unity
7.1800,0.78833,1.0000,0.0000,12.57870,unity
7.2000,0.83235,1.0000,0.0000,12.54090,unity
7.2200,0.86707,1.0000,0.0000,12.50095,unity
7.2400,0.90680,1.0000,0.0000,12.45873,unity
7.2600,0.94895,1.0000,0.0000,12.41499,unity
7.2800,0.99191,1.0000,0.0000,12.36925,unity
7.3000,1.00000,1.0000,0.0000,12.32214,unity
7.3200,1.00000,1.0000,0.0000,12.27234,unity
7.3400,1.00000,1.0000,0.0000,12.22261,unity
7.3600,1.00000,1.0000,0.0000,12.17125,unity
7.3800,1.00000,1.0000,0.0000,12.12022,unity
7.4000,1.00000,1.0000,0.0000,12.06773,unity
7.4200,1.00000,1.0000,0.0000,12.01581,unity
7.4400,1.00000,1.0000,0.0000,11.96255,unity
7.4600,1.00000,1.0000,0.0000,11.91015,unity
7.4800,1.00000,1.0000,0.0000,11.85649,unity
7.5000,1.00000,1.0000,0.0000,11.80401,unity
7.5200,1.00000,1.0000,0.0000,11.75027,unity
7.5400,1.00000,1.0000,0.0000,11.69806,unity
7.5600,1.00000,1.0000,0.0000,11.64452,unity
7.5800,1.00000,1.0000,0.0000,11.59289,unity
7.6000,1.00000,1.0000,0.0000,11.53974,unity
7.6200,1.00000,1.0000,0.0000,11.48895,unity
7.6400,1.00000,1.0000,0.0000,11.43631,unity
7.6600,1.00000,1.0000,0.0000,11.38656,unity
7.6800,1.00000,1.0000,0.0000,11.33448,unity
7.7000,1.00000,1.0000,0.0000,11.28593,unity
7.7200,1.00000,1.0000,0.0000,11.23432,unity
7.7400,1.00000,1.0000,0.0000,11.18712,unity
7.7600,1.00000,1.0000,0.0000,11.13581,unity
7.7800,1.00000,1.0000,0.0000,11.09013,unity
7.8000,0.96310,1.0000,0.0000,11.03876,unity
7.8200,0.92662,1.0000,0.0000,10.99359,unity
7.8400,0.88048,1.0000,0.0000,10.94259,unity
7.8600,0.84039,1.0000,0.0000,10.90041,unity
7.8800,0.80044,1.0000,0.0000,10.85042,unity
7.9000,0.76784,1.0000,0.0000,10.81228,unity
7.9200,0.72229,1.0000,0.0000,10.76297,unity
7.9400,0.68326,1.0000,0.0000,10.72970,unity
7.9600,0.63888,1.0000,0.0000,10.68083,unity
7.9800,0.60399,1.0000,0.0000,10.65540,unity
8.0000,0.56156,1.0000,0.0000,10.60596,unity
8.0200,0.52187,1.0000,0.0000,10.59219,unity
8.0400,0.48597,1.0000,0.0000,10.53851,unity
8.0600,0.44232,1.0000,0.0000,10.54673,unity
8.0800,0.40023,1.0000,0.0000,10.47726,unity
8.1000,0.36381,1.0000,0.0000,10.52015,unity
8.1200,0.32383,1.0000,0.0000,10.42890,unity
8.1400,0.28378,1.0000,0.0000,10.50025,unity
8.1600,0.24051,1.0000,0.0000,10.38737,unity
8.1800,0.19988,1.0000,0.0000,10.48614,unity
8.2000,0.15938,1.0000,0.0000,10.36444,unity
8.2200,0.11963,1.0000,0.0000,10.46663,unity
8.2400,0.08036,1.0000,0.0000,10.35069,unity
8.2600,0.03945,1.0000,0.0000,10.45204,unity
8.2800,0.00332,1.0000,0.0000,10.33983,unity
8.3000,0.00000,1.0000,0.0000,10.43999,unity
8.3200,0.00000,1.0000,0.0000,10.33131,unity
8.3400,0.00000,1.0000,0.0000,10.42934,unity
8.3600,0.00000,1.0000,0.0000,10.32614,unity
8.3800,0.00000,1.0000,0.0000,10.41921,unity
8.4000,0.00000,1.0000,0.0000,10.32335,unity
8.4200,0.00000,1.0000,0.0000,10.41055,unity
8.4400,0.00000,1.0000,0.0000,10.32156,unity
8.4600,0.00000,1.0000,0.0000,10.40308,unity
8.4800,0.00000,1.0000,0.0000,10.32040,unity
8.5000,0.00000,1.0000,0.0000,10.39649,unity
8.5200,0.00000,1.0000,0.0000,10.31963,unity
8.5400,0.00000,1.0000,0.0000,10.39051,unity
8.5600,0.00000,1.0000,0.0000,10.31909,unity
8.5800,0.00000,1.0000,0.0000,10.38496,unity
8.6000,0.00000,1.0000,0.0000,10.31866,unity
8.6200,0.00000,1.0000,0.0000,10.37971,unity
8.6400,0.00000,1.0000,0.0000,10.31831,unity
8.6600,0.00000,1.0000,0.0000,10.37463,unity
8.6800,0.00000,1.0000,0.0000,10.31802,unity
8.7000,0.00000,1.0000,0.0000,10.36966,unity
8.7200,0.00000,1.0000,0.0000,10.31777,unity
8.7400,0.00000,1.0000,0.0000,10.36471,unity
8.7600,0.00000,1.0000,0.0000,10.31760,unity
8.7800,0.00000,1.0000,0.0000,10.35974,unity
8.8000,0.00000,1.0000,0.0000,10.31753,unity
8.8200,0.00000,1.0000,0.0000,10.35468,unity
8.8400,0.00000,1.0000,0.0000,10.31758,unity
8.8600,0.00000,1.0000,0.0000,10.34951,unity
8.8800,-0.02797,1.0000,0.0000,10.31774,unity
8.9000,-0.06598,1.0000,0.0000,10.34419,unity
8.9200,-0.10504,1.0000,0.0000,10.31769,unity
8.9400,-0.15115,1.0000,0.0000,10.33765,unity
8.9600,-0.18585,1.0000,0.0000,10.31544,unity
8.9800,-0.22760,1.0000,0.0000,10.32740,unity
9.0000,-0.26008,1.0000,0.0000,10.30897,unity
9.0200,-0.30409,1.0000,0.0000,10.31267,unity
9.0400,-0.34059,1.0000,0.0000,10.29681,unity
9.0600,-0.39019,1.0000,0.0000,10.29260,unity
9.0800,-0.42201,1.0000,0.0000,10.27663,unity
9.1000,-0.45334,1.0000,0.0000,10.26571,unity
9.1200,-0.50379,1.0000,0.0000,10.24910,unity
9.1400,-0.55176,1.0000,0.0000,10.23291,unity
9.1600,-0.59028,1.0000,0.0000,10.21131,unity
9.1800,-0.62560,1.0000,0.0000,10.18963,unity
9.2000,-0.66626,1.0000,0.0000,10.16434,unity
9.2200,-0.70830,1.0000,0.0000,10.13860,unity
9.2400,-0.75001,1.0000,0.0000,10.10871,unity
9.2600,-0.79108,1.0000,0.0000,10.07870,unity
9.2800,-0.82548,1.0000,0.0000,10.04447,unity
9.3000,-0.86897,1.0000,0.0000,10.01144,unity
9.3200,-0.91051,1.0000,0.0000,9.97350,unity
9.3400,-0.94634,1.0000,0.0000,9.93799,unity
9.3600,-0.98546,1.0000,0.0000,9.98210,unity
9.3800,-1.00000,1.0000,0.0000,10.02738,unity
9.4000,-1.00000,1.0000,0.0000,10.06741,unity
9.4200,-1.00000,1.0000,0.0000,10.05845,unity
9.4400,-1.00000,1.0000,0.0000,10.03424,unity
9.4600,-1.00000,1.0000,0.0000,9.98618,unity
9.4800,-1.00000,1.0000,0.0000,9.93952,unity
9.5000,-1.00000,1.0000,0.0000,9.99169,unity
9.5200,-1.00000,1.0000,0.0000,10.01328,unity
9.5400,-1.00000,1.0000,0.0000,10.08193,unity
9.5600,-1.00000,1.0000,0.0000,10.00020,unity
9.5800,-1.00000,1.0000,0.0000,10.05606,unity
9.6000,-0.97289,1.0000,0.0000,9.91692,unity
9.6200,-0.93326,1.0000,0.0000,9.96281,unity
9.6400,-0.89530,1.0000,0.0000,9.95111,unity
9.6600,-0.85136,1.0000,0.0000,10.02895,unity
9.6800,-0.81625,1.0000,0.0000,10.01993,unity
9.7000,-0.77710,1.0000,0.0000,10.01334,unity
9.7200,-0.73467,1.0000,0.0000,9.98815,unity
9.7400,-0.69584,1.0000,0.0000,9.93887,unity
9.7600,-0.65284,1.0000,0.0000,9.93473,unity
9.7800,-0.61683,1.0000,0.0000,10.01568,unity
9.8000,-0.57395,1.0000,0.0000,10.01228,unity
9.8200,-0.53680,1.0000,0.0000,10.09377,unity
9.8400,-0.49600,1.0000,0.0000,9.98473,unity
9.8600,-0.45582,1.0000,0.0000,10.03337,unity
9.8800,-0.41169,1.0000,0.0000,10.03975,unity
9.9000,-0.37510,1.0000,0.0000,10.00733,unity
9.9200,-0.33238,1.0000,0.0000,9.98037,unity
9.9400,-0.29447,1.0000,0.0000,9.93160,unity
9.9600,-0.25326,1.0000,0.0000,9.95450,unity
9.9800,-0.21710,1.0000,0.0000,10.06411,unity
10.0000,-0.17191,1.0000,0.0000,10.09521,unity
10.0200,-0.13531,1.0000,0.0000,10.13124,unity
10.0400,-0.09625,1.0000,0.0000,10.05076,unity
10.0600,-0.05928,1.0000,0.0000,10.06868,unity
10.0800,-0.01606,1.0000,0.0000,9.99766,unity
10.1000,0.00000,1.0000,0.0000,10.01583,unity
10.1200,0.00000,1.0000,0.0000,10.06575,unity
10.1400,0.00000,1.0000,0.0000,10.03271,unity
10.1600,0.00000,1.0000,0.0000,10.03170,unity
10.1800,0.00000,1.0000,0.0000,9.98525,unity
10.2000,0.00000,1.0000,0.0000,9.99376,unity
10.2200,0.00000,1.0000,0.0000,10.10427,unity
10.2400,0.00000,1.0000,0.0000,10.14990,unity
10.2600,0.00000,1.0000,0.0000,10.11833,unity
10.2800,0.00000,1.0000,0.0000,10.13125,unity
10.3001,0.00000,1.0000,0.0000,10.09499,unity
10.3201,0.00000,1.0000,0.0000,10.11115,unity
10.3401,0.00000,1.0000,0.0000,10.08104,unity
10.3601,0.00000,1.0000,0.0000,10.09235,unity
10.3801,0.00000,1.0000,0.0000,10.07332,unity
10.4001,0.00000,1.0000,0.0000,10.07758,unity
10.4201,0.00000,1.0000,0.0000,10.06789,unity
10.4401,0.00000,1.0000,0.0000,10.06652,unity
10.4601,0.00000,1.0000,0.0000,10.06279,unity
10.4801,0.00000,1.0000,0.0000,10.05906,unity
10.5001,0.00000,1.0000,0.0000,10.05871,unity
10.5201,0.00000,1.0000,0.0000,10.05487,unity
10.5401,0.00000,1.0000,0.0000,10.05545,unity
10.5601,0.00000,1.0000,0.0000,10.05165,unity
10.5801,0.00000,1.0000,0.0000,10.05275,unity
10.6001,0.00000,1.0000,0.0000,10.04902,unity
10.6201,0.00000,1.0000,0.0000,10.05037,unity
10.6401,0.00000,1.0000,0.0000,10.04673,unity
10.6601,0.00000,1.0000,0.0000,10.04816,unity
10.6801,0.00000,1.0000,0.0000,10.04463,unity
10.7001,0.00000,1.0000,0.0000,10.04603,unity
10.7201,0.00000,1.0000,0.0000,10.04261,unity
10.7401,0.00000,1.0000,0.0000,10.04392,unity
10.7601,0.00000,1.0000,0.0000,10.04058,unity
10.7801,0.00000,1.0000,0.0000,10.04180,unity
10.8001,0.00000,1.0000,0.0000,10.03850,unity
10.8201,0.00000,1.0000,0.0000,10.03966,unity
10.8401,0.00000,1.0000,0.0000,10.03635,unity
10.8601,0.00000,1.0000,0.0000,10.03748,unity
10.8801,0.00000,1.0000,0.0000,10.03410,unity
10.9001,0.00000,1.0000,0.0000,10.03528,unity
10.9201,0.00000,1.0000,0.0000,10.03175,unity
10.9401,0.00000,1.0000,0.0000,10.03301,unity
10.9601,0.00000,1.0000,0.0000,10.02933,unity
10.9801,0.00000,1.0000,0.0000,10.03064,unity
11.0001,0.00000,1.0000,0.0000,10.02689,unity
11.0201,0.00000,1.0000,0.0000,10.02813,unity
11.0401,0.00000,1.0000,0.0000,10.02446,unity
11.0601,0.00000,1.0000,0.0000,10.02546,unity
11.0801,0.00000,1.0000,0.0000,10.02209,unity
11.1001,0.00000,1.0000,0.0000,10.02266,unity
11.1201,0.00000,1.0000,0.0000,10.01973,unity
11.1401,0.00000,1.0000,0.0000,10.01982,unity
11.1601,0.00000,1.0000,0.0000,10.01734,unity
11.1801,0.00000,1.0000,0.0000,10.01699,unity
11.2001,0.00000,1.0000,0.0000,10.01489,unity
11.2201,0.00000,1.0000,0.0000,10.01422,unity
11.2401,0.00000,1.0000,0.0000,10.01239,unity
11.2601,0.00000,1.0000,0.0000,10.01148,unity
11.2801,0.00000,1.0000,0.0000,10.00984,unity
11.3001,0.00000,1.0000,0.0000,10.00879,unity
11.3201,0.00000,1.0000,0.0000,10.00726,unity
11.3401,0.00000,1.0000,0.0000,10.00612,unity
11.3601,0.00000,1.0000,0.0000,10.00467,unity
11.3801,0.00000,1.0000,0.0000,10.00346,unity
11.4001,0.00000,1.0000,0.0000,10.00206,unity
11.4201,0.00000,1.0000,0.0000,10.00081,unity
11.4401,0.00000,1.0000,0.0000,9.99945,unity
11.4601,0.00000,1.0000,0.0000,9.99818,unity
11.4801,0.00000,1.0000,0.0000,10.11091,unity
11.5001,0.00000,1.0000,0.0000,10.21685,unity
11.5201,0.00000,1.0000,0.0000,10.15204,unity
11.5401,0.00000,1.0000,0.0000,10.21492,unity
11.5601,0.00000,1.0000,0.0000,10.14946,unity
11.5801,0.00000,1.0000,0.0000,10.21208,unity
11.6001,0.00000,1.0000,0.0000,10.14765,unity
11.6201,0.00000,1.0000,0.0000,10.20867,unity
11.6401,0.00000,1.0000,0.0000,10.14641,unity
11.6601,0.00000,1.0000,0.0000,10.20483,unity
11.6801,0.00000,1.0000,0.0000,10.14559,unity
11.7001,0.00000,1.0000,0.0000,10.20067,unity
11.7201,0.00000,1.0000,0.0000,10.14509,unity
11.7401,0.00000,1.0000,0.0000,10.19625,unity
11.7601,0.00000,1.0000,0.0000,10.14483,unity
11.7801,0.00000,1.0000,0.0000,10.19160,unity
11.8001,0.00000,1.0000,0.0000,10.14476,unity
11.8201,0.00000,1.0000,0.0000,10.18675,unity
11.8401,0.00000,1.0000,0.0000,10.14486,unity
11.8601,0.00000,1.0000,0.0000,10.18171,unity
11.8801,0.00000,1.0000,0.0000,10.14510,unity
11.9001,0.00000,1.0000,0.0000,10.17650,unity
11.9201,0.00000,1.0000,0.0000,10.14543,unity
11.9401,0.00000,1.0000,0.0000,10.17118,unity
11.9601,0.00000,1.0000,0.0000,10.14577,unity
11.9801,0.00000,1.0000,0.0000,10.16586,unity
12.0001,0.00000,1.0000,0.0000,10.14597,unity
12.0201,0.00000,1.0000,0.0000,10.16069,unity
12.0401,0.00000,1.0000,0.0000,10.14585,unity
12.0601,0.00000,1.0000,0.0000,10.15585,unity
12.0801,0.00000,1.0000,0.0000,10.14525,unity
12.1001,0.00000,1.0000,0.0000,10.15147,unity
12.1201,0.00000,1.0000,0.0000,10.14412,unity
12.1401,0.00000,1.0000,0.0000,10.14758,unity
12.1601,0.00000,1.0000,0.0000,10.14250,unity
12.1801,0.00000,1.0000,0.0000,10.14410,unity
12.2001,0.00000,1.0000,0.0000,10.14050,unity
12.2201,0.00000,1.0000,0.0000,10.14093,unity
12.2401,0.00000,1.0000,0.0000,10.13825,unity
12.2601,0.00000,1.0000,0.0000,10.13796,unity
12.2801,0.00000,1.0000,0.0000,10.13582,unity
12.3001,0.00000,1.0000,0.0000,10.13511,unity
12.3201,0.00000,1.0000,0.0000,10.13330,unity
12.3401,0.00000,1.0000,0.0000,10.13234,unity
12.3601,0.00000,1.0000,0.0000,10.13073,unity
12.3801,0.00000,1.0000,0.0000,10.12962,unity
12.4001,0.00000,1.0000,0.0000,10.12812,unity
12.4201,0.00000,1.0000,0.0000,10.12692,unity
12.4401,0.00000,1.0000,0.0000,10.12549,unity
12.4601,0.00000,1.0000,0.0000,10.12423,unity
12.4801,0.00000,1.0000,0.0000,10.12284,unity
12.5001,0.00000,1.0000,0.0000,10.12156,unity
12.5201,0.00000,1.0000,0.0000,10.12019,unity
12.5401,0.00000,1.0000,0.0000,10.11889,unity
12.5601,0.00000,1.0000,0.0000,10.11754,unity
12.5801,0.00000,1.0000,0.0000,10.11623,unity
12.6001,0.00000,1.0000,0.0000,10.11489,unity
12.6201,0.00000,1.0000,0.0000,10.11357,unity
12.6401,0.00000,1.0000,0.0000,10.11223,unity
12.6601,0.00000,1.0000,0.0000,10.11091,unity
12.6801,0.00000,1.0000,0.0000,10.10958,unity
12.7001,0.00000,1.0000,0.0000,10.10825,unity
12.7201,0.00000,1.0000,0.0000,10.10692,unity
12.7401,0.00000,1.0000,0.0000,10.10560,unity
12.7601,0.00000,1.0000,0.0000,10.10427,unity
12.7801,0.00000,1.0000,0.0000,10.10294,unity
12.8001,0.00000,1.0000,0.0000,10.10161,unity
12.8201,0.00000,1.0000,0.0000,10.10029,unity
12.8401,0.00000,1.0000,0.0000,10.09896,unity
12.8601,0.00000,1.0000,0.0000,10.09763,unity
12.8801,0.00000,1.0000,0.0000,10.09631,unity
12.9001,0.00000,1.0000,0.0000,10.09498,unity
12.9201,0.00000,1.0000,0.0000,10.09365,unity
12.9401,0.00000,1.0000,0.0000,10.09233,unity
12.9601,0.00000,1.0000,0.0000,10.09100,unity
12.9801,0.00000,1.0000,0.0000,10.08968,unity
13.0001,0.00000,1.0000,0.0000,10.08835,unity
13.0201,0.00000,1.0000,0.0000,10.08703,unity
13.0401,0.00000,1.0000,0.0000,10.08570,unity
13.0601,0.00000,1.0000,0.0000,10.08438,unity
13.0801,0.00000,1.0000,0.0000,10.08305,unity
13.1001,0.00000,1.0000,0.0000,10.08173,unity
13.1201,0.00000,1.0000,0.0000,10.08040,unity
13.1401,0.00000,1.0000,0.0000,10.07908,unity
13.1601,0.00000,1.0000,0.0000,10.07775,unity
13.1801,0.00000,1.0000,0.0000,10.07643,unity
13.2001,0.00000,1.0000,0.0000,10.07511,unity
13.2201,0.00000,1.0000,0.0000,10.07378,unity
13.2401,0.00000,1.0000,0.0000,10.07246,unity
13.2601,0.00000,1.0000,0.0000,10.07114,unity
13.2801,0.00000,1.0000,0.0000,10.06981,unity
13.3001,0.00000,1.0000,0.0000,10.06849,unity
13.3201,0.00000,1.0000,0.0000,10.06717,unity
13.3401,0.00000,1.0000,0.0000,10.06585,unity
13.3601,0.00000,1.0000,0.0000,10.06452,unity
13.3801,0.00000,1.0000,0.0000,10.06320,unity
13.4001,0.00000,1.0000,0.0000,10.06188,unity
13.4201,0.00000,1.0000,0.0000,10.06056,unity
13.4401,0.00000,1.0000,0.0000,10.05924,unity
13.4601,0.00000,1.0000,0.0000,10.05791,unity
13.4801,0.00000,1.0000,0.0000,10.05659,unity
13.5001,0.00000,1.0000,0.0000,10.05527,unity
13.5201,0.00000,1.0000,0.0000,10.05395,unity
13.5401,0.00000,1.0000,0.0000,10.05263,unity
13.5601,0.00000,1.0000,0.0000,10.05131,unity
13.5801,0.00000,1.0000,0.0000,10.04999,unity
13.6001,0.00000,1.0000,0.0000,10.04867,unity
13.6201,0.00000,1.0000,0.0000,10.04735,unity
13.6401,0.00000,1.0000,0.0000,10.04603,unity
13.6601,0.00000,1.0000,0.0000,10.04471,unity
13.6801,0.00000,1.0000,0.0000,10.04339,unity
13.7001,0.00000,1.0000,0.0000,10.04207,unity
13.7201,0.00000,1.0000,0.0000,10.04075,unity
13.7401,0.00000,1.0000,0.0000,10.03943,unity
13.7601,0.00000,1.0000,0.0000,10.03811,unity
13.7801,0.00000,1.0000,0.0000,10.03680,unity
13.8001,0.00000,1.0000,0.0000,10.03548,unity
13.8201,0.00000,1.0000,0.0000,10.03416,unity
13.8401,0.00000,1.0000,0.0000,10.03284,unity
13.8601,0.00000,1.0000,0.0000,10.03152,unity
13.8801,0.00000,1.0000,0.0000,10.03021,unity
13.9001,0.00000,1.0000,0.0000,10.02889,unity
13.9201,0.00000,1.0000,0.0000,10.02757,unity
13.9401,0.00000,1.0000,0.0000,10.02625,unity
13.9601,0.00000,1.0000,0.0000,10.02494,unity
13.9801,0.00000,1.0000,0.0000,10.02362,unity
14.0001,0.00000,1.0000,0.0000,10.02230,unity
14.0201,0.00000,1.0000,0.0000,10.02099,unity
14.0401,0.00000,1.0000,0.0000,10.01967,unity
14.0601,0.00000,1.0000,0.0000,10.01835,unity
14.0801,0.00000,1.0000,0.0000,10.01704,unity
14.1001,0.00000,1.0000,0.0000,10.01572,unity
14.1201,0.00000,1.0000,0.0000,10.01441,unity
14.1401,0.00000,1.0000,0.0000,10.01309,unity
14.1601,0.00000,1.0000,0.0000,10.01178,unity
14.1801,0.00000,1.0000,0.0000,10.01046,unity
14.2001,0.00000,1.0000,0.0000,10.00915,unity
14.2201,0.00000,1.0000,0.0000,10.00783,unity
14.2401,0.00000,1.0000,0.0000,10.00652,unity
14.2601,0.00000,1.0000,0.0000,10.00520,unity
14.2801,0.00000,1.0000,0.0000,10.00389,unity
14.3001,0.00000,1.0000,0.0000,10.00257,unity
14.3201,0.00000,1.0000,0.0000,10.00126,unity
14.3401,0.00000,1.0000,0.0000,9.99995,unity
14.3601,0.00000,1.0000,0.0000,9.99864,unity
14.3801,0.00000,1.0000,0.0000,10.11140,unity
14.4001,0.00000,1.0000,0.0000,10.21733,unity
14.4201,0.00000,1.0000,0.0000,10.15251,unity
14.4401,0.00000,1.0000,0.0000,10.21541,unity
14.4601,0.00000,1.0000,0.0000,10.14991,unity
14.4801,0.00000,1.0000,0.0000,10.21258,unity
14.5001,0.00000,1.0000,0.0000,10.14810,unity
14.5201,0.00000,1.0000,0.0000,10.20916,unity
14.5401,0.00000,1.0000,0.0000,10.14686,unity
14.5601,0.00000,1.0000,0.0000,10.20533,unity
14.5801,0.00000,1.0000,0.0000,10.14604,unity
14.6001,0.00000,1.0000,0.0000,10.20117,unity
14.6201,0.00000,1.0000,0.0000,10.14554,unity
14.6401,0.00000,1.0000,0.0000,10.19675,unity
14.6601,0.00000,1.0000,0.0000,10.14528,unity
14.6802,0.00000,1.0000,0.0000,10.19210,unity
14.7002,0.00000,1.0000,0.0000,10.14521,unity
14.7202,0.00000,1.0000,0.0000,10.18724,unity
14.7402,0.00000,1.0000,0.0000,10.14532,unity
14.7602,0.00000,1.0000,0.0000,10.18220,unity
14.7802,0.00000,1.0000,0.0000,10.14556,unity
14.8002,0.00000,1.0000,0.0000,10.17699,unity
14.8202,0.00000,1.0000,0.0000,10.14590,unity
14.8402,0.00000,1.0000,0.0000,10.17167,unity
14.8602,0.00000,1.0000,0.0000,10.14624,unity
14.8802,0.00000,1.0000,0.0000,10.16635,unity
14.9002,0.00000,1.0000,0.0000,10.14644,unity
14.9202,0.00000,1.0000,0.0000,10.16118,unity
14.9402,0.00000,1.0000,0.0000,10.14632,unity
14.9602,0.00000,1.0000,0.0000,10.15634,unity
14.9802,0.00000,1.0000,0.0000,10.14573,unity
15.0002,0.00000,1.0000,0.0000,10.15195,unity
15.0202,0.00000,1.0000,0.0000,10.14460,unity
15.0402,0.00000,1.0000,0.0000,10.14806,unity
15.0602,0.00000,1.0000,0.0000,10.14298,unity
15.0802,0.00000,1.0000,0.0000,10.14458,unity
15.1002,0.00000,1.0000,0.0000,10.14098,unity
15.1202,0.00000,1.0000,0.0000,10.14141,unity
15.1402,0.00000,1.0000,0.0000,10.13872,unity
15.1602,0.00000,1.0000,0.0000,10.13844,unity
15.1802,0.00000,1.0000,0.0000,10.13630,unity
15.2002,0.00000,1.0000,0.0000,10.13559,unity
15.2202,0.00000,1.0000,0.0000,10.13378,unity
15.2402,0.00000,1.0000,0.0000,10.13282,unity
15.2602,0.00000,1.0000,0.0000,10.13120,unity
15.2802,0.00000,1.0000,0.0000,10.13009,unity
15.3002,0.00000,1.0000,0.0000,10.12859,unity
15.3202,0.00000,1.0000,0.0000,10.12739,unity
15.3402,0.00000,1.0000,0.0000,10.12596,unity
15.3602,0.00000,1.0000,0.0000,10.12471,unity
15.3802,0.00000,1.0000,0.0000,10.12332,unity
15.4002,0.00000,1.0000,0.0000,10.12204,unity
15.4202,0.00000,1.0000,0.0000,10.12067,unity
15.4402,0.00000,1.0000,0.0000,10.11937,unity
15.4602,0.00000,1.0000,0.0000,10.11802,unity
15.4802,0.00000,1.0000,0.0000,10.11671,unity
15.5002,0.00000,1.0000,0.0000,10.11536,unity
15.5202,0.00000,1.0000,0.0000,10.11405,unity
15.5402,0.00000,1.0000,0.0000,10.11271,unity
15.5602,0.00000,1.0000,0.0000,10.11139,unity
15.5802,0.00000,1.0000,0.0000,10.11005,unity
15.6002,0.00000,1.0000,0.0000,10.10873,unity
15.6202,0.00000,1.0000,0.0000,10.10740,unity
15.6402,0.00000,1.0000,0.0000,10.10607,unity
15.6602,0.00000,0.0000,0.0000,10.10474,unity
15.6802,0.00000,0.0000,0.0000,10.10342,unity
15.7002,0.00000,0.0000,0.0000,10.10209,unity
15.7202,0.00000,0.0000,0.0000,10.10076,unity
15.7402,0.00000,0.0000,0.0000,10.09944,unity
15.7602,0.00000,0.0000,0.0000,10.09811,unity
15.7802,0.00000,0.0000,0.0000,10.09678,unity
15.8002,0.00000,0.0000,0.0000,10.09546,unity
15.8202,0.00000,0.0000,0.0000,10.09413,unity
15.8402,0.00000,0.0000,0.0000,10.09280,unity
15.8602,0.00000,0.0000,0.0000,10.09148,unity
15.8802,0.00000,0.0000,0.0000,10.09015,unity
15.9002,0.00000,1.0000,0.0000,10.08883,unity
15.9202,0.00000,1.0000,0.0000,10.08750,unity
15.9402,0.00000,1.0000,0.0000,10.08618,unity
15.9602,0.00000,1.0000,0.0000,10.08485,unity
15.9802,0.00000,1.0000,0.0000,10.08353,unity
16.0002,0.00000,1.0000,0.0000,10.08220,unity
16.0202,0.00000,1.0000,0.0000,10.08088,unity
16.0402,0.00000,1.0000,0.0000,10.07955,unity
16.0602,0.00000,1.0000,0.0000,10.07823,unity
16.0802,0.00000,1.0000,0.0000,10.07691,unity
16.1002,0.00000,1.0000,0.0000,10.07558,unity
16.1202,0.00000,1.0000,0.0000,10.07426,unity
16.1402,0.00000,1.0000,0.0000,10.07293,unity
16.1602,0.00000,1.0000,0.0000,10.07161,unity
16.1802,0.00000,1.0000,0.0000,10.07029,unity
16.2002,0.00000,1.0000,0.0000,10.06897,unity
16.2202,0.00000,1.0000,0.0000,10.06764,unity
16.2402,0.00000,1.0000,0.0000,10.06632,unity
16.2602,0.00000,1.0000,0.0000,10.06500,unity
16.2802,0.00000,1.0000,0.0000,10.06368,unity
16.3002,0.00000,1.0000,0.0000,10.06235,unity
16.3202,0.00000,1.0000,0.0000,10.06103,unity
16.3402,0.00000,1.0000,0.0000,10.05971,unity
16.3602,0.00000,1.0000,0.0000,10.05839,unity
16.3802,0.00000,1.0000,0.0000,10.05707,unity
16.4002,0.00000,1.0000,0.0000,10.05575,unity
16.4202,0.00000,1.0000,0.0000,10.05443,unity
16.4402,0.00000,1.0000,0.0000,10.05311,unity
16.4602,0.00000,1.0000,0.0000,10.05178,unity
16.4802,0.00000,1.0000,0.0000,10.05046,unity
16.5002,0.00000,1.0000,0.0000,10.04914,unity
16.5202,0.00000,1.0000,0.0000,10.04782,unity
16.5402,0.00000,1.0000,0.0000,10.04650,unity
16.5602,0.00000,1.0000,0.0000,10.04518,unity
16.5802,0.00000,1.0000,0.0000,10.04386,unity
16.6002,0.00000,1.0000,0.0000,10.04254,unity
16.6202,0.00000,1.0000,0.0000,10.04122,unity
16.6402,0.00000,1.0000,0.0000,10.03991,unity
16.6602,0.00000,1.0000,0.0000,10.03859,unity
16.6802,0.00000,1.0000,0.0000,10.03727,unity
16.7002,0.00000,1.0000,0.0000,10.03595,unity
16.7202,0.00000,1.0000,0.0000,10.03463,unity
16.7402,0.00000,1.0000,0.0000,10.03331,unity
16.7602,0.00000,1.0000,0.0000,10.03200,unity
16.7802,0.00000,1.0000,0.0000,10.03068,unity
16.8002,0.00000,1.0000,0.0000,10.02936,unity
16.8202,0.00000,1.0000,0.0000,10.02804,unity
16.8402,0.00000,1.0000,0.0000,10.02672,unity
16.8602,0.00000,1.0000,0.0000,10.02541,unity
16.8802,0.00000,1.0000,0.0000,10.02409,unity
16.9002,0.00000,1.0000,0.0000,10.02277,unity
16.9202,0.00000,0.0000,0.0000,10.02146,unity
16.9402,0.00000,0.0000,0.0000,10.02014,unity
16.9602,0.00000,0.0000,0.0000,10.01882,unity
16.9802,0.00000,0.0000,0.0000,10.01751,unity
17.0002,0.00000,0.0000,0.0000,10.01619,unity
17.0202,0.00000,0.0000,0.0000,10.01488,unity
17.0402,0.00000,0.0000,0.0000,10.01356,unity
17.0602,0.00000,0.0000,0.0000,10.01224,unity
17.0802,0.00000,0.0000,0.0000,10.01093,unity
17.1002,0.00000,0.0000,0.0000,10.00961,unity
17.1202,0.00000,1.0000,0.0000,10.00830,unity
17.1402,0.00000,1.0000,0.0000,10.00698,unity
17.1602,0.00000,1.0000,0.0000,10.00567,unity
17.1802,0.00000,1.0000,0.0000,10.00436,unity
17.2002,0.00000,1.0000,0.0000,10.00304,unity
17.2202,0.00000,1.0000,0.0000,10.00173,unity
17.2402,0.00000,1.0000,0.0000,10.00041,unity
17.2602,0.00000,1.0000,0.0000,9.99910,unity
17.2802,0.00000,1.0000,0.0000,9.99779,unity
17.3002,0.00000,1.0000,0.0000,10.11056,unity
17.3202,0.00000,1.0000,0.0000,10.21649,unity
17.3402,0.00000,1.0000,0.0000,10.15165,unity
17.3602,0.00000,1.0000,0.0000,10.21457,unity
17.3802,0.00000,1.0000,0.0000,10.14905,unity
17.4002,0.00000,1.0000,0.0000,10.21175,unity
17.4202,0.00000,1.0000,0.0000,10.14723,unity
17.4402,0.00000,1.0000,0.0000,10.20834,unity
17.4602,0.00000,1.0000,0.0000,10.14598,unity
17.4802,0.00000,1.0000,0.0000,10.20452,unity
17.5002,0.00000,1.0000,0.0000,10.14516,unity
17.5202,0.00000,1.0000,0.0000,10.20036,unity
17.5402,0.00000,1.0000,0.0000,10.14465,unity
17.5602,0.00000,1.0000,0.0000,10.19595,unity
17.5802,0.00000,1.0000,0.0000,10.14438,unity
17.6002,0.00000,1.0000,0.0000,10.19131,unity
17.6202,0.00000,1.0000,0.0000,10.14431,unity
17.6402,0.00000,1.0000,0.0000,10.18646,unity
17.6602,0.00000,1.0000,0.0000,10.14440,unity
17.6802,0.00000,1.0000,0.0000,10.18142,unity
17.7002,0.00000,1.0000,0.0000,10.14463,unity
17.7202,0.00000,1.0000,0.0000,10.17622,unity
17.7402,0.00000,1.0000,0.0000,10.14496,unity
17.7602,0.00000,1.0000,0.0000,10.17091,unity
17.7802,0.00000,1.0000,0.0000,10.14530,unity
17.8002,0.00000,1.0000,0.0000,10.16559,unity
17.8202,0.00000,1.0000,0.0000,10.14550,unity
17.8402,0.00000,1.0000,0.0000,10.16041,unity
17.8602,0.00000,1.0000,0.0000,10.14539,unity
17.8802,0.00000,1.0000,0.0000,10.15556,unity
17.9002,0.00000,1.0000,0.0000,10.14482,unity
17.9202,0.00000,1.0000,0.0000,10.15116,unity
17.9402,0.00000,1.0000,0.0000,10.14371,unity
17.9602,0.00000,1.0000,0.0000,10.14725,unity
17.9802,0.00000,1.0000,0.0000,10.14210,unity
18.0002,0.00000,1.0000,0.0000,10.14376,unity
18.0202,0.00000,1.0000,0.0000,10.14012,unity
18.0402,0.00000,1.0000,0.0000,10.14058,unity
18.0602,0.00000,1.0000,0.0000,10.13787,unity
18.0802,0.00000,1.0000,0.0000,10.13760,unity
18.1002,0.00000,1.0000,0.0000,10.13545,unity
18.1202,0.00000,1.0000,0.0000,10.13475,unity
18.1402,0.00000,1.0000,0.0000,10.13293,unity
18.1602,0.00000,1.0000,0.0000,10.13198,unity
18.1802,0.00000,1.0000,0.0000,10.13036,unity
18.2002,0.00000,1.0000,0.0000,10.12925,unity
18.2202,0.00000,1.0000,0.0000,10.12775,unity
18.2402,0.00000,1.0000,0.0000,10.12655,unity
18.2602,0.00000,1.0000,0.0000,10.12512,unity
18.2802,0.00000,1.0000,0.0000,10.12387,unity
18.3002,0.00000,1.0000,0.0000,10.12248,unity
18.3202,0.00000,1.0000,0.0000,10.12119,unity
18.3402,0.00000,1.0000,0.0000,10.11983,unity
18.3602,0.00000,1.0000,0.0000,10.11853,unity
18.3802,0.00000,1.0000,0.0000,10.11718,unity
18.4002,0.00000,1.0000,0.0000,10.11586,unity
18.4202,0.00000,1.0000,0.0000,10.11452,unity
18.4402,0.00000,1.0000,0.0000,10.11320,unity
18.4602,0.00000,1.0000,0.0000,10.11187,unity
18.4802,0.00000,1.0000,0.0000,10.11055,unity
18.5002,0.00000,1.0000,0.0000,10.10921,unity
18.5202,0.00000,1.0000,0.0000,10.10789,unity
18.5402,0.00000,1.0000,0.0000,10.10656,unity
18.5602,0.00000,1.0000,0.0000,10.10523,unity
18.5802,0.00000,1.0000,0.0000,10.10390,unity
18.6002,0.00000,1.0000,0.0000,10.10258,unity
18.6202,0.00000,1.0000,0.0000,10.10125,unity
18.6402,0.00000,1.0000,0.0000,10.09992,unity
18.6602,0.00000,1.0000,0.0000,10.09859,unity
18.6802,0.00000,1.0000,0.0000,10.09727,unity
18.7002,0.00000,1.0000,0.0000,10.09594,unity
18.7202,0.00000,1.0000,0.0000,10.09462,unity
18.7402,0.00000,1.0000,0.0000,10.09329,unity
18.7602,0.00000,1.0000,0.0000,10.09196,unity
18.7802,0.00000,1.0000,0.0000,10.09064,unity
18.8002,0.00000,1.0000,0.0000,10.08931,unity
18.8202,0.00000,1.0000,0.0000,10.08799,unity
18.8402,0.00000,1.0000,0.0000,10.08666,unity
18.8602,0.00000,1.0000,0.0000,10.08534,unity
18.8802,0.00000,1.0000,0.0000,10.08401,unity
18.9002,0.00000,1.0000,0.0000,10.08269,unity
18.9202,0.00000,1.0000,0.0000,10.08136,unity
18.9402,0.00000,1.0000,0.0000,10.08004,unity
18.9602,0.00000,1.0000,0.0000,10.07872,unity
18.9802,0.00000,1.0000,0.0000,10.07739,unity
19.0002,0.00000,1.0000,0.0000,10.07607,unity
19.0202,0.00000,1.0000,0.0000,10.07474,unity
19.0403,0.00000,1.0000,0.0000,10.07342,unity
19.0603,0.00000,1.0000,0.0000,10.07210,unity
19.0803,0.00000,1.0000,0.0000,10.07077,unity
19.1003,0.00000,1.0000,0.0000,10.06945,unity
19.1203,0.00000,1.0000,0.0000,10.06813,unity
19.1403,0.00000,1.0000,0.0000,10.06681,unity
19.1603,0.00000,1.0000,0.0000,10.06548,unity
19.1803,0.00000,1.0000,0.0000,10.06416,unity
19.2003,0.00000,1.0000,0.0000,10.06284,unity
19.2203,0.00000,1.0000,0.0000,10.06152,unity
19.2403,0.00000,1.0000,0.0000,10.06020,unity
19.2603,0.00000,1.0000,0.0000,10.05887,unity
19.2803,0.00000,1.0000,0.0000,10.05755,unity
19.3003,0.00000,1.0000,0.0000,10.05623,unity
19.3203,0.00000,1.0000,0.0000,10.05491,unity
19.3403,0.00000,1.0000,0.0000,10.05359,unity
19.3603,0.00000,1.0000,0.0000,10.05227,unity
19.3803,0.00000,1.0000,0.0000,10.05095,unity
19.4003,0.00000,1.0000,0.0000,10.04963,unity
19.4203,0.00000,1.0000,0.0000,10.04831,unity
19.4403,0.00000,1.0000,0.0000,10.04699,unity
19.4603,0.00000,1.0000,0.0000,10.04567,unity
19.4803,0.00000,1.0000,0.0000,10.04435,unity
19.5003,0.00000,1.0000,0.0000,10.04303,unity
19.5203,0.00000,1.0000,0.0000,10.04171,unity
19.5403,0.00000,1.0000,0.0000,10.04039,unity
19.5603,0.00000,1.0000,0.0000,10.03907,unity
19.5803,0.00000,1.0000,0.0000,10.03775,unity
19.6003,0.00000,1.0000,0.0000,10.03644,unity
19.6203,0.00000,1.0000,0.0000,10.03512,unity
19.6403,0.00000,0.0000,0.0000,10.03380,unity
19.6603,0.00000,0.0000,0.0000,10.03248,unity
19.6803,0.00000,0.0000,0.0000,10.03116,unity
19.7003,0.00000,0.0000,0.0000,10.02984,unity
19.7203,0.00000,0.0000,0.0000,10.02853,unity
19.7403,0.00000,0.0000,0.0000,10.02721,unity
19.7603,0.00000,0.0000,0.0000,10.02589,unity
19.7803,0.00000,0.0000,0.0000,10.02458,unity
19.8003,0.00000,0.0000,0.0000,10.02326,unity
19.8203,0.00000,0.0000,0.0000,10.02194,unity
19.8403,0.00000,0.0000,0.0000,10.02063,unity
19.8603,0.00000,0.0000,0.0000,10.01931,unity
19.8803,0.00000,0.0000,0.0000,10.01799,unity
19.9003,0.00000,0.0000,0.0000,10.01668,unity
19.9203,0.00000,0.0000,0.0000,10.01536,unity
19.9403,0.00000,0.0000,0.0000,10.01404,unity
19.9603,0.00000,0.0000,0.0000,10.01273,unity
19.9803,0.00000,0.0000,0.0000,10.01141,unity
20.0003,0.00000,0.0000,0.0000,10.01010,unity
20.0203,0.00000,0.0000,0.0000,10.00878,unity
20.0403,0.00000,0.0000,0.0000,10.00747,unity
20.0603,0.00000,0.0000,0.0000,10.00615,unity
20.0803,0.00000,0.0000,0.0000,10.00484,unity
20.1003,0.00000,0.0000,0.0000,10.00352,unity
20.1203,0.00000,0.0000,0.0000,10.00221,unity
20.1403,0.00000,0.0000,0.0000,10.00090,unity
20.1603,0.00000,0.0000,0.0000,9.99958,unity
20.1803,0.00000,0.0000,0.0000,9.99827,unity
20.2003,0.00000,0.0000,0.0000,9.99696,unity
20.2203,0.00000,0.0000,0.0000,9.99564,unity
20.2403,0.00000,0.0000,0.0000,9.99433,unity
20.2603,0.00000,0.0000,0.0000,9.99302,unity
20.2803,0.00000,0.0000,0.0000,9.99171,unity
20.3003,0.00000,0.0000,0.0000,9.99039,unity
20.3203,0.00000,0.0000,0.0000,9.98908,unity
20.3403,0.00000,0.0000,0.0000,9.98777,unity
20.3603,0.00000,0.0000,0.0000,9.98646,unity
20.3803,0.00000,0.0000,0.0000,9.98514,unity
20.4003,0.00000,0.0000,0.0000,9.98383,unity
20.4203,0.00000,0.0000,0.0000,9.98252,unity
20.4403,0.00000,0.0000,0.0000,9.98121,unity
20.4603,0.00000,0.0000,0.0000,9.97990,unity
20.4803,0.00000,0.0000,0.0000,9.97859,unity
20.5003,0.00000,0.0000,0.0000,9.97728,unity
20.5203,0.00000,0.0000,0.0000,9.97597,unity
20.5403,0.00000,0.0000,0.0000,9.97465,unity
20.5603,0.00000,0.0000,0.0000,9.97334,unity
20.5803,0.00000,0.0000,0.0000,9.97203,unity
20.6003,0.00000,0.0000,0.0000,9.97072,unity
20.6203,0.00000,0.0000,0.0000,9.96941,unity
20.6403,0.00000,0.0000,0.0000,9.96810,unity
20.6603,0.00000,0.0000,0.0000,9.96679,unity
20.6803,0.00000,0.0000,0.0000,9.96549,unity
20.7003,0.00000,0.0000,0.0000,9.96418,unity
20.7203,0.00000,0.0000,0.0000,9.96287,unity
20.7403,0.00000,0.0000,0.0000,9.96156,unity
20.7603,0.00000,0.0000,0.0000,9.96025,unity
20.7803,0.00000,0.0000,0.0000,9.95894,unity
20.8003,0.00000,0.0000,0.0000,9.95763,unity
20.8203,0.00000,0.0000,0.0000,9.95633,unity
20.8403,0.00000,0.0000,0.0000,9.95502,unity
20.8603,0.00000,0.0000,0.0000,9.95371,unity
20.8803,0.00000,0.0000,0.0000,9.95240,unity
20.9003,0.00000,0.0000,0.0000,9.95110,unity
20.9203,0.00000,0.0000,0.0000,9.94979,unity
20.9403,0.00000,0.0000,0.0000,9.94848,unity
20.9603,0.00000,0.0000,0.0000,9.94717,unity
20.9803,0.00000,0.0000,0.0000,9.94587,unity
21.0003,0.00000,0.0000,0.0000,9.94456,unity
21.0203,0.00000,1.0000,0.0000,9.94325,unity
21.0403,0.00000,1.0000,0.0000,9.94196,unity
21.0603,0.00000,1.0000,0.0000,10.05483,unity
21.0803,-0.03131,1.0000,0.0000,10.16091,unity
21.1003,-0.07179,1.0000,0.0000,10.09507,unity
21.1203,-0.11003,1.0000,0.0000,10.15895,unity
21.1403,-0.14786,1.0000,0.0000,10.09022,unity
21.1603,-0.18679,1.0000,0.0000,10.15343,unity
21.1803,-0.22696,1.0000,0.0000,10.08262,unity
21.2003,-0.27119,1.0000,0.0000,10.14300,unity
21.2203,-0.31007,1.0000,0.0000,10.06999,unity
21.2403,-0.34767,1.0000,0.0000,10.12620,unity
21.2603,-0.38830,1.0000,0.0000,10.05084,unity
21.2803,-0.43168,1.0000,0.0000,10.10324,unity
21.3003,-0.46996,1.0000,0.0000,10.02374,unity
21.3203,-0.51163,1.0000,0.0000,10.07114,unity
21.3403,-0.55205,1.0000,0.0000,9.99356,unity
21.3603,-0.59195,1.0000,0.0000,10.03246,unity
21.3803,-0.62972,1.0000,0.0000,10.07645,unity
21.4003,-0.66904,1.0000,0.0000,10.05621,unity
21.4203,-0.71193,1.0000,0.0000,10.02930,unity
21.4403,-0.75080,1.0000,0.0000,10.00460,unity
21.4603,-0.78511,1.0000,0.0000,9.96150,unity
21.4803,-0.83182,1.0000,0.0000,9.95466,unity
21.5003,-0.86884,1.0000,0.0000,9.94298,unity
21.5203,-0.91034,1.0000,0.0000,10.04770,unity
21.5403,-0.94835,1.0000,0.0000,10.03297,unity
21.5603,-0.98662,1.0000,0.0000,10.13000,unity
21.5803,-1.00000,1.0000,0.0000,10.01682,unity
21.6003,-1.00000,1.0000,0.0000,10.06451,unity
21.6203,-0.98614,1.0000,0.0000,9.93382,unity
21.6403,-0.94633,1.0000,0.0000,9.98656,unity
21.6603,-0.90618,1.0000,0.0000,9.97467,unity
21.6803,-0.87130,1.0000,0.0000,10.06533,unity
21.7003,-0.82717,1.0000,0.0000,10.05724,unity
21.7203,-0.79051,1.0000,0.0000,10.06535,unity
21.7403,-0.75157,1.0000,0.0000,10.04002,unity
21.7603,-0.70773,1.0000,0.0000,10.00091,unity
21.7803,-0.66718,1.0000,0.0000,9.96720,unity
21.8003,-0.63183,1.0000,0.0000,9.93182,unity
21.8203,-0.58624,1.0000,0.0000,9.94029,unity
21.8403,-0.55069,1.0000,0.0000,10.04099,unity
21.8603,-0.50793,1.0000,0.0000,10.05756,unity
21.8803,-0.47035,1.0000,0.0000,10.13980,unity
21.9003,-0.42746,1.0000,0.0000,10.02943,unity
21.9203,-0.38964,1.0000,0.0000,10.10336,unity
21.9403,-0.35020,1.0000,0.0000,9.97875,unity
21.9603,-0.31139,1.0000,0.0000,10.06065,unity
21.9803,-0.26799,1.0000,0.0000,10.08822,unity
22.0003,-0.22774,1.0000,0.0000,10.05200,unity
22.0203,-0.19165,1.0000,0.0000,10.05671,unity
22.0403,-0.15139,1.0000,0.0000,10.01263,unity
22.0603,-0.11075,1.0000,0.0000,10.02254,unity
22.0803,-0.06789,1.0000,0.0000,9.98076,unity
22.1003,-0.03090,1.0000,0.0000,9.99247,unity
22.1203,0.00000,1.0000,0.0000,10.11301,unity
22.1403,0.00000,1.0000,0.0000,10.16053,unity
22.1603,0.00000,1.0000,0.0000,10.13022,unity
22.1803,0.00000,1.0000,0.0000,10.14215,unity
22.2003,0.00000,1.0000,0.0000,10.11653,unity
22.2203,0.00000,1.0000,0.0000,10.12393,unity
22.2403,0.00000,1.0000,0.0000,10.10810,unity
22.2603,0.00000,1.0000,0.0000,10.10906,unity
22.2803,0.00000,1.0000,0.0000,10.10132,unity
22.3003,0.00000,1.0000,0.0000,10.09883,unity
22.3203,0.00000,1.0000,0.0000,10.09580,unity
22.3403,0.00000,1.0000,0.0000,10.09236,unity
22.3603,0.00000,1.0000,0.0000,10.09131,unity
22.3803,0.00000,1.0000,0.0000,10.08763,unity
22.4003,0.00000,1.0000,0.0000,10.08765,unity
22.4203,0.00000,1.0000,0.0000,10.08388,unity
22.4403,0.00000,1.0000,0.0000,10.08455,unity
22.4603,0.00000,1.0000,0.0000,10.08076,unity
22.4803,0.00000,1.0000,0.0000,10.08179,unity
22.5003,0.00000,1.0000,0.0000,10.07804,unity
22.5203,0.00000,1.0000,0.0000,10.07924,unity
22.5403,0.00000,1.0000,0.0000,10.07555,unity
22.5603,0.00000,1.0000,0.0000,10.07682,unity
22.5803,0.00000,1.0000,0.0000,10.07319,unity
22.6003,0.00000,1.0000,0.0000,10.07448,unity
22.6203,0.00000,1.0000,0.0000,10.07089,unity
22.6403,0.00000,1.0000,0.0000,10.07217,unity
22.6603,0.00000,1.0000,0.0000,10.06859,unity
22.6803,0.00000,1.0000,0.0000,10.06989,unity
22.7003,0.00000,1.0000,0.0000,10.06627,unity
22.7203,0.00000,1.0000,0.0000,10.06765,unity
22.7403,0.00000,1.0000,0.0000,10.06388,unity
22.7603,0.00000,1.0000,0.0000,10.06542,unity
22.7803,0.00000,1.0000,0.0000,10.06143,unity
22.8003,0.00000,1.0000,0.0000,10.06320,unity
22.8203,0.00000,1.0000,0.0000,10.05891,unity
22.8403,0.00000,1.0000,0.0000,10.06095,unity
22.8603,0.00000,1.0000,0.0000,10.05635,unity
22.8803,0.00000,1.0000,0.0000,10.05863,unity
22.9003,0.00000,1.0000,0.0000,10.05381,unity
22.9203,0.00000,1.0000,0.0000,10.05616,unity
22.9403,0.00000,1.0000,0.0000,10.05135,unity
22.9603,0.00000,1.0000,0.0000,10.05348,unity
22.9803,0.00000,1.0000,0.0000,10.04900,unity
23.0003,0.00000,1.0000,0.0000,10.05062,unity
23.0203,0.00000,1.0000,0.0000,10.04672,unity
23.0403,0.00000,1.0000,0.0000,10.04767,unity
23.0603,0.00000,1.0000,0.0000,10.04444,unity
23.0803,0.00000,1.0000,0.0000,10.04473,unity
23.1003,0.00000,1.0000,0.0000,10.04210,unity
23.1203,0.00000,1.0000,0.0000,10.04185,unity
23.1403,0.00000,1.0000,0.0000,10.03968,unity
23.1603,0.00000,1.0000,0.0000,10.03904,unity
23.1803,0.00000,1.0000,0.0000,10.03718,unity
23.2003,0.00000,1.0000,0.0000,10.03629,unity
23.2203,0.00000,1.0000,0.0000,10.03463,unity
23.2403,0.00000,1.0000,0.0000,10.03358,unity
23.2603,0.00000,1.0000,0.0000,10.03205,unity
23.2803,0.00000,1.0000,0.0000,10.03091,unity
23.3003,0.00000,1.0000,0.0000,10.02945,unity
23.3203,0.00000,1.0000,0.0000,10.02824,unity
23.3403,0.00000,1.0000,0.0000,10.02684,unity
23.3603,0.00000,1.0000,0.0000,10.02559,unity
23.3803,0.00000,1.0000,0.0000,10.02422,unity
23.4003,0.00000,1.0000,0.0000,10.02295,unity
23.4204,0.00000,1.0000,0.0000,10.02159,unity
23.4404,0.00000,1.0000,0.0000,10.02030,unity
23.4604,0.00000,1.0000,0.0000,10.01897,unity
23.4804,0.00000,1.0000,0.0000,10.01767,unity
23.5004,0.00000,1.0000,0.0000,10.01634,unity
23.5204,0.00000,1.0000,0.0000,10.01503,unity
23.5404,0.00000,1.0000,0.0000,10.01371,unity
23.5604,0.00000,1.0000,0.0000,10.01240,unity
23.5804,0.00000,1.0000,0.0000,10.01108,unity
23.6004,0.00000,1.0000,0.0000,10.00977,unity
23.6204,0.00000,1.0000,0.0000,10.00845,unity
23.6404,0.00000,1.0000,0.0000,10.00714,unity
23.6604,0.00000,1.0000,0.0000,10.00582,unity
23.6804,0.00000,1.0000,0.0000,10.00451,unity
23.7004,0.00000,1.0000,0.0000,10.00319,unity
23.7204,0.00000,1.0000,0.0000,10.00188,unity
23.7404,0.00000,1.0000,0.0000,10.00057,unity
23.7604,0.00000,1.0000,0.0000,9.99925,unity
23.7804,0.00000,1.0000,0.0000,9.99795,unity
23.8004,0.00000,1.0000,0.0000,10.11071,unity
23.8204,0.00000,1.0000,0.0000,10.21664,unity
23.8404,0.00000,1.0000,0.0000,10.15181,unity
23.8604,0.00000,1.0000,0.0000,10.21473,unity
23.8804,0.00000,1.0000,0.0000,10.14920,unity
23.9004,0.00000,1.0000,0.0000,10.21190,unity
23.9204,0.00000,1.0000,0.0000,10.14738,unity
23.9404,0.00000,1.0000,0.0000,10.20849,unity
23.9604,0.00000,1.0000,0.0000,10.14614,unity
23.9804,-0.02605,1.0000,0.0000,10.20466,unity
24.0004,-0.06505,1.0000,0.0000,10.14527,unity
24.0204,-0.10517,1.0000,0.0000,10.20009,unity
24.0404,-0.14764,1.0000,0.0000,10.14337,unity
24.0604,-0.19042,1.0000,0.0000,10.19269,unity
24.0804,-0.23105,1.0000,0.0000,10.13773,unity
24.1004,-0.27055,1.0000,0.0000,10.18037,unity
24.1204,-0.30910,1.0000,0.0000,10.12650,unity
24.1404,-0.34873,1.0000,0.0000,10.16265,unity
24.1604,-0.38943,1.0000,0.0000,10.10831,unity
24.1804,-0.42747,1.0000,0.0000,10.13949,unity
24.2004,-0.46957,1.0000,0.0000,10.08064,unity
24.2204,-0.51103,1.0000,0.0000,10.11132,unity
24.2404,-0.54819,1.0000,0.0000,10.04270,unity
24.2604,-0.58527,1.0000,0.0000,10.07476,unity
24.2804,-0.62821,1.0000,0.0000,10.00114,unity
24.3004,-0.67029,1.0000,0.0000,10.03303,unity
24.3204,-0.70571,1.0000,0.0000,9.94759,unity
24.3404,-0.74725,1.0000,0.0000,9.98938,unity
24.3604,-0.78899,1.0000,0.0000,9.99089,unity
24.3804,-0.82969,1.0000,0.0000,10.09924,unity
24.4004,-0.87060,1.0000,0.0000,10.08782,unity
24.4204,-0.90816,1.0000,0.0000,10.13259,unity
24.4404,-0.94990,1.0000,0.0000,10.06566,unity
24.4604,-0.98664,1.0000,0.0000,10.05342,unity
24.4804,-1.00000,1.0000,0.0000,9.98955,unity
24.5004,-1.00000,1.0000,0.0000,9.96510,unity
24.5204,-1.00000,1.0000,0.0000,9.95398,unity
24.5404,-1.00000,1.0000,0.0000,10.04413,unity
24.5604,-1.00000,1.0000,0.0000,10.03135,unity
24.5804,-1.00000,1.0000,0.0000,10.11479,unity
24.6004,-1.00000,1.0000,0.0000,10.00166,unity
24.6204,-1.00000,1.0000,0.0000,10.04246,unity
24.6404,-1.00000,1.0000,0.0000,9.91233,unity
24.6604,-1.00000,1.0000,0.0000,9.95633,unity
24.6804,-1.00000,1.0000,0.0000,9.94365,unity
24.7004,-1.00000,1.0000,0.0000,10.02110,unity
24.7204,-1.00000,1.0000,0.0000,10.00832,unity
24.7404,-1.00000,1.0000,0.0000,9.99738,unity
24.7604,-1.00000,1.0000,0.0000,9.96914,unity
24.7804,-1.00000,1.0000,0.0000,10.03950,unity
24.8004,-1.00000,1.0000,0.0000,10.02590,unity
24.8204,-1.00000,1.0000,0.0000,10.00212,unity
24.8404,-0.96675,1.0000,0.0000,9.95063,unity
24.8604,-0.92482,1.0000,0.0000,9.89705,unity
24.8804,-0.88311,1.0000,0.0000,9.88229,unity
24.9004,-0.84338,1.0000,0.0000,9.95145,unity
24.9204,-0.80390,1.0000,0.0000,9.93455,unity
24.9404,-0.76132,1.0000,0.0000,10.00207,unity
24.9604,-0.72551,1.0000,0.0000,9.98362,unity
24.9804,-0.68683,1.0000,0.0000,10.05523,unity
25.0004,-0.64426,1.0000,0.0000,10.04267,unity
25.0204,-0.60347,1.0000,0.0000,10.03265,unity
25.0404,-0.56303,1.0000,0.0000,10.01491,unity
25.0604,-0.52225,1.0000,0.0000,9.97407,unity
25.0804,-0.48760,1.0000,0.0000,9.92615,unity
25.1004,-0.44224,1.0000,0.0000,10.00569,unity
25.1204,-0.40589,1.0000,0.0000,10.00210,unity
25.1404,-0.36135,1.0000,0.0000,9.98102,unity
25.1604,-0.32390,1.0000,0.0000,9.94830,unity
25.1804,-0.28376,1.0000,0.0000,10.03916,unity
25.2004,-0.24244,1.0000,0.0000,10.04294,unity
25.2204,-0.20330,1.0000,0.0000,10.01173,unity
25.2404,-0.16801,1.0000,0.0000,9.98097,unity
25.2604,-0.12165,1.0000,0.0000,9.92730,unity
25.2804,-0.08315,1.0000,0.0000,9.95197,unity
25.3004,-0.04258,1.0000,0.0000,10.06324,unity
25.3204,-0.00213,1.0000,0.0000,10.09569,unity
25.3404,0.00000,1.0000,0.0000,10.09654,unity
25.3604,0.00000,1.0000,0.0000,10.04501,unity
25.3804,0.00000,1.0000,0.0000,10.01128,unity
25.4004,0.00000,1.0000,0.0000,9.99450,unity
25.4204,0.00000,1.0000,0.0000,9.94425,unity
25.4404,0.00000,1.0000,0.0000,9.97761,unity
25.4604,0.00000,1.0000,0.0000,10.08627,unity
25.4804,0.00000,1.0000,0.0000,10.12262,unity
25.5004,0.00000,1.0000,0.0000,10.17280,unity
25.5204,0.00000,1.0000,0.0000,10.07387,unity
25.5404,0.00000,1.0000,0.0000,10.13337,unity
25.5604,0.00000,1.0000,0.0000,10.01714,unity
25.5804,0.00000,1.0000,0.0000,10.09483,unity
25.6004,0.00000,1.0000,0.0000,9.98113,unity
25.6204,0.00000,1.0000,0.0000,10.06159,unity
25.6404,0.00000,1.0000,0.0000,10.10157,unity
25.6604,0.00000,1.0000,0.0000,10.07308,unity
25.6804,0.00000,1.0000,0.0000,10.08323,unity
25.7004,0.00000,1.0000,0.0000,10.04994,unity
25.7204,0.00000,1.0000,0.0000,10.06343,unity
25.7404,0.00000,1.0000,0.0000,10.03522,unity
25.7604,0.00000,1.0000,0.0000,10.04520,unity
25.7804,0.00000,1.0000,0.0000,10.02549,unity
25.8004,0.00000,1.0000,0.0000,10.03068,unity
25.8204,0.00000,1.0000,0.0000,10.02061,unity
25.8404,0.00000,1.0000,0.0000,10.02001,unity
25.8604,0.00000,1.0000,0.0000,10.01613,unity
25.8804,0.00000,1.0000,0.0000,10.01165,unity
25.9004,0.00000,1.0000,0.0000,10.01208,unity
25.9204,0.00000,1.0000,0.0000,10.00797,unity
25.9404,0.00000,1.0000,0.0000,10.00895,unity
25.9604,0.00000,1.0000,0.0000,10.00509,unity
25.9804,0.00000,1.0000,0.0000,10.00635,unity
26.0004,0.00000,1.0000,0.0000,10.00275,unity
26.0204,0.00000,1.0000,0.0000,10.00406,unity
26.0404,0.00000,1.0000,0.0000,10.00070,unity
26.0604,0.00000,1.0000,0.0000,10.00191,unity
26.0804,0.00000,1.0000,0.0000,9.99878,unity
26.1004,0.00000,1.0000,0.0000,10.00017,unity
26.1204,0.00000,1.0000,0.0000,10.07729,unity
26.1404,0.00000,1.0000,0.0000,10.11109,unity
26.1604,0.00000,1.0000,0.0000,10.07552,unity
26.1804,0.00000,1.0000,0.0000,10.10798,unity
26.2004,0.00000,1.0000,0.0000,10.07433,unity
26.2204,0.00000,1.0000,0.0000,10.10438,unity
26.2404,0.00000,1.0000,0.0000,10.07348,unity
26.2604,0.00000,1.0000,0.0000,10.10052,unity
26.2804,0.00000,1.0000,0.0000,10.07275,unity
26.3004,0.00000,1.0000,0.0000,10.09652,unity
26.3204,0.00000,1.0000,0.0000,10.07205,unity
26.3404,0.00000,1.0000,0.0000,10.09242,unity
26.3604,0.00000,1.0000,0.0000,10.07135,unity
26.3804,0.00000,1.0000,0.0000,10.08821,unity
26.4004,0.00000,1.0000,0.0000,10.07064,unity
26.4204,0.00000,1.0000,0.0000,10.08391,unity
26.4404,0.00000,1.0000,0.0000,10.06986,unity
26.4604,0.00000,1.0000,0.0000,10.07965,unity
26.4804,0.00000,1.0000,0.0000,10.06890,unity
26.5004,0.00000,1.0000,0.0000,10.07558,unity
26.5204,0.00000,1.0000,0.0000,10.06762,unity
26.5404,0.00000,1.0000,0.0000,10.07179,unity
26.5604,0.00000,1.0000,0.0000,10.06601,unity
26.5804,0.00000,1.0000,0.0000,10.06830,unity
26.6004,0.00000,1.0000,0.0000,10.06408,unity
26.6204,0.00000,1.0000,0.0000,10.06509,unity
26.6404,0.00000,1.0000,0.0000,10.06192,unity
26.6604,0.00000,1.0000,0.0000,10.06207,unity
26.6804,0.00000,1.0000,0.0000,10.05958,unity
26.7004,0.00000,1.0000,0.0000,10.05918,unity
26.7204,0.00000,1.0000,0.0000,10.05713,unity
26.7404,0.00000,1.0000,0.0000,10.05639,unity
26.7604,0.00000,1.0000,0.0000,10.05461,unity
26.7804,0.00000,1.0000,0.0000,10.05365,unity
26.8004,0.00000,1.0000,0.0000,10.05204,unity
26.8204,0.00000,1.0000,0.0000,10.05095,unity
26.8404,0.00000,1.0000,0.0000,10.04945,unity
26.8604,0.00000,1.0000,0.0000,10.04827,unity
26.8804,0.00000,1.0000,0.0000,10.04684,unity
26.9004,0.00000,1.0000,0.0000,10.04561,unity
26.9204,0.00000,1.0000,0.0000,10.04422,unity
26.9404,0.00000,1.0000,0.0000,10.04295,unity
26.9604,0.00000,1.0000,0.0000,10.04159,unity
26.9804,0.00000,1.0000,0.0000,10.04031,unity
27.0004,0.00000,1.0000,0.0000,10.03896,unity
27.0204,0.00000,1.0000,0.0000,10.03766,unity
27.0404,0.00000,1.0000,0.0000,10.03633,unity
27.0604,0.00000,1.0000,0.0000,10.03502,unity
27.0804,0.00000,1.0000,0.0000,10.03369,unity
27.1004,0.00000,1.0000,0.0000,10.03238,unity
27.1204,0.00000,1.0000,0.0000,10.03106,unity
27.1404,0.00000,1.0000,0.0000,10.02975,unity
27.1604,0.00000,1.0000,0.0000,10.02843,unity
27.1804,0.00000,1.0000,0.0000,10.02711,unity
27.2004,0.00000,1.0000,0.0000,10.02579,unity
27.2204,0.00000,1.0000,0.0000,10.02448,unity
27.2404,0.00000,1.0000,0.0000,10.02316,unity
27.2604,0.00000,1.0000,0.0000,10.02184,unity
27.2804,0.00000,1.0000,0.0000,10.02052,unity
27.3004,0.00000,1.0000,0.0000,10.01921,unity
27.3204,0.00000,1.0000,0.0000,10.01789,unity
27.3404,0.00000,1.0000,0.0000,10.01658,unity
27.3604,0.00000,1.0000,0.0000,10.01526,unity
27.3804,0.00000,1.0000,0.0000,10.01394,unity
27.4004,0.00000,1.0000,0.0000,10.01263,unity
27.4204,0.00000,1.0000,0.0000,10.01131,unity
27.4404,0.00000,1.0000,0.0000,10.01000,unity
27.4604,0.00000,1.0000,0.0000,10.00869,unity
27.4804,0.00000,1.0000,0.0000,10.00737,unity
27.5004,0.00000,1.0000,0.0000,10.00606,unity
27.5204,-0.00757,1.0000,0.0000,10.00474,unity
27.5404,-0.04953,1.0000,0.0000,10.00342,unity
27.5604,-0.09239,1.0000,0.0000,10.00191,unity
27.5804,-0.12753,1.0000,0.0000,9.99982,unity
27.6004,-0.16741,1.0000,0.0000,9.99700,unity
27.6204,-0.21219,1.0000,0.0000,10.10197,unity
27.6404,-0.25021,1.0000,0.0000,10.20068,unity
27.6604,-0.28660,1.0000,0.0000,10.14997,unity
27.6804,-0.33038,1.0000,0.0000,10.18744,unity
27.7004,-0.37078,1.0000,0.0000,10.13075,unity
27.7204,-0.41174,1.0000,0.0000,10.16743,unity
27.7404,-0.44809,1.0000,0.0000,10.10300,unity
27.7604,-0.49010,1.0000,0.0000,10.14074,unity
27.7805,-0.52596,1.0000,0.0000,10.07025,unity
27.8005,-0.56680,1.0000,0.0000,10.10350,unity
27.8205,-0.60836,1.0000,0.0000,10.03355,unity
27.8405,-0.65236,1.0000,0.0000,10.06067,unity
27.8605,-0.69141,1.0000,0.0000,9.98629,unity
27.8805,-0.72991,1.0000,0.0000,10.01284,unity
27.9005,-0.75592,1.0000,0.0000,10.04040,unity
27.9205,-0.71634,1.0000,0.0000,10.03609,unity
27.9405,-0.67643,1.0000,0.0000,9.98172,unity
27.9605,-0.63608,1.0000,0.0000,9.97953,unity
27.9805,-0.59557,1.0000,0.0000,9.98553,unity
28.0005,-0.55827,1.0000,0.0000,10.11491,unity
28.0205,-0.51726,1.0000,0.0000,10.13622,unity
28.0405,-0.47635,1.0000,0.0000,10.22465,unity
28.0605,-0.43594,1.0000,0.0000,10.13459,unity
28.0805,-0.39589,1.0000,0.0000,10.20875,unity
28.1005,-0.35943,1.0000,0.0000,10.09344,unity
28.1205,-0.31740,1.0000,0.0000,10.19687,unity
28.1405,-0.27883,1.0000,0.0000,10.07122,unity
28.1605,-0.23868,1.0000,0.0000,10.17643,unity
28.1805,-0.19988,1.0000,0.0000,10.05379,unity
28.2005,-0.15553,1.0000,0.0000,10.15850,unity
28.2205,-0.11674,1.0000,0.0000,10.04018,unity
28.2405,-0.07895,1.0000,0.0000,10.14356,unity
28.2605,-0.03676,1.0000,0.0000,10.02801,unity
28.2805,0.00000,1.0000,0.0000,10.13050,unity
28.3005,0.00000,1.0000,0.0000,10.01749,unity
28.3205,0.00000,1.0000,0.0000,10.11945,unity
28.3405,0.00000,1.0000,0.0000,10.00859,unity
28.3605,0.00000,1.0000,0.0000,10.11065,unity
28.3805,0.00000,1.0000,0.0000,10.00204,unity
28.4005,0.00000,1.0000,0.0000,10.10221,unity
28.4205,0.00000,1.0000,0.0000,9.99860,unity
28.4405,0.00000,1.0000,0.0000,10.09466,unity
28.4605,0.00000,1.0000,0.0000,10.14509,unity
28.4805,0.00000,1.0000,0.0000,10.13397,unity
28.5005,0.00000,1.0000,0.0000,10.14205,unity
28.5205,0.00000,1.0000,0.0000,10.13195,unity
28.5405,0.00000,1.0000,0.0000,10.13824,unity
28.5605,0.00000,1.0000,0.0000,10.12988,unity
28.5805,0.00000,1.0000,0.0000,10.13480,unity
28.6005,0.00000,1.0000,0.0000,10.12770,unity
28.6205,0.00000,1.0000,0.0000,10.13175,unity
28.6405,0.00000,1.0000,0.0000,10.12539,unity
28.6605,0.00000,1.0000,0.0000,10.12900,unity
28.6805,0.00000,1.0000,0.0000,10.12301,unity
28.7005,0.00000,1.0000,0.0000,10.12644,unity
28.7205,0.00000,1.0000,0.0000,10.12056,unity
28.7405,0.00000,1.0000,0.0000,10.12401,unity
28.7605,0.00000,1.0000,0.0000,10.11806,unity
28.7805,0.00000,1.0000,0.0000,10.12167,unity
28.8005,0.00000,1.0000,0.0000,10.11549,unity
28.8205,0.00000,1.0000,0.0000,10.11939,unity
28.8405,0.00000,1.0000,0.0000,10.11288,unity
28.8605,0.00000,1.0000,0.0000,10.11711,unity
28.8805,0.00000,1.0000,0.0000,10.11025,unity
28.9005,0.00000,1.0000,0.0000,10.11477,unity
28.9205,0.00000,1.0000,0.0000,10.10768,unity
28.9405,0.00000,1.0000,0.0000,10.11226,unity
28.9605,0.00000,1.0000,0.0000,10.10525,unity
28.9805,0.00000,1.0000,0.0000,10.10947,unity
29.0005,0.00000,1.0000,0.0000,10.10303,unity
29.0205,0.00000,1.0000,0.0000,10.10644,unity
29.0405,0.00000,1.0000,0.0000,10.10093,unity
29.0605,0.00000,1.0000,0.0000,10.10327,unity
29.0805,0.00000,1.0000,0.0000,10.09886,unity
29.1005,0.00000,1.0000,0.0000,10.10011,unity
29.1205,0.00000,1.0000,0.0000,10.09669,unity
29.1405,0.00000,1.0000,0.0000,10.09706,unity
29.1605,0.00000,1.0000,0.0000,10.09439,unity
29.1805,0.00000,1.0000,0.0000,10.09413,unity
29.2005,0.00000,1.0000,0.0000,10.09197,unity
29.2205,0.00000,1.0000,0.0000,10.09129,unity
29.2405,0.00000,1.0000,0.0000,10.08946,unity
29.2605,0.00000,1.0000,0.0000,10.08853,unity
29.2805,0.00000,1.0000,0.0000,10.08690,unity
29.3005,0.00000,1.0000,0.0000,10.08581,unity
29.3205,0.00000,1.0000,0.0000,10.08430,unity
29.3405,0.00000,1.0000,0.0000,10.08312,unity
29.3605,0.00000,1.0000,0.0000,10.08168,unity
29.3805,0.00000,1.0000,0.0000,10.08045,unity
29.4005,0.00000,1.0000,0.0000,10.07905,unity
29.4205,0.00000,1.0000,0.0000,10.07778,unity
29.4405,0.00000,1.0000,0.0000,10.07642,unity
29.4605,0.00000,1.0000,0.0000,10.07513,unity
29.4805,0.00000,1.0000,0.0000,10.07378,unity
29.5005,0.00000,1.0000,0.0000,10.07248,unity
29.5205,0.00000,1.0000,0.0000,10.07114,unity
29.5405,0.00000,1.0000,0.0000,10.06982,unity
29.5605,0.00000,1.0000,0.0000,10.06849,unity
29.5805,0.00000,1.0000,0.0000,10.06718,unity
29.6005,0.00000,1.0000,0.0000,10.06585,unity
29.6205,0.00000,1.0000,0.0000,10.06453,unity
29.6405,0.00000,1.0000,0.0000,10.06321,unity
29.6605,0.00000,1.0000,0.0000,10.06189,unity
29.6805,0.00000,1.0000,0.0000,10.06056,unity
29.7005,0.00000,1.0000,0.0000,10.05924,unity
29.7205,0.00000,1.0000,0.0000,10.05792,unity
29.7405,0.00000,1.0000,0.0000,10.05660,unity
29.7605,0.00000,1.0000,0.0000,10.05528,unity
29.7805,0.00000,1.0000,0.0000,10.05396,unity
29.8005,0.00000,1.0000,0.0000,10.05264,unity
29.8205,0.00000,1.0000,0.0000,10.05132,unity
29.8405,0.00000,1.0000,0.0000,10.05000,unity
29.8605,0.00000,1.0000,0.0000,10.04868,unity
29.8805,0.00000,1.0000,0.0000,10.04736,unity
29.9005,0.00000,1.0000,0.0000,10.04604,unity
29.9205,0.00000,1.0000,0.0000,10.04472,unity
29.9405,0.00000,1.0000,0.0000,10.04340,unity
29.9605,0.00000,1.0000,0.0000,10.04208,unity
29.9805,0.00000,1.0000,0.0000,10.04076,unity
30.0005,0.00000,1.0000,0.0000,10.03944,unity
30.0205,0.00000,1.0000,0.0000,10.03812,unity
30.0405,0.00000,1.0000,0.0000,10.03680,unity
30.0605,0.00000,1.0000,0.0000,10.03548,unity
30.0805,0.00000,1.0000,0.0000,10.03416,unity
30.1005,0.00000,1.0000,0.0000,10.03285,unity
30.1205,0.00000,1.0000,0.0000,10.03153,unity
30.1405,0.00000,1.0000,0.0000,10.03021,unity
30.1605,0.00000,1.0000,0.0000,10.02889,unity
30.1805,0.00000,1.0000,0.0000,10.02758,unity
30.2005,0.00000,1.0000,0.0000,10.02626,unity
30.2205,0.00000,1.0000,0.0000,10.02494,unity
30.2405,0.00000,1.0000,0.0000,10.02362,unity
30.2605,0.00000,1.0000,0.0000,10.02231,unity
30.2805,0.00000,1.0000,0.0000,10.02099,unity
30.3005,0.00000,1.0000,0.0000,10.01967,unity
30.3205,0.00000,1.0000,0.0000,10.01836,unity
30.3405,0.00000,1.0000,0.0000,10.01704,unity
30.3605,0.00000,1.0000,0.0000,10.01573,unity
30.3805,0.00000,1.0000,0.0000,10.01441,unity
30.4005,0.00000,1.0000,0.0000,10.01309,unity
30.4205,0.00000,1.0000,0.0000,10.01178,unity
30.4405,0.00000,1.0000,0.0000,10.01046,unity
30.4605,0.00000,1.0000,0.0000,10.00915,unity
30.4805,0.00000,1.0000,0.0000,10.00783,unity
30.5005,0.00000,1.0000,0.0000,10.00652,unity
30.5205,0.00000,1.0000,0.0000,10.00520,unity
30.5405,0.00000,1.0000,0.0000,10.00389,unity
30.5605,0.00000,1.0000,0.0000,10.00258,unity
30.5805,0.00000,1.0000,0.0000,10.00126,unity
30.6005,0.00000,1.0000,0.0000,9.99995,unity
30.6205,0.00000,1.0000,0.0000,9.99864,unity
30.6405,0.00000,1.0000,0.0000,10.11141,unity
30.6605,0.00000,1.0000,0.0000,10.21733,unity
30.6805,0.00000,1.0000,0.0000,10.15251,unity
30.7005,0.00000,1.0000,0.0000,10.21541,unity
30.7205,0.00000,1.0000,0.0000,10.14991,unity
30.7405,0.00000,1.0000,0.0000,10.21258,unity
30.7605,0.00000,1.0000,0.0000,10.14810,unity
30.7805,0.00000,1.0000,0.0000,10.20917,unity
30.8005,0.00000,1.0000,0.0000,10.14686,unity
30.8205,0.00000,1.0000,0.0000,10.20533,unity
30.8405,0.00000,1.0000,0.0000,10.14605,unity
30.8605,0.00000,1.0000,0.0000,10.20117,unity
30.8805,0.00000,1.0000,0.0000,10.14554,unity
30.9005,0.00000,1.0000,0.0000,10.19675,unity
30.9205,0.00000,1.0000,0.0000,10.14528,unity
30.9405,0.00000,1.0000,0.0000,10.19210,unity
30.9605,0.00000,1.0000,0.0000,10.14522,unity
30.9805,0.00000,1.0000,0.0000,10.18724,unity
31.0005,0.00000,1.0000,0.0000,10.14532,unity
31.0205,0.00000,1.0000,0.0000,10.18220,unity
31.0405,0.00000,1.0000,0.0000,10.14556,unity
31.0605,0.00000,1.0000,0.0000,10.17699,unity
31.0805,0.00000,1.0000,0.0000,10.14590,unity
31.1005,0.00000,1.0000,0.0000,10.17167,unity
31.1205,0.00000,1.0000,0.0000,10.14624,unity
31.1405,0.00000,1.0000,0.0000,10.16635,unity
31.1605,0.00000,1.0000,0.0000,10.14644,unity
31.1805,0.00000,1.0000,0.0000,10.16118,unity
31.2005,0.00000,1.0000,0.0000,10.14632,unity
31.2205,0.00000,1.0000,0.0000,10.15633,unity
31.2405,0.00000,1.0000,0.0000,10.14573,unity
31.2605,0.00000,1.0000,0.0000,10.15195,unity
31.2805,0.00000,1.0000,0.0000,10.14460,unity
31.3005,0.00000,1.0000,0.0000,10.14806,unity
31.3205,0.00000,1.0000,0.0000,10.14298,unity
31.3405,0.00000,1.0000,0.0000,10.14458,unity
31.3605,0.00000,1.0000,0.0000,10.14098,unity
31.3805,0.00000,1.0000,0.0000,10.14140,unity
31.4005,0.00000,1.0000,0.0000,10.13872,unity
31.4205,0.00000,1.0000,0.0000,10.13843,unity
31.4405,0.00000,1.0000,0.0000,10.13630,unity
31.4605,0.00000,1.0000,0.0000,10.13559,unity
31.4805,0.00000,1.0000,0.0000,10.13378,unity
31.5005,0.00000,1.0000,0.0000,10.13282,unity
31.5205,0.00000,1.0000,0.0000,10.13120,unity
31.5405,0.00000,1.0000,0.0000,10.13009,unity
31.5605,0.00000,1.0000,0.0000,10.12859,unity
31.5805,0.00000,1.0000,0.0000,10.12739,unity
31.6005,0.00000,1.0000,0.0000,10.12596,unity
31.6205,0.00000,1.0000,0.0000,10.12471,unity
31.6405,0.00000,1.0000,0.0000,10.12332,unity
31.6605,0.00000,1.0000,0.0000,10.12204,unity
31.6805,0.00000,1.0000,0.0000,10.12067,unity
31.7005,0.00000,1.0000,0.0000,10.11937,unity
31.7205,0.00000,1.0000,0.0000,10.11802,unity
31.7405,0.00000,1.0000,0.0000,10.11670,unity
31.7605,0.00000,1.0000,0.0000,10.11536,unity
31.7805,0.00000,1.0000,0.0000,10.11404,unity
31.8005,0.00000,1.0000,0.0000,10.11271,unity
31.8205,0.00000,1.0000,0.0000,10.11139,unity
31.8405,0.00000,1.0000,0.0000,10.11005,unity
31.8605,0.00000,1.0000,0.0000,10.10873,unity
31.8805,0.00000,1.0000,0.0000,10.10740,unity
31.9005,0.00000,1.0000,0.0000,10.10607,unity
31.9205,0.00000,1.0000,0.0000,10.10474,unity
31.9405,0.00000,1.0000,0.0000,10.10342,unity
31.9605,0.00000,1.0000,0.0000,10.10209,unity
31.9805,0.00000,1.0000,0.0000,10.10076,unity
32.0005,0.00000,1.0000,0.0000,10.09943,unity
32.0205,0.00000,1.0000,0.0000,10.09811,unity
32.0405,0.00000,1.0000,0.0000,10.09678,unity
32.0605,0.00000,1.0000,0.0000,10.09546,unity
32.0805,0.00000,1.0000,0.0000,10.09413,unity
32.1005,0.00000,1.0000,0.0000,10.09280,unity
32.1205,0.00000,1.0000,0.0000,10.09148,unity
32.1405,0.00000,1.0000,0.0000,10.09015,unity
32.1606,0.00000,1.0000,0.0000,10.08883,unity
32.1806,0.00000,1.0000,0.0000,10.08750,unity
32.2006,0.00000,1.0000,0.0000,10.08618,unity
32.2206,0.00000,1.0000,0.0000,10.08485,unity
32.2406,0.00000,1.0000,0.0000,10.08353,unity
32.2606,0.00000,1.0000,0.0000,10.08220,unity
32.2806,0.00000,1.0000,0.0000,10.08088,unity
32.3006,0.00000,1.0000,0.0000,10.07955,unity
32.3206,0.00000,1.0000,0.0000,10.07823,unity
32.3406,0.00000,1.0000,0.0000,10.07690,unity
32.3606,0.00000,1.0000,0.0000,10.07558,unity
32.3806,0.00000,1.0000,0.0000,10.07426,unity
32.4006,0.00000,1.0000,0.0000,10.07293,unity
32.4206,0.00000,1.0000,0.0000,10.07161,unity
32.4406,0.00000,1.0000,0.0000,10.07029,unity
32.4606,0.00000,1.0000,0.0000,10.06896,unity
32.4806,0.00000,1.0000,0.0000,10.06764,unity
32.5006,0.00000,1.0000,0.0000,10.06632,unity
32.5206,0.00000,1.0000,0.0000,10.06500,unity
32.5406,0.00000,1.0000,0.0000,10.06367,unity
32.5606,0.00000,1.0000,0.0000,10.06235,unity
32.5806,0.00000,1.0000,0.0000,10.06103,unity
32.6006,0.00000,1.0000,0.0000,10.05971,unity
32.6206,0.00000,1.0000,0.0000,10.05839,unity
32.6406,0.00000,1.0000,0.0000,10.05707,unity
32.6606,0.00000,1.0000,0.0000,10.05575,unity
32.6806,0.00000,1.0000,0.0000,10.05442,unity
32.7006,0.00000,1.0000,0.0000,10.05310,unity
32.7206,-0.03853,1.0000,0.0000,10.05178,unity
32.7406,-0.07813,1.0000,0.0000,10.05035,unity
32.7606,-0.11536,1.0000,0.0000,10.04848,unity
32.7806,-0.15343,1.0000,0.0000,10.04593,unity
32.8006,-0.19174,1.0000,0.0000,10.04249,unity
32.8206,-0.23365,1.0000,0.0000,10.03794,unity
32.8406,-0.27927,1.0000,0.0000,10.03202,unity
32.8606,-0.31318,1.0000,0.0000,10.02431,unity
32.8806,-0.35872,1.0000,0.0000,10.01529,unity
32.9006,-0.39765,1.0000,0.0000,10.00443,unity
32.9206,-0.43145,1.0000,0.0000,9.99164,unity
32.9406,-0.47534,1.0000,0.0000,9.97760,unity
32.9606,-0.51320,1.0000,0.0000,10.05333,unity
32.9806,-0.55513,1.0000,0.0000,10.12416,unity
33.0006,-0.59328,1.0000,0.0000,10.12738,unity
33.0206,-0.63848,1.0000,0.0000,10.08653,unity
33.0406,-0.67351,1.0000,0.0000,10.07441,unity
33.0606,-0.71747,1.0000,0.0000,10.03753,unity
33.0806,-0.75670,1.0000,0.0000,10.01468,unity
33.1006,-0.79370,1.0000,0.0000,9.97735,unity
33.1206,-0.83461,1.0000,0.0000,9.94934,unity
33.1406,-0.87079,1.0000,0.0000,9.99931,unity
33.1606,-0.91533,1.0000,0.0000,10.04859,unity
33.1806,-0.95718,1.0000,0.0000,10.09436,unity
33.2006,-0.99269,1.0000,0.0000,10.08952,unity
33.2206,-1.00000,1.0000,0.0000,10.06285,unity
33.2406,-1.00000,1.0000,0.0000,10.01677,unity
33.2606,-1.00000,1.0000,0.0000,9.96853,unity
33.2806,-1.00000,1.0000,0.0000,9.93373,unity
33.3006,-1.00000,1.0000,0.0000,9.97411,unity
33.3206,-1.00000,1.0000,0.0000,10.01571,unity
33.3406,-1.00000,1.0000,0.0000,10.05282,unity
33.3606,-1.00000,1.0000,0.0000,10.01566,unity
33.3806,-1.00000,1.0000,0.0000,10.02911,unity
33.4006,-1.00000,1.0000,0.0000,9.94077,unity
33.4206,-1.00000,1.0000,0.0000,9.94060,unity
33.4406,-1.00000,1.0000,0.0000,9.97635,unity
33.4606,-1.00000,1.0000,0.0000,10.00617,unity
33.4806,-1.00000,1.0000,0.0000,10.04466,unity
33.5006,-1.00000,1.0000,0.0000,9.98247,unity
33.5206,-1.00000,1.0000,0.0000,10.01702,unity
33.5406,-1.00000,1.0000,0.0000,10.02242,unity
33.5606,-1.00000,1.0000,0.0000,9.98351,unity
33.5806,-0.97553,1.0000,0.0000,9.93045,unity
33.6006,-0.93309,1.0000,0.0000,10.00406,unity
33.6206,-0.89617,1.0000,0.0000,9.99142,unity
33.6406,-0.85295,1.0000,0.0000,9.97713,unity
33.6606,-0.81310,1.0000,0.0000,9.96869,unity
33.6806,-0.77524,1.0000,0.0000,10.04300,unity
33.7006,-0.73449,1.0000,0.0000,10.03321,unity
33.7206,-0.69828,1.0000,0.0000,10.10659,unity
33.7406,-0.65364,1.0000,0.0000,10.00268,unity
33.7606,-0.61642,1.0000,0.0000,10.03790,unity
33.7806,-0.57275,1.0000,0.0000,9.90965,unity
33.8006,-0.53706,1.0000,0.0000,9.95497,unity
33.8206,-0.49832,1.0000,0.0000,9.95215,unity
33.8406,-0.45454,1.0000,0.0000,10.03942,unity
33.8606,-0.42017,1.0000,0.0000,10.04515,unity
33.8806,-0.37583,1.0000,0.0000,10.03172,unity
33.9006,-0.33657,1.0000,0.0000,10.02340,unity
33.9206,-0.29386,1.0000,0.0000,9.96631,unity
33.9406,-0.25459,1.0000,0.0000,9.95484,unity
33.9606,-0.21650,1.0000,0.0000,10.05631,unity
33.9806,-0.17556,1.0000,0.0000,10.07354,unity
34.0006,-0.14044,1.0000,0.0000,10.03875,unity
34.0206,-0.09323,1.0000,0.0000,10.02899,unity
34.0406,-0.05321,1.0000,0.0000,9.97936,unity
34.0606,-0.01278,1.0000,0.0000,9.97992,unity
34.0806,0.02574,1.0000,0.0000,10.08892,unity
34.1006,0.06206,1.0000,0.0000,10.12708,unity
34.1206,0.10304,1.0000,0.0000,10.08180,unity
34.1406,0.14415,1.0000,0.0000,10.09316,unity
34.1606,0.18313,1.0000,0.0000,10.04798,unity
34.1806,0.22511,1.0000,0.0000,10.06389,unity
34.2006,0.26097,1.0000,0.0000,10.02414,unity
34.2206,0.30053,1.0000,0.0000,10.04174,unity
34.2406,0.34634,1.0000,0.0000,10.00999,unity
34.2606,0.38179,1.0000,0.0000,10.02260,unity
34.2806,0.42065,1.0000,0.0000,10.00301,unity
34.3006,0.46168,1.0000,0.0000,10.00427,unity
34.3206,0.50347,1.0000,0.0000,9.99657,unity
34.3406,0.54666,1.0000,0.0000,9.98728,unity
34.3606,0.58477,1.0000,0.0000,10.11570,unity
34.3806,0.62590,1.0000,0.0000,10.15827,unity
34.4006,0.66534,1.0000,0.0000,10.15515,unity
34.4206,0.70334,1.0000,0.0000,10.13577,unity
34.4406,0.74245,1.0000,0.0000,10.12457,unity
34.4606,0.78245,1.0000,0.0000,10.10087,unity
34.4806,0.82549,1.0000,0.0000,10.08326,unity
34.5006,0.86468,1.0000,0.0000,10.05275,unity
34.5206,0.90602,1.0000,0.0000,10.03029,unity
34.5406,0.94326,1.0000,0.0000,9.99218,unity
34.5606,0.98620,1.0000,0.0000,9.96848,unity
34.5806,1.00000,1.0000,0.0000,10.01584,unity
34.6006,1.00000,1.0000,0.0000,10.06706,unity
34.6206,1.00000,1.0000,0.0000,10.04941,unity
34.6406,1.00000,1.0000,0.0000,10.02548,unity
34.6606,1.00000,1.0000,0.0000,9.96335,unity
34.6806,1.00000,1.0000,0.0000,9.95509,unity
34.7006,1.00000,1.0000,0.0000,9.96955,unity
34.7206,1.00000,1.0000,0.0000,10.05334,unity
34.7406,1.00000,1.0000,0.0000,10.04026,unity
34.7606,1.00000,1.0000,0.0000,10.03909,unity
34.7806,1.00000,1.0000,0.0000,10.01725,unity
34.8006,1.00000,1.0000,0.0000,9.97227,unity
34.8206,1.00000,1.0000,0.0000,9.92608,unity
34.8406,1.00000,1.0000,0.0000,10.00042,unity
34.8606,1.00000,1.0000,0.0000,9.98309,unity
34.8806,1.00000,1.0000,0.0000,9.96226,unity
34.9006,1.00000,1.0000,0.0000,9.94375,unity
34.9206,1.00000,1.0000,0.0000,10.01074,unity
34.9406,1.00000,1.0000,0.0000,9.98595,unity
34.9606,1.00000,1.0000,0.0000,10.04926,unity
34.9806,1.00000,1.0000,0.0000,10.02286,unity
35.0006,1.00000,1.0000,0.0000,9.99178,unity
35.0206,1.00000,1.0000,0.0000,9.94231,unity
35.0406,1.00000,1.0000,0.0000,9.99972,unity
35.0606,1.00000,1.0000,0.0000,9.96622,unity
35.0806,1.00000,1.0000,0.0000,10.02051,unity
35.1006,1.00000,1.0000,0.0000,9.98155,unity
35.1206,1.00000,1.0000,0.0000,9.94059,unity
35.1406,1.00000,1.0000,0.0000,9.89755,unity
35.1606,1.00000,1.0000,0.0000,9.94195,unity
35.1806,1.00000,1.0000,0.0000,9.88934,unity
35.2006,1.00000,1.0000,0.0000,9.92706,unity
35.2206,1.00000,1.0000,0.0000,9.86584,unity
35.2406,1.00000,1.0000,0.0000,9.89655,unity
35.2606,1.00000,1.0000,0.0000,9.82662,unity
35.2806,1.00000,1.0000,0.0000,9.85076,unity
35.3006,1.00000,1.0000,0.0000,9.77242,unity
35.3206,1.00000,1.0000,0.0000,9.79091,unity
35.3406,1.00000,1.0000,0.0000,9.70538,unity
35.3606,1.00000,1.0000,0.0000,9.71928,unity
35.3806,1.00000,1.0000,0.0000,9.62762,unity
35.4006,1.00000,1.0000,0.0000,9.63744,unity
35.4206,1.00000,1.0000,0.0000,9.54009,unity
35.4406,1.00000,1.0000,0.0000,9.54543,unity
35.4606,1.00000,1.0000,0.0000,9.44217,unity
35.4806,1.00000,1.0000,0.0000,9.44201,unity
35.5006,1.00000,1.0000,0.0000,9.33188,unity
35.5206,1.00000,1.0000,0.0000,9.32384,unity
35.5406,1.00000,1.0000,0.0000,9.20341,unity
35.5606,1.00000,1.0000,0.0000,9.18412,unity
35.5806,1.00000,1.0000,0.0000,9.05171,unity
35.6006,1.00000,1.0000,0.0000,9.02269,unity
35.6206,1.00000,1.0000,0.0000,8.88095,unity
35.6406,1.00000,1.0000,0.0000,8.84381,unity
35.6606,1.00000,1.0000,0.0000,8.69329,unity
35.6806,1.00000,1.0000,0.0000,8.64801,unity
35.7006,1.00000,1.0000,0.0000,8.48860,unity
35.7206,0.98341,1.0000,0.0000,8.43505,unity
35.7406,0.94032,1.0000,0.0000,8.26690,unity
35.7606,0.90335,1.0000,0.0000,8.20639,unity
35.7806,0.86353,1.0000,0.0000,8.03205,unity
35.8006,0.82439,1.0000,0.0000,7.96671,unity
35.8206,0.77975,1.0000,0.0000,7.78713,unity
35.8406,0.74509,1.0000,0.0000,7.71708,unity
35.8606,0.70044,1.0000,0.0000,7.53283,unity
35.8806,0.65967,1.0000,0.0000,7.45817,unity
35.9006,0.62451,1.0000,0.0000,7.26963,unity
35.9206,0.57979,1.0000,0.0000,7.19084,unity
35.9406,0.53971,1.0000,0.0000,6.99841,unity
35.9606,0.50009,1.0000,0.0000,6.91592,unity
35.9806,0.46136,1.0000,0.0000,6.72061,unity
36.0006,0.41890,1.0000,0.0000,6.63485,unity
36.0206,0.38094,1.0000,0.0000,6.43735,unity
36.0406,0.34373,1.0000,0.0000,6.34922,unity
36.0606,0.29918,1.0000,0.0000,6.15054,unity
36.0806,0.26305,1.0000,0.0000,6.06075,unity
36.1006,0.21995,1.0000,0.0000,5.86204,unity
36.1206,0.18275,1.0000,0.0000,5.77187,unity
36.1406,0.14108,1.0000,0.0000,5.57394,unity
36.1606,0.10508,1.0000,0.0000,5.48477,unity
36.1806,0.06158,1.0000,0.0000,5.28836,unity
36.2006,0.02259,1.0000,0.0000,5.20182,unity
36.2206,0.00000,1.0000,0.0000,5.00878,unity
36.2406,0.00000,1.0000,0.0000,4.92790,unity
36.2606,0.00000,1.0000,0.0000,4.77208,unity
36.2806,0.00000,1.0000,0.0000,4.63645,unity
36.3006,0.00000,1.0000,0.0000,4.50221,unity
36.3206,0.00000,1.0000,0.0000,4.36968,unity
36.3406,0.00000,1.0000,0.0000,4.23903,unity
36.3606,0.00000,1.0000,0.0000,4.11043,unity
36.3806,0.00000,1.0000,0.0000,3.98404,unity
36.4006,0.00000,1.0000,0.0000,3.86002,unity
36.4206,0.00000,1.0000,0.0000,3.73854,unity
36.4406,0.00000,1.0000,0.0000,3.61974,unity
36.4606,0.00000,1.0000,0.0000,3.50377,unity
36.4806,0.00000,1.0000,0.0000,3.39078,unity
36.5006,0.00000,1.0000,0.0000,3.28088,unity
36.5207,0.00000,1.0000,0.0000,3.17422,unity
36.5407,0.00000,1.0000,0.0000,3.07092,unity
36.5607,0.00000,1.0000,0.0000,2.97107,unity
36.5807,0.00000,1.0000,0.0000,2.87479,unity
36.6007,0.00000,1.0000,0.0000,2.78218,unity
36.6207,0.00000,1.0000,0.0000,2.69331,unity
36.6407,0.00000,1.0000,0.0000,2.60827,unity
36.6607,0.00000,1.0000,0.0000,2.52713,unity
36.6807,0.00000,1.0000,0.0000,2.44994,unity
36.7007,0.00000,1.0000,0.0000,2.37675,unity
36.7207,0.00000,1.0000,0.0000,2.30760,unity
36.7407,0.00000,1.0000,0.0000,2.24251,unity
36.7607,0.00000,1.0000,0.0000,2.18153,unity
36.7807,0.00000,1.0000,0.0000,2.12459,unity
36.8007,0.00000,1.0000,0.0000,2.07195,unity
36.8207,0.00000,1.0000,0.0000,2.02254,unity
36.8407,0.00000,1.0000,0.0000,1.98034,unity
36.8607,0.00000,1.0000,0.0000,1.92310,unity
36.8807,0.00000,1.0000,0.0000,1.87134,unity
36.9007,0.00000,1.0000,0.0000,1.82157,unity
36.9207,0.00000,1.0000,0.0000,1.77509,unity
36.9407,0.00000,1.0000,0.0000,1.73197,unity
36.9607,0.00000,1.0000,0.0000,1.69223,unity
36.9807,0.00000,1.0000,0.0000,1.65589,unity
37.0007,0.00000,1.0000,0.0000,1.62296,unity
37.0207,0.00000,1.0000,0.0000,1.59347,unity
37.0407,0.00000,1.0000,0.0000,1.56731,unity
37.0607,0.00000,1.0000,0.0000,1.54401,unity
37.0807,0.00000,1.0000,0.0000,1.52353,unity
37.1007,0.00000,1.0000,0.0000,1.50606,unity
37.1207,0.00000,1.0000,0.0000,1.49185,unity
37.1407,0.00000,1.0000,0.0000,1.48138,unity
37.1607,0.00000,1.0000,0.0000,1.47603,unity
37.1807,0.00000,1.0000,0.0000,1.47287,unity
37.2007,0.00000,1.0000,0.0000,1.47277,unity
37.2207,0.00000,1.0000,0.0000,1.47956,unity
37.2407,0.00000,1.0000,0.0000,1.49018,unity
37.2607,0.00000,1.0000,0.0000,1.50437,unity
37.2807,0.00000,1.0000,0.0000,1.52196,unity
37.3007,0.00000,1.0000,0.0000,1.54281,unity
37.3207,0.00000,1.0000,0.0000,1.56678,unity
37.3407,0.00000,1.0000,0.0000,1.59377,unity
37.3607,0.00000,1.0000,0.0000,1.62364,unity
37.3807,0.00000,1.0000,0.0000,1.65628,unity
37.4007,0.00000,1.0000,0.0000,1.69156,unity
37.4207,0.00000,1.0000,0.0000,1.72936,unity
37.4407,0.00000,1.0000,0.0000,1.76956,unity
37.4607,0.00000,1.0000,0.0000,1.81203,unity
37.4807,0.00000,1.0000,0.0000,1.85665,unity
37.5007,0.00000,1.0000,0.0000,1.90328,unity
37.5207,0.00000,1.0000,0.0000,1.95181,unity
37.5407,0.00000,1.0000,0.0000,2.00213,unity
37.5607,0.00000,1.0000,0.0000,2.05412,unity
37.5807,0.00000,1.0000,0.0000,2.10771,unity
37.6007,0.00000,1.0000,0.0000,2.16277,unity
37.6207,0.00000,1.0000,0.0000,2.21913,unity
37.6407,0.00000,1.0000,0.0000,2.27645,unity
37.6607,0.00000,1.0000,0.0000,2.33432,unity
37.6807,0.00000,1.0000,0.0000,2.39247,unity
37.7007,0.00000,1.0000,0.0000,2.45076,unity
37.7207,0.00000,1.0000,0.0000,2.50913,unity
37.7407,0.00000,1.0000,0.0000,2.56758,unity
37.7607,0.00000,1.0000,0.0000,2.62607,unity
37.7807,0.00000,1.0000,0.0000,2.68461,unity
37.8007,0.00000,1.0000,0.0000,2.74318,unity
37.8207,0.00000,1.0000,0.0000,2.80178,unity
37.8407,0.00000,1.0000,0.0000,2.86040,unity
37.8607,0.00000,1.0000,0.0000,2.91903,unity
37.8807,0.00000,1.0000,0.0000,2.97768,unity
37.9007,0.00000,1.0000,0.0000,3.03633,unity
37.9207,0.00000,1.0000,0.0000,3.09498,unity
37.9407,0.00000,1.0000,0.0000,3.15363,unity
37.9607,0.00000,1.0000,0.0000,3.21227,unity
37.9807,0.00000,1.0000,0.0000,3.27091,unity
38.0007,0.00000,1.0000,0.0000,3.32953,unity
38.0207,0.00000,1.0000,0.0000,3.38814,unity
38.0407,0.00000,1.0000,0.0000,3.44673,unity
38.0607,0.00000,1.0000,0.0000,3.50531,unity
38.0807,0.00000,1.0000,0.0000,3.56387,unity
38.1007,0.00000,1.0000,0.0000,3.62242,unity
38.1207,0.00000,1.0000,0.0000,3.68095,unity
38.1407,0.00000,1.0000,0.0000,3.73946,unity
38.1607,0.00000,1.0000,0.0000,3.79797,unity
38.1807,0.00000,1.0000,0.0000,3.85646,unity
38.2007,0.00000,1.0000,0.0000,3.91493,unity
38.2207,0.00000,1.0000,0.0000,3.97340,unity
38.2407,0.00000,1.0000,0.0000,4.03185,unity
38.2607,0.00000,1.0000,0.0000,4.09030,unity
38.2807,0.00000,1.0000,0.0000,4.14875,unity
38.3007,0.00000,1.0000,0.0000,4.20718,unity
38.3207,-0.03957,1.0000,0.0000,4.26561,unity
38.3407,-0.07665,1.0000,0.0000,4.32389,unity
38.3607,-0.11982,1.0000,0.0000,4.38181,unity
38.3807,-0.15797,1.0000,0.0000,4.43910,unity
38.4007,-0.19868,1.0000,0.0000,4.49576,unity
38.4207,-0.23752,1.0000,0.0000,4.55164,unity
38.4407,-0.27757,1.0000,0.0000,4.60676,unity
38.4607,-0.31820,1.0000,0.0000,4.66105,unity
38.4807,-0.36112,1.0000,0.0000,4.71443,unity
38.5007,-0.40092,1.0000,0.0000,4.76675,unity
38.5207,-0.44102,1.0000,0.0000,4.81819,unity
38.5407,-0.47579,1.0000,0.0000,4.86870,unity
38.5607,-0.51564,1.0000,0.0000,4.91864,unity
38.5807,-0.55749,1.0000,0.0000,4.96753,unity
38.6007,-0.59463,1.0000,0.0000,5.01519,unity
38.6207,-0.63419,1.0000,0.0000,5.06580,unity
38.6407,-0.68084,1.0000,0.0000,5.11104,unity
38.6607,-0.71504,1.0000,0.0000,5.15223,unity
38.6807,-0.75741,1.0000,0.0000,5.19908,unity
38.7007,-0.79882,1.0000,0.0000,5.22698,unity
38.7207,-0.83779,1.0000,0.0000,5.30554,unity
38.7407,-0.87726,1.0000,0.0000,5.30256,unity
38.7607,-0.91584,1.0000,0.0000,5.38694,unity
38.7807,-0.95703,1.0000,0.0000,5.37374,unity
38.8007,-1.00000,1.0000,0.0000,5.45787,unity
38.8207,-1.00000,1.0000,0.0000,5.38720,unity
38.8407,-1.00000,1.0000,0.0000,5.53142,unity
38.8607,-1.00000,1.0000,0.0000,5.46641,unity
38.8807,-1.00000,1.0000,0.0000,5.61364,unity
38.9007,-1.00000,1.0000,0.0000,5.55918,unity
38.9207,-1.00000,1.0000,0.0000,5.70901,unity
38.9407,-1.00000,1.0000,0.0000,5.65092,unity
38.9607,-1.00000,1.0000,0.0000,5.80127,unity
38.9807,-1.00000,1.0000,0.0000,5.74501,unity
39.0007,-1.00000,1.0000,0.0000,5.89485,unity
39.0207,-1.00000,1.0000,0.0000,5.83985,unity
39.0407,-1.00000,1.0000,0.0000,5.98870,unity
39.0607,-1.00000,1.0000,0.0000,5.93460,unity
39.0807,-1.00000,1.0000,0.0000,6.08226,unity
39.1007,-1.00000,1.0000,0.0000,6.02878,unity
39.1207,-1.00000,1.0000,0.0000,6.17511,unity
39.1407,-1.00000,1.0000,0.0000,6.12206,unity
39.1607,-1.00000,1.0000,0.0000,6.26694,unity
39.1807,-1.00000,1.0000,0.0000,6.21422,unity
39.2007,-1.00000,1.0000,0.0000,6.35753,unity
39.2207,-1.00000,1.0000,0.0000,6.30510,unity
39.2407,-1.00000,1.0000,0.0000,6.44672,unity
39.2607,-1.00000,1.0000,0.0000,6.39459,unity
39.2807,-1.00000,1.0000,0.0000,6.53438,unity
39.3007,-1.00000,1.0000,0.0000,6.48263,unity
39.3207,-1.00000,1.0000,0.0000,6.62045,unity
39.3407,-1.00000,1.0000,0.0000,6.56915,unity
39.3607,-1.00000,1.0000,0.0000,6.70486,unity
39.3807,-1.00000,1.0000,0.0000,6.65414,unity
39.4007,-1.00000,1.0000,0.0000,6.78758,unity
39.4207,-1.00000,1.0000,0.0000,6.73805,unity
39.4407,-1.00000,1.0000,0.0000,6.86844,unity
39.4607,-1.00000,1.0000,0.0000,6.82038,unity
39.4807,-1.00000,1.0000,0.0000,6.94729,unity
39.5007,-1.00000,1.0000,0.0000,6.90100,unity
39.5207,-1.00000,1.0000,0.0000,7.02395,unity
39.5407,-1.00000,1.0000,0.0000,6.97976,unity
39.5607,-1.00000,1.0000,0.0000,7.09823,unity
39.5807,-1.00000,1.0000,0.0000,7.05651,unity
39.6007,-1.00000,1.0000,0.0000,7.16988,unity
39.6207,-1.00000,1.0000,0.0000,7.13097,unity
39.6407,-1.00000,1.0000,0.0000,7.23860,unity
39.6607,-1.00000,1.0000,0.0000,7.20254,unity
39.6807,-1.00000,1.0000,0.0000,7.30418,unity
39.7007,-1.00000,1.0000,0.0000,7.27070,unity
39.7207,-1.00000,1.0000,0.0000,7.36679,unity
39.7407,-1.00000,1.0000,0.0000,7.33568,unity
39.7607,-1.00000,1.0000,0.0000,7.42670,unity
39.7807,-1.00000,1.0000,0.0000,7.39783,unity
39.8007,-1.00000,1.0000,0.0000,7.48402,unity
39.8207,-1.00000,1.0000,0.0000,7.45703,unity
39.8407,-1.00000,1.0000,0.0000,7.53885,unity
39.8607,-1.00000,1.0000,0.0000,7.51298,unity
39.8807,-1.00000,1.0000,0.0000,7.59126,unity
39.9007,-1.00000,1.0000,0.0000,7.56556,unity
39.9207,-1.00000,1.0000,0.0000,7.64114,unity
39.9407,-1.00000,1.0000,0.0000,7.61481,unity
39.9607,-1.00000,1.0000,0.0000,7.68825,unity
39.9807,-1.00000,1.0000,0.0000,7.66083,unity
40.0007,-1.00000,1.0000,0.0000,7.73241,unity
40.0207,-1.00000,1.0000,0.0000,7.70364,unity
40.0407,-1.00000,1.0000,0.0000,7.77344,unity
40.0607,-1.00000,1.0000,0.0000,7.74312,unity
40.0807,-1.00000,1.0000,0.0000,7.81117,unity
40.1007,-1.00000,1.0000,0.0000,7.77904,unity
40.1207,-1.00000,1.0000,0.0000,7.84526,unity
40.1407,-1.00000,1.0000,0.0000,7.81112,unity
40.1607,-1.00000,1.0000,0.0000,7.87545,unity
40.1807,-1.00000,1.0000,0.0000,7.83909,unity
40.2007,-1.00000,1.0000,0.0000,7.90144,unity
40.2207,-1.00000,1.0000,0.0000,7.86265,unity
40.2407,-0.95962,1.0000,0.0000,7.92288,unity
40.2607,-0.92192,1.0000,0.0000,7.88538,unity
40.2807,-0.87891,1.0000,0.0000,7.95112,unity
40.3007,-0.83668,1.0000,0.0000,7.91850,unity
40.3207,-0.79678,1.0000,0.0000,7.98949,unity
40.3407,-0.75641,1.0000,0.0000,7.96124,unity
40.3607,-0.71908,1.0000,0.0000,8.03547,unity
40.3807,-0.67666,1.0000,0.0000,8.00996,unity
40.4007,-0.63758,1.0000,0.0000,8.08570,unity
40.4207,-0.59790,1.0000,0.0000,8.06227,unity
40.4407,-0.55975,1.0000,0.0000,8.13829,unity
40.4607,-0.51689,1.0000,0.0000,8.11602,unity
40.4807,-0.48049,1.0000,0.0000,8.19206,unity
40.5007,-0.44683,1.0000,0.0000,8.17099,unity
40.5207,-0.39731,1.0000,0.0000,8.24597,unity
40.5407,-0.36042,1.0000,0.0000,8.22665,unity
40.5607,-0.32127,1.0000,0.0000,8.30207,unity
40.5807,-0.28201,1.0000,0.0000,8.28422,unity
40.6007,-0.23785,1.0000,0.0000,8.35964,unity
40.6207,-0.19673,1.0000,0.0000,8.34432,unity
40.6407,-0.16084,1.0000,0.0000,8.42042,unity
40.6607,-0.12053,1.0000,0.0000,8.40795,unity
40.6807,-0.08082,1.0000,0.0000,8.48475,unity
40.7007,-0.03665,1.0000,0.0000,8.47610,unity
40.7207,0.00272,1.0000,0.0000,8.55424,unity
40.7407,0.03854,1.0000,0.0000,8.55024,unity
40.7607,0.08304,1.0000,0.0000,8.62995,unity
40.7807,0.12320,1.0000,0.0000,8.63125,unity
40.8007,0.16105,1.0000,0.0000,8.71280,unity
40.8207,0.19888,1.0000,0.0000,8.71995,unity
40.8407,0.24272,1.0000,0.0000,8.80349,unity
40.8607,0.27872,1.0000,0.0000,8.81634,unity
40.8807,0.31797,1.0000,0.0000,8.90194,unity
40.9008,0.35828,1.0000,0.0000,8.91783,unity
40.9208,0.34254,1.0000,0.0000,9.00821,unity
40.9408,0.30273,1.0000,0.0000,9.02282,unity
40.9608,0.26524,1.0000,0.0000,9.12706,unity
40.9808,0.22283,1.0000,0.0000,9.13892,unity
41.0008,0.18704,1.0000,0.0000,9.25053,unity
41.0208,0.14528,1.0000,0.0000,9.26451,unity
41.0408,0.10500,1.0000,0.0000,9.37471,unity
41.0608,0.06533,1.0000,0.0000,9.39096,unity
41.0808,0.02369,1.0000,0.0000,9.49659,unity
41.1008,-0.02009,1.0000,0.0000,9.51394,unity
41.1208,-0.05885,1.0000,0.0000,9.61415,unity
41.1408,-0.09573,1.0000,0.0000,9.63175,unity
41.1608,-0.13426,1.0000,0.0000,9.72689,unity
41.1808,-0.17808,1.0000,0.0000,9.74422,unity
41.2008,-0.21656,1.0000,0.0000,9.83457,unity
41.2208,-0.25488,1.0000,0.0000,9.85048,unity
41.2408,-0.29901,1.0000,0.0000,9.93713,unity
41.2608,-0.33849,1.0000,0.0000,9.95021,unity
41.2808,-0.37915,1.0000,0.0000,10.03374,unity
41.3008,-0.41733,1.0000,0.0000,10.04240,unity
41.3208,-0.45786,1.0000,0.0000,10.12438,unity
41.3408,-0.49920,1.0000,0.0000,10.12656,unity
41.3608,-0.53664,1.0000,0.0000,10.20791,unity
41.3808,-0.58005,1.0000,0.0000,10.20143,unity
41.4008,-0.61239,1.0000,0.0000,10.28300,unity
41.4208,-0.65622,1.0000,0.0000,10.26622,unity
41.4408,-0.69817,1.0000,0.0000,10.34735,unity
41.4608,-0.73548,1.0000,0.0000,10.31811,unity
41.4808,-0.77856,1.0000,0.0000,10.39742,unity
41.5008,-0.81693,1.0000,0.0000,10.35859,unity
41.5208,-0.85364,1.0000,0.0000,10.43368,unity
41.5408,-0.89549,1.0000,0.0000,10.39258,unity
41.5608,-0.93712,1.0000,0.0000,10.46101,unity
41.5808,-0.97437,1.0000,0.0000,10.41798,unity
41.6008,-1.00000,1.0000,0.0000,10.47952,unity
41.6208,-1.00000,1.0000,0.0000,10.43541,unity
41.6408,-1.00000,1.0000,0.0000,10.49173,unity
41.6608,-1.00000,1.0000,0.0000,10.44822,unity
41.6808,-1.00000,1.0000,0.0000,10.49995,unity
41.7008,-1.00000,1.0000,0.0000,10.45646,unity
41.7208,-0.96287,1.0000,0.0000,10.50363,unity
41.7408,-0.92124,1.0000,0.0000,10.46071,unity
41.7608,-0.88590,1.0000,0.0000,10.50624,unity
41.7808,-0.84328,1.0000,0.0000,10.46456,unity
41.8008,-0.80608,1.0000,0.0000,10.50915,unity
41.8208,-0.76731,1.0000,0.0000,10.46823,unity
41.8408,-0.72168,1.0000,0.0000,10.51263,unity
41.8608,-0.68095,1.0000,0.0000,10.47239,unity
41.8808,-0.64091,1.0000,0.0000,10.51844,unity
41.9008,-0.60177,1.0000,0.0000,10.47994,unity
41.9208,-0.56602,1.0000,0.0000,10.52860,unity
41.9408,-0.52165,1.0000,0.0000,10.49263,unity
41.9608,-0.48612,1.0000,0.0000,10.54435,unity
41.9808,-0.44452,1.0000,0.0000,10.51111,unity
42.0008,-0.40257,1.0000,0.0000,10.56406,unity
42.0208,-0.36373,1.0000,0.0000,10.53229,unity
42.0408,-0.32169,1.0000,0.0000,10.58550,unity
42.0608,-0.28786,1.0000,0.0000,10.55445,unity
42.0808,-0.24099,1.0000,0.0000,10.60687,unity
42.1008,-0.20321,1.0000,0.0000,10.57644,unity
42.1208,-0.16388,1.0000,0.0000,10.62854,unity
42.1408,-0.12213,1.0000,0.0000,10.59884,unity
42.1608,-0.08669,1.0000,0.0000,10.65051,unity
42.1808,-0.04239,1.0000,0.0000,10.62234,unity
42.2008,-0.00607,1.0000,0.0000,10.67400,unity
42.2208,0.03686,1.0000,0.0000,10.64853,unity
42.2408,0.07893,1.0000,0.0000,10.70087,unity
42.2608,0.11691,1.0000,0.0000,10.67941,unity
42.2808,0.15815,1.0000,0.0000,10.73324,unity
42.3008,0.19714,1.0000,0.0000,10.71726,unity
42.3208,0.23711,1.0000,0.0000,10.77332,unity
42.3408,0.27786,1.0000,0.0000,10.76454,unity
42.3608,0.31413,1.0000,0.0000,10.82341,unity
42.3808,0.35715,1.0000,0.0000,10.82372,unity
42.4008,0.39583,1.0000,0.0000,10.88566,unity
42.4208,0.43685,1.0000,0.0000,10.89673,unity
42.4408,0.47418,1.0000,0.0000,10.96157,unity
42.4608,0.51377,1.0000,0.0000,10.98506,unity
42.4808,0.55857,1.0000,0.0000,11.05187,unity
42.5008,0.59597,1.0000,0.0000,11.08747,unity
42.5208,0.63729,1.0000,0.0000,11.15398,unity
42.5408,0.67543,1.0000,0.0000,11.19991,unity
42.5608,0.71548,1.0000,0.0000,11.26406,unity
42.5808,0.73947,1.0000,0.0000,11.31557,unity
42.6008,0.69805,1.0000,0.0000,11.37579,unity
42.6208,0.66061,1.0000,0.0000,11.43790,unity
42.6408,0.61702,1.0000,0.0000,11.50645,unity
42.6608,0.57802,1.0000,0.0000,11.57592,unity
42.6808,0.53960,1.0000,0.0000,11.64637,unity
42.7008,0.49709,1.0000,0.0000,11.71573,unity
42.7208,0.45988,1.0000,0.0000,11.78402,unity
42.7408,0.42019,1.0000,0.0000,11.85025,unity
42.7608,0.38015,1.0000,0.0000,11.91470,unity
42.7808,0.33713,1.0000,0.0000,11.97754,unity
42.8008,0.29576,1.0000,0.0000,12.03937,unity
42.8208,0.26078,1.0000,0.0000,12.10068,unity
42.8408,0.21778,1.0000,0.0000,12.16215,unity
42.8608,0.17938,1.0000,0.0000,12.22541,unity
42.8808,0.14176,1.0000,0.0000,12.29209,unity
42.9008,0.09914,1.0000,0.0000,12.36466,unity
42.9208,0.05657,1.0000,0.0000,12.44300,unity
42.9408,0.01713,1.0000,0.0000,12.49233,unity
42.9608,-0.02137,1.0000,0.0000,12.50927,unity
42.9808,-0.05888,1.0000,0.0000,12.53782,unity
43.0008,-0.10334,1.0000,0.0000,12.56267,unity
43.0208,-0.14173,1.0000,0.0000,12.58901,unity
43.0408,-0.13742,1.0000,0.0000,12.61537,unity
43.0608,-0.09974,1.0000,0.0000,12.64340,unity
43.0808,-0.05841,1.0000,0.0000,12.67348,unity
43.1008,-0.01936,1.0000,0.0000,12.70558,unity
43.1208,0.00000,1.0000,0.0000,12.73986,unity
43.1408,0.00000,1.0000,0.0000,12.77741,unity
43.1608,0.01899,1.0000,0.0000,12.82063,unity
43.1808,0.05813,1.0000,0.0000,12.87255,unity
43.2008,0.09572,1.0000,0.0000,12.92779,unity
43.2208,0.13857,1.0000,0.0000,12.93856,unity
43.2408,0.17861,1.0000,0.0000,12.92421,unity
43.2608,0.21844,1.0000,0.0000,12.92308,unity
43.2808,0.25733,1.0000,0.0000,12.91151,unity
43.3008,0.29631,1.0000,0.0000,12.90292,unity
43.3208,0.33983,1.0000,0.0000,12.89013,unity
43.3408,0.37955,1.0000,0.0000,12.87642,unity
43.3608,0.41688,1.0000,0.0000,12.86004,unity
43.3808,0.46143,1.0000,0.0000,12.84203,unity
43.4008,0.50133,1.0000,0.0000,12.82146,unity
43.4208,0.54137,1.0000,0.0000,12.79859,unity
43.4408,0.57747,1.0000,0.0000,12.77343,unity
43.4608,0.61484,1.0000,0.0000,12.74616,unity
43.4808,0.56935,1.0000,0.0000,12.71689,unity
43.5008,0.52795,1.0000,0.0000,12.68854,unity
43.5208,0.48811,1.0000,0.0000,12.66418,unity
43.5408,0.45049,1.0000,0.0000,12.64202,unity
43.5608,0.40831,1.0000,0.0000,12.62247,unity
43.5808,0.37357,1.0000,0.0000,12.60478,unity
43.6008,0.33249,1.0000,0.0000,12.58859,unity
43.6208,0.28997,1.0000,0.0000,12.57355,unity
43.6408,0.24804,1.0000,0.0000,12.55984,unity
43.6608,0.21217,1.0000,0.0000,12.54695,unity
43.6808,0.17049,1.0000,0.0000,12.53470,unity
43.7008,0.13154,1.0000,0.0000,12.52310,unity
43.7208,0.09275,1.0000,0.0000,12.51219,unity
43.7408,0.05090,1.0000,0.0000,12.50188,unity
43.7608,0.01361,1.0000,0.0000,12.49228,unity
43.7808,-0.02825,1.0000,0.0000,12.48332,unity
43.8008,-0.06815,1.0000,0.0000,12.47505,unity
43.8208,-0.11129,1.0000,0.0000,12.46743,unity
43.8408,-0.14888,1.0000,0.0000,12.46037,unity
43.8608,-0.18980,1.0000,0.0000,12.45381,unity
43.8808,-0.22989,1.0000,0.0000,12.44754,unity
43.9008,-0.26785,1.0000,0.0000,12.44137,unity
43.9208,-0.30609,1.0000,0.0000,12.43514,unity
43.9408,-0.34848,1.0000,0.0000,12.42863,unity
43.9608,-0.39163,1.0000,0.0000,12.42131,unity
43.9808,-0.36530,1.0000,0.0000,12.41281,unity
44.0008,-0.32606,1.0000,0.0000,12.40706,unity
44.0208,-0.28552,1.0000,0.0000,12.40477,unity
44.0408,-0.25029,1.0000,0.0000,12.40450,unity
44.0608,-0.21084,1.0000,0.0000,12.40530,unity
44.0808,-0.16661,1.0000,0.0000,12.40660,unity
44.1008,-0.12998,1.0000,0.0000,12.40802,unity
44.1208,-0.09044,1.0000,0.0000,12.40907,unity
44.1408,-0.05062,1.0000,0.0000,12.40962,unity
44.1608,-0.00633,1.0000,0.0000,12.40948,unity
44.1808,0.00000,0.0000,0.0000,12.40852,unity
44.2008,0.00000,0.0000,0.0000,12.40691,unity
44.2208,0.00000,0.0000,0.0000,12.40513,unity
44.2408,0.00000,0.0000,0.0000,12.40313,unity
44.2608,0.00000,0.0000,0.0000,12.40104,unity
44.2808,0.00000,0.0000,0.0000,12.39889,unity
44.3008,0.00000,0.0000,0.0000,12.39673,unity
44.3208,0.00000,0.0000,0.0000,12.39456,unity
44.3408,0.00000,0.0000,0.0000,12.39242,unity
44.3608,0.00000,0.0000,0.0000,12.39030,unity
44.3808,0.00000,0.0000,0.0000,12.38822,unity
44.4008,0.00000,0.0000,0.0000,12.38618,unity
44.4208,0.00000,0.0000,0.0000,12.38418,unity
44.4408,0.00000,0.0000,0.0000,12.38222,unity
44.4608,0.00000,0.0000,0.0000,12.38030,unity
44.4808,0.00000,0.0000,0.0000,12.37841,unity
44.5008,0.00000,0.0000,0.0000,12.37656,unity
44.5208,0.00000,0.0000,0.0000,12.37473,unity
44.5408,0.00000,0.0000,0.0000,12.37293,unity
44.5608,0.00000,0.0000,0.0000,12.37115,unity
44.5808,0.00000,0.0000,0.0000,12.36939,unity
44.6008,0.00000,0.0000,0.0000,12.36765,unity
44.6208,0.00000,0.0000,0.0000,12.36593,unity
44.6408,0.00000,0.0000,0.0000,12.36422,unity
44.6608,0.00000,0.0000,0.0000,12.36252,unity
44.6808,0.00000,0.0000,0.0000,12.36083,unity
44.7008,0.00000,0.0000,0.0000,12.35915,unity
44.7208,0.00000,0.0000,0.0000,12.35749,unity
44.7408,0.00000,0.0000,0.0000,12.35582,unity
44.7608,0.00000,0.0000,0.0000,12.35416,unity
44.7808,0.00000,0.0000,0.0000,12.35251,unity
44.8008,0.00000,0.0000,0.0000,12.35087,unity
44.8208,0.00000,0.0000,0.0000,12.34922,unity
44.8408,0.00000,0.0000,0.0000,12.34758,unity
44.8608,0.00000,0.0000,0.0000,12.34594,unity
44.8808,0.00000,0.0000,0.0000,12.34431,unity
44.9008,0.00000,0.0000,0.0000,12.34268,unity
44.9208,0.00000,0.0000,0.0000,12.34105,unity
44.9408,0.00000,0.0000,0.0000,12.33942,unity
44.9608,0.00000,0.0000,0.0000,12.33779,unity
44.9808,0.00000,0.0000,0.0000,12.33617,unity
45.0008,0.00000,0.0000,0.0000,12.33454,unity
45.0208,0.00000,0.0000,0.0000,12.33292,unity
45.0408,0.00000,0.0000,0.0000,12.33129,unity
45.0608,0.00000,0.0000,0.0000,12.32967,unity
45.0808,0.00000,0.0000,0.0000,12.32805,unity
45.1008,0.00000,0.0000,0.0000,12.32643,unity
45.1208,0.00000,0.0000,0.0000,12.32481,unity
45.1408,0.00000,0.0000,0.0000,12.32319,unity
45.1608,0.00000,0.0000,0.0000,12.32157,unity
45.1808,0.00000,0.0000,0.0000,12.31995,unity
45.2008,0.00000,0.0000,0.0000,12.31833,unity
45.2208,0.00000,0.0000,0.0000,12.31672,unity
45.2408,0.00000,0.0000,0.0000,12.31510,unity
45.2609,0.00000,0.0000,0.0000,12.31348,unity
45.2809,0.00000,0.0000,0.0000,12.31186,unity
45.3009,0.00000,0.0000,0.0000,12.31024,unity
45.3209,0.00000,0.0000,0.0000,12.30863,unity
45.3409,0.00000,0.0000,0.0000,12.30701,unity
45.3609,0.00000,0.0000,0.0000,12.30539,unity
45.3809,0.00000,0.0000,0.0000,12.30377,unity
45.4009,0.00000,0.0000,1.0000,12.30216,unity
45.4209,0.00000,0.0000,1.0000,12.30056,unity
45.4409,0.00000,0.0000,1.0000,12.11427,unity
45.4609,0.00000,0.0000,1.0000,11.97421,unity
45.4809,0.00000,0.0000,1.0000,11.85950,unity
45.5009,0.00000,0.0000,1.0000,11.74478,unity
45.5209,0.00000,0.0000,1.0000,11.63006,unity
45.5409,0.00000,0.0000,1.0000,11.51533,unity
45.5609,0.00000,0.0000,1.0000,11.40060,unity
45.5809,0.00000,0.0000,1.0000,11.28586,unity
45.6009,0.00000,0.0000,1.0000,11.17113,unity
45.6209,0.00000,0.0000,1.0000,11.05639,unity
45.6409,0.00000,0.0000,1.0000,10.94166,unity
45.6609,0.00000,0.0000,1.0000,10.82692,unity
45.6809,0.00000,0.0000,0.0000,10.71220,unity
45.7009,0.00000,0.0000,0.0000,10.59748,unity
45.7209,0.00000,0.0000,0.0000,10.45440,unity
45.7409,0.00000,0.0000,0.0000,10.29372,unity
45.7609,0.00000,0.0000,0.0000,10.41733,unity
45.7809,0.00000,0.0000,0.0000,10.29911,unity
45.8009,0.00000,0.0000,0.0000,10.41032,unity
45.8209,0.00000,0.0000,0.0000,10.30206,unity
45.8409,0.00000,0.0000,0.0000,10.40203,unity
45.8609,0.00000,0.0000,0.0000,10.30696,unity
45.8809,0.00000,0.0000,0.0000,10.39361,unity
45.9009,0.00000,0.0000,0.0000,10.31185,unity
45.9209,0.00000,0.0000,0.0000,10.38538,unity
45.9409,0.00000,0.0000,0.0000,10.31629,unity
45.9609,0.00000,0.0000,0.0000,10.37728,unity
45.9809,0.00000,0.0000,0.0000,10.32028,unity
46.0009,0.00000,0.0000,0.0000,10.36927,unity
46.0209,0.00000,0.0000,0.0000,10.32382,unity
46.0409,0.00000,0.0000,0.0000,10.36140,unity
46.0609,0.00000,0.0000,1.0000,10.32683,unity
46.0809,0.00000,0.0000,1.0000,10.35365,unity
46.1009,0.00000,0.0000,1.0000,10.22326,unity
46.1209,0.00000,0.0000,1.0000,10.10856,unity
46.1409,0.00000,0.0000,1.0000,9.99386,unity
46.1609,0.00000,0.0000,1.0000,9.87915,unity
46.1809,0.00000,0.0000,1.0000,9.76444,unity
46.2009,0.00000,0.0000,1.0000,9.64973,unity
46.2209,0.00000,0.0000,0.0000,9.53501,unity
46.2409,0.00000,0.0000,0.0000,9.42028,unity
46.2609,0.00000,0.0000,0.0000,9.26205,unity
46.2809,0.00000,0.0000,0.0000,9.18505,unity
46.3009,0.00000,0.0000,0.0000,9.25374,unity
46.3209,0.00000,0.0000,0.0000,9.18691,unity
46.3409,0.00000,0.0000,0.0000,9.25268,unity
46.3609,0.00000,0.0000,0.0000,9.18107,unity
46.3809,0.00000,0.0000,0.0000,9.25550,unity
46.4009,0.00000,0.0000,0.0000,9.17006,unity
46.4209,0.00000,0.0000,0.0000,9.26197,unity
46.4409,0.00000,0.0000,0.0000,9.15390,unity
46.4609,0.00000,0.0000,0.0000,9.27141,unity
46.4809,0.00000,0.0000,0.0000,9.13388,unity
46.5009,0.00000,0.0000,0.0000,9.28134,unity
46.5209,0.00000,0.0000,0.0000,9.11461,unity
46.5409,0.00000,0.0000,0.0000,9.28696,unity
46.5609,0.00000,0.0000,0.0000,9.10312,unity
46.5809,0.00000,0.0000,0.0000,9.28671,unity
46.6009,0.00000,0.0000,1.0000,9.09852,unity
46.6209,0.00000,0.0000,1.0000,9.28326,unity
46.6409,0.00000,0.0000,1.0000,9.16856,unity
46.6609,0.00000,0.0000,1.0000,9.05385,unity
46.6809,0.00000,0.0000,1.0000,8.93915,unity
46.7009,0.00000,0.0000,1.0000,8.82444,unity
46.7209,0.00000,0.0000,0.0000,8.70973,unity
46.7409,0.00000,0.0000,0.0000,8.59502,unity
46.7609,0.00000,0.0000,0.0000,8.42286,unity
46.7809,0.00000,0.0000,0.0000,8.43596,unity
46.8009,0.00000,0.0000,0.0000,8.40090,unity
46.8209,0.00000,0.0000,0.0000,8.45462,unity
46.8409,0.00000,0.0000,0.0000,8.36932,unity
46.8609,0.00000,0.0000,1.0000,8.45558,unity
46.8809,0.00000,0.0000,1.0000,8.36919,unity
46.9009,0.00000,0.0000,1.0000,8.19729,unity
46.9209,0.00000,0.0000,1.0000,8.02563,unity
46.9409,0.00000,0.0000,1.0000,7.85539,unity
46.9609,0.00000,0.0000,1.0000,7.68646,unity
46.9809,0.00000,0.0000,0.0000,7.51844,unity
47.0009,0.00000,0.0000,0.0000,7.35030,unity
47.0209,0.00000,0.0000,0.0000,7.39920,unity
47.0409,0.00000,0.0000,0.0000,7.28758,unity
47.0609,0.00000,0.0000,0.0000,7.39793,unity
47.0809,0.00000,0.0000,0.0000,7.29048,unity
47.1009,0.00000,0.0000,0.0000,7.39457,unity
47.1209,0.00000,0.0000,1.0000,7.29432,unity
47.1409,0.00000,0.0000,1.0000,7.38644,unity
47.1609,0.00000,0.0000,1.0000,7.27176,unity
47.1809,0.00000,0.0000,1.0000,7.15706,unity
47.2009,0.00000,0.0000,1.0000,7.04237,unity
47.2209,0.00000,0.0000,0.0000,6.92766,unity
47.2409,0.00000,0.0000,0.0000,6.81296,unity
47.2609,0.00000,0.0000,0.0000,6.60063,unity
47.2809,0.00000,0.0000,0.0000,6.81114,unity
47.3009,0.00000,0.0000,0.0000,6.60127,unity
47.3209,0.00000,0.0000,0.0000,6.80912,unity
47.3409,0.00000,0.0000,0.0000,6.60028,unity
47.3609,0.00000,0.0000,1.0000,6.80179,unity
47.3809,0.00000,0.0000,1.0000,6.58315,unity
47.4009,0.00000,0.0000,1.0000,6.38605,unity
47.4209,0.00000,0.0000,1.0000,6.21974,unity
47.4409,0.00000,0.0000,0.0000,6.06765,unity
47.4609,0.00000,0.0000,0.0000,5.95294,unity
47.4809,0.00000,0.0000,0.0000,5.74386,unity
47.5009,0.00000,0.0000,0.0000,5.96651,unity
47.5209,0.00000,0.0000,0.0000,5.74284,unity
47.5409,0.00000,0.0000,0.0000,5.96681,unity
47.5609,0.00000,0.0000,1.0000,5.74290,unity
47.5809,0.00000,0.0000,1.0000,5.96849,unity
47.6009,0.00000,0.0000,1.0000,5.85380,unity
47.6209,0.00000,0.0000,1.0000,5.73910,unity
47.6409,0.00000,0.0000,0.0000,5.62440,unity
47.6609,0.00000,0.0000,0.0000,5.50970,unity
47.6809,0.00000,0.0000,0.0000,5.28303,unity
47.7009,0.00000,0.0000,0.0000,5.49955,unity
47.7209,0.00000,0.0000,0.0000,5.28247,unity
47.7409,0.00000,0.0000,0.0000,5.49998,unity
47.7609,0.00000,0.0000,1.0000,5.27990,unity
47.7809,0.00000,0.0000,1.0000,5.49838,unity
47.8009,0.00000,0.0000,1.0000,5.38368,unity
47.8209,0.00000,0.0000,1.0000,5.26898,unity
47.8409,0.00000,0.0000,1.0000,5.15428,unity
47.8609,0.00000,0.0000,0.0000,5.03957,unity
47.8809,0.00000,0.0000,0.0000,4.92486,unity
47.9009,0.00000,0.0000,0.0000,4.87620,unity
47.9209,0.00000,0.0000,0.0000,4.87545,unity
47.9409,0.00000,0.0000,0.0000,4.87480,unity
47.9609,0.00000,0.0000,0.0000,4.87416,unity
47.9809,0.00000,0.0000,1.0000,4.87352,unity
48.0009,0.00000,0.0000,1.0000,4.72117,unity
48.0209,0.00000,0.0000,1.0000,4.50378,unity
48.0409,0.00000,0.0000,1.0000,4.33042,unity
48.0609,0.00000,0.0000,1.0000,4.16147,unity
48.0809,0.00000,0.0000,1.0000,3.99339,unity
48.1009,0.00000,0.0000,0.0000,3.82607,unity
48.1209,0.00000,0.0000,0.0000,3.73901,unity
48.1409,0.00000,0.0000,0.0000,3.73722,unity
48.1609,0.00000,0.0000,0.0000,3.73669,unity
48.1809,0.00000,0.0000,0.0000,3.73617,unity
48.2009,0.00000,0.0000,0.0000,3.73565,unity
48.2209,0.00000,0.0000,1.0000,3.73514,unity
48.2409,0.00000,0.0000,1.0000,3.58171,unity
48.2609,0.00000,0.0000,1.0000,3.40936,unity
48.2809,0.00000,0.0000,1.0000,3.23912,unity
48.3009,0.00000,0.0000,1.0000,3.07014,unity
48.3209,0.00000,0.0000,0.0000,2.90216,unity
48.3409,0.00000,0.0000,0.0000,2.83224,unity
48.3609,0.00000,0.0000,0.0000,2.83167,unity
48.3809,0.00000,0.0000,0.0000,2.83127,unity
48.4009,0.00000,0.0000,0.0000,2.83088,unity
48.4209,0.00000,0.0000,1.0000,2.83049,unity
48.4409,0.00000,0.0000,1.0000,2.71077,unity
48.4609,0.00000,0.0000,1.0000,2.59611,unity
48.4809,0.00000,0.0000,1.0000,2.48144,unity
48.5009,0.00000,0.0000,0.0000,2.36676,unity
48.5209,0.00000,0.0000,0.0000,2.29021,unity
48.5409,0.00000,0.0000,0.0000,2.28988,unity
48.5609,0.00000,0.0000,0.0000,2.28957,unity
48.5809,0.00000,0.0000,0.0000,2.28925,unity
48.6009,0.00000,0.0000,1.0000,2.28894,unity
48.6209,0.00000,0.0000,1.0000,2.19689,unity
48.6409,0.00000,0.0000,1.0000,2.08218,unity
48.6609,0.00000,0.0000,1.0000,1.96747,unity
48.6809,0.00000,0.0000,1.0000,1.85276,unity
48.7009,0.00000,0.0000,0.0000,1.73804,unity
48.7209,0.00000,0.0000,0.0000,1.68183,unity
48.7409,0.00000,0.0000,0.0000,1.68159,unity
48.7609,0.00000,0.0000,0.0000,1.68135,unity
48.7809,0.00000,0.0000,0.0000,1.68112,unity
48.8009,0.00000,0.0000,1.0000,1.68088,unity
48.8209,0.00000,0.0000,1.0000,1.60128,unity
48.8409,0.00000,0.0000,1.0000,1.48658,unity
48.8609,0.00000,0.0000,1.0000,1.37187,unity
48.8809,0.00000,0.0000,1.0000,1.25716,unity
48.9009,0.00000,0.0000,0.0000,1.14246,unity
48.9209,0.00000,0.0000,0.0000,1.10551,unity
48.9409,0.00000,0.0000,0.0000,1.10535,unity
48.9609,0.00000,0.0000,0.0000,1.10518,unity
48.9809,0.00000,0.0000,0.0000,1.10502,unity
49.0009,0.00000,0.0000,1.0000,1.10486,unity
49.0209,0.00000,0.0000,1.0000,1.02535,unity
49.0409,0.00000,0.0000,1.0000,0.91064,unity
49.0609,0.00000,0.0000,1.0000,0.79594,unity
49.0809,0.00000,0.0000,1.0000,0.68124,unity
49.1009,0.00000,0.0000,1.0000,0.56653,unity
49.1209,0.00000,0.0000,0.0000,0.45183,unity
49.1409,0.00000,0.0000,0.0000,0.43723,unity
49.1609,0.00000,0.0000,0.0000,0.43716,unity
49.1809,0.00000,0.0000,0.0000,0.43708,unity
49.2009,0.00000,0.0000,0.0000,0.43700,unity
49.2209,0.00000,0.0000,1.0000,0.43693,unity
49.2409,0.00000,0.0000,1.0000,0.35738,unity
49.2609,0.00000,0.0000,1.0000,0.23792,unity
49.2809,0.00000,0.0000,1.0000,0.19742,unity
49.3009,0.00000,0.0000,1.0000,0.00495,unity
49.3209,0.00000,0.0000,0.0000,-0.02444,unity
49.3409,0.00000,0.0000,0.0000,-0.03391,unity
49.3609,0.00000,0.0000,0.0000,-0.03391,unity
49.3809,0.00000,0.0000,0.0000,-0.03392,unity
49.4009,0.00000,0.0000,0.0000,-0.03393,unity
49.4209,0.00000,0.0000,0.0000,-0.03393,unity
49.4409,0.00000,0.0000,0.0000,-0.03394,unity
49.4609,0.00000,0.0000,0.0000,-0.03394,unity
49.4809,0.00000,0.0000,0.0000,-0.03393,unity
49.5009,0.00000,0.0000,0.0000,-0.03393,unity
49.5209,0.00000,0.0000,0.0000,-0.03392,unity
49.5409,0.00000,0.0000,0.0000,-0.03392,unity
49.5609,0.00000,0.0000,0.0000,-0.03391,unity
49.5809,0.00000,0.0000,0.0000,-0.03390,unity
49.6009,0.00000,0.0000,0.0000,-0.03389,unity
49.6209,0.00000,0.0000,0.0000,-0.03388,unity
49.6410,0.00000,0.0000,0.0000,-0.03387,unity
49.6610,0.00000,0.0000,0.0000,-0.03386,unity
49.6810,0.00000,0.0000,0.0000,-0.03385,unity
49.7010,0.00000,0.0000,0.0000,-0.03384,unity
49.7210,0.00000,0.0000,0.0000,-0.03383,unity
49.7410,0.00000,0.0000,0.0000,-0.03382,unity
49.7610,0.00000,0.0000,0.0000,-0.03382,unity
49.7810,0.00000,0.0000,0.0000,-0.03381,unity
49.8010,0.00000,0.0000,0.0000,-0.03380,unity
49.8210,0.00000,0.0000,0.0000,-0.03379,unity
49.8410,0.00000,0.0000,0.0000,-0.03379,unity
49.8610,0.00000,0.0000,0.0000,-0.03378,unity
49.8810,0.00000,0.0000,0.0000,-0.03378,unity
49.9010,0.00000,0.0000,0.0000,-0.03377,unity
49.9210,0.00000,0.0000,0.0000,-0.03377,unity
49.9410,0.00000,0.0000,0.0000,-0.03376,unity
49.9610,0.00000,0.0000,0.0000,-0.03376,unity
49.9810,0.00000,0.0000,0.0000,-0.03375,unity
50.0010,0.00000,0.0000,0.0000,-0.03375,unity
50.0210,0.00000,0.0000,0.0000,-0.03375,unity
50.0410,0.00000,0.0000,0.0000,-0.03374,unity
50.0610,0.00000,0.0000,0.0000,-0.03374,unity
50.0810,0.00000,0.0000,0.0000,-0.03373,unity
50.1010,0.00000,0.0000,0.0000,-0.03373,unity
50.1210,0.00000,0.0000,0.0000,-0.03373,unity
50.1410,0.00000,0.0000,0.0000,-0.03372,unity
50.1610,0.00000,0.0000,0.0000,-0.03372,unity
50.1810,0.00000,0.0000,0.0000,-0.03372,unity
50.2010,0.00000,0.0000,0.0000,-0.03371,unity
50.2210,0.00000,0.0000,0.0000,-0.03371,unity
50.2410,0.00000,0.0000,0.0000,-0.03370,unity
50.2610,0.00000,0.0000,0.0000,-0.03370,unity
50.2810,0.00000,0.0000,0.0000,-0.03370,unity
50.3010,0.00000,0.0000,0.0000,-0.03369,unity
50.3210,0.00000,0.0000,0.0000,-0.03369,unity
50.3410,0.00000,0.0000,0.0000,-0.00208,unity
50.3610,0.00000,0.0000,0.0000,-0.00055,unity
50.3810,0.00000,0.0000,0.0000,-0.00043,unity
50.4010,0.00000,0.0000,0.0000,-0.00033,unity
50.4210,0.00000,0.0000,0.0000,-0.00025,unity
50.4410,0.00000,0.0000,0.0000,-0.00017,unity
50.4610,0.00000,0.0000,0.0000,-0.00010,unity
50.4810,0.00000,0.0000,0.0000,-0.00004,unity
50.5010,0.00000,0.0000,0.0000,0.00002,unity
50.5210,0.00000,0.0000,0.0000,0.00006,unity
50.5410,0.00000,0.0000,0.0000,0.00010,unity
50.5610,0.00000,0.0000,0.0000,0.00012,unity
50.5810,0.00000,0.0000,0.0000,0.00014,unity
50.6010,0.00000,0.0000,0.0000,0.00016,unity
50.6210,0.00000,0.0000,0.0000,0.00016,unity
50.6410,0.00000,0.0000,0.0000,0.00017,unity
50.6610,0.00000,0.0000,0.0000,0.00016,unity
50.6810,0.00000,0.0000,0.0000,0.00016,unity
50.7010,0.00000,0.0000,0.0000,0.00015,unity
50.7210,0.00000,0.0000,0.0000,0.00014,unity
50.7410,0.00000,0.0000,0.0000,0.00013,unity
50.7610,0.00000,0.0000,0.0000,0.00011,unity
50.7810,0.00000,0.0000,0.0000,0.00010,unity
50.8010,0.00000,0.0000,0.0000,0.00008,unity
50.8210,0.00000,0.0000,0.0000,0.00007,unity
50.8410,0.00000,0.0000,0.0000,0.00005,unity
50.8610,0.00000,0.0000,0.0000,0.00004,unity
50.8810,0.00000,0.0000,0.0000,0.00003,unity
50.9010,0.00000,0.0000,0.0000,0.00002,unity
50.9210,0.00000,0.0000,0.0000,0.00001,unity
50.9410,0.00000,0.0000,0.0000,0.00000,unity
50.9610,0.00000,0.0000,0.0000,-0.00001,unity
50.9810,0.00000,0.0000,0.0000,-0.00001,unity
51.0010,0.00000,0.0000,0.0000,-0.00002,unity
51.0210,0.00000,0.0000,0.0000,-0.00002,unity
51.0410,0.00000,0.0000,0.0000,-0.00002,unity
51.0610,0.00000,0.0000,0.0000,-0.00002,unity
51.0810,0.00000,0.0000,0.0000,-0.00002,unity
51.1010,0.00000,0.0000,0.0000,-0.00002,unity
51.1210,0.00000,0.0000,0.0000,-0.00002,unity
51.1410,0.00000,0.0000,0.0000,-0.00002,unity
51.1610,0.00000,0.0000,0.0000,-0.00002,unity
51.1810,0.00000,0.0000,0.0000,-0.00002,unity
51.2010,0.00000,0.0000,0.0000,-0.00002,unity
51.2210,0.00000,0.0000,0.0000,-0.00002,unity
51.2410,0.00000,0.0000,0.0000,-0.00001,unity
51.2610,0.00000,0.0000,0.0000,-0.00001,unity
51.2810,0.00000,0.0000,0.0000,-0.00001,unity
51.3010,0.00000,0.0000,0.0000,-0.00001,unity
51.3210,0.00000,0.0000,0.0000,-0.00001,unity
51.3410,0.00000,0.0000,0.0000,0.00000,unity
51.3610,0.00000,0.0000,0.0000,0.00000,unity
51.3810,0.00000,0.0000,0.0000,0.00000,unity
51.4010,0.00000,0.0000,0.0000,0.00000,unity
51.4210,0.00000,0.0000,0.0000,0.00000,unity
51.4410,0.00000,0.0000,0.0000,0.00000,unity
51.4610,0.00000,0.0000,0.0000,0.00000,unity
51.4810,0.00000,0.0000,0.0000,0.00000,unity
51.5010,0.00000,0.0000,0.0000,0.00000,unity
51.5210,0.00000,0.0000,0.0000,0.00000,unity
51.5410,0.00000,0.0000,0.0000,0.00000,unity
51.5610,0.00000,0.0000,0.0000,0.00000,unity
51.5810,0.00000,0.0000,0.0000,0.00000,unity
51.6010,0.00000,0.0000,0.0000,0.00000,unity
51.6210,0.00000,0.0000,0.0000,0.00000,unity
51.6410,0.00000,0.0000,0.0000,0.00000,unity
51.6610,0.00000,0.0000,0.0000,0.00000,unity
51.6810,0.00000,0.0000,0.0000,0.00000,unity
51.7010,0.00000,0.0000,0.0000,0.00000,unity
51.7210,0.00000,0.0000,0.0000,0.00000,unity
51.7410,0.00000,0.0000,0.0000,0.00000,unity
51.7610,0.00000,0.0000,0.0000,0.00000,unity
51.7810,0.00000,0.0000,0.0000,0.00000,unity
51.8010,0.00000,0.0000,0.0000,0.00000,unity
51.8210,0.00000,0.0000,0.0000,0.00000,unity
51.8410,0.00000,0.0000,0.0000,0.00000,unity
51.8610,0.00000,0.0000,0.0000,0.00000,unity
51.8810,0.00000,0.0000,0.0000,0.00000,unity
51.9010,0.00000,0.0000,0.0000,0.00000,unity
51.9210,0.00000,0.0000,0.0000,0.00000,unity
51.9410,0.00000,0.0000,0.0000,0.00000,unity
51.9610,0.00000,0.0000,0.0000,0.00000,unity
51.9810,0.00000,0.0000,0.0000,0.00000,unity
52.0010,0.00000,0.0000,0.0000,0.00000,unity
52.0210,0.00000,0.0000,0.0000,0.00000,unity
52.0410,0.00000,0.0000,0.0000,0.00000,unity
52.0610,0.00000,0.0000,0.0000,0.00000,unity
52.0810,0.00000,0.0000,0.0000,0.00000,unity
52.1010,0.00000,0.0000,0.0000,0.00000,unity
52.1210,0.00000,0.0000,0.0000,0.00000,unity
52.1410,0.00000,0.0000,0.0000,0.00000,unity
52.1610,0.00000,0.0000,0.0000,0.00000,unity
52.1810,0.00000,0.0000,0.0000,0.00000,unity
52.2010,0.00000,0.0000,0.0000,0.00000,unity
52.2210,0.00000,0.0000,0.0000,0.00000,unity
52.2410,0.00000,0.0000,0.0000,0.00000,unity
52.2610,0.00000,0.0000,0.0000,0.00000,unity
52.2810,0.00000,0.0000,0.0000,0.00000,unity
52.3010,0.00000,0.0000,0.0000,0.00000,unity
52.3210,0.00000,0.0000,0.0000,0.00000,unity
52.3410,0.00000,0.0000,0.0000,0.00000,unity
52.3610,0.00000,0.0000,0.0000,0.00000,unity
52.3810,0.00000,0.0000,0.0000,0.00000,unity
52.4010,0.00000,0.0000,0.0000,0.00000,unity
52.4210,0.00000,0.0000,0.0000,0.00000,unity
52.4410,0.00000,0.0000,0.0000,0.00000,unity
52.4610,0.00000,0.0000,0.0000,0.00000,unity
52.4810,0.00882,0.0000,0.0000,0.00000,unity
52.5010,0.04891,0.0000,0.0000,0.00000,unity
52.5210,0.08782,0.0000,0.0000,0.00000,unity
52.5410,0.12710,0.0000,0.0000,0.00000,unity
52.5610,0.16948,0.0000,0.0000,0.00000,unity
52.5810,0.20447,0.0000,0.0000,0.00000,unity
52.6010,0.24893,0.0000,0.0000,0.00000,unity
52.6210,0.28777,0.0000,0.0000,0.00000,unity
52.6410,0.32736,0.0000,1.0000,0.00000,unity
52.6610,0.36462,0.0000,1.0000,-0.04336,unity
52.6810,0.40627,0.0000,1.0000,-0.06476,unity
52.7010,0.44374,0.0000,1.0000,-0.10950,unity
52.7210,0.48445,0.0000,1.0000,-0.14815,unity
52.7410,0.52246,0.0000,1.0000,-0.18228,unity
52.7610,0.56868,0.0000,1.0000,-0.22712,unity
52.7810,0.60621,0.0000,1.0000,-0.26202,unity
52.8010,0.64983,0.0000,1.0000,-0.29984,unity
52.8210,0.68296,0.0000,1.0000,-0.33063,unity
52.8410,0.72968,0.0000,1.0000,-0.37773,unity
52.8610,0.76652,0.0000,1.0000,-0.40500,unity
52.8810,0.80425,0.0000,1.0000,-0.44474,unity
52.9010,0.84922,0.0000,1.0000,-0.48070,unity
52.9210,0.88676,0.0000,1.0000,-0.52045,unity
52.9410,0.92694,0.0000,1.0000,-0.54961,unity
52.9610,0.97002,0.0000,1.0000,-0.59384,unity
52.9810,1.00000,0.0000,1.0000,-0.62904,unity
53.0010,1.00000,0.0000,1.0000,-0.66030,unity
53.0210,1.00000,0.0000,1.0000,-0.69527,unity
53.0410,1.00000,0.0000,1.0000,-0.74023,unity
53.0610,1.00000,0.0000,1.0000,-0.77586,unity
53.0810,1.00000,0.0000,1.0000,-0.81279,unity
53.1010,1.00000,0.0000,1.0000,-0.85275,unity
53.1210,1.00000,0.0000,1.0000,-0.88904,unity
53.1410,1.00000,0.0000,1.0000,-0.92273,unity
53.1610,1.00000,0.0000,1.0000,-0.96455,unity
53.1810,1.00000,0.0000,1.0000,-1.00186,unity
53.2010,1.00000,0.0000,1.0000,-1.03538,unity
53.2210,1.00000,0.0000,1.0000,-1.07538,unity
53.2410,1.00000,0.0000,1.0000,-1.10967,unity
53.2610,1.00000,0.0000,1.0000,-1.14924,unity
53.2810,1.00000,0.0000,1.0000,-1.18295,unity
53.3010,1.00000,0.0000,1.0000,-1.22262,unity
53.3210,1.00000,0.0000,1.0000,-1.25705,unity
53.3410,1.00000,0.0000,1.0000,-1.29317,unity
53.3610,1.00000,0.0000,1.0000,-1.33015,unity
53.3810,1.00000,0.0000,1.0000,-1.36641,unity
53.4010,1.00000,0.0000,1.0000,-1.40305,unity
53.4210,1.00000,0.0000,1.0000,-1.43955,unity
53.4410,1.00000,0.0000,1.0000,-1.47610,unity
53.4610,1.00000,0.0000,1.0000,-1.51266,unity
53.4810,1.00000,0.0000,1.0000,-1.54930,unity
53.5010,1.00000,0.0000,1.0000,-1.58611,unity
53.5210,1.00000,0.0000,1.0000,-1.62273,unity
53.5410,1.00000,0.0000,1.0000,-1.65895,unity
53.5610,1.00000,0.0000,1.0000,-1.69512,unity
53.5810,1.00000,0.0000,1.0000,-1.73127,unity
53.6010,1.00000,0.0000,1.0000,-1.76737,unity
53.6210,1.00000,0.0000,1.0000,-1.80344,unity
53.6410,1.00000,0.0000,1.0000,-1.83948,unity
53.6610,1.00000,0.0000,1.0000,-1.87548,unity
53.6810,1.00000,0.0000,1.0000,-1.91144,unity
53.7010,1.00000,0.0000,1.0000,-1.94736,unity
53.7210,1.00000,0.0000,1.0000,-1.98324,unity
53.7410,1.00000,0.0000,1.0000,-2.01907,unity
53.7610,1.00000,0.0000,1.0000,-2.05487,unity
53.7810,1.00000,0.0000,1.0000,-2.09062,unity
53.8010,1.00000,0.0000,1.0000,-2.12633,unity
53.8210,1.00000,0.0000,1.0000,-2.16199,unity
53.8410,1.00000,0.0000,1.0000,-2.19761,unity
53.8610,1.00000,0.0000,1.0000,-2.23318,unity
53.8810,1.00000,0.0000,1.0000,-2.26870,unity
53.9010,1.00000,0.0000,1.0000,-2.30417,unity
53.9210,1.00000,0.0000,1.0000,-2.33960,unity
53.9410,1.00000,0.0000,1.0000,-2.37497,unity
53.9610,1.00000,0.0000,1.0000,-2.41029,unity
53.9810,1.00000,0.0000,1.0000,-2.44555,unity
54.0011,1.00000,0.0000,1.0000,-2.48077,unity
54.0211,1.00000,0.0000,1.0000,-2.51592,unity
54.0411,1.00000,0.0000,1.0000,-2.55102,unity
54.0611,1.00000,0.0000,1.0000,-2.58606,unity
54.0811,1.00000,0.0000,1.0000,-2.62105,unity
54.1011,1.00000,0.0000,1.0000,-2.65597,unity
54.1211,1.00000,0.0000,1.0000,-2.69083,unity
54.1411,1.00000,0.0000,1.0000,-2.72563,unity
54.1611,1.00000,0.0000,1.0000,-2.76037,unity
54.1811,1.00000,0.0000,1.0000,-2.79504,unity
54.2011,1.00000,0.0000,1.0000,-2.82965,unity
54.2211,1.00000,0.0000,1.0000,-2.86419,unity
54.2411,1.00000,0.0000,1.0000,-2.89866,unity
54.2611,1.00000,0.0000,1.0000,-2.93306,unity
54.2811,1.00000,0.0000,1.0000,-2.96739,unity
54.3011,1.00000,0.0000,1.0000,-3.00165,unity
54.3211,1.00000,0.0000,1.0000,-3.03583,unity
54.3411,1.00000,0.0000,1.0000,-3.06994,unity
54.3611,1.00000,0.0000,1.0000,-3.10397,unity
54.3811,1.00000,0.0000,1.0000,-3.13793,unity
54.4011,1.00000,0.0000,1.0000,-3.17180,unity
54.4211,1.00000,0.0000,1.0000,-3.20559,unity
54.4411,1.00000,0.0000,1.0000,-3.23930,unity
54.4611,1.00000,0.0000,1.0000,-3.27292,unity
54.4811,1.00000,0.0000,1.0000,-3.30646,unity
54.5011,1.00000,0.0000,1.0000,-3.33991,unity
54.5211,1.00000,0.0000,1.0000,-3.37327,unity
54.5411,1.00000,0.0000,1.0000,-3.40654,unity
54.5611,1.00000,0.0000,1.0000,-3.43971,unity
54.5811,1.00000,0.0000,1.0000,-3.47279,unity
54.6011,1.00000,0.0000,1.0000,-3.50578,unity
54.6211,1.00000,0.0000,1.0000,-3.53866,unity
54.6411,1.00000,0.0000,1.0000,-3.57145,unity
54.6611,1.00000,0.0000,1.0000,-3.60413,unity
54.6811,1.00000,0.0000,1.0000,-3.63671,unity
54.7011,1.00000,0.0000,1.0000,-3.66919,unity
54.7211,1.00000,0.0000,1.0000,-3.70156,unity
54.7411,1.00000,0.0000,1.0000,-3.73381,unity
54.7611,1.00000,0.0000,1.0000,-3.76596,unity
54.7811,1.00000,0.0000,1.0000,-3.79799,unity
54.8011,1.00000,0.0000,1.0000,-3.82991,unity
54.8211,1.00000,0.0000,1.0000,-3.86171,unity
54.8411,1.00000,0.0000,1.0000,-3.89338,unity
54.8611,1.00000,0.0000,1.0000,-3.92494,unity
54.8811,1.00000,0.0000,1.0000,-3.95637,unity
54.9011,1.00000,0.0000,1.0000,-3.98768,unity
54.9211,1.00000,0.0000,1.0000,-4.01886,unity
54.9411,1.00000,0.0000,1.0000,-4.04991,unity
54.9611,1.00000,0.0000,1.0000,-4.08082,unity
54.9811,1.00000,0.0000,1.0000,-4.11160,unity
55.0011,1.00000,0.0000,1.0000,-4.14224,unity
55.0211,1.00000,0.0000,1.0000,-4.17275,unity
55.0411,1.00000,0.0000,1.0000,-4.20311,unity
55.0611,1.00000,0.0000,1.0000,-4.23332,unity
55.0811,1.00000,0.0000,1.0000,-4.26339,unity
55.1011,1.00000,0.0000,1.0000,-4.29331,unity
55.1211,1.00000,0.0000,1.0000,-4.32308,unity
55.1411,1.00000,0.0000,1.0000,-4.35270,unity
55.1611,1.00000,0.0000,1.0000,-4.38217,unity
55.1811,1.00000,0.0000,1.0000,-4.41147,unity
55.2011,1.00000,0.0000,1.0000,-4.44063,unity
55.2211,1.00000,0.0000,1.0000,-4.46962,unity
55.2411,1.00000,0.0000,1.0000,-4.49845,unity
55.2611,1.00000,0.0000,1.0000,-4.52711,unity
55.2811,1.00000,0.0000,1.0000,-4.55561,unity
55.3011,1.00000,0.0000,1.0000,-4.58394,unity
55.3211,1.00000,0.0000,1.0000,-4.61210,unity
55.3411,1.00000,0.0000,1.0000,-4.64009,unity
55.3611,1.00000,0.0000,1.0000,-4.66791,unity
55.3811,1.00000,0.0000,1.0000,-4.69554,unity
55.4011,1.00000,0.0000,1.0000,-4.72300,unity
55.4211,1.00000,0.0000,1.0000,-4.75028,unity
55.4411,1.00000,0.0000,1.0000,-4.77737,unity
55.4611,1.00000,0.0000,1.0000,-4.80428,unity
55.4811,1.00000,0.0000,1.0000,-4.83100,unity
55.5011,1.00000,0.0000,1.0000,-4.85753,unity
55.5211,1.00000,0.0000,1.0000,-4.88387,unity
55.5411,1.00000,0.0000,1.0000,-4.91001,unity
55.5611,1.00000,0.0000,1.0000,-4.93596,unity
55.5811,1.00000,0.0000,1.0000,-4.96171,unity
55.6011,1.00000,0.0000,1.0000,-4.98725,unity
55.6211,1.00000,0.0000,1.0000,-5.01259,unity
55.6411,1.00000,0.0000,1.0000,-5.05199,unity
55.6611,1.00000,0.0000,1.0000,-5.04763,unity
55.6811,1.00000,0.0000,1.0000,-5.10601,unity
55.7011,1.00000,0.0000,1.0000,-5.06797,unity
55.7211,1.00000,0.0000,1.0000,-5.16730,unity
55.7411,1.00000,0.0000,1.0000,-5.12931,unity
55.7611,1.00000,0.0000,1.0000,-5.22948,unity
55.7811,1.00000,0.0000,1.0000,-5.17043,unity
55.8011,1.00000,0.0000,1.0000,-5.23095,unity
55.8211,1.00000,0.0000,1.0000,-5.25827,unity
55.8411,1.00000,0.0000,1.0000,-5.28273,unity
55.8611,1.00000,0.0000,1.0000,-5.20874,unity
55.8811,1.00000,0.0000,1.0000,-5.36071,unity
55.9011,1.00000,0.0000,1.0000,-5.24189,unity
55.9211,1.00000,0.0000,1.0000,-5.40312,unity
55.9411,1.00000,0.0000,1.0000,-5.26940,unity
55.9611,1.00000,0.0000,1.0000,-5.42969,unity
55.9811,1.00000,0.0000,1.0000,-5.32963,unity
56.0011,1.00000,0.0000,1.0000,-5.47334,unity
56.0211,1.00000,0.0000,1.0000,-5.36922,unity
56.0411,1.00000,0.0000,1.0000,-5.52032,unity
56.0611,1.00000,0.0000,1.0000,-5.39160,unity
56.0811,1.00000,0.0000,1.0000,-5.54528,unity
56.1011,1.00000,0.0000,1.0000,-5.45004,unity
56.1211,1.00000,0.0000,1.0000,-5.58641,unity
56.1411,1.00000,0.0000,1.0000,-5.48772,unity
56.1611,1.00000,0.0000,1.0000,-5.62881,unity
56.1811,1.00000,0.0000,1.0000,-5.51278,unity
56.2011,1.00000,0.0000,1.0000,-5.65916,unity
56.2211,1.00000,0.0000,1.0000,-5.54760,unity
56.2411,1.00000,0.0000,1.0000,-5.69107,unity
56.2611,1.00000,0.0000,1.0000,-5.57423,unity
56.2811,1.00000,0.0000,1.0000,-5.71636,unity
56.3011,1.00000,0.0000,1.0000,-5.60867,unity
56.3211,1.00000,0.0000,1.0000,-5.74668,unity
56.3411,1.00000,0.0000,1.0000,-5.62820,unity
56.3611,1.00000,0.0000,1.0000,-5.76581,unity
56.3811,1.00000,0.0000,1.0000,-5.66219,unity
56.4011,1.00000,0.0000,1.0000,-5.79398,unity
56.4211,1.00000,0.0000,1.0000,-5.67523,unity
56.4411,1.00000,0.0000,1.0000,-5.80809,unity
56.4611,1.00000,0.0000,1.0000,-5.70592,unity
56.4811,1.00000,0.0000,1.0000,-5.83228,unity
56.5011,1.00000,0.0000,1.0000,-5.71436,unity
56.5211,1.00000,0.0000,1.0000,-5.84234,unity
56.5411,1.00000,0.0000,1.0000,-5.73922,unity
56.5611,1.00000,0.0000,1.0000,-5.86134,unity
56.5811,1.00000,0.0000,1.0000,-5.74289,unity
56.6011,1.00000,0.0000,1.0000,-5.86610,unity
56.6211,1.00000,0.0000,1.0000,-5.76303,unity
56.6411,1.00000,0.0000,1.0000,-5.88016,unity
56.6611,1.00000,0.0000,1.0000,-5.76094,unity
56.6811,1.00000,0.0000,1.0000,-5.87939,unity
56.7011,1.00000,0.0000,1.0000,-5.77577,unity
56.7211,1.00000,0.0000,1.0000,-5.88803,unity
56.7411,1.00000,0.0000,1.0000,-5.76710,unity
56.7611,1.00000,0.0000,1.0000,-5.88078,unity
56.7811,1.00000,0.0000,1.0000,-5.77655,unity
56.8011,1.00000,0.0000,1.0000,-5.88374,unity
56.8211,1.00000,0.0000,1.0000,-5.76033,unity
56.8411,1.00000,0.0000,1.0000,-5.86920,unity
56.8611,1.00000,0.0000,1.0000,-5.76423,unity
56.8811,1.00000,0.0000,1.0000,-5.86608,unity
56.9011,1.00000,0.0000,1.0000,-5.73949,unity
56.9211,1.00000,0.0000,1.0000,-5.84342,unity
56.9411,1.00000,0.0000,1.0000,-5.73736,unity
56.9611,1.00000,0.0000,1.0000,-5.83304,unity
56.9811,1.00000,0.0000,1.0000,-5.70309,unity
57.0011,1.00000,0.0000,1.0000,-5.80023,unity
57.0211,1.00000,0.0000,1.0000,-5.69375,unity
57.0411,1.00000,0.0000,1.0000,-5.78133,unity
57.0611,1.00000,0.0000,1.0000,-5.64802,unity
57.0811,1.00000,0.0000,1.0000,-5.73742,unity
57.1011,1.00000,0.0000,1.0000,-5.62866,unity
57.1211,1.00000,0.0000,1.0000,-5.70806,unity
57.1411,1.00000,0.0000,1.0000,-5.56760,unity
57.1611,1.00000,0.0000,1.0000,-5.64945,unity
57.1811,1.00000,0.0000,1.0000,-5.53635,unity
57.2011,1.00000,0.0000,1.0000,-5.60603,unity
57.2211,1.00000,0.0000,1.0000,-5.45944,unity
57.2411,1.00000,0.0000,1.0000,-5.53260,unity
57.2611,1.00000,0.0000,1.0000,-5.40744,unity
57.2811,1.00000,0.0000,1.0000,-5.47257,unity
57.3011,1.00000,0.0000,1.0000,-5.30071,unity
57.3211,1.00000,0.0000,1.0000,-5.36316,unity
57.3411,1.00000,0.0000,1.0000,-5.26340,unity
57.3611,1.00000,0.0000,1.0000,-5.25095,unity
57.3811,1.00000,0.0000,1.0000,-5.14013,unity
57.4011,1.00000,0.0000,1.0000,-5.18610,unity
57.4211,1.00000,0.0000,1.0000,-4.99888,unity
57.4411,1.00000,0.0000,1.0000,-5.00817,unity
57.4611,1.00000,0.0000,1.0000,-4.98557,unity
57.4811,1.00000,0.0000,1.0000,-4.89007,unity
57.5011,1.00000,0.0000,1.0000,-4.81892,unity
57.5211,1.00000,0.0000,1.0000,-4.74463,unity
57.5411,1.00000,0.0000,1.0000,-4.66699,unity
57.5611,1.00000,0.0000,1.0000,-4.58596,unity
57.5811,1.00000,0.0000,1.0000,-4.50147,unity
57.6011,1.00000,0.0000,1.0000,-4.41346,unity
57.6211,1.00000,0.0000,1.0000,-4.32190,unity
57.6411,1.00000,0.0000,1.0000,-4.22675,unity
57.6611,1.00000,0.0000,1.0000,-4.12802,unity
57.6811,1.00000,0.0000,1.0000,-4.02576,unity
57.7011,1.00000,0.0000,1.0000,-3.91995,unity
57.7211,1.00000,0.0000,1.0000,-3.81067,unity
57.7411,1.00000,0.0000,1.0000,-3.69800,unity
57.7611,1.00000,0.0000,1.0000,-3.58205,unity
57.7811,1.00000,0.0000,1.0000,-3.46298,unity
57.8011,1.00000,0.0000,1.0000,-3.34094,unity
57.8211,1.00000,0.0000,1.0000,-3.21613,unity
57.8411,1.00000,0.0000,1.0000,-3.08878,unity
57.8611,1.00000,0.0000,1.0000,-2.95915,unity
57.8811,1.00000,0.0000,1.0000,-2.82753,unity
57.9011,1.00000,0.0000,1.0000,-2.69425,unity
57.9211,1.00000,0.0000,1.0000,-2.55966,unity
57.9411,1.00000,0.0000,1.0000,-2.42412,unity
57.9611,1.00000,0.0000,1.0000,-2.28802,unity
57.9811,1.00000,0.0000,1.0000,-2.15171,unity
58.0011,1.00000,0.0000,1.0000,-2.01548,unity
58.0211,1.00000,0.0000,1.0000,-1.87966,unity
58.0411,1.00000,0.0000,1.0000,-1.74465,unity
58.0611,1.00000,0.0000,1.0000,-1.61100,unity
58.0811,1.00000,0.0000,1.0000,-1.47934,unity
58.1011,1.00000,0.0000,1.0000,-1.35004,unity
58.1211,1.00000,0.0000,1.0000,-1.22344,unity
58.1411,1.00000,0.0000,1.0000,-1.09985,unity
58.1611,1.00000,0.0000,1.0000,-0.97957,unity
58.1811,1.00000,0.0000,1.0000,-0.86287,unity
58.2011,1.00000,0.0000,1.0000,-0.75010,unity
58.2211,1.00000,0.0000,1.0000,-0.64163,unity
58.2411,1.00000,0.0000,1.0000,-0.53760,unity
58.2611,1.00000,0.0000,1.0000,-0.43830,unity
58.2811,1.00000,0.0000,1.0000,-0.34345,unity
58.3011,1.00000,0.0000,1.0000,-0.25384,unity
58.3211,1.00000,0.0000,1.0000,-0.16614,unity
58.3411,1.00000,0.0000,1.0000,-0.08756,unity
58.3612,1.00000,0.0000,1.0000,-0.01323,unity
58.3812,1.00000,0.0000,1.0000,0.05999,unity
58.4012,1.00000,0.0000,1.0000,0.12666,unity
58.4212,1.00000,0.0000,1.0000,0.23872,unity
58.4412,1.00000,0.0000,1.0000,0.36907,unity
58.4612,1.00000,0.0000,1.0000,0.48921,unity
58.4812,1.00000,0.0000,1.0000,0.58596,unity
58.5012,1.00000,0.0000,1.0000,0.74791,unity
58.5212,1.00000,0.0000,1.0000,0.74133,unity
58.5412,1.00000,0.0000,1.0000,0.71662,unity
58.5612,1.00000,0.0000,1.0000,0.68402,unity
58.5812,1.00000,0.0000,1.0000,0.64707,unity
58.6012,1.00000,0.0000,1.0000,0.60792,unity
58.6212,1.00000,0.0000,1.0000,0.56783,unity
58.6412,1.00000,0.0000,1.0000,0.52753,unity
58.6612,1.00000,0.0000,1.0000,0.48740,unity
58.6812,1.00000,0.0000,1.0000,0.44766,unity
58.7012,1.00000,0.0000,1.0000,0.40844,unity
58.7212,1.00000,0.0000,1.0000,0.36981,unity
58.7412,1.00000,0.0000,1.0000,0.33182,unity
58.7612,1.00000,0.0000,1.0000,0.29451,unity
58.7812,1.00000,0.0000,1.0000,0.25293,unity
58.8012,1.00000,0.0000,1.0000,0.21345,unity
58.8212,1.00000,0.0000,1.0000,0.23219,unity
58.8412,1.00000,0.0000,1.0000,0.17994,unity
58.8612,1.00000,0.0000,1.0000,0.12609,unity
58.8812,1.00000,0.0000,1.0000,0.07554,unity
58.9012,1.00000,0.0000,1.0000,0.01850,unity
58.9212,1.00000,0.0000,1.0000,-0.04904,unity
58.9412,1.00000,0.0000,1.0000,-0.10405,unity
58.9612,1.00000,0.0000,1.0000,-0.14460,unity
58.9812,1.00000,0.0000,1.0000,-0.17981,unity
59.0012,1.00000,0.0000,1.0000,-0.21841,unity
59.0212,1.00000,0.0000,1.0000,-0.26616,unity
59.0412,1.00000,0.0000,1.0000,-0.28425,unity
59.0612,1.00000,0.0000,1.0000,-0.33608,unity
59.0812,1.00000,0.0000,1.0000,-0.36206,unity
59.1012,1.00000,0.0000,1.0000,-0.41955,unity
59.1212,1.00000,0.0000,1.0000,-0.42828,unity
59.1412,1.00000,0.0000,1.0000,-0.47709,unity
59.1612,1.00000,0.0000,1.0000,-0.52126,unity
59.1812,1.00000,0.0000,1.0000,-0.55050,unity
59.2012,1.00000,0.0000,1.0000,-0.59528,unity
59.2212,1.00000,0.0000,1.0000,-0.63309,unity
59.2412,1.00000,0.0000,1.0000,-0.66576,unity
59.2612,1.00000,0.0000,1.0000,-0.71089,unity
59.2812,1.00000,0.0000,1.0000,-0.74813,unity
59.3012,1.00000,0.0000,1.0000,-0.78140,unity
59.3212,1.00000,0.0000,1.0000,-0.81783,unity
59.3412,1.00000,0.0000,1.0000,-0.86332,unity
59.3612,1.00000,0.0000,1.0000,-0.89566,unity
59.3812,1.00000,0.0000,1.0000,-0.93494,unity
59.4012,1.00000,0.0000,1.0000,-0.96811,unity
59.4212,1.00000,0.0000,1.0000,-1.01083,unity
59.4412,1.00000,0.0000,1.0000,-1.04245,unity
59.4612,1.00000,0.0000,1.0000,-1.08004,unity
59.4812,1.00000,0.0000,1.0000,-1.12057,unity
59.5012,1.00000,0.0000,1.0000,-1.15380,unity
59.5212,1.00000,0.0000,1.0000,-1.19373,unity
59.5412,1.00000,0.0000,1.0000,-1.22842,unity
59.5612,1.00000,0.0000,1.0000,-1.26431,unity
59.5812,1.00000,0.0000,1.0000,-1.30161,unity
59.6012,1.00000,0.0000,1.0000,-1.33758,unity
59.6212,1.00000,0.0000,1.0000,-1.37431,unity
59.6412,1.00000,0.0000,1.0000,-1.41075,unity
59.6612,1.00000,0.0000,1.0000,-1.44732,unity
59.6812,1.00000,0.0000,1.0000,-1.48389,unity
59.7012,1.00000,0.0000,1.0000,-1.52048,unity
59.7212,1.00000,0.0000,1.0000,-1.55716,unity
59.7412,1.00000,0.0000,1.0000,-1.59406,unity
59.7612,1.00000,0.0000,1.0000,-1.63065,unity
59.7812,1.00000,0.0000,1.0000,-1.66688,unity
59.8012,1.00000,0.0000,1.0000,-1.70309,unity
59.8212,1.00000,0.0000,1.0000,-1.73926,unity
59.8412,1.00000,0.0000,1.0000,-1.77539,unity
59.8612,1.00000,0.0000,1.0000,-1.81148,unity
59.8812,1.00000,0.0000,1.0000,-1.84753,unity
59.9012,1.00000,0.0000,1.0000,-1.88353,unity
59.9212,1.00000,0.0000,1.0000,-1.91950,unity
59.9412,1.00000,0.0000,1.0000,-1.95542,unity
59.9612,1.00000,0.0000,1.0000,-1.99131,unity
59.9812,1.00000,0.0000,1.0000,-2.02714,unity
60.0012,1.00000,0.0000,1.0000,-2.06293,unity
60.0212,1.00000,0.0000,1.0000,-2.09868,unity
60.0412,1.00000,0.0000,1.0000,-2.13438,unity
60.0612,1.00000,0.0000,1.0000,-2.17003,unity
60.0812,1.00000,0.0000,1.0000,-2.20563,unity
60.1012,1.00000,0.0000,1.0000,-2.24118,unity
60.1212,1.00000,0.0000,1.0000,-2.27669,unity
60.1412,1.00000,0.0000,1.0000,-2.31214,unity
60.1612,1.00000,0.0000,1.0000,-2.34754,unity
60.1812,1.00000,0.0000,1.0000,-2.38289,unity
60.2012,1.00000,0.0000,1.0000,-2.41819,unity
60.2212,1.00000,0.0000,1.0000,-2.45343,unity
60.2412,1.00000,0.0000,1.0000,-2.48862,unity
60.2612,1.00000,0.0000,1.0000,-2.52376,unity
60.2812,1.00000,0.0000,1.0000,-2.55883,unity
60.3012,1.00000,0.0000,1.0000,-2.59385,unity
60.3212,1.00000,0.0000,1.0000,-2.62881,unity
60.3412,1.00000,0.0000,1.0000,-2.66372,unity
60.3612,1.00000,0.0000,1.0000,-2.69856,unity
60.3812,1.00000,0.0000,1.0000,-2.73334,unity
60.4012,1.00000,0.0000,1.0000,-2.76806,unity
60.4212,1.00000,0.0000,1.0000,-2.80271,unity
60.4412,1.00000,0.0000,1.0000,-2.83730,unity
60.4612,1.00000,0.0000,1.0000,-2.87182,unity
60.4812,1.00000,0.0000,1.0000,-2.90627,unity
60.5012,1.00000,0.0000,1.0000,-2.94066,unity
60.5212,1.00000,0.0000,1.0000,-2.97497,unity
60.5412,1.00000,0.0000,1.0000,-3.00921,unity
60.5612,1.00000,0.0000,1.0000,-3.04338,unity
60.5812,1.00000,0.0000,1.0000,-3.07747,unity
60.6012,1.00000,0.0000,1.0000,-3.11149,unity
60.6212,1.00000,0.0000,1.0000,-3.14542,unity
60.6412,1.00000,0.0000,1.0000,-3.17928,unity
60.6612,1.00000,0.0000,1.0000,-3.21306,unity
60.6812,1.00000,0.0000,1.0000,-3.24675,unity
60.7012,1.00000,0.0000,1.0000,-3.28036,unity
60.7212,1.00000,0.0000,1.0000,-3.31388,unity
60.7412,1.00000,0.0000,1.0000,-3.34731,unity
60.7612,1.00000,0.0000,1.0000,-3.38065,unity
60.7812,1.00000,0.0000,1.0000,-3.41390,unity
60.8012,1.00000,0.0000,1.0000,-3.44706,unity
60.8212,1.00000,0.0000,1.0000,-3.48012,unity
60.8412,1.00000,0.0000,1.0000,-3.51309,unity
60.8612,1.00000,0.0000,1.0000,-3.54596,unity
60.8812,1.00000,0.0000,1.0000,-3.57872,unity
60.9012,1.00000,0.0000,1.0000,-3.61138,unity
60.9212,1.00000,0.0000,1.0000,-3.64394,unity
60.9412,1.00000,0.0000,1.0000,-3.67640,unity
60.9612,1.00000,0.0000,1.0000,-3.70874,unity
60.9812,1.00000,0.0000,1.0000,-3.74097,unity
61.0012,1.00000,0.0000,1.0000,-3.77309,unity
61.0212,1.00000,0.0000,1.0000,-3.80510,unity
61.0412,1.00000,0.0000,1.0000,-3.83699,unity
61.0612,1.00000,0.0000,1.0000,-3.86876,unity
61.0812,1.00000,0.0000,1.0000,-3.90041,unity
61.1012,1.00000,0.0000,1.0000,-3.93194,unity
61.1212,1.00000,0.0000,1.0000,-3.96335,unity
61.1412,1.00000,0.0000,1.0000,-3.99463,unity
61.1612,1.00000,0.0000,1.0000,-4.02577,unity
61.1812,1.00000,0.0000,1.0000,-4.05679,unity
61.2012,1.00000,0.0000,1.0000,-4.08768,unity
61.2212,1.00000,0.0000,1.0000,-4.11842,unity
61.2412,1.00000,0.0000,1.0000,-4.14904,unity
61.2612,1.00000,0.0000,1.0000,-4.17951,unity
61.2812,1.00000,0.0000,1.0000,-4.20983,unity
61.3012,1.00000,0.0000,1.0000,-4.24002,unity
61.3212,1.00000,0.0000,1.0000,-4.27005,unity
61.3412,1.00000,0.0000,1.0000,-4.29994,unity
61.3612,1.00000,0.0000,1.0000,-4.32967,unity
61.3812,1.00000,0.0000,1.0000,-4.35926,unity
61.4012,1.00000,0.0000,1.0000,-4.38869,unity
61.4212,1.00000,0.0000,1.0000,-4.41796,unity
61.4412,1.00000,0.0000,1.0000,-4.44708,unity
61.4612,1.00000,0.0000,1.0000,-4.47603,unity
61.4812,1.00000,0.0000,1.0000,-4.50483,unity
61.5012,1.00000,0.0000,1.0000,-4.53345,unity
61.5212,1.00000,0.0000,1.0000,-4.56192,unity
61.5412,1.00000,0.0000,1.0000,-4.59021,unity
61.5612,1.00000,0.0000,1.0000,-4.61833,unity
61.5812,1.00000,0.0000,1.0000,-4.64628,unity
61.6012,1.00000,0.0000,1.0000,-4.67406,unity
61.6212,1.00000,0.0000,1.0000,-4.70165,unity
61.6412,1.00000,0.0000,1.0000,-4.72907,unity
61.6612,1.00000,0.0000,1.0000,-4.75631,unity
61.6812,1.00000,0.0000,1.0000,-4.78336,unity
61.7012,1.00000,0.0000,1.0000,-4.81023,unity
61.7212,1.00000,0.0000,1.0000,-4.83691,unity
61.7412,1.00000,0.0000,1.0000,-4.86340,unity
61.7612,1.00000,0.0000,1.0000,-4.88969,unity
61.7812,1.00000,0.0000,1.0000,-4.91579,unity
61.8012,1.00000,0.0000,1.0000,-4.94169,unity
61.8212,1.00000,0.0000,1.0000,-4.96740,unity
61.8412,1.00000,0.0000,1.0000,-4.99290,unity
61.8612,1.00000,0.0000,1.0000,-5.01819,unity
61.8812,1.00000,0.0000,1.0000,-5.05755,unity
61.9012,1.00000,0.0000,1.0000,-5.05319,unity
61.9212,1.00000,0.0000,1.0000,-5.11143,unity
61.9412,1.00000,0.0000,1.0000,-5.07353,unity
61.9612,1.00000,0.0000,1.0000,-5.17261,unity
61.9812,1.00000,0.0000,1.0000,-5.13462,unity
62.0012,1.00000,0.0000,1.0000,-5.23512,unity
62.0212,1.00000,0.0000,1.0000,-5.17607,unity
62.0412,1.00000,0.0000,1.0000,-5.23402,unity
62.0612,1.00000,0.0000,1.0000,-5.26229,unity
62.0812,1.00000,0.0000,1.0000,-5.28638,unity
62.1012,1.00000,0.0000,1.0000,-5.21600,unity
62.1212,1.00000,0.0000,1.0000,-5.36851,unity
62.1412,1.00000,0.0000,1.0000,-5.25136,unity
62.1612,1.00000,0.0000,1.0000,-5.41365,unity
62.1812,1.00000,0.0000,1.0000,-5.28635,unity
62.2012,1.00000,0.0000,1.0000,-5.44865,unity
62.2212,1.00000,0.0000,1.0000,-5.36155,unity
62.2412,1.00000,0.0000,1.0000,-5.50807,unity
62.2612,1.00000,0.0000,1.0000,-5.40909,unity
62.2812,1.00000,0.0000,1.0000,-5.48330,unity
62.3012,1.00000,0.0000,1.0000,-5.47985,unity
62.3212,1.00000,0.0000,1.0000,-5.54270,unity
62.3412,1.00000,0.0000,1.0000,-5.46093,unity
62.3612,1.00000,0.0000,1.0000,-5.60950,unity
62.3812,1.00000,0.0000,1.0000,-5.51762,unity
62.4012,1.00000,0.0000,1.0000,-5.58601,unity
62.4212,1.00000,0.0000,1.0000,-5.57815,unity
62.4412,1.00000,0.0000,1.0000,-5.63438,unity
62.4612,1.00000,0.0000,1.0000,-5.56247,unity
62.4812,1.00000,0.0000,1.0000,-5.70192,unity
62.5012,1.00000,0.0000,1.0000,-5.60009,unity
62.5212,1.00000,0.0000,1.0000,-5.67113,unity
62.5412,1.00000,0.0000,1.0000,-5.67443,unity
62.5612,1.00000,0.0000,1.0000,-5.71703,unity
62.5812,1.00000,0.0000,1.0000,-5.63793,unity
62.6012,1.00000,0.0000,1.0000,-5.77287,unity
62.6212,1.00000,0.0000,1.0000,-5.67574,unity
62.6412,1.00000,0.0000,1.0000,-5.74702,unity
62.6612,1.00000,0.0000,1.0000,-5.71970,unity
62.6812,1.00000,0.0000,1.0000,-5.74478,unity
62.7012,1.00000,0.0000,1.0000,-5.73809,unity
62.7212,1.00000,0.0000,1.0000,-5.77316,unity
62.7413,1.00000,0.0000,1.0000,-5.76181,unity
62.7613,1.00000,0.0000,1.0000,-5.79687,unity
62.7813,1.00000,0.0000,1.0000,-5.73541,unity
62.8013,1.00000,0.0000,1.0000,-5.79737,unity
62.8213,1.00000,0.0000,1.0000,-5.76627,unity
62.8413,1.00000,0.0000,1.0000,-5.78292,unity
62.8613,1.00000,0.0000,1.0000,-5.77167,unity
62.8813,1.00000,0.0000,1.0000,-5.79726,unity
62.9013,1.00000,0.0000,1.0000,-5.78235,unity
62.9213,1.00000,0.0000,1.0000,-5.80816,unity
62.9413,1.00000,0.0000,1.0000,-5.74345,unity
62.9613,1.00000,0.0000,1.0000,-5.78488,unity
62.9813,1.00000,0.0000,1.0000,-5.77103,unity
63.0013,1.00000,0.0000,1.0000,-5.79278,unity
63.0213,1.00000,0.0000,1.0000,-5.71444,unity
63.0413,1.00000,0.0000,1.0000,-5.78503,unity
63.0613,1.00000,0.0000,1.0000,-5.66466,unity
63.0813,1.00000,0.0000,1.0000,-5.76706,unity
63.1013,1.00000,0.0000,1.0000,-5.63087,unity
63.1213,1.00000,0.0000,1.0000,-5.73031,unity
63.1413,1.00000,0.0000,1.0000,-5.62393,unity
63.1613,1.00000,0.0000,1.0000,-5.70629,unity
63.1813,1.00000,0.0000,1.0000,-5.58311,unity
63.2013,1.00000,0.0000,1.0000,-5.67191,unity
63.2213,1.00000,0.0000,1.0000,-5.53151,unity
63.2413,1.00000,0.0000,1.0000,-5.61647,unity
63.2613,1.00000,0.0000,1.0000,-5.49934,unity
63.2813,1.00000,0.0000,1.0000,-5.57511,unity
63.3013,1.00000,0.0000,1.0000,-5.41816,unity
63.3213,1.00000,0.0000,1.0000,-5.49356,unity
63.3413,1.00000,0.0000,1.0000,-5.39252,unity
63.3613,1.00000,0.0000,1.0000,-5.41035,unity
63.3813,1.00000,0.0000,1.0000,-5.30993,unity
63.4013,1.00000,0.0000,1.0000,-5.33112,unity
63.4213,1.00000,0.0000,1.0000,-5.23182,unity
63.4413,1.00000,0.0000,1.0000,-5.22420,unity
63.4613,1.00000,0.0000,1.0000,-5.11316,unity
63.4813,1.00000,0.0000,1.0000,-5.15275,unity
63.5013,1.00000,0.0000,1.0000,-4.98839,unity
63.5213,1.00000,0.0000,1.0000,-4.99416,unity
63.5413,1.00000,0.0000,1.0000,-4.93551,unity
63.5613,1.00000,0.0000,1.0000,-4.86965,unity
63.5813,1.00000,0.0000,1.0000,-4.80047,unity
63.6013,1.00000,0.0000,1.0000,-4.72799,unity
63.6213,1.00000,0.0000,1.0000,-4.65220,unity
63.6413,1.00000,0.0000,1.0000,-4.57305,unity
63.6613,1.00000,0.0000,1.0000,-4.49051,unity
63.6813,1.00000,0.0000,1.0000,-4.40452,unity
63.7013,1.00000,0.0000,1.0000,-4.31505,unity
63.7213,1.00000,0.0000,1.0000,-4.22206,unity
63.7413,1.00000,0.0000,1.0000,-4.12555,unity
63.7613,1.00000,0.0000,1.0000,-4.02557,unity
63.7813,1.00000,0.0000,1.0000,-3.92212,unity
63.8013,1.00000,0.0000,1.0000,-3.81525,unity
63.8213,1.00000,0.0000,1.0000,-3.70503,unity
63.8413,1.00000,0.0000,1.0000,-3.59160,unity
63.8613,1.00000,0.0000,1.0000,-3.47506,unity
63.8813,1.00000,0.0000,1.0000,-3.35559,unity
63.9013,1.00000,0.0000,1.0000,-3.23337,unity
63.9213,1.00000,0.0000,1.0000,-3.10861,unity
63.9413,1.00000,0.0000,1.0000,-2.98156,unity
63.9613,1.00000,0.0000,1.0000,-2.85249,unity
63.9813,1.00000,0.0000,1.0000,-2.72173,unity
64.0013,1.00000,0.0000,1.0000,-2.58959,unity
64.0213,1.00000,0.0000,1.0000,-2.45645,unity
64.0413,1.00000,0.0000,1.0000,-2.32268,unity
64.0613,1.00000,0.0000,1.0000,-2.18863,unity
64.0813,1.00000,0.0000,1.0000,-2.05461,unity
64.1013,1.00000,0.0000,1.0000,-1.92090,unity
64.1213,1.00000,0.0000,1.0000,-1.78793,unity
64.1413,1.00000,0.0000,1.0000,-1.65622,unity
64.1613,1.00000,0.0000,1.0000,-1.52636,unity
64.1812,1.00000,0.0000,1.0000,-1.39871,unity
64.2012,1.00000,0.0000,1.0000,-1.27360,unity
64.2212,1.00000,0.0000,1.0000,-1.15135,unity
64.2412,1.00000,0.0000,1.0000,-1.03230,unity
64.2612,1.00000,0.0000,1.0000,-0.91667,unity
64.2812,1.00000,0.0000,1.0000,-0.80478,unity
64.3012,1.00000,0.0000,1.0000,-0.69698,unity
64.3212,1.00000,0.0000,1.0000,-0.59364,unity
64.3412,1.00000,0.0000,1.0000,-0.49480,unity
64.3612,1.00000,0.0000,1.0000,-0.40052,unity
64.3812,1.00000,0.0000,1.0000,-0.31087,unity
64.4012,1.00000,0.0000,1.0000,-0.22575,unity
64.4212,1.00000,0.0000,1.0000,-0.14631,unity
64.4412,1.00000,0.0000,1.0000,-0.07131,unity
64.4612,1.00000,0.0000,1.0000,-0.00046,unity
64.4812,1.00000,0.0000,1.0000,0.06391,unity
64.5012,1.00000,0.0000,1.0000,0.12280,unity
64.5212,1.00000,0.0000,1.0000,0.24372,unity
64.5412,1.00000,0.0000,1.0000,0.36871,unity
64.5612,1.00000,0.0000,1.0000,0.48404,unity
64.5812,1.00000,0.0000,1.0000,0.56997,unity
64.6012,1.00000,0.0000,1.0000,0.72679,unity
64.6212,1.00000,0.0000,1.0000,0.71944,unity
64.6412,1.00000,0.0000,1.0000,0.69435,unity
64.6612,1.00000,0.0000,1.0000,0.66159,unity
64.6812,1.00000,0.0000,1.0000,0.62464,unity
64.7012,1.00000,0.0000,1.0000,0.58561,unity
64.7212,1.00000,0.0000,1.0000,0.54572,unity
64.7412,1.00000,0.0000,1.0000,0.50565,unity
64.7612,1.00000,0.0000,1.0000,0.46579,unity
64.7811,1.00000,0.0000,1.0000,0.42636,unity
64.8011,1.00000,0.0000,1.0000,0.38746,unity
64.8211,1.00000,0.0000,1.0000,0.34917,unity
64.8411,1.00000,0.0000,1.0000,0.31155,unity
64.8611,1.00000,0.0000,1.0000,0.27134,unity
64.8811,1.00000,0.0000,1.0000,0.23063,unity
64.9011,1.00000,0.0000,1.0000,0.25414,unity
64.9211,1.00000,0.0000,1.0000,0.20140,unity
64.9411,1.00000,0.0000,1.0000,0.14733,unity
64.9611,1.00000,0.0000,1.0000,0.09335,unity
64.9811,1.00000,0.0000,1.0000,0.03751,unity
65.0011,1.00000,0.0000,1.0000,-0.03888,unity
65.0211,0.97053,0.0000,1.0000,-0.09534,unity
65.0411,0.93125,0.0000,1.0000,-0.13756,unity
65.0611,0.89441,0.0000,1.0000,-0.18107,unity
65.0811,0.85311,0.0000,1.0000,-0.21592,unity
65.1011,0.81135,0.0000,0.0000,-0.25368,unity
65.1211,0.77453,0.0000,0.0000,-0.26870,unity
65.1411,0.73812,0.0000,0.0000,-0.27025,unity
65.1611,0.69479,0.0000,0.0000,-0.27120,unity
65.1811,0.65135,0.0000,0.0000,-0.27200,unity
65.2011,0.61549,0.0000,0.0000,-0.27270,unity
65.2211,0.57412,0.0000,0.0000,-0.27326,unity
65.2411,0.53100,0.0000,0.0000,-0.27380,unity
65.2611,0.49693,0.0000,0.0000,-0.27430,unity
65.2811,0.45075,0.0000,0.0000,-0.27470,unity
65.3011,0.41173,0.0000,0.0000,-0.27513,unity
65.3211,0.37608,0.0000,0.0000,-0.27548,unity
65.3411,0.33537,0.0000,0.0000,-0.27577,unity
65.3611,0.29726,0.0000,0.0000,-0.27603,unity
65.3810,0.25645,0.0000,0.0000,-0.27626,unity
65.4010,0.21806,0.0000,0.0000,-0.27646,unity
65.4210,0.17126,0.0000,0.0000,-0.27662,unity
65.4410,0.13450,0.0000,0.0000,-0.27676,unity
65.4610,0.09795,0.0000,0.0000,-0.27685,unity
65.4810,0.05748,0.0000,0.0000,-0.27690,unity
65.5010,0.01250,0.0000,0.0000,-0.27691,unity
65.5210,0.00000,0.0000,0.0000,-0.27689,unity
65.5410,0.00000,0.0000,0.0000,-0.27685,unity
65.5610,0.00000,0.0000,0.0000,-0.27681,unity
65.5810,0.00000,0.0000,0.0000,-0.27677,unity
65.6010,0.00000,0.0000,0.0000,-0.27673,unity
65.6210,0.00000,0.0000,0.0000,-0.27670,unity
65.6410,0.00000,0.0000,0.0000,-0.27666,unity
65.6610,0.00000,0.0000,0.0000,-0.27662,unity
65.6810,0.00000,0.0000,0.0000,-0.27659,unity
65.7010,0.00000,0.0000,0.0000,-0.27655,unity
65.7210,0.00000,0.0000,0.0000,-0.27651,unity
65.7410,0.00000,0.0000,0.0000,-0.27648,unity
65.7610,0.00000,0.0000,0.0000,-0.27644,unity
65.7810,0.00000,0.0000,0.0000,-0.27640,unity
65.8010,0.00000,0.0000,0.0000,-0.27637,unity
65.8210,0.00000,0.0000,0.0000,-0.27633,unity
65.8410,0.00000,0.0000,0.0000,-0.27630,unity
65.8610,0.00000,0.0000,0.0000,-0.27626,unity
65.8810,0.00000,0.0000,0.0000,-0.27623,unity
65.9010,0.00000,0.0000,0.0000,-0.27619,unity
65.9210,0.00000,0.0000,0.0000,-0.27615,unity
65.9410,0.00000,0.0000,1.0000,-0.27612,unity
65.9610,0.00000,0.0000,1.0000,-0.29636,unity
65.9809,0.00000,0.0000,1.0000,-0.34434,unity
66.0009,0.00000,0.0000,1.0000,-0.38510,unity
66.0209,0.00000,0.0000,1.0000,-0.42124,unity
66.0409,0.00000,0.0000,1.0000,-0.46706,unity
66.0609,0.00000,0.0000,1.0000,-0.49411,unity
66.0809,0.00000,0.0000,1.0000,-0.53371,unity
66.1009,0.00000,0.0000,1.0000,-0.57957,unity
66.1209,0.00000,0.0000,1.0000,-0.61574,unity
66.1409,0.00000,0.0000,1.0000,-0.65500,unity
66.1609,0.00000,0.0000,1.0000,-0.68617,unity
66.1809,0.00000,0.0000,1.0000,-0.73811,unity
66.2009,0.00000,0.0000,1.0000,-0.77308,unity
66.2209,0.00000,0.0000,1.0000,-0.80772,unity
66.2409,0.00000,0.0000,1.0000,-0.84937,unity
66.2609,0.00000,0.0000,1.0000,-0.88976,unity
66.2809,0.00000,0.0000,1.0000,-0.92733,unity
66.3009,0.00000,0.0000,1.0000,-0.96589,unity
66.3209,0.00000,0.0000,1.0000,-1.00516,unity
66.3409,0.00000,0.0000,1.0000,-1.04503,unity
66.3609,0.00000,0.0000,1.0000,-1.08517,unity
66.3809,0.00000,0.0000,1.0000,-1.11789,unity
66.4009,0.00000,0.0000,1.0000,-1.16323,unity
66.4209,0.00000,0.0000,1.0000,-1.19536,unity
66.4409,0.00000,0.0000,1.0000,-1.23945,unity
66.4609,0.00000,0.0000,1.0000,-1.27694,unity
66.4809,0.00000,0.0000,1.0000,-1.31567,unity
66.5009,0.00000,0.0000,1.0000,-1.35462,unity
66.5209,0.00000,0.0000,1.0000,-1.39246,unity
66.5409,0.00000,0.0000,1.0000,-1.43109,unity
66.5608,0.00000,0.0000,1.0000,-1.46924,unity
66.5808,0.00000,0.0000,1.0000,-1.50755,unity
66.6008,0.00000,0.0000,1.0000,-1.54580,unity
66.6208,0.00000,0.0000,1.0000,-1.58406,unity
66.6408,0.00000,0.0000,1.0000,-1.62232,unity
66.6608,0.00000,0.0000,1.0000,-1.66058,unity
66.6808,0.00000,0.0000,1.0000,-1.69885,unity
66.7008,0.00000,0.0000,1.0000,-1.73712,unity
66.7208,0.00000,0.0000,1.0000,-1.77539,unity
66.7408,0.00000,0.0000,1.0000,-1.81367,unity
66.7608,0.00000,0.0000,1.0000,-1.85196,unity
66.7808,0.00000,0.0000,1.0000,-1.89025,unity
66.8008,0.00000,0.0000,1.0000,-1.92854,unity
66.8208,0.00000,0.0000,1.0000,-1.96683,unity
66.8408,0.00000,0.0000,1.0000,-2.00512,unity
66.8608,0.00000,0.0000,1.0000,-2.04342,unity
66.8808,0.00000,0.0000,1.0000,-2.08171,unity
66.9008,0.00000,0.0000,1.0000,-2.12001,unity
66.9208,0.00000,0.0000,1.0000,-2.15830,unity
66.9408,0.00000,0.0000,1.0000,-2.19659,unity
66.9608,0.00000,0.0000,1.0000,-2.23488,unity
66.9808,0.00000,0.0000,1.0000,-2.27317,unity
67.0008,0.00000,0.0000,1.0000,-2.31145,unity
67.0208,0.00000,0.0000,1.0000,-2.34973,unity
67.0408,0.00000,0.0000,1.0000,-2.38800,unity
67.0608,0.00000,0.0000,1.0000,-2.42627,unity
67.0808,0.00000,0.0000,1.0000,-2.46454,unity
67.1008,0.00000,0.0000,1.0000,-2.50280,unity
67.1208,0.00000,0.0000,1.0000,-2.54106,unity
67.1408,0.00000,0.0000,1.0000,-2.57931,unity
67.1607,0.00000,0.0000,1.0000,-2.61756,unity
67.1807,0.00000,0.0000,1.0000,-2.65580,unity
67.2007,0.00000,0.0000,1.0000,-2.69404,unity
67.2207,0.00000,0.0000,1.0000,-2.73227,unity
67.2407,0.00000,0.0000,1.0000,-2.77050,unity
67.2607,0.00000,0.0000,1.0000,-2.80872,unity
67.2807,0.00000,0.0000,1.0000,-2.84694,unity
67.3007,0.00000,0.0000,1.0000,-2.88515,unity
67.3207,0.00000,0.0000,1.0000,-2.92336,unity
67.3407,0.00000,0.0000,1.0000,-2.96156,unity
67.3607,0.00000,0.0000,1.0000,-2.99975,unity
67.3807,0.00000,0.0000,1.0000,-3.03794,unity
67.4007,0.00000,0.0000,1.0000,-3.07613,unity
67.4207,0.00000,0.0000,1.0000,-3.11431,unity
67.4407,0.00000,0.0000,1.0000,-3.15248,unity
67.4607,0.00000,0.0000,1.0000,-3.19065,unity
67.4807,0.00000,0.0000,1.0000,-3.22882,unity
67.5007,0.00000,0.0000,1.0000,-3.26698,unity
67.5207,0.00000,0.0000,1.0000,-3.30513,unity
67.5407,0.00000,0.0000,1.0000,-3.34328,unity
67.5607,0.00000,0.0000,1.0000,-3.38142,unity
67.5807,0.00000,0.0000,1.0000,-3.41956,unity
67.6007,0.00000,0.0000,1.0000,-3.45770,unity
67.6207,0.00000,0.0000,1.0000,-3.49582,unity
67.6407,0.00000,0.0000,1.0000,-3.53395,unity
67.6607,0.00000,0.0000,1.0000,-3.57207,unity
67.6807,0.00000,0.0000,1.0000,-3.61018,unity
67.7007,0.00000,0.0000,1.0000,-3.64829,unity
67.7207,0.00000,0.0000,1.0000,-3.68639,unity
67.7407,0.00000,0.0000,1.0000,-3.72449,unity
67.7606,0.00000,0.0000,1.0000,-3.76258,unity
67.7806,0.00000,0.0000,1.0000,-3.80067,unity
67.8006,0.00000,0.0000,1.0000,-3.83875,unity
67.8206,0.00000,0.0000,1.0000,-3.87683,unity
67.8406,0.00000,0.0000,1.0000,-3.91490,unity
67.8606,0.00000,0.0000,1.0000,-3.95297,unity
67.8806,0.00000,0.0000,1.0000,-3.99103,unity
67.9006,0.00000,0.0000,1.0000,-4.02909,unity
67.9206,0.00000,0.0000,1.0000,-4.06715,unity
67.9406,0.00000,0.0000,1.0000,-4.10520,unity
67.9606,0.00000,0.0000,1.0000,-4.14324,unity
67.9806,0.00000,0.0000,1.0000,-4.18128,unity
68.0006,0.00000,0.0000,1.0000,-4.21931,unity
68.0206,0.00000,0.0000,1.0000,-4.25734,unity
68.0406,0.00000,0.0000,1.0000,-4.29537,unity
68.0606,0.00000,0.0000,1.0000,-4.33338,unity
68.0806,0.00000,0.0000,1.0000,-4.37140,unity
68.1006,0.00000,0.0000,1.0000,-4.40941,unity
68.1206,0.00000,0.0000,1.0000,-4.44741,unity
68.1406,0.00000,0.0000,1.0000,-4.48541,unity
68.1606,0.00000,0.0000,1.0000,-4.52340,unity
68.1806,0.00000,0.0000,1.0000,-4.56139,unity
68.2006,0.00000,0.0000,1.0000,-4.59938,unity
68.2206,0.00000,0.0000,1.0000,-4.63735,unity
68.2406,0.00000,0.0000,1.0000,-4.67533,unity
68.2606,0.00000,0.0000,1.0000,-4.71330,unity
68.2806,0.00000,0.0000,1.0000,-4.75126,unity
68.3006,0.00000,0.0000,1.0000,-4.78922,unity
68.3206,0.00000,0.0000,1.0000,-4.82717,unity
68.3406,0.00000,0.0000,1.0000,-4.86512,unity
68.3605,0.00000,0.0000,1.0000,-4.90306,unity
68.3805,0.00000,0.0000,1.0000,-4.94100,unity
68.4005,0.00000,0.0000,1.0000,-4.97893,unity
68.4205,0.00000,0.0000,1.0000,-5.01686,unity
68.4405,0.00000,0.0000,1.0000,-5.06775,unity
68.4605,0.00000,0.0000,1.0000,-5.06716,unity
68.4805,0.00000,0.0000,1.0000,-5.16842,unity
68.5005,0.00000,0.0000,1.0000,-5.07164,unity
68.5205,0.00000,0.0000,1.0000,-5.19941,unity
68.5405,0.00000,0.0000,1.0000,-5.20076,unity
68.5605,0.00000,0.0000,1.0000,-5.23421,unity
68.5805,0.00000,0.0000,1.0000,-5.21737,unity
68.6005,0.00000,0.0000,1.0000,-5.42522,unity
68.6205,0.00000,0.0000,1.0000,-5.21835,unity
68.6405,0.00000,0.0000,1.0000,-5.42020,unity
68.6605,0.00000,0.0000,1.0000,-5.43291,unity
68.6805,0.00000,0.0000,1.0000,-5.47859,unity
68.7005,0.00000,0.0000,1.0000,-5.47491,unity
68.7205,0.00000,0.0000,1.0000,-5.66924,unity
68.7405,0.00000,0.0000,1.0000,-5.53707,unity
68.7605,0.00000,0.0000,1.0000,-5.72142,unity
68.7805,0.00000,0.0000,1.0000,-5.63653,unity
68.8005,0.00000,0.0000,1.0000,-5.83350,unity
68.8205,0.00000,0.0000,1.0000,-5.69852,unity
68.8405,0.00000,0.0000,1.0000,-5.81328,unity
68.8605,0.00000,0.0000,1.0000,-5.84222,unity
68.8805,0.00000,0.0000,1.0000,-5.90706,unity
68.9005,0.00000,0.0000,1.0000,-5.87613,unity
68.9205,0.00000,0.0000,1.0000,-5.94855,unity
68.9404,0.00000,0.0000,1.0000,-5.94238,unity
68.9604,0.00000,0.0000,1.0000,-6.04936,unity
68.9804,0.00000,0.0000,1.0000,-6.02983,unity
69.0004,0.00000,0.0000,1.0000,-6.09529,unity
69.0204,0.00000,0.0000,1.0000,-6.08905,unity
69.0404,0.00000,0.0000,1.0000,-6.21195,unity
69.0604,0.00000,0.0000,1.0000,-6.17629,unity
69.0804,0.00000,0.0000,1.0000,-6.26487,unity
69.1004,0.00000,0.0000,1.0000,-6.25543,unity
69.1204,0.00000,0.0000,1.0000,-6.33747,unity
69.1404,0.00000,0.0000,1.0000,-6.33083,unity
69.1604,0.00000,0.0000,1.0000,-6.42356,unity
69.1804,0.00000,0.0000,1.0000,-6.41487,unity
69.2004,0.00000,0.0000,1.0000,-6.49541,unity
69.2204,0.00000,0.0000,1.0000,-6.49497,unity
69.2404,0.00000,0.0000,1.0000,-6.58073,unity
69.2604,0.00000,0.0000,1.0000,-6.57483,unity
69.2804,0.00000,0.0000,1.0000,-6.65117,unity
69.3004,0.00000,0.0000,1.0000,-6.64939,unity
69.3204,0.00000,0.0000,1.0000,-6.73413,unity
69.3404,0.00000,0.0000,1.0000,-6.72926,unity
69.3604,0.00000,0.0000,1.0000,-6.80762,unity
69.3804,0.00000,0.0000,1.0000,-6.80492,unity
69.4004,0.00000,0.0000,1.0000,-6.88556,unity
69.4204,0.00000,0.0000,1.0000,-6.87922,unity
69.4404,0.00000,0.0000,1.0000,-6.96031,unity
69.4604,0.00000,0.0000,1.0000,-6.95202,unity
69.4804,0.00000,0.0000,1.0000,-7.03628,unity
69.5004,0.00000,0.0000,1.0000,-7.02484,unity
69.5204,0.00000,0.0000,1.0000,-7.11169,unity
69.5403,0.00000,0.0000,1.0000,-7.09734,unity
69.5603,0.00000,0.0000,1.0000,-7.18706,unity
69.5803,0.00000,0.0000,1.0000,-7.16960,unity
69.6003,0.00000,0.0000,1.0000,-7.26226,unity
69.6203,0.00000,0.0000,1.0000,-7.24169,unity
69.6403,0.00000,0.0000,1.0000,-7.33731,unity
69.6603,0.00000,0.0000,1.0000,-7.31380,unity
69.6803,0.00000,0.0000,1.0000,-7.41232,unity
69.7003,0.00000,0.0000,1.0000,-7.38620,unity
69.7203,0.00000,0.0000,1.0000,-7.48750,unity
69.7403,0.00000,0.0000,1.0000,-7.45920,unity
69.7603,0.00000,0.0000,1.0000,-7.56312,unity
69.7803,0.00000,0.0000,1.0000,-7.53289,unity
69.8003,0.00000,0.0000,1.0000,-7.63931,unity
69.8203,0.00000,0.0000,1.0000,-7.60695,unity
69.8403,0.00000,0.0000,1.0000,-7.71588,unity
69.8603,0.00000,0.0000,1.0000,-7.68106,unity
69.8803,0.00000,0.0000,1.0000,-7.79258,unity
69.9003,0.00000,0.0000,1.0000,-7.75513,unity
69.9203,0.00000,0.0000,1.0000,-7.86925,unity
69.9403,0.00000,0.0000,1.0000,-7.82914,unity
69.9603,0.00000,0.0000,1.0000,-7.94594,unity
69.9803,0.00000,0.0000,1.0000,-7.90306,unity
70.0003,0.00000,0.0000,1.0000,-8.02277,unity
70.0203,0.00000,0.0000,1.0000,-7.97681,unity
70.0403,0.00000,0.0000,1.0000,-8.09980,unity
70.0603,0.00000,0.0000,1.0000,-8.05029,unity
70.0803,0.00000,0.0000,1.0000,-8.17714,unity
70.1003,0.00000,0.0000,1.0000,-8.12338,unity
70.1203,0.00000,0.0000,1.0000,-8.25490,unity
70.1402,0.00000,0.0000,1.0000,-8.19593,unity
70.1602,0.00000,0.0000,1.0000,-8.33321,unity
70.1802,0.00000,0.0000,1.0000,-8.26772,unity
70.2002,0.00000,0.0000,1.0000,-8.41219,unity
70.2202,0.00000,0.0000,1.0000,-8.33854,unity
70.2402,0.00000,0.0000,1.0000,-8.49181,unity
70.2602,0.00000,0.0000,1.0000,-8.40840,unity
70.2802,0.00000,0.0000,1.0000,-8.57166,unity
70.3002,0.00000,0.0000,1.0000,-8.47793,unity
70.3202,0.00000,0.0000,1.0000,-8.65070,unity
70.3402,0.00000,0.0000,1.0000,-8.54862,unity
70.3602,0.00000,0.0000,1.0000,-8.72795,unity
70.3802,0.00000,0.0000,1.0000,-8.62157,unity
70.4002,0.00000,0.0000,1.0000,-8.80345,unity
70.4202,0.00000,0.0000,1.0000,-8.69637,unity
70.4402,0.00000,0.0000,1.0000,-8.87794,unity
70.4602,0.00000,0.0000,1.0000,-8.77212,unity
70.4802,0.00000,0.0000,1.0000,-8.95196,unity
70.5002,0.00000,0.0000,1.0000,-8.84827,unity
70.5202,0.00000,0.0000,1.0000,-9.02577,unity
70.5402,0.00000,0.0000,1.0000,-8.92459,unity
70.5602,0.00000,0.0000,1.0000,-9.09946,unity
70.5802,0.00000,0.0000,1.0000,-9.00098,unity
70.6002,0.00000,0.0000,1.0000,-9.17306,unity
70.6202,0.00000,0.0000,1.0000,-9.07743,unity
70.6402,0.00000,0.0000,1.0000,-9.24660,unity
70.6602,0.00000,0.0000,1.0000,-9.15391,unity
70.6802,0.00000,0.0000,1.0000,-9.32007,unity
70.7002,0.00000,0.0000,1.0000,-9.23042,unity
70.7202,0.00000,0.0000,1.0000,-9.39349,unity
70.7401,0.00000,0.0000,1.0000,-9.30694,unity
70.7601,0.00000,0.0000,1.0000,-9.46684,unity
70.7801,0.00000,0.0000,1.0000,-9.38349,unity
70.8001,0.00000,0.0000,1.0000,-9.54015,unity
70.8201,0.00000,0.0000,1.0000,-9.46005,unity
70.8401,0.00000,0.0000,1.0000,-9.61340,unity
70.8601,0.00000,0.0000,1.0000,-9.53663,unity
70.8801,0.00000,0.0000,1.0000,-9.68659,unity
70.9001,0.00000,0.0000,1.0000,-9.61323,unity
70.9201,0.00000,0.0000,1.0000,-9.75974,unity
70.9401,0.00000,0.0000,1.0000,-9.68984,unity
70.9601,0.00000,0.0000,1.0000,-9.83283,unity
70.9801,0.00000,0.0000,1.0000,-9.76647,unity
71.0001,0.00000,0.0000,1.0000,-9.90585,unity
71.0201,0.00000,0.0000,1.0000,-9.84314,unity
71.0401,0.00000,0.0000,1.0000,-9.97882,unity
71.0601,0.00000,0.0000,1.0000,-9.91984,unity
71.0801,0.00000,0.0000,1.0000,-10.05170,unity
71.1001,0.00000,0.0000,1.0000,-9.99660,unity
71.1201,0.00000,0.0000,1.0000,-10.12450,unity
71.1401,0.00000,0.0000,1.0000,-10.07344,unity
71.1601,0.00000,0.0000,1.0000,-10.19719,unity
71.1801,0.00000,0.0000,1.0000,-10.15037,unity
71.2001,0.00000,0.0000,1.0000,-10.26974,unity
71.2201,0.00000,0.0000,1.0000,-10.22742,unity
71.2401,0.00000,0.0000,1.0000,-10.34214,unity
71.2601,0.00000,0.0000,1.0000,-10.30465,unity
71.2801,0.00000,0.0000,1.0000,-10.41433,unity
71.3001,0.00000,0.0000,1.0000,-10.38209,unity
71.3201,0.00000,0.0000,1.0000,-10.48627,unity
71.3400,0.00000,0.0000,1.0000,-10.45979,unity
71.3600,-0.04223,0.0000,1.0000,-10.55791,unity
71.3800,-0.07828,0.0000,1.0000,-10.53767,unity
71.4000,-0.11634,0.0000,1.0000,-10.62844,unity
71.4200,-0.16042,0.0000,1.0000,-10.61418,unity
71.4400,-0.19969,0.0000,1.0000,-10.69541,unity
71.4600,-0.19415,0.0000,1.0000,-10.68650,unity
71.4800,-0.15280,0.0000,1.0000,-10.75813,unity
71.5000,-0.10961,0.0000,1.0000,-10.75967,unity
71.5200,-0.06934,0.0000,1.0000,-10.82507,unity
71.5400,-0.03340,0.0000,1.0000,-10.83681,unity
71.5600,0.00000,0.0000,1.0000,-10.89400,unity
71.5800,0.00000,0.0000,1.0000,-10.91396,unity
71.6000,0.00000,0.0000,1.0000,-10.96316,unity
71.6200,0.00000,0.0000,1.0000,-10.99006,unity
71.6400,0.00000,0.0000,1.0000,-11.03360,unity
71.6600,0.00000,0.0000,1.0000,-11.06534,unity
71.6800,0.00000,0.0000,1.0000,-11.10537,unity
71.7000,0.00000,0.0000,1.0000,-11.13985,unity
71.7200,0.00000,0.0000,1.0000,-11.17813,unity
71.7400,0.00000,0.0000,1.0000,-11.21393,unity
71.7600,0.00000,0.0000,1.0000,-11.25144,unity
71.7800,0.00000,0.0000,1.0000,-11.28786,unity
71.8000,0.00000,0.0000,1.0000,-11.32506,unity
71.8200,0.00000,0.0000,1.0000,-11.36177,unity
71.8400,0.00000,0.0000,1.0000,-11.39883,unity
71.8600,0.00000,0.0000,1.0000,-11.43569,unity
71.8800,0.00000,0.0000,1.0000,-11.47270,unity
71.9000,0.00000,0.0000,1.0000,-11.50962,unity
71.9199,0.00000,0.0000,1.0000,-11.54661,unity
71.9399,0.00000,0.0000,1.0000,-11.58357,unity
71.9599,0.00000,0.0000,1.0000,-11.62055,unity
71.9799,0.00000,0.0000,1.0000,-11.65752,unity
71.9999,0.00000,0.0000,1.0000,-11.69450,unity
72.0199,0.00000,0.0000,1.0000,-11.73147,unity
72.0399,-0.02031,0.0000,1.0000,-11.76844,unity
72.0599,-0.05649,0.0000,1.0000,-11.80539,unity
72.0799,-0.09701,0.0000,1.0000,-11.84216,unity
72.0999,-0.13808,0.0000,1.0000,-11.87835,unity
72.1199,-0.17375,0.0000,1.0000,-11.91359,unity
72.1399,-0.21443,0.0000,1.0000,-11.94767,unity
72.1599,-0.25638,0.0000,1.0000,-11.98021,unity
72.1799,-0.29924,0.0000,1.0000,-12.01075,unity
72.1999,-0.33992,0.0000,1.0000,-12.03896,unity
72.2199,-0.37592,0.0000,1.0000,-12.06458,unity
72.2399,-0.42041,0.0000,1.0000,-12.08768,unity
72.2599,-0.45829,0.0000,1.0000,-12.10739,unity
72.2799,-0.49886,0.0000,1.0000,-12.12366,unity
72.2999,-0.54000,0.0000,1.0000,-12.13611,unity
72.3199,-0.57575,0.0000,1.0000,-12.14413,unity
72.3399,-0.61441,0.0000,1.0000,-12.14788,unity
72.3599,-0.65720,0.0000,1.0000,-12.14670,unity
72.3799,-0.69828,0.0000,1.0000,-12.13958,unity
72.3999,-0.73672,0.0000,1.0000,-12.12616,unity
72.4199,-0.77505,0.0000,1.0000,-12.10623,unity
72.4399,-0.81482,0.0000,1.0000,-12.07922,unity
72.4599,-0.85627,0.0000,1.0000,-12.04431,unity
72.4799,-0.89473,0.0000,1.0000,-12.00055,unity
72.4999,-0.93622,0.0000,1.0000,-11.94749,unity
72.5198,-0.97971,0.0000,1.0000,-11.88412,unity
72.5398,-1.00000,0.0000,1.0000,-11.80959,unity
72.5598,-1.00000,0.0000,1.0000,-11.72692,unity
72.5798,-1.00000,0.0000,1.0000,-11.63871,unity
72.5998,-1.00000,0.0000,1.0000,-11.54477,unity
72.6198,-1.00000,0.0000,1.0000,-11.44496,unity
72.6398,-1.00000,0.0000,1.0000,-11.33868,unity
72.6598,-0.97135,0.0000,1.0000,-11.22326,unity
72.6798,-0.93166,0.0000,1.0000,-11.10021,unity
72.6998,-0.88556,0.0000,1.0000,-10.96838,unity
72.7198,-0.84943,0.0000,1.0000,-10.82397,unity
72.7398,-0.81106,0.0000,1.0000,-10.66500,unity
72.7598,-0.76778,0.0000,1.0000,-10.49341,unity
72.7798,-0.73133,0.0000,1.0000,-10.30672,unity
72.7998,-0.69051,0.0000,1.0000,-10.10687,unity
72.8198,-0.64960,0.0000,1.0000,-9.89222,unity
72.8398,-0.60897,0.0000,1.0000,-9.66651,unity
72.8598,-0.57131,0.0000,1.0000,-9.42343,unity
72.8798,-0.52628,0.0000,1.0000,-9.17549,unity
72.8998,-0.48650,0.0000,1.0000,-8.89499,unity
72.9198,-0.45281,0.0000,1.0000,-8.64960,unity
72.9398,-0.40563,0.0000,1.0000,-8.29131,unity
72.9598,-0.36665,0.0000,1.0000,-8.05644,unity
72.9798,-0.33093,0.0000,1.0000,-7.67282,unity
72.9998,-0.29252,0.0000,1.0000,-7.42862,unity
73.0198,-0.24833,0.0000,1.0000,-7.01057,unity
73.0398,-0.21035,0.0000,1.0000,-6.75844,unity
73.0598,-0.17661,0.0000,1.0000,-6.32710,unity
73.0798,-0.13850,0.0000,1.0000,-6.05850,unity
73.0998,-0.09346,0.0000,1.0000,-5.60523,unity
73.1197,-0.05509,0.0000,1.0000,-5.32361,unity
73.1397,-0.01570,0.0000,1.0000,-4.90929,unity
73.1597,0.00000,0.0000,1.0000,-4.56756,unity
73.1797,0.00000,0.0000,1.0000,-4.19127,unity
73.1997,0.00000,0.0000,1.0000,-3.81287,unity
73.2197,0.00000,0.0000,1.0000,-3.43489,unity
73.2397,0.00000,0.0000,1.0000,-3.05765,unity
73.2597,0.00000,0.0000,1.0000,-2.67549,unity
73.2797,0.00000,0.0000,0.0000,-2.29364,unity
73.2997,0.00000,0.0000,0.0000,-1.89780,unity
73.3197,0.00000,0.0000,0.0000,-1.48852,unity
73.3397,0.00000,0.0000,0.0000,-1.08393,unity
73.3597,0.00000,0.0000,0.0000,-0.68482,unity
73.3797,0.00000,0.0000,0.0000,-0.29198,unity
73.3997,0.00000,0.0000,0.0000,0.09384,unity
73.4197,0.00000,1.0000,0.0000,0.47188,unity
73.4397,0.00000,1.0000,0.0000,0.89684,unity
73.4597,0.00000,1.0000,0.0000,1.33710,unity
73.4797,0.00000,1.0000,0.0000,1.76789,unity
73.4997,0.00000,1.0000,0.0000,2.18916,unity
73.5197,0.00000,1.0000,0.0000,2.59977,unity
73.5397,0.00000,1.0000,0.0000,2.99860,unity
73.5597,0.00000,1.0000,0.0000,3.38467,unity
73.5797,0.00000,1.0000,0.0000,3.75701,unity
73.5997,0.00000,1.0000,0.0000,4.11476,unity
73.6197,0.00000,1.0000,0.0000,4.45716,unity
73.6397,0.00000,1.0000,0.0000,4.78361,unity
73.6597,0.00000,1.0000,0.0000,5.09343,unity
73.6797,0.00000,1.0000,0.0000,5.39056,unity
73.6997,0.00000,1.0000,0.0000,5.65329,unity
73.7196,0.00000,1.0000,0.0000,5.89979,unity
73.7396,0.00000,1.0000,0.0000,6.15627,unity
73.7596,0.00000,1.0000,0.0000,6.32764,unity
73.7796,0.00000,1.0000,0.0000,6.57244,unity
73.7996,0.00000,1.0000,0.0000,6.69544,unity
73.8196,0.00000,1.0000,0.0000,6.90266,unity
73.8396,0.00000,1.0000,0.0000,6.96069,unity
73.8596,0.00000,1.0000,0.0000,7.17299,unity
73.8796,0.00000,1.0000,0.0000,7.20456,unity
73.8996,0.00000,1.0000,0.0000,7.38023,unity
73.9196,0.00000,1.0000,0.0000,7.40037,unity
73.9396,0.00000,1.0000,0.0000,7.55094,unity
73.9596,0.00000,1.0000,0.0000,7.56158,unity
73.9796,0.00000,1.0000,0.0000,7.69540,unity
73.9996,0.00000,1.0000,0.0000,7.70617,unity
74.0196,0.00000,1.0000,0.0000,7.84222,unity
74.0396,0.00000,1.0000,0.0000,7.86132,unity
74.0596,0.00000,1.0000,0.0000,8.00260,unity
74.0796,0.00000,1.0000,0.0000,8.02332,unity
74.0996,0.00000,1.0000,0.0000,8.16439,unity
74.1196,0.00000,1.0000,0.0000,8.17679,unity
74.1396,0.00000,1.0000,0.0000,8.31679,unity
74.1596,0.00000,1.0000,0.0000,8.32960,unity
74.1796,0.00000,1.0000,0.0000,8.47082,unity
74.1996,0.00000,1.0000,0.0000,8.48564,unity
74.2196,0.00000,1.0000,0.0000,8.62701,unity
74.2396,0.00000,1.0000,0.0000,8.64412,unity
74.2596,0.00000,1.0000,0.0000,8.78506,unity
74.2796,0.00000,1.0000,0.0000,8.80412,unity
74.2996,0.00000,1.0000,0.0000,8.94293,unity
74.3195,0.00000,1.0000,0.0000,8.96337,unity
74.3395,0.00000,1.0000,0.0000,9.10108,unity
74.3595,0.00000,1.0000,0.0000,9.12235,unity
74.3795,0.00000,1.0000,0.0000,9.25919,unity
74.3995,0.00000,1.0000,0.0000,9.28396,unity
74.4195,0.00000,1.0000,0.0000,9.41717,unity
74.4395,0.00000,1.0000,0.0000,9.44526,unity
74.4595,0.00000,1.0000,0.0000,9.57403,unity
74.4795,0.00000,1.0000,0.0000,9.60582,unity
74.4995,0.00000,1.0000,0.0000,9.72954,unity
74.5195,0.00000,1.0000,0.0000,9.76558,unity
74.5395,0.00000,1.0000,0.0000,9.88366,unity
74.5595,0.00000,1.0000,0.0000,9.92456,unity
74.5795,0.00000,1.0000,0.0000,10.03646,unity
74.5995,0.00000,1.0000,0.0000,10.08318,unity
74.6195,0.00000,1.0000,0.0000,10.09845,unity
74.6395,0.00000,1.0000,0.0000,10.14306,unity
74.6595,0.00000,1.0000,0.0000,10.15381,unity
74.6795,0.00000,1.0000,0.0000,10.20147,unity
74.6995,0.00000,1.0000,0.0000,10.20823,unity
74.7195,0.00000,1.0000,0.0000,10.25876,unity
74.7395,0.00000,1.0000,0.0000,10.26210,unity
74.7595,0.00000,1.0000,0.0000,10.31499,unity
74.7795,0.00000,1.0000,0.0000,10.31582,unity
74.7995,0.00000,1.0000,0.0000,10.37008,unity
74.8195,0.00000,1.0000,0.0000,10.36978,unity
74.8395,0.00000,1.0000,0.0000,10.42403,unity
74.8595,0.00000,1.0000,0.0000,10.42414,unity
74.8795,0.00000,1.0000,0.0000,10.47708,unity
74.8994,0.00000,1.0000,0.0000,10.47878,unity
74.9194,0.00000,1.0000,0.0000,10.52957,unity
74.9394,0.00000,1.0000,0.0000,10.53355,unity
74.9594,0.00000,1.0000,0.0000,10.58169,unity
74.9794,0.00000,1.0000,0.0000,10.58838,unity
74.9994,0.00000,1.0000,0.0000,10.63365,unity
75.0194,0.00000,1.0000,0.0000,10.64381,unity
75.0394,0.00000,1.0000,0.0000,10.68707,unity
75.0594,0.00000,1.0000,0.0000,10.70262,unity
75.0794,0.00000,1.0000,0.0000,10.74636,unity
75.0994,0.00000,1.0000,0.0000,10.77144,unity
75.1194,0.00000,1.0000,0.0000,10.82257,unity
75.1394,0.00000,1.0000,0.0000,10.86728,unity
75.1594,0.00000,1.0000,0.0000,10.91016,unity
75.1794,0.00000,1.0000,0.0000,10.87508,unity
75.1994,0.00000,1.0000,0.0000,10.90103,unity
75.2194,0.00000,1.0000,0.0000,10.87749,unity
75.2394,0.00000,1.0000,0.0000,10.89286,unity
75.2594,0.00000,1.0000,0.0000,10.87851,unity
75.2794,0.00000,1.0000,0.0000,10.88596,unity
75.2994,0.00000,1.0000,0.0000,10.87806,unity
75.3194,0.00000,1.0000,0.0000,10.88058,unity
75.3394,0.00000,1.0000,0.0000,10.87629,unity
75.3594,0.00000,1.0000,0.0000,10.87642,unity
75.3794,0.00000,1.0000,0.0000,10.87376,unity
75.3994,0.00000,1.0000,0.0000,10.87291,unity
75.4194,0.00000,1.0000,0.0000,10.87094,unity
75.4394,0.00000,1.0000,0.0000,10.86971,unity
75.4594,0.00000,1.0000,0.0000,10.86802,unity
75.4794,0.00000,1.0000,0.0000,10.86666,unity
75.4993,0.00000,1.0000,0.0000,10.86510,unity
75.5193,0.00000,1.0000,0.0000,10.86368,unity
75.5393,0.00000,1.0000,0.0000,10.86218,unity
75.5593,0.00000,1.0000,0.0000,10.86074,unity
75.5793,0.00000,1.0000,0.0000,10.85928,unity
75.5993,0.00000,1.0000,0.0000,10.85784,unity
75.6193,0.00000,1.0000,0.0000,10.85639,unity
75.6393,0.00000,1.0000,0.0000,10.85495,unity
75.6593,0.00000,1.0000,0.0000,10.85351,unity
75.6793,0.00000,1.0000,0.0000,10.85207,unity
75.6993,0.00000,1.0000,0.0000,10.85064,unity
75.7193,0.00000,1.0000,0.0000,10.84921,unity
75.7393,0.00000,1.0000,0.0000,10.84778,unity
75.7593,0.00000,1.0000,0.0000,10.84635,unity
75.7793,0.00000,1.0000,0.0000,10.84492,unity
75.7993,0.00000,1.0000,0.0000,10.84349,unity
75.8193,0.00000,1.0000,0.0000,10.84206,unity
75.8393,0.00000,1.0000,0.0000,10.84064,unity
75.8593,0.00000,1.0000,0.0000,10.83921,unity
75.8793,0.00000,1.0000,0.0000,10.83779,unity
75.8993,0.00000,1.0000,0.0000,10.83636,unity
75.9193,0.00000,1.0000,0.0000,10.83494,unity
75.9393,0.00000,1.0000,0.0000,10.83352,unity
75.9593,0.00000,1.0000,0.0000,10.83209,unity
75.9793,0.00000,1.0000,0.0000,10.83067,unity
75.9993,0.00000,1.0000,0.0000,10.82925,unity
76.0193,0.00000,1.0000,0.0000,10.82782,unity
76.0393,0.00000,1.0000,0.0000,10.82640,unity
76.0593,0.00000,1.0000,0.0000,10.82498,unity
76.0793,0.00000,1.0000,0.0000,10.82356,unity
76.0992,0.00000,1.0000,0.0000,10.82214,unity
76.1192,0.00000,1.0000,0.0000,10.82071,unity
76.1392,0.00000,1.0000,0.0000,10.81929,unity
76.1592,0.00000,1.0000,0.0000,10.81787,unity
76.1792,0.00000,1.0000,0.0000,10.81645,unity
76.1992,0.00000,1.0000,0.0000,10.81503,unity
76.2192,0.00000,1.0000,0.0000,10.81361,unity
76.2392,0.00000,1.0000,0.0000,10.81219,unity
76.2592,0.00000,1.0000,0.0000,10.81077,unity
76.2792,0.00000,1.0000,0.0000,10.80935,unity
76.2992,0.00000,1.0000,0.0000,10.80793,unity
76.3192,0.00000,1.0000,0.0000,10.80651,unity
76.3392,0.00000,1.0000,0.0000,10.80509,unity
76.3592,0.00000,1.0000,0.0000,10.80367,unity
76.3792,0.00000,1.0000,0.0000,10.80225,unity
76.3992,0.00000,1.0000,0.0000,10.80083,unity
76.4192,0.00000,1.0000,0.0000,10.79941,unity
76.4392,0.00000,1.0000,0.0000,10.79800,unity
76.4592,0.00000,1.0000,0.0000,10.79658,unity
76.4792,0.00000,1.0000,0.0000,10.79516,unity
76.4992,0.00000,1.0000,0.0000,10.79374,unity
76.5192,0.00000,1.0000,0.0000,10.79232,unity
76.5392,0.00000,1.0000,0.0000,10.79091,unity
76.5592,0.00000,1.0000,0.0000,10.78949,unity
76.5792,0.00000,1.0000,0.0000,10.78807,unity
76.5992,0.00000,1.0000,0.0000,10.78666,unity
76.6192,0.00000,1.0000,0.0000,10.78524,unity
76.6392,0.00000,1.0000,0.0000,10.78382,unity
76.6592,0.00000,1.0000,0.0000,10.78241,unity
76.6792,0.00000,1.0000,0.0000,10.78099,unity
76.6991,-0.01284,1.0000,0.0000,10.77957,unity
76.7191,-0.05447,1.0000,0.0000,10.77814,unity
76.7391,-0.09842,1.0000,0.0000,10.77649,unity
76.7591,-0.13791,1.0000,0.0000,10.77417,unity
76.7791,-0.17640,1.0000,0.0000,10.77097,unity
76.7991,-0.21323,1.0000,0.0000,10.76672,unity
76.8191,-0.25125,1.0000,0.0000,10.76128,unity
76.8391,-0.28854,1.0000,0.0000,10.75453,unity
76.8591,-0.33817,1.0000,0.0000,10.74633,unity
76.8791,-0.36691,1.0000,0.0000,10.73591,unity
76.8991,-0.40889,1.0000,0.0000,10.72416,unity
76.9191,-0.45646,1.0000,0.0000,10.71070,unity
76.9391,-0.49275,1.0000,0.0000,10.69442,unity
76.9591,-0.52940,1.0000,0.0000,10.67629,unity
76.9791,-0.56901,1.0000,0.0000,10.65629,unity
76.9991,-0.61114,1.0000,0.0000,10.63407,unity
77.0191,-0.65188,1.0000,0.0000,10.60938,unity
77.0391,-0.69124,1.0000,0.0000,10.58232,unity
77.0591,-0.72787,1.0000,0.0000,10.55310,unity
77.0791,-0.77074,1.0000,0.0000,10.52194,unity
77.0991,-0.81703,1.0000,0.0000,10.48894,unity
77.1191,-0.85338,1.0000,0.0000,10.45387,unity
77.1391,-0.89412,1.0000,0.0000,10.41705,unity
77.1591,-0.93456,1.0000,0.0000,10.37877,unity
77.1791,-0.97299,1.0000,0.0000,10.33865,unity
77.1991,-1.00000,1.0000,0.0000,10.29725,unity
77.2191,-1.00000,1.0000,0.0000,10.25411,unity
77.2391,-1.00000,1.0000,0.0000,10.21027,unity
77.2591,-1.00000,1.0000,0.0000,10.16596,unity
77.2791,-1.00000,1.0000,0.0000,10.12131,unity
77.2990,-1.00000,1.0000,0.0000,10.07610,unity
77.3190,-1.00000,1.0000,0.0000,10.03073,unity
77.3390,-1.00000,1.0000,0.0000,9.98471,unity
77.3590,-1.00000,1.0000,0.0000,9.93881,unity
77.3790,-1.00000,1.0000,0.0000,9.97759,unity
77.3990,-1.00000,1.0000,0.0000,10.01440,unity
77.4190,-1.00000,1.0000,0.0000,10.05253,unity
77.4390,-1.00000,1.0000,0.0000,10.02321,unity
77.4590,-1.00000,1.0000,0.0000,10.02138,unity
77.4790,-1.00000,1.0000,0.0000,9.93191,unity
77.4990,-1.00000,1.0000,0.0000,9.93842,unity
77.5190,-1.00000,1.0000,0.0000,9.95469,unity
77.5390,-1.00000,1.0000,0.0000,10.01268,unity
77.5590,-1.00000,1.0000,0.0000,10.00682,unity
77.5790,-1.00000,1.0000,0.0000,9.99593,unity
77.5990,-1.00000,1.0000,0.0000,9.96825,unity
77.6190,-1.00000,1.0000,0.0000,10.04098,unity
77.6390,-1.00000,1.0000,0.0000,10.02995,unity
77.6590,-1.00000,1.0000,0.0000,10.00801,unity
77.6790,-1.00000,1.0000,0.0000,9.95713,unity
77.6990,-1.00000,1.0000,0.0000,9.90589,unity
77.7190,-1.00000,1.0000,0.0000,9.89359,unity
77.7390,-1.00000,1.0000,0.0000,9.96139,unity
77.7590,-1.00000,1.0000,0.0000,9.94488,unity
77.7790,-1.00000,1.0000,0.0000,10.00918,unity
77.7990,-1.00000,1.0000,0.0000,9.98869,unity
77.8190,-1.00000,0.0000,0.0000,10.05496,unity
77.8390,-1.00000,0.0000,0.0000,10.03745,unity
77.8590,-1.00000,0.0000,0.0000,10.01361,unity
77.8789,-1.00000,0.0000,0.0000,9.99148,unity
77.8989,-1.00000,0.0000,0.0000,9.92661,unity
77.9189,-1.00000,0.0000,0.0000,9.87432,unity
77.9389,-1.00000,0.0000,0.0000,9.81274,unity
77.9589,-1.00000,0.0000,0.0000,9.75733,unity
77.9789,-1.00000,0.0000,0.0000,9.69736,unity
77.9989,-1.00000,0.0000,0.0000,9.64044,unity
78.0189,-1.00000,0.0000,0.0000,9.58168,unity
78.0389,-1.00000,0.0000,0.0000,9.52417,unity
78.0589,-1.00000,0.0000,0.0000,9.46650,unity
78.0789,-1.00000,0.0000,0.0000,9.40916,unity
78.0989,-1.00000,0.0000,0.0000,9.35251,unity
78.1189,-1.00000,0.0000,0.0000,9.29602,unity
78.1389,-1.00000,0.0000,0.0000,9.24036,unity
78.1589,-1.00000,0.0000,0.0000,9.18526,unity
78.1789,-1.00000,0.0000,0.0000,9.13062,unity
78.1989,-1.00000,0.0000,0.0000,9.07734,unity
78.2189,-1.00000,0.0000,0.0000,9.02379,unity
78.2389,-1.00000,0.0000,0.0000,8.97262,unity
78.2589,-1.00000,0.0000,0.0000,8.92029,unity
78.2789,-1.00000,0.0000,0.0000,8.87140,unity
78.2989,-1.00000,0.0000,0.0000,8.82042,unity
78.3189,-1.00000,0.0000,0.0000,8.77384,unity
78.3389,-1.00000,0.0000,0.0000,8.72439,unity
78.3589,-1.00000,0.0000,0.0000,8.68000,unity
78.3789,-1.00000,0.0000,0.0000,8.63224,unity
78.3989,-1.00000,0.0000,0.0000,8.58970,unity
78.4189,-1.00000,0.0000,0.0000,8.54400,unity
78.4389,-1.00000,0.0000,0.0000,8.50223,unity
78.4589,-1.00000,0.0000,0.0000,8.45947,unity
78.4788,-1.00000,0.0000,0.0000,8.41707,unity
78.4988,-1.00000,0.0000,0.0000,8.37796,unity
78.5188,-1.00000,0.0000,0.0000,8.33392,unity
78.5388,-1.00000,0.0000,0.0000,8.29872,unity
78.5588,-1.00000,0.0000,0.0000,8.25257,unity
78.5788,-1.00000,0.0000,0.0000,8.22108,unity
78.5988,-1.00000,0.0000,0.0000,8.17283,unity
78.6188,-1.00000,0.0000,0.0000,8.14460,unity
78.6388,-1.00000,0.0000,0.0000,8.09451,unity
78.6588,-1.00000,0.0000,0.0000,8.06903,unity
78.6788,-1.00000,0.0000,0.0000,8.01754,unity
78.6988,-1.00000,0.0000,0.0000,7.99428,unity
78.7188,-1.00000,0.0000,0.0000,7.94187,unity
78.7388,-1.00000,0.0000,0.0000,7.92039,unity
78.7588,-1.00000,0.0000,0.0000,7.86753,unity
78.7788,-1.00000,0.0000,0.0000,7.84744,unity
78.7988,-1.00000,0.0000,0.0000,7.79457,unity
78.8188,-1.00000,0.0000,0.0000,7.77557,unity
78.8388,-1.00000,0.0000,0.0000,7.72310,unity
78.8588,-1.00000,0.0000,0.0000,7.70490,unity
78.8788,-1.00000,0.0000,0.0000,7.65316,unity
78.8988,-1.00000,0.0000,0.0000,7.63553,unity
78.9188,-1.00000,0.0000,0.0000,7.58481,unity
78.9388,-1.00000,0.0000,0.0000,7.56754,unity
78.9588,-1.00000,0.0000,0.0000,7.51806,unity
78.9788,-1.00000,0.0000,0.0000,7.50098,unity
78.9988,-1.00000,0.0000,0.0000,7.45289,unity
79.0188,-1.00000,0.0000,0.0000,7.43579,unity
79.0388,-1.00000,0.0000,0.0000,7.38936,unity
79.0588,-1.00000,0.0000,0.0000,7.37200,unity
79.0787,-1.00000,0.0000,0.0000,7.32759,unity
79.0987,-1.00000,0.0000,0.0000,7.30978,unity
79.1187,-1.00000,0.0000,0.0000,7.26754,unity
79.1387,-1.00000,0.0000,0.0000,7.24918,unity
79.1587,-1.00000,0.0000,0.0000,7.20914,unity
79.1787,-1.00000,0.0000,0.0000,7.19015,unity
79.1987,-1.00000,0.0000,0.0000,7.15225,unity
79.2187,-1.00000,0.0000,0.0000,7.13262,unity
79.2387,-1.00000,0.0000,0.0000,7.09673,unity
79.2587,-1.00000,0.0000,0.0000,7.07645,unity
79.2787,-1.00000,0.0000,0.0000,7.04245,unity
79.2987,-1.00000,0.0000,0.0000,7.02158,unity
79.3187,-1.00000,0.0000,0.0000,6.98935,unity
79.3387,-1.00000,0.0000,0.0000,6.96789,unity
79.3587,-1.00000,0.0000,0.0000,6.93734,unity
79.3787,-1.00000,0.0000,0.0000,6.91531,unity
79.3987,-1.00000,0.0000,0.0000,6.88640,unity
79.4187,-1.00000,0.0000,0.0000,6.86375,unity
79.4387,-1.00000,0.0000,0.0000,6.83649,unity
79.4587,-1.00000,0.0000,0.0000,6.81313,unity
79.4787,-1.00000,0.0000,0.0000,6.78759,unity
79.4987,-1.00000,0.0000,0.0000,6.76336,unity
79.5187,-1.00000,0.0000,0.0000,6.73974,unity
79.5387,-1.00000,0.0000,0.0000,6.71430,unity
79.5587,-1.00000,0.0000,0.0000,6.69303,unity
79.5787,-1.00000,0.0000,0.0000,6.66578,unity
79.5987,-1.00000,0.0000,0.0000,6.64763,unity
79.6187,-1.00000,0.0000,0.0000,6.61743,unity
79.6387,-1.00000,0.0000,0.0000,6.60395,unity
79.6587,-1.00000,0.0000,0.0000,6.56841,unity
79.6786,-1.00000,0.0000,0.0000,6.56285,unity
79.6986,-1.00000,0.0000,0.0000,6.51678,unity
79.7186,-1.00000,0.0000,0.0000,6.52584,unity
79.7386,-1.00000,0.0000,0.0000,6.46021,unity
79.7586,-1.00000,0.0000,0.0000,6.49099,unity
79.7786,-1.00000,0.0000,0.0000,6.41289,unity
79.7986,-1.00000,0.0000,0.0000,6.45106,unity
79.8186,-1.00000,0.0000,0.0000,6.37115,unity
79.8386,-1.00000,0.0000,0.0000,6.41194,unity
79.8586,-1.00000,0.0000,0.0000,6.33164,unity
79.8786,-1.00000,0.0000,0.0000,6.37410,unity
79.8986,-1.00000,0.0000,0.0000,6.29245,unity
79.9186,-1.00000,0.0000,0.0000,6.33621,unity
79.9386,-1.00000,0.0000,0.0000,6.25595,unity
79.9586,-1.00000,0.0000,0.0000,6.30114,unity
79.9786,-1.00000,0.0000,0.0000,6.21785,unity
79.9986,-1.00000,0.0000,0.0000,6.26390,unity
80.0186,-1.00000,0.0000,0.0000,6.18355,unity
80.0386,-1.00000,0.0000,0.0000,6.23103,unity
80.0586,-1.00000,0.0000,0.0000,6.14655,unity
80.0786,-1.00000,1.0000,0.0000,6.19467,unity
80.0986,-1.00000,1.0000,0.0000,6.11451,unity
80.1186,-1.00000,1.0000,0.0000,6.15535,unity
80.1386,-1.00000,1.0000,0.0000,6.21685,unity
80.1586,-1.00000,1.0000,0.0000,6.25153,unity
80.1786,-1.00000,1.0000,0.0000,6.31103,unity
80.1986,-1.00000,1.0000,0.0000,6.34147,unity
80.2186,-1.00000,1.0000,0.0000,6.39925,unity
80.2386,-1.00000,1.0000,0.0000,6.42671,unity
80.2585,-1.00000,1.0000,0.0000,6.48390,unity
80.2785,-1.00000,1.0000,0.0000,6.50964,unity
80.2985,-1.00000,1.0000,0.0000,6.56810,unity
80.3185,-1.00000,1.0000,0.0000,6.59226,unity
80.3385,-1.00000,1.0000,0.0000,6.65263,unity
80.3585,-1.00000,1.0000,0.0000,6.67484,unity
80.3785,-1.00000,1.0000,0.0000,6.73670,unity
80.3985,-1.00000,1.0000,0.0000,6.75659,unity
80.4185,-1.00000,1.0000,0.0000,6.81957,unity
80.4385,-1.00000,1.0000,0.0000,6.83683,unity
80.4585,-1.00000,1.0000,0.0000,6.90074,unity
80.4785,-1.00000,1.0000,0.0000,6.91507,unity
80.4985,-1.00000,1.0000,0.0000,6.97982,unity
80.5185,-1.00000,1.0000,0.0000,6.99085,unity
80.5385,-1.00000,1.0000,0.0000,7.05652,unity
80.5585,-1.00000,1.0000,0.0000,7.06384,unity
80.5785,-1.00000,1.0000,0.0000,7.13067,unity
80.5985,-1.00000,1.0000,0.0000,7.13384,unity
80.6185,-1.00000,1.0000,0.0000,7.20221,unity
80.6385,-1.00000,1.0000,0.0000,7.20069,unity
80.6585,-1.00000,1.0000,0.0000,7.27106,unity
80.6785,-1.00000,1.0000,0.0000,7.26436,unity
80.6985,-1.00000,1.0000,0.0000,7.33710,unity
80.7185,-1.00000,1.0000,0.0000,7.32497,unity
80.7385,-1.00000,1.0000,0.0000,7.39998,unity
80.7585,-1.00000,1.0000,0.0000,7.38287,unity
80.7785,-1.00000,1.0000,0.0000,7.45929,unity
80.7985,-1.00000,1.0000,0.0000,7.43839,unity
80.8185,-1.00000,1.0000,0.0000,7.51484,unity
80.8385,-1.00000,1.0000,0.0000,7.49143,unity
80.8584,-1.00000,1.0000,0.0000,7.56687,unity
80.8784,-1.00000,1.0000,0.0000,7.54170,unity
80.8984,-1.00000,1.0000,0.0000,7.61564,unity
80.9184,-1.00000,1.0000,0.0000,7.58897,unity
80.9384,-1.00000,1.0000,0.0000,7.66124,unity
80.9584,-1.00000,1.0000,0.0000,7.63310,unity
80.9784,-1.00000,1.0000,0.0000,7.70364,unity
80.9984,-1.00000,1.0000,0.0000,7.67392,unity
81.0184,-1.00000,1.0000,0.0000,7.74276,unity
81.0384,-1.00000,1.0000,0.0000,7.71128,unity
81.0584,-1.00000,1.0000,0.0000,7.77838,unity
81.0784,-1.00000,1.0000,0.0000,7.74498,unity
81.0984,-1.00000,1.0000,0.0000,7.81028,unity
81.1184,-1.00000,1.0000,0.0000,7.77483,unity
81.1384,-1.00000,1.0000,0.0000,7.83826,unity
81.1584,-1.00000,1.0000,0.0000,7.80055,unity
81.1784,-1.00000,1.0000,0.0000,7.86200,unity
81.1984,-1.00000,1.0000,0.0000,7.82181,unity
81.2184,-1.00000,1.0000,0.0000,7.88114,unity
81.2384,-1.00000,1.0000,0.0000,7.83811,unity
81.2584,-1.00000,1.0000,0.0000,7.89512,unity
81.2784,-1.00000,1.0000,0.0000,7.84884,unity
81.2984,-1.00000,1.0000,0.0000,7.90317,unity
81.3184,-1.00000,1.0000,0.0000,7.85318,unity
81.3384,-1.00000,1.0000,0.0000,7.90445,unity
81.3584,-1.00000,1.0000,0.0000,7.85027,unity
81.3784,-1.00000,1.0000,0.0000,7.89812,unity
81.3984,-1.00000,1.0000,0.0000,7.83927,unity
81.4184,-1.00000,1.0000,0.0000,7.88335,unity
81.4384,-1.00000,1.0000,0.0000,7.81932,unity
81.4583,-1.00000,1.0000,0.0000,7.85926,unity
81.4783,-1.00000,1.0000,0.0000,7.78958,unity
81.4983,-1.00000,1.0000,0.0000,7.82498,unity
81.5183,-1.00000,1.0000,0.0000,7.74923,unity
81.5383,-1.00000,1.0000,0.0000,7.77965,unity
81.5583,-1.00000,1.0000,0.0000,7.69751,unity
81.5783,-1.00000,1.0000,0.0000,7.72244,unity
81.5983,-1.00000,1.0000,0.0000,7.63358,unity
81.6183,-1.00000,1.0000,0.0000,7.65223,unity
81.6383,-1.00000,1.0000,0.0000,7.55653,unity
81.6583,-1.00000,1.0000,0.0000,7.56792,unity
81.6783,-1.00000,1.0000,0.0000,7.46584,unity
81.6983,-1.00000,1.0000,0.0000,7.46882,unity
81.7183,-1.00000,1.0000,0.0000,7.36177,unity
81.7383,-1.00000,1.0000,0.0000,7.35485,unity
81.7583,-1.00000,1.0000,0.0000,7.24683,unity
81.7783,-1.00000,1.0000,0.0000,7.21739,unity
81.7983,-1.00000,1.0000,0.0000,7.09435,unity
81.8183,-1.00000,1.0000,0.0000,7.07125,unity
81.8383,-1.00000,1.0000,0.0000,6.94986,unity
81.8583,-1.00000,1.0000,0.0000,6.89095,unity
81.8783,-1.00000,1.0000,0.0000,6.74283,unity
81.8983,-1.00000,1.0000,0.0000,6.70114,unity
81.9183,-1.00000,1.0000,0.0000,6.54202,unity
81.9383,-1.00000,1.0000,0.0000,6.48924,unity
81.9583,-1.00000,1.0000,0.0000,6.31877,unity
81.9783,-1.00000,1.0000,0.0000,6.25428,unity
81.9983,-1.00000,1.0000,0.0000,6.07349,unity
82.0183,-1.00000,1.0000,0.0000,5.99707,unity
82.0383,-1.00000,1.0000,0.0000,5.81318,unity
82.0582,-1.00000,1.0000,0.0000,5.72744,unity
82.0782,-1.00000,1.0000,0.0000,5.52963,unity
82.0982,-1.00000,1.0000,0.0000,5.43317,unity
82.1182,-1.00000,1.0000,0.0000,5.24819,unity
82.1382,-1.00000,1.0000,0.0000,5.14899,unity
82.1582,-1.00000,1.0000,0.0000,4.95129,unity
82.1782,-1.00000,1.0000,0.0000,4.79687,unity
82.1982,-1.00000,1.0000,0.0000,4.62920,unity
82.2182,-1.00000,1.0000,0.0000,4.45880,unity
82.2382,-1.00000,1.0000,0.0000,4.28615,unity
82.2582,-1.00000,1.0000,0.0000,4.11159,unity
82.2782,-1.00000,1.0000,0.0000,3.93548,unity
82.2982,-1.00000,1.0000,0.0000,3.75818,unity
82.3182,-1.00000,1.0000,0.0000,3.58008,unity
82.3382,-1.00000,1.0000,0.0000,3.40156,unity
82.3582,-1.00000,1.0000,0.0000,3.22302,unity
82.3782,-1.00000,1.0000,0.0000,3.04488,unity
82.3982,-1.00000,1.0000,0.0000,2.86753,unity
82.4182,-1.00000,1.0000,0.0000,2.69139,unity
82.4382,-1.00000,1.0000,0.0000,2.51686,unity
82.4582,-1.00000,1.0000,0.0000,2.34380,unity
82.4782,-1.00000,1.0000,0.0000,2.17057,unity
82.4982,-1.00000,1.0000,0.0000,1.99703,unity
82.5182,-1.00000,1.0000,0.0000,1.84457,unity
82.5382,-1.00000,1.0000,0.0000,1.70821,unity
82.5582,-0.98033,1.0000,0.0000,1.58195,unity
82.5782,-0.94735,1.0000,0.0000,1.46388,unity
82.5982,-0.90136,0.0000,0.0000,1.35310,unity
82.6182,-0.85721,0.0000,0.0000,1.24911,unity
82.6382,-0.82636,0.0000,0.0000,1.15195,unity
82.6581,-0.77864,0.0000,0.0000,1.06187,unity
82.6781,-0.74039,0.0000,0.0000,0.97847,unity
82.6981,-0.70451,0.0000,0.0000,0.90202,unity
82.7181,-0.65962,0.0000,0.0000,0.83253,unity
82.7381,-0.62525,0.0000,0.0000,0.76983,unity
82.7581,-0.58516,0.0000,0.0000,0.71407,unity
82.7781,-0.53087,0.0000,0.0000,0.66512,unity
82.7981,-0.49222,0.0000,0.0000,0.62310,unity
82.8181,-0.45435,0.0000,0.0000,0.58871,unity
82.8381,-0.41705,0.0000,0.0000,0.56235,unity
82.8581,-0.38237,0.0000,0.0000,0.54299,unity
82.8781,-0.33328,0.0000,0.0000,0.52992,unity
82.8981,-0.29936,0.0000,0.0000,0.52275,unity
82.9181,-0.25148,0.0000,0.0000,0.52096,unity
82.9381,-0.21920,0.0000,0.0000,0.52429,unity
82.9581,-0.17085,0.0000,0.0000,0.53234,unity
82.9781,-0.13562,0.0000,0.0000,0.54494,unity
82.9981,-0.10138,0.0000,0.0000,0.56177,unity
83.0181,-0.05215,0.0000,0.0000,0.58261,unity
83.0381,-0.01719,0.0000,0.0000,0.60729,unity
83.0581,0.00000,0.0000,0.0000,0.63555,unity
83.0781,0.00000,0.0000,0.0000,0.66716,unity
83.0981,0.00000,0.0000,0.0000,0.70187,unity
83.1181,0.00000,0.0000,0.0000,0.73951,unity
83.1381,0.00000,0.0000,0.0000,0.77989,unity
83.1581,0.00000,0.0000,0.0000,0.82280,unity
83.1781,0.00000,0.0000,0.0000,0.86807,unity
83.1981,0.00000,0.0000,0.0000,0.91551,unity
83.2181,0.00000,0.0000,0.0000,0.96492,unity
83.2380,0.00000,0.0000,0.0000,1.01612,unity
83.2580,0.00000,0.0000,0.0000,1.06892,unity
83.2780,0.00000,0.0000,0.0000,1.12315,unity
83.2980,0.00000,0.0000,0.0000,1.17865,unity
83.3180,0.00000,0.0000,0.0000,1.23529,unity
83.3380,0.00000,0.0000,0.0000,1.29288,unity
83.3580,0.00000,0.0000,0.0000,1.35112,unity
83.3780,0.00000,0.0000,0.0000,1.40962,unity
83.3980,0.00000,0.0000,0.0000,1.46820,unity
83.4180,0.00000,0.0000,0.0000,1.52679,unity
83.4380,0.00000,0.0000,0.0000,1.58539,unity
83.4580,0.00000,0.0000,0.0000,1.64399,unity
83.4780,0.00000,0.0000,0.0000,1.70453,unity
83.4980,0.00000,0.0000,0.0000,1.75530,unity
83.5180,0.00000,0.0000,0.0000,1.78332,unity
83.5380,0.00000,0.0000,0.0000,1.81150,unity
83.5580,0.00000,0.0000,0.0000,1.83981,unity
83.5780,0.00000,0.0000,0.0000,1.86827,unity
83.5980,0.00000,0.0000,0.0000,1.89684,unity
83.6180,0.00000,0.0000,0.0000,1.92552,unity
83.6380,0.00000,0.0000,0.0000,1.95428,unity
83.6580,0.00000,0.0000,0.0000,1.98313,unity
83.6780,0.00000,0.0000,0.0000,2.01202,unity
83.6980,0.00000,0.0000,0.0000,2.04096,unity
83.7180,0.00000,0.0000,0.0000,2.06993,unity
83.7380,0.00000,0.0000,0.0000,2.09891,unity
83.7580,0.00000,0.0000,0.0000,2.12789,unity
83.7780,0.00000,0.0000,0.0000,2.15686,unity
83.7980,0.00000,0.0000,0.0000,2.18581,unity
83.8180,0.00000,0.0000,0.0000,2.21472,unity
83.8379,0.00000,0.0000,0.0000,2.24360,unity
83.8579,0.00000,0.0000,0.0000,2.27243,unity
83.8779,0.00000,0.0000,0.0000,2.30121,unity
83.8979,0.00000,0.0000,0.0000,2.32994,unity
83.9179,0.00000,0.0000,0.0000,2.35861,unity
83.9379,0.00000,0.0000,0.0000,2.38722,unity
83.9579,0.00000,0.0000,0.0000,2.41577,unity
83.9779,0.00000,0.0000,0.0000,2.44427,unity
83.9979,0.00000,0.0000,0.0000,2.47271,unity
84.0179,0.00000,0.0000,0.0000,2.50109,unity
84.0379,0.00000,0.0000,0.0000,2.52942,unity
84.0579,0.00000,0.0000,0.0000,2.55770,unity
84.0779,0.00000,0.0000,0.0000,2.58594,unity
84.0979,0.00000,0.0000,0.0000,2.61414,unity
84.1179,0.00000,0.0000,0.0000,2.64229,unity
84.1379,0.00000,0.0000,0.0000,2.67042,unity
84.1579,0.00000,0.0000,0.0000,2.69852,unity
84.1779,0.03959,0.0000,0.0000,2.72659,unity
84.1979,0.08479,1.0000,0.0000,2.75448,unity
84.2179,0.12254,1.0000,0.0000,2.81928,unity
84.2379,0.15413,1.0000,0.0000,2.89512,unity
84.2579,0.19790,1.0000,0.0000,2.97083,unity
84.2779,0.23906,1.0000,0.0000,3.04627,unity
84.2979,0.27242,1.0000,0.0000,3.12149,unity
84.3179,0.32245,1.0000,0.0000,3.19674,unity
84.3379,0.35563,1.0000,0.0000,3.27128,unity
84.3579,0.39458,1.0000,0.0000,3.34588,unity
84.3779,0.43893,1.0000,0.0000,3.42017,unity
84.3979,0.47704,1.0000,0.0000,3.49380,unity
84.4179,0.52480,1.0000,0.0000,3.56714,unity
84.4378,0.55721,1.0000,0.0000,3.63948,unity
84.4578,0.59872,1.0000,0.0000,3.71195,unity
84.4778,0.63915,1.0000,0.0000,3.78371,unity
84.4978,0.67880,1.0000,0.0000,3.85481,unity
84.5178,0.72207,1.0000,0.0000,3.92527,unity
84.5378,0.75163,1.0000,0.0000,3.99470,unity
84.5578,0.80246,1.0000,0.0000,4.06445,unity
84.5778,0.83255,1.0000,0.0000,4.13195,unity
84.5978,0.88186,1.0000,0.0000,4.19976,unity
84.6178,0.91326,1.0000,0.0000,4.26494,unity
84.6378,0.95830,1.0000,0.0000,4.33009,unity
84.6578,1.00000,1.0000,0.0000,4.39285,unity
84.6778,1.00000,1.0000,0.0000,4.45367,unity
84.6978,1.00000,1.0000,0.0000,4.51831,unity
84.7178,1.00000,1.0000,0.0000,4.58552,unity
84.7378,1.00000,1.0000,0.0000,4.65446,unity
84.7578,1.00000,1.0000,0.0000,4.72450,unity
84.7778,1.00000,1.0000,0.0000,4.79518,unity
84.7978,1.00000,1.0000,0.0000,4.86610,unity
84.8178,1.00000,1.0000,0.0000,4.93694,unity
84.8378,1.00000,1.0000,0.0000,5.00740,unity
84.8578,1.00000,1.0000,0.0000,5.08358,unity
84.8778,1.00000,1.0000,0.0000,5.15389,unity
84.8978,1.00000,1.0000,0.0000,5.21987,unity
84.9178,1.00000,1.0000,0.0000,5.29066,unity
84.9378,1.00000,1.0000,0.0000,5.33482,unity
84.9578,1.00000,1.0000,0.0000,5.44832,unity
84.9778,1.00000,1.0000,0.0000,5.47088,unity
84.9978,1.00000,1.0000,0.0000,5.49405,unity
85.0178,1.00000,1.0000,0.0000,5.59876,unity
85.0377,1.00000,1.0000,0.0000,5.62199,unity
85.0577,1.00000,1.0000,0.0000,5.69353,unity
85.0777,1.00000,1.0000,0.0000,5.72001,unity
85.0977,1.00000,1.0000,0.0000,5.79292,unity
85.1177,1.00000,1.0000,0.0000,5.85042,unity
85.1377,1.00000,1.0000,0.0000,5.82056,unity
85.1577,1.00000,1.0000,0.0000,5.97260,unity
85.1777,1.00000,1.0000,0.0000,5.94078,unity
85.1977,1.00000,1.0000,0.0000,6.04786,unity
85.2177,1.00000,1.0000,0.0000,5.99756,unity
85.2377,1.00000,1.0000,0.0000,6.14581,unity
85.2577,1.00000,1.0000,0.0000,6.09313,unity
85.2777,1.00000,1.0000,0.0000,6.23916,unity
85.2977,1.00000,1.0000,0.0000,6.18630,unity
85.3177,1.00000,1.0000,0.0000,6.33043,unity
85.3377,1.00000,1.0000,0.0000,6.27778,unity
85.3577,1.00000,1.0000,0.0000,6.41999,unity
85.3777,1.00000,1.0000,0.0000,6.36774,unity
85.3977,1.00000,1.0000,0.0000,6.50795,unity
85.4177,1.00000,1.0000,0.0000,6.45622,unity
85.4377,1.00000,1.0000,0.0000,6.59436,unity
85.4577,1.00000,1.0000,0.0000,6.54324,unity
85.4777,1.00000,1.0000,0.0000,6.67920,unity
85.4977,1.00000,1.0000,0.0000,6.62903,unity
85.5177,1.00000,1.0000,0.0000,6.76239,unity
85.5377,1.00000,1.0000,0.0000,6.71357,unity
85.5577,1.00000,1.0000,0.0000,6.84380,unity
85.5777,1.00000,1.0000,0.0000,6.79646,unity
85.5977,1.00000,1.0000,0.0000,6.92326,unity
85.6177,1.00000,1.0000,0.0000,6.87758,unity
85.6376,1.00000,1.0000,0.0000,7.00057,unity
85.6576,1.00000,1.0000,0.0000,6.95674,unity
85.6776,1.00000,1.0000,0.0000,7.07550,unity
85.6976,1.00000,1.0000,0.0000,7.03381,unity
85.7176,1.00000,1.0000,0.0000,7.14786,unity
85.7376,1.00000,1.0000,0.0000,7.10859,unity
85.7576,1.00000,1.0000,0.0000,7.21738,unity
85.7776,1.00000,1.0000,0.0000,7.18074,unity
85.7976,1.00000,1.0000,0.0000,7.28384,unity
85.8176,1.00000,1.0000,0.0000,7.24973,unity
85.8376,1.00000,1.0000,0.0000,7.34719,unity
85.8576,1.00000,1.0000,0.0000,7.31542,unity
85.8776,1.00000,1.0000,0.0000,7.40763,unity
85.8976,1.00000,1.0000,0.0000,7.37805,unity
85.9176,1.00000,1.0000,0.0000,7.46538,unity
85.9376,1.00000,1.0000,0.0000,7.43773,unity
85.9576,1.00000,1.0000,0.0000,7.52058,unity
85.9776,1.00000,1.0000,0.0000,7.49425,unity
85.9976,1.00000,1.0000,0.0000,7.57334,unity
86.0176,1.00000,1.0000,0.0000,7.54746,unity
86.0376,1.00000,1.0000,0.0000,7.62362,unity
86.0576,1.00000,1.0000,0.0000,7.59735,unity
86.0776,1.00000,1.0000,0.0000,7.67125,unity
86.0976,1.00000,1.0000,0.0000,7.64403,unity
86.1176,1.00000,1.0000,0.0000,7.71601,unity
86.1376,1.00000,1.0000,0.0000,7.68753,unity
86.1576,1.00000,1.0000,0.0000,7.75774,unity
86.1776,1.00000,1.0000,0.0000,7.72779,unity
86.1976,1.00000,1.0000,0.0000,7.79626,unity
86.2175,1.00000,1.0000,0.0000,7.76459,unity
86.2375,1.00000,1.0000,0.0000,7.83127,unity
86.2575,1.00000,1.0000,0.0000,7.79764,unity
86.2775,1.00000,1.0000,0.0000,7.86247,unity
86.2975,1.00000,1.0000,0.0000,7.82670,unity
86.3175,1.00000,1.0000,0.0000,7.88957,unity
86.3375,1.00000,1.0000,0.0000,7.85144,unity
86.3575,1.00000,1.0000,0.0000,7.91226,unity
86.3775,1.00000,1.0000,0.0000,7.87151,unity
86.3975,1.00000,1.0000,0.0000,7.93010,unity
86.4175,1.00000,1.0000,0.0000,7.88630,unity
86.4375,1.00000,1.0000,0.0000,7.94242,unity
86.4575,1.00000,1.0000,0.0000,7.89517,unity
86.4775,1.00000,1.0000,0.0000,7.94840,unity
86.4975,1.00000,1.0000,0.0000,7.89721,unity
86.5175,1.00000,1.0000,0.0000,7.94720,unity
86.5375,1.00000,1.0000,0.0000,7.89159,unity
86.5575,1.00000,1.0000,0.0000,7.93801,unity
86.5775,1.00000,1.0000,0.0000,7.87746,unity
86.5975,1.00000,1.0000,0.0000,7.91996,unity
86.6175,1.00000,1.0000,0.0000,7.85400,unity
86.6375,1.00000,1.0000,0.0000,7.89220,unity
86.6575,1.00000,1.0000,0.0000,7.82035,unity
86.6775,1.00000,1.0000,0.0000,7.85385,unity
86.6975,1.00000,1.0000,0.0000,7.77573,unity
86.7175,1.00000,1.0000,0.0000,7.80408,unity
86.7375,1.00000,1.0000,0.0000,7.71927,unity
86.7575,1.00000,1.0000,0.0000,7.74186,unity
86.7775,1.00000,1.0000,0.0000,7.64996,unity
86.7975,1.00000,1.0000,0.0000,7.66590,unity
86.8174,1.00000,1.0000,0.0000,7.56676,unity
86.8374,1.00000,1.0000,0.0000,7.57499,unity
86.8574,1.00000,1.0000,0.0000,7.46893,unity
86.8774,1.00000,1.0000,0.0000,7.46849,unity
86.8974,1.00000,1.0000,0.0000,7.35647,unity
86.9174,1.00000,1.0000,0.0000,7.34634,unity
86.9374,1.00000,1.0000,0.0000,7.23148,unity
86.9574,1.00000,1.0000,0.0000,7.20687,unity
86.9774,1.00000,1.0000,0.0000,7.09072,unity
86.9974,1.00000,1.0000,0.0000,7.02806,unity
87.0174,1.00000,1.0000,0.0000,6.88605,unity
87.0374,1.00000,1.0000,0.0000,6.84839,unity
87.0574,1.00000,1.0000,0.0000,6.69547,unity
87.0774,1.00000,1.0000,0.0000,6.64699,unity
87.0974,1.00000,1.0000,0.0000,6.48415,unity
87.1174,1.00000,1.0000,0.0000,6.42468,unity
87.1374,0.96749,1.0000,0.0000,6.25215,unity
87.1574,0.93179,1.0000,0.0000,6.18262,unity
87.1774,0.88610,1.0000,0.0000,6.00268,unity
87.1974,0.84472,1.0000,0.0000,5.92481,unity
87.2174,0.81319,1.0000,0.0000,5.73862,unity
87.2374,0.76586,1.0000,0.0000,5.65278,unity
87.2574,0.73490,1.0000,0.0000,5.46265,unity
87.2774,0.69322,1.0000,0.0000,5.37041,unity
87.2974,0.64783,1.0000,0.0000,5.17053,unity
87.3174,0.60934,1.0000,0.0000,5.07135,unity
87.3374,0.56627,0.0000,0.0000,4.88841,unity
87.3574,0.52961,0.0000,0.0000,4.75513,unity
87.3774,0.48562,0.0000,0.0000,4.59831,unity
87.3974,0.45240,0.0000,0.0000,4.44035,unity
87.4173,0.40995,0.0000,0.0000,4.28135,unity
87.4373,0.39118,0.0000,0.0000,4.12194,unity
87.4573,0.42779,0.0000,0.0000,3.96165,unity
87.4773,0.46655,0.0000,0.0000,3.79862,unity
87.4973,0.50945,1.0000,0.0000,3.63314,unity
87.5173,0.54609,1.0000,0.0000,3.46543,unity
87.5373,0.59066,1.0000,0.0000,3.29605,unity
87.5573,0.62424,1.0000,0.0000,3.12505,unity
87.5773,0.66636,1.0000,0.0000,2.95311,unity
87.5973,0.70594,1.0000,0.0000,2.78019,unity
87.6173,0.74391,1.0000,0.0000,2.60651,unity
87.6373,0.78590,1.0000,0.0000,2.43196,unity
87.6573,0.82480,1.0000,0.0000,2.25530,unity
87.6773,0.86705,1.0000,0.0000,2.07855,unity
87.6973,0.91251,1.0000,0.0000,1.91971,unity
87.7173,0.94697,1.0000,0.0000,1.77376,unity
87.7373,0.98498,1.0000,0.0000,1.63689,unity
87.7573,1.00000,1.0000,0.0000,1.50823,unity
87.7773,1.00000,1.0000,0.0000,1.38696,unity
87.7973,1.00000,1.0000,0.0000,1.27278,unity
87.8173,1.00000,1.0000,0.0000,1.16587,unity
87.8373,1.00000,1.0000,0.0000,1.06637,unity
87.8573,1.00000,1.0000,0.0000,0.97435,unity
87.8773,1.00000,1.0000,0.0000,0.88983,unity
87.8973,1.00000,1.0000,0.0000,0.81281,unity
87.9173,1.00000,1.0000,0.0000,0.74323,unity
87.9373,1.00000,1.0000,0.0000,0.68099,unity
87.9573,1.00000,1.0000,0.0000,0.62598,unity
87.9773,1.00000,1.0000,0.0000,0.57803,unity
87.9973,1.00000,1.0000,0.0000,0.53697,unity
88.0172,1.00000,1.0000,0.0000,0.50259,unity
88.0372,1.00000,1.0000,0.0000,0.47466,unity
88.0572,1.00000,1.0000,0.0000,0.45291,unity
88.0772,1.00000,1.0000,0.0000,0.43702,unity
88.0972,1.00000,1.0000,0.0000,0.42669,unity
88.1172,1.00000,1.0000,0.0000,0.42162,unity
88.1372,1.00000,1.0000,0.0000,0.42151,unity
88.1572,1.00000,1.0000,0.0000,0.42606,unity
88.1772,1.00000,0.0000,0.0000,0.43498,unity
88.1972,1.00000,0.0000,0.0000,0.44798,unity
88.2172,1.00000,0.0000,0.0000,0.46478,unity
88.2372,1.00000,0.0000,0.0000,0.48513,unity
88.2572,1.00000,0.0000,0.0000,0.50877,unity
88.2772,1.00000,0.0000,0.0000,0.53547,unity
88.2972,1.00000,0.0000,1.0000,0.56502,unity
88.3172,1.00000,0.0000,1.0000,0.57776,unity
88.3372,1.00000,0.0000,1.0000,0.56555,unity
88.3572,1.00000,0.0000,1.0000,0.53013,unity
88.3772,1.00000,0.0000,1.0000,0.49048,unity
88.3972,1.00000,0.0000,1.0000,0.44766,unity
88.4172,1.00000,0.0000,1.0000,0.40240,unity
88.4372,1.00000,0.0000,1.0000,0.35524,unity
88.4572,1.00000,0.0000,1.0000,0.30604,unity
88.4772,1.00000,0.0000,1.0000,0.25447,unity
88.4972,1.00000,0.0000,1.0000,0.19976,unity
88.5172,1.00000,0.0000,1.0000,0.14217,unity
88.5372,1.00000,0.0000,1.0000,0.09863,unity
88.5572,1.00000,0.0000,1.0000,0.16822,unity
88.5772,1.00000,0.0000,1.0000,0.20050,unity
88.5972,1.00000,0.0000,1.0000,0.09755,unity
88.6171,1.00000,0.0000,1.0000,0.16862,unity
88.6371,1.00000,0.0000,1.0000,0.20155,unity
88.6571,1.00000,0.0000,1.0000,0.09779,unity
88.6771,1.00000,0.0000,1.0000,0.17010,unity
88.6971,1.00000,0.0000,1.0000,0.19572,unity
88.7171,1.00000,0.0000,1.0000,0.04062,unity
88.7371,1.00000,0.0000,1.0000,0.05931,unity
88.7571,1.00000,0.0000,1.0000,0.07146,unity
88.7771,1.00000,0.0000,1.0000,0.09266,unity
88.7971,1.00000,0.0000,1.0000,0.10088,unity
88.8171,1.00000,0.0000,1.0000,0.12563,unity
88.8371,1.00000,0.0000,1.0000,0.00043,unity
88.8571,1.00000,0.0000,1.0000,0.02160,unity
88.8771,1.00000,0.0000,1.0000,0.02934,unity
88.8971,1.00000,0.0000,1.0000,0.04809,unity
88.9171,1.00000,0.0000,1.0000,0.06974,unity
88.9371,1.00000,0.0000,1.0000,0.07824,unity
88.9571,1.00000,0.0000,1.0000,0.10007,unity
88.9771,1.00000,0.0000,1.0000,0.12472,unity
88.9971,1.00000,0.0000,1.0000,0.00059,unity
89.0171,1.00000,0.0000,1.0000,0.01663,unity
89.0371,1.00000,0.0000,1.0000,0.00290,unity
89.0571,1.00000,0.0000,1.0000,-0.04588,unity
89.0771,1.00000,0.0000,1.0000,-0.08411,unity
89.0971,1.00000,0.0000,1.0000,-0.11807,unity
89.1171,1.00000,0.0000,1.0000,-0.16282,unity
89.1371,1.00000,0.0000,1.0000,-0.19909,unity
89.1571,1.00000,0.0000,1.0000,-0.22590,unity
89.1771,0.99207,0.0000,1.0000,-0.27259,unity
89.1970,0.94993,0.0000,1.0000,-0.30487,unity
89.2170,0.91249,0.0000,1.0000,-0.34376,unity
89.2370,0.87069,0.0000,1.0000,-0.38485,unity
89.2570,0.83511,0.0000,1.0000,-0.42439,unity
89.2770,0.79470,0.0000,1.0000,-0.46585,unity
89.2970,0.75562,0.0000,1.0000,-0.51767,unity
89.3170,0.71294,0.0000,1.0000,-0.53656,unity
89.3370,0.67321,0.0000,1.0000,-0.58428,unity
89.3570,0.63328,0.0000,1.0000,-0.61973,unity
89.3770,0.59424,0.0000,1.0000,-0.67126,unity
89.3970,0.55338,0.0000,1.0000,-0.70378,unity
89.4170,0.51222,0.0000,1.0000,-0.74287,unity
89.4370,0.46896,0.0000,1.0000,-0.79020,unity
89.4570,0.43065,0.0000,1.0000,-0.82625,unity
89.4770,0.39287,0.0000,1.0000,-0.86353,unity
89.4970,0.35474,0.0000,1.0000,-0.90771,unity
89.5170,0.31367,0.0000,1.0000,-0.94843,unity
89.5370,0.26982,0.0000,1.0000,-0.98718,unity
89.5570,0.23799,0.0000,1.0000,-1.03277,unity
89.5770,0.19613,0.0000,1.0000,-1.06705,unity
89.5970,0.15602,0.0000,1.0000,-1.10677,unity
89.6170,0.11060,0.0000,1.0000,-1.14692,unity
89.6370,0.07162,0.0000,1.0000,-1.18367,unity
89.6570,0.03068,0.0000,1.0000,-1.22353,unity
89.6770,-0.00403,0.0000,1.0000,-1.26232,unity
89.6970,-0.04620,0.0000,1.0000,-1.29919,unity
89.7170,-0.08715,0.0000,1.0000,-1.33861,unity
89.7370,-0.12346,0.0000,1.0000,-1.37598,unity
89.7570,-0.16253,0.0000,1.0000,-1.41399,unity
89.7770,-0.20402,0.0000,1.0000,-1.45191,unity
89.7969,-0.24358,0.0000,1.0000,-1.48975,unity
89.8169,-0.28584,0.0000,1.0000,-1.52776,unity
89.8369,-0.32151,0.0000,1.0000,-1.56529,unity
89.8569,-0.36341,0.0000,1.0000,-1.60180,unity
89.8769,-0.40821,0.0000,1.0000,-1.63774,unity
89.8969,-0.44759,0.0000,1.0000,-1.67318,unity
89.9169,-0.48155,0.0000,1.0000,-1.70833,unity
89.9369,-0.52921,0.0000,1.0000,-1.74335,unity
89.9569,-0.56601,0.0000,1.0000,-1.77761,unity
89.9769,-0.60700,0.0000,1.0000,-1.81163,unity
89.9969,-0.64288,0.0000,1.0000,-1.84515,unity
90.0169,-0.68975,0.0000,1.0000,-1.87840,unity
90.0369,-0.71969,0.0000,1.0000,-1.91071,unity
90.0569,-0.76608,0.0000,1.0000,-1.94312,unity
90.0769,-0.79946,0.0000,1.0000,-1.97445,unity
90.0969,-0.85137,0.0000,1.0000,-2.00564,unity
90.1169,-0.88945,0.0000,1.0000,-2.03523,unity
90.1369,-0.92372,0.0000,1.0000,-2.06442,unity
90.1569,-0.96836,0.0000,1.0000,-2.09341,unity
90.1769,-1.00000,0.0000,1.0000,-2.12117,unity
90.1969,-1.00000,0.0000,1.0000,-2.14890,unity
90.2169,-1.00000,0.0000,1.0000,-2.17928,unity
90.2369,-1.00000,0.0000,1.0000,-2.21139,unity
90.2569,-1.00000,0.0000,1.0000,-2.24461,unity
90.2769,-1.00000,0.0000,1.0000,-2.27856,unity
90.2969,-1.00000,0.0000,1.0000,-2.31297,unity
90.3169,-1.00000,0.0000,1.0000,-2.34767,unity
90.3369,-1.00000,0.0000,1.0000,-2.38255,unity
90.3569,-1.00000,0.0000,1.0000,-2.41753,unity
90.3769,-1.00000,0.0000,1.0000,-2.45257,unity
90.3968,-1.00000,0.0000,1.0000,-2.48762,unity
90.4168,-1.00000,0.0000,1.0000,-2.52268,unity
90.4368,-1.00000,0.0000,1.0000,-2.55772,unity
90.4568,-1.00000,0.0000,1.0000,-2.59272,unity
90.4768,-1.00000,0.0000,1.0000,-2.62769,unity
90.4968,-1.00000,0.0000,1.0000,-2.66261,unity
90.5168,-1.00000,0.0000,1.0000,-2.69748,unity
90.5368,-1.00000,0.0000,1.0000,-2.73230,unity
90.5568,-1.00000,0.0000,1.0000,-2.76705,unity
90.5768,-1.00000,0.0000,1.0000,-2.80175,unity
90.5968,-1.00000,0.0000,1.0000,-2.83638,unity
90.6168,-1.00000,0.0000,1.0000,-2.87094,unity
90.6368,-1.00000,0.0000,1.0000,-2.90543,unity
90.6568,-1.00000,0.0000,1.0000,-2.93985,unity
90.6768,-1.00000,0.0000,1.0000,-2.97420,unity
90.6968,-1.00000,0.0000,1.0000,-3.00847,unity
90.7168,-1.00000,0.0000,1.0000,-3.04267,unity
90.7368,-1.00000,0.0000,1.0000,-3.07678,unity
90.7568,-1.00000,0.0000,1.0000,-3.11082,unity
90.7768,-1.00000,0.0000,1.0000,-3.14477,unity
90.7968,-1.00000,0.0000,1.0000,-3.17864,unity
90.8168,-1.00000,0.0000,1.0000,-3.21243,unity
90.8368,-1.00000,0.0000,1.0000,-3.24613,unity
90.8568,-1.00000,0.0000,1.0000,-3.27973,unity
90.8768,-1.00000,0.0000,1.0000,-3.31325,unity
90.8968,-1.00000,0.0000,1.0000,-3.34668,unity
90.9168,-1.00000,0.0000,1.0000,-3.38002,unity
90.9368,-1.00000,0.0000,1.0000,-3.41327,unity
90.9568,-1.00000,0.0000,1.0000,-3.44641,unity
90.9768,-1.00000,0.0000,1.0000,-3.47947,unity
90.9967,-1.00000,0.0000,1.0000,-3.51242,unity
91.0167,-1.00000,0.0000,1.0000,-3.54528,unity
91.0367,-1.00000,0.0000,1.0000,-3.57803,unity
91.0567,-1.00000,0.0000,1.0000,-3.61068,unity
91.0767,-1.00000,0.0000,1.0000,-3.64323,unity
91.0967,-1.00000,0.0000,1.0000,-3.67567,unity
91.1167,-1.00000,0.0000,1.0000,-3.70801,unity
91.1367,-1.00000,0.0000,1.0000,-3.74023,unity
91.1567,-1.00000,0.0000,1.0000,-3.77234,unity
91.1767,-1.00000,0.0000,1.0000,-3.80434,unity
91.1967,-1.00000,0.0000,1.0000,-3.83622,unity
91.2167,-1.00000,0.0000,1.0000,-3.86799,unity
91.2367,-1.00000,0.0000,1.0000,-3.89964,unity
91.2567,-1.00000,0.0000,1.0000,-3.93116,unity
91.2767,-1.00000,0.0000,1.0000,-3.96257,unity
91.2967,-1.00000,0.0000,1.0000,-3.99384,unity
91.3167,-1.00000,0.0000,1.0000,-4.02499,unity
91.3367,-1.00000,0.0000,1.0000,-4.05601,unity
91.3567,-1.00000,0.0000,1.0000,-4.08689,unity
91.3767,-1.00000,0.0000,1.0000,-4.11765,unity
91.3967,-1.00000,0.0000,1.0000,-4.14826,unity
91.4167,-1.00000,0.0000,1.0000,-4.17873,unity
91.4367,-1.00000,0.0000,1.0000,-4.20907,unity
91.4567,-1.00000,0.0000,1.0000,-4.23926,unity
91.4767,-1.00000,0.0000,1.0000,-4.26930,unity
91.4967,-1.00000,0.0000,1.0000,-4.29919,unity
91.5167,-1.00000,0.0000,1.0000,-4.32893,unity
91.5367,-1.00000,0.0000,1.0000,-4.35852,unity
91.5567,-1.00000,0.0000,1.0000,-4.38796,unity
91.5766,-1.00000,0.0000,1.0000,-4.41724,unity
91.5966,-1.00000,0.0000,1.0000,-4.44637,unity
91.6166,-1.00000,0.0000,1.0000,-4.47533,unity
91.6366,-1.00000,0.0000,1.0000,-4.50413,unity
91.6566,-1.00000,0.0000,1.0000,-4.53277,unity
91.6766,-1.00000,0.0000,1.0000,-4.56124,unity
91.6966,-1.00000,0.0000,1.0000,-4.58954,unity
91.7166,-1.00000,0.0000,1.0000,-4.61767,unity
91.7366,-1.00000,0.0000,1.0000,-4.64562,unity
91.7566,-1.00000,0.0000,1.0000,-4.67341,unity
91.7766,-1.00000,0.0000,1.0000,-4.70101,unity
91.7966,-1.00000,0.0000,1.0000,-4.72843,unity
91.8166,-1.00000,0.0000,1.0000,-4.75568,unity
91.8366,-1.00000,0.0000,1.0000,-4.78274,unity
91.8566,-1.00000,0.0000,1.0000,-4.80961,unity
91.8766,-1.00000,0.0000,1.0000,-4.83629,unity
91.8966,-1.00000,0.0000,1.0000,-4.86278,unity
91.9166,-1.00000,0.0000,1.0000,-4.88909,unity
91.9366,-1.00000,0.0000,1.0000,-4.91519,unity
91.9566,-1.00000,0.0000,1.0000,-4.94110,unity
91.9766,-1.00000,0.0000,1.0000,-4.96680,unity
91.9966,-1.00000,0.0000,1.0000,-4.99231,unity
92.0166,-1.00000,0.0000,1.0000,-5.01761,unity
92.0366,-1.00000,0.0000,1.0000,-5.05697,unity
92.0566,-1.00000,0.0000,1.0000,-5.05261,unity
92.0766,-1.00000,0.0000,1.0000,-5.11086,unity
92.0966,-1.00000,0.0000,1.0000,-5.07295,unity
92.1166,-1.00000,0.0000,1.0000,-5.17205,unity
92.1366,-1.00000,0.0000,1.0000,-5.13397,unity
92.1566,-1.00000,0.0000,1.0000,-5.23472,unity
92.1765,-1.00000,0.0000,1.0000,-5.17565,unity
92.1965,-1.00000,0.0000,1.0000,-5.23294,unity
92.2165,-1.00000,0.0000,1.0000,-5.26136,unity
92.2365,-1.00000,0.0000,1.0000,-5.28550,unity
92.2565,-1.00000,0.0000,1.0000,-5.21738,unity
92.2765,-1.00000,0.0000,1.0000,-5.37014,unity
92.2965,-1.00000,0.0000,1.0000,-5.25846,unity
92.3165,-1.00000,0.0000,1.0000,-5.42152,unity
92.3365,-1.00000,0.0000,1.0000,-5.31256,unity
92.3565,-1.00000,0.0000,1.0000,-5.43498,unity
92.3765,-1.00000,0.0000,1.0000,-5.33132,unity
92.3965,-1.00000,0.0000,1.0000,-5.47858,unity
92.4165,-1.00000,0.0000,1.0000,-5.36307,unity
92.4365,-1.00000,0.0000,1.0000,-5.51733,unity
92.4565,-1.00000,0.0000,1.0000,-5.39456,unity
92.4765,-1.00000,0.0000,1.0000,-5.54780,unity
92.4965,-1.00000,0.0000,1.0000,-5.44091,unity
92.5165,-1.00000,0.0000,1.0000,-5.58837,unity
92.5365,-1.00000,0.0000,1.0000,-5.46346,unity
92.5565,-1.00000,0.0000,1.0000,-5.61213,unity
92.5765,-1.00000,0.0000,1.0000,-5.51433,unity
92.5965,-1.00000,0.0000,1.0000,-5.65039,unity
92.6165,-1.00000,0.0000,1.0000,-5.54123,unity
92.6365,-1.00000,0.0000,1.0000,-5.68329,unity
92.6565,-1.00000,0.0000,1.0000,-5.56482,unity
92.6765,-1.00000,0.0000,1.0000,-5.70609,unity
92.6965,-1.00000,0.0000,1.0000,-5.60116,unity
92.7165,-1.00000,0.0000,1.0000,-5.73729,unity
92.7365,-1.00000,0.0000,1.0000,-5.61753,unity
92.7565,-1.00000,0.0000,1.0000,-5.75428,unity
92.7764,-1.00000,0.0000,1.0000,-5.65301,unity
92.7964,-1.00000,0.0000,1.0000,-5.78261,unity
92.8164,-1.00000,0.0000,1.0000,-5.66490,unity
92.8364,-1.00000,0.0000,1.0000,-5.79679,unity
92.8564,-1.00000,0.0000,1.0000,-5.69336,unity
92.8764,-1.00000,0.0000,1.0000,-5.81963,unity
92.8964,-1.00000,0.0000,1.0000,-5.70102,unity
92.9164,-1.00000,0.0000,1.0000,-5.82830,unity
92.9364,-1.00000,0.0000,1.0000,-5.72625,unity
92.9564,-1.00000,0.0000,1.0000,-5.84713,unity
92.9764,-1.00000,0.0000,1.0000,-5.72858,unity
92.9964,-1.00000,0.0000,1.0000,-5.85115,unity
93.0164,-1.00000,0.0000,1.0000,-5.74806,unity
93.0364,-1.00000,0.0000,1.0000,-5.86459,unity
93.0564,-1.00000,0.0000,1.0000,-5.74480,unity
93.0764,-1.00000,0.0000,1.0000,-5.86274,unity
93.0964,-1.00000,0.0000,1.0000,-5.75960,unity
93.1164,-1.00000,0.0000,1.0000,-5.87107,unity
93.1364,-1.00000,0.0000,1.0000,-5.74967,unity
93.1564,-1.00000,0.0000,1.0000,-5.86292,unity
93.1764,-1.00000,0.0000,1.0000,-5.75880,unity
93.1964,-1.00000,0.0000,1.0000,-5.86544,unity
93.2164,-1.00000,0.0000,1.0000,-5.74138,unity
93.2364,-1.00000,0.0000,1.0000,-5.84989,unity
93.2564,-1.00000,0.0000,1.0000,-5.74522,unity
93.2764,-1.00000,0.0000,1.0000,-5.84643,unity
93.2964,-1.00000,0.0000,1.0000,-5.71940,unity
93.3164,-1.00000,0.0000,1.0000,-5.82298,unity
93.3364,-1.00000,0.0000,1.0000,-5.71669,unity
93.3564,-1.00000,0.0000,1.0000,-5.81174,unity
93.3763,-1.00000,0.0000,1.0000,-5.68112,unity
93.3963,-1.00000,0.0000,1.0000,-5.77758,unity
93.4163,-1.00000,0.0000,1.0000,-5.67204,unity
93.4363,-1.00000,0.0000,1.0000,-5.75823,unity
93.4563,-1.00000,0.0000,1.0000,-5.62561,unity
93.4763,-1.00000,0.0000,1.0000,-5.71444,unity
93.4963,-1.00000,0.0000,1.0000,-5.60225,unity
93.5163,-1.00000,0.0000,1.0000,-5.68303,unity
93.5363,-1.00000,0.0000,1.0000,-5.53668,unity
93.5563,-1.00000,0.0000,1.0000,-5.61781,unity
93.5763,-1.00000,0.0000,1.0000,-5.51627,unity
93.5963,-1.00000,0.0000,1.0000,-5.55748,unity
93.6163,-1.00000,0.0000,1.0000,-5.46254,unity
93.6363,-1.00000,0.0000,1.0000,-5.47262,unity
93.6563,-1.00000,0.0000,1.0000,-5.37975,unity
93.6763,-1.00000,0.0000,1.0000,-5.42813,unity
93.6963,-1.00000,0.0000,1.0000,-5.29064,unity
93.7163,-1.00000,0.0000,1.0000,-5.35012,unity
93.7363,-1.00000,0.0000,1.0000,-5.17511,unity
93.7563,-1.00000,0.0000,1.0000,-5.23157,unity
93.7763,-1.00000,0.0000,1.0000,-5.11820,unity
93.7963,-1.00000,0.0000,1.0000,-5.09558,unity
93.8163,-1.00000,0.0000,1.0000,-4.99210,unity
93.8363,-1.00000,0.0000,1.0000,-4.97872,unity
93.8563,-1.00000,0.0000,1.0000,-4.91556,unity
93.8763,-1.00000,0.0000,1.0000,-4.84773,unity
93.8963,-1.00000,0.0000,1.0000,-4.77657,unity
93.9163,-1.00000,0.0000,1.0000,-4.70211,unity
93.9363,-1.00000,0.0000,1.0000,-4.62432,unity
93.9563,-1.00000,0.0000,1.0000,-4.54316,unity
93.9762,-1.00000,0.0000,1.0000,-4.45858,unity
93.9962,-1.00000,0.0000,1.0000,-4.37053,unity
94.0162,-1.00000,0.0000,1.0000,-4.27897,unity
94.0362,-1.00000,0.0000,1.0000,-4.18388,unity
94.0562,-1.00000,0.0000,1.0000,-4.08529,unity
94.0762,-1.00000,0.0000,1.0000,-3.98323,unity
94.0962,-1.00000,0.0000,1.0000,-3.87770,unity
94.1162,-1.00000,0.0000,1.0000,-3.76878,unity
94.1362,-1.00000,0.0000,1.0000,-3.65656,unity
94.1562,-1.00000,0.0000,1.0000,-3.54117,unity
94.1762,-1.00000,0.0000,1.0000,-3.42275,unity
94.1962,-1.00000,0.0000,1.0000,-3.30147,unity
94.2162,-1.00000,0.0000,1.0000,-3.17753,unity
94.2362,-1.00000,0.0000,1.0000,-3.05116,unity
94.2562,-1.00000,0.0000,1.0000,-2.92263,unity
94.2762,-1.00000,0.0000,1.0000,-2.79222,unity
94.2962,-1.00000,0.0000,1.0000,-2.66026,unity
94.3162,-1.00000,0.0000,1.0000,-2.52711,unity
94.3362,-1.00000,0.0000,1.0000,-2.39313,unity
94.3562,-1.00000,0.0000,1.0000,-2.25868,unity
94.3762,-1.00000,0.0000,1.0000,-2.12413,unity
94.3962,-1.00000,0.0000,1.0000,-1.98973,unity
94.4162,-1.00000,0.0000,1.0000,-1.85582,unity
94.4362,-1.00000,0.0000,1.0000,-1.72285,unity
94.4562,-1.00000,0.0000,1.0000,-1.59142,unity
94.4762,-1.00000,0.0000,1.0000,-1.46205,unity
94.4962,-1.00000,0.0000,1.0000,-1.33507,unity
94.5162,-1.00000,0.0000,1.0000,-1.21080,unity
94.5362,-1.00000,0.0000,1.0000,-1.08958,unity
94.5561,-1.00000,0.0000,1.0000,-0.97167,unity
94.5761,-1.00000,0.0000,1.0000,-0.85735,unity
94.5961,-1.00000,0.0000,1.0000,-0.74696,unity
94.6161,-1.00000,0.0000,1.0000,-0.64086,unity
94.6361,-1.00000,0.0000,1.0000,-0.53919,unity
94.6561,-1.00000,0.0000,1.0000,-0.44221,unity
94.6761,-1.00000,0.0000,1.0000,-0.34970,unity
94.6961,-1.00000,0.0000,1.0000,-0.26211,unity
94.7161,-1.00000,0.0000,1.0000,-0.17921,unity
94.7361,-1.00000,0.0000,1.0000,-0.10191,unity
94.7561,-1.00000,0.0000,1.0000,-0.02914,unity
94.7761,-1.00000,0.0000,1.0000,0.03929,unity
94.7961,-1.00000,0.0000,1.0000,0.10433,unity
94.8161,-1.00000,0.0000,1.0000,0.21487,unity
94.8361,-1.00000,0.0000,1.0000,0.34315,unity
94.8561,-1.00000,0.0000,1.0000,0.46108,unity
94.8761,-1.00000,0.0000,1.0000,0.56150,unity
94.8961,-1.00000,0.0000,1.0000,0.73474,unity
94.9161,-1.00000,0.0000,1.0000,0.72954,unity
94.9361,-1.00000,0.0000,1.0000,0.70559,unity
94.9561,-1.00000,0.0000,1.0000,0.67351,unity
94.9761,-1.00000,0.0000,1.0000,0.63690,unity
94.9961,-1.00000,0.0000,1.0000,0.59798,unity
95.0161,-1.00000,0.0000,1.0000,0.55807,unity
95.0361,-1.00000,0.0000,1.0000,0.51791,unity
95.0561,-1.00000,0.0000,1.0000,0.47792,unity
95.0761,-1.00000,0.0000,1.0000,0.43833,unity
95.0961,-1.00000,0.0000,1.0000,0.39925,unity
95.1161,-1.00000,0.0000,1.0000,0.36077,unity
95.1361,-1.00000,0.0000,1.0000,0.32293,unity
95.1560,-1.00000,0.0000,1.0000,0.28414,unity
95.1760,-1.00000,0.0000,1.0000,0.24375,unity
95.1960,-1.00000,0.0000,1.0000,0.26837,unity
95.2160,-1.00000,0.0000,1.0000,0.21529,unity
95.2360,-1.00000,0.0000,1.0000,0.16091,unity
95.2560,-1.00000,0.0000,1.0000,0.10699,unity
95.2760,-1.00000,0.0000,1.0000,0.04112,unity
95.2960,-1.00000,0.0000,1.0000,0.00055,unity
95.3160,-1.00000,0.0000,1.0000,-0.04877,unity
95.3360,-1.00000,0.0000,1.0000,-0.08888,unity
95.3560,-1.00000,0.0000,1.0000,-0.12894,unity
95.3760,-0.98561,0.0000,1.0000,-0.16917,unity
95.3960,-0.93252,0.0000,1.0000,-0.20571,unity
95.4160,-0.89786,0.0000,0.0000,-0.24641,unity
95.4360,-0.85883,0.0000,0.0000,-0.25510,unity
95.4560,-0.82016,0.0000,0.0000,-0.25665,unity
95.4760,-0.78140,0.0000,0.0000,-0.25762,unity
95.4960,-0.74372,0.0000,0.0000,-0.25836,unity
95.5160,-0.70190,0.0000,0.0000,-0.25898,unity
95.5360,-0.66203,0.0000,0.0000,-0.25959,unity
95.5560,-0.62352,0.0000,0.0000,-0.26013,unity
95.5760,-0.58528,0.0000,0.0000,-0.26062,unity
95.5960,-0.53423,0.0000,0.0000,-0.26106,unity
95.6160,-0.49286,0.0000,0.0000,-0.26158,unity
95.6360,-0.45284,0.0000,0.0000,-0.26200,unity
95.6560,-0.42673,0.0000,0.0000,-0.26237,unity
95.6760,-0.37166,0.0000,0.0000,-0.26261,unity
95.6960,-0.34466,0.0000,0.0000,-0.26296,unity
95.7160,-0.30238,0.0000,0.0000,-0.26316,unity
95.7360,-0.25504,0.0000,0.0000,-0.26339,unity
95.7559,-0.21239,0.0000,0.0000,-0.26361,unity
95.7759,-0.17504,0.0000,0.0000,-0.26378,unity
95.7959,-0.13820,0.0000,0.0000,-0.26390,unity
95.8159,-0.10184,0.0000,0.0000,-0.26398,unity
95.8359,-0.07540,0.0000,0.0000,-0.26403,unity
95.8559,-0.01171,0.0000,0.0000,-0.26405,unity
95.8759,0.00000,0.0000,0.0000,-0.26403,unity
95.8959,0.00000,0.0000,0.0000,-0.26399,unity
95.9159,0.00000,0.0000,0.0000,-0.26396,unity
95.9359,0.00000,0.0000,0.0000,-0.26392,unity
95.9559,0.00000,0.0000,0.0000,-0.26388,unity
95.9759,0.00000,0.0000,0.0000,-0.26385,unity
95.9959,0.00000,0.0000,0.0000,-0.26381,unity
96.0159,0.00000,0.0000,0.0000,-0.26378,unity
96.0359,0.00000,0.0000,0.0000,-0.26374,unity
96.0559,0.00000,0.0000,0.0000,-0.26371,unity
96.0759,0.00000,0.0000,0.0000,-0.26368,unity
96.0959,0.00000,0.0000,0.0000,-0.26364,unity
96.1159,0.00000,0.0000,0.0000,-0.26361,unity
96.1359,0.00000,0.0000,0.0000,-0.26357,unity
96.1559,0.00000,0.0000,0.0000,-0.26354,unity
96.1759,0.00000,0.0000,0.0000,-0.26350,unity
96.1959,0.00000,0.0000,0.0000,-0.26347,unity
96.2159,0.00000,0.0000,0.0000,-0.26344,unity
96.2359,0.00000,0.0000,0.0000,-0.26340,unity
96.2559,0.00000,0.0000,0.0000,-0.26337,unity
96.2759,0.00000,0.0000,0.0000,-0.26333,unity
96.2959,0.00000,0.0000,0.0000,-0.26330,unity
96.3159,0.00000,0.0000,0.0000,-0.26327,unity
96.3359,0.00000,0.0000,0.0000,-0.26323,unity
96.3558,0.00000,0.0000,0.0000,-0.26320,unity
96.3758,0.00000,0.0000,0.0000,-0.26316,unity
96.3958,0.00000,0.0000,0.0000,-0.26313,unity
96.4158,0.00000,0.0000,0.0000,-0.26309,unity
96.4358,0.00000,0.0000,0.0000,-0.26306,unity
96.4558,0.00000,0.0000,0.0000,-0.26302,unity
96.4758,0.00000,0.0000,0.0000,-0.26299,unity
96.4958,0.00000,0.0000,0.0000,-0.26295,unity
96.5158,0.00000,0.0000,0.0000,-0.26292,unity
96.5358,0.00000,0.0000,0.0000,-0.26289,unity
96.5558,0.00000,0.0000,0.0000,-0.26285,unity
96.5758,0.00000,0.0000,0.0000,-0.26282,unity
96.5958,0.00000,0.0000,0.0000,-0.26278,unity
96.6158,0.00000,0.0000,0.0000,-0.26275,unity
96.6358,0.00000,0.0000,0.0000,-0.26271,unity
96.6558,0.00000,0.0000,0.0000,-0.26268,unity
96.6758,0.00000,0.0000,0.0000,-0.26264,unity
96.6958,0.00000,0.0000,0.0000,-0.26261,unity
96.7158,0.00000,0.0000,0.0000,-0.26257,unity
96.7358,0.00000,0.0000,0.0000,-0.26254,unity
96.7558,0.00000,0.0000,0.0000,-0.26250,unity
96.7758,0.00000,0.0000,0.0000,-0.26247,unity
96.7958,0.00000,0.0000,0.0000,-0.26244,unity
96.8158,0.00000,0.0000,0.0000,-0.26240,unity
96.8358,0.00000,0.0000,0.0000,-0.26237,unity
96.8558,0.00000,0.0000,0.0000,-0.26233,unity
96.8758,0.00000,0.0000,0.0000,-0.26230,unity
96.8958,0.00000,0.0000,0.0000,-0.26226,unity
96.9158,0.00000,0.0000,0.0000,-0.26223,unity
96.9358,0.00000,0.0000,0.0000,-0.26219,unity
96.9557,0.00000,0.0000,0.0000,-0.26216,unity
96.9757,0.00000,0.0000,0.0000,-0.26212,unity
96.9957,0.00000,0.0000,0.0000,-0.26209,unity
97.0157,0.00000,0.0000,0.0000,-0.26206,unity
97.0357,0.00000,0.0000,0.0000,-0.26202,unity
97.0557,0.00000,0.0000,0.0000,-0.26199,unity
97.0757,0.00000,0.0000,0.0000,-0.26195,unity
97.0957,0.00000,0.0000,0.0000,-0.26192,unity
97.1157,0.00000,0.0000,0.0000,-0.26188,unity
97.1357,0.00000,0.0000,0.0000,-0.26185,unity
97.1557,0.00000,0.0000,0.0000,-0.26181,unity
97.1757,0.00000,0.0000,0.0000,-0.26178,unity
97.1957,0.00000,0.0000,0.0000,-0.26175,unity
97.2157,0.00000,0.0000,0.0000,-0.26171,unity
97.2357,0.00000,0.0000,0.0000,-0.26168,unity
97.2557,0.00000,0.0000,0.0000,-0.26164,unity
97.2757,0.00000,0.0000,0.0000,-0.26161,unity
97.2957,0.00000,0.0000,0.0000,-0.26157,unity
97.3157,0.00000,0.0000,0.0000,-0.26154,unity
97.3357,0.00000,0.0000,0.0000,-0.26150,unity
97.3557,0.00000,0.0000,0.0000,-0.26147,unity
97.3757,0.00000,0.0000,0.0000,-0.26144,unity
97.3957,0.00000,0.0000,0.0000,-0.26140,unity
97.4157,0.00000,0.0000,0.0000,-0.26137,unity
97.4357,0.00000,0.0000,0.0000,-0.26133,unity
97.4557,0.00000,0.0000,0.0000,-0.26130,unity
97.4757,0.00000,0.0000,0.0000,-0.26126,unity
97.4957,0.00000,0.0000,0.0000,-0.26123,unity
97.5157,0.00000,0.0000,0.0000,-0.26120,unity
97.5356,0.00000,0.0000,0.0000,-0.26116,unity
97.5556,0.00000,0.0000,0.0000,-0.26113,unity
97.5756,0.00000,0.0000,0.0000,-0.26109,unity
97.5956,0.00000,0.0000,0.0000,-0.26106,unity
97.6156,0.00000,0.0000,0.0000,-0.26102,unity
97.6356,0.00000,0.0000,0.0000,-0.26099,unity
97.6556,0.00000,0.0000,0.0000,-0.26095,unity
97.6756,0.00000,0.0000,0.0000,-0.26092,unity
97.6956,0.00000,0.0000,0.0000,-0.26089,unity
97.7156,0.00000,0.0000,0.0000,-0.26085,unity
97.7356,0.00000,0.0000,0.0000,-0.26082,unity
97.7556,0.00000,0.0000,0.0000,-0.26078,unity
97.7756,0.00000,0.0000,0.0000,-0.26075,unity
97.7956,0.00000,0.0000,0.0000,-0.26071,unity
97.8156,0.00000,0.0000,0.0000,-0.26068,unity
97.8356,0.00000,0.0000,0.0000,-0.26065,unity
97.8556,0.00000,0.0000,0.0000,-0.26061,unity
97.8756,0.00000,0.0000,0.0000,-0.26058,unity
97.8956,0.00000,0.0000,0.0000,-0.26054,unity
97.9156,0.00000,0.0000,0.0000,-0.26051,unity
97.9356,0.00000,0.0000,0.0000,-0.26047,unity
97.9556,0.00000,0.0000,0.0000,-0.26044,unity
97.9756,0.00000,0.0000,0.0000,-0.26041,unity
97.9956,0.00000,0.0000,0.0000,-0.26037,unity
98.0156,0.00000,0.0000,0.0000,-0.26034,unity
98.0356,0.00000,0.0000,0.0000,-0.26030,unity
98.0556,0.00000,0.0000,0.0000,-0.26027,unity
98.0756,0.00000,0.0000,0.0000,-0.26023,unity
98.0956,0.00000,0.0000,0.0000,-0.26020,unity
98.1156,0.00000,0.0000,0.0000,-0.26017,unity
98.1355,0.00000,0.0000,0.0000,-0.26013,unity
98.1555,0.00000,0.0000,0.0000,-0.26010,unity
98.1755,0.00000,0.0000,0.0000,-0.26006,unity
98.1955,0.00000,0.0000,0.0000,-0.26003,unity
98.2155,0.00000,0.0000,0.0000,-0.26000,unity
98.2355,0.00000,0.0000,0.0000,-0.25996,unity
98.2555,0.00000,0.0000,0.0000,-0.25993,unity
98.2755,0.00000,0.0000,0.0000,-0.25989,unity
98.2955,0.00000,0.0000,0.0000,-0.25986,unity
98.3155,0.00000,0.0000,0.0000,-0.25982,unity
98.3355,0.00000,0.0000,0.0000,-0.25979,unity
98.3555,0.00000,0.0000,0.0000,-0.25976,unity
98.3755,0.00000,0.0000,0.0000,-0.25972,unity
98.3955,0.00000,0.0000,0.0000,-0.25969,unity
98.4155,0.00000,0.0000,0.0000,-0.25965,unity
98.4355,0.00000,0.0000,0.0000,-0.25962,unity
98.4555,0.00000,0.0000,0.0000,-0.25959,unity
98.4755,0.00000,0.0000,0.0000,-0.25955,unity
98.4955,0.00000,0.0000,0.0000,-0.25952,unity
98.5155,0.00000,0.0000,0.0000,-0.25948,unity
98.5355,0.00000,0.0000,0.0000,-0.25945,unity
98.5555,0.00000,0.0000,0.0000,-0.25941,unity
98.5755,0.00000,0.0000,0.0000,-0.25938,unity
98.5955,0.00000,0.0000,0.0000,-0.25935,unity
98.6155,0.00000,0.0000,0.0000,-0.25931,unity
98.6355,0.00000,0.0000,0.0000,-0.25928,unity
98.6555,0.00000,0.0000,0.0000,-0.25924,unity
98.6755,0.00000,0.0000,0.0000,-0.25921,unity
98.6955,0.00000,0.0000,0.0000,-0.25918,unity
98.7155,0.00000,0.0000,0.0000,-0.25914,unity
98.7354,0.00000,0.0000,0.0000,-0.25911,unity
98.7554,0.00000,0.0000,0.0000,-0.25907,unity
98.7754,0.00000,0.0000,0.0000,-0.25904,unity
98.7954,0.00000,0.0000,0.0000,-0.25901,unity
98.8154,0.00000,0.0000,0.0000,-0.25897,unity
98.8354,0.00000,0.0000,0.0000,-0.25894,unity
98.8554,0.00000,0.0000,0.0000,-0.25890,unity
98.8754,0.00000,0.0000,0.0000,-0.25887,unity
98.8954,0.00000,0.0000,0.0000,-0.25883,unity
98.9154,0.00000,0.0000,0.0000,-0.25880,unity
98.9354,0.00000,0.0000,0.0000,-0.25877,unity
98.9554,0.00000,0.0000,0.0000,-0.25873,unity
98.9754,0.00000,0.0000,0.0000,-0.25870,unity
98.9954,0.00000,0.0000,0.0000,-0.25866,unity
99.0154,0.00000,0.0000,0.0000,-0.25863,unity
99.0354,0.00000,0.0000,0.0000,-0.25860,unity
99.0554,0.00000,0.0000,0.0000,-0.25856,unity
99.0754,0.00000,0.0000,0.0000,-0.25853,unity
99.0954,0.00000,0.0000,0.0000,-0.25849,unity
99.1154,0.00000,0.0000,0.0000,-0.25846,unity
99.1354,0.00000,0.0000,0.0000,-0.25843,unity
99.1554,0.00000,0.0000,0.0000,-0.25839,unity
99.1754,0.00000,0.0000,0.0000,-0.25836,unity
99.1954,0.00000,0.0000,0.0000,-0.25832,unity
99.2154,0.00000,0.0000,0.0000,-0.25829,unity
99.2354,0.00000,0.0000,0.0000,-0.25826,unity
99.2554,0.00000,0.0000,0.0000,-0.25822,unity
99.2754,0.00000,0.0000,0.0000,-0.25819,unity
99.2954,0.00000,0.0000,0.0000,-0.25815,unity
99.3154,0.00000,0.0000,0.0000,-0.25812,unity
99.3353,0.00000,0.0000,0.0000,-0.25809,unity
99.3553,0.00000,0.0000,0.0000,-0.25805,unity
99.3753,0.00000,0.0000,0.0000,-0.25802,unity
99.3953,0.00000,0.0000,0.0000,-0.25798,unity
99.4153,0.00000,0.0000,0.0000,-0.25795,unity
99.4353,0.00000,0.0000,0.0000,-0.25792,unity
99.4553,0.00000,0.0000,0.0000,-0.25788,unity
99.4753,0.00000,0.0000,0.0000,-0.25785,unity
99.4953,0.00000,0.0000,0.0000,-0.25782,unity
99.5153,0.00000,0.0000,0.0000,-0.25778,unity
99.5353,0.00000,0.0000,0.0000,-0.25775,unity
99.5553,0.00000,0.0000,0.0000,-0.25771,unity
99.5753,0.00000,0.0000,0.0000,-0.25768,unity
99.5953,0.00000,0.0000,0.0000,-0.25765,unity
99.6153,0.00000,0.0000,0.0000,-0.25761,unity
99.6353,0.00000,0.0000,0.0000,-0.25758,unity
99.6553,0.00000,0.0000,0.0000,-0.25754,unity
99.6753,0.00000,0.0000,0.0000,-0.25751,unity
99.6953,0.00000,0.0000,0.0000,-0.25748,unity
99.7153,0.00000,0.0000,0.0000,-0.25744,unity
99.7353,0.00000,0.0000,0.0000,-0.25741,unity
99.7553,0.00000,0.0000,0.0000,-0.25737,unity
99.7753,0.00000,0.0000,0.0000,-0.25734,unity
99.7953,0.00000,0.0000,0.0000,-0.25731,unity
