run_id,step,cumulative_reward,episode_length,policy_loss,value_loss,entropy,reward_checkpoint,reward_wrong_way,reward_wall,reward_step,reward_speed,reward_jerk,reward_progress,markers_per_episode,physics_steps_charged,wall_contacts,lateral_clearance,end_wallcontact,end_lapscompleted,end_stalled,end_steplimit,end_trackswapped,stalled_share
ppo_car_009_bc_s7,10000,-5.572847366333008,342.71429443359375,,,1.4189382791519165,0.0833333358168602,-0.3333333432674408,-2.5,-0.8015775084495544,0.0074805463664233685,-0.18458618223667145,0.06087120994925499,0.0833333358168602,801.5833129882812,0.5,0.6043558120727539,18.0,,5.0,,13.0,0.1388888888888889
ppo_car_009_bc_s7,20000,-4.51633882522583,442.9599914550781,,,1.4189382791519165,0.2647058963775635,-0.5,-2.941176414489746,-1.305299997329712,0.006592078600078821,-0.3128761053085327,0.1426268368959427,0.2647058963775635,1305.323486328125,0.5882353186607361,0.37434688210487366,20.0,,12.0,,2.0,0.35294117647058826
ppo_car_009_bc_s7,30000,-4.172000885009766,392.76470947265625,0.014199217781424522,0.18319609761238098,1.4196858406066895,0.0476190485060215,-0.4761904776096344,-2.3809523582458496,-1.273177981376648,0.018398938700556755,-0.3167424499988556,0.052331339567899704,0.0476190485060215,1273.1904296875,0.4761904776096344,0.44916921854019165,10.0,,8.0,,3.0,0.38095238095238093
ppo_car_009_bc_s7,40000,-5.425356864929199,555.5,,,1.4197180271148682,0.625,-0.7916666865348816,-3.125,-1.9188684225082397,0.027606133371591568,-0.4586974084377289,0.3021145761013031,0.625,1918.9166259765625,0.625,0.403056800365448,15.0,,5.0,2.0,2.0,0.20833333333333334
ppo_car_009_bc_s7,50000,-5.652649402618408,477.3809509277344,0.016163449734449387,0.11743447184562683,1.419270634651184,0.38461539149284363,-0.7692307829856873,-3.269230842590332,-1.5444718599319458,0.014703535474836826,-0.3670213222503662,0.21530815958976746,0.38461539149284363,1544.5,0.6538461446762085,0.577317476272583,17.0,,4.0,,5.0,0.15384615384615385
ppo_car_009_bc_s7,60000,-4.808878421783447,454.4347839355469,,,1.4192312955856323,0.1666666716337204,-0.5666666626930237,-2.5,-1.395413875579834,0.013560007326304913,-0.33610332012176514,0.09761916846036911,0.1666666716337204,1395.433349609375,0.5333333611488342,0.4972056746482849,15.0,,10.0,,5.0,0.3333333333333333
ppo_car_009_bc_s7,70000,-5.3347697257995605,655.3333129882812,0.01640859805047512,0.15822382271289825,1.4193121194839478,0.20000000298023224,-0.6000000238418579,-3.0,-1.5752507448196411,0.01780921220779419,-0.3614831268787384,0.11735117435455322,0.20000000298023224,1575.280029296875,0.6399999856948853,0.40951406955718994,15.0,,9.0,,1.0,0.36
ppo_car_009_bc_s7,80000,-4.764009475708008,340.5714416503906,,,1.4193254709243774,0.47727271914482117,-0.6590909361839294,-3.295454502105713,-1.2219990491867065,0.013978173956274986,-0.28626692295074463,0.2503577768802643,0.47727271914482117,1222.022705078125,0.6590909361839294,0.4357722997665405,29.0,,7.0,2.0,6.0,0.1590909090909091
ppo_car_009_bc_s7,90000,-4.402372360229492,337.96429443359375,0.017836635932326317,0.18182538449764252,1.4198496341705322,0.21621622145175934,-0.5135135054588318,-3.1081080436706543,-1.0245240926742554,0.014638828113675117,-0.2414703667163849,0.10910274088382721,0.21621622145175934,1024.54052734375,0.6216216087341309,0.432801216840744,23.0,,9.0,,5.0,0.24324324324324326
ppo_car_009_bc_s7,100000,-5.077988624572754,280.629638671875,,,1.4199846982955933,0.17142857611179352,-0.4285714328289032,-3.857142925262451,-0.8669654130935669,0.013579638674855232,-0.2034793645143509,0.11240863800048828,0.17142857611179352,866.971435546875,0.800000011920929,0.4496568739414215,27.0,,4.0,,4.0,0.11428571428571428
ppo_car_009_bc_s7,110000,-4.684885501861572,589.1333618164062,0.014650468714535236,0.15045633912086487,1.4183471202850342,0.6666666865348816,-1.0,-1.9444444179534912,-2.29878830909729,0.016794482246041298,-0.5388152003288269,0.333195298910141,0.6666666865348816,2298.833251953125,0.3888888955116272,0.5638655424118042,7.0,,7.0,2.0,2.0,0.3888888888888889
ppo_car_009_bc_s7,120000,-4.634099006652832,458.137939453125,,,1.417729139328003,0.3142857253551483,-0.7428571581840515,-2.4285714626312256,-1.6916561126708984,0.01987411081790924,-0.41402772068977356,0.17130592465400696,0.3142857253551483,1691.6856689453125,0.5142857432365417,0.5786327123641968,17.0,,12.0,2.0,4.0,0.34285714285714286
ppo_car_009_bc_s7,130000,-4.505349636077881,382.65216064453125,0.017914295196533203,0.12181169539690018,1.4185876846313477,0.12903225421905518,-0.4838709533214569,-2.7419354915618896,-1.1375696659088135,0.003200309816747904,-0.25679153203964233,0.04865066707134247,0.12903225421905518,1137.5806884765625,0.5483871102333069,0.568021297454834,17.0,,9.0,,5.0,0.2903225806451613
ppo_car_009_bc_s7,140000,-3.925835609436035,558.1904907226562,,,1.4189776182174683,0.1599999964237213,-0.6000000238418579,-1.2000000476837158,-1.8771333694458008,0.004550761543214321,-0.45945295691490173,0.07465632259845734,0.1599999964237213,1877.1600341796875,0.23999999463558197,0.6730025410652161,6.0,,14.0,,5.0,0.56
ppo_car_009_bc_s7,150000,-4.871084690093994,382.6206970214844,0.015304463915526867,0.04606051370501518,1.4185471534729004,0.3142857253551483,-0.6571428775787354,-3.2857143878936768,-1.270926594734192,0.030239680781960487,-0.28839898109436035,0.1651981770992279,0.3142857253551483,1270.94287109375,0.6571428775787354,0.46641257405281067,23.0,,10.0,,2.0,0.2857142857142857
ppo_car_009_bc_s7,160000,-4.167541980743408,427.3846130371094,,,1.4182637929916382,0.40625,-0.65625,-2.1875,-1.5710324048995972,0.009932707995176315,-0.3794536888599396,0.20938454568386078,0.40625,1571.0625,0.5,0.5404309630393982,14.0,,10.0,2.0,6.0,0.3125
ppo_car_009_bc_s7,170000,-4.592928409576416,390.1739196777344,0.013553018681704998,0.14613936841487885,1.4167662858963013,0.19354838132858276,-0.5161290168762207,-3.064516067504883,-1.1594401597976685,0.014602991752326488,-0.27458032965660095,0.10939522832632065,0.19354838132858276,1159.45166015625,0.6129032373428345,0.47433221340179443,19.0,,8.0,,4.0,0.25806451612903225
ppo_car_009_bc_s7,180000,-4.140587329864502,409.86956787109375,,,1.4158496856689453,0.23333333432674408,-0.5666666626930237,-2.6666667461395264,-1.2557835578918457,0.015450230799615383,-0.28404104709625244,0.11930348724126816,0.23333333432674408,1255.800048828125,0.5333333611488342,0.4543667435646057,16.0,,10.0,,4.0,0.3333333333333333
ppo_car_009_bc_s7,190000,-4.446613311767578,408.1363525390625,0.01507304236292839,0.0996200367808342,1.4164693355560303,0.26923078298568726,-0.5769230723381042,-2.692307710647583,-1.3836016654968262,0.01213890127837658,-0.31254395842552185,0.15194664895534515,0.26923078298568726,1383.6153564453125,0.5384615659713745,0.48518893122673035,14.0,,9.0,,3.0,0.34615384615384615
ppo_car_009_bc_s7,200000,-4.851785182952881,675.4615478515625,,,1.4170397520065308,0.3125,-0.8125,-1.875,-2.1983425617218018,0.021880459040403366,-0.4880220293998718,0.15820658206939697,0.3125,2198.375,0.375,0.514452338218689,6.0,,10.0,,,0.625
ppo_car_009_bc_s7,210000,-3.065727472305298,435.1363525390625,0.017675939947366714,0.10592842102050781,1.4163134098052979,0.6785714030265808,-0.6785714030265808,-1.7857142686843872,-1.5830004215240479,0.03989853709936142,-0.3681964874267578,0.350732684135437,0.6785714030265808,1583.0357666015625,0.3571428656578064,0.5425864458084106,10.0,,9.0,2.0,7.0,0.32142857142857145
ppo_car_009_bc_s7,220000,-4.689547061920166,389.0,,,1.4156131744384766,0.3928571343421936,-0.5714285969734192,-3.0357143878936768,-1.4938976764678955,0.04620739445090294,-0.3381544351577759,0.22595368325710297,0.3928571343421936,1493.9285888671875,0.6428571343421936,0.4916500449180603,17.0,,5.0,2.0,4.0,0.17857142857142858
ppo_car_009_bc_s7,230000,-4.90504264831543,551.8571166992188,0.01602466218173504,0.10863658785820007,1.4148330688476562,0.4482758641242981,-0.7931034564971924,-2.7586207389831543,-1.8077118396759033,0.025103606283664703,-0.41691482067108154,0.2694370746612549,0.4482758641242981,1807.7586669921875,0.5862069129943848,0.43699583411216736,16.0,,10.0,2.0,1.0,0.3448275862068966
ppo_car_009_bc_s7,240000,-4.29374885559082,420.760009765625,,,1.4137343168258667,0.25,-0.5625,-2.65625,-1.3169533014297485,0.012140591628849506,-0.2988746166229248,0.12404171377420425,0.25,1316.96875,0.5625,0.5609421133995056,17.0,,10.0,,5.0,0.3125
ppo_car_009_bc_s7,250000,-3.858165740966797,424.4117736816406,0.017374560236930847,0.09722475707530975,1.4134604930877686,0.22727273404598236,-0.5909090638160706,-2.2727272510528564,-1.3141661882400513,0.01786945015192032,-0.30253031849861145,0.11676919460296631,0.22727273404598236,1314.1817626953125,0.4545454680919647,0.5117824077606201,10.0,,9.0,,3.0,0.4090909090909091
ppo_car_009_bc_s7,260000,-4.1263203620910645,520.1363525390625,,,1.4129621982574463,0.48148149251937866,-0.7407407164573669,-2.0370371341705322,-1.9177616834640503,0.031597234308719635,-0.43093621730804443,0.25081560015678406,0.48148149251937866,1917.8148193359375,0.40740740299224854,0.5086498856544495,11.0,,10.0,2.0,4.0,0.37037037037037035
ppo_car_009_bc_s7,270000,-4.748847007751465,562.478271484375,0.017109543085098267,0.06761994957923889,1.411779522895813,0.24242424964904785,-0.5757575631141663,-2.5757575035095215,-1.570763349533081,0.017739608883857727,-0.35064825415611267,0.13801659643650055,0.24242424964904785,1570.787841796875,0.5151515007019043,0.4239441454410553,17.0,,13.0,,3.0,0.3939393939393939
ppo_car_009_bc_s7,280000,-4.369994163513184,453.70587158203125,,,1.4096298217773438,0.09090909361839294,-0.4545454680919647,-2.2727272510528564,-1.4043974876403809,0.015442587435245514,-0.31919124722480774,0.0578870065510273,0.09090909361839294,1404.4090576171875,0.5,0.4924359917640686,10.0,,8.0,,4.0,0.36363636363636365
ppo_car_009_bc_s7,290000,-4.143820285797119,581.0,0.017600953578948975,0.07565052807331085,1.4087941646575928,0.5199999809265137,-0.8399999737739563,-2.0,-1.82231605052948,0.0457581952214241,-0.4352310597896576,0.2760393023490906,0.5199999809265137,1822.3599853515625,0.4000000059604645,0.46717917919158936,10.0,,10.0,2.0,3.0,0.4
ppo_car_009_bc_s7,300000,-5.396696090698242,574.8333129882812,,,1.4067414999008179,0.3461538553237915,-0.807692289352417,-2.5,-1.8248862028121948,0.025307852774858475,-0.42286252975463867,0.2030470222234726,0.3461538553237915,1824.923095703125,0.5,0.5484235882759094,13.0,,8.0,2.0,3.0,0.3076923076923077
ppo_car_009_bc_s7,310000,-5.530866622924805,598.2666625976562,0.01408532727509737,0.10116109251976013,1.4064960479736328,0.1764705926179886,-0.8235294222831726,-2.3529412746429443,-2.113494634628296,0.014367896132171154,-0.4741075336933136,0.10457466542720795,0.1764705926179886,2113.529296875,0.47058823704719543,0.5205211043357849,8.0,,8.0,,1.0,0.47058823529411764
ppo_car_009_bc_s7,320000,-3.8115854263305664,583.2941284179688,,,1.4053915739059448,0.36000001430511475,-0.6000000238418579,-2.0,-1.5876455307006836,0.017848894000053406,-0.36089983582496643,0.17933879792690277,0.36000001430511475,1587.6800537109375,0.4000000059604645,0.5377007126808167,10.0,,10.0,,5.0,0.4
ppo_car_009_bc_s7,330000,-4.243777275085449,615.1052856445312,0.01721947453916073,0.06719939410686493,1.4052822589874268,0.6551724076271057,-0.7931034564971924,-2.2413792610168457,-2.0276687145233154,0.038938939571380615,-0.447125643491745,0.3609941005706787,0.6551724076271057,2027.72412109375,0.4482758641242981,0.4271658658981323,13.0,,9.0,4.0,3.0,0.3103448275862069
ppo_car_009_bc_s7,340000,-4.324537754058838,622.7333374023438,,,1.4046001434326172,0.23529411852359772,-0.7058823704719543,-1.470588207244873,-2.199967622756958,0.018907969817519188,-0.48745080828666687,0.14712710678577423,0.23529411852359772,2200.0,0.29411765933036804,0.5115541815757751,5.0,,10.0,,2.0,0.5882352941176471
ppo_car_009_bc_s7,350000,-5.010804653167725,368.5185241699219,0.015829414129257202,0.12794709205627441,1.4045403003692627,0.18918919563293457,-0.4324324429035187,-3.378378391265869,-1.0765236616134644,0.007978498004376888,-0.23553822934627533,0.09535826742649078,0.18918919563293457,1076.54052734375,0.7027027010917664,0.4735172986984253,25.0,,7.0,,5.0,0.1891891891891892
ppo_car_009_bc_s7,360000,-4.86613130569458,547.0,,,1.4041550159454346,0.550000011920929,-0.8500000238418579,-2.5,-1.9719700813293457,0.04042535647749901,-0.44356855750083923,0.2953698933124542,0.550000011920929,1972.0,0.5,0.4625357687473297,10.0,,9.0,,1.0,0.45
ppo_car_009_bc_s7,370000,-4.220288276672363,297.4137878417969,0.01567418873310089,0.15390513837337494,1.4041500091552734,0.4571428596973419,-0.6000000238418579,-3.2857143878936768,-0.982647180557251,0.025599541142582893,-0.2237708419561386,0.2615545988082886,0.4571428596973419,982.6571655273438,0.6571428775787354,0.4550023078918457,23.0,,5.0,,7.0,0.14285714285714285
ppo_car_009_bc_s7,380000,-4.734861850738525,683.2222290039062,,,1.403904676437378,0.800000011920929,-1.0,-2.0,-2.463456392288208,0.03447046875953674,-0.5421850085258484,0.40736764669418335,0.800000011920929,2463.5,0.4000000059604645,0.5031784176826477,4.0,,6.0,,,0.6
ppo_car_009_bc_s7,390000,-3.7363522052764893,694.0,,,1.403904676437378,1.1071428060531616,-1.1428571939468384,-1.9642857313156128,-2.2141098976135254,0.059329040348529816,-0.5023247003555298,0.560197651386261,1.1071428060531616,2214.178466796875,0.3928571343421936,0.5111556053161621,11.0,,9.0,4.0,4.0,0.32142857142857145
ppo_car_009_bc_s7,400000,-3.6710963249206543,630.4583129882812,0.01967080682516098,0.05143993720412254,1.4038372039794922,0.9333333373069763,-0.6666666865348816,-2.0,-2.219249725341797,0.06188485398888588,-0.5046381950378418,0.4876481592655182,0.9333333373069763,2219.300048828125,0.4333333373069763,0.4922585189342499,12.0,,12.0,2.0,4.0,0.4
ppo_car_009_bc_s7,410000,-3.9147210121154785,468.8666687011719,,,1.403832197189331,0.15789473056793213,-0.6315789222717285,-1.5789474248886108,-1.4817161560058594,0.009956499561667442,-0.3346877098083496,0.08138198405504227,0.15789473056793213,1481.73681640625,0.31578946113586426,0.6472062468528748,6.0,,9.0,,4.0,0.47368421052631576
ppo_car_009_bc_s7,420000,-5.150449752807617,687.9444580078125,0.020120153203606606,0.06166377291083336,1.4049580097198486,0.30434781312942505,-0.6086956262588501,-2.3913042545318604,-2.1568307876586914,0.03176235407590866,-0.4746735692024231,0.1763790100812912,0.30434781312942505,2156.86962890625,0.47826087474823,0.4314928650856018,11.0,,12.0,,,0.5217391304347826
ppo_car_009_bc_s7,430000,-4.545694828033447,435.1052551269531,,,1.4050177335739136,0.11999999731779099,-0.4399999976158142,-2.799999952316284,-1.3246127367019653,0.0039429799653589725,-0.28489547967910767,0.07068045437335968,0.11999999731779099,1324.6400146484375,0.5600000023841858,0.4667239785194397,14.0,,8.0,,3.0,0.32
ppo_car_009_bc_s7,440000,-4.860736846923828,448.7826232910156,0.012765028513967991,0.07562033832073212,1.4056766033172607,0.8799999952316284,-0.9200000166893005,-2.799999952316284,-1.8939169645309448,0.03950228914618492,-0.4188672602176666,0.4470962584018707,0.8799999952316284,1893.9599609375,0.5600000023841858,0.5920534729957581,14.0,,4.0,2.0,5.0,0.16
ppo_car_009_bc_s7,450000,-4.534629821777344,388.6499938964844,,,1.4057979583740234,0.3214285671710968,-0.6071428656578064,-3.0357143878936768,-1.1120877265930176,0.022246379405260086,-0.2510078549385071,0.17193511128425598,0.3214285671710968,1112.107177734375,0.6071428656578064,0.5033566355705261,17.0,,6.0,,5.0,0.21428571428571427
ppo_car_009_bc_s7,460000,-3.981628179550171,773.9285888671875,0.019660312682390213,0.1471477448940277,1.4051320552825928,1.1111111640930176,-1.0555555820465088,-1.1111111640930176,-3.0768022537231445,0.07172097265720367,-0.6546248197555542,0.604012131690979,1.1111111640930176,3076.888916015625,0.2222222238779068,0.48349472880363464,4.0,,9.0,4.0,1.0,0.5
ppo_car_009_bc_s7,470000,-4.341854095458984,690.2307739257812,,,1.4049745798110962,1.4117647409439087,-1.8235293626785278,-1.470588207244873,-2.8189239501953125,0.07003216445446014,-0.6171150803565979,0.7142625451087952,1.4117647409439087,2819.0,0.29411765933036804,0.5802007913589478,5.0,,6.0,4.0,2.0,0.35294117647058826
ppo_car_009_bc_s7,480000,-4.0554890632629395,536.5294189453125,0.017287088558077812,0.057269345968961716,1.4025641679763794,0.692307710647583,-0.7692307829856873,-2.307692289352417,-1.8661812543869019,0.044962428510189056,-0.3955537676811218,0.36214330792427063,0.692307710647583,1866.230712890625,0.5,0.4553429186344147,12.0,,6.0,4.0,4.0,0.23076923076923078
ppo_car_009_bc_s7,490000,-5.07623291015625,608.0,,,1.401740312576294,0.6315789222717285,-1.0526316165924072,-2.1052632331848145,-2.238471508026123,0.02911687269806862,-0.4681894779205322,0.33669018745422363,0.6315789222717285,2238.5263671875,0.42105263471603394,0.5738157033920288,8.0,,8.0,2.0,1.0,0.42105263157894735
ppo_car_009_bc_s7,500000,-4.437386512756348,522.1851806640625,0.014743450097739697,0.06416193395853043,1.4009459018707275,0.75,-0.8333333134651184,-2.5,-1.9003117084503174,0.031045755371451378,-0.42202624678611755,0.3813736140727997,0.75,1900.361083984375,0.5,0.586028516292572,18.0,,8.0,4.0,6.0,0.2222222222222222
ppo_car_009_bc_s7,510000,-5.064679145812988,506.9047546386719,,,1.4005929231643677,0.7096773982048035,-0.774193525314331,-3.387096881866455,-1.3744598627090454,0.03853217512369156,-0.2998156249523163,0.3665737211704254,0.7096773982048035,1374.48388671875,0.7096773982048035,0.4497525691986084,21.0,,6.0,,4.0,0.1935483870967742
ppo_car_009_bc_s7,520000,-4.861202716827393,491.5454406738281,0.016473019495606422,0.14916455745697021,1.4019577503204346,0.0,-0.6363636255264282,-1.8181818723678589,-1.9702502489089966,0.002943226834759116,-0.4475715458393097,0.006481301039457321,0.0,1970.272705078125,0.3636363744735718,0.5711578130722046,4.0,,7.0,,,0.6363636363636364
ppo_car_009_bc_s7,530000,-4.313215732574463,656.3333129882812,,,1.4027384519577026,1.1333333253860474,-0.8333333134651184,-2.0,-2.1771609783172607,0.046199552714824677,-0.4604780077934265,0.5792856216430664,1.1333333253860474,2177.2333984375,0.4000000059604645,0.4876791536808014,12.0,,8.0,6.0,4.0,0.26666666666666666
ppo_car_009_bc_s7,540000,-3.5139989852905273,481.7826232910156,0.018054582178592682,0.05769721418619156,1.4026381969451904,0.8787878751754761,-0.8787878751754761,-2.4242424964904785,-1.5259979963302612,0.0376523956656456,-0.3286880850791931,0.45254600048065186,0.8787878751754761,1526.0302734375,0.4848484992980957,0.49955716729164124,16.0,,10.0,2.0,5.0,0.30303030303030304
ppo_car_009_bc_s7,550000,-4.825117588043213,547.7222290039062,,,1.4025629758834839,0.3076923191547394,-0.6153846383094788,-2.692307710647583,-1.5195106267929077,0.006522342097014189,-0.3338441550731659,0.1592026650905609,0.3076923191547394,1519.5384521484375,0.5769230723381042,0.4593343138694763,14.0,,10.0,,2.0,0.38461538461538464
ppo_car_009_bc_s7,560000,-4.157235622406006,314.3589782714844,0.017545979470014572,0.07824265956878662,1.4026844501495361,0.47727271914482117,-0.5909090638160706,-2.954545497894287,-1.2521824836730957,0.0263358186930418,-0.2672565281391144,0.25773516297340393,0.47727271914482117,1252.20458984375,0.5909090638160706,0.4571191370487213,26.0,,9.0,2.0,7.0,0.20454545454545456
ppo_car_009_bc_s7,570000,-4.648604869842529,433.8947448730469,,,1.4027817249298096,0.5199999809265137,-0.5600000023841858,-3.200000047683716,-1.320549488067627,0.035632167011499405,-0.2821928858757019,0.27544358372688293,0.5199999809265137,1320.56005859375,0.7200000286102295,0.4186805784702301,16.0,,6.0,,3.0,0.24
ppo_car_009_bc_s7,580000,-3.892672061920166,324.80645751953125,0.017976991832256317,0.23802237212657928,1.4038454294204712,0.40425533056259155,-0.4680851101875305,-3.085106372833252,-0.9832589030265808,0.009153932332992554,-0.21330350637435913,0.203128844499588,0.40425533056259155,983.276611328125,0.6170212626457214,0.40215635299682617,29.0,,9.0,2.0,7.0,0.19148936170212766
ppo_car_009_bc_s7,590000,-4.283149242401123,731.4615478515625,,,1.4049772024154663,0.375,-0.8125,-1.25,-2.3805272579193115,0.009372558444738388,-0.5451316833496094,0.18486113846302032,0.375,2380.5625,0.25,0.5631623268127441,4.0,,12.0,,,0.75
ppo_car_009_bc_s7,600000,-3.943244457244873,633.7142944335938,0.01708335243165493,0.05999113619327545,1.4037199020385742,0.23529411852359772,-0.7647058963775635,-1.1764706373214722,-2.0869667530059814,0.017667055130004883,-0.4671885371208191,0.11640675365924835,0.23529411852359772,2087.0,0.23529411852359772,0.6496490240097046,4.0,,10.0,,3.0,0.5882352941176471
ppo_car_009_bc_s7,610000,-4.844746112823486,381.8214416503906,,,1.4020346403121948,0.5454545617103577,-0.6969696879386902,-3.4848484992980957,-1.2963718175888062,0.052941154688596725,-0.2853398621082306,0.29869264364242554,0.5454545617103577,1296.3939208984375,0.6969696879386902,0.48733171820640564,23.0,,5.0,,5.0,0.15151515151515152
ppo_car_009_bc_s7,620000,-3.970938205718994,464.4444580078125,0.015436231158673763,0.14095573127269745,1.4020594358444214,0.3199999928474426,-0.5600000023841858,-2.4000000953674316,-1.338776707649231,0.02356990985572338,-0.28128787875175476,0.17764002084732056,0.3199999928474426,1338.800048828125,0.47999998927116394,0.5303934216499329,12.0,,9.0,,4.0,0.36
ppo_car_009_bc_s7,630000,-4.070902347564697,515.4761962890625,,,1.402109146118164,0.7241379022598267,-0.7241379022598267,-2.7586207389831543,-1.70241379737854,0.03988010808825493,-0.3679097294807434,0.3984004259109497,0.7241379022598267,1702.4482421875,0.5517241358757019,0.38812461495399475,16.0,,9.0,2.0,2.0,0.3103448275862069
ppo_car_009_bc_s7,640000,-4.2386250495910645,586.0625,0.015187080018222332,0.08288244158029556,1.4021867513656616,0.8181818127632141,-1.2272727489471436,-2.045454502105713,-1.9799988269805908,0.00021386402659118176,-0.42005330324172974,0.40882715582847595,0.8181818127632141,1980.04541015625,0.40909090638160706,0.5632263422012329,9.0,,9.0,2.0,2.0,0.4090909090909091
ppo_car_009_bc_s7,650000,-3.5398387908935547,574.6190185546875,,,1.4023431539535522,0.3461538553237915,-0.5769230723381042,-1.5384615659713745,-1.8578563928604126,0.02457401528954506,-0.3832103908061981,0.17939190566539764,0.3461538553237915,1857.8846435546875,0.3076923191547394,0.5455225706100464,8.0,,15.0,,3.0,0.5769230769230769
ppo_car_009_bc_s7,660000,-4.245953559875488,429.757568359375,0.01736423932015896,0.0289299339056015,1.402003526687622,0.2857142984867096,-0.4693877696990967,-2.7551021575927734,-1.4019047021865845,0.01347083318978548,-0.3031090497970581,0.1413181871175766,0.2857142984867096,1401.938720703125,0.5714285969734192,0.4900416135787964,27.0,,11.0,4.0,7.0,0.22448979591836735
ppo_car_009_bc_s7,670000,-4.133524417877197,411.9375,,,1.4009729623794556,0.3181818127632141,-0.40909090638160706,-2.954545497894287,-1.2011679410934448,0.010534480214118958,-0.2524009644985199,0.1706276834011078,0.3181818127632141,1201.1817626953125,0.5909090638160706,0.36113423109054565,13.0,,8.0,,1.0,0.36363636363636365
ppo_car_009_bc_s7,680000,-3.110492706298828,404.25,0.014357853680849075,0.14129535853862762,1.400497317314148,0.8666666746139526,-0.699999988079071,-2.3333332538604736,-1.4950366020202637,0.04683210328221321,-0.3045012056827545,0.45792660117149353,0.8666666746139526,1495.066650390625,0.46666666865348816,0.4069015383720398,14.0,,9.0,2.0,5.0,0.3
ppo_car_009_bc_s7,690000,-4.710698127746582,480.9583435058594,,,1.398406982421875,0.6129032373428345,-1.0,-2.5806450843811035,-1.6844090223312378,0.020440418273210526,-0.3538680970668793,0.3147220313549042,0.6129032373428345,1684.45166015625,0.5161290168762207,0.5947520732879639,16.0,,8.0,2.0,5.0,0.25806451612903225
ppo_car_009_bc_s7,700000,-4.63847541809082,606.4615478515625,0.014893732964992523,0.12420263141393661,1.3984622955322266,0.4285714328289032,-0.8571428656578064,-1.7857142686843872,-2.2551753520965576,0.04495011642575264,-0.4745270907878876,0.23439349234104156,0.4285714328289032,2255.21435546875,0.3571428656578064,0.5504682660102844,5.0,,8.0,,1.0,0.5714285714285714
ppo_car_009_bc_s7,710000,-4.0786871910095215,675.066650390625,,,1.3987847566604614,0.5909090638160706,-0.7272727489471436,-2.045454502105713,-1.8430938720703125,0.027317894622683525,-0.38876497745513916,0.3101674020290375,0.5909090638160706,1843.1363525390625,0.40909090638160706,0.5054929256439209,9.0,,10.0,,3.0,0.45454545454545453
ppo_car_009_bc_s7,720000,-4.332536697387695,393.7407531738281,0.019108237698674202,0.09812553972005844,1.3986271619796753,0.34285715222358704,-0.4285714328289032,-2.857142925262451,-1.2175301313400269,0.03147778660058975,-0.25327956676483154,0.1821965128183365,0.34285715222358704,1217.5428466796875,0.5714285969734192,0.42665770649909973,20.0,,11.0,,4.0,0.3142857142857143
ppo_car_009_bc_s7,730000,-3.4384450912475586,364.239990234375,,,1.39694344997406,0.32258063554763794,-0.4193548262119293,-2.4193549156188965,-1.176792025566101,0.022139431908726692,-0.23669113218784332,0.16785767674446106,0.32258063554763794,1176.806396484375,0.4838709533214569,0.49715790152549744,15.0,,10.0,,6.0,0.3225806451612903
ppo_car_009_bc_s7,740000,-5.08890962600708,625.2666625976562,0.017048658803105354,0.0778145045042038,1.3969204425811768,0.4736842215061188,-0.8421052694320679,-2.6315789222717285,-1.9774398803710938,0.03315863758325577,-0.4148942232131958,0.28706228733062744,0.4736842215061188,1977.4736328125,0.5789473652839661,0.536100447177887,10.0,,9.0,,,0.47368421052631576
ppo_car_009_bc_s7,750000,-4.797693729400635,437.25,,,1.3945738077163696,0.6944444179534912,-0.8888888955116272,-3.055555582046509,-1.5259675979614258,0.03250890225172043,-0.3120803236961365,0.3491330146789551,0.6944444179534912,1526.0,0.6111111044883728,0.5378901958465576,22.0,,7.0,2.0,5.0,0.19444444444444445
ppo_car_009_bc_s7,760000,-4.459184169769287,441.125,,,1.3945739269256592,0.4736842215061188,-0.6315789222717285,-2.6315789222717285,-1.488345742225647,0.05075652152299881,-0.30771514773368835,0.2531681954860687,0.4736842215061188,1488.368408203125,0.5263158082962036,0.5118306279182434,10.0,,7.0,,2.0,0.3684210526315789
ppo_car_009_bc_s7,770000,-3.5439069271087646,430.19049072265625,0.017080064862966537,0.11853260546922684,1.3932706117630005,0.800000011920929,-0.6000000238418579,-3.0,-1.4058730602264404,0.04422314092516899,-0.29181337356567383,0.4128722846508026,0.800000011920929,1405.9000244140625,0.6000000238418579,0.44802358746528625,18.0,,6.0,2.0,4.0,0.2
ppo_car_009_bc_s7,780000,-3.6388230323791504,708.0,,,1.393251657485962,1.0,-1.1578947305679321,-0.7894737124443054,-2.8514444828033447,0.05304374545812607,-0.5919283032417297,0.5164525508880615,1.0,2851.5263671875,0.15789473056793213,0.7181528806686401,3.0,,10.0,2.0,4.0,0.5263157894736842
ppo_car_009_bc_s7,790000,-3.81980037689209,815.5999755859375,0.019015200436115265,0.08112293481826782,1.393029808998108,0.8500000238418579,-0.800000011920929,-1.5,-2.4495935440063477,0.05281468480825424,-0.5030099749565125,0.44531020522117615,0.8500000238418579,2449.64990234375,0.30000001192092896,0.5878463387489319,6.0,,12.0,,2.0,0.6
ppo_car_009_bc_s7,800000,-4.713010787963867,329.60870361328125,,,1.3930174112319946,0.517241358757019,-0.6551724076271057,-3.4482758045196533,-1.0458869934082031,0.030743371695280075,-0.21390683948993683,0.2477562576532364,0.517241358757019,1045.8966064453125,0.7241379022598267,0.6017991900444031,20.0,,4.0,,5.0,0.13793103448275862
ppo_car_009_bc_s7,810000,-4.2706298828125,443.0526428222656,0.014707179740071297,0.1183772161602974,1.3909987211227417,0.4166666567325592,-0.6666666865348816,-2.5,-1.4055228233337402,0.011827468872070312,-0.2858200669288635,0.214708149433136,0.4166666567325592,1405.5416259765625,0.5,0.4901790916919708,12.0,,10.0,,2.0,0.4166666666666667
ppo_car_009_bc_s7,820000,-2.591776132583618,377.1851806640625,,,1.3906553983688354,1.5135135650634766,-0.6486486196517944,-2.702702760696411,-1.4258034229278564,0.11349143087863922,-0.2899669110774994,0.7697577476501465,1.5135135650634766,1425.837890625,0.5405405163764954,0.39682474732398987,20.0,,8.0,4.0,5.0,0.21621621621621623
ppo_car_009_bc_s7,830000,-4.3818745613098145,433.3571472167969,0.016529612243175507,0.12122690677642822,1.3902661800384521,0.37837839126586914,-0.5675675868988037,-2.8378379344940186,-1.4756149053573608,0.014617610722780228,-0.3011186122894287,0.19014079868793488,0.37837839126586914,1475.648681640625,0.5675675868988037,0.4266180992126465,21.0,,10.0,2.0,4.0,0.2702702702702703
ppo_car_009_bc_s7,840000,-4.104673385620117,439.7391357421875,,,1.390170931816101,0.7142857313156128,-0.7857142686843872,-2.5,-1.446588397026062,0.052074503153562546,-0.28742775321006775,0.3655664026737213,0.7142857313156128,1446.607177734375,0.5,0.5198864936828613,14.0,,9.0,,5.0,0.32142857142857145
ppo_car_009_bc_s7,850000,-4.757474899291992,223.22579956054688,0.018156059086322784,0.2596188485622406,1.39018976688385,0.3611111044883728,-0.5,-3.6111111640930176,-0.7715210318565369,0.017752474173903465,-0.16320212185382843,0.18095235526561737,0.3611111044883728,771.5277709960938,0.75,0.4391683340072632,26.0,,5.0,,5.0,0.1388888888888889
ppo_car_009_bc_s7,860000,-3.0149898529052734,515.8400268554688,,,1.3901957273483276,1.4814814329147339,-0.8518518805503845,-2.592592477798462,-1.9131462574005127,0.09386398643255234,-0.38792169094085693,0.7613904476165771,1.4814814329147339,1913.1851806640625,0.5185185074806213,0.4747227728366852,14.0,,11.0,,2.0,0.4074074074074074
ppo_car_009_bc_s7,870000,-3.2817771434783936,360.1111145019531,0.015327773988246918,0.15502482652664185,1.3901638984680176,0.7631579041481018,-0.6578947305679321,-2.763157844543457,-1.0244890451431274,0.05745232105255127,-0.2164459228515625,0.41568371653556824,0.7631579041481018,1024.5,0.5526315569877625,0.5140855312347412,21.0,,10.0,,7.0,0.2631578947368421
ppo_car_009_bc_s7,880000,-4.189794540405273,485.76470947265625,,,1.3901498317718506,0.2857142984867096,-0.7142857313156128,-1.9047619104385376,-1.5748778581619263,0.0005789943970739841,-0.32365384697914124,0.14176350831985474,0.2857142984867096,1574.90478515625,0.380952388048172,0.613952100276947,8.0,,10.0,,3.0,0.47619047619047616
ppo_car_009_bc_s7,890000,-3.7712056636810303,604.7999877929688,0.01568666659295559,0.07872533798217773,1.3907362222671509,0.6315789222717285,-0.7894737124443054,-1.5789474248886108,-2.2275266647338867,0.06139851361513138,-0.4593649208545685,0.37405258417129517,0.6315789222717285,2227.578857421875,0.31578946113586426,0.511563777923584,6.0,,9.0,2.0,2.0,0.47368421052631576
ppo_car_009_bc_s7,900000,-4.034909725189209,471.18182373046875,,,1.3910292387008667,0.6538461446762085,-0.42307692766189575,-2.884615421295166,-1.5966964960098267,0.04723532125353813,-0.32335972785949707,0.343426376581192,0.6538461446762085,1596.730712890625,0.6153846383094788,0.389415979385376,15.0,,8.0,,3.0,0.3076923076923077
ppo_car_009_bc_s7,910000,-3.169639825820923,451.7826232910156,0.015758592635393143,0.09688414633274078,1.3916701078414917,0.5384615659713745,-0.5769230723381042,-1.7307692766189575,-1.599592924118042,0.03400750085711479,-0.3239438235759735,0.2791276276111603,0.5384615659713745,1599.6153564453125,0.3461538553237915,0.5915834903717041,9.0,,12.0,,5.0,0.46153846153846156
ppo_car_009_bc_s7,920000,-5.16962194442749,447.3599853515625,,,1.3921031951904297,0.5428571701049805,-0.6857143044471741,-3.5714285373687744,-1.451836347579956,0.04031411185860634,-0.2891581654548645,0.2659670114517212,0.5428571701049805,1451.857177734375,0.7428571581840515,0.47287145256996155,25.0,,6.0,2.0,2.0,0.17142857142857143
ppo_car_009_bc_s7,930000,-3.7342073917388916,380.0,0.01684386096894741,0.19197271764278412,1.3925920724868774,0.4864864945411682,-0.5405405163764954,-2.8378379344940186,-1.1913808584213257,0.030939865857362747,-0.2390141785144806,0.2638908624649048,0.4864864945411682,1191.4053955078125,0.5945945978164673,0.4645593762397766,21.0,,10.0,,6.0,0.2702702702702703
ppo_car_009_bc_s7,940000,-4.593144416809082,374.8148193359375,,,1.3930275440216064,0.3947368562221527,-0.5,-3.5526316165924072,-1.0674254894256592,0.02261032536625862,-0.22186507284641266,0.2109704613685608,0.3947368562221527,1067.4473876953125,0.7368420958518982,0.3732510507106781,27.0,,8.0,,3.0,0.21052631578947367
ppo_car_009_bc_s7,950000,-3.418462038040161,354.59259033203125,0.015383290126919746,0.1247749775648117,1.3926178216934204,1.03125,-0.75,-2.65625,-1.3822489976882935,0.06055206060409546,-0.28329911828041077,0.5412072539329529,1.03125,1382.28125,0.53125,0.4479907751083374,17.0,,7.0,2.0,6.0,0.21875
ppo_car_009_bc_s7,960000,-4.3535356521606445,501.3999938964844,,,1.3921395540237427,0.7714285850524902,-0.6571428775787354,-2.857142925262451,-1.6063930988311768,0.06625449657440186,-0.33060330152511597,0.38558629155158997,0.7714285850524902,1606.4285888671875,0.5714285969734192,0.4748694598674774,20.0,,9.0,2.0,4.0,0.2571428571428571
ppo_car_009_bc_s7,970000,-3.9268031120300293,286.5,0.013815712183713913,0.19339747726917267,1.392184853553772,0.4000000059604645,-0.4000000059604645,-3.5714285373687744,-0.7219350337982178,0.0267915278673172,-0.14661797881126404,0.23023326694965363,0.4000000059604645,721.94287109375,0.7142857313156128,0.3678542673587799,25.0,,6.0,,4.0,0.17142857142857143
ppo_car_009_bc_s7,980000,-4.37389612197876,712.727294921875,,,1.3922442197799683,0.6875,-1.0625,-1.875,-2.3368709087371826,0.017673715949058533,-0.47882819175720215,0.3566363751888275,0.6875,2336.9375,0.375,0.5204529166221619,6.0,,7.0,2.0,1.0,0.4375
ppo_car_009_bc_s7,990000,-4.160776138305664,490.9259338378906,0.017801424488425255,0.14653128385543823,1.3920105695724487,1.3529411554336548,-1.029411792755127,-2.6470587253570557,-1.9116605520248413,0.09629783034324646,-0.3880852162837982,0.6904396414756775,1.3529411554336548,1911.7059326171875,0.529411792755127,0.54864901304245,18.0,,7.0,4.0,5.0,0.20588235294117646
ppo_car_009_bc_s7,1000000,-3.8666763305664062,570.727294921875,,,1.3915330171585083,0.7878788113594055,-0.6666666865348816,-2.2727272510528564,-1.8870755434036255,0.06259214133024216,-0.3710382282733917,0.40660592913627625,0.7878788113594055,1887.1212158203125,0.4545454680919647,0.48745065927505493,15.0,,9.0,4.0,5.0,0.2727272727272727
ppo_car_009_bc_s7,1010000,-4.051383972167969,420.0,0.018558958545327187,0.06796682626008987,1.3908944129943848,0.3076923191547394,-0.5384615659713745,-1.923076868057251,-1.6815941333770752,0.009763544425368309,-0.3540145456790924,0.12956567108631134,0.3076923191547394,1681.6153564453125,0.4615384638309479,0.5870836973190308,5.0,,6.0,,2.0,0.46153846153846156
ppo_car_009_bc_s7,1020000,-2.889040946960449,697.88232421875,,,1.3895376920700073,2.4347825050354004,-1.2608696222305298,-2.17391300201416,-2.5878403186798096,0.128255233168602,-0.5136849880218506,1.2206385135650635,2.4347825050354004,2587.9130859375,0.43478259444236755,0.47586292028427124,10.0,,8.0,4.0,1.0,0.34782608695652173
ppo_car_009_bc_s7,1030000,-3.7057945728302,622.8666381835938,0.01662451960146427,0.09883160889148712,1.3889238834381104,1.1176470518112183,-1.0,-2.058823585510254,-2.2010788917541504,0.10176263004541397,-0.42127373814582825,0.6036767959594727,1.1176470518112183,2201.11767578125,0.4117647111415863,0.4699665307998657,7.0,,9.0,,1.0,0.5294117647058824
ppo_car_009_bc_s7,1040000,-3.2639846801757812,378.03448486328125,,,1.3872525691986084,0.3125,-0.5,-1.71875,-1.5576863288879395,0.006873397622257471,-0.3164553642272949,0.17015813291072845,0.3125,1557.71875,0.34375,0.5709022879600525,11.0,,11.0,2.0,8.0,0.34375
ppo_car_009_bc_s7,1050000,-3.6396644115448,578.066650390625,0.013622402213513851,0.11090470105409622,1.3869075775146484,1.3809523582458496,-1.0952380895614624,-2.142857074737549,-1.939915418624878,0.12643314898014069,-0.39297500252723694,0.7124175429344177,1.3809523582458496,1939.952392578125,0.4285714328289032,0.45402929186820984,9.0,,8.0,2.0,2.0,0.38095238095238093
ppo_car_009_bc_s7,1060000,-3.6165719032287598,434.8636474609375,,,1.3857954740524292,2.0399999618530273,-1.2000000476837158,-3.799999952316284,-1.5338656902313232,0.12940947711467743,-0.3135135769844055,1.094394564628601,2.0399999618530273,1533.8800048828125,0.800000011920929,0.5354716181755066,19.0,,3.0,,3.0,0.12
ppo_car_009_bc_s7,1070000,-3.8602850437164307,557.5,0.016674518585205078,0.18607625365257263,1.3855876922607422,0.875,-0.875,-2.1875,-1.95409095287323,0.060994625091552734,-0.38757607340812683,0.4650682508945465,0.875,1954.125,0.4375,0.4804847836494446,7.0,,8.0,,1.0,0.5
ppo_car_009_bc_s7,1080000,-4.2158589363098145,413.26470947265625,,,1.3844586610794067,0.8636363744735718,-0.9545454382896423,-3.0681817531585693,-1.4149047136306763,0.05530240014195442,-0.2770844101905823,0.44706326723098755,0.8636363744735718,1414.9317626953125,0.6136363744735718,0.5207409858703613,27.0,,9.0,2.0,6.0,0.20454545454545456
ppo_car_009_bc_s7,1090000,-3.9197475910186768,300.78125,0.020283767953515053,0.2923524081707001,1.3843861818313599,0.5744680762290955,-0.4680851101875305,-3.1914894580841064,-0.8206506967544556,0.042364999651908875,-0.15925179421901703,0.30463293194770813,0.5744680762290955,820.6595458984375,0.6595744490623474,0.4769759178161621,30.0,,8.0,,9.0,0.1702127659574468
ppo_car_009_bc_s7,1100000,-3.6125056743621826,820.75,,,1.38388991355896,0.800000011920929,-1.0,-1.0,-2.629155397415161,0.05712118744850159,-0.5194673538208008,0.399850457906723,0.800000011920929,2629.199951171875,0.20000000298023224,0.6367740631103516,2.0,,8.0,,,0.8
ppo_car_009_bc_s7,1110000,-3.8063509464263916,646.2352905273438,0.023560382425785065,0.05143144354224205,1.3837841749191284,0.8636363744735718,-0.6363636255264282,-2.2727272510528564,-2.0002777576446533,0.08848226070404053,-0.3798438012599945,0.48518434166908264,0.8636363744735718,2000.3182373046875,0.4545454680919647,0.3944428265094757,10.0,,10.0,,2.0,0.45454545454545453
ppo_car_009_bc_s7,1120000,-3.5105109214782715,387.96295166015625,,,1.3819143772125244,0.65625,-0.5625,-2.5,-1.3099817037582397,0.04714431241154671,-0.25382596254348755,0.33704113960266113,0.65625,1310.0,0.5,0.5785089731216431,16.0,,10.0,,6.0,0.3125
ppo_car_009_bc_s7,1130000,-3.8961868286132812,483.5789489746094,,,1.3819143772125244,1.1739130020141602,-1.0,-2.6086957454681396,-1.5985920429229736,0.06749594956636429,-0.3197985887527466,0.6325724124908447,1.1739130020141602,1598.608642578125,0.52173912525177,0.6271443367004395,12.0,,7.0,,4.0,0.30434782608695654
ppo_car_009_bc_s7,1140000,-3.8522160053253174,562.772705078125,0.01688743196427822,0.18594202399253845,1.379939079284668,0.5199999809265137,-0.5199999809265137,-2.0,-1.983972430229187,0.048621661961078644,-0.3726409077644348,0.2880523204803467,0.5199999809265137,1984.0,0.4000000059604645,0.5075860619544983,10.0,,13.0,,2.0,0.52
ppo_car_009_bc_s7,1150000,-2.316601037979126,643.5,,,1.379917860031128,2.4583332538604736,-1.9166666269302368,-2.0833332538604736,-1.9677050113677979,0.10157735645771027,-0.3768475353717804,1.3071075677871704,2.4583332538604736,1967.75,0.4166666567325592,0.5268815755844116,10.0,,8.0,2.0,4.0,0.3333333333333333
ppo_car_009_bc_s7,1160000,-3.051412343978882,328.9310302734375,0.014434413984417915,0.1359609067440033,1.3786468505859375,1.625,-1.0625,-3.125,-1.3811290264129639,0.09110002964735031,-0.27292364835739136,0.8386157751083374,1.625,1381.15625,0.625,0.6158103942871094,20.0,,4.0,2.0,6.0,0.125
ppo_car_009_bc_s7,1170000,-4.012118339538574,701.7692260742188,,,1.378587007522583,1.058823585510254,-1.0,-2.058823585510254,-2.501997232437134,0.0642978698015213,-0.4698156416416168,0.5370982885360718,1.058823585510254,2502.058837890625,0.4117647111415863,0.5556984543800354,7.0,,8.0,2.0,,0.47058823529411764
ppo_car_009_bc_s7,1180000,-3.886000394821167,423.4230651855469,0.017111342400312424,0.18248039484024048,1.3779311180114746,0.9729729890823364,-1.0270270109176636,-2.972972869873047,-1.5128566026687622,0.03229587525129318,-0.3072368800640106,0.4926632344722748,0.9729729890823364,1512.891845703125,0.5945945978164673,0.4711599349975586,22.0,,5.0,4.0,6.0,0.13513513513513514
ppo_car_009_bc_s7,1190000,-1.6555233001708984,506.84210205078125,,,1.3778280019760132,1.75,-0.9642857313156128,-2.5,-1.5903971195220947,0.10766718536615372,-0.3007911145687103,0.8879165053367615,1.75,1590.4285888671875,0.5,0.46757981181144714,14.0,,8.0,2.0,4.0,0.2857142857142857
ppo_car_009_bc_s7,1200000,-3.3507590293884277,448.0,0.016545584425330162,0.17182934284210205,1.3779395818710327,0.9655172228813171,-0.6551724076271057,-3.275861978530884,-1.238568663597107,0.06747511774301529,-0.22752811014652252,0.5002972483634949,0.9655172228813171,1238.586181640625,0.6551724076271057,0.33388257026672363,19.0,,9.0,,1.0,0.3103448275862069
ppo_car_009_bc_s7,1210000,-2.930621385574341,342.1176452636719,,,1.3779627084732056,1.5,-1.047619104385376,-3.095238208770752,-1.2506625652313232,0.05670717731118202,-0.23014137148857117,0.7758885622024536,1.5,1250.6904296875,0.6190476417541504,0.48737001419067383,26.0,,7.0,2.0,7.0,0.16666666666666666
ppo_car_009_bc_s7,1220000,-1.987119436264038,460.0833435058594,0.01552731916308403,0.2774692475795746,1.3769506216049194,2.5199999809265137,-1.440000057220459,-2.799999952316284,-1.7690080404281616,0.1901029497385025,-0.32904723286628723,1.3199660778045654,2.5199999809265137,1769.0400390625,0.5600000023841858,0.4014917016029358,14.0,,9.0,,2.0,0.36
ppo_car_009_bc_s7,1230000,-2.477027416229248,282.03704833984375,,,1.3766785860061646,1.6388888359069824,-0.9166666865348816,-3.6111111640930176,-0.8466038703918457,0.1129118949174881,-0.15562595427036285,0.8377871513366699,1.6388888359069824,846.611083984375,0.75,0.4311499297618866,26.0,,4.0,,6.0,0.1111111111111111
ppo_car_009_bc_s7,1240000,-2.2604544162750244,417.59259033203125,0.02139337919652462,0.30231139063835144,1.3764581680297852,1.6764706373214722,-0.8529411554336548,-2.941176414489746,-1.3284518718719482,0.13315366208553314,-0.246122807264328,0.881344199180603,1.6764706373214722,1328.4705810546875,0.5882353186607361,0.42802974581718445,20.0,,9.0,,5.0,0.2647058823529412
ppo_car_009_bc_s7,1250000,-3.386174440383911,359.28570556640625,,,1.376365303993225,0.9599999785423279,-0.7599999904632568,-3.0,-1.2088708877563477,0.07885333150625229,-0.22369837760925293,0.5096452832221985,0.9599999785423279,1208.8800048828125,0.6000000238418579,0.5824958682060242,15.0,,7.0,,3.0,0.28
ppo_car_009_bc_s7,1260000,-0.5248593091964722,724.8461303710938,0.01784716732800007,0.21158307790756226,1.37584388256073,2.736842155456543,-1.0526316165924072,-2.6315789222717285,-1.985634207725525,0.2009633332490921,-0.3632090091705322,1.4196451902389526,2.736842155456543,1985.6842041015625,0.5263158082962036,0.4452594220638275,10.0,,7.0,,2.0,0.3684210526315789
ppo_car_009_bc_s7,1270000,-3.7744407653808594,672.5714111328125,,,1.375544786453247,2.3333332538604736,-1.5416666269302368,-2.7083332538604736,-2.856506586074829,0.11592566967010498,-0.5435962080955505,1.2157613039016724,2.3333332538604736,2856.583251953125,0.5416666865348816,0.6414298415184021,13.0,,5.0,4.0,2.0,0.20833333333333334
ppo_car_009_bc_s7,1280000,-3.026400327682495,481.71429443359375,0.017075903713703156,0.22256024181842804,1.374019980430603,0.8399999737739563,-0.7200000286102295,-1.7999999523162842,-1.6211378574371338,0.05347758159041405,-0.3164840340614319,0.42139512300491333,0.8399999737739563,1621.1600341796875,0.36000001430511475,0.6260706782341003,9.0,,12.0,,4.0,0.48
ppo_car_009_bc_s7,1290000,-3.473041534423828,413.8947448730469,,,1.3728755712509155,1.440000057220459,-1.7999999523162842,-2.0,-1.4969251155853271,0.0009463219903409481,-0.2886792719364166,0.7601078152656555,1.440000057220459,1496.9599609375,0.4000000059604645,0.640455961227417,10.0,,7.0,2.0,6.0,0.28
ppo_car_009_bc_s7,1300000,-2.2582547664642334,336.441162109375,0.01283819880336523,0.10487398505210876,1.3713622093200684,2.8863637447357178,-1.1136363744735718,-3.8636362552642822,-1.1781095266342163,0.19436956942081451,-0.21920189261436462,1.4943244457244873,2.8863637447357178,1178.1363525390625,0.7727272510528564,0.4439197778701782,34.0,,4.0,2.0,4.0,0.09090909090909091
ppo_car_009_bc_s7,1310000,-1.365936517715454,517.8333129882812,,,1.3700040578842163,2.75,-1.149999976158142,-2.75,-1.8664249181747437,0.2092159241437912,-0.3375326991081238,1.415056824684143,2.75,1866.449951171875,0.550000011920929,0.4965386986732483,11.0,,7.0,,2.0,0.35
ppo_car_009_bc_s7,1320000,-3.779595136642456,404.7727355957031,0.017780426889657974,0.4347361624240875,1.3691939115524292,0.5666666626930237,-0.7666666507720947,-2.6666667461395264,-1.3886017799377441,0.02195829153060913,-0.25058355927467346,0.3253375291824341,0.5666666626930237,1388.63330078125,0.5333333611488342,0.4486524760723114,16.0,,8.0,2.0,4.0,0.26666666666666666
ppo_car_009_bc_s7,1330000,-1.9897865056991577,321.44000244140625,,,1.3682830333709717,2.4375,-1.125,-3.90625,-1.1937023401260376,0.15827853977680206,-0.21565985679626465,1.2729345560073853,2.4375,1193.71875,0.78125,0.45433512330055237,25.0,,1.0,2.0,4.0,0.03125
ppo_car_009_bc_s7,1340000,-3.3667240142822266,710.3157958984375,0.017323581501841545,0.27449968457221985,1.367965579032898,1.3043478727340698,-1.1304347515106201,-1.7391303777694702,-2.6105082035064697,0.06190260127186775,-0.48487064242362976,0.6536807417869568,1.3043478727340698,2610.565185546875,0.3478260934352875,0.5523382425308228,8.0,,12.0,2.0,1.0,0.5217391304347826
ppo_car_009_bc_s7,1350000,-3.3898000717163086,283.53570556640625,,,1.3674994707107544,0.5263158082962036,-0.5263158082962036,-3.026315689086914,-0.8362004160881042,0.0370197556912899,-0.1499912142753601,0.2836224138736725,0.5263158082962036,836.2105102539062,0.6052631735801697,0.4835723638534546,23.0,,7.0,,8.0,0.18421052631578946
ppo_car_009_bc_s7,1360000,0.1548609733581543,744.3076782226562,0.017255188897252083,0.1818883866071701,1.3673008680343628,3.857142925262451,-1.9285714626312256,-1.4285714626312256,-2.7680044174194336,0.26234689354896545,-0.493060827255249,1.9485242366790771,3.857142925262451,2768.071533203125,0.2857142984867096,0.6742523312568665,4.0,,9.0,,1.0,0.6428571428571429
ppo_car_009_bc_s7,1370000,-1.7458385229110718,381.8857116699219,,,1.3668943643569946,2.8205127716064453,-1.2564102411270142,-2.692307710647583,-1.5253063440322876,0.10760761052370071,-0.27807721495628357,1.457119345664978,2.8205127716064453,1525.3333740234375,0.5384615659713745,0.5276512503623962,21.0,,10.0,2.0,6.0,0.2564102564102564
ppo_car_009_bc_s7,1380000,-0.9953683018684387,553.058837890625,0.01604158990085125,0.273403525352478,1.366743564605713,2.4210526943206787,-0.7894737124443054,-1.8421052694320679,-1.9828639030456543,0.17846374213695526,-0.36044153571128845,1.2197370529174805,2.4210526943206787,1982.894775390625,0.3684210479259491,0.585672914981842,7.0,,10.0,,2.0,0.5263157894736842
ppo_car_009_bc_s7,1390000,-2.7345893383026123,364.26922607421875,,,1.3663641214370728,1.862069010734558,-1.2413792610168457,-2.931034564971924,-1.3078091144561768,0.11392850428819656,-0.24162030220031738,0.9505237340927124,1.862069010734558,1307.82763671875,0.5862069129943848,0.5865828990936279,17.0,,6.0,,6.0,0.20689655172413793
ppo_car_009_bc_s7,1400000,-2.5915467739105225,435.875,0.015295200049877167,0.3320399224758148,1.3659369945526123,1.7586207389831543,-1.0689655542373657,-2.5862069129943848,-1.6520005464553833,0.10626549273729324,-0.28446370363235474,0.9265462756156921,1.7586207389831543,1652.034423828125,0.517241358757019,0.5385079383850098,15.0,,9.0,2.0,3.0,0.3103448275862069
ppo_car_009_bc_s7,1410000,-1.568838119506836,358.1666564941406,,,1.3643156290054321,1.399999976158142,-0.6000000238418579,-2.0,-1.2891862392425537,0.11250481009483337,-0.21834523975849152,0.7355988621711731,1.399999976158142,1289.199951171875,0.4000000059604645,0.628587543964386,8.0,,7.0,,5.0,0.35
ppo_car_009_bc_s7,1420000,-2.9237115383148193,449.22222900390625,0.016868315637111664,0.15595488250255585,1.3639259338378906,1.2580645084381104,-0.8064516186714172,-2.5806450843811035,-1.5677461624145508,0.09211249649524689,-0.27504321932792664,0.6520419716835022,1.2580645084381104,1567.774169921875,0.5161290168762207,0.5000384449958801,16.0,,12.0,,3.0,0.3870967741935484
ppo_car_009_bc_s7,1430000,-2.170358896255493,568.1764526367188,,,1.3621184825897217,1.5,-0.8181818127632141,-1.8181818723678589,-2.030735492706299,0.10556679964065552,-0.3395075500011444,0.7646068930625916,1.5,2030.772705078125,0.3636363744735718,0.6850908994674683,8.0,,9.0,2.0,3.0,0.4090909090909091
ppo_car_009_bc_s7,1440000,-0.342810720205307,580.88232421875,0.01619827002286911,0.1365654319524765,1.3619097471237183,2.5,-0.9545454382896423,-2.2727272510528564,-1.798138976097107,0.17107698321342468,-0.32918569445610046,1.2806085348129272,2.5,1798.1817626953125,0.4545454680919647,0.5649175643920898,10.0,,9.0,,3.0,0.4090909090909091
ppo_car_009_bc_s7,1450000,-3.7204906940460205,350.875,,,1.3605555295944214,1.3513513803482056,-1.0540540218353271,-3.2432432174682617,-1.3778355121612549,0.09185346215963364,-0.24917849898338318,0.7207349538803101,1.3513513803482056,1377.8648681640625,0.6756756901741028,0.5509071350097656,24.0,,6.0,2.0,5.0,0.16216216216216217
ppo_car_009_bc_s7,1460000,-3.011932611465454,489.5,0.018701793625950813,0.42402786016464233,1.3605921268463135,1.2916666269302368,-0.75,-2.9166667461395264,-1.4703179597854614,0.12569525837898254,-0.26915088295936584,0.687302827835083,1.2916666269302368,1470.3333740234375,0.625,0.41129013895988464,14.0,,7.0,,3.0,0.2916666666666667
ppo_car_009_bc_s7,1470000,-2.9790215492248535,354.8636474609375,,,1.3613722324371338,1.3793103694915771,-0.7586206793785095,-3.620689630508423,-1.077638030052185,0.07841473072767258,-0.19076241552829742,0.7235603332519531,1.3793103694915771,1077.6551513671875,0.7241379022598267,0.42891523241996765,21.0,,4.0,,4.0,0.13793103448275862
ppo_car_009_bc_s7,1480000,-2.573716163635254,414.8125,0.015392789617180824,0.3425227999687195,1.3613823652267456,2.2820513248443604,-1.5128204822540283,-2.9487178325653076,-1.6708858013153076,0.1079057827591896,-0.30352747440338135,1.1999237537384033,2.2820513248443604,1670.923095703125,0.5897436141967773,0.5153552889823914,23.0,,6.0,4.0,6.0,0.15384615384615385
ppo_car_009_bc_s7,1490000,-2.2959492206573486,354.1666564941406,,,1.3620586395263672,2.1379311084747314,-1.3103448152542114,-2.931034564971924,-1.3822147846221924,0.13440556824207306,-0.24477916955947876,1.120788812637329,2.1379311084747314,1382.2413330078125,0.5862069129943848,0.48442941904067993,17.0,,6.0,2.0,4.0,0.20689655172413793
ppo_car_009_bc_s7,1500000,-3.8707797527313232,420.0,,,1.3620586395263672,1.0689655542373657,-0.7931034564971924,-3.275861978530884,-1.3348761796951294,0.07580539584159851,-0.24802088737487793,0.5850447416305542,1.0689655542373657,1334.8966064453125,0.6551724076271057,0.4584137201309204,19.0,,7.0,,3.0,0.2413793103448276
ppo_car_009_bc_s7,1510000,1.1578510999679565,642.2222290039062,0.016825318336486816,0.30226930975914,1.3607581853866577,5.1785712242126465,-1.8571428060531616,-1.4285714626312256,-2.0818753242492676,0.3997224271297455,-0.3540818393230438,2.5983102321624756,5.1785712242126465,2081.928466796875,0.2857142984867096,0.6083751916885376,8.0,,11.0,4.0,5.0,0.39285714285714285
ppo_car_009_bc_s7,1520000,-4.045132160186768,460.1176452636719,,,1.3606740236282349,0.7407407164573669,-0.9629629850387573,-2.777777671813965,-1.3827418088912964,0.01980580948293209,-0.24434539675712585,0.36979246139526367,0.7407407164573669,1382.77783203125,0.5555555820465088,0.5109172463417053,15.0,,7.0,2.0,3.0,0.25925925925925924
ppo_car_009_bc_s7,1530000,-2.962451457977295,521.8947143554688,0.01406807266175747,0.10318389534950256,1.358784794807434,1.25,-0.9166666865348816,-2.2916667461395264,-1.9050735235214233,0.09415905177593231,-0.3319387435913086,0.6661661863327026,1.25,1905.125,0.4583333432674408,0.450033038854599,11.0,,9.0,2.0,2.0,0.375
ppo_car_009_bc_s7,1540000,-1.3163071870803833,527.1052856445312,,,1.3586370944976807,3.0416667461395264,-1.5,-3.125,-1.9211992025375366,0.20634545385837555,-0.32272419333457947,1.5593382120132446,3.0416667461395264,1921.25,0.625,0.5325441956520081,15.0,,4.0,2.0,3.0,0.16666666666666666
ppo_car_009_bc_s7,1550000,-0.7330433130264282,550.4761962890625,0.01856163516640663,0.2574118375778198,1.356289267539978,3.133333444595337,-1.9666666984558105,-2.5,-1.7424867153167725,0.1883031576871872,-0.31040042638778687,1.5704667568206787,3.133333444595337,1742.5333251953125,0.5,0.5271839499473572,15.0,,8.0,2.0,5.0,0.26666666666666666
ppo_car_009_bc_s7,1560000,-0.1511591076850891,554.8333129882812,,,1.3559411764144897,3.473684310913086,-1.9473683834075928,-3.4210526943206787,-1.4042987823486328,0.2995867133140564,-0.24803422391414642,1.800460934638977,3.473684310913086,1404.3157958984375,0.6842105388641357,0.3206683397293091,13.0,,5.0,,1.0,0.2631578947368421
ppo_car_009_bc_s7,1570000,-1.940951943397522,458.03570556640625,0.017826493829488754,0.2619830369949341,1.3536511659622192,2.674999952316284,-2.0250000953674316,-2.875,-1.5842801332473755,0.09754733741283417,-0.28182220458984375,1.4052637815475464,2.674999952316284,1584.324951171875,0.574999988079071,0.4380683898925781,23.0,,8.0,4.0,5.0,0.2
ppo_car_009_bc_s7,1580000,-0.8078673481941223,486.1428527832031,,,1.3531697988510132,2.9600000381469727,-1.440000057220459,-2.5999999046325684,-1.8752031326293945,0.2062143087387085,-0.32597067952156067,1.51227867603302,2.9600000381469727,1875.239990234375,0.5600000023841858,0.5833123326301575,13.0,,6.0,2.0,4.0,0.24
ppo_car_009_bc_s7,1590000,-2.8085782527923584,361.8636474609375,0.014627286233007908,0.3833726644515991,1.3533684015274048,2.5,-1.5357142686843872,-3.2142856121063232,-1.3533960580825806,0.0904466062784195,-0.23520858585834503,1.3152862787246704,2.5,1353.4285888671875,0.6428571343421936,0.4457907974720001,18.0,,4.0,2.0,4.0,0.14285714285714285
ppo_car_009_bc_s7,1600000,-1.5897812843322754,511.9090881347656,,,1.3534393310546875,2.8275861740112305,-1.8965517282485962,-2.7586207389831543,-1.7624361515045166,0.18335191905498505,-0.3134766221046448,1.4438755512237549,2.8275861740112305,1762.4827880859375,0.5517241358757019,0.5161068439483643,16.0,,8.0,2.0,3.0,0.27586206896551724
ppo_car_009_bc_s7,1610000,-1.3904626369476318,375.3214416503906,0.015317229554057121,0.2953680157661438,1.352729082107544,1.9166666269302368,-0.9166666865348816,-2.777777671813965,-1.3360825777053833,0.14215229451656342,-0.23098930716514587,0.9956237077713013,1.9166666269302368,1336.111083984375,0.5555555820465088,0.46958550810813904,20.0,,9.0,2.0,5.0,0.25
ppo_car_009_bc_s7,1620000,-2.663426160812378,263.76922607421875,,,1.3524034023284912,2.255319118499756,-1.6170213222503662,-3.9361701011657715,-0.8774117827415466,0.17292210459709167,-0.15329380333423615,1.2009347677230835,2.255319118499756,877.425537109375,0.7872340679168701,0.4365864098072052,37.0,,2.0,,8.0,0.0425531914893617
ppo_car_009_bc_s7,1630000,-4.178861141204834,631.3333129882812,0.016328442841768265,0.5996173620223999,1.3516587018966675,1.0,-1.5,-2.1875,-1.8967156410217285,0.0014007487334311008,-0.33320167660713196,0.5310612916946411,1.0,1896.75,0.4375,0.5486004948616028,7.0,,8.0,,1.0,0.5
ppo_car_009_bc_s7,1640000,3.390299081802368,675.7222290039062,,,1.3512040376663208,8.045454978942871,-4.545454502105713,-2.045454502105713,-2.7598280906677246,0.35727474093437195,-0.4998762309551239,4.049084186553955,8.045454978942871,2759.9091796875,0.40909090638160706,0.5514617562294006,9.0,,8.0,4.0,1.0,0.36363636363636365
ppo_car_009_bc_s7,1650000,-3.0789289474487305,360.6153869628906,0.01516753900796175,0.22385863959789276,1.3497519493103027,0.37837839126586914,-0.4054054021835327,-2.702702760696411,-1.0151214599609375,0.04084911197423935,-0.18163728713989258,0.2353944033384323,0.37837839126586914,1015.1351318359375,0.5405405163764954,0.4408589005470276,20.0,,11.0,,6.0,0.2972972972972973
ppo_car_009_bc_s7,1660000,-3.690518379211426,311.0,,,1.3487688302993774,1.1666666269302368,-0.7857142686843872,-3.5714285373687744,-1.0906182527542114,0.060540445148944855,-0.18523156642913818,0.5839983224868774,1.1666666269302368,1090.642822265625,0.738095223903656,0.45307818055152893,30.0,,4.0,2.0,6.0,0.09523809523809523
ppo_car_009_bc_s7,1670000,-0.4195694923400879,435.6153869628906,0.018121879547834396,0.36163151264190674,1.3481143712997437,3.433333396911621,-2.0,-2.6666667461395264,-1.5125993490219116,0.2203759402036667,-0.25538432598114014,1.750458836555481,3.433333396911621,1512.63330078125,0.5333333611488342,0.46907946467399597,16.0,,10.0,,4.0,0.3333333333333333
ppo_car_009_bc_s7,1680000,-3.1000664234161377,251.82000732421875,,,1.3475382328033447,1.3714286088943481,-0.9285714030265808,-3.857142925262451,-0.7189671993255615,0.10956447571516037,-0.12584400177001953,0.753901481628418,1.3714286088943481,718.971435546875,0.7714285850524902,0.3873841166496277,54.0,,7.0,,9.0,0.1
ppo_car_009_bc_s7,1690000,-1.3828216791152954,395.5714416503906,0.01265848521143198,0.5326284766197205,1.3475009202957153,1.807692289352417,-0.9230769276618958,-2.5,-1.2794479131698608,0.13120512664318085,-0.21644389629364014,0.9516024589538574,1.807692289352417,1279.4615478515625,0.5,0.5367491245269775,13.0,,9.0,,4.0,0.34615384615384615
ppo_car_009_bc_s7,1700000,-3.0645763874053955,393.0454406738281,,,1.3474587202072144,1.8695652484893799,-1.39130437374115,-3.04347825050354,-1.5064910650253296,0.17045265436172485,-0.25532326102256775,1.0069822072982788,1.8695652484893799,1506.521728515625,0.6086956262588501,0.44527125358581543,14.0,,7.0,,2.0,0.30434782608695654
ppo_car_009_bc_s7,1710000,-1.3088382482528687,681.5294189453125,0.020448336377739906,0.3523615002632141,1.3470759391784668,4.166666507720947,-2.5416667461395264,-1.4583333730697632,-2.4334781169891357,0.2789892256259918,-0.40373024344444275,2.1178956031799316,4.166666507720947,2433.541748046875,0.2916666567325592,0.5790769457817078,7.0,,10.0,4.0,3.0,0.4166666666666667
ppo_car_009_bc_s7,1720000,-2.732452154159546,389.1290283203125,,,1.3464887142181396,1.8684210777282715,-1.2105263471603394,-3.4210526943206787,-1.26826810836792,0.12624280154705048,-0.21333952248096466,0.9712117910385132,1.8684210777282715,1268.2894287109375,0.7105262875556946,0.5385968089103699,26.0,,6.0,,6.0,0.15789473684210525
ppo_car_009_bc_s7,1730000,-2.425081729888916,269.6285705566406,0.01489802822470665,0.38291189074516296,1.3463146686553955,1.4166666269302368,-0.8541666865348816,-3.6458332538604736,-0.7885338068008423,0.12746359407901764,-0.1281307190656662,0.7700884342193604,1.4166666269302368,788.5416870117188,0.75,0.3237656056880951,35.0,,8.0,,5.0,0.16666666666666666
ppo_car_009_bc_s7,1740000,-3.0667824745178223,225.90908813476562,,,1.3459999561309814,1.5185185670852661,-0.7407407164573669,-4.259259223937988,-0.7389622330665588,0.10202194005250931,-0.11529850959777832,0.8084554076194763,1.5185185670852661,738.9629516601562,0.8518518805503845,0.3946545124053955,23.0,,1.0,,3.0,0.037037037037037035
ppo_car_009_bc_s7,1750000,-1.3151322603225708,404.32257080078125,0.017642706632614136,0.38042977452278137,1.3461626768112183,3.4358973503112793,-2.5897436141967773,-2.5641026496887207,-1.5948582887649536,0.146572083234787,-0.27269217371940613,1.7370816469192505,3.4358973503112793,1594.8974609375,0.5128205418586731,0.4998325705528259,20.0,,7.0,4.0,8.0,0.1794871794871795
ppo_car_009_bc_s7,1760000,-0.690899670124054,440.79998779296875,,,1.3465169668197632,3.1481480598449707,-1.5555555820465088,-3.5185184478759766,-1.3090225458145142,0.19363684952259064,-0.20680981874465942,1.6233869791030884,3.1481480598449707,1309.0369873046875,0.7037037014961243,0.4937935173511505,19.0,,7.0,,1.0,0.25925925925925924
ppo_car_009_bc_s7,1770000,-2.451967716217041,318.3214416503906,0.01828751526772976,0.43063753843307495,1.3464622497558594,1.9714285135269165,-1.2857142686843872,-3.5714285373687744,-1.020920991897583,0.11791237443685532,-0.16651824116706848,1.0217925310134888,1.9714285135269165,1020.94287109375,0.7142857313156128,0.46104419231414795,25.0,,5.0,,5.0,0.14285714285714285
ppo_car_009_bc_s7,1780000,-0.44514182209968567,388.6153869628906,,,1.3463256359100342,3.5142858028411865,-2.2285714149475098,-3.5714285373687744,-1.1555184125900269,0.2598608136177063,-0.19420859217643738,1.7884286642074585,3.5142858028411865,1155.5428466796875,0.7142857313156128,0.4593682587146759,25.0,,4.0,,6.0,0.11428571428571428
ppo_car_009_bc_s7,1790000,0.42906850576400757,562.0555419921875,0.020430415868759155,0.40158578753471375,1.3461053371429443,3.538461446762085,-1.4615384340286255,-3.076923131942749,-1.7894611358642578,0.21989892423152924,-0.29628899693489075,1.873701810836792,3.538461446762085,1789.5,0.6153846383094788,0.41697177290916443,16.0,,7.0,2.0,1.0,0.2692307692307692
ppo_car_009_bc_s7,1800000,-1.1620525121688843,421.69232177734375,,,1.345432162284851,3.441176414489746,-2.2058823108673096,-2.941176414489746,-1.6446417570114136,0.14352020621299744,-0.2747493386268616,1.7365702390670776,3.441176414489746,1644.676513671875,0.5882353186607361,0.48836833238601685,20.0,,5.0,4.0,5.0,0.14705882352941177
ppo_car_009_bc_s7,1810000,-1.7109025716781616,476.3157958984375,0.02315085381269455,0.3285965919494629,1.345312237739563,2.1666667461395264,-1.0416666269302368,-2.0833332538604736,-2.00998592376709,0.12214528024196625,-0.30572599172592163,1.097147822380066,2.1666667461395264,2010.0416259765625,0.4166666567325592,0.5881810784339905,10.0,,6.0,4.0,4.0,0.25
ppo_car_009_bc_s7,1820000,-2.403254747390747,324.47369384765625,,,1.3446401357650757,2.08695650100708,-1.1956521272659302,-3.4782607555389404,-1.2043964862823486,0.14236746728420258,-0.18500277400016785,1.0671156644821167,2.08695650100708,1204.4130859375,0.717391312122345,0.5174396634101868,32.0,,5.0,2.0,7.0,0.10869565217391304
ppo_car_009_bc_s7,1830000,-1.443048357963562,449.9473571777344,0.015336759388446808,0.44715604186058044,1.3446677923202515,2.2608695030212402,-0.782608687877655,-3.2608695030212402,-1.4898484945297241,0.20892786979675293,-0.2391916811466217,1.2391530275344849,2.2608695030212402,1489.8695068359375,0.6521739363670349,0.38745394349098206,15.0,,8.0,,,0.34782608695652173
ppo_car_009_bc_s7,1840000,-1.6758981943130493,297.25,,,1.3448927402496338,2.549999952316284,-1.375,-3.25,-1.216508388519287,0.1705823838710785,-0.19863072037696838,1.3081506490707397,2.549999952316284,1216.5250244140625,0.675000011920929,0.5461452603340149,26.0,,5.0,2.0,7.0,0.125
ppo_car_009_bc_s7,1850000,-1.4416126012802124,318.2069091796875,0.018363026902079582,0.5885361433029175,1.3448970317840576,2.1891891956329346,-1.1891891956329346,-2.972972869873047,-1.1593267917633057,0.17520275712013245,-0.20439739525318146,1.1532717943191528,2.1891891956329346,1159.351318359375,0.5945945978164673,0.5198478698730469,22.0,,6.0,2.0,7.0,0.16216216216216217
ppo_car_009_bc_s7,1860000,-2.641110420227051,366.7407531738281,,,1.345240831375122,1.59375,-0.90625,-3.125,-1.2400200366973877,0.12001562118530273,-0.1978813260793686,0.8440943956375122,1.59375,1240.03125,0.625,0.49282774329185486,20.0,,8.0,,4.0,0.25
ppo_car_009_bc_s7,1870000,-2.195274829864502,436.59259033203125,,,1.3452409505844116,2.3428571224212646,-1.3428571224212646,-2.857142925262451,-1.6927320957183838,0.13299420475959778,-0.273526668548584,1.1678270101547241,2.3428571224212646,1692.771484375,0.5714285969734192,0.5287688374519348,20.0,,7.0,4.0,4.0,0.2
ppo_car_009_bc_s7,1880000,-0.5448981523513794,469.3333435058594,0.016008049249649048,0.388304740190506,1.3447538614273071,1.9600000381469727,-0.6000000238418579,-2.4000000953674316,-1.3526158332824707,0.1403072625398636,-0.2076953947544098,0.987808883190155,1.9600000381469727,1352.6400146484375,0.47999998927116394,0.5111145973205566,12.0,,9.0,,4.0,0.36
ppo_car_009_bc_s7,1890000,-2.7190895080566406,540.7222290039062,,,1.3447538614273071,1.6333333253860474,-1.3333333730697632,-2.5,-1.899239182472229,0.05859643593430519,-0.3271631598472595,0.8308538794517517,1.6333333253860474,1899.300048828125,0.5,0.5538313388824463,15.0,,5.0,6.0,4.0,0.16666666666666666
ppo_car_009_bc_s7,1900000,-1.7242944240570068,719.6153564453125,0.015915285795927048,0.1863122433423996,1.3432269096374512,2.4375,-1.25,-1.875,-2.716104745864868,0.12555061280727386,-0.41626715660095215,1.238728642463684,2.4375,2716.1875,0.375,0.5187059044837952,6.0,,7.0,2.0,1.0,0.4375
ppo_car_009_bc_s7,1910000,2.707167387008667,503.54998779296875,,,1.3431224822998047,6.714285850524902,-2.904761791229248,-3.095238208770752,-1.9208186864852905,0.48634278774261475,-0.31301149725914,3.3725597858428955,6.714285850524902,1920.857177734375,0.6190476417541504,0.5752796530723572,13.0,,5.0,,3.0,0.23809523809523808
ppo_car_009_bc_s7,1920000,-0.9818142056465149,617.6470336914062,0.017076322808861732,0.2639601230621338,1.3421704769134521,2.4347825050354004,-1.60869562625885,-1.95652174949646,-2.089959144592285,0.16802732646465302,-0.3385954797267914,1.2400741577148438,2.4347825050354004,2090.0,0.3913043439388275,0.5630210638046265,9.0,,10.0,2.0,2.0,0.43478260869565216
ppo_car_009_bc_s7,1930000,0.4070916771888733,321.1714172363281,,,1.3420370817184448,4.395349025726318,-2.1395349502563477,-3.720930337905884,-1.0463581085205078,0.23256275057792664,-0.1666429340839386,2.2481043338775635,4.395349025726318,1046.3720703125,0.7441860437393188,0.42260298132896423,32.0,,4.0,,7.0,0.09302325581395349
ppo_car_009_bc_s7,1940000,-3.341205596923828,367.0400085449219,0.019575661048293114,0.6384885311126709,1.3414928913116455,0.8999999761581421,-0.6333333253860474,-3.0,-1.2251518964767456,0.060178909450769424,-0.1941588819026947,0.4750135540962219,0.8999999761581421,1225.1666259765625,0.6000000238418579,0.5100866556167603,18.0,,8.0,,4.0,0.26666666666666666
ppo_car_009_bc_s7,1950000,3.346813917160034,582.5555419921875,,,1.3413747549057007,5.285714149475098,-1.6666666269302368,-1.9047619104385376,-2.000058650970459,0.35722386837005615,-0.32422658801078796,2.644096612930298,5.285714149475098,2000.09521484375,0.380952388048172,0.6170636415481567,8.0,1.0,9.0,,3.0,0.42857142857142855
ppo_car_009_bc_s7,1960000,-3.5715174674987793,625.3571166992188,0.01521382573992014,0.19705559313297272,1.3413649797439575,0.6538461446762085,-1.0384615659713745,-2.692307710647583,-1.347669243812561,0.0,-0.20979776978492737,0.3271421194076538,0.6538461446762085,1347.6922607421875,0.5384615659713745,0.4658353924751282,14.0,,10.0,,2.0,0.38461538461538464
ppo_car_009_bc_s7,1970000,2.0342164039611816,546.7058715820312,,,1.341362714767456,3.115384578704834,-0.8461538553237915,-1.923076868057251,-1.6618036031723022,0.2327064871788025,-0.27667680382728577,1.5697238445281982,3.115384578704834,1661.84619140625,0.38461539149284363,0.5884348750114441,10.0,1.0,8.0,2.0,5.0,0.3076923076923077
ppo_car_009_bc_s7,1980000,0.2160617560148239,521.9199829101562,0.02034708671271801,0.16175152361392975,1.340949535369873,3.7179486751556396,-1.8974359035491943,-3.461538553237915,-1.4943479299545288,0.1862916648387909,-0.24351902306079865,1.8962599039077759,3.7179486751556396,1494.3846435546875,0.7692307829856873,0.39349669218063354,27.0,1.0,6.0,2.0,3.0,0.15384615384615385
ppo_car_009_bc_s7,1990000,1.4205535650253296,546.6363525390625,,,1.3407784700393677,4.0,-1.923076868057251,-2.307692289352417,-1.8529821634292603,0.2867514193058014,-0.29128825664520264,2.067452907562256,4.0,1853.0,0.4615384638309479,0.575501024723053,6.0,,6.0,,1.0,0.46153846153846156
ppo_car_009_bc_s7,2000000,-0.5712049603462219,505.7916564941406,0.017949074506759644,0.27440494298934937,1.3408042192459106,3.3214285373687744,-1.5,-2.3214285373687744,-2.164505958557129,0.22659534215927124,-0.32429665327072144,1.7035361528396606,3.3214285373687744,2164.571533203125,0.4642857015132904,0.46810001134872437,13.0,,9.0,3.0,3.0,0.32142857142857145
ppo_car_009_bc_s7,2010000,-1.5342026948928833,211.19564819335938,,,1.3408182859420776,2.3888888359069824,-1.203703761100769,-3.7962963581085205,-0.7176998257637024,0.19386282563209534,-0.11570658534765244,1.2425878047943115,2.3888888359069824,717.7036743164062,0.7592592835426331,0.41418489813804626,41.0,,3.0,,10.0,0.05555555555555555
ppo_car_009_bc_s7,2020000,-2.9700896739959717,247.5263214111328,0.016411306336522102,0.9868559837341309,1.3413758277893066,1.3829786777496338,-0.8297872543334961,-3.7234041690826416,-0.8019706010818481,0.10804542899131775,-0.1290138214826584,0.7410467267036438,1.3829786777496338,801.9786987304688,0.7446808218955994,0.4359482228755951,35.0,,6.0,,6.0,0.1276595744680851
ppo_car_009_bc_s7,2030000,0.5587382912635803,564.2777709960938,,,1.3417174816131592,3.5714285373687744,-1.476190447807312,-1.9047619104385376,-1.9372060298919678,0.2585217356681824,-0.3233807682991028,1.8138132095336914,3.5714285373687744,1937.238037109375,0.380952388048172,0.6179436445236206,8.0,,10.0,,3.0,0.47619047619047616
ppo_car_009_bc_s7,2040000,-2.1947033405303955,266.31109619140625,0.014007320627570152,0.45137548446655273,1.3424055576324463,1.865384578704834,-0.7307692170143127,-3.557692289352417,-0.9239094257354736,0.12451174110174179,-0.14571523666381836,0.98766028881073,1.865384578704834,923.923095703125,0.7307692170143127,0.4686003029346466,37.0,,8.0,,7.0,0.15384615384615385
ppo_car_009_bc_s7,2050000,-2.710907459259033,185.64285278320312,,,1.3429628610610962,1.3428571224212646,-0.699999988079071,-3.7857143878936768,-0.5936235785484314,0.09906842559576035,-0.09770913422107697,0.6973011493682861,1.3428571224212646,593.6286010742188,0.7571428418159485,0.43494662642478943,53.0,,5.0,,12.0,0.07142857142857142
ppo_car_009_bc_s7,2060000,0.39584019780158997,459.3333435058594,0.019988318905234337,0.8667383790016174,1.3430572748184204,2.7826087474823,-0.739130437374115,-2.82608699798584,-1.440592646598816,0.22881899774074554,-0.24161654710769653,1.4572367668151855,2.7826087474823,1440.608642578125,0.5652173757553101,0.43304434418678284,13.0,,9.0,,1.0,0.391304347826087
ppo_car_009_bc_s7,2070000,-0.7772623300552368,534.11767578125,,,1.343170166015625,3.263157844543457,-2.21052622795105,-1.5789474248886108,-2.2290000915527344,0.19501525163650513,-0.35921135544776917,1.698612928390503,3.263157844543457,2229.052734375,0.31578946113586426,0.6739922761917114,6.0,,8.0,2.0,3.0,0.42105263157894735
ppo_car_009_bc_s7,2080000,-0.2461164891719818,382.7916564941406,0.016900228336453438,0.3315542936325073,1.342866063117981,2.5999999046325684,-0.7666666507720947,-3.1666667461395264,-1.2265866994857788,0.21317045390605927,-0.20957322418689728,1.358947515487671,2.5999999046325684,1226.5999755859375,0.6333333253860474,0.49440905451774597,19.0,,6.0,,5.0,0.2
ppo_car_009_bc_s7,2090000,-1.6755281686782837,518.227294921875,,,1.3424872159957886,3.200000047683716,-2.0999999046325684,-3.0,-1.9227142333984375,0.137598916888237,-0.32961443066596985,1.6505556106567383,3.200000047683716,1922.7667236328125,0.6000000238418579,0.48311084508895874,18.0,,6.0,4.0,2.0,0.2
ppo_car_009_bc_s7,2100000,0.016016114503145218,372.631591796875,0.018147999420762062,0.3143044710159302,1.3419580459594727,2.809523820877075,-0.9047619104385376,-2.3809523582458496,-1.3497849702835083,0.18064138293266296,-0.22315023839473724,1.4083232879638672,2.809523820877075,1349.8095703125,0.4761904776096344,0.619054913520813,10.0,,6.0,,5.0,0.2857142857142857
ppo_car_009_bc_s7,2110000,-1.0710376501083374,416.06451416015625,,,1.3410700559616089,2.8809523582458496,-1.7142857313156128,-3.2142856121063232,-1.3735631704330444,0.1696971207857132,-0.23015236854553223,1.5097556114196777,2.8809523582458496,1373.59521484375,0.6428571343421936,0.38144585490226746,27.0,,10.0,2.0,3.0,0.23809523809523808
ppo_car_009_bc_s7,2120000,-0.31995075941085815,473.0,0.014532787725329399,0.5617762207984924,1.3406858444213867,4.142857074737549,-2.5714285373687744,-3.095238208770752,-1.6235008239746094,0.31775879859924316,-0.2806019186973572,2.1212236881256104,4.142857074737549,1623.5238037109375,0.6190476417541504,0.5318440198898315,13.0,,5.0,,3.0,0.23809523809523808
ppo_car_009_bc_s7,2130000,1.8120335340499878,490.370361328125,,,1.3399393558502197,6.763157844543457,-4.052631378173828,-2.763157844543457,-1.553436517715454,0.5034973621368408,-0.2646510899066925,3.459728717803955,6.763157844543457,1553.4736328125,0.5526315569877625,0.46569180488586426,21.0,,9.0,2.0,6.0,0.23684210526315788
ppo_car_009_bc_s7,2140000,-0.23922677338123322,237.78787231445312,0.018452981486916542,0.8482188582420349,1.3395684957504272,2.86956524848938,-1.58695650100708,-3.6956522464752197,-0.814028799533844,0.23709754645824432,-0.12836135923862457,1.4646884202957153,2.86956524848938,814.04345703125,0.760869562625885,0.3695026934146881,34.0,,4.0,2.0,6.0,0.08695652173913043
ppo_car_009_bc_s7,2150000,-2.0176639556884766,501.73333740234375,,,1.3384945392608643,1.3333333730697632,-0.8888888955116272,-1.6666666269302368,-1.6738096475601196,0.08890656381845474,-0.2676997482776642,0.695393979549408,1.3333333730697632,1673.8333740234375,0.3333333432674408,0.5297824144363403,6.0,,9.0,,3.0,0.5
ppo_car_009_bc_s7,2160000,0.4434017837047577,488.5652160644531,0.015193812549114227,0.2872578501701355,1.3381670713424683,4.121212005615234,-2.3333332538604736,-3.1818182468414307,-1.545989751815796,0.17866003513336182,-0.2516728639602661,2.075408697128296,4.121212005615234,1546.0302734375,0.6666666865348816,0.4463818073272705,21.0,,8.0,2.0,2.0,0.24242424242424243
ppo_car_009_bc_s7,2170000,1.0745148658752441,537.7857055664062,,,1.3367481231689453,3.0,-0.6470588445663452,-1.7647058963775635,-1.7738512754440308,0.22781482338905334,-0.2689310610294342,1.5227162837982178,3.0,1773.88232421875,0.3529411852359772,0.6512657403945923,6.0,,8.0,,3.0,0.47058823529411764
ppo_car_009_bc_s7,2180000,1.3479185104370117,541.8181762695312,0.01453335676342249,0.2744933068752289,1.3363640308380127,5.153846263885498,-2.807692289352417,-1.5384615659713745,-2.524153709411621,0.23817937076091766,-0.424455463886261,2.6056876182556152,5.153846263885498,2524.230712890625,0.3076923191547394,0.6544418931007385,8.0,,7.0,6.0,5.0,0.2692307692307692
ppo_car_009_bc_s7,2190000,-2.5161688327789307,289.71429443359375,,,1.3344993591308594,1.7173912525177002,-1.1739130020141602,-3.36956524848938,-1.0130443572998047,0.10708799958229065,-0.1794457882642746,0.8849936127662659,1.7173912525177002,1013.0652465820312,0.6739130616188049,0.4834737479686737,31.0,,7.0,2.0,6.0,0.15217391304347827
ppo_car_009_bc_s7,2200000,2.4182896614074707,787.0714111328125,0.017428945749998093,0.45450547337532043,1.3344265222549438,4.736842155456543,-1.4210525751113892,-2.8947367668151855,-2.3227932453155518,0.304139643907547,-0.3643421232700348,2.4269349575042725,4.736842155456543,2322.842041015625,0.5789473652839661,0.43109917640686035,11.0,,8.0,,,0.42105263157894735
ppo_car_009_bc_s7,2210000,-1.1475450992584229,405.7916564941406,,,1.333555817604065,2.7333333492279053,-1.5,-3.0,-1.497807502746582,0.1712425947189331,-0.23016953468322754,1.4107493162155151,2.7333333492279053,1497.8333740234375,0.6666666865348816,0.5263791680335999,18.0,,5.0,2.0,5.0,0.16666666666666666
ppo_car_009_bc_s7,2220000,-3.6680357456207275,557.631591796875,0.013674640096724033,0.4353419840335846,1.3334590196609497,2.076923131942749,-2.076923131942749,-2.884615421295166,-1.8632128238677979,0.0843723937869072,-0.29110977053642273,1.0558104515075684,2.076923131942749,1863.269287109375,0.6153846383094788,0.46204671263694763,15.0,,7.0,2.0,2.0,0.2692307692307692
ppo_car_009_bc_s7,2230000,-0.24098078906536102,351.1714172363281,,,1.3325825929641724,3.5999999046325684,-2.0222222805023193,-3.222222328186035,-1.3564586639404297,0.22262878715991974,-0.22140857577323914,1.8832013607025146,3.5999999046325684,1356.4888916015625,0.6888889074325562,0.4520149528980255,29.0,1.0,4.0,4.0,7.0,0.08888888888888889
ppo_car_009_bc_s7,2240000,-0.921250581741333,632.3571166992188,,,1.3325825929641724,2.9285714626312256,-1.5,-1.0714285373687744,-2.531372308731079,0.14336463809013367,-0.3873189687728882,1.4976119995117188,2.9285714626312256,2531.428466796875,0.2142857164144516,0.6805087924003601,3.0,,9.0,,2.0,0.6428571428571429
ppo_car_009_bc_s7,2250000,-2.1202292442321777,337.2903137207031,0.019048620015382767,0.4406259059906006,1.33241868019104,1.9285714626312256,-1.1190476417541504,-3.5714285373687744,-0.9964150190353394,0.13130605220794678,-0.16235870122909546,0.9990878105163574,1.9285714626312256,996.4285888671875,0.738095223903656,0.42242205142974854,30.0,,6.0,,6.0,0.14285714285714285
ppo_car_009_bc_s7,2260000,-2.3499999046325684,458.6499938964844,,,1.33241868019104,2.3181817531585693,-1.3181818723678589,-2.954545497894287,-1.6683367490768433,0.13161848485469818,-0.2825498580932617,1.1838189363479614,2.3181817531585693,1668.3636474609375,0.5909090638160706,0.6256951689720154,13.0,,6.0,,3.0,0.2727272727272727
ppo_car_009_bc_s7,2270000,1.0633057355880737,393.5714416503906,0.021580051630735397,0.4607856273651123,1.3312251567840576,3.392857074737549,-1.3928571939468384,-3.0357143878936768,-1.1808439493179321,0.24691255390644073,-0.1804029643535614,1.6991442441940308,3.392857074737549,1180.857177734375,0.6428571343421936,0.4838898181915283,17.0,,7.0,,4.0,0.25
ppo_car_009_bc_s7,2280000,1.3003785610198975,484.9200134277344,,,1.3311398029327393,4.21212100982666,-2.5757575035095215,-2.5757575035095215,-1.652122139930725,0.32912564277648926,-0.2651490271091461,2.142887592315674,4.21212100982666,1652.1514892578125,0.5454545617103577,0.5573081374168396,17.0,,10.0,2.0,4.0,0.30303030303030304
ppo_car_009_bc_s7,2290000,-2.4054574966430664,344.0384521484375,0.015901029109954834,0.48210856318473816,1.3301410675048828,1.7575757503509521,-1.1818181276321411,-3.1818182468414307,-1.083594799041748,0.14229510724544525,-0.16225385665893555,0.9335076212882996,1.7575757503509521,1083.6060791015625,0.6363636255264282,0.5361505150794983,21.0,,7.0,,5.0,0.21212121212121213
ppo_car_009_bc_s7,2300000,2.044454574584961,616.0,,,1.3299704790115356,4.900000095367432,-1.649999976158142,-2.75,-2.3277342319488525,0.2884196937084198,-0.3689084053039551,2.4942777156829834,4.900000095367432,2327.800048828125,0.550000011920929,0.4039967656135559,11.0,,4.0,4.0,1.0,0.2
ppo_car_009_bc_s7,2310000,-2.1759824752807617,273.3589782714844,0.015508041717112064,0.5919716358184814,1.3290270566940308,1.7872340679168701,-0.914893627166748,-3.5106382369995117,-1.0355315208435059,0.11521930247545242,-0.17356841266155243,0.9463821649551392,1.7872340679168701,1035.55322265625,0.7021276354789734,0.43629416823387146,33.0,,5.0,2.0,7.0,0.10638297872340426
ppo_car_009_bc_s7,2320000,-1.0253604650497437,348.9189147949219,,,1.3288424015045166,3.0188679695129395,-1.9433962106704712,-3.4905660152435303,-1.2016147375106812,0.18559634685516357,-0.2000552862882614,1.544662356376648,3.0188679695129395,1201.6414794921875,0.7169811129570007,0.411021888256073,37.0,,6.0,4.0,6.0,0.11320754716981132
ppo_car_009_bc_s7,2330000,-1.4310824871063232,219.22222900390625,0.014279884286224842,0.5937858819961548,1.3290139436721802,2.3333332538604736,-1.25,-4.027777671813965,-0.6584121584892273,0.16925254464149475,-0.10769776999950409,1.218822717666626,2.3333332538604736,658.4166870117188,0.8055555820465088,0.33632543683052063,29.0,,3.0,,4.0,0.08333333333333333
ppo_car_009_bc_s7,2340000,-2.549408197402954,559.4500122070312,,,1.3290654420852661,1.774193525314331,-1.419354796409607,-2.4193549156188965,-2.026482105255127,0.06128302589058876,-0.32766348123550415,0.9263532161712646,1.774193525314331,2026.54833984375,0.4838709533214569,0.4909761846065521,15.0,,6.0,6.0,4.0,0.1935483870967742
ppo_car_009_bc_s7,2350000,2.348926305770874,649.2941284179688,0.01568613573908806,0.3995688855648041,1.3278559446334839,3.6956522464752197,-1.1739130020141602,-1.95652174949646,-1.9211782217025757,0.25748077034950256,-0.31723377108573914,1.847830891609192,3.6956522464752197,1921.2174072265625,0.3913043439388275,0.5923102498054504,9.0,1.0,11.0,,2.0,0.4782608695652174
ppo_car_009_bc_s7,2360000,0.8296453356742859,343.7391357421875,,,1.3273727893829346,3.4375,-0.96875,-4.0625,-0.9893046021461487,0.2808206081390381,-0.16619330644607544,1.783833384513855,3.4375,989.3125,0.8125,0.371513694524765,26.0,,2.0,,4.0,0.0625
ppo_car_009_bc_s7,2370000,-1.478817343711853,355.59375,0.015815231949090958,0.41575899720191956,1.3267862796783447,2.317073106765747,-1.2439024448394775,-3.0487804412841797,-1.4045240879058838,0.14481358230113983,-0.22900520265102386,1.2107486724853516,2.317073106765747,1404.56103515625,0.6097561120986938,0.517598032951355,25.0,,6.0,4.0,6.0,0.14634146341463414
ppo_car_009_bc_s7,2380000,-3.896385908126831,665.7692260742188,,,1.3264961242675781,0.9444444179534912,-1.2222222089767456,-1.3888888359069824,-2.258725643157959,2.1606845166388666e-06,-0.3589187562465668,0.47017669677734375,0.9444444179534912,2258.77783203125,0.2777777910232544,0.6676000952720642,5.0,,9.0,2.0,2.0,0.5
ppo_car_009_bc_s7,2390000,1.4965957403182983,450.4444580078125,0.017438771203160286,0.2524537444114685,1.3267109394073486,3.777777671813965,-1.2777777910232544,-2.777777671813965,-1.5196560621261597,0.25352296233177185,-0.24619969725608826,1.9090410470962524,3.777777671813965,1519.6944580078125,0.5555555820465088,0.5300800204277039,20.0,1.0,8.0,2.0,5.0,0.2222222222222222
ppo_car_009_bc_s7,2400000,-1.3454409837722778,408.3500061035156,,,1.3268414735794067,3.185185194015503,-2.3333332538604736,-3.3333332538604736,-1.434342861175537,0.23178903758525848,-0.23018762469291687,1.7154723405838013,3.185185194015503,1434.370361328125,0.6666666865348816,0.4389355480670929,18.0,,4.0,2.0,3.0,0.14814814814814814
ppo_car_009_bc_s7,2410000,1.5702835321426392,637.75,0.017876191064715385,0.5362194776535034,1.326758861541748,4.409090995788574,-2.2272727489471436,-2.045454502105713,-2.402928352355957,0.2431216537952423,-0.3808894157409668,2.230665683746338,4.409090995788574,2403.0,0.40909090638160706,0.5825662612915039,9.0,,7.0,4.0,2.0,0.3181818181818182
ppo_car_009_bc_s7,2420000,-0.7867467999458313,416.3999938964844,,,1.3266910314559937,3.171428680419922,-1.6571428775787354,-3.857142925262451,-1.191978931427002,0.2449117749929428,-0.18969681859016418,1.6311872005462646,3.171428680419922,1192.0,0.800000011920929,0.4402983486652374,27.0,,4.0,,4.0,0.11428571428571428
ppo_car_009_bc_s7,2430000,-1.7991386651992798,314.868408203125,0.019751081243157387,0.5129261612892151,1.326621651649475,2.7291667461395264,-1.8958333730697632,-3.4375,-1.1231017112731934,0.12793858349323273,-0.17745710909366608,1.4280773401260376,2.7291667461395264,1123.125,0.7083333134651184,0.4343893229961395,33.0,,6.0,2.0,7.0,0.125
ppo_car_009_bc_s7,2440000,-2.159667730331421,341.5555419921875,,,1.3265591859817505,1.9166666269302368,-1.625,-2.9166667461395264,-1.0246139764785767,0.14208285510540009,-0.15255822241306305,0.9571436047554016,1.9166666269302368,1024.625,0.5833333134651184,0.4518131613731384,14.0,,6.0,,4.0,0.25
ppo_car_009_bc_s7,2450000,3.944915533065796,937.2307739257812,0.015472088009119034,0.5010398626327515,1.3264881372451782,5.647058963775635,-2.117647171020508,-1.1764706373214722,-3.2227888107299805,0.3523097038269043,-0.5462818741798401,2.8197290897369385,5.647058963775635,3222.88232421875,0.23529411852359772,0.6463184356689453,4.0,1.0,10.0,2.0,,0.5882352941176471
ppo_car_009_bc_s7,2460000,-1.511146903038025,347.375,,,1.326392412185669,2.1666667461395264,-1.0333333015441895,-3.3333332538604736,-1.113450050354004,0.12198209017515182,-0.1765933334827423,1.1591523885726929,2.1666667461395264,1113.4666748046875,0.6666666865348816,0.46778953075408936,20.0,,6.0,,4.0,0.2
ppo_car_009_bc_s7,2470000,-1.236643671989441,409.1290283203125,0.0158171858638525,0.3381707966327667,1.3264433145523071,2.3809523582458496,-1.0,-3.5714285373687744,-1.207759976387024,0.151381716132164,-0.19302988052368164,1.2085107564926147,2.3809523582458496,1207.7857666015625,0.7142857313156128,0.44065696001052856,30.0,,6.0,,6.0,0.14285714285714285
ppo_car_009_bc_s7,2480000,0.27820396423339844,502.3500061035156,,,1.3265398740768433,3.8181817531585693,-1.545454502105713,-2.5,-1.8290069103240967,0.2720883786678314,-0.2987273335456848,1.9260610342025757,3.8181817531585693,1829.04541015625,0.5,0.623429536819458,11.0,,8.0,,3.0,0.36363636363636365
ppo_car_009_bc_s7,2490000,0.2323952466249466,402.5384521484375,0.013654307462275028,0.5382572412490845,1.3267321586608887,4.349999904632568,-2.700000047683716,-3.125,-1.348617672920227,0.11483611911535263,-0.22530849277973175,2.244511842727661,4.349999904632568,1348.6500244140625,0.625,0.4829510450363159,25.0,,6.0,4.0,5.0,0.15
ppo_car_009_bc_s7,2500000,-0.24631312489509583,579.1666870117188,,,1.3271567821502686,2.7083332538604736,-1.2083333730697632,-1.875,-1.989371657371521,0.18232905864715576,-0.3161337673664093,1.372768521308899,2.7083332538604736,1989.4166259765625,0.375,0.5504449605941772,9.0,,10.0,2.0,3.0,0.4166666666666667
ppo_car_009_bc_s7,2510000,3.0085065364837646,673.8571166992188,0.01878087781369686,0.32658565044403076,1.3270289897918701,3.9473683834075928,-0.8947368264198303,-2.1052632331848145,-1.9884891510009766,0.3009052574634552,-0.31923606991767883,1.95970618724823,3.9473683834075928,1988.5263671875,0.42105263471603394,0.5904672741889954,8.0,,10.0,,1.0,0.5263157894736842
ppo_car_009_bc_s7,2520000,-1.0166749954223633,331.5,,,1.326663851737976,1.7894736528396606,-0.7631579041481018,-3.026315689086914,-0.9775619506835938,0.12743458151817322,-0.15098141133785248,0.9377807974815369,1.7894736528396606,977.5789184570312,0.6315789222717285,0.5400046110153198,23.0,,8.0,,7.0,0.21052631578947367
ppo_car_009_bc_s7,2530000,2.0619685649871826,395.0,0.017079340294003487,0.488627165555954,1.3262546062469482,5.039999961853027,-2.359999895095825,-3.200000047683716,-1.3300185203552246,0.3756043612957001,-0.2107565999031067,2.570600986480713,5.039999961853027,1330.0400390625,0.6399999856948853,0.4113977551460266,16.0,,6.0,,3.0,0.24
ppo_car_009_bc_s7,2540000,-2.3181495666503906,428.4347839355469,,,1.3245480060577393,2.4666666984558105,-1.6666666269302368,-3.1666667461395264,-1.7164819240570068,0.148318812251091,-0.26427337527275085,1.2650426626205444,2.4666666984558105,1716.5333251953125,0.6333333253860474,0.5702782869338989,19.0,,4.0,4.0,3.0,0.13333333333333333
ppo_car_009_bc_s7,2550000,-2.0984909534454346,385.4285583496094,0.016240319237113,0.6208233833312988,1.3243966102600098,2.060606002807617,-1.454545497894287,-2.4242424964904785,-1.4918150901794434,0.12254434823989868,-0.22274309396743774,1.0573240518569946,2.060606002807617,1491.8485107421875,0.4848484992980957,0.513853132724762,16.0,,9.0,2.0,6.0,0.2727272727272727
ppo_car_009_bc_s7,2560000,1.411656379699707,442.760009765625,,,1.3234879970550537,3.965517282485962,-1.3793103694915771,-2.5862069129943848,-1.528735876083374,0.29998794198036194,-0.232832670211792,1.9886709451675415,3.965517282485962,1528.7586669921875,0.5862069129943848,0.4975641369819641,15.0,1.0,10.0,,3.0,0.3448275862068966
ppo_car_009_bc_s7,2570000,-0.29618990421295166,374.6428527832031,0.016106918454170227,0.48591333627700806,1.3234180212020874,2.4749999046325684,-1.0750000476837158,-3.25,-1.0507378578186035,0.20225940644741058,-0.16244731843471527,1.2787247896194458,2.4749999046325684,1050.75,0.6499999761581421,0.42692461609840393,26.0,,9.0,,5.0,0.225
ppo_car_009_bc_s7,2580000,-1.9926813840866089,337.3999938964844,,,1.322885274887085,2.0,-1.1363636255264282,-2.954545497894287,-1.2281700372695923,0.16857142746448517,-0.1873878389596939,1.0733566284179688,2.0,1228.1817626953125,0.5909090638160706,0.5285405516624451,13.0,,5.0,,4.0,0.22727272727272727
ppo_car_009_bc_s7,2590000,0.9133229851722717,605.5238037109375,0.014977877959609032,0.3712804913520813,1.3228672742843628,4.296296119689941,-1.8888888359069824,-2.407407522201538,-2.3303849697113037,0.2465650737285614,-0.3615618050098419,2.234675168991089,4.296296119689941,2330.4443359375,0.48148149251937866,0.5029871463775635,13.0,,8.0,4.0,2.0,0.2962962962962963
ppo_car_009_bc_s7,2600000,-0.7079604864120483,290.75860595703125,,,1.3218460083007812,2.5135135650634766,-1.324324369430542,-3.1081080436706543,-1.0741705894470215,0.195810928940773,-0.16030290722846985,1.312225103378296,2.5135135650634766,1074.189208984375,0.6216216087341309,0.48885825276374817,23.0,,5.0,2.0,7.0,0.13513513513513514
ppo_car_009_bc_s7,2610000,-1.1946462392807007,443.1739196777344,,,1.3218460083007812,3.0,-1.8333333730697632,-3.3333332538604736,-1.3602761030197144,0.26191309094429016,-0.21597455441951752,1.565617322921753,3.0,1360.300048828125,0.6666666865348816,0.3986318111419678,20.0,,7.0,,3.0,0.23333333333333334
ppo_car_009_bc_s7,2620000,1.0668575763702393,448.0952453613281,0.018054191023111343,0.6636606454849243,1.320755958557129,4.333333492279053,-2.444444417953491,-2.592592477798462,-1.6185954809188843,0.26288679242134094,-0.2628377377986908,2.2394566535949707,4.333333492279053,1618.629638671875,0.5555555820465088,0.48475515842437744,14.0,,8.0,2.0,3.0,0.2962962962962963
ppo_car_009_bc_s7,2630000,0.8333305716514587,492.4166564941406,,,1.3206984996795654,5.482758522033691,-2.8275861740112305,-3.620689630508423,-1.839164137840271,0.34250664710998535,-0.29217615723609924,2.7575972080230713,5.482758522033691,1839.2069091796875,0.7241379022598267,0.48788130283355713,21.0,,4.0,2.0,2.0,0.13793103448275862
ppo_car_009_bc_s7,2640000,-2.343149185180664,257.3333435058594,0.018598241731524467,0.714673638343811,1.3201218843460083,1.9047619104385376,-1.0714285373687744,-3.3333332538604736,-1.026886224746704,0.14100712537765503,-0.1544932723045349,1.0196558237075806,1.9047619104385376,1026.90478515625,0.6666666865348816,0.5161081552505493,28.0,,4.0,2.0,8.0,0.09523809523809523
ppo_car_009_bc_s7,2650000,-1.7693191766738892,530.4285888671875,,,1.3200604915618896,2.5185184478759766,-1.6296296119689941,-1.8518518209457397,-2.3183772563934326,0.11386678367853165,-0.34708908200263977,1.2939493656158447,2.5185184478759766,2318.4443359375,0.37037035822868347,0.6127450466156006,10.0,,7.0,6.0,4.0,0.25925925925925924
ppo_car_009_bc_s7,2660000,2.2153823375701904,460.8500061035156,0.01843111589550972,0.49531808495521545,1.3188260793685913,3.769230842590332,-0.9230769276618958,-2.884615421295166,-1.4209389686584473,0.29929131269454956,-0.2196129709482193,1.9287700653076172,3.769230842590332,1420.9615478515625,0.5769230723381042,0.47309601306915283,15.0,,8.0,,3.0,0.3076923076923077
ppo_car_009_bc_s7,2670000,-2.328620672225952,252.6666717529297,,,1.3186064958572388,1.5384615659713745,-0.6666666865348816,-3.5897436141967773,-0.7788920402526855,0.12495898455381393,-0.11824426054954529,0.8266154527664185,1.5384615659713745,778.8974609375,0.7179487347602844,0.49596768617630005,28.0,,4.0,,7.0,0.10256410256410256
ppo_car_009_bc_s7,2680000,-0.4702495336532593,407.6470642089844,0.025194579735398293,0.5266106128692627,1.3174883127212524,3.297872304916382,-1.7446808815002441,-3.4042553901672363,-1.435789942741394,0.18933701515197754,-0.21440066397190094,1.6919224262237549,3.297872304916382,1435.829833984375,0.7021276354789734,0.46913444995880127,32.0,,6.0,4.0,5.0,0.1276595744680851
ppo_car_009_bc_s7,2690000,-1.0466388463974,442.0769348144531,,,1.3172080516815186,3.965517282485962,-2.379310369491577,-2.5862069129943848,-2.001431941986084,0.1787717491388321,-0.30357787013053894,1.9922223091125488,3.965517282485962,2001.4827880859375,0.517241358757019,0.5496813058853149,15.0,,8.0,4.0,2.0,0.27586206896551724
ppo_car_009_bc_s7,2700000,-1.2763782739639282,254.78260803222656,0.012612828984856606,0.5925685167312622,1.3166611194610596,2.0357143878936768,-0.8928571343421936,-3.392857074737549,-0.8384947776794434,0.1815001368522644,-0.11895011365413666,1.0990567207336426,2.0357143878936768,838.5,0.6785714030265808,0.48380860686302185,19.0,,4.0,,5.0,0.14285714285714285
ppo_car_009_bc_s7,2710000,-0.5056307315826416,435.1612854003906,,,1.3164260387420654,3.8421051502227783,-2.4210526943206787,-2.763157844543457,-1.5792732238769531,0.15890996158123016,-0.22041615843772888,1.9440644979476929,3.8421051502227783,1579.3157958984375,0.5526315569877625,0.5669299364089966,21.0,,9.0,2.0,6.0,0.23684210526315788
ppo_car_009_bc_s7,2720000,-1.245254397392273,261.5625,0.013449631631374359,0.54500412940979,1.3162453174591064,2.5789473056793213,-1.3157894611358643,-3.6842105388641357,-0.8839375972747803,0.23639212548732758,-0.12618429958820343,1.3556013107299805,2.5789473056793213,883.9473876953125,0.7631579041481018,0.33855798840522766,28.0,,7.0,,3.0,0.18421052631578946
ppo_car_009_bc_s7,2730000,-0.9317087531089783,256.0769348144531,,,1.316166639328003,2.4827585220336914,-1.034482717514038,-3.275861978530884,-0.9207726716995239,0.19199533760547638,-0.14131759107112885,1.3449699878692627,2.4827585220336914,920.7930908203125,0.6551724076271057,0.4658406972885132,19.0,,5.0,,5.0,0.1724137931034483
ppo_car_009_bc_s7,2740000,-1.8051681518554688,377.18182373046875,0.01699024625122547,0.5489543676376343,1.3153330087661743,2.9285714626312256,-1.952380895614624,-3.3333332538604736,-1.3298009634017944,0.21835914254188538,-0.20632027089595795,1.5190976858139038,2.9285714626312256,1329.8333740234375,0.6666666865348816,0.4342443645000458,28.0,,7.0,2.0,5.0,0.16666666666666666
ppo_car_009_bc_s7,2750000,-2.274155378341675,323.56756591796875,,,1.3148539066314697,1.795454502105713,-0.75,-3.409090995788574,-1.0859136581420898,0.10834965854883194,-0.1555107831954956,0.9271733164787292,1.795454502105713,1085.9317626953125,0.6818181872367859,0.5055885314941406,30.0,,6.0,,8.0,0.13636363636363635
ppo_car_009_bc_s7,2760000,-0.14550086855888367,447.26666259765625,0.020097989588975906,0.5535271763801575,1.3148442506790161,2.0526316165924072,-0.42105263471603394,-2.1052632331848145,-1.4148262739181519,0.1518370360136032,-0.21129822731018066,1.0427173376083374,2.0526316165924072,1414.8421630859375,0.42105263471603394,0.546005129814148,8.0,,8.0,,3.0,0.42105263157894735
ppo_car_009_bc_s7,2770000,1.187402367591858,542.6190185546875,,,1.3148365020751953,4.44444465637207,-1.7777777910232544,-3.1481480598449707,-1.6905583143234253,0.322501003742218,-0.2428373396396637,2.274589776992798,4.44444465637207,1690.5926513671875,0.6296296119689941,0.5545662641525269,17.0,,7.0,,3.0,0.25925925925925924
ppo_car_009_bc_s7,2780000,1.046007752418518,417.7272644042969,0.018332989886403084,0.42709216475486755,1.315125584602356,4.916666507720947,-2.5833332538604736,-2.7083332538604736,-1.5346033573150635,0.417077898979187,-0.21764647960662842,2.5432515144348145,4.916666507720947,1534.625,0.5416666865348816,0.4726642668247223,13.0,,8.0,,3.0,0.3333333333333333
ppo_car_009_bc_s7,2790000,-1.3650487661361694,412.862060546875,,,1.3153648376464844,2.3157894611358643,-1.1315789222717285,-2.8947367668151855,-1.419896125793457,0.1634235382080078,-0.22480612993240356,1.1849676370620728,2.3157894611358643,1419.9210205078125,0.5789473652839661,0.5367087721824646,22.0,,8.0,2.0,6.0,0.21052631578947367
ppo_car_009_bc_s7,2800000,-0.5134857296943665,293.7930908203125,0.015825044363737106,0.7077935934066772,1.3151432275772095,2.9268293380737305,-1.4390244483947754,-4.02439022064209,-0.833526074886322,0.23833227157592773,-0.1194758266210556,1.5213143825531006,2.9268293380737305,833.5365600585938,0.8048780560493469,0.3391522765159607,33.0,,5.0,,3.0,0.12195121951219512
ppo_car_009_bc_s7,2810000,-0.9761462807655334,243.09756469726562,,,1.3148632049560547,2.6600000858306885,-1.4800000190734863,-3.4000000953674316,-0.9172622561454773,0.193003848195076,-0.1424550712108612,1.394901156425476,2.6600000858306885,917.280029296875,0.6800000071525574,0.4418485462665558,34.0,,5.0,2.0,9.0,0.1
ppo_car_009_bc_s7,2820000,2.2597761154174805,543.5499877929688,0.015935445204377174,0.8038097023963928,1.3147227764129639,4.730769157409668,-2.269230842590332,-2.5,-1.9055304527282715,0.35328418016433716,-0.2879858613014221,2.4085497856140137,4.730769157409668,1905.576904296875,0.5384615659713745,0.4743176996707916,13.0,,8.0,2.0,3.0,0.3076923076923077
ppo_car_009_bc_s7,2830000,-0.051841091364622116,457.7916564941406,,,1.3145239353179932,3.3214285373687744,-1.7142857313156128,-2.3214285373687744,-1.7856380939483643,0.1989080309867859,-0.27793771028518677,1.7292797565460205,3.3214285373687744,1785.6785888671875,0.4642857015132904,0.5168617963790894,13.0,,9.0,2.0,4.0,0.32142857142857145
ppo_car_009_bc_s7,2840000,-4.241066932678223,721.6666870117188,0.013696492649614811,0.32419565320014954,1.3143478631973267,0.8333333134651184,-1.5,-1.25,-2.6666789054870605,1.685832830844447e-05,-0.4380742311477661,0.41671162843704224,0.8333333134651184,2666.75,0.25,0.70624178647995,3.0,,6.0,2.0,1.0,0.5
ppo_car_009_bc_s7,2850000,-0.9146340489387512,246.9375,,,1.3140003681182861,3.0158729553222656,-1.4126983880996704,-3.8888888359069824,-0.8501121997833252,0.19691899418830872,-0.13705787062644958,1.5601603984832764,3.0158729553222656,850.1270141601562,0.8095238208770752,0.45399099588394165,49.0,,4.0,2.0,8.0,0.06349206349206349
ppo_car_009_bc_s7,2860000,-0.2091844528913498,425.4230651855469,0.015360498800873756,0.6686901450157166,1.313880205154419,3.344827651977539,-1.2413792610168457,-2.931034564971924,-1.527249813079834,0.19889166951179504,-0.23937822878360748,1.6911948919296265,3.344827651977539,1527.27587890625,0.6206896305084229,0.6216140389442444,17.0,,7.0,,5.0,0.2413793103448276
ppo_car_009_bc_s7,2870000,-1.466098427772522,218.08570861816406,,,1.3135826587677002,2.644444465637207,-1.644444465637207,-3.777777671813965,-0.6801720857620239,0.23689217865467072,-0.1063346415758133,1.4080785512924194,2.644444465637207,680.1777954101562,0.7555555701255798,0.38269713521003723,34.0,,4.0,,7.0,0.08888888888888889
ppo_car_009_bc_s7,2880000,-1.621883749961853,261.74285888671875,0.016157880425453186,0.8397258520126343,1.3132859468460083,2.8181817531585693,-1.3636363744735718,-3.9772727489471436,-0.9701400995254517,0.23035354912281036,-0.14731796085834503,1.5071029663085938,2.8181817531585693,970.1591186523438,0.8181818127632141,0.34264063835144043,35.0,,2.0,2.0,5.0,0.045454545454545456
ppo_car_009_bc_s7,2890000,-1.6332794427871704,285.0810852050781,,,1.3122119903564453,2.3478260040283203,-1.47826087474823,-3.58695650100708,-0.9169208407402039,0.17008616030216217,-0.1441970020532608,1.2222543954849243,2.3478260040283203,916.9347534179688,0.739130437374115,0.4710165858268738,33.0,,6.0,,7.0,0.13043478260869565
ppo_car_009_bc_s7,2900000,0.9610156416893005,634.6470336914062,0.019434919580817223,0.5813632011413574,1.3121719360351562,3.761904716491699,-1.1428571939468384,-1.6666666269302368,-2.3428053855895996,0.21210721135139465,-0.3344567120075226,1.8954715728759766,3.761904716491699,2342.857177734375,0.3333333432674408,0.6030808091163635,7.0,,10.0,2.0,2.0,0.47619047619047616
ppo_car_009_bc_s7,2910000,3.8818488121032715,522.9444580078125,,,1.3119667768478394,4.263157844543457,-1.105263113975525,-1.8421052694320679,-1.9835515022277832,0.3188125193119049,-0.2887580394744873,2.1289305686950684,4.263157844543457,1983.5789794921875,0.42105263471603394,0.6998186111450195,7.0,1.0,8.0,,3.0,0.42105263157894735
ppo_car_009_bc_s7,2920000,-4.223422527313232,293.9333190917969,0.018010202795267105,0.37623897194862366,1.3119792938232422,0.8611111044883728,-0.6666666865348816,-3.6111111640930176,-0.9817882180213928,0.06393023580312729,-0.15152664482593536,0.47250035405158997,0.8611111044883728,981.8055419921875,0.7222222089767456,0.4839353859424591,26.0,,5.0,,5.0,0.1388888888888889
ppo_car_009_bc_s7,2930000,1.5059255361557007,539.4761962890625,,,1.3120594024658203,5.239999771118164,-2.200000047683716,-2.5999999046325684,-2.2938590049743652,0.27565792202949524,-0.3366444408893585,2.6852657794952393,5.239999771118164,2293.919921875,0.5199999809265137,0.5848894119262695,13.0,,5.0,4.0,3.0,0.2
ppo_car_009_bc_s7,2940000,-3.1325197219848633,437.28570556640625,0.014533450827002525,0.3398500680923462,1.3120872974395752,1.3333333730697632,-1.2000000476837158,-2.8333332538604736,-1.425199031829834,0.04689300060272217,-0.22896692156791687,0.6938006281852722,1.3333333730697632,1425.2332763671875,0.6000000238418579,0.5432913899421692,17.0,,7.0,2.0,4.0,0.23333333333333334
ppo_car_009_bc_s7,2950000,-1.1928426027297974,331.6153869628906,,,1.3123313188552856,2.78723406791687,-1.2127659320831299,-3.7234041690826416,-1.1022913455963135,0.22821210324764252,-0.15769265592098236,1.4465326070785522,2.78723406791687,1102.2978515625,0.7659574747085571,0.5398098230361938,35.0,,4.0,,8.0,0.0851063829787234
ppo_car_009_bc_s7,2960000,-2.1750497817993164,289.1794738769531,0.01960490457713604,0.8473920822143555,1.312328577041626,1.923076868057251,-1.0,-3.942307710647583,-0.86692875623703,0.10774064809083939,-0.13111048936843872,1.0119179487228394,1.923076868057251,866.9423217773438,0.7884615659713745,0.38082972168922424,41.0,,5.0,,6.0,0.09615384615384616
ppo_car_009_bc_s7,2970000,0.4528825283050537,384.23529052734375,,,1.3119947910308838,4.777777671813965,-2.3888888359069824,-3.055555582046509,-1.4545392990112305,0.36045244336128235,-0.21564631164073944,2.4039580821990967,4.777777671813965,1454.5555419921875,0.6111111044883728,0.4035189747810364,11.0,,5.0,,2.0,0.2777777777777778
ppo_car_009_bc_s7,2980000,0.7558236718177795,369.5666809082031,,,1.3119947910308838,4.487179279327393,-2.5128204822540283,-3.7179486751556396,-1.1388529539108276,0.3179774284362793,-0.1690778285264969,2.2889509201049805,4.487179279327393,1138.871826171875,0.7435897588729858,0.44257035851478577,29.0,,4.0,,6.0,0.10256410256410256
ppo_car_009_bc_s7,2990000,0.6415305137634277,449.2631530761719,0.021007340401411057,0.7220394015312195,1.3119486570358276,3.13043475151062,-0.8260869383811951,-2.82608699798584,-1.4867637157440186,0.2619483470916748,-0.19230839610099792,1.5989739894866943,3.13043475151062,1486.7825927734375,0.5652173757553101,0.42835670709609985,13.0,,8.0,,2.0,0.34782608695652173
ppo_car_009_bc_s7,3000000,-3.24674129486084,373.375,,,1.311946153640747,3.0333333015441895,-2.4666666984558105,-3.8333332538604736,-1.3971706628799438,0.10222666710615158,-0.2025890201330185,1.5350074768066406,3.0333333015441895,1397.199951171875,0.8666666746139526,0.49929067492485046,23.0,,2.0,2.0,3.0,0.06666666666666667
ppo_car_009_bc_s7,3010000,2.4226980209350586,399.5652160644531,0.01721620373427868,0.3402988016605377,1.3116035461425781,3.277777671813965,-1.0555555820465088,-2.777777671813965,-1.1872248649597168,0.24598446488380432,-0.16713830828666687,1.663534164428711,3.277777671813965,1187.25,0.5555555820465088,0.4256775379180908,20.0,1.0,7.0,2.0,6.0,0.19444444444444445
ppo_car_009_bc_s7,3020000,-1.088775396347046,546.2000122070312,,,1.311596155166626,3.238095283508301,-2.3809523582458496,-2.6190476417541504,-1.8483246564865112,0.13976040482521057,-0.24124592542648315,1.6744887828826904,3.238095283508301,1848.3809814453125,0.523809552192688,0.4169893264770508,11.0,,5.0,2.0,3.0,0.23809523809523808
ppo_car_009_bc_s7,3030000,0.1273576021194458,347.5454406738281,0.016553424298763275,0.39247143268585205,1.3105030059814453,3.612903118133545,-2.1290323734283447,-3.3064515590667725,-1.276627779006958,0.23051147162914276,-0.20166487991809845,1.8748949766159058,3.612903118133545,1276.6612548828125,0.6774193644523621,0.40284594893455505,41.0,1.0,6.0,6.0,8.0,0.0967741935483871
ppo_car_009_bc_s7,3040000,-2.011183977127075,496.4285583496094,,,1.31034255027771,1.8214285373687744,-0.9642857313156128,-2.3214285373687744,-1.9201606512069702,0.10724186897277832,-0.2915373146533966,0.926870584487915,1.8214285373687744,1920.2142333984375,0.4642857015132904,0.5589281320571899,13.0,,8.0,4.0,3.0,0.2857142857142857
ppo_car_009_bc_s7,3050000,-0.8746952414512634,329.9333190917969,0.016102837398648262,0.594924807548523,1.3089011907577515,2.8947367668151855,-1.4736841917037964,-3.4210526943206787,-1.2020540237426758,0.2355247437953949,-0.17618495225906372,1.5092717409133911,2.8947367668151855,1202.0789794921875,0.6842105388641357,0.4353126585483551,26.0,,7.0,2.0,3.0,0.18421052631578946
ppo_car_009_bc_s7,3060000,-0.3652939796447754,396.7083435058594,,,1.3085302114486694,3.25,-1.3125,-3.75,-1.190200924873352,0.2585889995098114,-0.18453839421272278,1.6858210563659668,3.25,1190.21875,0.75,0.46491003036499023,24.0,,2.0,,6.0,0.0625
ppo_car_009_bc_s7,3070000,-0.2855422794818878,400.239990234375,0.020734895020723343,0.7563635110855103,1.3087925910949707,3.444444417953491,-2.0370371341705322,-2.222222328186035,-1.4845731258392334,0.2675010561943054,-0.21664460003376007,1.761643409729004,3.444444417953491,1484.5926513671875,0.4444444477558136,0.5549609065055847,12.0,,10.0,,5.0,0.37037037037037035
ppo_car_009_bc_s7,3080000,-0.2385830581188202,480.5454406738281,,,1.308858871459961,4.3913044929504395,-1.6521738767623901,-3.2608695030212402,-1.8414063453674316,0.3454090356826782,-0.2650328576564789,2.2806622982025146,4.3913044929504395,1841.434814453125,0.6521739363670349,0.5144689679145813,15.0,,6.0,,2.0,0.2608695652173913
ppo_car_009_bc_s7,3090000,-1.4330307245254517,371.96429443359375,0.015093104913830757,0.5201715230941772,1.3080741167068481,1.8125,-0.75,-2.96875,-1.3042621612548828,0.14243584871292114,-0.1879955381155014,0.9506295323371887,1.8125,1304.28125,0.59375,0.5256388783454895,19.0,,9.0,,4.0,0.28125
ppo_car_009_bc_s7,3100000,0.04195031523704529,365.95001220703125,,,1.3077270984649658,3.2916667461395264,-1.4166666269302368,-2.7083332538604736,-1.4694671630859375,0.21401509642601013,-0.24107596278190613,1.7197332382202148,3.2916667461395264,1469.5,0.5416666865348816,0.5732492804527283,13.0,,4.0,2.0,5.0,0.16666666666666666
ppo_car_009_bc_s7,3110000,3.255849599838257,690.4666748046875,0.011218756437301636,0.42348015308380127,1.3074736595153809,5.699999809265137,-2.6500000953674316,-1.75,-2.6733171939849854,0.291058212518692,-0.41345855593681335,2.911741018295288,5.699999809265137,2673.39990234375,0.3499999940395355,0.5310068726539612,7.0,,7.0,4.0,2.0,0.35
ppo_car_009_bc_s7,3120000,-2.0969700813293457,257.8205261230469,,,1.3073407411575317,2.5102040767669678,-1.7142857313156128,-3.8775510787963867,-0.8221933245658875,0.19268092513084412,-0.1224600151181221,1.3488004207611084,2.5102040767669678,822.2041015625,0.7755101919174194,0.4445376396179199,38.0,,4.0,,7.0,0.08163265306122448
ppo_car_009_bc_s7,3130000,-1.5527092218399048,355.6666564941406,0.0149831622838974,0.7097525596618652,1.3073127269744873,2.040816307067871,-1.0,-3.0612244606018066,-1.2912788391113281,0.11307663470506668,-0.2097068428993225,1.0501911640167236,2.040816307067871,1291.30615234375,0.6326530575752258,0.5379852652549744,30.0,,8.0,4.0,7.0,0.16326530612244897
ppo_car_009_bc_s7,3140000,2.09356689453125,624.3846435546875,,,1.307294487953186,4.866666793823242,-1.5333333015441895,-2.0,-2.567551612854004,0.3403506875038147,-0.3931679129600525,2.4942562580108643,4.866666793823242,2567.60009765625,0.4000000059604645,0.5411569476127625,6.0,,7.0,2.0,,0.4666666666666667
ppo_car_009_bc_s7,3150000,-3.46403169631958,584.9285888671875,0.01706474833190441,0.3537357747554779,1.3071120977401733,1.2380952835083008,-1.1904761791229248,-2.142857074737549,-2.132885456085205,0.041705843061208725,-0.3076814115047455,0.6468444466590881,1.2380952835083008,2132.952392578125,0.4285714328289032,0.5825544595718384,9.0,,5.0,4.0,3.0,0.23809523809523808
ppo_car_009_bc_s7,3160000,-1.0769271850585938,275.9677429199219,,,1.306962251663208,2.174999952316284,-0.800000011920929,-3.5,-1.004124641418457,0.15378589928150177,-0.14459741115570068,1.1194099187850952,2.174999952316284,1004.1500244140625,0.699999988079071,0.5101919770240784,28.0,,4.0,2.0,6.0,0.1
ppo_car_009_bc_s7,3170000,0.4345003664493561,472.370361328125,0.01959715597331524,0.47942936420440674,1.3067495822906494,4.80555534362793,-3.25,-2.9166667461395264,-1.586098551750183,0.2625862956047058,-0.24135714769363403,2.4984498023986816,4.80555534362793,1586.138916015625,0.5833333134651184,0.4578585624694824,21.0,,9.0,2.0,4.0,0.25
ppo_car_009_bc_s7,3180000,-0.34810006618499756,383.03704833984375,,,1.3065083026885986,3.5806450843811035,-2.096774101257324,-2.7419354915618896,-1.529576063156128,0.22097203135490417,-0.2294851541519165,1.8530964851379395,3.5806450843811035,1529.6129150390625,0.5483871102333069,0.4648866653442383,17.0,,7.0,2.0,5.0,0.22580645161290322
ppo_car_009_bc_s7,3190000,-3.2832398414611816,498.6666564941406,0.01442093774676323,0.45373374223709106,1.3062080144882202,1.192307710647583,-1.1538461446762085,-2.5,-1.6116589307785034,0.08557004481554031,-0.2432900220155716,0.6171658039093018,1.192307710647583,1611.6922607421875,0.5384615659713745,0.5186523199081421,13.0,,10.0,,3.0,0.38461538461538464
ppo_car_009_bc_s7,3200000,0.764009416103363,295.0416564941406,,,1.305761456489563,4.066666603088379,-2.066666603088379,-3.6666667461395264,-0.9458152055740356,0.30469104647636414,-0.15557996928691864,2.074500560760498,4.066666603088379,945.8333129882812,0.7333333492279053,0.4484291970729828,22.0,1.0,2.0,,5.0,0.06666666666666667
ppo_car_009_bc_s7,3210000,-0.7918496131896973,341.51513671875,0.018821895122528076,0.6721042394638062,1.3057514429092407,3.34883713722229,-2.0232558250427246,-3.8372092247009277,-1.0497685670852661,0.2440982609987259,-0.16103166341781616,1.708093523979187,3.34883713722229,1049.7906494140625,0.7906976938247681,0.41676899790763855,33.0,,5.0,,5.0,0.11627906976744186
ppo_car_009_bc_s7,3220000,1.736579418182373,411.0833435058594,,,1.3057363033294678,4.9666666984558105,-2.5333333015441895,-2.8333332538604736,-1.516401767730713,0.3345913589000702,-0.20194359123706818,2.546945095062256,4.9666666984558105,1516.433349609375,0.5666666626930237,0.42569947242736816,17.0,,7.0,2.0,4.0,0.23333333333333334
ppo_car_009_bc_s7,3230000,0.9052861928939819,589.9473876953125,0.012065342627465725,0.5011178851127625,1.3056377172470093,3.407407522201538,-1.4814814329147339,-2.407407522201538,-1.8853992223739624,0.2378675788640976,-0.29096922278404236,1.7298887968063354,3.407407522201538,1885.4444580078125,0.48148149251937866,0.5191660523414612,13.0,,10.0,2.0,2.0,0.37037037037037035
ppo_car_009_bc_s7,3240000,-0.2912432849407196,404.375,,,1.3054121732711792,2.799999952316284,-1.4333332777023315,-2.6666667461395264,-1.295581579208374,0.21419265866279602,-0.2092210203409195,1.4369999170303345,2.799999952316284,1295.5999755859375,0.5333333611488342,0.4989641308784485,16.0,,9.0,,5.0,0.3
ppo_car_009_bc_s7,3250000,-0.9921963214874268,441.2105407714844,0.01915825344622135,0.4920371472835541,1.305291771888733,2.538461446762085,-1.115384578704834,-3.269230842590332,-1.2883349657058716,0.17490482330322266,-0.2049025297164917,1.3049428462982178,2.538461446762085,1288.34619140625,0.6538461446762085,0.5532679557800293,17.0,,5.0,,4.0,0.19230769230769232
ppo_car_009_bc_s7,3260000,2.4847424030303955,395.521728515625,,,1.3049298524856567,5.259259223937988,-2.4814815521240234,-2.9629628658294678,-1.3507208824157715,0.4210816025733948,-0.21157747507095337,2.700958013534546,5.259259223937988,1350.74072265625,0.5925925970077515,0.3947657644748688,16.0,,8.0,,3.0,0.2962962962962963
ppo_car_009_bc_s7,3270000,-1.112709403038025,364.3548278808594,0.013697926886379719,0.6648374795913696,1.3048547506332397,3.1578948497772217,-1.263157844543457,-3.5526316165924072,-1.3489744663238525,0.17723263800144196,-0.1817932277917862,1.6910468339920044,3.1578948497772217,1349.0,0.7105262875556946,0.43597495555877686,27.0,,4.0,2.0,5.0,0.10526315789473684
ppo_car_009_bc_s7,3280000,-1.0503437519073486,300.26666259765625,,,1.3044631481170654,2.026315689086914,-0.6578947305679321,-3.28947377204895,-0.95009446144104,0.1874760538339615,-0.13558699190616608,1.0684857368469238,2.026315689086914,950.1052856445312,0.6578947305679321,0.4551685154438019,25.0,,8.0,,5.0,0.21052631578947367
ppo_car_009_bc_s7,3290000,-0.10149043798446655,586.3499755859375,0.012724500149488449,0.4650494158267975,1.3044224977493286,3.153846263885498,-1.2692307233810425,-2.307692289352417,-2.0377941131591797,0.201255202293396,-0.31758248805999756,1.577667474746704,3.153846263885498,2037.84619140625,0.5,0.49686485528945923,12.0,,10.0,2.0,2.0,0.38461538461538464
ppo_car_009_bc_s7,3300000,-3.0021934509277344,201.38888549804688,,,1.3040893077850342,1.1194030046463013,-0.641791045665741,-3.8059701919555664,-0.6446086168289185,0.08471640199422836,-0.09620818495750427,0.5905510783195496,1.1194030046463013,644.6119384765625,0.7910447716712952,0.48913928866386414,51.0,,3.0,,13.0,0.04477611940298507
ppo_car_009_bc_s7,3310000,-1.5055330991744995,439.5833435058594,0.015679866075515747,0.7721748352050781,1.3040649890899658,2.655172348022461,-0.7586206793785095,-3.4482758045196533,-1.4579064846038818,0.19817763566970825,-0.2247740477323532,1.4472256898880005,2.655172348022461,1457.9310302734375,0.6896551847457886,0.3656797409057617,20.0,,8.0,,1.0,0.27586206896551724
ppo_car_009_bc_s7,3320000,-3.7720866203308105,314.70001220703125,,,1.3037090301513672,0.08571428805589676,-0.4285714328289032,-3.0,-1.0810184478759766,0.00890722032636404,-0.15305374562740326,0.06024797633290291,0.08571428805589676,1081.028564453125,0.6000000238418579,0.5361642241477966,21.0,,10.0,,4.0,0.2857142857142857
ppo_car_009_bc_s7,3330000,0.6447752118110657,327.6666564941406,0.020958013832569122,0.3545280694961548,1.3037009239196777,3.1212120056152344,-0.939393937587738,-3.4848484992980957,-1.13657546043396,0.23953500390052795,-0.17124269902706146,1.6017264127731323,3.1212120056152344,1136.6060791015625,0.7272727489471436,0.42975369095802307,23.0,,3.0,2.0,5.0,0.09090909090909091
ppo_car_009_bc_s7,3340000,-0.7110514640808105,536.3478393554688,,,1.3029778003692627,2.4482758045196533,-0.931034505367279,-2.4137930870056152,-1.910294771194458,0.18222001194953918,-0.2801176905632019,1.2462292909622192,2.4482758045196533,1910.3448486328125,0.48275861144065857,0.548540472984314,14.0,,10.0,2.0,3.0,0.3448275862068966
ppo_car_009_bc_s7,3350000,-0.26634207367897034,376.3333435058594,,,1.3029778003692627,3.4666666984558105,-1.7999999523162842,-3.1666667461395264,-1.4045708179473877,0.2592480182647705,-0.19376012682914734,1.8006844520568848,3.4666666984558105,1404.5999755859375,0.6333333253860474,0.5857833027839661,19.0,,3.0,2.0,6.0,0.1
ppo_car_009_bc_s7,3360000,-3.9796841144561768,587.75,0.012732570059597492,0.41313567757606506,1.3019031286239624,1.384615421295166,-1.692307710647583,-1.5384615659713745,-2.634233236312866,0.0551426038146019,-0.42874985933303833,0.7151744961738586,1.384615421295166,2634.3076171875,0.3076923191547394,0.5975274443626404,4.0,,6.0,2.0,1.0,0.46153846153846156
ppo_car_009_bc_s7,3370000,6.099390506744385,648.88232421875,,,1.3018558025360107,5.8275861740112305,-1.8275861740112305,-2.7586207389831543,-1.9369785785675049,0.33961915969848633,-0.27679482102394104,2.9805164337158203,5.8275861740112305,1937.034423828125,0.5517241358757019,0.3975416421890259,16.0,,6.0,4.0,3.0,0.20689655172413793
ppo_car_009_bc_s7,3380000,-0.46493643522262573,434.9259338378906,0.018585175275802612,0.29219910502433777,1.3009744882583618,2.8888888359069824,-1.4166666269302368,-2.777777671813965,-1.6392947435379028,0.16587579250335693,-0.24677079916000366,1.4762840270996094,2.8888888359069824,1639.3333740234375,0.5555555820465088,0.5961669087409973,20.0,,6.0,4.0,6.0,0.16666666666666666
ppo_car_009_bc_s7,3390000,-2.68454909324646,277.093017578125,,,1.3008915185928345,1.5399999618530273,-0.6800000071525574,-3.5999999046325684,-0.9549078345298767,0.11823708564043045,-0.14894039928913116,0.8172796368598938,1.5399999618530273,954.9199829101562,0.7200000286102295,0.43989574909210205,36.0,,8.0,,6.0,0.16
ppo_car_009_bc_s7,3400000,-1.1176018714904785,368.0384521484375,0.015496105886995792,0.7795207500457764,1.301304578781128,3.2068965435028076,-1.4482758045196533,-3.275861978530884,-1.5295573472976685,0.21296589076519012,-0.20207825303077698,1.687925100326538,3.2068965435028076,1529.586181640625,0.6551724076271057,0.4707271158695221,19.0,,5.0,2.0,3.0,0.1724137931034483
ppo_car_009_bc_s7,3410000,-2.647038459777832,245.34483337402344,,,1.3013705015182495,1.9189189672470093,-1.1351351737976074,-3.9189188480377197,-0.7703465223312378,0.11740623414516449,-0.11138912290334702,1.014831304550171,1.9189189672470093,770.3513793945312,0.7837837934494019,0.4837075471878052,29.0,,2.0,,6.0,0.05405405405405406
ppo_car_009_bc_s7,3420000,0.9102932810783386,394.521728515625,0.015455339103937149,0.5595908164978027,1.3012393712997437,3.275861978530884,-0.9655172228813171,-3.1034483909606934,-1.253119707107544,0.24916291236877441,-0.17183689773082733,1.6567177772521973,3.275861978530884,1253.137939453125,0.6206896305084229,0.4711945950984955,18.0,,7.0,,4.0,0.2413793103448276
ppo_car_009_bc_s7,3430000,-0.21003039181232452,412.0434875488281,,,1.3012083768844604,3.2666666507720947,-1.5666667222976685,-2.6666667461395264,-1.6652557849884033,0.14299988746643066,-0.27444517612457275,1.678403615951538,3.2666666507720947,1665.300048828125,0.5333333611488342,0.4716736972332001,16.0,,7.0,4.0,3.0,0.23333333333333334
ppo_car_009_bc_s7,3440000,-0.29110968112945557,497.760009765625,0.013704536482691765,0.38388773798942566,1.3006203174591064,4.4285712242126465,-2.971428632736206,-3.0,-1.765609860420227,0.16464310884475708,-0.25800198316574097,2.2732982635498047,4.4285712242126465,1765.6571044921875,0.6285714507102966,0.5510377287864685,21.0,,5.0,4.0,5.0,0.14285714285714285
ppo_car_009_bc_s7,3450000,1.008704423904419,420.0952453613281,,,1.3004322052001953,4.043478488922119,-1.60869562625885,-2.82608699798584,-1.53650963306427,0.30420756340026855,-0.220097154378891,2.093550682067871,4.043478488922119,1536.521728515625,0.5652173757553101,0.5169590711593628,13.0,,8.0,,2.0,0.34782608695652173
ppo_car_009_bc_s7,3460000,-1.1430630683898926,519.111083984375,0.015383264981210232,0.5050260424613953,1.299853801727295,2.75,-1.3888888359069824,-2.777777671813965,-1.7234891653060913,0.15275147557258606,-0.24586892127990723,1.3900883197784424,2.75,1723.52783203125,0.5555555820465088,0.6126922965049744,20.0,,8.0,2.0,6.0,0.2222222222222222
ppo_car_009_bc_s7,3470000,-0.6732451915740967,239.75999450683594,,,1.2996114492416382,2.6363637447357178,-1.3636363744735718,-3.6363637447357178,-0.7267532348632812,0.23998379707336426,-0.09115501493215561,1.3723971843719482,2.6363637447357178,726.757568359375,0.7272727489471436,0.37192514538764954,24.0,,4.0,,5.0,0.12121212121212122
ppo_car_009_bc_s7,3480000,0.20275786519050598,585.6666870117188,0.016442999243736267,0.8718929290771484,1.2994561195373535,4.588235378265381,-2.588235378265381,-2.058823585510254,-2.4217545986175537,0.24536117911338806,-0.3805140554904938,2.377309799194336,4.588235378265381,2421.823486328125,0.4117647111415863,0.5574836730957031,7.0,,6.0,2.0,2.0,0.35294117647058826
ppo_car_009_bc_s7,3490000,0.36969274282455444,462.24139404296875,,,1.2993767261505127,4.54054069519043,-2.270270347595215,-2.8378379344940186,-1.9376511573791504,0.21522380411624908,-0.2707022726535797,2.3485896587371826,4.54054069519043,1937.7027587890625,0.5945945978164673,0.5200982093811035,21.0,,7.0,6.0,3.0,0.1891891891891892
ppo_car_009_bc_s7,3500000,4.182240009307861,402.7894592285156,0.012569522485136986,0.3953630030155182,1.2986299991607666,5.304347991943359,-2.13043475151062,-1.95652174949646,-1.330196499824524,0.412398099899292,-0.1899510771036148,2.6967132091522217,5.304347991943359,1330.2174072265625,0.3913043439388275,0.5823638439178467,9.0,,7.0,,7.0,0.30434782608695654
ppo_car_009_bc_s7,3510000,2.3696930408477783,871.1666870117188,,,1.2980716228485107,7.0,-4.222222328186035,-1.9444444179534912,-2.9927945137023926,0.2145192176103592,-0.41971537470817566,3.517023801803589,7.0,2992.888916015625,0.3888888955116272,0.5266851186752319,7.0,,7.0,4.0,,0.3888888888888889
ppo_car_009_bc_s7,3520000,-1.109121561050415,365.375,0.017724214121699333,0.44471096992492676,1.2978284358978271,2.799999952316284,-1.0333333015441895,-3.6666667461395264,-1.3714725971221924,0.2258913367986679,-0.1744672805070877,1.456627368927002,2.799999952316284,1371.5,0.7666666507720947,0.44868579506874084,22.0,,3.0,2.0,3.0,0.1
ppo_car_009_bc_s7,3530000,-2.576188802719116,256.30767822265625,,,1.2976512908935547,1.4833333492279053,-0.7666666507720947,-3.5,-0.8900184035301208,0.11139635741710663,-0.13259127736091614,0.7946979999542236,1.4833333492279053,890.0333251953125,0.7166666388511658,0.4526808559894562,42.0,,10.0,,8.0,0.16666666666666666
ppo_car_009_bc_s7,3540000,-2.4668846130371094,272.8888854980469,0.013729014433920383,0.7895087003707886,1.2973499298095703,1.0416666269302368,-0.6041666865348816,-3.2291667461395264,-0.8177652359008789,0.08569442480802536,-0.11024675518274307,0.5638539791107178,1.0416666269302368,817.7708129882812,0.6458333134651184,0.4405650198459625,31.0,,9.0,,8.0,0.1875
ppo_car_009_bc_s7,3550000,-1.7589324712753296,494.8333435058594,,,1.2970397472381592,1.5625,-0.6875,-2.5,-1.4869223833084106,0.12096089124679565,-0.22641289234161377,0.8142238259315491,1.5625,1486.9375,0.5,0.4894150495529175,8.0,,7.0,,1.0,0.4375
ppo_car_009_bc_s7,3560000,0.5905472636222839,526.74072265625,0.019272778183221817,0.25612616539001465,1.2967894077301025,2.9487178325653076,-1.2051281929016113,-2.4358973503112793,-1.767800211906433,0.17311061918735504,-0.2544289231300354,1.4648550748825073,2.9487178325653076,1767.84619140625,0.4871794879436493,0.5286247134208679,19.0,1.0,11.0,4.0,4.0,0.28205128205128205
ppo_car_009_bc_s7,3570000,2.1221413612365723,356.4444580078125,,,1.2964953184127808,4.38095235824585,-1.2380952835083008,-3.3333332538604736,-1.222029209136963,0.3746664226055145,-0.16272222995758057,2.259406566619873,4.38095235824585,1222.047607421875,0.6666666865348816,0.5219430923461914,14.0,,4.0,,3.0,0.19047619047619047
ppo_car_009_bc_s7,3580000,-1.9006673097610474,823.5,0.013592692092061043,0.2807634770870209,1.296640396118164,5.166666507720947,-1.8333333730697632,-1.4583333730697632,-2.673246145248413,0.2464645355939865,-0.34281596541404724,2.5820071697235107,5.166666507720947,2673.333251953125,0.2916666567325592,0.6009528040885925,7.0,1.0,7.0,6.0,3.0,0.2916666666666667
ppo_car_009_bc_s7,3590000,2.9283785820007324,493.5238037109375,,,1.2969276905059814,2.04347825050354,-1.0,-2.3913042545318604,-1.804916262626648,0.13872778415679932,-0.26867789030075073,1.0231027603149414,2.04347825050354,1804.95654296875,0.47826087474823,0.5720207691192627,11.0,,10.0,,2.0,0.43478260869565216
ppo_car_009_bc_s7,3600000,-0.07895704358816147,384.4117736816406,0.017343806102871895,0.5122368931770325,1.296988844871521,4.047618865966797,-2.2857143878936768,-3.809523820877075,-1.2467976808547974,0.3363051414489746,-0.1615220457315445,2.1031198501586914,4.047618865966797,1246.8095703125,0.761904776096344,0.5199005603790283,16.0,,2.0,,3.0,0.09523809523809523
ppo_car_009_bc_s7,3610000,1.691237449645996,473.73077392578125,,,1.2971183061599731,5.2580647468566895,-3.064516067504883,-2.4193549156188965,-1.7838891744613647,0.30747681856155396,-0.275319904088974,2.6909162998199463,5.2580647468566895,1783.9354248046875,0.4838709533214569,0.5304105281829834,15.0,,8.0,2.0,6.0,0.25806451612903225
ppo_car_009_bc_s7,3620000,-0.9050180912017822,313.0714416503906,0.01618649996817112,0.6618562340736389,1.296812653541565,3.0,-1.419354796409607,-3.225806474685669,-1.132569432258606,0.21311333775520325,-0.15896236896514893,1.5837814807891846,3.0,1132.5806884765625,0.6774193644523621,0.5004717111587524,20.0,,6.0,,5.0,0.1935483870967742
ppo_car_009_bc_s7,3630000,5.103621959686279,843.3333129882812,,,1.2960376739501953,5.125,-1.375,-0.9375,-2.907937526702881,0.37970322370529175,-0.4307882785797119,2.5614964962005615,5.125,2908.0,0.1875,0.6785173416137695,3.0,1.0,10.0,2.0,,0.625
ppo_car_009_bc_s7,3640000,2.586287260055542,584.5999755859375,0.014891381375491619,0.08082883805036545,1.2957093715667725,3.153846263885498,-0.807692289352417,-1.1538461446762085,-1.8005447387695312,0.23285286128520966,-0.2551431357860565,1.5850787162780762,3.153846263885498,1800.576904296875,0.23076923191547394,0.7076389789581299,6.0,1.0,13.0,,6.0,0.5
ppo_car_009_bc_s7,3650000,-4.2760539054870605,603.2777709960938,,,1.294391393661499,0.625,-1.0416666269302368,-2.2916667461395264,-1.8118770122528076,0.0017292802222073078,-0.24752481281757355,0.3115956485271454,0.625,1811.9166259765625,0.4583333432674408,0.6701728105545044,11.0,,11.0,,2.0,0.4583333333333333
ppo_car_009_bc_s7,3660000,1.4256802797317505,354.8571472167969,0.020467763766646385,0.3528802990913391,1.2943860292434692,3.675675630569458,-0.9729729890823364,-3.7837836742401123,-1.0758554935455322,0.3079144060611725,-0.1583639532327652,1.8695963621139526,3.675675630569458,1075.8648681640625,0.7837837934494019,0.41900020837783813,28.0,1.0,4.0,,4.0,0.10810810810810811
ppo_car_009_bc_s7,3670000,-1.0042973756790161,323.2758483886719,,,1.2943599224090576,2.538461446762085,-1.4102563858032227,-3.2051281929016113,-1.1162099838256836,0.14717049896717072,-0.15523768961429596,1.330338716506958,2.538461446762085,1116.230712890625,0.6410256624221802,0.4992641508579254,25.0,,6.0,2.0,6.0,0.15384615384615385
ppo_car_009_bc_s7,3680000,-1.5678192377090454,306.94873046875,0.018706660717725754,0.7813684940338135,1.2942721843719482,2.0545454025268555,-1.0727273225784302,-3.6363637447357178,-0.9806365966796875,0.11990515142679214,-0.1420270800590515,1.0482679605484009,2.0545454025268555,980.654541015625,0.7272727489471436,0.4111391007900238,40.0,,7.0,2.0,6.0,0.12727272727272726
ppo_car_009_bc_s7,3690000,1.2332358360290527,481.29998779296875,,,1.29372239112854,2.6470587253570557,-0.8823529481887817,-3.2352941036224365,-1.3101792335510254,0.19380590319633484,-0.20114226639270782,1.3531931638717651,2.6470587253570557,1310.2059326171875,0.6470588445663452,0.41876697540283203,22.0,,7.0,2.0,3.0,0.20588235294117646
ppo_car_009_bc_s7,3700000,-1.9560506343841553,576.923095703125,0.0167548730969429,0.43965500593185425,1.2936946153640747,1.8666666746139526,-0.9333333373069763,-2.0,-2.0030977725982666,0.12014639377593994,-0.2829791009426117,0.9703536033630371,1.8666666746139526,2003.13330078125,0.4000000059604645,0.6080092787742615,6.0,,8.0,,1.0,0.5333333333333333
ppo_car_009_bc_s7,3710000,-0.6410473585128784,349.875,,,1.293215036392212,3.5641026496887207,-1.6410256624221802,-3.3333332538604736,-1.1500595808029175,0.30949434638023376,-0.16975882649421692,1.8579965829849243,3.5641026496887207,1150.076904296875,0.6666666865348816,0.4760603904724121,26.0,,5.0,,8.0,0.1282051282051282
ppo_car_009_bc_s7,3720000,0.08897469192743301,340.7272644042969,,,1.293215036392212,2.9000000953674316,-1.7999999523162842,-3.3333332538604736,-1.2018743753433228,0.2024967521429062,-0.17040175199508667,1.4778777360916138,2.9000000953674316,1201.9000244140625,0.6666666865348816,0.4009251892566681,20.0,,6.0,2.0,2.0,0.2
ppo_car_009_bc_s7,3730000,0.09633396565914154,398.9142761230469,0.013314987532794476,0.7867550253868103,1.2930285930633545,4.519999980926514,-3.4800000190734863,-3.0999999046325684,-1.357447624206543,0.23124146461486816,-0.2055903524160385,2.3106303215026855,4.519999980926514,1357.47998046875,0.6200000047683716,0.4644755423069,31.0,1.0,7.0,4.0,7.0,0.14
ppo_car_009_bc_s7,3740000,1.9165024757385254,443.0,,,1.293028712272644,3.4347825050354004,-1.0,-2.6086957454681396,-1.311286211013794,0.2703953683376312,-0.19219425320625305,1.736699104309082,3.4347825050354004,1311.3043212890625,0.52173912525177,0.5549814701080322,12.0,1.0,7.0,,3.0,0.30434782608695654
ppo_car_009_bc_s7,3750000,-0.3508147597312927,440.6666564941406,0.015336338430643082,0.40612003207206726,1.2924271821975708,3.433333396911621,-2.0333333015441895,-3.3333332538604736,-1.6362203359603882,0.2349613755941391,-0.2477119266986847,1.7643078565597534,3.433333396911621,1636.2667236328125,0.6666666865348816,0.36816197633743286,20.0,,5.0,4.0,1.0,0.16666666666666666
ppo_car_009_bc_s7,3760000,-1.6164942979812622,434.629638671875,,,1.2923977375030518,2.694444417953491,-1.6666666269302368,-2.9166667461395264,-1.6384282112121582,0.1678486466407776,-0.23491807281970978,1.4075599908828735,2.694444417953491,1638.47216796875,0.5833333134651184,0.49741849303245544,21.0,,6.0,4.0,5.0,0.16666666666666666
ppo_car_009_bc_s7,3770000,-1.8744614124298096,389.2916564941406,0.020101020112633705,0.6802661418914795,1.2929174900054932,2.076923131942749,-1.4615384340286255,-2.307692289352417,-1.4390478134155273,0.14611725509166718,-0.21853359043598175,1.0905171632766724,2.076923131942749,1439.076904296875,0.5,0.6444811224937439,12.0,,8.0,,6.0,0.3076923076923077
ppo_car_009_bc_s7,3780000,0.7148211002349854,411.1428527832031,,,1.2929707765579224,2.78947377204895,-0.6842105388641357,-3.026315689086914,-1.2134848833084106,0.22424541413784027,-0.17628569900989532,1.4291257858276367,2.78947377204895,1213.5,0.6052631735801697,0.45386236906051636,23.0,,11.0,,4.0,0.2894736842105263
ppo_car_009_bc_s7,3790000,-3.2860488891601562,263.30303955078125,0.018448173999786377,0.4770912826061249,1.2928221225738525,1.5499999523162842,-1.125,-3.75,-1.0213046073913574,0.0666966363787651,-0.1308155506849289,0.8293707966804504,1.5499999523162842,1021.3250122070312,0.75,0.4379705786705017,30.0,,3.0,2.0,5.0,0.075
ppo_car_009_bc_s7,3800000,5.099783897399902,513.625,,,1.2927916049957275,5.550000190734863,-1.649999976158142,-2.25,-1.646170973777771,0.4477922320365906,-0.22526495158672333,2.7764904499053955,5.550000190734863,1646.199951171875,0.5,0.503235936164856,9.0,1.0,8.0,,2.0,0.4
ppo_car_009_bc_s7,3810000,-1.6380306482315063,245.08163452148438,0.014286522753536701,0.6275941133499146,1.2924116849899292,2.777777671813965,-2.190476179122925,-3.41269850730896,-0.9536293745040894,0.1950909048318863,-0.14388778805732727,1.4688444137573242,2.777777671813965,953.6508178710938,0.682539701461792,0.4800751507282257,43.0,,6.0,4.0,10.0,0.09523809523809523
ppo_car_009_bc_s7,3820000,1.0323054790496826,430.81817626953125,,,1.2922922372817993,3.1724138259887695,-0.8275862336158752,-2.931034564971924,-1.5167547464370728,0.2346077561378479,-0.20753264427185059,1.58650803565979,3.1724138259887695,1516.7930908203125,0.5862069129943848,0.4568854570388794,17.0,1.0,6.0,2.0,3.0,0.20689655172413793
ppo_car_009_bc_s7,3830000,-0.5763301849365234,476.0,0.017273494973778725,0.5632727742195129,1.2917591333389282,3.5675675868988037,-2.0810811519622803,-2.297297239303589,-2.030346632003784,0.16567304730415344,-0.3017267882823944,1.8535394668579102,3.5675675868988037,2030.4053955078125,0.45945945382118225,0.5908904075622559,17.0,,8.0,6.0,6.0,0.21621621621621623
ppo_car_009_bc_s7,3840000,-1.9741439819335938,319.0,,,1.291538953781128,1.600000023841858,-0.550000011920929,-3.0,-1.0226426124572754,0.09932409971952438,-0.13351225852966309,0.8289234042167664,1.600000023841858,1022.6500244140625,0.6000000238418579,0.5341851115226746,12.0,,5.0,,3.0,0.25
ppo_car_009_bc_s7,3850000,-1.4946147203445435,445.45159912109375,0.014618647284805775,0.5154204368591309,1.2911489009857178,2.7441861629486084,-1.534883737564087,-3.3720929622650146,-1.4265708923339844,0.21906092762947083,-0.2208523154258728,1.417063593864441,2.7441861629486084,1426.6046142578125,0.7209302186965942,0.4405216574668884,29.0,,7.0,2.0,5.0,0.16279069767441862
ppo_car_009_bc_s7,3860000,-1.553716778755188,198.58824157714844,,,1.290954351425171,1.902438998222351,-0.4146341383457184,-4.02439022064209,-0.6599002480506897,0.16478264331817627,-0.0833219587802887,1.0108156204223633,1.902438998222351,659.9024658203125,0.8048780560493469,0.34185200929641724,33.0,,3.0,,5.0,0.07317073170731707
ppo_car_009_bc_s7,3870000,0.5518575310707092,515.0869750976562,0.01935114525258541,0.8099170923233032,1.2907707691192627,4.34375,-2.875,-2.65625,-1.670456051826477,0.3019618093967438,-0.2276330441236496,2.2494826316833496,4.34375,1670.5,0.5625,0.5005447268486023,17.0,,8.0,2.0,5.0,0.25
ppo_car_009_bc_s7,3880000,-2.7085275650024414,258.5714416503906,,,1.2906419038772583,1.4285714626312256,-0.9285714030265808,-3.392857074737549,-0.7758477330207825,0.11259238421916962,-0.11302140355110168,0.7462605834007263,1.4285714626312256,775.8571166992188,0.7142857313156128,0.501407265663147,19.0,,4.0,,5.0,0.14285714285714285
ppo_car_009_bc_s7,3890000,2.8157083988189697,527.9310302734375,0.019303735345602036,0.6449710130691528,1.290453553199768,5.815789699554443,-2.763157844543457,-2.763157844543457,-1.929337978363037,0.33576878905296326,-0.27144020795822144,2.997056484222412,5.815789699554443,1929.394775390625,0.5526315569877625,0.41045358777046204,21.0,1.0,9.0,4.0,3.0,0.23684210526315788
ppo_car_009_bc_s7,3900000,-2.4896962642669678,207.1290283203125,,,1.2902905941009521,1.485714316368103,-0.9428571462631226,-3.5714285373687744,-0.7334814667701721,0.11354085803031921,-0.10558655858039856,0.8239181637763977,1.485714316368103,733.4857177734375,0.7428571581840515,0.47302156686782837,25.0,,4.0,,6.0,0.11428571428571428
ppo_car_009_bc_s7,3910000,1.567064881324768,421.6000061035156,0.015406890772283077,0.5941037535667419,1.2901315689086914,3.0,-0.7307692170143127,-2.5,-1.2994025945663452,0.22920310497283936,-0.18007557094097137,1.5320426225662231,3.0,1299.423095703125,0.5,0.5090498924255371,13.0,,9.0,,4.0,0.34615384615384615
ppo_car_009_bc_s7,3920000,4.1192779541015625,578.25,,,1.2899683713912964,6.818181991577148,-3.545454502105713,-2.045454502105713,-2.2299814224243164,0.34774917364120483,-0.31465795636177063,3.4337666034698486,6.818181991577148,2230.04541015625,0.40909090638160706,0.5460748672485352,9.0,1.0,6.0,4.0,2.0,0.2727272727272727
ppo_car_009_bc_s7,3930000,-2.5058817863464355,242.27272033691406,0.01437403541058302,0.5730201601982117,1.2897686958312988,1.5277777910232544,-0.8055555820465088,-3.680555582046509,-0.8253564238548279,0.1159299835562706,-0.12526510655879974,0.8067038059234619,1.5277777910232544,825.375,0.7361111044883728,0.4601430892944336,53.0,,7.0,2.0,10.0,0.09722222222222222
ppo_car_009_bc_s7,3940000,-4.344816207885742,558.6875,,,1.2895126342773438,0.9583333134651184,-1.0833333730697632,-2.7083332538604736,-1.7421596050262451,0.01328393816947937,-0.24870158731937408,0.47697243094444275,0.9583333134651184,1742.2083740234375,0.5416666865348816,0.484661340713501,13.0,,7.0,2.0,2.0,0.2916666666666667
ppo_car_009_bc_s7,3950000,4.453758239746094,438.2727355957031,0.011021318845450878,0.425868958234787,1.2891571521759033,7.777777671813965,-1.4444444179534912,-2.592592477798462,-1.8750967979431152,0.26544779539108276,-0.2774222493171692,3.9255290031433105,7.777777671813965,1875.148193359375,0.5185185074806213,0.503724217414856,14.0,1.0,5.0,4.0,3.0,0.18518518518518517
ppo_car_009_bc_s7,3960000,1.2270311117172241,459.79998779296875,,,1.2885912656784058,3.799999952316284,-1.7428570985794067,-3.0,-1.4854567050933838,0.21713615953922272,-0.21332071721553802,1.9388089179992676,3.799999952316284,1485.4857177734375,0.6000000238418579,0.53160560131073,21.0,,7.0,2.0,5.0,0.2
ppo_car_009_bc_s7,3970000,-1.8754671812057495,328.1515197753906,0.01866931840777397,0.6897024512290955,1.2884488105773926,2.4285714626312256,-1.3809523582458496,-3.690476179122925,-1.0334149599075317,0.1872606873512268,-0.1363818198442459,1.2467617988586426,2.4285714626312256,1033.4285888671875,0.761904776096344,0.4457993805408478,31.0,,6.0,,5.0,0.14285714285714285
ppo_car_009_bc_s7,3980000,-4.234302043914795,546.75,,,1.2881743907928467,0.46666666865348816,-0.800000011920929,-2.0,-1.7525691986083984,0.014551792293787003,-0.253263920545578,0.26839688420295715,0.46666666865348816,1752.5999755859375,0.4000000059604645,0.5380812287330627,6.0,,7.0,,2.0,0.4666666666666667
ppo_car_009_bc_s7,3990000,-1.2020959854125977,243.3333282470703,0.017994781956076622,0.6222888231277466,1.2881734371185303,2.122807025909424,-0.8421052694320679,-3.7719297409057617,-0.7181974053382874,0.15085333585739136,-0.10889542102813721,1.080418348312378,2.122807025909424,718.2105102539062,0.7894737124443054,0.43312063813209534,43.0,1.0,5.0,,8.0,0.08771929824561403
ppo_car_009_bc_s7,4000000,3.730313301086426,576.1666870117188,,,1.288170576095581,5.5,-1.5,-1.75,-2.0762646198272705,0.4256250858306885,-0.29633599519729614,2.8034050464630127,5.5,2076.300048828125,0.3499999940395355,0.6126433610916138,7.0,,10.0,,3.0,0.5
ppo_car_009_bc_s7,4010000,-0.5507567524909973,410.69232177734375,0.017934322357177734,0.3921010196208954,1.288061261177063,3.53125,-1.9375,-3.125,-1.524627447128296,0.19343556463718414,-0.21779631078243256,1.8506017923355103,3.53125,1524.65625,0.625,0.4341631531715393,20.0,,8.0,2.0,2.0,0.25
ppo_car_009_bc_s7,4020000,-2.17254376411438,266.8857116699219,,,1.287693738937378,1.3953487873077393,-0.8139534592628479,-3.1395349502563477,-0.8672220706939697,0.10865435004234314,-0.12670333683490753,0.7367137670516968,1.3953487873077393,867.2325439453125,0.6279069781303406,0.5014763474464417,27.0,,7.0,,9.0,0.16279069767441862
ppo_car_009_bc_s7,4030000,-0.840870201587677,384.125,0.01443436648696661,0.6888725161552429,1.2875949144363403,2.615384578704834,-1.076923131942749,-2.9487178325653076,-1.416459560394287,0.19911111891269684,-0.1975598931312561,1.365272045135498,2.615384578704834,1416.4871826171875,0.5897436141967773,0.5212366580963135,23.0,,9.0,2.0,5.0,0.23076923076923078
ppo_car_009_bc_s7,4040000,1.667083501815796,773.7000122070312,,,1.2871092557907104,4.461538314819336,-1.8461538553237915,-2.307692289352417,-2.383871555328369,0.2847311198711395,-0.32757917046546936,2.2455103397369385,4.461538314819336,2383.923095703125,0.4615384638309479,0.5272004008293152,6.0,,7.0,,,0.5384615384615384
ppo_car_009_bc_s7,4050000,4.76563835144043,658.058837890625,0.012341759167611599,0.38120827078819275,1.2870826721191406,6.3684210777282715,-1.5263158082962036,-2.1052632331848145,-2.3574202060699463,0.44902288913726807,-0.31744858622550964,3.226032018661499,6.3684210777282715,2357.4736328125,0.42105263471603394,0.4526866376399994,8.0,,10.0,,1.0,0.5263157894736842
ppo_car_009_bc_s7,4060000,-0.6355082988739014,347.73333740234375,,,1.286826252937317,2.545454502105713,-1.121212124824524,-2.4242424964904785,-1.2614057064056396,0.20246340334415436,-0.1563684046268463,1.3126994371414185,2.545454502105713,1261.4241943359375,0.4848484992980957,0.6452521085739136,16.0,,8.0,,9.0,0.24242424242424243
ppo_car_009_bc_s7,4070000,1.3948062658309937,419.6153869628906,0.020399468019604683,0.772867739200592,1.2868188619613647,4.935483932495117,-2.6451613903045654,-3.225806474685669,-1.4107831716537476,0.3670281171798706,-0.19597464799880981,2.5370519161224365,4.935483932495117,1410.806396484375,0.6451612710952759,0.37967193126678467,20.0,,9.0,,2.0,0.2903225806451613
ppo_car_009_bc_s7,4080000,2.101091146469116,339.0,,,1.2867119312286377,4.705882549285889,-1.5882352590560913,-3.2352941036224365,-1.191762089729309,0.2766810953617096,-0.15816840529441833,2.3740932941436768,4.705882549285889,1191.7646484375,0.7058823704719543,0.6101697683334351,11.0,,2.0,,4.0,0.11764705882352941
ppo_car_009_bc_s7,4090000,2.1459479331970215,536.5999755859375,,,1.2867119312286377,4.545454502105713,-1.6666666269302368,-2.4242424964904785,-1.9916690587997437,0.29477450251579285,-0.28929218649864197,2.321120023727417,4.545454502105713,1991.727294921875,0.4848484992980957,0.4589259624481201,16.0,1.0,9.0,4.0,3.0,0.2727272727272727
ppo_car_009_bc_s7,4100000,-2.0519471168518066,217.3947296142578,0.0152582423761487,0.497830867767334,1.2864570617675781,1.5833333730697632,-1.1458333730697632,-3.5416667461395264,-0.6862866282463074,0.1260615587234497,-0.0952511578798294,0.8192602396011353,1.5833333730697632,686.2916870117188,0.7083333134651184,0.463667631149292,34.0,,6.0,,8.0,0.125
ppo_car_009_bc_s7,4110000,3.2975571155548096,407.258056640625,,,1.2864569425582886,5.625,-3.0999999046325684,-2.875,-1.2644251585006714,0.43076395988464355,-0.18258047103881836,2.8257458209991455,5.625,1264.449951171875,0.574999988079071,0.4509597420692444,23.0,2.0,11.0,,4.0,0.275
ppo_car_009_bc_s7,4120000,-1.6458243131637573,370.6666564941406,0.01425747200846672,0.7485790252685547,1.286829948425293,1.7666666507720947,-1.3666666746139526,-3.0,-1.0394840240478516,0.1409221738576889,-0.1572379469871521,0.916713297367096,1.7666666507720947,1039.5,0.6000000238418579,0.45240330696105957,18.0,,8.0,,4.0,0.26666666666666666
ppo_car_009_bc_s7,4130000,0.4723651707172394,260.0869445800781,,,1.2868430614471436,4.109375,-2.84375,-3.671875,-0.7497531771659851,0.33524635434150696,-0.10854087769985199,2.096204996109009,4.109375,749.765625,0.75,0.373715877532959,47.0,2.0,8.0,,7.0,0.125
ppo_car_009_bc_s7,4140000,-0.31916823983192444,475.125,0.020141389220952988,0.7803501486778259,1.286668062210083,3.625,-1.8125,-3.59375,-1.4271910190582275,0.21115803718566895,-0.20291437208652496,1.8353840112686157,3.625,1427.21875,0.71875,0.444683700799942,23.0,,5.0,,4.0,0.15625
ppo_car_009_bc_s7,4150000,-1.9521653652191162,327.4615478515625,,,1.2866408824920654,1.837837815284729,-0.9729729890823364,-3.5135135650634766,-1.0848990678787231,0.15083129703998566,-0.1538543999195099,0.9997318983078003,1.837837815284729,1084.9189453125,0.7027027010917664,0.39301416277885437,26.0,,5.0,2.0,4.0,0.13513513513513514
ppo_car_009_bc_s7,4160000,-1.8577396869659424,306.5454406738281,0.01645471341907978,0.7218109369277954,1.2863762378692627,2.2962963581085205,-1.296296238899231,-3.3333332538604736,-1.2223362922668457,0.14556589722633362,-0.19753175973892212,1.1970617771148682,2.2962963581085205,1222.370361328125,0.6666666865348816,0.5215074419975281,18.0,,3.0,2.0,4.0,0.1111111111111111
ppo_car_009_bc_s7,4170000,0.5408130884170532,569.772705078125,,,1.2863101959228516,4.514285564422607,-3.942857027053833,-2.7142856121063232,-1.6051018238067627,0.2964590787887573,-0.2258925586938858,2.2773454189300537,4.514285564422607,1605.142822265625,0.5428571701049805,0.4245198965072632,19.0,1.0,9.0,2.0,4.0,0.2571428571428571
ppo_car_009_bc_s7,4180000,0.7483781576156616,460.0,0.015118839219212532,0.313213974237442,1.2858240604400635,3.9000000953674316,-1.7333333492279053,-2.5,-1.7967970371246338,0.32307788729667664,-0.23653265833854675,1.967782974243164,3.9000000953674316,1796.8333740234375,0.5,0.5663651823997498,15.0,,9.0,2.0,4.0,0.3
ppo_car_009_bc_s7,4190000,-1.619106411933899,569.2857055664062,,,1.2857011556625366,3.700000047683716,-2.8499999046325684,-2.25,-1.8956488370895386,0.07622309029102325,-0.26442405581474304,1.8659007549285889,3.700000047683716,1895.699951171875,0.44999998807907104,0.5116505026817322,9.0,,7.0,2.0,2.0,0.35
ppo_car_009_bc_s7,4200000,4.098737716674805,608.1428833007812,0.018139075487852097,0.31415867805480957,1.2852330207824707,5.400000095367432,-1.2000000476837158,-1.0,-2.2714834213256836,0.3852584660053253,-0.3167516589164734,2.7291831970214844,5.400000095367432,2271.533447265625,0.20000000298023224,0.7234237194061279,3.0,,8.0,,4.0,0.5333333333333333
ppo_car_009_bc_s7,4210000,-1.2607983350753784,269.61224365234375,,,1.285069227218628,2.18461537361145,-0.9692307710647583,-3.692307710647583,-0.8150026798248291,0.17402556538581848,-0.12495458871126175,1.1460639238357544,2.18461537361145,815.015380859375,0.7692307829856873,0.43899568915367126,48.0,,9.0,,8.0,0.13846153846153847
ppo_car_009_bc_s7,4220000,-0.26653939485549927,347.375,0.016374750062823296,0.6702157855033875,1.2849225997924805,3.5675675868988037,-1.7837837934494019,-3.378378391265869,-1.2039259672164917,0.22347784042358398,-0.17818434536457062,1.8468430042266846,3.5675675868988037,1203.9459228515625,0.6756756901741028,0.45106595754623413,25.0,,7.0,,5.0,0.1891891891891892
ppo_car_009_bc_s7,4230000,0.7074266076087952,549.25,,,1.2848570346832275,4.277777671813965,-1.7777777910232544,-2.777777671813965,-1.9558106660842896,0.34121599793434143,-0.2673162817955017,2.231170654296875,4.277777671813965,1955.8333740234375,0.5555555820465088,0.5237898826599121,10.0,,7.0,,1.0,0.3888888888888889
ppo_car_009_bc_s7,4240000,-0.38127556443214417,350.8571472167969,0.01790272817015648,0.40144190192222595,1.2847877740859985,2.677419424057007,-1.0645161867141724,-2.5806450843811035,-1.2694315910339355,0.19661864638328552,-0.1826968789100647,1.3945190906524658,2.677419424057007,1269.45166015625,0.5161290168762207,0.5583432912826538,16.0,,9.0,,6.0,0.2903225806451613
ppo_car_009_bc_s7,4250000,-1.3712241649627686,443.3333435058594,,,1.2847468852996826,1.9677419662475586,-1.2580645084381104,-2.5806450843811035,-1.2029838562011719,0.168839693069458,-0.15372450649738312,1.000512719154358,1.9677419662475586,1203.0,0.5161290168762207,0.4935835599899292,16.0,,10.0,,5.0,0.3225806451612903
ppo_car_009_bc_s7,4260000,3.1763432025909424,472.23529052734375,0.019472835585474968,0.3914147615432739,1.2844874858856201,5.166666507720947,-1.1111111640930176,-2.222222328186035,-1.7868074178695679,0.39105209708213806,-0.2584388852119446,2.626049041748047,5.166666507720947,1786.8333740234375,0.4444444477558136,0.5933536887168884,8.0,,8.0,,2.0,0.4444444444444444
ppo_car_009_bc_s7,4270000,-3.3564329147338867,780.0908813476562,,,1.2843037843704224,1.692307710647583,-2.0,-1.1538461446762085,-2.6413824558258057,0.0,-0.3514024615287781,0.845718502998352,1.692307710647583,2641.46142578125,0.23076923191547394,0.6806681156158447,3.0,,8.0,,2.0,0.6153846153846154
ppo_car_009_bc_s7,4280000,3.725907325744629,771.2857055664062,0.018313106149435043,0.2611137628555298,1.2841358184814453,6.3684210777282715,-2.78947377204895,-2.3684210777282715,-2.5914111137390137,0.3678290843963623,-0.3958158493041992,3.2354822158813477,6.3684210777282715,2591.4736328125,0.4736842215061188,0.6039928197860718,9.0,1.0,5.0,2.0,2.0,0.2631578947368421
ppo_car_009_bc_s7,4290000,4.952270030975342,476.65216064453125,,,1.2839487791061401,5.703703880310059,-1.5925925970077515,-2.0370371341705322,-1.6250754594802856,0.3561685383319855,-0.22505958378314972,2.880631685256958,5.703703880310059,1625.111083984375,0.40740740299224854,0.5020870566368103,11.0,1.0,10.0,,5.0,0.37037037037037035
ppo_car_009_bc_s7,4300000,-0.8457685708999634,374.26666259765625,0.021995551884174347,0.34237682819366455,1.283738613128662,3.0,-1.5882352590560913,-3.088235378265381,-1.3216242790222168,0.23051968216896057,-0.1766372174024582,1.5678552389144897,3.0,1321.6470947265625,0.6176470518112183,0.5338723659515381,21.0,,8.0,,5.0,0.23529411764705882
ppo_car_009_bc_s7,4310000,5.994444847106934,868.4545288085938,,,1.2834949493408203,6.333333492279053,-2.3333332538604736,-1.3333333730697632,-2.5498034954071045,0.44974613189697266,-0.33708077669143677,3.1656532287597656,6.333333492279053,2549.86669921875,0.2666666805744171,0.6615819931030273,4.0,1.0,8.0,,2.0,0.5333333333333333
ppo_car_009_bc_s7,4320000,1.5770961046218872,639.4285888671875,0.016334572806954384,0.5031211376190186,1.2834924459457397,5.058823585510254,-2.882352828979492,-2.058823585510254,-2.461052179336548,0.3504202961921692,-0.33646368980407715,2.5866000652313232,5.058823585510254,2461.11767578125,0.4117647111415863,0.5562639236450195,7.0,,6.0,2.0,2.0,0.35294117647058826
ppo_car_009_bc_s7,4330000,-1.5325459241867065,574.0,,,1.2834891080856323,2.461538553237915,-1.423076868057251,-3.076923131942749,-1.8220317363739014,0.1839311718940735,-0.2666145861148834,1.272548794746399,2.461538553237915,1822.076904296875,0.6153846383094788,0.4524175524711609,16.0,,6.0,2.0,2.0,0.23076923076923078
ppo_car_009_bc_s7,4340000,2.784700393676758,469.3809509277344,0.019947852939367294,0.4812849462032318,1.2836037874221802,3.8888888359069824,-1.0370370149612427,-2.777777671813965,-1.4624519348144531,0.3236885070800781,-0.2143515646457672,1.9812259674072266,3.8888888359069824,1462.4814453125,0.5555555820465088,0.4624301791191101,15.0,,9.0,,3.0,0.3333333333333333
ppo_car_009_bc_s7,4350000,-1.343887448310852,331.7837829589844,,,1.2838366031646729,2.590909004211426,-1.5,-2.840909004211426,-1.3895578384399414,0.1852601021528244,-0.19648440182209015,1.367921233177185,2.590909004211426,1389.5909423828125,0.5681818127632141,0.49753883481025696,25.0,,8.0,4.0,7.0,0.18181818181818182
ppo_car_009_bc_s7,4360000,0.9872534871101379,657.4375,0.015017084777355194,0.6069369912147522,1.2838058471679688,4.526315689086914,-2.473684310913086,-1.5789474248886108,-2.5329020023345947,0.3501838445663452,-0.33696502447128296,2.285862445831299,4.526315689086914,2532.947265625,0.31578946113586426,0.6499147415161133,6.0,,9.0,2.0,2.0,0.47368421052631576
ppo_car_009_bc_s7,4370000,-1.2928941249847412,347.0,,,1.283728837966919,3.0,-2.0714285373687744,-3.2142856121063232,-1.255869746208191,0.1845817267894745,-0.1834130585193634,1.5905892848968506,3.0,1255.892822265625,0.6428571343421936,0.4948543608188629,18.0,,4.0,2.0,4.0,0.14285714285714285
ppo_car_009_bc_s7,4380000,-1.7714784145355225,232.4166717529297,0.01413713488727808,0.8857926726341248,1.2836434841156006,2.299999952316284,-1.149999976158142,-3.9166667461395264,-0.8446219563484192,0.17802537977695465,-0.12189672887325287,1.2059396505355835,2.299999952316284,844.6333618164062,0.7833333611488342,0.44525372982025146,47.0,,2.0,2.0,9.0,0.03333333333333333
ppo_car_009_bc_s7,4390000,2.4633281230926514,563.2352905273438,,,1.2833974361419678,4.4210524559021,-0.8947368264198303,-2.1052632331848145,-2.018542766571045,0.3127421736717224,-0.27599549293518066,2.2378311157226562,4.4210524559021,2018.5789794921875,0.42105263471603394,0.5944274663925171,8.0,,9.0,,2.0,0.47368421052631576
ppo_car_009_bc_s7,4400000,-2.1060454845428467,330.90625,0.013185097835958004,0.5840204358100891,1.2833528518676758,2.0714285373687744,-1.1904761791229248,-3.5714285373687744,-1.011033296585083,0.110169917345047,-0.1402735859155655,1.054407000541687,2.0714285373687744,1011.047607421875,0.7142857313156128,0.4717250168323517,30.0,,8.0,,4.0,0.19047619047619047
ppo_car_009_bc_s7,4410000,-0.5580839514732361,280.48779296875,,,1.283118486404419,2.5272727012634277,-1.2545454502105713,-3.3636362552642822,-0.83757084608078,0.17769519984722137,-0.11122142523527145,1.309255599975586,2.5272727012634277,837.5818481445312,0.6727272868156433,0.44341129064559937,37.0,,8.0,,10.0,0.14545454545454545
ppo_car_009_bc_s7,4420000,-1.427567481994629,466.8823547363281,0.012552921660244465,0.7904928922653198,1.2830909490585327,2.13043475151062,-1.2608696222305298,-3.04347825050354,-1.3828566074371338,0.19584006071090698,-0.1765887290239334,1.176631212234497,2.13043475151062,1382.8695068359375,0.6086956262588501,0.442352831363678,14.0,,8.0,,1.0,0.34782608695652173
ppo_car_009_bc_s7,4430000,5.828891277313232,641.8125,,,1.2829415798187256,6.761904716491699,-2.3809523582458496,-1.9047619104385376,-2.2444703578948975,0.4941006302833557,-0.3206692636013031,3.427539110183716,6.761904716491699,2244.52392578125,0.380952388048172,0.5013250708580017,8.0,1.0,8.0,2.0,2.0,0.38095238095238093
ppo_car_009_bc_s7,4440000,0.690253734588623,372.13043212890625,0.018774427473545074,0.5070914030075073,1.2829374074935913,5.333333492279053,-3.7037036418914795,-2.9629628658294678,-1.4887462854385376,0.35286426544189453,-0.19737392663955688,2.748677968978882,5.333333492279053,1488.77783203125,0.5925925970077515,0.5117006897926331,16.0,,4.0,2.0,5.0,0.14814814814814814
ppo_car_009_bc_s7,4450000,-2.507335901260376,420.047607421875,,,1.2828954458236694,1.159999966621399,-0.7200000286102295,-2.4000000953674316,-1.4092154502868652,0.06586866825819016,-0.17737452685832977,0.5795765519142151,1.159999966621399,1409.239990234375,0.47999998927116394,0.4992511570453644,12.0,,9.0,,4.0,0.36
ppo_car_009_bc_s7,4460000,-1.7340959310531616,211.41429138183594,0.01759011298418045,1.1496131420135498,1.2828863859176636,2.5104167461395264,-1.6041666269302368,-4.21875,-0.6166599988937378,0.19236627221107483,-0.08539236336946487,1.283272385597229,2.5104167461395264,616.6666870117188,0.8541666865348816,0.3574044406414032,81.0,,5.0,,10.0,0.052083333333333336
ppo_car_009_bc_s7,4470000,1.1243714094161987,395.0909118652344,,,1.2826844453811646,4.782608509063721,-2.4782607555389404,-2.6086957454681396,-1.5149381160736084,0.41191187500953674,-0.21869803965091705,2.4873158931732178,4.782608509063721,1514.95654296875,0.52173912525177,0.4950382113456726,12.0,,8.0,,3.0,0.34782608695652173
ppo_car_009_bc_s7,4480000,-2.2372331619262695,224.5918426513672,,,1.2826844453811646,2.0322580337524414,-1.1935484409332275,-4.112903118133545,-0.7106854915618896,0.13430526852607727,-0.09846167266368866,1.0698866844177246,2.0322580337524414,710.6935424804688,0.8548387289047241,0.42235639691352844,51.0,,2.0,,9.0,0.03225806451612903
ppo_car_009_bc_s7,4490000,-0.9300113320350647,383.45001220703125,0.019553322345018387,0.8588089346885681,1.2825860977172852,2.692307710647583,-1.692307710647583,-2.692307710647583,-1.4123477935791016,0.1535307914018631,-0.19874954223632812,1.3627139329910278,2.692307710647583,1412.3846435546875,0.5384615659713745,0.5074980854988098,14.0,,6.0,2.0,4.0,0.23076923076923078
ppo_car_009_bc_s7,4500000,2.1223642826080322,542.9375,,,1.2825844287872314,5.647058963775635,-2.588235378265381,-2.3529412746429443,-2.0470170974731445,0.49238187074661255,-0.31694331765174866,2.867563247680664,5.647058963775635,2047.058837890625,0.47058823704719543,0.5093066692352295,8.0,,7.0,,2.0,0.4117647058823529
ppo_car_009_bc_s7,4510000,1.2492330074310303,581.7222290039062,0.016444221138954163,0.38868528604507446,1.282458782196045,3.625,-1.375,-2.5,-1.7474329471588135,0.2565596103668213,-0.2525748610496521,1.8643218278884888,3.625,1747.4583740234375,0.5,0.5895289182662964,12.0,,9.0,,3.0,0.375
ppo_car_009_bc_s7,4520000,3.421146869659424,770.2857055664062,,,1.2824498414993286,4.473684310913086,-1.263157844543457,-1.3157894611358643,-2.587402105331421,0.31521788239479065,-0.3347177803516388,2.233214855194092,4.473684310913086,2587.4736328125,0.2631579041481018,0.6635604500770569,5.0,1.0,9.0,2.0,2.0,0.47368421052631576
ppo_car_009_bc_s7,4530000,0.5329342484474182,602.388916015625,0.016355449333786964,0.2552764117717743,1.2822370529174805,5.217391490936279,-3.0,-2.17391300201416,-2.1492042541503906,0.1596289873123169,-0.32269859313964844,2.6603240966796875,5.217391490936279,2149.260986328125,0.43478259444236755,0.5480502247810364,10.0,,9.0,2.0,2.0,0.391304347826087
ppo_car_009_bc_s7,4540000,0.47931739687919617,362.5294189453125,,,1.2822010517120361,3.236842155456543,-1.1578947305679321,-2.3684210777282715,-1.4538639783859253,0.2522420287132263,-0.20381172001361847,1.633359670639038,3.236842155456543,1453.894775390625,0.5,0.6618055105209351,18.0,1.0,8.0,2.0,9.0,0.21052631578947367
ppo_car_009_bc_s7,4550000,6.771668910980225,386.0,0.017918400466442108,0.3776247501373291,1.2820810079574585,7.454545497894287,-1.0,-2.2727272510528564,-1.5459781885147095,0.6093253493309021,-0.2006959617137909,3.7277333736419678,7.454545497894287,1546.0,0.4545454680919647,0.4319157302379608,5.0,1.0,4.0,,1.0,0.36363636363636365
ppo_car_009_bc_s7,4560000,2.043875217437744,657.73681640625,,,1.2820566892623901,5.0333333015441895,-1.2999999523162842,-2.5,-2.0681045055389404,0.0987429991364479,-0.28660890460014343,2.5613179206848145,5.0333333015441895,2068.166748046875,0.5,0.3985954523086548,15.0,,9.0,4.0,2.0,0.3
ppo_car_009_bc_s7,4570000,2.2641494274139404,486.0,0.016711514443159103,0.2666237950325012,1.2819262742996216,5.392857074737549,-2.5,-1.7857142686843872,-2.166147470474243,0.27860984206199646,-0.31478655338287354,2.748128890991211,5.392857074737549,2166.21435546875,0.3571428656578064,0.5434777140617371,10.0,1.0,8.0,4.0,5.0,0.2857142857142857
ppo_car_009_bc_s7,4580000,0.12354327738285065,327.8399963378906,,,1.2818777561187744,3.03125,-1.125,-3.28125,-1.2138545513153076,0.24566760659217834,-0.16061188280582428,1.5929490327835083,3.03125,1213.875,0.65625,0.46617355942726135,21.0,,5.0,2.0,4.0,0.15625
ppo_car_009_bc_s7,4590000,-1.9209192991256714,455.77777099609375,0.014003943651914597,0.5947774648666382,1.2818641662597656,2.3888888359069824,-1.5555555820465088,-3.055555582046509,-1.5349647998809814,0.14007551968097687,-0.20443874597549438,1.2192150354385376,2.3888888359069824,1535.0,0.6111111044883728,0.5319364070892334,22.0,,7.0,2.0,5.0,0.19444444444444445
ppo_car_009_bc_s7,4600000,-1.739545464515686,358.3529357910156,,,1.2818577289581299,2.0,-0.6499999761581421,-3.5,-1.2206921577453613,0.18445834517478943,-0.17185598611831665,1.0781259536743164,2.0,1220.699951171875,0.699999988079071,0.3742137551307678,14.0,,5.0,,1.0,0.25
ppo_car_009_bc_s7,4610000,-1.5506398677825928,419.2121276855469,0.017028000205755234,0.574032723903656,1.2817728519439697,2.6279070377349854,-1.674418568611145,-2.9069766998291016,-1.427106261253357,0.19293312728405,-0.2000543475151062,1.3174102306365967,2.6279070377349854,1427.1395263671875,0.604651153087616,0.5694263577461243,25.0,,8.0,2.0,8.0,0.18604651162790697
ppo_car_009_bc_s7,4620000,-1.5325161218643188,255.27777099609375,,,1.2817327976226807,2.6190476417541504,-1.1904761791229248,-4.047618865966797,-0.8781325817108154,0.22850589454174042,-0.11313100904226303,1.3530521392822266,2.6190476417541504,878.1428833007812,0.8095238208770752,0.3000313937664032,17.0,,3.0,,1.0,0.14285714285714285
ppo_car_009_bc_s7,4630000,0.3534006178379059,328.760009765625,0.01636560447514057,0.7667160630226135,1.281733751296997,4.362318992614746,-2.8840579986572266,-3.6956522464752197,-1.0416594743728638,0.2750113308429718,-0.14957454800605774,2.2364418506622314,4.362318992614746,1041.68115234375,0.7681159377098083,0.45899972319602966,51.0,1.0,6.0,2.0,9.0,0.08695652173913043
ppo_car_009_bc_s7,4640000,-1.666007161140442,302.2257995605469,,,1.2817343473434448,1.75,-0.6111111044883728,-2.9166667461395264,-1.042128324508667,0.14376254379749298,-0.13235390186309814,0.9066730737686157,1.75,1042.138916015625,0.5833333134651184,0.44757288694381714,21.0,,10.0,,5.0,0.2777777777777778
ppo_car_009_bc_s7,4650000,0.24583905935287476,156.09091186523438,0.013746158219873905,1.2379823923110962,1.2816691398620605,3.461538553237915,-1.307692289352417,-4.038461685180664,-0.5304600596427917,0.318952739238739,-0.0749661922454834,1.8014577627182007,3.461538553237915,530.4615478515625,0.8461538553237915,0.47640669345855713,21.0,,,,5.0,0.0
ppo_car_009_bc_s7,4660000,-0.8451488018035889,424.6896667480469,,,1.2816126346588135,3.270270347595215,-2.0810811519622803,-2.5675675868988037,-1.6574161052703857,0.12538735568523407,-0.21131452918052673,1.687037706375122,3.270270347595215,1657.45947265625,0.5135135054588318,0.4866340160369873,19.0,,9.0,4.0,5.0,0.24324324324324326
ppo_car_009_bc_s7,4670000,3.1510086059570312,644.066650390625,0.018525274470448494,0.34893718361854553,1.2816531658172607,5.238095283508301,-2.4761905670166016,-1.6666666269302368,-2.4135963916778564,0.29055577516555786,-0.3214380443096161,2.6189002990722656,5.238095283508301,2413.666748046875,0.3333333432674408,0.5436252355575562,7.0,1.0,7.0,4.0,2.0,0.3333333333333333
ppo_car_009_bc_s7,4680000,1.9659397602081299,388.1199951171875,,,1.2816903591156006,4.733333110809326,-1.5666667222976685,-3.5,-1.495697259902954,0.35094141960144043,-0.2080724537372589,2.4453699588775635,4.733333110809326,1495.7332763671875,0.699999988079071,0.47954660654067993,21.0,,3.0,2.0,4.0,0.1
ppo_car_009_bc_s7,4690000,-2.1442179679870605,376.6666564941406,0.016988370567560196,0.6886462569236755,1.2817208766937256,1.71875,-0.84375,-3.28125,-1.1314538717269897,0.11271460354328156,-0.15954221785068512,0.883253276348114,1.71875,1131.46875,0.65625,0.4791490435600281,21.0,,7.0,,4.0,0.21875
ppo_car_009_bc_s7,4700000,-0.3197925090789795,463.7083435058594,,,1.2817604541778564,2.71875,-1.21875,-2.8125,-1.580708384513855,0.18406836688518524,-0.2041066735982895,1.4019979238510132,2.71875,1580.75,0.5625,0.4700208306312561,18.0,,9.0,2.0,3.0,0.28125
ppo_car_009_bc_s7,4710000,0.8729527592658997,483.9565124511719,0.018391206860542297,0.22194871306419373,1.2817426919937134,3.407407522201538,-1.0740740299224854,-2.0370371341705322,-1.8729209899902344,0.23310154676437378,-0.2508155405521393,1.7175573110580444,3.407407522201538,1872.9630126953125,0.40740740299224854,0.6921114325523376,11.0,1.0,8.0,2.0,5.0,0.2962962962962963
ppo_car_009_bc_s7,4720000,0.45881590247154236,394.90625,,,1.2817116975784302,3.6097559928894043,-2.146341562271118,-2.9268293380737305,-1.2344714403152466,0.2939395606517792,-0.16931529343128204,1.8707900047302246,3.6097559928894043,1234.48779296875,0.5853658318519592,0.4853171110153198,24.0,,12.0,,5.0,0.2926829268292683
ppo_car_009_bc_s7,4730000,-2.7703940868377686,171.9811248779297,0.01952997036278248,0.9905151724815369,1.2817059755325317,1.5517241954803467,-0.7241379022598267,-4.051723957061768,-0.6285508871078491,0.14112801849842072,-0.08987694978713989,0.8406561017036438,1.5517241954803467,628.5516967773438,0.8103448152542114,0.41242411732673645,47.0,,2.0,,9.0,0.034482758620689655
ppo_car_009_bc_s7,4740000,-0.6683284640312195,414.952392578125,,,1.2816927433013916,2.4814815521240234,-0.8148148059844971,-3.3333332538604736,-1.2929152250289917,0.2001531571149826,-0.16694404184818268,1.2944748401641846,2.4814815521240234,1292.9259033203125,0.7037037014961243,0.48707127571105957,18.0,,6.0,,3.0,0.2222222222222222
ppo_car_009_bc_s7,4750000,-0.43999072909355164,482.0526428222656,0.018698200583457947,0.45990389585494995,1.281683087348938,2.692307710647583,-1.0384615659713745,-2.692307710647583,-1.6424293518066406,0.21064430475234985,-0.2246870994567871,1.396103858947754,2.692307710647583,1642.4615478515625,0.5384615659713745,0.492091566324234,14.0,,7.0,2.0,3.0,0.2692307692307692
ppo_car_009_bc_s7,4760000,-1.764410138130188,330.83782958984375,,,1.281658411026001,1.8163264989852905,-0.918367326259613,-3.265306234359741,-1.0011320114135742,0.17242595553398132,-0.143706277012825,0.9557980298995972,1.8163264989852905,1001.1428833007812,0.6734693646430969,0.47604885697364807,32.0,,11.0,,6.0,0.22448979591836735
ppo_car_009_bc_s7,4770000,-2.887648344039917,476.6470642089844,0.017216524109244347,0.41180384159088135,1.281671404838562,0.8999999761581421,-1.100000023841858,-1.75,-1.6220148801803589,0.0003746545407921076,-0.2283257395029068,0.451030433177948,0.8999999761581421,1622.050048828125,0.3499999940395355,0.6272504925727844,7.0,,9.0,,4.0,0.45
ppo_car_009_bc_s7,4780000,-0.9928683042526245,235.8285675048828,,,1.2817155122756958,2.659574508666992,-1.2127659320831299,-4.042553424835205,-0.7039698362350464,0.20187807083129883,-0.09713164716959,1.3657073974609375,2.659574508666992,703.9786987304688,0.8297872543334961,0.3995971083641052,38.0,1.0,3.0,,5.0,0.06382978723404255
ppo_car_009_bc_s7,4790000,0.45135781168937683,419.73077392578125,0.016041461378335953,0.7029734253883362,1.2817049026489258,3.5428571701049805,-1.5428571701049805,-3.142857074737549,-1.4201713800430298,0.19684813916683197,-0.2037338763475418,1.824961543083191,3.5428571701049805,1420.199951171875,0.6571428775787354,0.5254200100898743,22.0,,7.0,2.0,4.0,0.2
ppo_car_009_bc_s7,4800000,0.6983538866043091,468.1499938964844,,,1.2816259860992432,3.2142856121063232,-1.4285714626312256,-2.6785714626312256,-1.5525767803192139,0.20197515189647675,-0.2188512235879898,1.6653088331222534,3.2142856121063232,1552.607177734375,0.5357142686843872,0.476441353559494,15.0,,8.0,2.0,3.0,0.2857142857142857
ppo_car_009_bc_s7,4810000,0.5661211013793945,458.4827575683594,0.014871103689074516,0.502195417881012,1.2816141843795776,4.088235378265381,-2.029411792755127,-2.7941176891326904,-1.5650880336761475,0.3243173658847809,-0.21763409674167633,2.087466239929199,4.088235378265381,1565.11767578125,0.5588235259056091,0.657863438129425,19.0,1.0,7.0,,7.0,0.20588235294117646
ppo_car_009_bc_s7,4820000,1.3056299686431885,452.65216064453125,,,1.2815247774124146,3.724138021469116,-1.2758620977401733,-2.7586207389831543,-1.4386951923370361,0.25502288341522217,-0.20347075164318085,1.869370460510254,3.724138021469116,1438.72412109375,0.5517241358757019,0.4223310351371765,16.0,,10.0,,3.0,0.3448275862068966
ppo_car_009_bc_s7,4830000,1.9564299583435059,491.1428527832031,0.019114185124635696,0.3156132102012634,1.2815214395523071,3.555555582046509,-1.0555555820465088,-2.5,-1.5296413898468018,0.30811384320259094,-0.20613275468349457,1.8373379707336426,3.555555582046509,1529.6666259765625,0.5,0.5574331283569336,9.0,,7.0,,2.0,0.3888888888888889
ppo_car_009_bc_s7,4840000,-2.4917430877685547,609.4705810546875,,,1.2814528942108154,2.2857143878936768,-1.8571428060531616,-1.4285714626312256,-2.830716609954834,0.07361507415771484,-0.46792319416999817,1.1478183269500732,2.2857143878936768,2830.8095703125,0.2857142984867096,0.6723176836967468,6.0,,6.0,6.0,3.0,0.2857142857142857
ppo_car_009_bc_s7,4850000,1.995139241218567,682.4375,,,1.281453013420105,4.0,-1.0,-2.5,-1.9880441427230835,0.2935979962348938,-0.2860232889652252,2.0210471153259277,4.0,1988.0909423828125,0.5909090638160706,0.5620869398117065,11.0,1.0,8.0,,2.0,0.36363636363636365
ppo_car_009_bc_s7,4860000,2.225090980529785,437.4117736816406,0.017806483432650566,0.20655672252178192,1.281474232673645,3.904761791229248,-1.047619104385376,-2.142857074737549,-1.7035778760910034,0.3054170310497284,-0.23780518770217896,1.9897425174713135,3.904761791229248,1703.6190185546875,0.4285714328289032,0.5774428844451904,9.0,,6.0,2.0,4.0,0.2857142857142857
ppo_car_009_bc_s7,4870000,2.358703851699829,776.6428833007812,,,1.2814743518829346,5.166666507720947,-2.5,-1.6666666269302368,-2.751596689224243,0.33500826358795166,-0.40360772609710693,2.6211767196655273,5.166666507720947,2751.666748046875,0.3333333432674408,0.6122748255729675,6.0,,8.0,2.0,2.0,0.4444444444444444
ppo_car_009_bc_s7,4880000,-1.2651960849761963,316.8461608886719,0.01765872724354267,0.2601868808269501,1.2814455032348633,2.3541667461395264,-1.0625,-3.125,-1.1561259031295776,0.15355156362056732,-0.16531085968017578,1.2493200302124023,2.3541667461395264,1156.1458740234375,0.625,0.4613187611103058,30.0,,10.0,2.0,6.0,0.20833333333333334
ppo_car_009_bc_s7,4890000,1.098413348197937,405.9583435058594,,,1.2814425230026245,3.633333444595337,-1.7666666507720947,-3.0,-1.3006467819213867,0.298149973154068,-0.165141299366951,1.9107822179794312,3.633333444595337,1300.6666259765625,0.6333333253860474,0.4505138695240021,18.0,,8.0,,4.0,0.26666666666666666
ppo_car_009_bc_s7,4900000,0.43594419956207275,409.80950927734375,0.013871821574866772,0.7203415036201477,1.2814407348632812,2.5,-0.6428571343421936,-2.5,-1.2308043241500854,0.15634888410568237,-0.1611054390668869,1.3133738040924072,2.5,1230.8214111328125,0.5,0.5447919964790344,14.0,,8.0,,6.0,0.2857142857142857
ppo_car_009_bc_s7,4910000,6.382318019866943,635.9285888671875,,,1.2814404964447021,9.411765098571777,-5.470588207244873,-2.941176414489746,-2.0977821350097656,0.7463414669036865,-0.29640933871269226,4.725189685821533,9.411765098571777,2097.823486328125,0.5882353186607361,0.453653484582901,10.0,,7.0,,,0.4117647058823529
ppo_car_009_bc_s7,4920000,-1.1080445051193237,538.7222290039062,0.019054356962442398,0.5303024649620056,1.281410813331604,2.222222328186035,-1.185185194015503,-2.592592477798462,-1.6612547636032104,0.14213870465755463,-0.253484308719635,1.1414353847503662,2.222222328186035,1661.2962646484375,0.5185185074806213,0.4635973572731018,14.0,,8.0,2.0,3.0,0.2962962962962963
ppo_car_009_bc_s7,4930000,1.0599408149719238,366.8888854980469,,,1.2814044952392578,3.75,-1.1944444179534912,-3.8888888359069824,-1.102927803993225,0.2905224859714508,-0.14983758330345154,1.9528276920318604,3.75,1102.9444580078125,0.7777777910232544,0.34844088554382324,28.0,,5.0,,3.0,0.1388888888888889
ppo_car_009_bc_s7,4940000,-3.832127571105957,637.368408203125,0.012412777170538902,0.659238874912262,1.2813973426818848,0.4736842215061188,-1.105263113975525,-0.7894737124443054,-2.5495193004608154,0.0001903710508486256,-0.3568086326122284,0.23329229652881622,0.4736842215061188,2549.578857421875,0.15789473056793213,0.7927199006080627,3.0,,13.0,,3.0,0.6842105263157895
ppo_car_009_bc_s7,4950000,2.5958895683288574,472.2105407714844,,,1.2813951969146729,4.615384578704834,-1.7307692766189575,-2.115384578704834,-2.0738542079925537,0.2833774983882904,-0.273296594619751,2.3531785011291504,4.615384578704834,2073.923095703125,0.42307692766189575,0.6828168034553528,11.0,1.0,2.0,6.0,6.0,0.07692307692307693
ppo_car_009_bc_s7,4960000,2.774258852005005,583.3636474609375,0.017627304419875145,0.2845780849456787,1.2813806533813477,4.25,-1.0357142686843872,-2.3214285373687744,-2.0499162673950195,0.32591167092323303,-0.25765106081962585,2.1518492698669434,4.25,2049.96435546875,0.4642857015132904,0.512728214263916,13.0,,11.0,2.0,2.0,0.39285714285714285
ppo_car_009_bc_s7,4970000,-2.288013219833374,184.26470947265625,,,1.2813746929168701,1.7333333492279053,-0.9555555582046509,-4.0,-0.5574436783790588,0.14486216008663177,-0.07413829863071442,0.890207827091217,1.7333333492279053,557.4444580078125,0.8222222328186035,0.4494207203388214,36.0,,2.0,,7.0,0.044444444444444446
ppo_car_009_bc_s7,4980000,1.149266242980957,536.4666748046875,0.017720213159918785,0.6297011375427246,1.281367540359497,3.555555582046509,-1.0555555820465088,-2.5,-1.7912007570266724,0.2949453890323639,-0.24485886096954346,1.8651366233825684,3.555555582046509,1791.22216796875,0.5,0.4794885516166687,9.0,,8.0,,1.0,0.4444444444444444
ppo_car_009_bc_s7,4990000,0.04966582730412483,576.8400268554688,,,1.2813632488250732,3.9375,-2.8125,-1.71875,-2.365628480911255,0.22701026499271393,-0.3079042136669159,1.9906368255615234,3.9375,2365.6875,0.375,0.6829202175140381,11.0,,10.0,6.0,5.0,0.3125
ppo_car_009_bc_s7,5000000,3.278486490249634,395.1666564941406,0.021435659378767014,0.4268714189529419,1.2813626527786255,4.699999809265137,-1.149999976158142,-2.25,-1.425124168395996,0.3735557198524475,-0.18589431047439575,2.3875162601470947,4.699999809265137,1425.1500244140625,0.44999998807907104,0.48476293683052063,9.0,1.0,7.0,,3.0,0.35
