run_id,step,cumulative_reward,episode_length,policy_loss,value_loss,entropy,reward_checkpoint,reward_wrong_way,reward_wall,reward_step,reward_speed,reward_jerk
ppo_car_v01,10000,-5.442038059234619,369.86956787109375,,,1.418938398361206,0.12903225421905518,-0.5483871102333069,-3.548387050628662,-1.1006014347076416,0.003631778061389923,-0.2643051743507385
ppo_car_v01,20000,-5.340297698974609,662.272705078125,,,1.4189382791519165,0.3333333432674408,-1.0,-1.6666666269302368,-2.4316258430480957,0.0016952011501416564,-0.5503858327865601
ppo_car_v01,30000,-4.886104106903076,450.3461608886719,0.01645578071475029,0.1415729820728302,1.4159783124923706,0.3214285671710968,-0.7142857313156128,-3.392857074737549,-1.6696829795837402,0.0030329162254929543,-0.39995408058166504
ppo_car_v01,40000,-5.150539398193359,425.0,,,1.415878176689148,0.3333333432674408,-0.8888888955116272,-3.3333332538604736,-1.7026405334472656,0.004455214831978083,-0.3969058096408844
ppo_car_v01,50000,-5.442735195159912,448.521728515625,0.01716928742825985,0.155650332570076,1.4145978689193726,0.52173912525177,-0.95652174949646,-3.2608695030212402,-1.796926498413086,0.006244683638215065,-0.4344390630722046
ppo_car_v01,60000,-5.339876651763916,290.82757568359375,,,1.4144361019134521,0.38235294818878174,-0.5882353186607361,-4.411764621734619,-0.9947216510772705,0.002366147004067898,-0.23954011499881744
ppo_car_v01,70000,-5.266685962677002,587.25,0.014983260072767735,0.18231622874736786,1.4117203950881958,0.6666666865348816,-1.1111111640930176,-2.777777671813965,-2.0908899307250977,0.0009104167693294585,-0.48165836930274963
ppo_car_v01,80000,-4.656126976013184,620.0,,,1.4112268686294556,0.7333333492279053,-1.2666666507720947,-1.3333333730697632,-2.979346990585327,0.006839814130216837,-0.6811293363571167
ppo_car_v01,90000,-5.622059345245361,401.55999755859375,0.01936650089919567,0.05622643977403641,1.4081000089645386,0.38461539149284363,-0.807692289352417,-3.846153736114502,-1.5462441444396973,0.005438045598566532,-0.3637080788612366
ppo_car_v01,100000,-4.2383952140808105,396.86956787109375,,,1.4074612855911255,0.13636364042758942,-0.7272727489471436,-2.5,-1.6614338159561157,0.0042314003221690655,-0.36416009068489075
ppo_car_v01,110000,-4.960141181945801,443.89654541015625,0.016463957726955414,0.13896650075912476,1.4070911407470703,0.3125,-0.65625,-3.28125,-1.6110408306121826,0.010006805881857872,-0.36247390508651733
ppo_car_v01,120000,-4.864579677581787,458.6499938964844,,,1.4069467782974243,0.3199999928474426,-0.6000000238418579,-3.4000000953674316,-1.469212293624878,0.0021696165204048157,-0.3442908525466919
ppo_car_v01,130000,-4.745659828186035,431.9666748046875,0.019655173644423485,0.12830226123332977,1.4074935913085938,0.4137931168079376,-0.7241379022598267,-2.931034564971924,-1.786677598953247,0.011843265034258366,-0.4067849814891815
ppo_car_v01,140000,-5.301555633544922,137.0370330810547,,,1.4077662229537964,0.2647058963775635,-0.4117647111415863,-5.0,-0.4372080862522125,0.005678935907781124,-0.10234406590461731
ppo_car_v01,150000,-4.866518497467041,315.6363525390625,0.020834187045693398,0.2045663446187973,1.4067223072052002,0.47826087474823,-0.5869565010070801,-4.130434989929199,-1.208285927772522,0.00422667944803834,-0.2750980854034424
ppo_car_v01,160000,-4.545524597167969,405.3636474609375,,,1.4060876369476318,0.2083333283662796,-0.6666666865348816,-3.125,-1.48831045627594,0.0029689334332942963,-0.3478414714336395
ppo_car_v01,170000,-4.613095283508301,448.8461608886719,0.017337637022137642,0.13017450273036957,1.4048845767974854,0.48148149251937866,-1.0,-2.9629628658294678,-1.7286300659179688,0.009049936197698116,-0.3864346444606781
ppo_car_v01,180000,-4.700408935546875,355.952392578125,,,1.4039952754974365,0.380952388048172,-0.761904776096344,-3.3333332538604736,-1.425270676612854,0.005925060249865055,-0.3264904022216797
ppo_car_v01,190000,-4.640885829925537,382.73077392578125,0.012206983752548695,0.13286858797073364,1.404564380645752,0.23333333432674408,-0.5666666626930237,-3.3333332538604736,-1.3290683031082153,0.0018325415439903736,-0.29509758949279785
ppo_car_v01,200000,-5.267142295837402,783.5,,,1.4051748514175415,0.4000000059604645,-0.8999999761581421,-2.0,-2.1967015266418457,0.007548355031758547,-0.4991470277309418
ppo_car_v01,210000,-4.706819534301758,386.25,0.025728952139616013,0.08271797746419907,1.4050283432006836,0.2380952388048172,-0.5714285969734192,-3.3333332538604736,-1.465032696723938,0.002421268727630377,-0.3414652347564697
ppo_car_v01,220000,-5.243290424346924,458.86956787109375,,,1.40486741065979,0.2800000011920929,-0.6399999856948853,-3.200000047683716,-1.6908082962036133,0.004128279164433479,-0.3772332966327667
ppo_car_v01,230000,-3.9338464736938477,615.0,0.013115031644701958,0.06803668290376663,1.4041069746017456,0.20000000298023224,-0.6499999761581421,-2.0,-1.8476771116256714,0.0032570669427514076,-0.4073340594768524
ppo_car_v01,240000,-4.59352445602417,420.97296142578125,,,1.402984857559204,0.38461539149284363,-0.7692307829856873,-3.461538553237915,-1.5966886281967163,0.00675622746348381,-0.3541645109653473
ppo_car_v01,250000,-4.691906929016113,405.0,0.015534492209553719,0.12152759730815887,1.403252124786377,0.14814814925193787,-0.5185185074806213,-2.9629628658294678,-1.4426162242889404,0.0043963221833109856,-0.32605913281440735
ppo_car_v01,260000,-4.8926286697387695,525.875,,,1.4037610292434692,0.0476190485060215,-0.5714285969734192,-2.6190476417541504,-1.605509638786316,0.0060693444684147835,-0.36778369545936584
ppo_car_v01,270000,-3.8950605392456055,419.76470947265625,0.01752273552119732,0.0700925886631012,1.4039654731750488,0.0,-0.6875,-2.5,-1.7866727113723755,0.006921639200299978,-0.3831113874912262
ppo_car_v01,280000,-4.90123987197876,457.5833435058594,,,1.4044573307037354,0.36000001430511475,-0.6399999856948853,-3.200000047683716,-1.7582899332046509,0.00728862639516592,-0.3777621388435364
ppo_car_v01,290000,-3.9520812034606934,488.15789794921875,0.018911313265562057,0.0696752667427063,1.4038922786712646,0.07692307978868484,-0.4615384638309479,-2.692307710647583,-1.4289815425872803,0.0023994394578039646,-0.30849963426589966
ppo_car_v01,300000,-5.1596293449401855,612.3529663085938,,,1.4023092985153198,0.42105263471603394,-0.7894737124443054,-2.1052632331848145,-2.1951138973236084,0.012979593127965927,-0.4879109561443329
ppo_car_v01,310000,-4.246766090393066,520.7647094726562,0.018643377348780632,0.060295891016721725,1.4019391536712646,0.11764705926179886,-0.6470588445663452,-2.058823585510254,-2.084779739379883,0.003567522158846259,-0.4580826759338379
ppo_car_v01,320000,-4.798403263092041,280.82757568359375,,,1.3999272584915161,0.1515151560306549,-0.39393940567970276,-4.242424011230469,-0.9876220226287842,0.005442108027637005,-0.21881502866744995
ppo_car_v01,330000,-4.873391628265381,571.0,0.020557790994644165,0.12952376902103424,1.3998682498931885,0.4000000059604645,-0.7599999904632568,-2.4000000953674316,-2.2861030101776123,0.008143468759953976,-0.49701327085494995
ppo_car_v01,340000,-4.806711196899414,240.35897827148438,,,1.3993219137191772,0.13953489065170288,-0.302325576543808,-4.30232572555542,-0.8721358776092529,0.006786232348531485,-0.18946172297000885
ppo_car_v01,350000,-4.40069580078125,370.21429443359375,0.019440585747361183,0.18281947076320648,1.3993206024169922,0.1875,-0.46875,-3.4375,-1.297322392463684,0.005101070739328861,-0.27704936265945435
ppo_car_v01,360000,-4.605085372924805,511.27777099609375,,,1.3992787599563599,0.20000000298023224,-0.6000000238418579,-2.5,-1.8435205221176147,0.003641255432739854,-0.40571218729019165
ppo_car_v01,370000,-4.024442195892334,466.29412841796875,,,1.3992788791656494,0.0714285746216774,-0.7857142686843872,-1.4285714626312256,-2.267831325531006,0.001692164340056479,-0.47787198424339294
ppo_car_v01,380000,-5.1876373291015625,606.25,0.013446354307234287,0.054197460412979126,1.396694302558899,0.2083333283662796,-0.8333333134651184,-2.5,-2.0233771800994873,0.008190207183361053,-0.4339199364185333
ppo_car_v01,390000,-4.66412353515625,524.8695678710938,,,1.396694302558899,0.4000000059604645,-0.9200000166893005,-2.200000047683716,-1.9345645904541016,0.004687031265348196,-0.4112890958786011
ppo_car_v01,400000,-4.661660194396973,272.1176452636719,0.016367772594094276,0.07816159725189209,1.395067572593689,0.3055555522441864,-0.6944444179534912,-4.027777671813965,-1.0286545753479004,0.005861472804099321,-0.22972474992275238
ppo_car_v01,410000,-4.6821370124816895,359.6666564941406,,,1.3949344158172607,0.19230769574642181,-0.6153846383094788,-3.461538553237915,-1.3304473161697388,0.0066734058782458305,-0.27274754643440247
ppo_car_v01,420000,-4.599089622497559,601.6842041015625,0.012930585071444511,0.17114000022411346,1.3943235874176025,0.3636363744735718,-0.6818181872367859,-2.2727272510528564,-2.0798208713531494,0.01165772881358862,-0.44835442304611206
ppo_car_v01,430000,-5.317217826843262,463.8148193359375,,,1.3942434787750244,0.3333333432674408,-0.8148148059844971,-3.1481480598449707,-1.8581151962280273,0.007507269736379385,-0.39284032583236694
ppo_car_v01,440000,-4.2505669593811035,444.3333435058594,0.018937578424811363,0.10161196440458298,1.3943554162979126,0.15000000596046448,-0.6000000238418579,-2.25,-1.8690826892852783,0.008987591601908207,-0.40336379408836365
ppo_car_v01,450000,-4.310496807098389,525.1538696289062,,,1.3943887948989868,0.1111111119389534,-0.5555555820465088,-2.5,-1.519759178161621,0.006205734331160784,-0.3228400647640228
ppo_car_v01,460000,-4.714632511138916,442.629638671875,0.020663579925894737,0.03841029480099678,1.3945366144180298,0.47999998927116394,-0.8799999952316284,-2.799999952316284,-1.9130420684814453,0.007611340377479792,-0.4241901636123657
ppo_car_v01,470000,-4.641665458679199,628.1666870117188,,,1.3945719003677368,0.1111111119389534,-0.6111111044883728,-2.222222328186035,-1.6778130531311035,0.0028642602264881134,-0.3650737702846527
ppo_car_v01,480000,-4.851951599121094,642.75,0.017043927684426308,0.07422641664743423,1.3933228254318237,0.25,-0.625,-2.1875,-1.931276798248291,0.00020687407231889665,-0.3967317044734955
ppo_car_v01,490000,-3.7841150760650635,458.3043518066406,,,1.3928548097610474,0.4285714328289032,-0.9047619104385376,-2.6190476417541504,-1.994624376296997,0.0041007730178534985,-0.42259982228279114
ppo_car_v01,500000,-4.51794958114624,591.625,0.017481066286563873,0.04012318328022957,1.392427921295166,0.3125,-0.6875,-1.875,-2.3681983947753906,0.006257231347262859,-0.5297138094902039
ppo_car_v01,510000,-5.07988166809082,399.6206970214844,,,1.3921926021575928,0.3333333432674408,-0.6363636255264282,-3.3333332538604736,-1.4074909687042236,0.003900033887475729,-0.3043753504753113
ppo_car_v01,520000,-4.56668758392334,497.20001220703125,0.015109645202755928,0.11176608502864838,1.393283486366272,0.21739129722118378,-0.5652173757553101,-2.6086957454681396,-1.7320648431777954,0.006546872667968273,-0.37603840231895447
ppo_car_v01,530000,-3.4167284965515137,557.611083984375,,,1.3939052820205688,0.22727273404598236,-0.4545454680919647,-2.2727272510528564,-1.8253813982009888,0.0032333710696548223,-0.38874179124832153
ppo_car_v01,540000,-4.753431797027588,532.4583129882812,0.011868630535900593,0.048464469611644745,1.3930357694625854,0.37037035822868347,-0.6296296119689941,-2.777777671813965,-1.8953742980957031,0.005566936451941729,-0.414963960647583
ppo_car_v01,550000,-4.100580215454102,458.0833435058594,,,1.3923536539077759,0.125,-0.4583333432674408,-2.2916667461395264,-1.8347641229629517,0.003956861328333616,-0.39399364590644836
ppo_car_v01,560000,-5.033707618713379,331.7096862792969,0.022687431424856186,0.08484648168087006,1.3922308683395386,0.18918919563293457,-0.6756756901741028,-3.9189188480377197,-1.1124746799468994,0.003890125546604395,-0.2425285130739212
ppo_car_v01,570000,-3.640014410018921,479.6842041015625,,,1.3921126127243042,0.1428571492433548,-0.5714285969734192,-2.142857074737549,-1.7324082851409912,0.002012667478993535,-0.36483034491539
ppo_car_v01,580000,-4.445947647094727,374.9047546386719,0.019903026521205902,0.10233835875988007,1.3925193548202515,0.0,-0.37037035822868347,-3.1481480598449707,-1.1684683561325073,0.0037357539404183626,-0.25644102692604065
ppo_car_v01,590000,-4.224075794219971,529.9473876953125,,,1.392873764038086,0.15000000596046448,-0.699999988079071,-2.25,-2.0153560638427734,0.0030436289962381124,-0.450304239988327
ppo_car_v01,600000,-5.043222427368164,366.5384521484375,0.01721533201634884,0.10911870002746582,1.392494797706604,0.29629629850387573,-0.48148149251937866,-3.7037036418914795,-1.4142073392868042,0.0042192633263766766,-0.2983555495738983
ppo_car_v01,610000,-4.587850093841553,531.8125,,,1.392011046409607,0.26923078298568726,-0.3461538553237915,-3.269230842590332,-1.311365008354187,0.0031402010936290026,-0.2852497100830078
ppo_car_v01,620000,-4.21405553817749,350.76922607421875,0.01841793581843376,0.07333333045244217,1.3917617797851562,0.14814814925193787,-0.5185185074806213,-3.1481480598449707,-1.3531649112701416,0.0030053388327360153,-0.30028077960014343
ppo_car_v01,630000,-4.616789817810059,399.7878723144531,,,1.3912512063980103,0.3125,-0.71875,-2.96875,-1.6504967212677002,0.0037192923482507467,-0.3620277941226959
ppo_car_v01,640000,-3.964719772338867,455.25,0.0155796492472291,0.09751150012016296,1.390776515007019,0.1666666716337204,-0.6666666865348816,-1.9444444179534912,-2.0230295658111572,0.005845724139362574,-0.4390029311180115
ppo_car_v01,650000,-4.729729652404785,435.70001220703125,,,1.3897401094436646,0.22727273404598236,-0.5454545617103577,-2.954545497894287,-1.587477684020996,0.004901180509477854,-0.354210764169693
ppo_car_v01,660000,-4.246791362762451,690.0908813476562,0.019052796065807343,0.04452063888311386,1.3895212411880493,0.5833333134651184,-0.9166666865348816,-1.25,-2.5331199169158936,0.0034243075642734766,-0.5295628905296326
ppo_car_v01,670000,-4.901829719543457,571.625,,,1.3887512683868408,0.3076923191547394,-0.7307692170143127,-2.307692289352417,-2.1131083965301514,0.0018660430796444416,-0.4526316523551941
ppo_car_v01,680000,-4.406944751739502,454.2173767089844,0.01536002941429615,0.09060966968536377,1.3888322114944458,0.1818181872367859,-0.7272727489471436,-2.5,-1.901963233947754,0.005764506291598082,-0.4184075891971588
ppo_car_v01,690000,-3.9499716758728027,473.2083435058594,,,1.3891332149505615,0.2083333283662796,-0.5,-2.2916667461395264,-1.892255187034607,0.004607507027685642,-0.41461989283561707
ppo_car_v01,700000,-4.4337334632873535,475.5555419921875,0.01799926534295082,0.05315849557518959,1.3890159130096436,0.23076923191547394,-0.5384615659713745,-3.269230842590332,-1.3186300992965698,0.0008157649426721036,-0.29544252157211304
ppo_car_v01,710000,-4.341504096984863,583.9375,,,1.3882242441177368,0.0625,-0.625,-1.5625,-2.3390285968780518,0.0035285584162920713,-0.4917166531085968
ppo_car_v01,720000,-4.6282172203063965,610.5294189453125,0.015207822434604168,0.04646873101592064,1.3882339000701904,0.3333333432674408,-0.7777777910232544,-2.222222328186035,-2.3079214096069336,0.007325991988182068,-0.5140126347541809
ppo_car_v01,730000,-4.383786678314209,541.631591796875,,,1.3883699178695679,0.4000000059604645,-0.800000011920929,-2.0,-2.0599143505096436,0.004308802541345358,-0.45890697836875916
ppo_car_v01,740000,-3.769599437713623,425.3333435058594,,,1.3883699178695679,0.095238097012043,-0.4285714328289032,-2.6190476417541504,-1.702406883239746,0.006655756384134293,-0.3585418462753296
ppo_car_v01,750000,-4.803452014923096,481.5,0.016754738986492157,0.06748738884925842,1.3889967203140259,0.2142857164144516,-0.5,-3.2142856121063232,-1.3776171207427979,0.004806531593203545,-0.3073144555091858
ppo_car_v01,760000,-5.014292240142822,709.875,,,1.3889968395233154,0.3333333432674408,-0.8888888955116272,-1.3888888359069824,-2.5277912616729736,0.009282071143388748,-0.5647233128547668
ppo_car_v01,770000,-3.678518533706665,377.18182373046875,0.01665971241891384,0.047798287123441696,1.3872374296188354,0.0,-0.550000011920929,-2.25,-1.6614307165145874,0.00553632527589798,-0.3394530117511749
ppo_car_v01,780000,-3.7563655376434326,577.25,,,1.3872114419937134,0.125,-0.75,-1.5625,-2.309899091720581,0.0028983834199607372,-0.5099459290504456
ppo_car_v01,790000,-5.825303077697754,536.3181762695312,0.018623709678649902,0.03720731660723686,1.3840354681015015,0.48148149251937866,-0.8888888955116272,-3.5185184478759766,-1.7501118183135986,0.008582969196140766,-0.3754286766052246
ppo_car_v01,800000,-4.911494255065918,613.888916015625,,,1.383636236190796,0.30000001192092896,-0.800000011920929,-2.25,-2.210707664489746,0.010364951565861702,-0.4676445424556732
ppo_car_v01,810000,-4.1840362548828125,516.88232421875,0.01640782319009304,0.11100570112466812,1.381542682647705,0.3529411852359772,-0.5882353186607361,-2.058823585510254,-2.0700838565826416,0.0063450210727751255,-0.41461750864982605
ppo_car_v01,820000,-4.571900844573975,396.4230651855469,,,1.3811967372894287,0.2068965584039688,-0.517241358757019,-3.275861978530884,-1.4237310886383057,0.006553008686751127,-0.30303820967674255
ppo_car_v01,830000,-5.1930084228515625,575.5294189453125,0.02076239511370659,0.07315820455551147,1.3809490203857422,0.3199999928474426,-0.5600000023841858,-3.0,-1.5684510469436646,0.006890485994517803,-0.331462025642395
ppo_car_v01,840000,-4.892405986785889,612.4444580078125,,,1.3808759450912476,0.2380952388048172,-0.7142857313156128,-2.6190476417541504,-2.102790355682373,0.005719578824937344,-0.43048518896102905
ppo_car_v01,850000,-4.587900161743164,807.4166870117188,0.01684270054101944,0.047755610197782516,1.3801605701446533,0.38461539149284363,-1.0,-0.7692307829856873,-2.9843995571136475,0.013377892784774303,-0.6495041847229004
ppo_car_v01,860000,-5.0969438552856445,323.5,,,1.3799189329147339,0.3076923191547394,-0.5769230723381042,-4.038461685180664,-1.2947232723236084,0.0071350643411278725,-0.26948609948158264
ppo_car_v01,870000,-4.286198616027832,564.9500122070312,0.014715314842760563,0.11891692876815796,1.3780990839004517,0.22727273404598236,-0.6818181872367859,-2.2727272510528564,-2.057049512863159,0.005967740900814533,-0.436755895614624
ppo_car_v01,880000,-4.633224010467529,574.88232421875,,,1.3773428201675415,0.1428571492433548,-0.523809552192688,-2.3809523582458496,-1.8636343479156494,0.006867093034088612,-0.3872911334037781
ppo_car_v01,890000,-4.931183338165283,416.7826232910156,0.012539981864392757,0.04573539271950722,1.3772871494293213,0.3199999928474426,-0.6000000238418579,-3.5999999046325684,-1.5343306064605713,0.006144543644040823,-0.32654330134391785
ppo_car_v01,900000,-4.801998615264893,420.6538391113281,,,1.3772519826889038,0.2222222238779068,-0.6666666865348816,-3.1481480598449707,-1.6226834058761597,0.00646045571193099,-0.3413785696029663
ppo_car_v01,910000,-4.592260360717773,344.19354248046875,0.02025385946035385,0.12981362640857697,1.3770856857299805,0.11428571492433548,-0.4285714328289032,-3.5714285373687744,-1.2210686206817627,0.006602162960916758,-0.25254181027412415
ppo_car_v01,920000,-5.131255149841309,628.3636474609375,,,1.376951813697815,0.27272728085517883,-1.0,-1.8181818723678589,-2.5164034366607666,8.076454105321318e-05,-0.5244268774986267
ppo_car_v01,930000,-4.516109466552734,444.9259338378906,0.017087191343307495,0.08754632622003555,1.3767417669296265,0.1785714328289032,-0.6785714030265808,-2.857142925262451,-1.7187122106552124,0.011595282703638077,-0.36262792348861694
ppo_car_v01,940000,-4.598789215087891,511.6190490722656,,,1.3765417337417603,0.2380952388048172,-0.9047619104385376,-2.6190476417541504,-2.047691822052002,0.00654849736019969,-0.4602435231208801
ppo_car_v01,950000,-4.314231872558594,584.8235473632812,0.018925422802567482,0.09453298151493073,1.377232551574707,0.2380952388048172,-0.4761904776096344,-2.142857074737549,-1.896497130393982,0.006581497844308615,-0.40052562952041626
ppo_car_v01,960000,-3.736170768737793,438.1666564941406,,,1.3780767917633057,0.0,-0.4736842215061188,-2.3684210777282715,-1.6583507061004639,0.0020793334115296602,-0.34533995389938354
ppo_car_v01,970000,-4.582738399505615,555.1363525390625,0.015981165692210197,0.05437922105193138,1.3778597116470337,0.3181818127632141,-0.6818181872367859,-2.7272727489471436,-2.2194225788116455,0.010965393856167793,-0.46045607328414917
ppo_car_v01,980000,-5.40977668762207,725.2142944335938,,,1.3774548768997192,0.125,-0.875,-1.5625,-2.541651487350464,0.008706439286470413,-0.5144482254981995
ppo_car_v01,990000,-4.427419185638428,472.9090881347656,0.014621630311012268,0.04171508550643921,1.3777836561203003,0.25,-0.5833333134651184,-2.7083332538604736,-1.736140251159668,0.006435738876461983,-0.35941946506500244
ppo_car_v01,1000000,-4.868155479431152,407.0,,,1.378282904624939,0.07692307978868484,-0.5384615659713745,-3.076923131942749,-1.3797146081924438,0.002702821511775255,-0.3083004653453827
ppo_car_v01,1010000,-4.2886643409729,466.1875,0.015125789679586887,0.08829685300588608,1.3788515329360962,0.1875,-0.75,-2.5,-1.8674131631851196,0.007836745120584965,-0.36629077792167664
ppo_car_v01,1020000,-5.104556083679199,605.8421020507812,,,1.3802889585494995,0.43478259444236755,-0.739130437374115,-2.82608699798584,-2.0044784545898438,0.013230235315859318,-0.40063080191612244
ppo_car_v01,1030000,-4.476682662963867,527.4736938476562,0.015154344029724598,0.05478222295641899,1.3804755210876465,0.20000000298023224,-0.6000000238418579,-2.5,-2.0062711238861084,0.00907848495990038,-0.425223708152771
ppo_car_v01,1040000,-4.85443639755249,426.78570556640625,,,1.3810678720474243,0.24242424964904785,-0.4545454680919647,-3.4848484992980957,-1.451072096824646,0.0028994865715503693,-0.30736440420150757
ppo_car_v01,1050000,-4.74554443359375,473.1111145019531,0.013660798780620098,0.12497483193874359,1.3809806108474731,0.4736842215061188,-0.6842105388641357,-3.1578948497772217,-1.7938061952590942,0.003765737172216177,-0.388711541891098
ppo_car_v01,1060000,-4.654208183288574,581.6666870117188,,,1.3805657625198364,0.46666666865348816,-1.0,-1.6666666269302368,-2.3295652866363525,0.01361363660544157,-0.47202029824256897
ppo_car_v01,1070000,-4.021670818328857,488.3333435058594,0.014430254697799683,0.038539860397577286,1.3804800510406494,0.375,-0.6875,-2.5,-1.8333959579467773,0.003847359912469983,-0.3783397674560547
ppo_car_v01,1080000,-4.634108066558838,479.86956787109375,,,1.379846453666687,0.18518517911434174,-0.6666666865348816,-2.777777671813965,-1.6368893384933472,0.0021569340024143457,-0.3503178060054779
ppo_car_v01,1090000,-4.5750274658203125,447.77777099609375,0.015623061917722225,0.07334905862808228,1.3799129724502563,0.22499999403953552,-0.5,-3.125,-1.6136544942855835,0.00755267171189189,-0.3355976939201355
ppo_car_v01,1100000,-4.7298760414123535,403.3333435058594,,,1.380711317062378,0.23529411852359772,-0.6470588445663452,-3.2352941036224365,-1.4254570007324219,0.009142208844423294,-0.2958364188671112
ppo_car_v01,1110000,-5.258639812469482,591.2941284179688,0.014752263203263283,0.08459382504224777,1.3806852102279663,0.3684210479259491,-0.6842105388641357,-2.6315789222717285,-2.118896245956421,0.0083446204662323,-0.4371602237224579
ppo_car_v01,1120000,-5.189438819885254,626.7777709960938,,,1.380257248878479,0.30434781312942505,-0.695652186870575,-2.82608699798584,-1.9646071195602417,0.011873897165060043,-0.413860023021698
ppo_car_v01,1130000,-4.32818078994751,481.0526428222656,,,1.3802573680877686,0.2222222238779068,-0.6666666865348816,-2.5,-2.0290868282318115,0.006736390758305788,-0.4294796586036682
ppo_car_v01,1140000,-4.170011520385742,438.0,0.016413668170571327,0.08213077485561371,1.378538966178894,0.22727273404598236,-0.5,-2.7272727489471436,-1.5942963361740112,0.0035884494427591562,-0.33626845479011536
ppo_car_v01,1150000,-4.510235786437988,559.9166870117188,,,1.378409504890442,0.26923078298568726,-0.5769230723381042,-2.307692289352417,-2.0695338249206543,0.007413123268634081,-0.44760772585868835
ppo_car_v01,1160000,-4.065116882324219,464.8235168457031,0.017286507412791252,0.062281329184770584,1.377436876296997,0.13333334028720856,-0.5333333611488342,-2.0,-2.108705520629883,0.002862280234694481,-0.43298378586769104
ppo_car_v01,1170000,-4.6710357666015625,432.25,,,1.3773339986801147,0.19230769574642181,-0.7307692170143127,-3.269230842590332,-1.5977017879486084,0.00507745984941721,-0.33425986766815186
ppo_car_v01,1180000,-4.295778751373291,517.7000122070312,0.020154736936092377,0.0932844951748848,1.3779765367507935,0.10000000149011612,-0.6000000238418579,-1.75,-2.0737686157226562,0.01027276087552309,-0.44374340772628784
ppo_car_v01,1190000,-3.929072856903076,520.4375,,,1.3781166076660156,0.0555555559694767,-0.5,-1.9444444179534912,-1.8531451225280762,0.006871979217976332,-0.3928445279598236
ppo_car_v01,1200000,-5.286390781402588,48.5,0.014128283597528934,0.035734210163354874,1.3774604797363281,0.0,0.0,-5.0,-0.1323334127664566,0.0024990823585540056,-0.025378728285431862
ppo_car_v01,1210000,-5.121155261993408,374.5652160644531,,,1.3774604797363281,0.10000000149011612,-0.46666666865348816,-3.3333332538604736,-1.1517200469970703,0.003898163791745901,-0.24478241801261902
ppo_car_v01,1220000,-5.068974494934082,490.28570556640625,,,1.3774605989456177,0.36000001430511475,-0.8799999952316284,-3.200000047683716,-1.648330807685852,0.010431087575852871,-0.3389045298099518
ppo_car_v01,1230000,-4.093832492828369,328.0,0.016441358253359795,0.12502296268939972,1.377275824546814,0.3214285671710968,-0.5,-3.392857074737549,-1.2189134359359741,0.001925250398926437,-0.26112979650497437
ppo_car_v01,1240000,-3.6022040843963623,582.7692260742188,,,1.3772741556167603,0.4615384638309479,-0.8461538553237915,-1.5384615659713745,-2.3333442211151123,0.0008144946186803281,-0.49986380338668823
ppo_car_v01,1250000,-5.0474982261657715,766.6923217773438,0.013143617659807205,0.06618224084377289,1.3782165050506592,0.529411792755127,-0.8823529481887817,-1.7647058963775635,-2.3483009338378906,0.000294950557872653,-0.5140621066093445
ppo_car_v01,1260000,-4.75071382522583,619.625,,,1.3783466815948486,0.30000001192092896,-0.699999988079071,-2.25,-1.9854252338409424,0.008085382170975208,-0.4242454171180725
ppo_car_v01,1270000,-3.8511524200439453,418.3888854980469,0.013451961800456047,0.020954879000782967,1.3778060674667358,0.0555555559694767,-0.5,-2.5,-1.673750638961792,0.010177095420658588,-0.35068413615226746
ppo_car_v01,1280000,-4.473666191101074,435.4090881347656,,,1.3777109384536743,0.5652173757553101,-0.6521739363670349,-3.2608695030212402,-1.6683937311172485,0.0031040413305163383,-0.35298919677734375
ppo_car_v01,1290000,-5.363380432128906,723.5,0.014583262614905834,0.06319250166416168,1.3765361309051514,0.5,-0.875,-2.1875,-2.535184860229492,0.00956221204251051,-0.5434423685073853
ppo_car_v01,1300000,-5.566096782684326,526.8928833007812,,,1.376241683959961,0.4193548262119293,-0.774193525314331,-3.387096881866455,-1.9049683809280396,0.005106971133500338,-0.38450053334236145
ppo_car_v01,1310000,-3.8719680309295654,359.9230651855469,0.018014561384916306,0.12907564640045166,1.3753695487976074,0.07407407462596893,-0.4444444477558136,-3.1481480598449707,-1.3836923837661743,0.0036792373284697533,-0.29512959718704224
ppo_car_v01,1320000,-4.996768951416016,758.6428833007812,,,1.3751195669174194,0.46666666865348816,-1.0666667222976685,-1.3333333730697632,-2.8353986740112305,0.005119999870657921,-0.5956950187683105
ppo_car_v01,1330000,-4.475674152374268,581.125,0.01051701046526432,0.04788768291473389,1.3747161626815796,0.3499999940395355,-0.6499999761581421,-2.25,-1.861716866493225,0.007172468584030867,-0.37715667486190796
ppo_car_v01,1340000,-4.36625862121582,569.5,,,1.374540090560913,0.25,-0.6875,-2.5,-1.9925836324691772,0.01010728720575571,-0.39692336320877075
ppo_car_v01,1350000,-4.165524482727051,373.0909118652344,0.01680421642959118,0.06276831030845642,1.3743458986282349,0.2083333283662796,-0.5,-3.125,-1.3703906536102295,0.006658751517534256,-0.28844138979911804
ppo_car_v01,1360000,-5.375130653381348,372.5454406738281,,,1.374233365058899,0.4117647111415863,-0.8235294222831726,-3.970588207244873,-1.4479106664657593,0.003878022078424692,-0.30108582973480225
ppo_car_v01,1370000,-4.727675914764404,366.760009765625,0.01939556933939457,0.13475628197193146,1.374769687652588,0.2142857164144516,-0.5714285969734192,-3.5714285373687744,-1.3092644214630127,0.002673750277608633,-0.2682696282863617
ppo_car_v01,1380000,-4.5572190284729,688.9166870117188,,,1.3750959634780884,0.4615384638309479,-0.7692307829856873,-1.5384615659713745,-2.5465712547302246,0.0049973418936133385,-0.5126860737800598
ppo_car_v01,1390000,-4.633837699890137,775.5833129882812,0.016109775751829147,0.07483619451522827,1.3746596574783325,0.23076923191547394,-0.692307710647583,-1.1538461446762085,-2.8660905361175537,0.024142075330018997,-0.5902609825134277
ppo_car_v01,1400000,-4.458545684814453,646.3333129882812,,,1.3742369413375854,0.550000011920929,-1.0,-2.0,-2.329207181930542,0.0034814924001693726,-0.48711496591567993
ppo_car_v01,1410000,-5.080002307891846,465.625,0.017725199460983276,0.04786624386906624,1.3736542463302612,0.4444444477558136,-0.7407407164573669,-3.7037036418914795,-1.6555219888687134,0.0052102613262832165,-0.34443411231040955
ppo_car_v01,1420000,-4.60671329498291,615.2941284179688,,,1.3729647397994995,0.30434781312942505,-0.6521739363670349,-2.6086957454681396,-1.8210537433624268,0.002711687469854951,-0.3696591258049011
ppo_car_v01,1430000,-4.311206817626953,390.3125,0.0165976881980896,0.10282166302204132,1.3726623058319092,0.1428571492433548,-0.7857142686843872,-2.5,-1.7845582962036133,0.003856868017464876,-0.3558794856071472
ppo_car_v01,1440000,-4.869888782501221,477.1764831542969,,,1.372229814529419,0.3255814015865326,-0.6279069781303406,-3.1395349502563477,-1.5108060836791992,0.008580412715673447,-0.302120178937912
ppo_car_v01,1450000,-3.4773366451263428,502.52630615234375,0.013948550447821617,0.056454841047525406,1.3716734647750854,0.2631579041481018,-0.5263158082962036,-1.8421052694320679,-2.0079703330993652,0.00215489836409688,-0.41391193866729736
ppo_car_v01,1460000,-3.941584825515747,491.71429443359375,,,1.3706543445587158,0.0,-0.5,-1.7857142686843872,-1.9691200256347656,0.0073734186589717865,-0.4079652726650238
ppo_car_v01,1470000,-4.851832389831543,417.9230651855469,0.015258602797985077,0.09755368530750275,1.370283603668213,0.37931033968925476,-0.7241379022598267,-3.4482758045196533,-1.5005899667739868,0.007164947222918272,-0.2930556833744049
ppo_car_v01,1480000,-4.49241304397583,489.84210205078125,,,1.3693467378616333,0.2631579041481018,-0.5789473652839661,-2.8947367668151855,-1.961026906967163,0.009829006157815456,-0.3795942962169647
ppo_car_v01,1490000,-4.3601908683776855,652.7999877929688,0.013832472264766693,0.056637782603502274,1.3692023754119873,0.05000000074505806,-0.44999998807907104,-2.0,-1.9610798358917236,0.00733978720381856,-0.3792521059513092
ppo_car_v01,1500000,-3.871415853500366,542.2083129882812,,,1.3687723875045776,0.3181818127632141,-0.9090909361839294,-1.5909091234207153,-2.366368055343628,0.010884061455726624,-0.4775608777999878
ppo_car_v01,1510000,-5.68865442276001,471.6499938964844,0.02124745026230812,0.07988287508487701,1.3691558837890625,0.3333333432674408,-0.8888888955116272,-3.8888888359069824,-2.096198797225952,0.01168097835034132,-0.42264842987060547
ppo_car_v01,1520000,-4.014084815979004,335.18182373046875,,,1.3712021112442017,0.0714285746216774,-0.3571428656578064,-3.392857074737549,-1.0553823709487915,0.005550954956561327,-0.21184974908828735
ppo_car_v01,1530000,-4.936612606048584,510.0434875488281,0.01584220863878727,0.09903642535209656,1.3712294101715088,0.260869562625885,-0.782608687877655,-2.6086957454681396,-2.0425193309783936,0.011267491616308689,-0.41407763957977295
ppo_car_v01,1540000,-4.228207588195801,566.4444580078125,,,1.3715018033981323,0.15000000596046448,-0.5,-2.25,-2.0413737297058105,0.006579982582479715,-0.4004180431365967
ppo_car_v01,1550000,-4.234013080596924,583.9285888671875,0.012531931512057781,0.041835445910692215,1.3714933395385742,0.20000000298023224,-0.5333333611488342,-2.3333332538604736,-2.182020902633667,0.006691319402307272,-0.4424721896648407
ppo_car_v01,1560000,-5.418489456176758,596.6087036132812,,,1.3709094524383545,0.4444444477558136,-0.9629629850387573,-2.9629628658294678,-2.0351035594940186,0.008518538437783718,-0.40379443764686584
ppo_car_v01,1570000,-4.14024543762207,658.0,,,1.370909333229065,0.3636363744735718,-1.0909091234207153,-0.4545454680919647,-3.1120312213897705,0.017909478396177292,-0.6140129566192627
ppo_car_v01,1580000,-4.880104064941406,578.125,0.01697487384080887,0.07067548483610153,1.3699913024902344,0.29411765933036804,-0.8235294222831726,-2.058823585510254,-2.179607391357422,0.004895950201898813,-0.4192350208759308
ppo_car_v01,1590000,-4.665766716003418,558.8333129882812,,,1.3699913024902344,0.06666667014360428,-0.6666666865348816,-2.3333332538604736,-1.7909018993377686,0.007939117029309273,-0.3508320450782776
ppo_car_v01,1600000,-4.703417778015137,404.9696960449219,0.015391794964671135,0.037904612720012665,1.3710440397262573,0.4054054021835327,-0.6486486196517944,-3.9189188480377197,-1.443402647972107,0.007755894213914871,-0.2918799817562103
ppo_car_v01,1610000,-4.548748970031738,570.631591796875,,,1.3711706399917603,0.20000000298023224,-0.6000000238418579,-2.5999999046325684,-1.7370907068252563,0.0017961112316697836,-0.32130733132362366
ppo_car_v01,1620000,-4.697827339172363,612.6428833007812,0.014164999127388,0.11841074377298355,1.3722155094146729,0.3888888955116272,-0.6666666865348816,-2.5,-1.908194899559021,0.01936315931379795,-0.3761349618434906
ppo_car_v01,1630000,-4.329460144042969,717.9091186523438,,,1.372306227684021,0.29411765933036804,-0.5882353186607361,-2.3529412746429443,-1.8602558374404907,0.006881570443511009,-0.3604702949523926
ppo_car_v01,1640000,-4.409320831298828,445.0,0.019487231969833374,0.04127194359898567,1.3706867694854736,0.35483869910240173,-0.4838709533214569,-3.387096881866455,-1.6675293445587158,0.011794185265898705,-0.308936208486557
ppo_car_v01,1650000,-4.723886966705322,524.7999877929688,,,1.370298981666565,0.27272728085517883,-0.6363636255264282,-2.5,-1.910060167312622,0.012426039204001427,-0.3776370882987976
ppo_car_v01,1660000,-4.417396068572998,550.0,0.01718718186020851,0.08952459692955017,1.3695813417434692,0.31578946113586426,-0.7894737124443054,-2.1052632331848145,-2.201751708984375,0.005768646951764822,-0.43106070160865784
ppo_car_v01,1670000,-3.6431875228881836,566.4666748046875,,,1.3694123029708862,0.0714285746216774,-0.7142857313156128,-1.0714285373687744,-2.4301815032958984,0.00650199968367815,-0.48052120208740234
ppo_car_v01,1680000,-4.370634078979492,535.7777709960938,0.013608941808342934,0.04631761461496353,1.3682116270065308,0.15000000596046448,-0.6000000238418579,-2.0,-1.9313238859176636,0.007855179719626904,-0.360483318567276
ppo_car_v01,1690000,-4.754054546356201,488.4761962890625,,,1.3676831722259521,0.25,-0.9375,-2.5,-2.5652072429656982,0.003217203775420785,-0.48778173327445984
ppo_car_v01,1700000,-4.962137699127197,594.3125,0.016773024573922157,0.0681428536772728,1.3662655353546143,0.7777777910232544,-1.0,-2.777777671813965,-2.1151113510131836,0.012031685560941696,-0.41967785358428955
ppo_car_v01,1710000,-5.047850608825684,493.75,,,1.365541696548462,0.18518517911434174,-0.5185185074806213,-3.5185184478759766,-1.4655958414077759,0.007586194202303886,-0.2826114594936371
ppo_car_v01,1720000,-5.116053581237793,446.5909118652344,0.015578723512589931,0.0866924524307251,1.3650046586990356,0.2857142984867096,-0.5357142686843872,-3.5714285373687744,-1.4060802459716797,0.008529167622327805,-0.2659783959388733
ppo_car_v01,1730000,-3.8568341732025146,416.31817626953125,,,1.3646795749664307,0.15000000596046448,-0.5,-2.75,-1.8316290378570557,0.006757127586752176,-0.3498113453388214
ppo_car_v01,1740000,-3.759748697280884,635.8499755859375,0.01757560484111309,0.0910470187664032,1.3654022216796875,0.3636363744735718,-0.7727272510528564,-1.5909091234207153,-2.3143203258514404,0.0056408466771245,-0.43529173731803894
ppo_car_v01,1750000,-4.103147983551025,649.8571166992188,,,1.3660428524017334,0.11764705926179886,-0.6470588445663452,-1.470588207244873,-2.143738031387329,0.007293233647942543,-0.4208579659461975
ppo_car_v01,1760000,-4.850018501281738,556.8125,0.019150886684656143,0.0459413081407547,1.3659422397613525,0.17391304671764374,-0.6521739363670349,-3.04347825050354,-1.5517563819885254,0.005083994008600712,-0.30642572045326233
ppo_car_v01,1770000,-4.123796463012695,561.9000244140625,,,1.36583411693573,0.07692307978868484,-0.5,-2.5,-1.731324315071106,0.005582720041275024,-0.32932156324386597
ppo_car_v01,1780000,-4.50885009765625,403.0,0.019301939755678177,0.05582175403833389,1.3654468059539795,0.1666666716337204,-0.6333333253860474,-3.0,-1.6672097444534302,0.005441039800643921,-0.3106788396835327
ppo_car_v01,1790000,-4.676692962646484,564.8235473632812,,,1.364914059638977,0.3333333432674408,-0.8333333134651184,-2.222222328186035,-2.134300947189331,0.007291022222489119,-0.39923322200775146
ppo_car_v01,1800000,-4.285884857177734,434.31817626953125,0.019503064453601837,0.09678764641284943,1.3640016317367554,0.17241379618644714,-0.48275861144065857,-3.1034483909606934,-1.318808674812317,0.009011168964207172,-0.2508852779865265
ppo_car_v01,1810000,-4.3122758865356445,521.4166870117188,,,1.3626441955566406,0.1666666716337204,-0.75,-1.6666666269302368,-2.0893073081970215,0.005144753493368626,-0.39616966247558594
ppo_car_v01,1820000,-4.689999103546143,483.1739196777344,0.019647298380732536,0.055735476315021515,1.3620649576187134,0.1599999964237213,-0.5600000023841858,-3.0,-1.780475378036499,0.005839884746819735,-0.3404647707939148
ppo_car_v01,1830000,-4.348306179046631,423.4166564941406,,,1.3608428239822388,0.13333334028720856,-0.5,-3.1666667461395264,-1.3571128845214844,0.005306242033839226,-0.26028501987457275
ppo_car_v01,1840000,-4.709911823272705,634.8235473632812,0.01775646023452282,0.07383628189563751,1.3603620529174805,0.2857142984867096,-0.7142857313156128,-2.142857074737549,-2.058349847793579,0.012270662933588028,-0.38648489117622375
ppo_car_v01,1850000,-3.886845827102661,483.3529357910156,,,1.3591479063034058,0.1666666716337204,-0.5555555820465088,-2.222222328186035,-1.8273123502731323,0.007603249046951532,-0.35082173347473145
ppo_car_v01,1860000,-4.330446243286133,429.39129638671875,0.019314520061016083,0.05951174348592758,1.3589595556259155,0.18518517911434174,-0.48148149251937866,-3.1481480598449707,-1.4638296365737915,0.010174766182899475,-0.2711079716682434
ppo_car_v01,1870000,-4.5047502517700195,514.0999755859375,,,1.3580950498580933,0.2857142984867096,-0.8095238208770752,-2.857142925262451,-1.958724021911621,0.0017131054773926735,-0.37898698449134827
ppo_car_v01,1880000,-5.444559097290039,896.3333129882812,0.013829794712364674,0.052184414118528366,1.3580211400985718,0.4285714328289032,-1.1428571939468384,-1.0714285373687744,-3.0767061710357666,0.005446210037916899,-0.5975407361984253
ppo_car_v01,1890000,-4.530306816101074,547.375,,,1.3575950860977173,0.3125,-0.6875,-2.5,-2.192025661468506,0.012545802630484104,-0.4134935736656189
ppo_car_v01,1900000,-4.904026508331299,553.7825927734375,0.013283062726259232,0.06840281933546066,1.3576256036758423,0.3461538553237915,-0.807692289352417,-2.5,-1.9627656936645508,0.0036136244889348745,-0.3800077438354492
ppo_car_v01,1910000,-3.5980920791625977,594.7857055664062,,,1.358215093612671,0.0714285746216774,-0.8571428656578064,-1.0714285373687744,-2.3823277950286865,0.013302553445100784,-0.44395187497138977
ppo_car_v01,1920000,-4.658422470092773,373.4838562011719,0.015721788629889488,0.09587839990854263,1.3582043647766113,0.34375,-0.625,-3.4375,-1.4482896327972412,0.004370321519672871,-0.28621476888656616
ppo_car_v01,1930000,-4.261180877685547,425.3333435058594,,,1.3578497171401978,0.20000000298023224,-0.4399999976158142,-3.0,-1.4311851263046265,0.007888754829764366,-0.27671417593955994
ppo_car_v01,1940000,-4.2586822509765625,527.3125,,,1.3578498363494873,0.25,-0.75,-2.1875,-2.1117734909057617,0.010283087380230427,-0.407609224319458
ppo_car_v01,1950000,-4.060030937194824,629.2307739257812,0.016667691990733147,0.046334944665431976,1.357104778289795,0.5454545617103577,-0.9090909361839294,-1.3636363744735718,-2.9752979278564453,0.010219289921224117,-0.5579823851585388
ppo_car_v01,1960000,-5.4574761390686035,799.0833129882812,,,1.3570913076400757,0.3571428656578064,-1.0714285373687744,-1.7857142686843872,-2.742574453353882,0.009942919947206974,-0.5172358155250549
ppo_car_v01,1970000,-4.498976707458496,638.3333129882812,0.016440927982330322,0.03161154314875603,1.355527400970459,0.2857142984867096,-0.761904776096344,-1.4285714626312256,-2.556088447570801,0.010914700105786324,-0.47681325674057007
ppo_car_v01,1980000,-3.928267002105713,456.125,,,1.3554936647415161,0.23999999463558197,-0.7200000286102295,-2.5999999046325684,-1.7522066831588745,0.0052888598293066025,-0.33790576457977295
ppo_car_v01,1990000,-4.728971481323242,562.7222290039062,0.01895338110625744,0.045940421521663666,1.3549526929855347,0.3478260934352875,-0.6521739363670349,-2.6086957454681396,-1.764367938041687,0.005204104818403721,-0.3347925543785095
ppo_car_v01,2000000,-4.451667308807373,464.15789794921875,,,1.3548641204833984,0.42105263471603394,-0.5789473652839661,-3.1578948497772217,-1.8592805862426758,0.00871362630277872,-0.33836057782173157
ppo_car_v01,2010000,-5.580604076385498,493.5789489746094,0.021838966757059097,0.08531533926725388,1.3549753427505493,0.1599999964237213,-0.6000000238418579,-3.4000000953674316,-1.5034654140472412,0.007394175045192242,-0.26699844002723694
ppo_car_v01,2020000,-4.95192813873291,572.0,,,1.355005145072937,0.6428571343421936,-1.0714285373687744,-2.5,-2.6160848140716553,0.01370214857161045,-0.4838339686393738
ppo_car_v01,2030000,-4.653650283813477,621.0,0.021917561069130898,0.08540073037147522,1.3548346757888794,0.3499999940395355,-0.8500000238418579,-2.25,-2.2375569343566895,0.012143745087087154,-0.4041152000427246
ppo_car_v01,2040000,-4.557687282562256,596.8666381835938,,,1.354778528213501,0.3125,-0.75,-2.1875,-2.241420269012451,0.008192979730665684,-0.4197467863559723
ppo_car_v01,2050000,-3.806471347808838,655.8571166992188,0.0130520174279809,0.04606330767273903,1.354453682899475,0.46666666865348816,-0.800000011920929,-1.6666666269302368,-2.4495444297790527,0.026240767911076546,-0.46125510334968567
ppo_car_v01,2060000,-4.666476726531982,540.0,,,1.3543202877044678,0.25,-0.699999988079071,-2.5,-1.94670569896698,0.007474564015865326,-0.36181142926216125
ppo_car_v01,2070000,-4.522484302520752,295.19232177734375,0.015941927209496498,0.08611563593149185,1.3544827699661255,0.0416666679084301,-0.5,-3.75,-1.2797800302505493,0.002904249122366309,-0.24488571286201477
ppo_car_v01,2080000,-5.243262767791748,897.9375,,,1.3545856475830078,0.5263158082962036,-1.0526316165924072,-1.0526316165924072,-3.028069257736206,0.008610018528997898,-0.5721413493156433
ppo_car_v01,2090000,-4.067417621612549,371.46429443359375,0.019775481894612312,0.046967435628175735,1.354175090789795,0.18518517911434174,-0.6666666865348816,-2.592592477798462,-1.5423877239227295,0.006009165197610855,-0.29224610328674316
ppo_car_v01,2100000,-5.1222004890441895,632.1764526367188,,,1.353883147239685,0.21052631735801697,-0.7894737124443054,-2.3684210777282715,-2.262056589126587,0.0036990176886320114,-0.426971435546875
ppo_car_v01,2110000,-6.112768650054932,484.3043518066406,0.017040057107806206,0.05504680052399635,1.3541208505630493,0.5714285969734192,-0.9523809552192688,-3.809523820877075,-2.122915029525757,0.011889021843671799,-0.391963928937912
ppo_car_v01,2120000,-3.762575626373291,535.9444580078125,,,1.3543561697006226,0.3333333432674408,-0.7222222089767456,-1.6666666269302368,-2.1451332569122314,0.009171545505523682,-0.4033999443054199
ppo_car_v01,2130000,-4.770227432250977,410.0952453613281,0.017557337880134583,0.10526258498430252,1.3538823127746582,0.190476194024086,-0.9047619104385376,-3.095238208770752,-1.6420724391937256,0.0065222978591918945,-0.3241281509399414
ppo_car_v01,2140000,-4.479154109954834,584.0625,,,1.3534482717514038,0.42105263471603394,-0.7894737124443054,-2.3684210777282715,-1.9702708721160889,0.008994822390377522,-0.3909156024456024
ppo_car_v01,2150000,-4.5728678703308105,461.23809814453125,0.019953781738877296,0.06952213495969772,1.3529350757598877,0.20000000298023224,-0.6000000238418579,-3.0,-1.552083969116211,0.002567606046795845,-0.29241806268692017
ppo_car_v01,2160000,-4.764565944671631,657.1428833007812,,,1.3522614240646362,0.3333333432674408,-1.0,-1.25,-3.0661797523498535,0.006235386244952679,-0.578114926815033
ppo_car_v01,2170000,-4.624938488006592,630.3571166992188,0.014797085896134377,0.04202008619904518,1.3522781133651733,0.15000000596046448,-0.550000011920929,-2.75,-1.7669199705123901,0.006056031212210655,-0.3270549178123474
ppo_car_v01,2180000,-4.116764545440674,622.0908813476562,,,1.3523122072219849,0.36000001430511475,-0.7599999904632568,-2.200000047683716,-2.190747022628784,0.010190818458795547,-0.40113791823387146
ppo_car_v01,2190000,-4.252079010009766,668.3571166992188,0.017910635098814964,0.03233839198946953,1.3522422313690186,0.06666667014360428,-0.7333333492279053,-1.0,-2.498772621154785,0.00320594385266304,-0.4743333160877228
ppo_car_v01,2200000,-4.694486141204834,655.625,,,1.3521169424057007,0.20000000298023224,-0.699999988079071,-2.0,-2.1007163524627686,0.005229477304965258,-0.4110695421695709
ppo_car_v01,2210000,-3.4309463500976562,474.0666809082031,0.015410387888550758,0.047264814376831055,1.352054476737976,0.0,-0.6153846383094788,-1.5384615659713745,-2.188668966293335,0.005194963421672583,-0.3886886537075043
ppo_car_v01,2220000,-4.647643566131592,544.1153564453125,,,1.351891279220581,0.3928571343421936,-0.8571428656578064,-2.6785714626312256,-2.018669366836548,0.005276313051581383,-0.3684895634651184
ppo_car_v01,2230000,-4.803610324859619,640.0,0.014889703132212162,0.06706584990024567,1.3518691062927246,0.11764705926179886,-0.5882353186607361,-2.3529412746429443,-1.958564281463623,0.005238502752035856,-0.36525648832321167
ppo_car_v01,2240000,-4.248800277709961,642.8666381835938,,,1.3517553806304932,0.47058823704719543,-0.6470588445663452,-2.058823585510254,-2.271611213684082,0.003287289757281542,-0.42199504375457764
ppo_car_v01,2250000,-4.498045444488525,606.6153564453125,0.014798355288803577,0.045735932886600494,1.3515692949295044,0.25,-0.625,-2.1875,-1.9739710092544556,0.005976534448564053,-0.37451285123825073
ppo_car_v01,2260000,-4.364406108856201,659.5,,,1.3505442142486572,0.2631579041481018,-0.7894737124443054,-1.8421052694320679,-2.2237961292266846,0.0024650576524436474,-0.40133780241012573
ppo_car_v01,2270000,-4.58468770980835,513.1666870117188,0.019719351083040237,0.05676275119185448,1.35049307346344,0.23529411852359772,-0.8235294222831726,-2.3529412746429443,-2.175797939300537,0.006668397691100836,-0.3905731737613678
ppo_car_v01,2280000,-3.7573883533477783,489.0,,,1.3501379489898682,0.22727273404598236,-0.6363636255264282,-2.045454502105713,-1.8667484521865845,0.005519460886716843,-0.3581152856349945
ppo_car_v01,2290000,-4.466649055480957,444.1666564941406,0.014094682410359383,0.0642613098025322,1.3501393795013428,0.16129031777381897,-0.5161290168762207,-2.7419354915618896,-1.7207847833633423,0.010281662456691265,-0.31948307156562805
ppo_car_v01,2300000,-4.287003517150879,338.3714294433594,,,1.3503319025039673,0.15789473056793213,-0.5263158082962036,-3.28947377204895,-1.24653959274292,0.003980645444244146,-0.22949592769145966
ppo_car_v01,2310000,-4.240812301635742,634.9285888671875,,,1.3503320217132568,0.23529411852359772,-0.7058823704719543,-1.7647058963775635,-2.093730926513672,0.010032529942691326,-0.35051828622817993
ppo_car_v01,2320000,-4.004286766052246,433.80950927734375,0.01731972023844719,0.09691295772790909,1.3509275913238525,0.043478261679410934,-0.52173912525177,-2.6086957454681396,-1.5844531059265137,0.0022196013014763594,-0.28938087821006775
ppo_car_v01,2330000,-3.702498435974121,513.1578979492188,,,1.350952386856079,0.15789473056793213,-0.5789473652839661,-1.8421052694320679,-2.0547032356262207,0.005794567056000233,-0.3904075026512146
ppo_car_v01,2340000,-4.455108642578125,559.066650390625,0.015513022430241108,0.02984679490327835,1.3516926765441895,0.1111111119389534,-0.40740740299224854,-3.1481480598449707,-1.2445766925811768,0.003001958131790161,-0.23528507351875305
ppo_car_v01,2350000,-4.658655166625977,397.47369384765625,,,1.3517340421676636,0.21052631735801697,-0.6315789222717285,-3.1578948497772217,-1.587827444076538,0.010071157477796078,-0.28635239601135254
ppo_car_v01,2360000,-5.329354763031006,513.4545288085938,0.014107411727309227,0.05235638469457626,1.3515746593475342,0.4583333432674408,-0.875,-3.3333332538604736,-1.884623646736145,0.009096930734813213,-0.343005508184433
ppo_car_v01,2370000,-4.335057735443115,618.3571166992188,,,1.351547360420227,0.1875,-0.8125,-1.5625,-2.16684627532959,0.005124058574438095,-0.382443904876709
ppo_car_v01,2380000,-3.7057111263275146,525.4166870117188,0.017112746834754944,0.0678836777806282,1.3514336347579956,0.125,-0.7083333134651184,-1.875,-2.101088285446167,0.005806444212794304,-0.3974183201789856
ppo_car_v01,2390000,-4.730889320373535,564.25,,,1.35141122341156,0.1875,-0.6875,-1.875,-2.260348081588745,0.007337223272770643,-0.4050244390964508
ppo_car_v01,2400000,-5.0947585105896,409.9615478515625,0.017754273489117622,0.05178232118487358,1.3500919342041016,0.3076923191547394,-0.6153846383094788,-3.653846263885498,-1.6411914825439453,0.019210582599043846,-0.3002805709838867
ppo_car_v01,2410000,-3.505443811416626,542.5882568359375,,,1.3495862483978271,0.1666666716337204,-0.5555555820465088,-1.6666666269302368,-2.050750732421875,0.004857860039919615,-0.37405094504356384
ppo_car_v01,2420000,-3.665395736694336,521.5555419921875,0.015903232619166374,0.06942979246377945,1.3495043516159058,0.21052631735801697,-0.5789473652839661,-2.1052632331848145,-1.9776471853256226,0.013589566573500633,-0.34881338477134705
ppo_car_v01,2430000,-5.2726874351501465,667.0,,,1.349469542503357,0.4399999976158142,-0.8399999737739563,-2.5999999046325684,-2.243863344192505,0.006559364032000303,-0.3929835557937622
ppo_car_v01,2440000,-4.102015018463135,428.4545593261719,0.01493251696228981,0.04009108990430832,1.3491684198379517,0.2380952388048172,-0.5714285969734192,-2.857142925262451,-1.795832633972168,0.008401229046285152,-0.31689122319221497
ppo_car_v01,2450000,-3.7743892669677734,457.28570556640625,,,1.3489800691604614,0.1666666716337204,-0.5416666865348816,-2.5,-1.601562261581421,0.002263174159452319,-0.2857098877429962
ppo_car_v01,2460000,-4.277564525604248,590.875,0.012251376174390316,0.06608103960752487,1.3484739065170288,0.15000000596046448,-0.550000011920929,-2.0,-1.8940789699554443,0.004371016286313534,-0.3336605131626129
ppo_car_v01,2470000,-4.854247570037842,461.68182373046875,,,1.348077654838562,0.2083333283662796,-0.5833333134651184,-3.3333332538604736,-1.6951802968978882,0.014460158534348011,-0.3103311359882355
ppo_car_v01,2480000,-3.731419801712036,468.5,0.014620183035731316,0.09463676065206528,1.3475123643875122,0.2857142984867096,-0.5714285969734192,-2.3809523582458496,-1.786024570465088,0.004273733124136925,-0.294644296169281
ppo_car_v01,2490000,-4.891955375671387,582.8571166992188,,,1.3469808101654053,0.3181818127632141,-0.5454545617103577,-3.409090995788574,-1.4854260683059692,0.007125488482415676,-0.27056482434272766
ppo_car_v01,2500000,-5.869396209716797,524.7142944335938,0.016020450741052628,0.08981688320636749,1.3469828367233276,0.3529411852359772,-0.529411792755127,-3.529411792755127,-1.7313294410705566,0.015525887720286846,-0.29545995593070984
ppo_car_v01,2510000,-5.612030982971191,750.875,,,1.34698486328125,0.529411792755127,-0.9411764740943909,-2.6470587253570557,-2.8295607566833496,0.011828046292066574,-0.5236043334007263
ppo_car_v01,2520000,-4.1450934410095215,616.8571166992188,0.017981424927711487,0.044092535972595215,1.3470171689987183,0.2777777910232544,-0.7222222089767456,-1.9444444179534912,-1.9216388463974,0.0019174342742189765,-0.3243778347969055
ppo_car_v01,2530000,-4.270352840423584,574.7692260742188,,,1.347063660621643,0.29629629850387573,-0.7037037014961243,-2.0370371341705322,-2.2166974544525146,0.007905195467174053,-0.3772466480731964
ppo_car_v01,2540000,-4.621368885040283,510.5,0.01627230830490589,0.04691490903496742,1.3467587232589722,0.4736842215061188,-0.7368420958518982,-2.8947367668151855,-1.9366511106491089,0.00924108736217022,-0.34509962797164917
ppo_car_v01,2550000,-5.198073863983154,451.3043518066406,,,1.346088171005249,0.14814814925193787,-0.6666666865348816,-3.1481480598449707,-1.540202260017395,0.003999569918960333,-0.2753775119781494
ppo_car_v01,2560000,-4.626217365264893,439.125,0.021280627697706223,0.12222838401794434,1.345749855041504,0.1538461595773697,-0.4615384638309479,-3.076923131942749,-1.6231712102890015,0.008055821061134338,-0.27342846989631653
ppo_car_v01,2570000,-4.178765296936035,508.1052551269531,,,1.3450067043304443,0.2857142984867096,-0.761904776096344,-2.3809523582458496,-1.8406378030776978,0.006786080077290535,-0.32042476534843445
ppo_car_v01,2580000,-3.496166467666626,553.2352905273438,0.014980284497141838,0.06850983202457428,1.3451656103134155,0.3125,-0.625,-1.25,-2.353909492492676,0.004135381896048784,-0.4120734930038452
ppo_car_v01,2590000,-5.035987377166748,332.5384521484375,,,1.3457871675491333,0.18367347121238708,-0.40816327929496765,-4.081632614135742,-1.0608032941818237,0.005676586180925369,-0.18308113515377045
ppo_car_v01,2600000,-4.470382213592529,517.6875,0.016138404607772827,0.1546930968761444,1.3457465171813965,0.125,-0.625,-2.1875,-2.0742878913879395,0.005201870109885931,-0.3398037254810333
ppo_car_v01,2610000,-4.358311653137207,378.3103332519531,,,1.3455790281295776,0.19354838132858276,-0.6774193644523621,-3.064516067504883,-1.4153010845184326,0.004380587488412857,-0.2444762885570526
ppo_car_v01,2620000,-4.188364505767822,470.0,0.0168685894459486,0.09797640889883041,1.3455684185028076,0.10000000149011612,-0.699999988079071,-2.25,-1.7889318466186523,0.002690820721909404,-0.2932783365249634
ppo_car_v01,2630000,-3.7945618629455566,528.1333618164062,,,1.345471978187561,0.1538461595773697,-0.9230769276618958,-1.1538461446762085,-2.4391233921051025,0.003484428860247135,-0.40281131863594055
ppo_car_v01,2640000,-4.271531105041504,635.933349609375,0.019060585647821426,0.02503177337348461,1.3454563617706299,0.2222222238779068,-0.7222222089767456,-1.9444444179534912,-2.122347831726074,0.0061777811497449875,-0.3874994218349457
ppo_car_v01,2650000,-4.325457572937012,559.6470336914062,,,1.345260500907898,0.1875,-0.75,-1.5625,-2.38090181350708,0.010284680873155594,-0.4123638868331909
ppo_car_v01,2660000,-4.881708145141602,450.0869445800781,0.011550907976925373,0.07903481274843216,1.345260500907898,0.1428571492433548,-0.6190476417541504,-3.095238208770752,-1.9738346338272095,0.003971266560256481,-0.3311730921268463
ppo_car_v01,2670000,-4.093046188354492,540.8095092773438,,,1.3448694944381714,0.095238097012043,-0.6190476417541504,-1.9047619104385376,-2.165868043899536,0.011448451317846775,-0.3749828636646271
ppo_car_v01,2680000,-4.218053817749023,424.3999938964844,,,1.3448694944381714,0.4285714328289032,-0.6666666865348816,-3.3333332538604736,-1.6163920164108276,0.00998686347156763,-0.2644754648208618
ppo_car_v01,2690000,-5.384466648101807,600.0,0.014673763886094093,0.07141271233558655,1.3453118801116943,0.1764705926179886,-0.529411792755127,-2.6470587253570557,-1.9793812036514282,0.011611323803663254,-0.3502947688102722
ppo_car_v01,2700000,-4.140594482421875,556.9000244140625,,,1.3453336954116821,0.1666666716337204,-0.5,-1.6666666269302368,-2.476508617401123,0.012816236354410648,-0.4134330153465271
ppo_car_v01,2710000,-3.94077467918396,440.8148193359375,0.01825753226876259,0.06554526090621948,1.3447779417037964,0.19230769574642181,-0.6153846383094788,-2.692307710647583,-1.8310158252716064,0.01399312261492014,-0.31056663393974304
ppo_car_v01,2720000,-4.063528060913086,478.1666564941406,,,1.344719648361206,0.1764705926179886,-0.6470588445663452,-1.7647058963775635,-2.0281479358673096,0.005538102239370346,-0.339561402797699
ppo_car_v01,2730000,-4.246316432952881,503.84210205078125,0.019326914101839066,0.07868514209985733,1.3436675071716309,0.2631579041481018,-0.7894737124443054,-2.1052632331848145,-2.013967275619507,0.003469656454399228,-0.33719727396965027
ppo_car_v01,2740000,-4.134217739105225,593.4285888671875,,,1.3435593843460083,0.4285714328289032,-0.7142857313156128,-1.4285714626312256,-2.377394199371338,0.006739806849509478,-0.4081687033176422
ppo_car_v01,2750000,-4.021630764007568,644.1538696289062,0.016929568722844124,0.043869201093912125,1.3433817625045776,0.4615384638309479,-1.076923131942749,-1.5384615659713745,-2.578016519546509,0.0028909347020089626,-0.44562628865242004
ppo_car_v01,2760000,-4.412737846374512,550.760009765625,,,1.3433449268341064,0.4444444477558136,-0.8518518805503845,-2.777777671813965,-2.038304090499878,0.006522607523947954,-0.3459556996822357
ppo_car_v01,2770000,-5.678470611572266,729.2941284179688,0.017157895490527153,0.06412969529628754,1.3432044982910156,0.3333333432674408,-0.7083333134651184,-2.7083332538604736,-2.068998336791992,0.011813371442258358,-0.3413946032524109
ppo_car_v01,2780000,-5.038482666015625,483.22222900390625,,,1.3431528806686401,0.2631579041481018,-0.7894737124443054,-2.8947367668151855,-1.8342276811599731,0.008481745608150959,-0.31705743074417114
ppo_car_v01,2790000,-4.268208026885986,455.28570556640625,0.018714407458901405,0.06886815279722214,1.342979907989502,0.09090909361839294,-0.5909090638160706,-2.954545497894287,-1.7386474609375,0.00737089803442359,-0.2952765226364136
ppo_car_v01,2800000,-4.647322177886963,499.625,,,1.3429030179977417,0.260869562625885,-0.5652173757553101,-3.04347825050354,-1.3924977779388428,0.0004573363985400647,-0.2334035038948059
ppo_car_v01,2810000,-4.478617191314697,479.1428527832031,0.017747191712260246,0.08851233869791031,1.3429092168807983,0.3499999940395355,-0.44999998807907104,-3.0,-2.0145211219787598,0.009406047873198986,-0.34609532356262207
ppo_car_v01,2820000,-5.164444446563721,886.0,,,1.3429133892059326,0.5,-1.0714285373687744,-0.7142857313156128,-3.547269344329834,0.005547576583921909,-0.6239109039306641
ppo_car_v01,2830000,-3.7037463188171387,384.4285583496094,0.014739690348505974,0.04577202722430229,1.342825174331665,0.10000000149011612,-0.6000000238418579,-2.5,-1.6157302856445312,0.00401734933257103,-0.27590078115463257
ppo_car_v01,2840000,-4.380672931671143,740.4615478515625,,,1.342758297920227,0.20000000298023224,-0.6666666865348816,-1.3333333730697632,-2.5699565410614014,0.009868323802947998,-0.4378581643104553
ppo_car_v01,2850000,-4.7814154624938965,541.6087036132812,0.013401873409748077,0.0455186627805233,1.3426533937454224,0.2800000011920929,-0.7599999904632568,-2.4000000953674316,-1.995654821395874,0.005079669877886772,-0.3289358615875244
ppo_car_v01,2860000,-4.116882801055908,449.26922607421875,,,1.3425438404083252,0.1111111119389534,-0.5925925970077515,-2.407407522201538,-1.7328715324401855,0.010583854280412197,-0.2790941298007965
ppo_car_v01,2870000,-4.028174877166748,357.9285583496094,0.016274450346827507,0.07121513783931732,1.3423337936401367,0.11999999731779099,-0.5600000023841858,-2.5999999046325684,-1.6050550937652588,0.008558924309909344,-0.2739025056362152
ppo_car_v01,2880000,-3.8825645446777344,493.29412841796875,,,1.342111587524414,0.17391304671764374,-0.47826087474823,-2.6086957454681396,-1.4603300094604492,0.0019936643075197935,-0.23814810812473297
ppo_car_v01,2890000,-4.362124443054199,463.368408203125,0.020009299740195274,0.07173770666122437,1.3421157598495483,0.07999999821186066,-0.36000001430511475,-3.0,-1.4109405279159546,0.0054001593962311745,-0.23003697395324707
ppo_car_v01,2900000,-3.6650962829589844,401.2916564941406,,,1.3421217203140259,0.11999999731779099,-0.4399999976158142,-2.799999952316284,-1.5393754243850708,0.004391056951135397,-0.259442538022995
ppo_car_v01,2910000,-4.892324447631836,565.0,0.019593676552176476,0.07308752089738846,1.342485785484314,0.27272728085517883,-0.5454545617103577,-2.954545497894287,-1.851517677307129,0.006730535067617893,-0.2953909635543823
ppo_car_v01,2920000,-4.323884010314941,480.7272644042969,,,1.343239426612854,0.2916666567325592,-0.7083333134651184,-2.9166667461395264,-1.7591793537139893,0.007022332400083542,-0.2885778844356537
ppo_car_v01,2930000,-4.210643768310547,685.941162109375,0.017030633985996246,0.08199979364871979,1.3434815406799316,0.2777777910232544,-0.7777777910232544,-1.6666666269302368,-2.593538999557495,0.00643818499520421,-0.44541478157043457
ppo_car_v01,2940000,-4.792562961578369,572.4444580078125,,,1.3441168069839478,0.09090909361839294,-0.6363636255264282,-2.045454502105713,-1.876566767692566,0.004839777015149593,-0.30139103531837463
ppo_car_v01,2950000,-4.216678619384766,493.7272644042969,0.018204186111688614,0.05327805504202843,1.3441447019577026,0.2142857164144516,-0.7142857313156128,-2.5,-1.5542664527893066,0.002400419907644391,-0.2562718093395233
ppo_car_v01,2960000,-4.740612983703613,585.4500122070312,,,1.344222903251648,0.44999998807907104,-0.949999988079071,-2.5,-2.337790012359619,0.004276820458471775,-0.40030524134635925
ppo_car_v01,2970000,-5.701905727386475,534.0526123046875,0.02311306819319725,0.09745685011148453,1.3439363241195679,0.3478260934352875,-0.739130437374115,-3.6956522464752197,-1.7669767141342163,0.011211687698960304,-0.3031211793422699
ppo_car_v01,2980000,-4.320968151092529,615.7857055664062,,,1.3424015045166016,0.20000000298023224,-0.5333333611488342,-1.6666666269302368,-2.302234649658203,0.0060146101750433445,-0.4045179784297943
ppo_car_v01,2990000,-5.099086284637451,800.4615478515625,0.016889041289687157,0.03431325778365135,1.342334508895874,0.4375,-0.9375,-1.5625,-2.605126142501831,0.01216150913387537,-0.4266773462295532
ppo_car_v01,3000000,-3.933842658996582,452.4444580078125,,,1.3418372869491577,0.125,-0.625,-2.1875,-2.0362839698791504,0.007884075865149498,-0.332405686378479
ppo_car_v01,3010000,-4.884989261627197,589.3200073242188,0.0224267840385437,0.036915507167577744,1.3417314291000366,0.38461539149284363,-0.9230769276618958,-2.307692289352417,-2.2690320014953613,0.01282768789678812,-0.36449936032295227
ppo_car_v01,3020000,-4.918802261352539,520.2105102539062,,,1.340868592262268,0.3333333432674408,-0.6666666865348816,-2.857142925262451,-1.8854448795318604,0.007511472795158625,-0.33515748381614685
ppo_car_v01,3030000,-4.103680610656738,495.5882263183594,0.014311679638922215,0.09254433959722519,1.3408644199371338,0.1875,-0.5625,-2.1875,-2.1085147857666016,0.013526584021747112,-0.3269396424293518
ppo_car_v01,3040000,-4.785923480987549,488.0952453613281,,,1.3405996561050415,0.380952388048172,-0.761904776096344,-2.857142925262451,-1.9549585580825806,0.007576352916657925,-0.3153022825717926
ppo_car_v01,3050000,-3.7263057231903076,519.9473876953125,,,1.3405996561050415,0.05882352963089943,-0.6470588445663452,-1.470588207244873,-2.3268446922302246,0.006392223294824362,-0.37395644187927246
ppo_car_v01,3060000,-3.4716713428497314,606.2142944335938,0.018562398850917816,0.05334751680493355,1.3407922983169556,0.11764705926179886,-0.7058823704719543,-1.7647058963775635,-1.9971497058868408,0.004167140927165747,-0.3351704478263855
ppo_car_v01,3070000,-4.876101016998291,371.2916564941406,,,1.340802550315857,0.1875,-0.5,-3.90625,-1.114673137664795,0.0025434058625251055,-0.16909174621105194
ppo_car_v01,3080000,-5.070568561553955,515.5263061523438,0.016142047941684723,0.09172681719064713,1.3404544591903687,0.2083333283662796,-0.6666666865348816,-3.3333332538604736,-1.6342127323150635,0.007613052148371935,-0.26253992319107056
ppo_car_v01,3090000,-4.867140293121338,645.4000244140625,,,1.340411901473999,0.13636364042758942,-0.5,-2.7272727489471436,-1.7625548839569092,0.00536875007674098,-0.2897198796272278
ppo_car_v01,3100000,-3.8015878200531006,447.971435546875,0.01671910099685192,0.05983418971300125,1.3414380550384521,0.095238097012043,-0.4761904776096344,-2.738095283508301,-1.4935742616653442,0.0037905455101281404,-0.2568036615848541
ppo_car_v01,3110000,-4.483558654785156,380.6666564941406,,,1.3416216373443604,0.2222222238779068,-0.7037037014961243,-2.9629628658294678,-1.5242323875427246,0.005492640659213066,-0.2595425546169281
ppo_car_v01,3120000,-3.724076271057129,474.8888854980469,0.01424513477832079,0.08732637763023376,1.3420624732971191,0.20000000298023224,-0.550000011920929,-2.5,-1.7117706537246704,0.0026217568665742874,-0.29244130849838257
ppo_car_v01,3130000,-4.68120813369751,564.2352905273438,,,1.3421547412872314,0.2380952388048172,-0.7142857313156128,-2.6190476417541504,-1.8276304006576538,0.0047835297882556915,-0.298164039850235
ppo_car_v01,3140000,-4.2133002281188965,466.047607421875,0.01559427659958601,0.04151702672243118,1.3413552045822144,0.03999999910593033,-0.5600000023841858,-2.5999999046325684,-1.5677759647369385,0.004936922807246447,-0.25644493103027344
ppo_car_v01,3150000,-3.939371109008789,507.4117736816406,,,1.3410428762435913,0.1428571492433548,-0.4761904776096344,-2.3809523582458496,-1.6457407474517822,0.01206386461853981,-0.27008485794067383
ppo_car_v01,3160000,-4.344394683837891,447.8636474609375,0.02055664174258709,0.052318744361400604,1.3405451774597168,0.21739129722118378,-0.6521739363670349,-3.04347825050354,-1.7134907245635986,0.006179290357977152,-0.27118396759033203
ppo_car_v01,3170000,-3.882307291030884,597.923095703125,,,1.3403269052505493,0.2666666805744171,-0.5333333611488342,-2.0,-2.074692487716675,0.011502758599817753,-0.3673982620239258
ppo_car_v01,3180000,-4.567241668701172,568.4444580078125,0.014623481780290604,0.08377422392368317,1.3401249647140503,0.3636363744735718,-0.7727272510528564,-2.954545497894287,-1.8625473976135254,0.0026435491163283587,-0.33172380924224854
ppo_car_v01,3190000,-4.389346122741699,689.0,,,1.3400167226791382,0.25,-0.8333333134651184,-1.6666666269302368,-2.298874616622925,0.009803174063563347,-0.36853131651878357
ppo_car_v01,3200000,-5.220280647277832,604.6333618164062,0.020344682037830353,0.028294892981648445,1.339968204498291,0.53125,-0.90625,-2.8125,-2.268681526184082,0.009439482353627682,-0.38361772894859314
ppo_car_v01,3210000,-3.7291181087493896,635.7142944335938,,,1.3399244546890259,0.38461539149284363,-0.8461538553237915,-0.7692307829856873,-2.741724967956543,0.01188784558326006,-0.44032150506973267
ppo_car_v01,3220000,-3.8227434158325195,554.3529663085938,0.01716764084994793,0.07153265178203583,1.3401485681533813,0.25,-0.550000011920929,-2.5,-1.8858163356781006,0.009279071353375912,-0.3208114504814148
ppo_car_v01,3230000,-4.171126365661621,376.2916564941406,,,1.3403396606445312,0.11538461595773697,-0.6153846383094788,-3.076923131942749,-1.3906254768371582,0.008549854159355164,-0.23695705831050873
ppo_car_v01,3240000,-5.535946369171143,705.0,0.020778877660632133,0.06284423172473907,1.3405489921569824,0.4615384638309479,-1.0,-1.923076868057251,-2.60671067237854,0.011857015080749989,-0.4397292733192444
ppo_car_v01,3250000,-4.549410820007324,425.629638671875,,,1.3407834768295288,0.20000000298023224,-0.5,-3.1666667461395264,-1.5347729921340942,0.006024500820785761,-0.2663128077983856
ppo_car_v01,3260000,-4.067677021026611,458.239990234375,0.017336664721369743,0.07464927434921265,1.34036386013031,0.3199999928474426,-0.6399999856948853,-2.799999952316284,-1.8329683542251587,0.004587722476571798,-0.3166939318180084
ppo_car_v01,3270000,-4.1257405281066895,588.076904296875,,,1.339843988418579,0.2142857164144516,-0.7142857313156128,-1.7857142686843872,-2.1865432262420654,0.005086006596684456,-0.36336633563041687
ppo_car_v01,3280000,-4.859048366546631,745.5,0.019603651016950607,0.03906436264514923,1.339868426322937,0.3076923191547394,-0.7692307829856873,-2.307692289352417,-1.8378214836120605,0.0017720946343615651,-0.3097539246082306
ppo_car_v01,3290000,-4.118775844573975,675.7916870117188,,,1.339910626411438,0.2800000011920929,-0.6399999856948853,-1.600000023841858,-2.5974559783935547,0.009751703590154648,-0.4231536090373993
ppo_car_v01,3300000,-4.655970096588135,456.8636474609375,0.01468940731137991,0.045340102165937424,1.3397787809371948,0.23076923191547394,-0.6538461446762085,-3.076923131942749,-1.5481630563735962,0.007999083958566189,-0.24983146786689758
ppo_car_v01,3310000,-4.764764308929443,379.9130554199219,,,1.3394705057144165,0.17391304671764374,-0.782608687877655,-3.2608695030212402,-1.5200324058532715,0.0050904108211398125,-0.23388369381427765
ppo_car_v01,3320000,-3.860991954803467,715.0,0.01448032446205616,0.11332348734140396,1.3393000364303589,0.3478260934352875,-0.52173912525177,-1.95652174949646,-1.9915753602981567,0.012078641913831234,-0.3337787091732025
ppo_car_v01,3330000,-4.4531731605529785,551.125,,,1.3387277126312256,0.0833333358168602,-0.5,-2.9166667461395264,-1.4712706804275513,0.004309879150241613,-0.252719908952713
ppo_car_v01,3340000,-4.980851173400879,563.1764526367188,0.01913771778345108,0.0453953891992569,1.3387556076049805,0.20000000298023224,-0.699999988079071,-2.5,-1.9181632995605469,0.004890917334705591,-0.3222639262676239
ppo_car_v01,3350000,-4.6293487548828125,412.30767822265625,,,1.3388563394546509,0.07692307978868484,-0.5384615659713745,-3.269230842590332,-1.6519023180007935,0.013382451608777046,-0.2703733742237091
ppo_car_v01,3360000,-4.956937313079834,394.9615478515625,0.011520810425281525,0.1116710677742958,1.3387714624404907,0.20000000298023224,-0.5333333611488342,-3.6666667461395264,-1.369944453239441,0.0052950456738471985,-0.22023405134677887
ppo_car_v01,3370000,-3.4416537284851074,489.6153869628906,,,1.338289499282837,0.3125,-0.5625,-2.5,-1.5924142599105835,0.005371243692934513,-0.27108997106552124
ppo_car_v01,3380000,-4.907068729400635,608.3333129882812,0.016621224582195282,0.06931421905755997,1.3382190465927124,0.5333333611488342,-0.9333333373069763,-2.3333332538604736,-2.436462879180908,0.0100256884470582,-0.4147953689098358
ppo_car_v01,3390000,-5.16766881942749,432.78125,,,1.3376790285110474,0.4864864945411682,-0.8108108043670654,-3.648648738861084,-1.4993255138397217,0.006867054384201765,-0.24759513139724731
ppo_car_v01,3400000,-3.316547393798828,603.375,0.01890881545841694,0.09935451298952103,1.3376582860946655,0.6875,-0.875,-1.25,-2.4157121181488037,0.006705641280859709,-0.40768131613731384
ppo_car_v01,3410000,-4.379478931427002,432.70587158203125,,,1.3373430967330933,0.1666666716337204,-0.7222222089767456,-2.777777671813965,-1.6350852251052856,0.0033983192406594753,-0.2800452411174774
ppo_car_v01,3420000,-4.605277061462402,713.7999877929688,,,1.3373429775238037,0.375,-0.875,-1.5625,-2.679746389389038,0.009351677261292934,-0.4519723355770111
ppo_car_v01,3430000,-4.78628396987915,691.7692260742188,0.01668427512049675,0.04786642640829086,1.336893916130066,0.375,-0.8125,-1.875,-2.2518887519836426,0.002799105364829302,-0.3486005961894989
ppo_car_v01,3440000,-4.343266010284424,398.2962951660156,,,1.336883544921875,0.3478260934352875,-0.695652186870575,-3.2608695030212402,-1.8718892335891724,0.005299233365803957,-0.31742480397224426
ppo_car_v01,3450000,-3.927280902862549,578.3529663085938,0.018618369475007057,0.10483799129724503,1.3366583585739136,0.2777777910232544,-0.5555555820465088,-1.3888888359069824,-2.1877520084381104,0.005930157843977213,-0.3616392910480499
ppo_car_v01,3460000,-6.051103591918945,665.73681640625,,,1.3366310596466064,0.3913043439388275,-0.8695651888847351,-3.2608695030212402,-2.2022275924682617,0.006284797098487616,-0.3686557710170746
ppo_car_v01,3470000,-3.870448112487793,443.9473571777344,0.01593080349266529,0.07086902856826782,1.3358160257339478,0.1111111119389534,-0.6111111044883728,-2.5,-1.8701430559158325,0.0044706519693136215,-0.32276448607444763
ppo_car_v01,3480000,-3.8632960319519043,465.3999938964844,,,1.3356878757476807,0.25,-0.8125,-1.875,-2.3263370990753174,0.010039500892162323,-0.3831842839717865
ppo_car_v01,3490000,-4.465402603149414,763.8333129882812,0.013977988623082638,0.04896300658583641,1.3348883390426636,0.2857142984867096,-0.7142857313156128,-1.0714285373687744,-2.622598648071289,0.0009909129003062844,-0.42989593744277954
ppo_car_v01,3500000,-4.666562557220459,759.4285888671875,,,1.3347185850143433,0.2631579041481018,-0.5789473652839661,-1.8421052694320679,-2.2409534454345703,0.009419182315468788,-0.3711038827896118
ppo_car_v01,3510000,-4.091198444366455,422.9130554199219,0.015730472281575203,0.03466426208615303,1.334061861038208,0.1428571492433548,-0.4642857015132904,-3.0357143878936768,-1.391585111618042,0.006126021035015583,-0.22578515112400055
ppo_car_v01,3520000,-5.125132083892822,462.8571472167969,,,1.3338754177093506,0.2666666805744171,-0.699999988079071,-3.3333332538604736,-1.7304478883743286,0.006878435146063566,-0.27465859055519104
ppo_car_v01,3530000,-4.211182117462158,598.2222290039062,0.01741636171936989,0.106452077627182,1.3335939645767212,0.3529411852359772,-0.9411764740943909,-1.470588207244873,-2.536358118057251,0.011450041085481644,-0.4427027404308319
ppo_car_v01,3540000,-4.013177871704102,526.611083984375,,,1.3335157632827759,0.15000000596046448,-0.6000000238418579,-2.25,-1.8980724811553955,0.007848228327929974,-0.3213200271129608
ppo_car_v01,3550000,-4.4208550453186035,410.86956787109375,0.015050087124109268,0.03168387711048126,1.3328644037246704,0.03999999910593033,-0.5600000023841858,-2.799999952316284,-1.5134563446044922,0.008878416381776333,-0.2410859912633896
ppo_car_v01,3560000,-3.94027042388916,431.0,,,1.332566499710083,0.125,-0.625,-2.1875,-1.8334076404571533,0.008883769623935223,-0.2987446188926697
ppo_car_v01,3570000,-5.052114963531494,524.0,0.01553687360137701,0.095172218978405,1.332777738571167,0.3478260934352875,-0.782608687877655,-3.2608695030212402,-2.0941402912139893,0.0054643601179122925,-0.350501149892807
ppo_car_v01,3580000,-3.5740139484405518,635.3076782226562,,,1.332934021949768,0.1538461595773697,-0.7692307829856873,-0.7692307829856873,-2.543816089630127,0.0017183941090479493,-0.4165785014629364
ppo_car_v01,3590000,-4.926694393157959,542.4736938476562,0.020076768472790718,0.09245198965072632,1.3330515623092651,0.1666666716337204,-0.5833333134651184,-2.9166667461395264,-1.7201776504516602,0.007965129800140858,-0.294291228055954
ppo_car_v01,3600000,-4.727522373199463,519.1666870117188,,,1.3331393003463745,0.190476194024086,-0.523809552192688,-2.857142925262451,-1.78215754032135,0.005099581088870764,-0.28799867630004883
ppo_car_v01,3610000,-5.46563196182251,444.84210205078125,0.022600427269935608,0.12340603023767471,1.333120346069336,0.5714285969734192,-0.761904776096344,-3.809523820877075,-1.6121124029159546,0.0021663247607648373,-0.2879107892513275
ppo_car_v01,3620000,-4.103372097015381,517.2857055664062,,,1.3331031799316406,0.4000000059604645,-0.699999988079071,-2.0,-2.173257827758789,0.006697643082588911,-0.33960604667663574
ppo_car_v01,3630000,-4.431903839111328,600.2941284179688,0.013718492351472378,0.04529549926519394,1.333350419998169,0.31578946113586426,-0.7368420958518982,-2.3684210777282715,-2.149805784225464,0.005532798357307911,-0.34706753492355347
ppo_car_v01,3640000,-4.491520404815674,730.5,,,1.3336431980133057,0.30434781312942505,-0.695652186870575,-1.95652174949646,-2.289423704147339,0.007811014540493488,-0.40811634063720703
ppo_car_v01,3650000,-4.754432678222656,485.20001220703125,0.01722612977027893,0.036025095731019974,1.333782434463501,0.44999998807907104,-0.699999988079071,-3.0,-1.9431681632995605,0.0045786164700984955,-0.31573042273521423
ppo_car_v01,3660000,-5.059525012969971,355.5172424316406,,,1.3340212106704712,0.3333333432674408,-0.6060606241226196,-4.090909004211426,-1.2518342733383179,0.008957860991358757,-0.20344550907611847
ppo_car_v01,3670000,-4.057032585144043,444.27777099609375,0.018232077360153198,0.15132388472557068,1.3338239192962646,0.095238097012043,-0.380952388048172,-2.857142925262451,-1.5247896909713745,0.005735908634960651,-0.24376040697097778
ppo_car_v01,3680000,-4.146452903747559,510.7368469238281,,,1.3334581851959229,0.1428571492433548,-0.5714285969734192,-2.3809523582458496,-1.850352168083191,0.005175107624381781,-0.3046528398990631
ppo_car_v01,3690000,-4.017052173614502,544.6666870117188,0.018896477296948433,0.04569424316287041,1.3334294557571411,0.07999999821186066,-0.47999998927116394,-2.200000047683716,-1.8327358961105347,0.007331198547035456,-0.2904587984085083
ppo_car_v01,3700000,-4.1933979988098145,557.7142944335938,,,1.333361268043518,0.15789473056793213,-0.6315789222717285,-1.5789474248886108,-2.4682745933532715,0.013422536663711071,-0.389803022146225
ppo_car_v01,3710000,-4.494318008422852,351.1666564941406,0.01362992450594902,0.048335131257772446,1.3332725763320923,0.17391304671764374,-0.5652173757553101,-3.4782607555389404,-1.4662489891052246,0.006408703047782183,-0.22718924283981323
ppo_car_v01,3720000,-4.7299299240112305,669.3846435546875,,,1.3329808712005615,0.1538461595773697,-1.0,-0.7692307829856873,-2.680959939956665,0.009034932591021061,-0.4438053369522095
ppo_car_v01,3730000,-4.5147013664245605,602.3333129882812,0.01957150734961033,0.09218517690896988,1.333020567893982,0.2083333283662796,-0.6666666865348816,-1.875,-2.1115479469299316,0.006316266488283873,-0.346443772315979
ppo_car_v01,3740000,-3.3427987098693848,431.72222900390625,,,1.3331631422042847,0.0625,-0.5625,-2.1875,-1.9422858953475952,0.006609578616917133,-0.31107524037361145
ppo_car_v01,3750000,-5.695027828216553,976.3636474609375,0.01500931940972805,0.028362154960632324,1.33315110206604,0.5384615659713745,-1.1538461446762085,-1.1538461446762085,-3.3083760738372803,0.0022957485634833574,-0.5148064494132996
ppo_car_v01,3760000,-4.6124467849731445,461.4285583496094,,,1.3330776691436768,0.0416666679084301,-0.5416666865348816,-2.9166667461395264,-1.6167738437652588,0.004363393411040306,-0.25679877400398254
ppo_car_v01,3770000,-4.254151344299316,510.47369384765625,0.015051225200295448,0.07387078553438187,1.3330705165863037,0.04545454680919647,-0.5454545617103577,-2.5,-1.7652981281280518,0.0041614617221057415,-0.2759931981563568
ppo_car_v01,3780000,-3.695345640182495,578.1333618164062,,,1.3329999446868896,0.06666667014360428,-0.7333333492279053,-1.3333333730697632,-2.3148326873779297,0.0050704157911241055,-0.38523024320602417
ppo_car_v01,3790000,-4.176715850830078,560.4210815429688,0.019591305404901505,0.026508037000894547,1.3329997062683105,0.4736842215061188,-0.7368420958518982,-2.1052632331848145,-2.2441632747650146,0.008357834070920944,-0.3615683615207672
ppo_car_v01,3800000,-5.139621734619141,583.2000122070312,,,1.332833170890808,0.0625,-0.75,-2.1875,-2.189476728439331,0.008064963854849339,-0.3459063768386841
ppo_car_v01,3810000,-4.104135036468506,533.1738891601562,,,1.332833170890808,0.1034482792019844,-0.517241358757019,-2.4137930870056152,-1.692834734916687,0.005025839898735285,-0.2779063582420349
ppo_car_v01,3820000,-4.249361515045166,512.4444580078125,0.01676647737622261,0.06931506842374802,1.3330073356628418,0.20000000298023224,-0.6499999761581421,-2.5,-1.8468737602233887,0.00611104117706418,-0.28421738743782043
ppo_car_v01,3830000,-4.092705726623535,680.8666381835938,,,1.3330192565917969,0.21052631735801697,-0.6842105388641357,-1.8421052694320679,-2.1528544425964355,0.010599171742796898,-0.3532317578792572
ppo_car_v01,3840000,-3.7464723587036133,402.2916564941406,0.015810668468475342,0.0340750478208065,1.3327608108520508,0.260869562625885,-0.6521739363670349,-2.6086957454681396,-1.6796274185180664,0.002217691857367754,-0.2728235423564911
ppo_car_v01,3850000,-5.052318572998047,513.5416870117188,,,1.3327338695526123,0.2083333283662796,-0.7916666865348816,-2.9166667461395264,-2.056764602661133,0.006927685812115669,-0.33653613924980164
ppo_car_v01,3860000,-4.431888580322266,736.1428833007812,0.01720654033124447,0.08538927882909775,1.3327330350875854,0.3333333432674408,-0.9333333373069763,-1.0,-2.7517478466033936,0.0002172794920625165,-0.45341038703918457
ppo_car_v01,3870000,-4.010309219360352,491.2631530761719,,,1.3327327966690063,0.10526315867900848,-0.5263158082962036,-2.1052632331848145,-1.9679725170135498,0.00862065888941288,-0.3146701455116272
ppo_car_v01,3880000,-4.697741508483887,613.5999755859375,0.014408241026103497,0.03204198181629181,1.3327354192733765,0.29411765933036804,-0.7647058963775635,-2.058823585510254,-2.1687967777252197,0.008688668720424175,-0.3390972316265106
ppo_car_v01,3890000,-4.69416618347168,378.5714416503906,,,1.3327361345291138,0.20000000298023224,-0.6800000071525574,-3.4000000953674316,-1.698463797569275,0.006955912336707115,-0.28537794947624207
ppo_car_v01,3900000,-3.9663290977478027,593.7142944335938,0.01373561006039381,0.10962088406085968,1.3321106433868408,0.1764705926179886,-0.5882353186607361,-1.7647058963775635,-1.9586238861083984,0.010167773813009262,-0.31872981786727905
ppo_car_v01,3910000,-4.338737964630127,460.7894592285156,,,1.3318729400634766,0.1818181872367859,-0.5,-2.7272727489471436,-1.594112515449524,0.004427080042660236,-0.24898916482925415
ppo_car_v01,3920000,-4.452167987823486,559.5714111328125,0.013108019717037678,0.05200672522187233,1.3318427801132202,0.2777777910232544,-0.6111111044883728,-2.777777671813965,-1.7428638935089111,0.002791045233607292,-0.27850326895713806
ppo_car_v01,3930000,-4.462813377380371,463.0,,,1.3318291902542114,0.4000000059604645,-0.550000011920929,-3.0,-1.7616275548934937,0.005326190497726202,-0.28358516097068787
ppo_car_v01,3940000,-4.372182369232178,683.73681640625,0.02088514156639576,0.09273096919059753,1.3316768407821655,0.42105263471603394,-0.8421052694320679,-1.5789474248886108,-2.7370429039001465,0.013498639687895775,-0.437707781791687
ppo_car_v01,3950000,-3.9564945697784424,455.5769348144531,,,1.3315809965133667,0.125,-0.6666666865348816,-2.0833332538604736,-1.9761470556259155,0.007744048722088337,-0.31731289625167847
ppo_car_v01,3960000,-5.6600189208984375,785.5999755859375,0.013675421476364136,0.05631294474005699,1.3312571048736572,0.47058823704719543,-0.7647058963775635,-2.3529412746429443,-2.7764182090759277,0.012368026189506054,-0.4666738510131836
ppo_car_v01,3970000,-4.273500442504883,607.4000244140625,,,1.3309614658355713,0.5,-1.0,-1.4285714626312256,-2.604870080947876,0.006392203737050295,-0.4076692759990692
ppo_car_v01,3980000,-4.231256484985352,586.4000244140625,0.01725301519036293,0.026680229231715202,1.3307111263275146,0.07692307978868484,-0.692307710647583,-1.1538461446762085,-2.70926570892334,0.010877145454287529,-0.4144844114780426
ppo_car_v01,3990000,-4.2241530418396,416.9583435058594,,,1.3304917812347412,0.42307692766189575,-0.5384615659713745,-3.461538553237915,-1.531189203262329,0.006866778247058392,-0.2478523999452591
ppo_car_v01,4000000,-3.923550844192505,630.5,0.015013248659670353,0.08027388900518417,1.3303277492523193,0.3888888955116272,-0.7222222089767456,-1.6666666269302368,-2.243739128112793,0.00896280724555254,-0.36304035782814026
ppo_car_v01,4010000,-4.2157511711120605,540.4375,,,1.3301112651824951,0.1666666716337204,-0.5555555820465088,-1.9444444179534912,-1.924527883529663,0.00599057087674737,-0.32976335287094116
ppo_car_v01,4020000,-3.9713621139526367,674.0,0.018723158165812492,0.019024645909667015,1.3300385475158691,0.5,-0.9285714030265808,-1.4285714626312256,-2.5058059692382812,0.0030045723542571068,-0.3995009958744049
ppo_car_v01,4030000,-4.522659778594971,363.20001220703125,,,1.3298981189727783,0.26923078298568726,-0.692307710647583,-3.076923131942749,-1.3996663093566895,0.005113875027745962,-0.2231372445821762
ppo_car_v01,4040000,-3.8215060234069824,523.3333129882812,0.013559503480792046,0.10217433422803879,1.3297131061553955,0.25,-0.5,-2.6785714626312256,-1.795579433441162,0.004679176490753889,-0.27542048692703247
ppo_car_v01,4050000,-4.302263259887695,577.280029296875,,,1.3292990922927856,0.2857142984867096,-0.6428571343421936,-2.142857074737549,-2.062675952911377,0.004928575363010168,-0.32960405945777893
ppo_car_v01,4060000,-4.164186477661133,610.5333251953125,0.015742938965559006,0.028680305927991867,1.3292311429977417,0.2142857164144516,-1.0,-1.0714285373687744,-2.619241237640381,0.007468874566257,-0.44463059306144714
ppo_car_v01,4070000,-5.246467113494873,445.0526428222656,,,1.329016923904419,0.10526315867900848,-0.6315789222717285,-3.1578948497772217,-1.7830768823623657,0.006006516050547361,-0.299967885017395
ppo_car_v01,4080000,-4.125640392303467,412.0,0.014272117055952549,0.12507429718971252,1.3290477991104126,0.09090909361839294,-0.5454545617103577,-2.954545497894287,-1.6446577310562134,0.008324719034135342,-0.2551358640193939
ppo_car_v01,4090000,-4.298401355743408,559.2222290039062,,,1.3291566371917725,0.31578946113586426,-0.6842105388641357,-2.3684210777282715,-2.1209018230438232,0.008690593764185905,-0.3331611454486847
ppo_car_v01,4100000,-4.738387107849121,585.7999877929688,0.014970974996685982,0.05004444345831871,1.3291409015655518,0.2222222238779068,-0.7777777910232544,-2.222222328186035,-1.9560240507125854,0.002775496570393443,-0.292767196893692
ppo_car_v01,4110000,-5.241836071014404,576.4285888671875,,,1.3290507793426514,0.190476194024086,-0.4761904776096344,-3.095238208770752,-1.5394991636276245,0.006299056578427553,-0.24902428686618805
ppo_car_v01,4120000,-4.195756912231445,474.5333251953125,0.01734807714819908,0.060619741678237915,1.3290231227874756,0.3125,-0.625,-2.8125,-1.7803938388824463,0.005062179174274206,-0.28138285875320435
ppo_car_v01,4130000,-4.546998023986816,758.111083984375,,,1.3287907838821411,0.6111111044883728,-1.0,-1.6666666269302368,-3.0324668884277344,0.004749259911477566,-0.4774675667285919
ppo_car_v01,4140000,-4.087030410766602,520.566650390625,0.011829666793346405,0.04012278467416763,1.3287875652313232,0.29032257199287415,-0.774193525314331,-2.2580645084381104,-2.0173585414886475,0.004605972208082676,-0.31618139147758484
ppo_car_v01,4150000,-5.582704544067383,548.0,,,1.3285515308380127,0.05263157933950424,-0.5789473652839661,-2.8947367668151855,-1.733243465423584,0.0054350849241018295,-0.26804885268211365
ppo_car_v01,4160000,-4.512940406799316,358.9615478515625,,,1.3285515308380127,0.23076923191547394,-0.5769230723381042,-3.653846263885498,-1.4305583238601685,0.004169369116425514,-0.23115038871765137
ppo_car_v01,4170000,-4.118411540985107,511.375,0.014715715311467648,0.13300496339797974,1.327967882156372,0.15000000596046448,-0.3499999940395355,-2.75,-1.6385349035263062,0.010512886568903923,-0.26684054732322693
ppo_car_v01,4180000,-4.753884792327881,470.8500061035156,,,1.3279473781585693,0.3636363744735718,-0.8636363744735718,-3.1818182468414307,-1.7147436141967773,0.007375294342637062,-0.2617451846599579
ppo_car_v01,4190000,-4.9237189292907715,648.1333618164062,0.012741620652377605,0.08753369003534317,1.3276814222335815,0.47058823704719543,-0.7647058963775635,-2.6470587253570557,-2.2890520095825195,0.005183618515729904,-0.3602584898471832
ppo_car_v01,4200000,-4.4030961990356445,555.6842041015625,,,1.3276503086090088,0.260869562625885,-0.695652186870575,-2.3913042545318604,-1.8384028673171997,0.002274781232699752,-0.27952978014945984
ppo_car_v01,4210000,-4.991875648498535,674.125,0.019824670627713203,0.04986899718642235,1.3273146152496338,0.21052631735801697,-0.7368420958518982,-2.1052632331848145,-2.2737483978271484,0.005847858265042305,-0.35837221145629883
ppo_car_v01,4220000,-4.090129852294922,362.7083435058594,,,1.3272550106048584,0.1818181872367859,-0.7272727489471436,-2.954545497894287,-1.5742555856704712,0.00409905007109046,-0.24225538969039917
ppo_car_v01,4230000,-4.405614852905273,505.9545593261719,0.014373681508004665,0.09765985608100891,1.3270680904388428,0.23999999463558197,-0.6399999856948853,-2.4000000953674316,-1.7837008237838745,0.0030856686644256115,-0.2971765398979187
ppo_car_v01,4240000,-3.880068063735962,534.0,,,1.3270303010940552,0.23529411852359772,-0.8235294222831726,-1.7647058963775635,-2.2644317150115967,0.004506863187998533,-0.3783734440803528
ppo_car_v01,4250000,-4.942630767822266,508.2799987792969,0.01634099893271923,0.06489180028438568,1.32685387134552,0.14814814925193787,-0.6666666865348816,-2.592592477798462,-1.8854068517684937,0.0039190431125462055,-0.30945488810539246
ppo_car_v01,4260000,-4.644402503967285,377.5185241699219,,,1.3267878293991089,0.15625,-0.59375,-3.4375,-1.2755118608474731,0.004054012708365917,-0.20914144814014435
ppo_car_v01,4270000,-4.675520420074463,390.4375,0.02014709636569023,0.11249391734600067,1.3268176317214966,0.4285714328289032,-0.7857142686843872,-3.5714285373687744,-1.7864023447036743,0.0028646294958889484,-0.28396427631378174
ppo_car_v01,4280000,-4.905258655548096,591.6666870117188,,,1.3268325328826904,0.3478260934352875,-0.739130437374115,-2.82608699798584,-1.854608416557312,0.004154054448008537,-0.2933127284049988
ppo_car_v01,4290000,-5.458076000213623,925.4615478515625,0.016133412718772888,0.06629614531993866,1.3269001245498657,0.6666666865348816,-1.0,-1.3333333730697632,-3.211484670639038,0.010938812978565693,-0.5311404466629028
ppo_car_v01,4300000,-4.778198719024658,597.0,,,1.3269360065460205,0.20000000298023224,-0.44999998807907104,-2.75,-1.7937294244766235,0.008318649604916573,-0.2999294102191925
ppo_car_v01,4310000,-3.7053887844085693,463.72222900390625,0.022349122911691666,0.05032578110694885,1.3268181085586548,0.190476194024086,-0.5714285969734192,-2.6190476417541504,-1.5917351245880127,0.0036633226554840803,-0.254375696182251
ppo_car_v01,4320000,-4.334659099578857,516.727294921875,,,1.3267308473587036,0.2222222238779068,-0.5185185074806213,-2.592592477798462,-1.68622624874115,0.008116580545902252,-0.26460424065589905
ppo_car_v01,4330000,-4.508407115936279,337.25,0.017885912209749222,0.08149558305740356,1.3267618417739868,0.17391304671764374,-0.47826087474823,-3.4782607555389404,-1.175072431564331,0.0033632644917815924,-0.18746033310890198
ppo_car_v01,4340000,-5.1100077629089355,663.2999877929688,,,1.326793909072876,0.27586206793785095,-0.5862069129943848,-2.7586207389831543,-1.8324809074401855,0.006461710203438997,-0.29791781306266785
ppo_car_v01,4350000,-4.19894552230835,362.25714111328125,0.013102922588586807,0.05543293058872223,1.326578140258789,0.10810811072587967,-0.4864864945411682,-3.1081080436706543,-1.3718181848526,0.003939199727028608,-0.21712225675582886
ppo_car_v01,4360000,-4.214108943939209,315.521728515625,,,1.326328992843628,0.25,-0.5833333134651184,-3.3333332538604736,-1.2111117839813232,0.00342275807633996,-0.20483851432800293
ppo_car_v01,4370000,-4.738112926483154,551.5,0.017130106687545776,0.0943835973739624,1.3261654376983643,0.47999998927116394,-0.6000000238418579,-3.200000047683716,-1.9419711828231812,0.0060220868326723576,-0.3124863803386688
ppo_car_v01,4380000,-4.0387420654296875,545.375,,,1.3259179592132568,0.11764705926179886,-0.6470588445663452,-1.7647058963775635,-2.054331064224243,0.006940446328371763,-0.3411392271518707
ppo_car_v01,4390000,-3.6850152015686035,437.25,0.015769340097904205,0.07514078915119171,1.3258625268936157,0.0,-0.3333333432674408,-2.6666667461395264,-1.4005836248397827,0.0020818619523197412,-0.21583060920238495
ppo_car_v01,4400000,-4.856780529022217,899.3571166992188,,,1.325758695602417,0.5,-0.8571428656578064,-1.0714285373687744,-3.6005382537841797,0.014590452425181866,-0.5567275285720825
ppo_car_v01,4410000,-4.051628589630127,639.6428833007812,0.0187014639377594,0.024307455867528915,1.325666069984436,0.25,-0.5625,-1.875,-2.24133038520813,0.00545390835031867,-0.37194111943244934
ppo_car_v01,4420000,-4.538629531860352,454.75,,,1.3254473209381104,0.30434781312942505,-0.8695651888847351,-2.82608699798584,-1.8998337984085083,0.004208247642964125,-0.3174664378166199
ppo_car_v01,4430000,-4.289356708526611,620.625,0.015685921534895897,0.056536465883255005,1.3253626823425293,0.2222222238779068,-0.6111111044883728,-1.6666666269302368,-2.2097411155700684,0.009786194190382957,-0.3389967381954193
ppo_car_v01,4440000,-4.1421356201171875,528.423095703125,,,1.3250750303268433,0.13793103396892548,-0.6206896305084229,-2.068965435028076,-1.8972127437591553,0.004853681195527315,-0.2965739965438843
ppo_car_v01,4450000,-3.3871848583221436,472.9583435058594,0.01512931939214468,0.03349879011511803,1.3250408172607422,0.1818181872367859,-0.8636363744735718,-1.5909091234207153,-2.064293384552002,0.0028461322654038668,-0.31275007128715515
ppo_car_v01,4460000,-3.923105478286743,541.625,,,1.32486093044281,0.2857142984867096,-0.8571428656578064,-1.0714285373687744,-2.4789700508117676,0.005881159566342831,-0.36785873770713806
ppo_car_v01,4470000,-4.179162979125977,754.2000122070312,0.01769961789250374,0.0376698337495327,1.3248472213745117,0.27272728085517883,-0.9090909361839294,-0.4545454680919647,-2.7461485862731934,0.003236460266634822,-0.42203715443611145
ppo_car_v01,4480000,-4.816262722015381,378.3103332519531,,,1.3246562480926514,0.2068965584039688,-0.6896551847457886,-3.7931034564971924,-1.5140398740768433,0.005613419227302074,-0.23704436421394348
ppo_car_v01,4490000,-5.166204929351807,536.5,0.018467310816049576,0.13525216281414032,1.3246541023254395,0.3478260934352875,-0.695652186870575,-3.2608695030212402,-1.4958053827285767,0.0029084146954119205,-0.23305751383304596
ppo_car_v01,4500000,-4.343955039978027,506.75,,,1.3245656490325928,0.25,-0.5,-2.75,-2.0277633666992188,0.012156696990132332,-0.32672297954559326
ppo_car_v01,4510000,-4.332119941711426,725.076904296875,,,1.3245656490325928,0.2222222238779068,-0.6666666865348816,-1.6666666269302368,-2.097747325897217,0.008783223107457161,-0.31954678893089294
ppo_car_v01,4520000,-3.6225287914276123,490.70587158203125,0.0161447674036026,0.04625764861702919,1.3245962858200073,0.23529411852359772,-0.6470588445663452,-2.058823585510254,-1.9633347988128662,0.0034960168413817883,-0.3074668049812317
ppo_car_v01,4530000,-4.397572040557861,698.4666748046875,,,1.324596643447876,0.1764705926179886,-0.6470588445663452,-1.470588207244873,-2.468254804611206,0.01069621928036213,-0.3696025311946869
ppo_car_v01,4540000,-4.278670787811279,437.0,0.017894592136144638,0.05389774218201637,1.3243569135665894,0.13333334028720856,-0.5333333611488342,-2.6666667461395264,-1.8656136989593506,0.006922249682247639,-0.3018997609615326
ppo_car_v01,4550000,-4.230620384216309,500.4545593261719,,,1.3243390321731567,0.14814814925193787,-0.6296296119689941,-2.407407522201538,-1.6336476802825928,0.005471094977110624,-0.25653305649757385
ppo_car_v01,4560000,-3.992678165435791,549.3333129882812,0.020802326500415802,0.0794469341635704,1.3241153955459595,0.0,-0.4444444477558136,-1.9444444179534912,-1.8337007761001587,0.0037267974112182856,-0.2756294906139374
ppo_car_v01,4570000,-4.210483074188232,634.8571166992188,,,1.3240758180618286,0.25,-0.5,-2.1875,-2.224531650543213,0.009707095101475716,-0.3448798656463623
ppo_car_v01,4580000,-4.3394012451171875,442.7916564941406,0.015853017568588257,0.02391744963824749,1.323861837387085,0.19230769574642181,-0.5384615659713745,-2.884615421295166,-1.6351981163024902,0.005671109538525343,-0.25861573219299316
ppo_car_v01,4590000,-4.53674840927124,684.25,,,1.3238192796707153,0.3571428656578064,-0.8571428656578064,-1.4285714626312256,-2.3496856689453125,0.008880403824150562,-0.3353096842765808
ppo_car_v01,4600000,-4.692713737487793,450.875,0.01632631942629814,0.07119553536176682,1.3237601518630981,0.23999999463558197,-0.5600000023841858,-3.4000000953674316,-1.7335294485092163,0.006953009404242039,-0.25738605856895447
ppo_car_v01,4610000,-4.552154541015625,642.2142944335938,,,1.323739767074585,0.529411792755127,-0.9411764740943909,-2.3529412746429443,-2.116884469985962,0.0016451936680823565,-0.33898502588272095
ppo_car_v01,4620000,-5.527677059173584,893.1666870117188,0.01953738182783127,0.06830711662769318,1.3235770463943481,0.4000000059604645,-0.8666666746139526,-1.6666666269302368,-2.861271858215332,0.0070025245659053326,-0.4363138973712921
ppo_car_v01,4630000,-3.804776191711426,414.3333435058594,,,1.32350754737854,0.0555555559694767,-0.5555555820465088,-2.5,-1.6578096151351929,0.007923987694084644,-0.24654512107372284
ppo_car_v01,4640000,-4.651958465576172,718.25,0.02074466273188591,0.04561774805188179,1.3234837055206299,0.3913043439388275,-0.695652186870575,-1.7391303777694702,-2.5017285346984863,0.008815350942313671,-0.3866627812385559
ppo_car_v01,4650000,-4.41106653213501,399.1600036621094,,,1.3234690427780151,0.21739129722118378,-0.6086956262588501,-3.2608695030212402,-1.7356289625167847,0.006879298482090235,-0.2801109850406647
ppo_car_v01,4660000,-4.235018253326416,457.8823547363281,0.019363977015018463,0.07351354509592056,1.3233757019042969,0.2380952388048172,-0.5714285969734192,-3.095238208770752,-1.4843039512634277,0.000872648146469146,-0.2306419014930725
ppo_car_v01,4670000,-4.7382707595825195,569.368408203125,,,1.3233072757720947,0.43478259444236755,-0.6521739363670349,-2.82608699798584,-1.883655071258545,0.004644750151783228,-0.28442221879959106
ppo_car_v01,4680000,-4.702099323272705,517.5625,0.016046123579144478,0.059167638421058655,1.3232471942901611,0.15789473056793213,-0.5263158082962036,-2.8947367668151855,-1.744864821434021,0.010173751972615719,-0.2899467349052429
ppo_car_v01,4690000,-4.737147808074951,695.4666748046875,,,1.3231918811798096,0.4000000059604645,-0.9333333373069763,-1.6666666269302368,-2.784453868865967,0.008873824961483479,-0.42877519130706787
ppo_car_v01,4700000,-4.3038225173950195,430.4285583496094,0.017668213695287704,0.06378201395273209,1.3231167793273926,0.2380952388048172,-0.6666666865348816,-2.6190476417541504,-1.722876787185669,0.0046064709313213825,-0.2584487795829773
ppo_car_v01,4710000,-4.7370100021362305,406.22222900390625,,,1.3230496644973755,0.3571428656578064,-0.6428571343421936,-3.5714285373687744,-1.5689547061920166,0.01025098655372858,-0.2334456741809845
ppo_car_v01,4720000,-3.9249041080474854,507.8999938964844,0.018337059766054153,0.1071736067533493,1.3229622840881348,0.43478259444236755,-0.47826087474823,-2.82608699798584,-1.7643554210662842,0.00842376984655857,-0.2612535059452057
ppo_car_v01,4730000,-4.408267021179199,600.2999877929688,,,1.3228480815887451,0.47826087474823,-0.6086956262588501,-2.3913042545318604,-2.090869903564453,0.008663469925522804,-0.3178606927394867
ppo_car_v01,4740000,-3.8789467811584473,567.5333251953125,0.014802717603743076,0.05920509994029999,1.3227654695510864,0.13333334028720856,-0.4000000059604645,-1.6666666269302368,-2.273038864135742,0.012484533712267876,-0.3521026372909546
ppo_car_v01,4750000,-4.4467549324035645,441.31817626953125,,,1.3226145505905151,0.22727273404598236,-0.5909090638160706,-2.954545497894287,-1.763607144355774,0.008084842003881931,-0.2774195671081543
ppo_car_v01,4760000,-3.425060749053955,517.375,0.011108817532658577,0.06524444371461868,1.3225359916687012,0.10526315867900848,-0.4736842215061188,-2.3684210777282715,-1.741864562034607,0.0065076276659965515,-0.2509927749633789
ppo_car_v01,4770000,-4.235452175140381,656.9500122070312,,,1.3223744630813599,0.190476194024086,-0.6190476417541504,-1.4285714626312256,-2.5049962997436523,0.009062963537871838,-0.3948264420032501
ppo_car_v01,4780000,-3.746227979660034,655.0,0.018508348613977432,0.013679743744432926,1.3223196268081665,0.3333333432674408,-0.5833333134651184,-1.25,-2.404545783996582,0.012310732156038284,-0.37591463327407837
ppo_car_v01,4790000,-4.044987678527832,471.13043212890625,,,1.3221837282180786,0.22727273404598236,-0.5909090638160706,-2.5,-1.9722323417663574,0.00626823166385293,-0.30764809250831604
ppo_car_v01,4800000,-4.34145450592041,408.2272644042969,0.012894588522613049,0.08429118245840073,1.322158694267273,0.13333334028720856,-0.4333333373069763,-3.3333332538604736,-1.199520230293274,0.002806882606819272,-0.18747533857822418
ppo_car_v01,4810000,-4.1342644691467285,508.75,,,1.3220374584197998,0.20000000298023224,-0.4000000059604645,-2.799999952316284,-1.6274100542068481,0.010335102677345276,-0.24730871617794037
ppo_car_v01,4820000,-4.057407379150391,510.2962951660156,0.017934506759047508,0.05932282656431198,1.3220300674438477,0.20000000298023224,-0.5142857432365417,-2.857142925262451,-1.5763473510742188,0.0025759434793144464,-0.24160107970237732
ppo_car_v01,4830000,-3.979274272918701,536.888916015625,,,1.3219883441925049,0.2222222238779068,-0.6111111044883728,-1.9444444179534912,-2.1476333141326904,0.007889407686889172,-0.3356996774673462
ppo_car_v01,4840000,-5.115684509277344,641.6923217773438,0.013526606373488903,0.060969457030296326,1.321997880935669,0.1538461595773697,-0.7692307829856873,-2.307692289352417,-2.5697360038757324,0.007871383801102638,-0.40038999915122986
ppo_car_v01,4850000,-3.6497185230255127,505.625,,,1.3220579624176025,0.13333334028720856,-0.5333333611488342,-2.0,-2.1565537452697754,0.007152229081839323,-0.33959320187568665
ppo_car_v01,4860000,-5.299476146697998,666.4705810546875,0.016186850145459175,0.0500195287168026,1.3220579624176025,0.380952388048172,-0.761904776096344,-2.857142925262451,-2.1605706214904785,0.009323363192379475,-0.3294946849346161
ppo_car_v01,4870000,-3.763869285583496,461.23809814453125,,,1.3220570087432861,0.0476190485060215,-0.4761904776096344,-2.142857074737549,-1.8471163511276245,0.006412156857550144,-0.28355321288108826
ppo_car_v01,4880000,-4.605251312255859,538.7619018554688,,,1.3220571279525757,0.2083333283662796,-0.4583333432674408,-2.7083332538604736,-1.8885529041290283,0.005745898466557264,-0.28370168805122375
ppo_car_v01,4890000,-4.222632884979248,433.5199890136719,0.017556780949234962,0.08162933588027954,1.3220140933990479,0.1666666716337204,-0.5833333134651184,-2.7083332538604736,-1.8088924884796143,0.007777357939630747,-0.2827483117580414
ppo_car_v01,4900000,-3.4758694171905518,564.7333374023438,,,1.3220140933990479,0.125,-0.5625,-1.5625,-2.1190972328186035,0.00503109535202384,-0.31824639439582825
ppo_car_v01,4910000,-3.6465182304382324,623.3571166992188,0.02099612168967724,0.06884459406137466,1.3219819068908691,0.3333333432674408,-0.8333333134651184,-0.8333333134651184,-2.9107744693756104,0.012863804586231709,-0.4382382929325104
ppo_car_v01,4920000,-5.079801082611084,698.2142944335938,,,1.321979284286499,0.4117647111415863,-0.7647058963775635,-2.058823585510254,-2.3027737140655518,0.010678623802959919,-0.3631279468536377
ppo_car_v01,4930000,-4.679908275604248,622.25,0.017204824835062027,0.02124851755797863,1.321972370147705,0.20000000298023224,-0.6499999761581421,-2.25,-1.993964672088623,0.005196040961891413,-0.306147038936615
ppo_car_v01,4940000,-3.6512949466705322,612.6666870117188,,,1.3219718933105469,0.25,-0.75,-0.9375,-2.7583236694335938,0.012846751138567924,-0.44075530767440796
ppo_car_v01,4950000,-4.8148345947265625,465.7916564941406,0.01906203292310238,0.03838545083999634,1.3219460248947144,0.29629629850387573,-0.5555555820465088,-3.3333332538604736,-1.658011794090271,0.005083158146589994,-0.2522778809070587
ppo_car_v01,4960000,-4.3122239112854,525.111083984375,,,1.3219406604766846,0.09090909361839294,-0.5,-2.5,-1.7190637588500977,0.0064362818375229836,-0.26869067549705505
ppo_car_v01,4970000,-3.567478895187378,669.7999877929688,0.013642946258187294,0.10016775876283646,1.3219375610351562,0.4375,-0.8125,-1.25,-2.5144546031951904,0.0032562343403697014,-0.39555418491363525
ppo_car_v01,4980000,-4.63839864730835,374.2608642578125,,,1.321936845779419,0.09677419066429138,-0.4838709533214569,-3.387096881866455,-1.1130510568618774,0.0030461724381893873,-0.17070317268371582
ppo_car_v01,4990000,-4.001648902893066,431.69696044921875,0.01822701096534729,0.06216242164373398,1.3219404220581055,0.20000000298023224,-0.5666666626930237,-3.0,-1.895904779434204,0.00409560464322567,-0.2926715910434723
ppo_car_v01,5000000,-5.34107780456543,458.72222900390625,,,1.321941614151001,0.1304347813129425,-0.5652173757553101,-3.04347825050354,-1.4385937452316284,0.00544384028762579,-0.2307303100824356
