t,steering,throttle,brake,speed,speed_mag,wheel_ms,motor_nm,headroom,x,y,z,yaw_deg,source
0.0200,0.00000,0.0000,0.0000,0.00000,0.00000,0.04791,0.0,1.0000,-24.7011,0.5000,-6.4665,134.884,ppo_car_spread_a_deterministic
0.0400,0.00000,0.0000,0.0000,0.00120,0.00182,0.00880,0.0,1.0000,-24.7003,0.4993,-6.4669,134.884,ppo_car_spread_a_deterministic
0.0600,-0.08594,0.0061,0.0000,0.00138,0.00236,0.00753,0.0,1.0000,-24.6995,0.4980,-6.4673,134.884,ppo_car_spread_a_deterministic
0.0800,-0.08594,0.0061,0.0000,0.00530,0.00530,0.30325,3.2,1.0000,-24.6989,0.4960,-6.4676,134.885,ppo_car_spread_a_deterministic
0.1000,-0.08594,0.0061,0.0000,-0.00137,0.00265,0.25576,3.2,1.0000,-24.6985,0.4938,-6.4678,134.886,ppo_car_spread_a_deterministic
0.1200,-0.11735,0.0301,0.0000,0.00696,0.00654,0.25632,3.2,1.0000,-24.6981,0.4914,-6.4680,134.887,ppo_car_spread_a_deterministic
0.1400,-0.11735,0.0301,0.0000,0.00990,0.00931,0.31646,15.8,1.0000,-24.6978,0.4889,-6.4682,134.890,ppo_car_spread_a_deterministic
0.1600,-0.11735,0.0301,0.0000,0.00514,0.00458,0.20203,15.8,1.0000,-24.6977,0.4865,-6.4683,134.890,ppo_car_spread_a_deterministic
0.1800,-0.11735,0.0301,0.0000,0.01109,0.01048,0.20207,15.8,1.0000,-24.6975,0.4842,-6.4684,134.890,ppo_car_spread_a_deterministic
0.2000,-0.12321,0.0349,0.0000,0.01389,0.01334,0.40389,15.8,1.0000,-24.6973,0.4821,-6.4685,134.887,ppo_car_spread_a_deterministic
0.2200,-0.12321,0.0349,0.0000,0.01802,0.01755,0.27645,18.3,1.0000,-24.6972,0.4802,-6.4687,134.887,ppo_car_spread_a_deterministic
0.2400,-0.12321,0.0349,0.0000,0.01993,0.01955,0.18412,18.3,1.0000,-24.6971,0.4786,-6.4688,134.885,ppo_car_spread_a_deterministic
0.2600,-0.12321,0.0349,0.0000,0.02829,0.02800,0.12126,18.3,1.0000,-24.6969,0.4771,-6.4691,134.884,ppo_car_spread_a_deterministic
0.2800,-0.12364,0.0215,0.0000,0.02975,0.02954,0.17678,18.3,1.0000,-24.6967,0.4759,-6.4694,134.883,ppo_car_spread_a_deterministic
0.3000,-0.12364,0.0215,0.0000,0.03226,0.03213,0.26232,11.3,1.0000,-24.6964,0.4750,-6.4697,134.880,ppo_car_spread_a_deterministic
0.3200,-0.12364,0.0215,0.0000,0.03641,0.03634,0.36318,11.3,1.0000,-24.6962,0.4742,-6.4700,134.882,ppo_car_spread_a_deterministic
0.3400,-0.12364,0.0215,0.0000,0.03675,0.03673,0.30994,11.3,1.0000,-24.6959,0.4736,-6.4704,134.883,ppo_car_spread_a_deterministic
0.3600,-0.12215,0.0040,0.0000,0.04202,0.04203,0.27893,11.3,1.0000,-24.6955,0.4731,-6.4709,134.880,ppo_car_spread_a_deterministic
0.3800,-0.12215,0.0040,0.0000,0.04294,0.04298,0.26672,2.1,1.0000,-24.6951,0.4728,-6.4714,134.878,ppo_car_spread_a_deterministic
0.4000,-0.12215,0.0040,0.0000,0.03527,0.03532,0.29984,2.1,1.0000,-24.6949,0.4726,-6.4717,134.877,ppo_car_spread_a_deterministic
0.4200,-0.12215,0.0040,0.0000,0.04012,0.04018,0.23270,2.1,1.0000,-24.6945,0.4725,-6.4722,134.876,ppo_car_spread_a_deterministic
0.4400,-0.12246,0.0055,0.0000,0.04326,0.04332,0.27785,2.1,1.0000,-24.6941,0.4725,-6.4727,134.877,ppo_car_spread_a_deterministic
0.4600,-0.12246,0.0055,0.0000,0.03454,0.03459,0.19509,2.9,1.0000,-24.6937,0.4726,-6.4731,134.876,ppo_car_spread_a_deterministic
0.4800,-0.12246,0.0055,0.0000,0.03759,0.03764,0.24294,2.9,1.0000,-24.6934,0.4727,-6.4736,134.874,ppo_car_spread_a_deterministic
0.5000,-0.12246,0.0055,0.0000,0.04103,0.04108,0.37172,2.9,1.0000,-24.6929,0.4728,-6.4741,134.872,ppo_car_spread_a_deterministic
0.5200,-0.12244,0.0038,0.0000,0.04275,0.04279,0.17461,2.9,1.0000,-24.6924,0.4729,-6.4747,134.871,ppo_car_spread_a_deterministic
0.5400,-0.12244,0.0038,0.0000,0.04277,0.04281,0.10488,2.0,1.0000,-24.6919,0.4731,-6.4752,134.869,ppo_car_spread_a_deterministic
0.5600,-0.12244,0.0038,0.0000,0.04284,0.04288,0.35096,2.0,1.0000,-24.6913,0.4732,-6.4758,134.863,ppo_car_spread_a_deterministic
0.5800,-0.12244,0.0038,0.0000,0.03574,0.03577,0.32324,2.0,1.0000,-24.6909,0.4734,-6.4763,134.861,ppo_car_spread_a_deterministic
0.6000,-0.12257,0.0000,0.0001,0.04043,0.04046,0.39619,2.0,1.0000,-24.6903,0.4735,-6.4768,134.857,ppo_car_spread_a_deterministic
0.6200,-0.12257,0.0000,0.0001,0.04631,0.04635,0.26334,0.0,1.0000,-24.6897,0.4736,-6.4775,134.854,ppo_car_spread_a_deterministic
0.6400,-0.12257,0.0000,0.0001,0.04431,0.04434,0.26586,0.0,1.0000,-24.6890,0.4737,-6.4781,134.854,ppo_car_spread_a_deterministic
0.6600,-0.12257,0.0000,0.0001,0.04051,0.04053,0.34552,0.0,1.0000,-24.6885,0.4738,-6.4787,134.850,ppo_car_spread_a_deterministic
0.6800,-0.12136,0.0000,0.0034,0.04446,0.04448,0.21532,0.0,1.0000,-24.6878,0.4739,-6.4793,134.848,ppo_car_spread_a_deterministic
0.7000,-0.12136,0.0000,0.0034,0.03798,0.03800,0.33218,-0.7,1.0000,-24.6872,0.4740,-6.4798,134.846,ppo_car_spread_a_deterministic
0.7200,-0.12136,0.0000,0.0034,0.03942,0.03943,0.40689,-0.7,1.0000,-24.6867,0.4740,-6.4804,134.848,ppo_car_spread_a_deterministic
0.7400,-0.12136,0.0000,0.0034,0.04384,0.04385,0.32964,-0.7,1.0000,-24.6860,0.4741,-6.4810,134.846,ppo_car_spread_a_deterministic
0.7600,-0.12110,0.0008,0.0000,0.04729,0.04731,0.26607,-0.7,1.0000,-24.6853,0.4741,-6.4817,134.847,ppo_car_spread_a_deterministic
0.7800,-0.12110,0.0008,0.0000,0.04677,0.04679,0.21355,0.4,1.0000,-24.6845,0.4742,-6.4824,134.845,ppo_car_spread_a_deterministic
0.8000,-0.12110,0.0008,0.0000,0.04566,0.04568,0.29537,0.4,1.0000,-24.6838,0.4742,-6.4830,134.846,ppo_car_spread_a_deterministic
0.8200,-0.12110,0.0008,0.0000,0.03993,0.03994,0.39625,0.4,1.0000,-24.6832,0.4742,-6.4836,134.846,ppo_car_spread_a_deterministic
0.8400,-0.12063,0.0000,0.0051,0.04178,0.04179,0.24905,0.4,1.0000,-24.6826,0.4742,-6.4841,134.846,ppo_car_spread_a_deterministic
0.8600,-0.12063,0.0000,0.0051,0.03783,0.03784,0.35764,-1.1,1.0000,-24.6820,0.4742,-6.4847,134.846,ppo_car_spread_a_deterministic
0.8800,-0.12063,0.0000,0.0051,0.05039,0.05040,0.28927,-1.1,1.0000,-24.6812,0.4742,-6.4854,134.844,ppo_car_spread_a_deterministic
0.9000,-0.12063,0.0000,0.0051,0.04811,0.04812,0.29438,-1.1,1.0000,-24.6805,0.4742,-6.4860,134.844,ppo_car_spread_a_deterministic
0.9200,-0.12047,0.0000,0.0087,0.04299,0.04299,0.24746,-1.1,1.0000,-24.6798,0.4742,-6.4866,134.841,ppo_car_spread_a_deterministic
0.9400,-0.12047,0.0000,0.0087,0.03408,0.03408,0.38011,-1.8,1.0000,-24.6793,0.4742,-6.4871,134.843,ppo_car_spread_a_deterministic
0.9600,-0.12047,0.0000,0.0087,0.03410,0.03411,0.26603,-1.8,1.0000,-24.6788,0.4742,-6.4876,134.841,ppo_car_spread_a_deterministic
0.9800,-0.12047,0.0000,0.0087,0.03739,0.03740,0.39056,-1.8,1.0000,-24.6782,0.4741,-6.4881,134.843,ppo_car_spread_a_deterministic
1.0000,-0.12182,0.0070,0.0000,0.04144,0.04145,0.19837,-1.8,1.0000,-24.6776,0.4741,-6.4886,134.841,ppo_car_spread_a_deterministic
1.0200,-0.12182,0.0070,0.0000,0.04094,0.04095,0.20983,3.7,1.0000,-24.6770,0.4741,-6.4892,134.838,ppo_car_spread_a_deterministic
1.0400,-0.12182,0.0070,0.0000,0.04277,0.04278,0.38983,3.7,1.0000,-24.6764,0.4741,-6.4898,134.839,ppo_car_spread_a_deterministic
1.0600,-0.12182,0.0070,0.0000,0.04068,0.04069,0.11889,3.7,1.0000,-24.6758,0.4741,-6.4903,134.838,ppo_car_spread_a_deterministic
1.0800,-0.12105,0.0000,0.0022,0.04062,0.04063,0.20134,3.7,1.0000,-24.6752,0.4741,-6.4909,134.838,ppo_car_spread_a_deterministic
1.1000,-0.12105,0.0000,0.0022,0.03971,0.03972,0.26384,-0.5,1.0000,-24.6746,0.4741,-6.4914,134.837,ppo_car_spread_a_deterministic
1.1200,-0.12105,0.0000,0.0022,0.03778,0.03779,0.40626,-0.5,1.0000,-24.6740,0.4741,-6.4919,134.837,ppo_car_spread_a_deterministic
1.1400,-0.12105,0.0000,0.0022,0.03974,0.03975,0.40121,-0.5,1.0000,-24.6734,0.4741,-6.4925,134.834,ppo_car_spread_a_deterministic
1.1600,-0.12157,0.0029,0.0000,0.03710,0.03711,0.34079,-0.5,1.0000,-24.6729,0.4741,-6.4930,134.834,ppo_car_spread_a_deterministic
1.1800,-0.12157,0.0029,0.0000,0.04169,0.04170,0.29170,1.5,1.0000,-24.6723,0.4741,-6.4935,134.833,ppo_car_spread_a_deterministic
1.2000,-0.12157,0.0029,0.0000,0.04146,0.04147,0.18274,1.5,1.0000,-24.6717,0.4741,-6.4941,134.831,ppo_car_spread_a_deterministic
1.2200,-0.12157,0.0029,0.0000,0.04219,0.04220,0.29239,1.5,1.0000,-24.6711,0.4741,-6.4947,134.830,ppo_car_spread_a_deterministic
1.2400,-0.12157,0.0001,0.0000,0.04546,0.04548,0.24993,1.5,1.0000,-24.6704,0.4741,-6.4953,134.826,ppo_car_spread_a_deterministic
1.2600,-0.12157,0.0001,0.0000,0.04098,0.04100,0.20072,0.1,1.0000,-24.6698,0.4741,-6.4959,134.823,ppo_car_spread_a_deterministic
1.2800,-0.12157,0.0001,0.0000,0.04040,0.04041,0.18324,0.1,1.0000,-24.6692,0.4741,-6.4964,134.820,ppo_car_spread_a_deterministic
1.3000,-0.12157,0.0001,0.0000,0.04389,0.04391,0.26349,0.1,1.0000,-24.6686,0.4741,-6.4970,134.818,ppo_car_spread_a_deterministic
1.3200,-0.12187,0.0013,0.0000,0.04305,0.04307,0.38447,0.1,1.0000,-24.6680,0.4741,-6.4976,134.814,ppo_car_spread_a_deterministic
1.3400,-0.12187,0.0013,0.0000,0.04861,0.04862,0.24352,0.7,1.0000,-24.6673,0.4741,-6.4983,134.815,ppo_car_spread_a_deterministic
1.3600,-0.12187,0.0013,0.0000,0.04224,0.04225,0.40550,0.7,1.0000,-24.6667,0.4741,-6.4989,134.809,ppo_car_spread_a_deterministic
1.3800,-0.12187,0.0013,0.0000,0.04186,0.04188,0.40330,0.7,1.0000,-24.6661,0.4741,-6.4994,134.806,ppo_car_spread_a_deterministic
1.4000,-0.12222,0.0004,0.0000,0.04655,0.04658,0.29082,0.7,1.0000,-24.6654,0.4741,-6.5001,134.803,ppo_car_spread_a_deterministic
1.4200,-0.12222,0.0004,0.0000,0.04410,0.04411,0.24172,0.2,1.0000,-24.6647,0.4741,-6.5007,134.803,ppo_car_spread_a_deterministic
1.4400,-0.12222,0.0004,0.0000,0.04771,0.04772,0.23627,0.2,1.0000,-24.6641,0.4741,-6.5013,134.803,ppo_car_spread_a_deterministic
1.4600,-0.12222,0.0004,0.0000,0.04707,0.04709,0.26223,0.2,1.0000,-24.6634,0.4741,-6.5020,134.805,ppo_car_spread_a_deterministic
1.4800,-0.12099,0.0000,0.0065,0.04248,0.04249,0.37553,0.2,1.0000,-24.6628,0.4741,-6.5026,134.803,ppo_car_spread_a_deterministic
1.5000,-0.12099,0.0000,0.0065,0.04767,0.04769,0.22843,-1.4,1.0000,-24.6621,0.4741,-6.5032,134.802,ppo_car_spread_a_deterministic
1.5200,-0.12099,0.0000,0.0065,0.04470,0.04472,0.19341,-1.4,1.0000,-24.6614,0.4741,-6.5038,134.801,ppo_car_spread_a_deterministic
1.5400,-0.12099,0.0000,0.0065,0.03862,0.03864,0.40541,-1.4,1.0000,-24.6609,0.4741,-6.5044,134.800,ppo_car_spread_a_deterministic
1.5600,-0.12123,0.0000,0.0035,0.04563,0.04565,0.35493,-1.4,1.0000,-24.6602,0.4741,-6.5050,134.797,ppo_car_spread_a_deterministic
1.5800,-0.12123,0.0000,0.0035,0.04142,0.04144,0.28088,-0.7,1.0000,-24.6596,0.4741,-6.5056,134.795,ppo_car_spread_a_deterministic
1.6000,-0.12123,0.0000,0.0035,0.04201,0.04203,0.30986,-0.7,1.0000,-24.6590,0.4741,-6.5061,134.791,ppo_car_spread_a_deterministic
1.6200,-0.12123,0.0000,0.0035,0.04261,0.04262,0.20819,-0.7,1.0000,-24.6584,0.4741,-6.5067,134.788,ppo_car_spread_a_deterministic
1.6400,-0.12193,0.0000,0.0002,0.04789,0.04790,0.24258,-0.7,1.0000,-24.6577,0.4741,-6.5074,134.787,ppo_car_spread_a_deterministic
1.6600,-0.12193,0.0000,0.0002,0.04426,0.04428,0.22843,0.0,1.0000,-24.6570,0.4741,-6.5080,134.786,ppo_car_spread_a_deterministic
1.6800,-0.12193,0.0000,0.0002,0.04203,0.04205,0.40580,0.0,1.0000,-24.6564,0.4741,-6.5086,134.778,ppo_car_spread_a_deterministic
1.7000,-0.12193,0.0000,0.0002,0.04271,0.04273,0.27377,0.0,1.0000,-24.6558,0.4741,-6.5091,134.780,ppo_car_spread_a_deterministic
1.7200,-0.12271,0.0012,0.0000,0.04266,0.04267,0.26484,0.0,1.0000,-24.6552,0.4741,-6.5097,134.776,ppo_car_spread_a_deterministic
1.7400,-0.12271,0.0012,0.0000,0.03964,0.03966,0.38641,0.6,1.0000,-24.6546,0.4741,-6.5103,134.774,ppo_car_spread_a_deterministic
1.7600,-0.12271,0.0012,0.0000,0.04025,0.04027,0.32106,0.6,1.0000,-24.6540,0.4741,-6.5108,134.773,ppo_car_spread_a_deterministic
1.7800,-0.12271,0.0012,0.0000,0.03928,0.03929,0.24203,0.6,1.0000,-24.6534,0.4741,-6.5114,134.773,ppo_car_spread_a_deterministic
1.8000,-0.12204,0.0010,0.0000,0.04181,0.04183,0.16521,0.6,1.0000,-24.6528,0.4741,-6.5119,134.772,ppo_car_spread_a_deterministic
1.8200,-0.12204,0.0010,0.0000,0.04106,0.04107,0.22775,0.5,1.0000,-24.6522,0.4741,-6.5125,134.772,ppo_car_spread_a_deterministic
1.8400,-0.12204,0.0010,0.0000,0.04928,0.04930,0.28832,0.5,1.0000,-24.6515,0.4741,-6.5132,134.771,ppo_car_spread_a_deterministic
1.8600,-0.12204,0.0010,0.0000,0.03749,0.03750,0.31205,0.5,1.0000,-24.6510,0.4741,-6.5137,134.771,ppo_car_spread_a_deterministic
1.8800,-0.12117,0.0000,0.0077,0.04725,0.04726,0.21318,0.5,1.0000,-24.6503,0.4741,-6.5143,134.771,ppo_car_spread_a_deterministic
1.9000,-0.12117,0.0000,0.0077,0.04681,0.04682,0.16164,-1.6,1.0000,-24.6496,0.4741,-6.5150,134.768,ppo_car_spread_a_deterministic
1.9200,-0.12117,0.0000,0.0077,0.04212,0.04214,0.32806,-1.6,1.0000,-24.6490,0.4741,-6.5156,134.771,ppo_car_spread_a_deterministic
1.9400,-0.12117,0.0000,0.0077,0.04016,0.04017,0.17330,-1.6,1.0000,-24.6484,0.4741,-6.5161,134.771,ppo_car_spread_a_deterministic
1.9600,-0.12107,0.0000,0.0021,0.04500,0.04502,0.15128,-1.6,1.0000,-24.6477,0.4741,-6.5167,134.770,ppo_car_spread_a_deterministic
1.9800,-0.12107,0.0000,0.0021,0.04368,0.04370,0.08285,-0.4,1.0000,-24.6471,0.4741,-6.5173,134.769,ppo_car_spread_a_deterministic
2.0000,-0.12107,0.0000,0.0021,0.04044,0.04046,0.32851,-0.4,1.0000,-24.6465,0.4741,-6.5179,134.767,ppo_car_spread_a_deterministic
2.0200,-0.12107,0.0000,0.0021,0.03734,0.03736,0.36501,-0.4,1.0000,-24.6459,0.4741,-6.5184,134.768,ppo_car_spread_a_deterministic
2.0400,-0.12185,0.0009,0.0000,0.04329,0.04331,0.20949,-0.4,1.0000,-24.6453,0.4741,-6.5190,134.767,ppo_car_spread_a_deterministic
2.0600,-0.12185,0.0009,0.0000,0.03206,0.03207,0.40522,0.5,1.0000,-24.6449,0.4741,-6.5194,134.765,ppo_car_spread_a_deterministic
2.0800,-0.12185,0.0009,0.0000,0.03880,0.03881,0.31141,0.5,1.0000,-24.6443,0.4741,-6.5199,134.764,ppo_car_spread_a_deterministic
2.1000,-0.12185,0.0009,0.0000,0.04270,0.04271,0.17730,0.5,1.0000,-24.6437,0.4741,-6.5205,134.764,ppo_car_spread_a_deterministic
2.1200,-0.12194,0.0022,0.0000,0.03988,0.03990,0.37200,0.5,1.0000,-24.6431,0.4741,-6.5211,134.762,ppo_car_spread_a_deterministic
2.1400,-0.12194,0.0022,0.0000,0.04198,0.04199,0.19874,1.2,1.0000,-24.6425,0.4741,-6.5216,134.758,ppo_car_spread_a_deterministic
2.1600,-0.12194,0.0022,0.0000,0.04197,0.04199,0.28653,1.2,1.0000,-24.6419,0.4741,-6.5222,134.758,ppo_car_spread_a_deterministic
2.1800,-0.12194,0.0022,0.0000,0.04710,0.04712,0.25506,1.2,1.0000,-24.6412,0.4741,-6.5229,134.758,ppo_car_spread_a_deterministic
2.2000,-0.12175,0.0000,0.0008,0.04801,0.04803,0.25094,1.2,1.0000,-24.6405,0.4741,-6.5235,134.756,ppo_car_spread_a_deterministic
2.2200,-0.12175,0.0000,0.0008,0.04177,0.04178,0.20334,-0.2,1.0000,-24.6399,0.4741,-6.5241,134.754,ppo_car_spread_a_deterministic
2.2400,-0.12175,0.0000,0.0008,0.04370,0.04371,0.24365,-0.2,1.0000,-24.6392,0.4741,-6.5247,134.749,ppo_car_spread_a_deterministic
2.2600,-0.12175,0.0000,0.0008,0.04358,0.04360,0.40152,-0.2,1.0000,-24.6386,0.4741,-6.5253,134.746,ppo_car_spread_a_deterministic
2.2800,-0.12228,0.0000,0.0011,0.04060,0.04062,0.17775,-0.2,1.0000,-24.6380,0.4741,-6.5259,134.746,ppo_car_spread_a_deterministic
2.3000,-0.12228,0.0000,0.0011,0.03969,0.03971,0.26864,-0.2,1.0000,-24.6374,0.4741,-6.5264,134.746,ppo_car_spread_a_deterministic
2.3200,-0.12228,0.0000,0.0011,0.03975,0.03977,0.40274,-0.2,1.0000,-24.6368,0.4741,-6.5269,134.749,ppo_car_spread_a_deterministic
2.3400,-0.12228,0.0000,0.0011,0.03853,0.03854,0.26381,-0.2,1.0000,-24.6363,0.4741,-6.5275,134.748,ppo_car_spread_a_deterministic
2.3600,-0.12169,0.0006,0.0000,0.04293,0.04295,0.26154,-0.2,1.0000,-24.6356,0.4741,-6.5281,134.746,ppo_car_spread_a_deterministic
2.3800,-0.12169,0.0006,0.0000,0.04524,0.04526,0.16713,0.3,1.0000,-24.6350,0.4741,-6.5287,134.743,ppo_car_spread_a_deterministic
2.4000,-0.12169,0.0006,0.0000,0.04365,0.04368,0.38365,0.3,1.0000,-24.6343,0.4741,-6.5293,134.743,ppo_car_spread_a_deterministic
2.4200,-0.12169,0.0006,0.0000,0.04023,0.04024,0.40653,0.3,1.0000,-24.6338,0.4741,-6.5298,134.744,ppo_car_spread_a_deterministic
2.4400,-0.12169,0.0000,0.0027,0.04487,0.04488,0.20061,0.3,1.0000,-24.6331,0.4741,-6.5304,134.745,ppo_car_spread_a_deterministic
2.4600,-0.12169,0.0000,0.0027,0.04783,0.04784,0.27997,-0.6,1.0000,-24.6324,0.4741,-6.5311,134.742,ppo_car_spread_a_deterministic
2.4800,-0.12169,0.0000,0.0027,0.04789,0.04790,0.23869,-0.6,1.0000,-24.6317,0.4741,-6.5317,134.741,ppo_car_spread_a_deterministic
2.5000,-0.12169,0.0000,0.0027,0.03768,0.03769,0.39873,-0.6,1.0000,-24.6312,0.4741,-6.5323,134.739,ppo_car_spread_a_deterministic
2.5200,-0.12141,0.0000,0.0064,0.03909,0.03911,0.36786,-0.6,1.0000,-24.6306,0.4741,-6.5328,134.739,ppo_car_spread_a_deterministic
2.5400,-0.12141,0.0000,0.0064,0.04841,0.04843,0.25469,-1.3,1.0000,-24.6299,0.4741,-6.5335,134.739,ppo_car_spread_a_deterministic
2.5600,-0.12141,0.0000,0.0064,0.04177,0.04178,0.27517,-1.3,1.0000,-24.6293,0.4741,-6.5340,134.740,ppo_car_spread_a_deterministic
2.5800,-0.12141,0.0000,0.0064,0.04181,0.04183,0.27370,-1.3,1.0000,-24.6287,0.4741,-6.5346,134.737,ppo_car_spread_a_deterministic
2.6000,-0.12159,0.0000,0.0010,0.04023,0.04024,0.22072,-1.3,1.0000,-24.6281,0.4741,-6.5351,134.738,ppo_car_spread_a_deterministic
2.6200,-0.12159,0.0000,0.0010,0.04393,0.04395,0.20744,-0.2,1.0000,-24.6274,0.4741,-6.5357,134.739,ppo_car_spread_a_deterministic
2.6400,-0.12159,0.0000,0.0010,0.04066,0.04067,0.20617,-0.2,1.0000,-24.6268,0.4741,-6.5363,134.739,ppo_car_spread_a_deterministic
2.6600,-0.12159,0.0000,0.0010,0.04556,0.04558,0.28013,-0.2,1.0000,-24.6262,0.4741,-6.5369,134.738,ppo_car_spread_a_deterministic
2.6800,-0.12171,0.0000,0.0000,0.03817,0.03818,0.35611,-0.2,1.0000,-24.6256,0.4741,-6.5374,134.738,ppo_car_spread_a_deterministic
2.7000,-0.12171,0.0000,0.0000,0.04713,0.04715,0.22319,0.0,1.0000,-24.6249,0.4741,-6.5381,134.737,ppo_car_spread_a_deterministic
2.7200,-0.12171,0.0000,0.0000,0.04094,0.04096,0.33730,0.0,1.0000,-24.6243,0.4741,-6.5387,134.737,ppo_car_spread_a_deterministic
2.7400,-0.12171,0.0000,0.0000,0.03911,0.03913,0.18318,0.0,1.0000,-24.6238,0.4741,-6.5392,134.737,ppo_car_spread_a_deterministic
2.7600,-0.12183,0.0002,0.0000,0.04277,0.04278,0.13873,0.0,1.0000,-24.6231,0.4741,-6.5398,134.735,ppo_car_spread_a_deterministic
2.7800,-0.12183,0.0002,0.0000,0.04387,0.04389,0.24629,0.1,1.0000,-24.6225,0.4741,-6.5404,134.732,ppo_car_spread_a_deterministic
2.8000,-0.12183,0.0002,0.0000,0.04750,0.04752,0.28871,0.1,1.0000,-24.6218,0.4741,-6.5410,134.728,ppo_car_spread_a_deterministic
2.8200,-0.12183,0.0002,0.0000,0.04249,0.04250,0.28470,0.1,1.0000,-24.6212,0.4741,-6.5416,134.726,ppo_car_spread_a_deterministic
2.8400,-0.12190,0.0000,0.0051,0.03859,0.03860,0.27146,0.1,1.0000,-24.6206,0.4741,-6.5421,134.724,ppo_car_spread_a_deterministic
2.8600,-0.12190,0.0000,0.0051,0.04394,0.04395,0.29491,-1.1,1.0000,-24.6200,0.4741,-6.5427,134.723,ppo_car_spread_a_deterministic
2.8800,-0.12190,0.0000,0.0051,0.04053,0.04054,0.29823,-1.1,1.0000,-24.6194,0.4741,-6.5433,134.718,ppo_car_spread_a_deterministic
2.9000,-0.12190,0.0000,0.0051,0.04254,0.04256,0.27871,-1.1,1.0000,-24.6188,0.4741,-6.5439,134.714,ppo_car_spread_a_deterministic
2.9200,-0.12267,0.0020,0.0000,0.04204,0.04205,0.21354,-1.1,1.0000,-24.6182,0.4741,-6.5445,134.713,ppo_car_spread_a_deterministic
2.9400,-0.12267,0.0020,0.0000,0.04431,0.04433,0.24029,1.1,1.0000,-24.6175,0.4741,-6.5451,134.715,ppo_car_spread_a_deterministic
2.9600,-0.12267,0.0020,0.0000,0.03465,0.03466,0.39758,1.1,1.0000,-24.6170,0.4741,-6.5455,134.715,ppo_car_spread_a_deterministic
2.9800,-0.12267,0.0020,0.0000,0.03990,0.03991,0.39886,1.1,1.0000,-24.6164,0.4741,-6.5461,134.713,ppo_car_spread_a_deterministic
3.0000,-0.12271,0.0064,0.0000,0.04325,0.04327,0.18376,1.1,1.0000,-24.6158,0.4741,-6.5467,134.711,ppo_car_spread_a_deterministic
3.0200,-0.12271,0.0064,0.0000,0.03982,0.03983,0.18236,3.4,1.0000,-24.6152,0.4741,-6.5472,134.709,ppo_car_spread_a_deterministic
3.0400,-0.12271,0.0064,0.0000,0.04342,0.04344,0.24713,3.4,1.0000,-24.6146,0.4741,-6.5478,134.706,ppo_car_spread_a_deterministic
3.0600,-0.12271,0.0064,0.0000,0.04639,0.04641,0.16813,3.4,1.0000,-24.6139,0.4741,-6.5485,134.705,ppo_car_spread_a_deterministic
3.0800,-0.12232,0.0000,0.0012,0.04149,0.04151,0.39640,3.4,1.0000,-24.6133,0.4741,-6.5490,134.704,ppo_car_spread_a_deterministic
3.1000,-0.12232,0.0000,0.0012,0.04239,0.04241,0.32424,-0.3,1.0000,-24.6127,0.4741,-6.5496,134.702,ppo_car_spread_a_deterministic
3.1200,-0.12232,0.0000,0.0012,0.04241,0.04243,0.29139,-0.3,1.0000,-24.6121,0.4741,-6.5502,134.703,ppo_car_spread_a_deterministic
3.1400,-0.12232,0.0000,0.0012,0.04611,0.04613,0.21370,-0.3,1.0000,-24.6114,0.4741,-6.5508,134.700,ppo_car_spread_a_deterministic
3.1600,-0.12187,0.0000,0.0015,0.04078,0.04079,0.37838,-0.3,1.0000,-24.6108,0.4741,-6.5514,134.701,ppo_car_spread_a_deterministic
3.1800,-0.12187,0.0000,0.0015,0.04516,0.04518,0.22758,-0.3,1.0000,-24.6101,0.4741,-6.5520,134.700,ppo_car_spread_a_deterministic
3.2000,-0.12187,0.0000,0.0015,0.04428,0.04429,0.28063,-0.3,1.0000,-24.6095,0.4741,-6.5526,134.703,ppo_car_spread_a_deterministic
3.2200,-0.12187,0.0000,0.0015,0.03953,0.03954,0.28330,-0.3,1.0000,-24.6089,0.4741,-6.5531,134.701,ppo_car_spread_a_deterministic
3.2400,-0.12135,0.0000,0.0039,0.04076,0.04078,0.29334,-0.3,1.0000,-24.6083,0.4741,-6.5537,134.700,ppo_car_spread_a_deterministic
3.2600,-0.12135,0.0000,0.0039,0.03986,0.03988,0.39565,-0.8,1.0000,-24.6077,0.4741,-6.5542,134.695,ppo_car_spread_a_deterministic
3.2800,-0.12135,0.0000,0.0039,0.04122,0.04123,0.40969,-0.8,1.0000,-24.6071,0.4741,-6.5548,134.696,ppo_car_spread_a_deterministic
3.3000,-0.12135,0.0000,0.0039,0.03689,0.03690,0.39931,-0.8,1.0000,-24.6066,0.4741,-6.5553,134.697,ppo_car_spread_a_deterministic
3.3200,-0.12170,0.0000,0.0007,0.04331,0.04332,0.28813,-0.8,1.0000,-24.6060,0.4741,-6.5559,134.693,ppo_car_spread_a_deterministic
3.3400,-0.12170,0.0000,0.0007,0.04170,0.04171,0.25009,-0.1,1.0000,-24.6054,0.4741,-6.5565,134.689,ppo_car_spread_a_deterministic
3.3600,-0.12170,0.0000,0.0007,0.04142,0.04144,0.35253,-0.1,1.0000,-24.6048,0.4741,-6.5570,134.691,ppo_car_spread_a_deterministic
3.3800,-0.12170,0.0000,0.0007,0.04408,0.04409,0.09330,-0.1,1.0000,-24.6041,0.4741,-6.5576,134.689,ppo_car_spread_a_deterministic
3.4000,-0.12175,0.0000,0.0012,0.04165,0.04166,0.38774,-0.1,1.0000,-24.6035,0.4741,-6.5582,134.690,ppo_car_spread_a_deterministic
3.4200,-0.12175,0.0000,0.0012,0.04506,0.04507,0.22885,-0.2,1.0000,-24.6028,0.4741,-6.5588,134.687,ppo_car_spread_a_deterministic
3.4400,-0.12175,0.0000,0.0012,0.04418,0.04419,0.24407,-0.2,1.0000,-24.6022,0.4741,-6.5594,134.684,ppo_car_spread_a_deterministic
3.4600,-0.12175,0.0000,0.0012,0.04179,0.04181,0.40333,-0.2,1.0000,-24.6016,0.4741,-6.5600,134.684,ppo_car_spread_a_deterministic
3.4800,-0.12219,0.0000,0.0020,0.03903,0.03904,0.18977,-0.2,1.0000,-24.6010,0.4741,-6.5606,134.682,ppo_car_spread_a_deterministic
3.5000,-0.12219,0.0000,0.0020,0.04505,0.04506,0.18659,-0.4,1.0000,-24.6004,0.4741,-6.5612,134.681,ppo_car_spread_a_deterministic
3.5200,-0.12219,0.0000,0.0020,0.03959,0.03961,0.20820,-0.4,1.0000,-24.5998,0.4741,-6.5617,134.678,ppo_car_spread_a_deterministic
3.5400,-0.12219,0.0000,0.0020,0.04639,0.04640,0.27980,-0.4,1.0000,-24.5991,0.4741,-6.5623,134.673,ppo_car_spread_a_deterministic
3.5600,-0.12272,0.0023,0.0000,0.04700,0.04702,0.27558,-0.4,1.0000,-24.5984,0.4741,-6.5630,134.672,ppo_car_spread_a_deterministic
3.5800,-0.12272,0.0023,0.0000,0.04191,0.04193,0.27937,1.2,1.0000,-24.5978,0.4741,-6.5636,134.670,ppo_car_spread_a_deterministic
3.6000,-0.12272,0.0023,0.0000,0.03972,0.03974,0.33291,1.2,1.0000,-24.5972,0.4741,-6.5641,134.672,ppo_car_spread_a_deterministic
3.6200,-0.12272,0.0023,0.0000,0.04038,0.04040,0.40673,1.2,1.0000,-24.5966,0.4741,-6.5647,134.671,ppo_car_spread_a_deterministic
3.6400,-0.12212,0.0009,0.0000,0.04467,0.04469,0.14882,1.2,1.0000,-24.5960,0.4741,-6.5653,134.669,ppo_car_spread_a_deterministic
3.6600,-0.12212,0.0009,0.0000,0.04553,0.04555,0.08966,0.5,1.0000,-24.5953,0.4741,-6.5659,134.667,ppo_car_spread_a_deterministic
3.6800,-0.12212,0.0009,0.0000,0.03945,0.03947,0.40838,0.5,1.0000,-24.5948,0.4741,-6.5664,134.668,ppo_car_spread_a_deterministic
3.7000,-0.12212,0.0009,0.0000,0.04665,0.04667,0.37827,0.5,1.0000,-24.5941,0.4741,-6.5671,134.670,ppo_car_spread_a_deterministic
3.7200,-0.12234,0.0015,0.0000,0.04369,0.04371,0.33471,0.5,1.0000,-24.5934,0.4741,-6.5677,134.667,ppo_car_spread_a_deterministic
3.7400,-0.12234,0.0015,0.0000,0.04817,0.04819,0.24010,0.8,1.0000,-24.5927,0.4741,-6.5683,134.667,ppo_car_spread_a_deterministic
3.7600,-0.12234,0.0015,0.0000,0.04411,0.04413,0.18485,0.8,1.0000,-24.5921,0.4741,-6.5689,134.668,ppo_car_spread_a_deterministic
3.7800,-0.12234,0.0015,0.0000,0.04432,0.04433,0.25546,0.8,1.0000,-24.5914,0.4741,-6.5695,134.670,ppo_car_spread_a_deterministic
3.8000,-0.12182,0.0000,0.0032,0.05028,0.05030,0.21941,0.8,1.0000,-24.5907,0.4741,-6.5702,134.669,ppo_car_spread_a_deterministic
3.8200,-0.12182,0.0000,0.0032,0.04050,0.04051,0.40414,-0.7,1.0000,-24.5901,0.4741,-6.5708,134.673,ppo_car_spread_a_deterministic
3.8400,-0.12182,0.0000,0.0032,0.04360,0.04362,0.36553,-0.7,1.0000,-24.5895,0.4741,-6.5714,134.672,ppo_car_spread_a_deterministic
3.8600,-0.12182,0.0000,0.0032,0.04576,0.04578,0.28752,-0.7,1.0000,-24.5888,0.4741,-6.5720,134.672,ppo_car_spread_a_deterministic
3.8800,-0.12203,0.0000,0.0023,0.03503,0.03504,0.40578,-0.7,1.0000,-24.5883,0.4741,-6.5725,134.671,ppo_car_spread_a_deterministic
3.9000,-0.12203,0.0000,0.0023,0.04690,0.04692,0.24691,-0.5,1.0000,-24.5876,0.4741,-6.5731,134.671,ppo_car_spread_a_deterministic
3.9200,-0.12203,0.0000,0.0023,0.04431,0.04433,0.18229,-0.5,1.0000,-24.5870,0.4741,-6.5737,134.670,ppo_car_spread_a_deterministic
3.9400,-0.12203,0.0000,0.0023,0.03914,0.03915,0.32945,-0.5,1.0000,-24.5864,0.4741,-6.5743,134.670,ppo_car_spread_a_deterministic
3.9600,-0.12214,0.0000,0.0028,0.04223,0.04225,0.18211,-0.5,1.0000,-24.5858,0.4741,-6.5748,134.668,ppo_car_spread_a_deterministic
3.9800,-0.12214,0.0000,0.0028,0.04368,0.04369,0.17927,-0.6,1.0000,-24.5851,0.4741,-6.5754,134.667,ppo_car_spread_a_deterministic
4.0000,-0.12214,0.0000,0.0028,0.03999,0.04001,0.25304,-0.6,1.0000,-24.5846,0.4741,-6.5760,134.662,ppo_car_spread_a_deterministic
4.0200,-0.12214,0.0000,0.0028,0.04494,0.04496,0.35540,-0.6,1.0000,-24.5839,0.4741,-6.5766,134.662,ppo_car_spread_a_deterministic
4.0400,-0.12297,0.0023,0.0000,0.03871,0.03873,0.39559,-0.6,1.0000,-24.5833,0.4741,-6.5771,134.662,ppo_car_spread_a_deterministic
4.0600,-0.12297,0.0023,0.0000,0.04443,0.04444,0.25181,1.2,1.0000,-24.5827,0.4741,-6.5777,134.658,ppo_car_spread_a_deterministic
4.0800,-0.12297,0.0023,0.0000,0.04641,0.04642,0.24052,1.2,1.0000,-24.5820,0.4741,-6.5784,134.659,ppo_car_spread_a_deterministic
4.1000,-0.12297,0.0023,0.0000,0.04306,0.04308,0.25153,1.2,1.0000,-24.5814,0.4741,-6.5789,134.661,ppo_car_spread_a_deterministic
4.1200,-0.12179,0.0000,0.0054,0.04667,0.04669,0.27087,1.2,1.0000,-24.5807,0.4741,-6.5796,134.662,ppo_car_spread_a_deterministic
4.1400,-0.12179,0.0000,0.0054,0.04857,0.04859,0.24451,-1.1,1.0000,-24.5800,0.4741,-6.5803,134.661,ppo_car_spread_a_deterministic
4.1600,-0.12179,0.0000,0.0054,0.05085,0.05087,0.28203,-1.1,1.0000,-24.5792,0.4741,-6.5810,134.660,ppo_car_spread_a_deterministic
4.1800,-0.12179,0.0000,0.0054,0.04365,0.04367,0.18785,-1.1,1.0000,-24.5786,0.4741,-6.5816,134.660,ppo_car_spread_a_deterministic
4.2000,-0.12150,0.0000,0.0091,0.04242,0.04244,0.17506,-1.1,1.0000,-24.5780,0.4741,-6.5821,134.661,ppo_car_spread_a_deterministic
4.2200,-0.12150,0.0000,0.0091,0.04324,0.04326,0.28651,-1.9,1.0000,-24.5773,0.4741,-6.5827,134.655,ppo_car_spread_a_deterministic
4.2400,-0.12150,0.0000,0.0091,0.04334,0.04336,0.25521,-1.9,1.0000,-24.5767,0.4741,-6.5833,134.654,ppo_car_spread_a_deterministic
4.2600,-0.12150,0.0000,0.0091,0.04091,0.04093,0.24481,-1.9,1.0000,-24.5761,0.4741,-6.5839,134.651,ppo_car_spread_a_deterministic
4.2800,-0.12219,0.0000,0.0021,0.04454,0.04455,0.26056,-1.9,1.0000,-24.5755,0.4741,-6.5845,134.650,ppo_car_spread_a_deterministic
4.3000,-0.12219,0.0000,0.0021,0.04049,0.04051,0.20164,-0.4,1.0000,-24.5749,0.4741,-6.5850,134.650,ppo_car_spread_a_deterministic
4.3200,-0.12219,0.0000,0.0021,0.04553,0.04555,0.28143,-0.4,1.0000,-24.5742,0.4741,-6.5857,134.649,ppo_car_spread_a_deterministic
4.3400,-0.12219,0.0000,0.0021,0.04948,0.04950,0.28915,-0.4,1.0000,-24.5735,0.4741,-6.5863,134.648,ppo_car_spread_a_deterministic
4.3600,-0.12198,0.0000,0.0040,0.03851,0.03853,0.40727,-0.4,1.0000,-24.5729,0.4741,-6.5869,134.646,ppo_car_spread_a_deterministic
4.3800,-0.12198,0.0000,0.0040,0.03940,0.03941,0.23646,-0.8,1.0000,-24.5724,0.4741,-6.5874,134.647,ppo_car_spread_a_deterministic
4.4000,-0.12198,0.0000,0.0040,0.03791,0.03792,0.31919,-0.8,1.0000,-24.5718,0.4741,-6.5879,134.649,ppo_car_spread_a_deterministic
4.4200,-0.12198,0.0000,0.0040,0.03719,0.03720,0.27517,-0.8,1.0000,-24.5713,0.4741,-6.5884,134.650,ppo_car_spread_a_deterministic
4.4400,-0.12228,0.0025,0.0000,0.04111,0.04112,0.26132,-0.8,1.0000,-24.5707,0.4741,-6.5890,134.647,ppo_car_spread_a_deterministic
4.4600,-0.12228,0.0025,0.0000,0.04218,0.04220,0.35596,1.3,1.0000,-24.5700,0.4741,-6.5896,134.648,ppo_car_spread_a_deterministic
4.4800,-0.12228,0.0025,0.0000,0.03916,0.03917,0.36853,1.3,1.0000,-24.5695,0.4741,-6.5901,134.646,ppo_car_spread_a_deterministic
4.5000,-0.12228,0.0025,0.0000,0.04152,0.04153,0.21969,1.3,1.0000,-24.5689,0.4741,-6.5907,134.642,ppo_car_spread_a_deterministic
4.5200,-0.12257,0.0024,0.0000,0.03884,0.03886,0.34686,1.3,1.0000,-24.5683,0.4741,-6.5912,134.644,ppo_car_spread_a_deterministic
4.5400,-0.12257,0.0024,0.0000,0.03970,0.03971,0.32688,1.2,1.0000,-24.5677,0.4741,-6.5917,134.647,ppo_car_spread_a_deterministic
4.5600,-0.12257,0.0024,0.0000,0.04188,0.04189,0.39262,1.2,1.0000,-24.5671,0.4741,-6.5923,134.641,ppo_car_spread_a_deterministic
4.5800,-0.12257,0.0024,0.0000,0.04102,0.04104,0.19541,1.2,1.0000,-24.5665,0.4741,-6.5929,134.640,ppo_car_spread_a_deterministic
4.6000,-0.12314,0.0009,0.0000,0.04271,0.04273,0.08866,1.2,1.0000,-24.5659,0.4741,-6.5935,134.640,ppo_car_spread_a_deterministic
4.6200,-0.12314,0.0009,0.0000,0.03587,0.03588,0.26834,0.5,1.0000,-24.5654,0.4741,-6.5939,134.639,ppo_car_spread_a_deterministic
4.6400,-0.12314,0.0009,0.0000,0.04028,0.04029,0.37386,0.5,1.0000,-24.5648,0.4741,-6.5945,134.638,ppo_car_spread_a_deterministic
4.6600,-0.12314,0.0009,0.0000,0.04100,0.04101,0.35264,0.5,1.0000,-24.5642,0.4741,-6.5951,134.639,ppo_car_spread_a_deterministic
4.6800,-0.12258,0.0011,0.0000,0.04115,0.04117,0.36128,0.5,1.0000,-24.5636,0.4741,-6.5956,134.634,ppo_car_spread_a_deterministic
4.7000,-0.12258,0.0011,0.0000,0.04524,0.04526,0.21522,0.6,1.0000,-24.5629,0.4741,-6.5962,134.634,ppo_car_spread_a_deterministic
4.7200,-0.12258,0.0011,0.0000,0.04451,0.04452,0.23469,0.6,1.0000,-24.5623,0.4741,-6.5969,134.633,ppo_car_spread_a_deterministic
4.7400,-0.12258,0.0011,0.0000,0.04196,0.04197,0.18173,0.6,1.0000,-24.5616,0.4741,-6.5974,134.632,ppo_car_spread_a_deterministic
4.7600,-0.12223,0.0000,0.0029,0.04088,0.04089,0.21653,0.6,1.0000,-24.5610,0.4741,-6.5980,134.632,ppo_car_spread_a_deterministic
4.7800,-0.12223,0.0000,0.0029,0.04509,0.04511,0.28465,-0.6,1.0000,-24.5604,0.4741,-6.5986,134.630,ppo_car_spread_a_deterministic
4.8000,-0.12223,0.0000,0.0029,0.04072,0.04074,0.28347,-0.6,1.0000,-24.5598,0.4741,-6.5992,134.630,ppo_car_spread_a_deterministic
4.8200,-0.12223,0.0000,0.0029,0.04402,0.04404,0.33397,-0.6,1.0000,-24.5591,0.4741,-6.5998,134.629,ppo_car_spread_a_deterministic
4.8400,-0.12247,0.0003,0.0000,0.04040,0.04041,0.33678,-0.6,1.0000,-24.5585,0.4741,-6.6003,134.630,ppo_car_spread_a_deterministic
4.8600,-0.12247,0.0003,0.0000,0.03410,0.03411,0.40355,0.1,1.0000,-24.5581,0.4741,-6.6008,134.628,ppo_car_spread_a_deterministic
4.8800,-0.12247,0.0003,0.0000,0.04444,0.04446,0.28380,0.1,1.0000,-24.5574,0.4741,-6.6014,134.626,ppo_car_spread_a_deterministic
4.9000,-0.12247,0.0003,0.0000,0.04418,0.04419,0.21852,0.1,1.0000,-24.5568,0.4741,-6.6020,134.623,ppo_car_spread_a_deterministic
4.9200,-0.12245,0.0000,0.0027,0.04429,0.04430,0.40456,0.1,1.0000,-24.5561,0.4741,-6.6026,134.621,ppo_car_spread_a_deterministic
4.9400,-0.12245,0.0000,0.0027,0.03954,0.03955,0.40433,-0.6,1.0000,-24.5555,0.4741,-6.6031,134.622,ppo_car_spread_a_deterministic
4.9600,-0.12245,0.0000,0.0027,0.04550,0.04552,0.28487,-0.6,1.0000,-24.5549,0.4741,-6.6038,134.618,ppo_car_spread_a_deterministic
4.9800,-0.12245,0.0000,0.0027,0.03859,0.03861,0.36072,-0.6,1.0000,-24.5543,0.4741,-6.6043,134.617,ppo_car_spread_a_deterministic
5.0000,-0.12274,0.0000,0.0031,0.04857,0.04859,0.27464,-0.6,1.0000,-24.5536,0.4741,-6.6049,134.616,ppo_car_spread_a_deterministic
5.0200,-0.12274,0.0000,0.0031,0.04004,0.04005,0.19945,-0.6,1.0000,-24.5530,0.4741,-6.6055,134.613,ppo_car_spread_a_deterministic
5.0400,-0.12274,0.0000,0.0031,0.04149,0.04150,0.36040,-0.6,1.0000,-24.5524,0.4741,-6.6061,134.614,ppo_car_spread_a_deterministic
5.0600,-0.12274,0.0000,0.0031,0.04651,0.04652,0.26249,-0.6,1.0000,-24.5517,0.4741,-6.6067,134.612,ppo_car_spread_a_deterministic
5.0800,-0.12225,0.0000,0.0008,0.04461,0.04462,0.30604,-0.6,1.0000,-24.5511,0.4741,-6.6073,134.610,ppo_car_spread_a_deterministic
5.1000,-0.12225,0.0000,0.0008,0.03924,0.03926,0.40483,-0.2,1.0000,-24.5505,0.4741,-6.6078,134.608,ppo_car_spread_a_deterministic
5.1200,-0.12225,0.0000,0.0008,0.04448,0.04449,0.25827,-0.2,1.0000,-24.5498,0.4741,-6.6085,134.606,ppo_car_spread_a_deterministic
5.1400,-0.12225,0.0000,0.0008,0.03880,0.03881,0.39708,-0.2,1.0000,-24.5493,0.4741,-6.6090,134.603,ppo_car_spread_a_deterministic
5.1600,-0.12242,0.0000,0.0026,0.04493,0.04495,0.29080,-0.2,1.0000,-24.5486,0.4741,-6.6096,134.601,ppo_car_spread_a_deterministic
5.1800,-0.12242,0.0000,0.0026,0.04380,0.04382,0.24398,-0.5,1.0000,-24.5480,0.4741,-6.6102,134.598,ppo_car_spread_a_deterministic
5.2000,-0.12242,0.0000,0.0026,0.04289,0.04290,0.06599,-0.5,1.0000,-24.5474,0.4741,-6.6108,134.596,ppo_car_spread_a_deterministic
5.2200,-0.12242,0.0000,0.0026,0.04425,0.04426,0.27330,-0.5,1.0000,-24.5467,0.4741,-6.6114,134.597,ppo_car_spread_a_deterministic
5.2400,-0.12263,0.0000,0.0012,0.04243,0.04244,0.39298,-0.5,1.0000,-24.5461,0.4741,-6.6120,134.593,ppo_car_spread_a_deterministic
5.2600,-0.12263,0.0000,0.0012,0.04380,0.04381,0.19658,-0.2,1.0000,-24.5455,0.4741,-6.6126,134.594,ppo_car_spread_a_deterministic
5.2800,-0.12263,0.0000,0.0012,0.04645,0.04647,0.28326,-0.2,1.0000,-24.5448,0.4741,-6.6132,134.593,ppo_car_spread_a_deterministic
5.3000,-0.12263,0.0000,0.0012,0.04484,0.04486,0.27770,-0.2,1.0000,-24.5441,0.4741,-6.6138,134.593,ppo_car_spread_a_deterministic
5.3200,-0.12231,0.0000,0.0048,0.03894,0.03896,0.24393,-0.2,1.0000,-24.5436,0.4741,-6.6143,134.593,ppo_car_spread_a_deterministic
5.3400,-0.12231,0.0000,0.0048,0.03976,0.03977,0.22038,-1.0,1.0000,-24.5430,0.4741,-6.6149,134.593,ppo_car_spread_a_deterministic
5.3600,-0.12231,0.0000,0.0048,0.03999,0.04000,0.11629,-1.0,1.0000,-24.5424,0.4741,-6.6154,134.592,ppo_car_spread_a_deterministic
5.3800,-0.12231,0.0000,0.0048,0.04031,0.04033,0.21147,-1.0,1.0000,-24.5418,0.4741,-6.6160,134.592,ppo_car_spread_a_deterministic
5.4000,-0.12279,0.0014,0.0000,0.04051,0.04052,0.24819,-1.0,1.0000,-24.5412,0.4741,-6.6165,134.593,ppo_car_spread_a_deterministic
5.4200,-0.12279,0.0014,0.0000,0.04645,0.04647,0.26115,0.7,1.0000,-24.5405,0.4741,-6.6172,134.592,ppo_car_spread_a_deterministic
5.4400,-0.12279,0.0014,0.0000,0.04271,0.04273,0.13079,0.7,1.0000,-24.5399,0.4741,-6.6178,134.590,ppo_car_spread_a_deterministic
5.4600,-0.12279,0.0014,0.0000,0.04369,0.04370,0.08349,0.7,1.0000,-24.5393,0.4741,-6.6184,134.588,ppo_car_spread_a_deterministic
5.4800,-0.12287,0.0000,0.0009,0.04009,0.04011,0.18454,0.7,1.0000,-24.5387,0.4741,-6.6189,134.588,ppo_car_spread_a_deterministic
5.5000,-0.12287,0.0000,0.0009,0.04157,0.04158,0.27982,-0.2,1.0000,-24.5381,0.4741,-6.6195,134.588,ppo_car_spread_a_deterministic
5.5200,-0.12287,0.0000,0.0009,0.04460,0.04461,0.29249,-0.2,1.0000,-24.5374,0.4741,-6.6201,134.586,ppo_car_spread_a_deterministic
5.5400,-0.12287,0.0000,0.0009,0.04214,0.04216,0.26335,-0.2,1.0000,-24.5368,0.4741,-6.6207,134.584,ppo_car_spread_a_deterministic
5.5600,-0.12262,0.0000,0.0028,0.04508,0.04510,0.16623,-0.2,1.0000,-24.5361,0.4741,-6.6213,134.581,ppo_car_spread_a_deterministic
5.5800,-0.12262,0.0000,0.0028,0.03850,0.03852,0.22793,-0.6,1.0000,-24.5356,0.4741,-6.6218,134.580,ppo_car_spread_a_deterministic
5.6000,-0.12262,0.0000,0.0028,0.03993,0.03994,0.22609,-0.6,1.0000,-24.5350,0.4741,-6.6223,134.581,ppo_car_spread_a_deterministic
5.6200,-0.12262,0.0000,0.0028,0.03831,0.03832,0.21039,-0.6,1.0000,-24.5344,0.4741,-6.6229,134.580,ppo_car_spread_a_deterministic
5.6400,-0.12264,0.0009,0.0000,0.03910,0.03912,0.21749,-0.6,1.0000,-24.5339,0.4741,-6.6234,134.579,ppo_car_spread_a_deterministic
5.6600,-0.12264,0.0009,0.0000,0.03857,0.03859,0.25057,0.5,1.0000,-24.5333,0.4741,-6.6239,134.581,ppo_car_spread_a_deterministic
5.6800,-0.12264,0.0009,0.0000,0.04208,0.04210,0.17672,0.5,1.0000,-24.5327,0.4741,-6.6245,134.582,ppo_car_spread_a_deterministic
5.7000,-0.12264,0.0009,0.0000,0.03996,0.03997,0.18250,0.5,1.0000,-24.5321,0.4741,-6.6250,134.580,ppo_car_spread_a_deterministic
5.7200,-0.12247,0.0000,0.0012,0.04220,0.04221,0.15517,0.5,1.0000,-24.5315,0.4741,-6.6256,134.581,ppo_car_spread_a_deterministic
5.7400,-0.12247,0.0000,0.0012,0.03702,0.03703,0.39518,-0.3,1.0000,-24.5310,0.4741,-6.6261,134.582,ppo_car_spread_a_deterministic
5.7600,-0.12247,0.0000,0.0012,0.04222,0.04223,0.22561,-0.3,1.0000,-24.5303,0.4741,-6.6267,134.582,ppo_car_spread_a_deterministic
5.7800,-0.12247,0.0000,0.0012,0.04435,0.04437,0.29599,-0.3,1.0000,-24.5297,0.4741,-6.6273,134.579,ppo_car_spread_a_deterministic
5.8000,-0.12270,0.0000,0.0007,0.03922,0.03923,0.22269,-0.3,1.0000,-24.5291,0.4741,-6.6279,134.577,ppo_car_spread_a_deterministic
5.8200,-0.12270,0.0000,0.0007,0.03999,0.04001,0.24476,-0.1,1.0000,-24.5285,0.4741,-6.6284,134.580,ppo_car_spread_a_deterministic
5.8400,-0.12270,0.0000,0.0007,0.04128,0.04130,0.17993,-0.1,1.0000,-24.5279,0.4741,-6.6290,134.578,ppo_car_spread_a_deterministic
5.8600,-0.12270,0.0000,0.0007,0.04090,0.04091,0.22250,-0.1,1.0000,-24.5273,0.4741,-6.6295,134.580,ppo_car_spread_a_deterministic
5.8800,-0.12302,0.0005,0.0000,0.04307,0.04308,0.30264,-0.1,1.0000,-24.5267,0.4741,-6.6301,134.582,ppo_car_spread_a_deterministic
5.9000,-0.12302,0.0005,0.0000,0.04246,0.04248,0.28516,0.2,1.0000,-24.5261,0.4741,-6.6307,134.581,ppo_car_spread_a_deterministic
5.9200,-0.12302,0.0005,0.0000,0.04470,0.04471,0.23424,0.2,1.0000,-24.5254,0.4741,-6.6313,134.580,ppo_car_spread_a_deterministic
5.9400,-0.12302,0.0005,0.0000,0.03746,0.03747,0.37025,0.2,1.0000,-24.5249,0.4741,-6.6318,134.576,ppo_car_spread_a_deterministic
5.9600,-0.12262,0.0000,0.0030,0.04586,0.04588,0.28216,0.2,1.0000,-24.5242,0.4741,-6.6324,134.577,ppo_car_spread_a_deterministic
5.9800,-0.12262,0.0000,0.0030,0.03734,0.03736,0.40559,-0.6,1.0000,-24.5237,0.4741,-6.6329,134.576,ppo_car_spread_a_deterministic
6.0000,-0.12262,0.0000,0.0030,0.04010,0.04012,0.14263,-0.6,1.0000,-24.5231,0.4741,-6.6335,134.575,ppo_car_spread_a_deterministic
6.0200,-0.12262,0.0000,0.0030,0.03633,0.03635,0.32050,-0.6,1.0000,-24.5225,0.4741,-6.6340,134.573,ppo_car_spread_a_deterministic
6.0400,-0.12313,0.0015,0.0000,0.03765,0.03766,0.34173,-0.6,1.0000,-24.5220,0.4741,-6.6345,134.570,ppo_car_spread_a_deterministic
6.0600,-0.12313,0.0015,0.0000,0.03952,0.03954,0.17235,0.8,1.0000,-24.5214,0.4741,-6.6350,134.567,ppo_car_spread_a_deterministic
6.0800,-0.12313,0.0015,0.0000,0.03540,0.03541,0.40692,0.8,1.0000,-24.5209,0.4741,-6.6355,134.564,ppo_car_spread_a_deterministic
6.1000,-0.12313,0.0015,0.0000,0.03695,0.03696,0.32359,0.8,1.0000,-24.5204,0.4741,-6.6360,134.563,ppo_car_spread_a_deterministic
6.1200,-0.12387,0.0064,0.0000,0.03630,0.03631,0.35549,0.8,1.0000,-24.5198,0.4741,-6.6365,134.559,ppo_car_spread_a_deterministic
6.1400,-0.12387,0.0064,0.0000,0.03880,0.03882,0.21230,3.4,1.0000,-24.5193,0.4741,-6.6370,134.559,ppo_car_spread_a_deterministic
6.1600,-0.12387,0.0064,0.0000,0.04859,0.04861,0.26053,3.4,1.0000,-24.5185,0.4741,-6.6377,134.559,ppo_car_spread_a_deterministic
6.1800,-0.12387,0.0064,0.0000,0.04629,0.04630,0.27381,3.4,1.0000,-24.5179,0.4741,-6.6383,134.554,ppo_car_spread_a_deterministic
6.2000,-0.12235,0.0000,0.0071,0.04038,0.04039,0.25721,3.4,1.0000,-24.5173,0.4741,-6.6389,134.553,ppo_car_spread_a_deterministic
6.2200,-0.12235,0.0000,0.0071,0.04836,0.04838,0.28769,-1.5,1.0000,-24.5166,0.4741,-6.6396,134.549,ppo_car_spread_a_deterministic
6.2400,-0.12235,0.0000,0.0071,0.04228,0.04230,0.37470,-1.5,1.0000,-24.5159,0.4741,-6.6401,134.547,ppo_car_spread_a_deterministic
6.2600,-0.12235,0.0000,0.0071,0.03842,0.03843,0.33062,-1.5,1.0000,-24.5154,0.4741,-6.6407,134.545,ppo_car_spread_a_deterministic
6.2800,-0.12323,0.0000,0.0004,0.04485,0.04487,0.23923,-1.5,1.0000,-24.5147,0.4741,-6.6413,134.543,ppo_car_spread_a_deterministic
6.3000,-0.12323,0.0000,0.0004,0.04187,0.04188,0.27614,-0.1,1.0000,-24.5141,0.4741,-6.6418,134.541,ppo_car_spread_a_deterministic
6.3200,-0.12323,0.0000,0.0004,0.03964,0.03966,0.29978,-0.1,1.0000,-24.5135,0.4741,-6.6424,134.540,ppo_car_spread_a_deterministic
6.3400,-0.12323,0.0000,0.0004,0.04217,0.04219,0.22748,-0.1,1.0000,-24.5129,0.4741,-6.6430,134.536,ppo_car_spread_a_deterministic
6.3600,-0.12337,0.0021,0.0000,0.03857,0.03859,0.39566,-0.1,1.0000,-24.5123,0.4741,-6.6435,134.538,ppo_car_spread_a_deterministic
6.3800,-0.12337,0.0021,0.0000,0.04316,0.04317,0.29474,1.1,1.0000,-24.5117,0.4741,-6.6441,134.536,ppo_car_spread_a_deterministic
6.4000,-0.12337,0.0021,0.0000,0.03741,0.03742,0.37852,1.1,1.0000,-24.5112,0.4741,-6.6446,134.538,ppo_car_spread_a_deterministic
6.4200,-0.12337,0.0021,0.0000,0.04554,0.04556,0.27380,1.1,1.0000,-24.5105,0.4741,-6.6452,134.540,ppo_car_spread_a_deterministic
6.4400,-0.12301,0.0032,0.0000,0.04288,0.04290,0.24738,1.1,1.0000,-24.5099,0.4741,-6.6458,134.539,ppo_car_spread_a_deterministic
6.4600,-0.12301,0.0032,0.0000,0.03801,0.03802,0.38485,1.7,1.0000,-24.5093,0.4741,-6.6463,134.542,ppo_car_spread_a_deterministic
6.4800,-0.12301,0.0032,0.0000,0.04242,0.04244,0.38586,1.7,1.0000,-24.5087,0.4741,-6.6469,134.538,ppo_car_spread_a_deterministic
6.5000,-0.12301,0.0032,0.0000,0.04302,0.04304,0.34199,1.7,1.0000,-24.5081,0.4741,-6.6475,134.532,ppo_car_spread_a_deterministic
6.5200,-0.12345,0.0000,0.0000,0.04076,0.04078,0.30729,1.7,1.0000,-24.5075,0.4741,-6.6480,134.532,ppo_car_spread_a_deterministic
6.5400,-0.12345,0.0000,0.0000,0.04557,0.04559,0.30921,0.0,1.0000,-24.5068,0.4741,-6.6487,134.526,ppo_car_spread_a_deterministic
6.5600,-0.12345,0.0000,0.0000,0.04354,0.04356,0.09917,0.0,1.0000,-24.5062,0.4741,-6.6492,134.525,ppo_car_spread_a_deterministic
6.5800,-0.12345,0.0000,0.0000,0.03985,0.03986,0.26254,0.0,1.0000,-24.5056,0.4741,-6.6498,134.524,ppo_car_spread_a_deterministic
6.6000,-0.12298,0.0000,0.0019,0.04974,0.04976,0.26669,0.0,1.0000,-24.5049,0.4741,-6.6505,134.522,ppo_car_spread_a_deterministic
6.6200,-0.12298,0.0000,0.0019,0.04892,0.04893,0.27058,-0.4,1.0000,-24.5041,0.4741,-6.6511,134.519,ppo_car_spread_a_deterministic
6.6400,-0.12298,0.0000,0.0019,0.04391,0.04393,0.25905,-0.4,1.0000,-24.5035,0.4741,-6.6517,134.518,ppo_car_spread_a_deterministic
6.6600,-0.12298,0.0000,0.0019,0.04101,0.04102,0.25582,-0.4,1.0000,-24.5029,0.4741,-6.6523,134.519,ppo_car_spread_a_deterministic
6.6800,-0.12308,0.0000,0.0022,0.04274,0.04276,0.40842,-0.4,1.0000,-24.5023,0.4741,-6.6529,134.516,ppo_car_spread_a_deterministic
6.7000,-0.12308,0.0000,0.0022,0.04288,0.04289,0.28229,-0.5,1.0000,-24.5016,0.4741,-6.6535,134.514,ppo_car_spread_a_deterministic
6.7200,-0.12308,0.0000,0.0022,0.04995,0.04997,0.23472,-0.5,1.0000,-24.5009,0.4741,-6.6541,134.512,ppo_car_spread_a_deterministic
6.7400,-0.12308,0.0000,0.0022,0.04556,0.04558,0.26820,-0.5,1.0000,-24.5002,0.4741,-6.6548,134.511,ppo_car_spread_a_deterministic
6.7600,-0.12270,0.0000,0.0078,0.04214,0.04215,0.23651,-0.5,1.0000,-24.4996,0.4741,-6.6553,134.511,ppo_car_spread_a_deterministic
6.7800,-0.12270,0.0000,0.0078,0.04197,0.04199,0.39911,-1.6,1.0000,-24.4990,0.4741,-6.6559,134.508,ppo_car_spread_a_deterministic
6.8000,-0.12270,0.0000,0.0078,0.04555,0.04556,0.17643,-1.6,1.0000,-24.4983,0.4741,-6.6565,134.507,ppo_car_spread_a_deterministic
6.8200,-0.12270,0.0000,0.0078,0.03511,0.03512,0.37988,-1.6,1.0000,-24.4978,0.4741,-6.6570,134.509,ppo_car_spread_a_deterministic
6.8400,-0.12279,0.0000,0.0039,0.04158,0.04159,0.29946,-1.6,1.0000,-24.4972,0.4741,-6.6576,134.509,ppo_car_spread_a_deterministic
6.8600,-0.12279,0.0000,0.0039,0.03870,0.03871,0.18686,-0.8,1.0000,-24.4967,0.4741,-6.6581,134.508,ppo_car_spread_a_deterministic
6.8800,-0.12279,0.0000,0.0039,0.04098,0.04099,0.32493,-0.8,1.0000,-24.4961,0.4741,-6.6587,134.509,ppo_car_spread_a_deterministic
6.9000,-0.12279,0.0000,0.0039,0.04186,0.04187,0.15191,-0.8,1.0000,-24.4955,0.4741,-6.6592,134.509,ppo_car_spread_a_deterministic
6.9200,-0.12303,0.0002,0.0000,0.04000,0.04002,0.36292,-0.8,1.0000,-24.4949,0.4741,-6.6598,134.507,ppo_car_spread_a_deterministic
6.9400,-0.12303,0.0002,0.0000,0.04307,0.04309,0.22613,0.1,1.0000,-24.4942,0.4741,-6.6604,134.506,ppo_car_spread_a_deterministic
6.9600,-0.12303,0.0002,0.0000,0.03908,0.03909,0.30855,0.1,1.0000,-24.4937,0.4741,-6.6609,134.507,ppo_car_spread_a_deterministic
6.9800,-0.12303,0.0002,0.0000,0.04476,0.04477,0.25939,0.1,1.0000,-24.4930,0.4741,-6.6615,134.507,ppo_car_spread_a_deterministic
7.0000,-0.12328,0.0019,0.0000,0.03641,0.03642,0.30921,0.1,1.0000,-24.4925,0.4741,-6.6620,134.509,ppo_car_spread_a_deterministic
7.0200,-0.12328,0.0019,0.0000,0.04006,0.04007,0.21775,1.0,1.0000,-24.4919,0.4741,-6.6625,134.511,ppo_car_spread_a_deterministic
7.0400,-0.12328,0.0019,0.0000,0.04727,0.04729,0.27891,1.0,1.0000,-24.4912,0.4741,-6.6632,134.511,ppo_car_spread_a_deterministic
7.0600,-0.12328,0.0019,0.0000,0.04502,0.04505,0.29262,1.0,1.0000,-24.4905,0.4741,-6.6638,134.509,ppo_car_spread_a_deterministic
7.0800,-0.12260,0.0000,0.0061,0.03618,0.03619,0.40102,1.0,1.0000,-24.4900,0.4741,-6.6643,134.510,ppo_car_spread_a_deterministic
7.1000,-0.12260,0.0000,0.0061,0.04336,0.04338,0.20875,-1.3,1.0000,-24.4894,0.4741,-6.6649,134.509,ppo_car_spread_a_deterministic
7.1200,-0.12260,0.0000,0.0061,0.04142,0.04143,0.20215,-1.3,1.0000,-24.4888,0.4741,-6.6655,134.507,ppo_car_spread_a_deterministic
7.1400,-0.12260,0.0000,0.0061,0.04136,0.04138,0.38961,-1.3,1.0000,-24.4882,0.4741,-6.6660,134.503,ppo_car_spread_a_deterministic
7.1600,-0.12335,0.0003,0.0000,0.04307,0.04309,0.28939,-1.3,1.0000,-24.4875,0.4741,-6.6666,134.500,ppo_car_spread_a_deterministic
7.1800,-0.12335,0.0003,0.0000,0.04214,0.04215,0.23388,0.2,1.0000,-24.4869,0.4741,-6.6672,134.499,ppo_car_spread_a_deterministic
7.2000,-0.12335,0.0003,0.0000,0.03467,0.03469,0.35890,0.2,1.0000,-24.4864,0.4741,-6.6676,134.496,ppo_car_spread_a_deterministic
7.2200,-0.12335,0.0003,0.0000,0.04056,0.04057,0.18705,0.2,1.0000,-24.4858,0.4741,-6.6682,134.497,ppo_car_spread_a_deterministic
7.2400,-0.12415,0.0072,0.0000,0.03995,0.03996,0.24401,0.2,1.0000,-24.4852,0.4741,-6.6687,134.499,ppo_car_spread_a_deterministic
7.2600,-0.12415,0.0072,0.0000,0.04127,0.04128,0.31221,3.8,1.0000,-24.4846,0.4741,-6.6693,134.501,ppo_car_spread_a_deterministic
7.2800,-0.12415,0.0072,0.0000,0.04966,0.04967,0.25957,3.8,1.0000,-24.4839,0.4741,-6.6700,134.499,ppo_car_spread_a_deterministic
7.3000,-0.12415,0.0072,0.0000,0.04761,0.04762,0.29605,3.8,1.0000,-24.4832,0.4741,-6.6707,134.498,ppo_car_spread_a_deterministic
7.3200,-0.12295,0.0000,0.0072,0.04771,0.04772,0.23421,3.8,1.0000,-24.4825,0.4741,-6.6713,134.498,ppo_car_spread_a_deterministic
7.3400,-0.12295,0.0000,0.0072,0.04302,0.04304,0.32589,-1.5,1.0000,-24.4819,0.4741,-6.6719,134.498,ppo_car_spread_a_deterministic
7.3600,-0.12295,0.0000,0.0072,0.04640,0.04642,0.16262,-1.5,1.0000,-24.4812,0.4741,-6.6725,134.497,ppo_car_spread_a_deterministic
7.3800,-0.12295,0.0000,0.0072,0.03826,0.03827,0.29388,-1.5,1.0000,-24.4806,0.4741,-6.6730,134.496,ppo_car_spread_a_deterministic
7.4000,-0.12299,0.0000,0.0045,0.04761,0.04763,0.26792,-1.5,1.0000,-24.4799,0.4741,-6.6737,134.497,ppo_car_spread_a_deterministic
7.4200,-0.12299,0.0000,0.0045,0.03874,0.03875,0.40667,-0.9,1.0000,-24.4794,0.4741,-6.6742,134.499,ppo_car_spread_a_deterministic
7.4400,-0.12299,0.0000,0.0045,0.03762,0.03763,0.36125,-0.9,1.0000,-24.4788,0.4741,-6.6747,134.497,ppo_car_spread_a_deterministic
7.4600,-0.12299,0.0000,0.0045,0.04492,0.04493,0.24190,-0.9,1.0000,-24.4782,0.4741,-6.6753,134.498,ppo_car_spread_a_deterministic
7.4800,-0.12383,0.0041,0.0000,0.04084,0.04085,0.36923,-0.9,1.0000,-24.4776,0.4741,-6.6759,134.496,ppo_car_spread_a_deterministic
7.5000,-0.12383,0.0041,0.0000,0.04665,0.04666,0.20217,2.2,1.0000,-24.4769,0.4741,-6.6765,134.496,ppo_car_spread_a_deterministic
7.5200,-0.12383,0.0041,0.0000,0.04131,0.04133,0.29964,2.2,1.0000,-24.4763,0.4741,-6.6771,134.494,ppo_car_spread_a_deterministic
7.5400,-0.12383,0.0041,0.0000,0.04381,0.04383,0.20657,2.2,1.0000,-24.4756,0.4741,-6.6777,134.492,ppo_car_spread_a_deterministic
7.5600,-0.12374,0.0007,0.0000,0.03770,0.03771,0.40935,2.2,1.0000,-24.4751,0.4741,-6.6782,134.492,ppo_car_spread_a_deterministic
7.5800,-0.12374,0.0007,0.0000,0.04641,0.04642,0.35202,0.4,1.0000,-24.4744,0.4741,-6.6788,134.493,ppo_car_spread_a_deterministic
7.6000,-0.12374,0.0007,0.0000,0.04794,0.04796,0.27089,0.4,1.0000,-24.4737,0.4741,-6.6795,134.489,ppo_car_spread_a_deterministic
7.6200,-0.12374,0.0007,0.0000,0.04900,0.04902,0.27297,0.4,1.0000,-24.4730,0.4741,-6.6802,134.490,ppo_car_spread_a_deterministic
7.6400,-0.12342,0.0000,0.0051,0.04666,0.04668,0.19943,0.4,1.0000,-24.4723,0.4741,-6.6808,134.492,ppo_car_spread_a_deterministic
7.6600,-0.12342,0.0000,0.0051,0.04569,0.04570,0.25993,-1.1,1.0000,-24.4716,0.4741,-6.6814,134.491,ppo_car_spread_a_deterministic
7.6800,-0.12342,0.0000,0.0051,0.04597,0.04599,0.27721,-1.1,1.0000,-24.4709,0.4741,-6.6821,134.491,ppo_car_spread_a_deterministic
7.7000,-0.12342,0.0000,0.0051,0.04607,0.04609,0.08551,-1.1,1.0000,-24.4703,0.4741,-6.6827,134.490,ppo_car_spread_a_deterministic
7.7200,-0.12304,0.0000,0.0045,0.04279,0.04281,0.31298,-1.1,1.0000,-24.4696,0.4741,-6.6833,134.490,ppo_car_spread_a_deterministic
7.7400,-0.12304,0.0000,0.0045,0.04276,0.04278,0.39630,-0.9,1.0000,-24.4690,0.4741,-6.6838,134.486,ppo_car_spread_a_deterministic
7.7600,-0.12304,0.0000,0.0045,0.04582,0.04584,0.22862,-0.9,1.0000,-24.4684,0.4741,-6.6845,134.485,ppo_car_spread_a_deterministic
7.7800,-0.12304,0.0000,0.0045,0.04639,0.04640,0.27945,-0.9,1.0000,-24.4677,0.4741,-6.6851,134.482,ppo_car_spread_a_deterministic
7.8000,-0.12302,0.0000,0.0040,0.04377,0.04379,0.20293,-0.9,1.0000,-24.4670,0.4741,-6.6857,134.483,ppo_car_spread_a_deterministic
7.8200,-0.12302,0.0000,0.0040,0.04898,0.04900,0.29706,-0.8,1.0000,-24.4663,0.4741,-6.6864,134.480,ppo_car_spread_a_deterministic
7.8400,-0.12302,0.0000,0.0040,0.04001,0.04002,0.22936,-0.8,1.0000,-24.4657,0.4741,-6.6869,134.481,ppo_car_spread_a_deterministic
7.8600,-0.12302,0.0000,0.0040,0.04604,0.04605,0.28911,-0.8,1.0000,-24.4651,0.4741,-6.6875,134.479,ppo_car_spread_a_deterministic
7.8800,-0.12332,0.0010,0.0000,0.04273,0.04275,0.16591,-0.8,1.0000,-24.4644,0.4741,-6.6881,134.480,ppo_car_spread_a_deterministic
7.9000,-0.12332,0.0010,0.0000,0.04141,0.04143,0.28556,0.5,1.0000,-24.4638,0.4741,-6.6887,134.477,ppo_car_spread_a_deterministic
7.9200,-0.12332,0.0010,0.0000,0.04033,0.04034,0.27605,0.5,1.0000,-24.4632,0.4741,-6.6892,134.474,ppo_car_spread_a_deterministic
7.9400,-0.12332,0.0010,0.0000,0.03660,0.03662,0.40793,0.5,1.0000,-24.4627,0.4741,-6.6897,134.472,ppo_car_spread_a_deterministic
7.9600,-0.12391,0.0021,0.0000,0.04376,0.04377,0.13691,0.5,1.0000,-24.4621,0.4741,-6.6903,134.469,ppo_car_spread_a_deterministic
7.9800,-0.12391,0.0021,0.0000,0.04071,0.04073,0.39903,1.1,1.0000,-24.4615,0.4741,-6.6909,134.464,ppo_car_spread_a_deterministic
8.0000,-0.12391,0.0021,0.0000,0.04644,0.04645,0.19135,1.1,1.0000,-24.4608,0.4741,-6.6915,134.462,ppo_car_spread_a_deterministic
8.0200,-0.12391,0.0021,0.0000,0.04717,0.04718,0.27280,1.1,1.0000,-24.4601,0.4741,-6.6922,134.458,ppo_car_spread_a_deterministic
8.0400,-0.12337,0.0000,0.0041,0.04285,0.04287,0.19416,1.1,1.0000,-24.4595,0.4741,-6.6927,134.458,ppo_car_spread_a_deterministic
8.0600,-0.12337,0.0000,0.0041,0.03980,0.03981,0.29934,-0.9,1.0000,-24.4589,0.4741,-6.6933,134.459,ppo_car_spread_a_deterministic
8.0800,-0.12337,0.0000,0.0041,0.04472,0.04473,0.22272,-0.9,1.0000,-24.4582,0.4741,-6.6939,134.458,ppo_car_spread_a_deterministic
8.1000,-0.12337,0.0000,0.0041,0.04417,0.04419,0.22790,-0.9,1.0000,-24.4576,0.4741,-6.6945,134.455,ppo_car_spread_a_deterministic
8.1200,-0.12318,0.0000,0.0030,0.04244,0.04245,0.17038,-0.9,1.0000,-24.4570,0.4741,-6.6951,134.453,ppo_car_spread_a_deterministic
8.1400,-0.12318,0.0000,0.0030,0.03966,0.03967,0.40118,-0.6,1.0000,-24.4564,0.4741,-6.6956,134.449,ppo_car_spread_a_deterministic
8.1600,-0.12318,0.0000,0.0030,0.04736,0.04738,0.26510,-0.6,1.0000,-24.4557,0.4741,-6.6963,134.449,ppo_car_spread_a_deterministic
8.1800,-0.12318,0.0000,0.0030,0.04331,0.04333,0.20940,-0.6,1.0000,-24.4550,0.4741,-6.6969,134.448,ppo_car_spread_a_deterministic
8.2000,-0.12297,0.0000,0.0056,0.03627,0.03628,0.36269,-0.6,1.0000,-24.4545,0.4741,-6.6973,134.449,ppo_car_spread_a_deterministic
8.2200,-0.12297,0.0000,0.0056,0.04159,0.04161,0.22354,-1.2,1.0000,-24.4539,0.4741,-6.6979,134.448,ppo_car_spread_a_deterministic
8.2400,-0.12297,0.0000,0.0056,0.04154,0.04155,0.28518,-1.2,1.0000,-24.4533,0.4741,-6.6985,134.446,ppo_car_spread_a_deterministic
8.2600,-0.12297,0.0000,0.0056,0.04530,0.04532,0.25777,-1.2,1.0000,-24.4526,0.4741,-6.6991,134.446,ppo_car_spread_a_deterministic
8.2800,-0.12373,0.0003,0.0000,0.04272,0.04274,0.23903,-1.2,1.0000,-24.4520,0.4741,-6.6997,134.444,ppo_car_spread_a_deterministic
8.3000,-0.12373,0.0003,0.0000,0.04452,0.04454,0.22215,0.2,1.0000,-24.4513,0.4741,-6.7003,134.445,ppo_car_spread_a_deterministic
8.3200,-0.12373,0.0003,0.0000,0.03164,0.03165,0.40560,0.2,1.0000,-24.4509,0.4741,-6.7007,134.444,ppo_car_spread_a_deterministic
8.3400,-0.12373,0.0003,0.0000,0.04265,0.04266,0.37074,0.2,1.0000,-24.4503,0.4741,-6.7013,134.446,ppo_car_spread_a_deterministic
8.3600,-0.12463,0.0099,0.0000,0.03787,0.03789,0.26882,0.2,1.0000,-24.4497,0.4741,-6.7018,134.444,ppo_car_spread_a_deterministic
8.3800,-0.12463,0.0099,0.0000,0.03824,0.03826,0.29916,5.2,1.0000,-24.4492,0.4741,-6.7023,134.444,ppo_car_spread_a_deterministic
8.4000,-0.12463,0.0099,0.0000,0.04914,0.04916,0.28688,5.2,1.0000,-24.4484,0.4741,-6.7030,134.441,ppo_car_spread_a_deterministic
8.4200,-0.12463,0.0099,0.0000,0.03958,0.03959,0.37799,5.2,1.0000,-24.4479,0.4741,-6.7035,134.440,ppo_car_spread_a_deterministic
8.4400,-0.12356,0.0000,0.0064,0.04611,0.04613,0.28172,5.2,1.0000,-24.4472,0.4741,-6.7042,134.442,ppo_car_spread_a_deterministic
8.4600,-0.12356,0.0000,0.0064,0.04413,0.04414,0.21420,-1.3,1.0000,-24.4465,0.4741,-6.7048,134.443,ppo_car_spread_a_deterministic
8.4800,-0.12356,0.0000,0.0064,0.04720,0.04722,0.24941,-1.3,1.0000,-24.4458,0.4741,-6.7054,134.445,ppo_car_spread_a_deterministic
8.5000,-0.12356,0.0000,0.0064,0.04045,0.04047,0.39984,-1.3,1.0000,-24.4452,0.4741,-6.7060,134.444,ppo_car_spread_a_deterministic
8.5200,-0.12276,0.0000,0.0063,0.04330,0.04332,0.18715,-1.3,1.0000,-24.4446,0.4741,-6.7065,134.444,ppo_car_spread_a_deterministic
8.5400,-0.12276,0.0000,0.0063,0.04420,0.04421,0.24654,-1.3,1.0000,-24.4439,0.4741,-6.7072,134.443,ppo_car_spread_a_deterministic
8.5600,-0.12276,0.0000,0.0063,0.04510,0.04511,0.20589,-1.3,1.0000,-24.4433,0.4741,-6.7078,134.442,ppo_car_spread_a_deterministic
8.5800,-0.12276,0.0000,0.0063,0.04822,0.04824,0.25755,-1.3,1.0000,-24.4426,0.4741,-6.7084,134.441,ppo_car_spread_a_deterministic
8.6000,-0.12314,0.0000,0.0034,0.04020,0.04021,0.22949,-1.3,1.0000,-24.4420,0.4741,-6.7090,134.439,ppo_car_spread_a_deterministic
8.6200,-0.12314,0.0000,0.0034,0.04172,0.04173,0.24134,-0.7,1.0000,-24.4414,0.4741,-6.7095,134.438,ppo_car_spread_a_deterministic
8.6400,-0.12314,0.0000,0.0034,0.04615,0.04616,0.15064,-0.7,1.0000,-24.4407,0.4741,-6.7102,134.437,ppo_car_spread_a_deterministic
8.6600,-0.12314,0.0000,0.0034,0.03945,0.03947,0.33591,-0.7,1.0000,-24.4401,0.4741,-6.7107,134.437,ppo_car_spread_a_deterministic
8.6800,-0.12329,0.0000,0.0043,0.03845,0.03846,0.40799,-0.7,1.0000,-24.4396,0.4741,-6.7112,134.437,ppo_car_spread_a_deterministic
8.7000,-0.12329,0.0000,0.0043,0.04073,0.04074,0.27064,-0.9,1.0000,-24.4390,0.4741,-6.7118,134.439,ppo_car_spread_a_deterministic
8.7200,-0.12329,0.0000,0.0043,0.03898,0.03899,0.25499,-0.9,1.0000,-24.4384,0.4741,-6.7123,134.438,ppo_car_spread_a_deterministic
8.7400,-0.12329,0.0000,0.0043,0.03804,0.03805,0.37071,-0.9,1.0000,-24.4379,0.4741,-6.7128,134.436,ppo_car_spread_a_deterministic
8.7600,-0.12389,0.0027,0.0000,0.03936,0.03937,0.38525,-0.9,1.0000,-24.4373,0.4741,-6.7134,134.430,ppo_car_spread_a_deterministic
8.7800,-0.12389,0.0027,0.0000,0.04021,0.04022,0.29648,1.4,1.0000,-24.4367,0.4741,-6.7139,134.431,ppo_car_spread_a_deterministic
8.8000,-0.12389,0.0027,0.0000,0.03999,0.04000,0.29593,1.4,1.0000,-24.4361,0.4741,-6.7145,134.432,ppo_car_spread_a_deterministic
8.8200,-0.12389,0.0027,0.0000,0.04398,0.04399,0.12623,1.4,1.0000,-24.4355,0.4741,-6.7151,134.432,ppo_car_spread_a_deterministic
8.8400,-0.12366,0.0009,0.0000,0.04056,0.04057,0.23349,1.4,1.0000,-24.4349,0.4741,-6.7156,134.433,ppo_car_spread_a_deterministic
8.8600,-0.12366,0.0009,0.0000,0.04512,0.04514,0.16545,0.5,1.0000,-24.4342,0.4741,-6.7162,134.431,ppo_car_spread_a_deterministic
8.8800,-0.12366,0.0009,0.0000,0.04255,0.04256,0.35023,0.5,1.0000,-24.4336,0.4741,-6.7168,134.427,ppo_car_spread_a_deterministic
8.9000,-0.12366,0.0009,0.0000,0.03994,0.03996,0.33912,0.5,1.0000,-24.4330,0.4741,-6.7174,134.426,ppo_car_spread_a_deterministic
8.9200,-0.12428,0.0003,0.0000,0.04133,0.04134,0.27086,0.5,1.0000,-24.4324,0.4741,-6.7179,134.423,ppo_car_spread_a_deterministic
8.9400,-0.12428,0.0003,0.0000,0.04109,0.04110,0.20241,0.2,1.0000,-24.4318,0.4741,-6.7185,134.422,ppo_car_spread_a_deterministic
8.9600,-0.12428,0.0003,0.0000,0.04289,0.04291,0.37900,0.2,1.0000,-24.4311,0.4741,-6.7191,134.425,ppo_car_spread_a_deterministic
8.9800,-0.12428,0.0003,0.0000,0.04598,0.04599,0.28918,0.2,1.0000,-24.4305,0.4741,-6.7197,134.424,ppo_car_spread_a_deterministic
9.0000,-0.12346,0.0000,0.0021,0.04622,0.04623,0.18416,0.2,1.0000,-24.4298,0.4741,-6.7203,134.421,ppo_car_spread_a_deterministic
9.0200,-0.12346,0.0000,0.0021,0.04879,0.04881,0.22196,-0.4,1.0000,-24.4291,0.4741,-6.7210,134.419,ppo_car_spread_a_deterministic
9.0400,-0.12346,0.0000,0.0021,0.04251,0.04252,0.17489,-0.4,1.0000,-24.4285,0.4741,-6.7216,134.421,ppo_car_spread_a_deterministic
9.0600,-0.12346,0.0000,0.0021,0.04475,0.04477,0.22768,-0.4,1.0000,-24.4278,0.4741,-6.7222,134.421,ppo_car_spread_a_deterministic
9.0800,-0.12340,0.0000,0.0015,0.04363,0.04365,0.21133,-0.4,1.0000,-24.4272,0.4741,-6.7228,134.420,ppo_car_spread_a_deterministic
9.1000,-0.12340,0.0000,0.0015,0.04297,0.04298,0.26665,-0.3,1.0000,-24.4265,0.4741,-6.7234,134.417,ppo_car_spread_a_deterministic
9.1200,-0.12340,0.0000,0.0015,0.04125,0.04127,0.32319,-0.3,1.0000,-24.4259,0.4741,-6.7239,134.415,ppo_car_spread_a_deterministic
9.1400,-0.12340,0.0000,0.0015,0.04565,0.04566,0.18475,-0.3,1.0000,-24.4253,0.4741,-6.7245,134.412,ppo_car_spread_a_deterministic
9.1600,-0.12403,0.0007,0.0000,0.03842,0.03843,0.40439,-0.3,1.0000,-24.4247,0.4741,-6.7251,134.412,ppo_car_spread_a_deterministic
9.1800,-0.12403,0.0007,0.0000,0.04301,0.04302,0.28517,0.4,1.0000,-24.4241,0.4741,-6.7256,134.413,ppo_car_spread_a_deterministic
9.2000,-0.12403,0.0007,0.0000,0.03646,0.03647,0.36372,0.4,1.0000,-24.4235,0.4741,-6.7261,134.412,ppo_car_spread_a_deterministic
9.2200,-0.12403,0.0007,0.0000,0.04033,0.04034,0.38426,0.4,1.0000,-24.4230,0.4741,-6.7267,134.410,ppo_car_spread_a_deterministic
9.2400,-0.12431,0.0052,0.0000,0.04780,0.04782,0.29521,0.4,1.0000,-24.4222,0.4741,-6.7273,134.413,ppo_car_spread_a_deterministic
9.2600,-0.12431,0.0052,0.0000,0.04341,0.04342,0.34949,2.7,1.0000,-24.4216,0.4741,-6.7279,134.410,ppo_car_spread_a_deterministic
9.2800,-0.12431,0.0052,0.0000,0.04487,0.04489,0.22497,2.7,1.0000,-24.4209,0.4741,-6.7285,134.410,ppo_car_spread_a_deterministic
9.3000,-0.12431,0.0052,0.0000,0.04350,0.04351,0.18322,2.7,1.0000,-24.4203,0.4741,-6.7291,134.410,ppo_car_spread_a_deterministic
9.3200,-0.12369,0.0000,0.0031,0.04150,0.04152,0.39813,2.7,1.0000,-24.4197,0.4741,-6.7297,134.409,ppo_car_spread_a_deterministic
9.3400,-0.12369,0.0000,0.0031,0.04706,0.04707,0.20374,-0.6,1.0000,-24.4190,0.4741,-6.7303,134.408,ppo_car_spread_a_deterministic
9.3600,-0.12369,0.0000,0.0031,0.04407,0.04409,0.33544,-0.6,1.0000,-24.4184,0.4741,-6.7309,134.409,ppo_car_spread_a_deterministic
9.3800,-0.12369,0.0000,0.0031,0.03949,0.03950,0.38645,-0.6,1.0000,-24.4178,0.4741,-6.7315,134.410,ppo_car_spread_a_deterministic
9.4000,-0.12347,0.0000,0.0029,0.04497,0.04499,0.33410,-0.6,1.0000,-24.4171,0.4741,-6.7321,134.409,ppo_car_spread_a_deterministic
9.4200,-0.12347,0.0000,0.0029,0.04093,0.04094,0.35746,-0.6,1.0000,-24.4165,0.4741,-6.7326,134.410,ppo_car_spread_a_deterministic
9.4400,-0.12347,0.0000,0.0029,0.04279,0.04281,0.24277,-0.6,1.0000,-24.4159,0.4741,-6.7332,134.409,ppo_car_spread_a_deterministic
9.4600,-0.12347,0.0000,0.0029,0.04345,0.04346,0.30925,-0.6,1.0000,-24.4153,0.4741,-6.7338,134.411,ppo_car_spread_a_deterministic
9.4800,-0.12386,0.0000,0.0011,0.03705,0.03706,0.35678,-0.6,1.0000,-24.4147,0.4741,-6.7343,134.411,ppo_car_spread_a_deterministic
9.5000,-0.12386,0.0000,0.0011,0.04876,0.04877,0.22721,-0.2,1.0000,-24.4140,0.4741,-6.7350,134.411,ppo_car_spread_a_deterministic
9.5200,-0.12386,0.0000,0.0011,0.04531,0.04532,0.11326,-0.2,1.0000,-24.4133,0.4741,-6.7356,134.411,ppo_car_spread_a_deterministic
9.5400,-0.12386,0.0000,0.0011,0.04452,0.04453,0.21753,-0.2,1.0000,-24.4127,0.4741,-6.7362,134.410,ppo_car_spread_a_deterministic
9.5600,-0.12343,0.0000,0.0038,0.03873,0.03874,0.39989,-0.2,1.0000,-24.4121,0.4741,-6.7367,134.408,ppo_car_spread_a_deterministic
9.5800,-0.12343,0.0000,0.0038,0.04298,0.04300,0.40350,-0.8,1.0000,-24.4115,0.4741,-6.7373,134.410,ppo_car_spread_a_deterministic
9.6000,-0.12343,0.0000,0.0038,0.04004,0.04006,0.40529,-0.8,1.0000,-24.4109,0.4741,-6.7379,134.410,ppo_car_spread_a_deterministic
9.6200,-0.12343,0.0000,0.0038,0.04537,0.04539,0.15536,-0.8,1.0000,-24.4102,0.4741,-6.7385,134.408,ppo_car_spread_a_deterministic
9.6400,-0.12402,0.0015,0.0000,0.04627,0.04629,0.23570,-0.8,1.0000,-24.4096,0.4741,-6.7391,134.406,ppo_car_spread_a_deterministic
9.6600,-0.12402,0.0015,0.0000,0.04255,0.04256,0.22689,0.8,1.0000,-24.4089,0.4741,-6.7397,134.402,ppo_car_spread_a_deterministic
9.6800,-0.12402,0.0015,0.0000,0.04854,0.04856,0.27150,0.8,1.0000,-24.4082,0.4741,-6.7404,134.398,ppo_car_spread_a_deterministic
9.7000,-0.12402,0.0015,0.0000,0.04255,0.04257,0.32855,0.8,1.0000,-24.4076,0.4741,-6.7409,134.395,ppo_car_spread_a_deterministic
9.7200,-0.12379,0.0000,0.0058,0.04643,0.04645,0.28538,0.8,1.0000,-24.4069,0.4741,-6.7416,134.395,ppo_car_spread_a_deterministic
9.7400,-0.12379,0.0000,0.0058,0.04152,0.04154,0.22938,-1.2,1.0000,-24.4063,0.4741,-6.7421,134.396,ppo_car_spread_a_deterministic
9.7600,-0.12379,0.0000,0.0058,0.04679,0.04681,0.20983,-1.2,1.0000,-24.4056,0.4741,-6.7428,134.393,ppo_car_spread_a_deterministic
9.7800,-0.12379,0.0000,0.0058,0.04362,0.04364,0.25454,-1.2,1.0000,-24.4050,0.4741,-6.7434,134.390,ppo_car_spread_a_deterministic
9.8000,-0.12390,0.0000,0.0043,0.04076,0.04077,0.29121,-1.2,1.0000,-24.4044,0.4741,-6.7439,134.389,ppo_car_spread_a_deterministic
9.8200,-0.12390,0.0000,0.0043,0.04693,0.04695,0.24456,-0.9,1.0000,-24.4037,0.4741,-6.7445,134.390,ppo_car_spread_a_deterministic
9.8400,-0.12390,0.0000,0.0043,0.04256,0.04258,0.16016,-0.9,1.0000,-24.4031,0.4741,-6.7451,134.389,ppo_car_spread_a_deterministic
9.8600,-0.12390,0.0000,0.0043,0.04342,0.04343,0.28861,-0.9,1.0000,-24.4024,0.4741,-6.7457,134.388,ppo_car_spread_a_deterministic
9.8800,-0.12406,0.0000,0.0007,0.04838,0.04839,0.28956,-0.9,1.0000,-24.4017,0.4741,-6.7464,134.384,ppo_car_spread_a_deterministic
9.9000,-0.12406,0.0000,0.0007,0.04059,0.04060,0.39919,-0.1,1.0000,-24.4011,0.4741,-6.7469,134.379,ppo_car_spread_a_deterministic
9.9200,-0.12406,0.0000,0.0007,0.04254,0.04255,0.15720,-0.1,1.0000,-24.4005,0.4741,-6.7475,134.378,ppo_car_spread_a_deterministic
9.9400,-0.12406,0.0000,0.0007,0.04211,0.04212,0.30239,-0.1,1.0000,-24.3999,0.4741,-6.7481,134.378,ppo_car_spread_a_deterministic
9.9600,-0.12398,0.0000,0.0007,0.04337,0.04338,0.25474,-0.1,1.0000,-24.3992,0.4741,-6.7487,134.377,ppo_car_spread_a_deterministic
9.9800,-0.12398,0.0000,0.0007,0.04736,0.04738,0.23329,-0.2,1.0000,-24.3986,0.4741,-6.7493,134.376,ppo_car_spread_a_deterministic
10.0000,-0.12398,0.0000,0.0007,0.04314,0.04315,0.31827,-0.2,1.0000,-24.3979,0.4741,-6.7499,134.375,ppo_car_spread_a_deterministic
10.0200,-0.12398,0.0000,0.0007,0.04550,0.04552,0.22007,-0.2,1.0000,-24.3973,0.4741,-6.7505,134.375,ppo_car_spread_a_deterministic
10.0400,-0.12390,0.0000,0.0011,0.04301,0.04303,0.27523,-0.2,1.0000,-24.3966,0.4741,-6.7511,134.373,ppo_car_spread_a_deterministic
10.0600,-0.12390,0.0000,0.0011,0.04504,0.04506,0.22588,-0.2,1.0000,-24.3960,0.4741,-6.7517,134.370,ppo_car_spread_a_deterministic
10.0800,-0.12390,0.0000,0.0011,0.03639,0.03641,0.33414,-0.2,1.0000,-24.3954,0.4741,-6.7522,134.369,ppo_car_spread_a_deterministic
10.1000,-0.12390,0.0000,0.0011,0.04356,0.04358,0.20681,-0.2,1.0000,-24.3948,0.4741,-6.7528,134.367,ppo_car_spread_a_deterministic
10.1200,-0.12465,0.0053,0.0000,0.04312,0.04314,0.38538,-0.2,1.0000,-24.3942,0.4741,-6.7534,134.368,ppo_car_spread_a_deterministic
10.1400,-0.12465,0.0053,0.0000,0.03995,0.03996,0.40169,2.8,1.0000,-24.3936,0.4741,-6.7539,134.365,ppo_car_spread_a_deterministic
10.1600,-0.12465,0.0053,0.0000,0.03910,0.03911,0.40914,2.8,1.0000,-24.3930,0.4741,-6.7545,134.365,ppo_car_spread_a_deterministic
10.1800,-0.12465,0.0053,0.0000,0.04156,0.04157,0.38967,2.8,1.0000,-24.3924,0.4741,-6.7550,134.364,ppo_car_spread_a_deterministic
10.2000,-0.12432,0.0026,0.0000,0.03766,0.03767,0.40484,2.8,1.0000,-24.3918,0.4741,-6.7555,134.361,ppo_car_spread_a_deterministic
10.2200,-0.12432,0.0026,0.0000,0.04031,0.04032,0.35118,1.3,1.0000,-24.3912,0.4741,-6.7561,134.361,ppo_car_spread_a_deterministic
10.2400,-0.12432,0.0026,0.0000,0.04212,0.04214,0.37338,1.3,1.0000,-24.3906,0.4741,-6.7567,134.361,ppo_car_spread_a_deterministic
10.2600,-0.12432,0.0026,0.0000,0.04496,0.04498,0.38226,1.3,1.0000,-24.3900,0.4741,-6.7573,134.361,ppo_car_spread_a_deterministic
10.2800,-0.12408,0.0000,0.0008,0.04370,0.04371,0.23043,1.3,1.0000,-24.3893,0.4741,-6.7579,134.357,ppo_car_spread_a_deterministic
10.3001,-0.12408,0.0000,0.0008,0.04600,0.04601,0.39102,-0.2,1.0000,-24.3886,0.4741,-6.7585,134.357,ppo_car_spread_a_deterministic
10.3201,-0.12408,0.0000,0.0008,0.04428,0.04429,0.40154,-0.2,1.0000,-24.3880,0.4741,-6.7591,134.352,ppo_car_spread_a_deterministic
10.3401,-0.12408,0.0000,0.0008,0.04509,0.04511,0.23158,-0.2,1.0000,-24.3873,0.4741,-6.7597,134.354,ppo_car_spread_a_deterministic
10.3601,-0.12447,0.0000,0.0013,0.04804,0.04806,0.20597,-0.2,1.0000,-24.3866,0.4741,-6.7604,134.351,ppo_car_spread_a_deterministic
10.3801,-0.12447,0.0000,0.0013,0.04292,0.04294,0.29851,-0.3,1.0000,-24.3860,0.4741,-6.7610,134.348,ppo_car_spread_a_deterministic
10.4001,-0.12447,0.0000,0.0013,0.04402,0.04403,0.28259,-0.3,1.0000,-24.3853,0.4741,-6.7615,134.349,ppo_car_spread_a_deterministic
10.4201,-0.12447,0.0000,0.0013,0.04551,0.04553,0.27317,-0.3,1.0000,-24.3847,0.4741,-6.7622,134.345,ppo_car_spread_a_deterministic
10.4401,-0.12378,0.0000,0.0027,0.04703,0.04705,0.28798,-0.3,1.0000,-24.3840,0.4741,-6.7628,134.343,ppo_car_spread_a_deterministic
10.4601,-0.12378,0.0000,0.0027,0.04550,0.04552,0.26623,-0.6,1.0000,-24.3833,0.4741,-6.7634,134.339,ppo_car_spread_a_deterministic
10.4801,-0.12378,0.0000,0.0027,0.05016,0.05018,0.27763,-0.6,1.0000,-24.3826,0.4741,-6.7641,134.336,ppo_car_spread_a_deterministic
10.5001,-0.12378,0.0000,0.0027,0.04091,0.04092,0.26447,-0.6,1.0000,-24.3820,0.4741,-6.7647,134.335,ppo_car_spread_a_deterministic
10.5201,-0.12388,0.0000,0.0076,0.04591,0.04592,0.25353,-0.6,1.0000,-24.3813,0.4741,-6.7653,134.336,ppo_car_spread_a_deterministic
10.5401,-0.12388,0.0000,0.0076,0.04014,0.04015,0.39786,-1.6,1.0000,-24.3807,0.4741,-6.7658,134.339,ppo_car_spread_a_deterministic
10.5601,-0.12388,0.0000,0.0076,0.04598,0.04600,0.21594,-1.6,1.0000,-24.3800,0.4741,-6.7664,134.339,ppo_car_spread_a_deterministic
10.5801,-0.12388,0.0000,0.0076,0.04325,0.04327,0.18801,-1.6,1.0000,-24.3794,0.4741,-6.7670,134.337,ppo_car_spread_a_deterministic
10.6001,-0.12393,0.0000,0.0042,0.04378,0.04379,0.18644,-1.6,1.0000,-24.3788,0.4741,-6.7676,134.338,ppo_car_spread_a_deterministic
10.6201,-0.12393,0.0000,0.0042,0.04593,0.04595,0.23474,-0.9,1.0000,-24.3781,0.4741,-6.7683,134.339,ppo_car_spread_a_deterministic
10.6401,-0.12393,0.0000,0.0042,0.04792,0.04794,0.17979,-0.9,1.0000,-24.3774,0.4741,-6.7689,134.338,ppo_car_spread_a_deterministic
10.6601,-0.12393,0.0000,0.0042,0.03615,0.03616,0.40774,-0.9,1.0000,-24.3769,0.4741,-6.7694,134.338,ppo_car_spread_a_deterministic
10.6801,-0.12384,0.0000,0.0059,0.03921,0.03922,0.20960,-0.9,1.0000,-24.3763,0.4741,-6.7699,134.338,ppo_car_spread_a_deterministic
10.7001,-0.12384,0.0000,0.0059,0.04413,0.04415,0.20788,-1.2,1.0000,-24.3756,0.4741,-6.7705,134.338,ppo_car_spread_a_deterministic
10.7201,-0.12384,0.0000,0.0059,0.03772,0.03773,0.37919,-1.2,1.0000,-24.3751,0.4741,-6.7710,134.339,ppo_car_spread_a_deterministic
10.7401,-0.12384,0.0000,0.0059,0.04579,0.04580,0.22265,-1.2,1.0000,-24.3744,0.4741,-6.7717,134.339,ppo_car_spread_a_deterministic
10.7601,-0.12451,0.0035,0.0000,0.04195,0.04196,0.24537,-1.2,1.0000,-24.3738,0.4741,-6.7722,134.337,ppo_car_spread_a_deterministic
10.7801,-0.12451,0.0035,0.0000,0.04249,0.04251,0.39205,1.8,1.0000,-24.3732,0.4741,-6.7728,134.339,ppo_car_spread_a_deterministic
10.8001,-0.12451,0.0035,0.0000,0.04340,0.04341,0.36769,1.8,1.0000,-24.3725,0.4741,-6.7734,134.339,ppo_car_spread_a_deterministic
10.8201,-0.12451,0.0035,0.0000,0.04720,0.04721,0.23403,1.8,1.0000,-24.3718,0.4741,-6.7740,134.336,ppo_car_spread_a_deterministic
10.8401,-0.12405,0.0000,0.0017,0.04143,0.04144,0.29381,1.8,1.0000,-24.3712,0.4741,-6.7746,134.336,ppo_car_spread_a_deterministic
10.8601,-0.12405,0.0000,0.0017,0.03944,0.03946,0.39826,-0.4,1.0000,-24.3707,0.4741,-6.7751,134.332,ppo_car_spread_a_deterministic
10.8801,-0.12405,0.0000,0.0017,0.03712,0.03714,0.37931,-0.4,1.0000,-24.3701,0.4741,-6.7756,134.330,ppo_car_spread_a_deterministic
10.9001,-0.12405,0.0000,0.0017,0.03626,0.03628,0.40090,-0.4,1.0000,-24.3696,0.4741,-6.7761,134.328,ppo_car_spread_a_deterministic
10.9201,-0.12487,0.0047,0.0000,0.03465,0.03466,0.38428,-0.4,1.0000,-24.3691,0.4741,-6.7766,134.328,ppo_car_spread_a_deterministic
10.9401,-0.12487,0.0047,0.0000,0.03787,0.03788,0.27897,2.5,1.0000,-24.3685,0.4741,-6.7771,134.327,ppo_car_spread_a_deterministic
10.9601,-0.12487,0.0047,0.0000,0.04827,0.04829,0.29729,2.5,1.0000,-24.3678,0.4741,-6.7778,134.325,ppo_car_spread_a_deterministic
10.9801,-0.12487,0.0047,0.0000,0.04408,0.04410,0.32561,2.5,1.0000,-24.3672,0.4741,-6.7784,134.328,ppo_car_spread_a_deterministic
11.0001,-0.12413,0.0000,0.0060,0.04021,0.04023,0.39419,2.5,1.0000,-24.3666,0.4741,-6.7789,134.325,ppo_car_spread_a_deterministic
11.0201,-0.12413,0.0000,0.0060,0.04301,0.04303,0.38438,-1.3,1.0000,-24.3659,0.4741,-6.7795,134.323,ppo_car_spread_a_deterministic
11.0401,-0.12413,0.0000,0.0060,0.04902,0.04904,0.19772,-1.3,1.0000,-24.3652,0.4741,-6.7802,134.321,ppo_car_spread_a_deterministic
11.0601,-0.12413,0.0000,0.0060,0.04090,0.04092,0.26699,-1.3,1.0000,-24.3646,0.4741,-6.7807,134.321,ppo_car_spread_a_deterministic
11.0801,-0.12400,0.0000,0.0065,0.04321,0.04322,0.27776,-1.3,1.0000,-24.3640,0.4741,-6.7813,134.322,ppo_car_spread_a_deterministic
11.1001,-0.12400,0.0000,0.0065,0.04143,0.04144,0.15677,-1.4,1.0000,-24.3634,0.4741,-6.7819,134.320,ppo_car_spread_a_deterministic
11.1201,-0.12400,0.0000,0.0065,0.04780,0.04781,0.19567,-1.4,1.0000,-24.3627,0.4741,-6.7825,134.319,ppo_car_spread_a_deterministic
11.1401,-0.12400,0.0000,0.0065,0.04770,0.04773,0.28927,-1.4,1.0000,-24.3619,0.4741,-6.7832,134.316,ppo_car_spread_a_deterministic
11.1601,-0.12386,0.0000,0.0057,0.04778,0.04780,0.28526,-1.4,1.0000,-24.3612,0.4741,-6.7838,134.311,ppo_car_spread_a_deterministic
11.1801,-0.12386,0.0000,0.0057,0.04051,0.04052,0.20533,-1.2,1.0000,-24.3607,0.4741,-6.7844,134.309,ppo_car_spread_a_deterministic
11.2001,-0.12386,0.0000,0.0057,0.04384,0.04386,0.28250,-1.2,1.0000,-24.3600,0.4741,-6.7850,134.306,ppo_car_spread_a_deterministic
11.2201,-0.12386,0.0000,0.0057,0.04880,0.04882,0.25697,-1.2,1.0000,-24.3593,0.4741,-6.7857,134.304,ppo_car_spread_a_deterministic
11.2401,-0.12465,0.0000,0.0012,0.04476,0.04477,0.22117,-1.2,1.0000,-24.3586,0.4741,-6.7863,134.303,ppo_car_spread_a_deterministic
11.2601,-0.12465,0.0000,0.0012,0.04280,0.04282,0.38813,-0.2,1.0000,-24.3580,0.4741,-6.7868,134.302,ppo_car_spread_a_deterministic
11.2801,-0.12465,0.0000,0.0012,0.04586,0.04588,0.27452,-0.2,1.0000,-24.3573,0.4741,-6.7875,134.297,ppo_car_spread_a_deterministic
11.3001,-0.12465,0.0000,0.0012,0.04249,0.04250,0.21275,-0.2,1.0000,-24.3567,0.4741,-6.7880,134.294,ppo_car_spread_a_deterministic
11.3201,-0.12484,0.0000,0.0027,0.04018,0.04020,0.40675,-0.2,1.0000,-24.3561,0.4741,-6.7886,134.289,ppo_car_spread_a_deterministic
11.3401,-0.12484,0.0000,0.0027,0.04119,0.04120,0.18640,-0.6,1.0000,-24.3555,0.4741,-6.7891,134.286,ppo_car_spread_a_deterministic
11.3601,-0.12484,0.0000,0.0027,0.04420,0.04422,0.18712,-0.6,1.0000,-24.3549,0.4741,-6.7897,134.285,ppo_car_spread_a_deterministic
11.3801,-0.12484,0.0000,0.0027,0.04250,0.04251,0.16380,-0.6,1.0000,-24.3543,0.4741,-6.7903,134.284,ppo_car_spread_a_deterministic
11.4001,-0.12447,0.0000,0.0021,0.03582,0.03584,0.32001,-0.6,1.0000,-24.3537,0.4741,-6.7908,134.285,ppo_car_spread_a_deterministic
11.4201,-0.12447,0.0000,0.0021,0.04526,0.04528,0.24314,-0.4,1.0000,-24.3531,0.4741,-6.7914,134.286,ppo_car_spread_a_deterministic
11.4401,-0.12447,0.0000,0.0021,0.03930,0.03931,0.32654,-0.4,1.0000,-24.3525,0.4741,-6.7919,134.281,ppo_car_spread_a_deterministic
11.4601,-0.12447,0.0000,0.0021,0.04150,0.04152,0.39904,-0.4,1.0000,-24.3519,0.4741,-6.7925,134.279,ppo_car_spread_a_deterministic
11.4801,-0.12542,0.0035,0.0000,0.03552,0.03553,0.33091,-0.4,1.0000,-24.3514,0.4741,-6.7930,134.277,ppo_car_spread_a_deterministic
11.5001,-0.12542,0.0035,0.0000,0.04021,0.04023,0.29407,1.8,1.0000,-24.3508,0.4741,-6.7935,134.272,ppo_car_spread_a_deterministic
11.5201,-0.12542,0.0035,0.0000,0.04175,0.04176,0.36551,1.8,1.0000,-24.3502,0.4741,-6.7941,134.272,ppo_car_spread_a_deterministic
11.5401,-0.12542,0.0035,0.0000,0.04345,0.04346,0.19775,1.8,1.0000,-24.3495,0.4741,-6.7947,134.269,ppo_car_spread_a_deterministic
11.5601,-0.12477,0.0003,0.0000,0.04408,0.04409,0.29422,1.8,1.0000,-24.3489,0.4741,-6.7953,134.268,ppo_car_spread_a_deterministic
11.5801,-0.12477,0.0003,0.0000,0.04192,0.04194,0.40748,0.2,1.0000,-24.3483,0.4741,-6.7959,134.272,ppo_car_spread_a_deterministic
11.6001,-0.12477,0.0003,0.0000,0.04049,0.04051,0.19476,0.2,1.0000,-24.3477,0.4741,-6.7964,134.271,ppo_car_spread_a_deterministic
11.6201,-0.12477,0.0003,0.0000,0.04088,0.04089,0.40200,0.2,1.0000,-24.3471,0.4741,-6.7970,134.271,ppo_car_spread_a_deterministic
11.6401,-0.12481,0.0013,0.0000,0.04265,0.04267,0.37155,0.2,1.0000,-24.3464,0.4741,-6.7975,134.275,ppo_car_spread_a_deterministic
11.6601,-0.12481,0.0013,0.0000,0.03685,0.03686,0.38915,0.7,1.0000,-24.3459,0.4741,-6.7980,134.275,ppo_car_spread_a_deterministic
11.6801,-0.12481,0.0013,0.0000,0.04669,0.04671,0.22313,0.7,1.0000,-24.3452,0.4741,-6.7987,134.274,ppo_car_spread_a_deterministic
11.7001,-0.12481,0.0013,0.0000,0.03718,0.03720,0.31861,0.7,1.0000,-24.3447,0.4741,-6.7992,134.273,ppo_car_spread_a_deterministic
11.7201,-0.12428,0.0000,0.0045,0.04731,0.04733,0.28667,0.7,1.0000,-24.3440,0.4741,-6.7998,134.275,ppo_car_spread_a_deterministic
11.7401,-0.12428,0.0000,0.0045,0.04594,0.04596,0.22444,-0.9,1.0000,-24.3433,0.4741,-6.8005,134.274,ppo_car_spread_a_deterministic
11.7601,-0.12428,0.0000,0.0045,0.04480,0.04482,0.26811,-0.9,1.0000,-24.3426,0.4741,-6.8011,134.273,ppo_car_spread_a_deterministic
11.7801,-0.12428,0.0000,0.0045,0.04208,0.04209,0.18201,-0.9,1.0000,-24.3420,0.4741,-6.8016,134.271,ppo_car_spread_a_deterministic
11.8001,-0.12463,0.0000,0.0027,0.04562,0.04563,0.40152,-0.9,1.0000,-24.3413,0.4741,-6.8023,134.268,ppo_car_spread_a_deterministic
11.8201,-0.12463,0.0000,0.0027,0.04273,0.04274,0.24818,-0.6,1.0000,-24.3407,0.4741,-6.8028,134.267,ppo_car_spread_a_deterministic
11.8401,-0.12463,0.0000,0.0027,0.04210,0.04212,0.37907,-0.6,1.0000,-24.3401,0.4741,-6.8034,134.269,ppo_car_spread_a_deterministic
11.8601,-0.12463,0.0000,0.0027,0.04498,0.04500,0.28692,-0.6,1.0000,-24.3394,0.4741,-6.8040,134.268,ppo_car_spread_a_deterministic
11.8801,-0.12436,0.0000,0.0012,0.03990,0.03991,0.35610,-0.6,1.0000,-24.3388,0.4741,-6.8046,134.265,ppo_car_spread_a_deterministic
11.9001,-0.12436,0.0000,0.0012,0.03937,0.03938,0.39614,-0.2,1.0000,-24.3383,0.4741,-6.8051,134.265,ppo_car_spread_a_deterministic
11.9201,-0.12436,0.0000,0.0012,0.03953,0.03954,0.23130,-0.2,1.0000,-24.3377,0.4741,-6.8056,134.263,ppo_car_spread_a_deterministic
11.9401,-0.12436,0.0000,0.0012,0.04138,0.04140,0.20133,-0.2,1.0000,-24.3371,0.4741,-6.8062,134.264,ppo_car_spread_a_deterministic
11.9601,-0.12505,0.0024,0.0000,0.04923,0.04924,0.29910,-0.2,1.0000,-24.3363,0.4741,-6.8069,134.264,ppo_car_spread_a_deterministic
11.9801,-0.12505,0.0024,0.0000,0.03966,0.03967,0.19932,1.3,1.0000,-24.3358,0.4741,-6.8074,134.264,ppo_car_spread_a_deterministic
12.0001,-0.12505,0.0024,0.0000,0.03884,0.03886,0.26655,1.3,1.0000,-24.3352,0.4741,-6.8079,134.263,ppo_car_spread_a_deterministic
12.0201,-0.12505,0.0024,0.0000,0.04031,0.04033,0.27084,1.3,1.0000,-24.3346,0.4741,-6.8085,134.261,ppo_car_spread_a_deterministic
12.0401,-0.12522,0.0031,0.0000,0.03830,0.03832,0.32800,1.3,1.0000,-24.3340,0.4741,-6.8090,134.259,ppo_car_spread_a_deterministic
12.0601,-0.12522,0.0031,0.0000,0.04239,0.04241,0.28669,1.6,1.0000,-24.3334,0.4741,-6.8095,134.254,ppo_car_spread_a_deterministic
12.0801,-0.12522,0.0031,0.0000,0.03753,0.03754,0.41036,1.6,1.0000,-24.3329,0.4741,-6.8101,134.255,ppo_car_spread_a_deterministic
12.1001,-0.12522,0.0031,0.0000,0.03947,0.03948,0.40439,1.6,1.0000,-24.3323,0.4741,-6.8106,134.257,ppo_car_spread_a_deterministic
12.1201,-0.12501,0.0039,0.0000,0.04887,0.04889,0.27090,1.6,1.0000,-24.3316,0.4741,-6.8113,134.255,ppo_car_spread_a_deterministic
12.1401,-0.12501,0.0039,0.0000,0.04779,0.04781,0.29283,2.0,1.0000,-24.3309,0.4741,-6.8119,134.256,ppo_car_spread_a_deterministic
12.1601,-0.12501,0.0039,0.0000,0.04079,0.04081,0.38150,2.0,1.0000,-24.3303,0.4741,-6.8125,134.255,ppo_car_spread_a_deterministic
12.1801,-0.12501,0.0039,0.0000,0.04263,0.04264,0.32287,2.0,1.0000,-24.3296,0.4741,-6.8130,134.250,ppo_car_spread_a_deterministic
12.2001,-0.12502,0.0010,0.0000,0.04912,0.04914,0.22486,2.0,1.0000,-24.3289,0.4741,-6.8137,134.248,ppo_car_spread_a_deterministic
12.2201,-0.12502,0.0010,0.0000,0.04251,0.04253,0.39906,0.5,1.0000,-24.3283,0.4741,-6.8143,134.250,ppo_car_spread_a_deterministic
12.2401,-0.12502,0.0010,0.0000,0.04827,0.04829,0.27807,0.5,1.0000,-24.3276,0.4741,-6.8149,134.250,ppo_car_spread_a_deterministic
12.2601,-0.12502,0.0010,0.0000,0.03954,0.03956,0.37494,0.5,1.0000,-24.3270,0.4741,-6.8155,134.248,ppo_car_spread_a_deterministic
12.2801,-0.12442,0.0000,0.0063,0.04555,0.04556,0.41070,0.5,1.0000,-24.3263,0.4741,-6.8161,134.250,ppo_car_spread_a_deterministic
12.3001,-0.12442,0.0000,0.0063,0.04714,0.04716,0.18073,-1.3,1.0000,-24.3256,0.4741,-6.8167,134.247,ppo_car_spread_a_deterministic
12.3201,-0.12442,0.0000,0.0063,0.03893,0.03894,0.40754,-1.3,1.0000,-24.3251,0.4741,-6.8173,134.244,ppo_car_spread_a_deterministic
12.3401,-0.12442,0.0000,0.0063,0.04123,0.04124,0.40285,-1.3,1.0000,-24.3244,0.4741,-6.8178,134.243,ppo_car_spread_a_deterministic
12.3601,-0.12549,0.0037,0.0000,0.04806,0.04808,0.28547,-1.3,1.0000,-24.3237,0.4741,-6.8185,134.243,ppo_car_spread_a_deterministic
12.3801,-0.12549,0.0037,0.0000,0.04305,0.04306,0.33493,1.9,1.0000,-24.3231,0.4741,-6.8191,134.242,ppo_car_spread_a_deterministic
12.4001,-0.12549,0.0037,0.0000,0.04746,0.04749,0.27805,1.9,1.0000,-24.3224,0.4741,-6.8197,134.241,ppo_car_spread_a_deterministic
12.4201,-0.12549,0.0037,0.0000,0.04344,0.04346,0.18520,1.9,1.0000,-24.3218,0.4741,-6.8203,134.240,ppo_car_spread_a_deterministic
12.4401,-0.12468,0.0000,0.0052,0.04045,0.04046,0.32281,1.9,1.0000,-24.3212,0.4741,-6.8208,134.238,ppo_car_spread_a_deterministic
12.4601,-0.12468,0.0000,0.0052,0.04270,0.04271,0.31325,-1.1,1.0000,-24.3205,0.4741,-6.8214,134.237,ppo_car_spread_a_deterministic
12.4801,-0.12468,0.0000,0.0052,0.04562,0.04564,0.15842,-1.1,1.0000,-24.3199,0.4741,-6.8220,134.236,ppo_car_spread_a_deterministic
12.5001,-0.12468,0.0000,0.0052,0.04998,0.05000,0.22191,-1.1,1.0000,-24.3191,0.4741,-6.8227,134.234,ppo_car_spread_a_deterministic
12.5201,-0.12458,0.0000,0.0035,0.05012,0.05014,0.28811,-1.1,1.0000,-24.3184,0.4741,-6.8234,134.234,ppo_car_spread_a_deterministic
12.5401,-0.12458,0.0000,0.0035,0.04116,0.04117,0.41004,-0.7,1.0000,-24.3178,0.4741,-6.8240,134.236,ppo_car_spread_a_deterministic
12.5601,-0.12458,0.0000,0.0035,0.04449,0.04450,0.27986,-0.7,1.0000,-24.3171,0.4741,-6.8246,134.237,ppo_car_spread_a_deterministic
12.5801,-0.12458,0.0000,0.0035,0.04484,0.04486,0.34099,-0.7,1.0000,-24.3165,0.4741,-6.8252,134.233,ppo_car_spread_a_deterministic
12.6001,-0.12453,0.0000,0.0028,0.04516,0.04518,0.27779,-0.7,1.0000,-24.3158,0.4741,-6.8258,134.229,ppo_car_spread_a_deterministic
12.6201,-0.12453,0.0000,0.0028,0.04657,0.04659,0.10596,-0.6,1.0000,-24.3151,0.4741,-6.8264,134.228,ppo_car_spread_a_deterministic
12.6401,-0.12453,0.0000,0.0028,0.04790,0.04792,0.35485,-0.6,1.0000,-24.3144,0.4741,-6.8271,134.225,ppo_car_spread_a_deterministic
12.6601,-0.12453,0.0000,0.0028,0.04274,0.04276,0.25592,-0.6,1.0000,-24.3138,0.4741,-6.8276,134.223,ppo_car_spread_a_deterministic
12.6801,-0.12491,0.0000,0.0052,0.04845,0.04847,0.27521,-0.6,1.0000,-24.3131,0.4741,-6.8283,134.220,ppo_car_spread_a_deterministic
12.7001,-0.12491,0.0000,0.0052,0.04727,0.04729,0.35247,-1.1,1.0000,-24.3124,0.4741,-6.8289,134.222,ppo_car_spread_a_deterministic
12.7201,-0.12491,0.0000,0.0052,0.03765,0.03767,0.40841,-1.1,1.0000,-24.3118,0.4741,-6.8294,134.218,ppo_car_spread_a_deterministic
12.7401,-0.12491,0.0000,0.0052,0.04317,0.04320,0.35951,-1.1,1.0000,-24.3112,0.4741,-6.8300,134.217,ppo_car_spread_a_deterministic
12.7601,-0.12595,0.0050,0.0000,0.04687,0.04689,0.27798,-1.1,1.0000,-24.3105,0.4741,-6.8307,134.214,ppo_car_spread_a_deterministic
12.7801,-0.12595,0.0050,0.0000,0.04362,0.04364,0.22520,2.6,1.0000,-24.3099,0.4741,-6.8312,134.213,ppo_car_spread_a_deterministic
12.8001,-0.12595,0.0050,0.0000,0.03960,0.03961,0.40136,2.6,1.0000,-24.3093,0.4741,-6.8318,134.211,ppo_car_spread_a_deterministic
12.8201,-0.12595,0.0050,0.0000,0.04688,0.04689,0.19806,2.6,1.0000,-24.3086,0.4741,-6.8324,134.210,ppo_car_spread_a_deterministic
12.8401,-0.12568,0.0028,0.0000,0.04671,0.04672,0.09650,2.6,1.0000,-24.3079,0.4741,-6.8331,134.209,ppo_car_spread_a_deterministic
12.8601,-0.12568,0.0028,0.0000,0.04975,0.04977,0.27771,1.5,1.0000,-24.3072,0.4741,-6.8337,134.209,ppo_car_spread_a_deterministic
12.8801,-0.12568,0.0028,0.0000,0.04582,0.04583,0.34047,1.5,1.0000,-24.3065,0.4741,-6.8344,134.210,ppo_car_spread_a_deterministic
12.9001,-0.12568,0.0028,0.0000,0.04641,0.04642,0.16957,1.5,1.0000,-24.3058,0.4741,-6.8350,134.208,ppo_car_spread_a_deterministic
12.9201,-0.12453,0.0000,0.0041,0.04295,0.04296,0.33032,1.5,1.0000,-24.3052,0.4741,-6.8356,134.208,ppo_car_spread_a_deterministic
12.9401,-0.12453,0.0000,0.0041,0.04387,0.04388,0.35881,-0.9,1.0000,-24.3045,0.4741,-6.8362,134.206,ppo_car_spread_a_deterministic
12.9601,-0.12453,0.0000,0.0041,0.04675,0.04677,0.37192,-0.9,1.0000,-24.3039,0.4741,-6.8368,134.208,ppo_car_spread_a_deterministic
12.9801,-0.12453,0.0000,0.0041,0.04403,0.04404,0.40940,-0.9,1.0000,-24.3032,0.4741,-6.8374,134.209,ppo_car_spread_a_deterministic
13.0001,-0.12428,0.0000,0.0054,0.04392,0.04393,0.38225,-0.9,1.0000,-24.3026,0.4741,-6.8380,134.205,ppo_car_spread_a_deterministic
13.0201,-0.12428,0.0000,0.0054,0.04759,0.04761,0.22587,-1.1,1.0000,-24.3019,0.4741,-6.8386,134.204,ppo_car_spread_a_deterministic
13.0401,-0.12428,0.0000,0.0054,0.04593,0.04596,0.39904,-1.1,1.0000,-24.3012,0.4741,-6.8393,134.204,ppo_car_spread_a_deterministic
13.0601,-0.12428,0.0000,0.0054,0.04949,0.04950,0.22007,-1.1,1.0000,-24.3005,0.4741,-6.8399,134.203,ppo_car_spread_a_deterministic
13.0801,-0.12474,0.0000,0.0042,0.04124,0.04125,0.40868,-1.1,1.0000,-24.2999,0.4741,-6.8405,134.198,ppo_car_spread_a_deterministic
13.1001,-0.12474,0.0000,0.0042,0.04575,0.04577,0.10554,-0.9,1.0000,-24.2992,0.4741,-6.8411,134.197,ppo_car_spread_a_deterministic
13.1201,-0.12474,0.0000,0.0042,0.04964,0.04965,0.25611,-0.9,1.0000,-24.2984,0.4741,-6.8418,134.196,ppo_car_spread_a_deterministic
13.1401,-0.12474,0.0000,0.0042,0.04839,0.04841,0.28449,-0.9,1.0000,-24.2977,0.4741,-6.8424,134.195,ppo_car_spread_a_deterministic
13.1601,-0.12458,0.0000,0.0072,0.04093,0.04095,0.40454,-0.9,1.0000,-24.2971,0.4741,-6.8430,134.196,ppo_car_spread_a_deterministic
13.1801,-0.12458,0.0000,0.0072,0.04201,0.04202,0.20899,-1.5,1.0000,-24.2965,0.4741,-6.8436,134.194,ppo_car_spread_a_deterministic
13.2001,-0.12458,0.0000,0.0072,0.04410,0.04412,0.10203,-1.5,1.0000,-24.2959,0.4741,-6.8442,134.193,ppo_car_spread_a_deterministic
13.2201,-0.12458,0.0000,0.0072,0.04228,0.04229,0.28669,-1.5,1.0000,-24.2953,0.4741,-6.8447,134.191,ppo_car_spread_a_deterministic
13.2401,-0.12508,0.0000,0.0019,0.04333,0.04334,0.37414,-1.5,1.0000,-24.2946,0.4741,-6.8453,134.190,ppo_car_spread_a_deterministic
13.2601,-0.12508,0.0000,0.0019,0.04391,0.04393,0.27218,-0.4,1.0000,-24.2940,0.4741,-6.8459,134.192,ppo_car_spread_a_deterministic
13.2801,-0.12508,0.0000,0.0019,0.04447,0.04449,0.08692,-0.4,1.0000,-24.2933,0.4741,-6.8465,134.191,ppo_car_spread_a_deterministic
13.3001,-0.12508,0.0000,0.0019,0.04086,0.04088,0.35870,-0.4,1.0000,-24.2927,0.4741,-6.8471,134.189,ppo_car_spread_a_deterministic
13.3201,-0.12507,0.0000,0.0023,0.04404,0.04405,0.25774,-0.4,1.0000,-24.2921,0.4741,-6.8477,134.191,ppo_car_spread_a_deterministic
13.3401,-0.12507,0.0000,0.0023,0.03589,0.03590,0.32106,-0.5,1.0000,-24.2915,0.4741,-6.8481,134.191,ppo_car_spread_a_deterministic
13.3601,-0.12507,0.0000,0.0023,0.04218,0.04220,0.15922,-0.5,1.0000,-24.2909,0.4741,-6.8487,134.190,ppo_car_spread_a_deterministic
13.3801,-0.12507,0.0000,0.0023,0.04525,0.04527,0.16755,-0.5,1.0000,-24.2903,0.4741,-6.8493,134.189,ppo_car_spread_a_deterministic
13.4001,-0.12528,0.0000,0.0001,0.04543,0.04545,0.29704,-0.5,1.0000,-24.2896,0.4741,-6.8500,134.189,ppo_car_spread_a_deterministic
13.4201,-0.12528,0.0000,0.0001,0.03753,0.03754,0.40176,0.0,1.0000,-24.2890,0.4741,-6.8505,134.186,ppo_car_spread_a_deterministic
13.4401,-0.12528,0.0000,0.0001,0.04222,0.04225,0.39243,0.0,1.0000,-24.2884,0.4741,-6.8510,134.186,ppo_car_spread_a_deterministic
13.4601,-0.12528,0.0000,0.0001,0.04396,0.04397,0.29812,0.0,1.0000,-24.2878,0.4741,-6.8516,134.188,ppo_car_spread_a_deterministic
13.4801,-0.12524,0.0000,0.0006,0.04324,0.04325,0.38506,0.0,1.0000,-24.2871,0.4741,-6.8522,134.190,ppo_car_spread_a_deterministic
13.5001,-0.12524,0.0000,0.0006,0.04141,0.04142,0.18680,-0.1,1.0000,-24.2865,0.4741,-6.8528,134.188,ppo_car_spread_a_deterministic
13.5201,-0.12524,0.0000,0.0006,0.04464,0.04465,0.25830,-0.1,1.0000,-24.2859,0.4741,-6.8534,134.184,ppo_car_spread_a_deterministic
13.5401,-0.12524,0.0000,0.0006,0.04276,0.04278,0.29457,-0.1,1.0000,-24.2852,0.4741,-6.8540,134.181,ppo_car_spread_a_deterministic
13.5601,-0.12555,0.0000,0.0016,0.04701,0.04702,0.26624,-0.1,1.0000,-24.2845,0.4741,-6.8546,134.177,ppo_car_spread_a_deterministic
13.5801,-0.12555,0.0000,0.0016,0.04277,0.04278,0.26005,-0.3,1.0000,-24.2839,0.4741,-6.8552,134.178,ppo_car_spread_a_deterministic
13.6001,-0.12555,0.0000,0.0016,0.04390,0.04391,0.17622,-0.3,1.0000,-24.2833,0.4741,-6.8558,134.176,ppo_car_spread_a_deterministic
13.6201,-0.12555,0.0000,0.0016,0.04496,0.04497,0.25662,-0.3,1.0000,-24.2826,0.4741,-6.8564,134.176,ppo_car_spread_a_deterministic
13.6401,-0.12544,0.0000,0.0013,0.04325,0.04326,0.26939,-0.3,1.0000,-24.2820,0.4741,-6.8570,134.171,ppo_car_spread_a_deterministic
13.6601,-0.12544,0.0000,0.0013,0.04481,0.04483,0.28432,-0.3,1.0000,-24.2813,0.4741,-6.8576,134.168,ppo_car_spread_a_deterministic
13.6801,-0.12544,0.0000,0.0013,0.04376,0.04377,0.32736,-0.3,1.0000,-24.2806,0.4741,-6.8582,134.170,ppo_car_spread_a_deterministic
13.7001,-0.12544,0.0000,0.0013,0.04716,0.04718,0.26347,-0.3,1.0000,-24.2800,0.4741,-6.8588,134.170,ppo_car_spread_a_deterministic
13.7201,-0.12473,0.0000,0.0027,0.04568,0.04570,0.28506,-0.3,1.0000,-24.2793,0.4741,-6.8594,134.167,ppo_car_spread_a_deterministic
13.7401,-0.12473,0.0000,0.0027,0.04197,0.04199,0.24306,-0.6,1.0000,-24.2787,0.4741,-6.8600,134.164,ppo_car_spread_a_deterministic
13.7601,-0.12473,0.0000,0.0027,0.04531,0.04533,0.12793,-0.6,1.0000,-24.2780,0.4741,-6.8606,134.161,ppo_car_spread_a_deterministic
13.7801,-0.12473,0.0000,0.0027,0.03996,0.03998,0.40537,-0.6,1.0000,-24.2774,0.4741,-6.8611,134.158,ppo_car_spread_a_deterministic
13.8001,-0.12525,0.0000,0.0029,0.04283,0.04285,0.18352,-0.6,1.0000,-24.2768,0.4741,-6.8617,134.159,ppo_car_spread_a_deterministic
13.8201,-0.12525,0.0000,0.0029,0.03436,0.03437,0.40451,-0.6,1.0000,-24.2763,0.4741,-6.8622,134.156,ppo_car_spread_a_deterministic
13.8401,-0.12525,0.0000,0.0029,0.03664,0.03666,0.38337,-0.6,1.0000,-24.2757,0.4741,-6.8627,134.155,ppo_car_spread_a_deterministic
13.8601,-0.12525,0.0000,0.0029,0.03900,0.03901,0.40587,-0.6,1.0000,-24.2752,0.4741,-6.8632,134.154,ppo_car_spread_a_deterministic
13.8801,-0.12609,0.0054,0.0000,0.04070,0.04072,0.34483,-0.6,1.0000,-24.2746,0.4741,-6.8638,134.149,ppo_car_spread_a_deterministic
13.9001,-0.12609,0.0054,0.0000,0.04328,0.04330,0.18476,2.8,1.0000,-24.2739,0.4741,-6.8643,134.147,ppo_car_spread_a_deterministic
13.9201,-0.12609,0.0054,0.0000,0.03470,0.03471,0.40159,2.8,1.0000,-24.2734,0.4741,-6.8648,134.145,ppo_car_spread_a_deterministic
13.9401,-0.12609,0.0054,0.0000,0.03973,0.03974,0.40863,2.8,1.0000,-24.2728,0.4741,-6.8653,134.143,ppo_car_spread_a_deterministic
13.9601,-0.12642,0.0076,0.0000,0.04733,0.04735,0.18530,2.8,1.0000,-24.2721,0.4741,-6.8660,134.141,ppo_car_spread_a_deterministic
13.9801,-0.12642,0.0076,0.0000,0.04033,0.04035,0.38015,4.0,1.0000,-24.2715,0.4741,-6.8665,134.143,ppo_car_spread_a_deterministic
14.0001,-0.12642,0.0076,0.0000,0.04385,0.04386,0.31910,4.0,1.0000,-24.2709,0.4741,-6.8671,134.141,ppo_car_spread_a_deterministic
14.0201,-0.12642,0.0076,0.0000,0.04706,0.04708,0.39314,4.0,1.0000,-24.2702,0.4741,-6.8678,134.135,ppo_car_spread_a_deterministic
14.0401,-0.12563,0.0000,0.0013,0.04662,0.04664,0.15485,4.0,1.0000,-24.2695,0.4741,-6.8684,134.133,ppo_car_spread_a_deterministic
14.0601,-0.12563,0.0000,0.0013,0.03908,0.03910,0.38944,-0.3,1.0000,-24.2689,0.4741,-6.8689,134.129,ppo_car_spread_a_deterministic
14.0801,-0.12563,0.0000,0.0013,0.04261,0.04262,0.22316,-0.3,1.0000,-24.2683,0.4741,-6.8695,134.126,ppo_car_spread_a_deterministic
14.1001,-0.12563,0.0000,0.0013,0.04891,0.04893,0.13184,-0.3,1.0000,-24.2676,0.4741,-6.8702,134.125,ppo_car_spread_a_deterministic
14.1201,-0.12585,0.0001,0.0000,0.03948,0.03949,0.40533,-0.3,1.0000,-24.2670,0.4741,-6.8707,134.127,ppo_car_spread_a_deterministic
14.1401,-0.12585,0.0001,0.0000,0.05034,0.05036,0.28467,0.1,1.0000,-24.2662,0.4741,-6.8714,134.129,ppo_car_spread_a_deterministic
14.1601,-0.12585,0.0001,0.0000,0.04365,0.04366,0.34377,0.1,1.0000,-24.2656,0.4741,-6.8720,134.127,ppo_car_spread_a_deterministic
14.1801,-0.12585,0.0001,0.0000,0.04651,0.04653,0.26043,0.1,1.0000,-24.2649,0.4741,-6.8726,134.125,ppo_car_spread_a_deterministic
14.2001,-0.12566,0.0000,0.0009,0.04585,0.04587,0.22372,0.1,1.0000,-24.2642,0.4741,-6.8732,134.123,ppo_car_spread_a_deterministic
14.2201,-0.12566,0.0000,0.0009,0.04123,0.04124,0.35496,-0.2,1.0000,-24.2636,0.4741,-6.8738,134.122,ppo_car_spread_a_deterministic
14.2401,-0.12566,0.0000,0.0009,0.04093,0.04094,0.39101,-0.2,1.0000,-24.2630,0.4741,-6.8744,134.124,ppo_car_spread_a_deterministic
14.2601,-0.12566,0.0000,0.0009,0.04614,0.04615,0.22233,-0.2,1.0000,-24.2624,0.4741,-6.8750,134.125,ppo_car_spread_a_deterministic
14.2801,-0.12542,0.0006,0.0000,0.05463,0.05465,0.28888,-0.2,1.0000,-24.2615,0.4741,-6.8757,134.123,ppo_car_spread_a_deterministic
14.3001,-0.12542,0.0006,0.0000,0.04982,0.04984,0.27267,0.3,1.0000,-24.2608,0.4741,-6.8764,134.120,ppo_car_spread_a_deterministic
14.3201,-0.12542,0.0006,0.0000,0.04293,0.04295,0.24222,0.3,1.0000,-24.2602,0.4741,-6.8770,134.119,ppo_car_spread_a_deterministic
14.3401,-0.12542,0.0006,0.0000,0.04919,0.04921,0.23958,0.3,1.0000,-24.2595,0.4741,-6.8776,134.119,ppo_car_spread_a_deterministic
14.3601,-0.12563,0.0000,0.0007,0.04391,0.04393,0.21058,0.3,1.0000,-24.2588,0.4741,-6.8782,134.119,ppo_car_spread_a_deterministic
14.3801,-0.12563,0.0000,0.0007,0.04800,0.04801,0.27355,-0.2,1.0000,-24.2581,0.4741,-6.8789,134.119,ppo_car_spread_a_deterministic
14.4001,-0.12563,0.0000,0.0007,0.04880,0.04882,0.27479,-0.2,1.0000,-24.2574,0.4741,-6.8796,134.115,ppo_car_spread_a_deterministic
14.4201,-0.12563,0.0000,0.0007,0.04412,0.04413,0.24564,-0.2,1.0000,-24.2567,0.4741,-6.8801,134.115,ppo_car_spread_a_deterministic
14.4401,-0.12566,0.0000,0.0054,0.04395,0.04397,0.18032,-0.2,1.0000,-24.2561,0.4741,-6.8807,134.114,ppo_car_spread_a_deterministic
14.4601,-0.12566,0.0000,0.0054,0.04886,0.04888,0.22691,-1.1,1.0000,-24.2554,0.4741,-6.8814,134.113,ppo_car_spread_a_deterministic
14.4801,-0.12566,0.0000,0.0054,0.04816,0.04818,0.25860,-1.1,1.0000,-24.2547,0.4741,-6.8820,134.109,ppo_car_spread_a_deterministic
14.5001,-0.12566,0.0000,0.0054,0.04471,0.04473,0.39724,-1.1,1.0000,-24.2540,0.4741,-6.8827,134.113,ppo_car_spread_a_deterministic
14.5201,-0.12562,0.0000,0.0051,0.04276,0.04277,0.27508,-1.1,1.0000,-24.2534,0.4741,-6.8832,134.110,ppo_car_spread_a_deterministic
14.5401,-0.12562,0.0000,0.0051,0.03916,0.03917,0.40042,-1.1,1.0000,-24.2528,0.4741,-6.8838,134.112,ppo_car_spread_a_deterministic
14.5601,-0.12562,0.0000,0.0051,0.04431,0.04432,0.30633,-1.1,1.0000,-24.2522,0.4741,-6.8844,134.109,ppo_car_spread_a_deterministic
14.5801,-0.12562,0.0000,0.0051,0.04649,0.04651,0.21920,-1.1,1.0000,-24.2515,0.4741,-6.8850,134.109,ppo_car_spread_a_deterministic
14.6001,-0.12581,0.0000,0.0015,0.03912,0.03913,0.30608,-1.1,1.0000,-24.2509,0.4741,-6.8855,134.109,ppo_car_spread_a_deterministic
14.6201,-0.12581,0.0000,0.0015,0.04440,0.04442,0.28722,-0.3,1.0000,-24.2502,0.4741,-6.8861,134.109,ppo_car_spread_a_deterministic
14.6401,-0.12581,0.0000,0.0015,0.04056,0.04058,0.16167,-0.3,1.0000,-24.2497,0.4741,-6.8867,134.108,ppo_car_spread_a_deterministic
14.6601,-0.12581,0.0000,0.0015,0.04326,0.04328,0.19287,-0.3,1.0000,-24.2490,0.4741,-6.8872,134.107,ppo_car_spread_a_deterministic
14.6802,-0.12586,0.0014,0.0000,0.04649,0.04652,0.28993,-0.3,1.0000,-24.2483,0.4741,-6.8879,134.107,ppo_car_spread_a_deterministic
14.7002,-0.12586,0.0014,0.0000,0.04401,0.04403,0.18701,0.7,1.0000,-24.2477,0.4741,-6.8885,134.107,ppo_car_spread_a_deterministic
14.7202,-0.12586,0.0014,0.0000,0.04070,0.04072,0.34471,0.7,1.0000,-24.2471,0.4741,-6.8890,134.104,ppo_car_spread_a_deterministic
14.7402,-0.12586,0.0014,0.0000,0.04214,0.04216,0.26884,0.7,1.0000,-24.2464,0.4741,-6.8896,134.105,ppo_car_spread_a_deterministic
14.7602,-0.12636,0.0021,0.0000,0.04699,0.04700,0.26508,0.7,1.0000,-24.2458,0.4741,-6.8902,134.106,ppo_car_spread_a_deterministic
14.7802,-0.12636,0.0021,0.0000,0.04806,0.04808,0.31939,1.1,1.0000,-24.2450,0.4741,-6.8909,134.107,ppo_car_spread_a_deterministic
14.8002,-0.12636,0.0021,0.0000,0.04284,0.04286,0.26746,1.1,1.0000,-24.2444,0.4741,-6.8915,134.105,ppo_car_spread_a_deterministic
14.8202,-0.12636,0.0021,0.0000,0.04538,0.04539,0.25231,1.1,1.0000,-24.2437,0.4741,-6.8921,134.106,ppo_car_spread_a_deterministic
14.8402,-0.12606,0.0000,0.0000,0.04478,0.04480,0.25195,1.1,1.0000,-24.2431,0.4741,-6.8927,134.106,ppo_car_spread_a_deterministic
14.8602,-0.12606,0.0000,0.0000,0.04598,0.04600,0.40835,0.0,1.0000,-24.2424,0.4741,-6.8933,134.107,ppo_car_spread_a_deterministic
14.8802,-0.12606,0.0000,0.0000,0.04873,0.04875,0.28497,0.0,1.0000,-24.2417,0.4741,-6.8940,134.105,ppo_car_spread_a_deterministic
14.9002,-0.12606,0.0000,0.0000,0.04797,0.04798,0.28293,0.0,1.0000,-24.2410,0.4741,-6.8946,134.106,ppo_car_spread_a_deterministic
14.9202,-0.12547,0.0000,0.0061,0.04364,0.04366,0.17893,0.0,1.0000,-24.2403,0.4741,-6.8952,134.104,ppo_car_spread_a_deterministic
14.9402,-0.12547,0.0000,0.0061,0.04864,0.04866,0.24059,-1.3,1.0000,-24.2396,0.4741,-6.8959,134.100,ppo_car_spread_a_deterministic
14.9602,-0.12547,0.0000,0.0061,0.04019,0.04020,0.37240,-1.3,1.0000,-24.2390,0.4741,-6.8964,134.098,ppo_car_spread_a_deterministic
14.9802,-0.12547,0.0000,0.0061,0.04447,0.04449,0.32201,-1.3,1.0000,-24.2384,0.4741,-6.8970,134.092,ppo_car_spread_a_deterministic
15.0002,-0.12617,0.0024,0.0000,0.03852,0.03854,0.36376,-1.3,1.0000,-24.2378,0.4741,-6.8975,134.090,ppo_car_spread_a_deterministic
15.0202,-0.12617,0.0024,0.0000,0.04362,0.04363,0.20761,1.3,1.0000,-24.2372,0.4741,-6.8981,134.091,ppo_car_spread_a_deterministic
15.0402,-0.12617,0.0024,0.0000,0.04436,0.04438,0.34836,1.3,1.0000,-24.2365,0.4741,-6.8987,134.086,ppo_car_spread_a_deterministic
15.0602,-0.12617,0.0024,0.0000,0.03832,0.03833,0.37758,1.3,1.0000,-24.2359,0.4741,-6.8992,134.086,ppo_car_spread_a_deterministic
15.0802,-0.12632,0.0000,0.0011,0.04334,0.04336,0.28170,1.3,1.0000,-24.2353,0.4741,-6.8998,134.087,ppo_car_spread_a_deterministic
15.1002,-0.12632,0.0000,0.0011,0.04641,0.04643,0.22878,-0.2,1.0000,-24.2346,0.4741,-6.9004,134.087,ppo_car_spread_a_deterministic
15.1202,-0.12632,0.0000,0.0011,0.03817,0.03818,0.40585,-0.2,1.0000,-24.2341,0.4741,-6.9010,134.084,ppo_car_spread_a_deterministic
15.1402,-0.12632,0.0000,0.0011,0.04507,0.04509,0.37818,-0.2,1.0000,-24.2334,0.4741,-6.9016,134.084,ppo_car_spread_a_deterministic
15.1602,-0.12651,0.0044,0.0000,0.04300,0.04302,0.23330,-0.2,1.0000,-24.2328,0.4741,-6.9021,134.082,ppo_car_spread_a_deterministic
15.1802,-0.12651,0.0044,0.0000,0.04251,0.04253,0.22936,2.3,1.0000,-24.2321,0.4741,-6.9027,134.082,ppo_car_spread_a_deterministic
15.2002,-0.12651,0.0044,0.0000,0.05094,0.05096,0.27082,2.3,1.0000,-24.2314,0.4741,-6.9034,134.082,ppo_car_spread_a_deterministic
15.2202,-0.12651,0.0044,0.0000,0.04873,0.04875,0.20862,2.3,1.0000,-24.2307,0.4741,-6.9041,134.082,ppo_car_spread_a_deterministic
15.2402,-0.12512,0.0000,0.0088,0.04076,0.04078,0.38966,2.3,1.0000,-24.2301,0.4741,-6.9046,134.085,ppo_car_spread_a_deterministic
15.2602,-0.12512,0.0000,0.0088,0.04250,0.04252,0.35203,-1.8,1.0000,-24.2294,0.4741,-6.9052,134.087,ppo_car_spread_a_deterministic
15.2802,-0.12512,0.0000,0.0088,0.04778,0.04779,0.20973,-1.8,1.0000,-24.2287,0.4741,-6.9059,134.084,ppo_car_spread_a_deterministic
15.3002,-0.12512,0.0000,0.0088,0.04154,0.04156,0.40615,-1.8,1.0000,-24.2281,0.4741,-6.9064,134.084,ppo_car_spread_a_deterministic
15.3202,-0.12567,0.0000,0.0049,0.04709,0.04711,0.21182,-1.8,1.0000,-24.2274,0.4741,-6.9071,134.084,ppo_car_spread_a_deterministic
15.3402,-0.12567,0.0000,0.0049,0.04210,0.04212,0.39987,-1.0,1.0000,-24.2268,0.4741,-6.9076,134.081,ppo_car_spread_a_deterministic
15.3602,-0.12567,0.0000,0.0049,0.04867,0.04869,0.09532,-1.0,1.0000,-24.2261,0.4741,-6.9083,134.081,ppo_car_spread_a_deterministic
15.3802,-0.12567,0.0000,0.0049,0.04508,0.04510,0.16007,-1.0,1.0000,-24.2254,0.4741,-6.9089,134.081,ppo_car_spread_a_deterministic
15.4002,-0.12532,0.0000,0.0065,0.04165,0.04167,0.39848,-1.0,1.0000,-24.2248,0.4741,-6.9094,134.082,ppo_car_spread_a_deterministic
15.4202,-0.12532,0.0000,0.0065,0.04726,0.04728,0.25220,-1.4,1.0000,-24.2241,0.4741,-6.9101,134.079,ppo_car_spread_a_deterministic
15.4402,-0.12532,0.0000,0.0065,0.04508,0.04509,0.34462,-1.4,1.0000,-24.2234,0.4741,-6.9107,134.081,ppo_car_spread_a_deterministic
15.4602,-0.12532,0.0000,0.0065,0.04562,0.04564,0.40317,-1.4,1.0000,-24.2228,0.4741,-6.9113,134.082,ppo_car_spread_a_deterministic
15.4802,-0.12510,0.0000,0.0039,0.04121,0.04123,0.37581,-1.4,1.0000,-24.2222,0.4741,-6.9119,134.084,ppo_car_spread_a_deterministic
15.5002,-0.12510,0.0000,0.0039,0.04213,0.04214,0.24381,-0.8,1.0000,-24.2215,0.4741,-6.9124,134.083,ppo_car_spread_a_deterministic
15.5202,-0.12510,0.0000,0.0039,0.04205,0.04206,0.35350,-0.8,1.0000,-24.2209,0.4741,-6.9130,134.084,ppo_car_spread_a_deterministic
15.5402,-0.12510,0.0000,0.0039,0.04126,0.04128,0.40269,-0.8,1.0000,-24.2203,0.4741,-6.9136,134.083,ppo_car_spread_a_deterministic
15.5602,-0.12548,0.0000,0.0008,0.04613,0.04615,0.26245,-0.8,1.0000,-24.2196,0.4741,-6.9142,134.082,ppo_car_spread_a_deterministic
15.5802,-0.12548,0.0000,0.0008,0.04193,0.04194,0.31961,-0.2,1.0000,-24.2190,0.4741,-6.9148,134.084,ppo_car_spread_a_deterministic
15.6002,-0.12548,0.0000,0.0008,0.04506,0.04508,0.24184,-0.2,1.0000,-24.2183,0.4741,-6.9154,134.085,ppo_car_spread_a_deterministic
15.6202,-0.12548,0.0000,0.0008,0.04453,0.04454,0.24775,-0.2,1.0000,-24.2177,0.4741,-6.9160,134.082,ppo_car_spread_a_deterministic
15.6402,-0.12541,0.0000,0.0034,0.04489,0.04490,0.22320,-0.2,1.0000,-24.2170,0.4741,-6.9166,134.084,ppo_car_spread_a_deterministic
15.6602,-0.12541,0.0000,0.0034,0.03718,0.03719,0.40783,-0.7,1.0000,-24.2165,0.4741,-6.9171,134.082,ppo_car_spread_a_deterministic
15.6802,-0.12541,0.0000,0.0034,0.04381,0.04383,0.36478,-0.7,1.0000,-24.2158,0.4741,-6.9177,134.084,ppo_car_spread_a_deterministic
15.7002,-0.12541,0.0000,0.0034,0.04053,0.04054,0.25994,-0.7,1.0000,-24.2152,0.4741,-6.9182,134.085,ppo_car_spread_a_deterministic
15.7202,-0.12538,0.0000,0.0025,0.04391,0.04392,0.29214,-0.7,1.0000,-24.2146,0.4741,-6.9188,134.085,ppo_car_spread_a_deterministic
15.7402,-0.12538,0.0000,0.0025,0.04357,0.04359,0.39052,-0.5,1.0000,-24.2139,0.4741,-6.9194,134.085,ppo_car_spread_a_deterministic
15.7602,-0.12538,0.0000,0.0025,0.03888,0.03889,0.33425,-0.5,1.0000,-24.2134,0.4741,-6.9199,134.081,ppo_car_spread_a_deterministic
15.7802,-0.12538,0.0000,0.0025,0.03584,0.03585,0.40581,-0.5,1.0000,-24.2128,0.4741,-6.9204,134.076,ppo_car_spread_a_deterministic
15.8002,-0.12672,0.0041,0.0000,0.03905,0.03906,0.31397,-0.5,1.0000,-24.2123,0.4741,-6.9209,134.073,ppo_car_spread_a_deterministic
15.8202,-0.12672,0.0041,0.0000,0.03540,0.03541,0.40937,2.2,1.0000,-24.2118,0.4741,-6.9214,134.069,ppo_car_spread_a_deterministic
15.8402,-0.12672,0.0041,0.0000,0.04661,0.04662,0.39947,2.2,1.0000,-24.2111,0.4741,-6.9220,134.065,ppo_car_spread_a_deterministic
15.8602,-0.12672,0.0041,0.0000,0.04599,0.04600,0.22787,2.2,1.0000,-24.2104,0.4741,-6.9227,134.063,ppo_car_spread_a_deterministic
15.8802,-0.12635,0.0000,0.0031,0.04751,0.04753,0.21892,2.2,1.0000,-24.2097,0.4741,-6.9233,134.063,ppo_car_spread_a_deterministic
15.9002,-0.12635,0.0000,0.0031,0.04871,0.04873,0.23900,-0.6,1.0000,-24.2089,0.4741,-6.9240,134.062,ppo_car_spread_a_deterministic
15.9202,-0.12635,0.0000,0.0031,0.04451,0.04452,0.17520,-0.6,1.0000,-24.2083,0.4741,-6.9246,134.063,ppo_car_spread_a_deterministic
15.9402,-0.12635,0.0000,0.0031,0.04400,0.04402,0.08114,-0.6,1.0000,-24.2076,0.4741,-6.9252,134.062,ppo_car_spread_a_deterministic
15.9602,-0.12577,0.0000,0.0026,0.04303,0.04305,0.21676,-0.6,1.0000,-24.2070,0.4741,-6.9258,134.062,ppo_car_spread_a_deterministic
15.9802,-0.12577,0.0000,0.0026,0.04432,0.04434,0.05143,-0.5,1.0000,-24.2064,0.4741,-6.9264,134.061,ppo_car_spread_a_deterministic
16.0002,-0.12577,0.0000,0.0026,0.03822,0.03823,0.25995,-0.5,1.0000,-24.2058,0.4741,-6.9269,134.061,ppo_car_spread_a_deterministic
16.0202,-0.12577,0.0000,0.0026,0.04318,0.04319,0.37038,-0.5,1.0000,-24.2052,0.4741,-6.9274,134.057,ppo_car_spread_a_deterministic
16.0402,-0.12635,0.0037,0.0000,0.04548,0.04550,0.37484,-0.5,1.0000,-24.2045,0.4741,-6.9281,134.057,ppo_car_spread_a_deterministic
16.0602,-0.12635,0.0037,0.0000,0.04696,0.04698,0.27621,1.9,1.0000,-24.2038,0.4741,-6.9287,134.059,ppo_car_spread_a_deterministic
16.0802,-0.12635,0.0037,0.0000,0.04671,0.04673,0.35965,1.9,1.0000,-24.2031,0.4741,-6.9293,134.056,ppo_car_spread_a_deterministic
16.1002,-0.12635,0.0037,0.0000,0.04760,0.04761,0.21046,1.9,1.0000,-24.2024,0.4741,-6.9300,134.055,ppo_car_spread_a_deterministic
16.1202,-0.12605,0.0000,0.0037,0.04690,0.04692,0.19939,1.9,1.0000,-24.2017,0.4741,-6.9306,134.055,ppo_car_spread_a_deterministic
16.1402,-0.12605,0.0000,0.0037,0.04898,0.04900,0.21972,-0.8,1.0000,-24.2010,0.4741,-6.9313,134.053,ppo_car_spread_a_deterministic
16.1602,-0.12605,0.0000,0.0037,0.04209,0.04211,0.30382,-0.8,1.0000,-24.2004,0.4741,-6.9318,134.051,ppo_car_spread_a_deterministic
16.1802,-0.12605,0.0000,0.0037,0.04482,0.04484,0.22356,-0.8,1.0000,-24.1997,0.4741,-6.9324,134.051,ppo_car_spread_a_deterministic
16.2002,-0.12648,0.0005,0.0000,0.04109,0.04111,0.38851,-0.8,1.0000,-24.1991,0.4741,-6.9330,134.052,ppo_car_spread_a_deterministic
16.2202,-0.12648,0.0005,0.0000,0.04347,0.04349,0.26931,0.3,1.0000,-24.1985,0.4741,-6.9336,134.052,ppo_car_spread_a_deterministic
16.2402,-0.12648,0.0005,0.0000,0.04108,0.04110,0.41124,0.3,1.0000,-24.1978,0.4741,-6.9341,134.053,ppo_car_spread_a_deterministic
16.2602,-0.12648,0.0005,0.0000,0.04278,0.04280,0.16154,0.3,1.0000,-24.1972,0.4741,-6.9347,134.053,ppo_car_spread_a_deterministic
16.2802,-0.12622,0.0007,0.0000,0.04589,0.04591,0.35127,0.3,1.0000,-24.1965,0.4741,-6.9353,134.055,ppo_car_spread_a_deterministic
16.3002,-0.12622,0.0007,0.0000,0.04189,0.04191,0.36136,0.3,1.0000,-24.1959,0.4741,-6.9359,134.054,ppo_car_spread_a_deterministic
16.3202,-0.12622,0.0007,0.0000,0.04361,0.04364,0.40202,0.3,1.0000,-24.1953,0.4741,-6.9365,134.053,ppo_car_spread_a_deterministic
16.3402,-0.12622,0.0007,0.0000,0.04464,0.04466,0.27784,0.3,1.0000,-24.1946,0.4741,-6.9371,134.052,ppo_car_spread_a_deterministic
16.3602,-0.12625,0.0000,0.0014,0.04522,0.04524,0.14784,0.3,1.0000,-24.1939,0.4741,-6.9377,134.052,ppo_car_spread_a_deterministic
16.3802,-0.12625,0.0000,0.0014,0.04941,0.04943,0.27394,-0.3,1.0000,-24.1932,0.4741,-6.9384,134.053,ppo_car_spread_a_deterministic
16.4002,-0.12625,0.0000,0.0014,0.04749,0.04750,0.21643,-0.3,1.0000,-24.1925,0.4741,-6.9390,134.053,ppo_car_spread_a_deterministic
16.4202,-0.12625,0.0000,0.0014,0.04537,0.04539,0.24250,-0.3,1.0000,-24.1918,0.4741,-6.9396,134.050,ppo_car_spread_a_deterministic
16.4402,-0.12555,0.0000,0.0054,0.04518,0.04520,0.32797,-0.3,1.0000,-24.1912,0.4741,-6.9402,134.047,ppo_car_spread_a_deterministic
16.4602,-0.12555,0.0000,0.0054,0.04307,0.04309,0.17498,-1.1,1.0000,-24.1905,0.4741,-6.9408,134.046,ppo_car_spread_a_deterministic
16.4802,-0.12555,0.0000,0.0054,0.04496,0.04497,0.19107,-1.1,1.0000,-24.1899,0.4741,-6.9414,134.046,ppo_car_spread_a_deterministic
16.5002,-0.12555,0.0000,0.0054,0.04213,0.04214,0.40269,-1.1,1.0000,-24.1893,0.4741,-6.9420,134.042,ppo_car_spread_a_deterministic
16.5202,-0.12579,0.0000,0.0029,0.04416,0.04418,0.38109,-1.1,1.0000,-24.1886,0.4741,-6.9426,134.042,ppo_car_spread_a_deterministic
16.5402,-0.12579,0.0000,0.0029,0.04928,0.04929,0.29164,-0.6,1.0000,-24.1879,0.4741,-6.9432,134.042,ppo_car_spread_a_deterministic
16.5602,-0.12579,0.0000,0.0029,0.04559,0.04561,0.25184,-0.6,1.0000,-24.1872,0.4741,-6.9439,134.039,ppo_car_spread_a_deterministic
16.5802,-0.12579,0.0000,0.0029,0.04715,0.04716,0.17072,-0.6,1.0000,-24.1865,0.4741,-6.9445,134.038,ppo_car_spread_a_deterministic
16.6002,-0.12626,0.0000,0.0026,0.04320,0.04322,0.26597,-0.6,1.0000,-24.1859,0.4741,-6.9451,134.041,ppo_car_spread_a_deterministic
16.6202,-0.12626,0.0000,0.0026,0.04382,0.04383,0.28618,-0.6,1.0000,-24.1852,0.4741,-6.9457,134.037,ppo_car_spread_a_deterministic
16.6402,-0.12626,0.0000,0.0026,0.04239,0.04241,0.18088,-0.6,1.0000,-24.1846,0.4741,-6.9462,134.036,ppo_car_spread_a_deterministic
16.6602,-0.12626,0.0000,0.0026,0.03940,0.03942,0.37515,-0.6,1.0000,-24.1840,0.4741,-6.9468,134.033,ppo_car_spread_a_deterministic
16.6802,-0.12628,0.0000,0.0002,0.03737,0.03738,0.40356,-0.6,1.0000,-24.1835,0.4741,-6.9473,134.030,ppo_car_spread_a_deterministic
16.7002,-0.12628,0.0000,0.0002,0.04414,0.04416,0.26714,0.0,1.0000,-24.1828,0.4741,-6.9479,134.032,ppo_car_spread_a_deterministic
16.7202,-0.12628,0.0000,0.0002,0.04530,0.04532,0.27854,0.0,1.0000,-24.1822,0.4741,-6.9485,134.033,ppo_car_spread_a_deterministic
16.7402,-0.12628,0.0000,0.0002,0.04257,0.04259,0.29096,0.0,1.0000,-24.1815,0.4741,-6.9491,134.031,ppo_car_spread_a_deterministic
16.7602,-0.12593,0.0000,0.0032,0.04373,0.04375,0.30269,0.0,1.0000,-24.1809,0.4741,-6.9497,134.031,ppo_car_spread_a_deterministic
16.7802,-0.12593,0.0000,0.0032,0.03968,0.03969,0.16746,-0.7,1.0000,-24.1803,0.4741,-6.9502,134.029,ppo_car_spread_a_deterministic
16.8002,-0.12593,0.0000,0.0032,0.04384,0.04385,0.25139,-0.7,1.0000,-24.1796,0.4741,-6.9508,134.032,ppo_car_spread_a_deterministic
16.8202,-0.12593,0.0000,0.0032,0.04352,0.04353,0.27073,-0.7,1.0000,-24.1790,0.4741,-6.9514,134.031,ppo_car_spread_a_deterministic
16.8402,-0.12562,0.0000,0.0028,0.04032,0.04033,0.34614,-0.7,1.0000,-24.1784,0.4741,-6.9519,134.033,ppo_car_spread_a_deterministic
16.8602,-0.12562,0.0000,0.0028,0.04341,0.04343,0.19491,-0.6,1.0000,-24.1778,0.4741,-6.9525,134.033,ppo_car_spread_a_deterministic
16.8802,-0.12562,0.0000,0.0028,0.04270,0.04271,0.25923,-0.6,1.0000,-24.1771,0.4741,-6.9531,134.029,ppo_car_spread_a_deterministic
16.9002,-0.12562,0.0000,0.0028,0.03728,0.03729,0.39238,-0.6,1.0000,-24.1766,0.4741,-6.9536,134.026,ppo_car_spread_a_deterministic
16.9202,-0.12669,0.0003,0.0000,0.04169,0.04171,0.23039,-0.6,1.0000,-24.1760,0.4741,-6.9542,134.024,ppo_car_spread_a_deterministic
16.9402,-0.12669,0.0003,0.0000,0.03634,0.03636,0.29160,0.2,1.0000,-24.1754,0.4741,-6.9546,134.022,ppo_car_spread_a_deterministic
16.9602,-0.12669,0.0003,0.0000,0.03571,0.03572,0.40006,0.2,1.0000,-24.1749,0.4741,-6.9551,134.023,ppo_car_spread_a_deterministic
16.9802,-0.12669,0.0003,0.0000,0.04078,0.04080,0.27199,0.2,1.0000,-24.1743,0.4741,-6.9557,134.023,ppo_car_spread_a_deterministic
17.0002,-0.12679,0.0059,0.0000,0.04169,0.04171,0.40532,0.2,1.0000,-24.1737,0.4741,-6.9562,134.019,ppo_car_spread_a_deterministic
17.0202,-0.12679,0.0059,0.0000,0.04010,0.04011,0.35151,3.1,1.0000,-24.1731,0.4741,-6.9568,134.017,ppo_car_spread_a_deterministic
17.0402,-0.12679,0.0059,0.0000,0.04138,0.04140,0.40193,3.1,1.0000,-24.1725,0.4741,-6.9573,134.020,ppo_car_spread_a_deterministic
17.0602,-0.12679,0.0059,0.0000,0.04422,0.04423,0.18864,3.1,1.0000,-24.1718,0.4741,-6.9579,134.021,ppo_car_spread_a_deterministic
17.0802,-0.12609,0.0000,0.0002,0.04017,0.04019,0.39656,3.1,1.0000,-24.1712,0.4741,-6.9585,134.023,ppo_car_spread_a_deterministic
17.1002,-0.12609,0.0000,0.0002,0.03802,0.03803,0.30935,0.0,1.0000,-24.1707,0.4741,-6.9590,134.022,ppo_car_spread_a_deterministic
17.1202,-0.12609,0.0000,0.0002,0.04501,0.04503,0.28692,0.0,1.0000,-24.1700,0.4741,-6.9596,134.020,ppo_car_spread_a_deterministic
17.1402,-0.12609,0.0000,0.0002,0.04206,0.04208,0.22099,0.0,1.0000,-24.1694,0.4741,-6.9602,134.021,ppo_car_spread_a_deterministic
17.1602,-0.12633,0.0000,0.0024,0.04593,0.04594,0.12510,0.0,1.0000,-24.1687,0.4741,-6.9608,134.022,ppo_car_spread_a_deterministic
17.1802,-0.12633,0.0000,0.0024,0.04037,0.04039,0.35771,-0.5,1.0000,-24.1681,0.4741,-6.9613,134.023,ppo_car_spread_a_deterministic
17.2002,-0.12633,0.0000,0.0024,0.04577,0.04579,0.28206,-0.5,1.0000,-24.1674,0.4741,-6.9620,134.022,ppo_car_spread_a_deterministic
17.2202,-0.12633,0.0000,0.0024,0.04401,0.04403,0.26223,-0.5,1.0000,-24.1668,0.4741,-6.9625,134.018,ppo_car_spread_a_deterministic
17.2402,-0.12613,0.0000,0.0035,0.04578,0.04580,0.29181,-0.5,1.0000,-24.1661,0.4741,-6.9632,134.020,ppo_car_spread_a_deterministic
17.2602,-0.12613,0.0000,0.0035,0.04281,0.04283,0.37520,-0.7,1.0000,-24.1655,0.4741,-6.9637,134.022,ppo_car_spread_a_deterministic
17.2802,-0.12613,0.0000,0.0035,0.04532,0.04534,0.33405,-0.7,1.0000,-24.1648,0.4741,-6.9644,134.019,ppo_car_spread_a_deterministic
17.3002,-0.12613,0.0000,0.0035,0.04058,0.04059,0.18250,-0.7,1.0000,-24.1642,0.4741,-6.9649,134.019,ppo_car_spread_a_deterministic
17.3202,-0.12631,0.0000,0.0026,0.04225,0.04226,0.23993,-0.7,1.0000,-24.1636,0.4741,-6.9655,134.017,ppo_car_spread_a_deterministic
17.3402,-0.12631,0.0000,0.0026,0.03754,0.03756,0.25787,-0.5,1.0000,-24.1630,0.4741,-6.9660,134.015,ppo_car_spread_a_deterministic
17.3602,-0.12631,0.0000,0.0026,0.04787,0.04789,0.24929,-0.5,1.0000,-24.1623,0.4741,-6.9666,134.014,ppo_car_spread_a_deterministic
17.3802,-0.12631,0.0000,0.0026,0.04875,0.04877,0.21347,-0.5,1.0000,-24.1616,0.4741,-6.9673,134.013,ppo_car_spread_a_deterministic
17.4002,-0.12618,0.0000,0.0052,0.03903,0.03905,0.37370,-0.5,1.0000,-24.1610,0.4741,-6.9678,134.015,ppo_car_spread_a_deterministic
17.4202,-0.12618,0.0000,0.0052,0.03994,0.03996,0.30799,-1.1,1.0000,-24.1604,0.4741,-6.9683,134.014,ppo_car_spread_a_deterministic
17.4402,-0.12618,0.0000,0.0052,0.03677,0.03678,0.40719,-1.1,1.0000,-24.1599,0.4741,-6.9688,134.013,ppo_car_spread_a_deterministic
17.4602,-0.12618,0.0000,0.0052,0.04274,0.04275,0.36080,-1.1,1.0000,-24.1593,0.4741,-6.9694,134.010,ppo_car_spread_a_deterministic
17.4802,-0.12690,0.0054,0.0000,0.03960,0.03961,0.36332,-1.1,1.0000,-24.1587,0.4741,-6.9700,134.008,ppo_car_spread_a_deterministic
17.5002,-0.12690,0.0054,0.0000,0.04038,0.04040,0.27106,2.8,1.0000,-24.1581,0.4741,-6.9705,134.008,ppo_car_spread_a_deterministic
17.5202,-0.12690,0.0054,0.0000,0.03886,0.03887,0.32469,2.8,1.0000,-24.1575,0.4741,-6.9710,134.006,ppo_car_spread_a_deterministic
17.5402,-0.12690,0.0054,0.0000,0.04656,0.04658,0.24123,2.8,1.0000,-24.1568,0.4741,-6.9717,134.005,ppo_car_spread_a_deterministic
17.5602,-0.12696,0.0037,0.0000,0.04604,0.04606,0.29018,2.8,1.0000,-24.1561,0.4741,-6.9723,134.002,ppo_car_spread_a_deterministic
17.5802,-0.12696,0.0037,0.0000,0.04689,0.04691,0.23180,1.9,1.0000,-24.1555,0.4741,-6.9729,134.003,ppo_car_spread_a_deterministic
17.6002,-0.12696,0.0037,0.0000,0.04848,0.04850,0.23204,1.9,1.0000,-24.1547,0.4741,-6.9736,134.001,ppo_car_spread_a_deterministic
17.6202,-0.12696,0.0037,0.0000,0.04365,0.04367,0.20827,1.9,1.0000,-24.1541,0.4741,-6.9742,133.999,ppo_car_spread_a_deterministic
17.6402,-0.12639,0.0000,0.0056,0.04535,0.04537,0.15128,1.9,1.0000,-24.1534,0.4741,-6.9748,133.998,ppo_car_spread_a_deterministic
17.6602,-0.12639,0.0000,0.0056,0.04112,0.04113,0.40999,-1.2,1.0000,-24.1528,0.4741,-6.9753,133.997,ppo_car_spread_a_deterministic
17.6802,-0.12639,0.0000,0.0056,0.04343,0.04345,0.23153,-1.2,1.0000,-24.1522,0.4741,-6.9759,133.996,ppo_car_spread_a_deterministic
17.7002,-0.12639,0.0000,0.0056,0.04120,0.04121,0.29980,-1.2,1.0000,-24.1516,0.4741,-6.9765,133.996,ppo_car_spread_a_deterministic
17.7202,-0.12647,0.0000,0.0013,0.04572,0.04574,0.34336,-1.2,1.0000,-24.1509,0.4741,-6.9771,133.991,ppo_car_spread_a_deterministic
17.7402,-0.12647,0.0000,0.0013,0.04636,0.04637,0.32749,-0.3,1.0000,-24.1502,0.4741,-6.9777,133.988,ppo_car_spread_a_deterministic
17.7602,-0.12647,0.0000,0.0013,0.04653,0.04655,0.26685,-0.3,1.0000,-24.1495,0.4741,-6.9783,133.983,ppo_car_spread_a_deterministic
17.7802,-0.12647,0.0000,0.0013,0.04919,0.04921,0.21039,-0.3,1.0000,-24.1488,0.4741,-6.9790,133.982,ppo_car_spread_a_deterministic
17.8002,-0.12698,0.0000,0.0029,0.04623,0.04624,0.26691,-0.3,1.0000,-24.1481,0.4741,-6.9796,133.981,ppo_car_spread_a_deterministic
17.8202,-0.12698,0.0000,0.0029,0.04112,0.04113,0.40226,-0.6,1.0000,-24.1475,0.4741,-6.9802,133.979,ppo_car_spread_a_deterministic
17.8402,-0.12698,0.0000,0.0029,0.03781,0.03782,0.40435,-0.6,1.0000,-24.1469,0.4741,-6.9807,133.978,ppo_car_spread_a_deterministic
17.8602,-0.12698,0.0000,0.0029,0.04728,0.04730,0.28086,-0.6,1.0000,-24.1462,0.4741,-6.9813,133.976,ppo_car_spread_a_deterministic
17.8802,-0.12705,0.0044,0.0000,0.04474,0.04476,0.12856,-0.6,1.0000,-24.1456,0.4741,-6.9819,133.975,ppo_car_spread_a_deterministic
17.9002,-0.12705,0.0044,0.0000,0.04928,0.04930,0.28416,2.3,1.0000,-24.1449,0.4741,-6.9826,133.971,ppo_car_spread_a_deterministic
17.9202,-0.12705,0.0044,0.0000,0.04429,0.04431,0.16994,2.3,1.0000,-24.1442,0.4741,-6.9832,133.971,ppo_car_spread_a_deterministic
17.9402,-0.12705,0.0044,0.0000,0.04626,0.04627,0.11688,2.3,1.0000,-24.1435,0.4741,-6.9838,133.970,ppo_car_spread_a_deterministic
17.9602,-0.12664,0.0000,0.0020,0.04210,0.04212,0.38963,2.3,1.0000,-24.1429,0.4741,-6.9844,133.968,ppo_car_spread_a_deterministic
17.9802,-0.12664,0.0000,0.0020,0.03865,0.03866,0.39849,-0.4,1.0000,-24.1423,0.4741,-6.9849,133.965,ppo_car_spread_a_deterministic
18.0002,-0.12664,0.0000,0.0020,0.04316,0.04318,0.33475,-0.4,1.0000,-24.1417,0.4741,-6.9855,133.960,ppo_car_spread_a_deterministic
18.0202,-0.12664,0.0000,0.0020,0.04713,0.04715,0.16415,-0.4,1.0000,-24.1410,0.4741,-6.9861,133.960,ppo_car_spread_a_deterministic
18.0402,-0.12740,0.0003,0.0000,0.04630,0.04631,0.24812,-0.4,1.0000,-24.1403,0.4741,-6.9868,133.957,ppo_car_spread_a_deterministic
18.0602,-0.12740,0.0003,0.0000,0.04836,0.04838,0.27785,0.2,1.0000,-24.1396,0.4741,-6.9874,133.953,ppo_car_spread_a_deterministic
18.0802,-0.12740,0.0003,0.0000,0.04556,0.04558,0.27893,0.2,1.0000,-24.1389,0.4741,-6.9880,133.954,ppo_car_spread_a_deterministic
18.1002,-0.12740,0.0003,0.0000,0.04584,0.04586,0.23768,0.2,1.0000,-24.1382,0.4741,-6.9886,133.952,ppo_car_spread_a_deterministic
18.1202,-0.12650,0.0000,0.0035,0.04567,0.04569,0.07743,0.2,1.0000,-24.1376,0.4741,-6.9893,133.951,ppo_car_spread_a_deterministic
18.1402,-0.12650,0.0000,0.0035,0.04104,0.04105,0.27772,-0.7,1.0000,-24.1370,0.4741,-6.9898,133.948,ppo_car_spread_a_deterministic
18.1602,-0.12650,0.0000,0.0035,0.04362,0.04364,0.38071,-0.7,1.0000,-24.1363,0.4741,-6.9904,133.945,ppo_car_spread_a_deterministic
18.1802,-0.12650,0.0000,0.0035,0.04129,0.04131,0.36495,-0.7,1.0000,-24.1357,0.4741,-6.9909,133.944,ppo_car_spread_a_deterministic
18.2002,-0.12695,0.0000,0.0006,0.04382,0.04384,0.07460,-0.7,1.0000,-24.1351,0.4741,-6.9915,133.943,ppo_car_spread_a_deterministic
18.2202,-0.12695,0.0000,0.0006,0.04092,0.04094,0.37352,-0.1,1.0000,-24.1345,0.4741,-6.9921,133.941,ppo_car_spread_a_deterministic
18.2402,-0.12695,0.0000,0.0006,0.04710,0.04711,0.40769,-0.1,1.0000,-24.1338,0.4741,-6.9927,133.942,ppo_car_spread_a_deterministic
18.2602,-0.12695,0.0000,0.0006,0.03981,0.03982,0.37109,-0.1,1.0000,-24.1332,0.4741,-6.9933,133.939,ppo_car_spread_a_deterministic
18.2802,-0.12615,0.0000,0.0052,0.04433,0.04435,0.26837,-0.1,1.0000,-24.1325,0.4741,-6.9939,133.940,ppo_car_spread_a_deterministic
18.3002,-0.12615,0.0000,0.0052,0.03810,0.03812,0.40289,-1.1,1.0000,-24.1320,0.4741,-6.9944,133.936,ppo_car_spread_a_deterministic
18.3202,-0.12615,0.0000,0.0052,0.04116,0.04117,0.39866,-1.1,1.0000,-24.1313,0.4741,-6.9949,133.937,ppo_car_spread_a_deterministic
18.3402,-0.12615,0.0000,0.0052,0.05015,0.05017,0.25834,-1.1,1.0000,-24.1306,0.4741,-6.9956,133.935,ppo_car_spread_a_deterministic
18.3602,-0.12664,0.0006,0.0000,0.04966,0.04968,0.26061,-1.1,1.0000,-24.1299,0.4741,-6.9963,133.932,ppo_car_spread_a_deterministic
18.3802,-0.12664,0.0006,0.0000,0.04970,0.04972,0.21398,0.3,1.0000,-24.1291,0.4741,-6.9970,133.933,ppo_car_spread_a_deterministic
18.4002,-0.12664,0.0006,0.0000,0.04379,0.04380,0.19478,0.3,1.0000,-24.1285,0.4741,-6.9975,133.934,ppo_car_spread_a_deterministic
18.4202,-0.12664,0.0006,0.0000,0.04335,0.04337,0.23466,0.3,1.0000,-24.1278,0.4741,-6.9981,133.934,ppo_car_spread_a_deterministic
18.4402,-0.12654,0.0000,0.0019,0.03728,0.03730,0.36035,0.3,1.0000,-24.1273,0.4741,-6.9986,133.931,ppo_car_spread_a_deterministic
18.4602,-0.12654,0.0000,0.0019,0.04315,0.04316,0.28201,-0.4,1.0000,-24.1266,0.4741,-6.9992,133.928,ppo_car_spread_a_deterministic
18.4802,-0.12654,0.0000,0.0019,0.04408,0.04410,0.23740,-0.4,1.0000,-24.1260,0.4741,-6.9998,133.928,ppo_car_spread_a_deterministic
18.5002,-0.12654,0.0000,0.0019,0.04528,0.04530,0.34456,-0.4,1.0000,-24.1253,0.4741,-7.0004,133.928,ppo_car_spread_a_deterministic
18.5202,-0.12675,0.0000,0.0019,0.03999,0.04000,0.40834,-0.4,1.0000,-24.1247,0.4741,-7.0009,133.929,ppo_car_spread_a_deterministic
18.5402,-0.12675,0.0000,0.0019,0.04644,0.04646,0.27629,-0.4,1.0000,-24.1240,0.4741,-7.0016,133.930,ppo_car_spread_a_deterministic
18.5602,-0.12675,0.0000,0.0019,0.04750,0.04752,0.29721,-0.4,1.0000,-24.1233,0.4741,-7.0022,133.929,ppo_car_spread_a_deterministic
18.5802,-0.12675,0.0000,0.0019,0.04250,0.04252,0.14843,-0.4,1.0000,-24.1227,0.4741,-7.0028,133.927,ppo_car_spread_a_deterministic
18.6002,-0.12667,0.0000,0.0048,0.03921,0.03922,0.40149,-0.4,1.0000,-24.1221,0.4741,-7.0033,133.924,ppo_car_spread_a_deterministic
18.6202,-0.12667,0.0000,0.0048,0.03756,0.03757,0.34708,-1.0,1.0000,-24.1216,0.4741,-7.0038,133.925,ppo_car_spread_a_deterministic
18.6402,-0.12667,0.0000,0.0048,0.03973,0.03974,0.37447,-1.0,1.0000,-24.1210,0.4741,-7.0043,133.927,ppo_car_spread_a_deterministic
18.6602,-0.12667,0.0000,0.0048,0.04276,0.04277,0.25191,-1.0,1.0000,-24.1204,0.4741,-7.0049,133.922,ppo_car_spread_a_deterministic
18.6802,-0.12672,0.0014,0.0000,0.04685,0.04687,0.25301,-1.0,1.0000,-24.1197,0.4741,-7.0056,133.921,ppo_car_spread_a_deterministic
18.7002,-0.12672,0.0014,0.0000,0.04132,0.04133,0.34320,0.7,1.0000,-24.1191,0.4741,-7.0061,133.918,ppo_car_spread_a_deterministic
18.7202,-0.12672,0.0014,0.0000,0.04216,0.04217,0.15580,0.7,1.0000,-24.1184,0.4741,-7.0067,133.917,ppo_car_spread_a_deterministic
18.7402,-0.12672,0.0014,0.0000,0.03697,0.03699,0.34100,0.7,1.0000,-24.1179,0.4741,-7.0072,133.919,ppo_car_spread_a_deterministic
18.7602,-0.12705,0.0001,0.0000,0.04223,0.04225,0.32393,0.7,1.0000,-24.1173,0.4741,-7.0077,133.920,ppo_car_spread_a_deterministic
18.7802,-0.12705,0.0001,0.0000,0.04756,0.04758,0.23333,0.1,1.0000,-24.1166,0.4741,-7.0084,133.922,ppo_car_spread_a_deterministic
18.8002,-0.12705,0.0001,0.0000,0.04612,0.04614,0.23810,0.1,1.0000,-24.1159,0.4741,-7.0090,133.921,ppo_car_spread_a_deterministic
18.8202,-0.12705,0.0001,0.0000,0.04480,0.04482,0.27052,0.1,1.0000,-24.1152,0.4741,-7.0096,133.919,ppo_car_spread_a_deterministic
18.8402,-0.12678,0.0000,0.0038,0.04393,0.04395,0.39354,0.1,1.0000,-24.1146,0.4741,-7.0102,133.916,ppo_car_spread_a_deterministic
18.8602,-0.12678,0.0000,0.0038,0.04396,0.04398,0.20022,-0.8,1.0000,-24.1139,0.4741,-7.0108,133.913,ppo_car_spread_a_deterministic
18.8802,-0.12678,0.0000,0.0038,0.04070,0.04071,0.18833,-0.8,1.0000,-24.1133,0.4741,-7.0114,133.911,ppo_car_spread_a_deterministic
18.9002,-0.12678,0.0000,0.0038,0.04112,0.04114,0.33976,-0.8,1.0000,-24.1127,0.4741,-7.0119,133.909,ppo_car_spread_a_deterministic
18.9202,-0.12730,0.0018,0.0000,0.03696,0.03698,0.40333,-0.8,1.0000,-24.1122,0.4741,-7.0124,133.911,ppo_car_spread_a_deterministic
18.9402,-0.12730,0.0018,0.0000,0.04522,0.04524,0.17098,1.0,1.0000,-24.1115,0.4741,-7.0130,133.912,ppo_car_spread_a_deterministic
18.9602,-0.12730,0.0018,0.0000,0.04403,0.04404,0.25477,1.0,1.0000,-24.1108,0.4741,-7.0136,133.912,ppo_car_spread_a_deterministic
18.9802,-0.12730,0.0018,0.0000,0.03895,0.03897,0.34738,1.0,1.0000,-24.1103,0.4741,-7.0141,133.911,ppo_car_spread_a_deterministic
19.0002,-0.12687,0.0000,0.0016,0.04838,0.04840,0.29510,1.0,1.0000,-24.1095,0.4741,-7.0148,133.909,ppo_car_spread_a_deterministic
19.0202,-0.12687,0.0000,0.0016,0.04331,0.04332,0.08617,-0.3,1.0000,-24.1089,0.4741,-7.0154,133.909,ppo_car_spread_a_deterministic
19.0403,-0.12687,0.0000,0.0016,0.04319,0.04321,0.40423,-0.3,1.0000,-24.1083,0.4741,-7.0159,133.908,ppo_car_spread_a_deterministic
19.0603,-0.12687,0.0000,0.0016,0.04009,0.04010,0.23182,-0.3,1.0000,-24.1077,0.4741,-7.0165,133.905,ppo_car_spread_a_deterministic
19.0803,-0.12714,0.0000,0.0009,0.04506,0.04507,0.40627,-0.3,1.0000,-24.1070,0.4741,-7.0171,133.906,ppo_car_spread_a_deterministic
19.1003,-0.12714,0.0000,0.0009,0.04707,0.04708,0.24285,-0.2,1.0000,-24.1063,0.4741,-7.0177,133.906,ppo_car_spread_a_deterministic
19.1203,-0.12714,0.0000,0.0009,0.04008,0.04010,0.37091,-0.2,1.0000,-24.1057,0.4741,-7.0183,133.907,ppo_car_spread_a_deterministic
19.1403,-0.12714,0.0000,0.0009,0.03876,0.03877,0.37640,-0.2,1.0000,-24.1051,0.4741,-7.0188,133.911,ppo_car_spread_a_deterministic
19.1603,-0.12718,0.0017,0.0000,0.03761,0.03763,0.39651,-0.2,1.0000,-24.1046,0.4741,-7.0193,133.906,ppo_car_spread_a_deterministic
19.1803,-0.12718,0.0017,0.0000,0.03858,0.03859,0.19383,0.9,1.0000,-24.1040,0.4741,-7.0198,133.906,ppo_car_spread_a_deterministic
19.2003,-0.12718,0.0017,0.0000,0.04157,0.04158,0.26236,0.9,1.0000,-24.1034,0.4741,-7.0204,133.905,ppo_car_spread_a_deterministic
19.2203,-0.12718,0.0017,0.0000,0.03855,0.03857,0.39585,0.9,1.0000,-24.1028,0.4741,-7.0209,133.906,ppo_car_spread_a_deterministic
19.2403,-0.12726,0.0010,0.0000,0.03865,0.03866,0.24267,0.9,1.0000,-24.1023,0.4741,-7.0214,133.905,ppo_car_spread_a_deterministic
19.2603,-0.12726,0.0010,0.0000,0.04209,0.04211,0.16467,0.5,1.0000,-24.1016,0.4741,-7.0220,133.905,ppo_car_spread_a_deterministic
19.2803,-0.12726,0.0010,0.0000,0.04495,0.04497,0.22788,0.5,1.0000,-24.1010,0.4741,-7.0226,133.902,ppo_car_spread_a_deterministic
19.3003,-0.12726,0.0010,0.0000,0.04401,0.04403,0.28625,0.5,1.0000,-24.1003,0.4741,-7.0232,133.902,ppo_car_spread_a_deterministic
19.3203,-0.12748,0.0000,0.0018,0.04690,0.04692,0.28060,0.5,1.0000,-24.0996,0.4741,-7.0238,133.900,ppo_car_spread_a_deterministic
19.3403,-0.12748,0.0000,0.0018,0.04314,0.04316,0.13863,-0.4,1.0000,-24.0990,0.4741,-7.0244,133.898,ppo_car_spread_a_deterministic
19.3603,-0.12748,0.0000,0.0018,0.04177,0.04179,0.38157,-0.4,1.0000,-24.0984,0.4741,-7.0250,133.899,ppo_car_spread_a_deterministic
19.3803,-0.12748,0.0000,0.0018,0.04567,0.04568,0.24492,-0.4,1.0000,-24.0977,0.4741,-7.0256,133.900,ppo_car_spread_a_deterministic
19.4003,-0.12719,0.0001,0.0000,0.03904,0.03905,0.26582,-0.4,1.0000,-24.0971,0.4741,-7.0261,133.898,ppo_car_spread_a_deterministic
19.4203,-0.12719,0.0001,0.0000,0.04555,0.04557,0.35285,0.0,1.0000,-24.0964,0.4741,-7.0267,133.902,ppo_car_spread_a_deterministic
19.4403,-0.12719,0.0001,0.0000,0.04633,0.04635,0.14345,0.0,1.0000,-24.0958,0.4741,-7.0273,133.900,ppo_car_spread_a_deterministic
19.4603,-0.12719,0.0001,0.0000,0.04485,0.04487,0.16825,0.0,1.0000,-24.0951,0.4741,-7.0279,133.899,ppo_car_spread_a_deterministic
19.4803,-0.12700,0.0000,0.0036,0.03992,0.03994,0.40028,0.0,1.0000,-24.0945,0.4741,-7.0285,133.900,ppo_car_spread_a_deterministic
19.5003,-0.12700,0.0000,0.0036,0.04778,0.04780,0.28349,-0.8,1.0000,-24.0938,0.4741,-7.0291,133.901,ppo_car_spread_a_deterministic
19.5203,-0.12700,0.0000,0.0036,0.03898,0.03899,0.38800,-0.8,1.0000,-24.0932,0.4741,-7.0297,133.901,ppo_car_spread_a_deterministic
19.5403,-0.12700,0.0000,0.0036,0.04442,0.04443,0.27257,-0.8,1.0000,-24.0926,0.4741,-7.0303,133.901,ppo_car_spread_a_deterministic
19.5603,-0.12728,0.0031,0.0000,0.04492,0.04494,0.14372,-0.8,1.0000,-24.0919,0.4741,-7.0309,133.898,ppo_car_spread_a_deterministic
19.5803,-0.12728,0.0031,0.0000,0.04898,0.04900,0.29305,1.6,1.0000,-24.0912,0.4741,-7.0315,133.895,ppo_car_spread_a_deterministic
19.6003,-0.12728,0.0031,0.0000,0.04549,0.04551,0.29232,1.6,1.0000,-24.0905,0.4741,-7.0321,133.889,ppo_car_spread_a_deterministic
19.6203,-0.12728,0.0031,0.0000,0.04361,0.04363,0.17317,1.6,1.0000,-24.0898,0.4741,-7.0327,133.890,ppo_car_spread_a_deterministic
19.6403,-0.12797,0.0000,0.0015,0.05096,0.05098,0.25152,1.6,1.0000,-24.0891,0.4741,-7.0334,133.890,ppo_car_spread_a_deterministic
19.6603,-0.12797,0.0000,0.0015,0.04578,0.04580,0.13362,-0.3,1.0000,-24.0884,0.4741,-7.0340,133.890,ppo_car_spread_a_deterministic
19.6803,-0.12797,0.0000,0.0015,0.04279,0.04281,0.31263,-0.3,1.0000,-24.0878,0.4741,-7.0346,133.889,ppo_car_spread_a_deterministic
19.7003,-0.12797,0.0000,0.0015,0.04404,0.04405,0.29021,-0.3,1.0000,-24.0871,0.4741,-7.0352,133.887,ppo_car_spread_a_deterministic
19.7203,-0.12752,0.0000,0.0003,0.04737,0.04739,0.14790,-0.3,1.0000,-24.0864,0.4741,-7.0358,133.885,ppo_car_spread_a_deterministic
19.7403,-0.12752,0.0000,0.0003,0.04353,0.04355,0.28254,-0.1,1.0000,-24.0858,0.4741,-7.0364,133.886,ppo_car_spread_a_deterministic
19.7603,-0.12752,0.0000,0.0003,0.03894,0.03896,0.35992,-0.1,1.0000,-24.0852,0.4741,-7.0369,133.884,ppo_car_spread_a_deterministic
19.7803,-0.12752,0.0000,0.0003,0.04717,0.04719,0.26955,-0.1,1.0000,-24.0845,0.4741,-7.0376,133.885,ppo_car_spread_a_deterministic
19.8003,-0.12806,0.0039,0.0000,0.04465,0.04467,0.39666,-0.1,1.0000,-24.0839,0.4741,-7.0382,133.882,ppo_car_spread_a_deterministic
19.8203,-0.12806,0.0039,0.0000,0.04829,0.04830,0.28712,2.0,1.0000,-24.0831,0.4741,-7.0388,133.881,ppo_car_spread_a_deterministic
19.8403,-0.12806,0.0039,0.0000,0.04314,0.04316,0.40656,2.0,1.0000,-24.0825,0.4741,-7.0394,133.881,ppo_car_spread_a_deterministic
19.8603,-0.12806,0.0039,0.0000,0.03889,0.03891,0.40021,2.0,1.0000,-24.0819,0.4741,-7.0399,133.879,ppo_car_spread_a_deterministic
19.8803,-0.12746,0.0000,0.0007,0.05046,0.05048,0.28406,2.0,1.0000,-24.0812,0.4741,-7.0406,133.877,ppo_car_spread_a_deterministic
19.9003,-0.12746,0.0000,0.0007,0.04859,0.04861,0.24999,-0.1,1.0000,-24.0805,0.4741,-7.0412,133.877,ppo_car_spread_a_deterministic
19.9203,-0.12746,0.0000,0.0007,0.04951,0.04954,0.27984,-0.1,1.0000,-24.0797,0.4741,-7.0419,133.874,ppo_car_spread_a_deterministic
19.9403,-0.12746,0.0000,0.0007,0.04456,0.04458,0.31653,-0.1,1.0000,-24.0791,0.4741,-7.0425,133.871,ppo_car_spread_a_deterministic
19.9603,-0.12715,0.0000,0.0065,0.04389,0.04391,0.22341,-0.1,1.0000,-24.0784,0.4741,-7.0431,133.867,ppo_car_spread_a_deterministic
19.9803,-0.12715,0.0000,0.0065,0.04349,0.04351,0.39253,-1.4,1.0000,-24.0778,0.4741,-7.0437,133.862,ppo_car_spread_a_deterministic
20.0003,-0.12715,0.0000,0.0065,0.04569,0.04570,0.30939,-1.4,1.0000,-24.0771,0.4741,-7.0443,133.862,ppo_car_spread_a_deterministic
20.0203,-0.12715,0.0000,0.0065,0.04911,0.04913,0.27460,-1.4,1.0000,-24.0764,0.4741,-7.0450,133.860,ppo_car_spread_a_deterministic
20.0403,-0.12706,0.0000,0.0031,0.04261,0.04263,0.32609,-1.4,1.0000,-24.0757,0.4741,-7.0455,133.857,ppo_car_spread_a_deterministic
20.0603,-0.12706,0.0000,0.0031,0.04193,0.04194,0.22887,-0.6,1.0000,-24.0751,0.4741,-7.0461,133.859,ppo_car_spread_a_deterministic
20.0803,-0.12706,0.0000,0.0031,0.04316,0.04318,0.23236,-0.6,1.0000,-24.0745,0.4741,-7.0467,133.856,ppo_car_spread_a_deterministic
20.1003,-0.12706,0.0000,0.0031,0.03952,0.03954,0.37293,-0.6,1.0000,-24.0739,0.4741,-7.0472,133.858,ppo_car_spread_a_deterministic
20.1203,-0.12786,0.0000,0.0000,0.04451,0.04453,0.09171,-0.6,1.0000,-24.0732,0.4741,-7.0478,133.857,ppo_car_spread_a_deterministic
20.1403,-0.12786,0.0000,0.0000,0.04228,0.04229,0.33672,0.0,1.0000,-24.0726,0.4741,-7.0484,133.860,ppo_car_spread_a_deterministic
20.1603,-0.12786,0.0000,0.0000,0.04122,0.04124,0.24944,0.0,1.0000,-24.0720,0.4741,-7.0489,133.859,ppo_car_spread_a_deterministic
20.1803,-0.12786,0.0000,0.0000,0.04787,0.04788,0.22131,0.0,1.0000,-24.0713,0.4741,-7.0496,133.858,ppo_car_spread_a_deterministic
20.2003,-0.12785,0.0015,0.0000,0.03888,0.03890,0.39611,0.0,1.0000,-24.0707,0.4741,-7.0501,133.861,ppo_car_spread_a_deterministic
20.2203,-0.12785,0.0015,0.0000,0.04530,0.04532,0.40608,0.8,1.0000,-24.0700,0.4741,-7.0507,133.858,ppo_car_spread_a_deterministic
20.2403,-0.12785,0.0015,0.0000,0.03943,0.03944,0.40591,0.8,1.0000,-24.0695,0.4741,-7.0512,133.855,ppo_car_spread_a_deterministic
20.2603,-0.12785,0.0015,0.0000,0.04356,0.04357,0.35813,0.8,1.0000,-24.0688,0.4741,-7.0518,133.850,ppo_car_spread_a_deterministic
20.2803,-0.12831,0.0038,0.0000,0.05076,0.05078,0.29190,0.8,1.0000,-24.0681,0.4741,-7.0525,133.849,ppo_car_spread_a_deterministic
20.3003,-0.12831,0.0038,0.0000,0.05130,0.05133,0.27354,2.0,1.0000,-24.0673,0.4741,-7.0532,133.848,ppo_car_spread_a_deterministic
20.3203,-0.12831,0.0038,0.0000,0.03966,0.03967,0.39415,2.0,1.0000,-24.0667,0.4741,-7.0537,133.845,ppo_car_spread_a_deterministic
20.3403,-0.12831,0.0038,0.0000,0.04242,0.04243,0.36006,2.0,1.0000,-24.0661,0.4741,-7.0543,133.841,ppo_car_spread_a_deterministic
20.3603,-0.12841,0.0038,0.0000,0.05153,0.05155,0.26319,2.0,1.0000,-24.0653,0.4741,-7.0550,133.840,ppo_car_spread_a_deterministic
20.3803,-0.12841,0.0038,0.0000,0.04848,0.04849,0.27904,2.0,1.0000,-24.0646,0.4741,-7.0557,133.839,ppo_car_spread_a_deterministic
20.4003,-0.12841,0.0038,0.0000,0.04814,0.04816,0.07784,2.0,1.0000,-24.0639,0.4741,-7.0563,133.838,ppo_car_spread_a_deterministic
20.4203,-0.12841,0.0038,0.0000,0.04139,0.04141,0.40348,2.0,1.0000,-24.0633,0.4741,-7.0569,133.836,ppo_car_spread_a_deterministic
20.4403,-0.12736,0.0000,0.0052,0.05189,0.05191,0.23722,2.0,1.0000,-24.0625,0.4741,-7.0576,133.836,ppo_car_spread_a_deterministic
20.4603,-0.12736,0.0000,0.0052,0.04678,0.04680,0.27505,-1.1,1.0000,-24.0618,0.4741,-7.0582,133.837,ppo_car_spread_a_deterministic
20.4803,-0.12736,0.0000,0.0052,0.04911,0.04913,0.25986,-1.1,1.0000,-24.0611,0.4741,-7.0589,133.837,ppo_car_spread_a_deterministic
20.5003,-0.12736,0.0000,0.0052,0.04805,0.04807,0.21208,-1.1,1.0000,-24.0604,0.4741,-7.0595,133.833,ppo_car_spread_a_deterministic
20.5203,-0.12696,0.0000,0.0067,0.04563,0.04564,0.34142,-1.1,1.0000,-24.0597,0.4741,-7.0601,133.832,ppo_car_spread_a_deterministic
20.5403,-0.12696,0.0000,0.0067,0.04706,0.04708,0.16532,-1.4,1.0000,-24.0590,0.4741,-7.0607,133.833,ppo_car_spread_a_deterministic
20.5603,-0.12696,0.0000,0.0067,0.05022,0.05024,0.20123,-1.4,1.0000,-24.0582,0.4741,-7.0614,133.830,ppo_car_spread_a_deterministic
20.5803,-0.12696,0.0000,0.0067,0.04778,0.04780,0.34519,-1.4,1.0000,-24.0575,0.4741,-7.0621,133.828,ppo_car_spread_a_deterministic
20.6003,-0.12724,0.0000,0.0071,0.04360,0.04362,0.25556,-1.4,1.0000,-24.0569,0.4741,-7.0626,133.824,ppo_car_spread_a_deterministic
20.6203,-0.12724,0.0000,0.0071,0.04626,0.04628,0.22967,-1.5,1.0000,-24.0562,0.4741,-7.0633,133.822,ppo_car_spread_a_deterministic
20.6403,-0.12724,0.0000,0.0071,0.04675,0.04677,0.22373,-1.5,1.0000,-24.0555,0.4741,-7.0639,133.822,ppo_car_spread_a_deterministic
20.6603,-0.12724,0.0000,0.0071,0.04505,0.04507,0.39254,-1.5,1.0000,-24.0549,0.4741,-7.0645,133.817,ppo_car_spread_a_deterministic
20.6803,-0.12714,0.0000,0.0047,0.04263,0.04265,0.40602,-1.5,1.0000,-24.0542,0.4741,-7.0651,133.816,ppo_car_spread_a_deterministic
20.7003,-0.12714,0.0000,0.0047,0.04281,0.04282,0.27265,-1.0,1.0000,-24.0536,0.4741,-7.0656,133.815,ppo_car_spread_a_deterministic
20.7203,-0.12714,0.0000,0.0047,0.04053,0.04055,0.29505,-1.0,1.0000,-24.0530,0.4741,-7.0662,133.814,ppo_car_spread_a_deterministic
20.7403,-0.12714,0.0000,0.0047,0.04145,0.04147,0.24957,-1.0,1.0000,-24.0524,0.4741,-7.0667,133.811,ppo_car_spread_a_deterministic
20.7603,-0.12799,0.0019,0.0000,0.04705,0.04707,0.37131,-1.0,1.0000,-24.0517,0.4741,-7.0674,133.813,ppo_car_spread_a_deterministic
20.7803,-0.12799,0.0019,0.0000,0.04221,0.04223,0.28443,1.0,1.0000,-24.0511,0.4741,-7.0679,133.814,ppo_car_spread_a_deterministic
20.8003,-0.12799,0.0019,0.0000,0.04869,0.04871,0.28240,1.0,1.0000,-24.0503,0.4741,-7.0686,133.812,ppo_car_spread_a_deterministic
20.8203,-0.12799,0.0019,0.0000,0.04070,0.04072,0.16130,1.0,1.0000,-24.0497,0.4741,-7.0691,133.811,ppo_car_spread_a_deterministic
20.8403,-0.12753,0.0000,0.0056,0.04157,0.04159,0.21176,1.0,1.0000,-24.0491,0.4741,-7.0697,133.808,ppo_car_spread_a_deterministic
20.8603,-0.12753,0.0000,0.0056,0.04490,0.04492,0.28071,-1.2,1.0000,-24.0485,0.4741,-7.0703,133.803,ppo_car_spread_a_deterministic
20.8803,-0.12753,0.0000,0.0056,0.04160,0.04162,0.40744,-1.2,1.0000,-24.0478,0.4741,-7.0709,133.805,ppo_car_spread_a_deterministic
20.9003,-0.12753,0.0000,0.0056,0.03816,0.03818,0.39813,-1.2,1.0000,-24.0473,0.4741,-7.0714,133.804,ppo_car_spread_a_deterministic
20.9203,-0.12753,0.0000,0.0000,0.03997,0.03998,0.20126,-1.2,1.0000,-24.0467,0.4741,-7.0719,133.802,ppo_car_spread_a_deterministic
20.9403,-0.12753,0.0000,0.0000,0.04155,0.04157,0.35102,0.0,1.0000,-24.0461,0.4741,-7.0725,133.799,ppo_car_spread_a_deterministic
20.9603,-0.12753,0.0000,0.0000,0.04459,0.04461,0.22985,0.0,1.0000,-24.0454,0.4741,-7.0731,133.797,ppo_car_spread_a_deterministic
20.9803,-0.12753,0.0000,0.0000,0.04199,0.04202,0.40707,0.0,1.0000,-24.0448,0.4741,-7.0736,133.799,ppo_car_spread_a_deterministic
21.0003,-0.12781,0.0000,0.0017,0.04296,0.04297,0.36321,0.0,1.0000,-24.0441,0.4741,-7.0742,133.793,ppo_car_spread_a_deterministic
21.0203,-0.12781,0.0000,0.0017,0.04784,0.04786,0.26708,-0.3,1.0000,-24.0434,0.4741,-7.0749,133.789,ppo_car_spread_a_deterministic
21.0403,-0.12781,0.0000,0.0017,0.04400,0.04402,0.25612,-0.3,1.0000,-24.0428,0.4741,-7.0754,133.789,ppo_car_spread_a_deterministic
21.0603,-0.12781,0.0000,0.0017,0.04566,0.04567,0.22952,-0.3,1.0000,-24.0421,0.4741,-7.0761,133.789,ppo_car_spread_a_deterministic
21.0803,-0.12761,0.0000,0.0018,0.04373,0.04374,0.10849,-0.3,1.0000,-24.0414,0.4741,-7.0767,133.788,ppo_car_spread_a_deterministic
21.1003,-0.12761,0.0000,0.0018,0.04123,0.04125,0.40544,-0.4,1.0000,-24.0408,0.4741,-7.0772,133.785,ppo_car_spread_a_deterministic
21.1203,-0.12761,0.0000,0.0018,0.04388,0.04390,0.29978,-0.4,1.0000,-24.0402,0.4741,-7.0778,133.786,ppo_car_spread_a_deterministic
21.1403,-0.12761,0.0000,0.0018,0.04457,0.04459,0.20943,-0.4,1.0000,-24.0395,0.4741,-7.0784,133.782,ppo_car_spread_a_deterministic
21.1603,-0.12756,0.0000,0.0018,0.03979,0.03981,0.21744,-0.4,1.0000,-24.0389,0.4741,-7.0789,133.780,ppo_car_spread_a_deterministic
21.1803,-0.12756,0.0000,0.0018,0.04220,0.04222,0.25805,-0.4,1.0000,-24.0383,0.4741,-7.0795,133.781,ppo_car_spread_a_deterministic
21.2003,-0.12756,0.0000,0.0018,0.04604,0.04605,0.12921,-0.4,1.0000,-24.0376,0.4741,-7.0801,133.780,ppo_car_spread_a_deterministic
21.2203,-0.12756,0.0000,0.0018,0.04283,0.04285,0.23384,-0.4,1.0000,-24.0370,0.4741,-7.0807,133.780,ppo_car_spread_a_deterministic
21.2403,-0.12757,0.0000,0.0036,0.04127,0.04128,0.39185,-0.4,1.0000,-24.0364,0.4741,-7.0812,133.776,ppo_car_spread_a_deterministic
21.2603,-0.12757,0.0000,0.0036,0.04242,0.04243,0.31805,-0.8,1.0000,-24.0358,0.4741,-7.0818,133.775,ppo_car_spread_a_deterministic
21.2803,-0.12757,0.0000,0.0036,0.04106,0.04108,0.40629,-0.8,1.0000,-24.0351,0.4741,-7.0824,133.778,ppo_car_spread_a_deterministic
21.3003,-0.12757,0.0000,0.0036,0.04394,0.04396,0.24384,-0.8,1.0000,-24.0345,0.4741,-7.0830,133.777,ppo_car_spread_a_deterministic
21.3203,-0.12754,0.0001,0.0000,0.04479,0.04480,0.19774,-0.8,1.0000,-24.0338,0.4741,-7.0836,133.777,ppo_car_spread_a_deterministic
21.3403,-0.12754,0.0001,0.0000,0.03664,0.03665,0.35028,0.1,1.0000,-24.0333,0.4741,-7.0841,133.775,ppo_car_spread_a_deterministic
21.3603,-0.12754,0.0001,0.0000,0.04246,0.04247,0.15613,0.1,1.0000,-24.0327,0.4741,-7.0846,133.774,ppo_car_spread_a_deterministic
21.3803,-0.12754,0.0001,0.0000,0.04163,0.04164,0.17514,0.1,1.0000,-24.0320,0.4741,-7.0852,133.774,ppo_car_spread_a_deterministic
21.4003,-0.12806,0.0001,0.0000,0.03829,0.03830,0.22413,0.1,1.0000,-24.0315,0.4741,-7.0857,133.773,ppo_car_spread_a_deterministic
21.4203,-0.12806,0.0001,0.0000,0.03959,0.03961,0.18092,0.1,1.0000,-24.0309,0.4741,-7.0862,133.774,ppo_car_spread_a_deterministic
21.4403,-0.12806,0.0001,0.0000,0.04661,0.04663,0.22440,0.1,1.0000,-24.0302,0.4741,-7.0869,133.775,ppo_car_spread_a_deterministic
21.4603,-0.12806,0.0001,0.0000,0.04504,0.04506,0.16031,0.1,1.0000,-24.0295,0.4741,-7.0875,133.774,ppo_car_spread_a_deterministic
21.4803,-0.12741,0.0000,0.0046,0.04189,0.04190,0.25287,0.1,1.0000,-24.0289,0.4741,-7.0880,133.774,ppo_car_spread_a_deterministic
21.5003,-0.12741,0.0000,0.0046,0.03997,0.03998,0.19052,-1.0,1.0000,-24.0283,0.4741,-7.0886,133.774,ppo_car_spread_a_deterministic
21.5203,-0.12741,0.0000,0.0046,0.04445,0.04447,0.21144,-1.0,1.0000,-24.0277,0.4741,-7.0892,133.774,ppo_car_spread_a_deterministic
21.5403,-0.12741,0.0000,0.0046,0.04082,0.04085,0.32798,-1.0,1.0000,-24.0270,0.4741,-7.0897,133.772,ppo_car_spread_a_deterministic
21.5603,-0.12776,0.0000,0.0022,0.04496,0.04498,0.25066,-1.0,1.0000,-24.0264,0.4741,-7.0903,133.767,ppo_car_spread_a_deterministic
21.5803,-0.12776,0.0000,0.0022,0.03926,0.03927,0.25478,-0.5,1.0000,-24.0258,0.4741,-7.0908,133.763,ppo_car_spread_a_deterministic
21.6003,-0.12776,0.0000,0.0022,0.04452,0.04454,0.18249,-0.5,1.0000,-24.0251,0.4741,-7.0914,133.762,ppo_car_spread_a_deterministic
21.6203,-0.12776,0.0000,0.0022,0.03854,0.03855,0.31231,-0.5,1.0000,-24.0246,0.4741,-7.0920,133.761,ppo_car_spread_a_deterministic
21.6403,-0.12799,0.0000,0.0019,0.03954,0.03955,0.28104,-0.5,1.0000,-24.0240,0.4741,-7.0925,133.757,ppo_car_spread_a_deterministic
21.6603,-0.12799,0.0000,0.0019,0.03951,0.03952,0.40581,-0.4,1.0000,-24.0234,0.4741,-7.0930,133.759,ppo_car_spread_a_deterministic
21.6803,-0.12799,0.0000,0.0019,0.04112,0.04114,0.25033,-0.4,1.0000,-24.0228,0.4741,-7.0936,133.761,ppo_car_spread_a_deterministic
21.7003,-0.12799,0.0000,0.0019,0.04787,0.04788,0.26903,-0.4,1.0000,-24.0221,0.4741,-7.0942,133.760,ppo_car_spread_a_deterministic
21.7203,-0.12787,0.0005,0.0000,0.04160,0.04162,0.27016,-0.4,1.0000,-24.0215,0.4741,-7.0948,133.759,ppo_car_spread_a_deterministic
21.7403,-0.12787,0.0005,0.0000,0.04061,0.04063,0.37460,0.3,1.0000,-24.0209,0.4741,-7.0953,133.758,ppo_car_spread_a_deterministic
21.7603,-0.12787,0.0005,0.0000,0.03884,0.03885,0.25977,0.3,1.0000,-24.0203,0.4741,-7.0958,133.759,ppo_car_spread_a_deterministic
21.7803,-0.12787,0.0005,0.0000,0.03976,0.03977,0.37835,0.3,1.0000,-24.0197,0.4741,-7.0964,133.763,ppo_car_spread_a_deterministic
21.8003,-0.12820,0.0031,0.0000,0.04756,0.04757,0.27713,0.3,1.0000,-24.0190,0.4741,-7.0970,133.762,ppo_car_spread_a_deterministic
21.8203,-0.12820,0.0031,0.0000,0.04199,0.04201,0.27020,1.6,1.0000,-24.0184,0.4741,-7.0976,133.762,ppo_car_spread_a_deterministic
21.8403,-0.12820,0.0031,0.0000,0.04306,0.04307,0.32365,1.6,1.0000,-24.0177,0.4741,-7.0982,133.762,ppo_car_spread_a_deterministic
21.8603,-0.12820,0.0031,0.0000,0.04099,0.04101,0.21047,1.6,1.0000,-24.0171,0.4741,-7.0987,133.759,ppo_car_spread_a_deterministic
21.8803,-0.12809,0.0000,0.0007,0.03692,0.03693,0.32148,1.6,1.0000,-24.0166,0.4741,-7.0992,133.757,ppo_car_spread_a_deterministic
21.9003,-0.12809,0.0000,0.0007,0.04308,0.04310,0.15943,-0.2,1.0000,-24.0159,0.4741,-7.0998,133.757,ppo_car_spread_a_deterministic
21.9203,-0.12809,0.0000,0.0007,0.04454,0.04456,0.35369,-0.2,1.0000,-24.0153,0.4741,-7.1004,133.753,ppo_car_spread_a_deterministic
21.9403,-0.12809,0.0000,0.0007,0.04207,0.04208,0.27842,-0.2,1.0000,-24.0146,0.4741,-7.1009,133.753,ppo_car_spread_a_deterministic
21.9603,-0.12870,0.0000,0.0007,0.03935,0.03937,0.40188,-0.2,1.0000,-24.0141,0.4741,-7.1015,133.752,ppo_car_spread_a_deterministic
21.9803,-0.12870,0.0000,0.0007,0.04237,0.04239,0.29237,-0.2,1.0000,-24.0134,0.4741,-7.1020,133.748,ppo_car_spread_a_deterministic
22.0003,-0.12870,0.0000,0.0007,0.03654,0.03655,0.39861,-0.2,1.0000,-24.0129,0.4741,-7.1025,133.748,ppo_car_spread_a_deterministic
22.0203,-0.12870,0.0000,0.0007,0.04021,0.04023,0.29111,-0.2,1.0000,-24.0123,0.4741,-7.1031,133.748,ppo_car_spread_a_deterministic
22.0403,-0.12874,0.0057,0.0000,0.04063,0.04065,0.40492,-0.2,1.0000,-24.0117,0.4741,-7.1036,133.743,ppo_car_spread_a_deterministic
22.0603,-0.12874,0.0057,0.0000,0.04209,0.04211,0.18446,3.0,1.0000,-24.0111,0.4741,-7.1042,133.740,ppo_car_spread_a_deterministic
22.0803,-0.12874,0.0057,0.0000,0.04459,0.04460,0.24133,3.0,1.0000,-24.0104,0.4741,-7.1048,133.737,ppo_car_spread_a_deterministic
22.1003,-0.12874,0.0057,0.0000,0.04428,0.04429,0.19322,3.0,1.0000,-24.0097,0.4741,-7.1054,133.735,ppo_car_spread_a_deterministic
22.1203,-0.12864,0.0000,0.0011,0.03682,0.03684,0.38619,3.0,1.0000,-24.0092,0.4741,-7.1059,133.735,ppo_car_spread_a_deterministic
22.1403,-0.12864,0.0000,0.0011,0.04279,0.04280,0.31542,-0.2,1.0000,-24.0086,0.4741,-7.1064,133.736,ppo_car_spread_a_deterministic
22.1603,-0.12864,0.0000,0.0011,0.05053,0.05055,0.27492,-0.2,1.0000,-24.0078,0.4741,-7.1071,133.735,ppo_car_spread_a_deterministic
22.1803,-0.12864,0.0000,0.0011,0.04220,0.04222,0.37011,-0.2,1.0000,-24.0072,0.4741,-7.1077,133.735,ppo_car_spread_a_deterministic
22.2003,-0.12791,0.0000,0.0075,0.03769,0.03770,0.41014,-0.2,1.0000,-24.0066,0.4741,-7.1082,133.734,ppo_car_spread_a_deterministic
22.2203,-0.12791,0.0000,0.0075,0.04419,0.04421,0.21055,-1.6,1.0000,-24.0060,0.4741,-7.1088,133.734,ppo_car_spread_a_deterministic
22.2403,-0.12791,0.0000,0.0075,0.04602,0.04604,0.26864,-1.6,1.0000,-24.0053,0.4741,-7.1094,133.732,ppo_car_spread_a_deterministic
22.2603,-0.12791,0.0000,0.0075,0.04771,0.04773,0.20775,-1.6,1.0000,-24.0046,0.4741,-7.1100,133.731,ppo_car_spread_a_deterministic
22.2803,-0.12818,0.0000,0.0031,0.04631,0.04633,0.26890,-1.6,1.0000,-24.0039,0.4741,-7.1107,133.731,ppo_car_spread_a_deterministic
22.3003,-0.12818,0.0000,0.0031,0.03968,0.03969,0.36604,-0.6,1.0000,-24.0033,0.4741,-7.1112,133.730,ppo_car_spread_a_deterministic
22.3203,-0.12818,0.0000,0.0031,0.04348,0.04350,0.26155,-0.6,1.0000,-24.0027,0.4741,-7.1118,133.731,ppo_car_spread_a_deterministic
22.3403,-0.12818,0.0000,0.0031,0.04097,0.04099,0.16607,-0.6,1.0000,-24.0020,0.4741,-7.1123,133.730,ppo_car_spread_a_deterministic
22.3603,-0.12800,0.0000,0.0014,0.04362,0.04363,0.39806,-0.6,1.0000,-24.0014,0.4741,-7.1129,133.731,ppo_car_spread_a_deterministic
22.3803,-0.12800,0.0000,0.0014,0.04497,0.04499,0.19572,-0.3,1.0000,-24.0007,0.4741,-7.1135,133.728,ppo_car_spread_a_deterministic
22.4003,-0.12800,0.0000,0.0014,0.04150,0.04151,0.22871,-0.3,1.0000,-24.0001,0.4741,-7.1141,133.725,ppo_car_spread_a_deterministic
22.4203,-0.12800,0.0000,0.0014,0.03889,0.03890,0.35069,-0.3,1.0000,-23.9995,0.4741,-7.1146,133.726,ppo_car_spread_a_deterministic
22.4403,-0.12898,0.0019,0.0000,0.04622,0.04624,0.25926,-0.3,1.0000,-23.9989,0.4741,-7.1152,133.726,ppo_car_spread_a_deterministic
22.4603,-0.12898,0.0019,0.0000,0.03819,0.03821,0.22398,1.0,1.0000,-23.9983,0.4741,-7.1157,133.724,ppo_car_spread_a_deterministic
22.4803,-0.12898,0.0019,0.0000,0.04117,0.04119,0.17588,1.0,1.0000,-23.9977,0.4741,-7.1163,133.723,ppo_car_spread_a_deterministic
22.5003,-0.12898,0.0019,0.0000,0.03944,0.03945,0.40570,1.0,1.0000,-23.9971,0.4741,-7.1168,133.723,ppo_car_spread_a_deterministic
22.5203,-0.12874,0.0017,0.0000,0.04594,0.04596,0.27364,1.0,1.0000,-23.9964,0.4741,-7.1174,133.720,ppo_car_spread_a_deterministic
22.5403,-0.12874,0.0017,0.0000,0.03910,0.03911,0.19208,0.9,1.0000,-23.9958,0.4741,-7.1180,133.718,ppo_car_spread_a_deterministic
22.5603,-0.12874,0.0017,0.0000,0.04801,0.04803,0.26312,0.9,1.0000,-23.9951,0.4741,-7.1186,133.717,ppo_car_spread_a_deterministic
22.5803,-0.12874,0.0017,0.0000,0.04640,0.04642,0.28906,0.9,1.0000,-23.9944,0.4741,-7.1192,133.716,ppo_car_spread_a_deterministic
22.6003,-0.12824,0.0000,0.0050,0.03934,0.03935,0.40450,0.9,1.0000,-23.9939,0.4741,-7.1197,133.715,ppo_car_spread_a_deterministic
22.6203,-0.12824,0.0000,0.0050,0.04001,0.04003,0.40156,-1.1,1.0000,-23.9933,0.4741,-7.1203,133.717,ppo_car_spread_a_deterministic
22.6403,-0.12824,0.0000,0.0050,0.04528,0.04530,0.13691,-1.1,1.0000,-23.9926,0.4741,-7.1209,133.717,ppo_car_spread_a_deterministic
22.6603,-0.12824,0.0000,0.0050,0.04148,0.04149,0.40707,-1.1,1.0000,-23.9920,0.4741,-7.1214,133.710,ppo_car_spread_a_deterministic
22.6803,-0.12824,0.0000,0.0027,0.04367,0.04369,0.15602,-1.1,1.0000,-23.9913,0.4741,-7.1220,133.709,ppo_car_spread_a_deterministic
22.7003,-0.12824,0.0000,0.0027,0.04046,0.04048,0.31103,-0.6,1.0000,-23.9907,0.4741,-7.1226,133.707,ppo_car_spread_a_deterministic
22.7203,-0.12824,0.0000,0.0027,0.03688,0.03690,0.39660,-0.6,1.0000,-23.9902,0.4741,-7.1231,133.706,ppo_car_spread_a_deterministic
22.7403,-0.12824,0.0000,0.0027,0.05111,0.05113,0.28785,-0.6,1.0000,-23.9894,0.4741,-7.1238,133.705,ppo_car_spread_a_deterministic
22.7603,-0.12909,0.0055,0.0000,0.04154,0.04156,0.28829,-0.6,1.0000,-23.9888,0.4741,-7.1243,133.705,ppo_car_spread_a_deterministic
22.7803,-0.12909,0.0055,0.0000,0.03581,0.03583,0.40075,2.9,1.0000,-23.9883,0.4741,-7.1248,133.704,ppo_car_spread_a_deterministic
22.8003,-0.12909,0.0055,0.0000,0.04276,0.04277,0.26112,2.9,1.0000,-23.9876,0.4741,-7.1254,133.705,ppo_car_spread_a_deterministic
22.8203,-0.12909,0.0055,0.0000,0.04711,0.04712,0.26809,2.9,1.0000,-23.9869,0.4741,-7.1260,133.700,ppo_car_spread_a_deterministic
22.8403,-0.12842,0.0000,0.0003,0.05187,0.05189,0.29146,2.9,1.0000,-23.9862,0.4741,-7.1267,133.700,ppo_car_spread_a_deterministic
22.8603,-0.12842,0.0000,0.0003,0.05050,0.05052,0.25309,-0.1,1.0000,-23.9854,0.4741,-7.1274,133.699,ppo_car_spread_a_deterministic
22.8803,-0.12842,0.0000,0.0003,0.04799,0.04801,0.26596,-0.1,1.0000,-23.9847,0.4741,-7.1280,133.694,ppo_car_spread_a_deterministic
22.9003,-0.12842,0.0000,0.0003,0.04602,0.04603,0.39168,-0.1,1.0000,-23.9840,0.4741,-7.1287,133.689,ppo_car_spread_a_deterministic
22.9203,-0.12891,0.0000,0.0040,0.04289,0.04291,0.36980,-0.1,1.0000,-23.9834,0.4741,-7.1292,133.688,ppo_car_spread_a_deterministic
22.9403,-0.12891,0.0000,0.0040,0.03870,0.03872,0.26988,-0.8,1.0000,-23.9828,0.4741,-7.1297,133.687,ppo_car_spread_a_deterministic
22.9603,-0.12891,0.0000,0.0040,0.04210,0.04211,0.18632,-0.8,1.0000,-23.9822,0.4741,-7.1303,133.687,ppo_car_spread_a_deterministic
22.9803,-0.12891,0.0000,0.0040,0.04249,0.04251,0.38490,-0.8,1.0000,-23.9815,0.4741,-7.1309,133.685,ppo_car_spread_a_deterministic
23.0003,-0.12875,0.0005,0.0000,0.04678,0.04680,0.25049,-0.8,1.0000,-23.9809,0.4741,-7.1315,133.683,ppo_car_spread_a_deterministic
23.0203,-0.12875,0.0005,0.0000,0.04501,0.04503,0.20525,0.3,1.0000,-23.9802,0.4741,-7.1321,133.683,ppo_car_spread_a_deterministic
23.0403,-0.12875,0.0005,0.0000,0.03927,0.03929,0.37514,0.3,1.0000,-23.9796,0.4741,-7.1326,133.683,ppo_car_spread_a_deterministic
23.0603,-0.12875,0.0005,0.0000,0.04577,0.04579,0.08121,0.3,1.0000,-23.9789,0.4741,-7.1332,133.682,ppo_car_spread_a_deterministic
23.0803,-0.12914,0.0033,0.0000,0.04210,0.04212,0.21059,0.3,1.0000,-23.9783,0.4741,-7.1338,133.683,ppo_car_spread_a_deterministic
23.1003,-0.12914,0.0033,0.0000,0.03969,0.03971,0.29360,1.7,1.0000,-23.9777,0.4741,-7.1343,133.681,ppo_car_spread_a_deterministic
23.1203,-0.12914,0.0033,0.0000,0.04491,0.04493,0.18246,1.7,1.0000,-23.9770,0.4741,-7.1349,133.680,ppo_car_spread_a_deterministic
23.1403,-0.12914,0.0033,0.0000,0.04781,0.04782,0.22862,1.7,1.0000,-23.9763,0.4741,-7.1356,133.677,ppo_car_spread_a_deterministic
23.1603,-0.12871,0.0000,0.0021,0.04137,0.04139,0.25572,1.7,1.0000,-23.9757,0.4741,-7.1361,133.675,ppo_car_spread_a_deterministic
23.1803,-0.12871,0.0000,0.0021,0.04488,0.04490,0.20304,-0.4,1.0000,-23.9750,0.4741,-7.1367,133.675,ppo_car_spread_a_deterministic
23.2003,-0.12871,0.0000,0.0021,0.04443,0.04445,0.40836,-0.4,1.0000,-23.9744,0.4741,-7.1373,133.678,ppo_car_spread_a_deterministic
23.2203,-0.12871,0.0000,0.0021,0.04640,0.04641,0.36654,-0.4,1.0000,-23.9737,0.4741,-7.1379,133.675,ppo_car_spread_a_deterministic
23.2403,-0.12799,0.0000,0.0031,0.04949,0.04951,0.24476,-0.4,1.0000,-23.9730,0.4741,-7.1386,133.674,ppo_car_spread_a_deterministic
23.2603,-0.12799,0.0000,0.0031,0.05117,0.05119,0.28253,-0.6,1.0000,-23.9722,0.4741,-7.1393,133.671,ppo_car_spread_a_deterministic
23.2803,-0.12799,0.0000,0.0031,0.03918,0.03919,0.40130,-0.6,1.0000,-23.9716,0.4741,-7.1398,133.670,ppo_car_spread_a_deterministic
23.3003,-0.12799,0.0000,0.0031,0.04330,0.04331,0.26292,-0.6,1.0000,-23.9710,0.4741,-7.1404,133.665,ppo_car_spread_a_deterministic
23.3203,-0.12916,0.0036,0.0000,0.05049,0.05051,0.21064,-0.6,1.0000,-23.9702,0.4741,-7.1411,133.663,ppo_car_spread_a_deterministic
23.3403,-0.12916,0.0036,0.0000,0.04509,0.04511,0.36601,1.9,1.0000,-23.9696,0.4741,-7.1417,133.665,ppo_car_spread_a_deterministic
23.3603,-0.12916,0.0036,0.0000,0.04910,0.04912,0.21309,1.9,1.0000,-23.9688,0.4741,-7.1424,133.665,ppo_car_spread_a_deterministic
23.3803,-0.12916,0.0036,0.0000,0.04094,0.04096,0.38163,1.9,1.0000,-23.9682,0.4741,-7.1429,133.664,ppo_car_spread_a_deterministic
23.4003,-0.12812,0.0000,0.0067,0.04543,0.04545,0.38736,1.9,1.0000,-23.9675,0.4741,-7.1435,133.663,ppo_car_spread_a_deterministic
23.4204,-0.12812,0.0000,0.0067,0.05161,0.05163,0.26887,-1.4,1.0000,-23.9668,0.4741,-7.1442,133.662,ppo_car_spread_a_deterministic
23.4404,-0.12812,0.0000,0.0067,0.05000,0.05002,0.29037,-1.4,1.0000,-23.9660,0.4741,-7.1449,133.659,ppo_car_spread_a_deterministic
23.4604,-0.12812,0.0000,0.0067,0.04426,0.04428,0.39724,-1.4,1.0000,-23.9654,0.4741,-7.1455,133.662,ppo_car_spread_a_deterministic
23.4804,-0.12849,0.0000,0.0064,0.04682,0.04684,0.25930,-1.4,1.0000,-23.9647,0.4741,-7.1461,133.660,ppo_car_spread_a_deterministic
23.5004,-0.12849,0.0000,0.0064,0.04891,0.04894,0.24488,-1.3,1.0000,-23.9640,0.4741,-7.1467,133.659,ppo_car_spread_a_deterministic
23.5204,-0.12849,0.0000,0.0064,0.04378,0.04380,0.39110,-1.3,1.0000,-23.9633,0.4741,-7.1473,133.655,ppo_car_spread_a_deterministic
23.5404,-0.12849,0.0000,0.0064,0.04652,0.04654,0.24338,-1.3,1.0000,-23.9626,0.4741,-7.1480,133.651,ppo_car_spread_a_deterministic
23.5604,-0.12942,0.0000,0.0002,0.04237,0.04239,0.23768,-1.3,1.0000,-23.9620,0.4741,-7.1485,133.650,ppo_car_spread_a_deterministic
23.5804,-0.12942,0.0000,0.0002,0.04290,0.04293,0.36869,0.0,1.0000,-23.9613,0.4741,-7.1491,133.649,ppo_car_spread_a_deterministic
23.6004,-0.12942,0.0000,0.0002,0.04038,0.04041,0.39033,0.0,1.0000,-23.9607,0.4741,-7.1496,133.646,ppo_car_spread_a_deterministic
23.6204,-0.12942,0.0000,0.0002,0.04698,0.04700,0.21587,0.0,1.0000,-23.9600,0.4741,-7.1502,133.644,ppo_car_spread_a_deterministic
23.6404,-0.12968,0.0028,0.0000,0.04852,0.04854,0.24431,0.0,1.0000,-23.9593,0.4741,-7.1509,133.644,ppo_car_spread_a_deterministic
23.6604,-0.12968,0.0028,0.0000,0.03944,0.03946,0.27809,1.5,1.0000,-23.9587,0.4741,-7.1514,133.644,ppo_car_spread_a_deterministic
23.6804,-0.12968,0.0028,0.0000,0.04647,0.04649,0.31819,1.5,1.0000,-23.9580,0.4741,-7.1520,133.647,ppo_car_spread_a_deterministic
23.7004,-0.12968,0.0028,0.0000,0.04882,0.04885,0.28543,1.5,1.0000,-23.9573,0.4741,-7.1527,133.643,ppo_car_spread_a_deterministic
23.7204,-0.12818,0.0000,0.0050,0.04572,0.04574,0.17929,1.5,1.0000,-23.9566,0.4741,-7.1533,133.644,ppo_car_spread_a_deterministic
23.7404,-0.12818,0.0000,0.0050,0.04508,0.04510,0.31797,-1.0,1.0000,-23.9560,0.4741,-7.1539,133.646,ppo_car_spread_a_deterministic
23.7604,-0.12818,0.0000,0.0050,0.04346,0.04348,0.30639,-1.0,1.0000,-23.9553,0.4741,-7.1545,133.642,ppo_car_spread_a_deterministic
23.7804,-0.12818,0.0000,0.0050,0.04175,0.04176,0.39371,-1.0,1.0000,-23.9547,0.4741,-7.1551,133.641,ppo_car_spread_a_deterministic
23.8004,-0.12944,0.0001,0.0000,0.04566,0.04568,0.27967,-1.0,1.0000,-23.9540,0.4741,-7.1557,133.641,ppo_car_spread_a_deterministic
23.8204,-0.12944,0.0001,0.0000,0.04376,0.04378,0.24861,0.1,1.0000,-23.9534,0.4741,-7.1563,133.640,ppo_car_spread_a_deterministic
23.8404,-0.12944,0.0001,0.0000,0.04356,0.04357,0.32130,0.1,1.0000,-23.9527,0.4741,-7.1568,133.638,ppo_car_spread_a_deterministic
23.8604,-0.12944,0.0001,0.0000,0.04094,0.04096,0.19837,0.1,1.0000,-23.9521,0.4741,-7.1574,133.637,ppo_car_spread_a_deterministic
23.8804,-0.12914,0.0000,0.0004,0.04007,0.04008,0.25231,0.1,1.0000,-23.9515,0.4741,-7.1579,133.637,ppo_car_spread_a_deterministic
23.9004,-0.12914,0.0000,0.0004,0.04067,0.04069,0.30569,-0.1,1.0000,-23.9509,0.4741,-7.1585,133.638,ppo_car_spread_a_deterministic
23.9204,-0.12914,0.0000,0.0004,0.04425,0.04427,0.17939,-0.1,1.0000,-23.9503,0.4741,-7.1591,133.638,ppo_car_spread_a_deterministic
23.9404,-0.12914,0.0000,0.0004,0.04098,0.04100,0.18712,-0.1,1.0000,-23.9497,0.4741,-7.1596,133.637,ppo_car_spread_a_deterministic
23.9604,-0.12895,0.0000,0.0016,0.04829,0.04831,0.20144,-0.1,1.0000,-23.9489,0.4741,-7.1603,133.637,ppo_car_spread_a_deterministic
23.9804,-0.12895,0.0000,0.0016,0.04474,0.04476,0.19889,-0.3,1.0000,-23.9483,0.4741,-7.1609,133.639,ppo_car_spread_a_deterministic
24.0004,-0.12895,0.0000,0.0016,0.04372,0.04374,0.33053,-0.3,1.0000,-23.9476,0.4741,-7.1614,133.634,ppo_car_spread_a_deterministic
24.0204,-0.12895,0.0000,0.0016,0.05133,0.05135,0.28820,-0.3,1.0000,-23.9468,0.4741,-7.1621,133.634,ppo_car_spread_a_deterministic
24.0404,-0.12958,0.0001,0.0000,0.04217,0.04219,0.27002,-0.3,1.0000,-23.9462,0.4741,-7.1627,133.632,ppo_car_spread_a_deterministic
24.0604,-0.12958,0.0001,0.0000,0.04189,0.04191,0.16221,0.0,1.0000,-23.9456,0.4741,-7.1633,133.631,ppo_car_spread_a_deterministic
24.0804,-0.12958,0.0001,0.0000,0.04389,0.04392,0.16722,0.0,1.0000,-23.9449,0.4741,-7.1638,133.629,ppo_car_spread_a_deterministic
24.1004,-0.12958,0.0001,0.0000,0.04456,0.04457,0.25078,0.0,1.0000,-23.9443,0.4741,-7.1644,133.627,ppo_car_spread_a_deterministic
24.1204,-0.12926,0.0000,0.0009,0.04300,0.04302,0.20805,0.0,1.0000,-23.9436,0.4741,-7.1650,133.626,ppo_car_spread_a_deterministic
24.1404,-0.12926,0.0000,0.0009,0.03897,0.03899,0.38398,-0.2,1.0000,-23.9431,0.4741,-7.1655,133.623,ppo_car_spread_a_deterministic
24.1604,-0.12926,0.0000,0.0009,0.04221,0.04223,0.39156,-0.2,1.0000,-23.9424,0.4741,-7.1661,133.622,ppo_car_spread_a_deterministic
24.1804,-0.12926,0.0000,0.0009,0.04601,0.04603,0.24178,-0.2,1.0000,-23.9418,0.4741,-7.1667,133.623,ppo_car_spread_a_deterministic
24.2004,-0.12940,0.0007,0.0000,0.04593,0.04595,0.21043,-0.2,1.0000,-23.9411,0.4741,-7.1673,133.623,ppo_car_spread_a_deterministic
24.2204,-0.12940,0.0007,0.0000,0.04711,0.04712,0.22193,0.4,1.0000,-23.9404,0.4741,-7.1680,133.621,ppo_car_spread_a_deterministic
24.2404,-0.12940,0.0007,0.0000,0.04625,0.04627,0.28952,0.4,1.0000,-23.9397,0.4741,-7.1686,133.618,ppo_car_spread_a_deterministic
24.2604,-0.12940,0.0007,0.0000,0.04659,0.04661,0.28513,0.4,1.0000,-23.9390,0.4741,-7.1692,133.615,ppo_car_spread_a_deterministic
24.2804,-0.12929,0.0000,0.0027,0.05113,0.05116,0.29057,0.4,1.0000,-23.9382,0.4741,-7.1699,133.615,ppo_car_spread_a_deterministic
24.3004,-0.12929,0.0000,0.0027,0.04904,0.04907,0.28678,-0.6,1.0000,-23.9375,0.4741,-7.1706,133.611,ppo_car_spread_a_deterministic
24.3204,-0.12929,0.0000,0.0027,0.04880,0.04882,0.23346,-0.6,1.0000,-23.9367,0.4741,-7.1712,133.610,ppo_car_spread_a_deterministic
24.3404,-0.12929,0.0000,0.0027,0.04927,0.04928,0.27366,-0.6,1.0000,-23.9360,0.4741,-7.1719,133.606,ppo_car_spread_a_deterministic
24.3604,-0.12892,0.0000,0.0056,0.04474,0.04476,0.07080,-0.6,1.0000,-23.9354,0.4741,-7.1725,133.604,ppo_car_spread_a_deterministic
24.3804,-0.12892,0.0000,0.0056,0.04324,0.04326,0.09544,-1.2,1.0000,-23.9347,0.4741,-7.1730,133.602,ppo_car_spread_a_deterministic
24.4004,-0.12892,0.0000,0.0056,0.03480,0.03481,0.40605,-1.2,1.0000,-23.9342,0.4741,-7.1735,133.601,ppo_car_spread_a_deterministic
24.4204,-0.12892,0.0000,0.0056,0.03981,0.03982,0.38738,-1.2,1.0000,-23.9336,0.4741,-7.1740,133.601,ppo_car_spread_a_deterministic
24.4404,-0.13009,0.0079,0.0000,0.03442,0.03443,0.36043,-1.2,1.0000,-23.9331,0.4741,-7.1745,133.599,ppo_car_spread_a_deterministic
24.4604,-0.13009,0.0079,0.0000,0.03728,0.03730,0.40516,4.1,1.0000,-23.9326,0.4741,-7.1750,133.600,ppo_car_spread_a_deterministic
24.4804,-0.13009,0.0079,0.0000,0.04195,0.04197,0.25802,4.1,1.0000,-23.9319,0.4741,-7.1755,133.601,ppo_car_spread_a_deterministic
24.5004,-0.13009,0.0079,0.0000,0.04683,0.04685,0.17411,4.1,1.0000,-23.9312,0.4741,-7.1762,133.601,ppo_car_spread_a_deterministic
24.5204,-0.12930,0.0005,0.0000,0.04129,0.04130,0.33747,4.1,1.0000,-23.9306,0.4741,-7.1767,133.602,ppo_car_spread_a_deterministic
24.5404,-0.12930,0.0005,0.0000,0.04983,0.04985,0.24721,0.2,1.0000,-23.9299,0.4741,-7.1774,133.599,ppo_car_spread_a_deterministic
24.5604,-0.12930,0.0005,0.0000,0.04369,0.04370,0.38796,0.2,1.0000,-23.9292,0.4741,-7.1780,133.602,ppo_car_spread_a_deterministic
24.5804,-0.12930,0.0005,0.0000,0.04516,0.04517,0.38001,0.2,1.0000,-23.9286,0.4741,-7.1786,133.600,ppo_car_spread_a_deterministic
24.6004,-0.12882,0.0000,0.0017,0.04516,0.04518,0.31506,0.2,1.0000,-23.9279,0.4741,-7.1792,133.599,ppo_car_spread_a_deterministic
24.6204,-0.12882,0.0000,0.0017,0.05055,0.05057,0.24141,-0.4,1.0000,-23.9271,0.4741,-7.1799,133.597,ppo_car_spread_a_deterministic
24.6404,-0.12882,0.0000,0.0017,0.04655,0.04657,0.40990,-0.4,1.0000,-23.9264,0.4741,-7.1805,133.598,ppo_car_spread_a_deterministic
24.6604,-0.12882,0.0000,0.0017,0.05252,0.05254,0.27975,-0.4,1.0000,-23.9256,0.4741,-7.1812,133.597,ppo_car_spread_a_deterministic
24.6804,-0.12864,0.0000,0.0042,0.04196,0.04198,0.40935,-0.4,1.0000,-23.9250,0.4741,-7.1818,133.593,ppo_car_spread_a_deterministic
24.7004,-0.12864,0.0000,0.0042,0.04754,0.04756,0.23933,-0.9,1.0000,-23.9243,0.4741,-7.1824,133.590,ppo_car_spread_a_deterministic
24.7204,-0.12864,0.0000,0.0042,0.04373,0.04375,0.39609,-0.9,1.0000,-23.9237,0.4741,-7.1830,133.591,ppo_car_spread_a_deterministic
24.7404,-0.12864,0.0000,0.0042,0.05111,0.05113,0.27283,-0.9,1.0000,-23.9229,0.4741,-7.1837,133.587,ppo_car_spread_a_deterministic
24.7604,-0.12898,0.0000,0.0015,0.04818,0.04820,0.23360,-0.9,1.0000,-23.9222,0.4741,-7.1843,133.585,ppo_car_spread_a_deterministic
24.7804,-0.12898,0.0000,0.0015,0.03690,0.03691,0.37946,-0.3,1.0000,-23.9216,0.4741,-7.1848,133.586,ppo_car_spread_a_deterministic
24.8004,-0.12898,0.0000,0.0015,0.04975,0.04977,0.29008,-0.3,1.0000,-23.9209,0.4741,-7.1855,133.581,ppo_car_spread_a_deterministic
24.8204,-0.12898,0.0000,0.0015,0.04228,0.04229,0.24703,-0.3,1.0000,-23.9203,0.4741,-7.1860,133.582,ppo_car_spread_a_deterministic
24.8404,-0.12955,0.0000,0.0056,0.04955,0.04957,0.27358,-0.3,1.0000,-23.9195,0.4741,-7.1867,133.580,ppo_car_spread_a_deterministic
24.8604,-0.12955,0.0000,0.0056,0.04897,0.04899,0.28486,-1.2,1.0000,-23.9188,0.4741,-7.1874,133.577,ppo_car_spread_a_deterministic
24.8804,-0.12955,0.0000,0.0056,0.03685,0.03687,0.38952,-1.2,1.0000,-23.9183,0.4741,-7.1878,133.574,ppo_car_spread_a_deterministic
24.9004,-0.12955,0.0000,0.0056,0.04653,0.04656,0.40133,-1.2,1.0000,-23.9176,0.4741,-7.1885,133.570,ppo_car_spread_a_deterministic
24.9204,-0.13060,0.0066,0.0000,0.04148,0.04150,0.36206,-1.2,1.0000,-23.9170,0.4741,-7.1890,133.565,ppo_car_spread_a_deterministic
24.9404,-0.13060,0.0066,0.0000,0.04725,0.04727,0.22465,3.5,1.0000,-23.9163,0.4741,-7.1896,133.563,ppo_car_spread_a_deterministic
24.9604,-0.13060,0.0066,0.0000,0.04128,0.04129,0.29431,3.5,1.0000,-23.9156,0.4741,-7.1902,133.563,ppo_car_spread_a_deterministic
24.9804,-0.13060,0.0066,0.0000,0.04740,0.04741,0.15503,3.5,1.0000,-23.9149,0.4741,-7.1908,133.563,ppo_car_spread_a_deterministic
25.0004,-0.12981,0.0017,0.0000,0.04842,0.04844,0.21336,3.5,1.0000,-23.9142,0.4741,-7.1915,133.564,ppo_car_spread_a_deterministic
25.0204,-0.12981,0.0017,0.0000,0.04549,0.04550,0.40037,0.9,1.0000,-23.9135,0.4741,-7.1921,133.566,ppo_car_spread_a_deterministic
25.0404,-0.12981,0.0017,0.0000,0.04665,0.04667,0.36741,0.9,1.0000,-23.9128,0.4741,-7.1927,133.562,ppo_car_spread_a_deterministic
25.0604,-0.12981,0.0017,0.0000,0.05498,0.05500,0.29143,0.9,1.0000,-23.9120,0.4741,-7.1935,133.560,ppo_car_spread_a_deterministic
25.0804,-0.12982,0.0000,0.0029,0.04909,0.04912,0.40419,0.9,1.0000,-23.9113,0.4741,-7.1941,133.563,ppo_car_spread_a_deterministic
25.1004,-0.12982,0.0000,0.0029,0.04801,0.04803,0.25373,-0.6,1.0000,-23.9106,0.4741,-7.1948,133.560,ppo_car_spread_a_deterministic
25.1204,-0.12982,0.0000,0.0029,0.05351,0.05353,0.28543,-0.6,1.0000,-23.9098,0.4741,-7.1955,133.557,ppo_car_spread_a_deterministic
25.1404,-0.12982,0.0000,0.0029,0.04872,0.04874,0.24906,-0.6,1.0000,-23.9090,0.4741,-7.1961,133.557,ppo_car_spread_a_deterministic
25.1604,-0.12910,0.0000,0.0097,0.05008,0.05011,0.22960,-0.6,1.0000,-23.9083,0.4741,-7.1968,133.554,ppo_car_spread_a_deterministic
25.1804,-0.12910,0.0000,0.0097,0.05098,0.05100,0.26235,-2.0,1.0000,-23.9075,0.4741,-7.1975,133.553,ppo_car_spread_a_deterministic
25.2004,-0.12910,0.0000,0.0097,0.04720,0.04721,0.39736,-2.0,1.0000,-23.9068,0.4741,-7.1981,133.550,ppo_car_spread_a_deterministic
25.2204,-0.12910,0.0000,0.0097,0.04787,0.04789,0.25259,-2.0,1.0000,-23.9061,0.4741,-7.1988,133.550,ppo_car_spread_a_deterministic
25.2404,-0.12947,0.0000,0.0036,0.04828,0.04830,0.23111,-2.0,1.0000,-23.9054,0.4741,-7.1994,133.549,ppo_car_spread_a_deterministic
25.2604,-0.12947,0.0000,0.0036,0.04524,0.04525,0.14819,-0.8,1.0000,-23.9047,0.4741,-7.2000,133.549,ppo_car_spread_a_deterministic
25.2804,-0.12947,0.0000,0.0036,0.04456,0.04457,0.14944,-0.8,1.0000,-23.9041,0.4741,-7.2006,133.547,ppo_car_spread_a_deterministic
25.3004,-0.12947,0.0000,0.0036,0.04464,0.04466,0.21155,-0.8,1.0000,-23.9034,0.4741,-7.2012,133.544,ppo_car_spread_a_deterministic
25.3204,-0.12975,0.0000,0.0012,0.04499,0.04501,0.39903,-0.8,1.0000,-23.9028,0.4741,-7.2018,133.537,ppo_car_spread_a_deterministic
25.3404,-0.12975,0.0000,0.0012,0.04600,0.04602,0.27134,-0.3,1.0000,-23.9021,0.4741,-7.2024,133.539,ppo_car_spread_a_deterministic
25.3604,-0.12975,0.0000,0.0012,0.04643,0.04644,0.08600,-0.3,1.0000,-23.9014,0.4741,-7.2030,133.539,ppo_car_spread_a_deterministic
25.3804,-0.12975,0.0000,0.0012,0.04977,0.04979,0.27467,-0.3,1.0000,-23.9006,0.4741,-7.2037,133.538,ppo_car_spread_a_deterministic
25.4004,-0.12937,0.0000,0.0035,0.04170,0.04171,0.39895,-0.3,1.0000,-23.9000,0.4741,-7.2042,133.534,ppo_car_spread_a_deterministic
25.4204,-0.12937,0.0000,0.0035,0.04783,0.04784,0.22940,-0.7,1.0000,-23.8993,0.4741,-7.2049,133.530,ppo_car_spread_a_deterministic
25.4404,-0.12937,0.0000,0.0035,0.04832,0.04833,0.20391,-0.7,1.0000,-23.8986,0.4741,-7.2055,133.528,ppo_car_spread_a_deterministic
25.4604,-0.12937,0.0000,0.0035,0.04587,0.04589,0.17274,-0.7,1.0000,-23.8979,0.4741,-7.2061,133.528,ppo_car_spread_a_deterministic
25.4804,-0.12950,0.0000,0.0049,0.04930,0.04932,0.28801,-0.7,1.0000,-23.8972,0.4741,-7.2068,133.530,ppo_car_spread_a_deterministic
25.5004,-0.12950,0.0000,0.0049,0.03938,0.03940,0.37559,-1.0,1.0000,-23.8966,0.4741,-7.2073,133.531,ppo_car_spread_a_deterministic
25.5204,-0.12950,0.0000,0.0049,0.04121,0.04122,0.23654,-1.0,1.0000,-23.8960,0.4741,-7.2079,133.528,ppo_car_spread_a_deterministic
25.5404,-0.12950,0.0000,0.0049,0.04320,0.04321,0.27136,-1.0,1.0000,-23.8953,0.4741,-7.2085,133.526,ppo_car_spread_a_deterministic
25.5604,-0.13016,0.0021,0.0000,0.04405,0.04407,0.16231,-1.0,1.0000,-23.8947,0.4741,-7.2090,133.526,ppo_car_spread_a_deterministic
25.5804,-0.13016,0.0021,0.0000,0.04059,0.04061,0.40800,1.1,1.0000,-23.8941,0.4741,-7.2096,133.525,ppo_car_spread_a_deterministic
25.6004,-0.13016,0.0021,0.0000,0.03832,0.03834,0.38644,1.1,1.0000,-23.8935,0.4741,-7.2101,133.523,ppo_car_spread_a_deterministic
25.6204,-0.13016,0.0021,0.0000,0.04136,0.04138,0.24548,1.1,1.0000,-23.8929,0.4741,-7.2107,133.522,ppo_car_spread_a_deterministic
25.6404,-0.13059,0.0050,0.0000,0.04407,0.04409,0.10386,1.1,1.0000,-23.8922,0.4741,-7.2112,133.523,ppo_car_spread_a_deterministic
25.6604,-0.13059,0.0050,0.0000,0.05114,0.05116,0.23251,2.6,1.0000,-23.8915,0.4741,-7.2119,133.523,ppo_car_spread_a_deterministic
25.6804,-0.13059,0.0050,0.0000,0.04530,0.04531,0.23419,2.6,1.0000,-23.8908,0.4741,-7.2125,133.522,ppo_car_spread_a_deterministic
25.7004,-0.13059,0.0050,0.0000,0.04819,0.04821,0.28934,2.6,1.0000,-23.8901,0.4741,-7.2132,133.519,ppo_car_spread_a_deterministic
25.7204,-0.12979,0.0000,0.0021,0.04738,0.04740,0.22201,2.6,1.0000,-23.8894,0.4741,-7.2138,133.515,ppo_car_spread_a_deterministic
25.7404,-0.12979,0.0000,0.0021,0.04592,0.04594,0.26521,-0.4,1.0000,-23.8887,0.4741,-7.2144,133.516,ppo_car_spread_a_deterministic
25.7604,-0.12979,0.0000,0.0021,0.04078,0.04080,0.40274,-0.4,1.0000,-23.8881,0.4741,-7.2150,133.514,ppo_car_spread_a_deterministic
25.7804,-0.12979,0.0000,0.0021,0.04775,0.04777,0.34031,-0.4,1.0000,-23.8874,0.4741,-7.2156,133.516,ppo_car_spread_a_deterministic
25.8004,-0.13025,0.0024,0.0000,0.04312,0.04315,0.33825,-0.4,1.0000,-23.8867,0.4741,-7.2162,133.516,ppo_car_spread_a_deterministic
25.8204,-0.13025,0.0024,0.0000,0.04371,0.04373,0.36887,1.3,1.0000,-23.8861,0.4741,-7.2168,133.511,ppo_car_spread_a_deterministic
25.8404,-0.13025,0.0024,0.0000,0.04983,0.04986,0.20864,1.3,1.0000,-23.8853,0.4741,-7.2174,133.511,ppo_car_spread_a_deterministic
25.8604,-0.13025,0.0024,0.0000,0.04779,0.04782,0.32557,1.3,1.0000,-23.8846,0.4741,-7.2181,133.508,ppo_car_spread_a_deterministic
25.8804,-0.12930,0.0000,0.0070,0.04620,0.04622,0.26293,1.3,1.0000,-23.8839,0.4741,-7.2187,133.505,ppo_car_spread_a_deterministic
25.9004,-0.12930,0.0000,0.0070,0.04387,0.04389,0.22760,-1.5,1.0000,-23.8833,0.4741,-7.2193,133.502,ppo_car_spread_a_deterministic
25.9204,-0.12930,0.0000,0.0070,0.04874,0.04876,0.18137,-1.5,1.0000,-23.8825,0.4741,-7.2199,133.501,ppo_car_spread_a_deterministic
25.9404,-0.12930,0.0000,0.0070,0.04814,0.04816,0.08594,-1.5,1.0000,-23.8818,0.4741,-7.2206,133.499,ppo_car_spread_a_deterministic
25.9604,-0.12948,0.0000,0.0057,0.04749,0.04751,0.19694,-1.5,1.0000,-23.8811,0.4741,-7.2212,133.501,ppo_car_spread_a_deterministic
25.9804,-0.12948,0.0000,0.0057,0.04579,0.04581,0.32644,-1.2,1.0000,-23.8804,0.4741,-7.2218,133.500,ppo_car_spread_a_deterministic
26.0004,-0.12948,0.0000,0.0057,0.04416,0.04417,0.31051,-1.2,1.0000,-23.8798,0.4741,-7.2224,133.499,ppo_car_spread_a_deterministic
26.0204,-0.12948,0.0000,0.0057,0.04754,0.04756,0.25730,-1.2,1.0000,-23.8791,0.4741,-7.2230,133.497,ppo_car_spread_a_deterministic
26.0404,-0.12979,0.0000,0.0012,0.04770,0.04772,0.27148,-1.2,1.0000,-23.8784,0.4741,-7.2237,133.493,ppo_car_spread_a_deterministic
26.0604,-0.12979,0.0000,0.0012,0.04583,0.04586,0.21604,-0.2,1.0000,-23.8777,0.4741,-7.2243,133.491,ppo_car_spread_a_deterministic
26.0804,-0.12979,0.0000,0.0012,0.04494,0.04496,0.31942,-0.2,1.0000,-23.8770,0.4741,-7.2249,133.493,ppo_car_spread_a_deterministic
26.1004,-0.12979,0.0000,0.0012,0.04050,0.04053,0.40215,-0.2,1.0000,-23.8764,0.4741,-7.2254,133.491,ppo_car_spread_a_deterministic
26.1204,-0.12954,0.0000,0.0027,0.04543,0.04545,0.15432,-0.2,1.0000,-23.8757,0.4741,-7.2260,133.488,ppo_car_spread_a_deterministic
26.1404,-0.12954,0.0000,0.0027,0.04656,0.04658,0.31201,-0.6,1.0000,-23.8750,0.4741,-7.2267,133.485,ppo_car_spread_a_deterministic
26.1604,-0.12954,0.0000,0.0027,0.04640,0.04642,0.20215,-0.6,1.0000,-23.8743,0.4741,-7.2273,133.483,ppo_car_spread_a_deterministic
26.1804,-0.12954,0.0000,0.0027,0.04774,0.04776,0.26826,-0.6,1.0000,-23.8736,0.4741,-7.2279,133.480,ppo_car_spread_a_deterministic
26.2004,-0.13000,0.0000,0.0031,0.04293,0.04295,0.22888,-0.6,1.0000,-23.8730,0.4741,-7.2285,133.482,ppo_car_spread_a_deterministic
26.2204,-0.13000,0.0000,0.0031,0.04008,0.04010,0.40031,-0.7,1.0000,-23.8724,0.4741,-7.2290,133.480,ppo_car_spread_a_deterministic
26.2404,-0.13000,0.0000,0.0031,0.04850,0.04851,0.26481,-0.7,1.0000,-23.8717,0.4741,-7.2297,133.478,ppo_car_spread_a_deterministic
26.2604,-0.13000,0.0000,0.0031,0.04456,0.04457,0.18190,-0.7,1.0000,-23.8710,0.4741,-7.2303,133.477,ppo_car_spread_a_deterministic
26.2804,-0.12988,0.0000,0.0051,0.04189,0.04191,0.35696,-0.7,1.0000,-23.8704,0.4741,-7.2308,133.472,ppo_car_spread_a_deterministic
26.3004,-0.12988,0.0000,0.0051,0.04243,0.04244,0.20368,-1.1,1.0000,-23.8698,0.4741,-7.2314,133.472,ppo_car_spread_a_deterministic
26.3204,-0.12988,0.0000,0.0051,0.04510,0.04512,0.08119,-1.1,1.0000,-23.8691,0.4741,-7.2320,133.470,ppo_car_spread_a_deterministic
26.3404,-0.12988,0.0000,0.0051,0.04203,0.04204,0.31406,-1.1,1.0000,-23.8685,0.4741,-7.2326,133.468,ppo_car_spread_a_deterministic
26.3604,-0.13020,0.0000,0.0017,0.04190,0.04191,0.17979,-1.1,1.0000,-23.8678,0.4741,-7.2331,133.467,ppo_car_spread_a_deterministic
26.3804,-0.13020,0.0000,0.0017,0.04276,0.04277,0.18341,-0.4,1.0000,-23.8672,0.4741,-7.2337,133.466,ppo_car_spread_a_deterministic
26.4004,-0.13020,0.0000,0.0017,0.04603,0.04605,0.26404,-0.4,1.0000,-23.8665,0.4741,-7.2343,133.465,ppo_car_spread_a_deterministic
26.4204,-0.13020,0.0000,0.0017,0.04301,0.04303,0.22206,-0.4,1.0000,-23.8659,0.4741,-7.2349,133.463,ppo_car_spread_a_deterministic
26.4404,-0.13004,0.0000,0.0029,0.04428,0.04430,0.24634,-0.4,1.0000,-23.8652,0.4741,-7.2355,133.461,ppo_car_spread_a_deterministic
26.4604,-0.13004,0.0000,0.0029,0.03933,0.03934,0.30887,-0.6,1.0000,-23.8646,0.4741,-7.2360,133.459,ppo_car_spread_a_deterministic
26.4804,-0.13004,0.0000,0.0029,0.03772,0.03773,0.34515,-0.6,1.0000,-23.8641,0.4741,-7.2365,133.458,ppo_car_spread_a_deterministic
26.5004,-0.13004,0.0000,0.0029,0.04382,0.04384,0.19277,-0.6,1.0000,-23.8634,0.4741,-7.2371,133.455,ppo_car_spread_a_deterministic
26.5204,-0.13084,0.0054,0.0000,0.04306,0.04308,0.35197,-0.6,1.0000,-23.8628,0.4741,-7.2377,133.456,ppo_car_spread_a_deterministic
26.5404,-0.13084,0.0054,0.0000,0.04420,0.04421,0.32680,2.8,1.0000,-23.8621,0.4741,-7.2382,133.453,ppo_car_spread_a_deterministic
26.5604,-0.13084,0.0054,0.0000,0.04093,0.04095,0.25300,2.8,1.0000,-23.8615,0.4741,-7.2388,133.453,ppo_car_spread_a_deterministic
26.5804,-0.13084,0.0054,0.0000,0.04339,0.04341,0.35956,2.8,1.0000,-23.8609,0.4741,-7.2394,133.448,ppo_car_spread_a_deterministic
26.6004,-0.13060,0.0019,0.0000,0.04164,0.04166,0.20303,2.8,1.0000,-23.8602,0.4741,-7.2399,133.447,ppo_car_spread_a_deterministic
26.6204,-0.13060,0.0019,0.0000,0.04447,0.04448,0.25764,1.0,1.0000,-23.8596,0.4741,-7.2405,133.446,ppo_car_spread_a_deterministic
26.6404,-0.13060,0.0019,0.0000,0.04717,0.04719,0.27514,1.0,1.0000,-23.8589,0.4741,-7.2412,133.449,ppo_car_spread_a_deterministic
26.6604,-0.13060,0.0019,0.0000,0.04321,0.04322,0.32910,1.0,1.0000,-23.8582,0.4741,-7.2417,133.449,ppo_car_spread_a_deterministic
26.6804,-0.12950,0.0000,0.0051,0.04632,0.04633,0.13234,1.0,1.0000,-23.8575,0.4741,-7.2424,133.447,ppo_car_spread_a_deterministic
26.7004,-0.12950,0.0000,0.0051,0.04354,0.04355,0.16616,-1.1,1.0000,-23.8569,0.4741,-7.2429,133.445,ppo_car_spread_a_deterministic
26.7204,-0.12950,0.0000,0.0051,0.04687,0.04689,0.27597,-1.1,1.0000,-23.8562,0.4741,-7.2436,133.442,ppo_car_spread_a_deterministic
26.7404,-0.12950,0.0000,0.0051,0.04421,0.04423,0.23196,-1.1,1.0000,-23.8555,0.4741,-7.2442,133.440,ppo_car_spread_a_deterministic
26.7604,-0.13038,0.0000,0.0030,0.04266,0.04268,0.25411,-1.1,1.0000,-23.8549,0.4741,-7.2447,133.438,ppo_car_spread_a_deterministic
26.7804,-0.13038,0.0000,0.0030,0.04563,0.04565,0.29223,-0.6,1.0000,-23.8542,0.4741,-7.2453,133.438,ppo_car_spread_a_deterministic
26.8004,-0.13038,0.0000,0.0030,0.04041,0.04043,0.32164,-0.6,1.0000,-23.8536,0.4741,-7.2459,133.437,ppo_car_spread_a_deterministic
26.8204,-0.13038,0.0000,0.0030,0.04648,0.04650,0.20223,-0.6,1.0000,-23.8529,0.4741,-7.2465,133.437,ppo_car_spread_a_deterministic
26.8404,-0.13066,0.0027,0.0000,0.04764,0.04766,0.25367,-0.6,1.0000,-23.8522,0.4741,-7.2471,133.434,ppo_car_spread_a_deterministic
26.8604,-0.13066,0.0027,0.0000,0.04081,0.04083,0.22683,1.4,1.0000,-23.8516,0.4741,-7.2477,133.432,ppo_car_spread_a_deterministic
26.8804,-0.13066,0.0027,0.0000,0.04294,0.04296,0.28440,1.4,1.0000,-23.8509,0.4741,-7.2482,133.431,ppo_car_spread_a_deterministic
26.9004,-0.13066,0.0027,0.0000,0.04921,0.04923,0.21495,1.4,1.0000,-23.8502,0.4741,-7.2489,133.429,ppo_car_spread_a_deterministic
26.9204,-0.13070,0.0002,0.0000,0.04901,0.04903,0.27699,1.4,1.0000,-23.8495,0.4741,-7.2496,133.429,ppo_car_spread_a_deterministic
26.9404,-0.13070,0.0002,0.0000,0.04594,0.04595,0.40805,0.1,1.0000,-23.8488,0.4741,-7.2502,133.430,ppo_car_spread_a_deterministic
26.9604,-0.13070,0.0002,0.0000,0.04223,0.04224,0.17822,0.1,1.0000,-23.8482,0.4741,-7.2507,133.431,ppo_car_spread_a_deterministic
26.9804,-0.13070,0.0002,0.0000,0.04458,0.04459,0.30074,0.1,1.0000,-23.8475,0.4741,-7.2513,133.433,ppo_car_spread_a_deterministic
27.0004,-0.13039,0.0004,0.0000,0.04396,0.04397,0.39303,0.1,1.0000,-23.8469,0.4741,-7.2519,133.433,ppo_car_spread_a_deterministic
27.0204,-0.13039,0.0004,0.0000,0.04502,0.04503,0.13412,0.2,1.0000,-23.8462,0.4741,-7.2525,133.430,ppo_car_spread_a_deterministic
27.0404,-0.13039,0.0004,0.0000,0.04751,0.04753,0.24761,0.2,1.0000,-23.8455,0.4741,-7.2531,133.431,ppo_car_spread_a_deterministic
27.0604,-0.13039,0.0004,0.0000,0.04641,0.04643,0.22608,0.2,1.0000,-23.8448,0.4741,-7.2538,133.428,ppo_car_spread_a_deterministic
27.0804,-0.12992,0.0000,0.0048,0.04374,0.04376,0.17640,0.2,1.0000,-23.8441,0.4741,-7.2543,133.426,ppo_car_spread_a_deterministic
27.1004,-0.12992,0.0000,0.0048,0.04612,0.04614,0.18050,-1.0,1.0000,-23.8434,0.4741,-7.2550,133.425,ppo_car_spread_a_deterministic
27.1204,-0.12992,0.0000,0.0048,0.03934,0.03935,0.32474,-1.0,1.0000,-23.8429,0.4741,-7.2555,133.422,ppo_car_spread_a_deterministic
27.1404,-0.12992,0.0000,0.0048,0.04525,0.04527,0.35857,-1.0,1.0000,-23.8422,0.4741,-7.2561,133.420,ppo_car_spread_a_deterministic
27.1604,-0.13120,0.0042,0.0000,0.04447,0.04449,0.14947,-1.0,1.0000,-23.8415,0.4741,-7.2567,133.419,ppo_car_spread_a_deterministic
27.1804,-0.13120,0.0042,0.0000,0.04561,0.04564,0.29583,2.2,1.0000,-23.8408,0.4741,-7.2573,133.417,ppo_car_spread_a_deterministic
27.2004,-0.13120,0.0042,0.0000,0.04120,0.04121,0.35427,2.2,1.0000,-23.8402,0.4741,-7.2578,133.415,ppo_car_spread_a_deterministic
27.2204,-0.13120,0.0042,0.0000,0.04114,0.04116,0.34994,2.2,1.0000,-23.8396,0.4741,-7.2584,133.414,ppo_car_spread_a_deterministic
27.2404,-0.13115,0.0023,0.0000,0.04552,0.04554,0.26559,2.2,1.0000,-23.8389,0.4741,-7.2590,133.411,ppo_car_spread_a_deterministic
27.2604,-0.13115,0.0023,0.0000,0.04476,0.04478,0.37639,1.2,1.0000,-23.8383,0.4741,-7.2596,133.410,ppo_car_spread_a_deterministic
27.2804,-0.13115,0.0023,0.0000,0.04604,0.04606,0.29304,1.2,1.0000,-23.8376,0.4741,-7.2602,133.406,ppo_car_spread_a_deterministic
27.3004,-0.13115,0.0023,0.0000,0.04642,0.04644,0.19628,1.2,1.0000,-23.8369,0.4741,-7.2608,133.404,ppo_car_spread_a_deterministic
27.3204,-0.13103,0.0000,0.0020,0.04486,0.04488,0.32895,1.2,1.0000,-23.8362,0.4741,-7.2614,133.407,ppo_car_spread_a_deterministic
27.3404,-0.13103,0.0000,0.0020,0.04505,0.04507,0.22444,-0.4,1.0000,-23.8355,0.4741,-7.2620,133.406,ppo_car_spread_a_deterministic
27.3604,-0.13103,0.0000,0.0020,0.04479,0.04481,0.17893,-0.4,1.0000,-23.8349,0.4741,-7.2626,133.404,ppo_car_spread_a_deterministic
27.3804,-0.13103,0.0000,0.0020,0.04743,0.04745,0.29805,-0.4,1.0000,-23.8342,0.4741,-7.2632,133.406,ppo_car_spread_a_deterministic
27.4004,-0.13079,0.0000,0.0014,0.04978,0.04980,0.20261,-0.4,1.0000,-23.8334,0.4741,-7.2639,133.404,ppo_car_spread_a_deterministic
27.4204,-0.13079,0.0000,0.0014,0.05010,0.05012,0.22609,-0.3,1.0000,-23.8327,0.4741,-7.2646,133.401,ppo_car_spread_a_deterministic
27.4404,-0.13079,0.0000,0.0014,0.04863,0.04865,0.26492,-0.3,1.0000,-23.8319,0.4741,-7.2652,133.401,ppo_car_spread_a_deterministic
27.4604,-0.13079,0.0000,0.0014,0.04752,0.04753,0.28612,-0.3,1.0000,-23.8312,0.4741,-7.2659,133.396,ppo_car_spread_a_deterministic
27.4804,-0.13007,0.0000,0.0056,0.04905,0.04906,0.16462,-0.3,1.0000,-23.8305,0.4741,-7.2665,133.395,ppo_car_spread_a_deterministic
27.5004,-0.13007,0.0000,0.0056,0.04609,0.04611,0.28210,-1.2,1.0000,-23.8298,0.4741,-7.2671,133.396,ppo_car_spread_a_deterministic
27.5204,-0.13007,0.0000,0.0056,0.04298,0.04299,0.22509,-1.2,1.0000,-23.8292,0.4741,-7.2677,133.393,ppo_car_spread_a_deterministic
27.5404,-0.13007,0.0000,0.0056,0.04847,0.04848,0.22335,-1.2,1.0000,-23.8284,0.4741,-7.2683,133.393,ppo_car_spread_a_deterministic
27.5604,-0.13098,0.0005,0.0000,0.04318,0.04321,0.28553,-1.2,1.0000,-23.8278,0.4741,-7.2689,133.394,ppo_car_spread_a_deterministic
27.5804,-0.13098,0.0005,0.0000,0.04263,0.04264,0.34356,0.3,1.0000,-23.8272,0.4741,-7.2695,133.388,ppo_car_spread_a_deterministic
27.6004,-0.13098,0.0005,0.0000,0.04467,0.04469,0.20586,0.3,1.0000,-23.8265,0.4741,-7.2701,133.389,ppo_car_spread_a_deterministic
27.6204,-0.13098,0.0005,0.0000,0.03791,0.03792,0.39763,0.3,1.0000,-23.8259,0.4741,-7.2706,133.390,ppo_car_spread_a_deterministic
27.6404,-0.13061,0.0000,0.0019,0.04275,0.04277,0.37393,0.3,1.0000,-23.8253,0.4741,-7.2711,133.386,ppo_car_spread_a_deterministic
27.6604,-0.13061,0.0000,0.0019,0.04286,0.04288,0.32999,-0.4,1.0000,-23.8247,0.4741,-7.2717,133.388,ppo_car_spread_a_deterministic
27.6804,-0.13061,0.0000,0.0019,0.05273,0.05275,0.28891,-0.4,1.0000,-23.8239,0.4741,-7.2724,133.389,ppo_car_spread_a_deterministic
27.7004,-0.13061,0.0000,0.0019,0.03904,0.03905,0.36786,-0.4,1.0000,-23.8233,0.4741,-7.2729,133.388,ppo_car_spread_a_deterministic
27.7204,-0.12975,0.0000,0.0100,0.04571,0.04573,0.27269,-0.4,1.0000,-23.8226,0.4741,-7.2736,133.383,ppo_car_spread_a_deterministic
27.7404,-0.12975,0.0000,0.0100,0.04530,0.04532,0.17524,-2.1,1.0000,-23.8219,0.4741,-7.2742,133.381,ppo_car_spread_a_deterministic
27.7604,-0.12975,0.0000,0.0100,0.04180,0.04182,0.40104,-2.1,1.0000,-23.8213,0.4741,-7.2747,133.376,ppo_car_spread_a_deterministic
27.7805,-0.12975,0.0000,0.0100,0.04011,0.04013,0.38015,-2.1,1.0000,-23.8207,0.4741,-7.2752,133.372,ppo_car_spread_a_deterministic
27.8005,-0.13140,0.0021,0.0000,0.04230,0.04232,0.17063,-2.1,1.0000,-23.8201,0.4741,-7.2758,133.371,ppo_car_spread_a_deterministic
27.8205,-0.13140,0.0021,0.0000,0.04797,0.04799,0.27822,1.1,1.0000,-23.8194,0.4741,-7.2764,133.371,ppo_car_spread_a_deterministic
27.8405,-0.13140,0.0021,0.0000,0.04300,0.04302,0.21466,1.1,1.0000,-23.8187,0.4741,-7.2770,133.371,ppo_car_spread_a_deterministic
27.8605,-0.13140,0.0021,0.0000,0.04308,0.04310,0.16720,1.1,1.0000,-23.8181,0.4741,-7.2776,133.370,ppo_car_spread_a_deterministic
27.8805,-0.13101,0.0000,0.0001,0.04430,0.04432,0.18788,1.1,1.0000,-23.8174,0.4741,-7.2782,133.371,ppo_car_spread_a_deterministic
27.9005,-0.13101,0.0000,0.0001,0.04538,0.04540,0.28918,0.0,1.0000,-23.8167,0.4741,-7.2788,133.371,ppo_car_spread_a_deterministic
27.9205,-0.13101,0.0000,0.0001,0.04452,0.04454,0.17952,0.0,1.0000,-23.8161,0.4741,-7.2794,133.369,ppo_car_spread_a_deterministic
27.9405,-0.13101,0.0000,0.0001,0.04140,0.04142,0.37110,0.0,1.0000,-23.8155,0.4741,-7.2799,133.368,ppo_car_spread_a_deterministic
27.9605,-0.13116,0.0000,0.0008,0.04365,0.04368,0.40666,0.0,1.0000,-23.8148,0.4741,-7.2805,133.370,ppo_car_spread_a_deterministic
27.9805,-0.13116,0.0000,0.0008,0.04980,0.04982,0.24116,-0.2,1.0000,-23.8140,0.4741,-7.2812,133.368,ppo_car_spread_a_deterministic
28.0005,-0.13116,0.0000,0.0008,0.04696,0.04698,0.07825,-0.2,1.0000,-23.8133,0.4741,-7.2818,133.367,ppo_car_spread_a_deterministic
28.0205,-0.13116,0.0000,0.0008,0.04348,0.04350,0.27256,-0.2,1.0000,-23.8127,0.4741,-7.2824,133.369,ppo_car_spread_a_deterministic
28.0405,-0.13083,0.0000,0.0035,0.04321,0.04323,0.36445,-0.2,1.0000,-23.8121,0.4741,-7.2830,133.374,ppo_car_spread_a_deterministic
28.0605,-0.13083,0.0000,0.0035,0.03752,0.03753,0.40045,-0.7,1.0000,-23.8115,0.4741,-7.2835,133.374,ppo_car_spread_a_deterministic
28.0805,-0.13083,0.0000,0.0035,0.04526,0.04528,0.28001,-0.7,1.0000,-23.8108,0.4741,-7.2841,133.373,ppo_car_spread_a_deterministic
28.1005,-0.13083,0.0000,0.0035,0.04148,0.04150,0.17883,-0.7,1.0000,-23.8102,0.4741,-7.2846,133.373,ppo_car_spread_a_deterministic
28.1205,-0.13096,0.0000,0.0020,0.03843,0.03845,0.36875,-0.7,1.0000,-23.8096,0.4741,-7.2851,133.371,ppo_car_spread_a_deterministic
28.1405,-0.13096,0.0000,0.0020,0.04113,0.04114,0.17602,-0.4,1.0000,-23.8090,0.4741,-7.2857,133.369,ppo_car_spread_a_deterministic
28.1605,-0.13096,0.0000,0.0020,0.04650,0.04652,0.08724,-0.4,1.0000,-23.8083,0.4741,-7.2863,133.368,ppo_car_spread_a_deterministic
28.1805,-0.13096,0.0000,0.0020,0.04712,0.04714,0.27128,-0.4,1.0000,-23.8076,0.4741,-7.2869,133.365,ppo_car_spread_a_deterministic
28.2005,-0.13094,0.0000,0.0030,0.04559,0.04561,0.27038,-0.4,1.0000,-23.8069,0.4741,-7.2875,133.367,ppo_car_spread_a_deterministic
28.2205,-0.13094,0.0000,0.0030,0.04471,0.04473,0.20314,-0.6,1.0000,-23.8063,0.4741,-7.2881,133.368,ppo_car_spread_a_deterministic
28.2405,-0.13094,0.0000,0.0030,0.04339,0.04341,0.22380,-0.6,1.0000,-23.8056,0.4741,-7.2887,133.367,ppo_car_spread_a_deterministic
28.2605,-0.13094,0.0000,0.0030,0.04907,0.04909,0.27277,-0.6,1.0000,-23.8049,0.4741,-7.2894,133.368,ppo_car_spread_a_deterministic
28.2805,-0.13104,0.0000,0.0003,0.04139,0.04141,0.19004,-0.6,1.0000,-23.8043,0.4741,-7.2899,133.368,ppo_car_spread_a_deterministic
28.3005,-0.13104,0.0000,0.0003,0.04414,0.04415,0.22903,-0.1,1.0000,-23.8036,0.4741,-7.2905,133.367,ppo_car_spread_a_deterministic
28.3205,-0.13104,0.0000,0.0003,0.04319,0.04321,0.31730,-0.1,1.0000,-23.8030,0.4741,-7.2911,133.365,ppo_car_spread_a_deterministic
28.3405,-0.13104,0.0000,0.0003,0.04257,0.04258,0.17774,-0.1,1.0000,-23.8023,0.4741,-7.2916,133.362,ppo_car_spread_a_deterministic
28.3605,-0.13142,0.0004,0.0000,0.04291,0.04293,0.11063,-0.1,1.0000,-23.8017,0.4741,-7.2922,133.362,ppo_car_spread_a_deterministic
28.3805,-0.13142,0.0004,0.0000,0.04222,0.04223,0.14043,0.2,1.0000,-23.8011,0.4741,-7.2928,133.359,ppo_car_spread_a_deterministic
28.4005,-0.13142,0.0004,0.0000,0.04253,0.04255,0.15817,0.2,1.0000,-23.8004,0.4741,-7.2933,133.357,ppo_car_spread_a_deterministic
28.4205,-0.13142,0.0004,0.0000,0.04641,0.04643,0.26478,0.2,1.0000,-23.7997,0.4741,-7.2939,133.355,ppo_car_spread_a_deterministic
28.4405,-0.13146,0.0010,0.0000,0.04478,0.04479,0.21189,0.2,1.0000,-23.7991,0.4741,-7.2945,133.352,ppo_car_spread_a_deterministic
28.4605,-0.13146,0.0010,0.0000,0.04001,0.04003,0.31163,0.5,1.0000,-23.7985,0.4741,-7.2951,133.352,ppo_car_spread_a_deterministic
28.4805,-0.13146,0.0010,0.0000,0.04532,0.04534,0.22158,0.5,1.0000,-23.7978,0.4741,-7.2957,133.350,ppo_car_spread_a_deterministic
28.5005,-0.13146,0.0010,0.0000,0.04883,0.04885,0.28513,0.5,1.0000,-23.7971,0.4741,-7.2963,133.349,ppo_car_spread_a_deterministic
28.5205,-0.13133,0.0000,0.0014,0.04047,0.04048,0.39867,0.5,1.0000,-23.7965,0.4741,-7.2969,133.349,ppo_car_spread_a_deterministic
28.5405,-0.13133,0.0000,0.0014,0.03558,0.03559,0.40414,-0.3,1.0000,-23.7959,0.4741,-7.2973,133.349,ppo_car_spread_a_deterministic
28.5605,-0.13133,0.0000,0.0014,0.04398,0.04400,0.23427,-0.3,1.0000,-23.7953,0.4741,-7.2979,133.349,ppo_car_spread_a_deterministic
28.5805,-0.13133,0.0000,0.0014,0.04370,0.04372,0.25680,-0.3,1.0000,-23.7946,0.4741,-7.2985,133.350,ppo_car_spread_a_deterministic
28.6005,-0.13088,0.0000,0.0011,0.03712,0.03714,0.23735,-0.3,1.0000,-23.7941,0.4741,-7.2990,133.348,ppo_car_spread_a_deterministic
28.6205,-0.13088,0.0000,0.0011,0.03985,0.03987,0.36334,-0.2,1.0000,-23.7935,0.4741,-7.2995,133.346,ppo_car_spread_a_deterministic
28.6405,-0.13088,0.0000,0.0011,0.04250,0.04252,0.24521,-0.2,1.0000,-23.7928,0.4741,-7.3001,133.346,ppo_car_spread_a_deterministic
28.6605,-0.13088,0.0000,0.0011,0.03912,0.03914,0.24687,-0.2,1.0000,-23.7923,0.4741,-7.3006,133.347,ppo_car_spread_a_deterministic
28.6805,-0.13105,0.0004,0.0000,0.04596,0.04598,0.26567,-0.2,1.0000,-23.7916,0.4741,-7.3012,133.347,ppo_car_spread_a_deterministic
28.7005,-0.13105,0.0004,0.0000,0.04250,0.04252,0.17758,0.2,1.0000,-23.7909,0.4741,-7.3018,133.348,ppo_car_spread_a_deterministic
28.7205,-0.13105,0.0004,0.0000,0.03925,0.03927,0.26494,0.2,1.0000,-23.7903,0.4741,-7.3023,133.346,ppo_car_spread_a_deterministic
28.7405,-0.13105,0.0004,0.0000,0.04282,0.04284,0.28663,0.2,1.0000,-23.7897,0.4741,-7.3029,133.342,ppo_car_spread_a_deterministic
28.7605,-0.13166,0.0040,0.0000,0.04152,0.04154,0.39267,0.2,1.0000,-23.7891,0.4741,-7.3035,133.340,ppo_car_spread_a_deterministic
28.7805,-0.13166,0.0040,0.0000,0.04053,0.04055,0.36702,2.1,1.0000,-23.7885,0.4741,-7.3040,133.337,ppo_car_spread_a_deterministic
28.8005,-0.13166,0.0040,0.0000,0.03904,0.03905,0.32837,2.1,1.0000,-23.7879,0.4741,-7.3045,133.335,ppo_car_spread_a_deterministic
28.8205,-0.13166,0.0040,0.0000,0.04423,0.04424,0.18581,2.1,1.0000,-23.7872,0.4741,-7.3051,133.336,ppo_car_spread_a_deterministic
28.8405,-0.13184,0.0043,0.0000,0.04631,0.04632,0.22380,2.1,1.0000,-23.7865,0.4741,-7.3057,133.335,ppo_car_spread_a_deterministic
28.8605,-0.13184,0.0043,0.0000,0.04487,0.04489,0.28062,2.3,1.0000,-23.7859,0.4741,-7.3063,133.335,ppo_car_spread_a_deterministic
28.8805,-0.13184,0.0043,0.0000,0.04080,0.04082,0.35402,2.3,1.0000,-23.7853,0.4741,-7.3069,133.332,ppo_car_spread_a_deterministic
28.9005,-0.13184,0.0043,0.0000,0.04668,0.04670,0.28573,2.3,1.0000,-23.7846,0.4741,-7.3075,133.328,ppo_car_spread_a_deterministic
28.9205,-0.13205,0.0030,0.0000,0.05071,0.05073,0.21182,2.3,1.0000,-23.7838,0.4741,-7.3082,133.324,ppo_car_spread_a_deterministic
28.9405,-0.13205,0.0030,0.0000,0.04978,0.04980,0.27029,1.6,1.0000,-23.7831,0.4741,-7.3088,133.321,ppo_car_spread_a_deterministic
28.9605,-0.13205,0.0030,0.0000,0.05037,0.05039,0.27481,1.6,1.0000,-23.7823,0.4741,-7.3095,133.321,ppo_car_spread_a_deterministic
28.9805,-0.13205,0.0030,0.0000,0.05027,0.05028,0.27810,1.6,1.0000,-23.7815,0.4741,-7.3102,133.321,ppo_car_spread_a_deterministic
29.0005,-0.13076,0.0000,0.0072,0.04187,0.04189,0.32604,1.6,1.0000,-23.7809,0.4741,-7.3107,133.318,ppo_car_spread_a_deterministic
29.0205,-0.13076,0.0000,0.0072,0.05171,0.05173,0.21165,-1.5,1.0000,-23.7802,0.4741,-7.3114,133.316,ppo_car_spread_a_deterministic
29.0405,-0.13076,0.0000,0.0072,0.04140,0.04142,0.38849,-1.5,1.0000,-23.7795,0.4741,-7.3120,133.314,ppo_car_spread_a_deterministic
29.0605,-0.13076,0.0000,0.0072,0.04277,0.04279,0.37866,-1.5,1.0000,-23.7789,0.4741,-7.3125,133.314,ppo_car_spread_a_deterministic
29.0805,-0.13168,0.0020,0.0000,0.04719,0.04721,0.08181,-1.5,1.0000,-23.7782,0.4741,-7.3132,133.312,ppo_car_spread_a_deterministic
29.1005,-0.13168,0.0020,0.0000,0.04500,0.04502,0.39778,1.1,1.0000,-23.7775,0.4741,-7.3138,133.309,ppo_car_spread_a_deterministic
29.1205,-0.13168,0.0020,0.0000,0.04709,0.04711,0.27912,1.1,1.0000,-23.7768,0.4741,-7.3144,133.307,ppo_car_spread_a_deterministic
29.1405,-0.13168,0.0020,0.0000,0.04744,0.04746,0.19525,1.1,1.0000,-23.7761,0.4741,-7.3150,133.309,ppo_car_spread_a_deterministic
29.1605,-0.13128,0.0000,0.0034,0.04745,0.04747,0.16372,1.1,1.0000,-23.7754,0.4741,-7.3157,133.310,ppo_car_spread_a_deterministic
29.1805,-0.13128,0.0000,0.0034,0.04577,0.04578,0.24193,-0.7,1.0000,-23.7747,0.4741,-7.3163,133.311,ppo_car_spread_a_deterministic
29.2005,-0.13128,0.0000,0.0034,0.05101,0.05104,0.26821,-0.7,1.0000,-23.7740,0.4741,-7.3169,133.309,ppo_car_spread_a_deterministic
29.2205,-0.13128,0.0000,0.0034,0.04617,0.04619,0.22262,-0.7,1.0000,-23.7733,0.4741,-7.3176,133.308,ppo_car_spread_a_deterministic
29.2405,-0.13118,0.0000,0.0072,0.04686,0.04688,0.26890,-0.7,1.0000,-23.7726,0.4741,-7.3182,133.307,ppo_car_spread_a_deterministic
29.2605,-0.13118,0.0000,0.0072,0.04726,0.04728,0.17146,-1.5,1.0000,-23.7719,0.4741,-7.3188,133.305,ppo_car_spread_a_deterministic
29.2805,-0.13118,0.0000,0.0072,0.04562,0.04564,0.19855,-1.5,1.0000,-23.7712,0.4741,-7.3194,133.305,ppo_car_spread_a_deterministic
29.3005,-0.13118,0.0000,0.0072,0.04477,0.04480,0.39499,-1.5,1.0000,-23.7705,0.4741,-7.3200,133.307,ppo_car_spread_a_deterministic
29.3205,-0.13113,0.0000,0.0027,0.04589,0.04591,0.35918,-1.5,1.0000,-23.7698,0.4741,-7.3206,133.303,ppo_car_spread_a_deterministic
29.3405,-0.13113,0.0000,0.0027,0.04641,0.04642,0.30552,-0.6,1.0000,-23.7691,0.4741,-7.3212,133.298,ppo_car_spread_a_deterministic
29.3605,-0.13113,0.0000,0.0027,0.04271,0.04274,0.38309,-0.6,1.0000,-23.7685,0.4741,-7.3218,133.295,ppo_car_spread_a_deterministic
29.3805,-0.13113,0.0000,0.0027,0.04378,0.04379,0.21494,-0.6,1.0000,-23.7678,0.4741,-7.3224,133.294,ppo_car_spread_a_deterministic
29.4005,-0.13210,0.0011,0.0000,0.04341,0.04343,0.26963,-0.6,1.0000,-23.7672,0.4741,-7.3229,133.291,ppo_car_spread_a_deterministic
29.4205,-0.13210,0.0011,0.0000,0.04071,0.04073,0.40565,0.6,1.0000,-23.7666,0.4741,-7.3235,133.292,ppo_car_spread_a_deterministic
29.4405,-0.13210,0.0011,0.0000,0.04364,0.04366,0.27458,0.6,1.0000,-23.7659,0.4741,-7.3241,133.291,ppo_car_spread_a_deterministic
29.4605,-0.13210,0.0011,0.0000,0.05220,0.05222,0.27690,0.6,1.0000,-23.7652,0.4741,-7.3248,133.289,ppo_car_spread_a_deterministic
29.4805,-0.13181,0.0000,0.0001,0.04862,0.04864,0.25525,0.6,1.0000,-23.7644,0.4741,-7.3254,133.289,ppo_car_spread_a_deterministic
29.5005,-0.13181,0.0000,0.0001,0.04241,0.04243,0.30199,0.0,1.0000,-23.7638,0.4741,-7.3260,133.287,ppo_car_spread_a_deterministic
29.5205,-0.13181,0.0000,0.0001,0.04709,0.04711,0.40958,0.0,1.0000,-23.7631,0.4741,-7.3266,133.283,ppo_car_spread_a_deterministic
29.5405,-0.13181,0.0000,0.0001,0.04925,0.04927,0.26970,0.0,1.0000,-23.7623,0.4741,-7.3273,133.284,ppo_car_spread_a_deterministic
29.5605,-0.13197,0.0000,0.0026,0.04337,0.04339,0.18328,0.0,1.0000,-23.7617,0.4741,-7.3278,133.282,ppo_car_spread_a_deterministic
29.5805,-0.13197,0.0000,0.0026,0.03884,0.03886,0.40774,-0.6,1.0000,-23.7611,0.4741,-7.3283,133.279,ppo_car_spread_a_deterministic
29.6005,-0.13197,0.0000,0.0026,0.04634,0.04636,0.32286,-0.6,1.0000,-23.7604,0.4741,-7.3290,133.276,ppo_car_spread_a_deterministic
29.6205,-0.13197,0.0000,0.0026,0.04015,0.04016,0.38408,-0.6,1.0000,-23.7598,0.4741,-7.3295,133.276,ppo_car_spread_a_deterministic
29.6405,-0.13204,0.0000,0.0021,0.04793,0.04794,0.30226,-0.6,1.0000,-23.7591,0.4741,-7.3301,133.274,ppo_car_spread_a_deterministic
29.6605,-0.13204,0.0000,0.0021,0.04116,0.04117,0.21210,-0.4,1.0000,-23.7585,0.4741,-7.3307,133.271,ppo_car_spread_a_deterministic
29.6805,-0.13204,0.0000,0.0021,0.04885,0.04887,0.28133,-0.4,1.0000,-23.7578,0.4741,-7.3313,133.272,ppo_car_spread_a_deterministic
29.7005,-0.13204,0.0000,0.0021,0.04593,0.04595,0.13218,-0.4,1.0000,-23.7571,0.4741,-7.3319,133.271,ppo_car_spread_a_deterministic
29.7205,-0.13114,0.0000,0.0058,0.04720,0.04722,0.28089,-0.4,1.0000,-23.7564,0.4741,-7.3326,133.270,ppo_car_spread_a_deterministic
29.7405,-0.13114,0.0000,0.0058,0.04807,0.04809,0.27109,-1.2,1.0000,-23.7557,0.4741,-7.3332,133.272,ppo_car_spread_a_deterministic
29.7605,-0.13114,0.0000,0.0058,0.04060,0.04062,0.33141,-1.2,1.0000,-23.7550,0.4741,-7.3338,133.270,ppo_car_spread_a_deterministic
29.7805,-0.13114,0.0000,0.0058,0.04281,0.04284,0.19812,-1.2,1.0000,-23.7544,0.4741,-7.3343,133.269,ppo_car_spread_a_deterministic
29.8005,-0.13223,0.0030,0.0000,0.04094,0.04096,0.40644,-1.2,1.0000,-23.7538,0.4741,-7.3349,133.265,ppo_car_spread_a_deterministic
29.8205,-0.13223,0.0030,0.0000,0.05258,0.05260,0.29155,1.6,1.0000,-23.7530,0.4741,-7.3356,133.263,ppo_car_spread_a_deterministic
29.8405,-0.13223,0.0030,0.0000,0.04955,0.04957,0.23064,1.6,1.0000,-23.7523,0.4741,-7.3362,133.261,ppo_car_spread_a_deterministic
29.8605,-0.13223,0.0030,0.0000,0.04674,0.04676,0.22659,1.6,1.0000,-23.7516,0.4741,-7.3368,133.259,ppo_car_spread_a_deterministic
29.8805,-0.13166,0.0000,0.0055,0.03928,0.03929,0.41194,1.6,1.0000,-23.7510,0.4741,-7.3374,133.260,ppo_car_spread_a_deterministic
29.9005,-0.13166,0.0000,0.0055,0.03794,0.03796,0.36545,-1.2,1.0000,-23.7504,0.4741,-7.3379,133.260,ppo_car_spread_a_deterministic
29.9205,-0.13166,0.0000,0.0055,0.04621,0.04624,0.19048,-1.2,1.0000,-23.7497,0.4741,-7.3385,133.258,ppo_car_spread_a_deterministic
29.9405,-0.13166,0.0000,0.0055,0.04582,0.04584,0.16598,-1.2,1.0000,-23.7490,0.4741,-7.3391,133.258,ppo_car_spread_a_deterministic
29.9605,-0.13186,0.0000,0.0026,0.04658,0.04661,0.22302,-1.2,1.0000,-23.7483,0.4741,-7.3397,133.255,ppo_car_spread_a_deterministic
29.9805,-0.13186,0.0000,0.0026,0.04895,0.04897,0.25709,-0.5,1.0000,-23.7476,0.4741,-7.3404,133.252,ppo_car_spread_a_deterministic
30.0005,-0.13186,0.0000,0.0026,0.03963,0.03965,0.40717,-0.5,1.0000,-23.7470,0.4741,-7.3409,133.249,ppo_car_spread_a_deterministic
30.0205,-0.13186,0.0000,0.0026,0.04329,0.04331,0.34460,-0.5,1.0000,-23.7464,0.4741,-7.3415,133.245,ppo_car_spread_a_deterministic
30.0405,-0.13276,0.0042,0.0000,0.04366,0.04368,0.12817,-0.5,1.0000,-23.7457,0.4741,-7.3420,133.243,ppo_car_spread_a_deterministic
30.0605,-0.13276,0.0042,0.0000,0.04138,0.04140,0.17988,2.2,1.0000,-23.7451,0.4741,-7.3426,133.242,ppo_car_spread_a_deterministic
30.0805,-0.13276,0.0042,0.0000,0.03942,0.03944,0.40408,2.2,1.0000,-23.7445,0.4741,-7.3431,133.243,ppo_car_spread_a_deterministic
30.1005,-0.13276,0.0042,0.0000,0.03709,0.03710,0.40559,2.2,1.0000,-23.7440,0.4741,-7.3436,133.242,ppo_car_spread_a_deterministic
30.1205,-0.13213,0.0034,0.0000,0.04657,0.04658,0.21762,2.2,1.0000,-23.7433,0.4741,-7.3442,133.238,ppo_car_spread_a_deterministic
30.1405,-0.13213,0.0034,0.0000,0.04650,0.04651,0.10901,1.8,1.0000,-23.7426,0.4741,-7.3448,133.237,ppo_car_spread_a_deterministic
30.1605,-0.13213,0.0034,0.0000,0.04351,0.04352,0.38336,1.8,1.0000,-23.7419,0.4741,-7.3454,133.238,ppo_car_spread_a_deterministic
30.1805,-0.13213,0.0034,0.0000,0.04424,0.04426,0.20412,1.8,1.0000,-23.7412,0.4741,-7.3460,133.236,ppo_car_spread_a_deterministic
30.2005,-0.13168,0.0000,0.0005,0.04170,0.04171,0.32632,1.8,1.0000,-23.7406,0.4741,-7.3466,133.233,ppo_car_spread_a_deterministic
30.2205,-0.13168,0.0000,0.0005,0.04738,0.04739,0.26597,-0.1,1.0000,-23.7399,0.4741,-7.3472,133.231,ppo_car_spread_a_deterministic
30.2405,-0.13168,0.0000,0.0005,0.05273,0.05275,0.27686,-0.1,1.0000,-23.7391,0.4741,-7.3479,133.232,ppo_car_spread_a_deterministic
30.2605,-0.13168,0.0000,0.0005,0.04742,0.04744,0.28622,-0.1,1.0000,-23.7384,0.4741,-7.3485,133.232,ppo_car_spread_a_deterministic
30.2805,-0.13082,0.0000,0.0099,0.04884,0.04886,0.23390,-0.1,1.0000,-23.7377,0.4741,-7.3492,133.228,ppo_car_spread_a_deterministic
30.3005,-0.13082,0.0000,0.0099,0.04982,0.04984,0.23713,-2.1,1.0000,-23.7369,0.4741,-7.3498,133.229,ppo_car_spread_a_deterministic
30.3205,-0.13082,0.0000,0.0099,0.04982,0.04984,0.21113,-2.1,1.0000,-23.7362,0.4741,-7.3505,133.229,ppo_car_spread_a_deterministic
30.3405,-0.13082,0.0000,0.0099,0.04702,0.04704,0.27734,-2.1,1.0000,-23.7355,0.4741,-7.3511,133.228,ppo_car_spread_a_deterministic
30.3605,-0.13122,0.0000,0.0068,0.04684,0.04686,0.38463,-2.1,1.0000,-23.7348,0.4741,-7.3518,133.229,ppo_car_spread_a_deterministic
30.3805,-0.13122,0.0000,0.0068,0.04370,0.04372,0.25392,-1.4,1.0000,-23.7341,0.4741,-7.3523,133.229,ppo_car_spread_a_deterministic
30.4005,-0.13122,0.0000,0.0068,0.04350,0.04351,0.36836,-1.4,1.0000,-23.7335,0.4741,-7.3529,133.231,ppo_car_spread_a_deterministic
30.4205,-0.13122,0.0000,0.0068,0.04607,0.04609,0.20948,-1.4,1.0000,-23.7328,0.4741,-7.3535,133.229,ppo_car_spread_a_deterministic
30.4405,-0.13152,0.0000,0.0010,0.04231,0.04233,0.36461,-1.4,1.0000,-23.7322,0.4741,-7.3541,133.233,ppo_car_spread_a_deterministic
30.4605,-0.13152,0.0000,0.0010,0.04238,0.04240,0.38119,-0.2,1.0000,-23.7315,0.4741,-7.3546,133.231,ppo_car_spread_a_deterministic
30.4805,-0.13152,0.0000,0.0010,0.04355,0.04357,0.25226,-0.2,1.0000,-23.7309,0.4741,-7.3552,133.229,ppo_car_spread_a_deterministic
30.5005,-0.13152,0.0000,0.0010,0.04582,0.04584,0.16907,-0.2,1.0000,-23.7302,0.4741,-7.3558,133.227,ppo_car_spread_a_deterministic
30.5205,-0.13231,0.0002,0.0000,0.04560,0.04562,0.21685,-0.2,1.0000,-23.7295,0.4741,-7.3564,133.224,ppo_car_spread_a_deterministic
30.5405,-0.13231,0.0002,0.0000,0.04240,0.04242,0.40394,0.1,1.0000,-23.7289,0.4741,-7.3570,133.223,ppo_car_spread_a_deterministic
30.5605,-0.13231,0.0002,0.0000,0.04184,0.04187,0.16836,0.1,1.0000,-23.7282,0.4741,-7.3575,133.222,ppo_car_spread_a_deterministic
30.5805,-0.13231,0.0002,0.0000,0.04823,0.04825,0.28915,0.1,1.0000,-23.7275,0.4741,-7.3582,133.225,ppo_car_spread_a_deterministic
30.6005,-0.13244,0.0016,0.0000,0.03690,0.03691,0.31234,0.1,1.0000,-23.7270,0.4741,-7.3587,133.223,ppo_car_spread_a_deterministic
30.6205,-0.13244,0.0016,0.0000,0.04720,0.04722,0.22535,0.8,1.0000,-23.7263,0.4741,-7.3593,133.220,ppo_car_spread_a_deterministic
30.6405,-0.13244,0.0016,0.0000,0.04485,0.04486,0.12246,0.8,1.0000,-23.7256,0.4741,-7.3599,133.218,ppo_car_spread_a_deterministic
30.6605,-0.13244,0.0016,0.0000,0.04509,0.04511,0.31040,0.8,1.0000,-23.7249,0.4741,-7.3605,133.212,ppo_car_spread_a_deterministic
30.6805,-0.13226,0.0000,0.0012,0.04348,0.04351,0.37073,0.8,1.0000,-23.7243,0.4741,-7.3611,133.210,ppo_car_spread_a_deterministic
30.7005,-0.13226,0.0000,0.0012,0.04059,0.04060,0.28408,-0.2,1.0000,-23.7237,0.4741,-7.3616,133.208,ppo_car_spread_a_deterministic
30.7205,-0.13226,0.0000,0.0012,0.04890,0.04892,0.25837,-0.2,1.0000,-23.7229,0.4741,-7.3623,133.205,ppo_car_spread_a_deterministic
30.7405,-0.13226,0.0000,0.0012,0.04562,0.04564,0.14090,-0.2,1.0000,-23.7222,0.4741,-7.3629,133.204,ppo_car_spread_a_deterministic
30.7605,-0.13216,0.0000,0.0049,0.04235,0.04236,0.31141,-0.2,1.0000,-23.7216,0.4741,-7.3634,133.201,ppo_car_spread_a_deterministic
30.7805,-0.13216,0.0000,0.0049,0.03846,0.03848,0.40700,-1.0,1.0000,-23.7210,0.4741,-7.3639,133.200,ppo_car_spread_a_deterministic
30.8005,-0.13216,0.0000,0.0049,0.03862,0.03864,0.37801,-1.0,1.0000,-23.7205,0.4741,-7.3644,133.201,ppo_car_spread_a_deterministic
30.8205,-0.13216,0.0000,0.0049,0.04104,0.04106,0.34834,-1.0,1.0000,-23.7198,0.4741,-7.3650,133.202,ppo_car_spread_a_deterministic
30.8405,-0.13261,0.0043,0.0000,0.04115,0.04117,0.24329,-1.0,1.0000,-23.7192,0.4741,-7.3655,133.203,ppo_car_spread_a_deterministic
30.8605,-0.13261,0.0043,0.0000,0.04364,0.04366,0.38919,2.3,1.0000,-23.7186,0.4741,-7.3661,133.203,ppo_car_spread_a_deterministic
30.8805,-0.13261,0.0043,0.0000,0.04590,0.04592,0.25818,2.3,1.0000,-23.7179,0.4741,-7.3667,133.200,ppo_car_spread_a_deterministic
30.9005,-0.13261,0.0043,0.0000,0.03890,0.03892,0.35880,2.3,1.0000,-23.7173,0.4741,-7.3672,133.199,ppo_car_spread_a_deterministic
30.9205,-0.13244,0.0000,0.0020,0.05038,0.05040,0.21317,2.3,1.0000,-23.7165,0.4741,-7.3679,133.200,ppo_car_spread_a_deterministic
30.9405,-0.13244,0.0000,0.0020,0.03945,0.03947,0.41004,-0.4,1.0000,-23.7160,0.4741,-7.3684,133.199,ppo_car_spread_a_deterministic
30.9605,-0.13244,0.0000,0.0020,0.04527,0.04529,0.28368,-0.4,1.0000,-23.7153,0.4741,-7.3690,133.199,ppo_car_spread_a_deterministic
30.9805,-0.13244,0.0000,0.0020,0.04714,0.04716,0.26102,-0.4,1.0000,-23.7146,0.4741,-7.3697,133.197,ppo_car_spread_a_deterministic
31.0005,-0.13225,0.0000,0.0019,0.04524,0.04526,0.17511,-0.4,1.0000,-23.7139,0.4741,-7.3703,133.198,ppo_car_spread_a_deterministic
31.0205,-0.13225,0.0000,0.0019,0.04854,0.04856,0.28074,-0.4,1.0000,-23.7131,0.4741,-7.3709,133.199,ppo_car_spread_a_deterministic
31.0405,-0.13225,0.0000,0.0019,0.03975,0.03977,0.39077,-0.4,1.0000,-23.7126,0.4741,-7.3714,133.197,ppo_car_spread_a_deterministic
31.0605,-0.13225,0.0000,0.0019,0.04504,0.04506,0.25025,-0.4,1.0000,-23.7119,0.4741,-7.3720,133.196,ppo_car_spread_a_deterministic
31.0805,-0.13292,0.0038,0.0000,0.04219,0.04221,0.17558,-0.4,1.0000,-23.7112,0.4741,-7.3726,133.194,ppo_car_spread_a_deterministic
31.1005,-0.13292,0.0038,0.0000,0.04748,0.04750,0.25344,2.0,1.0000,-23.7105,0.4741,-7.3732,133.192,ppo_car_spread_a_deterministic
31.1205,-0.13292,0.0038,0.0000,0.04995,0.04996,0.26275,2.0,1.0000,-23.7098,0.4741,-7.3739,133.193,ppo_car_spread_a_deterministic
31.1405,-0.13292,0.0038,0.0000,0.04666,0.04668,0.21496,2.0,1.0000,-23.7091,0.4741,-7.3745,133.191,ppo_car_spread_a_deterministic
31.1605,-0.13158,0.0000,0.0068,0.04828,0.04829,0.28566,2.0,1.0000,-23.7084,0.4741,-7.3752,133.190,ppo_car_spread_a_deterministic
31.1805,-0.13158,0.0000,0.0068,0.04507,0.04508,0.25034,-1.4,1.0000,-23.7077,0.4741,-7.3758,133.190,ppo_car_spread_a_deterministic
31.2005,-0.13158,0.0000,0.0068,0.04649,0.04651,0.11039,-1.4,1.0000,-23.7070,0.4741,-7.3764,133.189,ppo_car_spread_a_deterministic
31.2205,-0.13158,0.0000,0.0068,0.04824,0.04826,0.27183,-1.4,1.0000,-23.7063,0.4741,-7.3770,133.185,ppo_car_spread_a_deterministic
31.2405,-0.13210,0.0000,0.0030,0.04331,0.04332,0.28550,-1.4,1.0000,-23.7056,0.4741,-7.3776,133.186,ppo_car_spread_a_deterministic
31.2605,-0.13210,0.0000,0.0030,0.04510,0.04512,0.11689,-0.6,1.0000,-23.7049,0.4741,-7.3782,133.185,ppo_car_spread_a_deterministic
31.2805,-0.13210,0.0000,0.0030,0.04541,0.04543,0.19748,-0.6,1.0000,-23.7043,0.4741,-7.3788,133.185,ppo_car_spread_a_deterministic
31.3005,-0.13210,0.0000,0.0030,0.04575,0.04577,0.26633,-0.6,1.0000,-23.7036,0.4741,-7.3794,133.181,ppo_car_spread_a_deterministic
31.3205,-0.13217,0.0000,0.0022,0.04485,0.04487,0.39969,-0.6,1.0000,-23.7029,0.4741,-7.3800,133.181,ppo_car_spread_a_deterministic
31.3405,-0.13217,0.0000,0.0022,0.04654,0.04656,0.26421,-0.5,1.0000,-23.7022,0.4741,-7.3806,133.179,ppo_car_spread_a_deterministic
31.3605,-0.13217,0.0000,0.0022,0.04213,0.04215,0.39228,-0.5,1.0000,-23.7016,0.4741,-7.3811,133.181,ppo_car_spread_a_deterministic
31.3805,-0.13217,0.0000,0.0022,0.04928,0.04931,0.37762,-0.5,1.0000,-23.7008,0.4741,-7.3818,133.177,ppo_car_spread_a_deterministic
31.4005,-0.13210,0.0002,0.0000,0.04831,0.04833,0.28250,-0.5,1.0000,-23.7001,0.4741,-7.3824,133.175,ppo_car_spread_a_deterministic
31.4205,-0.13210,0.0002,0.0000,0.04556,0.04558,0.27024,0.1,1.0000,-23.6994,0.4741,-7.3830,133.171,ppo_car_spread_a_deterministic
31.4405,-0.13210,0.0002,0.0000,0.04967,0.04969,0.27105,0.1,1.0000,-23.6987,0.4741,-7.3837,133.170,ppo_car_spread_a_deterministic
31.4605,-0.13210,0.0002,0.0000,0.03996,0.03997,0.30067,0.1,1.0000,-23.6981,0.4741,-7.3842,133.168,ppo_car_spread_a_deterministic
31.4805,-0.13200,0.0000,0.0059,0.04300,0.04303,0.24405,0.1,1.0000,-23.6975,0.4741,-7.3848,133.166,ppo_car_spread_a_deterministic
31.5005,-0.13200,0.0000,0.0059,0.04443,0.04445,0.23601,-1.2,1.0000,-23.6968,0.4741,-7.3854,133.164,ppo_car_spread_a_deterministic
31.5205,-0.13200,0.0000,0.0059,0.04359,0.04361,0.31120,-1.2,1.0000,-23.6961,0.4741,-7.3860,133.161,ppo_car_spread_a_deterministic
31.5405,-0.13200,0.0000,0.0059,0.04467,0.04469,0.16347,-1.2,1.0000,-23.6955,0.4741,-7.3866,133.161,ppo_car_spread_a_deterministic
31.5605,-0.13280,0.0004,0.0000,0.04577,0.04579,0.29736,-1.2,1.0000,-23.6948,0.4741,-7.3872,133.159,ppo_car_spread_a_deterministic
31.5805,-0.13280,0.0004,0.0000,0.04304,0.04306,0.36093,0.2,1.0000,-23.6941,0.4741,-7.3877,133.162,ppo_car_spread_a_deterministic
31.6005,-0.13280,0.0004,0.0000,0.04437,0.04439,0.27751,0.2,1.0000,-23.6935,0.4741,-7.3883,133.165,ppo_car_spread_a_deterministic
31.6205,-0.13280,0.0004,0.0000,0.04847,0.04849,0.19339,0.2,1.0000,-23.6927,0.4741,-7.3890,133.164,ppo_car_spread_a_deterministic
31.6405,-0.13192,0.0000,0.0022,0.04623,0.04625,0.25623,0.2,1.0000,-23.6921,0.4741,-7.3896,133.161,ppo_car_spread_a_deterministic
31.6605,-0.13192,0.0000,0.0022,0.04464,0.04466,0.24830,-0.5,1.0000,-23.6914,0.4741,-7.3902,133.163,ppo_car_spread_a_deterministic
31.6805,-0.13192,0.0000,0.0022,0.04450,0.04452,0.20014,-0.5,1.0000,-23.6907,0.4741,-7.3908,133.164,ppo_car_spread_a_deterministic
31.7005,-0.13192,0.0000,0.0022,0.04059,0.04061,0.39682,-0.5,1.0000,-23.6901,0.4741,-7.3913,133.163,ppo_car_spread_a_deterministic
31.7205,-0.13222,0.0000,0.0017,0.03772,0.03773,0.38676,-0.5,1.0000,-23.6896,0.4741,-7.3918,133.165,ppo_car_spread_a_deterministic
31.7405,-0.13222,0.0000,0.0017,0.03983,0.03984,0.33881,-0.4,1.0000,-23.6890,0.4741,-7.3923,133.163,ppo_car_spread_a_deterministic
31.7605,-0.13222,0.0000,0.0017,0.04835,0.04837,0.27951,-0.4,1.0000,-23.6882,0.4741,-7.3930,133.165,ppo_car_spread_a_deterministic
31.7805,-0.13222,0.0000,0.0017,0.04104,0.04106,0.27775,-0.4,1.0000,-23.6876,0.4741,-7.3935,133.162,ppo_car_spread_a_deterministic
31.8005,-0.13180,0.0000,0.0056,0.04183,0.04185,0.19894,-0.4,1.0000,-23.6870,0.4741,-7.3941,133.161,ppo_car_spread_a_deterministic
31.8205,-0.13180,0.0000,0.0056,0.04577,0.04579,0.29711,-1.2,1.0000,-23.6863,0.4741,-7.3947,133.163,ppo_car_spread_a_deterministic
31.8405,-0.13180,0.0000,0.0056,0.04234,0.04237,0.40086,-1.2,1.0000,-23.6857,0.4741,-7.3952,133.162,ppo_car_spread_a_deterministic
31.8605,-0.13180,0.0000,0.0056,0.04497,0.04499,0.29567,-1.2,1.0000,-23.6850,0.4741,-7.3958,133.163,ppo_car_spread_a_deterministic
31.8805,-0.13273,0.0008,0.0000,0.04642,0.04644,0.28380,-1.2,1.0000,-23.6843,0.4741,-7.3965,133.161,ppo_car_spread_a_deterministic
31.9005,-0.13273,0.0008,0.0000,0.04087,0.04088,0.39990,0.4,1.0000,-23.6837,0.4741,-7.3970,133.156,ppo_car_spread_a_deterministic
31.9205,-0.13273,0.0008,0.0000,0.03798,0.03800,0.30914,0.4,1.0000,-23.6831,0.4741,-7.3975,133.156,ppo_car_spread_a_deterministic
31.9405,-0.13273,0.0008,0.0000,0.03898,0.03899,0.37752,0.4,1.0000,-23.6825,0.4741,-7.3980,133.154,ppo_car_spread_a_deterministic
31.9605,-0.13315,0.0053,0.0000,0.04742,0.04744,0.27414,0.4,1.0000,-23.6818,0.4741,-7.3987,133.154,ppo_car_spread_a_deterministic
31.9805,-0.13315,0.0053,0.0000,0.04613,0.04614,0.26701,2.8,1.0000,-23.6811,0.4741,-7.3993,133.154,ppo_car_spread_a_deterministic
32.0005,-0.13315,0.0053,0.0000,0.04306,0.04308,0.29464,2.8,1.0000,-23.6805,0.4741,-7.3998,133.151,ppo_car_spread_a_deterministic
32.0205,-0.13315,0.0053,0.0000,0.04548,0.04550,0.27370,2.8,1.0000,-23.6798,0.4741,-7.4004,133.154,ppo_car_spread_a_deterministic
32.0405,-0.13326,0.0011,0.0000,0.04793,0.04795,0.28079,2.8,1.0000,-23.6791,0.4741,-7.4011,133.154,ppo_car_spread_a_deterministic
32.0605,-0.13326,0.0011,0.0000,0.04152,0.04154,0.32906,0.6,1.0000,-23.6785,0.4741,-7.4016,133.152,ppo_car_spread_a_deterministic
32.0805,-0.13326,0.0011,0.0000,0.04005,0.04007,0.40305,0.6,1.0000,-23.6779,0.4741,-7.4022,133.151,ppo_car_spread_a_deterministic
32.1005,-0.13326,0.0011,0.0000,0.04109,0.04111,0.32302,0.6,1.0000,-23.6772,0.4741,-7.4027,133.149,ppo_car_spread_a_deterministic
32.1205,-0.13342,0.0036,0.0000,0.04384,0.04385,0.27961,0.6,1.0000,-23.6766,0.4741,-7.4033,133.145,ppo_car_spread_a_deterministic
32.1405,-0.13342,0.0036,0.0000,0.04563,0.04565,0.19448,1.9,1.0000,-23.6759,0.4741,-7.4039,133.142,ppo_car_spread_a_deterministic
32.1606,-0.13342,0.0036,0.0000,0.04216,0.04218,0.40372,1.9,1.0000,-23.6753,0.4741,-7.4044,133.137,ppo_car_spread_a_deterministic
32.1806,-0.13342,0.0036,0.0000,0.04473,0.04475,0.40337,1.9,1.0000,-23.6746,0.4741,-7.4050,133.129,ppo_car_spread_a_deterministic
32.2006,-0.13393,0.0026,0.0000,0.04198,0.04199,0.37561,1.9,1.0000,-23.6740,0.4741,-7.4056,133.124,ppo_car_spread_a_deterministic
32.2206,-0.13393,0.0026,0.0000,0.04843,0.04845,0.25127,1.4,1.0000,-23.6732,0.4741,-7.4062,133.123,ppo_car_spread_a_deterministic
32.2406,-0.13393,0.0026,0.0000,0.04602,0.04604,0.13305,1.4,1.0000,-23.6725,0.4741,-7.4068,133.121,ppo_car_spread_a_deterministic
32.2606,-0.13393,0.0026,0.0000,0.04726,0.04729,0.39669,1.4,1.0000,-23.6718,0.4741,-7.4075,133.115,ppo_car_spread_a_deterministic
32.2806,-0.13320,0.0000,0.0020,0.04793,0.04795,0.15788,1.4,1.0000,-23.6711,0.4741,-7.4081,133.115,ppo_car_spread_a_deterministic
32.3006,-0.13320,0.0000,0.0020,0.04878,0.04880,0.18377,-0.4,1.0000,-23.6704,0.4741,-7.4088,133.113,ppo_car_spread_a_deterministic
32.3206,-0.13320,0.0000,0.0020,0.04646,0.04648,0.20545,-0.4,1.0000,-23.6697,0.4741,-7.4094,133.109,ppo_car_spread_a_deterministic
32.3406,-0.13320,0.0000,0.0020,0.04565,0.04567,0.18288,-0.4,1.0000,-23.6690,0.4741,-7.4100,133.106,ppo_car_spread_a_deterministic
32.3606,-0.13353,0.0000,0.0017,0.05009,0.05011,0.19117,-0.4,1.0000,-23.6682,0.4741,-7.4106,133.105,ppo_car_spread_a_deterministic
32.3806,-0.13353,0.0000,0.0017,0.04933,0.04935,0.07725,-0.4,1.0000,-23.6675,0.4741,-7.4113,133.103,ppo_car_spread_a_deterministic
32.4006,-0.13353,0.0000,0.0017,0.04921,0.04923,0.27572,-0.4,1.0000,-23.6668,0.4741,-7.4119,133.103,ppo_car_spread_a_deterministic
32.4206,-0.13353,0.0000,0.0017,0.05313,0.05316,0.21910,-0.4,1.0000,-23.6660,0.4741,-7.4126,133.100,ppo_car_spread_a_deterministic
32.4406,-0.13272,0.0000,0.0056,0.04541,0.04543,0.40129,-0.4,1.0000,-23.6653,0.4741,-7.4132,133.098,ppo_car_spread_a_deterministic
32.4606,-0.13272,0.0000,0.0056,0.04099,0.04101,0.39334,-1.2,1.0000,-23.6647,0.4741,-7.4138,133.098,ppo_car_spread_a_deterministic
32.4806,-0.13272,0.0000,0.0056,0.05055,0.05057,0.27510,-1.2,1.0000,-23.6639,0.4741,-7.4145,133.093,ppo_car_spread_a_deterministic
32.5006,-0.13272,0.0000,0.0056,0.04898,0.04900,0.27329,-1.2,1.0000,-23.6632,0.4741,-7.4151,133.090,ppo_car_spread_a_deterministic
32.5206,-0.13326,0.0000,0.0058,0.04709,0.04711,0.25373,-1.2,1.0000,-23.6625,0.4741,-7.4157,133.089,ppo_car_spread_a_deterministic
32.5406,-0.13326,0.0000,0.0058,0.03760,0.03762,0.37498,-1.2,1.0000,-23.6619,0.4741,-7.4162,133.088,ppo_car_spread_a_deterministic
32.5606,-0.13326,0.0000,0.0058,0.04880,0.04882,0.26350,-1.2,1.0000,-23.6612,0.4741,-7.4169,133.085,ppo_car_spread_a_deterministic
32.5806,-0.13326,0.0000,0.0058,0.04536,0.04538,0.20591,-1.2,1.0000,-23.6605,0.4741,-7.4175,133.080,ppo_car_spread_a_deterministic
32.6006,-0.13312,0.0000,0.0046,0.04057,0.04059,0.40526,-1.2,1.0000,-23.6599,0.4741,-7.4180,133.080,ppo_car_spread_a_deterministic
32.6206,-0.13312,0.0000,0.0046,0.05017,0.05019,0.20927,-1.0,1.0000,-23.6592,0.4741,-7.4187,133.078,ppo_car_spread_a_deterministic
32.6406,-0.13312,0.0000,0.0046,0.04610,0.04612,0.14381,-1.0,1.0000,-23.6585,0.4741,-7.4193,133.076,ppo_car_spread_a_deterministic
32.6606,-0.13312,0.0000,0.0046,0.04611,0.04613,0.27694,-1.0,1.0000,-23.6578,0.4741,-7.4199,133.077,ppo_car_spread_a_deterministic
32.6806,-0.13332,0.0000,0.0021,0.04079,0.04081,0.35989,-1.0,1.0000,-23.6572,0.4741,-7.4204,133.075,ppo_car_spread_a_deterministic
32.7006,-0.13332,0.0000,0.0021,0.04915,0.04917,0.21973,-0.4,1.0000,-23.6564,0.4741,-7.4211,133.075,ppo_car_spread_a_deterministic
32.7206,-0.13332,0.0000,0.0021,0.04464,0.04465,0.31734,-0.4,1.0000,-23.6557,0.4741,-7.4217,133.073,ppo_car_spread_a_deterministic
32.7406,-0.13332,0.0000,0.0021,0.04416,0.04418,0.30147,-0.4,1.0000,-23.6551,0.4741,-7.4222,133.070,ppo_car_spread_a_deterministic
32.7606,-0.13341,0.0000,0.0005,0.03908,0.03910,0.38569,-0.4,1.0000,-23.6545,0.4741,-7.4228,133.066,ppo_car_spread_a_deterministic
32.7806,-0.13341,0.0000,0.0005,0.04126,0.04127,0.35590,-0.1,1.0000,-23.6539,0.4741,-7.4233,133.066,ppo_car_spread_a_deterministic
32.8006,-0.13341,0.0000,0.0005,0.04966,0.04968,0.29389,-0.1,1.0000,-23.6531,0.4741,-7.4240,133.063,ppo_car_spread_a_deterministic
32.8206,-0.13341,0.0000,0.0005,0.04760,0.04762,0.26251,-0.1,1.0000,-23.6524,0.4741,-7.4246,133.059,ppo_car_spread_a_deterministic
32.8406,-0.13322,0.0000,0.0053,0.04246,0.04248,0.40612,-0.1,1.0000,-23.6518,0.4741,-7.4252,133.061,ppo_car_spread_a_deterministic
32.8606,-0.13322,0.0000,0.0053,0.04773,0.04775,0.28826,-1.1,1.0000,-23.6511,0.4741,-7.4258,133.057,ppo_car_spread_a_deterministic
32.8806,-0.13322,0.0000,0.0053,0.04644,0.04647,0.25640,-1.1,1.0000,-23.6504,0.4741,-7.4264,133.059,ppo_car_spread_a_deterministic
32.9006,-0.13322,0.0000,0.0053,0.04519,0.04521,0.18138,-1.1,1.0000,-23.6497,0.4741,-7.4270,133.057,ppo_car_spread_a_deterministic
32.9206,-0.13263,0.0000,0.0039,0.04460,0.04462,0.24268,-1.1,1.0000,-23.6490,0.4741,-7.4276,133.056,ppo_car_spread_a_deterministic
32.9406,-0.13263,0.0000,0.0039,0.04389,0.04391,0.28833,-0.8,1.0000,-23.6484,0.4741,-7.4282,133.054,ppo_car_spread_a_deterministic
32.9606,-0.13263,0.0000,0.0039,0.04101,0.04102,0.24395,-0.8,1.0000,-23.6478,0.4741,-7.4287,133.053,ppo_car_spread_a_deterministic
32.9806,-0.13263,0.0000,0.0039,0.03918,0.03920,0.40183,-0.8,1.0000,-23.6472,0.4741,-7.4292,133.055,ppo_car_spread_a_deterministic
33.0006,-0.13366,0.0026,0.0000,0.04463,0.04465,0.18820,-0.8,1.0000,-23.6465,0.4741,-7.4298,133.055,ppo_car_spread_a_deterministic
33.0206,-0.13366,0.0026,0.0000,0.03842,0.03843,0.32012,1.4,1.0000,-23.6459,0.4741,-7.4303,133.053,ppo_car_spread_a_deterministic
33.0406,-0.13366,0.0026,0.0000,0.03791,0.03793,0.38736,1.4,1.0000,-23.6454,0.4741,-7.4308,133.050,ppo_car_spread_a_deterministic
33.0606,-0.13366,0.0026,0.0000,0.04463,0.04464,0.09092,1.4,1.0000,-23.6447,0.4741,-7.4314,133.048,ppo_car_spread_a_deterministic
33.0806,-0.13450,0.0064,0.0000,0.04367,0.04369,0.30585,1.4,1.0000,-23.6440,0.4741,-7.4320,133.052,ppo_car_spread_a_deterministic
33.1006,-0.13450,0.0064,0.0000,0.04589,0.04592,0.24609,3.4,1.0000,-23.6433,0.4741,-7.4326,133.053,ppo_car_spread_a_deterministic
33.1206,-0.13450,0.0064,0.0000,0.04034,0.04036,0.23515,3.4,1.0000,-23.6427,0.4741,-7.4331,133.054,ppo_car_spread_a_deterministic
33.1406,-0.13450,0.0064,0.0000,0.04073,0.04074,0.38303,3.4,1.0000,-23.6421,0.4741,-7.4337,133.052,ppo_car_spread_a_deterministic
33.1606,-0.13385,0.0030,0.0000,0.04821,0.04823,0.22556,3.4,1.0000,-23.6414,0.4741,-7.4343,133.053,ppo_car_spread_a_deterministic
33.1806,-0.13385,0.0030,0.0000,0.04490,0.04491,0.12873,1.6,1.0000,-23.6407,0.4741,-7.4349,133.051,ppo_car_spread_a_deterministic
33.2006,-0.13385,0.0030,0.0000,0.04284,0.04286,0.34352,1.6,1.0000,-23.6401,0.4741,-7.4355,133.048,ppo_car_spread_a_deterministic
33.2206,-0.13385,0.0030,0.0000,0.04083,0.04086,0.41060,1.6,1.0000,-23.6395,0.4741,-7.4360,133.051,ppo_car_spread_a_deterministic
33.2406,-0.13400,0.0012,0.0000,0.04763,0.04765,0.27802,1.6,1.0000,-23.6387,0.4741,-7.4367,133.048,ppo_car_spread_a_deterministic
33.2606,-0.13400,0.0012,0.0000,0.04782,0.04784,0.13324,0.6,1.0000,-23.6380,0.4741,-7.4373,133.046,ppo_car_spread_a_deterministic
33.2806,-0.13400,0.0012,0.0000,0.04748,0.04750,0.34120,0.6,1.0000,-23.6373,0.4741,-7.4379,133.048,ppo_car_spread_a_deterministic
33.3006,-0.13400,0.0012,0.0000,0.04966,0.04968,0.16477,0.6,1.0000,-23.6366,0.4741,-7.4386,133.045,ppo_car_spread_a_deterministic
33.3206,-0.13293,0.0000,0.0044,0.04925,0.04927,0.15292,0.6,1.0000,-23.6358,0.4741,-7.4392,133.044,ppo_car_spread_a_deterministic
33.3406,-0.13293,0.0000,0.0044,0.04735,0.04738,0.21495,-0.9,1.0000,-23.6351,0.4741,-7.4399,133.042,ppo_car_spread_a_deterministic
33.3606,-0.13293,0.0000,0.0044,0.04251,0.04253,0.36293,-0.9,1.0000,-23.6345,0.4741,-7.4404,133.043,ppo_car_spread_a_deterministic
33.3806,-0.13293,0.0000,0.0044,0.04951,0.04953,0.07434,-0.9,1.0000,-23.6337,0.4741,-7.4411,133.041,ppo_car_spread_a_deterministic
33.4006,-0.13322,0.0004,0.0000,0.04560,0.04563,0.39977,-0.9,1.0000,-23.6330,0.4741,-7.4417,133.040,ppo_car_spread_a_deterministic
33.4206,-0.13322,0.0004,0.0000,0.04809,0.04811,0.32631,0.2,1.0000,-23.6323,0.4741,-7.4423,133.034,ppo_car_spread_a_deterministic
33.4406,-0.13322,0.0004,0.0000,0.04811,0.04813,0.22662,0.2,1.0000,-23.6316,0.4741,-7.4429,133.035,ppo_car_spread_a_deterministic
33.4606,-0.13322,0.0004,0.0000,0.05102,0.05104,0.23854,0.2,1.0000,-23.6308,0.4741,-7.4436,133.032,ppo_car_spread_a_deterministic
33.4806,-0.13285,0.0000,0.0050,0.04582,0.04585,0.22648,0.2,1.0000,-23.6301,0.4741,-7.4442,133.032,ppo_car_spread_a_deterministic
33.5006,-0.13285,0.0000,0.0050,0.04710,0.04712,0.07543,-1.0,1.0000,-23.6294,0.4741,-7.4448,133.031,ppo_car_spread_a_deterministic
33.5206,-0.13285,0.0000,0.0050,0.04476,0.04477,0.36156,-1.0,1.0000,-23.6288,0.4741,-7.4454,133.029,ppo_car_spread_a_deterministic
33.5406,-0.13285,0.0000,0.0050,0.04826,0.04828,0.23323,-1.0,1.0000,-23.6280,0.4741,-7.4461,133.026,ppo_car_spread_a_deterministic
33.5606,-0.13352,0.0000,0.0009,0.05143,0.05144,0.28451,-1.0,1.0000,-23.6273,0.4741,-7.4468,133.025,ppo_car_spread_a_deterministic
33.5806,-0.13352,0.0000,0.0009,0.04338,0.04340,0.36691,-0.2,1.0000,-23.6266,0.4741,-7.4473,133.026,ppo_car_spread_a_deterministic
33.6006,-0.13352,0.0000,0.0009,0.04294,0.04296,0.40396,-0.2,1.0000,-23.6260,0.4741,-7.4479,133.026,ppo_car_spread_a_deterministic
33.6206,-0.13352,0.0000,0.0009,0.05288,0.05291,0.29322,-0.2,1.0000,-23.6252,0.4741,-7.4486,133.026,ppo_car_spread_a_deterministic
33.6406,-0.13371,0.0005,0.0000,0.04249,0.04250,0.40889,-0.2,1.0000,-23.6245,0.4741,-7.4491,133.025,ppo_car_spread_a_deterministic
33.6606,-0.13371,0.0005,0.0000,0.04431,0.04434,0.39011,0.2,1.0000,-23.6239,0.4741,-7.4497,133.029,ppo_car_spread_a_deterministic
33.6806,-0.13371,0.0005,0.0000,0.04757,0.04759,0.19163,0.2,1.0000,-23.6232,0.4741,-7.4504,133.030,ppo_car_spread_a_deterministic
33.7006,-0.13371,0.0005,0.0000,0.04393,0.04395,0.38888,0.2,1.0000,-23.6225,0.4741,-7.4509,133.025,ppo_car_spread_a_deterministic
33.7206,-0.13294,0.0000,0.0045,0.04449,0.04450,0.36013,0.2,1.0000,-23.6218,0.4741,-7.4515,133.027,ppo_car_spread_a_deterministic
33.7406,-0.13294,0.0000,0.0045,0.04473,0.04475,0.40308,-1.0,1.0000,-23.6212,0.4741,-7.4521,133.021,ppo_car_spread_a_deterministic
33.7606,-0.13294,0.0000,0.0045,0.04545,0.04547,0.16952,-1.0,1.0000,-23.6205,0.4741,-7.4527,133.020,ppo_car_spread_a_deterministic
33.7806,-0.13294,0.0000,0.0045,0.04322,0.04324,0.39693,-1.0,1.0000,-23.6198,0.4741,-7.4533,133.022,ppo_car_spread_a_deterministic
33.8006,-0.13356,0.0000,0.0017,0.04292,0.04295,0.39767,-1.0,1.0000,-23.6192,0.4741,-7.4539,133.018,ppo_car_spread_a_deterministic
33.8206,-0.13356,0.0000,0.0017,0.04324,0.04326,0.40315,-0.4,1.0000,-23.6185,0.4741,-7.4544,133.020,ppo_car_spread_a_deterministic
33.8406,-0.13356,0.0000,0.0017,0.04646,0.04648,0.25208,-0.4,1.0000,-23.6178,0.4741,-7.4550,133.019,ppo_car_spread_a_deterministic
33.8606,-0.13356,0.0000,0.0017,0.04439,0.04441,0.17836,-0.4,1.0000,-23.6172,0.4741,-7.4556,133.020,ppo_car_spread_a_deterministic
33.8806,-0.13355,0.0000,0.0027,0.04226,0.04228,0.38527,-0.4,1.0000,-23.6165,0.4741,-7.4562,133.024,ppo_car_spread_a_deterministic
33.9006,-0.13355,0.0000,0.0027,0.05011,0.05014,0.23415,-0.6,1.0000,-23.6158,0.4741,-7.4568,133.024,ppo_car_spread_a_deterministic
33.9206,-0.13355,0.0000,0.0027,0.05024,0.05027,0.28084,-0.6,1.0000,-23.6150,0.4741,-7.4575,133.025,ppo_car_spread_a_deterministic
33.9406,-0.13355,0.0000,0.0027,0.04417,0.04419,0.22584,-0.6,1.0000,-23.6144,0.4741,-7.4581,133.025,ppo_car_spread_a_deterministic
33.9606,-0.13289,0.0000,0.0071,0.04971,0.04973,0.29442,-0.6,1.0000,-23.6136,0.4741,-7.4588,133.021,ppo_car_spread_a_deterministic
33.9806,-0.13289,0.0000,0.0071,0.04503,0.04504,0.15318,-1.5,1.0000,-23.6129,0.4741,-7.4594,133.018,ppo_car_spread_a_deterministic
34.0006,-0.13289,0.0000,0.0071,0.04674,0.04676,0.20355,-1.5,1.0000,-23.6122,0.4741,-7.4600,133.014,ppo_car_spread_a_deterministic
34.0206,-0.13289,0.0000,0.0071,0.04327,0.04328,0.17681,-1.5,1.0000,-23.6116,0.4741,-7.4605,133.010,ppo_car_spread_a_deterministic
34.0406,-0.13391,0.0000,0.0024,0.04712,0.04714,0.27919,-1.5,1.0000,-23.6109,0.4741,-7.4612,133.009,ppo_car_spread_a_deterministic
34.0606,-0.13391,0.0000,0.0024,0.04561,0.04562,0.22823,-0.5,1.0000,-23.6102,0.4741,-7.4618,133.011,ppo_car_spread_a_deterministic
34.0806,-0.13391,0.0000,0.0024,0.04692,0.04695,0.37089,-0.5,1.0000,-23.6095,0.4741,-7.4624,133.013,ppo_car_spread_a_deterministic
34.1006,-0.13391,0.0000,0.0024,0.04977,0.04979,0.26920,-0.5,1.0000,-23.6087,0.4741,-7.4631,133.010,ppo_car_spread_a_deterministic
34.1206,-0.13323,0.0000,0.0041,0.04687,0.04689,0.27859,-0.5,1.0000,-23.6080,0.4741,-7.4637,133.007,ppo_car_spread_a_deterministic
34.1406,-0.13323,0.0000,0.0041,0.04556,0.04558,0.25228,-0.9,1.0000,-23.6073,0.4741,-7.4643,133.005,ppo_car_spread_a_deterministic
34.1606,-0.13323,0.0000,0.0041,0.04043,0.04044,0.28060,-0.9,1.0000,-23.6067,0.4741,-7.4648,133.002,ppo_car_spread_a_deterministic
34.1806,-0.13323,0.0000,0.0041,0.04757,0.04759,0.27667,-0.9,1.0000,-23.6060,0.4741,-7.4654,133.001,ppo_car_spread_a_deterministic
34.2006,-0.13450,0.0038,0.0000,0.04183,0.04185,0.40431,-0.9,1.0000,-23.6054,0.4741,-7.4660,133.000,ppo_car_spread_a_deterministic
34.2206,-0.13450,0.0038,0.0000,0.04322,0.04324,0.18844,2.0,1.0000,-23.6048,0.4741,-7.4666,132.998,ppo_car_spread_a_deterministic
34.2406,-0.13450,0.0038,0.0000,0.04211,0.04212,0.40984,2.0,1.0000,-23.6041,0.4741,-7.4671,132.999,ppo_car_spread_a_deterministic
34.2606,-0.13450,0.0038,0.0000,0.04794,0.04796,0.25470,2.0,1.0000,-23.6034,0.4741,-7.4678,132.995,ppo_car_spread_a_deterministic
34.2806,-0.13382,0.0010,0.0000,0.04307,0.04308,0.35409,2.0,1.0000,-23.6028,0.4741,-7.4683,132.993,ppo_car_spread_a_deterministic
34.3006,-0.13382,0.0010,0.0000,0.04443,0.04445,0.19510,0.5,1.0000,-23.6021,0.4741,-7.4689,132.993,ppo_car_spread_a_deterministic
34.3206,-0.13382,0.0010,0.0000,0.04648,0.04651,0.26296,0.5,1.0000,-23.6014,0.4741,-7.4695,132.994,ppo_car_spread_a_deterministic
34.3406,-0.13382,0.0010,0.0000,0.04436,0.04438,0.26658,0.5,1.0000,-23.6007,0.4741,-7.4701,132.994,ppo_car_spread_a_deterministic
34.3606,-0.13357,0.0000,0.0033,0.03802,0.03803,0.36400,0.5,1.0000,-23.6002,0.4741,-7.4706,132.990,ppo_car_spread_a_deterministic
34.3806,-0.13357,0.0000,0.0033,0.04800,0.04802,0.24984,-0.7,1.0000,-23.5994,0.4741,-7.4712,132.987,ppo_car_spread_a_deterministic
34.4006,-0.13357,0.0000,0.0033,0.04786,0.04788,0.22338,-0.7,1.0000,-23.5987,0.4741,-7.4719,132.986,ppo_car_spread_a_deterministic
34.4206,-0.13357,0.0000,0.0033,0.04184,0.04187,0.40851,-0.7,1.0000,-23.5981,0.4741,-7.4724,132.986,ppo_car_spread_a_deterministic
34.4406,-0.13355,0.0000,0.0043,0.04127,0.04128,0.33487,-0.7,1.0000,-23.5975,0.4741,-7.4730,132.982,ppo_car_spread_a_deterministic
34.4606,-0.13355,0.0000,0.0043,0.03788,0.03789,0.37155,-0.9,1.0000,-23.5969,0.4741,-7.4735,132.978,ppo_car_spread_a_deterministic
34.4806,-0.13355,0.0000,0.0043,0.04132,0.04133,0.18370,-0.9,1.0000,-23.5963,0.4741,-7.4740,132.979,ppo_car_spread_a_deterministic
34.5006,-0.13355,0.0000,0.0043,0.04406,0.04408,0.20919,-0.9,1.0000,-23.5956,0.4741,-7.4746,132.977,ppo_car_spread_a_deterministic
34.5206,-0.13398,0.0019,0.0000,0.04484,0.04486,0.18120,-0.9,1.0000,-23.5950,0.4741,-7.4752,132.978,ppo_car_spread_a_deterministic
34.5406,-0.13398,0.0019,0.0000,0.03543,0.03544,0.35685,1.0,1.0000,-23.5944,0.4741,-7.4757,132.978,ppo_car_spread_a_deterministic
34.5606,-0.13398,0.0019,0.0000,0.04443,0.04445,0.36988,1.0,1.0000,-23.5938,0.4741,-7.4762,132.979,ppo_car_spread_a_deterministic
34.5806,-0.13398,0.0019,0.0000,0.04180,0.04182,0.28210,1.0,1.0000,-23.5931,0.4741,-7.4768,132.978,ppo_car_spread_a_deterministic
34.6006,-0.13367,0.0000,0.0014,0.04810,0.04812,0.28291,1.0,1.0000,-23.5924,0.4741,-7.4774,132.979,ppo_car_spread_a_deterministic
34.6206,-0.13367,0.0000,0.0014,0.04512,0.04514,0.21447,-0.3,1.0000,-23.5917,0.4741,-7.4780,132.976,ppo_car_spread_a_deterministic
34.6406,-0.13367,0.0000,0.0014,0.04758,0.04760,0.28956,-0.3,1.0000,-23.5910,0.4741,-7.4787,132.978,ppo_car_spread_a_deterministic
34.6606,-0.13367,0.0000,0.0014,0.04498,0.04500,0.37752,-0.3,1.0000,-23.5903,0.4741,-7.4793,132.980,ppo_car_spread_a_deterministic
34.6806,-0.13325,0.0000,0.0048,0.04188,0.04189,0.26803,-0.3,1.0000,-23.5897,0.4741,-7.4798,132.979,ppo_car_spread_a_deterministic
34.7006,-0.13325,0.0000,0.0048,0.04531,0.04533,0.23619,-1.0,1.0000,-23.5890,0.4741,-7.4804,132.980,ppo_car_spread_a_deterministic
34.7206,-0.13325,0.0000,0.0048,0.04408,0.04410,0.33859,-1.0,1.0000,-23.5884,0.4741,-7.4810,132.980,ppo_car_spread_a_deterministic
34.7406,-0.13325,0.0000,0.0048,0.04979,0.04980,0.29880,-1.0,1.0000,-23.5876,0.4741,-7.4817,132.978,ppo_car_spread_a_deterministic
34.7606,-0.13385,0.0000,0.0006,0.04097,0.04100,0.39493,-1.0,1.0000,-23.5870,0.4741,-7.4822,132.974,ppo_car_spread_a_deterministic
34.7806,-0.13385,0.0000,0.0006,0.04388,0.04390,0.40458,-0.1,1.0000,-23.5863,0.4741,-7.4828,132.969,ppo_car_spread_a_deterministic
34.8006,-0.13385,0.0000,0.0006,0.04005,0.04007,0.32163,-0.1,1.0000,-23.5857,0.4741,-7.4833,132.968,ppo_car_spread_a_deterministic
34.8206,-0.13385,0.0000,0.0006,0.04063,0.04064,0.32044,-0.1,1.0000,-23.5851,0.4741,-7.4839,132.971,ppo_car_spread_a_deterministic
34.8406,-0.13442,0.0036,0.0000,0.03799,0.03800,0.39120,-0.1,1.0000,-23.5846,0.4741,-7.4844,132.970,ppo_car_spread_a_deterministic
34.8606,-0.13442,0.0036,0.0000,0.04505,0.04507,0.24846,1.9,1.0000,-23.5839,0.4741,-7.4849,132.966,ppo_car_spread_a_deterministic
34.8806,-0.13442,0.0036,0.0000,0.04424,0.04426,0.32683,1.9,1.0000,-23.5832,0.4741,-7.4855,132.964,ppo_car_spread_a_deterministic
34.9006,-0.13442,0.0036,0.0000,0.03917,0.03919,0.34041,1.9,1.0000,-23.5826,0.4741,-7.4860,132.960,ppo_car_spread_a_deterministic
34.9206,-0.13472,0.0001,0.0000,0.04885,0.04887,0.19855,1.9,1.0000,-23.5819,0.4741,-7.4867,132.959,ppo_car_spread_a_deterministic
34.9406,-0.13472,0.0001,0.0000,0.04579,0.04581,0.27896,0.0,1.0000,-23.5812,0.4741,-7.4873,132.954,ppo_car_spread_a_deterministic
34.9606,-0.13472,0.0001,0.0000,0.04457,0.04459,0.38343,0.0,1.0000,-23.5805,0.4741,-7.4879,132.951,ppo_car_spread_a_deterministic
34.9806,-0.13472,0.0001,0.0000,0.04396,0.04398,0.40438,0.0,1.0000,-23.5799,0.4741,-7.4885,132.952,ppo_car_spread_a_deterministic
35.0006,-0.13484,0.0001,0.0000,0.04743,0.04745,0.08561,0.0,1.0000,-23.5792,0.4741,-7.4891,132.951,ppo_car_spread_a_deterministic
35.0206,-0.13484,0.0001,0.0000,0.04250,0.04252,0.37766,0.1,1.0000,-23.5785,0.4741,-7.4897,132.947,ppo_car_spread_a_deterministic
35.0406,-0.13484,0.0001,0.0000,0.04662,0.04664,0.28120,0.1,1.0000,-23.5778,0.4741,-7.4903,132.943,ppo_car_spread_a_deterministic
35.0606,-0.13484,0.0001,0.0000,0.04043,0.04045,0.37690,0.1,1.0000,-23.5772,0.4741,-7.4908,132.939,ppo_car_spread_a_deterministic
35.0806,-0.13485,0.0000,0.0018,0.03930,0.03932,0.40926,0.1,1.0000,-23.5766,0.4741,-7.4913,132.934,ppo_car_spread_a_deterministic
35.1006,-0.13485,0.0000,0.0018,0.04491,0.04493,0.20008,-0.4,1.0000,-23.5760,0.4741,-7.4919,132.932,ppo_car_spread_a_deterministic
35.1206,-0.13485,0.0000,0.0018,0.04018,0.04020,0.40611,-0.4,1.0000,-23.5753,0.4741,-7.4924,132.930,ppo_car_spread_a_deterministic
35.1406,-0.13485,0.0000,0.0018,0.04490,0.04492,0.30165,-0.4,1.0000,-23.5747,0.4741,-7.4930,132.931,ppo_car_spread_a_deterministic
35.1606,-0.13515,0.0039,0.0000,0.04618,0.04620,0.23937,-0.4,1.0000,-23.5740,0.4741,-7.4936,132.929,ppo_car_spread_a_deterministic
35.1806,-0.13515,0.0039,0.0000,0.04575,0.04577,0.07350,2.0,1.0000,-23.5733,0.4741,-7.4943,132.927,ppo_car_spread_a_deterministic
35.2006,-0.13515,0.0039,0.0000,0.04279,0.04281,0.23113,2.0,1.0000,-23.5726,0.4741,-7.4948,132.928,ppo_car_spread_a_deterministic
35.2206,-0.13515,0.0039,0.0000,0.04709,0.04711,0.40124,2.0,1.0000,-23.5719,0.4741,-7.4954,132.930,ppo_car_spread_a_deterministic
35.2406,-0.13442,0.0005,0.0000,0.04517,0.04519,0.08571,2.0,1.0000,-23.5712,0.4741,-7.4960,132.929,ppo_car_spread_a_deterministic
35.2606,-0.13442,0.0005,0.0000,0.04472,0.04475,0.30130,0.2,1.0000,-23.5706,0.4741,-7.4966,132.927,ppo_car_spread_a_deterministic
35.2806,-0.13442,0.0005,0.0000,0.04314,0.04316,0.41062,0.2,1.0000,-23.5699,0.4741,-7.4972,132.928,ppo_car_spread_a_deterministic
35.3006,-0.13442,0.0005,0.0000,0.05033,0.05034,0.34952,0.2,1.0000,-23.5692,0.4741,-7.4979,132.924,ppo_car_spread_a_deterministic
35.3206,-0.13433,0.0000,0.0001,0.03940,0.03942,0.40748,0.2,1.0000,-23.5686,0.4741,-7.4984,132.922,ppo_car_spread_a_deterministic
35.3406,-0.13433,0.0000,0.0001,0.04812,0.04813,0.22675,0.0,1.0000,-23.5679,0.4741,-7.4990,132.920,ppo_car_spread_a_deterministic
35.3606,-0.13433,0.0000,0.0001,0.04634,0.04635,0.40184,0.0,1.0000,-23.5672,0.4741,-7.4996,132.915,ppo_car_spread_a_deterministic
35.3806,-0.13433,0.0000,0.0001,0.05039,0.05042,0.28029,0.0,1.0000,-23.5664,0.4741,-7.5003,132.915,ppo_car_spread_a_deterministic
35.4006,-0.13511,0.0000,0.0013,0.04853,0.04855,0.28686,0.0,1.0000,-23.5657,0.4741,-7.5009,132.915,ppo_car_spread_a_deterministic
35.4206,-0.13511,0.0000,0.0013,0.04639,0.04641,0.17450,-0.3,1.0000,-23.5650,0.4741,-7.5015,132.915,ppo_car_spread_a_deterministic
35.4406,-0.13511,0.0000,0.0013,0.04180,0.04183,0.33687,-0.3,1.0000,-23.5643,0.4741,-7.5021,132.914,ppo_car_spread_a_deterministic
35.4606,-0.13511,0.0000,0.0013,0.04828,0.04830,0.28319,-0.3,1.0000,-23.5636,0.4741,-7.5027,132.912,ppo_car_spread_a_deterministic
35.4806,-0.13499,0.0019,0.0000,0.04928,0.04930,0.28712,-0.3,1.0000,-23.5629,0.4741,-7.5034,132.915,ppo_car_spread_a_deterministic
35.5006,-0.13499,0.0019,0.0000,0.04407,0.04409,0.20848,1.0,1.0000,-23.5622,0.4741,-7.5040,132.914,ppo_car_spread_a_deterministic
35.5206,-0.13499,0.0019,0.0000,0.04226,0.04228,0.29069,1.0,1.0000,-23.5616,0.4741,-7.5045,132.916,ppo_car_spread_a_deterministic
35.5406,-0.13499,0.0019,0.0000,0.04673,0.04675,0.25924,1.0,1.0000,-23.5609,0.4741,-7.5051,132.911,ppo_car_spread_a_deterministic
35.5606,-0.13453,0.0009,0.0000,0.04576,0.04577,0.30362,1.0,1.0000,-23.5602,0.4741,-7.5057,132.912,ppo_car_spread_a_deterministic
35.5806,-0.13453,0.0009,0.0000,0.04168,0.04170,0.26502,0.5,1.0000,-23.5596,0.4741,-7.5063,132.909,ppo_car_spread_a_deterministic
35.6006,-0.13453,0.0009,0.0000,0.04582,0.04584,0.31395,0.5,1.0000,-23.5589,0.4741,-7.5069,132.909,ppo_car_spread_a_deterministic
35.6206,-0.13453,0.0009,0.0000,0.04972,0.04974,0.17731,0.5,1.0000,-23.5581,0.4741,-7.5075,132.909,ppo_car_spread_a_deterministic
35.6406,-0.13438,0.0000,0.0021,0.05184,0.05186,0.26583,0.5,1.0000,-23.5573,0.4741,-7.5082,132.910,ppo_car_spread_a_deterministic
35.6606,-0.13438,0.0000,0.0021,0.04668,0.04670,0.17916,-0.4,1.0000,-23.5566,0.4741,-7.5088,132.908,ppo_car_spread_a_deterministic
35.6806,-0.13438,0.0000,0.0021,0.04666,0.04668,0.17419,-0.4,1.0000,-23.5559,0.4741,-7.5095,132.907,ppo_car_spread_a_deterministic
35.7006,-0.13438,0.0000,0.0021,0.04316,0.04318,0.40691,-0.4,1.0000,-23.5553,0.4741,-7.5100,132.905,ppo_car_spread_a_deterministic
35.7206,-0.13450,0.0000,0.0028,0.04315,0.04317,0.40866,-0.4,1.0000,-23.5546,0.4741,-7.5106,132.907,ppo_car_spread_a_deterministic
35.7406,-0.13450,0.0000,0.0028,0.05027,0.05030,0.27137,-0.6,1.0000,-23.5539,0.4741,-7.5113,132.904,ppo_car_spread_a_deterministic
35.7606,-0.13450,0.0000,0.0028,0.04983,0.04985,0.25030,-0.6,1.0000,-23.5531,0.4741,-7.5119,132.902,ppo_car_spread_a_deterministic
35.7806,-0.13450,0.0000,0.0028,0.04545,0.04546,0.39278,-0.6,1.0000,-23.5524,0.4741,-7.5125,132.903,ppo_car_spread_a_deterministic
35.8006,-0.13458,0.0000,0.0054,0.04511,0.04513,0.41093,-0.6,1.0000,-23.5518,0.4741,-7.5131,132.899,ppo_car_spread_a_deterministic
35.8206,-0.13458,0.0000,0.0054,0.04733,0.04735,0.27500,-1.1,1.0000,-23.5511,0.4741,-7.5137,132.896,ppo_car_spread_a_deterministic
35.8406,-0.13458,0.0000,0.0054,0.04481,0.04483,0.28727,-1.1,1.0000,-23.5504,0.4741,-7.5143,132.893,ppo_car_spread_a_deterministic
35.8606,-0.13458,0.0000,0.0054,0.04487,0.04489,0.38339,-1.1,1.0000,-23.5497,0.4741,-7.5149,132.896,ppo_car_spread_a_deterministic
35.8806,-0.13501,0.0000,0.0005,0.05079,0.05081,0.23331,-1.1,1.0000,-23.5489,0.4741,-7.5156,132.895,ppo_car_spread_a_deterministic
35.9006,-0.13501,0.0000,0.0005,0.04209,0.04210,0.37583,-0.1,1.0000,-23.5483,0.4741,-7.5161,132.898,ppo_car_spread_a_deterministic
35.9206,-0.13501,0.0000,0.0005,0.05087,0.05089,0.25138,-0.1,1.0000,-23.5475,0.4741,-7.5168,132.898,ppo_car_spread_a_deterministic
35.9406,-0.13501,0.0000,0.0005,0.04862,0.04863,0.27868,-0.1,1.0000,-23.5468,0.4741,-7.5175,132.897,ppo_car_spread_a_deterministic
35.9606,-0.13398,0.0000,0.0074,0.04651,0.04652,0.24635,-0.1,1.0000,-23.5461,0.4741,-7.5181,132.895,ppo_car_spread_a_deterministic
35.9806,-0.13398,0.0000,0.0074,0.04385,0.04387,0.25796,-1.5,1.0000,-23.5455,0.4741,-7.5186,132.896,ppo_car_spread_a_deterministic
36.0006,-0.13398,0.0000,0.0074,0.04425,0.04427,0.37307,-1.5,1.0000,-23.5448,0.4741,-7.5192,132.894,ppo_car_spread_a_deterministic
36.0206,-0.13398,0.0000,0.0074,0.04306,0.04309,0.28019,-1.5,1.0000,-23.5441,0.4741,-7.5198,132.895,ppo_car_spread_a_deterministic
36.0406,-0.13496,0.0000,0.0003,0.05027,0.05029,0.28687,-1.5,1.0000,-23.5434,0.4741,-7.5205,132.895,ppo_car_spread_a_deterministic
36.0606,-0.13496,0.0000,0.0003,0.04600,0.04602,0.24319,-0.1,1.0000,-23.5427,0.4741,-7.5211,132.893,ppo_car_spread_a_deterministic
36.0806,-0.13496,0.0000,0.0003,0.04841,0.04842,0.24176,-0.1,1.0000,-23.5420,0.4741,-7.5217,132.893,ppo_car_spread_a_deterministic
36.1006,-0.13496,0.0000,0.0003,0.04622,0.04623,0.16072,-0.1,1.0000,-23.5413,0.4741,-7.5223,132.893,ppo_car_spread_a_deterministic
36.1206,-0.13435,0.0000,0.0046,0.04547,0.04550,0.18434,-0.1,1.0000,-23.5406,0.4741,-7.5229,132.890,ppo_car_spread_a_deterministic
36.1406,-0.13435,0.0000,0.0046,0.04849,0.04851,0.25068,-1.0,1.0000,-23.5398,0.4741,-7.5235,132.886,ppo_car_spread_a_deterministic
36.1606,-0.13435,0.0000,0.0046,0.04975,0.04977,0.26535,-1.0,1.0000,-23.5391,0.4741,-7.5242,132.883,ppo_car_spread_a_deterministic
36.1806,-0.13435,0.0000,0.0046,0.04219,0.04221,0.17926,-1.0,1.0000,-23.5385,0.4741,-7.5248,132.879,ppo_car_spread_a_deterministic
36.2006,-0.13483,0.0000,0.0052,0.04408,0.04410,0.39190,-1.0,1.0000,-23.5378,0.4741,-7.5253,132.876,ppo_car_spread_a_deterministic
36.2206,-0.13483,0.0000,0.0052,0.04423,0.04425,0.18816,-1.1,1.0000,-23.5371,0.4741,-7.5259,132.876,ppo_car_spread_a_deterministic
36.2406,-0.13483,0.0000,0.0052,0.04342,0.04344,0.40498,-1.1,1.0000,-23.5365,0.4741,-7.5265,132.872,ppo_car_spread_a_deterministic
36.2606,-0.13483,0.0000,0.0052,0.04866,0.04868,0.25586,-1.1,1.0000,-23.5358,0.4741,-7.5271,132.870,ppo_car_spread_a_deterministic
36.2806,-0.13566,0.0014,0.0000,0.04276,0.04277,0.40257,-1.1,1.0000,-23.5351,0.4741,-7.5277,132.866,ppo_car_spread_a_deterministic
36.3006,-0.13566,0.0014,0.0000,0.04171,0.04173,0.17801,0.7,1.0000,-23.5345,0.4741,-7.5282,132.867,ppo_car_spread_a_deterministic
36.3206,-0.13566,0.0014,0.0000,0.04361,0.04363,0.26343,0.7,1.0000,-23.5338,0.4741,-7.5288,132.866,ppo_car_spread_a_deterministic
36.3406,-0.13566,0.0014,0.0000,0.04206,0.04208,0.18878,0.7,1.0000,-23.5332,0.4741,-7.5294,132.868,ppo_car_spread_a_deterministic
36.3606,-0.13536,0.0003,0.0000,0.04337,0.04338,0.23828,0.7,1.0000,-23.5325,0.4741,-7.5299,132.867,ppo_car_spread_a_deterministic
36.3806,-0.13536,0.0003,0.0000,0.03505,0.03507,0.40840,0.1,1.0000,-23.5320,0.4741,-7.5304,132.865,ppo_car_spread_a_deterministic
36.4006,-0.13536,0.0003,0.0000,0.04292,0.04294,0.16685,0.1,1.0000,-23.5314,0.4741,-7.5310,132.863,ppo_car_spread_a_deterministic
36.4206,-0.13536,0.0003,0.0000,0.04246,0.04248,0.23949,0.1,1.0000,-23.5307,0.4741,-7.5315,132.862,ppo_car_spread_a_deterministic
36.4406,-0.13547,0.0012,0.0000,0.04059,0.04060,0.28007,0.1,1.0000,-23.5301,0.4741,-7.5321,132.863,ppo_car_spread_a_deterministic
36.4606,-0.13547,0.0012,0.0000,0.04656,0.04659,0.29572,0.6,1.0000,-23.5294,0.4741,-7.5327,132.861,ppo_car_spread_a_deterministic
36.4806,-0.13547,0.0012,0.0000,0.04849,0.04851,0.26239,0.6,1.0000,-23.5287,0.4741,-7.5333,132.860,ppo_car_spread_a_deterministic
36.5006,-0.13547,0.0012,0.0000,0.04928,0.04930,0.20225,0.6,1.0000,-23.5279,0.4741,-7.5340,132.858,ppo_car_spread_a_deterministic
36.5207,-0.13504,0.0000,0.0042,0.04795,0.04797,0.23050,0.6,1.0000,-23.5272,0.4741,-7.5346,132.856,ppo_car_spread_a_deterministic
36.5407,-0.13504,0.0000,0.0042,0.03810,0.03812,0.39474,-0.9,1.0000,-23.5266,0.4741,-7.5351,132.853,ppo_car_spread_a_deterministic
36.5607,-0.13504,0.0000,0.0042,0.03942,0.03943,0.31426,-0.9,1.0000,-23.5260,0.4741,-7.5356,132.850,ppo_car_spread_a_deterministic
36.5807,-0.13504,0.0000,0.0042,0.04653,0.04655,0.28972,-0.9,1.0000,-23.5253,0.4741,-7.5362,132.848,ppo_car_spread_a_deterministic
36.6007,-0.13590,0.0050,0.0000,0.03843,0.03845,0.25656,-0.9,1.0000,-23.5248,0.4741,-7.5367,132.846,ppo_car_spread_a_deterministic
36.6207,-0.13590,0.0050,0.0000,0.04166,0.04167,0.39223,2.6,1.0000,-23.5241,0.4741,-7.5373,132.846,ppo_car_spread_a_deterministic
36.6407,-0.13590,0.0050,0.0000,0.03763,0.03765,0.39291,2.6,1.0000,-23.5236,0.4741,-7.5378,132.845,ppo_car_spread_a_deterministic
36.6607,-0.13590,0.0050,0.0000,0.04680,0.04681,0.26758,2.6,1.0000,-23.5229,0.4741,-7.5384,132.841,ppo_car_spread_a_deterministic
36.6807,-0.13600,0.0064,0.0000,0.04201,0.04204,0.35129,2.6,1.0000,-23.5222,0.4741,-7.5390,132.841,ppo_car_spread_a_deterministic
36.7007,-0.13600,0.0064,0.0000,0.04828,0.04830,0.28090,3.3,1.0000,-23.5215,0.4741,-7.5396,132.839,ppo_car_spread_a_deterministic
36.7207,-0.13600,0.0064,0.0000,0.04725,0.04727,0.40168,3.3,1.0000,-23.5208,0.4741,-7.5402,132.842,ppo_car_spread_a_deterministic
36.7407,-0.13600,0.0064,0.0000,0.04216,0.04218,0.23637,3.3,1.0000,-23.5202,0.4741,-7.5408,132.841,ppo_car_spread_a_deterministic
36.7607,-0.13459,0.0000,0.0044,0.04689,0.04691,0.26684,3.3,1.0000,-23.5194,0.4741,-7.5414,132.843,ppo_car_spread_a_deterministic
36.7807,-0.13459,0.0000,0.0044,0.04151,0.04153,0.39340,-0.9,1.0000,-23.5188,0.4741,-7.5419,132.845,ppo_car_spread_a_deterministic
36.8007,-0.13459,0.0000,0.0044,0.04206,0.04208,0.40978,-0.9,1.0000,-23.5182,0.4741,-7.5425,132.847,ppo_car_spread_a_deterministic
36.8207,-0.13459,0.0000,0.0044,0.04849,0.04852,0.30266,-0.9,1.0000,-23.5175,0.4741,-7.5431,132.846,ppo_car_spread_a_deterministic
36.8407,-0.13495,0.0011,0.0000,0.04769,0.04771,0.23815,-0.9,1.0000,-23.5167,0.4741,-7.5438,132.847,ppo_car_spread_a_deterministic
36.8607,-0.13495,0.0011,0.0000,0.04842,0.04845,0.27889,0.6,1.0000,-23.5160,0.4741,-7.5444,132.848,ppo_car_spread_a_deterministic
36.8807,-0.13495,0.0011,0.0000,0.04974,0.04976,0.28388,0.6,1.0000,-23.5152,0.4741,-7.5450,132.847,ppo_car_spread_a_deterministic
36.9007,-0.13495,0.0011,0.0000,0.04592,0.04594,0.17228,0.6,1.0000,-23.5146,0.4741,-7.5456,132.846,ppo_car_spread_a_deterministic
36.9207,-0.13484,0.0000,0.0057,0.04478,0.04479,0.21753,0.6,1.0000,-23.5139,0.4741,-7.5462,132.844,ppo_car_spread_a_deterministic
36.9407,-0.13484,0.0000,0.0057,0.04717,0.04719,0.25843,-1.2,1.0000,-23.5132,0.4741,-7.5469,132.846,ppo_car_spread_a_deterministic
36.9607,-0.13484,0.0000,0.0057,0.04258,0.04260,0.27374,-1.2,1.0000,-23.5125,0.4741,-7.5474,132.844,ppo_car_spread_a_deterministic
36.9807,-0.13484,0.0000,0.0057,0.04301,0.04303,0.17651,-1.2,1.0000,-23.5119,0.4741,-7.5480,132.842,ppo_car_spread_a_deterministic
37.0007,-0.13563,0.0016,0.0000,0.04705,0.04707,0.35403,-1.2,1.0000,-23.5112,0.4741,-7.5486,132.839,ppo_car_spread_a_deterministic
37.0207,-0.13563,0.0016,0.0000,0.04489,0.04491,0.36401,0.8,1.0000,-23.5105,0.4741,-7.5492,132.838,ppo_car_spread_a_deterministic
37.0407,-0.13563,0.0016,0.0000,0.04522,0.04524,0.18091,0.8,1.0000,-23.5098,0.4741,-7.5498,132.838,ppo_car_spread_a_deterministic
37.0607,-0.13563,0.0016,0.0000,0.05224,0.05227,0.23447,0.8,1.0000,-23.5090,0.4741,-7.5505,132.837,ppo_car_spread_a_deterministic
37.0807,-0.13513,0.0000,0.0016,0.04112,0.04114,0.27840,0.8,1.0000,-23.5084,0.4741,-7.5510,132.836,ppo_car_spread_a_deterministic
37.1007,-0.13513,0.0000,0.0016,0.04638,0.04641,0.27964,-0.3,1.0000,-23.5077,0.4741,-7.5516,132.837,ppo_car_spread_a_deterministic
37.1207,-0.13513,0.0000,0.0016,0.04484,0.04487,0.41020,-0.3,1.0000,-23.5070,0.4741,-7.5522,132.832,ppo_car_spread_a_deterministic
37.1407,-0.13513,0.0000,0.0016,0.04589,0.04590,0.25632,-0.3,1.0000,-23.5063,0.4741,-7.5528,132.834,ppo_car_spread_a_deterministic
37.1607,-0.13615,0.0001,0.0000,0.05146,0.05148,0.19792,-0.3,1.0000,-23.5056,0.4741,-7.5535,132.833,ppo_car_spread_a_deterministic
37.1807,-0.13615,0.0001,0.0000,0.04612,0.04614,0.16740,0.0,1.0000,-23.5049,0.4741,-7.5541,132.831,ppo_car_spread_a_deterministic
37.2007,-0.13615,0.0001,0.0000,0.05346,0.05348,0.25944,0.0,1.0000,-23.5041,0.4741,-7.5548,132.830,ppo_car_spread_a_deterministic
37.2207,-0.13615,0.0001,0.0000,0.04974,0.04976,0.22152,0.0,1.0000,-23.5033,0.4741,-7.5555,132.827,ppo_car_spread_a_deterministic
37.2407,-0.13481,0.0000,0.0091,0.04429,0.04431,0.19830,0.0,1.0000,-23.5026,0.4741,-7.5560,132.827,ppo_car_spread_a_deterministic
37.2607,-0.13481,0.0000,0.0091,0.04902,0.04905,0.22160,-1.9,1.0000,-23.5019,0.4741,-7.5567,132.824,ppo_car_spread_a_deterministic
37.2807,-0.13481,0.0000,0.0091,0.04060,0.04062,0.23003,-1.9,1.0000,-23.5013,0.4741,-7.5572,132.822,ppo_car_spread_a_deterministic
37.3007,-0.13481,0.0000,0.0091,0.04636,0.04638,0.12478,-1.9,1.0000,-23.5006,0.4741,-7.5578,132.822,ppo_car_spread_a_deterministic
37.3207,-0.13596,0.0035,0.0000,0.04503,0.04505,0.39792,-1.9,1.0000,-23.4999,0.4741,-7.5584,132.824,ppo_car_spread_a_deterministic
37.3407,-0.13596,0.0035,0.0000,0.03883,0.03885,0.37671,1.9,1.0000,-23.4993,0.4741,-7.5589,132.824,ppo_car_spread_a_deterministic
37.3607,-0.13596,0.0035,0.0000,0.04323,0.04325,0.23478,1.9,1.0000,-23.4987,0.4741,-7.5595,132.825,ppo_car_spread_a_deterministic
37.3807,-0.13596,0.0035,0.0000,0.04466,0.04468,0.17380,1.9,1.0000,-23.4980,0.4741,-7.5601,132.824,ppo_car_spread_a_deterministic
37.4007,-0.13540,0.0005,0.0000,0.04428,0.04430,0.34049,1.9,1.0000,-23.4974,0.4741,-7.5607,132.827,ppo_car_spread_a_deterministic
37.4207,-0.13540,0.0005,0.0000,0.04288,0.04291,0.38375,0.2,1.0000,-23.4967,0.4741,-7.5612,132.825,ppo_car_spread_a_deterministic
37.4407,-0.13540,0.0005,0.0000,0.04071,0.04073,0.37024,0.2,1.0000,-23.4961,0.4741,-7.5618,132.825,ppo_car_spread_a_deterministic
37.4607,-0.13540,0.0005,0.0000,0.03560,0.03562,0.39641,0.2,1.0000,-23.4956,0.4741,-7.5622,132.825,ppo_car_spread_a_deterministic
37.4807,-0.13560,0.0030,0.0000,0.04589,0.04591,0.18458,0.2,1.0000,-23.4949,0.4741,-7.5628,132.823,ppo_car_spread_a_deterministic
37.5007,-0.13560,0.0030,0.0000,0.04865,0.04867,0.25391,1.6,1.0000,-23.4941,0.4741,-7.5635,132.817,ppo_car_spread_a_deterministic
37.5207,-0.13560,0.0030,0.0000,0.05052,0.05054,0.22813,1.6,1.0000,-23.4934,0.4741,-7.5642,132.814,ppo_car_spread_a_deterministic
37.5407,-0.13560,0.0030,0.0000,0.05133,0.05135,0.27551,1.6,1.0000,-23.4926,0.4741,-7.5648,132.812,ppo_car_spread_a_deterministic
37.5607,-0.13560,0.0000,0.0056,0.04827,0.04829,0.13274,1.6,1.0000,-23.4919,0.4741,-7.5655,132.809,ppo_car_spread_a_deterministic
37.5807,-0.13560,0.0000,0.0056,0.04486,0.04488,0.38031,-1.2,1.0000,-23.4912,0.4741,-7.5661,132.809,ppo_car_spread_a_deterministic
37.6007,-0.13560,0.0000,0.0056,0.05037,0.05039,0.28328,-1.2,1.0000,-23.4904,0.4741,-7.5667,132.803,ppo_car_spread_a_deterministic
37.6207,-0.13560,0.0000,0.0056,0.04047,0.04049,0.36031,-1.2,1.0000,-23.4898,0.4741,-7.5673,132.800,ppo_car_spread_a_deterministic
37.6407,-0.13599,0.0000,0.0050,0.04943,0.04945,0.28100,-1.2,1.0000,-23.4891,0.4741,-7.5679,132.796,ppo_car_spread_a_deterministic
37.6607,-0.13599,0.0000,0.0050,0.04551,0.04553,0.33116,-1.0,1.0000,-23.4884,0.4741,-7.5685,132.797,ppo_car_spread_a_deterministic
37.6807,-0.13599,0.0000,0.0050,0.04107,0.04110,0.38727,-1.0,1.0000,-23.4878,0.4741,-7.5690,132.794,ppo_car_spread_a_deterministic
37.7007,-0.13599,0.0000,0.0050,0.04362,0.04364,0.34349,-1.0,1.0000,-23.4871,0.4741,-7.5696,132.790,ppo_car_spread_a_deterministic
37.7207,-0.13650,0.0034,0.0000,0.04676,0.04678,0.40611,-1.0,1.0000,-23.4864,0.4741,-7.5702,132.784,ppo_car_spread_a_deterministic
37.7407,-0.13650,0.0034,0.0000,0.03908,0.03910,0.38927,1.8,1.0000,-23.4858,0.4741,-7.5707,132.784,ppo_car_spread_a_deterministic
37.7607,-0.13650,0.0034,0.0000,0.04444,0.04446,0.18358,1.8,1.0000,-23.4852,0.4741,-7.5713,132.782,ppo_car_spread_a_deterministic
37.7807,-0.13650,0.0034,0.0000,0.03977,0.03979,0.40738,1.8,1.0000,-23.4846,0.4741,-7.5718,132.780,ppo_car_spread_a_deterministic
37.8007,-0.13600,0.0000,0.0002,0.05146,0.05148,0.27998,1.8,1.0000,-23.4838,0.4741,-7.5725,132.777,ppo_car_spread_a_deterministic
37.8207,-0.13600,0.0000,0.0002,0.04844,0.04846,0.18580,0.0,1.0000,-23.4830,0.4741,-7.5732,132.776,ppo_car_spread_a_deterministic
37.8407,-0.13600,0.0000,0.0002,0.04412,0.04414,0.40445,0.0,1.0000,-23.4824,0.4741,-7.5737,132.773,ppo_car_spread_a_deterministic
37.8607,-0.13600,0.0000,0.0002,0.04668,0.04670,0.25567,0.0,1.0000,-23.4817,0.4741,-7.5744,132.773,ppo_car_spread_a_deterministic
37.8807,-0.13640,0.0005,0.0000,0.05274,0.05277,0.22065,0.0,1.0000,-23.4809,0.4741,-7.5751,132.772,ppo_car_spread_a_deterministic
37.9007,-0.13640,0.0005,0.0000,0.04670,0.04672,0.22068,0.2,1.0000,-23.4802,0.4741,-7.5757,132.768,ppo_car_spread_a_deterministic
37.9207,-0.13640,0.0005,0.0000,0.05626,0.05628,0.27873,0.2,1.0000,-23.4793,0.4741,-7.5764,132.766,ppo_car_spread_a_deterministic
37.9407,-0.13640,0.0005,0.0000,0.04808,0.04811,0.39330,0.2,1.0000,-23.4786,0.4741,-7.5770,132.765,ppo_car_spread_a_deterministic
37.9607,-0.13527,0.0000,0.0116,0.04215,0.04217,0.35013,0.2,1.0000,-23.4780,0.4741,-7.5776,132.764,ppo_car_spread_a_deterministic
37.9807,-0.13527,0.0000,0.0116,0.05113,0.05116,0.25615,-2.4,1.0000,-23.4772,0.4741,-7.5783,132.761,ppo_car_spread_a_deterministic
38.0007,-0.13527,0.0000,0.0116,0.04884,0.04886,0.26953,-2.4,1.0000,-23.4764,0.4741,-7.5789,132.758,ppo_car_spread_a_deterministic
38.0207,-0.13527,0.0000,0.0116,0.04909,0.04910,0.31600,-2.4,1.0000,-23.4757,0.4741,-7.5796,132.755,ppo_car_spread_a_deterministic
38.0407,-0.13594,0.0000,0.0042,0.04213,0.04215,0.40560,-2.4,1.0000,-23.4751,0.4741,-7.5801,132.757,ppo_car_spread_a_deterministic
38.0607,-0.13594,0.0000,0.0042,0.04044,0.04046,0.38370,-0.9,1.0000,-23.4745,0.4741,-7.5806,132.758,ppo_car_spread_a_deterministic
38.0807,-0.13594,0.0000,0.0042,0.04864,0.04866,0.28328,-0.9,1.0000,-23.4737,0.4741,-7.5813,132.757,ppo_car_spread_a_deterministic
38.1007,-0.13594,0.0000,0.0042,0.04387,0.04389,0.33753,-0.9,1.0000,-23.4731,0.4741,-7.5819,132.756,ppo_car_spread_a_deterministic
38.1207,-0.13556,0.0000,0.0045,0.04606,0.04608,0.20686,-0.9,1.0000,-23.4724,0.4741,-7.5825,132.756,ppo_car_spread_a_deterministic
38.1407,-0.13556,0.0000,0.0045,0.04916,0.04918,0.29230,-1.0,1.0000,-23.4716,0.4741,-7.5831,132.753,ppo_car_spread_a_deterministic
38.1607,-0.13556,0.0000,0.0045,0.04644,0.04646,0.37327,-1.0,1.0000,-23.4709,0.4741,-7.5837,132.754,ppo_car_spread_a_deterministic
38.1807,-0.13556,0.0000,0.0045,0.03930,0.03932,0.40433,-1.0,1.0000,-23.4703,0.4741,-7.5842,132.754,ppo_car_spread_a_deterministic
38.2007,-0.13562,0.0000,0.0028,0.04263,0.04265,0.25930,-1.0,1.0000,-23.4697,0.4741,-7.5848,132.754,ppo_car_spread_a_deterministic
38.2207,-0.13562,0.0000,0.0028,0.04192,0.04193,0.35409,-0.6,1.0000,-23.4691,0.4741,-7.5853,132.752,ppo_car_spread_a_deterministic
38.2407,-0.13562,0.0000,0.0028,0.04297,0.04298,0.38006,-0.6,1.0000,-23.4684,0.4741,-7.5859,132.748,ppo_car_spread_a_deterministic
38.2607,-0.13562,0.0000,0.0028,0.04899,0.04900,0.23159,-0.6,1.0000,-23.4677,0.4741,-7.5866,132.747,ppo_car_spread_a_deterministic
38.2807,-0.13663,0.0019,0.0000,0.04243,0.04245,0.31064,-0.6,1.0000,-23.4671,0.4741,-7.5871,132.747,ppo_car_spread_a_deterministic
38.3007,-0.13663,0.0019,0.0000,0.04537,0.04539,0.28530,1.0,1.0000,-23.4664,0.4741,-7.5877,132.748,ppo_car_spread_a_deterministic
38.3207,-0.13663,0.0019,0.0000,0.04557,0.04559,0.20975,1.0,1.0000,-23.4657,0.4741,-7.5883,132.744,ppo_car_spread_a_deterministic
38.3407,-0.13663,0.0019,0.0000,0.04295,0.04297,0.20366,1.0,1.0000,-23.4650,0.4741,-7.5889,132.744,ppo_car_spread_a_deterministic
38.3607,-0.13672,0.0000,0.0005,0.04502,0.04504,0.20399,1.0,1.0000,-23.4644,0.4741,-7.5895,132.742,ppo_car_spread_a_deterministic
38.3807,-0.13672,0.0000,0.0005,0.04108,0.04110,0.38499,-0.1,1.0000,-23.4637,0.4741,-7.5900,132.744,ppo_car_spread_a_deterministic
38.4007,-0.13672,0.0000,0.0005,0.04308,0.04309,0.35286,-0.1,1.0000,-23.4631,0.4741,-7.5906,132.744,ppo_car_spread_a_deterministic
38.4207,-0.13672,0.0000,0.0005,0.04674,0.04676,0.28496,-0.1,1.0000,-23.4624,0.4741,-7.5912,132.745,ppo_car_spread_a_deterministic
38.4407,-0.13617,0.0010,0.0000,0.04535,0.04537,0.27778,-0.1,1.0000,-23.4617,0.4741,-7.5918,132.740,ppo_car_spread_a_deterministic
38.4607,-0.13617,0.0010,0.0000,0.04517,0.04519,0.25817,0.5,1.0000,-23.4610,0.4741,-7.5924,132.739,ppo_car_spread_a_deterministic
38.4807,-0.13617,0.0010,0.0000,0.04412,0.04415,0.38060,0.5,1.0000,-23.4603,0.4741,-7.5930,132.737,ppo_car_spread_a_deterministic
38.5007,-0.13617,0.0010,0.0000,0.04915,0.04916,0.28536,0.5,1.0000,-23.4596,0.4741,-7.5936,132.736,ppo_car_spread_a_deterministic
38.5207,-0.13654,0.0003,0.0000,0.04610,0.04612,0.40388,0.5,1.0000,-23.4589,0.4741,-7.5942,132.734,ppo_car_spread_a_deterministic
38.5407,-0.13654,0.0003,0.0000,0.04365,0.04367,0.22032,0.2,1.0000,-23.4582,0.4741,-7.5948,132.731,ppo_car_spread_a_deterministic
38.5607,-0.13654,0.0003,0.0000,0.04775,0.04778,0.23707,0.2,1.0000,-23.4575,0.4741,-7.5954,132.728,ppo_car_spread_a_deterministic
38.5807,-0.13654,0.0003,0.0000,0.04616,0.04618,0.09763,0.2,1.0000,-23.4568,0.4741,-7.5960,132.726,ppo_car_spread_a_deterministic
38.6007,-0.13662,0.0000,0.0027,0.04426,0.04428,0.37775,0.2,1.0000,-23.4562,0.4741,-7.5966,132.723,ppo_car_spread_a_deterministic
38.6207,-0.13662,0.0000,0.0027,0.04605,0.04607,0.28417,-0.6,1.0000,-23.4555,0.4741,-7.5972,132.722,ppo_car_spread_a_deterministic
38.6407,-0.13662,0.0000,0.0027,0.05019,0.05021,0.28521,-0.6,1.0000,-23.4547,0.4741,-7.5979,132.717,ppo_car_spread_a_deterministic
38.6607,-0.13662,0.0000,0.0027,0.04139,0.04141,0.39798,-0.6,1.0000,-23.4541,0.4741,-7.5984,132.715,ppo_car_spread_a_deterministic
38.6807,-0.13660,0.0000,0.0049,0.04754,0.04755,0.12470,-0.6,1.0000,-23.4534,0.4741,-7.5990,132.714,ppo_car_spread_a_deterministic
38.7007,-0.13660,0.0000,0.0049,0.03985,0.03987,0.33062,-1.0,1.0000,-23.4528,0.4741,-7.5996,132.714,ppo_car_spread_a_deterministic
38.7207,-0.13660,0.0000,0.0049,0.04799,0.04801,0.19744,-1.0,1.0000,-23.4520,0.4741,-7.6002,132.714,ppo_car_spread_a_deterministic
38.7407,-0.13660,0.0000,0.0049,0.04911,0.04912,0.29831,-1.0,1.0000,-23.4513,0.4741,-7.6008,132.713,ppo_car_spread_a_deterministic
38.7607,-0.13600,0.0000,0.0040,0.04252,0.04254,0.39598,-1.0,1.0000,-23.4507,0.4741,-7.6014,132.709,ppo_car_spread_a_deterministic
38.7807,-0.13600,0.0000,0.0040,0.04175,0.04177,0.16490,-0.8,1.0000,-23.4500,0.4741,-7.6019,132.708,ppo_car_spread_a_deterministic
38.8007,-0.13600,0.0000,0.0040,0.04571,0.04574,0.28329,-0.8,1.0000,-23.4493,0.4741,-7.6025,132.710,ppo_car_spread_a_deterministic
38.8207,-0.13600,0.0000,0.0040,0.04649,0.04652,0.27882,-0.8,1.0000,-23.4486,0.4741,-7.6031,132.709,ppo_car_spread_a_deterministic
38.8407,-0.13588,0.0000,0.0025,0.04508,0.04511,0.40133,-0.8,1.0000,-23.4479,0.4741,-7.6037,132.710,ppo_car_spread_a_deterministic
38.8607,-0.13588,0.0000,0.0025,0.04452,0.04454,0.18842,-0.5,1.0000,-23.4473,0.4741,-7.6043,132.708,ppo_car_spread_a_deterministic
38.8807,-0.13588,0.0000,0.0025,0.04648,0.04650,0.13763,-0.5,1.0000,-23.4466,0.4741,-7.6049,132.705,ppo_car_spread_a_deterministic
38.9007,-0.13588,0.0000,0.0025,0.04018,0.04020,0.34791,-0.5,1.0000,-23.4460,0.4741,-7.6055,132.705,ppo_car_spread_a_deterministic
38.9207,-0.13653,0.0000,0.0019,0.04585,0.04586,0.28912,-0.5,1.0000,-23.4453,0.4741,-7.6061,132.702,ppo_car_spread_a_deterministic
38.9407,-0.13653,0.0000,0.0019,0.04256,0.04257,0.26334,-0.4,1.0000,-23.4446,0.4741,-7.6066,132.704,ppo_car_spread_a_deterministic
38.9607,-0.13653,0.0000,0.0019,0.03883,0.03884,0.39153,-0.4,1.0000,-23.4441,0.4741,-7.6071,132.706,ppo_car_spread_a_deterministic
38.9807,-0.13653,0.0000,0.0019,0.04137,0.04140,0.31644,-0.4,1.0000,-23.4434,0.4741,-7.6077,132.706,ppo_car_spread_a_deterministic
39.0007,-0.13643,0.0044,0.0000,0.03736,0.03738,0.30069,-0.4,1.0000,-23.4429,0.4741,-7.6082,132.706,ppo_car_spread_a_deterministic
39.0207,-0.13643,0.0044,0.0000,0.04029,0.04031,0.20670,2.3,1.0000,-23.4423,0.4741,-7.6087,132.703,ppo_car_spread_a_deterministic
39.0407,-0.13643,0.0044,0.0000,0.03671,0.03673,0.40336,2.3,1.0000,-23.4417,0.4741,-7.6092,132.704,ppo_car_spread_a_deterministic
39.0607,-0.13643,0.0044,0.0000,0.04003,0.04005,0.25644,2.3,1.0000,-23.4411,0.4741,-7.6097,132.701,ppo_car_spread_a_deterministic
39.0807,-0.13696,0.0066,0.0000,0.03986,0.03987,0.20363,2.3,1.0000,-23.4405,0.4741,-7.6102,132.700,ppo_car_spread_a_deterministic
39.1007,-0.13696,0.0066,0.0000,0.04852,0.04854,0.26597,3.5,1.0000,-23.4398,0.4741,-7.6108,132.702,ppo_car_spread_a_deterministic
39.1207,-0.13696,0.0066,0.0000,0.04342,0.04344,0.37183,3.5,1.0000,-23.4391,0.4741,-7.6114,132.700,ppo_car_spread_a_deterministic
39.1407,-0.13696,0.0066,0.0000,0.04888,0.04891,0.20200,3.5,1.0000,-23.4384,0.4741,-7.6121,132.697,ppo_car_spread_a_deterministic
39.1607,-0.13692,0.0012,0.0000,0.05008,0.05011,0.30008,3.5,1.0000,-23.4376,0.4741,-7.6127,132.698,ppo_car_spread_a_deterministic
39.1807,-0.13692,0.0012,0.0000,0.04379,0.04381,0.40949,0.6,1.0000,-23.4369,0.4741,-7.6133,132.698,ppo_car_spread_a_deterministic
39.2007,-0.13692,0.0012,0.0000,0.04694,0.04696,0.27659,0.6,1.0000,-23.4362,0.4741,-7.6139,132.697,ppo_car_spread_a_deterministic
39.2207,-0.13692,0.0012,0.0000,0.04100,0.04102,0.40631,0.6,1.0000,-23.4356,0.4741,-7.6145,132.696,ppo_car_spread_a_deterministic
39.2407,-0.13631,0.0000,0.0030,0.04086,0.04088,0.40758,0.6,1.0000,-23.4350,0.4741,-7.6150,132.692,ppo_car_spread_a_deterministic
39.2607,-0.13631,0.0000,0.0030,0.04420,0.04421,0.38080,-0.6,1.0000,-23.4343,0.4741,-7.6156,132.692,ppo_car_spread_a_deterministic
39.2807,-0.13631,0.0000,0.0030,0.05080,0.05083,0.13007,-0.6,1.0000,-23.4336,0.4741,-7.6162,132.691,ppo_car_spread_a_deterministic
39.3007,-0.13631,0.0000,0.0030,0.04957,0.04959,0.21545,-0.6,1.0000,-23.4328,0.4741,-7.6169,132.689,ppo_car_spread_a_deterministic
39.3207,-0.13620,0.0000,0.0064,0.04675,0.04678,0.31584,-0.6,1.0000,-23.4321,0.4741,-7.6175,132.688,ppo_car_spread_a_deterministic
39.3407,-0.13620,0.0000,0.0064,0.04841,0.04843,0.29525,-1.3,1.0000,-23.4314,0.4741,-7.6181,132.690,ppo_car_spread_a_deterministic
39.3607,-0.13620,0.0000,0.0064,0.04461,0.04463,0.21089,-1.3,1.0000,-23.4307,0.4741,-7.6187,132.689,ppo_car_spread_a_deterministic
39.3807,-0.13620,0.0000,0.0064,0.04581,0.04583,0.29138,-1.3,1.0000,-23.4300,0.4741,-7.6193,132.691,ppo_car_spread_a_deterministic
39.4007,-0.13664,0.0000,0.0005,0.04450,0.04453,0.37236,-1.3,1.0000,-23.4293,0.4741,-7.6199,132.692,ppo_car_spread_a_deterministic
39.4207,-0.13664,0.0000,0.0005,0.04672,0.04674,0.28037,-0.1,1.0000,-23.4286,0.4741,-7.6205,132.690,ppo_car_spread_a_deterministic
39.4407,-0.13664,0.0000,0.0005,0.04315,0.04317,0.17965,-0.1,1.0000,-23.4280,0.4741,-7.6211,132.690,ppo_car_spread_a_deterministic
39.4607,-0.13664,0.0000,0.0005,0.05268,0.05270,0.23387,-0.1,1.0000,-23.4272,0.4741,-7.6218,132.690,ppo_car_spread_a_deterministic
39.4807,-0.13662,0.0007,0.0000,0.04708,0.04709,0.19834,-0.1,1.0000,-23.4265,0.4741,-7.6224,132.691,ppo_car_spread_a_deterministic
39.5007,-0.13662,0.0007,0.0000,0.04652,0.04655,0.28803,0.4,1.0000,-23.4258,0.4741,-7.6230,132.689,ppo_car_spread_a_deterministic
39.5207,-0.13662,0.0007,0.0000,0.04639,0.04641,0.37575,0.4,1.0000,-23.4251,0.4741,-7.6236,132.690,ppo_car_spread_a_deterministic
39.5407,-0.13662,0.0007,0.0000,0.04654,0.04657,0.26622,0.4,1.0000,-23.4243,0.4741,-7.6242,132.690,ppo_car_spread_a_deterministic
39.5607,-0.13623,0.0000,0.0029,0.04650,0.04653,0.15831,0.4,1.0000,-23.4236,0.4741,-7.6248,132.686,ppo_car_spread_a_deterministic
39.5807,-0.13623,0.0000,0.0029,0.04102,0.04103,0.40122,-0.6,1.0000,-23.4230,0.4741,-7.6254,132.685,ppo_car_spread_a_deterministic
39.6007,-0.13623,0.0000,0.0029,0.04499,0.04500,0.38370,-0.6,1.0000,-23.4224,0.4741,-7.6260,132.679,ppo_car_spread_a_deterministic
39.6207,-0.13623,0.0000,0.0029,0.04128,0.04130,0.39348,-0.6,1.0000,-23.4217,0.4741,-7.6265,132.677,ppo_car_spread_a_deterministic
39.6407,-0.13758,0.0004,0.0000,0.04219,0.04220,0.37694,-0.6,1.0000,-23.4211,0.4741,-7.6270,132.675,ppo_car_spread_a_deterministic
39.6607,-0.13758,0.0004,0.0000,0.04999,0.05001,0.27128,0.2,1.0000,-23.4203,0.4741,-7.6277,132.672,ppo_car_spread_a_deterministic
39.6807,-0.13758,0.0004,0.0000,0.04555,0.04557,0.21172,0.2,1.0000,-23.4197,0.4741,-7.6283,132.668,ppo_car_spread_a_deterministic
39.7007,-0.13758,0.0004,0.0000,0.04827,0.04829,0.33894,0.2,1.0000,-23.4189,0.4741,-7.6289,132.664,ppo_car_spread_a_deterministic
39.7207,-0.13749,0.0000,0.0004,0.04982,0.04984,0.20294,0.2,1.0000,-23.4182,0.4741,-7.6296,132.660,ppo_car_spread_a_deterministic
39.7407,-0.13749,0.0000,0.0004,0.04739,0.04741,0.07886,-0.1,1.0000,-23.4174,0.4741,-7.6302,132.658,ppo_car_spread_a_deterministic
39.7607,-0.13749,0.0000,0.0004,0.05024,0.05027,0.28412,-0.1,1.0000,-23.4167,0.4741,-7.6309,132.658,ppo_car_spread_a_deterministic
39.7807,-0.13749,0.0000,0.0004,0.04726,0.04728,0.19886,-0.1,1.0000,-23.4160,0.4741,-7.6315,132.656,ppo_car_spread_a_deterministic
39.8007,-0.13663,0.0000,0.0059,0.04799,0.04801,0.22490,-0.1,1.0000,-23.4152,0.4741,-7.6321,132.657,ppo_car_spread_a_deterministic
39.8207,-0.13663,0.0000,0.0059,0.04713,0.04716,0.32522,-1.2,1.0000,-23.4145,0.4741,-7.6327,132.654,ppo_car_spread_a_deterministic
39.8407,-0.13663,0.0000,0.0059,0.04359,0.04361,0.40590,-1.2,1.0000,-23.4139,0.4741,-7.6333,132.654,ppo_car_spread_a_deterministic
39.8607,-0.13663,0.0000,0.0059,0.04376,0.04378,0.25232,-1.2,1.0000,-23.4132,0.4741,-7.6339,132.656,ppo_car_spread_a_deterministic
39.8807,-0.13684,0.0001,0.0000,0.04798,0.04800,0.28819,-1.2,1.0000,-23.4125,0.4741,-7.6345,132.654,ppo_car_spread_a_deterministic
39.9007,-0.13684,0.0001,0.0000,0.04357,0.04359,0.34342,0.0,1.0000,-23.4118,0.4741,-7.6351,132.652,ppo_car_spread_a_deterministic
39.9207,-0.13684,0.0001,0.0000,0.04690,0.04691,0.36679,0.0,1.0000,-23.4111,0.4741,-7.6357,132.649,ppo_car_spread_a_deterministic
39.9407,-0.13684,0.0001,0.0000,0.04871,0.04873,0.24515,0.0,1.0000,-23.4104,0.4741,-7.6363,132.647,ppo_car_spread_a_deterministic
39.9607,-0.13716,0.0000,0.0019,0.03963,0.03965,0.20979,0.0,1.0000,-23.4098,0.4741,-7.6368,132.645,ppo_car_spread_a_deterministic
39.9807,-0.13716,0.0000,0.0019,0.04361,0.04362,0.33504,-0.4,1.0000,-23.4091,0.4741,-7.6374,132.647,ppo_car_spread_a_deterministic
40.0007,-0.13716,0.0000,0.0019,0.04122,0.04123,0.31208,-0.4,1.0000,-23.4085,0.4741,-7.6380,132.647,ppo_car_spread_a_deterministic
40.0207,-0.13716,0.0000,0.0019,0.04662,0.04664,0.39274,-0.4,1.0000,-23.4078,0.4741,-7.6386,132.648,ppo_car_spread_a_deterministic
40.0407,-0.13719,0.0027,0.0000,0.04664,0.04666,0.21697,-0.4,1.0000,-23.4071,0.4741,-7.6392,132.649,ppo_car_spread_a_deterministic
40.0607,-0.13719,0.0027,0.0000,0.04352,0.04354,0.32993,1.4,1.0000,-23.4064,0.4741,-7.6398,132.650,ppo_car_spread_a_deterministic
40.0807,-0.13719,0.0027,0.0000,0.04783,0.04785,0.27956,1.4,1.0000,-23.4057,0.4741,-7.6404,132.650,ppo_car_spread_a_deterministic
40.1007,-0.13719,0.0027,0.0000,0.04825,0.04827,0.22528,1.4,1.0000,-23.4050,0.4741,-7.6410,132.650,ppo_car_spread_a_deterministic
40.1207,-0.13661,0.0000,0.0036,0.04171,0.04173,0.38947,1.4,1.0000,-23.4044,0.4741,-7.6416,132.649,ppo_car_spread_a_deterministic
40.1407,-0.13661,0.0000,0.0036,0.04072,0.04074,0.38014,-0.7,1.0000,-23.4037,0.4741,-7.6421,132.648,ppo_car_spread_a_deterministic
40.1607,-0.13661,0.0000,0.0036,0.04703,0.04705,0.23859,-0.7,1.0000,-23.4030,0.4741,-7.6427,132.647,ppo_car_spread_a_deterministic
40.1807,-0.13661,0.0000,0.0036,0.04550,0.04552,0.27064,-0.7,1.0000,-23.4024,0.4741,-7.6433,132.647,ppo_car_spread_a_deterministic
40.2007,-0.13674,0.0000,0.0027,0.04731,0.04733,0.26065,-0.7,1.0000,-23.4016,0.4741,-7.6439,132.644,ppo_car_spread_a_deterministic
40.2207,-0.13674,0.0000,0.0027,0.04880,0.04882,0.22164,-0.6,1.0000,-23.4009,0.4741,-7.6446,132.643,ppo_car_spread_a_deterministic
40.2407,-0.13674,0.0000,0.0027,0.04329,0.04330,0.32724,-0.6,1.0000,-23.4002,0.4741,-7.6452,132.641,ppo_car_spread_a_deterministic
40.2607,-0.13674,0.0000,0.0027,0.04409,0.04411,0.20284,-0.6,1.0000,-23.3996,0.4741,-7.6457,132.641,ppo_car_spread_a_deterministic
40.2807,-0.13724,0.0011,0.0000,0.04350,0.04352,0.17603,-0.6,1.0000,-23.3989,0.4741,-7.6463,132.640,ppo_car_spread_a_deterministic
40.3007,-0.13724,0.0011,0.0000,0.04645,0.04648,0.40831,0.6,1.0000,-23.3982,0.4741,-7.6469,132.635,ppo_car_spread_a_deterministic
40.3207,-0.13724,0.0011,0.0000,0.04644,0.04646,0.28013,0.6,1.0000,-23.3975,0.4741,-7.6475,132.630,ppo_car_spread_a_deterministic
40.3407,-0.13724,0.0011,0.0000,0.04777,0.04779,0.34419,0.6,1.0000,-23.3968,0.4741,-7.6481,132.630,ppo_car_spread_a_deterministic
40.3607,-0.13791,0.0000,0.0009,0.04777,0.04779,0.23406,0.6,1.0000,-23.3961,0.4741,-7.6488,132.632,ppo_car_spread_a_deterministic
40.3807,-0.13791,0.0000,0.0009,0.04551,0.04553,0.09971,-0.2,1.0000,-23.3954,0.4741,-7.6494,132.631,ppo_car_spread_a_deterministic
40.4007,-0.13791,0.0000,0.0009,0.04545,0.04546,0.25539,-0.2,1.0000,-23.3947,0.4741,-7.6500,132.629,ppo_car_spread_a_deterministic
40.4207,-0.13791,0.0000,0.0009,0.04717,0.04718,0.23494,-0.2,1.0000,-23.3940,0.4741,-7.6506,132.628,ppo_car_spread_a_deterministic
40.4407,-0.13728,0.0000,0.0008,0.04421,0.04423,0.33920,-0.2,1.0000,-23.3933,0.4741,-7.6512,132.623,ppo_car_spread_a_deterministic
40.4607,-0.13728,0.0000,0.0008,0.05147,0.05149,0.26369,-0.2,1.0000,-23.3925,0.4741,-7.6518,132.620,ppo_car_spread_a_deterministic
40.4807,-0.13728,0.0000,0.0008,0.03763,0.03765,0.34765,-0.2,1.0000,-23.3920,0.4741,-7.6523,132.620,ppo_car_spread_a_deterministic
40.5007,-0.13728,0.0000,0.0008,0.04468,0.04470,0.25211,-0.2,1.0000,-23.3913,0.4741,-7.6529,132.618,ppo_car_spread_a_deterministic
40.5207,-0.13776,0.0061,0.0000,0.04416,0.04418,0.30360,-0.2,1.0000,-23.3906,0.4741,-7.6535,132.618,ppo_car_spread_a_deterministic
40.5407,-0.13776,0.0061,0.0000,0.04667,0.04669,0.29889,3.2,1.0000,-23.3899,0.4741,-7.6541,132.618,ppo_car_spread_a_deterministic
40.5607,-0.13776,0.0061,0.0000,0.04431,0.04433,0.27959,3.2,1.0000,-23.3892,0.4741,-7.6547,132.619,ppo_car_spread_a_deterministic
40.5807,-0.13776,0.0061,0.0000,0.04562,0.04564,0.40198,3.2,1.0000,-23.3886,0.4741,-7.6553,132.614,ppo_car_spread_a_deterministic
40.6007,-0.13708,0.0000,0.0005,0.04527,0.04528,0.33326,3.2,1.0000,-23.3879,0.4741,-7.6559,132.610,ppo_car_spread_a_deterministic
40.6207,-0.13708,0.0000,0.0005,0.04652,0.04654,0.31991,-0.1,1.0000,-23.3872,0.4741,-7.6565,132.605,ppo_car_spread_a_deterministic
40.6407,-0.13708,0.0000,0.0005,0.04676,0.04678,0.14407,-0.1,1.0000,-23.3865,0.4741,-7.6571,132.604,ppo_car_spread_a_deterministic
40.6607,-0.13708,0.0000,0.0005,0.05081,0.05083,0.23611,-0.1,1.0000,-23.3857,0.4741,-7.6578,132.601,ppo_car_spread_a_deterministic
40.6807,-0.13716,0.0000,0.0025,0.04279,0.04281,0.20200,-0.1,1.0000,-23.3850,0.4741,-7.6583,132.601,ppo_car_spread_a_deterministic
40.7007,-0.13716,0.0000,0.0025,0.05018,0.05020,0.23319,-0.5,1.0000,-23.3843,0.4741,-7.6590,132.602,ppo_car_spread_a_deterministic
40.7207,-0.13716,0.0000,0.0025,0.05176,0.05178,0.25459,-0.5,1.0000,-23.3835,0.4741,-7.6597,132.603,ppo_car_spread_a_deterministic
40.7407,-0.13716,0.0000,0.0025,0.05015,0.05017,0.23180,-0.5,1.0000,-23.3827,0.4741,-7.6603,132.601,ppo_car_spread_a_deterministic
40.7607,-0.13634,0.0000,0.0081,0.04373,0.04375,0.39727,-0.5,1.0000,-23.3821,0.4741,-7.6609,132.605,ppo_car_spread_a_deterministic
40.7807,-0.13634,0.0000,0.0081,0.04455,0.04457,0.37786,-1.7,1.0000,-23.3814,0.4741,-7.6615,132.603,ppo_car_spread_a_deterministic
40.8007,-0.13634,0.0000,0.0081,0.04557,0.04559,0.39110,-1.7,1.0000,-23.3807,0.4741,-7.6621,132.604,ppo_car_spread_a_deterministic
40.8207,-0.13634,0.0000,0.0081,0.04768,0.04770,0.20286,-1.7,1.0000,-23.3800,0.4741,-7.6627,132.601,ppo_car_spread_a_deterministic
40.8407,-0.13696,0.0000,0.0020,0.04283,0.04284,0.39792,-1.7,1.0000,-23.3794,0.4741,-7.6633,132.598,ppo_car_spread_a_deterministic
40.8607,-0.13696,0.0000,0.0020,0.04028,0.04030,0.40230,-0.4,1.0000,-23.3788,0.4741,-7.6638,132.597,ppo_car_spread_a_deterministic
40.8807,-0.13696,0.0000,0.0020,0.04845,0.04847,0.27383,-0.4,1.0000,-23.3780,0.4741,-7.6644,132.593,ppo_car_spread_a_deterministic
40.9008,-0.13696,0.0000,0.0020,0.04082,0.04084,0.34813,-0.4,1.0000,-23.3774,0.4741,-7.6649,132.592,ppo_car_spread_a_deterministic
40.9208,-0.13781,0.0000,0.0031,0.04121,0.04123,0.36141,-0.4,1.0000,-23.3768,0.4741,-7.6655,132.591,ppo_car_spread_a_deterministic
40.9408,-0.13781,0.0000,0.0031,0.04284,0.04286,0.36076,-0.6,1.0000,-23.3761,0.4741,-7.6660,132.592,ppo_car_spread_a_deterministic
40.9608,-0.13781,0.0000,0.0031,0.04579,0.04581,0.40015,-0.6,1.0000,-23.3754,0.4741,-7.6666,132.587,ppo_car_spread_a_deterministic
40.9808,-0.13781,0.0000,0.0031,0.04611,0.04614,0.29017,-0.6,1.0000,-23.3747,0.4741,-7.6672,132.586,ppo_car_spread_a_deterministic
41.0008,-0.13842,0.0000,0.0004,0.04592,0.04594,0.26277,-0.6,1.0000,-23.3740,0.4741,-7.6679,132.585,ppo_car_spread_a_deterministic
41.0208,-0.13842,0.0000,0.0004,0.04497,0.04499,0.38882,-0.1,1.0000,-23.3734,0.4741,-7.6684,132.582,ppo_car_spread_a_deterministic
41.0408,-0.13842,0.0000,0.0004,0.04780,0.04782,0.25605,-0.1,1.0000,-23.3726,0.4741,-7.6691,132.579,ppo_car_spread_a_deterministic
41.0608,-0.13842,0.0000,0.0004,0.04828,0.04830,0.22188,-0.1,1.0000,-23.3719,0.4741,-7.6697,132.576,ppo_car_spread_a_deterministic
41.0808,-0.13780,0.0000,0.0028,0.04100,0.04102,0.31437,-0.1,1.0000,-23.3713,0.4741,-7.6702,132.576,ppo_car_spread_a_deterministic
41.1008,-0.13780,0.0000,0.0028,0.04814,0.04817,0.27970,-0.6,1.0000,-23.3705,0.4741,-7.6709,132.575,ppo_car_spread_a_deterministic
41.1208,-0.13780,0.0000,0.0028,0.04829,0.04831,0.29191,-0.6,1.0000,-23.3698,0.4741,-7.6715,132.575,ppo_car_spread_a_deterministic
41.1408,-0.13780,0.0000,0.0028,0.04268,0.04270,0.23523,-0.6,1.0000,-23.3692,0.4741,-7.6721,132.576,ppo_car_spread_a_deterministic
41.1608,-0.13711,0.0000,0.0044,0.04327,0.04330,0.38170,-0.6,1.0000,-23.3685,0.4741,-7.6726,132.574,ppo_car_spread_a_deterministic
41.1808,-0.13711,0.0000,0.0044,0.04149,0.04151,0.40059,-0.9,1.0000,-23.3679,0.4741,-7.6732,132.572,ppo_car_spread_a_deterministic
41.2008,-0.13711,0.0000,0.0044,0.04232,0.04234,0.20913,-0.9,1.0000,-23.3672,0.4741,-7.6737,132.570,ppo_car_spread_a_deterministic
41.2208,-0.13711,0.0000,0.0044,0.04482,0.04484,0.17065,-0.9,1.0000,-23.3666,0.4741,-7.6743,132.566,ppo_car_spread_a_deterministic
41.2408,-0.13820,0.0023,0.0000,0.04221,0.04223,0.18499,-0.9,1.0000,-23.3659,0.4741,-7.6748,132.564,ppo_car_spread_a_deterministic
41.2608,-0.13820,0.0023,0.0000,0.04340,0.04342,0.14831,1.2,1.0000,-23.3653,0.4741,-7.6754,132.563,ppo_car_spread_a_deterministic
41.2808,-0.13820,0.0023,0.0000,0.04499,0.04501,0.20650,1.2,1.0000,-23.3646,0.4741,-7.6760,132.561,ppo_car_spread_a_deterministic
41.3008,-0.13820,0.0023,0.0000,0.04439,0.04441,0.14357,1.2,1.0000,-23.3639,0.4741,-7.6766,132.560,ppo_car_spread_a_deterministic
41.3208,-0.13816,0.0000,0.0001,0.04003,0.04004,0.23949,1.2,1.0000,-23.3633,0.4741,-7.6771,132.558,ppo_car_spread_a_deterministic
41.3408,-0.13816,0.0000,0.0001,0.04211,0.04213,0.35958,0.0,1.0000,-23.3627,0.4741,-7.6777,132.562,ppo_car_spread_a_deterministic
41.3608,-0.13816,0.0000,0.0001,0.04209,0.04211,0.30225,0.0,1.0000,-23.3620,0.4741,-7.6782,132.560,ppo_car_spread_a_deterministic
41.3808,-0.13816,0.0000,0.0001,0.04870,0.04872,0.28926,0.0,1.0000,-23.3613,0.4741,-7.6788,132.561,ppo_car_spread_a_deterministic
41.4008,-0.13836,0.0026,0.0000,0.04568,0.04570,0.23757,0.0,1.0000,-23.3606,0.4741,-7.6794,132.558,ppo_car_spread_a_deterministic
41.4208,-0.13836,0.0026,0.0000,0.03888,0.03890,0.37655,1.4,1.0000,-23.3600,0.4741,-7.6800,132.560,ppo_car_spread_a_deterministic
41.4408,-0.13836,0.0026,0.0000,0.04738,0.04741,0.25351,1.4,1.0000,-23.3593,0.4741,-7.6806,132.558,ppo_car_spread_a_deterministic
41.4608,-0.13836,0.0026,0.0000,0.04121,0.04123,0.36357,1.4,1.0000,-23.3587,0.4741,-7.6811,132.557,ppo_car_spread_a_deterministic
41.4808,-0.13814,0.0000,0.0024,0.05032,0.05034,0.27329,1.4,1.0000,-23.3579,0.4741,-7.6818,132.555,ppo_car_spread_a_deterministic
41.5008,-0.13814,0.0000,0.0024,0.04420,0.04422,0.31433,-0.5,1.0000,-23.3572,0.4741,-7.6824,132.551,ppo_car_spread_a_deterministic
41.5208,-0.13814,0.0000,0.0024,0.04395,0.04397,0.16180,-0.5,1.0000,-23.3566,0.4741,-7.6829,132.549,ppo_car_spread_a_deterministic
41.5408,-0.13814,0.0000,0.0024,0.03688,0.03690,0.39136,-0.5,1.0000,-23.3560,0.4741,-7.6834,132.549,ppo_car_spread_a_deterministic
41.5608,-0.13828,0.0008,0.0000,0.04359,0.04361,0.36015,-0.5,1.0000,-23.3554,0.4741,-7.6840,132.549,ppo_car_spread_a_deterministic
41.5808,-0.13828,0.0008,0.0000,0.04816,0.04818,0.22142,0.4,1.0000,-23.3546,0.4741,-7.6846,132.547,ppo_car_spread_a_deterministic
41.6008,-0.13828,0.0008,0.0000,0.04382,0.04384,0.27796,0.4,1.0000,-23.3540,0.4741,-7.6852,132.544,ppo_car_spread_a_deterministic
41.6208,-0.13828,0.0008,0.0000,0.04774,0.04776,0.22315,0.4,1.0000,-23.3532,0.4741,-7.6858,132.541,ppo_car_spread_a_deterministic
41.6408,-0.13842,0.0011,0.0000,0.04415,0.04417,0.39028,0.4,1.0000,-23.3526,0.4741,-7.6864,132.537,ppo_car_spread_a_deterministic
41.6608,-0.13842,0.0011,0.0000,0.03994,0.03996,0.31240,0.6,1.0000,-23.3520,0.4741,-7.6869,132.537,ppo_car_spread_a_deterministic
41.6808,-0.13842,0.0011,0.0000,0.04040,0.04041,0.39672,0.6,1.0000,-23.3514,0.4741,-7.6874,132.533,ppo_car_spread_a_deterministic
41.7008,-0.13842,0.0011,0.0000,0.03807,0.03809,0.40975,0.6,1.0000,-23.3508,0.4741,-7.6879,132.535,ppo_car_spread_a_deterministic
41.7208,-0.13908,0.0048,0.0000,0.04892,0.04894,0.28830,0.6,1.0000,-23.3500,0.4741,-7.6886,132.533,ppo_car_spread_a_deterministic
41.7408,-0.13908,0.0048,0.0000,0.04680,0.04682,0.15123,2.5,1.0000,-23.3493,0.4741,-7.6892,132.534,ppo_car_spread_a_deterministic
41.7608,-0.13908,0.0048,0.0000,0.04395,0.04397,0.29577,2.5,1.0000,-23.3487,0.4741,-7.6898,132.532,ppo_car_spread_a_deterministic
41.7808,-0.13908,0.0048,0.0000,0.04523,0.04525,0.29607,2.5,1.0000,-23.3480,0.4741,-7.6904,132.528,ppo_car_spread_a_deterministic
41.8008,-0.13834,0.0007,0.0000,0.04929,0.04931,0.22796,2.5,1.0000,-23.3472,0.4741,-7.6910,132.530,ppo_car_spread_a_deterministic
41.8208,-0.13834,0.0007,0.0000,0.04396,0.04398,0.26513,0.4,1.0000,-23.3466,0.4741,-7.6916,132.529,ppo_car_spread_a_deterministic
41.8408,-0.13834,0.0007,0.0000,0.04585,0.04588,0.32192,0.4,1.0000,-23.3459,0.4741,-7.6922,132.529,ppo_car_spread_a_deterministic
41.8608,-0.13834,0.0007,0.0000,0.04574,0.04577,0.24116,0.4,1.0000,-23.3452,0.4741,-7.6928,132.530,ppo_car_spread_a_deterministic
41.8808,-0.13817,0.0000,0.0015,0.04602,0.04604,0.16595,0.4,1.0000,-23.3445,0.4741,-7.6934,132.529,ppo_car_spread_a_deterministic
41.9008,-0.13817,0.0000,0.0015,0.05304,0.05306,0.25791,-0.3,1.0000,-23.3437,0.4741,-7.6941,132.530,ppo_car_spread_a_deterministic
41.9208,-0.13817,0.0000,0.0015,0.05023,0.05025,0.24833,-0.3,1.0000,-23.3429,0.4741,-7.6947,132.531,ppo_car_spread_a_deterministic
41.9408,-0.13817,0.0000,0.0015,0.04785,0.04787,0.26358,-0.3,1.0000,-23.3422,0.4741,-7.6954,132.531,ppo_car_spread_a_deterministic
41.9608,-0.13727,0.0000,0.0063,0.05040,0.05042,0.27393,-0.3,1.0000,-23.3414,0.4741,-7.6960,132.526,ppo_car_spread_a_deterministic
41.9808,-0.13727,0.0000,0.0063,0.04293,0.04295,0.28158,-1.3,1.0000,-23.3408,0.4741,-7.6966,132.523,ppo_car_spread_a_deterministic
42.0008,-0.13727,0.0000,0.0063,0.04998,0.05000,0.21030,-1.3,1.0000,-23.3400,0.4741,-7.6972,132.523,ppo_car_spread_a_deterministic
42.0208,-0.13727,0.0000,0.0063,0.04825,0.04827,0.27663,-1.3,1.0000,-23.3393,0.4741,-7.6979,132.519,ppo_car_spread_a_deterministic
42.0408,-0.13736,0.0000,0.0059,0.04503,0.04506,0.25645,-1.3,1.0000,-23.3386,0.4741,-7.6984,132.517,ppo_car_spread_a_deterministic
42.0608,-0.13736,0.0000,0.0059,0.04488,0.04490,0.41022,-1.2,1.0000,-23.3379,0.4741,-7.6990,132.518,ppo_car_spread_a_deterministic
42.0808,-0.13736,0.0000,0.0059,0.04418,0.04420,0.22596,-1.2,1.0000,-23.3373,0.4741,-7.6996,132.516,ppo_car_spread_a_deterministic
42.1008,-0.13736,0.0000,0.0059,0.04590,0.04593,0.25915,-1.2,1.0000,-23.3366,0.4741,-7.7002,132.513,ppo_car_spread_a_deterministic
42.1208,-0.13849,0.0005,0.0000,0.04547,0.04549,0.17697,-1.2,1.0000,-23.3359,0.4741,-7.7008,132.509,ppo_car_spread_a_deterministic
42.1408,-0.13849,0.0005,0.0000,0.04558,0.04559,0.15445,0.3,1.0000,-23.3352,0.4741,-7.7014,132.507,ppo_car_spread_a_deterministic
42.1608,-0.13849,0.0005,0.0000,0.04982,0.04984,0.29092,0.3,1.0000,-23.3344,0.4741,-7.7020,132.506,ppo_car_spread_a_deterministic
42.1808,-0.13849,0.0005,0.0000,0.03854,0.03856,0.40841,0.3,1.0000,-23.3339,0.4741,-7.7025,132.505,ppo_car_spread_a_deterministic
42.2008,-0.13790,0.0000,0.0052,0.04451,0.04452,0.36184,0.3,1.0000,-23.3332,0.4741,-7.7031,132.505,ppo_car_spread_a_deterministic
42.2208,-0.13790,0.0000,0.0052,0.04595,0.04597,0.27670,-1.1,1.0000,-23.3325,0.4741,-7.7037,132.500,ppo_car_spread_a_deterministic
42.2408,-0.13790,0.0000,0.0052,0.04480,0.04482,0.36638,-1.1,1.0000,-23.3318,0.4741,-7.7043,132.497,ppo_car_spread_a_deterministic
42.2608,-0.13790,0.0000,0.0052,0.04821,0.04823,0.26006,-1.1,1.0000,-23.3311,0.4741,-7.7049,132.499,ppo_car_spread_a_deterministic
42.2808,-0.13887,0.0004,0.0000,0.04489,0.04492,0.14922,-1.1,1.0000,-23.3304,0.4741,-7.7055,132.497,ppo_car_spread_a_deterministic
42.3008,-0.13887,0.0004,0.0000,0.04749,0.04751,0.29686,0.2,1.0000,-23.3297,0.4741,-7.7061,132.494,ppo_car_spread_a_deterministic
42.3208,-0.13887,0.0004,0.0000,0.04865,0.04868,0.25066,0.2,1.0000,-23.3289,0.4741,-7.7068,132.492,ppo_car_spread_a_deterministic
42.3408,-0.13887,0.0004,0.0000,0.04434,0.04436,0.20311,0.2,1.0000,-23.3283,0.4741,-7.7074,132.493,ppo_car_spread_a_deterministic
42.3608,-0.13854,0.0000,0.0036,0.04487,0.04489,0.19941,0.2,1.0000,-23.3276,0.4741,-7.7079,132.493,ppo_car_spread_a_deterministic
42.3808,-0.13854,0.0000,0.0036,0.04854,0.04856,0.28918,-0.8,1.0000,-23.3268,0.4741,-7.7086,132.493,ppo_car_spread_a_deterministic
42.4008,-0.13854,0.0000,0.0036,0.04631,0.04633,0.40522,-0.8,1.0000,-23.3261,0.4741,-7.7092,132.489,ppo_car_spread_a_deterministic
42.4208,-0.13854,0.0000,0.0036,0.04196,0.04198,0.37443,-0.8,1.0000,-23.3255,0.4741,-7.7097,132.491,ppo_car_spread_a_deterministic
42.4408,-0.13880,0.0000,0.0010,0.04894,0.04897,0.23999,-0.8,1.0000,-23.3248,0.4741,-7.7104,132.491,ppo_car_spread_a_deterministic
42.4608,-0.13880,0.0000,0.0010,0.04840,0.04842,0.23123,-0.2,1.0000,-23.3240,0.4741,-7.7110,132.488,ppo_car_spread_a_deterministic
42.4808,-0.13880,0.0000,0.0010,0.04421,0.04423,0.17346,-0.2,1.0000,-23.3234,0.4741,-7.7116,132.485,ppo_car_spread_a_deterministic
42.5008,-0.13880,0.0000,0.0010,0.04052,0.04054,0.37468,-0.2,1.0000,-23.3228,0.4741,-7.7121,132.485,ppo_car_spread_a_deterministic
42.5208,-0.13891,0.0007,0.0000,0.04438,0.04440,0.21613,-0.2,1.0000,-23.3221,0.4741,-7.7127,132.482,ppo_car_spread_a_deterministic
42.5408,-0.13891,0.0007,0.0000,0.04291,0.04293,0.33982,0.4,1.0000,-23.3214,0.4741,-7.7133,132.480,ppo_car_spread_a_deterministic
42.5608,-0.13891,0.0007,0.0000,0.04625,0.04628,0.18468,0.4,1.0000,-23.3207,0.4741,-7.7139,132.477,ppo_car_spread_a_deterministic
42.5808,-0.13891,0.0007,0.0000,0.04105,0.04107,0.40986,0.4,1.0000,-23.3201,0.4741,-7.7144,132.479,ppo_car_spread_a_deterministic
42.6008,-0.13903,0.0000,0.0011,0.04761,0.04763,0.23209,0.4,1.0000,-23.3194,0.4741,-7.7150,132.476,ppo_car_spread_a_deterministic
42.6208,-0.13903,0.0000,0.0011,0.03973,0.03974,0.40729,-0.2,1.0000,-23.3188,0.4741,-7.7155,132.474,ppo_car_spread_a_deterministic
42.6408,-0.13903,0.0000,0.0011,0.04400,0.04402,0.34935,-0.2,1.0000,-23.3181,0.4741,-7.7161,132.472,ppo_car_spread_a_deterministic
42.6608,-0.13903,0.0000,0.0011,0.04086,0.04087,0.35568,-0.2,1.0000,-23.3175,0.4741,-7.7166,132.469,ppo_car_spread_a_deterministic
42.6808,-0.13905,0.0009,0.0000,0.04217,0.04219,0.22559,-0.2,1.0000,-23.3169,0.4741,-7.7172,132.468,ppo_car_spread_a_deterministic
42.7008,-0.13905,0.0009,0.0000,0.04485,0.04487,0.06247,0.5,1.0000,-23.3162,0.4741,-7.7178,132.466,ppo_car_spread_a_deterministic
42.7208,-0.13905,0.0009,0.0000,0.04515,0.04517,0.23153,0.5,1.0000,-23.3155,0.4741,-7.7184,132.464,ppo_car_spread_a_deterministic
42.7408,-0.13905,0.0009,0.0000,0.04341,0.04343,0.19880,0.5,1.0000,-23.3148,0.4741,-7.7189,132.465,ppo_car_spread_a_deterministic
42.7608,-0.13895,0.0000,0.0002,0.04554,0.04556,0.26471,0.5,1.0000,-23.3141,0.4741,-7.7195,132.466,ppo_car_spread_a_deterministic
42.7808,-0.13895,0.0000,0.0002,0.04459,0.04461,0.20146,0.0,1.0000,-23.3135,0.4741,-7.7201,132.466,ppo_car_spread_a_deterministic
42.8008,-0.13895,0.0000,0.0002,0.04598,0.04600,0.38268,0.0,1.0000,-23.3128,0.4741,-7.7207,132.463,ppo_car_spread_a_deterministic
42.8208,-0.13895,0.0000,0.0002,0.03970,0.03972,0.33281,0.0,1.0000,-23.3122,0.4741,-7.7212,132.463,ppo_car_spread_a_deterministic
42.8408,-0.13913,0.0000,0.0009,0.03931,0.03933,0.40558,0.0,1.0000,-23.3116,0.4741,-7.7217,132.463,ppo_car_spread_a_deterministic
42.8608,-0.13913,0.0000,0.0009,0.04393,0.04396,0.29345,-0.2,1.0000,-23.3109,0.4741,-7.7223,132.461,ppo_car_spread_a_deterministic
42.8808,-0.13913,0.0000,0.0009,0.04647,0.04649,0.29736,-0.2,1.0000,-23.3102,0.4741,-7.7229,132.457,ppo_car_spread_a_deterministic
42.9008,-0.13913,0.0000,0.0009,0.04604,0.04606,0.12240,-0.2,1.0000,-23.3095,0.4741,-7.7235,132.455,ppo_car_spread_a_deterministic
42.9208,-0.13935,0.0000,0.0009,0.04754,0.04756,0.19567,-0.2,1.0000,-23.3088,0.4741,-7.7241,132.454,ppo_car_spread_a_deterministic
42.9408,-0.13935,0.0000,0.0009,0.04293,0.04295,0.23946,-0.2,1.0000,-23.3081,0.4741,-7.7247,132.453,ppo_car_spread_a_deterministic
42.9608,-0.13935,0.0000,0.0009,0.04279,0.04282,0.27231,-0.2,1.0000,-23.3075,0.4741,-7.7253,132.454,ppo_car_spread_a_deterministic
42.9808,-0.13935,0.0000,0.0009,0.04904,0.04906,0.26118,-0.2,1.0000,-23.3067,0.4741,-7.7259,132.452,ppo_car_spread_a_deterministic
43.0008,-0.13879,0.0011,0.0000,0.04209,0.04211,0.31071,-0.2,1.0000,-23.3061,0.4741,-7.7265,132.453,ppo_car_spread_a_deterministic
43.0208,-0.13879,0.0011,0.0000,0.05029,0.05031,0.26705,0.6,1.0000,-23.3053,0.4741,-7.7271,132.454,ppo_car_spread_a_deterministic
43.0408,-0.13879,0.0011,0.0000,0.04182,0.04184,0.30614,0.6,1.0000,-23.3047,0.4741,-7.7277,132.453,ppo_car_spread_a_deterministic
43.0608,-0.13879,0.0011,0.0000,0.05084,0.05086,0.23364,0.6,1.0000,-23.3039,0.4741,-7.7283,132.452,ppo_car_spread_a_deterministic
43.0808,-0.13902,0.0024,0.0000,0.04674,0.04676,0.21624,0.6,1.0000,-23.3032,0.4741,-7.7289,132.453,ppo_car_spread_a_deterministic
43.1008,-0.13902,0.0024,0.0000,0.04549,0.04551,0.20791,1.3,1.0000,-23.3025,0.4741,-7.7295,132.453,ppo_car_spread_a_deterministic
43.1208,-0.13902,0.0024,0.0000,0.04443,0.04446,0.32555,1.3,1.0000,-23.3018,0.4741,-7.7301,132.453,ppo_car_spread_a_deterministic
43.1408,-0.13902,0.0024,0.0000,0.03698,0.03700,0.37212,1.3,1.0000,-23.3013,0.4741,-7.7306,132.450,ppo_car_spread_a_deterministic
43.1608,-0.13876,0.0000,0.0005,0.04529,0.04531,0.37285,1.3,1.0000,-23.3006,0.4741,-7.7312,132.453,ppo_car_spread_a_deterministic
43.1808,-0.13876,0.0000,0.0005,0.04201,0.04204,0.40947,-0.1,1.0000,-23.3000,0.4741,-7.7317,132.453,ppo_car_spread_a_deterministic
43.2008,-0.13876,0.0000,0.0005,0.04499,0.04501,0.28302,-0.1,1.0000,-23.2993,0.4741,-7.7323,132.454,ppo_car_spread_a_deterministic
43.2208,-0.13876,0.0000,0.0005,0.04172,0.04174,0.27001,-0.1,1.0000,-23.2987,0.4741,-7.7328,132.452,ppo_car_spread_a_deterministic
43.2408,-0.13852,0.0000,0.0012,0.04085,0.04087,0.34964,-0.1,1.0000,-23.2980,0.4741,-7.7334,132.450,ppo_car_spread_a_deterministic
43.2608,-0.13852,0.0000,0.0012,0.04469,0.04471,0.15896,-0.2,1.0000,-23.2974,0.4741,-7.7340,132.447,ppo_car_spread_a_deterministic
43.2808,-0.13852,0.0000,0.0012,0.04619,0.04620,0.27613,-0.2,1.0000,-23.2967,0.4741,-7.7346,132.445,ppo_car_spread_a_deterministic
43.3008,-0.13852,0.0000,0.0012,0.04299,0.04301,0.40243,-0.2,1.0000,-23.2960,0.4741,-7.7351,132.447,ppo_car_spread_a_deterministic
43.3208,-0.13884,0.0000,0.0013,0.04607,0.04610,0.33350,-0.2,1.0000,-23.2953,0.4741,-7.7357,132.449,ppo_car_spread_a_deterministic
43.3408,-0.13884,0.0000,0.0013,0.04822,0.04824,0.20634,-0.3,1.0000,-23.2946,0.4741,-7.7364,132.448,ppo_car_spread_a_deterministic
43.3608,-0.13884,0.0000,0.0013,0.04496,0.04498,0.26804,-0.3,1.0000,-23.2939,0.4741,-7.7369,132.446,ppo_car_spread_a_deterministic
43.3808,-0.13884,0.0000,0.0013,0.04373,0.04375,0.33997,-0.3,1.0000,-23.2932,0.4741,-7.7375,132.443,ppo_car_spread_a_deterministic
43.4008,-0.13919,0.0000,0.0001,0.04382,0.04384,0.39351,-0.3,1.0000,-23.2926,0.4741,-7.7381,132.444,ppo_car_spread_a_deterministic
43.4208,-0.13919,0.0000,0.0001,0.04765,0.04766,0.40714,0.0,1.0000,-23.2918,0.4741,-7.7387,132.446,ppo_car_spread_a_deterministic
43.4408,-0.13919,0.0000,0.0001,0.03776,0.03778,0.35831,0.0,1.0000,-23.2913,0.4741,-7.7392,132.445,ppo_car_spread_a_deterministic
43.4608,-0.13919,0.0000,0.0001,0.04665,0.04667,0.13193,0.0,1.0000,-23.2906,0.4741,-7.7398,132.445,ppo_car_spread_a_deterministic
43.4808,-0.13969,0.0066,0.0000,0.04773,0.04775,0.23618,0.0,1.0000,-23.2898,0.4741,-7.7404,132.445,ppo_car_spread_a_deterministic
43.5008,-0.13969,0.0066,0.0000,0.05298,0.05300,0.25404,3.5,1.0000,-23.2890,0.4741,-7.7411,132.443,ppo_car_spread_a_deterministic
43.5208,-0.13969,0.0066,0.0000,0.04732,0.04734,0.39393,3.5,1.0000,-23.2883,0.4741,-7.7418,132.440,ppo_car_spread_a_deterministic
43.5408,-0.13969,0.0066,0.0000,0.04657,0.04659,0.17164,3.5,1.0000,-23.2876,0.4741,-7.7424,132.438,ppo_car_spread_a_deterministic
43.5608,-0.13956,0.0000,0.0019,0.04625,0.04627,0.38733,3.5,1.0000,-23.2869,0.4741,-7.7430,132.432,ppo_car_spread_a_deterministic
43.5808,-0.13956,0.0000,0.0019,0.04973,0.04975,0.07851,-0.4,1.0000,-23.2861,0.4741,-7.7436,132.431,ppo_car_spread_a_deterministic
43.6008,-0.13956,0.0000,0.0019,0.05429,0.05431,0.27211,-0.4,1.0000,-23.2853,0.4741,-7.7443,132.427,ppo_car_spread_a_deterministic
43.6208,-0.13956,0.0000,0.0019,0.04781,0.04784,0.11630,-0.4,1.0000,-23.2846,0.4741,-7.7449,132.425,ppo_car_spread_a_deterministic
43.6408,-0.13882,0.0000,0.0088,0.04164,0.04166,0.40991,-0.4,1.0000,-23.2840,0.4741,-7.7455,132.422,ppo_car_spread_a_deterministic
43.6608,-0.13882,0.0000,0.0088,0.04402,0.04404,0.40772,-1.9,1.0000,-23.2833,0.4741,-7.7461,132.425,ppo_car_spread_a_deterministic
43.6808,-0.13882,0.0000,0.0088,0.04865,0.04868,0.07766,-1.9,1.0000,-23.2826,0.4741,-7.7467,132.425,ppo_car_spread_a_deterministic
43.7008,-0.13882,0.0000,0.0088,0.04636,0.04638,0.16361,-1.9,1.0000,-23.2818,0.4741,-7.7473,132.424,ppo_car_spread_a_deterministic
43.7208,-0.13876,0.0000,0.0042,0.04861,0.04863,0.21513,-1.9,1.0000,-23.2811,0.4741,-7.7479,132.422,ppo_car_spread_a_deterministic
43.7408,-0.13876,0.0000,0.0042,0.04451,0.04453,0.32622,-0.9,1.0000,-23.2804,0.4741,-7.7485,132.424,ppo_car_spread_a_deterministic
43.7608,-0.13876,0.0000,0.0042,0.05031,0.05033,0.37645,-0.9,1.0000,-23.2797,0.4741,-7.7492,132.426,ppo_car_spread_a_deterministic
43.7808,-0.13876,0.0000,0.0042,0.04202,0.04204,0.40839,-0.9,1.0000,-23.2790,0.4741,-7.7497,132.427,ppo_car_spread_a_deterministic
43.8008,-0.13795,0.0000,0.0067,0.04257,0.04258,0.37414,-0.9,1.0000,-23.2784,0.4741,-7.7503,132.429,ppo_car_spread_a_deterministic
43.8208,-0.13795,0.0000,0.0067,0.04377,0.04378,0.39669,-1.4,1.0000,-23.2777,0.4741,-7.7508,132.425,ppo_car_spread_a_deterministic
43.8408,-0.13795,0.0000,0.0067,0.04223,0.04224,0.41164,-1.4,1.0000,-23.2771,0.4741,-7.7514,132.423,ppo_car_spread_a_deterministic
43.8608,-0.13795,0.0000,0.0067,0.04159,0.04161,0.29427,-1.4,1.0000,-23.2765,0.4741,-7.7519,132.425,ppo_car_spread_a_deterministic
43.8808,-0.13943,0.0025,0.0000,0.05258,0.05261,0.29063,-1.4,1.0000,-23.2757,0.4741,-7.7526,132.422,ppo_car_spread_a_deterministic
43.9008,-0.13943,0.0025,0.0000,0.04051,0.04054,0.41012,1.3,1.0000,-23.2751,0.4741,-7.7531,132.420,ppo_car_spread_a_deterministic
43.9208,-0.13943,0.0025,0.0000,0.05036,0.05038,0.28363,1.3,1.0000,-23.2743,0.4741,-7.7538,132.421,ppo_car_spread_a_deterministic
43.9408,-0.13943,0.0025,0.0000,0.04146,0.04149,0.40356,1.3,1.0000,-23.2737,0.4741,-7.7543,132.419,ppo_car_spread_a_deterministic
43.9608,-0.13838,0.0000,0.0063,0.04564,0.04566,0.40283,1.3,1.0000,-23.2730,0.4741,-7.7549,132.417,ppo_car_spread_a_deterministic
43.9808,-0.13838,0.0000,0.0063,0.04535,0.04536,0.12971,-1.3,1.0000,-23.2723,0.4741,-7.7555,132.418,ppo_car_spread_a_deterministic
44.0008,-0.13838,0.0000,0.0063,0.04506,0.04507,0.14771,-1.3,1.0000,-23.2716,0.4741,-7.7561,132.416,ppo_car_spread_a_deterministic
44.0208,-0.13838,0.0000,0.0063,0.04590,0.04592,0.15741,-1.3,1.0000,-23.2709,0.4741,-7.7567,132.414,ppo_car_spread_a_deterministic
44.0408,-0.13914,0.0000,0.0005,0.05186,0.05189,0.27130,-1.3,1.0000,-23.2701,0.4741,-7.7574,132.412,ppo_car_spread_a_deterministic
44.0608,-0.13914,0.0000,0.0005,0.04502,0.04505,0.19896,-0.1,1.0000,-23.2694,0.4741,-7.7580,132.413,ppo_car_spread_a_deterministic
44.0808,-0.13914,0.0000,0.0005,0.05092,0.05094,0.25079,-0.1,1.0000,-23.2686,0.4741,-7.7587,132.412,ppo_car_spread_a_deterministic
44.1008,-0.13914,0.0000,0.0005,0.04626,0.04628,0.35038,-0.1,1.0000,-23.2679,0.4741,-7.7593,132.409,ppo_car_spread_a_deterministic
44.1208,-0.13883,0.0000,0.0062,0.03808,0.03810,0.40803,-0.1,1.0000,-23.2674,0.4741,-7.7597,132.405,ppo_car_spread_a_deterministic
44.1408,-0.13883,0.0000,0.0062,0.04521,0.04524,0.27134,-1.3,1.0000,-23.2667,0.4741,-7.7603,132.405,ppo_car_spread_a_deterministic
44.1608,-0.13883,0.0000,0.0062,0.04301,0.04303,0.26871,-1.3,1.0000,-23.2660,0.4741,-7.7609,132.401,ppo_car_spread_a_deterministic
44.1808,-0.13883,0.0000,0.0062,0.04260,0.04261,0.26189,-1.3,1.0000,-23.2654,0.4741,-7.7614,132.397,ppo_car_spread_a_deterministic
44.2008,-0.14013,0.0022,0.0000,0.03928,0.03930,0.37064,-1.3,1.0000,-23.2648,0.4741,-7.7620,132.394,ppo_car_spread_a_deterministic
44.2208,-0.14013,0.0022,0.0000,0.04200,0.04202,0.20656,1.2,1.0000,-23.2642,0.4741,-7.7625,132.392,ppo_car_spread_a_deterministic
44.2408,-0.14013,0.0022,0.0000,0.04524,0.04527,0.25969,1.2,1.0000,-23.2635,0.4741,-7.7631,132.390,ppo_car_spread_a_deterministic
44.2608,-0.14013,0.0022,0.0000,0.04598,0.04601,0.21626,1.2,1.0000,-23.2628,0.4741,-7.7637,132.387,ppo_car_spread_a_deterministic
44.2808,-0.14000,0.0000,0.0002,0.04546,0.04548,0.07511,1.2,1.0000,-23.2621,0.4741,-7.7643,132.385,ppo_car_spread_a_deterministic
44.3008,-0.14000,0.0000,0.0002,0.04394,0.04395,0.36446,-0.1,1.0000,-23.2614,0.4741,-7.7649,132.387,ppo_car_spread_a_deterministic
44.3208,-0.14000,0.0000,0.0002,0.03698,0.03700,0.38695,-0.1,1.0000,-23.2608,0.4741,-7.7653,132.384,ppo_car_spread_a_deterministic
44.3408,-0.14000,0.0000,0.0002,0.04825,0.04827,0.29307,-0.1,1.0000,-23.2601,0.4741,-7.7660,132.386,ppo_car_spread_a_deterministic
44.3608,-0.14090,0.0083,0.0000,0.04024,0.04026,0.40102,-0.1,1.0000,-23.2595,0.4741,-7.7665,132.388,ppo_car_spread_a_deterministic
44.3808,-0.14090,0.0083,0.0000,0.04318,0.04320,0.18267,4.3,1.0000,-23.2588,0.4741,-7.7671,132.386,ppo_car_spread_a_deterministic
44.4008,-0.14090,0.0083,0.0000,0.05183,0.05185,0.28419,4.3,1.0000,-23.2581,0.4741,-7.7677,132.385,ppo_car_spread_a_deterministic
44.4208,-0.14090,0.0083,0.0000,0.04682,0.04685,0.41176,4.3,1.0000,-23.2573,0.4741,-7.7683,132.387,ppo_car_spread_a_deterministic
44.4408,-0.13934,0.0000,0.0067,0.04631,0.04633,0.19688,4.3,1.0000,-23.2566,0.4741,-7.7690,132.388,ppo_car_spread_a_deterministic
44.4608,-0.13934,0.0000,0.0067,0.04283,0.04285,0.31808,-1.4,1.0000,-23.2560,0.4741,-7.7695,132.388,ppo_car_spread_a_deterministic
44.4808,-0.13934,0.0000,0.0067,0.04473,0.04475,0.22898,-1.4,1.0000,-23.2553,0.4741,-7.7701,132.387,ppo_car_spread_a_deterministic
44.5008,-0.13934,0.0000,0.0067,0.04530,0.04532,0.31448,-1.4,1.0000,-23.2546,0.4741,-7.7707,132.389,ppo_car_spread_a_deterministic
44.5208,-0.13959,0.0000,0.0003,0.04264,0.04266,0.26515,-1.4,1.0000,-23.2540,0.4741,-7.7712,132.386,ppo_car_spread_a_deterministic
44.5408,-0.13959,0.0000,0.0003,0.04288,0.04290,0.40933,-0.1,1.0000,-23.2533,0.4741,-7.7718,132.381,ppo_car_spread_a_deterministic
44.5608,-0.13959,0.0000,0.0003,0.04304,0.04306,0.40559,-0.1,1.0000,-23.2527,0.4741,-7.7724,132.377,ppo_car_spread_a_deterministic
44.5808,-0.13959,0.0000,0.0003,0.04521,0.04523,0.13957,-0.1,1.0000,-23.2520,0.4741,-7.7729,132.375,ppo_car_spread_a_deterministic
44.6008,-0.14043,0.0024,0.0000,0.04677,0.04679,0.16899,-0.1,1.0000,-23.2513,0.4741,-7.7736,132.373,ppo_car_spread_a_deterministic
44.6208,-0.14043,0.0024,0.0000,0.04657,0.04659,0.15823,1.3,1.0000,-23.2506,0.4741,-7.7742,132.374,ppo_car_spread_a_deterministic
44.6408,-0.14043,0.0024,0.0000,0.04393,0.04396,0.26037,1.3,1.0000,-23.2499,0.4741,-7.7747,132.375,ppo_car_spread_a_deterministic
44.6608,-0.14043,0.0024,0.0000,0.04551,0.04554,0.18444,1.3,1.0000,-23.2492,0.4741,-7.7753,132.375,ppo_car_spread_a_deterministic
44.6808,-0.13962,0.0002,0.0000,0.04715,0.04717,0.14860,1.3,1.0000,-23.2485,0.4741,-7.7759,132.376,ppo_car_spread_a_deterministic
44.7008,-0.13962,0.0002,0.0000,0.04511,0.04513,0.16972,0.1,1.0000,-23.2478,0.4741,-7.7765,132.375,ppo_car_spread_a_deterministic
44.7208,-0.13962,0.0002,0.0000,0.04863,0.04865,0.15063,0.1,1.0000,-23.2471,0.4741,-7.7772,132.376,ppo_car_spread_a_deterministic
44.7408,-0.13962,0.0002,0.0000,0.04917,0.04919,0.35914,0.1,1.0000,-23.2463,0.4741,-7.7778,132.371,ppo_car_spread_a_deterministic
44.7608,-0.13915,0.0000,0.0044,0.04545,0.04547,0.29072,0.1,1.0000,-23.2456,0.4741,-7.7784,132.367,ppo_car_spread_a_deterministic
44.7808,-0.13915,0.0000,0.0044,0.05421,0.05423,0.28719,-0.9,1.0000,-23.2448,0.4741,-7.7791,132.367,ppo_car_spread_a_deterministic
44.8008,-0.13915,0.0000,0.0044,0.04576,0.04579,0.25328,-0.9,1.0000,-23.2441,0.4741,-7.7797,132.364,ppo_car_spread_a_deterministic
44.8208,-0.13915,0.0000,0.0044,0.04675,0.04677,0.16973,-0.9,1.0000,-23.2434,0.4741,-7.7803,132.362,ppo_car_spread_a_deterministic
44.8408,-0.14018,0.0000,0.0005,0.04900,0.04902,0.23113,-0.9,1.0000,-23.2426,0.4741,-7.7809,132.360,ppo_car_spread_a_deterministic
44.8608,-0.14018,0.0000,0.0005,0.04625,0.04627,0.11912,-0.1,1.0000,-23.2419,0.4741,-7.7815,132.359,ppo_car_spread_a_deterministic
44.8808,-0.14018,0.0000,0.0005,0.04917,0.04919,0.24643,-0.1,1.0000,-23.2412,0.4741,-7.7822,132.357,ppo_car_spread_a_deterministic
44.9008,-0.14018,0.0000,0.0005,0.04749,0.04751,0.13904,-0.1,1.0000,-23.2405,0.4741,-7.7828,132.355,ppo_car_spread_a_deterministic
44.9208,-0.13970,0.0000,0.0041,0.04714,0.04716,0.21869,-0.1,1.0000,-23.2398,0.4741,-7.7834,132.352,ppo_car_spread_a_deterministic
44.9408,-0.13970,0.0000,0.0041,0.04617,0.04619,0.17776,-0.9,1.0000,-23.2391,0.4741,-7.7840,132.351,ppo_car_spread_a_deterministic
44.9608,-0.13970,0.0000,0.0041,0.04586,0.04588,0.17380,-0.9,1.0000,-23.2384,0.4741,-7.7846,132.351,ppo_car_spread_a_deterministic
44.9808,-0.13970,0.0000,0.0041,0.04370,0.04373,0.35734,-0.9,1.0000,-23.2377,0.4741,-7.7852,132.351,ppo_car_spread_a_deterministic
45.0008,-0.13960,0.0000,0.0014,0.04429,0.04430,0.32586,-0.9,1.0000,-23.2370,0.4741,-7.7858,132.348,ppo_car_spread_a_deterministic
45.0208,-0.13960,0.0000,0.0014,0.05017,0.05019,0.25820,-0.3,1.0000,-23.2363,0.4741,-7.7864,132.349,ppo_car_spread_a_deterministic
45.0408,-0.13960,0.0000,0.0014,0.05162,0.05164,0.25391,-0.3,1.0000,-23.2355,0.4741,-7.7871,132.347,ppo_car_spread_a_deterministic
45.0608,-0.13960,0.0000,0.0014,0.04575,0.04577,0.25641,-0.3,1.0000,-23.2348,0.4741,-7.7877,132.344,ppo_car_spread_a_deterministic
45.0808,-0.13950,0.0000,0.0065,0.05247,0.05250,0.29518,-0.3,1.0000,-23.2340,0.4741,-7.7884,132.342,ppo_car_spread_a_deterministic
45.1008,-0.13950,0.0000,0.0065,0.05118,0.05120,0.28451,-1.4,1.0000,-23.2332,0.4741,-7.7890,132.338,ppo_car_spread_a_deterministic
45.1208,-0.13950,0.0000,0.0065,0.04756,0.04757,0.35752,-1.4,1.0000,-23.2325,0.4741,-7.7897,132.335,ppo_car_spread_a_deterministic
45.1408,-0.13950,0.0000,0.0065,0.04643,0.04645,0.29137,-1.4,1.0000,-23.2318,0.4741,-7.7903,132.332,ppo_car_spread_a_deterministic
45.1608,-0.14014,0.0000,0.0022,0.03939,0.03941,0.40190,-1.4,1.0000,-23.2312,0.4741,-7.7908,132.332,ppo_car_spread_a_deterministic
45.1808,-0.14014,0.0000,0.0022,0.04460,0.04462,0.26825,-0.5,1.0000,-23.2305,0.4741,-7.7914,132.332,ppo_car_spread_a_deterministic
45.2008,-0.14014,0.0000,0.0022,0.04485,0.04487,0.28981,-0.5,1.0000,-23.2298,0.4741,-7.7919,132.333,ppo_car_spread_a_deterministic
45.2208,-0.14014,0.0000,0.0022,0.04670,0.04672,0.22928,-0.5,1.0000,-23.2291,0.4741,-7.7925,132.329,ppo_car_spread_a_deterministic
45.2408,-0.13983,0.0000,0.0006,0.04277,0.04278,0.40574,-0.5,1.0000,-23.2285,0.4741,-7.7931,132.328,ppo_car_spread_a_deterministic
45.2609,-0.13983,0.0000,0.0006,0.04982,0.04984,0.28855,-0.1,1.0000,-23.2277,0.4741,-7.7938,132.329,ppo_car_spread_a_deterministic
45.2809,-0.13983,0.0000,0.0006,0.04647,0.04649,0.24542,-0.1,1.0000,-23.2270,0.4741,-7.7944,132.328,ppo_car_spread_a_deterministic
45.3009,-0.13983,0.0000,0.0006,0.04668,0.04670,0.08248,-0.1,1.0000,-23.2263,0.4741,-7.7950,132.326,ppo_car_spread_a_deterministic
45.3209,-0.14004,0.0000,0.0017,0.04349,0.04350,0.16996,-0.1,1.0000,-23.2257,0.4741,-7.7955,132.325,ppo_car_spread_a_deterministic
45.3409,-0.14004,0.0000,0.0017,0.04459,0.04460,0.39178,-0.4,1.0000,-23.2250,0.4741,-7.7961,132.325,ppo_car_spread_a_deterministic
45.3609,-0.14004,0.0000,0.0017,0.04870,0.04872,0.26744,-0.4,1.0000,-23.2242,0.4741,-7.7968,132.326,ppo_car_spread_a_deterministic
45.3809,-0.14004,0.0000,0.0017,0.04897,0.04899,0.28696,-0.4,1.0000,-23.2235,0.4741,-7.7974,132.324,ppo_car_spread_a_deterministic
45.4009,-0.13952,0.0000,0.0043,0.04394,0.04396,0.35260,-0.4,1.0000,-23.2228,0.4741,-7.7980,132.322,ppo_car_spread_a_deterministic
45.4209,-0.13952,0.0000,0.0043,0.04285,0.04286,0.40357,-0.9,1.0000,-23.2222,0.4741,-7.7985,132.320,ppo_car_spread_a_deterministic
45.4409,-0.13952,0.0000,0.0043,0.04573,0.04575,0.17448,-0.9,1.0000,-23.2215,0.4741,-7.7991,132.318,ppo_car_spread_a_deterministic
45.4609,-0.13952,0.0000,0.0043,0.04547,0.04550,0.28694,-0.9,1.0000,-23.2208,0.4741,-7.7997,132.317,ppo_car_spread_a_deterministic
45.4809,-0.14030,0.0000,0.0008,0.04839,0.04841,0.23118,-0.9,1.0000,-23.2201,0.4741,-7.8003,132.313,ppo_car_spread_a_deterministic
45.5009,-0.14030,0.0000,0.0008,0.03966,0.03967,0.37689,-0.2,1.0000,-23.2195,0.4741,-7.8009,132.310,ppo_car_spread_a_deterministic
45.5209,-0.14030,0.0000,0.0008,0.04294,0.04296,0.19469,-0.2,1.0000,-23.2188,0.4741,-7.8014,132.310,ppo_car_spread_a_deterministic
45.5409,-0.14030,0.0000,0.0008,0.03969,0.03971,0.36075,-0.2,1.0000,-23.2182,0.4741,-7.8019,132.309,ppo_car_spread_a_deterministic
45.5609,-0.14028,0.0014,0.0000,0.04434,0.04436,0.23275,-0.2,1.0000,-23.2175,0.4741,-7.8025,132.305,ppo_car_spread_a_deterministic
45.5809,-0.14028,0.0014,0.0000,0.04026,0.04028,0.27597,0.8,1.0000,-23.2169,0.4741,-7.8030,132.305,ppo_car_spread_a_deterministic
45.6009,-0.14028,0.0014,0.0000,0.04391,0.04394,0.25587,0.8,1.0000,-23.2163,0.4741,-7.8036,132.303,ppo_car_spread_a_deterministic
45.6209,-0.14028,0.0014,0.0000,0.04095,0.04097,0.22658,0.8,1.0000,-23.2156,0.4741,-7.8041,132.301,ppo_car_spread_a_deterministic
45.6409,-0.14076,0.0010,0.0000,0.04015,0.04016,0.35456,0.8,1.0000,-23.2150,0.4741,-7.8046,132.300,ppo_car_spread_a_deterministic
45.6609,-0.14076,0.0010,0.0000,0.03905,0.03906,0.40297,0.5,1.0000,-23.2144,0.4741,-7.8052,132.302,ppo_car_spread_a_deterministic
45.6809,-0.14076,0.0010,0.0000,0.05092,0.05094,0.28506,0.5,1.0000,-23.2136,0.4741,-7.8058,132.299,ppo_car_spread_a_deterministic
45.7009,-0.14076,0.0010,0.0000,0.04159,0.04161,0.38831,0.5,1.0000,-23.2130,0.4741,-7.8064,132.300,ppo_car_spread_a_deterministic
45.7209,-0.14038,0.0000,0.0055,0.04803,0.04805,0.24096,0.5,1.0000,-23.2123,0.4741,-7.8070,132.297,ppo_car_spread_a_deterministic
45.7409,-0.14038,0.0000,0.0055,0.04357,0.04359,0.19192,-1.1,1.0000,-23.2116,0.4741,-7.8076,132.294,ppo_car_spread_a_deterministic
45.7609,-0.14038,0.0000,0.0055,0.04386,0.04387,0.18369,-1.1,1.0000,-23.2110,0.4741,-7.8081,132.293,ppo_car_spread_a_deterministic
45.7809,-0.14038,0.0000,0.0055,0.04525,0.04527,0.20175,-1.1,1.0000,-23.2103,0.4741,-7.8087,132.294,ppo_car_spread_a_deterministic
45.8009,-0.14064,0.0011,0.0000,0.04556,0.04558,0.23820,-1.1,1.0000,-23.2096,0.4741,-7.8093,132.292,ppo_car_spread_a_deterministic
45.8209,-0.14064,0.0011,0.0000,0.03647,0.03649,0.32543,0.6,1.0000,-23.2090,0.4741,-7.8098,132.291,ppo_car_spread_a_deterministic
45.8409,-0.14064,0.0011,0.0000,0.04834,0.04836,0.28524,0.6,1.0000,-23.2083,0.4741,-7.8104,132.288,ppo_car_spread_a_deterministic
45.8609,-0.14064,0.0011,0.0000,0.04007,0.04009,0.37974,0.6,1.0000,-23.2077,0.4741,-7.8109,132.286,ppo_car_spread_a_deterministic
45.8809,-0.14068,0.0000,0.0028,0.03816,0.03818,0.38950,0.6,1.0000,-23.2071,0.4741,-7.8114,132.286,ppo_car_spread_a_deterministic
45.9009,-0.14068,0.0000,0.0028,0.03742,0.03744,0.39640,-0.6,1.0000,-23.2065,0.4741,-7.8119,132.287,ppo_car_spread_a_deterministic
45.9209,-0.14068,0.0000,0.0028,0.04217,0.04220,0.23735,-0.6,1.0000,-23.2059,0.4741,-7.8125,132.286,ppo_car_spread_a_deterministic
45.9409,-0.14068,0.0000,0.0028,0.04681,0.04683,0.26046,-0.6,1.0000,-23.2052,0.4741,-7.8131,132.288,ppo_car_spread_a_deterministic
45.9609,-0.14113,0.0028,0.0000,0.03660,0.03662,0.37404,-0.6,1.0000,-23.2046,0.4741,-7.8135,132.288,ppo_car_spread_a_deterministic
45.9809,-0.14113,0.0028,0.0000,0.04536,0.04538,0.19739,1.5,1.0000,-23.2039,0.4741,-7.8141,132.287,ppo_car_spread_a_deterministic
46.0009,-0.14113,0.0028,0.0000,0.03814,0.03815,0.34356,1.5,1.0000,-23.2034,0.4741,-7.8146,132.287,ppo_car_spread_a_deterministic
46.0209,-0.14113,0.0028,0.0000,0.04781,0.04784,0.28839,1.5,1.0000,-23.2026,0.4741,-7.8153,132.289,ppo_car_spread_a_deterministic
46.0409,-0.14117,0.0064,0.0000,0.04416,0.04417,0.20900,1.5,1.0000,-23.2020,0.4741,-7.8158,132.289,ppo_car_spread_a_deterministic
46.0609,-0.14117,0.0064,0.0000,0.04389,0.04391,0.22732,3.4,1.0000,-23.2013,0.4741,-7.8164,132.289,ppo_car_spread_a_deterministic
46.0809,-0.14117,0.0064,0.0000,0.04604,0.04606,0.14142,3.4,1.0000,-23.2006,0.4741,-7.8170,132.287,ppo_car_spread_a_deterministic
46.1009,-0.14117,0.0064,0.0000,0.04248,0.04250,0.22988,3.4,1.0000,-23.1999,0.4741,-7.8176,132.285,ppo_car_spread_a_deterministic
46.1209,-0.14083,0.0000,0.0009,0.04703,0.04706,0.33551,3.4,1.0000,-23.1992,0.4741,-7.8182,132.278,ppo_car_spread_a_deterministic
46.1409,-0.14083,0.0000,0.0009,0.04110,0.04112,0.41065,-0.2,1.0000,-23.1986,0.4741,-7.8187,132.276,ppo_car_spread_a_deterministic
46.1609,-0.14083,0.0000,0.0009,0.04767,0.04770,0.33163,-0.2,1.0000,-23.1979,0.4741,-7.8193,132.274,ppo_car_spread_a_deterministic
46.1809,-0.14083,0.0000,0.0009,0.04422,0.04425,0.22390,-0.2,1.0000,-23.1972,0.4741,-7.8199,132.273,ppo_car_spread_a_deterministic
46.2009,-0.14078,0.0000,0.0026,0.04560,0.04562,0.27833,-0.2,1.0000,-23.1965,0.4741,-7.8205,132.270,ppo_car_spread_a_deterministic
46.2209,-0.14078,0.0000,0.0026,0.05157,0.05159,0.30469,-0.5,1.0000,-23.1957,0.4741,-7.8212,132.265,ppo_car_spread_a_deterministic
46.2409,-0.14078,0.0000,0.0026,0.04552,0.04554,0.26945,-0.5,1.0000,-23.1950,0.4741,-7.8218,132.260,ppo_car_spread_a_deterministic
46.2609,-0.14078,0.0000,0.0026,0.04528,0.04531,0.40805,-0.5,1.0000,-23.1943,0.4741,-7.8224,132.258,ppo_car_spread_a_deterministic
46.2809,-0.14163,0.0004,0.0000,0.04506,0.04509,0.28220,-0.5,1.0000,-23.1936,0.4741,-7.8229,132.254,ppo_car_spread_a_deterministic
46.3009,-0.14163,0.0004,0.0000,0.05248,0.05250,0.27617,0.2,1.0000,-23.1928,0.4741,-7.8236,132.252,ppo_car_spread_a_deterministic
46.3209,-0.14163,0.0004,0.0000,0.04057,0.04059,0.35296,0.2,1.0000,-23.1922,0.4741,-7.8241,132.250,ppo_car_spread_a_deterministic
46.3409,-0.14163,0.0004,0.0000,0.04836,0.04839,0.22328,0.2,1.0000,-23.1915,0.4741,-7.8248,132.252,ppo_car_spread_a_deterministic
46.3609,-0.14166,0.0046,0.0000,0.04504,0.04506,0.36614,0.2,1.0000,-23.1908,0.4741,-7.8254,132.248,ppo_car_spread_a_deterministic
46.3809,-0.14166,0.0046,0.0000,0.05292,0.05294,0.28015,2.4,1.0000,-23.1900,0.4741,-7.8260,132.246,ppo_car_spread_a_deterministic
46.4009,-0.14166,0.0046,0.0000,0.04676,0.04678,0.16669,2.4,1.0000,-23.1893,0.4741,-7.8267,132.243,ppo_car_spread_a_deterministic
46.4209,-0.14166,0.0046,0.0000,0.05169,0.05172,0.25471,2.4,1.0000,-23.1885,0.4741,-7.8273,132.240,ppo_car_spread_a_deterministic
46.4409,-0.14133,0.0000,0.0013,0.04752,0.04753,0.37357,2.4,1.0000,-23.1878,0.4741,-7.8279,132.238,ppo_car_spread_a_deterministic
46.4609,-0.14133,0.0000,0.0013,0.05528,0.05531,0.25627,-0.3,1.0000,-23.1869,0.4741,-7.8287,132.237,ppo_car_spread_a_deterministic
46.4809,-0.14133,0.0000,0.0013,0.04678,0.04680,0.31813,-0.3,1.0000,-23.1862,0.4741,-7.8293,132.235,ppo_car_spread_a_deterministic
46.5009,-0.14133,0.0000,0.0013,0.05035,0.05037,0.35713,-0.3,1.0000,-23.1855,0.4741,-7.8299,132.236,ppo_car_spread_a_deterministic
46.5209,-0.14101,0.0000,0.0018,0.04807,0.04810,0.24919,-0.3,1.0000,-23.1847,0.4741,-7.8305,132.234,ppo_car_spread_a_deterministic
46.5409,-0.14101,0.0000,0.0018,0.04988,0.04991,0.39406,-0.4,1.0000,-23.1840,0.4741,-7.8312,132.238,ppo_car_spread_a_deterministic
46.5609,-0.14101,0.0000,0.0018,0.04649,0.04651,0.34996,-0.4,1.0000,-23.1833,0.4741,-7.8318,132.238,ppo_car_spread_a_deterministic
46.5809,-0.14101,0.0000,0.0018,0.05094,0.05097,0.23462,-0.4,1.0000,-23.1825,0.4741,-7.8325,132.237,ppo_car_spread_a_deterministic
46.6009,-0.14059,0.0000,0.0019,0.04439,0.04441,0.39949,-0.4,1.0000,-23.1818,0.4741,-7.8330,132.234,ppo_car_spread_a_deterministic
46.6209,-0.14059,0.0000,0.0019,0.04615,0.04617,0.15391,-0.4,1.0000,-23.1811,0.4741,-7.8336,132.231,ppo_car_spread_a_deterministic
46.6409,-0.14059,0.0000,0.0019,0.05023,0.05025,0.28761,-0.4,1.0000,-23.1804,0.4741,-7.8343,132.227,ppo_car_spread_a_deterministic
46.6609,-0.14059,0.0000,0.0019,0.04881,0.04884,0.28996,-0.4,1.0000,-23.1796,0.4741,-7.8349,132.224,ppo_car_spread_a_deterministic
46.6809,-0.14102,0.0000,0.0046,0.05072,0.05075,0.34251,-0.4,1.0000,-23.1788,0.4741,-7.8356,132.221,ppo_car_spread_a_deterministic
46.7009,-0.14102,0.0000,0.0046,0.04579,0.04581,0.41149,-1.0,1.0000,-23.1781,0.4741,-7.8362,132.217,ppo_car_spread_a_deterministic
46.7209,-0.14102,0.0000,0.0046,0.03928,0.03930,0.32239,-1.0,1.0000,-23.1775,0.4741,-7.8367,132.216,ppo_car_spread_a_deterministic
46.7409,-0.14102,0.0000,0.0046,0.04618,0.04621,0.37439,-1.0,1.0000,-23.1768,0.4741,-7.8373,132.213,ppo_car_spread_a_deterministic
46.7609,-0.14168,0.0054,0.0000,0.05093,0.05095,0.25540,-1.0,1.0000,-23.1761,0.4741,-7.8379,132.211,ppo_car_spread_a_deterministic
46.7809,-0.14168,0.0054,0.0000,0.04814,0.04816,0.20848,2.8,1.0000,-23.1753,0.4741,-7.8386,132.210,ppo_car_spread_a_deterministic
46.8009,-0.14168,0.0054,0.0000,0.04535,0.04537,0.21182,2.8,1.0000,-23.1746,0.4741,-7.8391,132.208,ppo_car_spread_a_deterministic
46.8209,-0.14168,0.0054,0.0000,0.04992,0.04995,0.14119,2.8,1.0000,-23.1739,0.4741,-7.8398,132.207,ppo_car_spread_a_deterministic
46.8409,-0.14154,0.0000,0.0001,0.05006,0.05008,0.35677,2.8,1.0000,-23.1731,0.4741,-7.8404,132.204,ppo_car_spread_a_deterministic
46.8609,-0.14154,0.0000,0.0001,0.04835,0.04836,0.40368,0.0,1.0000,-23.1724,0.4741,-7.8411,132.204,ppo_car_spread_a_deterministic
46.8809,-0.14154,0.0000,0.0001,0.05289,0.05292,0.28254,0.0,1.0000,-23.1716,0.4741,-7.8418,132.203,ppo_car_spread_a_deterministic
46.9009,-0.14154,0.0000,0.0001,0.05411,0.05413,0.25673,0.0,1.0000,-23.1707,0.4741,-7.8425,132.199,ppo_car_spread_a_deterministic
46.9209,-0.14071,0.0000,0.0078,0.04730,0.04733,0.40171,0.0,1.0000,-23.1700,0.4741,-7.8431,132.194,ppo_car_spread_a_deterministic
46.9409,-0.14071,0.0000,0.0078,0.05330,0.05333,0.26115,-1.6,1.0000,-23.1692,0.4741,-7.8438,132.191,ppo_car_spread_a_deterministic
46.9609,-0.14071,0.0000,0.0078,0.05608,0.05611,0.27838,-1.6,1.0000,-23.1683,0.4741,-7.8445,132.190,ppo_car_spread_a_deterministic
46.9809,-0.14071,0.0000,0.0078,0.04925,0.04927,0.25087,-1.6,1.0000,-23.1676,0.4741,-7.8451,132.186,ppo_car_spread_a_deterministic
47.0009,-0.14038,0.0000,0.0112,0.05061,0.05063,0.22822,-1.6,1.0000,-23.1668,0.4741,-7.8458,132.187,ppo_car_spread_a_deterministic
47.0209,-0.14038,0.0000,0.0112,0.04726,0.04728,0.18592,-2.3,1.0000,-23.1661,0.4741,-7.8464,132.184,ppo_car_spread_a_deterministic
47.0409,-0.14038,0.0000,0.0112,0.04569,0.04572,0.24438,-2.3,1.0000,-23.1654,0.4741,-7.8470,132.183,ppo_car_spread_a_deterministic
47.0609,-0.14038,0.0000,0.0112,0.04402,0.04404,0.37539,-2.3,1.0000,-23.1648,0.4741,-7.8476,132.182,ppo_car_spread_a_deterministic
47.0809,-0.14137,0.0000,0.0009,0.04535,0.04537,0.40816,-2.3,1.0000,-23.1641,0.4741,-7.8482,132.185,ppo_car_spread_a_deterministic
47.1009,-0.14137,0.0000,0.0009,0.04629,0.04631,0.24244,-0.2,1.0000,-23.1634,0.4741,-7.8488,132.184,ppo_car_spread_a_deterministic
47.1209,-0.14137,0.0000,0.0009,0.04461,0.04463,0.11632,-0.2,1.0000,-23.1627,0.4741,-7.8493,132.184,ppo_car_spread_a_deterministic
47.1409,-0.14137,0.0000,0.0009,0.04857,0.04859,0.14541,-0.2,1.0000,-23.1619,0.4741,-7.8500,132.182,ppo_car_spread_a_deterministic
47.1609,-0.14136,0.0000,0.0000,0.04634,0.04637,0.13976,-0.2,1.0000,-23.1612,0.4741,-7.8506,132.182,ppo_car_spread_a_deterministic
47.1809,-0.14136,0.0000,0.0000,0.04390,0.04393,0.16913,0.0,1.0000,-23.1606,0.4741,-7.8511,132.181,ppo_car_spread_a_deterministic
47.2009,-0.14136,0.0000,0.0000,0.05083,0.05086,0.27985,0.0,1.0000,-23.1598,0.4741,-7.8518,132.180,ppo_car_spread_a_deterministic
47.2209,-0.14136,0.0000,0.0000,0.04415,0.04418,0.29659,0.0,1.0000,-23.1591,0.4741,-7.8524,132.177,ppo_car_spread_a_deterministic
47.2409,-0.14092,0.0000,0.0059,0.04553,0.04556,0.17827,0.0,1.0000,-23.1584,0.4741,-7.8530,132.175,ppo_car_spread_a_deterministic
47.2609,-0.14092,0.0000,0.0059,0.04675,0.04677,0.07484,-1.2,1.0000,-23.1577,0.4741,-7.8536,132.174,ppo_car_spread_a_deterministic
47.2809,-0.14092,0.0000,0.0059,0.04420,0.04423,0.24349,-1.2,1.0000,-23.1570,0.4741,-7.8541,132.170,ppo_car_spread_a_deterministic
47.3009,-0.14092,0.0000,0.0059,0.04101,0.04103,0.33235,-1.2,1.0000,-23.1564,0.4741,-7.8547,132.168,ppo_car_spread_a_deterministic
47.3209,-0.14218,0.0012,0.0000,0.03997,0.03999,0.40715,-1.2,1.0000,-23.1558,0.4741,-7.8552,132.165,ppo_car_spread_a_deterministic
47.3409,-0.14218,0.0012,0.0000,0.04851,0.04854,0.21243,0.7,1.0000,-23.1551,0.4741,-7.8558,132.165,ppo_car_spread_a_deterministic
47.3609,-0.14218,0.0012,0.0000,0.04440,0.04442,0.16617,0.7,1.0000,-23.1544,0.4741,-7.8564,132.165,ppo_car_spread_a_deterministic
47.3809,-0.14218,0.0012,0.0000,0.04748,0.04750,0.24018,0.7,1.0000,-23.1537,0.4741,-7.8570,132.163,ppo_car_spread_a_deterministic
47.4009,-0.14161,0.0002,0.0000,0.04810,0.04813,0.39164,0.7,1.0000,-23.1529,0.4741,-7.8576,132.163,ppo_car_spread_a_deterministic
47.4209,-0.14161,0.0002,0.0000,0.04310,0.04312,0.32830,0.1,1.0000,-23.1523,0.4741,-7.8582,132.165,ppo_car_spread_a_deterministic
47.4409,-0.14161,0.0002,0.0000,0.04833,0.04835,0.26876,0.1,1.0000,-23.1515,0.4741,-7.8588,132.164,ppo_car_spread_a_deterministic
47.4609,-0.14161,0.0002,0.0000,0.04119,0.04122,0.37024,0.1,1.0000,-23.1509,0.4741,-7.8593,132.163,ppo_car_spread_a_deterministic
47.4809,-0.14132,0.0000,0.0036,0.04571,0.04573,0.33654,0.1,1.0000,-23.1502,0.4741,-7.8599,132.162,ppo_car_spread_a_deterministic
47.5009,-0.14132,0.0000,0.0036,0.05111,0.05113,0.21512,-0.8,1.0000,-23.1494,0.4741,-7.8606,132.161,ppo_car_spread_a_deterministic
47.5209,-0.14132,0.0000,0.0036,0.04127,0.04129,0.26066,-0.8,1.0000,-23.1488,0.4741,-7.8611,132.161,ppo_car_spread_a_deterministic
47.5409,-0.14132,0.0000,0.0036,0.04248,0.04249,0.27939,-0.8,1.0000,-23.1481,0.4741,-7.8617,132.158,ppo_car_spread_a_deterministic
47.5609,-0.14188,0.0033,0.0000,0.03954,0.03956,0.35908,-0.8,1.0000,-23.1475,0.4741,-7.8622,132.159,ppo_car_spread_a_deterministic
47.5809,-0.14188,0.0033,0.0000,0.04910,0.04912,0.27127,1.8,1.0000,-23.1468,0.4741,-7.8628,132.160,ppo_car_spread_a_deterministic
47.6009,-0.14188,0.0033,0.0000,0.04719,0.04721,0.27409,1.8,1.0000,-23.1461,0.4741,-7.8634,132.156,ppo_car_spread_a_deterministic
47.6209,-0.14188,0.0033,0.0000,0.04266,0.04268,0.38023,1.8,1.0000,-23.1454,0.4741,-7.8640,132.152,ppo_car_spread_a_deterministic
47.6409,-0.14230,0.0000,0.0014,0.04937,0.04940,0.16609,1.8,1.0000,-23.1447,0.4741,-7.8646,132.151,ppo_car_spread_a_deterministic
47.6609,-0.14230,0.0000,0.0014,0.04440,0.04442,0.18635,-0.3,1.0000,-23.1440,0.4741,-7.8652,132.149,ppo_car_spread_a_deterministic
47.6809,-0.14230,0.0000,0.0014,0.04895,0.04897,0.22435,-0.3,1.0000,-23.1432,0.4741,-7.8658,132.149,ppo_car_spread_a_deterministic
47.7009,-0.14230,0.0000,0.0014,0.04555,0.04557,0.17558,-0.3,1.0000,-23.1425,0.4741,-7.8664,132.147,ppo_car_spread_a_deterministic
47.7209,-0.14160,0.0000,0.0040,0.04124,0.04126,0.40460,-0.3,1.0000,-23.1419,0.4741,-7.8670,132.145,ppo_car_spread_a_deterministic
47.7409,-0.14160,0.0000,0.0040,0.04857,0.04859,0.24986,-0.8,1.0000,-23.1412,0.4741,-7.8676,132.147,ppo_car_spread_a_deterministic
47.7609,-0.14160,0.0000,0.0040,0.04167,0.04169,0.35857,-0.8,1.0000,-23.1405,0.4741,-7.8681,132.144,ppo_car_spread_a_deterministic
47.7809,-0.14160,0.0000,0.0040,0.05129,0.05132,0.28144,-0.8,1.0000,-23.1398,0.4741,-7.8688,132.143,ppo_car_spread_a_deterministic
47.8009,-0.14244,0.0037,0.0000,0.04707,0.04709,0.26424,-0.8,1.0000,-23.1390,0.4741,-7.8694,132.141,ppo_car_spread_a_deterministic
47.8209,-0.14244,0.0037,0.0000,0.04500,0.04502,0.21738,1.9,1.0000,-23.1384,0.4741,-7.8700,132.140,ppo_car_spread_a_deterministic
47.8409,-0.14244,0.0037,0.0000,0.04933,0.04935,0.22650,1.9,1.0000,-23.1376,0.4741,-7.8706,132.138,ppo_car_spread_a_deterministic
47.8609,-0.14244,0.0037,0.0000,0.04492,0.04494,0.34462,1.9,1.0000,-23.1369,0.4741,-7.8712,132.139,ppo_car_spread_a_deterministic
47.8809,-0.14181,0.0000,0.0039,0.04630,0.04632,0.19302,1.9,1.0000,-23.1362,0.4741,-7.8718,132.138,ppo_car_spread_a_deterministic
47.9009,-0.14181,0.0000,0.0039,0.04458,0.04460,0.41005,-0.8,1.0000,-23.1355,0.4741,-7.8724,132.139,ppo_car_spread_a_deterministic
47.9209,-0.14181,0.0000,0.0039,0.04981,0.04983,0.27805,-0.8,1.0000,-23.1348,0.4741,-7.8731,132.139,ppo_car_spread_a_deterministic
47.9409,-0.14181,0.0000,0.0039,0.05031,0.05034,0.21100,-0.8,1.0000,-23.1340,0.4741,-7.8737,132.139,ppo_car_spread_a_deterministic
47.9609,-0.14139,0.0000,0.0050,0.04934,0.04936,0.25561,-0.8,1.0000,-23.1333,0.4741,-7.8744,132.137,ppo_car_spread_a_deterministic
47.9809,-0.14139,0.0000,0.0050,0.04481,0.04484,0.41093,-1.0,1.0000,-23.1326,0.4741,-7.8749,132.134,ppo_car_spread_a_deterministic
48.0009,-0.14139,0.0000,0.0050,0.05261,0.05263,0.26813,-1.0,1.0000,-23.1318,0.4741,-7.8756,132.132,ppo_car_spread_a_deterministic
48.0209,-0.14139,0.0000,0.0050,0.04688,0.04690,0.30248,-1.0,1.0000,-23.1311,0.4741,-7.8762,132.133,ppo_car_spread_a_deterministic
48.0409,-0.14148,0.0000,0.0073,0.05292,0.05295,0.26568,-1.0,1.0000,-23.1303,0.4741,-7.8769,132.132,ppo_car_spread_a_deterministic
48.0609,-0.14148,0.0000,0.0073,0.04365,0.04367,0.17780,-1.5,1.0000,-23.1296,0.4741,-7.8775,132.131,ppo_car_spread_a_deterministic
48.0809,-0.14148,0.0000,0.0073,0.04454,0.04457,0.32819,-1.5,1.0000,-23.1289,0.4741,-7.8780,132.130,ppo_car_spread_a_deterministic
48.1009,-0.14148,0.0000,0.0073,0.04585,0.04588,0.15926,-1.5,1.0000,-23.1282,0.4741,-7.8786,132.128,ppo_car_spread_a_deterministic
48.1209,-0.14239,0.0005,0.0000,0.04368,0.04370,0.14083,-1.5,1.0000,-23.1276,0.4741,-7.8792,132.127,ppo_car_spread_a_deterministic
48.1409,-0.14239,0.0005,0.0000,0.04284,0.04286,0.32850,0.2,1.0000,-23.1269,0.4741,-7.8798,132.126,ppo_car_spread_a_deterministic
48.1609,-0.14239,0.0005,0.0000,0.05026,0.05028,0.25410,0.2,1.0000,-23.1261,0.4741,-7.8804,132.125,ppo_car_spread_a_deterministic
48.1809,-0.14239,0.0005,0.0000,0.04753,0.04755,0.24844,0.2,1.0000,-23.1254,0.4741,-7.8810,132.124,ppo_car_spread_a_deterministic
48.2009,-0.14154,0.0000,0.0054,0.04386,0.04388,0.17609,0.2,1.0000,-23.1247,0.4741,-7.8816,132.122,ppo_car_spread_a_deterministic
48.2209,-0.14154,0.0000,0.0054,0.04180,0.04182,0.34073,-1.1,1.0000,-23.1241,0.4741,-7.8821,132.121,ppo_car_spread_a_deterministic
48.2409,-0.14154,0.0000,0.0054,0.04807,0.04810,0.24043,-1.1,1.0000,-23.1234,0.4741,-7.8827,132.120,ppo_car_spread_a_deterministic
48.2609,-0.14154,0.0000,0.0054,0.04847,0.04850,0.27383,-1.1,1.0000,-23.1226,0.4741,-7.8834,132.121,ppo_car_spread_a_deterministic
48.2809,-0.14200,0.0000,0.0030,0.03894,0.03895,0.24793,-1.1,1.0000,-23.1220,0.4741,-7.8839,132.120,ppo_car_spread_a_deterministic
48.3009,-0.14200,0.0000,0.0030,0.04315,0.04317,0.34522,-0.6,1.0000,-23.1214,0.4741,-7.8844,132.117,ppo_car_spread_a_deterministic
48.3209,-0.14200,0.0000,0.0030,0.04427,0.04429,0.25404,-0.6,1.0000,-23.1207,0.4741,-7.8850,132.113,ppo_car_spread_a_deterministic
48.3409,-0.14200,0.0000,0.0030,0.04599,0.04601,0.26809,-0.6,1.0000,-23.1200,0.4741,-7.8856,132.108,ppo_car_spread_a_deterministic
48.3609,-0.14309,0.0017,0.0000,0.04481,0.04483,0.26818,-0.6,1.0000,-23.1193,0.4741,-7.8862,132.105,ppo_car_spread_a_deterministic
48.3809,-0.14309,0.0017,0.0000,0.04412,0.04413,0.28133,0.9,1.0000,-23.1187,0.4741,-7.8868,132.104,ppo_car_spread_a_deterministic
48.4009,-0.14309,0.0017,0.0000,0.04139,0.04140,0.38360,0.9,1.0000,-23.1180,0.4741,-7.8873,132.106,ppo_car_spread_a_deterministic
48.4209,-0.14309,0.0017,0.0000,0.04233,0.04235,0.40346,0.9,1.0000,-23.1174,0.4741,-7.8879,132.105,ppo_car_spread_a_deterministic
48.4409,-0.14211,0.0028,0.0000,0.04748,0.04750,0.24886,0.9,1.0000,-23.1167,0.4741,-7.8885,132.106,ppo_car_spread_a_deterministic
48.4609,-0.14211,0.0028,0.0000,0.04354,0.04356,0.31320,1.4,1.0000,-23.1160,0.4741,-7.8890,132.104,ppo_car_spread_a_deterministic
48.4809,-0.14211,0.0028,0.0000,0.04455,0.04457,0.31018,1.4,1.0000,-23.1153,0.4741,-7.8896,132.106,ppo_car_spread_a_deterministic
48.5009,-0.14211,0.0028,0.0000,0.04848,0.04851,0.23632,1.4,1.0000,-23.1146,0.4741,-7.8902,132.108,ppo_car_spread_a_deterministic
48.5209,-0.14176,0.0000,0.0006,0.04387,0.04389,0.28037,1.4,1.0000,-23.1139,0.4741,-7.8908,132.104,ppo_car_spread_a_deterministic
48.5409,-0.14176,0.0000,0.0006,0.03761,0.03762,0.40214,-0.1,1.0000,-23.1133,0.4741,-7.8913,132.104,ppo_car_spread_a_deterministic
48.5609,-0.14176,0.0000,0.0006,0.04039,0.04040,0.39593,-0.1,1.0000,-23.1127,0.4741,-7.8918,132.103,ppo_car_spread_a_deterministic
48.5809,-0.14176,0.0000,0.0006,0.04556,0.04558,0.34944,-0.1,1.0000,-23.1120,0.4741,-7.8924,132.098,ppo_car_spread_a_deterministic
48.6009,-0.14263,0.0045,0.0000,0.04504,0.04507,0.21152,-0.1,1.0000,-23.1113,0.4741,-7.8930,132.098,ppo_car_spread_a_deterministic
48.6209,-0.14263,0.0045,0.0000,0.04846,0.04848,0.25480,2.4,1.0000,-23.1106,0.4741,-7.8936,132.094,ppo_car_spread_a_deterministic
48.6409,-0.14263,0.0045,0.0000,0.04330,0.04333,0.38913,2.4,1.0000,-23.1099,0.4741,-7.8942,132.092,ppo_car_spread_a_deterministic
48.6609,-0.14263,0.0045,0.0000,0.03833,0.03835,0.37537,2.4,1.0000,-23.1093,0.4741,-7.8947,132.092,ppo_car_spread_a_deterministic
48.6809,-0.14289,0.0018,0.0000,0.04834,0.04836,0.21808,2.4,1.0000,-23.1086,0.4741,-7.8953,132.093,ppo_car_spread_a_deterministic
48.7009,-0.14289,0.0018,0.0000,0.04259,0.04262,0.31967,1.0,1.0000,-23.1080,0.4741,-7.8959,132.090,ppo_car_spread_a_deterministic
48.7209,-0.14289,0.0018,0.0000,0.04984,0.04986,0.26792,1.0,1.0000,-23.1072,0.4741,-7.8965,132.088,ppo_car_spread_a_deterministic
48.7409,-0.14289,0.0018,0.0000,0.04981,0.04983,0.20228,1.0,1.0000,-23.1064,0.4741,-7.8972,132.088,ppo_car_spread_a_deterministic
48.7609,-0.14238,0.0000,0.0045,0.05163,0.05165,0.25921,1.0,1.0000,-23.1056,0.4741,-7.8978,132.086,ppo_car_spread_a_deterministic
48.7809,-0.14238,0.0000,0.0045,0.04729,0.04732,0.19403,-1.0,1.0000,-23.1049,0.4741,-7.8984,132.086,ppo_car_spread_a_deterministic
48.8009,-0.14238,0.0000,0.0045,0.04392,0.04395,0.23200,-1.0,1.0000,-23.1042,0.4741,-7.8990,132.087,ppo_car_spread_a_deterministic
48.8209,-0.14238,0.0000,0.0045,0.04358,0.04361,0.39128,-1.0,1.0000,-23.1036,0.4741,-7.8996,132.087,ppo_car_spread_a_deterministic
48.8409,-0.14228,0.0004,0.0000,0.03951,0.03954,0.37927,-1.0,1.0000,-23.1030,0.4741,-7.9001,132.087,ppo_car_spread_a_deterministic
48.8609,-0.14228,0.0004,0.0000,0.04779,0.04782,0.11616,0.2,1.0000,-23.1022,0.4741,-7.9007,132.085,ppo_car_spread_a_deterministic
48.8809,-0.14228,0.0004,0.0000,0.04423,0.04426,0.26872,0.2,1.0000,-23.1016,0.4741,-7.9013,132.080,ppo_car_spread_a_deterministic
48.9009,-0.14228,0.0004,0.0000,0.04542,0.04544,0.40751,0.2,1.0000,-23.1009,0.4741,-7.9018,132.072,ppo_car_spread_a_deterministic
48.9209,-0.14343,0.0018,0.0000,0.04858,0.04860,0.22623,0.2,1.0000,-23.1001,0.4741,-7.9025,132.073,ppo_car_spread_a_deterministic
48.9409,-0.14343,0.0018,0.0000,0.05174,0.05177,0.27433,0.9,1.0000,-23.0993,0.4741,-7.9031,132.073,ppo_car_spread_a_deterministic
48.9609,-0.14343,0.0018,0.0000,0.05121,0.05123,0.40390,0.9,1.0000,-23.0986,0.4741,-7.9038,132.069,ppo_car_spread_a_deterministic
48.9809,-0.14343,0.0018,0.0000,0.05463,0.05466,0.28425,0.9,1.0000,-23.0977,0.4741,-7.9045,132.068,ppo_car_spread_a_deterministic
49.0009,-0.14291,0.0000,0.0050,0.04483,0.04486,0.27786,0.9,1.0000,-23.0970,0.4741,-7.9051,132.066,ppo_car_spread_a_deterministic
49.0209,-0.14291,0.0000,0.0050,0.04362,0.04364,0.33060,-1.1,1.0000,-23.0964,0.4741,-7.9057,132.064,ppo_car_spread_a_deterministic
49.0409,-0.14291,0.0000,0.0050,0.04749,0.04751,0.41068,-1.1,1.0000,-23.0956,0.4741,-7.9063,132.068,ppo_car_spread_a_deterministic
49.0609,-0.14291,0.0000,0.0050,0.04420,0.04422,0.18433,-1.1,1.0000,-23.0950,0.4741,-7.9068,132.068,ppo_car_spread_a_deterministic
49.0809,-0.14161,0.0000,0.0040,0.05166,0.05169,0.25250,-1.1,1.0000,-23.0942,0.4741,-7.9075,132.065,ppo_car_spread_a_deterministic
49.1009,-0.14161,0.0000,0.0040,0.04315,0.04318,0.41025,-0.8,1.0000,-23.0935,0.4741,-7.9081,132.062,ppo_car_spread_a_deterministic
49.1209,-0.14161,0.0000,0.0040,0.05059,0.05061,0.29391,-0.8,1.0000,-23.0928,0.4741,-7.9087,132.061,ppo_car_spread_a_deterministic
49.1409,-0.14161,0.0000,0.0040,0.04371,0.04374,0.36969,-0.8,1.0000,-23.0921,0.4741,-7.9093,132.058,ppo_car_spread_a_deterministic
49.1609,-0.14216,0.0000,0.0055,0.04400,0.04401,0.21803,-0.8,1.0000,-23.0914,0.4741,-7.9098,132.056,ppo_car_spread_a_deterministic
49.1809,-0.14216,0.0000,0.0055,0.04559,0.04561,0.17246,-1.2,1.0000,-23.0907,0.4741,-7.9104,132.053,ppo_car_spread_a_deterministic
49.2009,-0.14216,0.0000,0.0055,0.04383,0.04385,0.25452,-1.2,1.0000,-23.0901,0.4741,-7.9110,132.050,ppo_car_spread_a_deterministic
49.2209,-0.14216,0.0000,0.0055,0.04404,0.04406,0.35713,-1.2,1.0000,-23.0894,0.4741,-7.9116,132.051,ppo_car_spread_a_deterministic
49.2409,-0.14330,0.0016,0.0000,0.04759,0.04761,0.20786,-1.2,1.0000,-23.0887,0.4741,-7.9122,132.049,ppo_car_spread_a_deterministic
49.2609,-0.14330,0.0016,0.0000,0.04645,0.04647,0.29039,0.8,1.0000,-23.0880,0.4741,-7.9128,132.046,ppo_car_spread_a_deterministic
49.2809,-0.14330,0.0016,0.0000,0.05011,0.05014,0.24542,0.8,1.0000,-23.0872,0.4741,-7.9134,132.044,ppo_car_spread_a_deterministic
49.3009,-0.14330,0.0016,0.0000,0.04343,0.04345,0.37497,0.8,1.0000,-23.0865,0.4741,-7.9140,132.045,ppo_car_spread_a_deterministic
49.3209,-0.14275,0.0000,0.0048,0.05035,0.05038,0.27258,0.8,1.0000,-23.0857,0.4741,-7.9147,132.047,ppo_car_spread_a_deterministic
49.3409,-0.14275,0.0000,0.0048,0.04478,0.04480,0.14690,-1.0,1.0000,-23.0851,0.4741,-7.9152,132.047,ppo_car_spread_a_deterministic
49.3609,-0.14275,0.0000,0.0048,0.04173,0.04175,0.34195,-1.0,1.0000,-23.0844,0.4741,-7.9158,132.046,ppo_car_spread_a_deterministic
49.3809,-0.14275,0.0000,0.0048,0.04136,0.04139,0.40266,-1.0,1.0000,-23.0838,0.4741,-7.9163,132.043,ppo_car_spread_a_deterministic
49.4009,-0.14314,0.0031,0.0000,0.05015,0.05017,0.27403,-1.0,1.0000,-23.0830,0.4741,-7.9170,132.039,ppo_car_spread_a_deterministic
49.4209,-0.14314,0.0031,0.0000,0.04437,0.04440,0.22879,1.6,1.0000,-23.0824,0.4741,-7.9175,132.039,ppo_car_spread_a_deterministic
49.4409,-0.14314,0.0031,0.0000,0.04294,0.04297,0.39301,1.6,1.0000,-23.0817,0.4741,-7.9181,132.036,ppo_car_spread_a_deterministic
49.4609,-0.14314,0.0031,0.0000,0.04349,0.04351,0.20023,1.6,1.0000,-23.0810,0.4741,-7.9186,132.035,ppo_car_spread_a_deterministic
49.4809,-0.14394,0.0027,0.0000,0.04637,0.04639,0.13486,1.6,1.0000,-23.0803,0.4741,-7.9192,132.035,ppo_car_spread_a_deterministic
49.5009,-0.14394,0.0027,0.0000,0.04813,0.04815,0.27315,1.4,1.0000,-23.0796,0.4741,-7.9199,132.034,ppo_car_spread_a_deterministic
49.5209,-0.14394,0.0027,0.0000,0.04734,0.04736,0.24143,1.4,1.0000,-23.0789,0.4741,-7.9205,132.032,ppo_car_spread_a_deterministic
49.5409,-0.14394,0.0027,0.0000,0.04236,0.04238,0.29297,1.4,1.0000,-23.0782,0.4741,-7.9210,132.030,ppo_car_spread_a_deterministic
49.5609,-0.14333,0.0000,0.0017,0.05096,0.05098,0.28677,1.4,1.0000,-23.0774,0.4741,-7.9217,132.033,ppo_car_spread_a_deterministic
49.5809,-0.14333,0.0000,0.0017,0.04847,0.04849,0.28843,-0.3,1.0000,-23.0767,0.4741,-7.9223,132.033,ppo_car_spread_a_deterministic
49.6009,-0.14333,0.0000,0.0017,0.04460,0.04462,0.21763,-0.3,1.0000,-23.0760,0.4741,-7.9229,132.031,ppo_car_spread_a_deterministic
49.6209,-0.14333,0.0000,0.0017,0.05108,0.05111,0.25862,-0.3,1.0000,-23.0752,0.4741,-7.9235,132.030,ppo_car_spread_a_deterministic
49.6410,-0.14352,0.0009,0.0000,0.04383,0.04384,0.36748,-0.3,1.0000,-23.0746,0.4741,-7.9241,132.030,ppo_car_spread_a_deterministic
49.6610,-0.14352,0.0009,0.0000,0.04959,0.04961,0.24538,0.5,1.0000,-23.0738,0.4741,-7.9248,132.029,ppo_car_spread_a_deterministic
49.6810,-0.14352,0.0009,0.0000,0.05027,0.05029,0.20069,0.5,1.0000,-23.0730,0.4741,-7.9254,132.031,ppo_car_spread_a_deterministic
49.7010,-0.14352,0.0009,0.0000,0.05104,0.05107,0.28157,0.5,1.0000,-23.0723,0.4741,-7.9261,132.029,ppo_car_spread_a_deterministic
49.7210,-0.14229,0.0000,0.0058,0.04833,0.04835,0.27073,0.5,1.0000,-23.0715,0.4741,-7.9267,132.024,ppo_car_spread_a_deterministic
49.7410,-0.14229,0.0000,0.0058,0.04559,0.04561,0.17664,-1.2,1.0000,-23.0708,0.4741,-7.9273,132.022,ppo_car_spread_a_deterministic
49.7610,-0.14229,0.0000,0.0058,0.05186,0.05188,0.28628,-1.2,1.0000,-23.0700,0.4741,-7.9280,132.018,ppo_car_spread_a_deterministic
49.7810,-0.14229,0.0000,0.0058,0.04769,0.04771,0.18986,-1.2,1.0000,-23.0693,0.4741,-7.9286,132.016,ppo_car_spread_a_deterministic
49.8010,-0.14307,0.0000,0.0060,0.04822,0.04824,0.24017,-1.2,1.0000,-23.0686,0.4741,-7.9292,132.017,ppo_car_spread_a_deterministic
49.8210,-0.14307,0.0000,0.0060,0.04976,0.04978,0.22104,-1.3,1.0000,-23.0678,0.4741,-7.9298,132.016,ppo_car_spread_a_deterministic
49.8410,-0.14307,0.0000,0.0060,0.05030,0.05033,0.38785,-1.3,1.0000,-23.0670,0.4741,-7.9305,132.012,ppo_car_spread_a_deterministic
49.8610,-0.14307,0.0000,0.0060,0.05105,0.05108,0.28576,-1.3,1.0000,-23.0662,0.4741,-7.9311,132.007,ppo_car_spread_a_deterministic
49.8810,-0.14367,0.0000,0.0043,0.04184,0.04187,0.39968,-1.3,1.0000,-23.0656,0.4741,-7.9317,132.005,ppo_car_spread_a_deterministic
49.9010,-0.14367,0.0000,0.0043,0.04531,0.04534,0.24354,-0.9,1.0000,-23.0649,0.4741,-7.9323,132.005,ppo_car_spread_a_deterministic
49.9210,-0.14367,0.0000,0.0043,0.04918,0.04921,0.24921,-0.9,1.0000,-23.0642,0.4741,-7.9329,132.003,ppo_car_spread_a_deterministic
49.9410,-0.14367,0.0000,0.0043,0.04634,0.04637,0.22005,-0.9,1.0000,-23.0635,0.4741,-7.9335,132.002,ppo_car_spread_a_deterministic
49.9610,-0.14352,0.0000,0.0036,0.04711,0.04714,0.23180,-0.9,1.0000,-23.0627,0.4741,-7.9341,132.001,ppo_car_spread_a_deterministic
49.9810,-0.14352,0.0000,0.0036,0.04796,0.04798,0.28796,-0.7,1.0000,-23.0620,0.4741,-7.9347,131.999,ppo_car_spread_a_deterministic
50.0010,-0.14352,0.0000,0.0036,0.04406,0.04409,0.27525,-0.7,1.0000,-23.0613,0.4741,-7.9353,131.998,ppo_car_spread_a_deterministic
50.0210,-0.14352,0.0000,0.0036,0.05138,0.05140,0.25407,-0.7,1.0000,-23.0605,0.4741,-7.9359,131.996,ppo_car_spread_a_deterministic
50.0410,-0.14354,0.0010,0.0000,0.04362,0.04365,0.16641,-0.7,1.0000,-23.0599,0.4741,-7.9365,131.996,ppo_car_spread_a_deterministic
50.0610,-0.14354,0.0010,0.0000,0.03965,0.03967,0.39908,0.5,1.0000,-23.0593,0.4741,-7.9370,131.995,ppo_car_spread_a_deterministic
50.0810,-0.14354,0.0010,0.0000,0.04060,0.04062,0.30719,0.5,1.0000,-23.0587,0.4741,-7.9375,131.991,ppo_car_spread_a_deterministic
50.1010,-0.14354,0.0010,0.0000,0.04175,0.04176,0.36442,0.5,1.0000,-23.0580,0.4741,-7.9381,131.991,ppo_car_spread_a_deterministic
50.1210,-0.14461,0.0053,0.0000,0.04452,0.04454,0.25536,0.5,1.0000,-23.0573,0.4741,-7.9386,131.987,ppo_car_spread_a_deterministic
50.1410,-0.14461,0.0053,0.0000,0.04652,0.04655,0.27562,2.8,1.0000,-23.0566,0.4741,-7.9392,131.987,ppo_car_spread_a_deterministic
50.1610,-0.14461,0.0053,0.0000,0.04840,0.04843,0.27887,2.8,1.0000,-23.0559,0.4741,-7.9399,131.988,ppo_car_spread_a_deterministic
50.1810,-0.14461,0.0053,0.0000,0.04178,0.04180,0.23673,2.8,1.0000,-23.0552,0.4741,-7.9404,131.988,ppo_car_spread_a_deterministic
50.2010,-0.14320,0.0000,0.0035,0.04733,0.04735,0.28579,2.8,1.0000,-23.0545,0.4741,-7.9410,131.989,ppo_car_spread_a_deterministic
50.2210,-0.14320,0.0000,0.0035,0.04661,0.04663,0.40217,-0.7,1.0000,-23.0538,0.4741,-7.9416,131.989,ppo_car_spread_a_deterministic
50.2410,-0.14320,0.0000,0.0035,0.04249,0.04251,0.40695,-0.7,1.0000,-23.0532,0.4741,-7.9422,131.987,ppo_car_spread_a_deterministic
50.2610,-0.14320,0.0000,0.0035,0.04188,0.04190,0.38882,-0.7,1.0000,-23.0525,0.4741,-7.9427,131.985,ppo_car_spread_a_deterministic
50.2810,-0.14405,0.0028,0.0000,0.04826,0.04829,0.18731,-0.7,1.0000,-23.0518,0.4741,-7.9433,131.986,ppo_car_spread_a_deterministic
50.3010,-0.14405,0.0028,0.0000,0.04192,0.04194,0.31069,1.5,1.0000,-23.0511,0.4741,-7.9439,131.984,ppo_car_spread_a_deterministic
50.3210,-0.14405,0.0028,0.0000,0.04605,0.04607,0.30592,1.5,1.0000,-23.0504,0.4741,-7.9445,131.983,ppo_car_spread_a_deterministic
50.3410,-0.14405,0.0028,0.0000,0.04342,0.04345,0.28802,1.5,1.0000,-23.0498,0.4741,-7.9450,131.980,ppo_car_spread_a_deterministic
50.3610,-0.14344,0.0000,0.0009,0.05435,0.05438,0.26348,1.5,1.0000,-23.0489,0.4741,-7.9458,131.980,ppo_car_spread_a_deterministic
50.3810,-0.14344,0.0000,0.0009,0.04659,0.04661,0.24293,-0.2,1.0000,-23.0482,0.4741,-7.9464,131.977,ppo_car_spread_a_deterministic
50.4010,-0.14344,0.0000,0.0009,0.05053,0.05055,0.22194,-0.2,1.0000,-23.0474,0.4741,-7.9470,131.975,ppo_car_spread_a_deterministic
50.4210,-0.14344,0.0000,0.0009,0.05003,0.05005,0.22806,-0.2,1.0000,-23.0467,0.4741,-7.9477,131.974,ppo_car_spread_a_deterministic
50.4410,-0.14348,0.0000,0.0051,0.04948,0.04951,0.10327,-0.2,1.0000,-23.0459,0.4741,-7.9483,131.974,ppo_car_spread_a_deterministic
50.4610,-0.14348,0.0000,0.0051,0.04598,0.04601,0.18334,-1.1,1.0000,-23.0452,0.4741,-7.9489,131.971,ppo_car_spread_a_deterministic
50.4810,-0.14348,0.0000,0.0051,0.04534,0.04536,0.32574,-1.1,1.0000,-23.0445,0.4741,-7.9495,131.970,ppo_car_spread_a_deterministic
50.5010,-0.14348,0.0000,0.0051,0.04437,0.04438,0.39782,-1.1,1.0000,-23.0438,0.4741,-7.9500,131.968,ppo_car_spread_a_deterministic
50.5210,-0.14354,0.0000,0.0002,0.04967,0.04969,0.28706,-1.1,1.0000,-23.0431,0.4741,-7.9507,131.967,ppo_car_spread_a_deterministic
50.5410,-0.14354,0.0000,0.0002,0.04815,0.04816,0.24328,0.0,1.0000,-23.0424,0.4741,-7.9513,131.966,ppo_car_spread_a_deterministic
50.5610,-0.14354,0.0000,0.0002,0.04262,0.04264,0.20000,0.0,1.0000,-23.0417,0.4741,-7.9519,131.963,ppo_car_spread_a_deterministic
50.5810,-0.14354,0.0000,0.0002,0.04817,0.04819,0.32410,0.0,1.0000,-23.0410,0.4741,-7.9525,131.965,ppo_car_spread_a_deterministic
50.6010,-0.14444,0.0030,0.0000,0.04175,0.04178,0.34449,0.0,1.0000,-23.0403,0.4741,-7.9530,131.963,ppo_car_spread_a_deterministic
50.6210,-0.14444,0.0030,0.0000,0.05022,0.05025,0.21194,1.6,1.0000,-23.0396,0.4741,-7.9537,131.960,ppo_car_spread_a_deterministic
50.6410,-0.14444,0.0030,0.0000,0.04510,0.04512,0.27077,1.6,1.0000,-23.0389,0.4741,-7.9542,131.961,ppo_car_spread_a_deterministic
50.6610,-0.14444,0.0030,0.0000,0.04583,0.04585,0.20809,1.6,1.0000,-23.0382,0.4741,-7.9548,131.960,ppo_car_spread_a_deterministic
50.6810,-0.14375,0.0000,0.0002,0.04471,0.04473,0.35118,1.6,1.0000,-23.0375,0.4741,-7.9554,131.963,ppo_car_spread_a_deterministic
50.7010,-0.14375,0.0000,0.0002,0.04867,0.04870,0.37813,0.0,1.0000,-23.0367,0.4741,-7.9560,131.965,ppo_car_spread_a_deterministic
50.7210,-0.14375,0.0000,0.0002,0.04463,0.04465,0.39130,0.0,1.0000,-23.0361,0.4741,-7.9566,131.969,ppo_car_spread_a_deterministic
50.7410,-0.14375,0.0000,0.0002,0.04656,0.04658,0.27404,0.0,1.0000,-23.0354,0.4741,-7.9572,131.969,ppo_car_spread_a_deterministic
50.7610,-0.14291,0.0000,0.0010,0.05003,0.05005,0.17271,0.0,1.0000,-23.0346,0.4741,-7.9579,131.967,ppo_car_spread_a_deterministic
50.7810,-0.14291,0.0000,0.0010,0.04750,0.04752,0.40920,-0.2,1.0000,-23.0339,0.4741,-7.9585,131.966,ppo_car_spread_a_deterministic
50.8010,-0.14291,0.0000,0.0010,0.03967,0.03969,0.40564,-0.2,1.0000,-23.0333,0.4741,-7.9590,131.964,ppo_car_spread_a_deterministic
50.8210,-0.14291,0.0000,0.0010,0.04965,0.04968,0.22206,-0.2,1.0000,-23.0325,0.4741,-7.9596,131.964,ppo_car_spread_a_deterministic
50.8410,-0.14439,0.0054,0.0000,0.05073,0.05076,0.27779,-0.2,1.0000,-23.0317,0.4741,-7.9603,131.961,ppo_car_spread_a_deterministic
50.8610,-0.14439,0.0054,0.0000,0.04259,0.04261,0.39922,2.9,1.0000,-23.0311,0.4741,-7.9608,131.964,ppo_car_spread_a_deterministic
50.8810,-0.14439,0.0054,0.0000,0.04848,0.04850,0.37980,2.9,1.0000,-23.0303,0.4741,-7.9615,131.959,ppo_car_spread_a_deterministic
50.9010,-0.14439,0.0054,0.0000,0.04813,0.04816,0.24865,2.9,1.0000,-23.0296,0.4741,-7.9621,131.957,ppo_car_spread_a_deterministic
50.9210,-0.14452,0.0000,0.0021,0.05643,0.05646,0.22904,2.9,1.0000,-23.0287,0.4741,-7.9628,131.956,ppo_car_spread_a_deterministic
50.9410,-0.14452,0.0000,0.0021,0.05221,0.05224,0.36318,-0.5,1.0000,-23.0279,0.4741,-7.9635,131.950,ppo_car_spread_a_deterministic
50.9610,-0.14452,0.0000,0.0021,0.04617,0.04619,0.36203,-0.5,1.0000,-23.0272,0.4741,-7.9641,131.947,ppo_car_spread_a_deterministic
50.9810,-0.14452,0.0000,0.0021,0.04967,0.04970,0.33949,-0.5,1.0000,-23.0264,0.4741,-7.9647,131.942,ppo_car_spread_a_deterministic
51.0010,-0.14454,0.0000,0.0002,0.05172,0.05174,0.26239,-0.5,1.0000,-23.0257,0.4741,-7.9654,131.940,ppo_car_spread_a_deterministic
51.0210,-0.14454,0.0000,0.0002,0.05524,0.05527,0.26373,0.0,1.0000,-23.0248,0.4741,-7.9661,131.940,ppo_car_spread_a_deterministic
51.0410,-0.14454,0.0000,0.0002,0.04387,0.04389,0.38282,0.0,1.0000,-23.0241,0.4741,-7.9667,131.937,ppo_car_spread_a_deterministic
51.0610,-0.14454,0.0000,0.0002,0.05464,0.05467,0.25107,0.0,1.0000,-23.0233,0.4741,-7.9674,131.935,ppo_car_spread_a_deterministic
51.0810,-0.14471,0.0019,0.0000,0.04771,0.04774,0.40687,0.0,1.0000,-23.0226,0.4741,-7.9680,131.930,ppo_car_spread_a_deterministic
51.1010,-0.14471,0.0019,0.0000,0.05423,0.05426,0.26029,1.0,1.0000,-23.0217,0.4741,-7.9687,131.928,ppo_car_spread_a_deterministic
51.1210,-0.14471,0.0019,0.0000,0.05218,0.05220,0.27363,1.0,1.0000,-23.0209,0.4741,-7.9694,131.925,ppo_car_spread_a_deterministic
51.1410,-0.14471,0.0019,0.0000,0.04770,0.04773,0.40432,1.0,1.0000,-23.0202,0.4741,-7.9700,131.923,ppo_car_spread_a_deterministic
51.1610,-0.14417,0.0000,0.0061,0.05286,0.05288,0.22149,1.0,1.0000,-23.0194,0.4741,-7.9707,131.918,ppo_car_spread_a_deterministic
51.1810,-0.14417,0.0000,0.0061,0.05335,0.05338,0.28278,-1.3,1.0000,-23.0186,0.4741,-7.9713,131.918,ppo_car_spread_a_deterministic
51.2010,-0.14417,0.0000,0.0061,0.04749,0.04752,0.18448,-1.3,1.0000,-23.0179,0.4741,-7.9720,131.917,ppo_car_spread_a_deterministic
51.2210,-0.14417,0.0000,0.0061,0.04823,0.04825,0.26562,-1.3,1.0000,-23.0171,0.4741,-7.9726,131.914,ppo_car_spread_a_deterministic
51.2410,-0.14404,0.0000,0.0023,0.04699,0.04701,0.41073,-1.3,1.0000,-23.0164,0.4741,-7.9732,131.916,ppo_car_spread_a_deterministic
51.2610,-0.14404,0.0000,0.0023,0.04685,0.04687,0.36061,-0.5,1.0000,-23.0157,0.4741,-7.9738,131.912,ppo_car_spread_a_deterministic
51.2810,-0.14404,0.0000,0.0023,0.04325,0.04327,0.37854,-0.5,1.0000,-23.0151,0.4741,-7.9743,131.911,ppo_car_spread_a_deterministic
51.3010,-0.14404,0.0000,0.0023,0.04709,0.04712,0.37138,-0.5,1.0000,-23.0143,0.4741,-7.9749,131.911,ppo_car_spread_a_deterministic
51.3210,-0.14475,0.0021,0.0000,0.04394,0.04396,0.41191,-0.5,1.0000,-23.0137,0.4741,-7.9755,131.909,ppo_car_spread_a_deterministic
51.3410,-0.14475,0.0021,0.0000,0.05169,0.05172,0.26857,1.1,1.0000,-23.0129,0.4741,-7.9762,131.908,ppo_car_spread_a_deterministic
51.3610,-0.14475,0.0021,0.0000,0.04237,0.04239,0.31388,1.1,1.0000,-23.0122,0.4741,-7.9767,131.906,ppo_car_spread_a_deterministic
51.3810,-0.14475,0.0021,0.0000,0.04744,0.04747,0.29177,1.1,1.0000,-23.0115,0.4741,-7.9773,131.904,ppo_car_spread_a_deterministic
51.4010,-0.14496,0.0032,0.0000,0.04866,0.04868,0.18275,1.1,1.0000,-23.0107,0.4741,-7.9780,131.904,ppo_car_spread_a_deterministic
51.4210,-0.14496,0.0032,0.0000,0.05153,0.05156,0.24610,1.7,1.0000,-23.0100,0.4741,-7.9786,131.901,ppo_car_spread_a_deterministic
51.4410,-0.14496,0.0032,0.0000,0.04805,0.04808,0.40072,1.7,1.0000,-23.0092,0.4741,-7.9792,131.901,ppo_car_spread_a_deterministic
51.4610,-0.14496,0.0032,0.0000,0.04738,0.04740,0.28333,1.7,1.0000,-23.0085,0.4741,-7.9799,131.898,ppo_car_spread_a_deterministic
51.4810,-0.14410,0.0000,0.0030,0.05497,0.05500,0.28053,1.7,1.0000,-23.0076,0.4741,-7.9806,131.893,ppo_car_spread_a_deterministic
51.5010,-0.14410,0.0000,0.0030,0.05823,0.05826,0.25493,-0.6,1.0000,-23.0067,0.4741,-7.9813,131.891,ppo_car_spread_a_deterministic
51.5210,-0.14410,0.0000,0.0030,0.05341,0.05344,0.26818,-0.6,1.0000,-23.0059,0.4741,-7.9820,131.888,ppo_car_spread_a_deterministic
51.5410,-0.14410,0.0000,0.0030,0.05213,0.05215,0.40056,-0.6,1.0000,-23.0051,0.4741,-7.9827,131.888,ppo_car_spread_a_deterministic
51.5610,-0.14433,0.0000,0.0077,0.05137,0.05140,0.28299,-0.6,1.0000,-23.0043,0.4741,-7.9833,131.886,ppo_car_spread_a_deterministic
51.5810,-0.14433,0.0000,0.0077,0.04761,0.04763,0.15251,-1.6,1.0000,-23.0036,0.4741,-7.9840,131.883,ppo_car_spread_a_deterministic
51.6010,-0.14433,0.0000,0.0077,0.04464,0.04467,0.36831,-1.6,1.0000,-23.0029,0.4741,-7.9845,131.884,ppo_car_spread_a_deterministic
51.6210,-0.14433,0.0000,0.0077,0.04977,0.04980,0.33874,-1.6,1.0000,-23.0022,0.4741,-7.9852,131.885,ppo_car_spread_a_deterministic
51.6410,-0.14458,0.0002,0.0000,0.04391,0.04393,0.26099,-1.6,1.0000,-23.0015,0.4741,-7.9857,131.884,ppo_car_spread_a_deterministic
51.6610,-0.14458,0.0002,0.0000,0.05208,0.05211,0.27308,0.1,1.0000,-23.0007,0.4741,-7.9864,131.883,ppo_car_spread_a_deterministic
51.6810,-0.14458,0.0002,0.0000,0.04969,0.04971,0.07898,0.1,1.0000,-22.9999,0.4741,-7.9870,131.882,ppo_car_spread_a_deterministic
51.7010,-0.14458,0.0002,0.0000,0.04719,0.04721,0.31705,0.1,1.0000,-22.9992,0.4741,-7.9876,131.885,ppo_car_spread_a_deterministic
51.7210,-0.14435,0.0000,0.0043,0.04996,0.04998,0.27242,0.1,1.0000,-22.9984,0.4741,-7.9883,131.886,ppo_car_spread_a_deterministic
51.7410,-0.14435,0.0000,0.0043,0.05180,0.05183,0.26761,-0.9,1.0000,-22.9976,0.4741,-7.9889,131.883,ppo_car_spread_a_deterministic
51.7610,-0.14435,0.0000,0.0043,0.04887,0.04889,0.26017,-0.9,1.0000,-22.9969,0.4741,-7.9896,131.880,ppo_car_spread_a_deterministic
51.7810,-0.14435,0.0000,0.0043,0.04936,0.04938,0.26994,-0.9,1.0000,-22.9961,0.4741,-7.9902,131.878,ppo_car_spread_a_deterministic
51.8010,-0.14475,0.0000,0.0030,0.04732,0.04735,0.24613,-0.9,1.0000,-22.9954,0.4741,-7.9908,131.879,ppo_car_spread_a_deterministic
51.8210,-0.14475,0.0000,0.0030,0.05172,0.05175,0.26545,-0.6,1.0000,-22.9946,0.4741,-7.9915,131.876,ppo_car_spread_a_deterministic
51.8410,-0.14475,0.0000,0.0030,0.04649,0.04651,0.24751,-0.6,1.0000,-22.9939,0.4741,-7.9921,131.877,ppo_car_spread_a_deterministic
51.8610,-0.14475,0.0000,0.0030,0.05253,0.05256,0.27549,-0.6,1.0000,-22.9931,0.4741,-7.9928,131.878,ppo_car_spread_a_deterministic
51.8810,-0.14421,0.0000,0.0018,0.04998,0.05000,0.24701,-0.6,1.0000,-22.9924,0.4741,-7.9934,131.874,ppo_car_spread_a_deterministic
51.9010,-0.14421,0.0000,0.0018,0.05268,0.05270,0.25330,-0.4,1.0000,-22.9915,0.4741,-7.9941,131.872,ppo_car_spread_a_deterministic
51.9210,-0.14421,0.0000,0.0018,0.04784,0.04787,0.40841,-0.4,1.0000,-22.9908,0.4741,-7.9947,131.867,ppo_car_spread_a_deterministic
51.9410,-0.14421,0.0000,0.0018,0.05285,0.05287,0.28465,-0.4,1.0000,-22.9900,0.4741,-7.9954,131.864,ppo_car_spread_a_deterministic
51.9610,-0.14561,0.0000,0.0014,0.05038,0.05040,0.25043,-0.4,1.0000,-22.9892,0.4741,-7.9960,131.862,ppo_car_spread_a_deterministic
51.9810,-0.14561,0.0000,0.0014,0.04722,0.04723,0.40498,-0.3,1.0000,-22.9885,0.4741,-7.9967,131.859,ppo_car_spread_a_deterministic
52.0010,-0.14561,0.0000,0.0014,0.04145,0.04147,0.40535,-0.3,1.0000,-22.9879,0.4741,-7.9972,131.858,ppo_car_spread_a_deterministic
52.0210,-0.14561,0.0000,0.0014,0.04953,0.04956,0.15103,-0.3,1.0000,-22.9871,0.4741,-7.9978,131.859,ppo_car_spread_a_deterministic
52.0410,-0.14552,0.0039,0.0000,0.04212,0.04214,0.23874,-0.3,1.0000,-22.9865,0.4741,-7.9984,131.859,ppo_car_spread_a_deterministic
52.0610,-0.14552,0.0039,0.0000,0.04890,0.04892,0.25498,2.0,1.0000,-22.9857,0.4741,-7.9990,131.857,ppo_car_spread_a_deterministic
52.0810,-0.14552,0.0039,0.0000,0.04477,0.04480,0.40779,2.0,1.0000,-22.9851,0.4741,-7.9996,131.856,ppo_car_spread_a_deterministic
52.1010,-0.14552,0.0039,0.0000,0.04992,0.04995,0.21126,2.0,1.0000,-22.9843,0.4741,-8.0002,131.854,ppo_car_spread_a_deterministic
52.1210,-0.14519,0.0006,0.0000,0.05032,0.05034,0.07568,2.0,1.0000,-22.9835,0.4741,-8.0009,131.852,ppo_car_spread_a_deterministic
52.1410,-0.14519,0.0006,0.0000,0.04728,0.04730,0.40808,0.3,1.0000,-22.9828,0.4741,-8.0015,131.851,ppo_car_spread_a_deterministic
52.1610,-0.14519,0.0006,0.0000,0.04989,0.04992,0.38704,0.3,1.0000,-22.9820,0.4741,-8.0021,131.845,ppo_car_spread_a_deterministic
52.1810,-0.14519,0.0006,0.0000,0.04292,0.04294,0.33244,0.3,1.0000,-22.9814,0.4741,-8.0027,131.846,ppo_car_spread_a_deterministic
52.2010,-0.14590,0.0000,0.0031,0.04638,0.04641,0.40687,0.3,1.0000,-22.9807,0.4741,-8.0033,131.841,ppo_car_spread_a_deterministic
52.2210,-0.14590,0.0000,0.0031,0.05169,0.05171,0.23955,-0.7,1.0000,-22.9799,0.4741,-8.0039,131.839,ppo_car_spread_a_deterministic
52.2410,-0.14590,0.0000,0.0031,0.05083,0.05086,0.24400,-0.7,1.0000,-22.9791,0.4741,-8.0046,131.836,ppo_car_spread_a_deterministic
52.2610,-0.14590,0.0000,0.0031,0.04527,0.04529,0.26611,-0.7,1.0000,-22.9784,0.4741,-8.0052,131.836,ppo_car_spread_a_deterministic
52.2810,-0.14537,0.0000,0.0046,0.04758,0.04760,0.17237,-0.7,1.0000,-22.9777,0.4741,-8.0058,131.836,ppo_car_spread_a_deterministic
52.3010,-0.14537,0.0000,0.0046,0.04519,0.04522,0.40776,-1.0,1.0000,-22.9770,0.4741,-8.0064,131.833,ppo_car_spread_a_deterministic
52.3210,-0.14537,0.0000,0.0046,0.05024,0.05027,0.27227,-1.0,1.0000,-22.9762,0.4741,-8.0070,131.830,ppo_car_spread_a_deterministic
52.3410,-0.14537,0.0000,0.0046,0.04778,0.04780,0.16460,-1.0,1.0000,-22.9755,0.4741,-8.0076,131.827,ppo_car_spread_a_deterministic
52.3610,-0.14537,0.0000,0.0041,0.05033,0.05035,0.36200,-1.0,1.0000,-22.9747,0.4741,-8.0083,131.829,ppo_car_spread_a_deterministic
52.3810,-0.14537,0.0000,0.0041,0.04779,0.04781,0.18161,-0.9,1.0000,-22.9740,0.4741,-8.0089,131.828,ppo_car_spread_a_deterministic
52.4010,-0.14537,0.0000,0.0041,0.05365,0.05368,0.28367,-0.9,1.0000,-22.9731,0.4741,-8.0096,131.829,ppo_car_spread_a_deterministic
52.4210,-0.14537,0.0000,0.0041,0.04423,0.04426,0.30369,-0.9,1.0000,-22.9725,0.4741,-8.0101,131.829,ppo_car_spread_a_deterministic
52.4410,-0.14419,0.0000,0.0087,0.04786,0.04788,0.31928,-0.9,1.0000,-22.9717,0.4741,-8.0108,131.833,ppo_car_spread_a_deterministic
52.4610,-0.14419,0.0000,0.0087,0.05092,0.05094,0.19925,-1.8,1.0000,-22.9709,0.4741,-8.0114,131.833,ppo_car_spread_a_deterministic
52.4810,-0.14419,0.0000,0.0087,0.04394,0.04396,0.35991,-1.8,1.0000,-22.9703,0.4741,-8.0120,131.833,ppo_car_spread_a_deterministic
52.5010,-0.14419,0.0000,0.0087,0.04349,0.04351,0.30700,-1.8,1.0000,-22.9696,0.4741,-8.0125,131.830,ppo_car_spread_a_deterministic
52.5210,-0.14499,0.0011,0.0000,0.04695,0.04697,0.40219,-1.8,1.0000,-22.9689,0.4741,-8.0131,131.830,ppo_car_spread_a_deterministic
52.5410,-0.14499,0.0011,0.0000,0.05022,0.05024,0.26723,0.6,1.0000,-22.9681,0.4741,-8.0138,131.828,ppo_car_spread_a_deterministic
52.5610,-0.14499,0.0011,0.0000,0.04251,0.04253,0.34038,0.6,1.0000,-22.9675,0.4741,-8.0143,131.828,ppo_car_spread_a_deterministic
52.5810,-0.14499,0.0011,0.0000,0.04669,0.04672,0.26440,0.6,1.0000,-22.9668,0.4741,-8.0149,131.823,ppo_car_spread_a_deterministic
52.6010,-0.14553,0.0026,0.0000,0.04379,0.04381,0.19978,0.6,1.0000,-22.9661,0.4741,-8.0155,131.820,ppo_car_spread_a_deterministic
52.6210,-0.14553,0.0026,0.0000,0.04704,0.04706,0.16451,1.4,1.0000,-22.9654,0.4741,-8.0161,131.818,ppo_car_spread_a_deterministic
52.6410,-0.14553,0.0026,0.0000,0.04733,0.04736,0.34715,1.4,1.0000,-22.9646,0.4741,-8.0167,131.815,ppo_car_spread_a_deterministic
52.6610,-0.14553,0.0026,0.0000,0.05378,0.05380,0.28781,1.4,1.0000,-22.9638,0.4741,-8.0174,131.812,ppo_car_spread_a_deterministic
52.6810,-0.14573,0.0000,0.0014,0.05143,0.05145,0.17986,1.4,1.0000,-22.9630,0.4741,-8.0181,131.809,ppo_car_spread_a_deterministic
52.7010,-0.14573,0.0000,0.0014,0.04642,0.04645,0.16611,-0.3,1.0000,-22.9623,0.4741,-8.0187,131.810,ppo_car_spread_a_deterministic
52.7210,-0.14573,0.0000,0.0014,0.04851,0.04854,0.24961,-0.3,1.0000,-22.9616,0.4741,-8.0193,131.812,ppo_car_spread_a_deterministic
52.7410,-0.14573,0.0000,0.0014,0.04560,0.04563,0.18064,-0.3,1.0000,-22.9609,0.4741,-8.0199,131.811,ppo_car_spread_a_deterministic
52.7610,-0.14469,0.0000,0.0039,0.03633,0.03635,0.41038,-0.3,1.0000,-22.9603,0.4741,-8.0203,131.811,ppo_car_spread_a_deterministic
52.7810,-0.14469,0.0000,0.0039,0.04854,0.04856,0.22468,-0.8,1.0000,-22.9596,0.4741,-8.0210,131.809,ppo_car_spread_a_deterministic
52.8010,-0.14469,0.0000,0.0039,0.04762,0.04764,0.11853,-0.8,1.0000,-22.9588,0.4741,-8.0216,131.810,ppo_car_spread_a_deterministic
52.8210,-0.14469,0.0000,0.0039,0.04223,0.04225,0.38434,-0.8,1.0000,-22.9582,0.4741,-8.0221,131.805,ppo_car_spread_a_deterministic
52.8410,-0.14495,0.0000,0.0028,0.04541,0.04542,0.36775,-0.8,1.0000,-22.9575,0.4741,-8.0227,131.802,ppo_car_spread_a_deterministic
52.8610,-0.14495,0.0000,0.0028,0.04237,0.04239,0.39539,-0.6,1.0000,-22.9569,0.4741,-8.0232,131.805,ppo_car_spread_a_deterministic
52.8810,-0.14495,0.0000,0.0028,0.04354,0.04356,0.19103,-0.6,1.0000,-22.9562,0.4741,-8.0238,131.803,ppo_car_spread_a_deterministic
52.9010,-0.14495,0.0000,0.0028,0.04690,0.04693,0.26009,-0.6,1.0000,-22.9555,0.4741,-8.0244,131.804,ppo_car_spread_a_deterministic
52.9210,-0.14591,0.0021,0.0000,0.04461,0.04463,0.27633,-0.6,1.0000,-22.9548,0.4741,-8.0250,131.804,ppo_car_spread_a_deterministic
52.9410,-0.14591,0.0021,0.0000,0.04848,0.04851,0.27405,1.1,1.0000,-22.9540,0.4741,-8.0256,131.800,ppo_car_spread_a_deterministic
52.9610,-0.14591,0.0021,0.0000,0.04539,0.04542,0.25514,1.1,1.0000,-22.9533,0.4741,-8.0262,131.801,ppo_car_spread_a_deterministic
52.9810,-0.14591,0.0021,0.0000,0.04604,0.04606,0.20216,1.1,1.0000,-22.9526,0.4741,-8.0268,131.799,ppo_car_spread_a_deterministic
53.0010,-0.14552,0.0000,0.0003,0.04463,0.04465,0.23237,1.1,1.0000,-22.9519,0.4741,-8.0274,131.798,ppo_car_spread_a_deterministic
53.0210,-0.14552,0.0000,0.0003,0.04305,0.04307,0.33924,-0.1,1.0000,-22.9513,0.4741,-8.0279,131.795,ppo_car_spread_a_deterministic
53.0410,-0.14552,0.0000,0.0003,0.04757,0.04759,0.05119,-0.1,1.0000,-22.9506,0.4741,-8.0285,131.794,ppo_car_spread_a_deterministic
53.0610,-0.14552,0.0000,0.0003,0.05180,0.05182,0.27626,-0.1,1.0000,-22.9498,0.4741,-8.0292,131.792,ppo_car_spread_a_deterministic
53.0810,-0.14547,0.0000,0.0022,0.04778,0.04781,0.26388,-0.1,1.0000,-22.9490,0.4741,-8.0298,131.792,ppo_car_spread_a_deterministic
53.1010,-0.14547,0.0000,0.0022,0.04359,0.04362,0.38203,-0.5,1.0000,-22.9484,0.4741,-8.0304,131.789,ppo_car_spread_a_deterministic
53.1210,-0.14547,0.0000,0.0022,0.04661,0.04663,0.33067,-0.5,1.0000,-22.9476,0.4741,-8.0310,131.783,ppo_car_spread_a_deterministic
53.1410,-0.14547,0.0000,0.0022,0.04961,0.04964,0.23991,-0.5,1.0000,-22.9469,0.4741,-8.0316,131.783,ppo_car_spread_a_deterministic
53.1610,-0.14682,0.0002,0.0000,0.04819,0.04821,0.27145,-0.5,1.0000,-22.9461,0.4741,-8.0322,131.779,ppo_car_spread_a_deterministic
53.1810,-0.14682,0.0002,0.0000,0.04830,0.04833,0.07067,0.1,1.0000,-22.9454,0.4741,-8.0329,131.777,ppo_car_spread_a_deterministic
53.2010,-0.14682,0.0002,0.0000,0.05005,0.05007,0.20961,0.1,1.0000,-22.9446,0.4741,-8.0335,131.776,ppo_car_spread_a_deterministic
53.2210,-0.14682,0.0002,0.0000,0.04641,0.04643,0.26160,0.1,1.0000,-22.9439,0.4741,-8.0341,131.772,ppo_car_spread_a_deterministic
53.2410,-0.14560,0.0000,0.0044,0.05090,0.05092,0.27130,0.1,1.0000,-22.9431,0.4741,-8.0348,131.772,ppo_car_spread_a_deterministic
53.2610,-0.14560,0.0000,0.0044,0.04508,0.04510,0.32991,-0.9,1.0000,-22.9424,0.4741,-8.0353,131.769,ppo_car_spread_a_deterministic
53.2810,-0.14560,0.0000,0.0044,0.04496,0.04498,0.16971,-0.9,1.0000,-22.9418,0.4741,-8.0359,131.768,ppo_car_spread_a_deterministic
53.3010,-0.14560,0.0000,0.0044,0.04927,0.04930,0.40338,-0.9,1.0000,-22.9410,0.4741,-8.0365,131.764,ppo_car_spread_a_deterministic
53.3210,-0.14600,0.0004,0.0000,0.04388,0.04390,0.35265,-0.9,1.0000,-22.9403,0.4741,-8.0371,131.765,ppo_car_spread_a_deterministic
53.3410,-0.14600,0.0004,0.0000,0.04467,0.04470,0.40837,0.2,1.0000,-22.9396,0.4741,-8.0377,131.761,ppo_car_spread_a_deterministic
53.3610,-0.14600,0.0004,0.0000,0.04142,0.04145,0.36920,0.2,1.0000,-22.9390,0.4741,-8.0382,131.759,ppo_car_spread_a_deterministic
53.3810,-0.14600,0.0004,0.0000,0.04194,0.04196,0.25509,0.2,1.0000,-22.9384,0.4741,-8.0387,131.759,ppo_car_spread_a_deterministic
53.4010,-0.14679,0.0043,0.0000,0.04693,0.04695,0.08298,0.2,1.0000,-22.9377,0.4741,-8.0393,131.757,ppo_car_spread_a_deterministic
53.4210,-0.14679,0.0043,0.0000,0.03797,0.03799,0.41199,2.3,1.0000,-22.9371,0.4741,-8.0398,131.757,ppo_car_spread_a_deterministic
53.4410,-0.14679,0.0043,0.0000,0.04264,0.04266,0.34575,2.3,1.0000,-22.9364,0.4741,-8.0404,131.756,ppo_car_spread_a_deterministic
53.4610,-0.14679,0.0043,0.0000,0.04382,0.04384,0.22052,2.3,1.0000,-22.9357,0.4741,-8.0409,131.754,ppo_car_spread_a_deterministic
53.4810,-0.14669,0.0031,0.0000,0.05085,0.05088,0.17499,2.3,1.0000,-22.9350,0.4741,-8.0416,131.752,ppo_car_spread_a_deterministic
53.5010,-0.14669,0.0031,0.0000,0.04795,0.04797,0.33741,1.6,1.0000,-22.9342,0.4741,-8.0422,131.751,ppo_car_spread_a_deterministic
53.5210,-0.14669,0.0031,0.0000,0.05283,0.05286,0.21703,1.6,1.0000,-22.9334,0.4741,-8.0429,131.749,ppo_car_spread_a_deterministic
53.5410,-0.14669,0.0031,0.0000,0.04823,0.04826,0.38831,1.6,1.0000,-22.9327,0.4741,-8.0435,131.752,ppo_car_spread_a_deterministic
53.5610,-0.14595,0.0000,0.0067,0.04115,0.04117,0.40905,1.6,1.0000,-22.9320,0.4741,-8.0440,131.749,ppo_car_spread_a_deterministic
53.5810,-0.14595,0.0000,0.0067,0.05024,0.05026,0.41055,-1.4,1.0000,-22.9313,0.4741,-8.0447,131.746,ppo_car_spread_a_deterministic
53.6010,-0.14595,0.0000,0.0067,0.04711,0.04712,0.39884,-1.4,1.0000,-22.9305,0.4741,-8.0453,131.748,ppo_car_spread_a_deterministic
53.6210,-0.14595,0.0000,0.0067,0.04646,0.04647,0.40832,-1.4,1.0000,-22.9298,0.4741,-8.0459,131.744,ppo_car_spread_a_deterministic
53.6410,-0.14540,0.0000,0.0023,0.05038,0.05040,0.26671,-1.4,1.0000,-22.9291,0.4741,-8.0465,131.743,ppo_car_spread_a_deterministic
53.6610,-0.14540,0.0000,0.0023,0.04813,0.04815,0.27872,-0.5,1.0000,-22.9283,0.4741,-8.0472,131.745,ppo_car_spread_a_deterministic
53.6810,-0.14540,0.0000,0.0023,0.04646,0.04648,0.21015,-0.5,1.0000,-22.9276,0.4741,-8.0478,131.744,ppo_car_spread_a_deterministic
53.7010,-0.14540,0.0000,0.0023,0.04510,0.04512,0.39753,-0.5,1.0000,-22.9269,0.4741,-8.0483,131.737,ppo_car_spread_a_deterministic
53.7210,-0.14613,0.0000,0.0009,0.04064,0.04066,0.40461,-0.5,1.0000,-22.9263,0.4741,-8.0488,131.737,ppo_car_spread_a_deterministic
53.7410,-0.14613,0.0000,0.0009,0.04059,0.04060,0.39378,-0.2,1.0000,-22.9257,0.4741,-8.0494,131.735,ppo_car_spread_a_deterministic
53.7610,-0.14613,0.0000,0.0009,0.05097,0.05100,0.28036,-0.2,1.0000,-22.9249,0.4741,-8.0500,131.735,ppo_car_spread_a_deterministic
53.7810,-0.14613,0.0000,0.0009,0.04299,0.04301,0.35023,-0.2,1.0000,-22.9242,0.4741,-8.0506,131.736,ppo_car_spread_a_deterministic
53.8010,-0.14561,0.0000,0.0057,0.05022,0.05024,0.22706,-0.2,1.0000,-22.9235,0.4741,-8.0512,131.736,ppo_car_spread_a_deterministic
53.8210,-0.14561,0.0000,0.0057,0.04559,0.04561,0.40499,-1.2,1.0000,-22.9228,0.4741,-8.0518,131.735,ppo_car_spread_a_deterministic
53.8410,-0.14561,0.0000,0.0057,0.04290,0.04293,0.38294,-1.2,1.0000,-22.9221,0.4741,-8.0524,131.734,ppo_car_spread_a_deterministic
53.8610,-0.14561,0.0000,0.0057,0.04391,0.04394,0.39612,-1.2,1.0000,-22.9214,0.4741,-8.0529,131.731,ppo_car_spread_a_deterministic
53.8810,-0.14667,0.0025,0.0000,0.04677,0.04680,0.17465,-1.2,1.0000,-22.9207,0.4741,-8.0535,131.730,ppo_car_spread_a_deterministic
53.9010,-0.14667,0.0025,0.0000,0.04159,0.04162,0.35169,1.3,1.0000,-22.9201,0.4741,-8.0540,131.729,ppo_car_spread_a_deterministic
53.9210,-0.14667,0.0025,0.0000,0.04594,0.04596,0.37068,1.3,1.0000,-22.9194,0.4741,-8.0546,131.728,ppo_car_spread_a_deterministic
53.9410,-0.14667,0.0025,0.0000,0.05101,0.05104,0.21789,1.3,1.0000,-22.9186,0.4741,-8.0553,131.725,ppo_car_spread_a_deterministic
53.9610,-0.14626,0.0000,0.0004,0.05131,0.05133,0.28556,1.3,1.0000,-22.9178,0.4741,-8.0560,131.724,ppo_car_spread_a_deterministic
53.9810,-0.14626,0.0000,0.0004,0.05170,0.05173,0.26648,-0.1,1.0000,-22.9170,0.4741,-8.0566,131.726,ppo_car_spread_a_deterministic
54.0011,-0.14626,0.0000,0.0004,0.05003,0.05005,0.40112,-0.1,1.0000,-22.9162,0.4741,-8.0573,131.721,ppo_car_spread_a_deterministic
54.0211,-0.14626,0.0000,0.0004,0.05095,0.05097,0.23360,-0.1,1.0000,-22.9155,0.4741,-8.0579,131.719,ppo_car_spread_a_deterministic
54.0411,-0.14695,0.0000,0.0033,0.05038,0.05041,0.28373,-0.1,1.0000,-22.9147,0.4741,-8.0586,131.717,ppo_car_spread_a_deterministic
54.0611,-0.14695,0.0000,0.0033,0.04108,0.04110,0.35877,-0.7,1.0000,-22.9141,0.4741,-8.0591,131.717,ppo_car_spread_a_deterministic
54.0811,-0.14695,0.0000,0.0033,0.04477,0.04480,0.14337,-0.7,1.0000,-22.9134,0.4741,-8.0597,131.715,ppo_car_spread_a_deterministic
54.1011,-0.14695,0.0000,0.0033,0.04835,0.04837,0.07989,-0.7,1.0000,-22.9126,0.4741,-8.0603,131.714,ppo_car_spread_a_deterministic
54.1211,-0.14699,0.0012,0.0000,0.03890,0.03892,0.41123,-0.7,1.0000,-22.9120,0.4741,-8.0608,131.711,ppo_car_spread_a_deterministic
54.1411,-0.14699,0.0012,0.0000,0.04068,0.04070,0.40228,0.6,1.0000,-22.9114,0.4741,-8.0613,131.712,ppo_car_spread_a_deterministic
54.1611,-0.14699,0.0012,0.0000,0.04667,0.04669,0.24119,0.6,1.0000,-22.9107,0.4741,-8.0619,131.714,ppo_car_spread_a_deterministic
54.1811,-0.14699,0.0012,0.0000,0.04913,0.04915,0.26430,0.6,1.0000,-22.9099,0.4741,-8.0625,131.717,ppo_car_spread_a_deterministic
54.2011,-0.14601,0.0000,0.0019,0.04358,0.04360,0.35378,0.6,1.0000,-22.9093,0.4741,-8.0631,131.720,ppo_car_spread_a_deterministic
54.2211,-0.14601,0.0000,0.0019,0.05340,0.05343,0.27528,-0.4,1.0000,-22.9084,0.4741,-8.0638,131.717,ppo_car_spread_a_deterministic
54.2411,-0.14601,0.0000,0.0019,0.04281,0.04283,0.40198,-0.4,1.0000,-22.9078,0.4741,-8.0643,131.721,ppo_car_spread_a_deterministic
54.2611,-0.14601,0.0000,0.0019,0.04356,0.04358,0.28135,-0.4,1.0000,-22.9071,0.4741,-8.0649,131.718,ppo_car_spread_a_deterministic
54.2811,-0.14586,0.0013,0.0000,0.05017,0.05019,0.27293,-0.4,1.0000,-22.9064,0.4741,-8.0655,131.713,ppo_car_spread_a_deterministic
54.3011,-0.14586,0.0013,0.0000,0.04565,0.04567,0.19688,0.7,1.0000,-22.9057,0.4741,-8.0661,131.712,ppo_car_spread_a_deterministic
54.3211,-0.14586,0.0013,0.0000,0.04851,0.04853,0.23792,0.7,1.0000,-22.9049,0.4741,-8.0667,131.712,ppo_car_spread_a_deterministic
54.3411,-0.14586,0.0013,0.0000,0.04627,0.04629,0.17320,0.7,1.0000,-22.9042,0.4741,-8.0673,131.710,ppo_car_spread_a_deterministic
54.3611,-0.14587,0.0000,0.0035,0.05073,0.05076,0.18521,0.7,1.0000,-22.9034,0.4741,-8.0680,131.709,ppo_car_spread_a_deterministic
54.3811,-0.14587,0.0000,0.0035,0.04853,0.04855,0.37879,-0.7,1.0000,-22.9027,0.4741,-8.0686,131.710,ppo_car_spread_a_deterministic
54.4011,-0.14587,0.0000,0.0035,0.04900,0.04903,0.25990,-0.7,1.0000,-22.9019,0.4741,-8.0693,131.708,ppo_car_spread_a_deterministic
54.4211,-0.14587,0.0000,0.0035,0.04403,0.04406,0.37326,-0.7,1.0000,-22.9012,0.4741,-8.0698,131.710,ppo_car_spread_a_deterministic
54.4411,-0.14647,0.0000,0.0035,0.05121,0.05124,0.21910,-0.7,1.0000,-22.9005,0.4741,-8.0705,131.709,ppo_car_spread_a_deterministic
54.4611,-0.14647,0.0000,0.0035,0.05347,0.05349,0.27916,-0.7,1.0000,-22.8996,0.4741,-8.0712,131.705,ppo_car_spread_a_deterministic
54.4811,-0.14647,0.0000,0.0035,0.04806,0.04807,0.23533,-0.7,1.0000,-22.8989,0.4741,-8.0718,131.704,ppo_car_spread_a_deterministic
54.5011,-0.14647,0.0000,0.0035,0.04840,0.04842,0.25940,-0.7,1.0000,-22.8982,0.4741,-8.0724,131.703,ppo_car_spread_a_deterministic
54.5211,-0.14643,0.0000,0.0025,0.04632,0.04635,0.26090,-0.7,1.0000,-22.8974,0.4741,-8.0730,131.698,ppo_car_spread_a_deterministic
54.5411,-0.14643,0.0000,0.0025,0.04233,0.04236,0.37260,-0.5,1.0000,-22.8968,0.4741,-8.0735,131.698,ppo_car_spread_a_deterministic
54.5611,-0.14643,0.0000,0.0025,0.04372,0.04374,0.41023,-0.5,1.0000,-22.8961,0.4741,-8.0741,131.695,ppo_car_spread_a_deterministic
54.5811,-0.14643,0.0000,0.0025,0.04779,0.04782,0.07720,-0.5,1.0000,-22.8954,0.4741,-8.0747,131.694,ppo_car_spread_a_deterministic
54.6011,-0.14755,0.0023,0.0000,0.04979,0.04982,0.26810,-0.5,1.0000,-22.8946,0.4741,-8.0753,131.692,ppo_car_spread_a_deterministic
54.6211,-0.14755,0.0023,0.0000,0.04715,0.04718,0.22308,1.2,1.0000,-22.8939,0.4741,-8.0759,131.688,ppo_car_spread_a_deterministic
54.6411,-0.14755,0.0023,0.0000,0.04686,0.04688,0.35853,1.2,1.0000,-22.8932,0.4741,-8.0765,131.681,ppo_car_spread_a_deterministic
54.6611,-0.14755,0.0023,0.0000,0.04595,0.04597,0.35907,1.2,1.0000,-22.8925,0.4741,-8.0771,131.676,ppo_car_spread_a_deterministic
54.6811,-0.14833,0.0004,0.0000,0.04608,0.04610,0.16600,1.2,1.0000,-22.8918,0.4741,-8.0777,131.673,ppo_car_spread_a_deterministic
54.7011,-0.14833,0.0004,0.0000,0.04577,0.04579,0.15195,0.2,1.0000,-22.8911,0.4741,-8.0783,131.673,ppo_car_spread_a_deterministic
54.7211,-0.14833,0.0004,0.0000,0.05292,0.05295,0.24013,0.2,1.0000,-22.8902,0.4741,-8.0790,131.672,ppo_car_spread_a_deterministic
54.7411,-0.14833,0.0004,0.0000,0.04327,0.04330,0.39995,0.2,1.0000,-22.8896,0.4741,-8.0795,131.673,ppo_car_spread_a_deterministic
54.7611,-0.14664,0.0000,0.0072,0.04979,0.04981,0.18466,0.2,1.0000,-22.8888,0.4741,-8.0802,131.670,ppo_car_spread_a_deterministic
54.7811,-0.14664,0.0000,0.0072,0.04620,0.04623,0.27398,-1.5,1.0000,-22.8881,0.4741,-8.0808,131.666,ppo_car_spread_a_deterministic
54.8011,-0.14664,0.0000,0.0072,0.04557,0.04559,0.16051,-1.5,1.0000,-22.8874,0.4741,-8.0813,131.663,ppo_car_spread_a_deterministic
54.8211,-0.14664,0.0000,0.0072,0.04886,0.04889,0.19927,-1.5,1.0000,-22.8866,0.4741,-8.0820,131.659,ppo_car_spread_a_deterministic
54.8411,-0.14751,0.0005,0.0000,0.04639,0.04641,0.26368,-1.5,1.0000,-22.8859,0.4741,-8.0826,131.657,ppo_car_spread_a_deterministic
54.8611,-0.14751,0.0005,0.0000,0.04398,0.04400,0.39218,0.3,1.0000,-22.8853,0.4741,-8.0831,131.656,ppo_car_spread_a_deterministic
54.8811,-0.14751,0.0005,0.0000,0.04774,0.04777,0.17096,0.3,1.0000,-22.8845,0.4741,-8.0837,131.654,ppo_car_spread_a_deterministic
54.9011,-0.14751,0.0005,0.0000,0.04766,0.04768,0.28227,0.3,1.0000,-22.8838,0.4741,-8.0844,131.652,ppo_car_spread_a_deterministic
54.9211,-0.14740,0.0000,0.0018,0.05527,0.05529,0.28976,0.3,1.0000,-22.8829,0.4741,-8.0851,131.651,ppo_car_spread_a_deterministic
54.9411,-0.14740,0.0000,0.0018,0.04521,0.04523,0.24516,-0.4,1.0000,-22.8822,0.4741,-8.0856,131.652,ppo_car_spread_a_deterministic
54.9611,-0.14740,0.0000,0.0018,0.05001,0.05004,0.20897,-0.4,1.0000,-22.8815,0.4741,-8.0863,131.653,ppo_car_spread_a_deterministic
54.9811,-0.14740,0.0000,0.0018,0.04955,0.04958,0.24852,-0.4,1.0000,-22.8807,0.4741,-8.0869,131.649,ppo_car_spread_a_deterministic
55.0011,-0.14658,0.0000,0.0049,0.04165,0.04167,0.39602,-0.4,1.0000,-22.8801,0.4741,-8.0874,131.647,ppo_car_spread_a_deterministic
55.0211,-0.14658,0.0000,0.0049,0.04766,0.04769,0.05803,-1.0,1.0000,-22.8793,0.4741,-8.0881,131.646,ppo_car_spread_a_deterministic
55.0411,-0.14658,0.0000,0.0049,0.04933,0.04936,0.28207,-1.0,1.0000,-22.8786,0.4741,-8.0887,131.645,ppo_car_spread_a_deterministic
55.0611,-0.14658,0.0000,0.0049,0.03809,0.03811,0.39514,-1.0,1.0000,-22.8780,0.4741,-8.0892,131.641,ppo_car_spread_a_deterministic
55.0811,-0.14696,0.0000,0.0038,0.04778,0.04780,0.18625,-1.0,1.0000,-22.8773,0.4741,-8.0898,131.641,ppo_car_spread_a_deterministic
55.1011,-0.14696,0.0000,0.0038,0.04943,0.04945,0.27393,-0.8,1.0000,-22.8765,0.4741,-8.0904,131.641,ppo_car_spread_a_deterministic
55.1211,-0.14696,0.0000,0.0038,0.03842,0.03843,0.39828,-0.8,1.0000,-22.8759,0.4741,-8.0909,131.638,ppo_car_spread_a_deterministic
55.1411,-0.14696,0.0000,0.0038,0.04808,0.04810,0.26463,-0.8,1.0000,-22.8752,0.4741,-8.0915,131.637,ppo_car_spread_a_deterministic
55.1611,-0.14850,0.0077,0.0000,0.04518,0.04520,0.23537,-0.8,1.0000,-22.8745,0.4741,-8.0921,131.638,ppo_car_spread_a_deterministic
55.1811,-0.14850,0.0077,0.0000,0.04432,0.04435,0.32231,4.0,1.0000,-22.8738,0.4741,-8.0927,131.634,ppo_car_spread_a_deterministic
55.2011,-0.14850,0.0077,0.0000,0.04654,0.04656,0.26702,4.0,1.0000,-22.8731,0.4741,-8.0933,131.632,ppo_car_spread_a_deterministic
55.2211,-0.14850,0.0077,0.0000,0.05360,0.05362,0.27660,4.0,1.0000,-22.8723,0.4741,-8.0940,131.632,ppo_car_spread_a_deterministic
55.2411,-0.14789,0.0000,0.0002,0.04466,0.04467,0.29158,4.0,1.0000,-22.8716,0.4741,-8.0945,131.631,ppo_car_spread_a_deterministic
55.2611,-0.14789,0.0000,0.0002,0.04491,0.04493,0.32477,0.0,1.0000,-22.8709,0.4741,-8.0951,131.626,ppo_car_spread_a_deterministic
55.2811,-0.14789,0.0000,0.0002,0.04021,0.04024,0.41186,0.0,1.0000,-22.8703,0.4741,-8.0956,131.626,ppo_car_spread_a_deterministic
55.3011,-0.14789,0.0000,0.0002,0.05147,0.05151,0.40539,0.0,1.0000,-22.8695,0.4741,-8.0963,131.622,ppo_car_spread_a_deterministic
55.3211,-0.14794,0.0051,0.0000,0.04899,0.04901,0.40493,0.0,1.0000,-22.8687,0.4741,-8.0969,131.622,ppo_car_spread_a_deterministic
55.3411,-0.14794,0.0051,0.0000,0.04341,0.04344,0.40427,2.7,1.0000,-22.8681,0.4741,-8.0975,131.619,ppo_car_spread_a_deterministic
55.3611,-0.14794,0.0051,0.0000,0.04819,0.04821,0.28010,2.7,1.0000,-22.8673,0.4741,-8.0981,131.616,ppo_car_spread_a_deterministic
55.3811,-0.14794,0.0051,0.0000,0.04068,0.04070,0.40500,2.7,1.0000,-22.8667,0.4741,-8.0986,131.617,ppo_car_spread_a_deterministic
55.4011,-0.14787,0.0000,0.0018,0.04762,0.04763,0.41318,2.7,1.0000,-22.8660,0.4741,-8.0992,131.615,ppo_car_spread_a_deterministic
55.4211,-0.14787,0.0000,0.0018,0.04820,0.04823,0.39227,-0.4,1.0000,-22.8652,0.4741,-8.0998,131.612,ppo_car_spread_a_deterministic
55.4411,-0.14787,0.0000,0.0018,0.04403,0.04405,0.41006,-0.4,1.0000,-22.8645,0.4741,-8.1004,131.609,ppo_car_spread_a_deterministic
55.4611,-0.14787,0.0000,0.0018,0.05050,0.05052,0.38336,-0.4,1.0000,-22.8638,0.4741,-8.1010,131.606,ppo_car_spread_a_deterministic
55.4811,-0.14827,0.0021,0.0000,0.04805,0.04807,0.17615,-0.4,1.0000,-22.8630,0.4741,-8.1017,131.604,ppo_car_spread_a_deterministic
55.5011,-0.14827,0.0021,0.0000,0.04967,0.04969,0.37498,1.1,1.0000,-22.8623,0.4741,-8.1023,131.599,ppo_car_spread_a_deterministic
55.5211,-0.14827,0.0021,0.0000,0.05156,0.05159,0.24935,1.1,1.0000,-22.8615,0.4741,-8.1030,131.599,ppo_car_spread_a_deterministic
55.5411,-0.14827,0.0021,0.0000,0.04937,0.04940,0.27273,1.1,1.0000,-22.8607,0.4741,-8.1036,131.600,ppo_car_spread_a_deterministic
55.5611,-0.14713,0.0000,0.0063,0.05198,0.05200,0.06513,1.1,1.0000,-22.8599,0.4741,-8.1043,131.599,ppo_car_spread_a_deterministic
55.5811,-0.14713,0.0000,0.0063,0.04804,0.04806,0.26403,-1.3,1.0000,-22.8592,0.4741,-8.1049,131.595,ppo_car_spread_a_deterministic
55.6011,-0.14713,0.0000,0.0063,0.05190,0.05193,0.28094,-1.3,1.0000,-22.8584,0.4741,-8.1055,131.596,ppo_car_spread_a_deterministic
55.6211,-0.14713,0.0000,0.0063,0.05047,0.05050,0.22587,-1.3,1.0000,-22.8576,0.4741,-8.1062,131.593,ppo_car_spread_a_deterministic
55.6411,-0.14677,0.0000,0.0070,0.05268,0.05271,0.26965,-1.3,1.0000,-22.8568,0.4741,-8.1069,131.594,ppo_car_spread_a_deterministic
55.6611,-0.14677,0.0000,0.0070,0.04869,0.04871,0.22044,-1.5,1.0000,-22.8560,0.4741,-8.1075,131.594,ppo_car_spread_a_deterministic
55.6811,-0.14677,0.0000,0.0070,0.04928,0.04931,0.17342,-1.5,1.0000,-22.8553,0.4741,-8.1081,131.591,ppo_car_spread_a_deterministic
55.7011,-0.14677,0.0000,0.0070,0.04587,0.04589,0.17745,-1.5,1.0000,-22.8546,0.4741,-8.1087,131.587,ppo_car_spread_a_deterministic
55.7211,-0.14798,0.0000,0.0031,0.04966,0.04969,0.20484,-1.5,1.0000,-22.8538,0.4741,-8.1093,131.587,ppo_car_spread_a_deterministic
55.7411,-0.14798,0.0000,0.0031,0.04998,0.05000,0.18185,-0.7,1.0000,-22.8530,0.4741,-8.1100,131.587,ppo_car_spread_a_deterministic
55.7611,-0.14798,0.0000,0.0031,0.04514,0.04517,0.40903,-0.7,1.0000,-22.8523,0.4741,-8.1105,131.590,ppo_car_spread_a_deterministic
55.7811,-0.14798,0.0000,0.0031,0.04696,0.04698,0.34252,-0.7,1.0000,-22.8516,0.4741,-8.1111,131.585,ppo_car_spread_a_deterministic
55.8011,-0.14702,0.0000,0.0009,0.04480,0.04482,0.17142,-0.7,1.0000,-22.8509,0.4741,-8.1117,131.583,ppo_car_spread_a_deterministic
55.8211,-0.14702,0.0000,0.0009,0.04717,0.04720,0.09536,-0.2,1.0000,-22.8502,0.4741,-8.1123,131.581,ppo_car_spread_a_deterministic
55.8411,-0.14702,0.0000,0.0009,0.04722,0.04725,0.29957,-0.2,1.0000,-22.8495,0.4741,-8.1129,131.578,ppo_car_spread_a_deterministic
55.8611,-0.14702,0.0000,0.0009,0.04523,0.04525,0.18830,-0.2,1.0000,-22.8488,0.4741,-8.1135,131.577,ppo_car_spread_a_deterministic
55.8811,-0.14818,0.0000,0.0011,0.04912,0.04914,0.18622,-0.2,1.0000,-22.8480,0.4741,-8.1141,131.574,ppo_car_spread_a_deterministic
55.9011,-0.14818,0.0000,0.0011,0.04602,0.04604,0.16928,-0.2,1.0000,-22.8473,0.4741,-8.1147,131.575,ppo_car_spread_a_deterministic
55.9211,-0.14818,0.0000,0.0011,0.04801,0.04804,0.37692,-0.2,1.0000,-22.8466,0.4741,-8.1153,131.574,ppo_car_spread_a_deterministic
55.9411,-0.14818,0.0000,0.0011,0.05168,0.05170,0.26390,-0.2,1.0000,-22.8458,0.4741,-8.1160,131.572,ppo_car_spread_a_deterministic
55.9611,-0.14791,0.0000,0.0025,0.04552,0.04555,0.39071,-0.2,1.0000,-22.8451,0.4741,-8.1166,131.574,ppo_car_spread_a_deterministic
55.9811,-0.14791,0.0000,0.0025,0.04051,0.04053,0.35810,-0.5,1.0000,-22.8445,0.4741,-8.1171,131.574,ppo_car_spread_a_deterministic
56.0011,-0.14791,0.0000,0.0025,0.04157,0.04159,0.36878,-0.5,1.0000,-22.8438,0.4741,-8.1176,131.576,ppo_car_spread_a_deterministic
56.0211,-0.14791,0.0000,0.0025,0.05031,0.05033,0.29003,-0.5,1.0000,-22.8431,0.4741,-8.1183,131.575,ppo_car_spread_a_deterministic
56.0411,-0.14788,0.0031,0.0000,0.04624,0.04626,0.21964,-0.5,1.0000,-22.8423,0.4741,-8.1189,131.575,ppo_car_spread_a_deterministic
56.0611,-0.14788,0.0031,0.0000,0.04321,0.04323,0.38497,1.6,1.0000,-22.8417,0.4741,-8.1194,131.574,ppo_car_spread_a_deterministic
56.0811,-0.14788,0.0031,0.0000,0.04970,0.04972,0.33006,1.6,1.0000,-22.8409,0.4741,-8.1201,131.571,ppo_car_spread_a_deterministic
56.1011,-0.14788,0.0031,0.0000,0.04995,0.04998,0.25199,1.6,1.0000,-22.8401,0.4741,-8.1207,131.570,ppo_car_spread_a_deterministic
56.1211,-0.14802,0.0000,0.0035,0.05102,0.05105,0.24372,1.6,1.0000,-22.8394,0.4741,-8.1213,131.566,ppo_car_spread_a_deterministic
56.1411,-0.14802,0.0000,0.0035,0.04657,0.04659,0.39422,-0.7,1.0000,-22.8386,0.4741,-8.1219,131.567,ppo_car_spread_a_deterministic
56.1611,-0.14802,0.0000,0.0035,0.04683,0.04686,0.39627,-0.7,1.0000,-22.8379,0.4741,-8.1225,131.568,ppo_car_spread_a_deterministic
56.1811,-0.14802,0.0000,0.0035,0.04289,0.04291,0.40540,-0.7,1.0000,-22.8373,0.4741,-8.1231,131.564,ppo_car_spread_a_deterministic
56.2011,-0.14769,0.0000,0.0016,0.04932,0.04935,0.24288,-0.7,1.0000,-22.8365,0.4741,-8.1237,131.563,ppo_car_spread_a_deterministic
56.2211,-0.14769,0.0000,0.0016,0.04775,0.04777,0.27958,-0.3,1.0000,-22.8358,0.4741,-8.1243,131.563,ppo_car_spread_a_deterministic
56.2411,-0.14769,0.0000,0.0016,0.04762,0.04765,0.22970,-0.3,1.0000,-22.8350,0.4741,-8.1249,131.563,ppo_car_spread_a_deterministic
56.2611,-0.14769,0.0000,0.0016,0.05099,0.05101,0.28410,-0.3,1.0000,-22.8342,0.4741,-8.1256,131.564,ppo_car_spread_a_deterministic
56.2811,-0.14802,0.0000,0.0021,0.04437,0.04439,0.41321,-0.3,1.0000,-22.8336,0.4741,-8.1262,131.561,ppo_car_spread_a_deterministic
56.3011,-0.14802,0.0000,0.0021,0.04981,0.04983,0.13160,-0.4,1.0000,-22.8328,0.4741,-8.1268,131.560,ppo_car_spread_a_deterministic
56.3211,-0.14802,0.0000,0.0021,0.04993,0.04996,0.20748,-0.4,1.0000,-22.8320,0.4741,-8.1274,131.560,ppo_car_spread_a_deterministic
56.3411,-0.14802,0.0000,0.0021,0.04582,0.04584,0.38993,-0.4,1.0000,-22.8313,0.4741,-8.1280,131.562,ppo_car_spread_a_deterministic
56.3611,-0.14774,0.0000,0.0045,0.04800,0.04803,0.24796,-0.4,1.0000,-22.8306,0.4741,-8.1286,131.557,ppo_car_spread_a_deterministic
56.3811,-0.14774,0.0000,0.0045,0.05158,0.05161,0.26471,-0.9,1.0000,-22.8298,0.4741,-8.1293,131.553,ppo_car_spread_a_deterministic
56.4011,-0.14774,0.0000,0.0045,0.04350,0.04352,0.38024,-0.9,1.0000,-22.8291,0.4741,-8.1299,131.555,ppo_car_spread_a_deterministic
56.4211,-0.14774,0.0000,0.0045,0.04170,0.04172,0.24876,-0.9,1.0000,-22.8285,0.4741,-8.1304,131.553,ppo_car_spread_a_deterministic
56.4411,-0.14784,0.0011,0.0000,0.04007,0.04009,0.27067,-0.9,1.0000,-22.8279,0.4741,-8.1309,131.553,ppo_car_spread_a_deterministic
56.4611,-0.14784,0.0011,0.0000,0.04839,0.04842,0.28451,0.6,1.0000,-22.8271,0.4741,-8.1315,131.552,ppo_car_spread_a_deterministic
56.4811,-0.14784,0.0011,0.0000,0.04483,0.04485,0.20503,0.6,1.0000,-22.8264,0.4741,-8.1321,131.549,ppo_car_spread_a_deterministic
56.5011,-0.14784,0.0011,0.0000,0.04464,0.04466,0.26309,0.6,1.0000,-22.8257,0.4741,-8.1327,131.549,ppo_car_spread_a_deterministic
56.5211,-0.14900,0.0013,0.0000,0.05093,0.05095,0.26581,0.6,1.0000,-22.8250,0.4741,-8.1333,131.547,ppo_car_spread_a_deterministic
56.5411,-0.14900,0.0013,0.0000,0.04066,0.04069,0.41277,0.7,1.0000,-22.8243,0.4741,-8.1338,131.548,ppo_car_spread_a_deterministic
56.5611,-0.14900,0.0013,0.0000,0.04726,0.04729,0.25360,0.7,1.0000,-22.8236,0.4741,-8.1344,131.549,ppo_car_spread_a_deterministic
56.5811,-0.14900,0.0013,0.0000,0.05201,0.05204,0.19021,0.7,1.0000,-22.8228,0.4741,-8.1351,131.548,ppo_car_spread_a_deterministic
56.6011,-0.14835,0.0000,0.0018,0.04269,0.04271,0.36535,0.7,1.0000,-22.8221,0.4741,-8.1356,131.551,ppo_car_spread_a_deterministic
56.6211,-0.14835,0.0000,0.0018,0.04315,0.04317,0.38918,-0.4,1.0000,-22.8215,0.4741,-8.1362,131.547,ppo_car_spread_a_deterministic
56.6411,-0.14835,0.0000,0.0018,0.05287,0.05290,0.28458,-0.4,1.0000,-22.8207,0.4741,-8.1369,131.547,ppo_car_spread_a_deterministic
56.6611,-0.14835,0.0000,0.0018,0.04782,0.04786,0.19312,-0.4,1.0000,-22.8199,0.4741,-8.1375,131.546,ppo_car_spread_a_deterministic
56.6811,-0.14751,0.0000,0.0076,0.04471,0.04473,0.40677,-0.4,1.0000,-22.8192,0.4741,-8.1380,131.542,ppo_car_spread_a_deterministic
56.7011,-0.14751,0.0000,0.0076,0.04708,0.04710,0.06415,-1.6,1.0000,-22.8185,0.4741,-8.1387,131.540,ppo_car_spread_a_deterministic
56.7211,-0.14751,0.0000,0.0076,0.04298,0.04301,0.34781,-1.6,1.0000,-22.8178,0.4741,-8.1392,131.540,ppo_car_spread_a_deterministic
56.7411,-0.14751,0.0000,0.0076,0.05075,0.05078,0.28454,-1.6,1.0000,-22.8171,0.4741,-8.1398,131.539,ppo_car_spread_a_deterministic
56.7611,-0.14851,0.0022,0.0000,0.04848,0.04851,0.24030,-1.6,1.0000,-22.8163,0.4741,-8.1405,131.537,ppo_car_spread_a_deterministic
56.7811,-0.14851,0.0022,0.0000,0.04811,0.04813,0.24329,1.1,1.0000,-22.8156,0.4741,-8.1411,131.536,ppo_car_spread_a_deterministic
56.8011,-0.14851,0.0022,0.0000,0.04839,0.04841,0.27335,1.1,1.0000,-22.8148,0.4741,-8.1417,131.533,ppo_car_spread_a_deterministic
56.8211,-0.14851,0.0022,0.0000,0.04630,0.04632,0.07057,1.1,1.0000,-22.8141,0.4741,-8.1423,131.532,ppo_car_spread_a_deterministic
56.8411,-0.14875,0.0000,0.0022,0.04351,0.04354,0.26090,1.1,1.0000,-22.8134,0.4741,-8.1428,131.533,ppo_car_spread_a_deterministic
56.8611,-0.14875,0.0000,0.0022,0.03794,0.03796,0.40219,-0.5,1.0000,-22.8129,0.4741,-8.1433,131.535,ppo_car_spread_a_deterministic
56.8811,-0.14875,0.0000,0.0022,0.04883,0.04886,0.23434,-0.5,1.0000,-22.8121,0.4741,-8.1440,131.530,ppo_car_spread_a_deterministic
56.9011,-0.14875,0.0000,0.0022,0.04519,0.04521,0.40679,-0.5,1.0000,-22.8114,0.4741,-8.1445,131.529,ppo_car_spread_a_deterministic
56.9211,-0.14933,0.0000,0.0020,0.04463,0.04466,0.34847,-0.5,1.0000,-22.8107,0.4741,-8.1451,131.527,ppo_car_spread_a_deterministic
56.9411,-0.14933,0.0000,0.0020,0.04688,0.04690,0.21891,-0.4,1.0000,-22.8100,0.4741,-8.1457,131.527,ppo_car_spread_a_deterministic
56.9611,-0.14933,0.0000,0.0020,0.04648,0.04650,0.32113,-0.4,1.0000,-22.8093,0.4741,-8.1463,131.528,ppo_car_spread_a_deterministic
56.9811,-0.14933,0.0000,0.0020,0.04091,0.04093,0.38942,-0.4,1.0000,-22.8087,0.4741,-8.1468,131.527,ppo_car_spread_a_deterministic
57.0011,-0.14844,0.0000,0.0011,0.04945,0.04948,0.25821,-0.4,1.0000,-22.8079,0.4741,-8.1474,131.528,ppo_car_spread_a_deterministic
57.0211,-0.14844,0.0000,0.0011,0.05356,0.05359,0.28694,-0.2,1.0000,-22.8071,0.4741,-8.1481,131.529,ppo_car_spread_a_deterministic
57.0411,-0.14844,0.0000,0.0011,0.04551,0.04554,0.24728,-0.2,1.0000,-22.8064,0.4741,-8.1487,131.530,ppo_car_spread_a_deterministic
57.0611,-0.14844,0.0000,0.0011,0.03992,0.03994,0.36954,-0.2,1.0000,-22.8058,0.4741,-8.1492,131.529,ppo_car_spread_a_deterministic
57.0811,-0.14835,0.0000,0.0005,0.04336,0.04338,0.38310,-0.2,1.0000,-22.8051,0.4741,-8.1498,131.526,ppo_car_spread_a_deterministic
57.1011,-0.14835,0.0000,0.0005,0.04486,0.04489,0.15435,-0.1,1.0000,-22.8044,0.4741,-8.1503,131.526,ppo_car_spread_a_deterministic
57.1211,-0.14835,0.0000,0.0005,0.03685,0.03686,0.39937,-0.1,1.0000,-22.8038,0.4741,-8.1508,131.526,ppo_car_spread_a_deterministic
57.1411,-0.14835,0.0000,0.0005,0.04807,0.04809,0.14909,-0.1,1.0000,-22.8031,0.4741,-8.1514,131.524,ppo_car_spread_a_deterministic
57.1611,-0.14939,0.0086,0.0000,0.04383,0.04385,0.40542,-0.1,1.0000,-22.8024,0.4741,-8.1520,131.526,ppo_car_spread_a_deterministic
57.1811,-0.14939,0.0086,0.0000,0.04048,0.04050,0.39934,4.5,1.0000,-22.8018,0.4741,-8.1525,131.523,ppo_car_spread_a_deterministic
57.2011,-0.14939,0.0086,0.0000,0.04865,0.04868,0.27546,4.5,1.0000,-22.8011,0.4741,-8.1531,131.520,ppo_car_spread_a_deterministic
57.2211,-0.14939,0.0086,0.0000,0.05435,0.05437,0.26751,4.5,1.0000,-22.8002,0.4741,-8.1538,131.517,ppo_car_spread_a_deterministic
57.2411,-0.14923,0.0000,0.0023,0.04597,0.04600,0.40243,4.5,1.0000,-22.7995,0.4741,-8.1544,131.517,ppo_car_spread_a_deterministic
57.2611,-0.14923,0.0000,0.0023,0.04543,0.04547,0.40985,-0.5,1.0000,-22.7988,0.4741,-8.1550,131.517,ppo_car_spread_a_deterministic
57.2811,-0.14923,0.0000,0.0023,0.04931,0.04935,0.32944,-0.5,1.0000,-22.7980,0.4741,-8.1556,131.515,ppo_car_spread_a_deterministic
57.3011,-0.14923,0.0000,0.0023,0.04778,0.04780,0.37686,-0.5,1.0000,-22.7973,0.4741,-8.1562,131.512,ppo_car_spread_a_deterministic
57.3211,-0.14900,0.0000,0.0034,0.04493,0.04496,0.34481,-0.5,1.0000,-22.7966,0.4741,-8.1568,131.511,ppo_car_spread_a_deterministic
57.3411,-0.14900,0.0000,0.0034,0.04752,0.04755,0.28061,-0.7,1.0000,-22.7959,0.4741,-8.1574,131.512,ppo_car_spread_a_deterministic
57.3611,-0.14900,0.0000,0.0034,0.04407,0.04409,0.36835,-0.7,1.0000,-22.7952,0.4741,-8.1580,131.511,ppo_car_spread_a_deterministic
57.3811,-0.14900,0.0000,0.0034,0.04514,0.04516,0.39127,-0.7,1.0000,-22.7945,0.4741,-8.1585,131.507,ppo_car_spread_a_deterministic
57.4011,-0.14915,0.0017,0.0000,0.04725,0.04727,0.15904,-0.7,1.0000,-22.7938,0.4741,-8.1592,131.506,ppo_car_spread_a_deterministic
57.4211,-0.14915,0.0017,0.0000,0.04818,0.04820,0.15839,0.9,1.0000,-22.7930,0.4741,-8.1598,131.505,ppo_car_spread_a_deterministic
57.4411,-0.14915,0.0017,0.0000,0.04270,0.04272,0.40922,0.9,1.0000,-22.7924,0.4741,-8.1603,131.503,ppo_car_spread_a_deterministic
57.4611,-0.14915,0.0017,0.0000,0.05061,0.05064,0.29367,0.9,1.0000,-22.7916,0.4741,-8.1610,131.503,ppo_car_spread_a_deterministic
57.4811,-0.14965,0.0033,0.0000,0.03903,0.03905,0.39650,0.9,1.0000,-22.7910,0.4741,-8.1614,131.502,ppo_car_spread_a_deterministic
57.5011,-0.14965,0.0033,0.0000,0.05074,0.05077,0.27370,1.8,1.0000,-22.7902,0.4741,-8.1621,131.498,ppo_car_spread_a_deterministic
57.5211,-0.14965,0.0033,0.0000,0.04783,0.04785,0.22846,1.8,1.0000,-22.7895,0.4741,-8.1627,131.494,ppo_car_spread_a_deterministic
57.5411,-0.14965,0.0033,0.0000,0.05036,0.05038,0.35490,1.8,1.0000,-22.7887,0.4741,-8.1634,131.490,ppo_car_spread_a_deterministic
57.5611,-0.14983,0.0000,0.0011,0.05024,0.05026,0.20519,1.8,1.0000,-22.7879,0.4741,-8.1640,131.486,ppo_car_spread_a_deterministic
57.5811,-0.14983,0.0000,0.0011,0.05307,0.05310,0.27285,-0.2,1.0000,-22.7871,0.4741,-8.1647,131.480,ppo_car_spread_a_deterministic
57.6011,-0.14983,0.0000,0.0011,0.05108,0.05110,0.21079,-0.2,1.0000,-22.7863,0.4741,-8.1653,131.478,ppo_car_spread_a_deterministic
57.6211,-0.14983,0.0000,0.0011,0.05183,0.05186,0.11219,-0.2,1.0000,-22.7855,0.4741,-8.1660,131.477,ppo_car_spread_a_deterministic
57.6411,-0.14915,0.0000,0.0048,0.04948,0.04951,0.21044,-0.2,1.0000,-22.7847,0.4741,-8.1666,131.476,ppo_car_spread_a_deterministic
57.6611,-0.14915,0.0000,0.0048,0.05097,0.05100,0.21748,-1.0,1.0000,-22.7840,0.4741,-8.1673,131.477,ppo_car_spread_a_deterministic
57.6811,-0.14915,0.0000,0.0048,0.04639,0.04641,0.40650,-1.0,1.0000,-22.7832,0.4741,-8.1679,131.473,ppo_car_spread_a_deterministic
57.7011,-0.14915,0.0000,0.0048,0.04982,0.04985,0.30185,-1.0,1.0000,-22.7825,0.4741,-8.1685,131.471,ppo_car_spread_a_deterministic
57.7211,-0.15008,0.0004,0.0000,0.04993,0.04995,0.27554,-1.0,1.0000,-22.7817,0.4741,-8.1691,131.473,ppo_car_spread_a_deterministic
57.7411,-0.15008,0.0004,0.0000,0.04661,0.04663,0.35809,0.2,1.0000,-22.7810,0.4741,-8.1697,131.471,ppo_car_spread_a_deterministic
57.7611,-0.15008,0.0004,0.0000,0.04302,0.04304,0.41154,0.2,1.0000,-22.7803,0.4741,-8.1703,131.468,ppo_car_spread_a_deterministic
57.7811,-0.15008,0.0004,0.0000,0.04878,0.04881,0.22425,0.2,1.0000,-22.7796,0.4741,-8.1709,131.465,ppo_car_spread_a_deterministic
57.8011,-0.15035,0.0036,0.0000,0.04933,0.04935,0.36210,0.2,1.0000,-22.7788,0.4741,-8.1715,131.461,ppo_car_spread_a_deterministic
57.8211,-0.15035,0.0036,0.0000,0.04643,0.04646,0.34159,1.9,1.0000,-22.7781,0.4741,-8.1721,131.459,ppo_car_spread_a_deterministic
57.8411,-0.15035,0.0036,0.0000,0.04900,0.04903,0.16884,1.9,1.0000,-22.7774,0.4741,-8.1727,131.458,ppo_car_spread_a_deterministic
57.8611,-0.15035,0.0036,0.0000,0.05124,0.05127,0.31222,1.9,1.0000,-22.7766,0.4741,-8.1734,131.454,ppo_car_spread_a_deterministic
57.8811,-0.14961,0.0000,0.0030,0.04717,0.04719,0.38142,1.9,1.0000,-22.7758,0.4741,-8.1740,131.448,ppo_car_spread_a_deterministic
57.9011,-0.14961,0.0000,0.0030,0.04686,0.04689,0.38687,-0.6,1.0000,-22.7751,0.4741,-8.1746,131.451,ppo_car_spread_a_deterministic
57.9211,-0.14961,0.0000,0.0030,0.05290,0.05293,0.18252,-0.6,1.0000,-22.7743,0.4741,-8.1753,131.451,ppo_car_spread_a_deterministic
57.9411,-0.14961,0.0000,0.0030,0.04691,0.04693,0.38758,-0.6,1.0000,-22.7736,0.4741,-8.1759,131.451,ppo_car_spread_a_deterministic
57.9611,-0.14871,0.0000,0.0075,0.04837,0.04839,0.40701,-0.6,1.0000,-22.7728,0.4741,-8.1765,131.447,ppo_car_spread_a_deterministic
57.9811,-0.14871,0.0000,0.0075,0.04533,0.04535,0.37863,-1.6,1.0000,-22.7721,0.4741,-8.1771,131.446,ppo_car_spread_a_deterministic
58.0011,-0.14871,0.0000,0.0075,0.04337,0.04339,0.38295,-1.6,1.0000,-22.7715,0.4741,-8.1776,131.445,ppo_car_spread_a_deterministic
58.0211,-0.14871,0.0000,0.0075,0.04955,0.04958,0.15138,-1.6,1.0000,-22.7707,0.4741,-8.1782,131.444,ppo_car_spread_a_deterministic
58.0411,-0.14987,0.0023,0.0000,0.05477,0.05480,0.26021,-1.6,1.0000,-22.7699,0.4741,-8.1790,131.440,ppo_car_spread_a_deterministic
58.0611,-0.14987,0.0023,0.0000,0.05699,0.05702,0.28163,1.2,1.0000,-22.7690,0.4741,-8.1797,131.439,ppo_car_spread_a_deterministic
58.0811,-0.14987,0.0023,0.0000,0.04927,0.04929,0.40599,1.2,1.0000,-22.7682,0.4741,-8.1803,131.438,ppo_car_spread_a_deterministic
58.1011,-0.14987,0.0023,0.0000,0.05293,0.05296,0.18714,1.2,1.0000,-22.7674,0.4741,-8.1810,131.436,ppo_car_spread_a_deterministic
58.1211,-0.14945,0.0000,0.0033,0.04863,0.04866,0.17727,1.2,1.0000,-22.7666,0.4741,-8.1816,131.433,ppo_car_spread_a_deterministic
58.1411,-0.14945,0.0000,0.0033,0.04909,0.04913,0.36082,-0.7,1.0000,-22.7659,0.4741,-8.1822,131.429,ppo_car_spread_a_deterministic
58.1611,-0.14945,0.0000,0.0033,0.05105,0.05108,0.27869,-0.7,1.0000,-22.7651,0.4741,-8.1829,131.426,ppo_car_spread_a_deterministic
58.1811,-0.14945,0.0000,0.0033,0.05150,0.05153,0.41061,-0.7,1.0000,-22.7643,0.4741,-8.1835,131.427,ppo_car_spread_a_deterministic
58.2011,-0.14996,0.0000,0.0045,0.05384,0.05387,0.27883,-0.7,1.0000,-22.7635,0.4741,-8.1842,131.428,ppo_car_spread_a_deterministic
58.2211,-0.14996,0.0000,0.0045,0.05169,0.05172,0.26451,-1.0,1.0000,-22.7627,0.4741,-8.1849,131.423,ppo_car_spread_a_deterministic
58.2411,-0.14996,0.0000,0.0045,0.05088,0.05091,0.13821,-1.0,1.0000,-22.7619,0.4741,-8.1855,131.421,ppo_car_spread_a_deterministic
58.2611,-0.14996,0.0000,0.0045,0.05081,0.05084,0.21567,-1.0,1.0000,-22.7611,0.4741,-8.1862,131.418,ppo_car_spread_a_deterministic
58.2811,-0.14991,0.0000,0.0047,0.04829,0.04831,0.18117,-1.0,1.0000,-22.7604,0.4741,-8.1868,131.415,ppo_car_spread_a_deterministic
58.3011,-0.14991,0.0000,0.0047,0.05577,0.05580,0.28609,-1.0,1.0000,-22.7595,0.4741,-8.1875,131.414,ppo_car_spread_a_deterministic
58.3211,-0.14991,0.0000,0.0047,0.05529,0.05532,0.24279,-1.0,1.0000,-22.7586,0.4741,-8.1882,131.413,ppo_car_spread_a_deterministic
58.3411,-0.14991,0.0000,0.0047,0.04263,0.04266,0.41105,-1.0,1.0000,-22.7580,0.4741,-8.1887,131.415,ppo_car_spread_a_deterministic
58.3612,-0.14936,0.0000,0.0093,0.05195,0.05198,0.22316,-1.0,1.0000,-22.7572,0.4741,-8.1894,131.413,ppo_car_spread_a_deterministic
58.3812,-0.14936,0.0000,0.0093,0.04999,0.05002,0.20799,-1.9,1.0000,-22.7564,0.4741,-8.1900,131.410,ppo_car_spread_a_deterministic
58.4012,-0.14936,0.0000,0.0093,0.04377,0.04379,0.37327,-1.9,1.0000,-22.7557,0.4741,-8.1906,131.406,ppo_car_spread_a_deterministic
58.4212,-0.14936,0.0000,0.0093,0.04719,0.04722,0.28732,-1.9,1.0000,-22.7550,0.4741,-8.1912,131.407,ppo_car_spread_a_deterministic
58.4412,-0.15074,0.0027,0.0000,0.04285,0.04288,0.40734,-1.9,1.0000,-22.7544,0.4741,-8.1917,131.404,ppo_car_spread_a_deterministic
58.4612,-0.15074,0.0027,0.0000,0.04437,0.04440,0.18159,1.4,1.0000,-22.7537,0.4741,-8.1923,131.404,ppo_car_spread_a_deterministic
58.4812,-0.15074,0.0027,0.0000,0.05057,0.05060,0.27827,1.4,1.0000,-22.7529,0.4741,-8.1929,131.403,ppo_car_spread_a_deterministic
58.5012,-0.15074,0.0027,0.0000,0.04535,0.04538,0.38325,1.4,1.0000,-22.7522,0.4741,-8.1935,131.400,ppo_car_spread_a_deterministic
58.5212,-0.14998,0.0000,0.0045,0.05001,0.05004,0.27861,1.4,1.0000,-22.7514,0.4741,-8.1942,131.399,ppo_car_spread_a_deterministic
58.5412,-0.14998,0.0000,0.0045,0.04716,0.04719,0.15071,-1.0,1.0000,-22.7507,0.4741,-8.1948,131.398,ppo_car_spread_a_deterministic
58.5612,-0.14998,0.0000,0.0045,0.04897,0.04900,0.09901,-1.0,1.0000,-22.7499,0.4741,-8.1954,131.396,ppo_car_spread_a_deterministic
58.5812,-0.14998,0.0000,0.0045,0.05000,0.05003,0.19327,-1.0,1.0000,-22.7492,0.4741,-8.1960,131.397,ppo_car_spread_a_deterministic
58.6012,-0.15023,0.0000,0.0028,0.04318,0.04320,0.39956,-1.0,1.0000,-22.7485,0.4741,-8.1966,131.396,ppo_car_spread_a_deterministic
58.6212,-0.15023,0.0000,0.0028,0.04218,0.04221,0.40992,-0.6,1.0000,-22.7478,0.4741,-8.1971,131.396,ppo_car_spread_a_deterministic
58.6412,-0.15023,0.0000,0.0028,0.04549,0.04551,0.33432,-0.6,1.0000,-22.7471,0.4741,-8.1977,131.395,ppo_car_spread_a_deterministic
58.6612,-0.15023,0.0000,0.0028,0.03842,0.03845,0.38910,-0.6,1.0000,-22.7466,0.4741,-8.1982,131.393,ppo_car_spread_a_deterministic
58.6812,-0.15027,0.0005,0.0000,0.04121,0.04123,0.41116,-0.6,1.0000,-22.7459,0.4741,-8.1987,131.390,ppo_car_spread_a_deterministic
58.7012,-0.15027,0.0005,0.0000,0.04862,0.04865,0.40860,0.2,1.0000,-22.7452,0.4741,-8.1993,131.391,ppo_car_spread_a_deterministic
58.7212,-0.15027,0.0005,0.0000,0.04762,0.04765,0.11936,0.2,1.0000,-22.7444,0.4741,-8.1999,131.388,ppo_car_spread_a_deterministic
58.7412,-0.15027,0.0005,0.0000,0.03979,0.03981,0.40938,0.2,1.0000,-22.7438,0.4741,-8.2004,131.386,ppo_car_spread_a_deterministic
58.7612,-0.15081,0.0000,0.0011,0.05115,0.05118,0.24405,0.2,1.0000,-22.7430,0.4741,-8.2011,131.386,ppo_car_spread_a_deterministic
58.7812,-0.15081,0.0000,0.0011,0.04480,0.04482,0.17669,-0.2,1.0000,-22.7423,0.4741,-8.2017,131.383,ppo_car_spread_a_deterministic
58.8012,-0.15081,0.0000,0.0011,0.04276,0.04278,0.18316,-0.2,1.0000,-22.7417,0.4741,-8.2022,131.380,ppo_car_spread_a_deterministic
58.8212,-0.15081,0.0000,0.0011,0.04674,0.04677,0.07165,-0.2,1.0000,-22.7409,0.4741,-8.2028,131.378,ppo_car_spread_a_deterministic
58.8412,-0.15127,0.0036,0.0000,0.04311,0.04313,0.38980,-0.2,1.0000,-22.7403,0.4741,-8.2033,131.374,ppo_car_spread_a_deterministic
58.8612,-0.15127,0.0036,0.0000,0.04452,0.04454,0.26558,1.9,1.0000,-22.7396,0.4741,-8.2039,131.374,ppo_car_spread_a_deterministic
58.8812,-0.15127,0.0036,0.0000,0.05199,0.05201,0.20990,1.9,1.0000,-22.7388,0.4741,-8.2046,131.373,ppo_car_spread_a_deterministic
58.9012,-0.15127,0.0036,0.0000,0.04856,0.04858,0.22364,1.9,1.0000,-22.7380,0.4741,-8.2052,131.375,ppo_car_spread_a_deterministic
58.9212,-0.14992,0.0000,0.0061,0.04662,0.04664,0.13314,1.9,1.0000,-22.7373,0.4741,-8.2058,131.373,ppo_car_spread_a_deterministic
58.9412,-0.14992,0.0000,0.0061,0.04715,0.04718,0.25462,-1.3,1.0000,-22.7366,0.4741,-8.2064,131.374,ppo_car_spread_a_deterministic
58.9612,-0.14992,0.0000,0.0061,0.04767,0.04769,0.17107,-1.3,1.0000,-22.7358,0.4741,-8.2070,131.374,ppo_car_spread_a_deterministic
58.9812,-0.14992,0.0000,0.0061,0.04818,0.04821,0.24035,-1.3,1.0000,-22.7351,0.4741,-8.2076,131.372,ppo_car_spread_a_deterministic
59.0012,-0.15010,0.0000,0.0021,0.04414,0.04416,0.39383,-1.3,1.0000,-22.7344,0.4741,-8.2082,131.370,ppo_car_spread_a_deterministic
59.0212,-0.15010,0.0000,0.0021,0.04091,0.04094,0.40778,-0.4,1.0000,-22.7338,0.4741,-8.2087,131.366,ppo_car_spread_a_deterministic
59.0412,-0.15010,0.0000,0.0021,0.04699,0.04701,0.34848,-0.4,1.0000,-22.7331,0.4741,-8.2093,131.367,ppo_car_spread_a_deterministic
59.0612,-0.15010,0.0000,0.0021,0.04738,0.04740,0.28495,-0.4,1.0000,-22.7323,0.4741,-8.2099,131.369,ppo_car_spread_a_deterministic
59.0812,-0.14992,0.0000,0.0018,0.04652,0.04654,0.10903,-0.4,1.0000,-22.7316,0.4741,-8.2105,131.366,ppo_car_spread_a_deterministic
59.1012,-0.14992,0.0000,0.0018,0.04545,0.04547,0.11999,-0.4,1.0000,-22.7309,0.4741,-8.2111,131.365,ppo_car_spread_a_deterministic
59.1212,-0.14992,0.0000,0.0018,0.04468,0.04471,0.34481,-0.4,1.0000,-22.7302,0.4741,-8.2116,131.360,ppo_car_spread_a_deterministic
59.1412,-0.14992,0.0000,0.0018,0.04174,0.04177,0.34815,-0.4,1.0000,-22.7296,0.4741,-8.2122,131.362,ppo_car_spread_a_deterministic
59.1612,-0.15165,0.0022,0.0000,0.05165,0.05168,0.26311,-0.4,1.0000,-22.7288,0.4741,-8.2128,131.363,ppo_car_spread_a_deterministic
59.1812,-0.15165,0.0022,0.0000,0.04716,0.04719,0.16996,1.1,1.0000,-22.7281,0.4741,-8.2134,131.363,ppo_car_spread_a_deterministic
59.2012,-0.15165,0.0022,0.0000,0.04716,0.04718,0.38483,1.1,1.0000,-22.7273,0.4741,-8.2140,131.363,ppo_car_spread_a_deterministic
59.2212,-0.15165,0.0022,0.0000,0.04763,0.04765,0.40747,1.1,1.0000,-22.7266,0.4741,-8.2146,131.359,ppo_car_spread_a_deterministic
59.2412,-0.15045,0.0000,0.0013,0.04886,0.04888,0.23230,1.1,1.0000,-22.7258,0.4741,-8.2153,131.360,ppo_car_spread_a_deterministic
59.2612,-0.15045,0.0000,0.0013,0.04764,0.04767,0.05364,-0.3,1.0000,-22.7251,0.4741,-8.2159,131.358,ppo_car_spread_a_deterministic
59.2812,-0.15045,0.0000,0.0013,0.04086,0.04089,0.39141,-0.3,1.0000,-22.7245,0.4741,-8.2164,131.355,ppo_car_spread_a_deterministic
59.3012,-0.15045,0.0000,0.0013,0.05132,0.05134,0.20520,-0.3,1.0000,-22.7237,0.4741,-8.2170,131.354,ppo_car_spread_a_deterministic
59.3212,-0.15189,0.0056,0.0000,0.05125,0.05128,0.21802,-0.3,1.0000,-22.7229,0.4741,-8.2177,131.354,ppo_car_spread_a_deterministic
59.3412,-0.15189,0.0056,0.0000,0.04637,0.04640,0.21611,2.9,1.0000,-22.7222,0.4741,-8.2183,131.354,ppo_car_spread_a_deterministic
59.3612,-0.15189,0.0056,0.0000,0.04124,0.04126,0.40738,2.9,1.0000,-22.7215,0.4741,-8.2188,131.353,ppo_car_spread_a_deterministic
59.3812,-0.15189,0.0056,0.0000,0.04727,0.04730,0.31650,2.9,1.0000,-22.7208,0.4741,-8.2194,131.355,ppo_car_spread_a_deterministic
59.4012,-0.15156,0.0049,0.0000,0.04846,0.04849,0.23486,2.9,1.0000,-22.7200,0.4741,-8.2200,131.352,ppo_car_spread_a_deterministic
59.4212,-0.15156,0.0049,0.0000,0.04458,0.04461,0.33356,2.6,1.0000,-22.7194,0.4741,-8.2206,131.352,ppo_car_spread_a_deterministic
59.4412,-0.15156,0.0049,0.0000,0.04987,0.04990,0.39267,2.6,1.0000,-22.7186,0.4741,-8.2212,131.355,ppo_car_spread_a_deterministic
59.4612,-0.15156,0.0049,0.0000,0.05550,0.05553,0.25353,2.6,1.0000,-22.7177,0.4741,-8.2219,131.353,ppo_car_spread_a_deterministic
59.4812,-0.15005,0.0000,0.0048,0.04944,0.04947,0.34521,2.6,1.0000,-22.7170,0.4741,-8.2226,131.350,ppo_car_spread_a_deterministic
59.5012,-0.15005,0.0000,0.0048,0.05157,0.05160,0.23849,-1.0,1.0000,-22.7162,0.4741,-8.2232,131.348,ppo_car_spread_a_deterministic
59.5212,-0.15005,0.0000,0.0048,0.04887,0.04889,0.37263,-1.0,1.0000,-22.7154,0.4741,-8.2238,131.345,ppo_car_spread_a_deterministic
59.5412,-0.15005,0.0000,0.0048,0.04790,0.04792,0.38427,-1.0,1.0000,-22.7147,0.4741,-8.2244,131.343,ppo_car_spread_a_deterministic
59.5612,-0.15114,0.0000,0.0024,0.04947,0.04950,0.37631,-1.0,1.0000,-22.7139,0.4741,-8.2251,131.339,ppo_car_spread_a_deterministic
59.5812,-0.15114,0.0000,0.0024,0.05009,0.05012,0.14844,-0.5,1.0000,-22.7131,0.4741,-8.2257,131.338,ppo_car_spread_a_deterministic
59.6012,-0.15114,0.0000,0.0024,0.05312,0.05315,0.23443,-0.5,1.0000,-22.7123,0.4741,-8.2264,131.339,ppo_car_spread_a_deterministic
59.6212,-0.15114,0.0000,0.0024,0.04900,0.04902,0.26396,-0.5,1.0000,-22.7116,0.4741,-8.2270,131.341,ppo_car_spread_a_deterministic
59.6412,-0.15004,0.0000,0.0078,0.05179,0.05182,0.22986,-0.5,1.0000,-22.7108,0.4741,-8.2277,131.340,ppo_car_spread_a_deterministic
59.6612,-0.15004,0.0000,0.0078,0.04952,0.04954,0.23116,-1.6,1.0000,-22.7100,0.4741,-8.2283,131.340,ppo_car_spread_a_deterministic
59.6812,-0.15004,0.0000,0.0078,0.05177,0.05180,0.21326,-1.6,1.0000,-22.7092,0.4741,-8.2290,131.338,ppo_car_spread_a_deterministic
59.7012,-0.15004,0.0000,0.0078,0.04411,0.04415,0.39154,-1.6,1.0000,-22.7085,0.4741,-8.2295,131.340,ppo_car_spread_a_deterministic
59.7212,-0.15064,0.0000,0.0056,0.04506,0.04508,0.40916,-1.6,1.0000,-22.7078,0.4741,-8.2301,131.336,ppo_car_spread_a_deterministic
59.7412,-0.15064,0.0000,0.0056,0.04181,0.04184,0.41187,-1.2,1.0000,-22.7072,0.4741,-8.2306,131.336,ppo_car_spread_a_deterministic
59.7612,-0.15064,0.0000,0.0056,0.04839,0.04842,0.21186,-1.2,1.0000,-22.7064,0.4741,-8.2312,131.332,ppo_car_spread_a_deterministic
59.7812,-0.15064,0.0000,0.0056,0.04594,0.04596,0.19759,-1.2,1.0000,-22.7057,0.4741,-8.2318,131.330,ppo_car_spread_a_deterministic
59.8012,-0.15163,0.0000,0.0016,0.04008,0.04010,0.40296,-1.2,1.0000,-22.7051,0.4741,-8.2323,131.326,ppo_car_spread_a_deterministic
59.8212,-0.15163,0.0000,0.0016,0.04356,0.04358,0.18577,-0.3,1.0000,-22.7044,0.4741,-8.2329,131.324,ppo_car_spread_a_deterministic
59.8412,-0.15163,0.0000,0.0016,0.04910,0.04914,0.26639,-0.3,1.0000,-22.7037,0.4741,-8.2335,131.322,ppo_car_spread_a_deterministic
59.8612,-0.15163,0.0000,0.0016,0.04596,0.04598,0.40273,-0.3,1.0000,-22.7030,0.4741,-8.2341,131.319,ppo_car_spread_a_deterministic
59.8812,-0.15156,0.0000,0.0028,0.04154,0.04156,0.39627,-0.3,1.0000,-22.7023,0.4741,-8.2346,131.317,ppo_car_spread_a_deterministic
59.9012,-0.15156,0.0000,0.0028,0.04987,0.04989,0.27121,-0.6,1.0000,-22.7016,0.4741,-8.2352,131.317,ppo_car_spread_a_deterministic
59.9212,-0.15156,0.0000,0.0028,0.04958,0.04961,0.28748,-0.6,1.0000,-22.7008,0.4741,-8.2359,131.316,ppo_car_spread_a_deterministic
59.9412,-0.15156,0.0000,0.0028,0.04769,0.04771,0.21927,-0.6,1.0000,-22.7000,0.4741,-8.2365,131.313,ppo_car_spread_a_deterministic
59.9612,-0.15099,0.0000,0.0036,0.04473,0.04476,0.15620,-0.6,1.0000,-22.6994,0.4741,-8.2371,131.311,ppo_car_spread_a_deterministic
59.9812,-0.15099,0.0000,0.0036,0.04981,0.04985,0.30929,-0.7,1.0000,-22.6986,0.4741,-8.2377,131.307,ppo_car_spread_a_deterministic
