t,steering,throttle,brake,speed,speed_mag,wheel_ms,motor_nm,headroom,x,y,z,yaw_deg,source
0.0200,0.00000,0.0000,0.0000,0.00000,0.00000,0.00014,0.0,1.0000,-30.7642,0.5000,-9.2514,156.600,ppo_car_spread_a_deterministic
0.0400,0.00000,0.0000,0.0000,0.00000,0.00000,0.00000,0.0,1.0000,-30.7642,0.5037,-9.2514,156.600,ppo_car_spread_a_deterministic
0.0600,-0.11167,0.0023,0.0000,0.00000,0.00000,0.00000,0.0,1.0000,-30.7642,0.5055,-9.2514,156.600,ppo_car_spread_a_deterministic
0.0800,-0.11167,0.0023,0.0000,0.00589,0.00590,0.18099,1.2,1.0000,-30.7641,0.5057,-9.2515,156.600,ppo_car_spread_a_deterministic
0.1000,-0.11167,0.0023,0.0000,0.00618,0.00618,0.22424,1.2,1.0000,-30.7641,0.5048,-9.2517,156.599,ppo_car_spread_a_deterministic
0.1200,-0.11191,0.0303,0.0000,0.00081,0.00081,0.24750,1.2,1.0000,-30.7641,0.5030,-9.2517,156.600,ppo_car_spread_a_deterministic
0.1400,-0.11191,0.0303,0.0000,0.00585,0.00585,0.30321,15.9,1.0000,-30.7640,0.5006,-9.2518,156.602,ppo_car_spread_a_deterministic
0.1600,-0.11191,0.0303,0.0000,0.00960,0.00960,0.23760,15.9,1.0000,-30.7639,0.4978,-9.2520,156.602,ppo_car_spread_a_deterministic
0.1800,-0.11191,0.0303,0.0000,0.00928,0.00928,0.24324,15.9,1.0000,-30.7639,0.4948,-9.2521,156.598,ppo_car_spread_a_deterministic
0.2000,-0.11162,0.0268,0.0000,0.00810,0.00810,0.33212,15.9,1.0000,-30.7638,0.4918,-9.2523,156.597,ppo_car_spread_a_deterministic
0.2200,-0.11162,0.0268,0.0000,0.01750,0.01750,0.24545,14.1,1.0000,-30.7636,0.4889,-9.2526,156.595,ppo_car_spread_a_deterministic
0.2400,-0.11162,0.0268,0.0000,0.01548,0.01548,0.22244,14.1,1.0000,-30.7635,0.4862,-9.2529,156.594,ppo_car_spread_a_deterministic
0.2600,-0.11162,0.0268,0.0000,0.01292,0.01291,0.31059,14.1,1.0000,-30.7634,0.4836,-9.2531,156.594,ppo_car_spread_a_deterministic
0.2800,-0.11122,0.0215,0.0000,0.02650,0.02649,0.22178,14.1,1.0000,-30.7632,0.4813,-9.2536,156.593,ppo_car_spread_a_deterministic
0.3000,-0.11122,0.0215,0.0000,0.02593,0.02592,0.20937,11.3,1.0000,-30.7630,0.4793,-9.2541,156.591,ppo_car_spread_a_deterministic
0.3200,-0.11122,0.0215,0.0000,0.03045,0.03045,0.26049,11.3,1.0000,-30.7627,0.4776,-9.2547,156.588,ppo_car_spread_a_deterministic
0.3400,-0.11122,0.0215,0.0000,0.02957,0.02957,0.14998,11.3,1.0000,-30.7624,0.4762,-9.2552,156.587,ppo_car_spread_a_deterministic
0.3600,-0.10994,0.0075,0.0000,0.02311,0.02311,0.42916,11.3,1.0000,-30.7622,0.4750,-9.2556,156.585,ppo_car_spread_a_deterministic
0.3800,-0.10994,0.0075,0.0000,0.02089,0.02089,0.43013,4.0,1.0000,-30.7621,0.4741,-9.2560,156.583,ppo_car_spread_a_deterministic
0.4000,-0.10994,0.0075,0.0000,0.03499,0.03500,0.32983,4.0,1.0000,-30.7618,0.4734,-9.2566,156.581,ppo_car_spread_a_deterministic
0.4200,-0.10994,0.0075,0.0000,0.03428,0.03428,0.19336,4.0,1.0000,-30.7615,0.4729,-9.2573,156.580,ppo_car_spread_a_deterministic
0.4400,-0.10934,0.0029,0.0000,0.02986,0.02987,0.36722,4.0,1.0000,-30.7612,0.4725,-9.2578,156.579,ppo_car_spread_a_deterministic
0.4600,-0.10934,0.0029,0.0000,0.03537,0.03538,0.03546,1.5,1.0000,-30.7609,0.4723,-9.2584,156.579,ppo_car_spread_a_deterministic
0.4800,-0.10934,0.0029,0.0000,0.03820,0.03821,0.22104,1.5,1.0000,-30.7606,0.4722,-9.2591,156.579,ppo_car_spread_a_deterministic
0.5000,-0.10934,0.0029,0.0000,0.03542,0.03543,0.13978,1.5,1.0000,-30.7603,0.4722,-9.2598,156.576,ppo_car_spread_a_deterministic
0.5200,-0.10876,0.0000,0.0009,0.03479,0.03480,0.13164,1.5,1.0000,-30.7600,0.4723,-9.2604,156.575,ppo_car_spread_a_deterministic
0.5400,-0.10876,0.0000,0.0009,0.03775,0.03776,0.27101,-0.2,1.0000,-30.7597,0.4724,-9.2611,156.574,ppo_car_spread_a_deterministic
0.5600,-0.10876,0.0000,0.0009,0.03639,0.03640,0.14284,-0.2,1.0000,-30.7594,0.4725,-9.2617,156.573,ppo_car_spread_a_deterministic
0.5800,-0.10876,0.0000,0.0009,0.03370,0.03371,0.28912,-0.2,1.0000,-30.7591,0.4727,-9.2623,156.571,ppo_car_spread_a_deterministic
0.6000,-0.10898,0.0013,0.0000,0.03699,0.03700,0.16573,-0.2,1.0000,-30.7588,0.4729,-9.2630,156.571,ppo_car_spread_a_deterministic
0.6200,-0.10898,0.0013,0.0000,0.03920,0.03921,0.25334,0.7,1.0000,-30.7585,0.4730,-9.2637,156.569,ppo_car_spread_a_deterministic
0.6400,-0.10898,0.0013,0.0000,0.03576,0.03578,0.24645,0.7,1.0000,-30.7582,0.4732,-9.2644,156.572,ppo_car_spread_a_deterministic
0.6600,-0.10898,0.0013,0.0000,0.03420,0.03421,0.39687,0.7,1.0000,-30.7579,0.4734,-9.2650,156.570,ppo_car_spread_a_deterministic
0.6800,-0.10879,0.0006,0.0000,0.03593,0.03594,0.05304,0.7,1.0000,-30.7576,0.4735,-9.2656,156.570,ppo_car_spread_a_deterministic
0.7000,-0.10879,0.0006,0.0000,0.03426,0.03427,0.38670,0.3,1.0000,-30.7573,0.4737,-9.2662,156.570,ppo_car_spread_a_deterministic
0.7200,-0.10879,0.0006,0.0000,0.03728,0.03729,0.30955,0.3,1.0000,-30.7570,0.4738,-9.2669,156.565,ppo_car_spread_a_deterministic
0.7400,-0.10879,0.0006,0.0000,0.03918,0.03918,0.38087,0.3,1.0000,-30.7567,0.4739,-9.2676,156.560,ppo_car_spread_a_deterministic
0.7600,-0.10917,0.0013,0.0000,0.03353,0.03354,0.18328,0.3,1.0000,-30.7564,0.4740,-9.2682,156.560,ppo_car_spread_a_deterministic
0.7800,-0.10917,0.0013,0.0000,0.03468,0.03469,0.19146,0.7,1.0000,-30.7561,0.4740,-9.2689,156.559,ppo_car_spread_a_deterministic
0.8000,-0.10917,0.0013,0.0000,0.04246,0.04247,0.29622,0.7,1.0000,-30.7558,0.4741,-9.2696,156.555,ppo_car_spread_a_deterministic
0.8200,-0.10917,0.0013,0.0000,0.03849,0.03850,0.27810,0.7,1.0000,-30.7555,0.4741,-9.2703,156.556,ppo_car_spread_a_deterministic
0.8400,-0.10874,0.0000,0.0039,0.03807,0.03809,0.29579,0.7,1.0000,-30.7551,0.4742,-9.2710,156.555,ppo_car_spread_a_deterministic
0.8600,-0.10874,0.0000,0.0039,0.03666,0.03667,0.38587,-0.8,1.0000,-30.7548,0.4742,-9.2717,156.558,ppo_car_spread_a_deterministic
0.8800,-0.10874,0.0000,0.0039,0.03273,0.03274,0.35469,-0.8,1.0000,-30.7546,0.4742,-9.2723,156.557,ppo_car_spread_a_deterministic
0.9000,-0.10874,0.0000,0.0039,0.03907,0.03909,0.28754,-0.8,1.0000,-30.7542,0.4742,-9.2730,156.555,ppo_car_spread_a_deterministic
0.9200,-0.10923,0.0045,0.0000,0.02897,0.02897,0.40163,-0.8,1.0000,-30.7540,0.4742,-9.2735,156.552,ppo_car_spread_a_deterministic
0.9400,-0.10923,0.0045,0.0000,0.03720,0.03721,0.40271,2.4,1.0000,-30.7537,0.4742,-9.2742,156.549,ppo_car_spread_a_deterministic
0.9600,-0.10923,0.0045,0.0000,0.03959,0.03960,0.19123,2.4,1.0000,-30.7533,0.4742,-9.2749,156.547,ppo_car_spread_a_deterministic
0.9800,-0.10923,0.0045,0.0000,0.03705,0.03706,0.05674,2.4,1.0000,-30.7530,0.4742,-9.2756,156.546,ppo_car_spread_a_deterministic
1.0000,-0.10891,0.0000,0.0015,0.03650,0.03651,0.39061,2.4,1.0000,-30.7527,0.4742,-9.2762,156.547,ppo_car_spread_a_deterministic
1.0200,-0.10891,0.0000,0.0015,0.03890,0.03891,0.22007,-0.3,1.0000,-30.7524,0.4742,-9.2769,156.545,ppo_car_spread_a_deterministic
1.0400,-0.10891,0.0000,0.0015,0.03908,0.03909,0.22362,-0.3,1.0000,-30.7521,0.4742,-9.2777,156.545,ppo_car_spread_a_deterministic
1.0600,-0.10891,0.0000,0.0015,0.04253,0.04254,0.30179,-0.3,1.0000,-30.7517,0.4741,-9.2784,156.543,ppo_car_spread_a_deterministic
1.0800,-0.10876,0.0000,0.0019,0.03553,0.03554,0.26310,-0.3,1.0000,-30.7514,0.4741,-9.2791,156.541,ppo_car_spread_a_deterministic
1.1000,-0.10876,0.0000,0.0019,0.03635,0.03635,0.32635,-0.4,1.0000,-30.7511,0.4741,-9.2797,156.537,ppo_car_spread_a_deterministic
1.1200,-0.10876,0.0000,0.0019,0.03465,0.03466,0.21403,-0.4,1.0000,-30.7508,0.4741,-9.2804,156.536,ppo_car_spread_a_deterministic
1.1400,-0.10876,0.0000,0.0019,0.03427,0.03428,0.36886,-0.4,1.0000,-30.7505,0.4741,-9.2810,156.536,ppo_car_spread_a_deterministic
1.1600,-0.10922,0.0029,0.0000,0.04094,0.04095,0.26415,-0.4,1.0000,-30.7502,0.4741,-9.2817,156.535,ppo_car_spread_a_deterministic
1.1800,-0.10922,0.0029,0.0000,0.03424,0.03425,0.34943,1.5,1.0000,-30.7499,0.4741,-9.2823,156.535,ppo_car_spread_a_deterministic
1.2000,-0.10922,0.0029,0.0000,0.03873,0.03874,0.18439,1.5,1.0000,-30.7496,0.4741,-9.2831,156.535,ppo_car_spread_a_deterministic
1.2200,-0.10922,0.0029,0.0000,0.03915,0.03916,0.09381,1.5,1.0000,-30.7492,0.4741,-9.2838,156.534,ppo_car_spread_a_deterministic
1.2400,-0.10886,0.0000,0.0013,0.03853,0.03854,0.30360,1.5,1.0000,-30.7489,0.4741,-9.2845,156.536,ppo_car_spread_a_deterministic
1.2600,-0.10886,0.0000,0.0013,0.04054,0.04055,0.08057,-0.3,1.0000,-30.7486,0.4741,-9.2852,156.536,ppo_car_spread_a_deterministic
1.2800,-0.10886,0.0000,0.0013,0.03420,0.03421,0.39981,-0.3,1.0000,-30.7483,0.4741,-9.2858,156.537,ppo_car_spread_a_deterministic
1.3000,-0.10886,0.0000,0.0013,0.03885,0.03886,0.24072,-0.3,1.0000,-30.7480,0.4741,-9.2865,156.536,ppo_car_spread_a_deterministic
1.3200,-0.10890,0.0024,0.0000,0.03313,0.03314,0.20463,-0.3,1.0000,-30.7477,0.4741,-9.2871,156.534,ppo_car_spread_a_deterministic
1.3400,-0.10890,0.0024,0.0000,0.04252,0.04254,0.25416,1.2,1.0000,-30.7473,0.4741,-9.2879,156.534,ppo_car_spread_a_deterministic
1.3600,-0.10890,0.0024,0.0000,0.04508,0.04509,0.27120,1.2,1.0000,-30.7469,0.4741,-9.2887,156.535,ppo_car_spread_a_deterministic
1.3800,-0.10890,0.0024,0.0000,0.04371,0.04372,0.24964,1.2,1.0000,-30.7466,0.4741,-9.2895,156.533,ppo_car_spread_a_deterministic
1.4000,-0.10812,0.0000,0.0079,0.03600,0.03601,0.38086,1.2,1.0000,-30.7463,0.4741,-9.2902,156.532,ppo_car_spread_a_deterministic
1.4200,-0.10812,0.0000,0.0079,0.03705,0.03706,0.35197,-1.7,1.0000,-30.7460,0.4741,-9.2908,156.531,ppo_car_spread_a_deterministic
1.4400,-0.10812,0.0000,0.0079,0.03882,0.03883,0.28013,-1.7,1.0000,-30.7456,0.4741,-9.2916,156.531,ppo_car_spread_a_deterministic
1.4600,-0.10812,0.0000,0.0079,0.04039,0.04040,0.24869,-1.7,1.0000,-30.7453,0.4741,-9.2923,156.530,ppo_car_spread_a_deterministic
1.4800,-0.10862,0.0000,0.0014,0.03977,0.03979,0.28393,-1.7,1.0000,-30.7450,0.4741,-9.2930,156.528,ppo_car_spread_a_deterministic
1.5000,-0.10862,0.0000,0.0014,0.03439,0.03439,0.29520,-0.3,1.0000,-30.7447,0.4741,-9.2936,156.529,ppo_car_spread_a_deterministic
1.5200,-0.10862,0.0000,0.0014,0.03923,0.03924,0.30181,-0.3,1.0000,-30.7444,0.4741,-9.2943,156.532,ppo_car_spread_a_deterministic
1.5400,-0.10862,0.0000,0.0014,0.03516,0.03518,0.39554,-0.3,1.0000,-30.7441,0.4741,-9.2950,156.535,ppo_car_spread_a_deterministic
1.5600,-0.10845,0.0000,0.0027,0.03782,0.03783,0.25912,-0.3,1.0000,-30.7437,0.4741,-9.2957,156.532,ppo_car_spread_a_deterministic
1.5800,-0.10845,0.0000,0.0027,0.03629,0.03630,0.38953,-0.6,1.0000,-30.7434,0.4741,-9.2963,156.531,ppo_car_spread_a_deterministic
1.6000,-0.10845,0.0000,0.0027,0.03644,0.03645,0.17317,-0.6,1.0000,-30.7431,0.4741,-9.2970,156.529,ppo_car_spread_a_deterministic
1.6200,-0.10845,0.0000,0.0027,0.03345,0.03346,0.36733,-0.6,1.0000,-30.7429,0.4741,-9.2976,156.526,ppo_car_spread_a_deterministic
1.6400,-0.10903,0.0011,0.0000,0.03493,0.03494,0.40047,-0.6,1.0000,-30.7426,0.4741,-9.2982,156.527,ppo_car_spread_a_deterministic
1.6600,-0.10903,0.0011,0.0000,0.03610,0.03610,0.30352,0.6,1.0000,-30.7423,0.4741,-9.2989,156.528,ppo_car_spread_a_deterministic
1.6800,-0.10903,0.0011,0.0000,0.04216,0.04217,0.22957,0.6,1.0000,-30.7419,0.4741,-9.2996,156.526,ppo_car_spread_a_deterministic
1.7000,-0.10903,0.0011,0.0000,0.03596,0.03597,0.24315,0.6,1.0000,-30.7416,0.4741,-9.3003,156.527,ppo_car_spread_a_deterministic
1.7200,-0.10865,0.0000,0.0043,0.04476,0.04478,0.24904,0.6,1.0000,-30.7412,0.4741,-9.3011,156.525,ppo_car_spread_a_deterministic
1.7400,-0.10865,0.0000,0.0043,0.03964,0.03965,0.14817,-0.9,1.0000,-30.7409,0.4741,-9.3018,156.523,ppo_car_spread_a_deterministic
1.7600,-0.10865,0.0000,0.0043,0.04252,0.04253,0.26945,-0.9,1.0000,-30.7405,0.4741,-9.3026,156.522,ppo_car_spread_a_deterministic
1.7800,-0.10865,0.0000,0.0043,0.03113,0.03113,0.30099,-0.9,1.0000,-30.7403,0.4741,-9.3032,156.522,ppo_car_spread_a_deterministic
1.8000,-0.10858,0.0000,0.0047,0.03868,0.03869,0.22288,-0.9,1.0000,-30.7399,0.4741,-9.3039,156.521,ppo_car_spread_a_deterministic
1.8200,-0.10858,0.0000,0.0047,0.03935,0.03936,0.21007,-1.0,1.0000,-30.7396,0.4741,-9.3046,156.522,ppo_car_spread_a_deterministic
1.8400,-0.10858,0.0000,0.0047,0.03933,0.03935,0.29244,-1.0,1.0000,-30.7393,0.4741,-9.3053,156.522,ppo_car_spread_a_deterministic
1.8600,-0.10858,0.0000,0.0047,0.03804,0.03805,0.26511,-1.0,1.0000,-30.7390,0.4741,-9.3060,156.521,ppo_car_spread_a_deterministic
1.8800,-0.10873,0.0000,0.0022,0.03895,0.03896,0.27523,-1.0,1.0000,-30.7386,0.4741,-9.3067,156.520,ppo_car_spread_a_deterministic
1.9000,-0.10873,0.0000,0.0022,0.03637,0.03638,0.32512,-0.5,1.0000,-30.7383,0.4741,-9.3074,156.522,ppo_car_spread_a_deterministic
1.9200,-0.10873,0.0000,0.0022,0.03287,0.03288,0.39901,-0.5,1.0000,-30.7381,0.4741,-9.3080,156.525,ppo_car_spread_a_deterministic
1.9400,-0.10873,0.0000,0.0022,0.03744,0.03744,0.34654,-0.5,1.0000,-30.7377,0.4741,-9.3086,156.527,ppo_car_spread_a_deterministic
1.9600,-0.10905,0.0030,0.0000,0.03508,0.03509,0.19424,-0.5,1.0000,-30.7374,0.4741,-9.3093,156.529,ppo_car_spread_a_deterministic
1.9800,-0.10905,0.0030,0.0000,0.03556,0.03557,0.16503,1.6,1.0000,-30.7372,0.4741,-9.3099,156.529,ppo_car_spread_a_deterministic
2.0000,-0.10905,0.0030,0.0000,0.03696,0.03697,0.34230,1.6,1.0000,-30.7368,0.4741,-9.3106,156.531,ppo_car_spread_a_deterministic
2.0200,-0.10905,0.0030,0.0000,0.03636,0.03637,0.16323,1.6,1.0000,-30.7365,0.4741,-9.3112,156.530,ppo_car_spread_a_deterministic
2.0400,-0.10881,0.0000,0.0004,0.03684,0.03685,0.32093,1.6,1.0000,-30.7362,0.4741,-9.3119,156.529,ppo_car_spread_a_deterministic
2.0600,-0.10881,0.0000,0.0004,0.03891,0.03893,0.25135,-0.1,1.0000,-30.7359,0.4741,-9.3126,156.528,ppo_car_spread_a_deterministic
2.0800,-0.10881,0.0000,0.0004,0.03571,0.03572,0.28987,-0.1,1.0000,-30.7356,0.4741,-9.3133,156.530,ppo_car_spread_a_deterministic
2.1000,-0.10881,0.0000,0.0004,0.03578,0.03580,0.29318,-0.1,1.0000,-30.7353,0.4741,-9.3139,156.531,ppo_car_spread_a_deterministic
2.1200,-0.10881,0.0007,0.0000,0.03493,0.03494,0.28503,-0.1,1.0000,-30.7350,0.4741,-9.3145,156.532,ppo_car_spread_a_deterministic
2.1400,-0.10881,0.0007,0.0000,0.03594,0.03595,0.40060,0.4,1.0000,-30.7347,0.4741,-9.3152,156.537,ppo_car_spread_a_deterministic
2.1600,-0.10881,0.0007,0.0000,0.03760,0.03761,0.18130,0.4,1.0000,-30.7344,0.4741,-9.3159,156.537,ppo_car_spread_a_deterministic
2.1800,-0.10881,0.0007,0.0000,0.04350,0.04351,0.30491,0.4,1.0000,-30.7340,0.4741,-9.3167,156.535,ppo_car_spread_a_deterministic
2.2000,-0.10878,0.0000,0.0006,0.04106,0.04107,0.24238,0.4,1.0000,-30.7337,0.4741,-9.3174,156.533,ppo_car_spread_a_deterministic
2.2200,-0.10878,0.0000,0.0006,0.03274,0.03275,0.32914,-0.1,1.0000,-30.7334,0.4741,-9.3180,156.531,ppo_car_spread_a_deterministic
2.2400,-0.10878,0.0000,0.0006,0.03970,0.03971,0.28346,-0.1,1.0000,-30.7331,0.4741,-9.3187,156.534,ppo_car_spread_a_deterministic
2.2600,-0.10878,0.0000,0.0006,0.03227,0.03228,0.31892,-0.1,1.0000,-30.7328,0.4741,-9.3193,156.532,ppo_car_spread_a_deterministic
2.2800,-0.10843,0.0000,0.0032,0.03150,0.03151,0.40018,-0.1,1.0000,-30.7325,0.4741,-9.3199,156.532,ppo_car_spread_a_deterministic
2.3000,-0.10843,0.0000,0.0032,0.03466,0.03467,0.40665,-0.7,1.0000,-30.7322,0.4741,-9.3205,156.534,ppo_car_spread_a_deterministic
2.3200,-0.10843,0.0000,0.0032,0.03215,0.03216,0.32471,-0.7,1.0000,-30.7320,0.4741,-9.3211,156.535,ppo_car_spread_a_deterministic
2.3400,-0.10843,0.0000,0.0032,0.03629,0.03630,0.20332,-0.7,1.0000,-30.7317,0.4741,-9.3218,156.534,ppo_car_spread_a_deterministic
2.3600,-0.10919,0.0044,0.0000,0.03320,0.03322,0.25675,-0.7,1.0000,-30.7314,0.4741,-9.3224,156.531,ppo_car_spread_a_deterministic
2.3800,-0.10919,0.0044,0.0000,0.04447,0.04448,0.29509,2.3,1.0000,-30.7310,0.4741,-9.3232,156.530,ppo_car_spread_a_deterministic
2.4000,-0.10919,0.0044,0.0000,0.03380,0.03381,0.40174,2.3,1.0000,-30.7307,0.4741,-9.3238,156.532,ppo_car_spread_a_deterministic
2.4200,-0.10919,0.0044,0.0000,0.03357,0.03358,0.40277,2.3,1.0000,-30.7304,0.4741,-9.3244,156.532,ppo_car_spread_a_deterministic
2.4400,-0.10905,0.0025,0.0000,0.04246,0.04248,0.36757,2.3,1.0000,-30.7301,0.4741,-9.3252,156.535,ppo_car_spread_a_deterministic
2.4600,-0.10905,0.0025,0.0000,0.03717,0.03719,0.28222,1.3,1.0000,-30.7298,0.4741,-9.3259,156.533,ppo_car_spread_a_deterministic
2.4800,-0.10905,0.0025,0.0000,0.04090,0.04091,0.29164,1.3,1.0000,-30.7294,0.4741,-9.3266,156.534,ppo_car_spread_a_deterministic
2.5000,-0.10905,0.0025,0.0000,0.02887,0.02888,0.40165,1.3,1.0000,-30.7292,0.4741,-9.3271,156.532,ppo_car_spread_a_deterministic
2.5200,-0.10856,0.0000,0.0039,0.04237,0.04239,0.25745,1.3,1.0000,-30.7288,0.4741,-9.3279,156.535,ppo_car_spread_a_deterministic
2.5400,-0.10856,0.0000,0.0039,0.04204,0.04205,0.08574,-0.8,1.0000,-30.7285,0.4741,-9.3287,156.534,ppo_car_spread_a_deterministic
2.5600,-0.10856,0.0000,0.0039,0.03919,0.03920,0.32785,-0.8,1.0000,-30.7281,0.4741,-9.3294,156.537,ppo_car_spread_a_deterministic
2.5800,-0.10856,0.0000,0.0039,0.04182,0.04183,0.26656,-0.8,1.0000,-30.7278,0.4741,-9.3301,156.538,ppo_car_spread_a_deterministic
2.6000,-0.10842,0.0000,0.0029,0.04196,0.04197,0.20495,-0.8,1.0000,-30.7274,0.4741,-9.3309,156.539,ppo_car_spread_a_deterministic
2.6200,-0.10842,0.0000,0.0029,0.03874,0.03875,0.16924,-0.6,1.0000,-30.7271,0.4741,-9.3316,156.539,ppo_car_spread_a_deterministic
2.6400,-0.10842,0.0000,0.0029,0.04409,0.04410,0.23957,-0.6,1.0000,-30.7267,0.4741,-9.3324,156.538,ppo_car_spread_a_deterministic
2.6600,-0.10842,0.0000,0.0029,0.03521,0.03522,0.31132,-0.6,1.0000,-30.7264,0.4741,-9.3330,156.538,ppo_car_spread_a_deterministic
2.6800,-0.10828,0.0000,0.0063,0.03226,0.03226,0.39613,-0.6,1.0000,-30.7262,0.4741,-9.3336,156.535,ppo_car_spread_a_deterministic
2.7000,-0.10828,0.0000,0.0063,0.03499,0.03500,0.18750,-1.3,1.0000,-30.7259,0.4741,-9.3342,156.535,ppo_car_spread_a_deterministic
2.7200,-0.10828,0.0000,0.0063,0.03451,0.03452,0.38057,-1.3,1.0000,-30.7256,0.4741,-9.3349,156.532,ppo_car_spread_a_deterministic
2.7400,-0.10828,0.0000,0.0063,0.03489,0.03490,0.40346,-1.3,1.0000,-30.7253,0.4741,-9.3355,156.528,ppo_car_spread_a_deterministic
2.7600,-0.10922,0.0035,0.0000,0.04199,0.04200,0.30222,-1.3,1.0000,-30.7250,0.4741,-9.3363,156.526,ppo_car_spread_a_deterministic
2.7800,-0.10922,0.0035,0.0000,0.03433,0.03434,0.35220,1.8,1.0000,-30.7247,0.4741,-9.3369,156.524,ppo_car_spread_a_deterministic
2.8000,-0.10922,0.0035,0.0000,0.03649,0.03650,0.39205,1.8,1.0000,-30.7244,0.4741,-9.3375,156.519,ppo_car_spread_a_deterministic
2.8200,-0.10922,0.0035,0.0000,0.04295,0.04297,0.29763,1.8,1.0000,-30.7240,0.4741,-9.3383,156.515,ppo_car_spread_a_deterministic
2.8400,-0.10945,0.0022,0.0000,0.03336,0.03337,0.36241,1.8,1.0000,-30.7237,0.4741,-9.3389,156.511,ppo_car_spread_a_deterministic
2.8600,-0.10945,0.0022,0.0000,0.04262,0.04263,0.29549,1.1,1.0000,-30.7234,0.4741,-9.3397,156.509,ppo_car_spread_a_deterministic
2.8800,-0.10945,0.0022,0.0000,0.03904,0.03904,0.37587,1.1,1.0000,-30.7230,0.4741,-9.3404,156.505,ppo_car_spread_a_deterministic
2.9000,-0.10945,0.0022,0.0000,0.04211,0.04212,0.21050,1.1,1.0000,-30.7227,0.4741,-9.3412,156.502,ppo_car_spread_a_deterministic
2.9200,-0.10919,0.0000,0.0003,0.03931,0.03932,0.18963,1.1,1.0000,-30.7224,0.4741,-9.3419,156.501,ppo_car_spread_a_deterministic
2.9400,-0.10919,0.0000,0.0003,0.04315,0.04316,0.27526,-0.1,1.0000,-30.7220,0.4741,-9.3427,156.501,ppo_car_spread_a_deterministic
2.9600,-0.10919,0.0000,0.0003,0.03961,0.03962,0.26442,-0.1,1.0000,-30.7217,0.4741,-9.3434,156.502,ppo_car_spread_a_deterministic
2.9800,-0.10919,0.0000,0.0003,0.03811,0.03811,0.25347,-0.1,1.0000,-30.7213,0.4741,-9.3441,156.500,ppo_car_spread_a_deterministic
3.0000,-0.10872,0.0000,0.0024,0.03747,0.03748,0.20132,-0.1,1.0000,-30.7210,0.4741,-9.3448,156.498,ppo_car_spread_a_deterministic
3.0200,-0.10872,0.0000,0.0024,0.04132,0.04133,0.39381,-0.5,1.0000,-30.7207,0.4741,-9.3455,156.494,ppo_car_spread_a_deterministic
3.0400,-0.10872,0.0000,0.0024,0.03678,0.03679,0.36949,-0.5,1.0000,-30.7204,0.4741,-9.3462,156.496,ppo_car_spread_a_deterministic
3.0600,-0.10872,0.0000,0.0024,0.03961,0.03962,0.11476,-0.5,1.0000,-30.7200,0.4741,-9.3469,156.496,ppo_car_spread_a_deterministic
3.0800,-0.10886,0.0000,0.0003,0.03959,0.03960,0.38400,-0.5,1.0000,-30.7197,0.4741,-9.3476,156.492,ppo_car_spread_a_deterministic
3.1000,-0.10886,0.0000,0.0003,0.04045,0.04046,0.37249,-0.1,1.0000,-30.7194,0.4741,-9.3484,156.490,ppo_car_spread_a_deterministic
3.1200,-0.10886,0.0000,0.0003,0.04060,0.04062,0.25987,-0.1,1.0000,-30.7190,0.4741,-9.3491,156.488,ppo_car_spread_a_deterministic
3.1400,-0.10886,0.0000,0.0003,0.03590,0.03591,0.21536,-0.1,1.0000,-30.7187,0.4741,-9.3498,156.488,ppo_car_spread_a_deterministic
3.1600,-0.10892,0.0000,0.0025,0.03916,0.03917,0.13434,-0.1,1.0000,-30.7184,0.4741,-9.3505,156.488,ppo_car_spread_a_deterministic
3.1800,-0.10892,0.0000,0.0025,0.03729,0.03729,0.27643,-0.5,1.0000,-30.7181,0.4741,-9.3511,156.489,ppo_car_spread_a_deterministic
3.2000,-0.10892,0.0000,0.0025,0.04022,0.04023,0.22865,-0.5,1.0000,-30.7177,0.4741,-9.3519,156.492,ppo_car_spread_a_deterministic
3.2200,-0.10892,0.0000,0.0025,0.04311,0.04312,0.20249,-0.5,1.0000,-30.7174,0.4741,-9.3527,156.492,ppo_car_spread_a_deterministic
3.2400,-0.10854,0.0000,0.0037,0.04116,0.04117,0.10359,-0.5,1.0000,-30.7170,0.4741,-9.3534,156.491,ppo_car_spread_a_deterministic
3.2600,-0.10854,0.0000,0.0037,0.03734,0.03736,0.14532,-0.8,1.0000,-30.7167,0.4741,-9.3541,156.490,ppo_car_spread_a_deterministic
3.2800,-0.10854,0.0000,0.0037,0.04523,0.04525,0.30045,-0.8,1.0000,-30.7163,0.4741,-9.3549,156.489,ppo_car_spread_a_deterministic
3.3000,-0.10854,0.0000,0.0037,0.03345,0.03346,0.19147,-0.8,1.0000,-30.7161,0.4741,-9.3555,156.488,ppo_car_spread_a_deterministic
3.3200,-0.10839,0.0000,0.0076,0.04075,0.04076,0.10164,-0.8,1.0000,-30.7157,0.4741,-9.3563,156.488,ppo_car_spread_a_deterministic
3.3400,-0.10839,0.0000,0.0076,0.03630,0.03632,0.38788,-1.6,1.0000,-30.7154,0.4741,-9.3569,156.491,ppo_car_spread_a_deterministic
3.3600,-0.10839,0.0000,0.0076,0.04088,0.04089,0.29246,-1.6,1.0000,-30.7151,0.4741,-9.3577,156.489,ppo_car_spread_a_deterministic
3.3800,-0.10839,0.0000,0.0076,0.04342,0.04343,0.27415,-1.6,1.0000,-30.7147,0.4741,-9.3584,156.490,ppo_car_spread_a_deterministic
3.4000,-0.10873,0.0000,0.0030,0.03498,0.03499,0.30115,-1.6,1.0000,-30.7144,0.4741,-9.3591,156.487,ppo_car_spread_a_deterministic
3.4200,-0.10873,0.0000,0.0030,0.03849,0.03850,0.21163,-0.6,1.0000,-30.7141,0.4741,-9.3598,156.485,ppo_car_spread_a_deterministic
3.4400,-0.10873,0.0000,0.0030,0.04126,0.04127,0.30057,-0.6,1.0000,-30.7137,0.4741,-9.3605,156.485,ppo_car_spread_a_deterministic
3.4600,-0.10873,0.0000,0.0030,0.03796,0.03797,0.26338,-0.6,1.0000,-30.7134,0.4741,-9.3612,156.485,ppo_car_spread_a_deterministic
3.4800,-0.10863,0.0000,0.0042,0.03768,0.03769,0.34703,-0.6,1.0000,-30.7131,0.4741,-9.3619,156.481,ppo_car_spread_a_deterministic
3.5000,-0.10863,0.0000,0.0042,0.04289,0.04290,0.29465,-0.9,1.0000,-30.7127,0.4741,-9.3627,156.478,ppo_car_spread_a_deterministic
3.5200,-0.10863,0.0000,0.0042,0.04070,0.04071,0.30218,-0.9,1.0000,-30.7124,0.4741,-9.3634,156.478,ppo_car_spread_a_deterministic
3.5400,-0.10863,0.0000,0.0042,0.03480,0.03481,0.15827,-0.9,1.0000,-30.7121,0.4741,-9.3640,156.476,ppo_car_spread_a_deterministic
3.5600,-0.10878,0.0000,0.0031,0.03392,0.03393,0.16922,-0.9,1.0000,-30.7118,0.4741,-9.3647,156.475,ppo_car_spread_a_deterministic
3.5800,-0.10878,0.0000,0.0031,0.02560,0.02560,0.39195,-0.7,1.0000,-30.7116,0.4741,-9.3651,156.474,ppo_car_spread_a_deterministic
3.6000,-0.10878,0.0000,0.0031,0.03584,0.03585,0.29690,-0.7,1.0000,-30.7113,0.4741,-9.3658,156.475,ppo_car_spread_a_deterministic
3.6200,-0.10878,0.0000,0.0031,0.03785,0.03786,0.31149,-0.7,1.0000,-30.7110,0.4741,-9.3664,156.477,ppo_car_spread_a_deterministic
3.6400,-0.10899,0.0011,0.0000,0.04140,0.04142,0.28637,-0.7,1.0000,-30.7106,0.4741,-9.3672,156.476,ppo_car_spread_a_deterministic
3.6600,-0.10899,0.0011,0.0000,0.02809,0.02809,0.38451,0.6,1.0000,-30.7104,0.4741,-9.3677,156.475,ppo_car_spread_a_deterministic
3.6800,-0.10899,0.0011,0.0000,0.03578,0.03579,0.12154,0.6,1.0000,-30.7101,0.4741,-9.3684,156.473,ppo_car_spread_a_deterministic
3.7000,-0.10899,0.0011,0.0000,0.03692,0.03693,0.23529,0.6,1.0000,-30.7098,0.4741,-9.3690,156.470,ppo_car_spread_a_deterministic
3.7200,-0.10934,0.0020,0.0000,0.03320,0.03321,0.31620,0.6,1.0000,-30.7095,0.4741,-9.3696,156.468,ppo_car_spread_a_deterministic
3.7400,-0.10934,0.0020,0.0000,0.03071,0.03072,0.38848,1.1,1.0000,-30.7092,0.4741,-9.3702,156.466,ppo_car_spread_a_deterministic
3.7600,-0.10934,0.0020,0.0000,0.04192,0.04193,0.25992,1.1,1.0000,-30.7089,0.4741,-9.3710,156.466,ppo_car_spread_a_deterministic
3.7800,-0.10934,0.0020,0.0000,0.03620,0.03621,0.25646,1.1,1.0000,-30.7086,0.4741,-9.3716,156.463,ppo_car_spread_a_deterministic
3.8000,-0.10875,0.0000,0.0043,0.03576,0.03577,0.28855,1.1,1.0000,-30.7083,0.4741,-9.3723,156.465,ppo_car_spread_a_deterministic
3.8200,-0.10875,0.0000,0.0043,0.04072,0.04073,0.25378,-0.9,1.0000,-30.7079,0.4741,-9.3730,156.467,ppo_car_spread_a_deterministic
3.8400,-0.10875,0.0000,0.0043,0.03305,0.03306,0.15859,-0.9,1.0000,-30.7077,0.4741,-9.3736,156.467,ppo_car_spread_a_deterministic
3.8600,-0.10875,0.0000,0.0043,0.03854,0.03855,0.30324,-0.9,1.0000,-30.7073,0.4741,-9.3743,156.468,ppo_car_spread_a_deterministic
3.8800,-0.10941,0.0040,0.0000,0.03315,0.03316,0.39782,-0.9,1.0000,-30.7071,0.4741,-9.3749,156.464,ppo_car_spread_a_deterministic
3.9000,-0.10941,0.0040,0.0000,0.03294,0.03295,0.33453,2.1,1.0000,-30.7068,0.4741,-9.3755,156.464,ppo_car_spread_a_deterministic
3.9200,-0.10941,0.0040,0.0000,0.03524,0.03525,0.30189,2.1,1.0000,-30.7065,0.4741,-9.3761,156.461,ppo_car_spread_a_deterministic
3.9400,-0.10941,0.0040,0.0000,0.03537,0.03538,0.19672,2.1,1.0000,-30.7062,0.4741,-9.3768,156.460,ppo_car_spread_a_deterministic
3.9600,-0.10966,0.0029,0.0000,0.03736,0.03737,0.38204,2.1,1.0000,-30.7059,0.4741,-9.3775,156.461,ppo_car_spread_a_deterministic
3.9800,-0.10966,0.0029,0.0000,0.03582,0.03583,0.19808,1.5,1.0000,-30.7056,0.4741,-9.3781,156.462,ppo_car_spread_a_deterministic
4.0000,-0.10966,0.0029,0.0000,0.03250,0.03251,0.30631,1.5,1.0000,-30.7053,0.4741,-9.3787,156.460,ppo_car_spread_a_deterministic
4.0200,-0.10966,0.0029,0.0000,0.03646,0.03647,0.17604,1.5,1.0000,-30.7050,0.4741,-9.3794,156.459,ppo_car_spread_a_deterministic
4.0400,-0.10978,0.0053,0.0000,0.03766,0.03767,0.17539,1.5,1.0000,-30.7047,0.4741,-9.3801,156.460,ppo_car_spread_a_deterministic
4.0600,-0.10978,0.0053,0.0000,0.03916,0.03917,0.19718,2.8,1.0000,-30.7043,0.4741,-9.3808,156.460,ppo_car_spread_a_deterministic
4.0800,-0.10978,0.0053,0.0000,0.03640,0.03641,0.40458,2.8,1.0000,-30.7040,0.4741,-9.3814,156.459,ppo_car_spread_a_deterministic
4.1000,-0.10978,0.0053,0.0000,0.04193,0.04194,0.34288,2.8,1.0000,-30.7037,0.4741,-9.3822,156.456,ppo_car_spread_a_deterministic
4.1200,-0.10945,0.0012,0.0000,0.04407,0.04408,0.24196,2.8,1.0000,-30.7033,0.4741,-9.3830,156.455,ppo_car_spread_a_deterministic
4.1400,-0.10945,0.0012,0.0000,0.03997,0.03998,0.12691,0.6,1.0000,-30.7030,0.4741,-9.3837,156.454,ppo_car_spread_a_deterministic
4.1600,-0.10945,0.0012,0.0000,0.03739,0.03740,0.30268,0.6,1.0000,-30.7027,0.4741,-9.3844,156.452,ppo_car_spread_a_deterministic
4.1800,-0.10945,0.0012,0.0000,0.04475,0.04476,0.20106,0.6,1.0000,-30.7023,0.4741,-9.3852,156.449,ppo_car_spread_a_deterministic
4.2000,-0.10930,0.0007,0.0000,0.04534,0.04535,0.27249,0.6,1.0000,-30.7019,0.4741,-9.3860,156.446,ppo_car_spread_a_deterministic
4.2200,-0.10930,0.0007,0.0000,0.04164,0.04165,0.18384,0.4,1.0000,-30.7015,0.4741,-9.3868,156.446,ppo_car_spread_a_deterministic
4.2400,-0.10930,0.0007,0.0000,0.04042,0.04043,0.39670,0.4,1.0000,-30.7012,0.4741,-9.3875,156.445,ppo_car_spread_a_deterministic
4.2600,-0.10930,0.0007,0.0000,0.03859,0.03860,0.32730,0.4,1.0000,-30.7009,0.4741,-9.3882,156.445,ppo_car_spread_a_deterministic
4.2800,-0.10897,0.0000,0.0026,0.03925,0.03926,0.30258,0.4,1.0000,-30.7005,0.4741,-9.3889,156.446,ppo_car_spread_a_deterministic
4.3000,-0.10897,0.0000,0.0026,0.03927,0.03928,0.27522,-0.5,1.0000,-30.7002,0.4741,-9.3896,156.448,ppo_car_spread_a_deterministic
4.3200,-0.10897,0.0000,0.0026,0.03613,0.03614,0.38303,-0.5,1.0000,-30.6999,0.4741,-9.3903,156.448,ppo_car_spread_a_deterministic
4.3400,-0.10897,0.0000,0.0026,0.03877,0.03878,0.32963,-0.5,1.0000,-30.6996,0.4741,-9.3910,156.448,ppo_car_spread_a_deterministic
4.3600,-0.10931,0.0011,0.0000,0.04365,0.04366,0.27036,-0.5,1.0000,-30.6992,0.4741,-9.3918,156.447,ppo_car_spread_a_deterministic
4.3800,-0.10931,0.0011,0.0000,0.04077,0.04079,0.25207,0.6,1.0000,-30.6989,0.4741,-9.3925,156.448,ppo_car_spread_a_deterministic
4.4000,-0.10931,0.0011,0.0000,0.04571,0.04573,0.27302,0.6,1.0000,-30.6985,0.4741,-9.3934,156.445,ppo_car_spread_a_deterministic
4.4200,-0.10931,0.0011,0.0000,0.03694,0.03694,0.34627,0.6,1.0000,-30.6982,0.4741,-9.3940,156.445,ppo_car_spread_a_deterministic
4.4400,-0.10868,0.0000,0.0073,0.03711,0.03712,0.40611,0.6,1.0000,-30.6979,0.4741,-9.3947,156.446,ppo_car_spread_a_deterministic
4.4600,-0.10868,0.0000,0.0073,0.03664,0.03665,0.30326,-1.5,1.0000,-30.6976,0.4741,-9.3954,156.445,ppo_car_spread_a_deterministic
4.4800,-0.10868,0.0000,0.0073,0.04016,0.04018,0.30732,-1.5,1.0000,-30.6972,0.4741,-9.3961,156.442,ppo_car_spread_a_deterministic
4.5000,-0.10868,0.0000,0.0073,0.03905,0.03906,0.34650,-1.5,1.0000,-30.6969,0.4741,-9.3968,156.443,ppo_car_spread_a_deterministic
4.5200,-0.10911,0.0000,0.0020,0.04114,0.04115,0.26035,-1.5,1.0000,-30.6965,0.4741,-9.3975,156.440,ppo_car_spread_a_deterministic
4.5400,-0.10911,0.0000,0.0020,0.03873,0.03874,0.16573,-0.4,1.0000,-30.6962,0.4741,-9.3982,156.438,ppo_car_spread_a_deterministic
4.5600,-0.10911,0.0000,0.0020,0.04172,0.04174,0.24882,-0.4,1.0000,-30.6959,0.4741,-9.3990,156.434,ppo_car_spread_a_deterministic
4.5800,-0.10911,0.0000,0.0020,0.03497,0.03498,0.33360,-0.4,1.0000,-30.6956,0.4741,-9.3996,156.431,ppo_car_spread_a_deterministic
4.6000,-0.10928,0.0000,0.0028,0.03400,0.03401,0.32960,-0.4,1.0000,-30.6953,0.4741,-9.4002,156.432,ppo_car_spread_a_deterministic
4.6200,-0.10928,0.0000,0.0028,0.04123,0.04124,0.28820,-0.6,1.0000,-30.6949,0.4741,-9.4010,156.427,ppo_car_spread_a_deterministic
4.6400,-0.10928,0.0000,0.0028,0.03895,0.03896,0.14584,-0.6,1.0000,-30.6946,0.4741,-9.4017,156.426,ppo_car_spread_a_deterministic
4.6600,-0.10928,0.0000,0.0028,0.03880,0.03881,0.17996,-0.6,1.0000,-30.6943,0.4741,-9.4024,156.424,ppo_car_spread_a_deterministic
4.6800,-0.10918,0.0000,0.0010,0.03745,0.03746,0.34065,-0.6,1.0000,-30.6940,0.4741,-9.4031,156.418,ppo_car_spread_a_deterministic
4.7000,-0.10918,0.0000,0.0010,0.03799,0.03799,0.40423,-0.2,1.0000,-30.6936,0.4741,-9.4038,156.419,ppo_car_spread_a_deterministic
4.7200,-0.10918,0.0000,0.0010,0.04036,0.04037,0.18220,-0.2,1.0000,-30.6933,0.4741,-9.4045,156.417,ppo_car_spread_a_deterministic
4.7400,-0.10918,0.0000,0.0010,0.04026,0.04027,0.17834,-0.2,1.0000,-30.6930,0.4741,-9.4052,156.417,ppo_car_spread_a_deterministic
4.7600,-0.10923,0.0000,0.0021,0.03321,0.03321,0.39756,-0.2,1.0000,-30.6927,0.4741,-9.4058,156.415,ppo_car_spread_a_deterministic
4.7800,-0.10923,0.0000,0.0021,0.03924,0.03925,0.28528,-0.4,1.0000,-30.6923,0.4741,-9.4066,156.417,ppo_car_spread_a_deterministic
4.8000,-0.10923,0.0000,0.0021,0.03757,0.03758,0.21813,-0.4,1.0000,-30.6920,0.4741,-9.4072,156.417,ppo_car_spread_a_deterministic
4.8200,-0.10923,0.0000,0.0021,0.04066,0.04067,0.20195,-0.4,1.0000,-30.6917,0.4741,-9.4080,156.414,ppo_car_spread_a_deterministic
4.8400,-0.10914,0.0000,0.0003,0.04248,0.04249,0.24603,-0.4,1.0000,-30.6913,0.4741,-9.4087,156.412,ppo_car_spread_a_deterministic
4.8600,-0.10914,0.0000,0.0003,0.03682,0.03683,0.26384,-0.1,1.0000,-30.6910,0.4741,-9.4094,156.414,ppo_car_spread_a_deterministic
4.8800,-0.10914,0.0000,0.0003,0.03689,0.03690,0.34993,-0.1,1.0000,-30.6907,0.4741,-9.4101,156.412,ppo_car_spread_a_deterministic
4.9000,-0.10914,0.0000,0.0003,0.03159,0.03160,0.39602,-0.1,1.0000,-30.6904,0.4741,-9.4107,156.412,ppo_car_spread_a_deterministic
4.9200,-0.10951,0.0013,0.0000,0.03999,0.04000,0.25498,-0.1,1.0000,-30.6901,0.4741,-9.4114,156.412,ppo_car_spread_a_deterministic
4.9400,-0.10951,0.0013,0.0000,0.04221,0.04222,0.19492,0.7,1.0000,-30.6897,0.4741,-9.4122,156.413,ppo_car_spread_a_deterministic
4.9600,-0.10951,0.0013,0.0000,0.03722,0.03724,0.15630,0.7,1.0000,-30.6894,0.4741,-9.4128,156.413,ppo_car_spread_a_deterministic
4.9800,-0.10951,0.0013,0.0000,0.04165,0.04167,0.40440,0.7,1.0000,-30.6891,0.4741,-9.4136,156.411,ppo_car_spread_a_deterministic
5.0000,-0.10933,0.0002,0.0000,0.03721,0.03722,0.32083,0.7,1.0000,-30.6888,0.4741,-9.4143,156.411,ppo_car_spread_a_deterministic
5.0200,-0.10933,0.0002,0.0000,0.03891,0.03892,0.40484,0.1,1.0000,-30.6884,0.4741,-9.4150,156.414,ppo_car_spread_a_deterministic
5.0400,-0.10933,0.0002,0.0000,0.03843,0.03844,0.22912,0.1,1.0000,-30.6881,0.4741,-9.4157,156.414,ppo_car_spread_a_deterministic
5.0600,-0.10933,0.0002,0.0000,0.04571,0.04573,0.27716,0.1,1.0000,-30.6877,0.4741,-9.4165,156.413,ppo_car_spread_a_deterministic
5.0800,-0.10907,0.0000,0.0012,0.03726,0.03728,0.35372,0.1,1.0000,-30.6874,0.4741,-9.4172,156.409,ppo_car_spread_a_deterministic
5.1000,-0.10907,0.0000,0.0012,0.03934,0.03935,0.39091,-0.2,1.0000,-30.6871,0.4741,-9.4179,156.405,ppo_car_spread_a_deterministic
5.1200,-0.10907,0.0000,0.0012,0.03888,0.03890,0.10270,-0.2,1.0000,-30.6868,0.4741,-9.4186,156.404,ppo_car_spread_a_deterministic
5.1400,-0.10907,0.0000,0.0012,0.03702,0.03702,0.29628,-0.2,1.0000,-30.6864,0.4741,-9.4193,156.404,ppo_car_spread_a_deterministic
5.1600,-0.10919,0.0000,0.0012,0.03592,0.03594,0.38820,-0.2,1.0000,-30.6861,0.4741,-9.4199,156.405,ppo_car_spread_a_deterministic
5.1800,-0.10919,0.0000,0.0012,0.03651,0.03652,0.34321,-0.3,1.0000,-30.6858,0.4741,-9.4206,156.404,ppo_car_spread_a_deterministic
5.2000,-0.10919,0.0000,0.0012,0.04176,0.04177,0.29315,-0.3,1.0000,-30.6855,0.4741,-9.4213,156.403,ppo_car_spread_a_deterministic
5.2200,-0.10919,0.0000,0.0012,0.04144,0.04145,0.21718,-0.3,1.0000,-30.6851,0.4741,-9.4221,156.401,ppo_car_spread_a_deterministic
5.2400,-0.10903,0.0000,0.0040,0.03958,0.03959,0.26989,-0.3,1.0000,-30.6848,0.4741,-9.4228,156.406,ppo_car_spread_a_deterministic
5.2600,-0.10903,0.0000,0.0040,0.04309,0.04311,0.29835,-0.8,1.0000,-30.6844,0.4741,-9.4236,156.404,ppo_car_spread_a_deterministic
5.2800,-0.10903,0.0000,0.0040,0.04333,0.04334,0.38315,-0.8,1.0000,-30.6841,0.4741,-9.4244,156.399,ppo_car_spread_a_deterministic
5.3000,-0.10903,0.0000,0.0040,0.03696,0.03697,0.27439,-0.8,1.0000,-30.6837,0.4741,-9.4250,156.395,ppo_car_spread_a_deterministic
5.3200,-0.10910,0.0000,0.0044,0.03166,0.03167,0.38484,-0.8,1.0000,-30.6835,0.4741,-9.4256,156.395,ppo_car_spread_a_deterministic
5.3400,-0.10910,0.0000,0.0044,0.03778,0.03779,0.16815,-0.9,1.0000,-30.6832,0.4741,-9.4263,156.394,ppo_car_spread_a_deterministic
5.3600,-0.10910,0.0000,0.0044,0.03768,0.03769,0.18158,-0.9,1.0000,-30.6828,0.4741,-9.4270,156.393,ppo_car_spread_a_deterministic
5.3800,-0.10910,0.0000,0.0044,0.03878,0.03879,0.35534,-0.9,1.0000,-30.6825,0.4741,-9.4277,156.393,ppo_car_spread_a_deterministic
5.4000,-0.10940,0.0001,0.0000,0.04224,0.04225,0.28637,-0.9,1.0000,-30.6822,0.4741,-9.4284,156.395,ppo_car_spread_a_deterministic
5.4200,-0.10940,0.0001,0.0000,0.04343,0.04344,0.26446,0.0,1.0000,-30.6818,0.4741,-9.4292,156.396,ppo_car_spread_a_deterministic
5.4400,-0.10940,0.0001,0.0000,0.04055,0.04056,0.14322,0.0,1.0000,-30.6815,0.4741,-9.4300,156.397,ppo_car_spread_a_deterministic
5.4600,-0.10940,0.0001,0.0000,0.03594,0.03595,0.37385,0.0,1.0000,-30.6811,0.4741,-9.4306,156.394,ppo_car_spread_a_deterministic
5.4800,-0.10903,0.0000,0.0031,0.04002,0.04003,0.26152,0.0,1.0000,-30.6808,0.4741,-9.4314,156.391,ppo_car_spread_a_deterministic
5.5000,-0.10903,0.0000,0.0031,0.03957,0.03958,0.24336,-0.6,1.0000,-30.6805,0.4741,-9.4321,156.393,ppo_car_spread_a_deterministic
5.5200,-0.10903,0.0000,0.0031,0.02950,0.02951,0.39565,-0.6,1.0000,-30.6802,0.4741,-9.4326,156.391,ppo_car_spread_a_deterministic
5.5400,-0.10903,0.0000,0.0031,0.04076,0.04077,0.28042,-0.6,1.0000,-30.6799,0.4741,-9.4333,156.388,ppo_car_spread_a_deterministic
5.5600,-0.11013,0.0080,0.0000,0.03894,0.03895,0.26332,-0.6,1.0000,-30.6796,0.4741,-9.4340,156.389,ppo_car_spread_a_deterministic
5.5800,-0.11013,0.0080,0.0000,0.03339,0.03341,0.39690,4.2,1.0000,-30.6793,0.4741,-9.4346,156.387,ppo_car_spread_a_deterministic
5.6000,-0.11013,0.0080,0.0000,0.03862,0.03862,0.23280,4.2,1.0000,-30.6790,0.4741,-9.4353,156.387,ppo_car_spread_a_deterministic
5.6200,-0.11013,0.0080,0.0000,0.04098,0.04100,0.22948,4.2,1.0000,-30.6786,0.4741,-9.4361,156.386,ppo_car_spread_a_deterministic
5.6400,-0.10936,0.0000,0.0009,0.04160,0.04161,0.24492,4.2,1.0000,-30.6783,0.4741,-9.4368,156.385,ppo_car_spread_a_deterministic
5.6600,-0.10936,0.0000,0.0009,0.03818,0.03819,0.39976,-0.2,1.0000,-30.6779,0.4741,-9.4375,156.385,ppo_car_spread_a_deterministic
5.6800,-0.10936,0.0000,0.0009,0.03555,0.03557,0.37710,-0.2,1.0000,-30.6776,0.4741,-9.4382,156.384,ppo_car_spread_a_deterministic
5.7000,-0.10936,0.0000,0.0009,0.04240,0.04241,0.38856,-0.2,1.0000,-30.6773,0.4741,-9.4390,156.380,ppo_car_spread_a_deterministic
5.7200,-0.10967,0.0021,0.0000,0.03816,0.03817,0.19655,-0.2,1.0000,-30.6769,0.4741,-9.4396,156.379,ppo_car_spread_a_deterministic
5.7400,-0.10967,0.0021,0.0000,0.03811,0.03812,0.35886,1.1,1.0000,-30.6766,0.4741,-9.4403,156.380,ppo_car_spread_a_deterministic
5.7600,-0.10967,0.0021,0.0000,0.03573,0.03574,0.35361,1.1,1.0000,-30.6763,0.4741,-9.4410,156.378,ppo_car_spread_a_deterministic
5.7800,-0.10967,0.0021,0.0000,0.04398,0.04399,0.30042,1.1,1.0000,-30.6759,0.4741,-9.4418,156.377,ppo_car_spread_a_deterministic
5.8000,-0.10975,0.0022,0.0000,0.04165,0.04166,0.22453,1.1,1.0000,-30.6756,0.4741,-9.4425,156.377,ppo_car_spread_a_deterministic
5.8200,-0.10975,0.0022,0.0000,0.04285,0.04286,0.28780,1.2,1.0000,-30.6752,0.4741,-9.4433,156.379,ppo_car_spread_a_deterministic
5.8400,-0.10975,0.0022,0.0000,0.03977,0.03978,0.38234,1.2,1.0000,-30.6749,0.4741,-9.4440,156.382,ppo_car_spread_a_deterministic
5.8600,-0.10975,0.0022,0.0000,0.03855,0.03856,0.39168,1.2,1.0000,-30.6746,0.4741,-9.4447,156.379,ppo_car_spread_a_deterministic
5.8800,-0.10893,0.0000,0.0035,0.04515,0.04516,0.16390,1.2,1.0000,-30.6742,0.4741,-9.4456,156.378,ppo_car_spread_a_deterministic
5.9000,-0.10893,0.0000,0.0035,0.04029,0.04030,0.13285,-0.7,1.0000,-30.6738,0.4741,-9.4463,156.378,ppo_car_spread_a_deterministic
5.9200,-0.10893,0.0000,0.0035,0.04477,0.04478,0.28546,-0.7,1.0000,-30.6735,0.4741,-9.4471,156.377,ppo_car_spread_a_deterministic
5.9400,-0.10893,0.0000,0.0035,0.03591,0.03593,0.36058,-0.7,1.0000,-30.6732,0.4741,-9.4478,156.377,ppo_car_spread_a_deterministic
5.9600,-0.10860,0.0000,0.0071,0.04481,0.04482,0.27388,-0.7,1.0000,-30.6728,0.4741,-9.4486,156.377,ppo_car_spread_a_deterministic
5.9800,-0.10860,0.0000,0.0071,0.03349,0.03350,0.34517,-1.5,1.0000,-30.6725,0.4741,-9.4492,156.375,ppo_car_spread_a_deterministic
6.0000,-0.10860,0.0000,0.0071,0.03814,0.03815,0.40286,-1.5,1.0000,-30.6722,0.4741,-9.4499,156.370,ppo_car_spread_a_deterministic
6.0200,-0.10860,0.0000,0.0071,0.03874,0.03875,0.19266,-1.5,1.0000,-30.6719,0.4741,-9.4506,156.369,ppo_car_spread_a_deterministic
6.0400,-0.10968,0.0007,0.0000,0.04167,0.04168,0.28081,-1.5,1.0000,-30.6715,0.4741,-9.4513,156.370,ppo_car_spread_a_deterministic
6.0600,-0.10968,0.0007,0.0000,0.04426,0.04428,0.29771,0.4,1.0000,-30.6711,0.4741,-9.4521,156.366,ppo_car_spread_a_deterministic
6.0800,-0.10968,0.0007,0.0000,0.03532,0.03532,0.29855,0.4,1.0000,-30.6708,0.4741,-9.4528,156.365,ppo_car_spread_a_deterministic
6.1000,-0.10968,0.0007,0.0000,0.04443,0.04444,0.22749,0.4,1.0000,-30.6705,0.4741,-9.4536,156.366,ppo_car_spread_a_deterministic
6.1200,-0.10964,0.0022,0.0000,0.03994,0.03995,0.22110,0.4,1.0000,-30.6701,0.4741,-9.4543,156.363,ppo_car_spread_a_deterministic
6.1400,-0.10964,0.0022,0.0000,0.03940,0.03942,0.40597,1.2,1.0000,-30.6698,0.4741,-9.4550,156.364,ppo_car_spread_a_deterministic
6.1600,-0.10964,0.0022,0.0000,0.03662,0.03663,0.35243,1.2,1.0000,-30.6695,0.4741,-9.4557,156.360,ppo_car_spread_a_deterministic
6.1800,-0.10964,0.0022,0.0000,0.04455,0.04456,0.17807,1.2,1.0000,-30.6691,0.4741,-9.4565,156.358,ppo_car_spread_a_deterministic
6.2000,-0.10982,0.0018,0.0000,0.04757,0.04758,0.29522,1.2,1.0000,-30.6687,0.4741,-9.4573,156.359,ppo_car_spread_a_deterministic
6.2200,-0.10982,0.0018,0.0000,0.04750,0.04751,0.28605,1.0,1.0000,-30.6683,0.4741,-9.4582,156.358,ppo_car_spread_a_deterministic
6.2400,-0.10982,0.0018,0.0000,0.04347,0.04348,0.37907,1.0,1.0000,-30.6679,0.4741,-9.4590,156.353,ppo_car_spread_a_deterministic
6.2600,-0.10982,0.0018,0.0000,0.04821,0.04823,0.25169,1.0,1.0000,-30.6675,0.4741,-9.4599,156.353,ppo_car_spread_a_deterministic
6.2800,-0.10934,0.0000,0.0045,0.04098,0.04099,0.30576,1.0,1.0000,-30.6672,0.4741,-9.4606,156.354,ppo_car_spread_a_deterministic
6.3000,-0.10934,0.0000,0.0045,0.03497,0.03498,0.40076,-0.9,1.0000,-30.6669,0.4741,-9.4612,156.355,ppo_car_spread_a_deterministic
6.3200,-0.10934,0.0000,0.0045,0.04390,0.04392,0.23817,-0.9,1.0000,-30.6665,0.4741,-9.4620,156.353,ppo_car_spread_a_deterministic
6.3400,-0.10934,0.0000,0.0045,0.04284,0.04285,0.38701,-0.9,1.0000,-30.6661,0.4741,-9.4628,156.353,ppo_car_spread_a_deterministic
6.3600,-0.10913,0.0000,0.0056,0.04585,0.04586,0.26104,-0.9,1.0000,-30.6658,0.4741,-9.4637,156.350,ppo_car_spread_a_deterministic
6.3800,-0.10913,0.0000,0.0056,0.03612,0.03613,0.34833,-1.2,1.0000,-30.6655,0.4741,-9.4643,156.346,ppo_car_spread_a_deterministic
6.4000,-0.10913,0.0000,0.0056,0.04335,0.04336,0.27297,-1.2,1.0000,-30.6651,0.4741,-9.4651,156.343,ppo_car_spread_a_deterministic
6.4200,-0.10913,0.0000,0.0056,0.04204,0.04205,0.12471,-1.2,1.0000,-30.6647,0.4741,-9.4659,156.341,ppo_car_spread_a_deterministic
6.4400,-0.10921,0.0000,0.0048,0.04044,0.04045,0.14012,-1.2,1.0000,-30.6644,0.4741,-9.4666,156.341,ppo_car_spread_a_deterministic
6.4600,-0.10921,0.0000,0.0048,0.03339,0.03339,0.39576,-1.0,1.0000,-30.6641,0.4741,-9.4672,156.342,ppo_car_spread_a_deterministic
6.4800,-0.10921,0.0000,0.0048,0.03876,0.03877,0.14644,-1.0,1.0000,-30.6638,0.4741,-9.4679,156.341,ppo_car_spread_a_deterministic
6.5000,-0.10921,0.0000,0.0048,0.04368,0.04369,0.21107,-1.0,1.0000,-30.6634,0.4741,-9.4687,156.340,ppo_car_spread_a_deterministic
6.5200,-0.10941,0.0000,0.0009,0.03959,0.03960,0.22208,-1.0,1.0000,-30.6631,0.4741,-9.4694,156.337,ppo_car_spread_a_deterministic
6.5400,-0.10941,0.0000,0.0009,0.03852,0.03853,0.24713,-0.2,1.0000,-30.6628,0.4741,-9.4701,156.334,ppo_car_spread_a_deterministic
6.5600,-0.10941,0.0000,0.0009,0.04610,0.04611,0.28873,-0.2,1.0000,-30.6624,0.4741,-9.4709,156.333,ppo_car_spread_a_deterministic
6.5800,-0.10941,0.0000,0.0009,0.04032,0.04033,0.09275,-0.2,1.0000,-30.6620,0.4741,-9.4717,156.331,ppo_car_spread_a_deterministic
6.6000,-0.10882,0.0000,0.0080,0.04160,0.04161,0.29635,-0.2,1.0000,-30.6617,0.4741,-9.4724,156.331,ppo_car_spread_a_deterministic
6.6200,-0.10882,0.0000,0.0080,0.03818,0.03819,0.15102,-1.7,1.0000,-30.6614,0.4741,-9.4731,156.329,ppo_car_spread_a_deterministic
6.6400,-0.10882,0.0000,0.0080,0.03645,0.03647,0.38447,-1.7,1.0000,-30.6610,0.4741,-9.4738,156.329,ppo_car_spread_a_deterministic
6.6600,-0.10882,0.0000,0.0080,0.03868,0.03869,0.17525,-1.7,1.0000,-30.6607,0.4741,-9.4745,156.328,ppo_car_spread_a_deterministic
6.6800,-0.10954,0.0008,0.0000,0.03965,0.03966,0.22410,-1.7,1.0000,-30.6604,0.4741,-9.4752,156.328,ppo_car_spread_a_deterministic
6.7000,-0.10954,0.0008,0.0000,0.03727,0.03728,0.38482,0.4,1.0000,-30.6601,0.4741,-9.4759,156.330,ppo_car_spread_a_deterministic
6.7200,-0.10954,0.0008,0.0000,0.03677,0.03678,0.35129,0.4,1.0000,-30.6598,0.4741,-9.4765,156.330,ppo_car_spread_a_deterministic
6.7400,-0.10954,0.0008,0.0000,0.04155,0.04156,0.24644,0.4,1.0000,-30.6594,0.4741,-9.4773,156.327,ppo_car_spread_a_deterministic
6.7600,-0.10960,0.0007,0.0000,0.04081,0.04083,0.20218,0.4,1.0000,-30.6591,0.4741,-9.4780,156.327,ppo_car_spread_a_deterministic
6.7800,-0.10960,0.0007,0.0000,0.03594,0.03595,0.18543,0.4,1.0000,-30.6588,0.4741,-9.4787,156.326,ppo_car_spread_a_deterministic
6.8000,-0.10960,0.0007,0.0000,0.03754,0.03756,0.35659,0.4,1.0000,-30.6584,0.4741,-9.4793,156.325,ppo_car_spread_a_deterministic
6.8200,-0.10960,0.0007,0.0000,0.03995,0.03997,0.07368,0.4,1.0000,-30.6581,0.4741,-9.4801,156.325,ppo_car_spread_a_deterministic
6.8400,-0.10967,0.0000,0.0000,0.03960,0.03961,0.25611,0.4,1.0000,-30.6578,0.4741,-9.4808,156.321,ppo_car_spread_a_deterministic
6.8600,-0.10967,0.0000,0.0000,0.04375,0.04376,0.22808,0.0,1.0000,-30.6574,0.4741,-9.4816,156.318,ppo_car_spread_a_deterministic
6.8800,-0.10967,0.0000,0.0000,0.04227,0.04228,0.17930,0.0,1.0000,-30.6570,0.4741,-9.4824,156.316,ppo_car_spread_a_deterministic
6.9000,-0.10967,0.0000,0.0000,0.03991,0.03992,0.28791,0.0,1.0000,-30.6567,0.4741,-9.4831,156.313,ppo_car_spread_a_deterministic
6.9200,-0.10929,0.0000,0.0041,0.04043,0.04045,0.13745,0.0,1.0000,-30.6563,0.4741,-9.4838,156.310,ppo_car_spread_a_deterministic
6.9400,-0.10929,0.0000,0.0041,0.03706,0.03707,0.11148,-0.9,1.0000,-30.6560,0.4741,-9.4845,156.309,ppo_car_spread_a_deterministic
6.9600,-0.10929,0.0000,0.0041,0.03607,0.03608,0.38431,-0.9,1.0000,-30.6557,0.4741,-9.4851,156.307,ppo_car_spread_a_deterministic
6.9800,-0.10929,0.0000,0.0041,0.03701,0.03702,0.16313,-0.9,1.0000,-30.6554,0.4741,-9.4858,156.308,ppo_car_spread_a_deterministic
7.0000,-0.10969,0.0018,0.0000,0.03857,0.03858,0.29161,-0.9,1.0000,-30.6551,0.4741,-9.4865,156.304,ppo_car_spread_a_deterministic
7.0200,-0.10969,0.0018,0.0000,0.03843,0.03844,0.14016,0.9,1.0000,-30.6548,0.4741,-9.4872,156.302,ppo_car_spread_a_deterministic
7.0400,-0.10969,0.0018,0.0000,0.04021,0.04022,0.23372,0.9,1.0000,-30.6544,0.4741,-9.4879,156.300,ppo_car_spread_a_deterministic
7.0600,-0.10969,0.0018,0.0000,0.03701,0.03702,0.14052,0.9,1.0000,-30.6541,0.4741,-9.4886,156.300,ppo_car_spread_a_deterministic
7.0800,-0.10947,0.0000,0.0020,0.04011,0.04012,0.27165,0.9,1.0000,-30.6538,0.4741,-9.4893,156.299,ppo_car_spread_a_deterministic
7.1000,-0.10947,0.0000,0.0020,0.03410,0.03411,0.39200,-0.4,1.0000,-30.6535,0.4741,-9.4899,156.300,ppo_car_spread_a_deterministic
7.1200,-0.10947,0.0000,0.0020,0.04102,0.04103,0.28294,-0.4,1.0000,-30.6531,0.4741,-9.4907,156.297,ppo_car_spread_a_deterministic
7.1400,-0.10947,0.0000,0.0020,0.03474,0.03475,0.29899,-0.4,1.0000,-30.6529,0.4741,-9.4913,156.294,ppo_car_spread_a_deterministic
7.1600,-0.10957,0.0000,0.0025,0.04251,0.04252,0.27875,-0.4,1.0000,-30.6525,0.4741,-9.4921,156.292,ppo_car_spread_a_deterministic
7.1800,-0.10957,0.0000,0.0025,0.04187,0.04188,0.20464,-0.5,1.0000,-30.6521,0.4741,-9.4929,156.290,ppo_car_spread_a_deterministic
7.2000,-0.10957,0.0000,0.0025,0.03960,0.03962,0.27214,-0.5,1.0000,-30.6518,0.4741,-9.4936,156.287,ppo_car_spread_a_deterministic
7.2200,-0.10957,0.0000,0.0025,0.04333,0.04334,0.21864,-0.5,1.0000,-30.6514,0.4741,-9.4944,156.285,ppo_car_spread_a_deterministic
7.2400,-0.10980,0.0000,0.0010,0.03693,0.03695,0.31951,-0.5,1.0000,-30.6511,0.4741,-9.4950,156.281,ppo_car_spread_a_deterministic
7.2600,-0.10980,0.0000,0.0010,0.04047,0.04048,0.13118,-0.2,1.0000,-30.6508,0.4741,-9.4958,156.278,ppo_car_spread_a_deterministic
7.2800,-0.10980,0.0000,0.0010,0.04256,0.04257,0.24527,-0.2,1.0000,-30.6504,0.4741,-9.4965,156.276,ppo_car_spread_a_deterministic
7.3000,-0.10980,0.0000,0.0010,0.03909,0.03910,0.26994,-0.2,1.0000,-30.6501,0.4741,-9.4972,156.278,ppo_car_spread_a_deterministic
7.3200,-0.10947,0.0000,0.0043,0.03879,0.03880,0.39006,-0.2,1.0000,-30.6497,0.4741,-9.4979,156.281,ppo_car_spread_a_deterministic
7.3400,-0.10947,0.0000,0.0043,0.03622,0.03623,0.38080,-0.9,1.0000,-30.6494,0.4741,-9.4986,156.277,ppo_car_spread_a_deterministic
7.3600,-0.10947,0.0000,0.0043,0.04189,0.04190,0.28925,-0.9,1.0000,-30.6491,0.4741,-9.4994,156.275,ppo_car_spread_a_deterministic
7.3800,-0.10947,0.0000,0.0043,0.04214,0.04215,0.21943,-0.9,1.0000,-30.6487,0.4741,-9.5001,156.275,ppo_car_spread_a_deterministic
7.4000,-0.10954,0.0000,0.0035,0.03558,0.03558,0.24270,-0.9,1.0000,-30.6484,0.4741,-9.5008,156.277,ppo_car_spread_a_deterministic
7.4200,-0.10954,0.0000,0.0035,0.03261,0.03262,0.22275,-0.7,1.0000,-30.6481,0.4741,-9.5013,156.276,ppo_car_spread_a_deterministic
7.4400,-0.10954,0.0000,0.0035,0.03698,0.03699,0.20553,-0.7,1.0000,-30.6478,0.4741,-9.5020,156.273,ppo_car_spread_a_deterministic
7.4600,-0.10954,0.0000,0.0035,0.04509,0.04510,0.29481,-0.7,1.0000,-30.6474,0.4741,-9.5028,156.270,ppo_car_spread_a_deterministic
7.4800,-0.11004,0.0015,0.0000,0.03899,0.03900,0.26381,-0.7,1.0000,-30.6471,0.4741,-9.5035,156.266,ppo_car_spread_a_deterministic
7.5000,-0.11004,0.0015,0.0000,0.03084,0.03085,0.40229,0.8,1.0000,-30.6469,0.4741,-9.5041,156.265,ppo_car_spread_a_deterministic
7.5200,-0.11004,0.0015,0.0000,0.03027,0.03027,0.38302,0.8,1.0000,-30.6466,0.4741,-9.5046,156.265,ppo_car_spread_a_deterministic
7.5400,-0.11004,0.0015,0.0000,0.03332,0.03333,0.21186,0.8,1.0000,-30.6463,0.4741,-9.5052,156.266,ppo_car_spread_a_deterministic
7.5600,-0.11035,0.0069,0.0000,0.03899,0.03900,0.36909,0.8,1.0000,-30.6460,0.4741,-9.5059,156.264,ppo_car_spread_a_deterministic
7.5800,-0.11035,0.0069,0.0000,0.04067,0.04069,0.22202,3.6,1.0000,-30.6456,0.4741,-9.5067,156.262,ppo_car_spread_a_deterministic
7.6000,-0.11035,0.0069,0.0000,0.03772,0.03773,0.18349,3.6,1.0000,-30.6453,0.4741,-9.5074,156.259,ppo_car_spread_a_deterministic
7.6200,-0.11035,0.0069,0.0000,0.04213,0.04214,0.22436,3.6,1.0000,-30.6450,0.4741,-9.5081,156.256,ppo_car_spread_a_deterministic
7.6400,-0.11006,0.0006,0.0000,0.04085,0.04086,0.16960,3.6,1.0000,-30.6446,0.4741,-9.5089,156.255,ppo_car_spread_a_deterministic
7.6600,-0.11006,0.0006,0.0000,0.04120,0.04122,0.27482,0.3,1.0000,-30.6443,0.4741,-9.5096,156.255,ppo_car_spread_a_deterministic
7.6800,-0.11006,0.0006,0.0000,0.04097,0.04098,0.10849,0.3,1.0000,-30.6439,0.4741,-9.5104,156.255,ppo_car_spread_a_deterministic
7.7000,-0.11006,0.0006,0.0000,0.03859,0.03861,0.39963,0.3,1.0000,-30.6436,0.4741,-9.5111,156.254,ppo_car_spread_a_deterministic
7.7200,-0.10957,0.0000,0.0032,0.04068,0.04070,0.38605,0.3,1.0000,-30.6432,0.4741,-9.5118,156.254,ppo_car_spread_a_deterministic
7.7400,-0.10957,0.0000,0.0032,0.04562,0.04564,0.24283,-0.7,1.0000,-30.6428,0.4741,-9.5126,156.253,ppo_car_spread_a_deterministic
7.7600,-0.10957,0.0000,0.0032,0.03971,0.03973,0.14829,-0.7,1.0000,-30.6425,0.4741,-9.5134,156.252,ppo_car_spread_a_deterministic
7.7800,-0.10957,0.0000,0.0032,0.03842,0.03843,0.39321,-0.7,1.0000,-30.6422,0.4741,-9.5141,156.247,ppo_car_spread_a_deterministic
7.8000,-0.10969,0.0000,0.0017,0.04048,0.04049,0.31085,-0.7,1.0000,-30.6418,0.4741,-9.5148,156.251,ppo_car_spread_a_deterministic
7.8200,-0.10969,0.0000,0.0017,0.03864,0.03865,0.20376,-0.4,1.0000,-30.6415,0.4741,-9.5155,156.248,ppo_car_spread_a_deterministic
7.8400,-0.10969,0.0000,0.0017,0.04064,0.04065,0.20375,-0.4,1.0000,-30.6412,0.4741,-9.5162,156.245,ppo_car_spread_a_deterministic
7.8600,-0.10969,0.0000,0.0017,0.04180,0.04181,0.20299,-0.4,1.0000,-30.6408,0.4741,-9.5170,156.242,ppo_car_spread_a_deterministic
7.8800,-0.10972,0.0000,0.0022,0.03567,0.03568,0.40715,-0.4,1.0000,-30.6405,0.4741,-9.5176,156.241,ppo_car_spread_a_deterministic
7.9000,-0.10972,0.0000,0.0022,0.04204,0.04205,0.27903,-0.5,1.0000,-30.6401,0.4741,-9.5184,156.240,ppo_car_spread_a_deterministic
7.9200,-0.10972,0.0000,0.0022,0.04342,0.04343,0.24487,-0.5,1.0000,-30.6398,0.4741,-9.5192,156.240,ppo_car_spread_a_deterministic
7.9400,-0.10972,0.0000,0.0022,0.03623,0.03625,0.26722,-0.5,1.0000,-30.6395,0.4741,-9.5198,156.237,ppo_car_spread_a_deterministic
7.9600,-0.10930,0.0000,0.0056,0.04373,0.04375,0.19577,-0.5,1.0000,-30.6391,0.4741,-9.5206,156.235,ppo_car_spread_a_deterministic
7.9800,-0.10930,0.0000,0.0056,0.03893,0.03894,0.23441,-1.2,1.0000,-30.6388,0.4741,-9.5213,156.237,ppo_car_spread_a_deterministic
8.0000,-0.10930,0.0000,0.0056,0.03626,0.03627,0.39683,-1.2,1.0000,-30.6385,0.4741,-9.5220,156.239,ppo_car_spread_a_deterministic
8.0200,-0.10930,0.0000,0.0056,0.03650,0.03651,0.23012,-1.2,1.0000,-30.6381,0.4741,-9.5226,156.237,ppo_car_spread_a_deterministic
8.0400,-0.10961,0.0003,0.0000,0.03862,0.03863,0.28599,-1.2,1.0000,-30.6378,0.4741,-9.5233,156.233,ppo_car_spread_a_deterministic
8.0600,-0.10961,0.0003,0.0000,0.03827,0.03828,0.29225,0.2,1.0000,-30.6375,0.4741,-9.5240,156.230,ppo_car_spread_a_deterministic
8.0800,-0.10961,0.0003,0.0000,0.03669,0.03670,0.34237,0.2,1.0000,-30.6372,0.4741,-9.5247,156.232,ppo_car_spread_a_deterministic
8.1000,-0.10961,0.0003,0.0000,0.03761,0.03762,0.38548,0.2,1.0000,-30.6369,0.4741,-9.5254,156.232,ppo_car_spread_a_deterministic
8.1200,-0.10978,0.0001,0.0000,0.03944,0.03945,0.15881,0.2,1.0000,-30.6365,0.4741,-9.5261,156.229,ppo_car_spread_a_deterministic
8.1400,-0.10978,0.0001,0.0000,0.03818,0.03819,0.37259,0.0,1.0000,-30.6362,0.4741,-9.5268,156.231,ppo_car_spread_a_deterministic
8.1600,-0.10978,0.0001,0.0000,0.04244,0.04245,0.29183,0.0,1.0000,-30.6358,0.4741,-9.5275,156.234,ppo_car_spread_a_deterministic
8.1800,-0.10978,0.0001,0.0000,0.04264,0.04265,0.28340,0.0,1.0000,-30.6355,0.4741,-9.5283,156.232,ppo_car_spread_a_deterministic
8.2000,-0.10928,0.0000,0.0055,0.03946,0.03948,0.21906,0.0,1.0000,-30.6351,0.4741,-9.5290,156.232,ppo_car_spread_a_deterministic
8.2200,-0.10928,0.0000,0.0055,0.04037,0.04038,0.28721,-1.2,1.0000,-30.6348,0.4741,-9.5298,156.228,ppo_car_spread_a_deterministic
8.2400,-0.10928,0.0000,0.0055,0.03862,0.03863,0.13199,-1.2,1.0000,-30.6345,0.4741,-9.5305,156.226,ppo_car_spread_a_deterministic
8.2600,-0.10928,0.0000,0.0055,0.03630,0.03631,0.27165,-1.2,1.0000,-30.6342,0.4741,-9.5311,156.226,ppo_car_spread_a_deterministic
8.2800,-0.10985,0.0000,0.0005,0.03272,0.03273,0.31001,-1.2,1.0000,-30.6339,0.4741,-9.5317,156.227,ppo_car_spread_a_deterministic
8.3000,-0.10985,0.0000,0.0005,0.04118,0.04119,0.31298,-0.1,1.0000,-30.6335,0.4741,-9.5325,156.228,ppo_car_spread_a_deterministic
8.3200,-0.10985,0.0000,0.0005,0.03849,0.03850,0.09918,-0.1,1.0000,-30.6332,0.4741,-9.5332,156.227,ppo_car_spread_a_deterministic
8.3400,-0.10985,0.0000,0.0005,0.03892,0.03893,0.29864,-0.1,1.0000,-30.6329,0.4741,-9.5339,156.227,ppo_car_spread_a_deterministic
8.3600,-0.10988,0.0000,0.0006,0.04076,0.04078,0.22507,-0.1,1.0000,-30.6325,0.4741,-9.5346,156.226,ppo_car_spread_a_deterministic
8.3800,-0.10988,0.0000,0.0006,0.04339,0.04341,0.28823,-0.1,1.0000,-30.6322,0.4741,-9.5354,156.226,ppo_car_spread_a_deterministic
8.4000,-0.10988,0.0000,0.0006,0.03764,0.03764,0.27481,-0.1,1.0000,-30.6318,0.4741,-9.5361,156.225,ppo_car_spread_a_deterministic
8.4200,-0.10988,0.0000,0.0006,0.03647,0.03648,0.31188,-0.1,1.0000,-30.6315,0.4741,-9.5367,156.222,ppo_car_spread_a_deterministic
8.4400,-0.10983,0.0002,0.0000,0.03030,0.03031,0.39891,-0.1,1.0000,-30.6313,0.4741,-9.5373,156.221,ppo_car_spread_a_deterministic
8.4600,-0.10983,0.0002,0.0000,0.03783,0.03784,0.32062,0.1,1.0000,-30.6310,0.4741,-9.5380,156.221,ppo_car_spread_a_deterministic
8.4800,-0.10983,0.0002,0.0000,0.03324,0.03325,0.35990,0.1,1.0000,-30.6307,0.4741,-9.5386,156.222,ppo_car_spread_a_deterministic
8.5000,-0.10983,0.0002,0.0000,0.03177,0.03178,0.40006,0.1,1.0000,-30.6304,0.4741,-9.5391,156.224,ppo_car_spread_a_deterministic
8.5200,-0.11016,0.0038,0.0000,0.03112,0.03113,0.27327,0.1,1.0000,-30.6301,0.4741,-9.5397,156.223,ppo_car_spread_a_deterministic
8.5400,-0.11016,0.0038,0.0000,0.03233,0.03234,0.30395,2.0,1.0000,-30.6299,0.4741,-9.5403,156.223,ppo_car_spread_a_deterministic
8.5600,-0.11016,0.0038,0.0000,0.03736,0.03737,0.25554,2.0,1.0000,-30.6296,0.4741,-9.5410,156.225,ppo_car_spread_a_deterministic
8.5800,-0.11016,0.0038,0.0000,0.04011,0.04013,0.28775,2.0,1.0000,-30.6292,0.4741,-9.5417,156.225,ppo_car_spread_a_deterministic
8.6000,-0.10974,0.0000,0.0006,0.04311,0.04313,0.17819,2.0,1.0000,-30.6288,0.4741,-9.5425,156.225,ppo_car_spread_a_deterministic
8.6200,-0.10974,0.0000,0.0006,0.03692,0.03692,0.39989,-0.1,1.0000,-30.6285,0.4741,-9.5431,156.223,ppo_car_spread_a_deterministic
8.6400,-0.10974,0.0000,0.0006,0.03688,0.03689,0.24894,-0.1,1.0000,-30.6282,0.4741,-9.5438,156.224,ppo_car_spread_a_deterministic
8.6600,-0.10974,0.0000,0.0006,0.03774,0.03775,0.25403,-0.1,1.0000,-30.6279,0.4741,-9.5445,156.226,ppo_car_spread_a_deterministic
8.6800,-0.10991,0.0005,0.0000,0.03752,0.03753,0.25620,-0.1,1.0000,-30.6276,0.4741,-9.5452,156.227,ppo_car_spread_a_deterministic
8.7000,-0.10991,0.0005,0.0000,0.03287,0.03288,0.40137,0.3,1.0000,-30.6273,0.4741,-9.5458,156.224,ppo_car_spread_a_deterministic
8.7200,-0.10991,0.0005,0.0000,0.03715,0.03716,0.28596,0.3,1.0000,-30.6270,0.4741,-9.5464,156.222,ppo_car_spread_a_deterministic
8.7400,-0.10991,0.0005,0.0000,0.03599,0.03600,0.19120,0.3,1.0000,-30.6267,0.4741,-9.5471,156.221,ppo_car_spread_a_deterministic
8.7600,-0.11017,0.0010,0.0000,0.03632,0.03633,0.39882,0.3,1.0000,-30.6264,0.4741,-9.5477,156.219,ppo_car_spread_a_deterministic
8.7800,-0.11017,0.0010,0.0000,0.04096,0.04097,0.19046,0.5,1.0000,-30.6260,0.4741,-9.5485,156.217,ppo_car_spread_a_deterministic
8.8000,-0.11017,0.0010,0.0000,0.03682,0.03683,0.13733,0.5,1.0000,-30.6257,0.4741,-9.5492,156.216,ppo_car_spread_a_deterministic
8.8200,-0.11017,0.0010,0.0000,0.04625,0.04626,0.28804,0.5,1.0000,-30.6253,0.4741,-9.5500,156.215,ppo_car_spread_a_deterministic
8.8400,-0.11008,0.0011,0.0000,0.03526,0.03527,0.39488,0.5,1.0000,-30.6250,0.4741,-9.5506,156.213,ppo_car_spread_a_deterministic
8.8600,-0.11008,0.0011,0.0000,0.03475,0.03476,0.39734,0.6,1.0000,-30.6247,0.4741,-9.5513,156.214,ppo_car_spread_a_deterministic
8.8800,-0.11008,0.0011,0.0000,0.04310,0.04311,0.26311,0.6,1.0000,-30.6243,0.4741,-9.5521,156.214,ppo_car_spread_a_deterministic
8.9000,-0.11008,0.0011,0.0000,0.03355,0.03356,0.34390,0.6,1.0000,-30.6240,0.4741,-9.5527,156.213,ppo_car_spread_a_deterministic
8.9200,-0.10956,0.0000,0.0053,0.04068,0.04070,0.38097,0.6,1.0000,-30.6237,0.4741,-9.5534,156.210,ppo_car_spread_a_deterministic
8.9400,-0.10956,0.0000,0.0053,0.03636,0.03637,0.18157,-1.1,1.0000,-30.6234,0.4741,-9.5540,156.208,ppo_car_spread_a_deterministic
8.9600,-0.10956,0.0000,0.0053,0.03815,0.03816,0.40501,-1.1,1.0000,-30.6231,0.4741,-9.5547,156.205,ppo_car_spread_a_deterministic
8.9800,-0.10956,0.0000,0.0053,0.03962,0.03963,0.28059,-1.1,1.0000,-30.6227,0.4741,-9.5555,156.202,ppo_car_spread_a_deterministic
9.0000,-0.11016,0.0003,0.0000,0.03668,0.03670,0.37524,-1.1,1.0000,-30.6224,0.4741,-9.5561,156.205,ppo_car_spread_a_deterministic
9.0200,-0.11016,0.0003,0.0000,0.03852,0.03853,0.26936,0.1,1.0000,-30.6221,0.4741,-9.5568,156.202,ppo_car_spread_a_deterministic
9.0400,-0.11016,0.0003,0.0000,0.03993,0.03994,0.25881,0.1,1.0000,-30.6217,0.4741,-9.5575,156.198,ppo_car_spread_a_deterministic
9.0600,-0.11016,0.0003,0.0000,0.03646,0.03647,0.20245,0.1,1.0000,-30.6214,0.4741,-9.5582,156.198,ppo_car_spread_a_deterministic
9.0800,-0.11018,0.0000,0.0010,0.04559,0.04560,0.29353,0.1,1.0000,-30.6210,0.4741,-9.5590,156.200,ppo_car_spread_a_deterministic
9.1000,-0.11018,0.0000,0.0010,0.04393,0.04395,0.30004,-0.2,1.0000,-30.6207,0.4741,-9.5598,156.199,ppo_car_spread_a_deterministic
9.1200,-0.11018,0.0000,0.0010,0.03873,0.03874,0.30354,-0.2,1.0000,-30.6203,0.4741,-9.5605,156.195,ppo_car_spread_a_deterministic
9.1400,-0.11018,0.0000,0.0010,0.03969,0.03970,0.29187,-0.2,1.0000,-30.6200,0.4741,-9.5612,156.195,ppo_car_spread_a_deterministic
9.1600,-0.11028,0.0002,0.0000,0.04263,0.04264,0.28040,-0.2,1.0000,-30.6196,0.4741,-9.5620,156.195,ppo_car_spread_a_deterministic
9.1800,-0.11028,0.0002,0.0000,0.04173,0.04174,0.38848,0.1,1.0000,-30.6193,0.4741,-9.5628,156.196,ppo_car_spread_a_deterministic
9.2000,-0.11028,0.0002,0.0000,0.03970,0.03971,0.24737,0.1,1.0000,-30.6189,0.4741,-9.5635,156.192,ppo_car_spread_a_deterministic
9.2200,-0.11028,0.0002,0.0000,0.03616,0.03618,0.35216,0.1,1.0000,-30.6186,0.4741,-9.5641,156.193,ppo_car_spread_a_deterministic
9.2400,-0.11019,0.0000,0.0009,0.03793,0.03794,0.23063,0.1,1.0000,-30.6183,0.4741,-9.5648,156.192,ppo_car_spread_a_deterministic
9.2600,-0.11019,0.0000,0.0009,0.04111,0.04112,0.29369,-0.2,1.0000,-30.6180,0.4741,-9.5656,156.190,ppo_car_spread_a_deterministic
9.2800,-0.11019,0.0000,0.0009,0.04311,0.04313,0.26818,-0.2,1.0000,-30.6176,0.4741,-9.5664,156.190,ppo_car_spread_a_deterministic
9.3000,-0.11019,0.0000,0.0009,0.03811,0.03812,0.32869,-0.2,1.0000,-30.6173,0.4741,-9.5670,156.185,ppo_car_spread_a_deterministic
9.3200,-0.10964,0.0000,0.0053,0.04124,0.04125,0.27825,-0.2,1.0000,-30.6169,0.4741,-9.5678,156.184,ppo_car_spread_a_deterministic
9.3400,-0.10964,0.0000,0.0053,0.03759,0.03760,0.27437,-1.1,1.0000,-30.6166,0.4741,-9.5685,156.185,ppo_car_spread_a_deterministic
9.3600,-0.10964,0.0000,0.0053,0.03571,0.03572,0.40548,-1.1,1.0000,-30.6163,0.4741,-9.5691,156.182,ppo_car_spread_a_deterministic
9.3800,-0.10964,0.0000,0.0053,0.03494,0.03495,0.28851,-1.1,1.0000,-30.6160,0.4741,-9.5697,156.182,ppo_car_spread_a_deterministic
9.4000,-0.11031,0.0026,0.0000,0.03712,0.03713,0.21440,-1.1,1.0000,-30.6157,0.4741,-9.5704,156.181,ppo_car_spread_a_deterministic
9.4200,-0.11031,0.0026,0.0000,0.03522,0.03523,0.39540,1.4,1.0000,-30.6154,0.4741,-9.5710,156.181,ppo_car_spread_a_deterministic
9.4400,-0.11031,0.0026,0.0000,0.03516,0.03517,0.24498,1.4,1.0000,-30.6151,0.4741,-9.5717,156.182,ppo_car_spread_a_deterministic
9.4600,-0.11031,0.0026,0.0000,0.03874,0.03875,0.13911,1.4,1.0000,-30.6148,0.4741,-9.5724,156.182,ppo_car_spread_a_deterministic
9.4800,-0.11024,0.0023,0.0000,0.03770,0.03771,0.28513,1.4,1.0000,-30.6144,0.4741,-9.5731,156.182,ppo_car_spread_a_deterministic
9.5000,-0.11024,0.0023,0.0000,0.03405,0.03406,0.36927,1.2,1.0000,-30.6142,0.4741,-9.5737,156.181,ppo_car_spread_a_deterministic
9.5200,-0.11024,0.0023,0.0000,0.03823,0.03824,0.37907,1.2,1.0000,-30.6138,0.4741,-9.5744,156.184,ppo_car_spread_a_deterministic
9.5400,-0.11024,0.0023,0.0000,0.04082,0.04084,0.27800,1.2,1.0000,-30.6135,0.4741,-9.5751,156.182,ppo_car_spread_a_deterministic
9.5600,-0.10980,0.0000,0.0013,0.03851,0.03852,0.14976,1.2,1.0000,-30.6131,0.4741,-9.5758,156.181,ppo_car_spread_a_deterministic
9.5800,-0.10980,0.0000,0.0013,0.03972,0.03973,0.21349,-0.3,1.0000,-30.6128,0.4741,-9.5765,156.179,ppo_car_spread_a_deterministic
9.6000,-0.10980,0.0000,0.0013,0.04086,0.04086,0.40322,-0.3,1.0000,-30.6125,0.4741,-9.5773,156.176,ppo_car_spread_a_deterministic
9.6200,-0.10980,0.0000,0.0013,0.03803,0.03804,0.39263,-0.3,1.0000,-30.6121,0.4741,-9.5780,156.173,ppo_car_spread_a_deterministic
9.6400,-0.10991,0.0000,0.0023,0.03500,0.03501,0.20141,-0.3,1.0000,-30.6118,0.4741,-9.5786,156.172,ppo_car_spread_a_deterministic
9.6600,-0.10991,0.0000,0.0023,0.03580,0.03581,0.22267,-0.5,1.0000,-30.6115,0.4741,-9.5792,156.171,ppo_car_spread_a_deterministic
9.6800,-0.10991,0.0000,0.0023,0.04322,0.04323,0.28173,-0.5,1.0000,-30.6112,0.4741,-9.5800,156.170,ppo_car_spread_a_deterministic
9.7000,-0.10991,0.0000,0.0023,0.03710,0.03711,0.29624,-0.5,1.0000,-30.6109,0.4741,-9.5807,156.171,ppo_car_spread_a_deterministic
9.7200,-0.10965,0.0000,0.0052,0.04026,0.04028,0.39463,-0.5,1.0000,-30.6105,0.4741,-9.5814,156.171,ppo_car_spread_a_deterministic
9.7400,-0.10965,0.0000,0.0052,0.03736,0.03737,0.31449,-1.1,1.0000,-30.6102,0.4741,-9.5821,156.169,ppo_car_spread_a_deterministic
9.7600,-0.10965,0.0000,0.0052,0.03937,0.03938,0.21968,-1.1,1.0000,-30.6099,0.4741,-9.5828,156.169,ppo_car_spread_a_deterministic
9.7800,-0.10965,0.0000,0.0052,0.04120,0.04121,0.24806,-1.1,1.0000,-30.6095,0.4741,-9.5836,156.169,ppo_car_spread_a_deterministic
9.8000,-0.10971,0.0000,0.0019,0.03923,0.03925,0.21205,-1.1,1.0000,-30.6092,0.4741,-9.5843,156.168,ppo_car_spread_a_deterministic
9.8200,-0.10971,0.0000,0.0019,0.03588,0.03589,0.25380,-0.4,1.0000,-30.6089,0.4741,-9.5849,156.166,ppo_car_spread_a_deterministic
9.8400,-0.10971,0.0000,0.0019,0.04035,0.04036,0.17423,-0.4,1.0000,-30.6085,0.4741,-9.5857,156.165,ppo_car_spread_a_deterministic
9.8600,-0.10971,0.0000,0.0019,0.04214,0.04215,0.22882,-0.4,1.0000,-30.6082,0.4741,-9.5864,156.161,ppo_car_spread_a_deterministic
9.8800,-0.10979,0.0000,0.0025,0.03954,0.03955,0.19333,-0.4,1.0000,-30.6078,0.4741,-9.5871,156.160,ppo_car_spread_a_deterministic
9.9000,-0.10979,0.0000,0.0025,0.03956,0.03957,0.40621,-0.5,1.0000,-30.6075,0.4741,-9.5879,156.163,ppo_car_spread_a_deterministic
9.9200,-0.10979,0.0000,0.0025,0.03594,0.03595,0.38808,-0.5,1.0000,-30.6072,0.4741,-9.5885,156.161,ppo_car_spread_a_deterministic
9.9400,-0.10979,0.0000,0.0025,0.04612,0.04614,0.26478,-0.5,1.0000,-30.6068,0.4741,-9.5893,156.161,ppo_car_spread_a_deterministic
9.9600,-0.11047,0.0022,0.0000,0.04067,0.04068,0.24693,-0.5,1.0000,-30.6064,0.4741,-9.5901,156.158,ppo_car_spread_a_deterministic
9.9800,-0.11047,0.0022,0.0000,0.03262,0.03263,0.28657,1.2,1.0000,-30.6062,0.4741,-9.5907,156.156,ppo_car_spread_a_deterministic
10.0000,-0.11047,0.0022,0.0000,0.04463,0.04464,0.27218,1.2,1.0000,-30.6058,0.4741,-9.5915,156.156,ppo_car_spread_a_deterministic
10.0200,-0.11047,0.0022,0.0000,0.03434,0.03435,0.39153,1.2,1.0000,-30.6055,0.4741,-9.5921,156.157,ppo_car_spread_a_deterministic
10.0400,-0.10963,0.0000,0.0066,0.03651,0.03652,0.19139,1.2,1.0000,-30.6052,0.4741,-9.5927,156.156,ppo_car_spread_a_deterministic
10.0600,-0.10963,0.0000,0.0066,0.03484,0.03485,0.33076,-1.4,1.0000,-30.6049,0.4741,-9.5934,156.158,ppo_car_spread_a_deterministic
10.0800,-0.10963,0.0000,0.0066,0.03762,0.03764,0.19440,-1.4,1.0000,-30.6046,0.4741,-9.5941,156.156,ppo_car_spread_a_deterministic
10.1000,-0.10963,0.0000,0.0066,0.04244,0.04246,0.26785,-1.4,1.0000,-30.6042,0.4741,-9.5948,156.153,ppo_car_spread_a_deterministic
10.1200,-0.11028,0.0005,0.0000,0.03106,0.03107,0.40227,-1.4,1.0000,-30.6039,0.4741,-9.5954,156.151,ppo_car_spread_a_deterministic
10.1400,-0.11028,0.0005,0.0000,0.04039,0.04040,0.18362,0.3,1.0000,-30.6036,0.4741,-9.5961,156.147,ppo_car_spread_a_deterministic
10.1600,-0.11028,0.0005,0.0000,0.03931,0.03932,0.26852,0.3,1.0000,-30.6033,0.4741,-9.5968,156.145,ppo_car_spread_a_deterministic
10.1800,-0.11028,0.0005,0.0000,0.04220,0.04221,0.18979,0.3,1.0000,-30.6029,0.4741,-9.5976,156.145,ppo_car_spread_a_deterministic
10.2000,-0.11018,0.0000,0.0008,0.04301,0.04302,0.29444,0.3,1.0000,-30.6025,0.4741,-9.5984,156.143,ppo_car_spread_a_deterministic
10.2200,-0.11018,0.0000,0.0008,0.04117,0.04118,0.21280,-0.2,1.0000,-30.6022,0.4741,-9.5991,156.142,ppo_car_spread_a_deterministic
10.2400,-0.11018,0.0000,0.0008,0.04018,0.04019,0.25222,-0.2,1.0000,-30.6018,0.4741,-9.5999,156.139,ppo_car_spread_a_deterministic
10.2600,-0.11018,0.0000,0.0008,0.03783,0.03784,0.23700,-0.2,1.0000,-30.6015,0.4741,-9.6005,156.134,ppo_car_spread_a_deterministic
10.2800,-0.11021,0.0000,0.0015,0.03932,0.03933,0.25276,-0.2,1.0000,-30.6012,0.4741,-9.6013,156.134,ppo_car_spread_a_deterministic
10.3001,-0.11021,0.0000,0.0015,0.03235,0.03236,0.27160,-0.3,1.0000,-30.6009,0.4741,-9.6018,156.134,ppo_car_spread_a_deterministic
10.3201,-0.11021,0.0000,0.0015,0.03330,0.03331,0.31242,-0.3,1.0000,-30.6006,0.4741,-9.6024,156.133,ppo_car_spread_a_deterministic
10.3401,-0.11021,0.0000,0.0015,0.04024,0.04025,0.28791,-0.3,1.0000,-30.6003,0.4741,-9.6032,156.129,ppo_car_spread_a_deterministic
10.3601,-0.11068,0.0044,0.0000,0.03369,0.03370,0.33497,-0.3,1.0000,-30.6000,0.4741,-9.6038,156.128,ppo_car_spread_a_deterministic
10.3801,-0.11068,0.0044,0.0000,0.03475,0.03476,0.38555,2.3,1.0000,-30.5997,0.4741,-9.6044,156.125,ppo_car_spread_a_deterministic
10.4001,-0.11068,0.0044,0.0000,0.03736,0.03737,0.26700,2.3,1.0000,-30.5994,0.4741,-9.6051,156.128,ppo_car_spread_a_deterministic
10.4201,-0.11068,0.0044,0.0000,0.03442,0.03443,0.32452,2.3,1.0000,-30.5991,0.4741,-9.6057,156.129,ppo_car_spread_a_deterministic
10.4401,-0.11013,0.0000,0.0005,0.03968,0.03969,0.40445,2.3,1.0000,-30.5987,0.4741,-9.6064,156.130,ppo_car_spread_a_deterministic
10.4601,-0.11013,0.0000,0.0005,0.04206,0.04207,0.25736,-0.1,1.0000,-30.5984,0.4741,-9.6072,156.129,ppo_car_spread_a_deterministic
10.4801,-0.11013,0.0000,0.0005,0.03725,0.03726,0.35489,-0.1,1.0000,-30.5981,0.4741,-9.6078,156.126,ppo_car_spread_a_deterministic
10.5001,-0.11013,0.0000,0.0005,0.03955,0.03957,0.28454,-0.1,1.0000,-30.5977,0.4741,-9.6086,156.122,ppo_car_spread_a_deterministic
10.5201,-0.11042,0.0012,0.0000,0.03837,0.03838,0.14856,-0.1,1.0000,-30.5974,0.4741,-9.6093,156.120,ppo_car_spread_a_deterministic
10.5401,-0.11042,0.0012,0.0000,0.03911,0.03911,0.39324,0.6,1.0000,-30.5971,0.4741,-9.6100,156.116,ppo_car_spread_a_deterministic
10.5601,-0.11042,0.0012,0.0000,0.04040,0.04041,0.09177,0.6,1.0000,-30.5967,0.4741,-9.6107,156.116,ppo_car_spread_a_deterministic
10.5801,-0.11042,0.0012,0.0000,0.03763,0.03763,0.39541,0.6,1.0000,-30.5964,0.4741,-9.6114,156.113,ppo_car_spread_a_deterministic
10.6001,-0.11007,0.0000,0.0024,0.04201,0.04203,0.23078,0.6,1.0000,-30.5960,0.4741,-9.6121,156.112,ppo_car_spread_a_deterministic
10.6201,-0.11007,0.0000,0.0024,0.04522,0.04523,0.27663,-0.5,1.0000,-30.5956,0.4741,-9.6130,156.111,ppo_car_spread_a_deterministic
10.6401,-0.11007,0.0000,0.0024,0.03739,0.03740,0.40368,-0.5,1.0000,-30.5953,0.4741,-9.6136,156.111,ppo_car_spread_a_deterministic
10.6601,-0.11007,0.0000,0.0024,0.04384,0.04385,0.30041,-0.5,1.0000,-30.5950,0.4741,-9.6144,156.110,ppo_car_spread_a_deterministic
10.6801,-0.11033,0.0003,0.0000,0.03808,0.03809,0.21508,-0.5,1.0000,-30.5946,0.4741,-9.6151,156.112,ppo_car_spread_a_deterministic
10.7001,-0.11033,0.0003,0.0000,0.03379,0.03380,0.39758,0.2,1.0000,-30.5943,0.4741,-9.6157,156.111,ppo_car_spread_a_deterministic
10.7201,-0.11033,0.0003,0.0000,0.04105,0.04106,0.26038,0.2,1.0000,-30.5940,0.4741,-9.6165,156.110,ppo_car_spread_a_deterministic
10.7401,-0.11033,0.0003,0.0000,0.04261,0.04262,0.33735,0.2,1.0000,-30.5936,0.4741,-9.6172,156.107,ppo_car_spread_a_deterministic
10.7601,-0.11011,0.0000,0.0028,0.03975,0.03976,0.40090,0.2,1.0000,-30.5933,0.4741,-9.6180,156.101,ppo_car_spread_a_deterministic
10.7801,-0.11011,0.0000,0.0028,0.04220,0.04221,0.19705,-0.6,1.0000,-30.5929,0.4741,-9.6187,156.098,ppo_car_spread_a_deterministic
10.8001,-0.11011,0.0000,0.0028,0.03806,0.03807,0.20771,-0.6,1.0000,-30.5926,0.4741,-9.6194,156.099,ppo_car_spread_a_deterministic
10.8201,-0.11011,0.0000,0.0028,0.04388,0.04389,0.27337,-0.6,1.0000,-30.5922,0.4741,-9.6202,156.096,ppo_car_spread_a_deterministic
10.8401,-0.11019,0.0000,0.0005,0.04142,0.04143,0.18401,-0.6,1.0000,-30.5919,0.4741,-9.6210,156.094,ppo_car_spread_a_deterministic
10.8601,-0.11019,0.0000,0.0005,0.03740,0.03741,0.29529,-0.1,1.0000,-30.5916,0.4741,-9.6216,156.091,ppo_car_spread_a_deterministic
10.8801,-0.11019,0.0000,0.0005,0.03820,0.03821,0.20599,-0.1,1.0000,-30.5912,0.4741,-9.6223,156.089,ppo_car_spread_a_deterministic
10.9001,-0.11019,0.0000,0.0005,0.03952,0.03954,0.28964,-0.1,1.0000,-30.5909,0.4741,-9.6230,156.087,ppo_car_spread_a_deterministic
10.9201,-0.11040,0.0001,0.0000,0.04051,0.04052,0.27932,-0.1,1.0000,-30.5905,0.4741,-9.6238,156.086,ppo_car_spread_a_deterministic
10.9401,-0.11040,0.0001,0.0000,0.03872,0.03873,0.17557,0.1,1.0000,-30.5902,0.4741,-9.6245,156.087,ppo_car_spread_a_deterministic
10.9601,-0.11040,0.0001,0.0000,0.03578,0.03579,0.37707,0.1,1.0000,-30.5899,0.4741,-9.6251,156.083,ppo_car_spread_a_deterministic
10.9801,-0.11040,0.0001,0.0000,0.03769,0.03770,0.39877,0.1,1.0000,-30.5896,0.4741,-9.6258,156.080,ppo_car_spread_a_deterministic
11.0001,-0.11094,0.0031,0.0000,0.03117,0.03118,0.36085,0.1,1.0000,-30.5893,0.4741,-9.6263,156.081,ppo_car_spread_a_deterministic
11.0201,-0.11094,0.0031,0.0000,0.03758,0.03760,0.26117,1.6,1.0000,-30.5890,0.4741,-9.6270,156.079,ppo_car_spread_a_deterministic
11.0401,-0.11094,0.0031,0.0000,0.03946,0.03947,0.26583,1.6,1.0000,-30.5887,0.4741,-9.6277,156.079,ppo_car_spread_a_deterministic
11.0601,-0.11094,0.0031,0.0000,0.04537,0.04539,0.29481,1.6,1.0000,-30.5883,0.4741,-9.6286,156.078,ppo_car_spread_a_deterministic
11.0801,-0.11023,0.0000,0.0016,0.04246,0.04247,0.11575,1.6,1.0000,-30.5879,0.4741,-9.6293,156.078,ppo_car_spread_a_deterministic
11.1001,-0.11023,0.0000,0.0016,0.04038,0.04040,0.27527,-0.3,1.0000,-30.5876,0.4741,-9.6301,156.076,ppo_car_spread_a_deterministic
11.1201,-0.11023,0.0000,0.0016,0.04381,0.04382,0.29357,-0.3,1.0000,-30.5872,0.4741,-9.6309,156.074,ppo_car_spread_a_deterministic
11.1401,-0.11023,0.0000,0.0016,0.03780,0.03781,0.19104,-0.3,1.0000,-30.5869,0.4741,-9.6316,156.071,ppo_car_spread_a_deterministic
11.1601,-0.11008,0.0000,0.0051,0.03882,0.03883,0.38686,-0.3,1.0000,-30.5865,0.4741,-9.6323,156.070,ppo_car_spread_a_deterministic
11.1801,-0.11008,0.0000,0.0051,0.03728,0.03729,0.38913,-1.1,1.0000,-30.5862,0.4741,-9.6329,156.073,ppo_car_spread_a_deterministic
11.2001,-0.11008,0.0000,0.0051,0.04035,0.04037,0.11460,-1.1,1.0000,-30.5859,0.4741,-9.6337,156.072,ppo_car_spread_a_deterministic
11.2201,-0.11008,0.0000,0.0051,0.03371,0.03372,0.39825,-1.1,1.0000,-30.5856,0.4741,-9.6343,156.072,ppo_car_spread_a_deterministic
11.2401,-0.11012,0.0000,0.0025,0.03983,0.03984,0.38582,-1.1,1.0000,-30.5852,0.4741,-9.6350,156.074,ppo_car_spread_a_deterministic
11.2601,-0.11012,0.0000,0.0025,0.03668,0.03668,0.21856,-0.5,1.0000,-30.5849,0.4741,-9.6356,156.071,ppo_car_spread_a_deterministic
11.2801,-0.11012,0.0000,0.0025,0.03682,0.03684,0.26607,-0.5,1.0000,-30.5846,0.4741,-9.6363,156.070,ppo_car_spread_a_deterministic
11.3001,-0.11012,0.0000,0.0025,0.03877,0.03878,0.22793,-0.5,1.0000,-30.5843,0.4741,-9.6370,156.069,ppo_car_spread_a_deterministic
11.3201,-0.11059,0.0011,0.0000,0.03758,0.03759,0.29716,-0.5,1.0000,-30.5840,0.4741,-9.6377,156.072,ppo_car_spread_a_deterministic
11.3401,-0.11059,0.0011,0.0000,0.04020,0.04021,0.23887,0.6,1.0000,-30.5836,0.4741,-9.6384,156.070,ppo_car_spread_a_deterministic
11.3601,-0.11059,0.0011,0.0000,0.04116,0.04118,0.29169,0.6,1.0000,-30.5832,0.4741,-9.6392,156.069,ppo_car_spread_a_deterministic
11.3801,-0.11059,0.0011,0.0000,0.03189,0.03190,0.37508,0.6,1.0000,-30.5830,0.4741,-9.6397,156.070,ppo_car_spread_a_deterministic
11.4001,-0.11033,0.0000,0.0031,0.04234,0.04236,0.25478,0.6,1.0000,-30.5826,0.4741,-9.6405,156.072,ppo_car_spread_a_deterministic
11.4201,-0.11033,0.0000,0.0031,0.04262,0.04264,0.23595,-0.6,1.0000,-30.5822,0.4741,-9.6413,156.072,ppo_car_spread_a_deterministic
11.4401,-0.11033,0.0000,0.0031,0.03536,0.03537,0.39072,-0.6,1.0000,-30.5819,0.4741,-9.6419,156.072,ppo_car_spread_a_deterministic
11.4601,-0.11033,0.0000,0.0031,0.03864,0.03865,0.21790,-0.6,1.0000,-30.5816,0.4741,-9.6426,156.071,ppo_car_spread_a_deterministic
11.4801,-0.11053,0.0024,0.0000,0.03909,0.03911,0.21215,-0.6,1.0000,-30.5813,0.4741,-9.6433,156.070,ppo_car_spread_a_deterministic
11.5001,-0.11053,0.0024,0.0000,0.04049,0.04050,0.40273,1.3,1.0000,-30.5809,0.4741,-9.6441,156.067,ppo_car_spread_a_deterministic
11.5201,-0.11053,0.0024,0.0000,0.03810,0.03812,0.31559,1.3,1.0000,-30.5806,0.4741,-9.6447,156.067,ppo_car_spread_a_deterministic
11.5401,-0.11053,0.0024,0.0000,0.04224,0.04226,0.26041,1.3,1.0000,-30.5802,0.4741,-9.6455,156.067,ppo_car_spread_a_deterministic
11.5601,-0.11047,0.0000,0.0004,0.03823,0.03824,0.16838,1.3,1.0000,-30.5799,0.4741,-9.6462,156.065,ppo_car_spread_a_deterministic
11.5801,-0.11047,0.0000,0.0004,0.04251,0.04253,0.29787,-0.1,1.0000,-30.5795,0.4741,-9.6470,156.067,ppo_car_spread_a_deterministic
11.6001,-0.11047,0.0000,0.0004,0.03674,0.03675,0.29154,-0.1,1.0000,-30.5792,0.4741,-9.6476,156.064,ppo_car_spread_a_deterministic
11.6201,-0.11047,0.0000,0.0004,0.03793,0.03794,0.30081,-0.1,1.0000,-30.5789,0.4741,-9.6483,156.062,ppo_car_spread_a_deterministic
11.6401,-0.11070,0.0017,0.0000,0.04205,0.04206,0.11240,-0.1,1.0000,-30.5786,0.4741,-9.6491,156.061,ppo_car_spread_a_deterministic
11.6601,-0.11070,0.0017,0.0000,0.03728,0.03729,0.39449,0.9,1.0000,-30.5782,0.4741,-9.6498,156.056,ppo_car_spread_a_deterministic
11.6801,-0.11070,0.0017,0.0000,0.03966,0.03967,0.21685,0.9,1.0000,-30.5779,0.4741,-9.6505,156.052,ppo_car_spread_a_deterministic
11.7001,-0.11070,0.0017,0.0000,0.03644,0.03646,0.37546,0.9,1.0000,-30.5776,0.4741,-9.6511,156.052,ppo_car_spread_a_deterministic
11.7201,-0.11076,0.0000,0.0005,0.03430,0.03431,0.40302,0.9,1.0000,-30.5773,0.4741,-9.6517,156.049,ppo_car_spread_a_deterministic
11.7401,-0.11076,0.0000,0.0005,0.04177,0.04178,0.24828,-0.1,1.0000,-30.5769,0.4741,-9.6525,156.048,ppo_car_spread_a_deterministic
11.7601,-0.11076,0.0000,0.0005,0.03785,0.03786,0.19710,-0.1,1.0000,-30.5766,0.4741,-9.6532,156.048,ppo_car_spread_a_deterministic
11.7801,-0.11076,0.0000,0.0005,0.03824,0.03825,0.19799,-0.1,1.0000,-30.5763,0.4741,-9.6539,156.047,ppo_car_spread_a_deterministic
11.8001,-0.11049,0.0000,0.0000,0.04683,0.04684,0.26766,-0.1,1.0000,-30.5759,0.4741,-9.6547,156.046,ppo_car_spread_a_deterministic
11.8201,-0.11049,0.0000,0.0000,0.04171,0.04172,0.22358,0.0,1.0000,-30.5755,0.4741,-9.6555,156.044,ppo_car_spread_a_deterministic
11.8401,-0.11049,0.0000,0.0000,0.04345,0.04346,0.29623,0.0,1.0000,-30.5752,0.4741,-9.6563,156.041,ppo_car_spread_a_deterministic
11.8601,-0.11049,0.0000,0.0000,0.03429,0.03430,0.33019,0.0,1.0000,-30.5749,0.4741,-9.6569,156.041,ppo_car_spread_a_deterministic
11.8801,-0.11034,0.0000,0.0044,0.04230,0.04231,0.08709,0.0,1.0000,-30.5745,0.4741,-9.6577,156.041,ppo_car_spread_a_deterministic
11.9001,-0.11034,0.0000,0.0044,0.04193,0.04194,0.29798,-0.9,1.0000,-30.5741,0.4741,-9.6584,156.043,ppo_car_spread_a_deterministic
11.9201,-0.11034,0.0000,0.0044,0.03347,0.03348,0.38483,-0.9,1.0000,-30.5739,0.4741,-9.6590,156.044,ppo_car_spread_a_deterministic
11.9401,-0.11034,0.0000,0.0044,0.03462,0.03463,0.29693,-0.9,1.0000,-30.5736,0.4741,-9.6596,156.042,ppo_car_spread_a_deterministic
11.9601,-0.11074,0.0038,0.0000,0.03483,0.03484,0.33687,-0.9,1.0000,-30.5733,0.4741,-9.6603,156.040,ppo_car_spread_a_deterministic
11.9801,-0.11074,0.0038,0.0000,0.04128,0.04129,0.29646,2.0,1.0000,-30.5729,0.4741,-9.6610,156.039,ppo_car_spread_a_deterministic
12.0001,-0.11074,0.0038,0.0000,0.03930,0.03931,0.27934,2.0,1.0000,-30.5726,0.4741,-9.6617,156.040,ppo_car_spread_a_deterministic
12.0201,-0.11074,0.0038,0.0000,0.04770,0.04772,0.27440,2.0,1.0000,-30.5722,0.4741,-9.6626,156.041,ppo_car_spread_a_deterministic
12.0401,-0.11030,0.0000,0.0020,0.04655,0.04656,0.26479,2.0,1.0000,-30.5718,0.4741,-9.6634,156.039,ppo_car_spread_a_deterministic
12.0601,-0.11030,0.0000,0.0020,0.04085,0.04086,0.17563,-0.4,1.0000,-30.5714,0.4741,-9.6642,156.037,ppo_car_spread_a_deterministic
12.0801,-0.11030,0.0000,0.0020,0.04458,0.04460,0.21970,-0.4,1.0000,-30.5710,0.4741,-9.6650,156.035,ppo_car_spread_a_deterministic
12.1001,-0.11030,0.0000,0.0020,0.04007,0.04007,0.40325,-0.4,1.0000,-30.5707,0.4741,-9.6657,156.032,ppo_car_spread_a_deterministic
12.1201,-0.11012,0.0000,0.0059,0.04275,0.04277,0.26473,-0.4,1.0000,-30.5703,0.4741,-9.6665,156.031,ppo_car_spread_a_deterministic
12.1401,-0.11012,0.0000,0.0059,0.04772,0.04774,0.29124,-1.2,1.0000,-30.5699,0.4741,-9.6674,156.030,ppo_car_spread_a_deterministic
12.1601,-0.11012,0.0000,0.0059,0.03397,0.03398,0.35057,-1.2,1.0000,-30.5696,0.4741,-9.6680,156.030,ppo_car_spread_a_deterministic
12.1801,-0.11012,0.0000,0.0059,0.03196,0.03197,0.39656,-1.2,1.0000,-30.5694,0.4741,-9.6685,156.029,ppo_car_spread_a_deterministic
12.2001,-0.11079,0.0035,0.0000,0.03701,0.03703,0.36676,-1.2,1.0000,-30.5690,0.4741,-9.6692,156.027,ppo_car_spread_a_deterministic
12.2201,-0.11079,0.0035,0.0000,0.04128,0.04129,0.08795,1.8,1.0000,-30.5687,0.4741,-9.6699,156.027,ppo_car_spread_a_deterministic
12.2401,-0.11079,0.0035,0.0000,0.03843,0.03844,0.24755,1.8,1.0000,-30.5684,0.4741,-9.6706,156.027,ppo_car_spread_a_deterministic
12.2601,-0.11079,0.0035,0.0000,0.03881,0.03882,0.35880,1.8,1.0000,-30.5680,0.4741,-9.6713,156.028,ppo_car_spread_a_deterministic
12.2801,-0.11059,0.0000,0.0007,0.03640,0.03641,0.34075,1.8,1.0000,-30.5677,0.4741,-9.6720,156.029,ppo_car_spread_a_deterministic
12.3001,-0.11059,0.0000,0.0007,0.04008,0.04009,0.40181,-0.2,1.0000,-30.5674,0.4741,-9.6727,156.029,ppo_car_spread_a_deterministic
12.3201,-0.11059,0.0000,0.0007,0.04169,0.04171,0.13816,-0.2,1.0000,-30.5670,0.4741,-9.6735,156.028,ppo_car_spread_a_deterministic
12.3401,-0.11059,0.0000,0.0007,0.04232,0.04233,0.40330,-0.2,1.0000,-30.5666,0.4741,-9.6742,156.023,ppo_car_spread_a_deterministic
12.3601,-0.11026,0.0000,0.0036,0.03958,0.03960,0.15237,-0.2,1.0000,-30.5663,0.4741,-9.6750,156.024,ppo_car_spread_a_deterministic
12.3801,-0.11026,0.0000,0.0036,0.04124,0.04126,0.40242,-0.7,1.0000,-30.5659,0.4741,-9.6757,156.025,ppo_car_spread_a_deterministic
12.4001,-0.11026,0.0000,0.0036,0.04084,0.04085,0.25574,-0.7,1.0000,-30.5656,0.4741,-9.6764,156.025,ppo_car_spread_a_deterministic
12.4201,-0.11026,0.0000,0.0036,0.03937,0.03938,0.38229,-0.7,1.0000,-30.5653,0.4741,-9.6772,156.022,ppo_car_spread_a_deterministic
12.4401,-0.11033,0.0000,0.0030,0.04468,0.04470,0.24829,-0.7,1.0000,-30.5649,0.4741,-9.6780,156.020,ppo_car_spread_a_deterministic
12.4601,-0.11033,0.0000,0.0030,0.04187,0.04189,0.28714,-0.6,1.0000,-30.5645,0.4741,-9.6787,156.017,ppo_car_spread_a_deterministic
12.4801,-0.11033,0.0000,0.0030,0.04350,0.04351,0.26686,-0.6,1.0000,-30.5641,0.4741,-9.6795,156.016,ppo_car_spread_a_deterministic
12.5001,-0.11033,0.0000,0.0030,0.03707,0.03708,0.40310,-0.6,1.0000,-30.5638,0.4741,-9.6802,156.016,ppo_car_spread_a_deterministic
12.5201,-0.11010,0.0000,0.0052,0.03868,0.03869,0.38615,-0.6,1.0000,-30.5635,0.4741,-9.6809,156.016,ppo_car_spread_a_deterministic
12.5401,-0.11010,0.0000,0.0052,0.04114,0.04116,0.28002,-1.1,1.0000,-30.5631,0.4741,-9.6816,156.016,ppo_car_spread_a_deterministic
12.5601,-0.11010,0.0000,0.0052,0.03902,0.03903,0.18343,-1.1,1.0000,-30.5628,0.4741,-9.6823,156.017,ppo_car_spread_a_deterministic
12.5801,-0.11010,0.0000,0.0052,0.04242,0.04243,0.21262,-1.1,1.0000,-30.5624,0.4741,-9.6831,156.017,ppo_car_spread_a_deterministic
12.6001,-0.11034,0.0000,0.0016,0.03480,0.03481,0.39566,-1.1,1.0000,-30.5621,0.4741,-9.6837,156.019,ppo_car_spread_a_deterministic
12.6201,-0.11034,0.0000,0.0016,0.04111,0.04112,0.26128,-0.3,1.0000,-30.5618,0.4741,-9.6845,156.021,ppo_car_spread_a_deterministic
12.6401,-0.11034,0.0000,0.0016,0.03542,0.03542,0.38239,-0.3,1.0000,-30.5615,0.4741,-9.6851,156.021,ppo_car_spread_a_deterministic
12.6601,-0.11034,0.0000,0.0016,0.03371,0.03372,0.40031,-0.3,1.0000,-30.5612,0.4741,-9.6857,156.022,ppo_car_spread_a_deterministic
12.6801,-0.11067,0.0022,0.0000,0.04114,0.04115,0.19835,-0.3,1.0000,-30.5608,0.4741,-9.6864,156.019,ppo_car_spread_a_deterministic
12.7001,-0.11067,0.0022,0.0000,0.04013,0.04015,0.23659,1.2,1.0000,-30.5605,0.4741,-9.6872,156.015,ppo_car_spread_a_deterministic
12.7201,-0.11067,0.0022,0.0000,0.03779,0.03780,0.19739,1.2,1.0000,-30.5602,0.4741,-9.6879,156.013,ppo_car_spread_a_deterministic
12.7401,-0.11067,0.0022,0.0000,0.03614,0.03616,0.25850,1.2,1.0000,-30.5599,0.4741,-9.6885,156.012,ppo_car_spread_a_deterministic
12.7601,-0.11071,0.0006,0.0000,0.03809,0.03810,0.14846,1.2,1.0000,-30.5595,0.4741,-9.6892,156.012,ppo_car_spread_a_deterministic
12.7801,-0.11071,0.0006,0.0000,0.04411,0.04412,0.24279,0.3,1.0000,-30.5592,0.4741,-9.6900,156.011,ppo_car_spread_a_deterministic
12.8001,-0.11071,0.0006,0.0000,0.03964,0.03965,0.28546,0.3,1.0000,-30.5588,0.4741,-9.6907,156.012,ppo_car_spread_a_deterministic
12.8201,-0.11071,0.0006,0.0000,0.03944,0.03945,0.21994,0.3,1.0000,-30.5585,0.4741,-9.6914,156.012,ppo_car_spread_a_deterministic
12.8401,-0.11039,0.0000,0.0020,0.03810,0.03811,0.36164,0.3,1.0000,-30.5582,0.4741,-9.6921,156.015,ppo_car_spread_a_deterministic
12.8601,-0.11039,0.0000,0.0020,0.04083,0.04084,0.21143,-0.4,1.0000,-30.5578,0.4741,-9.6929,156.012,ppo_car_spread_a_deterministic
12.8801,-0.11039,0.0000,0.0020,0.04036,0.04038,0.38905,-0.4,1.0000,-30.5575,0.4741,-9.6936,156.008,ppo_car_spread_a_deterministic
12.9001,-0.11039,0.0000,0.0020,0.04365,0.04366,0.29297,-0.4,1.0000,-30.5571,0.4741,-9.6944,156.007,ppo_car_spread_a_deterministic
12.9201,-0.11078,0.0000,0.0013,0.04021,0.04022,0.29063,-0.4,1.0000,-30.5567,0.4741,-9.6951,156.009,ppo_car_spread_a_deterministic
12.9401,-0.11078,0.0000,0.0013,0.03461,0.03462,0.27086,-0.3,1.0000,-30.5564,0.4741,-9.6957,156.009,ppo_car_spread_a_deterministic
12.9601,-0.11078,0.0000,0.0013,0.03726,0.03727,0.20122,-0.3,1.0000,-30.5561,0.4741,-9.6964,156.008,ppo_car_spread_a_deterministic
12.9801,-0.11078,0.0000,0.0013,0.04354,0.04355,0.27067,-0.3,1.0000,-30.5558,0.4741,-9.6972,156.008,ppo_car_spread_a_deterministic
13.0001,-0.11076,0.0009,0.0000,0.03975,0.03976,0.27002,-0.3,1.0000,-30.5554,0.4741,-9.6979,156.006,ppo_car_spread_a_deterministic
13.0201,-0.11076,0.0009,0.0000,0.03716,0.03717,0.23532,0.5,1.0000,-30.5551,0.4741,-9.6986,156.004,ppo_car_spread_a_deterministic
13.0401,-0.11076,0.0009,0.0000,0.04042,0.04043,0.22677,0.5,1.0000,-30.5547,0.4741,-9.6993,156.005,ppo_car_spread_a_deterministic
13.0601,-0.11076,0.0009,0.0000,0.03784,0.03785,0.37428,0.5,1.0000,-30.5544,0.4741,-9.7000,156.008,ppo_car_spread_a_deterministic
13.0801,-0.11034,0.0000,0.0029,0.04297,0.04298,0.26897,0.5,1.0000,-30.5541,0.4741,-9.7008,156.005,ppo_car_spread_a_deterministic
13.1001,-0.11034,0.0000,0.0029,0.03332,0.03333,0.38803,-0.6,1.0000,-30.5538,0.4741,-9.7014,156.003,ppo_car_spread_a_deterministic
13.1201,-0.11034,0.0000,0.0029,0.04032,0.04033,0.28021,-0.6,1.0000,-30.5534,0.4741,-9.7021,156.002,ppo_car_spread_a_deterministic
13.1401,-0.11034,0.0000,0.0029,0.04326,0.04327,0.26898,-0.6,1.0000,-30.5530,0.4741,-9.7029,155.999,ppo_car_spread_a_deterministic
13.1601,-0.11056,0.0000,0.0022,0.03543,0.03544,0.40675,-0.6,1.0000,-30.5527,0.4741,-9.7035,155.995,ppo_car_spread_a_deterministic
13.1801,-0.11056,0.0000,0.0022,0.04012,0.04013,0.07229,-0.5,1.0000,-30.5524,0.4741,-9.7042,155.994,ppo_car_spread_a_deterministic
13.2001,-0.11056,0.0000,0.0022,0.03902,0.03903,0.33783,-0.5,1.0000,-30.5521,0.4741,-9.7049,155.994,ppo_car_spread_a_deterministic
13.2201,-0.11056,0.0000,0.0022,0.03974,0.03976,0.32122,-0.5,1.0000,-30.5517,0.4741,-9.7057,155.994,ppo_car_spread_a_deterministic
13.2401,-0.11049,0.0000,0.0010,0.03794,0.03795,0.39185,-0.5,1.0000,-30.5514,0.4741,-9.7064,155.996,ppo_car_spread_a_deterministic
13.2601,-0.11049,0.0000,0.0010,0.04236,0.04237,0.32166,-0.2,1.0000,-30.5510,0.4741,-9.7071,155.998,ppo_car_spread_a_deterministic
13.2801,-0.11049,0.0000,0.0010,0.04394,0.04396,0.28822,-0.2,1.0000,-30.5506,0.4741,-9.7079,155.997,ppo_car_spread_a_deterministic
13.3001,-0.11049,0.0000,0.0010,0.04196,0.04197,0.24942,-0.2,1.0000,-30.5503,0.4741,-9.7087,155.996,ppo_car_spread_a_deterministic
13.3201,-0.11018,0.0000,0.0056,0.04073,0.04074,0.28455,-0.2,1.0000,-30.5499,0.4741,-9.7094,155.996,ppo_car_spread_a_deterministic
13.3401,-0.11018,0.0000,0.0056,0.03796,0.03797,0.39714,-1.2,1.0000,-30.5496,0.4741,-9.7101,155.999,ppo_car_spread_a_deterministic
13.3601,-0.11018,0.0000,0.0056,0.04149,0.04150,0.23286,-1.2,1.0000,-30.5493,0.4741,-9.7108,155.999,ppo_car_spread_a_deterministic
13.3801,-0.11018,0.0000,0.0056,0.03050,0.03051,0.35374,-1.2,1.0000,-30.5490,0.4741,-9.7114,156.000,ppo_car_spread_a_deterministic
13.4001,-0.11027,0.0000,0.0037,0.03913,0.03914,0.24223,-1.2,1.0000,-30.5487,0.4741,-9.7121,155.999,ppo_car_spread_a_deterministic
13.4201,-0.11027,0.0000,0.0037,0.03842,0.03843,0.22701,-0.8,1.0000,-30.5483,0.4741,-9.7128,156.002,ppo_car_spread_a_deterministic
13.4401,-0.11027,0.0000,0.0037,0.03790,0.03791,0.03904,-0.8,1.0000,-30.5480,0.4741,-9.7135,156.001,ppo_car_spread_a_deterministic
13.4601,-0.11027,0.0000,0.0037,0.03354,0.03355,0.37203,-0.8,1.0000,-30.5477,0.4741,-9.7141,155.998,ppo_car_spread_a_deterministic
13.4801,-0.11059,0.0000,0.0000,0.03272,0.03273,0.39609,-0.8,1.0000,-30.5474,0.4741,-9.7147,155.996,ppo_car_spread_a_deterministic
13.5001,-0.11059,0.0000,0.0000,0.03144,0.03145,0.39833,0.0,1.0000,-30.5472,0.4741,-9.7152,155.991,ppo_car_spread_a_deterministic
13.5201,-0.11059,0.0000,0.0000,0.03819,0.03820,0.25499,0.0,1.0000,-30.5468,0.4741,-9.7159,155.988,ppo_car_spread_a_deterministic
13.5401,-0.11059,0.0000,0.0000,0.03999,0.03999,0.28829,0.0,1.0000,-30.5465,0.4741,-9.7166,155.986,ppo_car_spread_a_deterministic
13.5601,-0.11097,0.0007,0.0000,0.03548,0.03549,0.21304,0.0,1.0000,-30.5462,0.4741,-9.7173,155.985,ppo_car_spread_a_deterministic
13.5801,-0.11097,0.0007,0.0000,0.04194,0.04195,0.28362,0.4,1.0000,-30.5458,0.4741,-9.7181,155.985,ppo_car_spread_a_deterministic
13.6001,-0.11097,0.0007,0.0000,0.03624,0.03625,0.30309,0.4,1.0000,-30.5455,0.4741,-9.7187,155.987,ppo_car_spread_a_deterministic
13.6201,-0.11097,0.0007,0.0000,0.03355,0.03356,0.30904,0.4,1.0000,-30.5452,0.4741,-9.7193,155.984,ppo_car_spread_a_deterministic
13.6401,-0.11073,0.0012,0.0000,0.03999,0.04000,0.15380,0.4,1.0000,-30.5449,0.4741,-9.7200,155.983,ppo_car_spread_a_deterministic
13.6601,-0.11073,0.0012,0.0000,0.03778,0.03780,0.38740,0.6,1.0000,-30.5446,0.4741,-9.7207,155.983,ppo_car_spread_a_deterministic
13.6801,-0.11073,0.0012,0.0000,0.04236,0.04237,0.24212,0.6,1.0000,-30.5442,0.4741,-9.7215,155.984,ppo_car_spread_a_deterministic
13.7001,-0.11073,0.0012,0.0000,0.03982,0.03983,0.20032,0.6,1.0000,-30.5439,0.4741,-9.7222,155.981,ppo_car_spread_a_deterministic
13.7201,-0.11029,0.0000,0.0045,0.03415,0.03416,0.22357,0.6,1.0000,-30.5436,0.4741,-9.7228,155.979,ppo_car_spread_a_deterministic
13.7401,-0.11029,0.0000,0.0045,0.03681,0.03683,0.30438,-0.9,1.0000,-30.5433,0.4741,-9.7235,155.973,ppo_car_spread_a_deterministic
13.7601,-0.11029,0.0000,0.0045,0.03189,0.03190,0.39946,-0.9,1.0000,-30.5430,0.4741,-9.7241,155.972,ppo_car_spread_a_deterministic
13.7801,-0.11029,0.0000,0.0045,0.03466,0.03467,0.20634,-0.9,1.0000,-30.5427,0.4741,-9.7247,155.971,ppo_car_spread_a_deterministic
13.8001,-0.11136,0.0061,0.0000,0.03702,0.03703,0.32101,-0.9,1.0000,-30.5424,0.4741,-9.7254,155.972,ppo_car_spread_a_deterministic
13.8201,-0.11136,0.0061,0.0000,0.02940,0.02941,0.39233,3.2,1.0000,-30.5421,0.4741,-9.7259,155.970,ppo_car_spread_a_deterministic
13.8401,-0.11136,0.0061,0.0000,0.03953,0.03954,0.38749,3.2,1.0000,-30.5418,0.4741,-9.7266,155.967,ppo_car_spread_a_deterministic
13.8601,-0.11136,0.0061,0.0000,0.03994,0.03995,0.13201,3.2,1.0000,-30.5414,0.4741,-9.7273,155.966,ppo_car_spread_a_deterministic
13.8801,-0.11093,0.0000,0.0007,0.03931,0.03932,0.19849,3.2,1.0000,-30.5411,0.4741,-9.7280,155.964,ppo_car_spread_a_deterministic
13.9001,-0.11093,0.0000,0.0007,0.03881,0.03882,0.23758,-0.1,1.0000,-30.5408,0.4741,-9.7287,155.964,ppo_car_spread_a_deterministic
13.9201,-0.11093,0.0000,0.0007,0.04353,0.04355,0.18809,-0.1,1.0000,-30.5404,0.4741,-9.7295,155.964,ppo_car_spread_a_deterministic
13.9401,-0.11093,0.0000,0.0007,0.04209,0.04210,0.33183,-0.1,1.0000,-30.5400,0.4741,-9.7303,155.968,ppo_car_spread_a_deterministic
13.9601,-0.11035,0.0000,0.0054,0.04090,0.04091,0.24718,-0.1,1.0000,-30.5397,0.4741,-9.7310,155.970,ppo_car_spread_a_deterministic
13.9801,-0.11035,0.0000,0.0054,0.03474,0.03475,0.40367,-1.1,1.0000,-30.5394,0.4741,-9.7317,155.967,ppo_car_spread_a_deterministic
14.0001,-0.11035,0.0000,0.0054,0.03505,0.03506,0.34229,-1.1,1.0000,-30.5391,0.4741,-9.7323,155.966,ppo_car_spread_a_deterministic
14.0201,-0.11035,0.0000,0.0054,0.04092,0.04093,0.22740,-1.1,1.0000,-30.5387,0.4741,-9.7330,155.963,ppo_car_spread_a_deterministic
14.0401,-0.11108,0.0031,0.0000,0.03810,0.03811,0.29026,-1.1,1.0000,-30.5384,0.4741,-9.7337,155.961,ppo_car_spread_a_deterministic
14.0601,-0.11108,0.0031,0.0000,0.03403,0.03404,0.36154,1.6,1.0000,-30.5381,0.4741,-9.7343,155.959,ppo_car_spread_a_deterministic
14.0801,-0.11108,0.0031,0.0000,0.03762,0.03763,0.37753,1.6,1.0000,-30.5378,0.4741,-9.7350,155.960,ppo_car_spread_a_deterministic
14.1001,-0.11108,0.0031,0.0000,0.04571,0.04572,0.23524,1.6,1.0000,-30.5374,0.4741,-9.7358,155.957,ppo_car_spread_a_deterministic
14.1201,-0.11083,0.0000,0.0000,0.04042,0.04043,0.28724,1.6,1.0000,-30.5370,0.4741,-9.7366,155.960,ppo_car_spread_a_deterministic
14.1401,-0.11083,0.0000,0.0000,0.03959,0.03960,0.26914,0.0,1.0000,-30.5367,0.4741,-9.7373,155.959,ppo_car_spread_a_deterministic
14.1601,-0.11083,0.0000,0.0000,0.03874,0.03875,0.23651,0.0,1.0000,-30.5364,0.4741,-9.7380,155.960,ppo_car_spread_a_deterministic
14.1801,-0.11083,0.0000,0.0000,0.03877,0.03878,0.25434,0.0,1.0000,-30.5360,0.4741,-9.7387,155.962,ppo_car_spread_a_deterministic
14.2001,-0.11059,0.0000,0.0010,0.04231,0.04232,0.27330,0.0,1.0000,-30.5357,0.4741,-9.7395,155.964,ppo_car_spread_a_deterministic
14.2201,-0.11059,0.0000,0.0010,0.03622,0.03623,0.34601,-0.2,1.0000,-30.5354,0.4741,-9.7401,155.963,ppo_car_spread_a_deterministic
14.2401,-0.11059,0.0000,0.0010,0.04217,0.04218,0.28792,-0.2,1.0000,-30.5350,0.4741,-9.7409,155.965,ppo_car_spread_a_deterministic
14.2601,-0.11059,0.0000,0.0010,0.04050,0.04052,0.16778,-0.2,1.0000,-30.5347,0.4741,-9.7416,155.965,ppo_car_spread_a_deterministic
14.2801,-0.11026,0.0000,0.0047,0.04148,0.04150,0.25445,-0.2,1.0000,-30.5343,0.4741,-9.7424,155.964,ppo_car_spread_a_deterministic
14.3001,-0.11026,0.0000,0.0047,0.03938,0.03939,0.26827,-1.0,1.0000,-30.5340,0.4741,-9.7431,155.960,ppo_car_spread_a_deterministic
14.3201,-0.11026,0.0000,0.0047,0.04195,0.04197,0.08980,-1.0,1.0000,-30.5336,0.4741,-9.7438,155.959,ppo_car_spread_a_deterministic
14.3401,-0.11026,0.0000,0.0047,0.03888,0.03889,0.17357,-1.0,1.0000,-30.5333,0.4741,-9.7445,155.958,ppo_car_spread_a_deterministic
14.3601,-0.11048,0.0000,0.0036,0.04085,0.04086,0.22663,-1.0,1.0000,-30.5329,0.4741,-9.7453,155.959,ppo_car_spread_a_deterministic
14.3801,-0.11048,0.0000,0.0036,0.04287,0.04289,0.19355,-0.8,1.0000,-30.5325,0.4741,-9.7460,155.960,ppo_car_spread_a_deterministic
14.4001,-0.11048,0.0000,0.0036,0.04281,0.04282,0.27451,-0.8,1.0000,-30.5322,0.4741,-9.7468,155.958,ppo_car_spread_a_deterministic
14.4201,-0.11048,0.0000,0.0036,0.04168,0.04169,0.40148,-0.8,1.0000,-30.5318,0.4741,-9.7476,155.961,ppo_car_spread_a_deterministic
14.4401,-0.11050,0.0000,0.0043,0.03810,0.03811,0.14467,-0.8,1.0000,-30.5315,0.4741,-9.7483,155.960,ppo_car_spread_a_deterministic
14.4601,-0.11050,0.0000,0.0043,0.03592,0.03593,0.26542,-0.9,1.0000,-30.5312,0.4741,-9.7489,155.960,ppo_car_spread_a_deterministic
14.4801,-0.11050,0.0000,0.0043,0.03226,0.03227,0.32210,-0.9,1.0000,-30.5309,0.4741,-9.7495,155.960,ppo_car_spread_a_deterministic
14.5001,-0.11050,0.0000,0.0043,0.03765,0.03766,0.30904,-0.9,1.0000,-30.5306,0.4741,-9.7502,155.961,ppo_car_spread_a_deterministic
14.5201,-0.11119,0.0054,0.0000,0.03813,0.03814,0.26943,-0.9,1.0000,-30.5303,0.4741,-9.7508,155.959,ppo_car_spread_a_deterministic
14.5401,-0.11119,0.0054,0.0000,0.03773,0.03774,0.38423,2.8,1.0000,-30.5299,0.4741,-9.7515,155.954,ppo_car_spread_a_deterministic
14.5601,-0.11119,0.0054,0.0000,0.03982,0.03983,0.34584,2.8,1.0000,-30.5296,0.4741,-9.7522,155.957,ppo_car_spread_a_deterministic
14.5801,-0.11119,0.0054,0.0000,0.03575,0.03576,0.31171,2.8,1.0000,-30.5293,0.4741,-9.7529,155.955,ppo_car_spread_a_deterministic
14.6001,-0.11050,0.0000,0.0026,0.03601,0.03603,0.31992,2.8,1.0000,-30.5290,0.4741,-9.7535,155.956,ppo_car_spread_a_deterministic
14.6201,-0.11050,0.0000,0.0026,0.04403,0.04404,0.28523,-0.6,1.0000,-30.5286,0.4741,-9.7543,155.955,ppo_car_spread_a_deterministic
14.6401,-0.11050,0.0000,0.0026,0.04087,0.04089,0.25323,-0.6,1.0000,-30.5282,0.4741,-9.7551,155.957,ppo_car_spread_a_deterministic
14.6601,-0.11050,0.0000,0.0026,0.03782,0.03784,0.40422,-0.6,1.0000,-30.5279,0.4741,-9.7558,155.956,ppo_car_spread_a_deterministic
14.6802,-0.11038,0.0000,0.0035,0.03356,0.03357,0.26256,-0.6,1.0000,-30.5276,0.4741,-9.7564,155.957,ppo_car_spread_a_deterministic
14.7002,-0.11038,0.0000,0.0035,0.03577,0.03578,0.25341,-0.7,1.0000,-30.5273,0.4741,-9.7570,155.953,ppo_car_spread_a_deterministic
14.7202,-0.11038,0.0000,0.0035,0.03947,0.03949,0.19968,-0.7,1.0000,-30.5270,0.4741,-9.7577,155.949,ppo_car_spread_a_deterministic
14.7402,-0.11038,0.0000,0.0035,0.03268,0.03269,0.40594,-0.7,1.0000,-30.5267,0.4741,-9.7583,155.944,ppo_car_spread_a_deterministic
14.7602,-0.11101,0.0000,0.0005,0.04578,0.04579,0.28500,-0.7,1.0000,-30.5263,0.4741,-9.7591,155.941,ppo_car_spread_a_deterministic
14.7802,-0.11101,0.0000,0.0005,0.03699,0.03700,0.18890,-0.1,1.0000,-30.5260,0.4741,-9.7598,155.941,ppo_car_spread_a_deterministic
14.8002,-0.11101,0.0000,0.0005,0.03591,0.03592,0.19521,-0.1,1.0000,-30.5257,0.4741,-9.7605,155.940,ppo_car_spread_a_deterministic
14.8202,-0.11101,0.0000,0.0005,0.03690,0.03691,0.14842,-0.1,1.0000,-30.5254,0.4741,-9.7611,155.939,ppo_car_spread_a_deterministic
14.8402,-0.11123,0.0024,0.0000,0.03801,0.03802,0.12967,-0.1,1.0000,-30.5250,0.4741,-9.7618,155.938,ppo_car_spread_a_deterministic
14.8602,-0.11123,0.0024,0.0000,0.03983,0.03984,0.31160,1.2,1.0000,-30.5247,0.4741,-9.7625,155.939,ppo_car_spread_a_deterministic
14.8802,-0.11123,0.0024,0.0000,0.04112,0.04114,0.29032,1.2,1.0000,-30.5243,0.4741,-9.7633,155.936,ppo_car_spread_a_deterministic
14.9002,-0.11123,0.0024,0.0000,0.03854,0.03855,0.16688,1.2,1.0000,-30.5240,0.4741,-9.7640,155.934,ppo_car_spread_a_deterministic
14.9202,-0.11103,0.0000,0.0021,0.04381,0.04382,0.21051,1.2,1.0000,-30.5236,0.4741,-9.7648,155.933,ppo_car_spread_a_deterministic
14.9402,-0.11103,0.0000,0.0021,0.03704,0.03705,0.18799,-0.5,1.0000,-30.5233,0.4741,-9.7654,155.933,ppo_car_spread_a_deterministic
14.9602,-0.11103,0.0000,0.0021,0.03401,0.03402,0.32320,-0.5,1.0000,-30.5230,0.4741,-9.7660,155.935,ppo_car_spread_a_deterministic
14.9802,-0.11103,0.0000,0.0021,0.04270,0.04271,0.24144,-0.5,1.0000,-30.5226,0.4741,-9.7668,155.933,ppo_car_spread_a_deterministic
15.0002,-0.11111,0.0033,0.0000,0.04024,0.04025,0.14194,-0.5,1.0000,-30.5223,0.4741,-9.7676,155.932,ppo_car_spread_a_deterministic
15.0202,-0.11111,0.0033,0.0000,0.04018,0.04019,0.24514,1.7,1.0000,-30.5219,0.4741,-9.7683,155.931,ppo_car_spread_a_deterministic
15.0402,-0.11111,0.0033,0.0000,0.04175,0.04176,0.29451,1.7,1.0000,-30.5216,0.4741,-9.7690,155.928,ppo_car_spread_a_deterministic
15.0602,-0.11111,0.0033,0.0000,0.04295,0.04297,0.27715,1.7,1.0000,-30.5212,0.4741,-9.7698,155.925,ppo_car_spread_a_deterministic
15.0802,-0.11075,0.0000,0.0029,0.04142,0.04143,0.31081,1.7,1.0000,-30.5209,0.4741,-9.7706,155.919,ppo_car_spread_a_deterministic
15.1002,-0.11075,0.0000,0.0029,0.04328,0.04329,0.19265,-0.6,1.0000,-30.5205,0.4741,-9.7713,155.915,ppo_car_spread_a_deterministic
15.1202,-0.11075,0.0000,0.0029,0.03858,0.03859,0.16401,-0.6,1.0000,-30.5202,0.4741,-9.7720,155.914,ppo_car_spread_a_deterministic
15.1402,-0.11075,0.0000,0.0029,0.03964,0.03965,0.16760,-0.6,1.0000,-30.5198,0.4741,-9.7728,155.915,ppo_car_spread_a_deterministic
15.1602,-0.11098,0.0000,0.0002,0.04240,0.04242,0.26050,-0.6,1.0000,-30.5195,0.4741,-9.7735,155.916,ppo_car_spread_a_deterministic
15.1802,-0.11098,0.0000,0.0002,0.03795,0.03796,0.40154,0.0,1.0000,-30.5191,0.4741,-9.7742,155.915,ppo_car_spread_a_deterministic
15.2002,-0.11098,0.0000,0.0002,0.03927,0.03928,0.29629,0.0,1.0000,-30.5188,0.4741,-9.7749,155.916,ppo_car_spread_a_deterministic
15.2202,-0.11098,0.0000,0.0002,0.04132,0.04132,0.28663,0.0,1.0000,-30.5184,0.4741,-9.7757,155.916,ppo_car_spread_a_deterministic
15.2402,-0.11075,0.0000,0.0015,0.03219,0.03219,0.39644,0.0,1.0000,-30.5182,0.4741,-9.7762,155.914,ppo_car_spread_a_deterministic
15.2602,-0.11075,0.0000,0.0015,0.03430,0.03431,0.33596,-0.3,1.0000,-30.5179,0.4741,-9.7768,155.914,ppo_car_spread_a_deterministic
15.2802,-0.11075,0.0000,0.0015,0.03333,0.03334,0.40608,-0.3,1.0000,-30.5176,0.4741,-9.7774,155.915,ppo_car_spread_a_deterministic
15.3002,-0.11075,0.0000,0.0015,0.03643,0.03644,0.19301,-0.3,1.0000,-30.5173,0.4741,-9.7781,155.912,ppo_car_spread_a_deterministic
15.3202,-0.11125,0.0043,0.0000,0.04052,0.04053,0.20278,-0.3,1.0000,-30.5169,0.4741,-9.7788,155.912,ppo_car_spread_a_deterministic
15.3402,-0.11125,0.0043,0.0000,0.03971,0.03972,0.34952,2.2,1.0000,-30.5166,0.4741,-9.7796,155.910,ppo_car_spread_a_deterministic
15.3602,-0.11125,0.0043,0.0000,0.03913,0.03915,0.39152,2.2,1.0000,-30.5162,0.4741,-9.7803,155.908,ppo_car_spread_a_deterministic
15.3802,-0.11125,0.0043,0.0000,0.04413,0.04415,0.24149,2.2,1.0000,-30.5159,0.4741,-9.7811,155.906,ppo_car_spread_a_deterministic
15.4002,-0.11116,0.0000,0.0007,0.04196,0.04197,0.29077,2.2,1.0000,-30.5155,0.4741,-9.7818,155.907,ppo_car_spread_a_deterministic
15.4202,-0.11116,0.0000,0.0007,0.03931,0.03933,0.16609,-0.2,1.0000,-30.5152,0.4741,-9.7825,155.905,ppo_car_spread_a_deterministic
15.4402,-0.11116,0.0000,0.0007,0.03777,0.03778,0.25826,-0.2,1.0000,-30.5148,0.4741,-9.7832,155.905,ppo_car_spread_a_deterministic
15.4602,-0.11116,0.0000,0.0007,0.04265,0.04266,0.25346,-0.2,1.0000,-30.5145,0.4741,-9.7840,155.906,ppo_car_spread_a_deterministic
15.4802,-0.11109,0.0003,0.0000,0.04150,0.04151,0.35333,-0.2,1.0000,-30.5141,0.4741,-9.7847,155.908,ppo_car_spread_a_deterministic
15.5002,-0.11109,0.0003,0.0000,0.04602,0.04604,0.27698,0.2,1.0000,-30.5137,0.4741,-9.7856,155.905,ppo_car_spread_a_deterministic
15.5202,-0.11109,0.0003,0.0000,0.04272,0.04273,0.29288,0.2,1.0000,-30.5133,0.4741,-9.7863,155.908,ppo_car_spread_a_deterministic
15.5402,-0.11109,0.0003,0.0000,0.04297,0.04298,0.33841,0.2,1.0000,-30.5130,0.4741,-9.7871,155.908,ppo_car_spread_a_deterministic
15.5602,-0.11033,0.0000,0.0055,0.03721,0.03722,0.40551,0.2,1.0000,-30.5127,0.4741,-9.7878,155.909,ppo_car_spread_a_deterministic
15.5802,-0.11033,0.0000,0.0055,0.03878,0.03880,0.37932,-1.2,1.0000,-30.5123,0.4741,-9.7885,155.908,ppo_car_spread_a_deterministic
15.6002,-0.11033,0.0000,0.0055,0.03916,0.03917,0.13409,-1.2,1.0000,-30.5120,0.4741,-9.7892,155.907,ppo_car_spread_a_deterministic
15.6202,-0.11033,0.0000,0.0055,0.04455,0.04456,0.28643,-1.2,1.0000,-30.5116,0.4741,-9.7900,155.909,ppo_car_spread_a_deterministic
15.6402,-0.11078,0.0000,0.0012,0.03867,0.03868,0.17959,-1.2,1.0000,-30.5113,0.4741,-9.7907,155.908,ppo_car_spread_a_deterministic
15.6602,-0.11078,0.0000,0.0012,0.03560,0.03561,0.39945,-0.2,1.0000,-30.5110,0.4741,-9.7913,155.906,ppo_car_spread_a_deterministic
15.6802,-0.11078,0.0000,0.0012,0.03786,0.03787,0.36150,-0.2,1.0000,-30.5106,0.4741,-9.7920,155.902,ppo_car_spread_a_deterministic
15.7002,-0.11078,0.0000,0.0012,0.03355,0.03356,0.39018,-0.2,1.0000,-30.5104,0.4741,-9.7926,155.904,ppo_car_spread_a_deterministic
15.7202,-0.11132,0.0012,0.0000,0.03711,0.03713,0.28226,-0.2,1.0000,-30.5100,0.4741,-9.7933,155.903,ppo_car_spread_a_deterministic
15.7402,-0.11132,0.0012,0.0000,0.03631,0.03632,0.31260,0.6,1.0000,-30.5097,0.4741,-9.7939,155.904,ppo_car_spread_a_deterministic
15.7602,-0.11132,0.0012,0.0000,0.03805,0.03806,0.31202,0.6,1.0000,-30.5094,0.4741,-9.7946,155.901,ppo_car_spread_a_deterministic
15.7802,-0.11132,0.0012,0.0000,0.03358,0.03359,0.37575,0.6,1.0000,-30.5091,0.4741,-9.7952,155.901,ppo_car_spread_a_deterministic
15.8002,-0.11128,0.0007,0.0000,0.03725,0.03726,0.38830,0.6,1.0000,-30.5088,0.4741,-9.7959,155.901,ppo_car_spread_a_deterministic
15.8202,-0.11128,0.0007,0.0000,0.03704,0.03705,0.39900,0.4,1.0000,-30.5085,0.4741,-9.7966,155.901,ppo_car_spread_a_deterministic
15.8402,-0.11128,0.0007,0.0000,0.03543,0.03544,0.39346,0.4,1.0000,-30.5082,0.4741,-9.7972,155.902,ppo_car_spread_a_deterministic
15.8602,-0.11128,0.0007,0.0000,0.04705,0.04706,0.28594,0.4,1.0000,-30.5078,0.4741,-9.7981,155.901,ppo_car_spread_a_deterministic
15.8802,-0.11120,0.0021,0.0000,0.04259,0.04260,0.30377,0.4,1.0000,-30.5074,0.4741,-9.7988,155.899,ppo_car_spread_a_deterministic
15.9002,-0.11120,0.0021,0.0000,0.04353,0.04355,0.25073,1.1,1.0000,-30.5070,0.4741,-9.7996,155.897,ppo_car_spread_a_deterministic
15.9202,-0.11120,0.0021,0.0000,0.04433,0.04435,0.31373,1.1,1.0000,-30.5066,0.4741,-9.8004,155.900,ppo_car_spread_a_deterministic
15.9402,-0.11120,0.0021,0.0000,0.04046,0.04048,0.22836,1.1,1.0000,-30.5063,0.4741,-9.8012,155.898,ppo_car_spread_a_deterministic
15.9602,-0.11025,0.0000,0.0069,0.03738,0.03739,0.24938,1.1,1.0000,-30.5060,0.4741,-9.8018,155.896,ppo_car_spread_a_deterministic
15.9802,-0.11025,0.0000,0.0069,0.03242,0.03243,0.39932,-1.5,1.0000,-30.5057,0.4741,-9.8024,155.894,ppo_car_spread_a_deterministic
16.0002,-0.11025,0.0000,0.0069,0.04531,0.04532,0.17200,-1.5,1.0000,-30.5053,0.4741,-9.8032,155.893,ppo_car_spread_a_deterministic
16.0202,-0.11025,0.0000,0.0069,0.04381,0.04382,0.28849,-1.5,1.0000,-30.5049,0.4741,-9.8040,155.893,ppo_car_spread_a_deterministic
16.0402,-0.11041,0.0000,0.0067,0.03567,0.03568,0.31776,-1.5,1.0000,-30.5046,0.4741,-9.8047,155.891,ppo_car_spread_a_deterministic
16.0602,-0.11041,0.0000,0.0067,0.04070,0.04072,0.16650,-1.4,1.0000,-30.5043,0.4741,-9.8054,155.889,ppo_car_spread_a_deterministic
16.0802,-0.11041,0.0000,0.0067,0.04226,0.04226,0.26798,-1.4,1.0000,-30.5039,0.4741,-9.8062,155.888,ppo_car_spread_a_deterministic
16.1002,-0.11041,0.0000,0.0067,0.03840,0.03841,0.40698,-1.4,1.0000,-30.5036,0.4741,-9.8069,155.889,ppo_car_spread_a_deterministic
16.1202,-0.11060,0.0000,0.0038,0.03926,0.03927,0.37714,-1.4,1.0000,-30.5032,0.4741,-9.8076,155.888,ppo_car_spread_a_deterministic
16.1402,-0.11060,0.0000,0.0038,0.03622,0.03622,0.38922,-0.8,1.0000,-30.5029,0.4741,-9.8082,155.886,ppo_car_spread_a_deterministic
16.1602,-0.11060,0.0000,0.0038,0.04103,0.04105,0.17357,-0.8,1.0000,-30.5026,0.4741,-9.8090,155.886,ppo_car_spread_a_deterministic
16.1802,-0.11060,0.0000,0.0038,0.03816,0.03817,0.37118,-0.8,1.0000,-30.5022,0.4741,-9.8097,155.883,ppo_car_spread_a_deterministic
16.2002,-0.11077,0.0000,0.0029,0.04279,0.04280,0.28353,-0.8,1.0000,-30.5019,0.4741,-9.8104,155.886,ppo_car_spread_a_deterministic
16.2202,-0.11077,0.0000,0.0029,0.03443,0.03444,0.34861,-0.6,1.0000,-30.5016,0.4741,-9.8111,155.884,ppo_car_spread_a_deterministic
16.2402,-0.11077,0.0000,0.0029,0.03931,0.03932,0.29216,-0.6,1.0000,-30.5012,0.4741,-9.8118,155.884,ppo_car_spread_a_deterministic
16.2602,-0.11077,0.0000,0.0029,0.03744,0.03746,0.17703,-0.6,1.0000,-30.5009,0.4741,-9.8124,155.884,ppo_car_spread_a_deterministic
16.2802,-0.11082,0.0000,0.0013,0.04298,0.04299,0.27610,-0.6,1.0000,-30.5005,0.4741,-9.8132,155.880,ppo_car_spread_a_deterministic
16.3002,-0.11082,0.0000,0.0013,0.04332,0.04333,0.29546,-0.3,1.0000,-30.5002,0.4741,-9.8140,155.881,ppo_car_spread_a_deterministic
16.3202,-0.11082,0.0000,0.0013,0.04061,0.04062,0.25950,-0.3,1.0000,-30.4998,0.4741,-9.8147,155.885,ppo_car_spread_a_deterministic
16.3402,-0.11082,0.0000,0.0013,0.03129,0.03130,0.38270,-0.3,1.0000,-30.4996,0.4741,-9.8153,155.884,ppo_car_spread_a_deterministic
16.3602,-0.11049,0.0000,0.0039,0.03708,0.03709,0.25734,-0.3,1.0000,-30.4992,0.4741,-9.8160,155.886,ppo_car_spread_a_deterministic
16.3802,-0.11049,0.0000,0.0039,0.03941,0.03942,0.39515,-0.8,1.0000,-30.4989,0.4741,-9.8167,155.885,ppo_car_spread_a_deterministic
16.4002,-0.11049,0.0000,0.0039,0.03853,0.03854,0.24241,-0.8,1.0000,-30.4986,0.4741,-9.8174,155.883,ppo_car_spread_a_deterministic
16.4202,-0.11049,0.0000,0.0039,0.04023,0.04024,0.23747,-0.8,1.0000,-30.4982,0.4741,-9.8181,155.882,ppo_car_spread_a_deterministic
16.4402,-0.11101,0.0000,0.0002,0.03422,0.03424,0.27766,-0.8,1.0000,-30.4979,0.4741,-9.8187,155.882,ppo_car_spread_a_deterministic
16.4602,-0.11101,0.0000,0.0002,0.03978,0.03979,0.25895,0.0,1.0000,-30.4976,0.4741,-9.8194,155.881,ppo_car_spread_a_deterministic
16.4802,-0.11101,0.0000,0.0002,0.03256,0.03257,0.38088,0.0,1.0000,-30.4973,0.4741,-9.8200,155.882,ppo_car_spread_a_deterministic
16.5002,-0.11101,0.0000,0.0002,0.04174,0.04175,0.28993,0.0,1.0000,-30.4969,0.4741,-9.8208,155.881,ppo_car_spread_a_deterministic
16.5202,-0.11139,0.0048,0.0000,0.03802,0.03803,0.23333,0.0,1.0000,-30.4966,0.4741,-9.8215,155.880,ppo_car_spread_a_deterministic
16.5402,-0.11139,0.0048,0.0000,0.04311,0.04313,0.35501,2.5,1.0000,-30.4962,0.4741,-9.8223,155.877,ppo_car_spread_a_deterministic
16.5602,-0.11139,0.0048,0.0000,0.03975,0.03976,0.23484,2.5,1.0000,-30.4959,0.4741,-9.8230,155.878,ppo_car_spread_a_deterministic
16.5802,-0.11139,0.0048,0.0000,0.04182,0.04183,0.29251,2.5,1.0000,-30.4955,0.4741,-9.8237,155.879,ppo_car_spread_a_deterministic
16.6002,-0.11093,0.0000,0.0021,0.04556,0.04558,0.29153,2.5,1.0000,-30.4951,0.4741,-9.8246,155.880,ppo_car_spread_a_deterministic
16.6202,-0.11093,0.0000,0.0021,0.03733,0.03734,0.15703,-0.4,1.0000,-30.4948,0.4741,-9.8252,155.879,ppo_car_spread_a_deterministic
16.6402,-0.11093,0.0000,0.0021,0.04109,0.04110,0.26498,-0.4,1.0000,-30.4945,0.4741,-9.8260,155.882,ppo_car_spread_a_deterministic
16.6602,-0.11093,0.0000,0.0021,0.03846,0.03847,0.38822,-0.4,1.0000,-30.4941,0.4741,-9.8267,155.880,ppo_car_spread_a_deterministic
16.6802,-0.11052,0.0000,0.0042,0.04164,0.04165,0.29893,-0.4,1.0000,-30.4938,0.4741,-9.8274,155.875,ppo_car_spread_a_deterministic
16.7002,-0.11052,0.0000,0.0042,0.03823,0.03824,0.40573,-0.9,1.0000,-30.4934,0.4741,-9.8281,155.870,ppo_car_spread_a_deterministic
16.7202,-0.11052,0.0000,0.0042,0.03337,0.03338,0.29929,-0.9,1.0000,-30.4932,0.4741,-9.8287,155.869,ppo_car_spread_a_deterministic
16.7402,-0.11052,0.0000,0.0042,0.04046,0.04047,0.27033,-0.9,1.0000,-30.4928,0.4741,-9.8294,155.869,ppo_car_spread_a_deterministic
16.7602,-0.11145,0.0045,0.0000,0.03776,0.03777,0.33548,-0.9,1.0000,-30.4925,0.4741,-9.8301,155.866,ppo_car_spread_a_deterministic
16.7802,-0.11145,0.0045,0.0000,0.03881,0.03882,0.13516,2.4,1.0000,-30.4922,0.4741,-9.8308,155.865,ppo_car_spread_a_deterministic
16.8002,-0.11145,0.0045,0.0000,0.03628,0.03629,0.30628,2.4,1.0000,-30.4918,0.4741,-9.8315,155.866,ppo_car_spread_a_deterministic
16.8202,-0.11145,0.0045,0.0000,0.04612,0.04613,0.23635,2.4,1.0000,-30.4914,0.4741,-9.8323,155.866,ppo_car_spread_a_deterministic
16.8402,-0.11132,0.0015,0.0000,0.04258,0.04260,0.19210,2.4,1.0000,-30.4911,0.4741,-9.8331,155.864,ppo_car_spread_a_deterministic
16.8602,-0.11132,0.0015,0.0000,0.03851,0.03853,0.17320,0.8,1.0000,-30.4907,0.4741,-9.8338,155.863,ppo_car_spread_a_deterministic
16.8802,-0.11132,0.0015,0.0000,0.03396,0.03397,0.30845,0.8,1.0000,-30.4904,0.4741,-9.8344,155.862,ppo_car_spread_a_deterministic
16.9002,-0.11132,0.0015,0.0000,0.03915,0.03917,0.30112,0.8,1.0000,-30.4901,0.4741,-9.8351,155.858,ppo_car_spread_a_deterministic
16.9202,-0.11160,0.0042,0.0000,0.03823,0.03824,0.38674,0.8,1.0000,-30.4898,0.4741,-9.8358,155.860,ppo_car_spread_a_deterministic
16.9402,-0.11160,0.0042,0.0000,0.04470,0.04471,0.28828,2.2,1.0000,-30.4894,0.4741,-9.8366,155.859,ppo_car_spread_a_deterministic
16.9602,-0.11160,0.0042,0.0000,0.04191,0.04192,0.08155,2.2,1.0000,-30.4890,0.4741,-9.8373,155.859,ppo_car_spread_a_deterministic
16.9802,-0.11160,0.0042,0.0000,0.04631,0.04632,0.27723,2.2,1.0000,-30.4886,0.4741,-9.8382,155.859,ppo_car_spread_a_deterministic
17.0002,-0.11093,0.0000,0.0036,0.04251,0.04253,0.17051,2.2,1.0000,-30.4883,0.4741,-9.8389,155.857,ppo_car_spread_a_deterministic
17.0202,-0.11093,0.0000,0.0036,0.04280,0.04281,0.40044,-0.8,1.0000,-30.4879,0.4741,-9.8397,155.857,ppo_car_spread_a_deterministic
17.0402,-0.11093,0.0000,0.0036,0.04345,0.04346,0.21432,-0.8,1.0000,-30.4875,0.4741,-9.8405,155.858,ppo_car_spread_a_deterministic
17.0602,-0.11093,0.0000,0.0036,0.04092,0.04094,0.40450,-0.8,1.0000,-30.4872,0.4741,-9.8412,155.854,ppo_car_spread_a_deterministic
17.0802,-0.11065,0.0000,0.0054,0.03938,0.03939,0.30559,-0.8,1.0000,-30.4868,0.4741,-9.8420,155.850,ppo_car_spread_a_deterministic
17.1002,-0.11065,0.0000,0.0054,0.04662,0.04663,0.31384,-1.1,1.0000,-30.4864,0.4741,-9.8428,155.852,ppo_car_spread_a_deterministic
17.1202,-0.11065,0.0000,0.0054,0.04564,0.04566,0.24757,-1.1,1.0000,-30.4860,0.4741,-9.8436,155.853,ppo_car_spread_a_deterministic
17.1402,-0.11065,0.0000,0.0054,0.04446,0.04447,0.28400,-1.1,1.0000,-30.4856,0.4741,-9.8444,155.854,ppo_car_spread_a_deterministic
17.1602,-0.11039,0.0000,0.0078,0.04420,0.04421,0.27620,-1.1,1.0000,-30.4853,0.4741,-9.8452,155.851,ppo_car_spread_a_deterministic
17.1802,-0.11039,0.0000,0.0078,0.03805,0.03806,0.21595,-1.6,1.0000,-30.4849,0.4741,-9.8459,155.850,ppo_car_spread_a_deterministic
17.2002,-0.11039,0.0000,0.0078,0.03892,0.03893,0.28347,-1.6,1.0000,-30.4846,0.4741,-9.8466,155.847,ppo_car_spread_a_deterministic
17.2202,-0.11039,0.0000,0.0078,0.03953,0.03954,0.40665,-1.6,1.0000,-30.4843,0.4741,-9.8473,155.848,ppo_car_spread_a_deterministic
17.2402,-0.11121,0.0000,0.0000,0.04003,0.04004,0.16300,-1.6,1.0000,-30.4839,0.4741,-9.8480,155.848,ppo_car_spread_a_deterministic
17.2602,-0.11121,0.0000,0.0000,0.03639,0.03640,0.19610,0.0,1.0000,-30.4836,0.4741,-9.8487,155.847,ppo_car_spread_a_deterministic
17.2802,-0.11121,0.0000,0.0000,0.03941,0.03942,0.27321,0.0,1.0000,-30.4833,0.4741,-9.8494,155.844,ppo_car_spread_a_deterministic
17.3002,-0.11121,0.0000,0.0000,0.04581,0.04583,0.28960,0.0,1.0000,-30.4829,0.4741,-9.8502,155.842,ppo_car_spread_a_deterministic
17.3202,-0.11142,0.0000,0.0005,0.03859,0.03860,0.22715,0.0,1.0000,-30.4825,0.4741,-9.8509,155.840,ppo_car_spread_a_deterministic
17.3402,-0.11142,0.0000,0.0005,0.04305,0.04306,0.15090,-0.1,1.0000,-30.4822,0.4741,-9.8517,155.840,ppo_car_spread_a_deterministic
17.3602,-0.11142,0.0000,0.0005,0.04003,0.04004,0.25465,-0.1,1.0000,-30.4818,0.4741,-9.8524,155.837,ppo_car_spread_a_deterministic
17.3802,-0.11142,0.0000,0.0005,0.04246,0.04247,0.25679,-0.1,1.0000,-30.4815,0.4741,-9.8532,155.838,ppo_car_spread_a_deterministic
17.4002,-0.11138,0.0000,0.0012,0.04190,0.04192,0.26642,-0.1,1.0000,-30.4811,0.4741,-9.8539,155.839,ppo_car_spread_a_deterministic
17.4202,-0.11138,0.0000,0.0012,0.04172,0.04173,0.28824,-0.3,1.0000,-30.4807,0.4741,-9.8547,155.840,ppo_car_spread_a_deterministic
17.4402,-0.11138,0.0000,0.0012,0.03907,0.03909,0.18099,-0.3,1.0000,-30.4804,0.4741,-9.8554,155.839,ppo_car_spread_a_deterministic
17.4602,-0.11138,0.0000,0.0012,0.03113,0.03114,0.40221,-0.3,1.0000,-30.4801,0.4741,-9.8560,155.840,ppo_car_spread_a_deterministic
17.4802,-0.11132,0.0000,0.0007,0.04404,0.04405,0.24247,-0.3,1.0000,-30.4797,0.4741,-9.8568,155.839,ppo_car_spread_a_deterministic
17.5002,-0.11132,0.0000,0.0007,0.04388,0.04390,0.28586,-0.2,1.0000,-30.4794,0.4741,-9.8576,155.840,ppo_car_spread_a_deterministic
17.5202,-0.11132,0.0000,0.0007,0.03933,0.03934,0.14660,-0.2,1.0000,-30.4790,0.4741,-9.8583,155.839,ppo_car_spread_a_deterministic
17.5402,-0.11132,0.0000,0.0007,0.03649,0.03650,0.23145,-0.2,1.0000,-30.4787,0.4741,-9.8589,155.839,ppo_car_spread_a_deterministic
17.5602,-0.11124,0.0000,0.0010,0.04259,0.04260,0.33526,-0.2,1.0000,-30.4783,0.4741,-9.8597,155.837,ppo_car_spread_a_deterministic
17.5802,-0.11124,0.0000,0.0010,0.03986,0.03987,0.39862,-0.2,1.0000,-30.4780,0.4741,-9.8604,155.833,ppo_car_spread_a_deterministic
17.6002,-0.11124,0.0000,0.0010,0.04144,0.04145,0.20432,-0.2,1.0000,-30.4776,0.4741,-9.8612,155.832,ppo_car_spread_a_deterministic
17.6202,-0.11124,0.0000,0.0010,0.03765,0.03767,0.28102,-0.2,1.0000,-30.4773,0.4741,-9.8618,155.831,ppo_car_spread_a_deterministic
17.6402,-0.11096,0.0000,0.0031,0.04280,0.04281,0.18706,-0.2,1.0000,-30.4769,0.4741,-9.8626,155.830,ppo_car_spread_a_deterministic
17.6602,-0.11096,0.0000,0.0031,0.04064,0.04065,0.33603,-0.7,1.0000,-30.4766,0.4741,-9.8633,155.832,ppo_car_spread_a_deterministic
17.6802,-0.11096,0.0000,0.0031,0.04288,0.04289,0.24465,-0.7,1.0000,-30.4762,0.4741,-9.8641,155.832,ppo_car_spread_a_deterministic
17.7002,-0.11096,0.0000,0.0031,0.04504,0.04505,0.23747,-0.7,1.0000,-30.4758,0.4741,-9.8649,155.832,ppo_car_spread_a_deterministic
17.7202,-0.11075,0.0000,0.0050,0.04046,0.04047,0.09308,-0.7,1.0000,-30.4755,0.4741,-9.8657,155.830,ppo_car_spread_a_deterministic
17.7402,-0.11075,0.0000,0.0050,0.03850,0.03851,0.35275,-1.1,1.0000,-30.4752,0.4741,-9.8664,155.835,ppo_car_spread_a_deterministic
17.7602,-0.11075,0.0000,0.0050,0.04009,0.04010,0.24797,-1.1,1.0000,-30.4748,0.4741,-9.8671,155.834,ppo_car_spread_a_deterministic
17.7802,-0.11075,0.0000,0.0050,0.03857,0.03858,0.28146,-1.1,1.0000,-30.4745,0.4741,-9.8678,155.831,ppo_car_spread_a_deterministic
17.8002,-0.11106,0.0000,0.0017,0.03528,0.03529,0.35694,-1.1,1.0000,-30.4742,0.4741,-9.8684,155.830,ppo_car_spread_a_deterministic
17.8202,-0.11106,0.0000,0.0017,0.03954,0.03955,0.27513,-0.4,1.0000,-30.4738,0.4741,-9.8691,155.829,ppo_car_spread_a_deterministic
17.8402,-0.11106,0.0000,0.0017,0.03513,0.03514,0.29585,-0.4,1.0000,-30.4735,0.4741,-9.8698,155.828,ppo_car_spread_a_deterministic
17.8602,-0.11106,0.0000,0.0017,0.03844,0.03846,0.24227,-0.4,1.0000,-30.4732,0.4741,-9.8704,155.830,ppo_car_spread_a_deterministic
17.8802,-0.11154,0.0030,0.0000,0.03453,0.03454,0.39564,-0.4,1.0000,-30.4729,0.4741,-9.8711,155.833,ppo_car_spread_a_deterministic
17.9002,-0.11154,0.0030,0.0000,0.03879,0.03880,0.31232,1.6,1.0000,-30.4726,0.4741,-9.8718,155.830,ppo_car_spread_a_deterministic
17.9202,-0.11154,0.0030,0.0000,0.03626,0.03628,0.33605,1.6,1.0000,-30.4723,0.4741,-9.8724,155.824,ppo_car_spread_a_deterministic
17.9402,-0.11154,0.0030,0.0000,0.03036,0.03037,0.39693,1.6,1.0000,-30.4720,0.4741,-9.8730,155.825,ppo_car_spread_a_deterministic
17.9602,-0.11199,0.0032,0.0000,0.03995,0.03996,0.22081,1.6,1.0000,-30.4716,0.4741,-9.8737,155.826,ppo_car_spread_a_deterministic
17.9802,-0.11199,0.0032,0.0000,0.04096,0.04097,0.19603,1.7,1.0000,-30.4713,0.4741,-9.8744,155.825,ppo_car_spread_a_deterministic
18.0002,-0.11199,0.0032,0.0000,0.03877,0.03879,0.17036,1.7,1.0000,-30.4710,0.4741,-9.8751,155.824,ppo_car_spread_a_deterministic
18.0202,-0.11199,0.0032,0.0000,0.04172,0.04174,0.31424,1.7,1.0000,-30.4706,0.4741,-9.8759,155.823,ppo_car_spread_a_deterministic
18.0402,-0.11140,0.0000,0.0002,0.03924,0.03925,0.23738,1.7,1.0000,-30.4703,0.4741,-9.8766,155.823,ppo_car_spread_a_deterministic
18.0602,-0.11140,0.0000,0.0002,0.04095,0.04096,0.27435,-0.1,1.0000,-30.4699,0.4741,-9.8773,155.819,ppo_car_spread_a_deterministic
18.0802,-0.11140,0.0000,0.0002,0.03687,0.03688,0.40371,-0.1,1.0000,-30.4696,0.4741,-9.8780,155.816,ppo_car_spread_a_deterministic
18.1002,-0.11140,0.0000,0.0002,0.04122,0.04123,0.24081,-0.1,1.0000,-30.4692,0.4741,-9.8788,155.818,ppo_car_spread_a_deterministic
18.1202,-0.11177,0.0020,0.0000,0.03698,0.03699,0.40360,-0.1,1.0000,-30.4689,0.4741,-9.8794,155.819,ppo_car_spread_a_deterministic
18.1402,-0.11177,0.0020,0.0000,0.04573,0.04575,0.28292,1.1,1.0000,-30.4685,0.4741,-9.8802,155.816,ppo_car_spread_a_deterministic
18.1602,-0.11177,0.0020,0.0000,0.04211,0.04213,0.04599,1.1,1.0000,-30.4681,0.4741,-9.8810,155.815,ppo_car_spread_a_deterministic
18.1802,-0.11177,0.0020,0.0000,0.04332,0.04333,0.40347,1.1,1.0000,-30.4678,0.4741,-9.8818,155.816,ppo_car_spread_a_deterministic
18.2002,-0.11119,0.0000,0.0034,0.03877,0.03879,0.36649,1.1,1.0000,-30.4674,0.4741,-9.8825,155.811,ppo_car_spread_a_deterministic
18.2202,-0.11119,0.0000,0.0034,0.03363,0.03364,0.37106,-0.7,1.0000,-30.4671,0.4741,-9.8831,155.808,ppo_car_spread_a_deterministic
18.2402,-0.11119,0.0000,0.0034,0.04020,0.04021,0.32159,-0.7,1.0000,-30.4668,0.4741,-9.8838,155.808,ppo_car_spread_a_deterministic
18.2602,-0.11119,0.0000,0.0034,0.04382,0.04383,0.22350,-0.7,1.0000,-30.4664,0.4741,-9.8846,155.808,ppo_car_spread_a_deterministic
18.2802,-0.11105,0.0000,0.0020,0.03566,0.03568,0.39348,-0.7,1.0000,-30.4661,0.4741,-9.8853,155.807,ppo_car_spread_a_deterministic
18.3002,-0.11105,0.0000,0.0020,0.04229,0.04231,0.28925,-0.4,1.0000,-30.4657,0.4741,-9.8860,155.808,ppo_car_spread_a_deterministic
18.3202,-0.11105,0.0000,0.0020,0.03898,0.03899,0.15871,-0.4,1.0000,-30.4654,0.4741,-9.8867,155.808,ppo_car_spread_a_deterministic
18.3402,-0.11105,0.0000,0.0020,0.04114,0.04116,0.39318,-0.4,1.0000,-30.4650,0.4741,-9.8875,155.809,ppo_car_spread_a_deterministic
18.3602,-0.11125,0.0000,0.0008,0.04117,0.04118,0.35427,-0.4,1.0000,-30.4647,0.4741,-9.8882,155.807,ppo_car_spread_a_deterministic
18.3802,-0.11125,0.0000,0.0008,0.04026,0.04028,0.17487,-0.2,1.0000,-30.4643,0.4741,-9.8889,155.808,ppo_car_spread_a_deterministic
18.4002,-0.11125,0.0000,0.0008,0.03850,0.03851,0.26059,-0.2,1.0000,-30.4640,0.4741,-9.8896,155.806,ppo_car_spread_a_deterministic
18.4202,-0.11125,0.0000,0.0008,0.03666,0.03667,0.36889,-0.2,1.0000,-30.4637,0.4741,-9.8903,155.808,ppo_car_spread_a_deterministic
18.4402,-0.11139,0.0001,0.0000,0.04284,0.04286,0.25443,-0.2,1.0000,-30.4633,0.4741,-9.8911,155.807,ppo_car_spread_a_deterministic
18.4602,-0.11139,0.0001,0.0000,0.04190,0.04191,0.29305,0.0,1.0000,-30.4630,0.4741,-9.8918,155.806,ppo_car_spread_a_deterministic
18.4802,-0.11139,0.0001,0.0000,0.04231,0.04233,0.18552,0.0,1.0000,-30.4626,0.4741,-9.8926,155.805,ppo_car_spread_a_deterministic
18.5002,-0.11139,0.0001,0.0000,0.03784,0.03785,0.35419,0.0,1.0000,-30.4623,0.4741,-9.8933,155.800,ppo_car_spread_a_deterministic
18.5202,-0.11113,0.0000,0.0038,0.04455,0.04456,0.28947,0.0,1.0000,-30.4619,0.4741,-9.8941,155.798,ppo_car_spread_a_deterministic
18.5402,-0.11113,0.0000,0.0038,0.04239,0.04240,0.20595,-0.8,1.0000,-30.4615,0.4741,-9.8948,155.796,ppo_car_spread_a_deterministic
18.5602,-0.11113,0.0000,0.0038,0.04259,0.04260,0.20218,-0.8,1.0000,-30.4611,0.4741,-9.8956,155.794,ppo_car_spread_a_deterministic
18.5802,-0.11113,0.0000,0.0038,0.03662,0.03663,0.38012,-0.8,1.0000,-30.4608,0.4741,-9.8963,155.790,ppo_car_spread_a_deterministic
18.6002,-0.11115,0.0000,0.0037,0.04160,0.04162,0.29349,-0.8,1.0000,-30.4605,0.4741,-9.8970,155.785,ppo_car_spread_a_deterministic
18.6202,-0.11115,0.0000,0.0037,0.04540,0.04541,0.28405,-0.8,1.0000,-30.4601,0.4741,-9.8978,155.783,ppo_car_spread_a_deterministic
18.6402,-0.11115,0.0000,0.0037,0.03885,0.03886,0.28810,-0.8,1.0000,-30.4597,0.4741,-9.8985,155.782,ppo_car_spread_a_deterministic
18.6602,-0.11115,0.0000,0.0037,0.04013,0.04015,0.29850,-0.8,1.0000,-30.4594,0.4741,-9.8993,155.782,ppo_car_spread_a_deterministic
18.6802,-0.11143,0.0000,0.0002,0.04068,0.04069,0.26479,-0.8,1.0000,-30.4590,0.4741,-9.9000,155.782,ppo_car_spread_a_deterministic
18.7002,-0.11143,0.0000,0.0002,0.03769,0.03770,0.21051,0.0,1.0000,-30.4587,0.4741,-9.9007,155.781,ppo_car_spread_a_deterministic
18.7202,-0.11143,0.0000,0.0002,0.04053,0.04054,0.13111,0.0,1.0000,-30.4584,0.4741,-9.9014,155.781,ppo_car_spread_a_deterministic
18.7402,-0.11143,0.0000,0.0002,0.04383,0.04384,0.24545,0.0,1.0000,-30.4580,0.4741,-9.9022,155.778,ppo_car_spread_a_deterministic
18.7602,-0.11127,0.0000,0.0022,0.03314,0.03315,0.39016,0.0,1.0000,-30.4577,0.4741,-9.9028,155.778,ppo_car_spread_a_deterministic
18.7802,-0.11127,0.0000,0.0022,0.03616,0.03617,0.40716,-0.5,1.0000,-30.4574,0.4741,-9.9034,155.773,ppo_car_spread_a_deterministic
18.8002,-0.11127,0.0000,0.0022,0.04161,0.04163,0.23474,-0.5,1.0000,-30.4570,0.4741,-9.9042,155.772,ppo_car_spread_a_deterministic
18.8202,-0.11127,0.0000,0.0022,0.03952,0.03953,0.18984,-0.5,1.0000,-30.4567,0.4741,-9.9049,155.770,ppo_car_spread_a_deterministic
18.8402,-0.11130,0.0000,0.0030,0.03520,0.03521,0.17506,-0.5,1.0000,-30.4564,0.4741,-9.9055,155.769,ppo_car_spread_a_deterministic
18.8602,-0.11130,0.0000,0.0030,0.04596,0.04598,0.26483,-0.6,1.0000,-30.4560,0.4741,-9.9064,155.768,ppo_car_spread_a_deterministic
18.8802,-0.11130,0.0000,0.0030,0.03760,0.03761,0.22764,-0.6,1.0000,-30.4557,0.4741,-9.9070,155.768,ppo_car_spread_a_deterministic
18.9002,-0.11130,0.0000,0.0030,0.04081,0.04082,0.27336,-0.6,1.0000,-30.4553,0.4741,-9.9078,155.768,ppo_car_spread_a_deterministic
18.9202,-0.11148,0.0007,0.0000,0.04143,0.04144,0.25085,-0.6,1.0000,-30.4550,0.4741,-9.9085,155.767,ppo_car_spread_a_deterministic
18.9402,-0.11148,0.0007,0.0000,0.03900,0.03901,0.29176,0.4,1.0000,-30.4546,0.4741,-9.9092,155.769,ppo_car_spread_a_deterministic
18.9602,-0.11148,0.0007,0.0000,0.03855,0.03856,0.33536,0.4,1.0000,-30.4543,0.4741,-9.9099,155.769,ppo_car_spread_a_deterministic
18.9802,-0.11148,0.0007,0.0000,0.03860,0.03862,0.27606,0.4,1.0000,-30.4540,0.4741,-9.9106,155.768,ppo_car_spread_a_deterministic
19.0002,-0.11139,0.0000,0.0006,0.03607,0.03608,0.19136,0.4,1.0000,-30.4536,0.4741,-9.9113,155.768,ppo_car_spread_a_deterministic
19.0202,-0.11139,0.0000,0.0006,0.03708,0.03709,0.40261,-0.1,1.0000,-30.4533,0.4741,-9.9119,155.763,ppo_car_spread_a_deterministic
19.0403,-0.11139,0.0000,0.0006,0.03345,0.03346,0.40070,-0.1,1.0000,-30.4530,0.4741,-9.9125,155.761,ppo_car_spread_a_deterministic
19.0603,-0.11139,0.0000,0.0006,0.04095,0.04097,0.15261,-0.1,1.0000,-30.4527,0.4741,-9.9133,155.760,ppo_car_spread_a_deterministic
19.0803,-0.11200,0.0050,0.0000,0.04528,0.04529,0.23507,-0.1,1.0000,-30.4523,0.4741,-9.9141,155.758,ppo_car_spread_a_deterministic
19.1003,-0.11200,0.0050,0.0000,0.03750,0.03751,0.25249,2.6,1.0000,-30.4520,0.4741,-9.9148,155.759,ppo_car_spread_a_deterministic
19.1203,-0.11200,0.0050,0.0000,0.04058,0.04060,0.27004,2.6,1.0000,-30.4516,0.4741,-9.9155,155.759,ppo_car_spread_a_deterministic
19.1403,-0.11200,0.0050,0.0000,0.04474,0.04476,0.22414,2.6,1.0000,-30.4512,0.4741,-9.9163,155.759,ppo_car_spread_a_deterministic
19.1603,-0.11144,0.0000,0.0024,0.03607,0.03608,0.32248,2.6,1.0000,-30.4509,0.4741,-9.9170,155.760,ppo_car_spread_a_deterministic
19.1803,-0.11144,0.0000,0.0024,0.04012,0.04013,0.15115,-0.5,1.0000,-30.4506,0.4741,-9.9177,155.760,ppo_car_spread_a_deterministic
19.2003,-0.11144,0.0000,0.0024,0.04303,0.04304,0.23492,-0.5,1.0000,-30.4502,0.4741,-9.9185,155.760,ppo_car_spread_a_deterministic
19.2203,-0.11144,0.0000,0.0024,0.04435,0.04437,0.22391,-0.5,1.0000,-30.4498,0.4741,-9.9193,155.762,ppo_car_spread_a_deterministic
19.2403,-0.11098,0.0000,0.0048,0.04567,0.04568,0.27870,-0.5,1.0000,-30.4494,0.4741,-9.9201,155.759,ppo_car_spread_a_deterministic
19.2603,-0.11098,0.0000,0.0048,0.03940,0.03941,0.37963,-1.0,1.0000,-30.4491,0.4741,-9.9208,155.761,ppo_car_spread_a_deterministic
19.2803,-0.11098,0.0000,0.0048,0.04182,0.04183,0.24447,-1.0,1.0000,-30.4487,0.4741,-9.9216,155.760,ppo_car_spread_a_deterministic
19.3003,-0.11098,0.0000,0.0048,0.03759,0.03760,0.23271,-1.0,1.0000,-30.4484,0.4741,-9.9222,155.761,ppo_car_spread_a_deterministic
19.3203,-0.11121,0.0000,0.0034,0.04174,0.04175,0.21836,-1.0,1.0000,-30.4480,0.4741,-9.9230,155.760,ppo_car_spread_a_deterministic
19.3403,-0.11121,0.0000,0.0034,0.03679,0.03680,0.40260,-0.7,1.0000,-30.4477,0.4741,-9.9237,155.757,ppo_car_spread_a_deterministic
19.3603,-0.11121,0.0000,0.0034,0.04080,0.04082,0.28892,-0.7,1.0000,-30.4473,0.4741,-9.9244,155.757,ppo_car_spread_a_deterministic
19.3803,-0.11121,0.0000,0.0034,0.03543,0.03544,0.39076,-0.7,1.0000,-30.4470,0.4741,-9.9250,155.755,ppo_car_spread_a_deterministic
19.4003,-0.11135,0.0000,0.0026,0.04052,0.04053,0.21387,-0.7,1.0000,-30.4467,0.4741,-9.9257,155.756,ppo_car_spread_a_deterministic
19.4203,-0.11135,0.0000,0.0026,0.03923,0.03925,0.08722,-0.5,1.0000,-30.4464,0.4741,-9.9265,155.755,ppo_car_spread_a_deterministic
19.4403,-0.11135,0.0000,0.0026,0.03563,0.03563,0.38343,-0.5,1.0000,-30.4460,0.4741,-9.9271,155.756,ppo_car_spread_a_deterministic
19.4603,-0.11135,0.0000,0.0026,0.03801,0.03802,0.15609,-0.5,1.0000,-30.4457,0.4741,-9.9278,155.754,ppo_car_spread_a_deterministic
19.4803,-0.11156,0.0022,0.0000,0.03702,0.03703,0.27947,-0.5,1.0000,-30.4454,0.4741,-9.9284,155.757,ppo_car_spread_a_deterministic
19.5003,-0.11156,0.0022,0.0000,0.03845,0.03847,0.25320,1.2,1.0000,-30.4451,0.4741,-9.9291,155.760,ppo_car_spread_a_deterministic
19.5203,-0.11156,0.0022,0.0000,0.03825,0.03827,0.37209,1.2,1.0000,-30.4447,0.4741,-9.9298,155.755,ppo_car_spread_a_deterministic
19.5403,-0.11156,0.0022,0.0000,0.03809,0.03810,0.31035,1.2,1.0000,-30.4444,0.4741,-9.9305,155.755,ppo_car_spread_a_deterministic
19.5603,-0.11198,0.0011,0.0000,0.04393,0.04394,0.24765,1.2,1.0000,-30.4440,0.4741,-9.9313,155.754,ppo_car_spread_a_deterministic
19.5803,-0.11198,0.0011,0.0000,0.04136,0.04138,0.29616,0.6,1.0000,-30.4437,0.4741,-9.9321,155.752,ppo_car_spread_a_deterministic
19.6003,-0.11198,0.0011,0.0000,0.04424,0.04426,0.27614,0.6,1.0000,-30.4433,0.4741,-9.9329,155.751,ppo_car_spread_a_deterministic
19.6203,-0.11198,0.0011,0.0000,0.04089,0.04090,0.36376,0.6,1.0000,-30.4429,0.4741,-9.9336,155.747,ppo_car_spread_a_deterministic
19.6403,-0.11118,0.0000,0.0055,0.04143,0.04144,0.29595,0.6,1.0000,-30.4426,0.4741,-9.9344,155.746,ppo_car_spread_a_deterministic
19.6603,-0.11118,0.0000,0.0055,0.04341,0.04342,0.26144,-1.2,1.0000,-30.4422,0.4741,-9.9351,155.746,ppo_car_spread_a_deterministic
19.6803,-0.11118,0.0000,0.0055,0.04343,0.04344,0.27957,-1.2,1.0000,-30.4418,0.4741,-9.9359,155.744,ppo_car_spread_a_deterministic
19.7003,-0.11118,0.0000,0.0055,0.03991,0.03992,0.29401,-1.2,1.0000,-30.4415,0.4741,-9.9366,155.743,ppo_car_spread_a_deterministic
19.7203,-0.11115,0.0000,0.0048,0.04088,0.04089,0.20197,-1.2,1.0000,-30.4411,0.4741,-9.9374,155.743,ppo_car_spread_a_deterministic
19.7403,-0.11115,0.0000,0.0048,0.03540,0.03540,0.29507,-1.0,1.0000,-30.4408,0.4741,-9.9380,155.741,ppo_car_spread_a_deterministic
19.7603,-0.11115,0.0000,0.0048,0.03874,0.03876,0.05403,-1.0,1.0000,-30.4405,0.4741,-9.9387,155.740,ppo_car_spread_a_deterministic
19.7803,-0.11115,0.0000,0.0048,0.03807,0.03808,0.24195,-1.0,1.0000,-30.4401,0.4741,-9.9394,155.740,ppo_car_spread_a_deterministic
19.8003,-0.11153,0.0000,0.0004,0.03988,0.03989,0.29526,-1.0,1.0000,-30.4398,0.4741,-9.9401,155.742,ppo_car_spread_a_deterministic
19.8203,-0.11153,0.0000,0.0004,0.03666,0.03667,0.19002,-0.1,1.0000,-30.4395,0.4741,-9.9408,155.740,ppo_car_spread_a_deterministic
19.8403,-0.11153,0.0000,0.0004,0.03546,0.03548,0.38651,-0.1,1.0000,-30.4392,0.4741,-9.9414,155.736,ppo_car_spread_a_deterministic
19.8603,-0.11153,0.0000,0.0004,0.04251,0.04252,0.29937,-0.1,1.0000,-30.4388,0.4741,-9.9422,155.736,ppo_car_spread_a_deterministic
19.8803,-0.11226,0.0036,0.0000,0.03651,0.03652,0.30976,-0.1,1.0000,-30.4385,0.4741,-9.9428,155.732,ppo_car_spread_a_deterministic
19.9003,-0.11226,0.0036,0.0000,0.03702,0.03703,0.23539,1.9,1.0000,-30.4382,0.4741,-9.9435,155.730,ppo_car_spread_a_deterministic
19.9203,-0.11226,0.0036,0.0000,0.03801,0.03802,0.17548,1.9,1.0000,-30.4378,0.4741,-9.9442,155.731,ppo_car_spread_a_deterministic
19.9403,-0.11226,0.0036,0.0000,0.03853,0.03854,0.36308,1.9,1.0000,-30.4375,0.4741,-9.9449,155.730,ppo_car_spread_a_deterministic
19.9603,-0.11163,0.0000,0.0001,0.03506,0.03507,0.31017,1.9,1.0000,-30.4372,0.4741,-9.9455,155.731,ppo_car_spread_a_deterministic
19.9803,-0.11163,0.0000,0.0001,0.03742,0.03743,0.40510,0.0,1.0000,-30.4369,0.4741,-9.9462,155.733,ppo_car_spread_a_deterministic
20.0003,-0.11163,0.0000,0.0001,0.04132,0.04132,0.28890,0.0,1.0000,-30.4365,0.4741,-9.9469,155.732,ppo_car_spread_a_deterministic
20.0203,-0.11163,0.0000,0.0001,0.03656,0.03658,0.39229,0.0,1.0000,-30.4362,0.4741,-9.9476,155.735,ppo_car_spread_a_deterministic
20.0403,-0.11140,0.0000,0.0026,0.03713,0.03714,0.39403,0.0,1.0000,-30.4359,0.4741,-9.9483,155.733,ppo_car_spread_a_deterministic
20.0603,-0.11140,0.0000,0.0026,0.04256,0.04258,0.29980,-0.6,1.0000,-30.4355,0.4741,-9.9490,155.731,ppo_car_spread_a_deterministic
20.0803,-0.11140,0.0000,0.0026,0.04279,0.04280,0.27432,-0.6,1.0000,-30.4351,0.4741,-9.9498,155.730,ppo_car_spread_a_deterministic
20.1003,-0.11140,0.0000,0.0026,0.03673,0.03674,0.19612,-0.6,1.0000,-30.4348,0.4741,-9.9505,155.728,ppo_car_spread_a_deterministic
20.1203,-0.11122,0.0000,0.0041,0.04021,0.04022,0.19926,-0.6,1.0000,-30.4345,0.4741,-9.9512,155.724,ppo_car_spread_a_deterministic
20.1403,-0.11122,0.0000,0.0041,0.04472,0.04473,0.27004,-0.9,1.0000,-30.4341,0.4741,-9.9520,155.721,ppo_car_spread_a_deterministic
20.1603,-0.11122,0.0000,0.0041,0.03530,0.03531,0.34999,-0.9,1.0000,-30.4338,0.4741,-9.9526,155.723,ppo_car_spread_a_deterministic
20.1803,-0.11122,0.0000,0.0041,0.03751,0.03752,0.19068,-0.9,1.0000,-30.4335,0.4741,-9.9533,155.725,ppo_car_spread_a_deterministic
20.2003,-0.11159,0.0020,0.0000,0.04092,0.04093,0.23352,-0.9,1.0000,-30.4331,0.4741,-9.9541,155.726,ppo_car_spread_a_deterministic
20.2203,-0.11159,0.0020,0.0000,0.03818,0.03819,0.36624,1.1,1.0000,-30.4328,0.4741,-9.9547,155.726,ppo_car_spread_a_deterministic
20.2403,-0.11159,0.0020,0.0000,0.04211,0.04212,0.19259,1.1,1.0000,-30.4324,0.4741,-9.9555,155.725,ppo_car_spread_a_deterministic
20.2603,-0.11159,0.0020,0.0000,0.04071,0.04072,0.40058,1.1,1.0000,-30.4321,0.4741,-9.9562,155.720,ppo_car_spread_a_deterministic
20.2803,-0.11147,0.0000,0.0033,0.04188,0.04189,0.29202,1.1,1.0000,-30.4317,0.4741,-9.9570,155.722,ppo_car_spread_a_deterministic
20.3003,-0.11147,0.0000,0.0033,0.04337,0.04339,0.29595,-0.7,1.0000,-30.4313,0.4741,-9.9578,155.719,ppo_car_spread_a_deterministic
20.3203,-0.11147,0.0000,0.0033,0.03188,0.03189,0.39848,-0.7,1.0000,-30.4310,0.4741,-9.9584,155.719,ppo_car_spread_a_deterministic
20.3403,-0.11147,0.0000,0.0033,0.03646,0.03647,0.34043,-0.7,1.0000,-30.4307,0.4741,-9.9590,155.722,ppo_car_spread_a_deterministic
20.3603,-0.11220,0.0060,0.0000,0.04246,0.04248,0.25723,-0.7,1.0000,-30.4304,0.4741,-9.9598,155.720,ppo_car_spread_a_deterministic
20.3803,-0.11220,0.0060,0.0000,0.04195,0.04196,0.20390,3.2,1.0000,-30.4300,0.4741,-9.9605,155.717,ppo_car_spread_a_deterministic
20.4003,-0.11220,0.0060,0.0000,0.03993,0.03994,0.19874,3.2,1.0000,-30.4296,0.4741,-9.9613,155.714,ppo_car_spread_a_deterministic
20.4203,-0.11220,0.0060,0.0000,0.04311,0.04312,0.11121,3.2,1.0000,-30.4293,0.4741,-9.9620,155.712,ppo_car_spread_a_deterministic
20.4403,-0.11187,0.0000,0.0008,0.03512,0.03513,0.35799,3.2,1.0000,-30.4290,0.4741,-9.9627,155.713,ppo_car_spread_a_deterministic
20.4603,-0.11187,0.0000,0.0008,0.04421,0.04423,0.23931,-0.2,1.0000,-30.4286,0.4741,-9.9635,155.711,ppo_car_spread_a_deterministic
20.4803,-0.11187,0.0000,0.0008,0.04562,0.04564,0.27871,-0.2,1.0000,-30.4282,0.4741,-9.9643,155.711,ppo_car_spread_a_deterministic
20.5003,-0.11187,0.0000,0.0008,0.03766,0.03768,0.26674,-0.2,1.0000,-30.4279,0.4741,-9.9650,155.711,ppo_car_spread_a_deterministic
20.5203,-0.11114,0.0000,0.0073,0.03755,0.03756,0.23009,-0.2,1.0000,-30.4275,0.4741,-9.9656,155.712,ppo_car_spread_a_deterministic
20.5403,-0.11114,0.0000,0.0073,0.04160,0.04161,0.31778,-1.5,1.0000,-30.4272,0.4741,-9.9664,155.716,ppo_car_spread_a_deterministic
20.5603,-0.11114,0.0000,0.0073,0.04229,0.04230,0.29940,-1.5,1.0000,-30.4268,0.4741,-9.9671,155.720,ppo_car_spread_a_deterministic
20.5803,-0.11114,0.0000,0.0073,0.03775,0.03777,0.25090,-1.5,1.0000,-30.4265,0.4741,-9.9678,155.722,ppo_car_spread_a_deterministic
20.6003,-0.11090,0.0000,0.0053,0.03938,0.03939,0.24312,-1.5,1.0000,-30.4261,0.4741,-9.9685,155.720,ppo_car_spread_a_deterministic
20.6203,-0.11090,0.0000,0.0053,0.03681,0.03682,0.19958,-1.1,1.0000,-30.4258,0.4741,-9.9692,155.718,ppo_car_spread_a_deterministic
20.6403,-0.11090,0.0000,0.0053,0.03788,0.03789,0.22795,-1.1,1.0000,-30.4255,0.4741,-9.9699,155.714,ppo_car_spread_a_deterministic
20.6603,-0.11090,0.0000,0.0053,0.04077,0.04078,0.29659,-1.1,1.0000,-30.4251,0.4741,-9.9706,155.712,ppo_car_spread_a_deterministic
20.6803,-0.11196,0.0013,0.0000,0.03924,0.03925,0.39803,-1.1,1.0000,-30.4248,0.4741,-9.9713,155.710,ppo_car_spread_a_deterministic
20.7003,-0.11196,0.0013,0.0000,0.03837,0.03839,0.28776,0.7,1.0000,-30.4245,0.4741,-9.9720,155.708,ppo_car_spread_a_deterministic
20.7203,-0.11196,0.0013,0.0000,0.04253,0.04255,0.27040,0.7,1.0000,-30.4241,0.4741,-9.9728,155.708,ppo_car_spread_a_deterministic
20.7403,-0.11196,0.0013,0.0000,0.04130,0.04131,0.21305,0.7,1.0000,-30.4237,0.4741,-9.9735,155.709,ppo_car_spread_a_deterministic
20.7603,-0.11143,0.0000,0.0042,0.04203,0.04204,0.29294,0.7,1.0000,-30.4234,0.4741,-9.9743,155.708,ppo_car_spread_a_deterministic
20.7803,-0.11143,0.0000,0.0042,0.03016,0.03017,0.37783,-0.9,1.0000,-30.4231,0.4741,-9.9748,155.708,ppo_car_spread_a_deterministic
20.8003,-0.11143,0.0000,0.0042,0.03852,0.03853,0.18256,-0.9,1.0000,-30.4228,0.4741,-9.9755,155.705,ppo_car_spread_a_deterministic
20.8203,-0.11143,0.0000,0.0042,0.03216,0.03217,0.40694,-0.9,1.0000,-30.4225,0.4741,-9.9761,155.702,ppo_car_spread_a_deterministic
20.8403,-0.11199,0.0007,0.0000,0.03987,0.03989,0.20628,-0.9,1.0000,-30.4222,0.4741,-9.9768,155.701,ppo_car_spread_a_deterministic
20.8603,-0.11199,0.0007,0.0000,0.03460,0.03461,0.39456,0.4,1.0000,-30.4219,0.4741,-9.9774,155.703,ppo_car_spread_a_deterministic
20.8803,-0.11199,0.0007,0.0000,0.03649,0.03650,0.31478,0.4,1.0000,-30.4215,0.4741,-9.9781,155.701,ppo_car_spread_a_deterministic
20.9003,-0.11199,0.0007,0.0000,0.03998,0.03999,0.26347,0.4,1.0000,-30.4212,0.4741,-9.9788,155.702,ppo_car_spread_a_deterministic
20.9203,-0.11208,0.0023,0.0000,0.03846,0.03847,0.37476,0.4,1.0000,-30.4209,0.4741,-9.9795,155.702,ppo_car_spread_a_deterministic
20.9403,-0.11208,0.0023,0.0000,0.03885,0.03886,0.39514,1.2,1.0000,-30.4205,0.4741,-9.9802,155.697,ppo_car_spread_a_deterministic
20.9603,-0.11208,0.0023,0.0000,0.03906,0.03908,0.25633,1.2,1.0000,-30.4202,0.4741,-9.9809,155.697,ppo_car_spread_a_deterministic
20.9803,-0.11208,0.0023,0.0000,0.03766,0.03767,0.32742,1.2,1.0000,-30.4198,0.4741,-9.9816,155.694,ppo_car_spread_a_deterministic
21.0003,-0.11175,0.0000,0.0008,0.04272,0.04274,0.29932,1.2,1.0000,-30.4195,0.4741,-9.9824,155.696,ppo_car_spread_a_deterministic
21.0203,-0.11175,0.0000,0.0008,0.04055,0.04056,0.07303,-0.2,1.0000,-30.4191,0.4741,-9.9831,155.695,ppo_car_spread_a_deterministic
21.0403,-0.11175,0.0000,0.0008,0.04056,0.04058,0.27814,-0.2,1.0000,-30.4188,0.4741,-9.9838,155.692,ppo_car_spread_a_deterministic
21.0603,-0.11175,0.0000,0.0008,0.03826,0.03827,0.17163,-0.2,1.0000,-30.4184,0.4741,-9.9845,155.690,ppo_car_spread_a_deterministic
21.0803,-0.11198,0.0000,0.0012,0.03904,0.03905,0.17173,-0.2,1.0000,-30.4181,0.4741,-9.9852,155.689,ppo_car_spread_a_deterministic
21.1003,-0.11198,0.0000,0.0012,0.04187,0.04188,0.13634,-0.3,1.0000,-30.4177,0.4741,-9.9860,155.687,ppo_car_spread_a_deterministic
21.1203,-0.11198,0.0000,0.0012,0.04073,0.04074,0.19975,-0.3,1.0000,-30.4174,0.4741,-9.9867,155.684,ppo_car_spread_a_deterministic
21.1403,-0.11198,0.0000,0.0012,0.03527,0.03528,0.40106,-0.3,1.0000,-30.4171,0.4741,-9.9874,155.679,ppo_car_spread_a_deterministic
21.1603,-0.11184,0.0000,0.0015,0.04593,0.04595,0.30025,-0.3,1.0000,-30.4167,0.4741,-9.9882,155.678,ppo_car_spread_a_deterministic
21.1803,-0.11184,0.0000,0.0015,0.03465,0.03466,0.30810,-0.3,1.0000,-30.4164,0.4741,-9.9888,155.676,ppo_car_spread_a_deterministic
21.2003,-0.11184,0.0000,0.0015,0.04188,0.04189,0.17351,-0.3,1.0000,-30.4160,0.4741,-9.9896,155.676,ppo_car_spread_a_deterministic
21.2203,-0.11184,0.0000,0.0015,0.04261,0.04263,0.19651,-0.3,1.0000,-30.4156,0.4741,-9.9903,155.676,ppo_car_spread_a_deterministic
21.2403,-0.11153,0.0000,0.0033,0.03976,0.03978,0.36185,-0.3,1.0000,-30.4153,0.4741,-9.9910,155.676,ppo_car_spread_a_deterministic
21.2603,-0.11153,0.0000,0.0033,0.04147,0.04149,0.29219,-0.7,1.0000,-30.4149,0.4741,-9.9918,155.678,ppo_car_spread_a_deterministic
21.2803,-0.11153,0.0000,0.0033,0.03679,0.03680,0.24831,-0.7,1.0000,-30.4146,0.4741,-9.9925,155.677,ppo_car_spread_a_deterministic
21.3003,-0.11153,0.0000,0.0033,0.04541,0.04543,0.28716,-0.7,1.0000,-30.4142,0.4741,-9.9933,155.674,ppo_car_spread_a_deterministic
21.3203,-0.11193,0.0015,0.0000,0.04415,0.04416,0.23631,-0.7,1.0000,-30.4138,0.4741,-9.9941,155.673,ppo_car_spread_a_deterministic
21.3403,-0.11193,0.0015,0.0000,0.04061,0.04062,0.36210,0.8,1.0000,-30.4135,0.4741,-9.9948,155.671,ppo_car_spread_a_deterministic
21.3603,-0.11193,0.0015,0.0000,0.03848,0.03849,0.25971,0.8,1.0000,-30.4131,0.4741,-9.9955,155.667,ppo_car_spread_a_deterministic
21.3803,-0.11193,0.0015,0.0000,0.03646,0.03647,0.35218,0.8,1.0000,-30.4128,0.4741,-9.9961,155.668,ppo_car_spread_a_deterministic
21.4003,-0.11223,0.0008,0.0000,0.04434,0.04436,0.22335,0.8,1.0000,-30.4124,0.4741,-9.9969,155.665,ppo_car_spread_a_deterministic
21.4203,-0.11223,0.0008,0.0000,0.04048,0.04049,0.28361,0.4,1.0000,-30.4121,0.4741,-9.9977,155.667,ppo_car_spread_a_deterministic
21.4403,-0.11223,0.0008,0.0000,0.04801,0.04802,0.29997,0.4,1.0000,-30.4117,0.4741,-9.9985,155.666,ppo_car_spread_a_deterministic
21.4603,-0.11223,0.0008,0.0000,0.04139,0.04141,0.24095,0.4,1.0000,-30.4113,0.4741,-9.9993,155.666,ppo_car_spread_a_deterministic
21.4803,-0.11118,0.0000,0.0091,0.03879,0.03881,0.33520,0.4,1.0000,-30.4110,0.4741,-10.0000,155.661,ppo_car_spread_a_deterministic
21.5003,-0.11118,0.0000,0.0091,0.03888,0.03889,0.28230,-1.9,1.0000,-30.4106,0.4741,-10.0007,155.663,ppo_car_spread_a_deterministic
21.5203,-0.11118,0.0000,0.0091,0.04131,0.04132,0.23969,-1.9,1.0000,-30.4103,0.4741,-10.0014,155.663,ppo_car_spread_a_deterministic
21.5403,-0.11118,0.0000,0.0091,0.03609,0.03610,0.21910,-1.9,1.0000,-30.4100,0.4741,-10.0021,155.662,ppo_car_spread_a_deterministic
21.5603,-0.11144,0.0000,0.0030,0.04020,0.04021,0.27307,-1.9,1.0000,-30.4096,0.4741,-10.0028,155.661,ppo_car_spread_a_deterministic
21.5803,-0.11144,0.0000,0.0030,0.03822,0.03822,0.20412,-0.6,1.0000,-30.4093,0.4741,-10.0035,155.662,ppo_car_spread_a_deterministic
21.6003,-0.11144,0.0000,0.0030,0.03719,0.03720,0.39964,-0.6,1.0000,-30.4090,0.4741,-10.0042,155.660,ppo_car_spread_a_deterministic
21.6203,-0.11144,0.0000,0.0030,0.03767,0.03769,0.13587,-0.6,1.0000,-30.4086,0.4741,-10.0048,155.658,ppo_car_spread_a_deterministic
21.6403,-0.11205,0.0017,0.0000,0.03772,0.03773,0.20132,-0.6,1.0000,-30.4083,0.4741,-10.0055,155.656,ppo_car_spread_a_deterministic
21.6603,-0.11205,0.0017,0.0000,0.04271,0.04272,0.29710,0.9,1.0000,-30.4079,0.4741,-10.0063,155.657,ppo_car_spread_a_deterministic
21.6803,-0.11205,0.0017,0.0000,0.03733,0.03734,0.37947,0.9,1.0000,-30.4076,0.4741,-10.0070,155.650,ppo_car_spread_a_deterministic
21.7003,-0.11205,0.0017,0.0000,0.04199,0.04200,0.28356,0.9,1.0000,-30.4073,0.4741,-10.0077,155.652,ppo_car_spread_a_deterministic
21.7203,-0.11272,0.0028,0.0000,0.03786,0.03787,0.39903,0.9,1.0000,-30.4069,0.4741,-10.0084,155.648,ppo_car_spread_a_deterministic
21.7403,-0.11272,0.0028,0.0000,0.04648,0.04649,0.28826,1.5,1.0000,-30.4065,0.4741,-10.0092,155.646,ppo_car_spread_a_deterministic
21.7603,-0.11272,0.0028,0.0000,0.03626,0.03628,0.23084,1.5,1.0000,-30.4062,0.4741,-10.0099,155.645,ppo_car_spread_a_deterministic
21.7803,-0.11272,0.0028,0.0000,0.04113,0.04114,0.20287,1.5,1.0000,-30.4058,0.4741,-10.0106,155.643,ppo_car_spread_a_deterministic
21.8003,-0.11240,0.0024,0.0000,0.03773,0.03774,0.27132,1.5,1.0000,-30.4055,0.4741,-10.0113,155.640,ppo_car_spread_a_deterministic
21.8203,-0.11240,0.0024,0.0000,0.04050,0.04051,0.08829,1.2,1.0000,-30.4052,0.4741,-10.0120,155.639,ppo_car_spread_a_deterministic
21.8403,-0.11240,0.0024,0.0000,0.04145,0.04146,0.26034,1.2,1.0000,-30.4048,0.4741,-10.0128,155.638,ppo_car_spread_a_deterministic
21.8603,-0.11240,0.0024,0.0000,0.04379,0.04381,0.26287,1.2,1.0000,-30.4044,0.4741,-10.0136,155.636,ppo_car_spread_a_deterministic
21.8803,-0.11176,0.0000,0.0028,0.03038,0.03039,0.38665,1.2,1.0000,-30.4042,0.4741,-10.0141,155.634,ppo_car_spread_a_deterministic
21.9003,-0.11176,0.0000,0.0028,0.03653,0.03654,0.25924,-0.6,1.0000,-30.4038,0.4741,-10.0148,155.634,ppo_car_spread_a_deterministic
21.9203,-0.11176,0.0000,0.0028,0.04431,0.04432,0.28300,-0.6,1.0000,-30.4035,0.4741,-10.0156,155.632,ppo_car_spread_a_deterministic
21.9403,-0.11176,0.0000,0.0028,0.03582,0.03583,0.32674,-0.6,1.0000,-30.4031,0.4741,-10.0162,155.633,ppo_car_spread_a_deterministic
21.9603,-0.11167,0.0000,0.0053,0.03863,0.03864,0.15862,-0.6,1.0000,-30.4028,0.4741,-10.0169,155.634,ppo_car_spread_a_deterministic
21.9803,-0.11167,0.0000,0.0053,0.03688,0.03689,0.22120,-1.1,1.0000,-30.4025,0.4741,-10.0176,155.635,ppo_car_spread_a_deterministic
22.0003,-0.11167,0.0000,0.0053,0.03929,0.03930,0.31227,-1.1,1.0000,-30.4021,0.4741,-10.0183,155.636,ppo_car_spread_a_deterministic
22.0203,-0.11167,0.0000,0.0053,0.03511,0.03513,0.40712,-1.1,1.0000,-30.4018,0.4741,-10.0189,155.638,ppo_car_spread_a_deterministic
22.0403,-0.11181,0.0000,0.0011,0.03875,0.03877,0.40226,-1.1,1.0000,-30.4015,0.4741,-10.0196,155.634,ppo_car_spread_a_deterministic
22.0603,-0.11181,0.0000,0.0011,0.04437,0.04438,0.30233,-0.2,1.0000,-30.4011,0.4741,-10.0204,155.635,ppo_car_spread_a_deterministic
22.0803,-0.11181,0.0000,0.0011,0.03856,0.03858,0.34961,-0.2,1.0000,-30.4008,0.4741,-10.0211,155.631,ppo_car_spread_a_deterministic
22.1003,-0.11181,0.0000,0.0011,0.04161,0.04163,0.20538,-0.2,1.0000,-30.4004,0.4741,-10.0219,155.629,ppo_car_spread_a_deterministic
22.1203,-0.11237,0.0009,0.0000,0.04107,0.04109,0.26815,-0.2,1.0000,-30.4001,0.4741,-10.0226,155.627,ppo_car_spread_a_deterministic
22.1403,-0.11237,0.0009,0.0000,0.03621,0.03623,0.39578,0.5,1.0000,-30.3997,0.4741,-10.0233,155.625,ppo_car_spread_a_deterministic
22.1603,-0.11237,0.0009,0.0000,0.04382,0.04383,0.22195,0.5,1.0000,-30.3994,0.4741,-10.0241,155.625,ppo_car_spread_a_deterministic
22.1803,-0.11237,0.0009,0.0000,0.03711,0.03712,0.40167,0.5,1.0000,-30.3990,0.4741,-10.0247,155.621,ppo_car_spread_a_deterministic
22.2003,-0.11159,0.0000,0.0052,0.03718,0.03719,0.19793,0.5,1.0000,-30.3987,0.4741,-10.0254,155.619,ppo_car_spread_a_deterministic
22.2203,-0.11159,0.0000,0.0052,0.04003,0.04005,0.14313,-1.1,1.0000,-30.3984,0.4741,-10.0261,155.619,ppo_car_spread_a_deterministic
22.2403,-0.11159,0.0000,0.0052,0.03686,0.03687,0.35565,-1.1,1.0000,-30.3980,0.4741,-10.0268,155.615,ppo_car_spread_a_deterministic
22.2603,-0.11159,0.0000,0.0052,0.03388,0.03389,0.36766,-1.1,1.0000,-30.3978,0.4741,-10.0274,155.612,ppo_car_spread_a_deterministic
22.2803,-0.11252,0.0025,0.0000,0.04008,0.04010,0.24667,-1.1,1.0000,-30.3974,0.4741,-10.0281,155.613,ppo_car_spread_a_deterministic
22.3003,-0.11252,0.0025,0.0000,0.03641,0.03642,0.32465,1.3,1.0000,-30.3971,0.4741,-10.0288,155.613,ppo_car_spread_a_deterministic
22.3203,-0.11252,0.0025,0.0000,0.03066,0.03067,0.39917,1.3,1.0000,-30.3968,0.4741,-10.0293,155.612,ppo_car_spread_a_deterministic
22.3403,-0.11252,0.0025,0.0000,0.03912,0.03913,0.37257,1.3,1.0000,-30.3965,0.4741,-10.0300,155.607,ppo_car_spread_a_deterministic
22.3603,-0.11293,0.0079,0.0000,0.04279,0.04280,0.34390,1.3,1.0000,-30.3961,0.4741,-10.0308,155.608,ppo_car_spread_a_deterministic
22.3803,-0.11293,0.0079,0.0000,0.03652,0.03653,0.40582,4.1,1.0000,-30.3958,0.4741,-10.0314,155.608,ppo_car_spread_a_deterministic
22.4003,-0.11293,0.0079,0.0000,0.04220,0.04222,0.23142,4.1,1.0000,-30.3954,0.4741,-10.0322,155.610,ppo_car_spread_a_deterministic
22.4203,-0.11293,0.0079,0.0000,0.03795,0.03796,0.39599,4.1,1.0000,-30.3951,0.4741,-10.0329,155.612,ppo_car_spread_a_deterministic
22.4403,-0.11173,0.0000,0.0041,0.04248,0.04249,0.35069,4.1,1.0000,-30.3947,0.4741,-10.0337,155.611,ppo_car_spread_a_deterministic
22.4603,-0.11173,0.0000,0.0041,0.03964,0.03965,0.21982,-0.9,1.0000,-30.3944,0.4741,-10.0344,155.610,ppo_car_spread_a_deterministic
22.4803,-0.11173,0.0000,0.0041,0.04374,0.04376,0.22613,-0.9,1.0000,-30.3940,0.4741,-10.0352,155.609,ppo_car_spread_a_deterministic
22.5003,-0.11173,0.0000,0.0041,0.04063,0.04064,0.32712,-0.9,1.0000,-30.3936,0.4741,-10.0359,155.607,ppo_car_spread_a_deterministic
22.5203,-0.11162,0.0000,0.0051,0.04024,0.04025,0.40148,-0.9,1.0000,-30.3933,0.4741,-10.0366,155.602,ppo_car_spread_a_deterministic
22.5403,-0.11162,0.0000,0.0051,0.04346,0.04347,0.04272,-1.1,1.0000,-30.3929,0.4741,-10.0374,155.600,ppo_car_spread_a_deterministic
22.5603,-0.11162,0.0000,0.0051,0.04296,0.04297,0.25772,-1.1,1.0000,-30.3925,0.4741,-10.0382,155.602,ppo_car_spread_a_deterministic
22.5803,-0.11162,0.0000,0.0051,0.04080,0.04081,0.17678,-1.1,1.0000,-30.3922,0.4741,-10.0389,155.600,ppo_car_spread_a_deterministic
22.6003,-0.11149,0.0000,0.0051,0.03793,0.03794,0.21682,-1.1,1.0000,-30.3919,0.4741,-10.0396,155.598,ppo_car_spread_a_deterministic
22.6203,-0.11149,0.0000,0.0051,0.04087,0.04088,0.40842,-1.1,1.0000,-30.3915,0.4741,-10.0403,155.600,ppo_car_spread_a_deterministic
22.6403,-0.11149,0.0000,0.0051,0.04356,0.04358,0.25548,-1.1,1.0000,-30.3911,0.4741,-10.0411,155.598,ppo_car_spread_a_deterministic
22.6603,-0.11149,0.0000,0.0051,0.04019,0.04020,0.25576,-1.1,1.0000,-30.3908,0.4741,-10.0418,155.598,ppo_car_spread_a_deterministic
22.6803,-0.11171,0.0000,0.0045,0.03945,0.03946,0.39690,-1.1,1.0000,-30.3904,0.4741,-10.0426,155.595,ppo_car_spread_a_deterministic
22.7003,-0.11171,0.0000,0.0045,0.03642,0.03643,0.39762,-0.9,1.0000,-30.3901,0.4741,-10.0432,155.599,ppo_car_spread_a_deterministic
22.7203,-0.11171,0.0000,0.0045,0.03821,0.03822,0.39965,-0.9,1.0000,-30.3898,0.4741,-10.0439,155.601,ppo_car_spread_a_deterministic
22.7403,-0.11171,0.0000,0.0045,0.03758,0.03759,0.28415,-0.9,1.0000,-30.3895,0.4741,-10.0446,155.598,ppo_car_spread_a_deterministic
22.7603,-0.11193,0.0000,0.0008,0.03657,0.03658,0.34244,-0.9,1.0000,-30.3891,0.4741,-10.0452,155.595,ppo_car_spread_a_deterministic
22.7803,-0.11193,0.0000,0.0008,0.04108,0.04109,0.26862,-0.2,1.0000,-30.3888,0.4741,-10.0460,155.594,ppo_car_spread_a_deterministic
22.8003,-0.11193,0.0000,0.0008,0.04271,0.04273,0.39695,-0.2,1.0000,-30.3884,0.4741,-10.0467,155.595,ppo_car_spread_a_deterministic
22.8203,-0.11193,0.0000,0.0008,0.03663,0.03664,0.28827,-0.2,1.0000,-30.3881,0.4741,-10.0474,155.592,ppo_car_spread_a_deterministic
22.8403,-0.11166,0.0000,0.0048,0.03697,0.03698,0.40353,-0.2,1.0000,-30.3878,0.4741,-10.0481,155.589,ppo_car_spread_a_deterministic
22.8603,-0.11166,0.0000,0.0048,0.03808,0.03809,0.30130,-1.0,1.0000,-30.3874,0.4741,-10.0487,155.585,ppo_car_spread_a_deterministic
22.8803,-0.11166,0.0000,0.0048,0.03801,0.03802,0.15529,-1.0,1.0000,-30.3871,0.4741,-10.0494,155.586,ppo_car_spread_a_deterministic
22.9003,-0.11166,0.0000,0.0048,0.04039,0.04040,0.16440,-1.0,1.0000,-30.3868,0.4741,-10.0502,155.585,ppo_car_spread_a_deterministic
22.9203,-0.11209,0.0001,0.0000,0.03566,0.03567,0.19936,-1.0,1.0000,-30.3864,0.4741,-10.0508,155.585,ppo_car_spread_a_deterministic
22.9403,-0.11209,0.0001,0.0000,0.04563,0.04565,0.28719,0.1,1.0000,-30.3860,0.4741,-10.0516,155.582,ppo_car_spread_a_deterministic
22.9603,-0.11209,0.0001,0.0000,0.04454,0.04455,0.21509,0.1,1.0000,-30.3856,0.4741,-10.0524,155.582,ppo_car_spread_a_deterministic
22.9803,-0.11209,0.0001,0.0000,0.04304,0.04305,0.28412,0.1,1.0000,-30.3853,0.4741,-10.0532,155.579,ppo_car_spread_a_deterministic
23.0003,-0.11165,0.0000,0.0059,0.03762,0.03763,0.40205,0.1,1.0000,-30.3849,0.4741,-10.0539,155.576,ppo_car_spread_a_deterministic
23.0203,-0.11165,0.0000,0.0059,0.03703,0.03704,0.24810,-1.2,1.0000,-30.3846,0.4741,-10.0545,155.575,ppo_car_spread_a_deterministic
23.0403,-0.11165,0.0000,0.0059,0.03775,0.03776,0.26521,-1.2,1.0000,-30.3843,0.4741,-10.0552,155.576,ppo_car_spread_a_deterministic
23.0603,-0.11165,0.0000,0.0059,0.03826,0.03827,0.40128,-1.2,1.0000,-30.3840,0.4741,-10.0559,155.575,ppo_car_spread_a_deterministic
23.0803,-0.11214,0.0003,0.0000,0.04222,0.04223,0.28933,-1.2,1.0000,-30.3836,0.4741,-10.0567,155.578,ppo_car_spread_a_deterministic
23.1003,-0.11214,0.0003,0.0000,0.04197,0.04198,0.28632,0.1,1.0000,-30.3832,0.4741,-10.0574,155.575,ppo_car_spread_a_deterministic
23.1203,-0.11214,0.0003,0.0000,0.03693,0.03694,0.39303,0.1,1.0000,-30.3829,0.4741,-10.0581,155.575,ppo_car_spread_a_deterministic
23.1403,-0.11214,0.0003,0.0000,0.03710,0.03711,0.39656,0.1,1.0000,-30.3826,0.4741,-10.0588,155.571,ppo_car_spread_a_deterministic
23.1603,-0.11232,0.0016,0.0000,0.03977,0.03978,0.16174,0.1,1.0000,-30.3822,0.4741,-10.0595,155.570,ppo_car_spread_a_deterministic
23.1803,-0.11232,0.0016,0.0000,0.03937,0.03938,0.17328,0.8,1.0000,-30.3819,0.4741,-10.0602,155.569,ppo_car_spread_a_deterministic
23.2003,-0.11232,0.0016,0.0000,0.03204,0.03205,0.39630,0.8,1.0000,-30.3816,0.4741,-10.0608,155.570,ppo_car_spread_a_deterministic
23.2203,-0.11232,0.0016,0.0000,0.03986,0.03988,0.32749,0.8,1.0000,-30.3813,0.4741,-10.0615,155.569,ppo_car_spread_a_deterministic
23.2403,-0.11273,0.0055,0.0000,0.04391,0.04392,0.27625,0.8,1.0000,-30.3809,0.4741,-10.0623,155.570,ppo_car_spread_a_deterministic
23.2603,-0.11273,0.0055,0.0000,0.04268,0.04269,0.29335,2.9,1.0000,-30.3805,0.4741,-10.0630,155.565,ppo_car_spread_a_deterministic
23.2803,-0.11273,0.0055,0.0000,0.03979,0.03980,0.22224,2.9,1.0000,-30.3802,0.4741,-10.0638,155.564,ppo_car_spread_a_deterministic
23.3003,-0.11273,0.0055,0.0000,0.03853,0.03855,0.40047,2.9,1.0000,-30.3798,0.4741,-10.0645,155.566,ppo_car_spread_a_deterministic
23.3203,-0.11235,0.0000,0.0008,0.04021,0.04022,0.33925,2.9,1.0000,-30.3795,0.4741,-10.0652,155.566,ppo_car_spread_a_deterministic
23.3403,-0.11235,0.0000,0.0008,0.03825,0.03826,0.18017,-0.2,1.0000,-30.3791,0.4741,-10.0659,155.565,ppo_car_spread_a_deterministic
23.3603,-0.11235,0.0000,0.0008,0.04278,0.04279,0.28128,-0.2,1.0000,-30.3788,0.4741,-10.0666,155.563,ppo_car_spread_a_deterministic
23.3803,-0.11235,0.0000,0.0008,0.04623,0.04624,0.24464,-0.2,1.0000,-30.3784,0.4741,-10.0675,155.562,ppo_car_spread_a_deterministic
23.4003,-0.11206,0.0000,0.0036,0.03994,0.03995,0.38996,-0.2,1.0000,-30.3780,0.4741,-10.0682,155.562,ppo_car_spread_a_deterministic
23.4204,-0.11206,0.0000,0.0036,0.03692,0.03693,0.34406,-0.7,1.0000,-30.3777,0.4741,-10.0689,155.560,ppo_car_spread_a_deterministic
23.4404,-0.11206,0.0000,0.0036,0.04139,0.04140,0.28824,-0.7,1.0000,-30.3773,0.4741,-10.0696,155.562,ppo_car_spread_a_deterministic
23.4604,-0.11206,0.0000,0.0036,0.03732,0.03734,0.24901,-0.7,1.0000,-30.3770,0.4741,-10.0703,155.560,ppo_car_spread_a_deterministic
23.4804,-0.11171,0.0000,0.0036,0.04403,0.04404,0.26630,-0.7,1.0000,-30.3766,0.4741,-10.0711,155.560,ppo_car_spread_a_deterministic
23.5004,-0.11171,0.0000,0.0036,0.03557,0.03558,0.37634,-0.8,1.0000,-30.3763,0.4741,-10.0717,155.557,ppo_car_spread_a_deterministic
23.5204,-0.11171,0.0000,0.0036,0.03943,0.03943,0.38257,-0.8,1.0000,-30.3760,0.4741,-10.0724,155.554,ppo_car_spread_a_deterministic
23.5404,-0.11171,0.0000,0.0036,0.03705,0.03706,0.39333,-0.8,1.0000,-30.3757,0.4741,-10.0731,155.550,ppo_car_spread_a_deterministic
23.5604,-0.11229,0.0000,0.0002,0.04505,0.04506,0.30254,-0.8,1.0000,-30.3753,0.4741,-10.0739,155.547,ppo_car_spread_a_deterministic
23.5804,-0.11229,0.0000,0.0002,0.04031,0.04033,0.23456,0.0,1.0000,-30.3749,0.4741,-10.0746,155.543,ppo_car_spread_a_deterministic
23.6004,-0.11229,0.0000,0.0002,0.04070,0.04072,0.08047,0.0,1.0000,-30.3746,0.4741,-10.0754,155.540,ppo_car_spread_a_deterministic
23.6204,-0.11229,0.0000,0.0002,0.04264,0.04266,0.29210,0.0,1.0000,-30.3742,0.4741,-10.0761,155.540,ppo_car_spread_a_deterministic
23.6404,-0.11239,0.0000,0.0014,0.03675,0.03676,0.36713,0.0,1.0000,-30.3739,0.4741,-10.0768,155.537,ppo_car_spread_a_deterministic
23.6604,-0.11239,0.0000,0.0014,0.04137,0.04138,0.20564,-0.3,1.0000,-30.3735,0.4741,-10.0775,155.539,ppo_car_spread_a_deterministic
23.6804,-0.11239,0.0000,0.0014,0.04672,0.04674,0.28631,-0.3,1.0000,-30.3731,0.4741,-10.0784,155.538,ppo_car_spread_a_deterministic
23.7004,-0.11239,0.0000,0.0014,0.03594,0.03595,0.25218,-0.3,1.0000,-30.3728,0.4741,-10.0790,155.540,ppo_car_spread_a_deterministic
23.7204,-0.11164,0.0000,0.0080,0.04105,0.04107,0.17130,-0.3,1.0000,-30.3724,0.4741,-10.0798,155.538,ppo_car_spread_a_deterministic
23.7404,-0.11164,0.0000,0.0080,0.03857,0.03858,0.19748,-1.7,1.0000,-30.3721,0.4741,-10.0804,155.539,ppo_car_spread_a_deterministic
23.7604,-0.11164,0.0000,0.0080,0.03680,0.03681,0.24272,-1.7,1.0000,-30.3718,0.4741,-10.0811,155.538,ppo_car_spread_a_deterministic
23.7804,-0.11164,0.0000,0.0080,0.03760,0.03760,0.37381,-1.7,1.0000,-30.3714,0.4741,-10.0818,155.537,ppo_car_spread_a_deterministic
23.8004,-0.11243,0.0017,0.0000,0.03756,0.03758,0.23621,-1.7,1.0000,-30.3711,0.4741,-10.0825,155.537,ppo_car_spread_a_deterministic
23.8204,-0.11243,0.0017,0.0000,0.03601,0.03602,0.30405,0.9,1.0000,-30.3708,0.4741,-10.0831,155.535,ppo_car_spread_a_deterministic
23.8404,-0.11243,0.0017,0.0000,0.03661,0.03662,0.29904,0.9,1.0000,-30.3705,0.4741,-10.0838,155.536,ppo_car_spread_a_deterministic
23.8604,-0.11243,0.0017,0.0000,0.03876,0.03877,0.14156,0.9,1.0000,-30.3702,0.4741,-10.0845,155.534,ppo_car_spread_a_deterministic
23.8804,-0.11233,0.0014,0.0000,0.03704,0.03705,0.38970,0.9,1.0000,-30.3698,0.4741,-10.0851,155.529,ppo_car_spread_a_deterministic
23.9004,-0.11233,0.0014,0.0000,0.03628,0.03629,0.18315,0.7,1.0000,-30.3695,0.4741,-10.0858,155.527,ppo_car_spread_a_deterministic
23.9204,-0.11233,0.0014,0.0000,0.04188,0.04189,0.23434,0.7,1.0000,-30.3691,0.4741,-10.0865,155.526,ppo_car_spread_a_deterministic
23.9404,-0.11233,0.0014,0.0000,0.03358,0.03359,0.38652,0.7,1.0000,-30.3689,0.4741,-10.0871,155.528,ppo_car_spread_a_deterministic
23.9604,-0.11208,0.0000,0.0031,0.03503,0.03504,0.33763,0.7,1.0000,-30.3686,0.4741,-10.0878,155.529,ppo_car_spread_a_deterministic
23.9804,-0.11208,0.0000,0.0031,0.03390,0.03391,0.38633,-0.7,1.0000,-30.3683,0.4741,-10.0884,155.527,ppo_car_spread_a_deterministic
24.0004,-0.11208,0.0000,0.0031,0.04137,0.04139,0.28557,-0.7,1.0000,-30.3679,0.4741,-10.0891,155.526,ppo_car_spread_a_deterministic
24.0204,-0.11208,0.0000,0.0031,0.04066,0.04068,0.27981,-0.7,1.0000,-30.3675,0.4741,-10.0899,155.524,ppo_car_spread_a_deterministic
24.0404,-0.11225,0.0000,0.0027,0.03442,0.03443,0.35112,-0.7,1.0000,-30.3672,0.4741,-10.0905,155.521,ppo_car_spread_a_deterministic
24.0604,-0.11225,0.0000,0.0027,0.04186,0.04187,0.26988,-0.6,1.0000,-30.3669,0.4741,-10.0912,155.520,ppo_car_spread_a_deterministic
24.0804,-0.11225,0.0000,0.0027,0.03459,0.03460,0.30847,-0.6,1.0000,-30.3666,0.4741,-10.0919,155.518,ppo_car_spread_a_deterministic
24.1004,-0.11225,0.0000,0.0027,0.03671,0.03673,0.26307,-0.6,1.0000,-30.3662,0.4741,-10.0925,155.514,ppo_car_spread_a_deterministic
24.1204,-0.11298,0.0044,0.0000,0.04219,0.04220,0.28063,-0.6,1.0000,-30.3659,0.4741,-10.0933,155.514,ppo_car_spread_a_deterministic
24.1404,-0.11298,0.0044,0.0000,0.04291,0.04292,0.25436,2.3,1.0000,-30.3655,0.4741,-10.0941,155.513,ppo_car_spread_a_deterministic
24.1604,-0.11298,0.0044,0.0000,0.04205,0.04207,0.29602,2.3,1.0000,-30.3651,0.4741,-10.0948,155.513,ppo_car_spread_a_deterministic
24.1804,-0.11298,0.0044,0.0000,0.04219,0.04221,0.28561,2.3,1.0000,-30.3647,0.4741,-10.0956,155.514,ppo_car_spread_a_deterministic
24.2004,-0.11237,0.0000,0.0034,0.04299,0.04301,0.21472,2.3,1.0000,-30.3644,0.4741,-10.0964,155.512,ppo_car_spread_a_deterministic
24.2204,-0.11237,0.0000,0.0034,0.03575,0.03576,0.23210,-0.7,1.0000,-30.3641,0.4741,-10.0970,155.511,ppo_car_spread_a_deterministic
24.2404,-0.11237,0.0000,0.0034,0.03213,0.03214,0.40301,-0.7,1.0000,-30.3638,0.4741,-10.0976,155.509,ppo_car_spread_a_deterministic
24.2604,-0.11237,0.0000,0.0034,0.04219,0.04220,0.18209,-0.7,1.0000,-30.3634,0.4741,-10.0983,155.508,ppo_car_spread_a_deterministic
24.2804,-0.11304,0.0065,0.0000,0.04208,0.04210,0.29686,-0.7,1.0000,-30.3630,0.4741,-10.0991,155.506,ppo_car_spread_a_deterministic
24.3004,-0.11304,0.0065,0.0000,0.04317,0.04318,0.23977,3.4,1.0000,-30.3627,0.4741,-10.0999,155.506,ppo_car_spread_a_deterministic
24.3204,-0.11304,0.0065,0.0000,0.03785,0.03786,0.19851,3.4,1.0000,-30.3623,0.4741,-10.1005,155.506,ppo_car_spread_a_deterministic
24.3404,-0.11304,0.0065,0.0000,0.03748,0.03749,0.39848,3.4,1.0000,-30.3620,0.4741,-10.1012,155.502,ppo_car_spread_a_deterministic
24.3604,-0.11262,0.0008,0.0000,0.04286,0.04287,0.40512,3.4,1.0000,-30.3616,0.4741,-10.1020,155.497,ppo_car_spread_a_deterministic
24.3804,-0.11262,0.0008,0.0000,0.03233,0.03234,0.39939,0.4,1.0000,-30.3614,0.4741,-10.1026,155.498,ppo_car_spread_a_deterministic
24.4004,-0.11262,0.0008,0.0000,0.04075,0.04075,0.35514,0.4,1.0000,-30.3610,0.4741,-10.1033,155.499,ppo_car_spread_a_deterministic
24.4204,-0.11262,0.0008,0.0000,0.03847,0.03848,0.32579,0.4,1.0000,-30.3607,0.4741,-10.1040,155.500,ppo_car_spread_a_deterministic
24.4404,-0.11217,0.0000,0.0024,0.04485,0.04486,0.24913,0.4,1.0000,-30.3603,0.4741,-10.1048,155.497,ppo_car_spread_a_deterministic
24.4604,-0.11217,0.0000,0.0024,0.04413,0.04415,0.24589,-0.5,1.0000,-30.3599,0.4741,-10.1056,155.499,ppo_car_spread_a_deterministic
24.4804,-0.11217,0.0000,0.0024,0.04320,0.04322,0.22833,-0.5,1.0000,-30.3595,0.4741,-10.1064,155.501,ppo_car_spread_a_deterministic
24.5004,-0.11217,0.0000,0.0024,0.04235,0.04236,0.15551,-0.5,1.0000,-30.3591,0.4741,-10.1071,155.501,ppo_car_spread_a_deterministic
24.5204,-0.11179,0.0000,0.0055,0.04291,0.04293,0.24875,-0.5,1.0000,-30.3588,0.4741,-10.1079,155.503,ppo_car_spread_a_deterministic
24.5404,-0.11179,0.0000,0.0055,0.03921,0.03922,0.33992,-1.2,1.0000,-30.3584,0.4741,-10.1086,155.499,ppo_car_spread_a_deterministic
24.5604,-0.11179,0.0000,0.0055,0.04455,0.04457,0.27841,-1.2,1.0000,-30.3580,0.4741,-10.1094,155.494,ppo_car_spread_a_deterministic
24.5804,-0.11179,0.0000,0.0055,0.04570,0.04571,0.20552,-1.2,1.0000,-30.3576,0.4741,-10.1102,155.495,ppo_car_spread_a_deterministic
24.6004,-0.11238,0.0000,0.0047,0.03899,0.03900,0.18415,-1.2,1.0000,-30.3573,0.4741,-10.1109,155.493,ppo_car_spread_a_deterministic
24.6204,-0.11238,0.0000,0.0047,0.04576,0.04577,0.26619,-1.0,1.0000,-30.3569,0.4741,-10.1118,155.493,ppo_car_spread_a_deterministic
24.6404,-0.11238,0.0000,0.0047,0.04400,0.04401,0.23574,-1.0,1.0000,-30.3565,0.4741,-10.1126,155.491,ppo_car_spread_a_deterministic
24.6604,-0.11238,0.0000,0.0047,0.04187,0.04188,0.27332,-1.0,1.0000,-30.3561,0.4741,-10.1133,155.492,ppo_car_spread_a_deterministic
24.6804,-0.11222,0.0000,0.0047,0.04174,0.04176,0.24566,-1.0,1.0000,-30.3558,0.4741,-10.1141,155.494,ppo_car_spread_a_deterministic
24.7004,-0.11222,0.0000,0.0047,0.03894,0.03896,0.36049,-1.0,1.0000,-30.3554,0.4741,-10.1148,155.492,ppo_car_spread_a_deterministic
24.7204,-0.11222,0.0000,0.0047,0.03845,0.03847,0.40055,-1.0,1.0000,-30.3551,0.4741,-10.1154,155.489,ppo_car_spread_a_deterministic
24.7404,-0.11222,0.0000,0.0047,0.04156,0.04157,0.28607,-1.0,1.0000,-30.3547,0.4741,-10.1162,155.490,ppo_car_spread_a_deterministic
24.7604,-0.11287,0.0009,0.0000,0.04094,0.04096,0.40264,-1.0,1.0000,-30.3544,0.4741,-10.1169,155.487,ppo_car_spread_a_deterministic
24.7804,-0.11287,0.0009,0.0000,0.03212,0.03213,0.37878,0.5,1.0000,-30.3541,0.4741,-10.1175,155.486,ppo_car_spread_a_deterministic
24.8004,-0.11287,0.0009,0.0000,0.03524,0.03525,0.26446,0.5,1.0000,-30.3538,0.4741,-10.1181,155.485,ppo_car_spread_a_deterministic
24.8204,-0.11287,0.0009,0.0000,0.04332,0.04333,0.27425,0.5,1.0000,-30.3534,0.4741,-10.1189,155.485,ppo_car_spread_a_deterministic
24.8404,-0.11301,0.0034,0.0000,0.03791,0.03792,0.27919,0.5,1.0000,-30.3531,0.4741,-10.1196,155.487,ppo_car_spread_a_deterministic
24.8604,-0.11301,0.0034,0.0000,0.03569,0.03571,0.38785,1.8,1.0000,-30.3528,0.4741,-10.1202,155.489,ppo_car_spread_a_deterministic
24.8804,-0.11301,0.0034,0.0000,0.04078,0.04079,0.22653,1.8,1.0000,-30.3524,0.4741,-10.1210,155.492,ppo_car_spread_a_deterministic
24.9004,-0.11301,0.0034,0.0000,0.04116,0.04117,0.18877,1.8,1.0000,-30.3521,0.4741,-10.1217,155.492,ppo_car_spread_a_deterministic
24.9204,-0.11216,0.0000,0.0030,0.04056,0.04058,0.29322,1.8,1.0000,-30.3517,0.4741,-10.1224,155.494,ppo_car_spread_a_deterministic
24.9404,-0.11216,0.0000,0.0030,0.03804,0.03806,0.40318,-0.6,1.0000,-30.3514,0.4741,-10.1231,155.489,ppo_car_spread_a_deterministic
24.9604,-0.11216,0.0000,0.0030,0.04199,0.04200,0.26915,-0.6,1.0000,-30.3510,0.4741,-10.1239,155.490,ppo_car_spread_a_deterministic
24.9804,-0.11216,0.0000,0.0030,0.03453,0.03454,0.39778,-0.6,1.0000,-30.3507,0.4741,-10.1245,155.492,ppo_car_spread_a_deterministic
25.0004,-0.11201,0.0000,0.0037,0.04018,0.04020,0.16566,-0.6,1.0000,-30.3503,0.4741,-10.1252,155.493,ppo_car_spread_a_deterministic
25.0204,-0.11201,0.0000,0.0037,0.03997,0.03998,0.14386,-0.8,1.0000,-30.3500,0.4741,-10.1259,155.493,ppo_car_spread_a_deterministic
25.0404,-0.11201,0.0000,0.0037,0.04427,0.04428,0.26545,-0.8,1.0000,-30.3496,0.4741,-10.1268,155.492,ppo_car_spread_a_deterministic
25.0604,-0.11201,0.0000,0.0037,0.04151,0.04152,0.21693,-0.8,1.0000,-30.3492,0.4741,-10.1275,155.493,ppo_car_spread_a_deterministic
25.0804,-0.11208,0.0000,0.0054,0.03893,0.03894,0.21345,-0.8,1.0000,-30.3489,0.4741,-10.1282,155.494,ppo_car_spread_a_deterministic
25.1004,-0.11208,0.0000,0.0054,0.04142,0.04142,0.37576,-1.1,1.0000,-30.3485,0.4741,-10.1289,155.496,ppo_car_spread_a_deterministic
25.1204,-0.11208,0.0000,0.0054,0.03509,0.03509,0.38308,-1.1,1.0000,-30.3482,0.4741,-10.1296,155.496,ppo_car_spread_a_deterministic
25.1404,-0.11208,0.0000,0.0054,0.03763,0.03764,0.32373,-1.1,1.0000,-30.3479,0.4741,-10.1303,155.497,ppo_car_spread_a_deterministic
25.1604,-0.11269,0.0032,0.0000,0.03847,0.03848,0.12010,-1.1,1.0000,-30.3476,0.4741,-10.1309,155.497,ppo_car_spread_a_deterministic
25.1804,-0.11269,0.0032,0.0000,0.03733,0.03734,0.24575,1.7,1.0000,-30.3472,0.4741,-10.1316,155.495,ppo_car_spread_a_deterministic
25.2004,-0.11269,0.0032,0.0000,0.03520,0.03521,0.40628,1.7,1.0000,-30.3469,0.4741,-10.1322,155.498,ppo_car_spread_a_deterministic
25.2204,-0.11269,0.0032,0.0000,0.03951,0.03952,0.25363,1.7,1.0000,-30.3466,0.4741,-10.1330,155.498,ppo_car_spread_a_deterministic
25.2404,-0.11250,0.0022,0.0000,0.04180,0.04181,0.16608,1.7,1.0000,-30.3462,0.4741,-10.1337,155.497,ppo_car_spread_a_deterministic
25.2604,-0.11250,0.0022,0.0000,0.03852,0.03853,0.39673,1.1,1.0000,-30.3459,0.4741,-10.1344,155.494,ppo_car_spread_a_deterministic
25.2804,-0.11250,0.0022,0.0000,0.03814,0.03815,0.33085,1.1,1.0000,-30.3456,0.4741,-10.1351,155.495,ppo_car_spread_a_deterministic
25.3004,-0.11250,0.0022,0.0000,0.04268,0.04269,0.33594,1.1,1.0000,-30.3452,0.4741,-10.1359,155.497,ppo_car_spread_a_deterministic
25.3204,-0.11246,0.0002,0.0000,0.04500,0.04502,0.25440,1.1,1.0000,-30.3448,0.4741,-10.1367,155.495,ppo_car_spread_a_deterministic
25.3404,-0.11246,0.0002,0.0000,0.04273,0.04274,0.23721,0.1,1.0000,-30.3444,0.4741,-10.1375,155.497,ppo_car_spread_a_deterministic
25.3604,-0.11246,0.0002,0.0000,0.04132,0.04133,0.30522,0.1,1.0000,-30.3441,0.4741,-10.1382,155.498,ppo_car_spread_a_deterministic
25.3804,-0.11246,0.0002,0.0000,0.04119,0.04120,0.33616,0.1,1.0000,-30.3437,0.4741,-10.1389,155.499,ppo_car_spread_a_deterministic
25.4004,-0.11212,0.0000,0.0030,0.04491,0.04493,0.28039,0.1,1.0000,-30.3433,0.4741,-10.1398,155.502,ppo_car_spread_a_deterministic
25.4204,-0.11212,0.0000,0.0030,0.04214,0.04215,0.40438,-0.6,1.0000,-30.3429,0.4741,-10.1405,155.498,ppo_car_spread_a_deterministic
25.4404,-0.11212,0.0000,0.0030,0.03463,0.03464,0.39313,-0.6,1.0000,-30.3426,0.4741,-10.1411,155.497,ppo_car_spread_a_deterministic
25.4604,-0.11212,0.0000,0.0030,0.04319,0.04321,0.18821,-0.6,1.0000,-30.3423,0.4741,-10.1419,155.498,ppo_car_spread_a_deterministic
25.4804,-0.11284,0.0038,0.0000,0.03916,0.03917,0.40806,-0.6,1.0000,-30.3419,0.4741,-10.1426,155.495,ppo_car_spread_a_deterministic
25.5004,-0.11284,0.0038,0.0000,0.04304,0.04305,0.38920,2.0,1.0000,-30.3415,0.4741,-10.1434,155.491,ppo_car_spread_a_deterministic
25.5204,-0.11284,0.0038,0.0000,0.03962,0.03963,0.27942,2.0,1.0000,-30.3412,0.4741,-10.1441,155.492,ppo_car_spread_a_deterministic
25.5404,-0.11284,0.0038,0.0000,0.04221,0.04223,0.28534,2.0,1.0000,-30.3408,0.4741,-10.1449,155.489,ppo_car_spread_a_deterministic
25.5604,-0.11233,0.0000,0.0013,0.04364,0.04365,0.25149,2.0,1.0000,-30.3404,0.4741,-10.1456,155.492,ppo_car_spread_a_deterministic
25.5804,-0.11233,0.0000,0.0013,0.04480,0.04481,0.29283,-0.3,1.0000,-30.3401,0.4741,-10.1464,155.493,ppo_car_spread_a_deterministic
25.6004,-0.11233,0.0000,0.0013,0.04279,0.04280,0.22826,-0.3,1.0000,-30.3397,0.4741,-10.1472,155.492,ppo_car_spread_a_deterministic
25.6204,-0.11233,0.0000,0.0013,0.03891,0.03892,0.23560,-0.3,1.0000,-30.3393,0.4741,-10.1479,155.492,ppo_car_spread_a_deterministic
25.6404,-0.11221,0.0000,0.0038,0.04516,0.04517,0.27575,-0.3,1.0000,-30.3390,0.4741,-10.1487,155.490,ppo_car_spread_a_deterministic
25.6604,-0.11221,0.0000,0.0038,0.03952,0.03954,0.40184,-0.8,1.0000,-30.3386,0.4741,-10.1494,155.491,ppo_car_spread_a_deterministic
25.6804,-0.11221,0.0000,0.0038,0.03683,0.03684,0.37713,-0.8,1.0000,-30.3383,0.4741,-10.1501,155.489,ppo_car_spread_a_deterministic
25.7004,-0.11221,0.0000,0.0038,0.04236,0.04238,0.06840,-0.8,1.0000,-30.3379,0.4741,-10.1509,155.488,ppo_car_spread_a_deterministic
25.7204,-0.11279,0.0022,0.0000,0.03932,0.03933,0.33759,-0.8,1.0000,-30.3376,0.4741,-10.1516,155.486,ppo_car_spread_a_deterministic
25.7404,-0.11279,0.0022,0.0000,0.04046,0.04047,0.35551,1.2,1.0000,-30.3372,0.4741,-10.1523,155.481,ppo_car_spread_a_deterministic
25.7604,-0.11279,0.0022,0.0000,0.04827,0.04829,0.22585,1.2,1.0000,-30.3368,0.4741,-10.1532,155.479,ppo_car_spread_a_deterministic
25.7804,-0.11279,0.0022,0.0000,0.04559,0.04560,0.29118,1.2,1.0000,-30.3364,0.4741,-10.1540,155.475,ppo_car_spread_a_deterministic
25.8004,-0.11200,0.0000,0.0087,0.04596,0.04597,0.29756,1.2,1.0000,-30.3360,0.4741,-10.1548,155.473,ppo_car_spread_a_deterministic
25.8204,-0.11200,0.0000,0.0087,0.04336,0.04337,0.22463,-1.8,1.0000,-30.3356,0.4741,-10.1556,155.471,ppo_car_spread_a_deterministic
25.8404,-0.11200,0.0000,0.0087,0.04607,0.04608,0.28793,-1.8,1.0000,-30.3352,0.4741,-10.1564,155.472,ppo_car_spread_a_deterministic
25.8604,-0.11200,0.0000,0.0087,0.04120,0.04120,0.24124,-1.8,1.0000,-30.3349,0.4741,-10.1572,155.470,ppo_car_spread_a_deterministic
25.8804,-0.11176,0.0000,0.0075,0.04008,0.04009,0.32745,-1.8,1.0000,-30.3345,0.4741,-10.1579,155.469,ppo_car_spread_a_deterministic
25.9004,-0.11176,0.0000,0.0075,0.04103,0.04104,0.15063,-1.6,1.0000,-30.3342,0.4741,-10.1586,155.470,ppo_car_spread_a_deterministic
25.9204,-0.11176,0.0000,0.0075,0.04198,0.04199,0.15350,-1.6,1.0000,-30.3338,0.4741,-10.1594,155.470,ppo_car_spread_a_deterministic
25.9404,-0.11176,0.0000,0.0075,0.03597,0.03598,0.33494,-1.6,1.0000,-30.3335,0.4741,-10.1600,155.473,ppo_car_spread_a_deterministic
25.9604,-0.11213,0.0000,0.0036,0.03751,0.03752,0.25656,-1.6,1.0000,-30.3331,0.4741,-10.1607,155.474,ppo_car_spread_a_deterministic
25.9804,-0.11213,0.0000,0.0036,0.03781,0.03782,0.37348,-0.7,1.0000,-30.3328,0.4741,-10.1614,155.474,ppo_car_spread_a_deterministic
26.0004,-0.11213,0.0000,0.0036,0.04328,0.04330,0.21573,-0.7,1.0000,-30.3324,0.4741,-10.1622,155.474,ppo_car_spread_a_deterministic
26.0204,-0.11213,0.0000,0.0036,0.04314,0.04315,0.20228,-0.7,1.0000,-30.3321,0.4741,-10.1629,155.473,ppo_car_spread_a_deterministic
26.0404,-0.11215,0.0000,0.0047,0.03707,0.03708,0.18593,-0.7,1.0000,-30.3317,0.4741,-10.1636,155.472,ppo_car_spread_a_deterministic
26.0604,-0.11215,0.0000,0.0047,0.03951,0.03952,0.28652,-1.0,1.0000,-30.3314,0.4741,-10.1643,155.472,ppo_car_spread_a_deterministic
26.0804,-0.11215,0.0000,0.0047,0.03806,0.03807,0.33018,-1.0,1.0000,-30.3311,0.4741,-10.1650,155.473,ppo_car_spread_a_deterministic
26.1004,-0.11215,0.0000,0.0047,0.03819,0.03820,0.10967,-1.0,1.0000,-30.3307,0.4741,-10.1657,155.471,ppo_car_spread_a_deterministic
26.1204,-0.11247,0.0003,0.0000,0.03843,0.03845,0.39272,-1.0,1.0000,-30.3304,0.4741,-10.1664,155.470,ppo_car_spread_a_deterministic
26.1404,-0.11247,0.0003,0.0000,0.03756,0.03757,0.24234,0.2,1.0000,-30.3301,0.4741,-10.1670,155.471,ppo_car_spread_a_deterministic
26.1604,-0.11247,0.0003,0.0000,0.03753,0.03754,0.28275,0.2,1.0000,-30.3297,0.4741,-10.1677,155.468,ppo_car_spread_a_deterministic
26.1804,-0.11247,0.0003,0.0000,0.04443,0.04444,0.25513,0.2,1.0000,-30.3294,0.4741,-10.1685,155.467,ppo_car_spread_a_deterministic
26.2004,-0.11288,0.0017,0.0000,0.03700,0.03701,0.27328,0.2,1.0000,-30.3290,0.4741,-10.1692,155.469,ppo_car_spread_a_deterministic
26.2204,-0.11288,0.0017,0.0000,0.04421,0.04422,0.25375,0.9,1.0000,-30.3286,0.4741,-10.1700,155.470,ppo_car_spread_a_deterministic
26.2404,-0.11288,0.0017,0.0000,0.03605,0.03606,0.36847,0.9,1.0000,-30.3283,0.4741,-10.1706,155.469,ppo_car_spread_a_deterministic
26.2604,-0.11288,0.0017,0.0000,0.03646,0.03647,0.34573,0.9,1.0000,-30.3280,0.4741,-10.1713,155.467,ppo_car_spread_a_deterministic
26.2804,-0.11300,0.0029,0.0000,0.03807,0.03808,0.29471,0.9,1.0000,-30.3277,0.4741,-10.1720,155.464,ppo_car_spread_a_deterministic
26.3004,-0.11300,0.0029,0.0000,0.04086,0.04087,0.28277,1.5,1.0000,-30.3273,0.4741,-10.1727,155.462,ppo_car_spread_a_deterministic
26.3204,-0.11300,0.0029,0.0000,0.04204,0.04205,0.22743,1.5,1.0000,-30.3269,0.4741,-10.1735,155.461,ppo_car_spread_a_deterministic
26.3404,-0.11300,0.0029,0.0000,0.04352,0.04353,0.25378,1.5,1.0000,-30.3266,0.4741,-10.1743,155.462,ppo_car_spread_a_deterministic
26.3604,-0.11251,0.0000,0.0030,0.04003,0.04004,0.39541,1.5,1.0000,-30.3262,0.4741,-10.1750,155.463,ppo_car_spread_a_deterministic
26.3804,-0.11251,0.0000,0.0030,0.03968,0.03969,0.40635,-0.6,1.0000,-30.3259,0.4741,-10.1757,155.465,ppo_car_spread_a_deterministic
26.4004,-0.11251,0.0000,0.0030,0.04379,0.04380,0.23487,-0.6,1.0000,-30.3255,0.4741,-10.1765,155.463,ppo_car_spread_a_deterministic
26.4204,-0.11251,0.0000,0.0030,0.04508,0.04509,0.29906,-0.6,1.0000,-30.3251,0.4741,-10.1773,155.466,ppo_car_spread_a_deterministic
26.4404,-0.11237,0.0000,0.0046,0.03527,0.03528,0.31031,-0.6,1.0000,-30.3248,0.4741,-10.1779,155.468,ppo_car_spread_a_deterministic
26.4604,-0.11237,0.0000,0.0046,0.04121,0.04122,0.36050,-1.0,1.0000,-30.3244,0.4741,-10.1787,155.464,ppo_car_spread_a_deterministic
26.4804,-0.11237,0.0000,0.0046,0.03561,0.03562,0.39776,-1.0,1.0000,-30.3241,0.4741,-10.1793,155.466,ppo_car_spread_a_deterministic
26.5004,-0.11237,0.0000,0.0046,0.03937,0.03938,0.24786,-1.0,1.0000,-30.3238,0.4741,-10.1800,155.464,ppo_car_spread_a_deterministic
26.5204,-0.11255,0.0020,0.0000,0.03888,0.03889,0.25484,-1.0,1.0000,-30.3234,0.4741,-10.1807,155.461,ppo_car_spread_a_deterministic
26.5404,-0.11255,0.0020,0.0000,0.03264,0.03265,0.34030,1.0,1.0000,-30.3231,0.4741,-10.1813,155.459,ppo_car_spread_a_deterministic
26.5604,-0.11255,0.0020,0.0000,0.03551,0.03552,0.27367,1.0,1.0000,-30.3228,0.4741,-10.1819,155.457,ppo_car_spread_a_deterministic
26.5804,-0.11255,0.0020,0.0000,0.04262,0.04263,0.09759,1.0,1.0000,-30.3225,0.4741,-10.1827,155.456,ppo_car_spread_a_deterministic
26.6004,-0.11314,0.0035,0.0000,0.03983,0.03984,0.08758,1.0,1.0000,-30.3221,0.4741,-10.1834,155.454,ppo_car_spread_a_deterministic
26.6204,-0.11314,0.0035,0.0000,0.03754,0.03755,0.27748,1.8,1.0000,-30.3218,0.4741,-10.1841,155.455,ppo_car_spread_a_deterministic
26.6404,-0.11314,0.0035,0.0000,0.03837,0.03839,0.30776,1.8,1.0000,-30.3214,0.4741,-10.1848,155.451,ppo_car_spread_a_deterministic
26.6604,-0.11314,0.0035,0.0000,0.04300,0.04301,0.22026,1.8,1.0000,-30.3211,0.4741,-10.1856,155.451,ppo_car_spread_a_deterministic
26.6804,-0.11317,0.0013,0.0000,0.04435,0.04437,0.29088,1.8,1.0000,-30.3207,0.4741,-10.1864,155.452,ppo_car_spread_a_deterministic
26.7004,-0.11317,0.0013,0.0000,0.04004,0.04005,0.37633,0.7,1.0000,-30.3203,0.4741,-10.1871,155.454,ppo_car_spread_a_deterministic
26.7204,-0.11317,0.0013,0.0000,0.04280,0.04282,0.28943,0.7,1.0000,-30.3199,0.4741,-10.1879,155.453,ppo_car_spread_a_deterministic
26.7404,-0.11317,0.0013,0.0000,0.04271,0.04273,0.17488,0.7,1.0000,-30.3196,0.4741,-10.1886,155.453,ppo_car_spread_a_deterministic
26.7604,-0.11264,0.0000,0.0038,0.04636,0.04637,0.27613,0.7,1.0000,-30.3192,0.4741,-10.1895,155.454,ppo_car_spread_a_deterministic
26.7804,-0.11264,0.0000,0.0038,0.03909,0.03910,0.28674,-0.8,1.0000,-30.3188,0.4741,-10.1902,155.451,ppo_car_spread_a_deterministic
26.8004,-0.11264,0.0000,0.0038,0.04459,0.04461,0.27997,-0.8,1.0000,-30.3184,0.4741,-10.1910,155.450,ppo_car_spread_a_deterministic
26.8204,-0.11264,0.0000,0.0038,0.04397,0.04399,0.19726,-0.8,1.0000,-30.3180,0.4741,-10.1918,155.448,ppo_car_spread_a_deterministic
26.8404,-0.11227,0.0000,0.0055,0.04648,0.04650,0.25691,-0.8,1.0000,-30.3176,0.4741,-10.1926,155.450,ppo_car_spread_a_deterministic
26.8604,-0.11227,0.0000,0.0055,0.04289,0.04291,0.22440,-1.1,1.0000,-30.3173,0.4741,-10.1934,155.451,ppo_car_spread_a_deterministic
26.8804,-0.11227,0.0000,0.0055,0.04305,0.04307,0.39950,-1.1,1.0000,-30.3169,0.4741,-10.1941,155.452,ppo_car_spread_a_deterministic
26.9004,-0.11227,0.0000,0.0055,0.03842,0.03843,0.36357,-1.1,1.0000,-30.3165,0.4741,-10.1948,155.448,ppo_car_spread_a_deterministic
26.9204,-0.11215,0.0000,0.0050,0.04173,0.04174,0.23413,-1.1,1.0000,-30.3162,0.4741,-10.1956,155.450,ppo_car_spread_a_deterministic
26.9404,-0.11215,0.0000,0.0050,0.03959,0.03960,0.15213,-1.1,1.0000,-30.3158,0.4741,-10.1963,155.449,ppo_car_spread_a_deterministic
26.9604,-0.11215,0.0000,0.0050,0.03728,0.03730,0.20886,-1.1,1.0000,-30.3155,0.4741,-10.1970,155.448,ppo_car_spread_a_deterministic
26.9804,-0.11215,0.0000,0.0050,0.03990,0.03991,0.27438,-1.1,1.0000,-30.3152,0.4741,-10.1977,155.446,ppo_car_spread_a_deterministic
27.0004,-0.11288,0.0015,0.0000,0.04294,0.04295,0.29613,-1.1,1.0000,-30.3148,0.4741,-10.1984,155.447,ppo_car_spread_a_deterministic
27.0204,-0.11288,0.0015,0.0000,0.04110,0.04111,0.14206,0.8,1.0000,-30.3144,0.4741,-10.1992,155.447,ppo_car_spread_a_deterministic
27.0404,-0.11288,0.0015,0.0000,0.04088,0.04090,0.07069,0.8,1.0000,-30.3141,0.4741,-10.1999,155.446,ppo_car_spread_a_deterministic
27.0604,-0.11288,0.0015,0.0000,0.04042,0.04044,0.08485,0.8,1.0000,-30.3137,0.4741,-10.2006,155.445,ppo_car_spread_a_deterministic
27.0804,-0.11265,0.0000,0.0020,0.03972,0.03973,0.24274,0.8,1.0000,-30.3134,0.4741,-10.2014,155.442,ppo_car_spread_a_deterministic
27.1004,-0.11265,0.0000,0.0020,0.04117,0.04118,0.26943,-0.4,1.0000,-30.3130,0.4741,-10.2021,155.441,ppo_car_spread_a_deterministic
27.1204,-0.11265,0.0000,0.0020,0.04345,0.04347,0.28997,-0.4,1.0000,-30.3126,0.4741,-10.2029,155.439,ppo_car_spread_a_deterministic
27.1404,-0.11265,0.0000,0.0020,0.03996,0.03997,0.28062,-0.4,1.0000,-30.3123,0.4741,-10.2036,155.438,ppo_car_spread_a_deterministic
27.1604,-0.11245,0.0000,0.0043,0.03606,0.03607,0.32307,-0.4,1.0000,-30.3120,0.4741,-10.2042,155.435,ppo_car_spread_a_deterministic
27.1804,-0.11245,0.0000,0.0043,0.04165,0.04166,0.24432,-0.9,1.0000,-30.3116,0.4741,-10.2050,155.435,ppo_car_spread_a_deterministic
27.2004,-0.11245,0.0000,0.0043,0.04028,0.04029,0.20326,-0.9,1.0000,-30.3112,0.4741,-10.2057,155.432,ppo_car_spread_a_deterministic
27.2204,-0.11245,0.0000,0.0043,0.04256,0.04258,0.29082,-0.9,1.0000,-30.3109,0.4741,-10.2065,155.435,ppo_car_spread_a_deterministic
27.2404,-0.11290,0.0000,0.0008,0.03763,0.03764,0.38736,-0.9,1.0000,-30.3105,0.4741,-10.2072,155.433,ppo_car_spread_a_deterministic
27.2604,-0.11290,0.0000,0.0008,0.04202,0.04203,0.29881,-0.2,1.0000,-30.3102,0.4741,-10.2079,155.431,ppo_car_spread_a_deterministic
27.2804,-0.11290,0.0000,0.0008,0.03725,0.03726,0.25592,-0.2,1.0000,-30.3098,0.4741,-10.2086,155.430,ppo_car_spread_a_deterministic
27.3004,-0.11290,0.0000,0.0008,0.03967,0.03967,0.23494,-0.2,1.0000,-30.3095,0.4741,-10.2093,155.430,ppo_car_spread_a_deterministic
27.3204,-0.11304,0.0018,0.0000,0.04071,0.04073,0.38932,-0.2,1.0000,-30.3091,0.4741,-10.2100,155.425,ppo_car_spread_a_deterministic
27.3404,-0.11304,0.0018,0.0000,0.03935,0.03936,0.32231,0.9,1.0000,-30.3088,0.4741,-10.2107,155.428,ppo_car_spread_a_deterministic
27.3604,-0.11304,0.0018,0.0000,0.04186,0.04188,0.39327,0.9,1.0000,-30.3084,0.4741,-10.2115,155.425,ppo_car_spread_a_deterministic
27.3804,-0.11304,0.0018,0.0000,0.03938,0.03939,0.29119,0.9,1.0000,-30.3081,0.4741,-10.2122,155.423,ppo_car_spread_a_deterministic
27.4004,-0.11290,0.0000,0.0023,0.03919,0.03920,0.16478,0.9,1.0000,-30.3077,0.4741,-10.2129,155.423,ppo_car_spread_a_deterministic
27.4204,-0.11290,0.0000,0.0023,0.04395,0.04396,0.29727,-0.5,1.0000,-30.3074,0.4741,-10.2137,155.423,ppo_car_spread_a_deterministic
27.4404,-0.11290,0.0000,0.0023,0.04272,0.04274,0.28710,-0.5,1.0000,-30.3070,0.4741,-10.2145,155.421,ppo_car_spread_a_deterministic
27.4604,-0.11290,0.0000,0.0023,0.03807,0.03808,0.16068,-0.5,1.0000,-30.3066,0.4741,-10.2152,155.420,ppo_car_spread_a_deterministic
27.4804,-0.11276,0.0000,0.0035,0.03707,0.03708,0.28209,-0.5,1.0000,-30.3063,0.4741,-10.2158,155.422,ppo_car_spread_a_deterministic
27.5004,-0.11276,0.0000,0.0035,0.03815,0.03816,0.32667,-0.7,1.0000,-30.3060,0.4741,-10.2165,155.420,ppo_car_spread_a_deterministic
27.5204,-0.11276,0.0000,0.0035,0.03646,0.03646,0.26681,-0.7,1.0000,-30.3057,0.4741,-10.2172,155.417,ppo_car_spread_a_deterministic
27.5404,-0.11276,0.0000,0.0035,0.03638,0.03639,0.19191,-0.7,1.0000,-30.3054,0.4741,-10.2178,155.415,ppo_car_spread_a_deterministic
27.5604,-0.11326,0.0030,0.0000,0.03438,0.03439,0.40459,-0.7,1.0000,-30.3051,0.4741,-10.2184,155.419,ppo_car_spread_a_deterministic
27.5804,-0.11326,0.0030,0.0000,0.03803,0.03804,0.40319,1.6,1.0000,-30.3047,0.4741,-10.2191,155.418,ppo_car_spread_a_deterministic
27.6004,-0.11326,0.0030,0.0000,0.04152,0.04153,0.23314,1.6,1.0000,-30.3044,0.4741,-10.2199,155.420,ppo_car_spread_a_deterministic
27.6204,-0.11326,0.0030,0.0000,0.04312,0.04313,0.19367,1.6,1.0000,-30.3040,0.4741,-10.2206,155.421,ppo_car_spread_a_deterministic
27.6404,-0.11243,0.0000,0.0036,0.04095,0.04096,0.18571,1.6,1.0000,-30.3036,0.4741,-10.2214,155.421,ppo_car_spread_a_deterministic
27.6604,-0.11243,0.0000,0.0036,0.04257,0.04258,0.26639,-0.8,1.0000,-30.3032,0.4741,-10.2221,155.420,ppo_car_spread_a_deterministic
27.6804,-0.11243,0.0000,0.0036,0.03992,0.03994,0.29228,-0.8,1.0000,-30.3029,0.4741,-10.2229,155.415,ppo_car_spread_a_deterministic
27.7004,-0.11243,0.0000,0.0036,0.04074,0.04075,0.12136,-0.8,1.0000,-30.3025,0.4741,-10.2236,155.415,ppo_car_spread_a_deterministic
27.7204,-0.11321,0.0000,0.0000,0.03724,0.03725,0.40269,-0.8,1.0000,-30.3022,0.4741,-10.2243,155.409,ppo_car_spread_a_deterministic
27.7404,-0.11321,0.0000,0.0000,0.03919,0.03921,0.27659,0.0,1.0000,-30.3019,0.4741,-10.2250,155.412,ppo_car_spread_a_deterministic
27.7604,-0.11321,0.0000,0.0000,0.03883,0.03884,0.17841,0.0,1.0000,-30.3015,0.4741,-10.2257,155.411,ppo_car_spread_a_deterministic
27.7805,-0.11321,0.0000,0.0000,0.03982,0.03983,0.21710,0.0,1.0000,-30.3012,0.4741,-10.2264,155.410,ppo_car_spread_a_deterministic
27.8005,-0.11296,0.0001,0.0000,0.04400,0.04401,0.27875,0.0,1.0000,-30.3008,0.4741,-10.2272,155.407,ppo_car_spread_a_deterministic
27.8205,-0.11296,0.0001,0.0000,0.04095,0.04096,0.30294,0.1,1.0000,-30.3004,0.4741,-10.2279,155.402,ppo_car_spread_a_deterministic
27.8405,-0.11296,0.0001,0.0000,0.03834,0.03835,0.17293,0.1,1.0000,-30.3001,0.4741,-10.2286,155.399,ppo_car_spread_a_deterministic
27.8605,-0.11296,0.0001,0.0000,0.04076,0.04077,0.28489,0.1,1.0000,-30.2997,0.4741,-10.2293,155.400,ppo_car_spread_a_deterministic
27.8805,-0.11317,0.0010,0.0000,0.03815,0.03816,0.20723,0.1,1.0000,-30.2994,0.4741,-10.2300,155.397,ppo_car_spread_a_deterministic
27.9005,-0.11317,0.0010,0.0000,0.03882,0.03883,0.19670,0.5,1.0000,-30.2991,0.4741,-10.2307,155.396,ppo_car_spread_a_deterministic
27.9205,-0.11317,0.0010,0.0000,0.03864,0.03866,0.15015,0.5,1.0000,-30.2987,0.4741,-10.2314,155.397,ppo_car_spread_a_deterministic
27.9405,-0.11317,0.0010,0.0000,0.03306,0.03307,0.40727,0.5,1.0000,-30.2984,0.4741,-10.2320,155.398,ppo_car_spread_a_deterministic
27.9605,-0.11288,0.0000,0.0002,0.04034,0.04036,0.15160,0.5,1.0000,-30.2981,0.4741,-10.2327,155.397,ppo_car_spread_a_deterministic
27.9805,-0.11288,0.0000,0.0002,0.04072,0.04074,0.07552,0.0,1.0000,-30.2977,0.4741,-10.2335,155.396,ppo_car_spread_a_deterministic
28.0005,-0.11288,0.0000,0.0002,0.04257,0.04259,0.26709,0.0,1.0000,-30.2973,0.4741,-10.2342,155.392,ppo_car_spread_a_deterministic
28.0205,-0.11288,0.0000,0.0002,0.03741,0.03742,0.19033,0.0,1.0000,-30.2970,0.4741,-10.2349,155.389,ppo_car_spread_a_deterministic
28.0405,-0.11298,0.0000,0.0027,0.03682,0.03683,0.28020,0.0,1.0000,-30.2967,0.4741,-10.2356,155.386,ppo_car_spread_a_deterministic
28.0605,-0.11298,0.0000,0.0027,0.03454,0.03455,0.30619,-0.6,1.0000,-30.2964,0.4741,-10.2362,155.384,ppo_car_spread_a_deterministic
28.0805,-0.11298,0.0000,0.0027,0.04023,0.04024,0.18387,-0.6,1.0000,-30.2960,0.4741,-10.2369,155.383,ppo_car_spread_a_deterministic
28.1005,-0.11298,0.0000,0.0027,0.04162,0.04164,0.18005,-0.6,1.0000,-30.2957,0.4741,-10.2377,155.381,ppo_car_spread_a_deterministic
28.1205,-0.11299,0.0000,0.0012,0.03566,0.03567,0.34294,-0.6,1.0000,-30.2954,0.4741,-10.2383,155.378,ppo_car_spread_a_deterministic
28.1405,-0.11299,0.0000,0.0012,0.04070,0.04071,0.21598,-0.3,1.0000,-30.2950,0.4741,-10.2390,155.377,ppo_car_spread_a_deterministic
28.1605,-0.11299,0.0000,0.0012,0.04240,0.04241,0.29811,-0.3,1.0000,-30.2946,0.4741,-10.2398,155.374,ppo_car_spread_a_deterministic
28.1805,-0.11299,0.0000,0.0012,0.04383,0.04384,0.28329,-0.3,1.0000,-30.2942,0.4741,-10.2406,155.373,ppo_car_spread_a_deterministic
28.2005,-0.11291,0.0000,0.0030,0.03934,0.03935,0.29339,-0.3,1.0000,-30.2939,0.4741,-10.2413,155.372,ppo_car_spread_a_deterministic
28.2205,-0.11291,0.0000,0.0030,0.04241,0.04242,0.29314,-0.6,1.0000,-30.2935,0.4741,-10.2421,155.371,ppo_car_spread_a_deterministic
28.2405,-0.11291,0.0000,0.0030,0.04124,0.04125,0.29716,-0.6,1.0000,-30.2932,0.4741,-10.2428,155.369,ppo_car_spread_a_deterministic
28.2605,-0.11291,0.0000,0.0030,0.03886,0.03887,0.22242,-0.6,1.0000,-30.2928,0.4741,-10.2435,155.371,ppo_car_spread_a_deterministic
28.2805,-0.11298,0.0000,0.0020,0.04170,0.04171,0.15943,-0.6,1.0000,-30.2924,0.4741,-10.2442,155.372,ppo_car_spread_a_deterministic
28.3005,-0.11298,0.0000,0.0020,0.04016,0.04017,0.36296,-0.4,1.0000,-30.2921,0.4741,-10.2450,155.370,ppo_car_spread_a_deterministic
28.3205,-0.11298,0.0000,0.0020,0.04054,0.04055,0.29480,-0.4,1.0000,-30.2917,0.4741,-10.2457,155.373,ppo_car_spread_a_deterministic
28.3405,-0.11298,0.0000,0.0020,0.04088,0.04089,0.26465,-0.4,1.0000,-30.2914,0.4741,-10.2464,155.375,ppo_car_spread_a_deterministic
28.3605,-0.11256,0.0000,0.0030,0.04152,0.04153,0.30783,-0.4,1.0000,-30.2910,0.4741,-10.2472,155.374,ppo_car_spread_a_deterministic
28.3805,-0.11256,0.0000,0.0030,0.04108,0.04109,0.20078,-0.6,1.0000,-30.2907,0.4741,-10.2479,155.371,ppo_car_spread_a_deterministic
28.4005,-0.11256,0.0000,0.0030,0.03502,0.03503,0.30942,-0.6,1.0000,-30.2904,0.4741,-10.2485,155.368,ppo_car_spread_a_deterministic
28.4205,-0.11256,0.0000,0.0030,0.03463,0.03464,0.20430,-0.6,1.0000,-30.2901,0.4741,-10.2492,155.368,ppo_car_spread_a_deterministic
28.4405,-0.11353,0.0045,0.0000,0.03824,0.03825,0.23735,-0.6,1.0000,-30.2897,0.4741,-10.2498,155.367,ppo_car_spread_a_deterministic
28.4605,-0.11353,0.0045,0.0000,0.03994,0.03995,0.29860,2.3,1.0000,-30.2894,0.4741,-10.2506,155.369,ppo_car_spread_a_deterministic
28.4805,-0.11353,0.0045,0.0000,0.03712,0.03713,0.33448,2.3,1.0000,-30.2891,0.4741,-10.2512,155.371,ppo_car_spread_a_deterministic
28.5005,-0.11353,0.0045,0.0000,0.04263,0.04264,0.19690,2.3,1.0000,-30.2887,0.4741,-10.2520,155.369,ppo_car_spread_a_deterministic
28.5205,-0.11307,0.0010,0.0000,0.04431,0.04432,0.29608,2.3,1.0000,-30.2883,0.4741,-10.2528,155.365,ppo_car_spread_a_deterministic
28.5405,-0.11307,0.0010,0.0000,0.03946,0.03947,0.24508,0.5,1.0000,-30.2879,0.4741,-10.2535,155.364,ppo_car_spread_a_deterministic
28.5605,-0.11307,0.0010,0.0000,0.04257,0.04258,0.07731,0.5,1.0000,-30.2876,0.4741,-10.2543,155.363,ppo_car_spread_a_deterministic
28.5805,-0.11307,0.0010,0.0000,0.04427,0.04429,0.23691,0.5,1.0000,-30.2872,0.4741,-10.2551,155.364,ppo_car_spread_a_deterministic
28.6005,-0.11285,0.0000,0.0035,0.03944,0.03945,0.32793,0.5,1.0000,-30.2868,0.4741,-10.2558,155.361,ppo_car_spread_a_deterministic
28.6205,-0.11285,0.0000,0.0035,0.03657,0.03658,0.35432,-0.7,1.0000,-30.2865,0.4741,-10.2564,155.356,ppo_car_spread_a_deterministic
28.6405,-0.11285,0.0000,0.0035,0.04328,0.04329,0.26184,-0.7,1.0000,-30.2861,0.4741,-10.2572,155.356,ppo_car_spread_a_deterministic
28.6605,-0.11285,0.0000,0.0035,0.04019,0.04020,0.09101,-0.7,1.0000,-30.2858,0.4741,-10.2579,155.354,ppo_car_spread_a_deterministic
28.6805,-0.11267,0.0000,0.0044,0.03797,0.03798,0.39115,-0.7,1.0000,-30.2854,0.4741,-10.2586,155.349,ppo_car_spread_a_deterministic
28.7005,-0.11267,0.0000,0.0044,0.03577,0.03579,0.39671,-0.9,1.0000,-30.2851,0.4741,-10.2593,155.345,ppo_car_spread_a_deterministic
28.7205,-0.11267,0.0000,0.0044,0.03577,0.03578,0.40692,-0.9,1.0000,-30.2848,0.4741,-10.2599,155.347,ppo_car_spread_a_deterministic
28.7405,-0.11267,0.0000,0.0044,0.03832,0.03833,0.23707,-0.9,1.0000,-30.2845,0.4741,-10.2606,155.345,ppo_car_spread_a_deterministic
28.7605,-0.11307,0.0021,0.0000,0.03516,0.03517,0.32957,-0.9,1.0000,-30.2842,0.4741,-10.2612,155.341,ppo_car_spread_a_deterministic
28.7805,-0.11307,0.0021,0.0000,0.03711,0.03712,0.18037,1.1,1.0000,-30.2838,0.4741,-10.2619,155.341,ppo_car_spread_a_deterministic
28.8005,-0.11307,0.0021,0.0000,0.03687,0.03688,0.40423,1.1,1.0000,-30.2835,0.4741,-10.2625,155.340,ppo_car_spread_a_deterministic
28.8205,-0.11307,0.0021,0.0000,0.04232,0.04234,0.24151,1.1,1.0000,-30.2831,0.4741,-10.2633,155.342,ppo_car_spread_a_deterministic
28.8405,-0.11330,0.0018,0.0000,0.04230,0.04232,0.17423,1.1,1.0000,-30.2828,0.4741,-10.2641,155.341,ppo_car_spread_a_deterministic
28.8605,-0.11330,0.0018,0.0000,0.03673,0.03675,0.26158,0.9,1.0000,-30.2824,0.4741,-10.2647,155.337,ppo_car_spread_a_deterministic
28.8805,-0.11330,0.0018,0.0000,0.03673,0.03674,0.28018,0.9,1.0000,-30.2821,0.4741,-10.2654,155.338,ppo_car_spread_a_deterministic
28.9005,-0.11330,0.0018,0.0000,0.04155,0.04156,0.17269,0.9,1.0000,-30.2818,0.4741,-10.2661,155.338,ppo_car_spread_a_deterministic
28.9205,-0.11323,0.0015,0.0000,0.04565,0.04566,0.27001,0.9,1.0000,-30.2814,0.4741,-10.2670,155.336,ppo_car_spread_a_deterministic
28.9405,-0.11323,0.0015,0.0000,0.04135,0.04137,0.23914,0.8,1.0000,-30.2810,0.4741,-10.2677,155.336,ppo_car_spread_a_deterministic
28.9605,-0.11323,0.0015,0.0000,0.04240,0.04241,0.26098,0.8,1.0000,-30.2806,0.4741,-10.2685,155.334,ppo_car_spread_a_deterministic
28.9805,-0.11323,0.0015,0.0000,0.03821,0.03822,0.33248,0.8,1.0000,-30.2803,0.4741,-10.2692,155.334,ppo_car_spread_a_deterministic
29.0005,-0.11300,0.0000,0.0032,0.03672,0.03673,0.27630,0.8,1.0000,-30.2800,0.4741,-10.2698,155.335,ppo_car_spread_a_deterministic
29.0205,-0.11300,0.0000,0.0032,0.04671,0.04672,0.28873,-0.7,1.0000,-30.2795,0.4741,-10.2707,155.332,ppo_car_spread_a_deterministic
29.0405,-0.11300,0.0000,0.0032,0.04478,0.04479,0.24345,-0.7,1.0000,-30.2791,0.4741,-10.2715,155.331,ppo_car_spread_a_deterministic
29.0605,-0.11300,0.0000,0.0032,0.04421,0.04422,0.24683,-0.7,1.0000,-30.2788,0.4741,-10.2723,155.331,ppo_car_spread_a_deterministic
29.0805,-0.11281,0.0000,0.0056,0.04352,0.04353,0.24648,-0.7,1.0000,-30.2784,0.4741,-10.2731,155.331,ppo_car_spread_a_deterministic
29.1005,-0.11281,0.0000,0.0056,0.03646,0.03647,0.26458,-1.2,1.0000,-30.2781,0.4741,-10.2737,155.330,ppo_car_spread_a_deterministic
29.1205,-0.11281,0.0000,0.0056,0.04228,0.04229,0.20451,-1.2,1.0000,-30.2777,0.4741,-10.2745,155.330,ppo_car_spread_a_deterministic
29.1405,-0.11281,0.0000,0.0056,0.03897,0.03898,0.18513,-1.2,1.0000,-30.2773,0.4741,-10.2752,155.328,ppo_car_spread_a_deterministic
29.1605,-0.11285,0.0000,0.0035,0.03656,0.03657,0.15995,-1.2,1.0000,-30.2770,0.4741,-10.2758,155.327,ppo_car_spread_a_deterministic
29.1805,-0.11285,0.0000,0.0035,0.03253,0.03254,0.38283,-0.7,1.0000,-30.2767,0.4741,-10.2764,155.326,ppo_car_spread_a_deterministic
29.2005,-0.11285,0.0000,0.0035,0.04710,0.04711,0.30030,-0.7,1.0000,-30.2763,0.4741,-10.2772,155.326,ppo_car_spread_a_deterministic
29.2205,-0.11285,0.0000,0.0035,0.03679,0.03680,0.35548,-0.7,1.0000,-30.2760,0.4741,-10.2779,155.328,ppo_car_spread_a_deterministic
29.2405,-0.11242,0.0000,0.0082,0.03708,0.03710,0.21040,-0.7,1.0000,-30.2757,0.4741,-10.2786,155.325,ppo_car_spread_a_deterministic
29.2605,-0.11242,0.0000,0.0082,0.03224,0.03225,0.33930,-1.7,1.0000,-30.2754,0.4741,-10.2791,155.323,ppo_car_spread_a_deterministic
29.2805,-0.11242,0.0000,0.0082,0.03789,0.03790,0.25004,-1.7,1.0000,-30.2751,0.4741,-10.2798,155.324,ppo_car_spread_a_deterministic
29.3005,-0.11242,0.0000,0.0082,0.03255,0.03257,0.32926,-1.7,1.0000,-30.2748,0.4741,-10.2804,155.323,ppo_car_spread_a_deterministic
29.3205,-0.11309,0.0002,0.0000,0.04074,0.04075,0.25741,-1.7,1.0000,-30.2744,0.4741,-10.2811,155.322,ppo_car_spread_a_deterministic
29.3405,-0.11309,0.0002,0.0000,0.02831,0.02832,0.36528,0.1,1.0000,-30.2742,0.4741,-10.2816,155.323,ppo_car_spread_a_deterministic
29.3605,-0.11309,0.0002,0.0000,0.03923,0.03924,0.19632,0.1,1.0000,-30.2738,0.4741,-10.2823,155.320,ppo_car_spread_a_deterministic
29.3805,-0.11309,0.0002,0.0000,0.04311,0.04312,0.28860,0.1,1.0000,-30.2734,0.4741,-10.2831,155.320,ppo_car_spread_a_deterministic
29.4005,-0.11336,0.0002,0.0000,0.04040,0.04041,0.24019,0.1,1.0000,-30.2731,0.4741,-10.2838,155.317,ppo_car_spread_a_deterministic
29.4205,-0.11336,0.0002,0.0000,0.03804,0.03805,0.28667,0.1,1.0000,-30.2727,0.4741,-10.2845,155.314,ppo_car_spread_a_deterministic
29.4405,-0.11336,0.0002,0.0000,0.03744,0.03745,0.37277,0.1,1.0000,-30.2724,0.4741,-10.2852,155.313,ppo_car_spread_a_deterministic
29.4605,-0.11336,0.0002,0.0000,0.03772,0.03773,0.07956,0.1,1.0000,-30.2721,0.4741,-10.2859,155.314,ppo_car_spread_a_deterministic
29.4805,-0.11337,0.0016,0.0000,0.03577,0.03579,0.40230,0.1,1.0000,-30.2718,0.4741,-10.2865,155.316,ppo_car_spread_a_deterministic
29.5005,-0.11337,0.0016,0.0000,0.04149,0.04150,0.28901,0.8,1.0000,-30.2714,0.4741,-10.2873,155.315,ppo_car_spread_a_deterministic
29.5205,-0.11337,0.0016,0.0000,0.04093,0.04095,0.39964,0.8,1.0000,-30.2710,0.4741,-10.2880,155.311,ppo_car_spread_a_deterministic
29.5405,-0.11337,0.0016,0.0000,0.03566,0.03567,0.26826,0.8,1.0000,-30.2707,0.4741,-10.2887,155.307,ppo_car_spread_a_deterministic
29.5605,-0.11360,0.0000,0.0010,0.03418,0.03419,0.33992,0.8,1.0000,-30.2704,0.4741,-10.2893,155.308,ppo_car_spread_a_deterministic
29.5805,-0.11360,0.0000,0.0010,0.03998,0.03999,0.29150,-0.2,1.0000,-30.2701,0.4741,-10.2900,155.312,ppo_car_spread_a_deterministic
29.6005,-0.11360,0.0000,0.0010,0.03375,0.03376,0.40669,-0.2,1.0000,-30.2698,0.4741,-10.2906,155.314,ppo_car_spread_a_deterministic
29.6205,-0.11360,0.0000,0.0010,0.03795,0.03796,0.20633,-0.2,1.0000,-30.2694,0.4741,-10.2913,155.312,ppo_car_spread_a_deterministic
29.6405,-0.11353,0.0041,0.0000,0.03391,0.03392,0.34776,-0.2,1.0000,-30.2691,0.4741,-10.2919,155.314,ppo_car_spread_a_deterministic
29.6605,-0.11353,0.0041,0.0000,0.03808,0.03810,0.38316,2.1,1.0000,-30.2688,0.4741,-10.2926,155.312,ppo_car_spread_a_deterministic
29.6805,-0.11353,0.0041,0.0000,0.04148,0.04150,0.24805,2.1,1.0000,-30.2684,0.4741,-10.2933,155.313,ppo_car_spread_a_deterministic
29.7005,-0.11353,0.0041,0.0000,0.03422,0.03423,0.38513,2.1,1.0000,-30.2681,0.4741,-10.2939,155.312,ppo_car_spread_a_deterministic
29.7205,-0.11305,0.0000,0.0030,0.03819,0.03821,0.36180,2.1,1.0000,-30.2678,0.4741,-10.2946,155.311,ppo_car_spread_a_deterministic
29.7405,-0.11305,0.0000,0.0030,0.04332,0.04333,0.28976,-0.6,1.0000,-30.2674,0.4741,-10.2954,155.312,ppo_car_spread_a_deterministic
29.7605,-0.11305,0.0000,0.0030,0.03711,0.03712,0.35740,-0.6,1.0000,-30.2671,0.4741,-10.2961,155.310,ppo_car_spread_a_deterministic
29.7805,-0.11305,0.0000,0.0030,0.03700,0.03701,0.23004,-0.6,1.0000,-30.2668,0.4741,-10.2967,155.307,ppo_car_spread_a_deterministic
29.8005,-0.11357,0.0021,0.0000,0.03569,0.03571,0.34577,-0.6,1.0000,-30.2664,0.4741,-10.2974,155.310,ppo_car_spread_a_deterministic
29.8205,-0.11357,0.0021,0.0000,0.04307,0.04309,0.25926,1.1,1.0000,-30.2661,0.4741,-10.2981,155.309,ppo_car_spread_a_deterministic
29.8405,-0.11357,0.0021,0.0000,0.03214,0.03215,0.36624,1.1,1.0000,-30.2658,0.4741,-10.2987,155.309,ppo_car_spread_a_deterministic
29.8605,-0.11357,0.0021,0.0000,0.04278,0.04280,0.15106,1.1,1.0000,-30.2654,0.4741,-10.2995,155.307,ppo_car_spread_a_deterministic
29.8805,-0.11387,0.0062,0.0000,0.04102,0.04103,0.20843,1.1,1.0000,-30.2650,0.4741,-10.3002,155.304,ppo_car_spread_a_deterministic
29.9005,-0.11387,0.0062,0.0000,0.04018,0.04019,0.26214,3.3,1.0000,-30.2647,0.4741,-10.3009,155.299,ppo_car_spread_a_deterministic
29.9205,-0.11387,0.0062,0.0000,0.04394,0.04396,0.29035,3.3,1.0000,-30.2643,0.4741,-10.3017,155.298,ppo_car_spread_a_deterministic
29.9405,-0.11387,0.0062,0.0000,0.03927,0.03929,0.28673,3.3,1.0000,-30.2640,0.4741,-10.3024,155.298,ppo_car_spread_a_deterministic
29.9605,-0.11303,0.0000,0.0047,0.04100,0.04101,0.40926,3.3,1.0000,-30.2636,0.4741,-10.3032,155.299,ppo_car_spread_a_deterministic
29.9805,-0.11303,0.0000,0.0047,0.04527,0.04529,0.26319,-1.0,1.0000,-30.2632,0.4741,-10.3040,155.297,ppo_car_spread_a_deterministic
30.0005,-0.11303,0.0000,0.0047,0.03945,0.03946,0.29950,-1.0,1.0000,-30.2629,0.4741,-10.3047,155.300,ppo_car_spread_a_deterministic
30.0205,-0.11303,0.0000,0.0047,0.04436,0.04437,0.28172,-1.0,1.0000,-30.2625,0.4741,-10.3055,155.298,ppo_car_spread_a_deterministic
30.0405,-0.11295,0.0000,0.0016,0.03749,0.03750,0.36842,-1.0,1.0000,-30.2621,0.4741,-10.3062,155.298,ppo_car_spread_a_deterministic
30.0605,-0.11295,0.0000,0.0016,0.04065,0.04066,0.28827,-0.3,1.0000,-30.2618,0.4741,-10.3069,155.297,ppo_car_spread_a_deterministic
30.0805,-0.11295,0.0000,0.0016,0.04229,0.04230,0.19075,-0.3,1.0000,-30.2614,0.4741,-10.3077,155.298,ppo_car_spread_a_deterministic
30.1005,-0.11295,0.0000,0.0016,0.03986,0.03987,0.35515,-0.3,1.0000,-30.2611,0.4741,-10.3084,155.292,ppo_car_spread_a_deterministic
30.1205,-0.11279,0.0000,0.0039,0.04598,0.04600,0.29086,-0.3,1.0000,-30.2606,0.4741,-10.3092,155.290,ppo_car_spread_a_deterministic
30.1405,-0.11279,0.0000,0.0039,0.04508,0.04509,0.21037,-0.8,1.0000,-30.2602,0.4741,-10.3100,155.291,ppo_car_spread_a_deterministic
30.1605,-0.11279,0.0000,0.0039,0.03872,0.03873,0.30276,-0.8,1.0000,-30.2599,0.4741,-10.3107,155.293,ppo_car_spread_a_deterministic
30.1805,-0.11279,0.0000,0.0039,0.04397,0.04398,0.28326,-0.8,1.0000,-30.2595,0.4741,-10.3115,155.291,ppo_car_spread_a_deterministic
30.2005,-0.11305,0.0000,0.0008,0.04101,0.04103,0.21569,-0.8,1.0000,-30.2592,0.4741,-10.3122,155.288,ppo_car_spread_a_deterministic
30.2205,-0.11305,0.0000,0.0008,0.04152,0.04153,0.37110,-0.2,1.0000,-30.2588,0.4741,-10.3130,155.293,ppo_car_spread_a_deterministic
30.2405,-0.11305,0.0000,0.0008,0.04256,0.04257,0.14662,-0.2,1.0000,-30.2584,0.4741,-10.3137,155.294,ppo_car_spread_a_deterministic
30.2605,-0.11305,0.0000,0.0008,0.03805,0.03806,0.33940,-0.2,1.0000,-30.2581,0.4741,-10.3144,155.296,ppo_car_spread_a_deterministic
30.2805,-0.11286,0.0000,0.0041,0.03508,0.03509,0.34865,-0.2,1.0000,-30.2578,0.4741,-10.3150,155.294,ppo_car_spread_a_deterministic
30.3005,-0.11286,0.0000,0.0041,0.04261,0.04263,0.30282,-0.9,1.0000,-30.2574,0.4741,-10.3158,155.290,ppo_car_spread_a_deterministic
30.3205,-0.11286,0.0000,0.0041,0.03917,0.03918,0.31014,-0.9,1.0000,-30.2571,0.4741,-10.3165,155.288,ppo_car_spread_a_deterministic
30.3405,-0.11286,0.0000,0.0041,0.04033,0.04034,0.24820,-0.9,1.0000,-30.2567,0.4741,-10.3172,155.285,ppo_car_spread_a_deterministic
30.3605,-0.11339,0.0001,0.0000,0.03625,0.03626,0.39740,-0.9,1.0000,-30.2564,0.4741,-10.3179,155.284,ppo_car_spread_a_deterministic
30.3805,-0.11339,0.0001,0.0000,0.04688,0.04689,0.26967,0.1,1.0000,-30.2560,0.4741,-10.3187,155.282,ppo_car_spread_a_deterministic
30.4005,-0.11339,0.0001,0.0000,0.03985,0.03986,0.17583,0.1,1.0000,-30.2556,0.4741,-10.3194,155.281,ppo_car_spread_a_deterministic
30.4205,-0.11339,0.0001,0.0000,0.03279,0.03280,0.40508,0.1,1.0000,-30.2553,0.4741,-10.3200,155.283,ppo_car_spread_a_deterministic
30.4405,-0.11350,0.0000,0.0007,0.04163,0.04164,0.38618,0.1,1.0000,-30.2550,0.4741,-10.3208,155.278,ppo_car_spread_a_deterministic
30.4605,-0.11350,0.0000,0.0007,0.03713,0.03714,0.39576,-0.1,1.0000,-30.2546,0.4741,-10.3214,155.278,ppo_car_spread_a_deterministic
30.4805,-0.11350,0.0000,0.0007,0.03954,0.03955,0.21392,-0.1,1.0000,-30.2543,0.4741,-10.3222,155.279,ppo_car_spread_a_deterministic
30.5005,-0.11350,0.0000,0.0007,0.03975,0.03977,0.18308,-0.1,1.0000,-30.2539,0.4741,-10.3229,155.280,ppo_car_spread_a_deterministic
30.5205,-0.11320,0.0000,0.0011,0.03835,0.03836,0.25913,-0.1,1.0000,-30.2536,0.4741,-10.3236,155.277,ppo_car_spread_a_deterministic
30.5405,-0.11320,0.0000,0.0011,0.03940,0.03941,0.20301,-0.2,1.0000,-30.2533,0.4741,-10.3243,155.276,ppo_car_spread_a_deterministic
30.5605,-0.11320,0.0000,0.0011,0.04207,0.04208,0.28695,-0.2,1.0000,-30.2529,0.4741,-10.3250,155.277,ppo_car_spread_a_deterministic
30.5805,-0.11320,0.0000,0.0011,0.03976,0.03977,0.36706,-0.2,1.0000,-30.2525,0.4741,-10.3257,155.277,ppo_car_spread_a_deterministic
30.6005,-0.11300,0.0000,0.0034,0.03602,0.03603,0.24634,-0.2,1.0000,-30.2522,0.4741,-10.3264,155.276,ppo_car_spread_a_deterministic
30.6205,-0.11300,0.0000,0.0034,0.03844,0.03846,0.25343,-0.7,1.0000,-30.2519,0.4741,-10.3271,155.276,ppo_car_spread_a_deterministic
30.6405,-0.11300,0.0000,0.0034,0.03623,0.03625,0.40287,-0.7,1.0000,-30.2516,0.4741,-10.3277,155.275,ppo_car_spread_a_deterministic
30.6605,-0.11300,0.0000,0.0034,0.03961,0.03962,0.16840,-0.7,1.0000,-30.2512,0.4741,-10.3284,155.275,ppo_car_spread_a_deterministic
30.6805,-0.11375,0.0025,0.0000,0.04255,0.04256,0.29079,-0.7,1.0000,-30.2508,0.4741,-10.3292,155.272,ppo_car_spread_a_deterministic
30.7005,-0.11375,0.0025,0.0000,0.04119,0.04120,0.26688,1.3,1.0000,-30.2505,0.4741,-10.3299,155.267,ppo_car_spread_a_deterministic
30.7205,-0.11375,0.0025,0.0000,0.04055,0.04056,0.29857,1.3,1.0000,-30.2501,0.4741,-10.3307,155.262,ppo_car_spread_a_deterministic
30.7405,-0.11375,0.0025,0.0000,0.03745,0.03746,0.19009,1.3,1.0000,-30.2498,0.4741,-10.3313,155.260,ppo_car_spread_a_deterministic
30.7605,-0.11384,0.0000,0.0004,0.03918,0.03919,0.22466,1.3,1.0000,-30.2494,0.4741,-10.3320,155.256,ppo_car_spread_a_deterministic
30.7805,-0.11384,0.0000,0.0004,0.03802,0.03804,0.17487,-0.1,1.0000,-30.2491,0.4741,-10.3327,155.254,ppo_car_spread_a_deterministic
30.8005,-0.11384,0.0000,0.0004,0.04001,0.04003,0.30889,-0.1,1.0000,-30.2487,0.4741,-10.3334,155.250,ppo_car_spread_a_deterministic
30.8205,-0.11384,0.0000,0.0004,0.04425,0.04426,0.24031,-0.1,1.0000,-30.2483,0.4741,-10.3342,155.251,ppo_car_spread_a_deterministic
30.8405,-0.11390,0.0000,0.0000,0.03927,0.03928,0.29814,-0.1,1.0000,-30.2480,0.4741,-10.3350,155.251,ppo_car_spread_a_deterministic
30.8605,-0.11390,0.0000,0.0000,0.04610,0.04612,0.19861,0.0,1.0000,-30.2476,0.4741,-10.3358,155.250,ppo_car_spread_a_deterministic
30.8805,-0.11390,0.0000,0.0000,0.04031,0.04032,0.36586,0.0,1.0000,-30.2472,0.4741,-10.3365,155.252,ppo_car_spread_a_deterministic
30.9005,-0.11390,0.0000,0.0000,0.04260,0.04261,0.25966,0.0,1.0000,-30.2469,0.4741,-10.3373,155.253,ppo_car_spread_a_deterministic
30.9205,-0.11323,0.0000,0.0021,0.03452,0.03453,0.37179,0.0,1.0000,-30.2466,0.4741,-10.3379,155.253,ppo_car_spread_a_deterministic
30.9405,-0.11323,0.0000,0.0021,0.04091,0.04091,0.34878,-0.4,1.0000,-30.2462,0.4741,-10.3386,155.254,ppo_car_spread_a_deterministic
30.9605,-0.11323,0.0000,0.0021,0.03940,0.03941,0.29107,-0.4,1.0000,-30.2459,0.4741,-10.3393,155.254,ppo_car_spread_a_deterministic
30.9805,-0.11323,0.0000,0.0021,0.03883,0.03884,0.17821,-0.4,1.0000,-30.2455,0.4741,-10.3400,155.254,ppo_car_spread_a_deterministic
31.0005,-0.11337,0.0000,0.0009,0.04110,0.04111,0.21053,-0.4,1.0000,-30.2452,0.4741,-10.3408,155.252,ppo_car_spread_a_deterministic
31.0205,-0.11337,0.0000,0.0009,0.03912,0.03913,0.16811,-0.2,1.0000,-30.2448,0.4741,-10.3415,155.252,ppo_car_spread_a_deterministic
31.0405,-0.11337,0.0000,0.0009,0.04045,0.04046,0.28488,-0.2,1.0000,-30.2445,0.4741,-10.3422,155.250,ppo_car_spread_a_deterministic
31.0605,-0.11337,0.0000,0.0009,0.03965,0.03966,0.23785,-0.2,1.0000,-30.2441,0.4741,-10.3429,155.248,ppo_car_spread_a_deterministic
31.0805,-0.11341,0.0000,0.0012,0.04343,0.04345,0.23049,-0.2,1.0000,-30.2437,0.4741,-10.3437,155.248,ppo_car_spread_a_deterministic
31.1005,-0.11341,0.0000,0.0012,0.04345,0.04346,0.26447,-0.3,1.0000,-30.2433,0.4741,-10.3445,155.250,ppo_car_spread_a_deterministic
31.1205,-0.11341,0.0000,0.0012,0.04155,0.04156,0.12695,-0.3,1.0000,-30.2430,0.4741,-10.3452,155.251,ppo_car_spread_a_deterministic
31.1405,-0.11341,0.0000,0.0012,0.04323,0.04325,0.28944,-0.3,1.0000,-30.2426,0.4741,-10.3460,155.249,ppo_car_spread_a_deterministic
31.1605,-0.11321,0.0000,0.0029,0.04003,0.04004,0.19010,-0.3,1.0000,-30.2422,0.4741,-10.3467,155.246,ppo_car_spread_a_deterministic
31.1805,-0.11321,0.0000,0.0029,0.04096,0.04097,0.16030,-0.6,1.0000,-30.2419,0.4741,-10.3474,155.246,ppo_car_spread_a_deterministic
31.2005,-0.11321,0.0000,0.0029,0.03926,0.03927,0.40714,-0.6,1.0000,-30.2415,0.4741,-10.3481,155.243,ppo_car_spread_a_deterministic
31.2205,-0.11321,0.0000,0.0029,0.03691,0.03692,0.34589,-0.6,1.0000,-30.2412,0.4741,-10.3488,155.242,ppo_car_spread_a_deterministic
31.2405,-0.11372,0.0004,0.0000,0.04133,0.04134,0.38566,-0.6,1.0000,-30.2408,0.4741,-10.3495,155.238,ppo_car_spread_a_deterministic
31.2605,-0.11372,0.0004,0.0000,0.04144,0.04146,0.29503,0.2,1.0000,-30.2405,0.4741,-10.3503,155.240,ppo_car_spread_a_deterministic
31.2805,-0.11372,0.0004,0.0000,0.04039,0.04040,0.28966,0.2,1.0000,-30.2401,0.4741,-10.3510,155.239,ppo_car_spread_a_deterministic
31.3005,-0.11372,0.0004,0.0000,0.03761,0.03762,0.30235,0.2,1.0000,-30.2398,0.4741,-10.3517,155.240,ppo_car_spread_a_deterministic
31.3205,-0.11348,0.0000,0.0011,0.04425,0.04426,0.26877,0.2,1.0000,-30.2394,0.4741,-10.3525,155.239,ppo_car_spread_a_deterministic
31.3405,-0.11348,0.0000,0.0011,0.03801,0.03802,0.32998,-0.2,1.0000,-30.2391,0.4741,-10.3532,155.237,ppo_car_spread_a_deterministic
31.3605,-0.11348,0.0000,0.0011,0.04239,0.04241,0.28131,-0.2,1.0000,-30.2387,0.4741,-10.3539,155.239,ppo_car_spread_a_deterministic
31.3805,-0.11348,0.0000,0.0011,0.03378,0.03379,0.39174,-0.2,1.0000,-30.2384,0.4741,-10.3545,155.239,ppo_car_spread_a_deterministic
31.4005,-0.11303,0.0000,0.0044,0.04070,0.04072,0.29202,-0.2,1.0000,-30.2380,0.4741,-10.3553,155.239,ppo_car_spread_a_deterministic
31.4205,-0.11303,0.0000,0.0044,0.03680,0.03681,0.22772,-0.9,1.0000,-30.2377,0.4741,-10.3559,155.237,ppo_car_spread_a_deterministic
31.4405,-0.11303,0.0000,0.0044,0.03678,0.03679,0.31142,-0.9,1.0000,-30.2374,0.4741,-10.3566,155.232,ppo_car_spread_a_deterministic
31.4605,-0.11303,0.0000,0.0044,0.04086,0.04087,0.28020,-0.9,1.0000,-30.2370,0.4741,-10.3573,155.229,ppo_car_spread_a_deterministic
31.4805,-0.11418,0.0033,0.0000,0.03854,0.03856,0.26906,-0.9,1.0000,-30.2367,0.4741,-10.3580,155.231,ppo_car_spread_a_deterministic
31.5005,-0.11418,0.0033,0.0000,0.03949,0.03950,0.17849,1.7,1.0000,-30.2363,0.4741,-10.3587,155.230,ppo_car_spread_a_deterministic
31.5205,-0.11418,0.0033,0.0000,0.04077,0.04078,0.08652,1.7,1.0000,-30.2360,0.4741,-10.3595,155.230,ppo_car_spread_a_deterministic
31.5405,-0.11418,0.0033,0.0000,0.04000,0.04001,0.36102,1.7,1.0000,-30.2356,0.4741,-10.3602,155.228,ppo_car_spread_a_deterministic
31.5605,-0.11353,0.0000,0.0019,0.03302,0.03303,0.35140,1.7,1.0000,-30.2353,0.4741,-10.3608,155.226,ppo_car_spread_a_deterministic
31.5805,-0.11353,0.0000,0.0019,0.04283,0.04285,0.25818,-0.4,1.0000,-30.2350,0.4741,-10.3615,155.227,ppo_car_spread_a_deterministic
31.6005,-0.11353,0.0000,0.0019,0.04204,0.04205,0.22620,-0.4,1.0000,-30.2346,0.4741,-10.3623,155.227,ppo_car_spread_a_deterministic
31.6205,-0.11353,0.0000,0.0019,0.03885,0.03886,0.12826,-0.4,1.0000,-30.2342,0.4741,-10.3630,155.226,ppo_car_spread_a_deterministic
31.6405,-0.11324,0.0000,0.0032,0.04128,0.04129,0.27981,-0.4,1.0000,-30.2339,0.4741,-10.3637,155.227,ppo_car_spread_a_deterministic
31.6605,-0.11324,0.0000,0.0032,0.03161,0.03162,0.36065,-0.7,1.0000,-30.2336,0.4741,-10.3643,155.228,ppo_car_spread_a_deterministic
31.6805,-0.11324,0.0000,0.0032,0.04141,0.04142,0.35159,-0.7,1.0000,-30.2332,0.4741,-10.3650,155.222,ppo_car_spread_a_deterministic
31.7005,-0.11324,0.0000,0.0032,0.04306,0.04307,0.24761,-0.7,1.0000,-30.2329,0.4741,-10.3658,155.221,ppo_car_spread_a_deterministic
31.7205,-0.11394,0.0000,0.0009,0.04429,0.04430,0.29298,-0.7,1.0000,-30.2325,0.4741,-10.3666,155.222,ppo_car_spread_a_deterministic
31.7405,-0.11394,0.0000,0.0009,0.03354,0.03355,0.28062,-0.2,1.0000,-30.2322,0.4741,-10.3672,155.221,ppo_car_spread_a_deterministic
31.7605,-0.11394,0.0000,0.0009,0.03769,0.03770,0.31767,-0.2,1.0000,-30.2318,0.4741,-10.3679,155.217,ppo_car_spread_a_deterministic
31.7805,-0.11394,0.0000,0.0009,0.04230,0.04232,0.27877,-0.2,1.0000,-30.2315,0.4741,-10.3687,155.218,ppo_car_spread_a_deterministic
31.8005,-0.11421,0.0023,0.0000,0.03520,0.03521,0.26146,-0.2,1.0000,-30.2312,0.4741,-10.3693,155.217,ppo_car_spread_a_deterministic
31.8205,-0.11421,0.0023,0.0000,0.04054,0.04055,0.13473,1.2,1.0000,-30.2308,0.4741,-10.3700,155.217,ppo_car_spread_a_deterministic
31.8405,-0.11421,0.0023,0.0000,0.04521,0.04522,0.25290,1.2,1.0000,-30.2304,0.4741,-10.3708,155.215,ppo_car_spread_a_deterministic
31.8605,-0.11421,0.0023,0.0000,0.03665,0.03666,0.29061,1.2,1.0000,-30.2301,0.4741,-10.3715,155.212,ppo_car_spread_a_deterministic
31.8805,-0.11339,0.0000,0.0054,0.04381,0.04382,0.14673,1.2,1.0000,-30.2297,0.4741,-10.3723,155.211,ppo_car_spread_a_deterministic
31.9005,-0.11339,0.0000,0.0054,0.03583,0.03584,0.24900,-1.1,1.0000,-30.2294,0.4741,-10.3729,155.212,ppo_car_spread_a_deterministic
31.9205,-0.11339,0.0000,0.0054,0.04085,0.04087,0.36856,-1.1,1.0000,-30.2290,0.4741,-10.3736,155.213,ppo_car_spread_a_deterministic
31.9405,-0.11339,0.0000,0.0054,0.03543,0.03544,0.30353,-1.1,1.0000,-30.2287,0.4741,-10.3743,155.213,ppo_car_spread_a_deterministic
31.9605,-0.11344,0.0000,0.0022,0.03989,0.03991,0.32643,-1.1,1.0000,-30.2283,0.4741,-10.3750,155.213,ppo_car_spread_a_deterministic
31.9805,-0.11344,0.0000,0.0022,0.04267,0.04269,0.27864,-0.5,1.0000,-30.2280,0.4741,-10.3758,155.214,ppo_car_spread_a_deterministic
32.0005,-0.11344,0.0000,0.0022,0.04239,0.04240,0.28723,-0.5,1.0000,-30.2276,0.4741,-10.3765,155.212,ppo_car_spread_a_deterministic
32.0205,-0.11344,0.0000,0.0022,0.03900,0.03901,0.27857,-0.5,1.0000,-30.2272,0.4741,-10.3772,155.213,ppo_car_spread_a_deterministic
32.0405,-0.11347,0.0000,0.0029,0.03793,0.03794,0.39857,-0.5,1.0000,-30.2269,0.4741,-10.3779,155.211,ppo_car_spread_a_deterministic
32.0605,-0.11347,0.0000,0.0029,0.03806,0.03808,0.26999,-0.6,1.0000,-30.2266,0.4741,-10.3786,155.214,ppo_car_spread_a_deterministic
32.0805,-0.11347,0.0000,0.0029,0.03651,0.03651,0.29106,-0.6,1.0000,-30.2262,0.4741,-10.3792,155.213,ppo_car_spread_a_deterministic
32.1005,-0.11347,0.0000,0.0029,0.03395,0.03396,0.37149,-0.6,1.0000,-30.2259,0.4741,-10.3798,155.217,ppo_car_spread_a_deterministic
32.1205,-0.11383,0.0024,0.0000,0.03639,0.03640,0.24983,-0.6,1.0000,-30.2256,0.4741,-10.3805,155.215,ppo_car_spread_a_deterministic
32.1405,-0.11383,0.0024,0.0000,0.03765,0.03766,0.39878,1.3,1.0000,-30.2253,0.4741,-10.3812,155.212,ppo_car_spread_a_deterministic
32.1606,-0.11383,0.0024,0.0000,0.03539,0.03540,0.31674,1.3,1.0000,-30.2250,0.4741,-10.3818,155.211,ppo_car_spread_a_deterministic
32.1806,-0.11383,0.0024,0.0000,0.04243,0.04245,0.28497,1.3,1.0000,-30.2246,0.4741,-10.3826,155.210,ppo_car_spread_a_deterministic
32.2006,-0.11407,0.0037,0.0000,0.03662,0.03663,0.34401,1.3,1.0000,-30.2243,0.4741,-10.3832,155.212,ppo_car_spread_a_deterministic
32.2206,-0.11407,0.0037,0.0000,0.04365,0.04367,0.24664,2.0,1.0000,-30.2239,0.4741,-10.3840,155.211,ppo_car_spread_a_deterministic
32.2406,-0.11407,0.0037,0.0000,0.04369,0.04371,0.19497,2.0,1.0000,-30.2235,0.4741,-10.3848,155.211,ppo_car_spread_a_deterministic
32.2606,-0.11407,0.0037,0.0000,0.04334,0.04335,0.21476,2.0,1.0000,-30.2231,0.4741,-10.3856,155.209,ppo_car_spread_a_deterministic
32.2806,-0.11329,0.0000,0.0048,0.04292,0.04293,0.24358,2.0,1.0000,-30.2227,0.4741,-10.3864,155.209,ppo_car_spread_a_deterministic
32.3006,-0.11329,0.0000,0.0048,0.03881,0.03882,0.40407,-1.0,1.0000,-30.2224,0.4741,-10.3871,155.207,ppo_car_spread_a_deterministic
32.3206,-0.11329,0.0000,0.0048,0.03635,0.03635,0.40376,-1.0,1.0000,-30.2221,0.4741,-10.3877,155.205,ppo_car_spread_a_deterministic
32.3406,-0.11329,0.0000,0.0048,0.03884,0.03885,0.39854,-1.0,1.0000,-30.2217,0.4741,-10.3884,155.206,ppo_car_spread_a_deterministic
32.3606,-0.11402,0.0030,0.0000,0.03627,0.03628,0.33264,-1.0,1.0000,-30.2214,0.4741,-10.3891,155.208,ppo_car_spread_a_deterministic
32.3806,-0.11402,0.0030,0.0000,0.04063,0.04064,0.34381,1.6,1.0000,-30.2211,0.4741,-10.3898,155.210,ppo_car_spread_a_deterministic
32.4006,-0.11402,0.0030,0.0000,0.04030,0.04031,0.29860,1.6,1.0000,-30.2207,0.4741,-10.3905,155.206,ppo_car_spread_a_deterministic
32.4206,-0.11402,0.0030,0.0000,0.03382,0.03383,0.39379,1.6,1.0000,-30.2204,0.4741,-10.3911,155.206,ppo_car_spread_a_deterministic
32.4406,-0.11407,0.0000,0.0002,0.04522,0.04523,0.29354,1.6,1.0000,-30.2200,0.4741,-10.3919,155.207,ppo_car_spread_a_deterministic
32.4606,-0.11407,0.0000,0.0002,0.03481,0.03482,0.40468,0.0,1.0000,-30.2197,0.4741,-10.3925,155.210,ppo_car_spread_a_deterministic
32.4806,-0.11407,0.0000,0.0002,0.03849,0.03850,0.18507,0.0,1.0000,-30.2194,0.4741,-10.3932,155.208,ppo_car_spread_a_deterministic
32.5006,-0.11407,0.0000,0.0002,0.03897,0.03898,0.31928,0.0,1.0000,-30.2190,0.4741,-10.3939,155.206,ppo_car_spread_a_deterministic
32.5206,-0.11402,0.0009,0.0000,0.04122,0.04123,0.19963,0.0,1.0000,-30.2186,0.4741,-10.3947,155.205,ppo_car_spread_a_deterministic
32.5406,-0.11402,0.0009,0.0000,0.04030,0.04031,0.18819,0.5,1.0000,-30.2183,0.4741,-10.3954,155.207,ppo_car_spread_a_deterministic
32.5606,-0.11402,0.0009,0.0000,0.04605,0.04606,0.25255,0.5,1.0000,-30.2179,0.4741,-10.3962,155.205,ppo_car_spread_a_deterministic
32.5806,-0.11402,0.0009,0.0000,0.04339,0.04341,0.20439,0.5,1.0000,-30.2175,0.4741,-10.3970,155.205,ppo_car_spread_a_deterministic
32.6006,-0.11335,0.0000,0.0065,0.03938,0.03939,0.40439,0.5,1.0000,-30.2171,0.4741,-10.3977,155.208,ppo_car_spread_a_deterministic
32.6206,-0.11335,0.0000,0.0065,0.03986,0.03987,0.39950,-1.4,1.0000,-30.2168,0.4741,-10.3984,155.205,ppo_car_spread_a_deterministic
32.6406,-0.11335,0.0000,0.0065,0.04466,0.04467,0.20280,-1.4,1.0000,-30.2164,0.4741,-10.3992,155.205,ppo_car_spread_a_deterministic
32.6606,-0.11335,0.0000,0.0065,0.03635,0.03636,0.32141,-1.4,1.0000,-30.2161,0.4741,-10.3999,155.206,ppo_car_spread_a_deterministic
32.6806,-0.11310,0.0000,0.0058,0.03644,0.03646,0.40592,-1.4,1.0000,-30.2158,0.4741,-10.4005,155.204,ppo_car_spread_a_deterministic
32.7006,-0.11310,0.0000,0.0058,0.04353,0.04355,0.34500,-1.2,1.0000,-30.2154,0.4741,-10.4013,155.201,ppo_car_spread_a_deterministic
32.7206,-0.11310,0.0000,0.0058,0.03634,0.03635,0.27900,-1.2,1.0000,-30.2150,0.4741,-10.4020,155.202,ppo_car_spread_a_deterministic
32.7406,-0.11310,0.0000,0.0058,0.04222,0.04224,0.28862,-1.2,1.0000,-30.2147,0.4741,-10.4027,155.203,ppo_car_spread_a_deterministic
32.7606,-0.11376,0.0019,0.0000,0.03488,0.03489,0.23302,-1.2,1.0000,-30.2144,0.4741,-10.4033,155.202,ppo_car_spread_a_deterministic
32.7806,-0.11376,0.0019,0.0000,0.03276,0.03277,0.37107,1.0,1.0000,-30.2141,0.4741,-10.4039,155.200,ppo_car_spread_a_deterministic
32.8006,-0.11376,0.0019,0.0000,0.04121,0.04122,0.38708,1.0,1.0000,-30.2137,0.4741,-10.4047,155.201,ppo_car_spread_a_deterministic
32.8206,-0.11376,0.0019,0.0000,0.04205,0.04206,0.29617,1.0,1.0000,-30.2133,0.4741,-10.4054,155.197,ppo_car_spread_a_deterministic
32.8406,-0.11347,0.0000,0.0029,0.04381,0.04383,0.28925,1.0,1.0000,-30.2130,0.4741,-10.4062,155.195,ppo_car_spread_a_deterministic
32.8606,-0.11347,0.0000,0.0029,0.03696,0.03697,0.27840,-0.6,1.0000,-30.2126,0.4741,-10.4069,155.197,ppo_car_spread_a_deterministic
32.8806,-0.11347,0.0000,0.0029,0.04268,0.04269,0.24128,-0.6,1.0000,-30.2122,0.4741,-10.4076,155.196,ppo_car_spread_a_deterministic
32.9006,-0.11347,0.0000,0.0029,0.04240,0.04241,0.31273,-0.6,1.0000,-30.2119,0.4741,-10.4084,155.196,ppo_car_spread_a_deterministic
32.9206,-0.11360,0.0000,0.0033,0.03560,0.03560,0.24443,-0.6,1.0000,-30.2116,0.4741,-10.4090,155.196,ppo_car_spread_a_deterministic
32.9406,-0.11360,0.0000,0.0033,0.03871,0.03872,0.22754,-0.7,1.0000,-30.2112,0.4741,-10.4097,155.196,ppo_car_spread_a_deterministic
32.9606,-0.11360,0.0000,0.0033,0.04017,0.04019,0.27142,-0.7,1.0000,-30.2109,0.4741,-10.4105,155.192,ppo_car_spread_a_deterministic
32.9806,-0.11360,0.0000,0.0033,0.03923,0.03924,0.28615,-0.7,1.0000,-30.2105,0.4741,-10.4112,155.193,ppo_car_spread_a_deterministic
33.0006,-0.11404,0.0000,0.0002,0.04186,0.04187,0.25188,-0.7,1.0000,-30.2101,0.4741,-10.4119,155.190,ppo_car_spread_a_deterministic
33.0206,-0.11404,0.0000,0.0002,0.04182,0.04184,0.30742,0.0,1.0000,-30.2098,0.4741,-10.4127,155.190,ppo_car_spread_a_deterministic
33.0406,-0.11404,0.0000,0.0002,0.03897,0.03898,0.26506,0.0,1.0000,-30.2094,0.4741,-10.4134,155.191,ppo_car_spread_a_deterministic
33.0606,-0.11404,0.0000,0.0002,0.04292,0.04293,0.32190,0.0,1.0000,-30.2090,0.4741,-10.4141,155.187,ppo_car_spread_a_deterministic
33.0806,-0.11364,0.0000,0.0002,0.03676,0.03677,0.31098,0.0,1.0000,-30.2087,0.4741,-10.4148,155.190,ppo_car_spread_a_deterministic
33.1006,-0.11364,0.0000,0.0002,0.04316,0.04317,0.26248,0.0,1.0000,-30.2083,0.4741,-10.4156,155.188,ppo_car_spread_a_deterministic
33.1206,-0.11364,0.0000,0.0002,0.03813,0.03814,0.27936,0.0,1.0000,-30.2080,0.4741,-10.4163,155.187,ppo_car_spread_a_deterministic
33.1406,-0.11364,0.0000,0.0002,0.03655,0.03656,0.36662,0.0,1.0000,-30.2077,0.4741,-10.4169,155.188,ppo_car_spread_a_deterministic
33.1606,-0.11397,0.0010,0.0000,0.03707,0.03709,0.17628,0.0,1.0000,-30.2073,0.4741,-10.4176,155.186,ppo_car_spread_a_deterministic
33.1806,-0.11397,0.0010,0.0000,0.03543,0.03544,0.38319,0.5,1.0000,-30.2070,0.4741,-10.4182,155.184,ppo_car_spread_a_deterministic
33.2006,-0.11397,0.0010,0.0000,0.04288,0.04289,0.27702,0.5,1.0000,-30.2067,0.4741,-10.4190,155.183,ppo_car_spread_a_deterministic
33.2206,-0.11397,0.0010,0.0000,0.03702,0.03703,0.25302,0.5,1.0000,-30.2063,0.4741,-10.4196,155.182,ppo_car_spread_a_deterministic
33.2406,-0.11350,0.0000,0.0037,0.03576,0.03578,0.31616,0.5,1.0000,-30.2060,0.4741,-10.4203,155.179,ppo_car_spread_a_deterministic
33.2606,-0.11350,0.0000,0.0037,0.03598,0.03599,0.20575,-0.8,1.0000,-30.2057,0.4741,-10.4209,155.179,ppo_car_spread_a_deterministic
33.2806,-0.11350,0.0000,0.0037,0.03939,0.03940,0.39431,-0.8,1.0000,-30.2053,0.4741,-10.4216,155.175,ppo_car_spread_a_deterministic
33.3006,-0.11350,0.0000,0.0037,0.03505,0.03505,0.38637,-0.8,1.0000,-30.2050,0.4741,-10.4223,155.174,ppo_car_spread_a_deterministic
33.3206,-0.11421,0.0005,0.0000,0.03805,0.03806,0.17325,-0.8,1.0000,-30.2047,0.4741,-10.4229,155.173,ppo_car_spread_a_deterministic
33.3406,-0.11421,0.0005,0.0000,0.03572,0.03573,0.25355,0.3,1.0000,-30.2044,0.4741,-10.4236,155.171,ppo_car_spread_a_deterministic
33.3606,-0.11421,0.0005,0.0000,0.03748,0.03749,0.37010,0.3,1.0000,-30.2041,0.4741,-10.4243,155.172,ppo_car_spread_a_deterministic
33.3806,-0.11421,0.0005,0.0000,0.03320,0.03321,0.27604,0.3,1.0000,-30.2038,0.4741,-10.4248,155.169,ppo_car_spread_a_deterministic
33.4006,-0.11391,0.0011,0.0000,0.03293,0.03294,0.34046,0.3,1.0000,-30.2035,0.4741,-10.4254,155.171,ppo_car_spread_a_deterministic
33.4206,-0.11391,0.0011,0.0000,0.04034,0.04035,0.18192,0.6,1.0000,-30.2031,0.4741,-10.4262,155.171,ppo_car_spread_a_deterministic
33.4406,-0.11391,0.0011,0.0000,0.03937,0.03938,0.08582,0.6,1.0000,-30.2028,0.4741,-10.4269,155.170,ppo_car_spread_a_deterministic
33.4606,-0.11391,0.0011,0.0000,0.03453,0.03454,0.26462,0.6,1.0000,-30.2025,0.4741,-10.4275,155.171,ppo_car_spread_a_deterministic
33.4806,-0.11387,0.0000,0.0003,0.03821,0.03822,0.33108,0.6,1.0000,-30.2021,0.4741,-10.4282,155.171,ppo_car_spread_a_deterministic
33.5006,-0.11387,0.0000,0.0003,0.04128,0.04129,0.25821,-0.1,1.0000,-30.2017,0.4741,-10.4289,155.168,ppo_car_spread_a_deterministic
33.5206,-0.11387,0.0000,0.0003,0.03466,0.03467,0.25822,-0.1,1.0000,-30.2014,0.4741,-10.4295,155.165,ppo_car_spread_a_deterministic
33.5406,-0.11387,0.0000,0.0003,0.03406,0.03407,0.32740,-0.1,1.0000,-30.2011,0.4741,-10.4302,155.163,ppo_car_spread_a_deterministic
33.5606,-0.11453,0.0049,0.0000,0.03970,0.03971,0.19162,-0.1,1.0000,-30.2008,0.4741,-10.4309,155.159,ppo_car_spread_a_deterministic
33.5806,-0.11453,0.0049,0.0000,0.04126,0.04127,0.29377,2.6,1.0000,-30.2004,0.4741,-10.4316,155.159,ppo_car_spread_a_deterministic
33.6006,-0.11453,0.0049,0.0000,0.03798,0.03800,0.31273,2.6,1.0000,-30.2001,0.4741,-10.4323,155.156,ppo_car_spread_a_deterministic
33.6206,-0.11453,0.0049,0.0000,0.03323,0.03324,0.38733,2.6,1.0000,-30.1998,0.4741,-10.4329,155.153,ppo_car_spread_a_deterministic
33.6406,-0.11453,0.0019,0.0000,0.04370,0.04372,0.18548,2.6,1.0000,-30.1994,0.4741,-10.4337,155.150,ppo_car_spread_a_deterministic
33.6606,-0.11453,0.0019,0.0000,0.03280,0.03281,0.37592,1.0,1.0000,-30.1991,0.4741,-10.4343,155.149,ppo_car_spread_a_deterministic
33.6806,-0.11453,0.0019,0.0000,0.04205,0.04206,0.22679,1.0,1.0000,-30.1987,0.4741,-10.4350,155.147,ppo_car_spread_a_deterministic
33.7006,-0.11453,0.0019,0.0000,0.04185,0.04187,0.31453,1.0,1.0000,-30.1984,0.4741,-10.4358,155.146,ppo_car_spread_a_deterministic
33.7206,-0.11406,0.0000,0.0023,0.04177,0.04178,0.22606,1.0,1.0000,-30.1980,0.4741,-10.4365,155.141,ppo_car_spread_a_deterministic
33.7406,-0.11406,0.0000,0.0023,0.04321,0.04323,0.38854,-0.5,1.0000,-30.1976,0.4741,-10.4373,155.142,ppo_car_spread_a_deterministic
33.7606,-0.11406,0.0000,0.0023,0.04498,0.04499,0.24542,-0.5,1.0000,-30.1972,0.4741,-10.4381,155.141,ppo_car_spread_a_deterministic
33.7806,-0.11406,0.0000,0.0023,0.04587,0.04589,0.25043,-0.5,1.0000,-30.1968,0.4741,-10.4389,155.143,ppo_car_spread_a_deterministic
33.8006,-0.11354,0.0000,0.0055,0.03991,0.03992,0.37163,-0.5,1.0000,-30.1965,0.4741,-10.4397,155.139,ppo_car_spread_a_deterministic
33.8206,-0.11354,0.0000,0.0055,0.04669,0.04671,0.28515,-1.2,1.0000,-30.1960,0.4741,-10.4405,155.139,ppo_car_spread_a_deterministic
33.8406,-0.11354,0.0000,0.0055,0.03996,0.03997,0.35712,-1.2,1.0000,-30.1957,0.4741,-10.4412,155.140,ppo_car_spread_a_deterministic
33.8606,-0.11354,0.0000,0.0055,0.04543,0.04545,0.19712,-1.2,1.0000,-30.1953,0.4741,-10.4420,155.139,ppo_car_spread_a_deterministic
33.8806,-0.11365,0.0000,0.0014,0.04322,0.04324,0.25222,-1.2,1.0000,-30.1949,0.4741,-10.4428,155.140,ppo_car_spread_a_deterministic
33.9006,-0.11365,0.0000,0.0014,0.04549,0.04551,0.21247,-0.3,1.0000,-30.1945,0.4741,-10.4436,155.139,ppo_car_spread_a_deterministic
33.9206,-0.11365,0.0000,0.0014,0.03796,0.03797,0.31684,-0.3,1.0000,-30.1942,0.4741,-10.4443,155.140,ppo_car_spread_a_deterministic
33.9406,-0.11365,0.0000,0.0014,0.03966,0.03967,0.38943,-0.3,1.0000,-30.1938,0.4741,-10.4450,155.138,ppo_car_spread_a_deterministic
33.9606,-0.11395,0.0005,0.0000,0.04576,0.04577,0.27053,-0.3,1.0000,-30.1934,0.4741,-10.4458,155.138,ppo_car_spread_a_deterministic
33.9806,-0.11395,0.0005,0.0000,0.04234,0.04235,0.21462,0.3,1.0000,-30.1930,0.4741,-10.4466,155.139,ppo_car_spread_a_deterministic
34.0006,-0.11395,0.0005,0.0000,0.03808,0.03809,0.21384,0.3,1.0000,-30.1927,0.4741,-10.4473,155.139,ppo_car_spread_a_deterministic
34.0206,-0.11395,0.0005,0.0000,0.03456,0.03458,0.32529,0.3,1.0000,-30.1924,0.4741,-10.4479,155.137,ppo_car_spread_a_deterministic
34.0406,-0.11402,0.0008,0.0000,0.03882,0.03883,0.21047,0.3,1.0000,-30.1921,0.4741,-10.4486,155.136,ppo_car_spread_a_deterministic
34.0606,-0.11402,0.0008,0.0000,0.04857,0.04859,0.27316,0.4,1.0000,-30.1916,0.4741,-10.4494,155.134,ppo_car_spread_a_deterministic
34.0806,-0.11402,0.0008,0.0000,0.04271,0.04273,0.07577,0.4,1.0000,-30.1912,0.4741,-10.4502,155.133,ppo_car_spread_a_deterministic
34.1006,-0.11402,0.0008,0.0000,0.03749,0.03750,0.32638,0.4,1.0000,-30.1909,0.4741,-10.4509,155.134,ppo_car_spread_a_deterministic
34.1206,-0.11383,0.0000,0.0033,0.04052,0.04053,0.24513,0.4,1.0000,-30.1906,0.4741,-10.4516,155.132,ppo_car_spread_a_deterministic
34.1406,-0.11383,0.0000,0.0033,0.03779,0.03780,0.40492,-0.7,1.0000,-30.1902,0.4741,-10.4523,155.129,ppo_car_spread_a_deterministic
34.1606,-0.11383,0.0000,0.0033,0.04261,0.04262,0.29613,-0.7,1.0000,-30.1898,0.4741,-10.4530,155.128,ppo_car_spread_a_deterministic
34.1806,-0.11383,0.0000,0.0033,0.04456,0.04458,0.28695,-0.7,1.0000,-30.1894,0.4741,-10.4538,155.126,ppo_car_spread_a_deterministic
34.2006,-0.11368,0.0000,0.0033,0.04211,0.04212,0.37926,-0.7,1.0000,-30.1891,0.4741,-10.4546,155.123,ppo_car_spread_a_deterministic
34.2206,-0.11368,0.0000,0.0033,0.04104,0.04105,0.39353,-0.7,1.0000,-30.1887,0.4741,-10.4553,155.127,ppo_car_spread_a_deterministic
34.2406,-0.11368,0.0000,0.0033,0.03343,0.03344,0.39855,-0.7,1.0000,-30.1884,0.4741,-10.4559,155.128,ppo_car_spread_a_deterministic
34.2606,-0.11368,0.0000,0.0033,0.03739,0.03741,0.31047,-0.7,1.0000,-30.1881,0.4741,-10.4566,155.125,ppo_car_spread_a_deterministic
34.2806,-0.11435,0.0051,0.0000,0.03729,0.03730,0.17189,-0.7,1.0000,-30.1878,0.4741,-10.4573,155.122,ppo_car_spread_a_deterministic
34.3006,-0.11435,0.0051,0.0000,0.04403,0.04404,0.29245,2.7,1.0000,-30.1874,0.4741,-10.4581,155.124,ppo_car_spread_a_deterministic
34.3206,-0.11435,0.0051,0.0000,0.04247,0.04247,0.31065,2.7,1.0000,-30.1870,0.4741,-10.4588,155.122,ppo_car_spread_a_deterministic
34.3406,-0.11435,0.0051,0.0000,0.03696,0.03698,0.34923,2.7,1.0000,-30.1867,0.4741,-10.4595,155.122,ppo_car_spread_a_deterministic
34.3606,-0.11385,0.0000,0.0029,0.04211,0.04212,0.16211,2.7,1.0000,-30.1863,0.4741,-10.4602,155.119,ppo_car_spread_a_deterministic
34.3806,-0.11385,0.0000,0.0029,0.04565,0.04566,0.19706,-0.6,1.0000,-30.1859,0.4741,-10.4611,155.120,ppo_car_spread_a_deterministic
34.4006,-0.11385,0.0000,0.0029,0.04522,0.04523,0.27967,-0.6,1.0000,-30.1855,0.4741,-10.4619,155.118,ppo_car_spread_a_deterministic
34.4206,-0.11385,0.0000,0.0029,0.03769,0.03770,0.32397,-0.6,1.0000,-30.1851,0.4741,-10.4626,155.117,ppo_car_spread_a_deterministic
34.4406,-0.11361,0.0000,0.0055,0.04301,0.04303,0.08326,-0.6,1.0000,-30.1848,0.4741,-10.4633,155.117,ppo_car_spread_a_deterministic
34.4606,-0.11361,0.0000,0.0055,0.03793,0.03794,0.34873,-1.1,1.0000,-30.1844,0.4741,-10.4640,155.117,ppo_car_spread_a_deterministic
34.4806,-0.11361,0.0000,0.0055,0.03487,0.03488,0.29081,-1.1,1.0000,-30.1841,0.4741,-10.4646,155.115,ppo_car_spread_a_deterministic
34.5006,-0.11361,0.0000,0.0055,0.03596,0.03597,0.37925,-1.1,1.0000,-30.1838,0.4741,-10.4653,155.112,ppo_car_spread_a_deterministic
34.5206,-0.11458,0.0045,0.0000,0.03883,0.03884,0.23342,-1.1,1.0000,-30.1835,0.4741,-10.4660,155.112,ppo_car_spread_a_deterministic
34.5406,-0.11458,0.0045,0.0000,0.04038,0.04040,0.18690,2.4,1.0000,-30.1831,0.4741,-10.4667,155.111,ppo_car_spread_a_deterministic
34.5606,-0.11458,0.0045,0.0000,0.04173,0.04174,0.31199,2.4,1.0000,-30.1827,0.4741,-10.4674,155.110,ppo_car_spread_a_deterministic
34.5806,-0.11458,0.0045,0.0000,0.04065,0.04066,0.15229,2.4,1.0000,-30.1824,0.4741,-10.4682,155.109,ppo_car_spread_a_deterministic
34.6006,-0.11393,0.0000,0.0023,0.04127,0.04128,0.35303,2.4,1.0000,-30.1820,0.4741,-10.4689,155.108,ppo_car_spread_a_deterministic
34.6206,-0.11393,0.0000,0.0023,0.04317,0.04318,0.36262,-0.5,1.0000,-30.1816,0.4741,-10.4697,155.109,ppo_car_spread_a_deterministic
34.6406,-0.11393,0.0000,0.0023,0.04098,0.04100,0.18007,-0.5,1.0000,-30.1813,0.4741,-10.4704,155.109,ppo_car_spread_a_deterministic
34.6606,-0.11393,0.0000,0.0023,0.03906,0.03907,0.40674,-0.5,1.0000,-30.1809,0.4741,-10.4711,155.108,ppo_car_spread_a_deterministic
34.6806,-0.11384,0.0000,0.0022,0.04006,0.04008,0.13353,-0.5,1.0000,-30.1805,0.4741,-10.4718,155.108,ppo_car_spread_a_deterministic
34.7006,-0.11384,0.0000,0.0022,0.04162,0.04164,0.21162,-0.5,1.0000,-30.1802,0.4741,-10.4726,155.106,ppo_car_spread_a_deterministic
34.7206,-0.11384,0.0000,0.0022,0.04089,0.04091,0.23653,-0.5,1.0000,-30.1798,0.4741,-10.4733,155.106,ppo_car_spread_a_deterministic
34.7406,-0.11384,0.0000,0.0022,0.04570,0.04572,0.27392,-0.5,1.0000,-30.1794,0.4741,-10.4741,155.103,ppo_car_spread_a_deterministic
34.7606,-0.11402,0.0000,0.0018,0.04144,0.04145,0.21219,-0.5,1.0000,-30.1790,0.4741,-10.4749,155.099,ppo_car_spread_a_deterministic
34.7806,-0.11402,0.0000,0.0018,0.04765,0.04766,0.28669,-0.4,1.0000,-30.1786,0.4741,-10.4757,155.096,ppo_car_spread_a_deterministic
34.8006,-0.11402,0.0000,0.0018,0.04777,0.04779,0.23844,-0.4,1.0000,-30.1782,0.4741,-10.4766,155.094,ppo_car_spread_a_deterministic
34.8206,-0.11402,0.0000,0.0018,0.04265,0.04267,0.13339,-0.4,1.0000,-30.1778,0.4741,-10.4774,155.094,ppo_car_spread_a_deterministic
34.8406,-0.11362,0.0000,0.0078,0.04304,0.04305,0.28896,-0.4,1.0000,-30.1774,0.4741,-10.4781,155.097,ppo_car_spread_a_deterministic
34.8606,-0.11362,0.0000,0.0078,0.04098,0.04099,0.27110,-1.6,1.0000,-30.1771,0.4741,-10.4789,155.095,ppo_car_spread_a_deterministic
34.8806,-0.11362,0.0000,0.0078,0.03620,0.03621,0.40573,-1.6,1.0000,-30.1767,0.4741,-10.4795,155.092,ppo_car_spread_a_deterministic
34.9006,-0.11362,0.0000,0.0078,0.03467,0.03468,0.30451,-1.6,1.0000,-30.1764,0.4741,-10.4801,155.092,ppo_car_spread_a_deterministic
34.9206,-0.11456,0.0034,0.0000,0.04278,0.04279,0.28829,-1.6,1.0000,-30.1761,0.4741,-10.4809,155.092,ppo_car_spread_a_deterministic
34.9406,-0.11456,0.0034,0.0000,0.04266,0.04267,0.22801,1.8,1.0000,-30.1757,0.4741,-10.4817,155.089,ppo_car_spread_a_deterministic
34.9606,-0.11456,0.0034,0.0000,0.04542,0.04544,0.29268,1.8,1.0000,-30.1753,0.4741,-10.4825,155.087,ppo_car_spread_a_deterministic
34.9806,-0.11456,0.0034,0.0000,0.03922,0.03923,0.21881,1.8,1.0000,-30.1749,0.4741,-10.4832,155.085,ppo_car_spread_a_deterministic
35.0006,-0.11397,0.0000,0.0057,0.04089,0.04091,0.23773,1.8,1.0000,-30.1746,0.4741,-10.4839,155.084,ppo_car_spread_a_deterministic
35.0206,-0.11397,0.0000,0.0057,0.03934,0.03936,0.33894,-1.2,1.0000,-30.1742,0.4741,-10.4846,155.084,ppo_car_spread_a_deterministic
35.0406,-0.11397,0.0000,0.0057,0.04117,0.04118,0.17694,-1.2,1.0000,-30.1738,0.4741,-10.4853,155.082,ppo_car_spread_a_deterministic
35.0606,-0.11397,0.0000,0.0057,0.04736,0.04738,0.25263,-1.2,1.0000,-30.1734,0.4741,-10.4862,155.082,ppo_car_spread_a_deterministic
35.0806,-0.11424,0.0000,0.0015,0.03924,0.03925,0.25318,-1.2,1.0000,-30.1731,0.4741,-10.4869,155.081,ppo_car_spread_a_deterministic
35.1006,-0.11424,0.0000,0.0015,0.04640,0.04641,0.20767,-0.3,1.0000,-30.1727,0.4741,-10.4877,155.079,ppo_car_spread_a_deterministic
35.1206,-0.11424,0.0000,0.0015,0.03762,0.03763,0.18786,-0.3,1.0000,-30.1723,0.4741,-10.4884,155.079,ppo_car_spread_a_deterministic
35.1406,-0.11424,0.0000,0.0015,0.04430,0.04431,0.29979,-0.3,1.0000,-30.1719,0.4741,-10.4892,155.080,ppo_car_spread_a_deterministic
35.1606,-0.11434,0.0012,0.0000,0.04506,0.04507,0.25992,-0.3,1.0000,-30.1715,0.4741,-10.4900,155.080,ppo_car_spread_a_deterministic
35.1806,-0.11434,0.0012,0.0000,0.04536,0.04537,0.29866,0.6,1.0000,-30.1711,0.4741,-10.4908,155.078,ppo_car_spread_a_deterministic
35.2006,-0.11434,0.0012,0.0000,0.04379,0.04381,0.25797,0.6,1.0000,-30.1707,0.4741,-10.4916,155.075,ppo_car_spread_a_deterministic
35.2206,-0.11434,0.0012,0.0000,0.04320,0.04322,0.28718,0.6,1.0000,-30.1703,0.4741,-10.4924,155.074,ppo_car_spread_a_deterministic
35.2406,-0.11418,0.0000,0.0038,0.04163,0.04165,0.22826,0.6,1.0000,-30.1700,0.4741,-10.4931,155.077,ppo_car_spread_a_deterministic
35.2606,-0.11418,0.0000,0.0038,0.04580,0.04582,0.28720,-0.8,1.0000,-30.1696,0.4741,-10.4940,155.077,ppo_car_spread_a_deterministic
35.2806,-0.11418,0.0000,0.0038,0.04026,0.04027,0.18197,-0.8,1.0000,-30.1692,0.4741,-10.4947,155.076,ppo_car_spread_a_deterministic
35.3006,-0.11418,0.0000,0.0038,0.03643,0.03645,0.38568,-0.8,1.0000,-30.1689,0.4741,-10.4953,155.075,ppo_car_spread_a_deterministic
35.3206,-0.11428,0.0000,0.0010,0.03309,0.03310,0.38265,-0.8,1.0000,-30.1686,0.4741,-10.4959,155.075,ppo_car_spread_a_deterministic
35.3406,-0.11428,0.0000,0.0010,0.03600,0.03602,0.37489,-0.2,1.0000,-30.1683,0.4741,-10.4965,155.074,ppo_car_spread_a_deterministic
35.3606,-0.11428,0.0000,0.0010,0.04044,0.04045,0.26157,-0.2,1.0000,-30.1679,0.4741,-10.4973,155.070,ppo_car_spread_a_deterministic
35.3806,-0.11428,0.0000,0.0010,0.03852,0.03854,0.30291,-0.2,1.0000,-30.1676,0.4741,-10.4980,155.068,ppo_car_spread_a_deterministic
35.4006,-0.11456,0.0000,0.0004,0.04274,0.04275,0.21018,-0.2,1.0000,-30.1672,0.4741,-10.4987,155.066,ppo_car_spread_a_deterministic
35.4206,-0.11456,0.0000,0.0004,0.03810,0.03811,0.27965,-0.1,1.0000,-30.1669,0.4741,-10.4994,155.067,ppo_car_spread_a_deterministic
35.4406,-0.11456,0.0000,0.0004,0.04242,0.04243,0.20356,-0.1,1.0000,-30.1665,0.4741,-10.5002,155.067,ppo_car_spread_a_deterministic
35.4606,-0.11456,0.0000,0.0004,0.04147,0.04148,0.22227,-0.1,1.0000,-30.1661,0.4741,-10.5009,155.067,ppo_car_spread_a_deterministic
35.4806,-0.11402,0.0000,0.0034,0.03868,0.03869,0.19121,-0.1,1.0000,-30.1658,0.4741,-10.5016,155.066,ppo_car_spread_a_deterministic
35.5006,-0.11402,0.0000,0.0034,0.03561,0.03562,0.27125,-0.7,1.0000,-30.1655,0.4741,-10.5023,155.064,ppo_car_spread_a_deterministic
35.5206,-0.11402,0.0000,0.0034,0.04368,0.04370,0.22337,-0.7,1.0000,-30.1651,0.4741,-10.5030,155.062,ppo_car_spread_a_deterministic
35.5406,-0.11402,0.0000,0.0034,0.04091,0.04093,0.24436,-0.7,1.0000,-30.1647,0.4741,-10.5038,155.063,ppo_car_spread_a_deterministic
35.5606,-0.11399,0.0000,0.0042,0.03744,0.03746,0.40256,-0.7,1.0000,-30.1644,0.4741,-10.5044,155.062,ppo_car_spread_a_deterministic
35.5806,-0.11399,0.0000,0.0042,0.04050,0.04051,0.12019,-0.9,1.0000,-30.1640,0.4741,-10.5052,155.059,ppo_car_spread_a_deterministic
35.6006,-0.11399,0.0000,0.0042,0.03706,0.03707,0.23199,-0.9,1.0000,-30.1637,0.4741,-10.5058,155.060,ppo_car_spread_a_deterministic
35.6206,-0.11399,0.0000,0.0042,0.04062,0.04063,0.12356,-0.9,1.0000,-30.1633,0.4741,-10.5066,155.059,ppo_car_spread_a_deterministic
35.6406,-0.11434,0.0015,0.0000,0.03999,0.04000,0.17146,-0.9,1.0000,-30.1630,0.4741,-10.5073,155.060,ppo_car_spread_a_deterministic
35.6606,-0.11434,0.0015,0.0000,0.04164,0.04166,0.33079,0.8,1.0000,-30.1626,0.4741,-10.5080,155.058,ppo_car_spread_a_deterministic
35.6806,-0.11434,0.0015,0.0000,0.04581,0.04582,0.28638,0.8,1.0000,-30.1622,0.4741,-10.5089,155.057,ppo_car_spread_a_deterministic
35.7006,-0.11434,0.0015,0.0000,0.03939,0.03941,0.31078,0.8,1.0000,-30.1618,0.4741,-10.5096,155.056,ppo_car_spread_a_deterministic
35.7206,-0.11386,0.0000,0.0063,0.03968,0.03969,0.35454,0.8,1.0000,-30.1615,0.4741,-10.5103,155.056,ppo_car_spread_a_deterministic
35.7406,-0.11386,0.0000,0.0063,0.04113,0.04115,0.25520,-1.3,1.0000,-30.1611,0.4741,-10.5110,155.057,ppo_car_spread_a_deterministic
35.7606,-0.11386,0.0000,0.0063,0.04101,0.04102,0.29242,-1.3,1.0000,-30.1607,0.4741,-10.5117,155.054,ppo_car_spread_a_deterministic
35.7806,-0.11386,0.0000,0.0063,0.03821,0.03822,0.31236,-1.3,1.0000,-30.1604,0.4741,-10.5124,155.057,ppo_car_spread_a_deterministic
35.8006,-0.11454,0.0000,0.0010,0.03925,0.03926,0.27501,-1.3,1.0000,-30.1600,0.4741,-10.5131,155.057,ppo_car_spread_a_deterministic
35.8206,-0.11454,0.0000,0.0010,0.03686,0.03688,0.23132,-0.2,1.0000,-30.1597,0.4741,-10.5138,155.055,ppo_car_spread_a_deterministic
35.8406,-0.11454,0.0000,0.0010,0.03355,0.03356,0.38032,-0.2,1.0000,-30.1594,0.4741,-10.5144,155.054,ppo_car_spread_a_deterministic
35.8606,-0.11454,0.0000,0.0010,0.04223,0.04224,0.25857,-0.2,1.0000,-30.1590,0.4741,-10.5151,155.053,ppo_car_spread_a_deterministic
35.8806,-0.11510,0.0056,0.0000,0.03494,0.03495,0.26218,-0.2,1.0000,-30.1587,0.4741,-10.5158,155.051,ppo_car_spread_a_deterministic
35.9006,-0.11510,0.0056,0.0000,0.03457,0.03458,0.31581,3.0,1.0000,-30.1584,0.4741,-10.5164,155.051,ppo_car_spread_a_deterministic
35.9206,-0.11510,0.0056,0.0000,0.03665,0.03666,0.32845,3.0,1.0000,-30.1581,0.4741,-10.5170,155.053,ppo_car_spread_a_deterministic
35.9406,-0.11510,0.0056,0.0000,0.04169,0.04170,0.36570,3.0,1.0000,-30.1577,0.4741,-10.5178,155.055,ppo_car_spread_a_deterministic
35.9606,-0.11448,0.0016,0.0000,0.03240,0.03241,0.40807,3.0,1.0000,-30.1574,0.4741,-10.5184,155.053,ppo_car_spread_a_deterministic
35.9806,-0.11448,0.0016,0.0000,0.03958,0.03959,0.22452,0.8,1.0000,-30.1571,0.4741,-10.5191,155.052,ppo_car_spread_a_deterministic
36.0006,-0.11448,0.0016,0.0000,0.04117,0.04118,0.18766,0.8,1.0000,-30.1567,0.4741,-10.5198,155.051,ppo_car_spread_a_deterministic
36.0206,-0.11448,0.0016,0.0000,0.04051,0.04052,0.36657,0.8,1.0000,-30.1564,0.4741,-10.5205,155.047,ppo_car_spread_a_deterministic
36.0406,-0.11420,0.0000,0.0019,0.03915,0.03916,0.28904,0.8,1.0000,-30.1560,0.4741,-10.5212,155.043,ppo_car_spread_a_deterministic
36.0606,-0.11420,0.0000,0.0019,0.04373,0.04374,0.15935,-0.4,1.0000,-30.1556,0.4741,-10.5220,155.041,ppo_car_spread_a_deterministic
36.0806,-0.11420,0.0000,0.0019,0.04298,0.04299,0.19482,-0.4,1.0000,-30.1552,0.4741,-10.5228,155.040,ppo_car_spread_a_deterministic
36.1006,-0.11420,0.0000,0.0019,0.04629,0.04631,0.19800,-0.4,1.0000,-30.1548,0.4741,-10.5236,155.040,ppo_car_spread_a_deterministic
36.1206,-0.11405,0.0000,0.0036,0.04245,0.04247,0.28790,-0.4,1.0000,-30.1544,0.4741,-10.5244,155.041,ppo_car_spread_a_deterministic
36.1406,-0.11405,0.0000,0.0036,0.04398,0.04399,0.20406,-0.8,1.0000,-30.1540,0.4741,-10.5252,155.042,ppo_car_spread_a_deterministic
36.1606,-0.11405,0.0000,0.0036,0.03943,0.03944,0.13895,-0.8,1.0000,-30.1537,0.4741,-10.5259,155.042,ppo_car_spread_a_deterministic
36.1806,-0.11405,0.0000,0.0036,0.03830,0.03831,0.22884,-0.8,1.0000,-30.1534,0.4741,-10.5266,155.041,ppo_car_spread_a_deterministic
36.2006,-0.11433,0.0000,0.0004,0.03723,0.03724,0.34039,-0.8,1.0000,-30.1530,0.4741,-10.5272,155.043,ppo_car_spread_a_deterministic
36.2206,-0.11433,0.0000,0.0004,0.04016,0.04017,0.13534,-0.1,1.0000,-30.1527,0.4741,-10.5280,155.041,ppo_car_spread_a_deterministic
36.2406,-0.11433,0.0000,0.0004,0.04860,0.04861,0.27993,-0.1,1.0000,-30.1522,0.4741,-10.5288,155.041,ppo_car_spread_a_deterministic
36.2606,-0.11433,0.0000,0.0004,0.03196,0.03197,0.39182,-0.1,1.0000,-30.1520,0.4741,-10.5294,155.040,ppo_car_spread_a_deterministic
36.2806,-0.11369,0.0000,0.0090,0.04504,0.04505,0.27852,-0.1,1.0000,-30.1516,0.4741,-10.5302,155.038,ppo_car_spread_a_deterministic
36.3006,-0.11369,0.0000,0.0090,0.03972,0.03973,0.13564,-1.9,1.0000,-30.1512,0.4741,-10.5309,155.037,ppo_car_spread_a_deterministic
36.3206,-0.11369,0.0000,0.0090,0.03899,0.03901,0.20866,-1.9,1.0000,-30.1509,0.4741,-10.5316,155.035,ppo_car_spread_a_deterministic
36.3406,-0.11369,0.0000,0.0090,0.03779,0.03781,0.39051,-1.9,1.0000,-30.1505,0.4741,-10.5323,155.033,ppo_car_spread_a_deterministic
36.3606,-0.11458,0.0005,0.0000,0.03559,0.03560,0.36970,-1.9,1.0000,-30.1502,0.4741,-10.5329,155.035,ppo_car_spread_a_deterministic
36.3806,-0.11458,0.0005,0.0000,0.04193,0.04194,0.21355,0.3,1.0000,-30.1498,0.4741,-10.5337,155.035,ppo_car_spread_a_deterministic
36.4006,-0.11458,0.0005,0.0000,0.03892,0.03893,0.18058,0.3,1.0000,-30.1495,0.4741,-10.5344,155.036,ppo_car_spread_a_deterministic
36.4206,-0.11458,0.0005,0.0000,0.03578,0.03579,0.16553,0.3,1.0000,-30.1492,0.4741,-10.5350,155.035,ppo_car_spread_a_deterministic
36.4406,-0.11445,0.0000,0.0001,0.03831,0.03832,0.27443,0.3,1.0000,-30.1488,0.4741,-10.5357,155.032,ppo_car_spread_a_deterministic
36.4606,-0.11445,0.0000,0.0001,0.04326,0.04327,0.30395,0.0,1.0000,-30.1484,0.4741,-10.5365,155.031,ppo_car_spread_a_deterministic
36.4806,-0.11445,0.0000,0.0001,0.03859,0.03860,0.27562,0.0,1.0000,-30.1481,0.4741,-10.5372,155.025,ppo_car_spread_a_deterministic
36.5006,-0.11445,0.0000,0.0001,0.03781,0.03782,0.15580,0.0,1.0000,-30.1478,0.4741,-10.5378,155.023,ppo_car_spread_a_deterministic
36.5207,-0.11512,0.0020,0.0000,0.04001,0.04002,0.26183,0.0,1.0000,-30.1474,0.4741,-10.5386,155.022,ppo_car_spread_a_deterministic
36.5407,-0.11512,0.0020,0.0000,0.04029,0.04030,0.19186,1.1,1.0000,-30.1470,0.4741,-10.5393,155.022,ppo_car_spread_a_deterministic
36.5607,-0.11512,0.0020,0.0000,0.03668,0.03669,0.35798,1.1,1.0000,-30.1467,0.4741,-10.5399,155.018,ppo_car_spread_a_deterministic
36.5807,-0.11512,0.0020,0.0000,0.04145,0.04146,0.07143,1.1,1.0000,-30.1463,0.4741,-10.5407,155.017,ppo_car_spread_a_deterministic
36.6007,-0.11521,0.0035,0.0000,0.03868,0.03869,0.17041,1.1,1.0000,-30.1460,0.4741,-10.5414,155.014,ppo_car_spread_a_deterministic
36.6207,-0.11521,0.0035,0.0000,0.03792,0.03793,0.38836,1.8,1.0000,-30.1457,0.4741,-10.5421,155.011,ppo_car_spread_a_deterministic
36.6407,-0.11521,0.0035,0.0000,0.03906,0.03908,0.40137,1.8,1.0000,-30.1453,0.4741,-10.5428,155.007,ppo_car_spread_a_deterministic
36.6607,-0.11521,0.0035,0.0000,0.04476,0.04477,0.26033,1.8,1.0000,-30.1449,0.4741,-10.5436,155.003,ppo_car_spread_a_deterministic
36.6807,-0.11520,0.0014,0.0000,0.04089,0.04090,0.19425,1.8,1.0000,-30.1446,0.4741,-10.5443,155.001,ppo_car_spread_a_deterministic
36.7007,-0.11520,0.0014,0.0000,0.04136,0.04137,0.09310,0.7,1.0000,-30.1442,0.4741,-10.5450,155.000,ppo_car_spread_a_deterministic
36.7207,-0.11520,0.0014,0.0000,0.04249,0.04251,0.40623,0.7,1.0000,-30.1438,0.4741,-10.5458,154.997,ppo_car_spread_a_deterministic
36.7407,-0.11520,0.0014,0.0000,0.03745,0.03746,0.40190,0.7,1.0000,-30.1435,0.4741,-10.5465,154.997,ppo_car_spread_a_deterministic
36.7607,-0.11484,0.0000,0.0024,0.04386,0.04387,0.24169,0.7,1.0000,-30.1431,0.4741,-10.5473,154.994,ppo_car_spread_a_deterministic
36.7807,-0.11484,0.0000,0.0024,0.03970,0.03971,0.39174,-0.5,1.0000,-30.1427,0.4741,-10.5480,154.997,ppo_car_spread_a_deterministic
36.8007,-0.11484,0.0000,0.0024,0.04884,0.04886,0.28665,-0.5,1.0000,-30.1423,0.4741,-10.5489,154.995,ppo_car_spread_a_deterministic
36.8207,-0.11484,0.0000,0.0024,0.03666,0.03667,0.30204,-0.5,1.0000,-30.1420,0.4741,-10.5495,154.996,ppo_car_spread_a_deterministic
36.8407,-0.11405,0.0000,0.0087,0.03984,0.03986,0.24574,-0.5,1.0000,-30.1416,0.4741,-10.5502,154.999,ppo_car_spread_a_deterministic
36.8607,-0.11405,0.0000,0.0087,0.03943,0.03944,0.34483,-1.8,1.0000,-30.1413,0.4741,-10.5509,154.999,ppo_car_spread_a_deterministic
36.8807,-0.11405,0.0000,0.0087,0.04357,0.04358,0.22302,-1.8,1.0000,-30.1409,0.4741,-10.5517,155.000,ppo_car_spread_a_deterministic
36.9007,-0.11405,0.0000,0.0087,0.03814,0.03816,0.32800,-1.8,1.0000,-30.1405,0.4741,-10.5524,154.998,ppo_car_spread_a_deterministic
36.9207,-0.11400,0.0000,0.0048,0.04313,0.04314,0.18587,-1.8,1.0000,-30.1401,0.4741,-10.5532,154.998,ppo_car_spread_a_deterministic
36.9407,-0.11400,0.0000,0.0048,0.03792,0.03793,0.40389,-1.0,1.0000,-30.1398,0.4741,-10.5538,154.993,ppo_car_spread_a_deterministic
36.9607,-0.11400,0.0000,0.0048,0.03665,0.03666,0.24919,-1.0,1.0000,-30.1395,0.4741,-10.5545,154.992,ppo_car_spread_a_deterministic
36.9807,-0.11400,0.0000,0.0048,0.04617,0.04619,0.27418,-1.0,1.0000,-30.1391,0.4741,-10.5553,154.991,ppo_car_spread_a_deterministic
37.0007,-0.11496,0.0028,0.0000,0.03944,0.03945,0.08152,-1.0,1.0000,-30.1387,0.4741,-10.5560,154.989,ppo_car_spread_a_deterministic
37.0207,-0.11496,0.0028,0.0000,0.03574,0.03575,0.39974,1.5,1.0000,-30.1384,0.4741,-10.5567,154.990,ppo_car_spread_a_deterministic
37.0407,-0.11496,0.0028,0.0000,0.03594,0.03596,0.27579,1.5,1.0000,-30.1381,0.4741,-10.5573,154.988,ppo_car_spread_a_deterministic
37.0607,-0.11496,0.0028,0.0000,0.03592,0.03593,0.23964,1.5,1.0000,-30.1378,0.4741,-10.5579,154.985,ppo_car_spread_a_deterministic
37.0807,-0.11521,0.0037,0.0000,0.04366,0.04368,0.26807,1.5,1.0000,-30.1374,0.4741,-10.5587,154.981,ppo_car_spread_a_deterministic
37.1007,-0.11521,0.0037,0.0000,0.03611,0.03612,0.40825,2.0,1.0000,-30.1371,0.4741,-10.5594,154.979,ppo_car_spread_a_deterministic
37.1207,-0.11521,0.0037,0.0000,0.04383,0.04384,0.28282,2.0,1.0000,-30.1367,0.4741,-10.5602,154.980,ppo_car_spread_a_deterministic
37.1407,-0.11521,0.0037,0.0000,0.03769,0.03770,0.38040,2.0,1.0000,-30.1363,0.4741,-10.5608,154.984,ppo_car_spread_a_deterministic
37.1607,-0.11423,0.0000,0.0050,0.04057,0.04058,0.37006,2.0,1.0000,-30.1360,0.4741,-10.5616,154.986,ppo_car_spread_a_deterministic
37.1807,-0.11423,0.0000,0.0050,0.04304,0.04305,0.25929,-1.0,1.0000,-30.1356,0.4741,-10.5623,154.983,ppo_car_spread_a_deterministic
37.2007,-0.11423,0.0000,0.0050,0.04486,0.04487,0.29395,-1.0,1.0000,-30.1352,0.4741,-10.5631,154.985,ppo_car_spread_a_deterministic
37.2207,-0.11423,0.0000,0.0050,0.04404,0.04405,0.28614,-1.0,1.0000,-30.1348,0.4741,-10.5639,154.986,ppo_car_spread_a_deterministic
37.2407,-0.11383,0.0000,0.0064,0.03913,0.03914,0.27637,-1.0,1.0000,-30.1344,0.4741,-10.5646,154.983,ppo_car_spread_a_deterministic
37.2607,-0.11383,0.0000,0.0064,0.03801,0.03802,0.32556,-1.3,1.0000,-30.1341,0.4741,-10.5653,154.983,ppo_car_spread_a_deterministic
37.2807,-0.11383,0.0000,0.0064,0.03705,0.03706,0.21712,-1.3,1.0000,-30.1338,0.4741,-10.5660,154.984,ppo_car_spread_a_deterministic
37.3007,-0.11383,0.0000,0.0064,0.03880,0.03881,0.16793,-1.3,1.0000,-30.1334,0.4741,-10.5667,154.983,ppo_car_spread_a_deterministic
37.3207,-0.11469,0.0017,0.0000,0.03719,0.03721,0.38221,-1.3,1.0000,-30.1331,0.4741,-10.5673,154.981,ppo_car_spread_a_deterministic
37.3407,-0.11469,0.0017,0.0000,0.03775,0.03776,0.34515,0.9,1.0000,-30.1328,0.4741,-10.5680,154.984,ppo_car_spread_a_deterministic
37.3607,-0.11469,0.0017,0.0000,0.04041,0.04042,0.37760,0.9,1.0000,-30.1324,0.4741,-10.5687,154.978,ppo_car_spread_a_deterministic
37.3807,-0.11469,0.0017,0.0000,0.04266,0.04268,0.24445,0.9,1.0000,-30.1320,0.4741,-10.5695,154.979,ppo_car_spread_a_deterministic
37.4007,-0.11518,0.0003,0.0000,0.03909,0.03910,0.15641,0.9,1.0000,-30.1317,0.4741,-10.5702,154.978,ppo_car_spread_a_deterministic
37.4207,-0.11518,0.0003,0.0000,0.03809,0.03810,0.40151,0.2,1.0000,-30.1313,0.4741,-10.5709,154.975,ppo_car_spread_a_deterministic
37.4407,-0.11518,0.0003,0.0000,0.04235,0.04236,0.21918,0.2,1.0000,-30.1310,0.4741,-10.5716,154.972,ppo_car_spread_a_deterministic
37.4607,-0.11518,0.0003,0.0000,0.03716,0.03717,0.40434,0.2,1.0000,-30.1306,0.4741,-10.5723,154.973,ppo_car_spread_a_deterministic
37.4807,-0.11480,0.0000,0.0021,0.03790,0.03792,0.36725,0.2,1.0000,-30.1303,0.4741,-10.5730,154.974,ppo_car_spread_a_deterministic
37.5007,-0.11480,0.0000,0.0021,0.04238,0.04239,0.20211,-0.4,1.0000,-30.1299,0.4741,-10.5737,154.974,ppo_car_spread_a_deterministic
37.5207,-0.11480,0.0000,0.0021,0.04137,0.04138,0.23944,-0.4,1.0000,-30.1295,0.4741,-10.5745,154.972,ppo_car_spread_a_deterministic
37.5407,-0.11480,0.0000,0.0021,0.03748,0.03749,0.36739,-0.4,1.0000,-30.1292,0.4741,-10.5752,154.972,ppo_car_spread_a_deterministic
37.5607,-0.11483,0.0000,0.0016,0.03442,0.03443,0.36318,-0.4,1.0000,-30.1289,0.4741,-10.5758,154.970,ppo_car_spread_a_deterministic
37.5807,-0.11483,0.0000,0.0016,0.04122,0.04123,0.38583,-0.3,1.0000,-30.1285,0.4741,-10.5765,154.968,ppo_car_spread_a_deterministic
37.6007,-0.11483,0.0000,0.0016,0.04529,0.04530,0.28363,-0.3,1.0000,-30.1281,0.4741,-10.5773,154.967,ppo_car_spread_a_deterministic
37.6207,-0.11483,0.0000,0.0016,0.03717,0.03719,0.39912,-0.3,1.0000,-30.1278,0.4741,-10.5780,154.965,ppo_car_spread_a_deterministic
37.6407,-0.11437,0.0000,0.0056,0.04621,0.04622,0.24453,-0.3,1.0000,-30.1274,0.4741,-10.5788,154.965,ppo_car_spread_a_deterministic
37.6607,-0.11437,0.0000,0.0056,0.03791,0.03793,0.39038,-1.2,1.0000,-30.1270,0.4741,-10.5795,154.969,ppo_car_spread_a_deterministic
37.6807,-0.11437,0.0000,0.0056,0.03770,0.03772,0.32261,-1.2,1.0000,-30.1267,0.4741,-10.5802,154.969,ppo_car_spread_a_deterministic
37.7007,-0.11437,0.0000,0.0056,0.04364,0.04365,0.28611,-1.2,1.0000,-30.1263,0.4741,-10.5810,154.967,ppo_car_spread_a_deterministic
37.7207,-0.11492,0.0014,0.0000,0.03749,0.03751,0.24308,-1.2,1.0000,-30.1260,0.4741,-10.5816,154.968,ppo_car_spread_a_deterministic
37.7407,-0.11492,0.0014,0.0000,0.04010,0.04011,0.06766,0.7,1.0000,-30.1256,0.4741,-10.5823,154.967,ppo_car_spread_a_deterministic
37.7607,-0.11492,0.0014,0.0000,0.03807,0.03808,0.39952,0.7,1.0000,-30.1253,0.4741,-10.5830,154.964,ppo_car_spread_a_deterministic
37.7807,-0.11492,0.0014,0.0000,0.04178,0.04179,0.27610,0.7,1.0000,-30.1249,0.4741,-10.5838,154.963,ppo_car_spread_a_deterministic
37.8007,-0.11533,0.0020,0.0000,0.03967,0.03968,0.18508,0.7,1.0000,-30.1245,0.4741,-10.5845,154.961,ppo_car_spread_a_deterministic
37.8207,-0.11533,0.0020,0.0000,0.04066,0.04068,0.23556,1.1,1.0000,-30.1242,0.4741,-10.5852,154.960,ppo_car_spread_a_deterministic
37.8407,-0.11533,0.0020,0.0000,0.04059,0.04061,0.26949,1.1,1.0000,-30.1238,0.4741,-10.5859,154.958,ppo_car_spread_a_deterministic
37.8607,-0.11533,0.0020,0.0000,0.05004,0.05005,0.27656,1.1,1.0000,-30.1234,0.4741,-10.5868,154.957,ppo_car_spread_a_deterministic
37.8807,-0.11503,0.0000,0.0008,0.03957,0.03958,0.39653,1.1,1.0000,-30.1230,0.4741,-10.5875,154.955,ppo_car_spread_a_deterministic
37.9007,-0.11503,0.0000,0.0008,0.03880,0.03882,0.17961,-0.2,1.0000,-30.1227,0.4741,-10.5882,154.953,ppo_car_spread_a_deterministic
37.9207,-0.11503,0.0000,0.0008,0.04536,0.04537,0.29619,-0.2,1.0000,-30.1223,0.4741,-10.5890,154.955,ppo_car_spread_a_deterministic
37.9407,-0.11503,0.0000,0.0008,0.03875,0.03877,0.40264,-0.2,1.0000,-30.1219,0.4741,-10.5897,154.957,ppo_car_spread_a_deterministic
37.9607,-0.11408,0.0000,0.0066,0.03946,0.03947,0.34841,-0.2,1.0000,-30.1216,0.4741,-10.5904,154.955,ppo_car_spread_a_deterministic
37.9807,-0.11408,0.0000,0.0066,0.04192,0.04193,0.23469,-1.4,1.0000,-30.1212,0.4741,-10.5912,154.954,ppo_car_spread_a_deterministic
38.0007,-0.11408,0.0000,0.0066,0.03838,0.03839,0.40538,-1.4,1.0000,-30.1209,0.4741,-10.5919,154.951,ppo_car_spread_a_deterministic
38.0207,-0.11408,0.0000,0.0066,0.04166,0.04167,0.25834,-1.4,1.0000,-30.1205,0.4741,-10.5926,154.948,ppo_car_spread_a_deterministic
38.0407,-0.11501,0.0016,0.0000,0.04176,0.04177,0.24345,-1.4,1.0000,-30.1201,0.4741,-10.5934,154.948,ppo_car_spread_a_deterministic
38.0607,-0.11501,0.0016,0.0000,0.03578,0.03579,0.39889,0.8,1.0000,-30.1198,0.4741,-10.5940,154.950,ppo_car_spread_a_deterministic
38.0807,-0.11501,0.0016,0.0000,0.04002,0.04003,0.30610,0.8,1.0000,-30.1194,0.4741,-10.5947,154.947,ppo_car_spread_a_deterministic
38.1007,-0.11501,0.0016,0.0000,0.03611,0.03612,0.27428,0.8,1.0000,-30.1191,0.4741,-10.5954,154.945,ppo_car_spread_a_deterministic
38.1207,-0.11510,0.0000,0.0001,0.04166,0.04167,0.29462,0.8,1.0000,-30.1188,0.4741,-10.5961,154.945,ppo_car_spread_a_deterministic
38.1407,-0.11510,0.0000,0.0001,0.03733,0.03734,0.29324,0.0,1.0000,-30.1184,0.4741,-10.5968,154.945,ppo_car_spread_a_deterministic
38.1607,-0.11510,0.0000,0.0001,0.03916,0.03917,0.22448,0.0,1.0000,-30.1181,0.4741,-10.5975,154.947,ppo_car_spread_a_deterministic
38.1807,-0.11510,0.0000,0.0001,0.04377,0.04378,0.30416,0.0,1.0000,-30.1177,0.4741,-10.5983,154.947,ppo_car_spread_a_deterministic
38.2007,-0.11463,0.0000,0.0006,0.03805,0.03806,0.34175,0.0,1.0000,-30.1173,0.4741,-10.5990,154.944,ppo_car_spread_a_deterministic
38.2207,-0.11463,0.0000,0.0006,0.04317,0.04318,0.14747,-0.1,1.0000,-30.1170,0.4741,-10.5997,154.943,ppo_car_spread_a_deterministic
38.2407,-0.11463,0.0000,0.0006,0.03986,0.03987,0.26183,-0.1,1.0000,-30.1166,0.4741,-10.6004,154.942,ppo_car_spread_a_deterministic
38.2607,-0.11463,0.0000,0.0006,0.04453,0.04455,0.28471,-0.1,1.0000,-30.1162,0.4741,-10.6012,154.940,ppo_car_spread_a_deterministic
38.2807,-0.11489,0.0000,0.0006,0.03726,0.03727,0.32766,-0.1,1.0000,-30.1159,0.4741,-10.6019,154.937,ppo_car_spread_a_deterministic
38.3007,-0.11489,0.0000,0.0006,0.04203,0.04204,0.25559,-0.1,1.0000,-30.1155,0.4741,-10.6027,154.934,ppo_car_spread_a_deterministic
38.3207,-0.11489,0.0000,0.0006,0.04089,0.04091,0.18788,-0.1,1.0000,-30.1151,0.4741,-10.6034,154.935,ppo_car_spread_a_deterministic
38.3407,-0.11489,0.0000,0.0006,0.04049,0.04050,0.40516,-0.1,1.0000,-30.1148,0.4741,-10.6041,154.936,ppo_car_spread_a_deterministic
38.3607,-0.11471,0.0000,0.0019,0.03971,0.03973,0.32920,-0.1,1.0000,-30.1144,0.4741,-10.6048,154.934,ppo_car_spread_a_deterministic
38.3807,-0.11471,0.0000,0.0019,0.03773,0.03774,0.31935,-0.4,1.0000,-30.1141,0.4741,-10.6055,154.931,ppo_car_spread_a_deterministic
38.4007,-0.11471,0.0000,0.0019,0.03364,0.03365,0.39246,-0.4,1.0000,-30.1138,0.4741,-10.6061,154.928,ppo_car_spread_a_deterministic
38.4207,-0.11471,0.0000,0.0019,0.03718,0.03719,0.38790,-0.4,1.0000,-30.1134,0.4741,-10.6068,154.923,ppo_car_spread_a_deterministic
38.4407,-0.11575,0.0063,0.0000,0.03810,0.03812,0.26695,-0.4,1.0000,-30.1131,0.4741,-10.6074,154.922,ppo_car_spread_a_deterministic
38.4607,-0.11575,0.0063,0.0000,0.03861,0.03863,0.31445,3.3,1.0000,-30.1128,0.4741,-10.6081,154.922,ppo_car_spread_a_deterministic
38.4807,-0.11575,0.0063,0.0000,0.03762,0.03763,0.38345,3.3,1.0000,-30.1124,0.4741,-10.6088,154.923,ppo_car_spread_a_deterministic
38.5007,-0.11575,0.0063,0.0000,0.04253,0.04254,0.24454,3.3,1.0000,-30.1120,0.4741,-10.6096,154.921,ppo_car_spread_a_deterministic
38.5207,-0.11502,0.0013,0.0000,0.04335,0.04337,0.12674,3.3,1.0000,-30.1116,0.4741,-10.6104,154.921,ppo_car_spread_a_deterministic
38.5407,-0.11502,0.0013,0.0000,0.03754,0.03755,0.39291,0.7,1.0000,-30.1113,0.4741,-10.6110,154.923,ppo_car_spread_a_deterministic
38.5607,-0.11502,0.0013,0.0000,0.03752,0.03752,0.40719,0.7,1.0000,-30.1110,0.4741,-10.6117,154.924,ppo_car_spread_a_deterministic
38.5807,-0.11502,0.0013,0.0000,0.04326,0.04327,0.11286,0.7,1.0000,-30.1106,0.4741,-10.6125,154.924,ppo_car_spread_a_deterministic
38.6007,-0.11496,0.0015,0.0000,0.03618,0.03619,0.40725,0.7,1.0000,-30.1103,0.4741,-10.6131,154.920,ppo_car_spread_a_deterministic
38.6207,-0.11496,0.0015,0.0000,0.04031,0.04033,0.38864,0.8,1.0000,-30.1099,0.4741,-10.6138,154.923,ppo_car_spread_a_deterministic
38.6407,-0.11496,0.0015,0.0000,0.04284,0.04286,0.18893,0.8,1.0000,-30.1095,0.4741,-10.6146,154.921,ppo_car_spread_a_deterministic
38.6607,-0.11496,0.0015,0.0000,0.03863,0.03864,0.38566,0.8,1.0000,-30.1092,0.4741,-10.6153,154.920,ppo_car_spread_a_deterministic
38.6807,-0.11479,0.0000,0.0031,0.04164,0.04165,0.27082,0.8,1.0000,-30.1088,0.4741,-10.6161,154.920,ppo_car_spread_a_deterministic
38.7007,-0.11479,0.0000,0.0031,0.03870,0.03871,0.39987,-0.6,1.0000,-30.1085,0.4741,-10.6167,154.921,ppo_car_spread_a_deterministic
38.7207,-0.11479,0.0000,0.0031,0.04274,0.04276,0.15817,-0.6,1.0000,-30.1081,0.4741,-10.6175,154.921,ppo_car_spread_a_deterministic
38.7407,-0.11479,0.0000,0.0031,0.04802,0.04804,0.27278,-0.6,1.0000,-30.1077,0.4741,-10.6184,154.919,ppo_car_spread_a_deterministic
38.7607,-0.11461,0.0000,0.0035,0.04022,0.04023,0.20311,-0.6,1.0000,-30.1073,0.4741,-10.6191,154.920,ppo_car_spread_a_deterministic
38.7807,-0.11461,0.0000,0.0035,0.04016,0.04018,0.37455,-0.7,1.0000,-30.1069,0.4741,-10.6198,154.919,ppo_car_spread_a_deterministic
38.8007,-0.11461,0.0000,0.0035,0.03425,0.03426,0.36167,-0.7,1.0000,-30.1066,0.4741,-10.6204,154.920,ppo_car_spread_a_deterministic
38.8207,-0.11461,0.0000,0.0035,0.04183,0.04185,0.11423,-0.7,1.0000,-30.1063,0.4741,-10.6212,154.919,ppo_car_spread_a_deterministic
38.8407,-0.11520,0.0045,0.0000,0.04561,0.04562,0.28810,-0.7,1.0000,-30.1059,0.4741,-10.6220,154.921,ppo_car_spread_a_deterministic
38.8607,-0.11520,0.0045,0.0000,0.04223,0.04224,0.27221,2.3,1.0000,-30.1055,0.4741,-10.6227,154.923,ppo_car_spread_a_deterministic
38.8807,-0.11520,0.0045,0.0000,0.04507,0.04509,0.28646,2.3,1.0000,-30.1051,0.4741,-10.6236,154.924,ppo_car_spread_a_deterministic
38.9007,-0.11520,0.0045,0.0000,0.04512,0.04514,0.29150,2.3,1.0000,-30.1047,0.4741,-10.6244,154.924,ppo_car_spread_a_deterministic
38.9207,-0.11438,0.0000,0.0062,0.04314,0.04316,0.28845,2.3,1.0000,-30.1043,0.4741,-10.6251,154.922,ppo_car_spread_a_deterministic
38.9407,-0.11438,0.0000,0.0062,0.03904,0.03905,0.38861,-1.3,1.0000,-30.1039,0.4741,-10.6258,154.919,ppo_car_spread_a_deterministic
38.9607,-0.11438,0.0000,0.0062,0.04274,0.04275,0.25127,-1.3,1.0000,-30.1035,0.4741,-10.6266,154.916,ppo_car_spread_a_deterministic
38.9807,-0.11438,0.0000,0.0062,0.03889,0.03890,0.40567,-1.3,1.0000,-30.1032,0.4741,-10.6273,154.913,ppo_car_spread_a_deterministic
39.0007,-0.11492,0.0000,0.0028,0.03819,0.03820,0.23632,-1.3,1.0000,-30.1029,0.4741,-10.6280,154.913,ppo_car_spread_a_deterministic
39.0207,-0.11492,0.0000,0.0028,0.04326,0.04327,0.28130,-0.6,1.0000,-30.1025,0.4741,-10.6287,154.911,ppo_car_spread_a_deterministic
39.0407,-0.11492,0.0000,0.0028,0.04251,0.04253,0.35034,-0.6,1.0000,-30.1021,0.4741,-10.6295,154.911,ppo_car_spread_a_deterministic
39.0607,-0.11492,0.0000,0.0028,0.04570,0.04572,0.38831,-0.6,1.0000,-30.1017,0.4741,-10.6303,154.913,ppo_car_spread_a_deterministic
39.0807,-0.11470,0.0000,0.0034,0.04655,0.04657,0.29476,-0.6,1.0000,-30.1013,0.4741,-10.6312,154.910,ppo_car_spread_a_deterministic
39.1007,-0.11470,0.0000,0.0034,0.03997,0.03999,0.15540,-0.7,1.0000,-30.1009,0.4741,-10.6319,154.908,ppo_car_spread_a_deterministic
39.1207,-0.11470,0.0000,0.0034,0.04493,0.04494,0.23321,-0.7,1.0000,-30.1005,0.4741,-10.6327,154.909,ppo_car_spread_a_deterministic
39.1407,-0.11470,0.0000,0.0034,0.04176,0.04177,0.34203,-0.7,1.0000,-30.1001,0.4741,-10.6334,154.909,ppo_car_spread_a_deterministic
39.1607,-0.11445,0.0000,0.0057,0.04196,0.04197,0.34968,-0.7,1.0000,-30.0997,0.4741,-10.6342,154.910,ppo_car_spread_a_deterministic
39.1807,-0.11445,0.0000,0.0057,0.04050,0.04052,0.17625,-1.2,1.0000,-30.0994,0.4741,-10.6349,154.908,ppo_car_spread_a_deterministic
39.2007,-0.11445,0.0000,0.0057,0.03593,0.03594,0.37443,-1.2,1.0000,-30.0991,0.4741,-10.6355,154.907,ppo_car_spread_a_deterministic
39.2207,-0.11445,0.0000,0.0057,0.04336,0.04338,0.27648,-1.2,1.0000,-30.0987,0.4741,-10.6363,154.902,ppo_car_spread_a_deterministic
39.2407,-0.11538,0.0034,0.0000,0.04112,0.04113,0.34621,-1.2,1.0000,-30.0983,0.4741,-10.6370,154.907,ppo_car_spread_a_deterministic
39.2607,-0.11538,0.0034,0.0000,0.03899,0.03900,0.22338,1.8,1.0000,-30.0980,0.4741,-10.6377,154.908,ppo_car_spread_a_deterministic
39.2807,-0.11538,0.0034,0.0000,0.04120,0.04122,0.22118,1.8,1.0000,-30.0976,0.4741,-10.6385,154.906,ppo_car_spread_a_deterministic
39.3007,-0.11538,0.0034,0.0000,0.04655,0.04657,0.40406,1.8,1.0000,-30.0972,0.4741,-10.6393,154.902,ppo_car_spread_a_deterministic
39.3207,-0.11520,0.0000,0.0013,0.04875,0.04876,0.25023,1.8,1.0000,-30.0967,0.4741,-10.6402,154.901,ppo_car_spread_a_deterministic
39.3407,-0.11520,0.0000,0.0013,0.04399,0.04400,0.29415,-0.3,1.0000,-30.0963,0.4741,-10.6410,154.903,ppo_car_spread_a_deterministic
39.3607,-0.11520,0.0000,0.0013,0.04392,0.04394,0.25179,-0.3,1.0000,-30.0959,0.4741,-10.6418,154.899,ppo_car_spread_a_deterministic
39.3807,-0.11520,0.0000,0.0013,0.03881,0.03882,0.37016,-0.3,1.0000,-30.0956,0.4741,-10.6425,154.900,ppo_car_spread_a_deterministic
39.4007,-0.11513,0.0000,0.0034,0.04331,0.04332,0.34463,-0.3,1.0000,-30.0952,0.4741,-10.6432,154.896,ppo_car_spread_a_deterministic
39.4207,-0.11513,0.0000,0.0034,0.03567,0.03568,0.36313,-0.7,1.0000,-30.0949,0.4741,-10.6439,154.894,ppo_car_spread_a_deterministic
39.4407,-0.11513,0.0000,0.0034,0.04038,0.04039,0.29254,-0.7,1.0000,-30.0945,0.4741,-10.6446,154.891,ppo_car_spread_a_deterministic
39.4607,-0.11513,0.0000,0.0034,0.04063,0.04064,0.20604,-0.7,1.0000,-30.0942,0.4741,-10.6453,154.890,ppo_car_spread_a_deterministic
39.4807,-0.11530,0.0000,0.0001,0.04303,0.04305,0.22945,-0.7,1.0000,-30.0938,0.4741,-10.6461,154.889,ppo_car_spread_a_deterministic
39.5007,-0.11530,0.0000,0.0001,0.03803,0.03804,0.36698,0.0,1.0000,-30.0935,0.4741,-10.6468,154.891,ppo_car_spread_a_deterministic
39.5207,-0.11530,0.0000,0.0001,0.04094,0.04095,0.21456,0.0,1.0000,-30.0931,0.4741,-10.6475,154.892,ppo_car_spread_a_deterministic
39.5407,-0.11530,0.0000,0.0001,0.04396,0.04398,0.22710,0.0,1.0000,-30.0927,0.4741,-10.6483,154.889,ppo_car_spread_a_deterministic
39.5607,-0.11494,0.0000,0.0018,0.04318,0.04319,0.22436,0.0,1.0000,-30.0923,0.4741,-10.6491,154.889,ppo_car_spread_a_deterministic
39.5807,-0.11494,0.0000,0.0018,0.03706,0.03707,0.40511,-0.4,1.0000,-30.0920,0.4741,-10.6497,154.884,ppo_car_spread_a_deterministic
39.6007,-0.11494,0.0000,0.0018,0.03669,0.03671,0.27106,-0.4,1.0000,-30.0916,0.4741,-10.6504,154.885,ppo_car_spread_a_deterministic
39.6207,-0.11494,0.0000,0.0018,0.04142,0.04143,0.38655,-0.4,1.0000,-30.0913,0.4741,-10.6511,154.882,ppo_car_spread_a_deterministic
39.6407,-0.11527,0.0023,0.0000,0.04429,0.04431,0.29194,-0.4,1.0000,-30.0909,0.4741,-10.6519,154.882,ppo_car_spread_a_deterministic
39.6607,-0.11527,0.0023,0.0000,0.03845,0.03846,0.28066,1.2,1.0000,-30.0905,0.4741,-10.6526,154.878,ppo_car_spread_a_deterministic
39.6807,-0.11527,0.0023,0.0000,0.04663,0.04665,0.27945,1.2,1.0000,-30.0901,0.4741,-10.6534,154.876,ppo_car_spread_a_deterministic
39.7007,-0.11527,0.0023,0.0000,0.04499,0.04500,0.25942,1.2,1.0000,-30.0897,0.4741,-10.6542,154.876,ppo_car_spread_a_deterministic
39.7207,-0.11492,0.0000,0.0064,0.04410,0.04412,0.35630,1.2,1.0000,-30.0893,0.4741,-10.6550,154.870,ppo_car_spread_a_deterministic
39.7407,-0.11492,0.0000,0.0064,0.03856,0.03857,0.40683,-1.3,1.0000,-30.0890,0.4741,-10.6557,154.868,ppo_car_spread_a_deterministic
39.7607,-0.11492,0.0000,0.0064,0.03968,0.03969,0.37116,-1.3,1.0000,-30.0886,0.4741,-10.6564,154.868,ppo_car_spread_a_deterministic
39.7807,-0.11492,0.0000,0.0064,0.04171,0.04172,0.27198,-1.3,1.0000,-30.0882,0.4741,-10.6572,154.869,ppo_car_spread_a_deterministic
39.8007,-0.11518,0.0000,0.0005,0.04388,0.04390,0.09289,-1.3,1.0000,-30.0878,0.4741,-10.6580,154.868,ppo_car_spread_a_deterministic
39.8207,-0.11518,0.0000,0.0005,0.03896,0.03897,0.36308,-0.1,1.0000,-30.0875,0.4741,-10.6587,154.865,ppo_car_spread_a_deterministic
39.8407,-0.11518,0.0000,0.0005,0.04352,0.04354,0.29551,-0.1,1.0000,-30.0871,0.4741,-10.6594,154.864,ppo_car_spread_a_deterministic
39.8607,-0.11518,0.0000,0.0005,0.03753,0.03754,0.37789,-0.1,1.0000,-30.0868,0.4741,-10.6601,154.862,ppo_car_spread_a_deterministic
39.8807,-0.11497,0.0000,0.0038,0.04407,0.04408,0.24241,-0.1,1.0000,-30.0864,0.4741,-10.6609,154.861,ppo_car_spread_a_deterministic
39.9007,-0.11497,0.0000,0.0038,0.03702,0.03703,0.38971,-0.8,1.0000,-30.0860,0.4741,-10.6616,154.859,ppo_car_spread_a_deterministic
39.9207,-0.11497,0.0000,0.0038,0.04078,0.04079,0.23625,-0.8,1.0000,-30.0857,0.4741,-10.6623,154.857,ppo_car_spread_a_deterministic
39.9407,-0.11497,0.0000,0.0038,0.03571,0.03572,0.30717,-0.8,1.0000,-30.0854,0.4741,-10.6629,154.856,ppo_car_spread_a_deterministic
39.9607,-0.11517,0.0000,0.0009,0.04202,0.04203,0.29407,-0.8,1.0000,-30.0850,0.4741,-10.6637,154.849,ppo_car_spread_a_deterministic
39.9807,-0.11517,0.0000,0.0009,0.04349,0.04350,0.40264,-0.2,1.0000,-30.0846,0.4741,-10.6645,154.845,ppo_car_spread_a_deterministic
40.0007,-0.11517,0.0000,0.0009,0.03918,0.03919,0.19360,-0.2,1.0000,-30.0842,0.4741,-10.6652,154.845,ppo_car_spread_a_deterministic
40.0207,-0.11517,0.0000,0.0009,0.04789,0.04791,0.27281,-0.2,1.0000,-30.0838,0.4741,-10.6660,154.845,ppo_car_spread_a_deterministic
40.0407,-0.11527,0.0001,0.0000,0.03513,0.03514,0.40183,-0.2,1.0000,-30.0835,0.4741,-10.6666,154.842,ppo_car_spread_a_deterministic
40.0607,-0.11527,0.0001,0.0000,0.03713,0.03714,0.20056,0.0,1.0000,-30.0832,0.4741,-10.6673,154.842,ppo_car_spread_a_deterministic
40.0807,-0.11527,0.0001,0.0000,0.03473,0.03475,0.37015,0.0,1.0000,-30.0829,0.4741,-10.6679,154.840,ppo_car_spread_a_deterministic
40.1007,-0.11527,0.0001,0.0000,0.03696,0.03697,0.16738,0.0,1.0000,-30.0825,0.4741,-10.6686,154.839,ppo_car_spread_a_deterministic
40.1207,-0.11595,0.0050,0.0000,0.03708,0.03710,0.34107,0.0,1.0000,-30.0822,0.4741,-10.6692,154.837,ppo_car_spread_a_deterministic
40.1407,-0.11595,0.0050,0.0000,0.03967,0.03968,0.19361,2.6,1.0000,-30.0818,0.4741,-10.6699,154.836,ppo_car_spread_a_deterministic
40.1607,-0.11595,0.0050,0.0000,0.04086,0.04087,0.34964,2.6,1.0000,-30.0815,0.4741,-10.6707,154.834,ppo_car_spread_a_deterministic
40.1807,-0.11595,0.0050,0.0000,0.03992,0.03993,0.40618,2.6,1.0000,-30.0811,0.4741,-10.6714,154.830,ppo_car_spread_a_deterministic
40.2007,-0.11562,0.0000,0.0006,0.04667,0.04669,0.29580,2.6,1.0000,-30.0807,0.4741,-10.6722,154.830,ppo_car_spread_a_deterministic
40.2207,-0.11562,0.0000,0.0006,0.04866,0.04868,0.28465,-0.1,1.0000,-30.0802,0.4741,-10.6731,154.827,ppo_car_spread_a_deterministic
40.2407,-0.11562,0.0000,0.0006,0.04394,0.04395,0.19648,-0.1,1.0000,-30.0799,0.4741,-10.6739,154.827,ppo_car_spread_a_deterministic
40.2607,-0.11562,0.0000,0.0006,0.03910,0.03912,0.35516,-0.1,1.0000,-30.0795,0.4741,-10.6746,154.827,ppo_car_spread_a_deterministic
40.2807,-0.11498,0.0000,0.0045,0.04605,0.04607,0.29807,-0.1,1.0000,-30.0791,0.4741,-10.6754,154.826,ppo_car_spread_a_deterministic
40.3007,-0.11498,0.0000,0.0045,0.04109,0.04110,0.21016,-0.9,1.0000,-30.0787,0.4741,-10.6762,154.825,ppo_car_spread_a_deterministic
40.3207,-0.11498,0.0000,0.0045,0.04314,0.04315,0.18740,-0.9,1.0000,-30.0783,0.4741,-10.6769,154.821,ppo_car_spread_a_deterministic
40.3407,-0.11498,0.0000,0.0045,0.03461,0.03462,0.38024,-0.9,1.0000,-30.0780,0.4741,-10.6775,154.821,ppo_car_spread_a_deterministic
40.3607,-0.11541,0.0000,0.0027,0.04612,0.04614,0.26984,-0.9,1.0000,-30.0776,0.4741,-10.6784,154.817,ppo_car_spread_a_deterministic
40.3807,-0.11541,0.0000,0.0027,0.04143,0.04144,0.22160,-0.6,1.0000,-30.0772,0.4741,-10.6791,154.816,ppo_car_spread_a_deterministic
40.4007,-0.11541,0.0000,0.0027,0.04253,0.04255,0.28203,-0.6,1.0000,-30.0769,0.4741,-10.6799,154.817,ppo_car_spread_a_deterministic
40.4207,-0.11541,0.0000,0.0027,0.03865,0.03867,0.35887,-0.6,1.0000,-30.0765,0.4741,-10.6806,154.815,ppo_car_spread_a_deterministic
40.4407,-0.11499,0.0000,0.0035,0.04128,0.04129,0.15244,-0.6,1.0000,-30.0761,0.4741,-10.6813,154.814,ppo_car_spread_a_deterministic
40.4607,-0.11499,0.0000,0.0035,0.04401,0.04403,0.28679,-0.7,1.0000,-30.0757,0.4741,-10.6821,154.814,ppo_car_spread_a_deterministic
40.4807,-0.11499,0.0000,0.0035,0.04103,0.04105,0.09104,-0.7,1.0000,-30.0754,0.4741,-10.6828,154.813,ppo_car_spread_a_deterministic
40.5007,-0.11499,0.0000,0.0035,0.04198,0.04200,0.15417,-0.7,1.0000,-30.0750,0.4741,-10.6836,154.815,ppo_car_spread_a_deterministic
40.5207,-0.11520,0.0000,0.0017,0.04258,0.04260,0.28067,-0.7,1.0000,-30.0746,0.4741,-10.6843,154.817,ppo_car_spread_a_deterministic
40.5407,-0.11520,0.0000,0.0017,0.03490,0.03492,0.40651,-0.3,1.0000,-30.0743,0.4741,-10.6850,154.820,ppo_car_spread_a_deterministic
40.5607,-0.11520,0.0000,0.0017,0.04028,0.04030,0.21256,-0.3,1.0000,-30.0739,0.4741,-10.6857,154.821,ppo_car_spread_a_deterministic
40.5807,-0.11520,0.0000,0.0017,0.03863,0.03864,0.28797,-0.3,1.0000,-30.0736,0.4741,-10.6864,154.819,ppo_car_spread_a_deterministic
40.6007,-0.11512,0.0000,0.0013,0.04162,0.04163,0.25569,-0.3,1.0000,-30.0732,0.4741,-10.6871,154.819,ppo_car_spread_a_deterministic
40.6207,-0.11512,0.0000,0.0013,0.04209,0.04210,0.25298,-0.3,1.0000,-30.0729,0.4741,-10.6879,154.821,ppo_car_spread_a_deterministic
40.6407,-0.11512,0.0000,0.0013,0.03680,0.03681,0.33492,-0.3,1.0000,-30.0725,0.4741,-10.6885,154.821,ppo_car_spread_a_deterministic
40.6607,-0.11512,0.0000,0.0013,0.04514,0.04516,0.24387,-0.3,1.0000,-30.0721,0.4741,-10.6893,154.819,ppo_car_spread_a_deterministic
40.6807,-0.11562,0.0025,0.0000,0.04143,0.04144,0.27697,-0.3,1.0000,-30.0718,0.4741,-10.6901,154.820,ppo_car_spread_a_deterministic
40.7007,-0.11562,0.0025,0.0000,0.04482,0.04483,0.27878,1.3,1.0000,-30.0713,0.4741,-10.6909,154.821,ppo_car_spread_a_deterministic
40.7207,-0.11562,0.0025,0.0000,0.04515,0.04517,0.27703,1.3,1.0000,-30.0709,0.4741,-10.6917,154.819,ppo_car_spread_a_deterministic
40.7407,-0.11562,0.0025,0.0000,0.03745,0.03746,0.31012,1.3,1.0000,-30.0706,0.4741,-10.6924,154.815,ppo_car_spread_a_deterministic
40.7607,-0.11528,0.0000,0.0049,0.04764,0.04765,0.25172,1.3,1.0000,-30.0702,0.4741,-10.6932,154.815,ppo_car_spread_a_deterministic
40.7807,-0.11528,0.0000,0.0049,0.04569,0.04570,0.26735,-1.0,1.0000,-30.0698,0.4741,-10.6940,154.813,ppo_car_spread_a_deterministic
40.8007,-0.11528,0.0000,0.0049,0.04301,0.04302,0.36754,-1.0,1.0000,-30.0694,0.4741,-10.6948,154.814,ppo_car_spread_a_deterministic
40.8207,-0.11528,0.0000,0.0049,0.04138,0.04139,0.31131,-1.0,1.0000,-30.0690,0.4741,-10.6955,154.810,ppo_car_spread_a_deterministic
40.8407,-0.11490,0.0000,0.0038,0.03380,0.03381,0.34693,-1.0,1.0000,-30.0687,0.4741,-10.6961,154.809,ppo_car_spread_a_deterministic
40.8607,-0.11490,0.0000,0.0038,0.04029,0.04031,0.08790,-0.8,1.0000,-30.0683,0.4741,-10.6969,154.809,ppo_car_spread_a_deterministic
40.8807,-0.11490,0.0000,0.0038,0.03886,0.03887,0.26810,-0.8,1.0000,-30.0680,0.4741,-10.6975,154.811,ppo_car_spread_a_deterministic
40.9008,-0.11490,0.0000,0.0038,0.03592,0.03593,0.18548,-0.8,1.0000,-30.0677,0.4741,-10.6982,154.810,ppo_car_spread_a_deterministic
40.9208,-0.11519,0.0000,0.0005,0.04300,0.04301,0.27604,-0.8,1.0000,-30.0673,0.4741,-10.6990,154.808,ppo_car_spread_a_deterministic
40.9408,-0.11519,0.0000,0.0005,0.03911,0.03912,0.39235,-0.1,1.0000,-30.0669,0.4741,-10.6997,154.804,ppo_car_spread_a_deterministic
40.9608,-0.11519,0.0000,0.0005,0.04053,0.04055,0.29439,-0.1,1.0000,-30.0666,0.4741,-10.7004,154.802,ppo_car_spread_a_deterministic
40.9808,-0.11519,0.0000,0.0005,0.04011,0.04013,0.29070,-0.1,1.0000,-30.0662,0.4741,-10.7011,154.804,ppo_car_spread_a_deterministic
41.0008,-0.11554,0.0000,0.0007,0.03916,0.03918,0.28682,-0.1,1.0000,-30.0659,0.4741,-10.7018,154.801,ppo_car_spread_a_deterministic
41.0208,-0.11554,0.0000,0.0007,0.03565,0.03566,0.39260,-0.1,1.0000,-30.0655,0.4741,-10.7024,154.801,ppo_car_spread_a_deterministic
41.0408,-0.11554,0.0000,0.0007,0.03636,0.03637,0.40692,-0.1,1.0000,-30.0652,0.4741,-10.7031,154.801,ppo_car_spread_a_deterministic
41.0608,-0.11554,0.0000,0.0007,0.03970,0.03972,0.35793,-0.1,1.0000,-30.0649,0.4741,-10.7038,154.799,ppo_car_spread_a_deterministic
41.0808,-0.11566,0.0028,0.0000,0.03964,0.03965,0.23495,-0.1,1.0000,-30.0645,0.4741,-10.7045,154.801,ppo_car_spread_a_deterministic
41.1008,-0.11566,0.0028,0.0000,0.03720,0.03721,0.38804,1.5,1.0000,-30.0642,0.4741,-10.7052,154.804,ppo_car_spread_a_deterministic
41.1208,-0.11566,0.0028,0.0000,0.04030,0.04030,0.29400,1.5,1.0000,-30.0638,0.4741,-10.7059,154.803,ppo_car_spread_a_deterministic
41.1408,-0.11566,0.0028,0.0000,0.04402,0.04403,0.22531,1.5,1.0000,-30.0634,0.4741,-10.7067,154.802,ppo_car_spread_a_deterministic
41.1608,-0.11536,0.0000,0.0006,0.03622,0.03623,0.25704,1.5,1.0000,-30.0631,0.4741,-10.7073,154.801,ppo_car_spread_a_deterministic
41.1808,-0.11536,0.0000,0.0006,0.03766,0.03767,0.40007,-0.1,1.0000,-30.0628,0.4741,-10.7080,154.799,ppo_car_spread_a_deterministic
41.2008,-0.11536,0.0000,0.0006,0.03816,0.03817,0.38377,-0.1,1.0000,-30.0624,0.4741,-10.7087,154.804,ppo_car_spread_a_deterministic
41.2208,-0.11536,0.0000,0.0006,0.03625,0.03627,0.39694,-0.1,1.0000,-30.0621,0.4741,-10.7093,154.801,ppo_car_spread_a_deterministic
41.2408,-0.11510,0.0000,0.0004,0.04819,0.04820,0.28796,-0.1,1.0000,-30.0617,0.4741,-10.7102,154.799,ppo_car_spread_a_deterministic
41.2608,-0.11510,0.0000,0.0004,0.04214,0.04216,0.28352,-0.1,1.0000,-30.0613,0.4741,-10.7110,154.797,ppo_car_spread_a_deterministic
41.2808,-0.11510,0.0000,0.0004,0.03362,0.03363,0.38520,-0.1,1.0000,-30.0610,0.4741,-10.7115,154.794,ppo_car_spread_a_deterministic
41.3008,-0.11510,0.0000,0.0004,0.04082,0.04083,0.30575,-0.1,1.0000,-30.0606,0.4741,-10.7123,154.791,ppo_car_spread_a_deterministic
41.3208,-0.11625,0.0063,0.0000,0.04177,0.04178,0.39572,-0.1,1.0000,-30.0602,0.4741,-10.7130,154.794,ppo_car_spread_a_deterministic
41.3408,-0.11625,0.0063,0.0000,0.04360,0.04361,0.19241,3.3,1.0000,-30.0598,0.4741,-10.7138,154.792,ppo_car_spread_a_deterministic
41.3608,-0.11625,0.0063,0.0000,0.03919,0.03921,0.38276,3.3,1.0000,-30.0595,0.4741,-10.7145,154.791,ppo_car_spread_a_deterministic
41.3808,-0.11625,0.0063,0.0000,0.03535,0.03536,0.40244,3.3,1.0000,-30.0592,0.4741,-10.7151,154.792,ppo_car_spread_a_deterministic
41.4008,-0.11590,0.0006,0.0000,0.04793,0.04795,0.24124,3.3,1.0000,-30.0587,0.4741,-10.7160,154.789,ppo_car_spread_a_deterministic
41.4208,-0.11590,0.0006,0.0000,0.04086,0.04088,0.35798,0.3,1.0000,-30.0584,0.4741,-10.7167,154.786,ppo_car_spread_a_deterministic
41.4408,-0.11590,0.0006,0.0000,0.03727,0.03728,0.40772,0.3,1.0000,-30.0580,0.4741,-10.7174,154.782,ppo_car_spread_a_deterministic
41.4608,-0.11590,0.0006,0.0000,0.03759,0.03761,0.22130,0.3,1.0000,-30.0577,0.4741,-10.7181,154.781,ppo_car_spread_a_deterministic
41.4808,-0.11628,0.0033,0.0000,0.04705,0.04706,0.33497,0.3,1.0000,-30.0573,0.4741,-10.7189,154.782,ppo_car_spread_a_deterministic
41.5008,-0.11628,0.0033,0.0000,0.04616,0.04617,0.27874,1.7,1.0000,-30.0569,0.4741,-10.7197,154.780,ppo_car_spread_a_deterministic
41.5208,-0.11628,0.0033,0.0000,0.04109,0.04109,0.38421,1.7,1.0000,-30.0565,0.4741,-10.7205,154.780,ppo_car_spread_a_deterministic
41.5408,-0.11628,0.0033,0.0000,0.04724,0.04726,0.28502,1.7,1.0000,-30.0561,0.4741,-10.7213,154.781,ppo_car_spread_a_deterministic
41.5608,-0.11540,0.0000,0.0015,0.04322,0.04323,0.28300,1.7,1.0000,-30.0557,0.4741,-10.7221,154.782,ppo_car_spread_a_deterministic
41.5808,-0.11540,0.0000,0.0015,0.04331,0.04332,0.27270,-0.3,1.0000,-30.0553,0.4741,-10.7229,154.783,ppo_car_spread_a_deterministic
41.6008,-0.11540,0.0000,0.0015,0.04877,0.04879,0.22704,-0.3,1.0000,-30.0549,0.4741,-10.7237,154.784,ppo_car_spread_a_deterministic
41.6208,-0.11540,0.0000,0.0015,0.04560,0.04562,0.19026,-0.3,1.0000,-30.0544,0.4741,-10.7246,154.782,ppo_car_spread_a_deterministic
41.6408,-0.11464,0.0000,0.0095,0.04407,0.04408,0.39191,-0.3,1.0000,-30.0541,0.4741,-10.7253,154.782,ppo_car_spread_a_deterministic
41.6608,-0.11464,0.0000,0.0095,0.04451,0.04452,0.23568,-2.0,1.0000,-30.0537,0.4741,-10.7261,154.778,ppo_car_spread_a_deterministic
41.6808,-0.11464,0.0000,0.0095,0.04176,0.04177,0.40479,-2.0,1.0000,-30.0533,0.4741,-10.7269,154.776,ppo_car_spread_a_deterministic
41.7008,-0.11464,0.0000,0.0095,0.04290,0.04291,0.28371,-2.0,1.0000,-30.0529,0.4741,-10.7276,154.777,ppo_car_spread_a_deterministic
41.7208,-0.11545,0.0000,0.0020,0.03709,0.03710,0.36058,-2.0,1.0000,-30.0526,0.4741,-10.7283,154.779,ppo_car_spread_a_deterministic
41.7408,-0.11545,0.0000,0.0020,0.04821,0.04822,0.24063,-0.4,1.0000,-30.0521,0.4741,-10.7292,154.777,ppo_car_spread_a_deterministic
41.7608,-0.11545,0.0000,0.0020,0.03858,0.03859,0.39002,-0.4,1.0000,-30.0518,0.4741,-10.7299,154.775,ppo_car_spread_a_deterministic
41.7808,-0.11545,0.0000,0.0020,0.04380,0.04382,0.23322,-0.4,1.0000,-30.0514,0.4741,-10.7306,154.777,ppo_car_spread_a_deterministic
41.8008,-0.11588,0.0014,0.0000,0.04277,0.04279,0.38889,-0.4,1.0000,-30.0510,0.4741,-10.7314,154.777,ppo_car_spread_a_deterministic
41.8208,-0.11588,0.0014,0.0000,0.04219,0.04220,0.26673,0.7,1.0000,-30.0506,0.4741,-10.7322,154.775,ppo_car_spread_a_deterministic
41.8408,-0.11588,0.0014,0.0000,0.04297,0.04298,0.23289,0.7,1.0000,-30.0502,0.4741,-10.7329,154.771,ppo_car_spread_a_deterministic
41.8608,-0.11588,0.0014,0.0000,0.03884,0.03886,0.25607,0.7,1.0000,-30.0499,0.4741,-10.7336,154.769,ppo_car_spread_a_deterministic
41.8808,-0.11570,0.0000,0.0024,0.04356,0.04358,0.09404,0.7,1.0000,-30.0495,0.4741,-10.7344,154.767,ppo_car_spread_a_deterministic
41.9008,-0.11570,0.0000,0.0024,0.03861,0.03862,0.29148,-0.5,1.0000,-30.0492,0.4741,-10.7351,154.764,ppo_car_spread_a_deterministic
41.9208,-0.11570,0.0000,0.0024,0.04347,0.04348,0.17677,-0.5,1.0000,-30.0488,0.4741,-10.7359,154.764,ppo_car_spread_a_deterministic
41.9408,-0.11570,0.0000,0.0024,0.04150,0.04152,0.29037,-0.5,1.0000,-30.0484,0.4741,-10.7366,154.761,ppo_car_spread_a_deterministic
41.9608,-0.11536,0.0000,0.0037,0.04110,0.04111,0.38689,-0.5,1.0000,-30.0480,0.4741,-10.7373,154.757,ppo_car_spread_a_deterministic
41.9808,-0.11536,0.0000,0.0037,0.04491,0.04492,0.06767,-0.8,1.0000,-30.0476,0.4741,-10.7381,154.757,ppo_car_spread_a_deterministic
42.0008,-0.11536,0.0000,0.0037,0.04922,0.04923,0.28358,-0.8,1.0000,-30.0472,0.4741,-10.7390,154.757,ppo_car_spread_a_deterministic
42.0208,-0.11536,0.0000,0.0037,0.04098,0.04099,0.35482,-0.8,1.0000,-30.0468,0.4741,-10.7398,154.752,ppo_car_spread_a_deterministic
42.0408,-0.11484,0.0000,0.0093,0.04867,0.04869,0.24721,-0.8,1.0000,-30.0464,0.4741,-10.7406,154.750,ppo_car_spread_a_deterministic
42.0608,-0.11484,0.0000,0.0093,0.03800,0.03801,0.38976,-2.0,1.0000,-30.0460,0.4741,-10.7413,154.752,ppo_car_spread_a_deterministic
42.0808,-0.11484,0.0000,0.0093,0.04225,0.04226,0.12700,-2.0,1.0000,-30.0457,0.4741,-10.7421,154.753,ppo_car_spread_a_deterministic
42.1008,-0.11484,0.0000,0.0093,0.04419,0.04420,0.19800,-2.0,1.0000,-30.0453,0.4741,-10.7429,154.754,ppo_car_spread_a_deterministic
42.1208,-0.11528,0.0000,0.0031,0.04390,0.04391,0.29082,-2.0,1.0000,-30.0449,0.4741,-10.7436,154.751,ppo_car_spread_a_deterministic
42.1408,-0.11528,0.0000,0.0031,0.03848,0.03849,0.40189,-0.6,1.0000,-30.0445,0.4741,-10.7443,154.746,ppo_car_spread_a_deterministic
42.1608,-0.11528,0.0000,0.0031,0.04114,0.04115,0.40394,-0.6,1.0000,-30.0442,0.4741,-10.7451,154.746,ppo_car_spread_a_deterministic
42.1808,-0.11528,0.0000,0.0031,0.04654,0.04655,0.27525,-0.6,1.0000,-30.0437,0.4741,-10.7459,154.745,ppo_car_spread_a_deterministic
42.2008,-0.11542,0.0000,0.0017,0.03606,0.03607,0.40297,-0.6,1.0000,-30.0434,0.4741,-10.7465,154.741,ppo_car_spread_a_deterministic
42.2208,-0.11542,0.0000,0.0017,0.03719,0.03720,0.28223,-0.3,1.0000,-30.0431,0.4741,-10.7472,154.736,ppo_car_spread_a_deterministic
42.2408,-0.11542,0.0000,0.0017,0.03641,0.03643,0.34930,-0.3,1.0000,-30.0428,0.4741,-10.7478,154.736,ppo_car_spread_a_deterministic
42.2608,-0.11542,0.0000,0.0017,0.04585,0.04587,0.25789,-0.3,1.0000,-30.0423,0.4741,-10.7487,154.736,ppo_car_spread_a_deterministic
42.2808,-0.11611,0.0029,0.0000,0.04082,0.04083,0.25477,-0.3,1.0000,-30.0420,0.4741,-10.7494,154.736,ppo_car_spread_a_deterministic
42.3008,-0.11611,0.0029,0.0000,0.03953,0.03954,0.19963,1.5,1.0000,-30.0416,0.4741,-10.7501,154.736,ppo_car_spread_a_deterministic
42.3208,-0.11611,0.0029,0.0000,0.03458,0.03458,0.40288,1.5,1.0000,-30.0413,0.4741,-10.7507,154.736,ppo_car_spread_a_deterministic
42.3408,-0.11611,0.0029,0.0000,0.03783,0.03784,0.39655,1.5,1.0000,-30.0410,0.4741,-10.7514,154.731,ppo_car_spread_a_deterministic
42.3608,-0.11625,0.0050,0.0000,0.04459,0.04460,0.25430,1.5,1.0000,-30.0406,0.4741,-10.7522,154.729,ppo_car_spread_a_deterministic
42.3808,-0.11625,0.0050,0.0000,0.03826,0.03828,0.19510,2.6,1.0000,-30.0402,0.4741,-10.7529,154.727,ppo_car_spread_a_deterministic
42.4008,-0.11625,0.0050,0.0000,0.04522,0.04523,0.28422,2.6,1.0000,-30.0398,0.4741,-10.7537,154.728,ppo_car_spread_a_deterministic
42.4208,-0.11625,0.0050,0.0000,0.03969,0.03970,0.33607,2.6,1.0000,-30.0395,0.4741,-10.7544,154.725,ppo_car_spread_a_deterministic
42.4408,-0.11532,0.0000,0.0058,0.04711,0.04712,0.24475,2.6,1.0000,-30.0390,0.4741,-10.7553,154.725,ppo_car_spread_a_deterministic
42.4608,-0.11532,0.0000,0.0058,0.04603,0.04604,0.28359,-1.2,1.0000,-30.0386,0.4741,-10.7561,154.720,ppo_car_spread_a_deterministic
42.4808,-0.11532,0.0000,0.0058,0.03909,0.03910,0.35823,-1.2,1.0000,-30.0383,0.4741,-10.7568,154.721,ppo_car_spread_a_deterministic
42.5008,-0.11532,0.0000,0.0058,0.04230,0.04232,0.29057,-1.2,1.0000,-30.0379,0.4741,-10.7575,154.719,ppo_car_spread_a_deterministic
42.5208,-0.11556,0.0000,0.0002,0.03694,0.03695,0.35164,-1.2,1.0000,-30.0376,0.4741,-10.7582,154.719,ppo_car_spread_a_deterministic
42.5408,-0.11556,0.0000,0.0002,0.03994,0.03996,0.34245,0.0,1.0000,-30.0372,0.4741,-10.7589,154.721,ppo_car_spread_a_deterministic
42.5608,-0.11556,0.0000,0.0002,0.04443,0.04445,0.14594,0.0,1.0000,-30.0368,0.4741,-10.7597,154.720,ppo_car_spread_a_deterministic
42.5808,-0.11556,0.0000,0.0002,0.04043,0.04045,0.21039,0.0,1.0000,-30.0364,0.4741,-10.7604,154.720,ppo_car_spread_a_deterministic
42.6008,-0.11547,0.0000,0.0047,0.04115,0.04116,0.27457,0.0,1.0000,-30.0361,0.4741,-10.7611,154.718,ppo_car_spread_a_deterministic
42.6208,-0.11547,0.0000,0.0047,0.04014,0.04016,0.40562,-1.0,1.0000,-30.0357,0.4741,-10.7619,154.719,ppo_car_spread_a_deterministic
42.6408,-0.11547,0.0000,0.0047,0.04319,0.04321,0.28536,-1.0,1.0000,-30.0353,0.4741,-10.7626,154.720,ppo_car_spread_a_deterministic
42.6608,-0.11547,0.0000,0.0047,0.04144,0.04145,0.27548,-1.0,1.0000,-30.0349,0.4741,-10.7634,154.721,ppo_car_spread_a_deterministic
42.6808,-0.11533,0.0000,0.0042,0.03758,0.03759,0.28738,-1.0,1.0000,-30.0346,0.4741,-10.7640,154.719,ppo_car_spread_a_deterministic
42.7008,-0.11533,0.0000,0.0042,0.04001,0.04002,0.39973,-0.9,1.0000,-30.0342,0.4741,-10.7648,154.722,ppo_car_spread_a_deterministic
42.7208,-0.11533,0.0000,0.0042,0.03741,0.03742,0.40347,-0.9,1.0000,-30.0339,0.4741,-10.7654,154.718,ppo_car_spread_a_deterministic
42.7408,-0.11533,0.0000,0.0042,0.04179,0.04181,0.29008,-0.9,1.0000,-30.0335,0.4741,-10.7662,154.719,ppo_car_spread_a_deterministic
42.7608,-0.11644,0.0029,0.0000,0.04069,0.04071,0.21018,-0.9,1.0000,-30.0332,0.4741,-10.7669,154.719,ppo_car_spread_a_deterministic
42.7808,-0.11644,0.0029,0.0000,0.04246,0.04247,0.30127,1.5,1.0000,-30.0328,0.4741,-10.7677,154.719,ppo_car_spread_a_deterministic
42.8008,-0.11644,0.0029,0.0000,0.03705,0.03706,0.39934,1.5,1.0000,-30.0324,0.4741,-10.7683,154.719,ppo_car_spread_a_deterministic
42.8208,-0.11644,0.0029,0.0000,0.04462,0.04463,0.22018,1.5,1.0000,-30.0320,0.4741,-10.7691,154.720,ppo_car_spread_a_deterministic
42.8408,-0.11614,0.0022,0.0000,0.04181,0.04182,0.28890,1.5,1.0000,-30.0317,0.4741,-10.7699,154.719,ppo_car_spread_a_deterministic
42.8608,-0.11614,0.0022,0.0000,0.04086,0.04088,0.17690,1.2,1.0000,-30.0313,0.4741,-10.7706,154.717,ppo_car_spread_a_deterministic
42.8808,-0.11614,0.0022,0.0000,0.04234,0.04236,0.29665,1.2,1.0000,-30.0309,0.4741,-10.7714,154.716,ppo_car_spread_a_deterministic
42.9008,-0.11614,0.0022,0.0000,0.04463,0.04464,0.26708,1.2,1.0000,-30.0305,0.4741,-10.7722,154.713,ppo_car_spread_a_deterministic
42.9208,-0.11591,0.0000,0.0023,0.04022,0.04024,0.20927,1.2,1.0000,-30.0301,0.4741,-10.7729,154.712,ppo_car_spread_a_deterministic
42.9408,-0.11591,0.0000,0.0023,0.03981,0.03983,0.29066,-0.5,1.0000,-30.0298,0.4741,-10.7736,154.711,ppo_car_spread_a_deterministic
42.9608,-0.11591,0.0000,0.0023,0.04496,0.04498,0.25962,-0.5,1.0000,-30.0294,0.4741,-10.7744,154.709,ppo_car_spread_a_deterministic
42.9808,-0.11591,0.0000,0.0023,0.04224,0.04225,0.11501,-0.5,1.0000,-30.0290,0.4741,-10.7751,154.708,ppo_car_spread_a_deterministic
43.0008,-0.11579,0.0000,0.0047,0.04608,0.04609,0.25084,-0.5,1.0000,-30.0286,0.4741,-10.7760,154.708,ppo_car_spread_a_deterministic
43.0208,-0.11579,0.0000,0.0047,0.03868,0.03869,0.36841,-1.0,1.0000,-30.0282,0.4741,-10.7767,154.707,ppo_car_spread_a_deterministic
43.0408,-0.11579,0.0000,0.0047,0.04208,0.04210,0.19118,-1.0,1.0000,-30.0279,0.4741,-10.7774,154.706,ppo_car_spread_a_deterministic
43.0608,-0.11579,0.0000,0.0047,0.03674,0.03675,0.40695,-1.0,1.0000,-30.0275,0.4741,-10.7781,154.709,ppo_car_spread_a_deterministic
43.0808,-0.11583,0.0000,0.0022,0.04012,0.04013,0.39629,-1.0,1.0000,-30.0272,0.4741,-10.7788,154.708,ppo_car_spread_a_deterministic
43.1008,-0.11583,0.0000,0.0022,0.03893,0.03894,0.33721,-0.5,1.0000,-30.0268,0.4741,-10.7795,154.706,ppo_car_spread_a_deterministic
43.1208,-0.11583,0.0000,0.0022,0.03927,0.03928,0.25411,-0.5,1.0000,-30.0265,0.4741,-10.7802,154.705,ppo_car_spread_a_deterministic
43.1408,-0.11583,0.0000,0.0022,0.03616,0.03617,0.36711,-0.5,1.0000,-30.0262,0.4741,-10.7808,154.706,ppo_car_spread_a_deterministic
43.1608,-0.11607,0.0006,0.0000,0.04507,0.04508,0.35877,-0.5,1.0000,-30.0258,0.4741,-10.7816,154.702,ppo_car_spread_a_deterministic
43.1808,-0.11607,0.0006,0.0000,0.04220,0.04222,0.21867,0.3,1.0000,-30.0254,0.4741,-10.7824,154.701,ppo_car_spread_a_deterministic
43.2008,-0.11607,0.0006,0.0000,0.03849,0.03851,0.32144,0.3,1.0000,-30.0250,0.4741,-10.7831,154.703,ppo_car_spread_a_deterministic
43.2208,-0.11607,0.0006,0.0000,0.04086,0.04088,0.38503,0.3,1.0000,-30.0247,0.4741,-10.7838,154.698,ppo_car_spread_a_deterministic
43.2408,-0.11593,0.0003,0.0000,0.04586,0.04588,0.35599,0.3,1.0000,-30.0242,0.4741,-10.7846,154.701,ppo_car_spread_a_deterministic
43.2608,-0.11593,0.0003,0.0000,0.04167,0.04169,0.33411,0.2,1.0000,-30.0239,0.4741,-10.7854,154.695,ppo_car_spread_a_deterministic
43.2808,-0.11593,0.0003,0.0000,0.03686,0.03687,0.37605,0.2,1.0000,-30.0235,0.4741,-10.7860,154.695,ppo_car_spread_a_deterministic
43.3008,-0.11593,0.0003,0.0000,0.04101,0.04103,0.29269,0.2,1.0000,-30.0232,0.4741,-10.7868,154.698,ppo_car_spread_a_deterministic
43.3208,-0.11614,0.0024,0.0000,0.04092,0.04093,0.37340,0.2,1.0000,-30.0228,0.4741,-10.7875,154.696,ppo_car_spread_a_deterministic
43.3408,-0.11614,0.0024,0.0000,0.04116,0.04117,0.30668,1.2,1.0000,-30.0224,0.4741,-10.7882,154.699,ppo_car_spread_a_deterministic
43.3608,-0.11614,0.0024,0.0000,0.04279,0.04280,0.28917,1.2,1.0000,-30.0220,0.4741,-10.7890,154.696,ppo_car_spread_a_deterministic
43.3808,-0.11614,0.0024,0.0000,0.03845,0.03847,0.39700,1.2,1.0000,-30.0217,0.4741,-10.7897,154.694,ppo_car_spread_a_deterministic
43.4008,-0.11593,0.0000,0.0024,0.04350,0.04351,0.23600,1.2,1.0000,-30.0213,0.4741,-10.7904,154.695,ppo_car_spread_a_deterministic
43.4208,-0.11593,0.0000,0.0024,0.03754,0.03755,0.31081,-0.5,1.0000,-30.0210,0.4741,-10.7911,154.694,ppo_car_spread_a_deterministic
43.4408,-0.11593,0.0000,0.0024,0.03532,0.03533,0.38558,-0.5,1.0000,-30.0206,0.4741,-10.7917,154.692,ppo_car_spread_a_deterministic
43.4608,-0.11593,0.0000,0.0024,0.03897,0.03898,0.25963,-0.5,1.0000,-30.0203,0.4741,-10.7924,154.690,ppo_car_spread_a_deterministic
43.4808,-0.11658,0.0046,0.0000,0.04785,0.04787,0.21426,-0.5,1.0000,-30.0199,0.4741,-10.7933,154.689,ppo_car_spread_a_deterministic
43.5008,-0.11658,0.0046,0.0000,0.04110,0.04112,0.37705,2.4,1.0000,-30.0195,0.4741,-10.7940,154.691,ppo_car_spread_a_deterministic
43.5208,-0.11658,0.0046,0.0000,0.04148,0.04149,0.38795,2.4,1.0000,-30.0191,0.4741,-10.7948,154.692,ppo_car_spread_a_deterministic
43.5408,-0.11658,0.0046,0.0000,0.04691,0.04693,0.26473,2.4,1.0000,-30.0187,0.4741,-10.7956,154.693,ppo_car_spread_a_deterministic
43.5608,-0.11571,0.0000,0.0023,0.04563,0.04564,0.24651,2.4,1.0000,-30.0183,0.4741,-10.7964,154.694,ppo_car_spread_a_deterministic
43.5808,-0.11571,0.0000,0.0023,0.04427,0.04428,0.25577,-0.5,1.0000,-30.0179,0.4741,-10.7972,154.694,ppo_car_spread_a_deterministic
43.6008,-0.11571,0.0000,0.0023,0.03800,0.03801,0.37490,-0.5,1.0000,-30.0175,0.4741,-10.7979,154.696,ppo_car_spread_a_deterministic
43.6208,-0.11571,0.0000,0.0023,0.04620,0.04621,0.24463,-0.5,1.0000,-30.0171,0.4741,-10.7987,154.696,ppo_car_spread_a_deterministic
43.6408,-0.11576,0.0007,0.0000,0.04186,0.04187,0.40359,-0.5,1.0000,-30.0167,0.4741,-10.7995,154.695,ppo_car_spread_a_deterministic
43.6608,-0.11576,0.0007,0.0000,0.04637,0.04639,0.20433,0.4,1.0000,-30.0163,0.4741,-10.8003,154.695,ppo_car_spread_a_deterministic
43.6808,-0.11576,0.0007,0.0000,0.04883,0.04884,0.25706,0.4,1.0000,-30.0159,0.4741,-10.8012,154.696,ppo_car_spread_a_deterministic
43.7008,-0.11576,0.0007,0.0000,0.04848,0.04849,0.25251,0.4,1.0000,-30.0154,0.4741,-10.8021,154.694,ppo_car_spread_a_deterministic
43.7208,-0.11500,0.0000,0.0094,0.04112,0.04113,0.37686,0.4,1.0000,-30.0151,0.4741,-10.8028,154.691,ppo_car_spread_a_deterministic
43.7408,-0.11500,0.0000,0.0094,0.04424,0.04426,0.28594,-2.0,1.0000,-30.0147,0.4741,-10.8036,154.689,ppo_car_spread_a_deterministic
43.7608,-0.11500,0.0000,0.0094,0.04255,0.04257,0.29790,-2.0,1.0000,-30.0143,0.4741,-10.8043,154.684,ppo_car_spread_a_deterministic
43.7808,-0.11500,0.0000,0.0094,0.04316,0.04318,0.19799,-2.0,1.0000,-30.0139,0.4741,-10.8051,154.682,ppo_car_spread_a_deterministic
43.8008,-0.11620,0.0000,0.0016,0.04433,0.04435,0.28477,-2.0,1.0000,-30.0135,0.4741,-10.8059,154.683,ppo_car_spread_a_deterministic
43.8208,-0.11620,0.0000,0.0016,0.03946,0.03947,0.23873,-0.3,1.0000,-30.0132,0.4741,-10.8066,154.684,ppo_car_spread_a_deterministic
43.8408,-0.11620,0.0000,0.0016,0.04441,0.04442,0.20618,-0.3,1.0000,-30.0128,0.4741,-10.8074,154.682,ppo_car_spread_a_deterministic
43.8608,-0.11620,0.0000,0.0016,0.04282,0.04283,0.19121,-0.3,1.0000,-30.0124,0.4741,-10.8081,154.681,ppo_car_spread_a_deterministic
43.8808,-0.11593,0.0000,0.0039,0.04184,0.04186,0.38859,-0.3,1.0000,-30.0120,0.4741,-10.8089,154.677,ppo_car_spread_a_deterministic
43.9008,-0.11593,0.0000,0.0039,0.04478,0.04479,0.29784,-0.8,1.0000,-30.0116,0.4741,-10.8097,154.674,ppo_car_spread_a_deterministic
43.9208,-0.11593,0.0000,0.0039,0.04122,0.04123,0.40565,-0.8,1.0000,-30.0112,0.4741,-10.8104,154.675,ppo_car_spread_a_deterministic
43.9408,-0.11593,0.0000,0.0039,0.03742,0.03743,0.17654,-0.8,1.0000,-30.0109,0.4741,-10.8111,154.674,ppo_car_spread_a_deterministic
43.9608,-0.11588,0.0000,0.0017,0.04382,0.04384,0.28000,-0.8,1.0000,-30.0105,0.4741,-10.8119,154.671,ppo_car_spread_a_deterministic
43.9808,-0.11588,0.0000,0.0017,0.03588,0.03589,0.39332,-0.4,1.0000,-30.0102,0.4741,-10.8125,154.669,ppo_car_spread_a_deterministic
44.0008,-0.11588,0.0000,0.0017,0.04357,0.04359,0.16416,-0.4,1.0000,-30.0098,0.4741,-10.8133,154.668,ppo_car_spread_a_deterministic
44.0208,-0.11588,0.0000,0.0017,0.03777,0.03778,0.36536,-0.4,1.0000,-30.0094,0.4741,-10.8140,154.670,ppo_car_spread_a_deterministic
44.0408,-0.11575,0.0000,0.0039,0.03526,0.03527,0.35628,-0.4,1.0000,-30.0091,0.4741,-10.8146,154.670,ppo_car_spread_a_deterministic
44.0608,-0.11575,0.0000,0.0039,0.04250,0.04252,0.28154,-0.8,1.0000,-30.0087,0.4741,-10.8154,154.672,ppo_car_spread_a_deterministic
44.0808,-0.11575,0.0000,0.0039,0.03682,0.03684,0.40647,-0.8,1.0000,-30.0084,0.4741,-10.8160,154.672,ppo_car_spread_a_deterministic
44.1008,-0.11575,0.0000,0.0039,0.04215,0.04216,0.06243,-0.8,1.0000,-30.0080,0.4741,-10.8168,154.672,ppo_car_spread_a_deterministic
44.1208,-0.11627,0.0023,0.0000,0.04038,0.04039,0.16566,-0.8,1.0000,-30.0077,0.4741,-10.8175,154.668,ppo_car_spread_a_deterministic
44.1408,-0.11627,0.0023,0.0000,0.04654,0.04656,0.27313,1.2,1.0000,-30.0072,0.4741,-10.8183,154.664,ppo_car_spread_a_deterministic
44.1608,-0.11627,0.0023,0.0000,0.04558,0.04560,0.25107,1.2,1.0000,-30.0068,0.4741,-10.8191,154.665,ppo_car_spread_a_deterministic
44.1808,-0.11627,0.0023,0.0000,0.03869,0.03870,0.19859,1.2,1.0000,-30.0065,0.4741,-10.8198,154.663,ppo_car_spread_a_deterministic
44.2008,-0.11558,0.0000,0.0060,0.04045,0.04046,0.19737,1.2,1.0000,-30.0061,0.4741,-10.8206,154.660,ppo_car_spread_a_deterministic
44.2208,-0.11558,0.0000,0.0060,0.04499,0.04500,0.27141,-1.3,1.0000,-30.0057,0.4741,-10.8214,154.660,ppo_car_spread_a_deterministic
44.2408,-0.11558,0.0000,0.0060,0.03326,0.03327,0.31542,-1.3,1.0000,-30.0054,0.4741,-10.8220,154.660,ppo_car_spread_a_deterministic
44.2608,-0.11558,0.0000,0.0060,0.04448,0.04449,0.28599,-1.3,1.0000,-30.0050,0.4741,-10.8228,154.660,ppo_car_spread_a_deterministic
44.2808,-0.11672,0.0062,0.0000,0.04084,0.04086,0.25459,-1.3,1.0000,-30.0046,0.4741,-10.8235,154.663,ppo_car_spread_a_deterministic
44.3008,-0.11672,0.0062,0.0000,0.04063,0.04064,0.18332,3.3,1.0000,-30.0043,0.4741,-10.8242,154.662,ppo_car_spread_a_deterministic
44.3208,-0.11672,0.0062,0.0000,0.04066,0.04067,0.18137,3.3,1.0000,-30.0039,0.4741,-10.8249,154.661,ppo_car_spread_a_deterministic
44.3408,-0.11672,0.0062,0.0000,0.04229,0.04231,0.18939,3.3,1.0000,-30.0035,0.4741,-10.8257,154.661,ppo_car_spread_a_deterministic
44.3608,-0.11629,0.0000,0.0007,0.04608,0.04610,0.20942,3.3,1.0000,-30.0031,0.4741,-10.8265,154.659,ppo_car_spread_a_deterministic
44.3808,-0.11629,0.0000,0.0007,0.04555,0.04557,0.28061,-0.1,1.0000,-30.0027,0.4741,-10.8273,154.654,ppo_car_spread_a_deterministic
44.4008,-0.11629,0.0000,0.0007,0.04259,0.04261,0.22550,-0.1,1.0000,-30.0023,0.4741,-10.8281,154.656,ppo_car_spread_a_deterministic
44.4208,-0.11629,0.0000,0.0007,0.03999,0.04000,0.24276,-0.1,1.0000,-30.0019,0.4741,-10.8288,154.657,ppo_car_spread_a_deterministic
44.4408,-0.11575,0.0000,0.0036,0.04744,0.04746,0.24769,-0.1,1.0000,-30.0015,0.4741,-10.8297,154.657,ppo_car_spread_a_deterministic
44.4608,-0.11575,0.0000,0.0036,0.04382,0.04383,0.17679,-0.8,1.0000,-30.0011,0.4741,-10.8304,154.656,ppo_car_spread_a_deterministic
44.4808,-0.11575,0.0000,0.0036,0.04202,0.04203,0.16047,-0.8,1.0000,-30.0007,0.4741,-10.8312,154.655,ppo_car_spread_a_deterministic
44.5008,-0.11575,0.0000,0.0036,0.04281,0.04283,0.26220,-0.8,1.0000,-30.0004,0.4741,-10.8319,154.654,ppo_car_spread_a_deterministic
44.5208,-0.11598,0.0000,0.0021,0.03657,0.03658,0.32872,-0.8,1.0000,-30.0000,0.4741,-10.8326,154.650,ppo_car_spread_a_deterministic
44.5408,-0.11598,0.0000,0.0021,0.04199,0.04200,0.17976,-0.4,1.0000,-29.9997,0.4741,-10.8333,154.649,ppo_car_spread_a_deterministic
44.5608,-0.11598,0.0000,0.0021,0.03906,0.03907,0.37170,-0.4,1.0000,-29.9993,0.4741,-10.8340,154.648,ppo_car_spread_a_deterministic
44.5808,-0.11598,0.0000,0.0021,0.04161,0.04161,0.38022,-0.4,1.0000,-29.9989,0.4741,-10.8348,154.649,ppo_car_spread_a_deterministic
44.6008,-0.11616,0.0005,0.0000,0.04535,0.04536,0.28396,-0.4,1.0000,-29.9985,0.4741,-10.8356,154.650,ppo_car_spread_a_deterministic
44.6208,-0.11616,0.0005,0.0000,0.04467,0.04468,0.19929,0.3,1.0000,-29.9981,0.4741,-10.8364,154.650,ppo_car_spread_a_deterministic
44.6408,-0.11616,0.0005,0.0000,0.04610,0.04612,0.29432,0.3,1.0000,-29.9977,0.4741,-10.8372,154.650,ppo_car_spread_a_deterministic
44.6608,-0.11616,0.0005,0.0000,0.03810,0.03811,0.26819,0.3,1.0000,-29.9974,0.4741,-10.8379,154.648,ppo_car_spread_a_deterministic
44.6808,-0.11579,0.0000,0.0062,0.04276,0.04277,0.05689,0.3,1.0000,-29.9970,0.4741,-10.8387,154.647,ppo_car_spread_a_deterministic
44.7008,-0.11579,0.0000,0.0062,0.04378,0.04380,0.26779,-1.3,1.0000,-29.9966,0.4741,-10.8394,154.643,ppo_car_spread_a_deterministic
44.7208,-0.11579,0.0000,0.0062,0.03857,0.03858,0.39907,-1.3,1.0000,-29.9962,0.4741,-10.8401,154.641,ppo_car_spread_a_deterministic
44.7408,-0.11579,0.0000,0.0062,0.03957,0.03959,0.31933,-1.3,1.0000,-29.9959,0.4741,-10.8408,154.641,ppo_car_spread_a_deterministic
44.7608,-0.11644,0.0017,0.0000,0.03940,0.03941,0.18692,-1.3,1.0000,-29.9955,0.4741,-10.8415,154.640,ppo_car_spread_a_deterministic
44.7808,-0.11644,0.0017,0.0000,0.04021,0.04023,0.28096,0.9,1.0000,-29.9952,0.4741,-10.8423,154.637,ppo_car_spread_a_deterministic
44.8008,-0.11644,0.0017,0.0000,0.04132,0.04133,0.27103,0.9,1.0000,-29.9948,0.4741,-10.8430,154.634,ppo_car_spread_a_deterministic
44.8208,-0.11644,0.0017,0.0000,0.04524,0.04525,0.28439,0.9,1.0000,-29.9944,0.4741,-10.8438,154.635,ppo_car_spread_a_deterministic
44.8408,-0.11637,0.0000,0.0008,0.04042,0.04044,0.38702,0.9,1.0000,-29.9940,0.4741,-10.8445,154.636,ppo_car_spread_a_deterministic
44.8608,-0.11637,0.0000,0.0008,0.04391,0.04392,0.29048,-0.2,1.0000,-29.9936,0.4741,-10.8453,154.635,ppo_car_spread_a_deterministic
44.8808,-0.11637,0.0000,0.0008,0.04047,0.04047,0.31094,-0.2,1.0000,-29.9933,0.4741,-10.8460,154.636,ppo_car_spread_a_deterministic
44.9008,-0.11637,0.0000,0.0008,0.04076,0.04077,0.17316,-0.2,1.0000,-29.9929,0.4741,-10.8468,154.634,ppo_car_spread_a_deterministic
44.9208,-0.11609,0.0000,0.0009,0.04112,0.04114,0.25899,-0.2,1.0000,-29.9925,0.4741,-10.8475,154.632,ppo_car_spread_a_deterministic
44.9408,-0.11609,0.0000,0.0009,0.03328,0.03329,0.36471,-0.2,1.0000,-29.9922,0.4741,-10.8481,154.633,ppo_car_spread_a_deterministic
44.9608,-0.11609,0.0000,0.0009,0.03785,0.03787,0.38653,-0.2,1.0000,-29.9919,0.4741,-10.8488,154.629,ppo_car_spread_a_deterministic
44.9808,-0.11609,0.0000,0.0009,0.04052,0.04053,0.19118,-0.2,1.0000,-29.9915,0.4741,-10.8495,154.626,ppo_car_spread_a_deterministic
45.0008,-0.11699,0.0028,0.0000,0.03810,0.03811,0.39194,-0.2,1.0000,-29.9912,0.4741,-10.8502,154.624,ppo_car_spread_a_deterministic
45.0208,-0.11699,0.0028,0.0000,0.03844,0.03845,0.34108,1.5,1.0000,-29.9908,0.4741,-10.8509,154.626,ppo_car_spread_a_deterministic
45.0408,-0.11699,0.0028,0.0000,0.04178,0.04180,0.40324,1.5,1.0000,-29.9904,0.4741,-10.8516,154.628,ppo_car_spread_a_deterministic
45.0608,-0.11699,0.0028,0.0000,0.04790,0.04791,0.28203,1.5,1.0000,-29.9900,0.4741,-10.8525,154.627,ppo_car_spread_a_deterministic
45.0808,-0.11606,0.0000,0.0027,0.04298,0.04300,0.08861,1.5,1.0000,-29.9896,0.4741,-10.8532,154.626,ppo_car_spread_a_deterministic
45.1008,-0.11606,0.0000,0.0027,0.04327,0.04328,0.23570,-0.6,1.0000,-29.9892,0.4741,-10.8540,154.622,ppo_car_spread_a_deterministic
45.1208,-0.11606,0.0000,0.0027,0.04340,0.04341,0.06748,-0.6,1.0000,-29.9888,0.4741,-10.8548,154.621,ppo_car_spread_a_deterministic
45.1408,-0.11606,0.0000,0.0027,0.04104,0.04105,0.24046,-0.6,1.0000,-29.9885,0.4741,-10.8555,154.619,ppo_car_spread_a_deterministic
45.1608,-0.11611,0.0000,0.0034,0.03351,0.03352,0.39075,-0.6,1.0000,-29.9882,0.4741,-10.8561,154.621,ppo_car_spread_a_deterministic
45.1808,-0.11611,0.0000,0.0034,0.04061,0.04062,0.27503,-0.7,1.0000,-29.9878,0.4741,-10.8568,154.619,ppo_car_spread_a_deterministic
45.2008,-0.11611,0.0000,0.0034,0.04236,0.04237,0.27347,-0.7,1.0000,-29.9874,0.4741,-10.8576,154.619,ppo_car_spread_a_deterministic
45.2208,-0.11611,0.0000,0.0034,0.04243,0.04245,0.31241,-0.7,1.0000,-29.9870,0.4741,-10.8584,154.619,ppo_car_spread_a_deterministic
45.2408,-0.11601,0.0000,0.0029,0.04405,0.04406,0.16646,-0.7,1.0000,-29.9866,0.4741,-10.8591,154.620,ppo_car_spread_a_deterministic
45.2609,-0.11601,0.0000,0.0029,0.03899,0.03900,0.32446,-0.6,1.0000,-29.9863,0.4741,-10.8598,154.620,ppo_car_spread_a_deterministic
45.2809,-0.11601,0.0000,0.0029,0.04426,0.04428,0.25758,-0.6,1.0000,-29.9859,0.4741,-10.8606,154.618,ppo_car_spread_a_deterministic
45.3009,-0.11601,0.0000,0.0029,0.03644,0.03646,0.39094,-0.6,1.0000,-29.9856,0.4741,-10.8613,154.613,ppo_car_spread_a_deterministic
45.3209,-0.11616,0.0000,0.0040,0.03721,0.03722,0.39668,-0.6,1.0000,-29.9852,0.4741,-10.8619,154.610,ppo_car_spread_a_deterministic
45.3409,-0.11616,0.0000,0.0040,0.04317,0.04318,0.29581,-0.8,1.0000,-29.9848,0.4741,-10.8627,154.613,ppo_car_spread_a_deterministic
45.3609,-0.11616,0.0000,0.0040,0.03510,0.03511,0.38199,-0.8,1.0000,-29.9845,0.4741,-10.8633,154.615,ppo_car_spread_a_deterministic
45.3809,-0.11616,0.0000,0.0040,0.03335,0.03336,0.40158,-0.8,1.0000,-29.9842,0.4741,-10.8639,154.613,ppo_car_spread_a_deterministic
45.4009,-0.11652,0.0038,0.0000,0.04405,0.04406,0.20193,-0.8,1.0000,-29.9838,0.4741,-10.8647,154.612,ppo_car_spread_a_deterministic
45.4209,-0.11652,0.0038,0.0000,0.04294,0.04296,0.08797,2.0,1.0000,-29.9834,0.4741,-10.8655,154.611,ppo_car_spread_a_deterministic
45.4409,-0.11652,0.0038,0.0000,0.03623,0.03624,0.34797,2.0,1.0000,-29.9831,0.4741,-10.8661,154.610,ppo_car_spread_a_deterministic
45.4609,-0.11652,0.0038,0.0000,0.04536,0.04538,0.19476,2.0,1.0000,-29.9827,0.4741,-10.8669,154.611,ppo_car_spread_a_deterministic
45.4809,-0.11687,0.0036,0.0000,0.03546,0.03548,0.32718,2.0,1.0000,-29.9824,0.4741,-10.8676,154.608,ppo_car_spread_a_deterministic
45.5009,-0.11687,0.0036,0.0000,0.04499,0.04501,0.26557,1.9,1.0000,-29.9820,0.4741,-10.8684,154.606,ppo_car_spread_a_deterministic
45.5209,-0.11687,0.0036,0.0000,0.04106,0.04107,0.19101,1.9,1.0000,-29.9816,0.4741,-10.8691,154.604,ppo_car_spread_a_deterministic
45.5409,-0.11687,0.0036,0.0000,0.04368,0.04369,0.22459,1.9,1.0000,-29.9812,0.4741,-10.8699,154.604,ppo_car_spread_a_deterministic
45.5609,-0.11659,0.0000,0.0009,0.03435,0.03436,0.40782,1.9,1.0000,-29.9809,0.4741,-10.8705,154.605,ppo_car_spread_a_deterministic
45.5809,-0.11659,0.0000,0.0009,0.04333,0.04335,0.13807,-0.2,1.0000,-29.9805,0.4741,-10.8713,154.603,ppo_car_spread_a_deterministic
45.6009,-0.11659,0.0000,0.0009,0.03612,0.03614,0.29781,-0.2,1.0000,-29.9802,0.4741,-10.8719,154.600,ppo_car_spread_a_deterministic
45.6209,-0.11659,0.0000,0.0009,0.04857,0.04859,0.23907,-0.2,1.0000,-29.9797,0.4741,-10.8728,154.599,ppo_car_spread_a_deterministic
45.6409,-0.11708,0.0042,0.0000,0.04968,0.04970,0.25404,-0.2,1.0000,-29.9793,0.4741,-10.8737,154.599,ppo_car_spread_a_deterministic
45.6609,-0.11708,0.0042,0.0000,0.04959,0.04961,0.27635,2.2,1.0000,-29.9788,0.4741,-10.8746,154.596,ppo_car_spread_a_deterministic
45.6809,-0.11708,0.0042,0.0000,0.04350,0.04351,0.39650,2.2,1.0000,-29.9784,0.4741,-10.8754,154.593,ppo_car_spread_a_deterministic
45.7009,-0.11708,0.0042,0.0000,0.04615,0.04616,0.22213,2.2,1.0000,-29.9780,0.4741,-10.8762,154.594,ppo_car_spread_a_deterministic
45.7209,-0.11654,0.0000,0.0027,0.04333,0.04335,0.16264,2.2,1.0000,-29.9776,0.4741,-10.8769,154.595,ppo_car_spread_a_deterministic
45.7409,-0.11654,0.0000,0.0027,0.04486,0.04487,0.27096,-0.6,1.0000,-29.9772,0.4741,-10.8777,154.592,ppo_car_spread_a_deterministic
45.7609,-0.11654,0.0000,0.0027,0.04817,0.04819,0.21587,-0.6,1.0000,-29.9768,0.4741,-10.8786,154.591,ppo_car_spread_a_deterministic
45.7809,-0.11654,0.0000,0.0027,0.04544,0.04546,0.24324,-0.6,1.0000,-29.9764,0.4741,-10.8794,154.592,ppo_car_spread_a_deterministic
45.8009,-0.11582,0.0000,0.0079,0.04342,0.04344,0.40251,-0.6,1.0000,-29.9760,0.4741,-10.8802,154.591,ppo_car_spread_a_deterministic
45.8209,-0.11582,0.0000,0.0079,0.04304,0.04306,0.39371,-1.7,1.0000,-29.9756,0.4741,-10.8810,154.590,ppo_car_spread_a_deterministic
45.8409,-0.11582,0.0000,0.0079,0.04223,0.04225,0.25201,-1.7,1.0000,-29.9752,0.4741,-10.8817,154.590,ppo_car_spread_a_deterministic
45.8609,-0.11582,0.0000,0.0079,0.03629,0.03630,0.40180,-1.7,1.0000,-29.9749,0.4741,-10.8823,154.589,ppo_car_spread_a_deterministic
45.8809,-0.11612,0.0000,0.0029,0.04925,0.04926,0.29235,-1.7,1.0000,-29.9744,0.4741,-10.8832,154.587,ppo_car_spread_a_deterministic
45.9009,-0.11612,0.0000,0.0029,0.04094,0.04096,0.26888,-0.6,1.0000,-29.9741,0.4741,-10.8840,154.589,ppo_car_spread_a_deterministic
45.9209,-0.11612,0.0000,0.0029,0.04331,0.04332,0.37800,-0.6,1.0000,-29.9737,0.4741,-10.8847,154.589,ppo_car_spread_a_deterministic
45.9409,-0.11612,0.0000,0.0029,0.03900,0.03901,0.36619,-0.6,1.0000,-29.9733,0.4741,-10.8854,154.586,ppo_car_spread_a_deterministic
45.9609,-0.11592,0.0000,0.0038,0.04370,0.04371,0.10000,-0.6,1.0000,-29.9729,0.4741,-10.8862,154.586,ppo_car_spread_a_deterministic
45.9809,-0.11592,0.0000,0.0038,0.04566,0.04568,0.24333,-0.8,1.0000,-29.9725,0.4741,-10.8870,154.588,ppo_car_spread_a_deterministic
46.0009,-0.11592,0.0000,0.0038,0.05023,0.05024,0.28742,-0.8,1.0000,-29.9721,0.4741,-10.8879,154.586,ppo_car_spread_a_deterministic
46.0209,-0.11592,0.0000,0.0038,0.04331,0.04332,0.27780,-0.8,1.0000,-29.9717,0.4741,-10.8887,154.585,ppo_car_spread_a_deterministic
46.0409,-0.11582,0.0000,0.0097,0.04050,0.04052,0.25988,-0.8,1.0000,-29.9713,0.4741,-10.8894,154.583,ppo_car_spread_a_deterministic
46.0609,-0.11582,0.0000,0.0097,0.03758,0.03759,0.38997,-2.0,1.0000,-29.9710,0.4741,-10.8901,154.584,ppo_car_spread_a_deterministic
46.0809,-0.11582,0.0000,0.0097,0.04189,0.04191,0.31805,-2.0,1.0000,-29.9706,0.4741,-10.8908,154.583,ppo_car_spread_a_deterministic
46.1009,-0.11582,0.0000,0.0097,0.04054,0.04055,0.38944,-2.0,1.0000,-29.9702,0.4741,-10.8915,154.579,ppo_car_spread_a_deterministic
46.1209,-0.11632,0.0000,0.0020,0.04219,0.04220,0.28050,-2.0,1.0000,-29.9698,0.4741,-10.8923,154.579,ppo_car_spread_a_deterministic
46.1409,-0.11632,0.0000,0.0020,0.03774,0.03775,0.23844,-0.4,1.0000,-29.9695,0.4741,-10.8930,154.575,ppo_car_spread_a_deterministic
46.1609,-0.11632,0.0000,0.0020,0.04304,0.04305,0.28867,-0.4,1.0000,-29.9691,0.4741,-10.8937,154.573,ppo_car_spread_a_deterministic
46.1809,-0.11632,0.0000,0.0020,0.04198,0.04200,0.29706,-0.4,1.0000,-29.9687,0.4741,-10.8945,154.570,ppo_car_spread_a_deterministic
46.2009,-0.11641,0.0000,0.0027,0.04091,0.04092,0.37950,-0.4,1.0000,-29.9684,0.4741,-10.8952,154.568,ppo_car_spread_a_deterministic
46.2209,-0.11641,0.0000,0.0027,0.04401,0.04402,0.21526,-0.6,1.0000,-29.9680,0.4741,-10.8960,154.567,ppo_car_spread_a_deterministic
46.2409,-0.11641,0.0000,0.0027,0.03915,0.03917,0.38910,-0.6,1.0000,-29.9676,0.4741,-10.8967,154.567,ppo_car_spread_a_deterministic
46.2609,-0.11641,0.0000,0.0027,0.03730,0.03731,0.26922,-0.6,1.0000,-29.9673,0.4741,-10.8974,154.567,ppo_car_spread_a_deterministic
46.2809,-0.11673,0.0007,0.0000,0.04196,0.04197,0.40099,-0.6,1.0000,-29.9669,0.4741,-10.8981,154.565,ppo_car_spread_a_deterministic
46.3009,-0.11673,0.0007,0.0000,0.03908,0.03909,0.27207,0.4,1.0000,-29.9665,0.4741,-10.8988,154.566,ppo_car_spread_a_deterministic
46.3209,-0.11673,0.0007,0.0000,0.04144,0.04145,0.12477,0.4,1.0000,-29.9662,0.4741,-10.8996,154.564,ppo_car_spread_a_deterministic
46.3409,-0.11673,0.0007,0.0000,0.03966,0.03968,0.19721,0.4,1.0000,-29.9658,0.4741,-10.9003,154.564,ppo_car_spread_a_deterministic
46.3609,-0.11667,0.0000,0.0013,0.03644,0.03645,0.29787,0.4,1.0000,-29.9655,0.4741,-10.9009,154.561,ppo_car_spread_a_deterministic
46.3809,-0.11667,0.0000,0.0013,0.04361,0.04362,0.26544,-0.3,1.0000,-29.9651,0.4741,-10.9017,154.562,ppo_car_spread_a_deterministic
46.4009,-0.11667,0.0000,0.0013,0.03546,0.03547,0.38806,-0.3,1.0000,-29.9648,0.4741,-10.9023,154.563,ppo_car_spread_a_deterministic
46.4209,-0.11667,0.0000,0.0013,0.04284,0.04285,0.29226,-0.3,1.0000,-29.9644,0.4741,-10.9031,154.563,ppo_car_spread_a_deterministic
46.4409,-0.11680,0.0036,0.0000,0.04091,0.04093,0.26196,-0.3,1.0000,-29.9640,0.4741,-10.9038,154.562,ppo_car_spread_a_deterministic
46.4609,-0.11680,0.0036,0.0000,0.03965,0.03966,0.20278,1.9,1.0000,-29.9637,0.4741,-10.9045,154.560,ppo_car_spread_a_deterministic
46.4809,-0.11680,0.0036,0.0000,0.03752,0.03753,0.28556,1.9,1.0000,-29.9633,0.4741,-10.9052,154.559,ppo_car_spread_a_deterministic
46.5009,-0.11680,0.0036,0.0000,0.03421,0.03422,0.39984,1.9,1.0000,-29.9630,0.4741,-10.9058,154.558,ppo_car_spread_a_deterministic
46.5209,-0.11687,0.0023,0.0000,0.03985,0.03987,0.39253,1.9,1.0000,-29.9627,0.4741,-10.9065,154.555,ppo_car_spread_a_deterministic
46.5409,-0.11687,0.0023,0.0000,0.04478,0.04480,0.25171,1.2,1.0000,-29.9622,0.4741,-10.9073,154.555,ppo_car_spread_a_deterministic
46.5609,-0.11687,0.0023,0.0000,0.04567,0.04568,0.29022,1.2,1.0000,-29.9618,0.4741,-10.9081,154.556,ppo_car_spread_a_deterministic
46.5809,-0.11687,0.0023,0.0000,0.04033,0.04035,0.20496,1.2,1.0000,-29.9615,0.4741,-10.9089,154.554,ppo_car_spread_a_deterministic
46.6009,-0.11605,0.0000,0.0060,0.04358,0.04359,0.21038,1.2,1.0000,-29.9611,0.4741,-10.9096,154.550,ppo_car_spread_a_deterministic
46.6209,-0.11605,0.0000,0.0060,0.03654,0.03655,0.28126,-1.3,1.0000,-29.9607,0.4741,-10.9103,154.551,ppo_car_spread_a_deterministic
46.6409,-0.11605,0.0000,0.0060,0.04291,0.04292,0.18101,-1.3,1.0000,-29.9603,0.4741,-10.9111,154.548,ppo_car_spread_a_deterministic
46.6609,-0.11605,0.0000,0.0060,0.03768,0.03769,0.39284,-1.3,1.0000,-29.9600,0.4741,-10.9117,154.550,ppo_car_spread_a_deterministic
46.6809,-0.11667,0.0000,0.0023,0.04104,0.04106,0.17464,-1.3,1.0000,-29.9596,0.4741,-10.9125,154.549,ppo_car_spread_a_deterministic
46.7009,-0.11667,0.0000,0.0023,0.04437,0.04438,0.25133,-0.5,1.0000,-29.9592,0.4741,-10.9133,154.548,ppo_car_spread_a_deterministic
46.7209,-0.11667,0.0000,0.0023,0.03797,0.03798,0.40838,-0.5,1.0000,-29.9589,0.4741,-10.9139,154.549,ppo_car_spread_a_deterministic
46.7409,-0.11667,0.0000,0.0023,0.03614,0.03615,0.25667,-0.5,1.0000,-29.9586,0.4741,-10.9146,154.547,ppo_car_spread_a_deterministic
46.7609,-0.11665,0.0012,0.0000,0.03638,0.03639,0.16840,-0.5,1.0000,-29.9582,0.4741,-10.9152,154.546,ppo_car_spread_a_deterministic
46.7809,-0.11665,0.0012,0.0000,0.04386,0.04388,0.26533,0.6,1.0000,-29.9578,0.4741,-10.9160,154.543,ppo_car_spread_a_deterministic
46.8009,-0.11665,0.0012,0.0000,0.04378,0.04380,0.23246,0.6,1.0000,-29.9574,0.4741,-10.9168,154.541,ppo_car_spread_a_deterministic
46.8209,-0.11665,0.0012,0.0000,0.03917,0.03918,0.33875,0.6,1.0000,-29.9571,0.4741,-10.9175,154.543,ppo_car_spread_a_deterministic
46.8409,-0.11665,0.0000,0.0033,0.04402,0.04403,0.23602,0.6,1.0000,-29.9567,0.4741,-10.9183,154.541,ppo_car_spread_a_deterministic
46.8609,-0.11665,0.0000,0.0033,0.03600,0.03601,0.39571,-0.7,1.0000,-29.9564,0.4741,-10.9189,154.542,ppo_car_spread_a_deterministic
46.8809,-0.11665,0.0000,0.0033,0.03907,0.03908,0.25230,-0.7,1.0000,-29.9560,0.4741,-10.9196,154.541,ppo_car_spread_a_deterministic
46.9009,-0.11665,0.0000,0.0033,0.04091,0.04092,0.37818,-0.7,1.0000,-29.9556,0.4741,-10.9203,154.538,ppo_car_spread_a_deterministic
46.9209,-0.11679,0.0008,0.0000,0.04054,0.04055,0.17666,-0.7,1.0000,-29.9553,0.4741,-10.9211,154.536,ppo_car_spread_a_deterministic
46.9409,-0.11679,0.0008,0.0000,0.04000,0.04002,0.18403,0.4,1.0000,-29.9549,0.4741,-10.9218,154.535,ppo_car_spread_a_deterministic
46.9609,-0.11679,0.0008,0.0000,0.04502,0.04503,0.24103,0.4,1.0000,-29.9545,0.4741,-10.9226,154.533,ppo_car_spread_a_deterministic
46.9809,-0.11679,0.0008,0.0000,0.04261,0.04262,0.28483,0.4,1.0000,-29.9541,0.4741,-10.9234,154.534,ppo_car_spread_a_deterministic
47.0009,-0.11654,0.0000,0.0044,0.03997,0.03999,0.26147,0.4,1.0000,-29.9537,0.4741,-10.9241,154.532,ppo_car_spread_a_deterministic
47.0209,-0.11654,0.0000,0.0044,0.03935,0.03936,0.38537,-0.9,1.0000,-29.9534,0.4741,-10.9248,154.529,ppo_car_spread_a_deterministic
47.0409,-0.11654,0.0000,0.0044,0.04380,0.04382,0.28950,-0.9,1.0000,-29.9530,0.4741,-10.9255,154.526,ppo_car_spread_a_deterministic
47.0609,-0.11654,0.0000,0.0044,0.03954,0.03955,0.17768,-0.9,1.0000,-29.9526,0.4741,-10.9263,154.523,ppo_car_spread_a_deterministic
47.0809,-0.11681,0.0000,0.0029,0.04753,0.04755,0.30234,-0.9,1.0000,-29.9522,0.4741,-10.9271,154.522,ppo_car_spread_a_deterministic
47.1009,-0.11681,0.0000,0.0029,0.03692,0.03694,0.36701,-0.6,1.0000,-29.9519,0.4741,-10.9278,154.520,ppo_car_spread_a_deterministic
47.1209,-0.11681,0.0000,0.0029,0.03717,0.03719,0.38917,-0.6,1.0000,-29.9515,0.4741,-10.9284,154.518,ppo_car_spread_a_deterministic
47.1409,-0.11681,0.0000,0.0029,0.03993,0.03994,0.20250,-0.6,1.0000,-29.9512,0.4741,-10.9291,154.519,ppo_car_spread_a_deterministic
47.1609,-0.11726,0.0030,0.0000,0.03570,0.03571,0.26514,-0.6,1.0000,-29.9509,0.4741,-10.9298,154.520,ppo_car_spread_a_deterministic
47.1809,-0.11726,0.0030,0.0000,0.04403,0.04405,0.23917,1.6,1.0000,-29.9505,0.4741,-10.9305,154.516,ppo_car_spread_a_deterministic
47.2009,-0.11726,0.0030,0.0000,0.03873,0.03875,0.34624,1.6,1.0000,-29.9501,0.4741,-10.9312,154.517,ppo_car_spread_a_deterministic
47.2209,-0.11726,0.0030,0.0000,0.04858,0.04859,0.29674,1.6,1.0000,-29.9497,0.4741,-10.9321,154.517,ppo_car_spread_a_deterministic
47.2409,-0.11690,0.0007,0.0000,0.04002,0.04004,0.29177,1.6,1.0000,-29.9493,0.4741,-10.9328,154.516,ppo_car_spread_a_deterministic
47.2609,-0.11690,0.0007,0.0000,0.04218,0.04220,0.25552,0.4,1.0000,-29.9489,0.4741,-10.9336,154.518,ppo_car_spread_a_deterministic
47.2809,-0.11690,0.0007,0.0000,0.04055,0.04056,0.29368,0.4,1.0000,-29.9486,0.4741,-10.9343,154.520,ppo_car_spread_a_deterministic
47.3009,-0.11690,0.0007,0.0000,0.03296,0.03297,0.40787,0.4,1.0000,-29.9483,0.4741,-10.9349,154.519,ppo_car_spread_a_deterministic
47.3209,-0.11655,0.0000,0.0012,0.04085,0.04086,0.27836,0.4,1.0000,-29.9479,0.4741,-10.9356,154.518,ppo_car_spread_a_deterministic
47.3409,-0.11655,0.0000,0.0012,0.04419,0.04420,0.24931,-0.3,1.0000,-29.9475,0.4741,-10.9364,154.517,ppo_car_spread_a_deterministic
47.3609,-0.11655,0.0000,0.0012,0.03902,0.03903,0.27804,-0.3,1.0000,-29.9471,0.4741,-10.9371,154.520,ppo_car_spread_a_deterministic
47.3809,-0.11655,0.0000,0.0012,0.03355,0.03356,0.37666,-0.3,1.0000,-29.9468,0.4741,-10.9377,154.520,ppo_car_spread_a_deterministic
47.4009,-0.11653,0.0000,0.0002,0.04605,0.04607,0.28432,-0.3,1.0000,-29.9464,0.4741,-10.9385,154.521,ppo_car_spread_a_deterministic
47.4209,-0.11653,0.0000,0.0002,0.04038,0.04040,0.30889,0.0,1.0000,-29.9460,0.4741,-10.9392,154.523,ppo_car_spread_a_deterministic
47.4409,-0.11653,0.0000,0.0002,0.03944,0.03945,0.32679,0.0,1.0000,-29.9457,0.4741,-10.9399,154.522,ppo_car_spread_a_deterministic
47.4609,-0.11653,0.0000,0.0002,0.04322,0.04324,0.28073,0.0,1.0000,-29.9453,0.4741,-10.9407,154.524,ppo_car_spread_a_deterministic
47.4809,-0.11697,0.0003,0.0000,0.03859,0.03860,0.16606,0.0,1.0000,-29.9449,0.4741,-10.9414,154.523,ppo_car_spread_a_deterministic
47.5009,-0.11697,0.0003,0.0000,0.03924,0.03925,0.35409,0.2,1.0000,-29.9446,0.4741,-10.9421,154.523,ppo_car_spread_a_deterministic
47.5209,-0.11697,0.0003,0.0000,0.04441,0.04443,0.25342,0.2,1.0000,-29.9442,0.4741,-10.9429,154.523,ppo_car_spread_a_deterministic
47.5409,-0.11697,0.0003,0.0000,0.04423,0.04424,0.23287,0.2,1.0000,-29.9438,0.4741,-10.9437,154.519,ppo_car_spread_a_deterministic
47.5609,-0.11653,0.0000,0.0044,0.04009,0.04010,0.37573,0.2,1.0000,-29.9434,0.4741,-10.9444,154.520,ppo_car_spread_a_deterministic
47.5809,-0.11653,0.0000,0.0044,0.03840,0.03841,0.18377,-0.9,1.0000,-29.9431,0.4741,-10.9451,154.519,ppo_car_spread_a_deterministic
47.6009,-0.11653,0.0000,0.0044,0.04574,0.04576,0.28049,-0.9,1.0000,-29.9426,0.4741,-10.9459,154.519,ppo_car_spread_a_deterministic
47.6209,-0.11653,0.0000,0.0044,0.04515,0.04516,0.27385,-0.9,1.0000,-29.9422,0.4741,-10.9467,154.519,ppo_car_spread_a_deterministic
47.6409,-0.11639,0.0000,0.0056,0.04502,0.04504,0.29920,-0.9,1.0000,-29.9418,0.4741,-10.9475,154.519,ppo_car_spread_a_deterministic
47.6609,-0.11639,0.0000,0.0056,0.04068,0.04069,0.18118,-1.2,1.0000,-29.9415,0.4741,-10.9482,154.519,ppo_car_spread_a_deterministic
47.6809,-0.11639,0.0000,0.0056,0.04349,0.04351,0.27876,-1.2,1.0000,-29.9411,0.4741,-10.9490,154.517,ppo_car_spread_a_deterministic
47.7009,-0.11639,0.0000,0.0056,0.04158,0.04160,0.25146,-1.2,1.0000,-29.9407,0.4741,-10.9498,154.518,ppo_car_spread_a_deterministic
47.7209,-0.11677,0.0000,0.0030,0.04079,0.04080,0.25383,-1.2,1.0000,-29.9403,0.4741,-10.9505,154.514,ppo_car_spread_a_deterministic
47.7409,-0.11677,0.0000,0.0030,0.03889,0.03890,0.39033,-0.6,1.0000,-29.9400,0.4741,-10.9512,154.510,ppo_car_spread_a_deterministic
47.7609,-0.11677,0.0000,0.0030,0.04477,0.04478,0.29253,-0.6,1.0000,-29.9396,0.4741,-10.9520,154.509,ppo_car_spread_a_deterministic
47.7809,-0.11677,0.0000,0.0030,0.03695,0.03696,0.18340,-0.6,1.0000,-29.9392,0.4741,-10.9526,154.508,ppo_car_spread_a_deterministic
47.8009,-0.11647,0.0000,0.0046,0.03968,0.03969,0.24032,-0.6,1.0000,-29.9389,0.4741,-10.9533,154.510,ppo_car_spread_a_deterministic
47.8209,-0.11647,0.0000,0.0046,0.03503,0.03504,0.39243,-1.0,1.0000,-29.9386,0.4741,-10.9539,154.507,ppo_car_spread_a_deterministic
47.8409,-0.11647,0.0000,0.0046,0.04433,0.04434,0.23122,-1.0,1.0000,-29.9381,0.4741,-10.9547,154.506,ppo_car_spread_a_deterministic
47.8609,-0.11647,0.0000,0.0046,0.03301,0.03301,0.37991,-1.0,1.0000,-29.9379,0.4741,-10.9553,154.507,ppo_car_spread_a_deterministic
47.8809,-0.11666,0.0000,0.0041,0.03959,0.03960,0.23053,-1.0,1.0000,-29.9375,0.4741,-10.9560,154.505,ppo_car_spread_a_deterministic
47.9009,-0.11666,0.0000,0.0041,0.03267,0.03268,0.31094,-0.9,1.0000,-29.9372,0.4741,-10.9566,154.504,ppo_car_spread_a_deterministic
47.9209,-0.11666,0.0000,0.0041,0.03611,0.03612,0.25110,-0.9,1.0000,-29.9369,0.4741,-10.9572,154.503,ppo_car_spread_a_deterministic
47.9409,-0.11666,0.0000,0.0041,0.03756,0.03758,0.32144,-0.9,1.0000,-29.9365,0.4741,-10.9579,154.502,ppo_car_spread_a_deterministic
47.9609,-0.11735,0.0038,0.0000,0.03199,0.03201,0.40457,-0.9,1.0000,-29.9362,0.4741,-10.9585,154.501,ppo_car_spread_a_deterministic
47.9809,-0.11735,0.0038,0.0000,0.04098,0.04099,0.20688,2.0,1.0000,-29.9359,0.4741,-10.9592,154.500,ppo_car_spread_a_deterministic
48.0009,-0.11735,0.0038,0.0000,0.03910,0.03911,0.36329,2.0,1.0000,-29.9355,0.4741,-10.9599,154.502,ppo_car_spread_a_deterministic
48.0209,-0.11735,0.0038,0.0000,0.03505,0.03506,0.22927,2.0,1.0000,-29.9352,0.4741,-10.9605,154.502,ppo_car_spread_a_deterministic
48.0409,-0.11689,0.0001,0.0000,0.03651,0.03652,0.39357,2.0,1.0000,-29.9349,0.4741,-10.9612,154.499,ppo_car_spread_a_deterministic
48.0609,-0.11689,0.0001,0.0000,0.03837,0.03838,0.14285,0.0,1.0000,-29.9345,0.4741,-10.9619,154.498,ppo_car_spread_a_deterministic
48.0809,-0.11689,0.0001,0.0000,0.03748,0.03749,0.39752,0.0,1.0000,-29.9342,0.4741,-10.9626,154.495,ppo_car_spread_a_deterministic
48.1009,-0.11689,0.0001,0.0000,0.03990,0.03991,0.21082,0.0,1.0000,-29.9338,0.4741,-10.9633,154.492,ppo_car_spread_a_deterministic
48.1209,-0.11747,0.0031,0.0000,0.03707,0.03708,0.40699,0.0,1.0000,-29.9335,0.4741,-10.9639,154.493,ppo_car_spread_a_deterministic
48.1409,-0.11747,0.0031,0.0000,0.03850,0.03852,0.26565,1.6,1.0000,-29.9331,0.4741,-10.9646,154.494,ppo_car_spread_a_deterministic
48.1609,-0.11747,0.0031,0.0000,0.03524,0.03525,0.30354,1.6,1.0000,-29.9328,0.4741,-10.9652,154.495,ppo_car_spread_a_deterministic
48.1809,-0.11747,0.0031,0.0000,0.03521,0.03522,0.40437,1.6,1.0000,-29.9325,0.4741,-10.9659,154.498,ppo_car_spread_a_deterministic
48.2009,-0.11742,0.0042,0.0000,0.03953,0.03954,0.15254,1.6,1.0000,-29.9321,0.4741,-10.9666,154.497,ppo_car_spread_a_deterministic
48.2209,-0.11742,0.0042,0.0000,0.04407,0.04408,0.22015,2.2,1.0000,-29.9317,0.4741,-10.9674,154.498,ppo_car_spread_a_deterministic
48.2409,-0.11742,0.0042,0.0000,0.03840,0.03841,0.18686,2.2,1.0000,-29.9314,0.4741,-10.9681,154.498,ppo_car_spread_a_deterministic
48.2609,-0.11742,0.0042,0.0000,0.04571,0.04572,0.29018,2.2,1.0000,-29.9310,0.4741,-10.9689,154.494,ppo_car_spread_a_deterministic
48.2809,-0.11718,0.0013,0.0000,0.03554,0.03556,0.40854,2.2,1.0000,-29.9306,0.4741,-10.9695,154.494,ppo_car_spread_a_deterministic
48.3009,-0.11718,0.0013,0.0000,0.03936,0.03938,0.40638,0.7,1.0000,-29.9303,0.4741,-10.9702,154.492,ppo_car_spread_a_deterministic
48.3209,-0.11718,0.0013,0.0000,0.03867,0.03868,0.20194,0.7,1.0000,-29.9299,0.4741,-10.9709,154.491,ppo_car_spread_a_deterministic
48.3409,-0.11718,0.0013,0.0000,0.04393,0.04394,0.25840,0.7,1.0000,-29.9295,0.4741,-10.9717,154.487,ppo_car_spread_a_deterministic
48.3609,-0.11735,0.0016,0.0000,0.04352,0.04353,0.16699,0.7,1.0000,-29.9291,0.4741,-10.9725,154.486,ppo_car_spread_a_deterministic
48.3809,-0.11735,0.0016,0.0000,0.04467,0.04469,0.38294,0.8,1.0000,-29.9287,0.4741,-10.9733,154.489,ppo_car_spread_a_deterministic
48.4009,-0.11735,0.0016,0.0000,0.04497,0.04498,0.25230,0.8,1.0000,-29.9283,0.4741,-10.9741,154.486,ppo_car_spread_a_deterministic
48.4209,-0.11735,0.0016,0.0000,0.04490,0.04492,0.19364,0.8,1.0000,-29.9279,0.4741,-10.9749,154.485,ppo_car_spread_a_deterministic
48.4409,-0.11697,0.0000,0.0041,0.04567,0.04569,0.20814,0.8,1.0000,-29.9275,0.4741,-10.9757,154.485,ppo_car_spread_a_deterministic
48.4609,-0.11697,0.0000,0.0041,0.04536,0.04538,0.28502,-0.9,1.0000,-29.9271,0.4741,-10.9765,154.485,ppo_car_spread_a_deterministic
48.4809,-0.11697,0.0000,0.0041,0.04404,0.04405,0.24891,-0.9,1.0000,-29.9267,0.4741,-10.9773,154.482,ppo_car_spread_a_deterministic
48.5009,-0.11697,0.0000,0.0041,0.03938,0.03940,0.19287,-0.9,1.0000,-29.9263,0.4741,-10.9780,154.481,ppo_car_spread_a_deterministic
48.5209,-0.11695,0.0000,0.0035,0.04045,0.04046,0.20607,-0.9,1.0000,-29.9260,0.4741,-10.9787,154.479,ppo_car_spread_a_deterministic
48.5409,-0.11695,0.0000,0.0035,0.03789,0.03791,0.38093,-0.7,1.0000,-29.9256,0.4741,-10.9794,154.480,ppo_car_spread_a_deterministic
48.5609,-0.11695,0.0000,0.0035,0.03988,0.03989,0.31862,-0.7,1.0000,-29.9253,0.4741,-10.9801,154.475,ppo_car_spread_a_deterministic
48.5809,-0.11695,0.0000,0.0035,0.04056,0.04057,0.24862,-0.7,1.0000,-29.9249,0.4741,-10.9808,154.475,ppo_car_spread_a_deterministic
48.6009,-0.11757,0.0013,0.0000,0.04188,0.04189,0.17957,-0.7,1.0000,-29.9245,0.4741,-10.9815,154.472,ppo_car_spread_a_deterministic
48.6209,-0.11757,0.0013,0.0000,0.04026,0.04028,0.34073,0.7,1.0000,-29.9241,0.4741,-10.9822,154.470,ppo_car_spread_a_deterministic
48.6409,-0.11757,0.0013,0.0000,0.04196,0.04198,0.30166,0.7,1.0000,-29.9238,0.4741,-10.9830,154.469,ppo_car_spread_a_deterministic
48.6609,-0.11757,0.0013,0.0000,0.04720,0.04721,0.29192,0.7,1.0000,-29.9233,0.4741,-10.9838,154.471,ppo_car_spread_a_deterministic
48.6809,-0.11723,0.0000,0.0016,0.03704,0.03705,0.24192,0.7,1.0000,-29.9230,0.4741,-10.9845,154.470,ppo_car_spread_a_deterministic
48.7009,-0.11723,0.0000,0.0016,0.04170,0.04172,0.38443,-0.3,1.0000,-29.9226,0.4741,-10.9852,154.467,ppo_car_spread_a_deterministic
48.7209,-0.11723,0.0000,0.0016,0.04059,0.04060,0.17890,-0.3,1.0000,-29.9222,0.4741,-10.9860,154.465,ppo_car_spread_a_deterministic
48.7409,-0.11723,0.0000,0.0016,0.04555,0.04557,0.28328,-0.3,1.0000,-29.9218,0.4741,-10.9868,154.462,ppo_car_spread_a_deterministic
48.7609,-0.11737,0.0000,0.0000,0.04068,0.04069,0.31656,-0.3,1.0000,-29.9215,0.4741,-10.9875,154.459,ppo_car_spread_a_deterministic
48.7809,-0.11737,0.0000,0.0000,0.04194,0.04195,0.39630,0.0,1.0000,-29.9211,0.4741,-10.9883,154.459,ppo_car_spread_a_deterministic
48.8009,-0.11737,0.0000,0.0000,0.04474,0.04476,0.14226,0.0,1.0000,-29.9207,0.4741,-10.9891,154.460,ppo_car_spread_a_deterministic
48.8209,-0.11737,0.0000,0.0000,0.04091,0.04093,0.39662,0.0,1.0000,-29.9203,0.4741,-10.9898,154.457,ppo_car_spread_a_deterministic
48.8409,-0.11666,0.0000,0.0051,0.03947,0.03949,0.40539,0.0,1.0000,-29.9199,0.4741,-10.9905,154.459,ppo_car_spread_a_deterministic
48.8609,-0.11666,0.0000,0.0051,0.04697,0.04699,0.29330,-1.1,1.0000,-29.9195,0.4741,-10.9913,154.456,ppo_car_spread_a_deterministic
48.8809,-0.11666,0.0000,0.0051,0.04633,0.04635,0.28806,-1.1,1.0000,-29.9191,0.4741,-10.9922,154.455,ppo_car_spread_a_deterministic
48.9009,-0.11666,0.0000,0.0051,0.03771,0.03772,0.31123,-1.1,1.0000,-29.9187,0.4741,-10.9928,154.451,ppo_car_spread_a_deterministic
48.9209,-0.11664,0.0000,0.0060,0.04383,0.04384,0.26799,-1.1,1.0000,-29.9183,0.4741,-10.9936,154.451,ppo_car_spread_a_deterministic
48.9409,-0.11664,0.0000,0.0060,0.04558,0.04560,0.23304,-1.3,1.0000,-29.9179,0.4741,-10.9944,154.451,ppo_car_spread_a_deterministic
48.9609,-0.11664,0.0000,0.0060,0.04252,0.04254,0.10236,-1.3,1.0000,-29.9175,0.4741,-10.9952,154.449,ppo_car_spread_a_deterministic
48.9809,-0.11664,0.0000,0.0060,0.04174,0.04175,0.20250,-1.3,1.0000,-29.9172,0.4741,-10.9959,154.448,ppo_car_spread_a_deterministic
49.0009,-0.11704,0.0000,0.0022,0.03574,0.03576,0.37517,-1.3,1.0000,-29.9168,0.4741,-10.9965,154.447,ppo_car_spread_a_deterministic
49.0209,-0.11704,0.0000,0.0022,0.04066,0.04067,0.22223,-0.5,1.0000,-29.9165,0.4741,-10.9973,154.447,ppo_car_spread_a_deterministic
49.0409,-0.11704,0.0000,0.0022,0.04179,0.04181,0.07805,-0.5,1.0000,-29.9161,0.4741,-10.9980,154.445,ppo_car_spread_a_deterministic
49.0609,-0.11704,0.0000,0.0022,0.04030,0.04032,0.20798,-0.5,1.0000,-29.9157,0.4741,-10.9987,154.448,ppo_car_spread_a_deterministic
49.0809,-0.11719,0.0000,0.0015,0.03233,0.03234,0.39726,-0.5,1.0000,-29.9154,0.4741,-10.9993,154.449,ppo_car_spread_a_deterministic
49.1009,-0.11719,0.0000,0.0015,0.04393,0.04394,0.40281,-0.3,1.0000,-29.9150,0.4741,-11.0001,154.445,ppo_car_spread_a_deterministic
49.1209,-0.11719,0.0000,0.0015,0.03753,0.03754,0.23570,-0.3,1.0000,-29.9147,0.4741,-11.0008,154.443,ppo_car_spread_a_deterministic
49.1409,-0.11719,0.0000,0.0015,0.03982,0.03983,0.24111,-0.3,1.0000,-29.9143,0.4741,-11.0015,154.444,ppo_car_spread_a_deterministic
49.1609,-0.11773,0.0030,0.0000,0.03908,0.03910,0.16938,-0.3,1.0000,-29.9140,0.4741,-11.0022,154.443,ppo_car_spread_a_deterministic
49.1809,-0.11773,0.0030,0.0000,0.03389,0.03390,0.35892,1.6,1.0000,-29.9137,0.4741,-11.0028,154.442,ppo_car_spread_a_deterministic
49.2009,-0.11773,0.0030,0.0000,0.03554,0.03556,0.37043,1.6,1.0000,-29.9134,0.4741,-11.0034,154.444,ppo_car_spread_a_deterministic
49.2209,-0.11773,0.0030,0.0000,0.04155,0.04157,0.18984,1.6,1.0000,-29.9130,0.4741,-11.0041,154.444,ppo_car_spread_a_deterministic
49.2409,-0.11748,0.0036,0.0000,0.04096,0.04097,0.11142,1.6,1.0000,-29.9126,0.4741,-11.0049,154.444,ppo_car_spread_a_deterministic
49.2609,-0.11748,0.0036,0.0000,0.04079,0.04080,0.32570,1.9,1.0000,-29.9122,0.4741,-11.0056,154.444,ppo_car_spread_a_deterministic
49.2809,-0.11748,0.0036,0.0000,0.04394,0.04396,0.24052,1.9,1.0000,-29.9118,0.4741,-11.0064,154.445,ppo_car_spread_a_deterministic
49.3009,-0.11748,0.0036,0.0000,0.04013,0.04014,0.16381,1.9,1.0000,-29.9115,0.4741,-11.0071,154.444,ppo_car_spread_a_deterministic
49.3209,-0.11686,0.0000,0.0041,0.04706,0.04708,0.29098,1.9,1.0000,-29.9110,0.4741,-11.0079,154.446,ppo_car_spread_a_deterministic
49.3409,-0.11686,0.0000,0.0041,0.04768,0.04770,0.19986,-0.9,1.0000,-29.9106,0.4741,-11.0088,154.445,ppo_car_spread_a_deterministic
49.3609,-0.11686,0.0000,0.0041,0.04007,0.04009,0.38429,-0.9,1.0000,-29.9102,0.4741,-11.0095,154.445,ppo_car_spread_a_deterministic
49.3809,-0.11686,0.0000,0.0041,0.04433,0.04434,0.19256,-0.9,1.0000,-29.9098,0.4741,-11.0103,154.443,ppo_car_spread_a_deterministic
49.4009,-0.11735,0.0000,0.0002,0.04723,0.04724,0.24115,-0.9,1.0000,-29.9094,0.4741,-11.0112,154.441,ppo_car_spread_a_deterministic
49.4209,-0.11735,0.0000,0.0002,0.04166,0.04168,0.40076,0.0,1.0000,-29.9090,0.4741,-11.0119,154.439,ppo_car_spread_a_deterministic
49.4409,-0.11735,0.0000,0.0002,0.04387,0.04389,0.20451,0.0,1.0000,-29.9086,0.4741,-11.0127,154.439,ppo_car_spread_a_deterministic
49.4609,-0.11735,0.0000,0.0002,0.04653,0.04654,0.22826,0.0,1.0000,-29.9082,0.4741,-11.0135,154.440,ppo_car_spread_a_deterministic
49.4809,-0.11699,0.0000,0.0038,0.04426,0.04427,0.27366,0.0,1.0000,-29.9078,0.4741,-11.0143,154.440,ppo_car_spread_a_deterministic
49.5009,-0.11699,0.0000,0.0038,0.03965,0.03967,0.34295,-0.8,1.0000,-29.9074,0.4741,-11.0150,154.441,ppo_car_spread_a_deterministic
49.5209,-0.11699,0.0000,0.0038,0.04261,0.04263,0.23018,-0.8,1.0000,-29.9070,0.4741,-11.0157,154.440,ppo_car_spread_a_deterministic
49.5409,-0.11699,0.0000,0.0038,0.03552,0.03554,0.37821,-0.8,1.0000,-29.9067,0.4741,-11.0164,154.436,ppo_car_spread_a_deterministic
49.5609,-0.11724,0.0000,0.0023,0.03780,0.03781,0.31855,-0.8,1.0000,-29.9064,0.4741,-11.0170,154.436,ppo_car_spread_a_deterministic
49.5809,-0.11724,0.0000,0.0023,0.04007,0.04009,0.40603,-0.5,1.0000,-29.9060,0.4741,-11.0178,154.435,ppo_car_spread_a_deterministic
49.6009,-0.11724,0.0000,0.0023,0.04206,0.04207,0.07036,-0.5,1.0000,-29.9056,0.4741,-11.0185,154.433,ppo_car_spread_a_deterministic
49.6209,-0.11724,0.0000,0.0023,0.04262,0.04264,0.32690,-0.5,1.0000,-29.9052,0.4741,-11.0193,154.435,ppo_car_spread_a_deterministic
49.6410,-0.11735,0.0000,0.0016,0.04571,0.04573,0.26081,-0.5,1.0000,-29.9048,0.4741,-11.0201,154.435,ppo_car_spread_a_deterministic
49.6610,-0.11735,0.0000,0.0016,0.03823,0.03824,0.37160,-0.3,1.0000,-29.9045,0.4741,-11.0208,154.433,ppo_car_spread_a_deterministic
49.6810,-0.11735,0.0000,0.0016,0.04059,0.04060,0.32635,-0.3,1.0000,-29.9041,0.4741,-11.0215,154.431,ppo_car_spread_a_deterministic
49.7010,-0.11735,0.0000,0.0016,0.04235,0.04237,0.18884,-0.3,1.0000,-29.9037,0.4741,-11.0222,154.427,ppo_car_spread_a_deterministic
49.7210,-0.11761,0.0000,0.0000,0.03839,0.03841,0.22387,-0.3,1.0000,-29.9034,0.4741,-11.0229,154.427,ppo_car_spread_a_deterministic
49.7410,-0.11761,0.0000,0.0000,0.04107,0.04108,0.18379,0.0,1.0000,-29.9030,0.4741,-11.0236,154.425,ppo_car_spread_a_deterministic
49.7610,-0.11761,0.0000,0.0000,0.04426,0.04427,0.26584,0.0,1.0000,-29.9026,0.4741,-11.0244,154.423,ppo_car_spread_a_deterministic
49.7810,-0.11761,0.0000,0.0000,0.04012,0.04013,0.37411,0.0,1.0000,-29.9022,0.4741,-11.0252,154.424,ppo_car_spread_a_deterministic
49.8010,-0.11720,0.0000,0.0036,0.03995,0.03996,0.37801,0.0,1.0000,-29.9019,0.4741,-11.0259,154.424,ppo_car_spread_a_deterministic
49.8210,-0.11720,0.0000,0.0036,0.04317,0.04319,0.09177,-0.8,1.0000,-29.9015,0.4741,-11.0266,154.424,ppo_car_spread_a_deterministic
49.8410,-0.11720,0.0000,0.0036,0.04458,0.04459,0.18803,-0.8,1.0000,-29.9011,0.4741,-11.0274,154.423,ppo_car_spread_a_deterministic
49.8610,-0.11720,0.0000,0.0036,0.03900,0.03901,0.18810,-0.8,1.0000,-29.9007,0.4741,-11.0281,154.421,ppo_car_spread_a_deterministic
49.8810,-0.11702,0.0000,0.0044,0.03570,0.03570,0.38227,-0.8,1.0000,-29.9004,0.4741,-11.0288,154.418,ppo_car_spread_a_deterministic
49.9010,-0.11702,0.0000,0.0044,0.04231,0.04233,0.36783,-0.9,1.0000,-29.9000,0.4741,-11.0295,154.413,ppo_car_spread_a_deterministic
49.9210,-0.11702,0.0000,0.0044,0.03982,0.03983,0.21600,-0.9,1.0000,-29.8996,0.4741,-11.0302,154.411,ppo_car_spread_a_deterministic
49.9410,-0.11702,0.0000,0.0044,0.04027,0.04029,0.28359,-0.9,1.0000,-29.8993,0.4741,-11.0309,154.411,ppo_car_spread_a_deterministic
49.9610,-0.11758,0.0007,0.0000,0.04180,0.04182,0.09176,-0.9,1.0000,-29.8989,0.4741,-11.0317,154.409,ppo_car_spread_a_deterministic
49.9810,-0.11758,0.0007,0.0000,0.04401,0.04402,0.25816,0.4,1.0000,-29.8985,0.4741,-11.0325,154.411,ppo_car_spread_a_deterministic
50.0010,-0.11758,0.0007,0.0000,0.04084,0.04085,0.07526,0.4,1.0000,-29.8981,0.4741,-11.0332,154.410,ppo_car_spread_a_deterministic
50.0210,-0.11758,0.0007,0.0000,0.03783,0.03784,0.23506,0.4,1.0000,-29.8978,0.4741,-11.0339,154.412,ppo_car_spread_a_deterministic
50.0410,-0.11740,0.0000,0.0008,0.03430,0.03431,0.34394,0.4,1.0000,-29.8975,0.4741,-11.0345,154.411,ppo_car_spread_a_deterministic
50.0610,-0.11740,0.0000,0.0008,0.03538,0.03539,0.36587,-0.2,1.0000,-29.8971,0.4741,-11.0351,154.409,ppo_car_spread_a_deterministic
50.0810,-0.11740,0.0000,0.0008,0.03771,0.03772,0.28504,-0.2,1.0000,-29.8968,0.4741,-11.0358,154.409,ppo_car_spread_a_deterministic
50.1010,-0.11740,0.0000,0.0008,0.03789,0.03790,0.20705,-0.2,1.0000,-29.8965,0.4741,-11.0365,154.408,ppo_car_spread_a_deterministic
50.1210,-0.11755,0.0022,0.0000,0.04290,0.04292,0.28757,-0.2,1.0000,-29.8961,0.4741,-11.0372,154.406,ppo_car_spread_a_deterministic
50.1410,-0.11755,0.0022,0.0000,0.04325,0.04327,0.19413,1.2,1.0000,-29.8957,0.4741,-11.0380,154.406,ppo_car_spread_a_deterministic
50.1610,-0.11755,0.0022,0.0000,0.03889,0.03890,0.27845,1.2,1.0000,-29.8953,0.4741,-11.0387,154.403,ppo_car_spread_a_deterministic
50.1810,-0.11755,0.0022,0.0000,0.04291,0.04293,0.23235,1.2,1.0000,-29.8949,0.4741,-11.0395,154.404,ppo_car_spread_a_deterministic
50.2010,-0.11792,0.0018,0.0000,0.03819,0.03820,0.25629,1.2,1.0000,-29.8946,0.4741,-11.0401,154.405,ppo_car_spread_a_deterministic
50.2210,-0.11792,0.0018,0.0000,0.04443,0.04444,0.29550,0.9,1.0000,-29.8942,0.4741,-11.0409,154.404,ppo_car_spread_a_deterministic
50.2410,-0.11792,0.0018,0.0000,0.04172,0.04173,0.20230,0.9,1.0000,-29.8938,0.4741,-11.0417,154.402,ppo_car_spread_a_deterministic
50.2610,-0.11792,0.0018,0.0000,0.04731,0.04733,0.27567,0.9,1.0000,-29.8933,0.4741,-11.0425,154.401,ppo_car_spread_a_deterministic
50.2810,-0.11766,0.0000,0.0010,0.04411,0.04412,0.23573,0.9,1.0000,-29.8929,0.4741,-11.0433,154.398,ppo_car_spread_a_deterministic
50.3010,-0.11766,0.0000,0.0010,0.04042,0.04043,0.28962,-0.2,1.0000,-29.8926,0.4741,-11.0440,154.395,ppo_car_spread_a_deterministic
50.3210,-0.11766,0.0000,0.0010,0.03836,0.03837,0.24282,-0.2,1.0000,-29.8922,0.4741,-11.0447,154.397,ppo_car_spread_a_deterministic
50.3410,-0.11766,0.0000,0.0010,0.04299,0.04300,0.28198,-0.2,1.0000,-29.8918,0.4741,-11.0455,154.397,ppo_car_spread_a_deterministic
50.3610,-0.11752,0.0011,0.0000,0.03460,0.03461,0.38463,-0.2,1.0000,-29.8915,0.4741,-11.0461,154.393,ppo_car_spread_a_deterministic
50.3810,-0.11752,0.0011,0.0000,0.04723,0.04725,0.28585,0.6,1.0000,-29.8911,0.4741,-11.0469,154.392,ppo_car_spread_a_deterministic
50.4010,-0.11752,0.0011,0.0000,0.03479,0.03480,0.40516,0.6,1.0000,-29.8908,0.4741,-11.0475,154.392,ppo_car_spread_a_deterministic
50.4210,-0.11752,0.0011,0.0000,0.04577,0.04579,0.28775,0.6,1.0000,-29.8904,0.4741,-11.0484,154.392,ppo_car_spread_a_deterministic
50.4410,-0.11795,0.0050,0.0000,0.03860,0.03861,0.21773,0.6,1.0000,-29.8900,0.4741,-11.0490,154.390,ppo_car_spread_a_deterministic
50.4610,-0.11795,0.0050,0.0000,0.04230,0.04231,0.08785,2.6,1.0000,-29.8896,0.4741,-11.0498,154.388,ppo_car_spread_a_deterministic
50.4810,-0.11795,0.0050,0.0000,0.03635,0.03636,0.37872,2.6,1.0000,-29.8893,0.4741,-11.0504,154.387,ppo_car_spread_a_deterministic
50.5010,-0.11795,0.0050,0.0000,0.04189,0.04190,0.24743,2.6,1.0000,-29.8889,0.4741,-11.0512,154.385,ppo_car_spread_a_deterministic
50.5210,-0.11802,0.0037,0.0000,0.04284,0.04286,0.16669,2.6,1.0000,-29.8885,0.4741,-11.0520,154.384,ppo_car_spread_a_deterministic
50.5410,-0.11802,0.0037,0.0000,0.04506,0.04507,0.16352,2.0,1.0000,-29.8881,0.4741,-11.0528,154.384,ppo_car_spread_a_deterministic
50.5610,-0.11802,0.0037,0.0000,0.04112,0.04113,0.35739,2.0,1.0000,-29.8877,0.4741,-11.0535,154.379,ppo_car_spread_a_deterministic
50.5810,-0.11802,0.0037,0.0000,0.04354,0.04356,0.28787,2.0,1.0000,-29.8873,0.4741,-11.0543,154.374,ppo_car_spread_a_deterministic
50.6010,-0.11822,0.0004,0.0000,0.04549,0.04551,0.31172,2.0,1.0000,-29.8869,0.4741,-11.0551,154.374,ppo_car_spread_a_deterministic
50.6210,-0.11822,0.0004,0.0000,0.04599,0.04600,0.34594,0.2,1.0000,-29.8865,0.4741,-11.0559,154.377,ppo_car_spread_a_deterministic
50.6410,-0.11822,0.0004,0.0000,0.04023,0.04024,0.34962,0.2,1.0000,-29.8861,0.4741,-11.0566,154.375,ppo_car_spread_a_deterministic
50.6610,-0.11822,0.0004,0.0000,0.04166,0.04167,0.34979,0.2,1.0000,-29.8858,0.4741,-11.0574,154.373,ppo_car_spread_a_deterministic
50.6810,-0.11787,0.0004,0.0000,0.04328,0.04330,0.22315,0.2,1.0000,-29.8854,0.4741,-11.0581,154.372,ppo_car_spread_a_deterministic
50.7010,-0.11787,0.0004,0.0000,0.04669,0.04671,0.28414,0.2,1.0000,-29.8849,0.4741,-11.0590,154.372,ppo_car_spread_a_deterministic
50.7210,-0.11787,0.0004,0.0000,0.04516,0.04517,0.39675,0.2,1.0000,-29.8845,0.4741,-11.0598,154.370,ppo_car_spread_a_deterministic
50.7410,-0.11787,0.0004,0.0000,0.04255,0.04257,0.38281,0.2,1.0000,-29.8841,0.4741,-11.0605,154.367,ppo_car_spread_a_deterministic
50.7610,-0.11738,0.0000,0.0043,0.04857,0.04858,0.28312,0.2,1.0000,-29.8837,0.4741,-11.0614,154.368,ppo_car_spread_a_deterministic
50.7810,-0.11738,0.0000,0.0043,0.04477,0.04478,0.39717,-0.9,1.0000,-29.8833,0.4741,-11.0622,154.365,ppo_car_spread_a_deterministic
50.8010,-0.11738,0.0000,0.0043,0.03960,0.03962,0.28280,-0.9,1.0000,-29.8829,0.4741,-11.0629,154.364,ppo_car_spread_a_deterministic
50.8210,-0.11738,0.0000,0.0043,0.03708,0.03709,0.35746,-0.9,1.0000,-29.8826,0.4741,-11.0635,154.363,ppo_car_spread_a_deterministic
50.8410,-0.11770,0.0004,0.0000,0.03985,0.03986,0.20532,-0.9,1.0000,-29.8822,0.4741,-11.0643,154.363,ppo_car_spread_a_deterministic
50.8610,-0.11770,0.0004,0.0000,0.04427,0.04429,0.37934,0.2,1.0000,-29.8818,0.4741,-11.0650,154.365,ppo_car_spread_a_deterministic
50.8810,-0.11770,0.0004,0.0000,0.04284,0.04285,0.32005,0.2,1.0000,-29.8814,0.4741,-11.0658,154.363,ppo_car_spread_a_deterministic
50.9010,-0.11770,0.0004,0.0000,0.04377,0.04378,0.40417,0.2,1.0000,-29.8810,0.4741,-11.0666,154.362,ppo_car_spread_a_deterministic
50.9210,-0.11764,0.0000,0.0020,0.04979,0.04981,0.29150,0.2,1.0000,-29.8806,0.4741,-11.0675,154.363,ppo_car_spread_a_deterministic
50.9410,-0.11764,0.0000,0.0020,0.04930,0.04931,0.28963,-0.4,1.0000,-29.8801,0.4741,-11.0684,154.364,ppo_car_spread_a_deterministic
50.9610,-0.11764,0.0000,0.0020,0.04484,0.04485,0.17414,-0.4,1.0000,-29.8797,0.4741,-11.0692,154.361,ppo_car_spread_a_deterministic
50.9810,-0.11764,0.0000,0.0020,0.04391,0.04393,0.32618,-0.4,1.0000,-29.8793,0.4741,-11.0699,154.354,ppo_car_spread_a_deterministic
51.0010,-0.11766,0.0000,0.0037,0.04675,0.04677,0.27296,-0.4,1.0000,-29.8789,0.4741,-11.0708,154.355,ppo_car_spread_a_deterministic
51.0210,-0.11766,0.0000,0.0037,0.04701,0.04702,0.26446,-0.8,1.0000,-29.8785,0.4741,-11.0716,154.356,ppo_car_spread_a_deterministic
51.0410,-0.11766,0.0000,0.0037,0.03893,0.03894,0.35030,-0.8,1.0000,-29.8781,0.4741,-11.0723,154.356,ppo_car_spread_a_deterministic
51.0610,-0.11766,0.0000,0.0037,0.04397,0.04398,0.17265,-0.8,1.0000,-29.8777,0.4741,-11.0731,154.354,ppo_car_spread_a_deterministic
51.0810,-0.11781,0.0010,0.0000,0.04839,0.04841,0.29211,-0.8,1.0000,-29.8773,0.4741,-11.0740,154.351,ppo_car_spread_a_deterministic
51.1010,-0.11781,0.0010,0.0000,0.04546,0.04547,0.22822,0.5,1.0000,-29.8769,0.4741,-11.0748,154.351,ppo_car_spread_a_deterministic
51.1210,-0.11781,0.0010,0.0000,0.04299,0.04301,0.39083,0.5,1.0000,-29.8765,0.4741,-11.0755,154.352,ppo_car_spread_a_deterministic
51.1410,-0.11781,0.0010,0.0000,0.04415,0.04417,0.28466,0.5,1.0000,-29.8761,0.4741,-11.0763,154.353,ppo_car_spread_a_deterministic
51.1610,-0.11736,0.0000,0.0035,0.04242,0.04243,0.29163,0.5,1.0000,-29.8757,0.4741,-11.0771,154.349,ppo_car_spread_a_deterministic
51.1810,-0.11736,0.0000,0.0035,0.04876,0.04878,0.27050,-0.7,1.0000,-29.8752,0.4741,-11.0779,154.349,ppo_car_spread_a_deterministic
51.2010,-0.11736,0.0000,0.0035,0.04055,0.04057,0.39608,-0.7,1.0000,-29.8749,0.4741,-11.0787,154.351,ppo_car_spread_a_deterministic
51.2210,-0.11736,0.0000,0.0035,0.03950,0.03952,0.19325,-0.7,1.0000,-29.8745,0.4741,-11.0794,154.352,ppo_car_spread_a_deterministic
51.2410,-0.11727,0.0000,0.0015,0.04906,0.04908,0.29463,-0.7,1.0000,-29.8741,0.4741,-11.0802,154.353,ppo_car_spread_a_deterministic
51.2610,-0.11727,0.0000,0.0015,0.04659,0.04660,0.28033,-0.3,1.0000,-29.8736,0.4741,-11.0811,154.350,ppo_car_spread_a_deterministic
51.2810,-0.11727,0.0000,0.0015,0.04573,0.04575,0.29602,-0.3,1.0000,-29.8732,0.4741,-11.0819,154.353,ppo_car_spread_a_deterministic
51.3010,-0.11727,0.0000,0.0015,0.03961,0.03963,0.37467,-0.3,1.0000,-29.8728,0.4741,-11.0826,154.353,ppo_car_spread_a_deterministic
51.3210,-0.11683,0.0000,0.0067,0.04246,0.04248,0.23698,-0.3,1.0000,-29.8725,0.4741,-11.0833,154.351,ppo_car_spread_a_deterministic
51.3410,-0.11683,0.0000,0.0067,0.04956,0.04958,0.29620,-1.4,1.0000,-29.8720,0.4741,-11.0842,154.349,ppo_car_spread_a_deterministic
51.3610,-0.11683,0.0000,0.0067,0.04109,0.04110,0.23826,-1.4,1.0000,-29.8716,0.4741,-11.0849,154.347,ppo_car_spread_a_deterministic
51.3810,-0.11683,0.0000,0.0067,0.04686,0.04687,0.27700,-1.4,1.0000,-29.8712,0.4741,-11.0858,154.343,ppo_car_spread_a_deterministic
51.4010,-0.11771,0.0000,0.0006,0.04200,0.04202,0.13106,-1.4,1.0000,-29.8708,0.4741,-11.0865,154.343,ppo_car_spread_a_deterministic
51.4210,-0.11771,0.0000,0.0006,0.03989,0.03990,0.39011,-0.1,1.0000,-29.8705,0.4741,-11.0872,154.346,ppo_car_spread_a_deterministic
51.4410,-0.11771,0.0000,0.0006,0.04036,0.04037,0.27173,-0.1,1.0000,-29.8701,0.4741,-11.0880,154.348,ppo_car_spread_a_deterministic
51.4610,-0.11771,0.0000,0.0006,0.04092,0.04093,0.40755,-0.1,1.0000,-29.8697,0.4741,-11.0887,154.343,ppo_car_spread_a_deterministic
51.4810,-0.11746,0.0000,0.0010,0.04676,0.04678,0.29297,-0.1,1.0000,-29.8693,0.4741,-11.0895,154.340,ppo_car_spread_a_deterministic
51.5010,-0.11746,0.0000,0.0010,0.04035,0.04036,0.38464,-0.2,1.0000,-29.8689,0.4741,-11.0902,154.342,ppo_car_spread_a_deterministic
51.5210,-0.11746,0.0000,0.0010,0.04486,0.04487,0.25119,-0.2,1.0000,-29.8685,0.4741,-11.0910,154.344,ppo_car_spread_a_deterministic
51.5410,-0.11746,0.0000,0.0010,0.04396,0.04398,0.24588,-0.2,1.0000,-29.8681,0.4741,-11.0918,154.345,ppo_car_spread_a_deterministic
51.5610,-0.11703,0.0000,0.0054,0.04393,0.04394,0.32817,-0.2,1.0000,-29.8677,0.4741,-11.0926,154.346,ppo_car_spread_a_deterministic
51.5810,-0.11703,0.0000,0.0054,0.03411,0.03412,0.31686,-1.1,1.0000,-29.8674,0.4741,-11.0932,154.346,ppo_car_spread_a_deterministic
51.6010,-0.11703,0.0000,0.0054,0.04344,0.04345,0.19826,-1.1,1.0000,-29.8670,0.4741,-11.0940,154.344,ppo_car_spread_a_deterministic
51.6210,-0.11703,0.0000,0.0054,0.04766,0.04767,0.30122,-1.1,1.0000,-29.8666,0.4741,-11.0948,154.345,ppo_car_spread_a_deterministic
51.6410,-0.11752,0.0000,0.0029,0.04008,0.04009,0.16524,-1.1,1.0000,-29.8662,0.4741,-11.0955,154.346,ppo_car_spread_a_deterministic
51.6610,-0.11752,0.0000,0.0029,0.04170,0.04172,0.27173,-0.6,1.0000,-29.8658,0.4741,-11.0963,154.346,ppo_car_spread_a_deterministic
51.6810,-0.11752,0.0000,0.0029,0.04210,0.04212,0.11044,-0.6,1.0000,-29.8655,0.4741,-11.0970,154.345,ppo_car_spread_a_deterministic
51.7010,-0.11752,0.0000,0.0029,0.04263,0.04264,0.23216,-0.6,1.0000,-29.8651,0.4741,-11.0978,154.346,ppo_car_spread_a_deterministic
51.7210,-0.11767,0.0000,0.0018,0.03617,0.03618,0.40687,-0.6,1.0000,-29.8647,0.4741,-11.0984,154.346,ppo_car_spread_a_deterministic
51.7410,-0.11767,0.0000,0.0018,0.04441,0.04443,0.29327,-0.4,1.0000,-29.8643,0.4741,-11.0992,154.345,ppo_car_spread_a_deterministic
51.7610,-0.11767,0.0000,0.0018,0.03600,0.03601,0.40889,-0.4,1.0000,-29.8640,0.4741,-11.0999,154.344,ppo_car_spread_a_deterministic
51.7810,-0.11767,0.0000,0.0018,0.03902,0.03903,0.28708,-0.4,1.0000,-29.8636,0.4741,-11.1006,154.341,ppo_car_spread_a_deterministic
51.8010,-0.11824,0.0041,0.0000,0.04073,0.04074,0.25809,-0.4,1.0000,-29.8633,0.4741,-11.1013,154.341,ppo_car_spread_a_deterministic
51.8210,-0.11824,0.0041,0.0000,0.04176,0.04177,0.30730,2.2,1.0000,-29.8629,0.4741,-11.1020,154.340,ppo_car_spread_a_deterministic
51.8410,-0.11824,0.0041,0.0000,0.04446,0.04448,0.29784,2.2,1.0000,-29.8625,0.4741,-11.1028,154.343,ppo_car_spread_a_deterministic
51.8610,-0.11824,0.0041,0.0000,0.04028,0.04029,0.17464,2.2,1.0000,-29.8621,0.4741,-11.1036,154.342,ppo_car_spread_a_deterministic
51.8810,-0.11716,0.0000,0.0052,0.04586,0.04588,0.33240,2.2,1.0000,-29.8617,0.4741,-11.1044,154.344,ppo_car_spread_a_deterministic
51.9010,-0.11716,0.0000,0.0052,0.04774,0.04776,0.26046,-1.1,1.0000,-29.8613,0.4741,-11.1052,154.343,ppo_car_spread_a_deterministic
51.9210,-0.11716,0.0000,0.0052,0.03771,0.03772,0.34619,-1.1,1.0000,-29.8609,0.4741,-11.1059,154.345,ppo_car_spread_a_deterministic
51.9410,-0.11716,0.0000,0.0052,0.04196,0.04198,0.26676,-1.1,1.0000,-29.8605,0.4741,-11.1066,154.345,ppo_car_spread_a_deterministic
51.9610,-0.11764,0.0013,0.0000,0.03837,0.03838,0.22662,-1.1,1.0000,-29.8602,0.4741,-11.1073,154.342,ppo_car_spread_a_deterministic
51.9810,-0.11764,0.0013,0.0000,0.03680,0.03682,0.35904,0.7,1.0000,-29.8599,0.4741,-11.1080,154.339,ppo_car_spread_a_deterministic
52.0010,-0.11764,0.0013,0.0000,0.04019,0.04020,0.26777,0.7,1.0000,-29.8595,0.4741,-11.1087,154.341,ppo_car_spread_a_deterministic
52.0210,-0.11764,0.0013,0.0000,0.04197,0.04198,0.21301,0.7,1.0000,-29.8591,0.4741,-11.1094,154.340,ppo_car_spread_a_deterministic
52.0410,-0.11755,0.0000,0.0007,0.04344,0.04345,0.22542,0.7,1.0000,-29.8587,0.4741,-11.1102,154.340,ppo_car_spread_a_deterministic
52.0610,-0.11755,0.0000,0.0007,0.04589,0.04591,0.23876,-0.1,1.0000,-29.8583,0.4741,-11.1110,154.338,ppo_car_spread_a_deterministic
52.0810,-0.11755,0.0000,0.0007,0.03893,0.03894,0.22215,-0.1,1.0000,-29.8579,0.4741,-11.1117,154.339,ppo_car_spread_a_deterministic
52.1010,-0.11755,0.0000,0.0007,0.04172,0.04173,0.25313,-0.1,1.0000,-29.8576,0.4741,-11.1125,154.339,ppo_car_spread_a_deterministic
52.1210,-0.11775,0.0008,0.0000,0.04395,0.04397,0.31387,-0.1,1.0000,-29.8572,0.4741,-11.1133,154.336,ppo_car_spread_a_deterministic
52.1410,-0.11775,0.0008,0.0000,0.04401,0.04402,0.29982,0.4,1.0000,-29.8568,0.4741,-11.1140,154.333,ppo_car_spread_a_deterministic
52.1610,-0.11775,0.0008,0.0000,0.04121,0.04122,0.36855,0.4,1.0000,-29.8564,0.4741,-11.1148,154.334,ppo_car_spread_a_deterministic
52.1810,-0.11775,0.0008,0.0000,0.04064,0.04065,0.22719,0.4,1.0000,-29.8560,0.4741,-11.1155,154.334,ppo_car_spread_a_deterministic
52.2010,-0.11756,0.0000,0.0014,0.03976,0.03977,0.35165,0.4,1.0000,-29.8557,0.4741,-11.1162,154.330,ppo_car_spread_a_deterministic
52.2210,-0.11756,0.0000,0.0014,0.04303,0.04305,0.25021,-0.3,1.0000,-29.8553,0.4741,-11.1170,154.331,ppo_car_spread_a_deterministic
52.2410,-0.11756,0.0000,0.0014,0.03512,0.03513,0.39369,-0.3,1.0000,-29.8549,0.4741,-11.1176,154.329,ppo_car_spread_a_deterministic
52.2610,-0.11756,0.0000,0.0014,0.04265,0.04266,0.20757,-0.3,1.0000,-29.8546,0.4741,-11.1184,154.330,ppo_car_spread_a_deterministic
52.2810,-0.11843,0.0052,0.0000,0.04306,0.04307,0.27666,-0.3,1.0000,-29.8542,0.4741,-11.1191,154.328,ppo_car_spread_a_deterministic
52.3010,-0.11843,0.0052,0.0000,0.03997,0.03998,0.17448,2.8,1.0000,-29.8538,0.4741,-11.1198,154.327,ppo_car_spread_a_deterministic
52.3210,-0.11843,0.0052,0.0000,0.04159,0.04160,0.21396,2.8,1.0000,-29.8534,0.4741,-11.1206,154.326,ppo_car_spread_a_deterministic
52.3410,-0.11843,0.0052,0.0000,0.04202,0.04203,0.31967,2.8,1.0000,-29.8530,0.4741,-11.1213,154.327,ppo_car_spread_a_deterministic
52.3610,-0.11796,0.0000,0.0009,0.04131,0.04133,0.39549,2.8,1.0000,-29.8526,0.4741,-11.1221,154.325,ppo_car_spread_a_deterministic
52.3810,-0.11796,0.0000,0.0009,0.04304,0.04305,0.22946,-0.2,1.0000,-29.8523,0.4741,-11.1228,154.325,ppo_car_spread_a_deterministic
52.4010,-0.11796,0.0000,0.0009,0.04547,0.04548,0.21706,-0.2,1.0000,-29.8518,0.4741,-11.1236,154.322,ppo_car_spread_a_deterministic
52.4210,-0.11796,0.0000,0.0009,0.04297,0.04299,0.26559,-0.2,1.0000,-29.8514,0.4741,-11.1244,154.321,ppo_car_spread_a_deterministic
52.4410,-0.11786,0.0000,0.0043,0.04373,0.04374,0.21330,-0.2,1.0000,-29.8510,0.4741,-11.1252,154.319,ppo_car_spread_a_deterministic
52.4610,-0.11786,0.0000,0.0043,0.04611,0.04613,0.23944,-0.9,1.0000,-29.8506,0.4741,-11.1260,154.317,ppo_car_spread_a_deterministic
52.4810,-0.11786,0.0000,0.0043,0.04114,0.04116,0.15136,-0.9,1.0000,-29.8502,0.4741,-11.1267,154.316,ppo_car_spread_a_deterministic
52.5010,-0.11786,0.0000,0.0043,0.04450,0.04451,0.27565,-0.9,1.0000,-29.8498,0.4741,-11.1275,154.316,ppo_car_spread_a_deterministic
52.5210,-0.11792,0.0000,0.0009,0.04734,0.04735,0.28235,-0.9,1.0000,-29.8494,0.4741,-11.1284,154.317,ppo_car_spread_a_deterministic
52.5410,-0.11792,0.0000,0.0009,0.04473,0.04475,0.19186,-0.2,1.0000,-29.8490,0.4741,-11.1292,154.315,ppo_car_spread_a_deterministic
52.5610,-0.11792,0.0000,0.0009,0.03820,0.03822,0.40508,-0.2,1.0000,-29.8487,0.4741,-11.1298,154.311,ppo_car_spread_a_deterministic
52.5810,-0.11792,0.0000,0.0009,0.04453,0.04454,0.20637,-0.2,1.0000,-29.8482,0.4741,-11.1306,154.311,ppo_car_spread_a_deterministic
52.6010,-0.11857,0.0029,0.0000,0.04406,0.04407,0.20317,-0.2,1.0000,-29.8478,0.4741,-11.1314,154.310,ppo_car_spread_a_deterministic
52.6210,-0.11857,0.0029,0.0000,0.03762,0.03763,0.39940,1.5,1.0000,-29.8475,0.4741,-11.1321,154.307,ppo_car_spread_a_deterministic
52.6410,-0.11857,0.0029,0.0000,0.04112,0.04113,0.39804,1.5,1.0000,-29.8471,0.4741,-11.1328,154.307,ppo_car_spread_a_deterministic
52.6610,-0.11857,0.0029,0.0000,0.04138,0.04139,0.32521,1.5,1.0000,-29.8468,0.4741,-11.1336,154.305,ppo_car_spread_a_deterministic
52.6810,-0.11793,0.0000,0.0008,0.04170,0.04172,0.32927,1.5,1.0000,-29.8464,0.4741,-11.1343,154.307,ppo_car_spread_a_deterministic
52.7010,-0.11793,0.0000,0.0008,0.04439,0.04441,0.23210,-0.2,1.0000,-29.8460,0.4741,-11.1351,154.307,ppo_car_spread_a_deterministic
52.7210,-0.11793,0.0000,0.0008,0.03942,0.03944,0.37378,-0.2,1.0000,-29.8456,0.4741,-11.1358,154.304,ppo_car_spread_a_deterministic
52.7410,-0.11793,0.0000,0.0008,0.04806,0.04808,0.34224,-0.2,1.0000,-29.8452,0.4741,-11.1366,154.300,ppo_car_spread_a_deterministic
52.7610,-0.11843,0.0013,0.0000,0.05013,0.05014,0.22672,-0.2,1.0000,-29.8447,0.4741,-11.1375,154.300,ppo_car_spread_a_deterministic
52.7810,-0.11843,0.0013,0.0000,0.04291,0.04292,0.27232,0.7,1.0000,-29.8443,0.4741,-11.1383,154.299,ppo_car_spread_a_deterministic
52.8010,-0.11843,0.0013,0.0000,0.04727,0.04728,0.28695,0.7,1.0000,-29.8439,0.4741,-11.1392,154.299,ppo_car_spread_a_deterministic
52.8210,-0.11843,0.0013,0.0000,0.04750,0.04751,0.14108,0.7,1.0000,-29.8434,0.4741,-11.1400,154.298,ppo_car_spread_a_deterministic
52.8410,-0.11743,0.0000,0.0070,0.04289,0.04290,0.26805,0.7,1.0000,-29.8431,0.4741,-11.1408,154.297,ppo_car_spread_a_deterministic
52.8610,-0.11743,0.0000,0.0070,0.04625,0.04627,0.19166,-1.5,1.0000,-29.8426,0.4741,-11.1416,154.298,ppo_car_spread_a_deterministic
52.8810,-0.11743,0.0000,0.0070,0.04355,0.04357,0.38752,-1.5,1.0000,-29.8422,0.4741,-11.1424,154.299,ppo_car_spread_a_deterministic
52.9010,-0.11743,0.0000,0.0070,0.04176,0.04177,0.33547,-1.5,1.0000,-29.8419,0.4741,-11.1431,154.301,ppo_car_spread_a_deterministic
52.9210,-0.11750,0.0000,0.0041,0.04165,0.04166,0.39642,-1.5,1.0000,-29.8415,0.4741,-11.1438,154.297,ppo_car_spread_a_deterministic
52.9410,-0.11750,0.0000,0.0041,0.04517,0.04519,0.23560,-0.9,1.0000,-29.8411,0.4741,-11.1446,154.295,ppo_car_spread_a_deterministic
52.9610,-0.11750,0.0000,0.0041,0.03848,0.03849,0.26352,-0.9,1.0000,-29.8407,0.4741,-11.1453,154.292,ppo_car_spread_a_deterministic
52.9810,-0.11750,0.0000,0.0041,0.04767,0.04768,0.28144,-0.9,1.0000,-29.8403,0.4741,-11.1462,154.292,ppo_car_spread_a_deterministic
53.0010,-0.11849,0.0024,0.0000,0.04549,0.04551,0.27642,-0.9,1.0000,-29.8399,0.4741,-11.1470,154.289,ppo_car_spread_a_deterministic
53.0210,-0.11849,0.0024,0.0000,0.04652,0.04654,0.27911,1.2,1.0000,-29.8394,0.4741,-11.1478,154.290,ppo_car_spread_a_deterministic
53.0410,-0.11849,0.0024,0.0000,0.03858,0.03859,0.40076,1.2,1.0000,-29.8391,0.4741,-11.1485,154.287,ppo_car_spread_a_deterministic
53.0610,-0.11849,0.0024,0.0000,0.03971,0.03972,0.39819,1.2,1.0000,-29.8387,0.4741,-11.1492,154.281,ppo_car_spread_a_deterministic
53.0810,-0.11874,0.0026,0.0000,0.04063,0.04065,0.40104,1.2,1.0000,-29.8384,0.4741,-11.1499,154.279,ppo_car_spread_a_deterministic
53.1010,-0.11874,0.0026,0.0000,0.03971,0.03973,0.36140,1.4,1.0000,-29.8380,0.4741,-11.1506,154.277,ppo_car_spread_a_deterministic
53.1210,-0.11874,0.0026,0.0000,0.04344,0.04346,0.28006,1.4,1.0000,-29.8376,0.4741,-11.1514,154.274,ppo_car_spread_a_deterministic
53.1410,-0.11874,0.0026,0.0000,0.04081,0.04083,0.19051,1.4,1.0000,-29.8372,0.4741,-11.1521,154.273,ppo_car_spread_a_deterministic
53.1610,-0.11844,0.0000,0.0022,0.04772,0.04774,0.20612,1.4,1.0000,-29.8368,0.4741,-11.1530,154.273,ppo_car_spread_a_deterministic
53.1810,-0.11844,0.0000,0.0022,0.04213,0.04214,0.28118,-0.5,1.0000,-29.8364,0.4741,-11.1537,154.270,ppo_car_spread_a_deterministic
53.2010,-0.11844,0.0000,0.0022,0.04265,0.04266,0.39620,-0.5,1.0000,-29.8360,0.4741,-11.1545,154.271,ppo_car_spread_a_deterministic
53.2210,-0.11844,0.0000,0.0022,0.04004,0.04005,0.38068,-0.5,1.0000,-29.8356,0.4741,-11.1552,154.268,ppo_car_spread_a_deterministic
53.2410,-0.11777,0.0000,0.0029,0.04598,0.04600,0.29549,-0.5,1.0000,-29.8352,0.4741,-11.1560,154.269,ppo_car_spread_a_deterministic
53.2610,-0.11777,0.0000,0.0029,0.04025,0.04027,0.19268,-0.6,1.0000,-29.8348,0.4741,-11.1567,154.269,ppo_car_spread_a_deterministic
53.2810,-0.11777,0.0000,0.0029,0.04129,0.04131,0.25837,-0.6,1.0000,-29.8345,0.4741,-11.1575,154.268,ppo_car_spread_a_deterministic
53.3010,-0.11777,0.0000,0.0029,0.04203,0.04205,0.23974,-0.6,1.0000,-29.8341,0.4741,-11.1582,154.267,ppo_car_spread_a_deterministic
53.3210,-0.11812,0.0000,0.0009,0.03658,0.03660,0.40451,-0.6,1.0000,-29.8338,0.4741,-11.1589,154.268,ppo_car_spread_a_deterministic
53.3410,-0.11812,0.0000,0.0009,0.04242,0.04243,0.39300,-0.2,1.0000,-29.8334,0.4741,-11.1596,154.268,ppo_car_spread_a_deterministic
53.3610,-0.11812,0.0000,0.0009,0.04561,0.04562,0.38757,-0.2,1.0000,-29.8330,0.4741,-11.1604,154.265,ppo_car_spread_a_deterministic
53.3810,-0.11812,0.0000,0.0009,0.04771,0.04773,0.26285,-0.2,1.0000,-29.8325,0.4741,-11.1613,154.266,ppo_car_spread_a_deterministic
53.4010,-0.11799,0.0000,0.0043,0.04778,0.04780,0.28278,-0.2,1.0000,-29.8321,0.4741,-11.1621,154.265,ppo_car_spread_a_deterministic
53.4210,-0.11799,0.0000,0.0043,0.04241,0.04242,0.33071,-0.9,1.0000,-29.8317,0.4741,-11.1629,154.266,ppo_car_spread_a_deterministic
53.4410,-0.11799,0.0000,0.0043,0.04393,0.04394,0.21904,-0.9,1.0000,-29.8313,0.4741,-11.1637,154.265,ppo_car_spread_a_deterministic
53.4610,-0.11799,0.0000,0.0043,0.04590,0.04591,0.14151,-0.9,1.0000,-29.8309,0.4741,-11.1645,154.265,ppo_car_spread_a_deterministic
53.4810,-0.11794,0.0000,0.0034,0.03827,0.03828,0.36341,-0.9,1.0000,-29.8305,0.4741,-11.1652,154.264,ppo_car_spread_a_deterministic
53.5010,-0.11794,0.0000,0.0034,0.03845,0.03846,0.27627,-0.7,1.0000,-29.8302,0.4741,-11.1659,154.261,ppo_car_spread_a_deterministic
53.5210,-0.11794,0.0000,0.0034,0.03837,0.03839,0.39241,-0.7,1.0000,-29.8298,0.4741,-11.1665,154.263,ppo_car_spread_a_deterministic
53.5410,-0.11794,0.0000,0.0034,0.04071,0.04071,0.40177,-0.7,1.0000,-29.8294,0.4741,-11.1673,154.264,ppo_car_spread_a_deterministic
53.5610,-0.11809,0.0011,0.0000,0.03950,0.03951,0.36270,-0.7,1.0000,-29.8291,0.4741,-11.1680,154.265,ppo_car_spread_a_deterministic
53.5810,-0.11809,0.0011,0.0000,0.04350,0.04352,0.08113,0.6,1.0000,-29.8287,0.4741,-11.1687,154.264,ppo_car_spread_a_deterministic
53.6010,-0.11809,0.0011,0.0000,0.04267,0.04268,0.16354,0.6,1.0000,-29.8283,0.4741,-11.1695,154.264,ppo_car_spread_a_deterministic
53.6210,-0.11809,0.0011,0.0000,0.04235,0.04236,0.20903,0.6,1.0000,-29.8279,0.4741,-11.1703,154.263,ppo_car_spread_a_deterministic
53.6410,-0.11789,0.0000,0.0027,0.04289,0.04291,0.30918,0.6,1.0000,-29.8275,0.4741,-11.1710,154.264,ppo_car_spread_a_deterministic
53.6610,-0.11789,0.0000,0.0027,0.04384,0.04385,0.35789,-0.6,1.0000,-29.8271,0.4741,-11.1718,154.264,ppo_car_spread_a_deterministic
53.6810,-0.11789,0.0000,0.0027,0.04318,0.04319,0.39010,-0.6,1.0000,-29.8267,0.4741,-11.1726,154.262,ppo_car_spread_a_deterministic
53.7010,-0.11789,0.0000,0.0027,0.04091,0.04093,0.39391,-0.6,1.0000,-29.8264,0.4741,-11.1733,154.258,ppo_car_spread_a_deterministic
53.7210,-0.11815,0.0000,0.0022,0.04456,0.04458,0.28453,-0.6,1.0000,-29.8259,0.4741,-11.1741,154.255,ppo_car_spread_a_deterministic
53.7410,-0.11815,0.0000,0.0022,0.04233,0.04235,0.40594,-0.5,1.0000,-29.8255,0.4741,-11.1748,154.257,ppo_car_spread_a_deterministic
53.7610,-0.11815,0.0000,0.0022,0.04549,0.04551,0.19619,-0.5,1.0000,-29.8251,0.4741,-11.1757,154.253,ppo_car_spread_a_deterministic
53.7810,-0.11815,0.0000,0.0022,0.04104,0.04105,0.35299,-0.5,1.0000,-29.8248,0.4741,-11.1764,154.252,ppo_car_spread_a_deterministic
53.8010,-0.11820,0.0000,0.0042,0.03612,0.03614,0.38378,-0.5,1.0000,-29.8244,0.4741,-11.1770,154.252,ppo_car_spread_a_deterministic
53.8210,-0.11820,0.0000,0.0042,0.04228,0.04230,0.23460,-0.9,1.0000,-29.8240,0.4741,-11.1778,154.251,ppo_car_spread_a_deterministic
53.8410,-0.11820,0.0000,0.0042,0.03678,0.03679,0.26652,-0.9,1.0000,-29.8237,0.4741,-11.1784,154.252,ppo_car_spread_a_deterministic
53.8610,-0.11820,0.0000,0.0042,0.04440,0.04441,0.21384,-0.9,1.0000,-29.8233,0.4741,-11.1792,154.248,ppo_car_spread_a_deterministic
53.8810,-0.11846,0.0030,0.0000,0.03559,0.03560,0.38008,-0.9,1.0000,-29.8230,0.4741,-11.1798,154.247,ppo_car_spread_a_deterministic
53.9010,-0.11846,0.0030,0.0000,0.04211,0.04212,0.25886,1.5,1.0000,-29.8226,0.4741,-11.1806,154.249,ppo_car_spread_a_deterministic
53.9210,-0.11846,0.0030,0.0000,0.03768,0.03769,0.32160,1.5,1.0000,-29.8222,0.4741,-11.1813,154.246,ppo_car_spread_a_deterministic
53.9410,-0.11846,0.0030,0.0000,0.04193,0.04194,0.32407,1.5,1.0000,-29.8219,0.4741,-11.1820,154.243,ppo_car_spread_a_deterministic
53.9610,-0.11889,0.0033,0.0000,0.03710,0.03711,0.38581,1.5,1.0000,-29.8215,0.4741,-11.1827,154.244,ppo_car_spread_a_deterministic
53.9810,-0.11889,0.0033,0.0000,0.04457,0.04458,0.28325,1.8,1.0000,-29.8211,0.4741,-11.1835,154.241,ppo_car_spread_a_deterministic
54.0011,-0.11889,0.0033,0.0000,0.04510,0.04511,0.11743,1.8,1.0000,-29.8207,0.4741,-11.1843,154.241,ppo_car_spread_a_deterministic
54.0211,-0.11889,0.0033,0.0000,0.04444,0.04445,0.28091,1.8,1.0000,-29.8203,0.4741,-11.1851,154.235,ppo_car_spread_a_deterministic
54.0411,-0.11801,0.0000,0.0046,0.04547,0.04549,0.28880,1.8,1.0000,-29.8199,0.4741,-11.1859,154.237,ppo_car_spread_a_deterministic
54.0611,-0.11801,0.0000,0.0046,0.04052,0.04053,0.40621,-1.0,1.0000,-29.8195,0.4741,-11.1866,154.233,ppo_car_spread_a_deterministic
54.0811,-0.11801,0.0000,0.0046,0.04060,0.04061,0.33610,-1.0,1.0000,-29.8191,0.4741,-11.1873,154.230,ppo_car_spread_a_deterministic
54.1011,-0.11801,0.0000,0.0046,0.03960,0.03961,0.36826,-1.0,1.0000,-29.8188,0.4741,-11.1880,154.231,ppo_car_spread_a_deterministic
54.1211,-0.11871,0.0004,0.0000,0.04136,0.04137,0.33417,-1.0,1.0000,-29.8184,0.4741,-11.1888,154.226,ppo_car_spread_a_deterministic
54.1411,-0.11871,0.0004,0.0000,0.04463,0.04465,0.28591,0.2,1.0000,-29.8180,0.4741,-11.1896,154.230,ppo_car_spread_a_deterministic
54.1611,-0.11871,0.0004,0.0000,0.04092,0.04093,0.40650,0.2,1.0000,-29.8176,0.4741,-11.1903,154.228,ppo_car_spread_a_deterministic
54.1811,-0.11871,0.0004,0.0000,0.04784,0.04785,0.23751,0.2,1.0000,-29.8172,0.4741,-11.1911,154.229,ppo_car_spread_a_deterministic
54.2011,-0.11853,0.0000,0.0001,0.04379,0.04380,0.17672,0.2,1.0000,-29.8168,0.4741,-11.1919,154.227,ppo_car_spread_a_deterministic
54.2211,-0.11853,0.0000,0.0001,0.03840,0.03841,0.33895,0.0,1.0000,-29.8164,0.4741,-11.1926,154.224,ppo_car_spread_a_deterministic
54.2411,-0.11853,0.0000,0.0001,0.04575,0.04577,0.29321,0.0,1.0000,-29.8160,0.4741,-11.1934,154.226,ppo_car_spread_a_deterministic
54.2611,-0.11853,0.0000,0.0001,0.04057,0.04058,0.25711,0.0,1.0000,-29.8156,0.4741,-11.1941,154.227,ppo_car_spread_a_deterministic
54.2811,-0.11770,0.0000,0.0059,0.04217,0.04218,0.17253,0.0,1.0000,-29.8153,0.4741,-11.1949,154.226,ppo_car_spread_a_deterministic
54.3011,-0.11770,0.0000,0.0059,0.04637,0.04639,0.25694,-1.2,1.0000,-29.8148,0.4741,-11.1957,154.223,ppo_car_spread_a_deterministic
54.3211,-0.11770,0.0000,0.0059,0.03328,0.03329,0.40162,-1.2,1.0000,-29.8145,0.4741,-11.1963,154.221,ppo_car_spread_a_deterministic
54.3411,-0.11770,0.0000,0.0059,0.04521,0.04522,0.25805,-1.2,1.0000,-29.8141,0.4741,-11.1971,154.221,ppo_car_spread_a_deterministic
54.3611,-0.11918,0.0072,0.0000,0.04272,0.04273,0.10372,-1.2,1.0000,-29.8137,0.4741,-11.1979,154.220,ppo_car_spread_a_deterministic
54.3811,-0.11918,0.0072,0.0000,0.04141,0.04142,0.34952,3.8,1.0000,-29.8133,0.4741,-11.1986,154.214,ppo_car_spread_a_deterministic
54.4011,-0.11918,0.0072,0.0000,0.03796,0.03797,0.37780,3.8,1.0000,-29.8130,0.4741,-11.1993,154.211,ppo_car_spread_a_deterministic
54.4211,-0.11918,0.0072,0.0000,0.04650,0.04651,0.06630,3.8,1.0000,-29.8126,0.4741,-11.2001,154.209,ppo_car_spread_a_deterministic
54.4411,-0.11907,0.0032,0.0000,0.04435,0.04436,0.17185,3.8,1.0000,-29.8122,0.4741,-11.2009,154.209,ppo_car_spread_a_deterministic
54.4611,-0.11907,0.0032,0.0000,0.04091,0.04092,0.27324,1.7,1.0000,-29.8118,0.4741,-11.2016,154.209,ppo_car_spread_a_deterministic
54.4811,-0.11907,0.0032,0.0000,0.04324,0.04325,0.30346,1.7,1.0000,-29.8114,0.4741,-11.2024,154.207,ppo_car_spread_a_deterministic
54.5011,-0.11907,0.0032,0.0000,0.04878,0.04880,0.24226,1.7,1.0000,-29.8109,0.4741,-11.2033,154.209,ppo_car_spread_a_deterministic
54.5211,-0.11860,0.0000,0.0023,0.04448,0.04450,0.18376,1.7,1.0000,-29.8105,0.4741,-11.2040,154.206,ppo_car_spread_a_deterministic
54.5411,-0.11860,0.0000,0.0023,0.04404,0.04405,0.40903,-0.5,1.0000,-29.8101,0.4741,-11.2048,154.206,ppo_car_spread_a_deterministic
54.5611,-0.11860,0.0000,0.0023,0.04542,0.04544,0.28550,-0.5,1.0000,-29.8097,0.4741,-11.2056,154.202,ppo_car_spread_a_deterministic
54.5811,-0.11860,0.0000,0.0023,0.04387,0.04388,0.29754,-0.5,1.0000,-29.8093,0.4741,-11.2064,154.197,ppo_car_spread_a_deterministic
54.6011,-0.11864,0.0000,0.0039,0.04876,0.04878,0.24866,-0.5,1.0000,-29.8089,0.4741,-11.2073,154.193,ppo_car_spread_a_deterministic
54.6211,-0.11864,0.0000,0.0039,0.04480,0.04482,0.39753,-0.8,1.0000,-29.8085,0.4741,-11.2081,154.190,ppo_car_spread_a_deterministic
54.6411,-0.11864,0.0000,0.0039,0.04417,0.04418,0.14748,-0.8,1.0000,-29.8080,0.4741,-11.2089,154.189,ppo_car_spread_a_deterministic
54.6611,-0.11864,0.0000,0.0039,0.04692,0.04694,0.27523,-0.8,1.0000,-29.8076,0.4741,-11.2097,154.191,ppo_car_spread_a_deterministic
54.6811,-0.11829,0.0000,0.0038,0.04908,0.04910,0.23460,-0.8,1.0000,-29.8072,0.4741,-11.2106,154.193,ppo_car_spread_a_deterministic
54.7011,-0.11829,0.0000,0.0038,0.04952,0.04953,0.28962,-0.8,1.0000,-29.8067,0.4741,-11.2115,154.188,ppo_car_spread_a_deterministic
54.7211,-0.11829,0.0000,0.0038,0.04407,0.04408,0.22893,-0.8,1.0000,-29.8063,0.4741,-11.2122,154.188,ppo_car_spread_a_deterministic
54.7411,-0.11829,0.0000,0.0038,0.04951,0.04952,0.22445,-0.8,1.0000,-29.8059,0.4741,-11.2131,154.186,ppo_car_spread_a_deterministic
54.7611,-0.11816,0.0000,0.0038,0.04543,0.04545,0.22157,-0.8,1.0000,-29.8054,0.4741,-11.2139,154.184,ppo_car_spread_a_deterministic
54.7811,-0.11816,0.0000,0.0038,0.04553,0.04554,0.21648,-0.8,1.0000,-29.8050,0.4741,-11.2147,154.185,ppo_car_spread_a_deterministic
54.8011,-0.11816,0.0000,0.0038,0.04575,0.04576,0.24508,-0.8,1.0000,-29.8046,0.4741,-11.2156,154.185,ppo_car_spread_a_deterministic
54.8211,-0.11816,0.0000,0.0038,0.04572,0.04574,0.20342,-0.8,1.0000,-29.8042,0.4741,-11.2164,154.186,ppo_car_spread_a_deterministic
54.8411,-0.11801,0.0000,0.0054,0.04242,0.04244,0.37985,-0.8,1.0000,-29.8038,0.4741,-11.2171,154.185,ppo_car_spread_a_deterministic
54.8611,-0.11801,0.0000,0.0054,0.04543,0.04544,0.11073,-1.1,1.0000,-29.8034,0.4741,-11.2179,154.184,ppo_car_spread_a_deterministic
54.8811,-0.11801,0.0000,0.0054,0.04010,0.04011,0.31354,-1.1,1.0000,-29.8030,0.4741,-11.2186,154.184,ppo_car_spread_a_deterministic
54.9011,-0.11801,0.0000,0.0054,0.05008,0.05010,0.27352,-1.1,1.0000,-29.8026,0.4741,-11.2195,154.183,ppo_car_spread_a_deterministic
54.9211,-0.11852,0.0000,0.0000,0.04391,0.04392,0.12935,-1.1,1.0000,-29.8022,0.4741,-11.2203,154.183,ppo_car_spread_a_deterministic
54.9411,-0.11852,0.0000,0.0000,0.04257,0.04259,0.15845,0.0,1.0000,-29.8018,0.4741,-11.2211,154.183,ppo_car_spread_a_deterministic
54.9611,-0.11852,0.0000,0.0000,0.04291,0.04292,0.28076,0.0,1.0000,-29.8014,0.4741,-11.2218,154.179,ppo_car_spread_a_deterministic
54.9811,-0.11852,0.0000,0.0000,0.04074,0.04075,0.22154,0.0,1.0000,-29.8010,0.4741,-11.2225,154.175,ppo_car_spread_a_deterministic
55.0011,-0.11883,0.0000,0.0014,0.04392,0.04394,0.30620,0.0,1.0000,-29.8006,0.4741,-11.2233,154.174,ppo_car_spread_a_deterministic
55.0211,-0.11883,0.0000,0.0014,0.04496,0.04498,0.29122,-0.3,1.0000,-29.8002,0.4741,-11.2241,154.174,ppo_car_spread_a_deterministic
55.0411,-0.11883,0.0000,0.0014,0.04641,0.04642,0.28817,-0.3,1.0000,-29.7998,0.4741,-11.2250,154.169,ppo_car_spread_a_deterministic
55.0611,-0.11883,0.0000,0.0014,0.04286,0.04287,0.35802,-0.3,1.0000,-29.7994,0.4741,-11.2257,154.163,ppo_car_spread_a_deterministic
55.0811,-0.11889,0.0000,0.0044,0.04162,0.04163,0.38845,-0.3,1.0000,-29.7990,0.4741,-11.2265,154.166,ppo_car_spread_a_deterministic
55.1011,-0.11889,0.0000,0.0044,0.04438,0.04440,0.21211,-0.9,1.0000,-29.7986,0.4741,-11.2272,154.164,ppo_car_spread_a_deterministic
55.1211,-0.11889,0.0000,0.0044,0.03482,0.03484,0.39847,-0.9,1.0000,-29.7983,0.4741,-11.2279,154.163,ppo_car_spread_a_deterministic
55.1411,-0.11889,0.0000,0.0044,0.04009,0.04010,0.17086,-0.9,1.0000,-29.7979,0.4741,-11.2286,154.164,ppo_car_spread_a_deterministic
55.1611,-0.11932,0.0053,0.0000,0.04283,0.04285,0.12477,-0.9,1.0000,-29.7975,0.4741,-11.2293,154.163,ppo_car_spread_a_deterministic
55.1811,-0.11932,0.0053,0.0000,0.04340,0.04342,0.21029,2.8,1.0000,-29.7971,0.4741,-11.2301,154.163,ppo_car_spread_a_deterministic
55.2011,-0.11932,0.0053,0.0000,0.04164,0.04165,0.31972,2.8,1.0000,-29.7967,0.4741,-11.2308,154.161,ppo_car_spread_a_deterministic
55.2211,-0.11932,0.0053,0.0000,0.04273,0.04274,0.29359,2.8,1.0000,-29.7963,0.4741,-11.2316,154.161,ppo_car_spread_a_deterministic
55.2411,-0.11896,0.0000,0.0009,0.04451,0.04452,0.19118,2.8,1.0000,-29.7959,0.4741,-11.2324,154.159,ppo_car_spread_a_deterministic
55.2611,-0.11896,0.0000,0.0009,0.04617,0.04619,0.23816,-0.2,1.0000,-29.7955,0.4741,-11.2332,154.156,ppo_car_spread_a_deterministic
55.2811,-0.11896,0.0000,0.0009,0.04118,0.04120,0.39352,-0.2,1.0000,-29.7951,0.4741,-11.2340,154.152,ppo_car_spread_a_deterministic
55.3011,-0.11896,0.0000,0.0009,0.04927,0.04929,0.22324,-0.2,1.0000,-29.7946,0.4741,-11.2348,154.151,ppo_car_spread_a_deterministic
55.3211,-0.11914,0.0001,0.0000,0.04722,0.04723,0.38864,-0.2,1.0000,-29.7942,0.4741,-11.2357,154.152,ppo_car_spread_a_deterministic
55.3411,-0.11914,0.0001,0.0000,0.04371,0.04372,0.40245,0.1,1.0000,-29.7938,0.4741,-11.2365,154.152,ppo_car_spread_a_deterministic
55.3611,-0.11914,0.0001,0.0000,0.04896,0.04897,0.29210,0.1,1.0000,-29.7934,0.4741,-11.2373,154.150,ppo_car_spread_a_deterministic
55.3811,-0.11914,0.0001,0.0000,0.03729,0.03730,0.39308,0.1,1.0000,-29.7930,0.4741,-11.2380,154.147,ppo_car_spread_a_deterministic
55.4011,-0.11839,0.0000,0.0076,0.04319,0.04321,0.18098,0.1,1.0000,-29.7926,0.4741,-11.2388,154.147,ppo_car_spread_a_deterministic
55.4211,-0.11839,0.0000,0.0076,0.04452,0.04454,0.35769,-1.6,1.0000,-29.7922,0.4741,-11.2395,154.149,ppo_car_spread_a_deterministic
55.4411,-0.11839,0.0000,0.0076,0.03907,0.03908,0.36955,-1.6,1.0000,-29.7919,0.4741,-11.2402,154.149,ppo_car_spread_a_deterministic
55.4611,-0.11839,0.0000,0.0076,0.03969,0.03970,0.39192,-1.6,1.0000,-29.7915,0.4741,-11.2409,154.148,ppo_car_spread_a_deterministic
55.4811,-0.11889,0.0012,0.0000,0.04481,0.04483,0.28441,-1.6,1.0000,-29.7911,0.4741,-11.2417,154.147,ppo_car_spread_a_deterministic
55.5011,-0.11889,0.0012,0.0000,0.04483,0.04485,0.26226,0.7,1.0000,-29.7907,0.4741,-11.2425,154.148,ppo_car_spread_a_deterministic
55.5211,-0.11889,0.0012,0.0000,0.04047,0.04048,0.40642,0.7,1.0000,-29.7903,0.4741,-11.2432,154.148,ppo_car_spread_a_deterministic
55.5411,-0.11889,0.0012,0.0000,0.04729,0.04730,0.26504,0.7,1.0000,-29.7899,0.4741,-11.2441,154.149,ppo_car_spread_a_deterministic
55.5611,-0.11887,0.0000,0.0002,0.04506,0.04507,0.28404,0.7,1.0000,-29.7894,0.4741,-11.2449,154.146,ppo_car_spread_a_deterministic
55.5811,-0.11887,0.0000,0.0002,0.04446,0.04447,0.18599,-0.1,1.0000,-29.7890,0.4741,-11.2457,154.148,ppo_car_spread_a_deterministic
55.6011,-0.11887,0.0000,0.0002,0.04422,0.04424,0.28519,-0.1,1.0000,-29.7886,0.4741,-11.2465,154.150,ppo_car_spread_a_deterministic
55.6211,-0.11887,0.0000,0.0002,0.04217,0.04218,0.37273,-0.1,1.0000,-29.7882,0.4741,-11.2472,154.149,ppo_car_spread_a_deterministic
55.6411,-0.11832,0.0000,0.0045,0.04345,0.04346,0.14624,-0.1,1.0000,-29.7878,0.4741,-11.2480,154.148,ppo_car_spread_a_deterministic
55.6611,-0.11832,0.0000,0.0045,0.04499,0.04500,0.35882,-1.0,1.0000,-29.7874,0.4741,-11.2488,154.150,ppo_car_spread_a_deterministic
55.6811,-0.11832,0.0000,0.0045,0.04099,0.04100,0.18628,-1.0,1.0000,-29.7871,0.4741,-11.2495,154.148,ppo_car_spread_a_deterministic
55.7011,-0.11832,0.0000,0.0045,0.03785,0.03787,0.40455,-1.0,1.0000,-29.7867,0.4741,-11.2502,154.145,ppo_car_spread_a_deterministic
55.7211,-0.11889,0.0000,0.0003,0.04419,0.04421,0.17782,-1.0,1.0000,-29.7863,0.4741,-11.2510,154.144,ppo_car_spread_a_deterministic
55.7411,-0.11889,0.0000,0.0003,0.04066,0.04067,0.40415,-0.1,1.0000,-29.7859,0.4741,-11.2517,154.144,ppo_car_spread_a_deterministic
55.7611,-0.11889,0.0000,0.0003,0.04272,0.04273,0.27401,-0.1,1.0000,-29.7855,0.4741,-11.2525,154.144,ppo_car_spread_a_deterministic
55.7811,-0.11889,0.0000,0.0003,0.04775,0.04777,0.20777,-0.1,1.0000,-29.7851,0.4741,-11.2533,154.142,ppo_car_spread_a_deterministic
55.8011,-0.11866,0.0000,0.0021,0.03837,0.03838,0.26649,-0.1,1.0000,-29.7847,0.4741,-11.2540,154.140,ppo_car_spread_a_deterministic
55.8211,-0.11866,0.0000,0.0021,0.03989,0.03990,0.26717,-0.4,1.0000,-29.7844,0.4741,-11.2547,154.138,ppo_car_spread_a_deterministic
55.8411,-0.11866,0.0000,0.0021,0.04047,0.04049,0.27127,-0.4,1.0000,-29.7840,0.4741,-11.2554,154.138,ppo_car_spread_a_deterministic
55.8611,-0.11866,0.0000,0.0021,0.04537,0.04539,0.40301,-0.4,1.0000,-29.7836,0.4741,-11.2562,154.141,ppo_car_spread_a_deterministic
55.8811,-0.11891,0.0000,0.0004,0.03611,0.03612,0.40683,-0.4,1.0000,-29.7833,0.4741,-11.2569,154.141,ppo_car_spread_a_deterministic
55.9011,-0.11891,0.0000,0.0004,0.04652,0.04654,0.25789,-0.1,1.0000,-29.7828,0.4741,-11.2577,154.141,ppo_car_spread_a_deterministic
55.9211,-0.11891,0.0000,0.0004,0.04620,0.04621,0.28920,-0.1,1.0000,-29.7824,0.4741,-11.2585,154.139,ppo_car_spread_a_deterministic
55.9411,-0.11891,0.0000,0.0004,0.04168,0.04169,0.40287,-0.1,1.0000,-29.7820,0.4741,-11.2593,154.140,ppo_car_spread_a_deterministic
55.9611,-0.11855,0.0000,0.0053,0.04233,0.04235,0.15628,-0.1,1.0000,-29.7816,0.4741,-11.2600,154.141,ppo_car_spread_a_deterministic
55.9811,-0.11855,0.0000,0.0053,0.04490,0.04492,0.24749,-1.1,1.0000,-29.7812,0.4741,-11.2608,154.141,ppo_car_spread_a_deterministic
56.0011,-0.11855,0.0000,0.0053,0.04432,0.04433,0.24844,-1.1,1.0000,-29.7808,0.4741,-11.2616,154.143,ppo_car_spread_a_deterministic
56.0211,-0.11855,0.0000,0.0053,0.05018,0.05019,0.27146,-1.1,1.0000,-29.7803,0.4741,-11.2625,154.143,ppo_car_spread_a_deterministic
56.0411,-0.11831,0.0000,0.0043,0.04176,0.04177,0.37317,-1.1,1.0000,-29.7800,0.4741,-11.2632,154.143,ppo_car_spread_a_deterministic
56.0611,-0.11831,0.0000,0.0043,0.04068,0.04068,0.40199,-0.9,1.0000,-29.7796,0.4741,-11.2640,154.142,ppo_car_spread_a_deterministic
56.0811,-0.11831,0.0000,0.0043,0.03721,0.03722,0.21857,-0.9,1.0000,-29.7793,0.4741,-11.2646,154.143,ppo_car_spread_a_deterministic
56.1011,-0.11831,0.0000,0.0043,0.04265,0.04267,0.21201,-0.9,1.0000,-29.7789,0.4741,-11.2654,154.139,ppo_car_spread_a_deterministic
56.1211,-0.11898,0.0026,0.0000,0.04395,0.04397,0.27175,-0.9,1.0000,-29.7785,0.4741,-11.2662,154.140,ppo_car_spread_a_deterministic
56.1411,-0.11898,0.0026,0.0000,0.04123,0.04124,0.08100,1.4,1.0000,-29.7781,0.4741,-11.2669,154.138,ppo_car_spread_a_deterministic
56.1611,-0.11898,0.0026,0.0000,0.04023,0.04024,0.39892,1.4,1.0000,-29.7777,0.4741,-11.2676,154.135,ppo_car_spread_a_deterministic
56.1811,-0.11898,0.0026,0.0000,0.03852,0.03853,0.18903,1.4,1.0000,-29.7774,0.4741,-11.2683,154.135,ppo_car_spread_a_deterministic
56.2011,-0.11935,0.0012,0.0000,0.03878,0.03879,0.38627,1.4,1.0000,-29.7770,0.4741,-11.2690,154.138,ppo_car_spread_a_deterministic
56.2211,-0.11935,0.0012,0.0000,0.04302,0.04303,0.22533,0.6,1.0000,-29.7766,0.4741,-11.2697,154.135,ppo_car_spread_a_deterministic
56.2411,-0.11935,0.0012,0.0000,0.04137,0.04139,0.18329,0.6,1.0000,-29.7762,0.4741,-11.2705,154.134,ppo_car_spread_a_deterministic
56.2611,-0.11935,0.0012,0.0000,0.04371,0.04373,0.28077,0.6,1.0000,-29.7758,0.4741,-11.2712,154.133,ppo_car_spread_a_deterministic
56.2811,-0.11900,0.0000,0.0007,0.04347,0.04349,0.29687,0.6,1.0000,-29.7754,0.4741,-11.2720,154.131,ppo_car_spread_a_deterministic
56.3011,-0.11900,0.0000,0.0007,0.03940,0.03942,0.39908,-0.1,1.0000,-29.7751,0.4741,-11.2727,154.129,ppo_car_spread_a_deterministic
56.3211,-0.11900,0.0000,0.0007,0.03859,0.03861,0.40853,-0.1,1.0000,-29.7747,0.4741,-11.2734,154.128,ppo_car_spread_a_deterministic
56.3411,-0.11900,0.0000,0.0007,0.03983,0.03984,0.18042,-0.1,1.0000,-29.7744,0.4741,-11.2741,154.126,ppo_car_spread_a_deterministic
56.3611,-0.11915,0.0017,0.0000,0.04468,0.04469,0.21460,-0.1,1.0000,-29.7739,0.4741,-11.2749,154.124,ppo_car_spread_a_deterministic
56.3811,-0.11915,0.0017,0.0000,0.03269,0.03270,0.40694,0.9,1.0000,-29.7736,0.4741,-11.2755,154.124,ppo_car_spread_a_deterministic
56.4011,-0.11915,0.0017,0.0000,0.04552,0.04553,0.35049,0.9,1.0000,-29.7732,0.4741,-11.2763,154.120,ppo_car_spread_a_deterministic
56.4211,-0.11915,0.0017,0.0000,0.03958,0.03959,0.36428,0.9,1.0000,-29.7729,0.4741,-11.2770,154.122,ppo_car_spread_a_deterministic
56.4411,-0.11919,0.0000,0.0038,0.03768,0.03770,0.29545,0.9,1.0000,-29.7725,0.4741,-11.2777,154.119,ppo_car_spread_a_deterministic
56.4611,-0.11919,0.0000,0.0038,0.04064,0.04065,0.36220,-0.8,1.0000,-29.7721,0.4741,-11.2784,154.114,ppo_car_spread_a_deterministic
56.4811,-0.11919,0.0000,0.0038,0.03944,0.03945,0.26779,-0.8,1.0000,-29.7718,0.4741,-11.2791,154.113,ppo_car_spread_a_deterministic
56.5011,-0.11919,0.0000,0.0038,0.04591,0.04593,0.26694,-0.8,1.0000,-29.7714,0.4741,-11.2799,154.112,ppo_car_spread_a_deterministic
56.5211,-0.11930,0.0011,0.0000,0.04437,0.04439,0.20692,-0.8,1.0000,-29.7709,0.4741,-11.2807,154.113,ppo_car_spread_a_deterministic
56.5411,-0.11930,0.0011,0.0000,0.04148,0.04149,0.40524,0.6,1.0000,-29.7706,0.4741,-11.2814,154.110,ppo_car_spread_a_deterministic
56.5611,-0.11930,0.0011,0.0000,0.04318,0.04319,0.27500,0.6,1.0000,-29.7702,0.4741,-11.2822,154.110,ppo_car_spread_a_deterministic
56.5811,-0.11930,0.0011,0.0000,0.04622,0.04624,0.24922,0.6,1.0000,-29.7697,0.4741,-11.2830,154.109,ppo_car_spread_a_deterministic
56.6011,-0.11882,0.0000,0.0026,0.04048,0.04049,0.40645,0.6,1.0000,-29.7694,0.4741,-11.2838,154.107,ppo_car_spread_a_deterministic
56.6211,-0.11882,0.0000,0.0026,0.04574,0.04575,0.21083,-0.6,1.0000,-29.7689,0.4741,-11.2846,154.105,ppo_car_spread_a_deterministic
56.6411,-0.11882,0.0000,0.0026,0.03917,0.03919,0.36469,-0.6,1.0000,-29.7686,0.4741,-11.2853,154.107,ppo_car_spread_a_deterministic
56.6611,-0.11882,0.0000,0.0026,0.03874,0.03875,0.40746,-0.6,1.0000,-29.7682,0.4741,-11.2859,154.105,ppo_car_spread_a_deterministic
56.6811,-0.11900,0.0005,0.0000,0.04513,0.04514,0.26826,-0.6,1.0000,-29.7678,0.4741,-11.2867,154.102,ppo_car_spread_a_deterministic
56.7011,-0.11900,0.0005,0.0000,0.04058,0.04059,0.28110,0.3,1.0000,-29.7674,0.4741,-11.2875,154.104,ppo_car_spread_a_deterministic
56.7211,-0.11900,0.0005,0.0000,0.04673,0.04675,0.28930,0.3,1.0000,-29.7670,0.4741,-11.2883,154.103,ppo_car_spread_a_deterministic
56.7411,-0.11900,0.0005,0.0000,0.04513,0.04514,0.12968,0.3,1.0000,-29.7666,0.4741,-11.2891,154.102,ppo_car_spread_a_deterministic
56.7611,-0.11868,0.0000,0.0060,0.03367,0.03368,0.39624,0.3,1.0000,-29.7663,0.4741,-11.2897,154.103,ppo_car_spread_a_deterministic
56.7811,-0.11868,0.0000,0.0060,0.04885,0.04886,0.24080,-1.3,1.0000,-29.7658,0.4741,-11.2906,154.101,ppo_car_spread_a_deterministic
56.8011,-0.11868,0.0000,0.0060,0.04240,0.04241,0.36370,-1.3,1.0000,-29.7654,0.4741,-11.2913,154.103,ppo_car_spread_a_deterministic
56.8211,-0.11868,0.0000,0.0060,0.03811,0.03813,0.27996,-1.3,1.0000,-29.7651,0.4741,-11.2920,154.104,ppo_car_spread_a_deterministic
56.8411,-0.11861,0.0000,0.0026,0.03831,0.03833,0.17328,-1.3,1.0000,-29.7647,0.4741,-11.2927,154.104,ppo_car_spread_a_deterministic
56.8611,-0.11861,0.0000,0.0026,0.03964,0.03965,0.29372,-0.6,1.0000,-29.7644,0.4741,-11.2934,154.102,ppo_car_spread_a_deterministic
56.8811,-0.11861,0.0000,0.0026,0.03644,0.03645,0.36512,-0.6,1.0000,-29.7641,0.4741,-11.2940,154.103,ppo_car_spread_a_deterministic
56.9011,-0.11861,0.0000,0.0026,0.04176,0.04177,0.17271,-0.6,1.0000,-29.7637,0.4741,-11.2948,154.103,ppo_car_spread_a_deterministic
56.9211,-0.11930,0.0034,0.0000,0.03908,0.03910,0.39136,-0.6,1.0000,-29.7633,0.4741,-11.2955,154.102,ppo_car_spread_a_deterministic
56.9411,-0.11930,0.0034,0.0000,0.04450,0.04451,0.30433,1.8,1.0000,-29.7629,0.4741,-11.2962,154.099,ppo_car_spread_a_deterministic
56.9611,-0.11930,0.0034,0.0000,0.04475,0.04477,0.28347,1.8,1.0000,-29.7625,0.4741,-11.2970,154.097,ppo_car_spread_a_deterministic
56.9811,-0.11930,0.0034,0.0000,0.03438,0.03439,0.40142,1.8,1.0000,-29.7622,0.4741,-11.2976,154.095,ppo_car_spread_a_deterministic
57.0011,-0.11916,0.0000,0.0036,0.04008,0.04010,0.37477,1.8,1.0000,-29.7618,0.4741,-11.2984,154.093,ppo_car_spread_a_deterministic
57.0211,-0.11916,0.0000,0.0036,0.04608,0.04609,0.26065,-0.8,1.0000,-29.7614,0.4741,-11.2992,154.095,ppo_car_spread_a_deterministic
57.0411,-0.11916,0.0000,0.0036,0.04991,0.04992,0.29182,-0.8,1.0000,-29.7609,0.4741,-11.3001,154.095,ppo_car_spread_a_deterministic
57.0611,-0.11916,0.0000,0.0036,0.04264,0.04265,0.29848,-0.8,1.0000,-29.7605,0.4741,-11.3008,154.098,ppo_car_spread_a_deterministic
57.0811,-0.11832,0.0000,0.0092,0.04538,0.04539,0.24073,-0.8,1.0000,-29.7601,0.4741,-11.3017,154.097,ppo_car_spread_a_deterministic
57.1011,-0.11832,0.0000,0.0092,0.04194,0.04196,0.20017,-1.9,1.0000,-29.7597,0.4741,-11.3024,154.098,ppo_car_spread_a_deterministic
57.1211,-0.11832,0.0000,0.0092,0.04261,0.04262,0.21146,-1.9,1.0000,-29.7593,0.4741,-11.3032,154.100,ppo_car_spread_a_deterministic
57.1411,-0.11832,0.0000,0.0092,0.04401,0.04402,0.23752,-1.9,1.0000,-29.7589,0.4741,-11.3039,154.098,ppo_car_spread_a_deterministic
57.1611,-0.11857,0.0000,0.0030,0.03928,0.03929,0.26927,-1.9,1.0000,-29.7586,0.4741,-11.3046,154.098,ppo_car_spread_a_deterministic
57.1811,-0.11857,0.0000,0.0030,0.04486,0.04487,0.29311,-0.6,1.0000,-29.7581,0.4741,-11.3054,154.095,ppo_car_spread_a_deterministic
57.2011,-0.11857,0.0000,0.0030,0.04504,0.04505,0.29141,-0.6,1.0000,-29.7577,0.4741,-11.3062,154.097,ppo_car_spread_a_deterministic
57.2211,-0.11857,0.0000,0.0030,0.04123,0.04124,0.21969,-0.6,1.0000,-29.7574,0.4741,-11.3070,154.097,ppo_car_spread_a_deterministic
57.2411,-0.11846,0.0000,0.0051,0.03927,0.03929,0.17830,-0.6,1.0000,-29.7570,0.4741,-11.3077,154.095,ppo_car_spread_a_deterministic
57.2611,-0.11846,0.0000,0.0051,0.04183,0.04184,0.36214,-1.1,1.0000,-29.7566,0.4741,-11.3084,154.096,ppo_car_spread_a_deterministic
57.2811,-0.11846,0.0000,0.0051,0.03652,0.03653,0.33572,-1.1,1.0000,-29.7563,0.4741,-11.3090,154.092,ppo_car_spread_a_deterministic
57.3011,-0.11846,0.0000,0.0051,0.03923,0.03925,0.18677,-1.1,1.0000,-29.7559,0.4741,-11.3097,154.094,ppo_car_spread_a_deterministic
57.3211,-0.11989,0.0047,0.0000,0.04342,0.04344,0.21495,-1.1,1.0000,-29.7555,0.4741,-11.3105,154.092,ppo_car_spread_a_deterministic
57.3411,-0.11989,0.0047,0.0000,0.03229,0.03231,0.40546,2.5,1.0000,-29.7552,0.4741,-11.3111,154.088,ppo_car_spread_a_deterministic
57.3611,-0.11989,0.0047,0.0000,0.04012,0.04013,0.38148,2.5,1.0000,-29.7549,0.4741,-11.3118,154.085,ppo_car_spread_a_deterministic
57.3811,-0.11989,0.0047,0.0000,0.03426,0.03427,0.40497,2.5,1.0000,-29.7545,0.4741,-11.3124,154.083,ppo_car_spread_a_deterministic
57.4011,-0.11988,0.0015,0.0000,0.03427,0.03428,0.29211,2.5,1.0000,-29.7542,0.4741,-11.3130,154.083,ppo_car_spread_a_deterministic
57.4211,-0.11988,0.0015,0.0000,0.03460,0.03461,0.31483,0.8,1.0000,-29.7539,0.4741,-11.3136,154.081,ppo_car_spread_a_deterministic
57.4411,-0.11988,0.0015,0.0000,0.04521,0.04522,0.29104,0.8,1.0000,-29.7535,0.4741,-11.3144,154.083,ppo_car_spread_a_deterministic
57.4611,-0.11988,0.0015,0.0000,0.04023,0.04025,0.17058,0.8,1.0000,-29.7531,0.4741,-11.3151,154.083,ppo_car_spread_a_deterministic
57.4811,-0.11872,0.0000,0.0051,0.04394,0.04396,0.18453,0.8,1.0000,-29.7527,0.4741,-11.3159,154.082,ppo_car_spread_a_deterministic
57.5011,-0.11872,0.0000,0.0051,0.04122,0.04124,0.40592,-1.1,1.0000,-29.7523,0.4741,-11.3167,154.081,ppo_car_spread_a_deterministic
57.5211,-0.11872,0.0000,0.0051,0.04270,0.04271,0.26887,-1.1,1.0000,-29.7519,0.4741,-11.3174,154.080,ppo_car_spread_a_deterministic
57.5411,-0.11872,0.0000,0.0051,0.04212,0.04213,0.19011,-1.1,1.0000,-29.7515,0.4741,-11.3182,154.079,ppo_car_spread_a_deterministic
57.5611,-0.11907,0.0000,0.0020,0.04372,0.04374,0.23735,-1.1,1.0000,-29.7511,0.4741,-11.3189,154.076,ppo_car_spread_a_deterministic
57.5811,-0.11907,0.0000,0.0020,0.03682,0.03684,0.40003,-0.4,1.0000,-29.7508,0.4741,-11.3196,154.078,ppo_car_spread_a_deterministic
57.6011,-0.11907,0.0000,0.0020,0.04480,0.04481,0.27237,-0.4,1.0000,-29.7504,0.4741,-11.3204,154.079,ppo_car_spread_a_deterministic
57.6211,-0.11907,0.0000,0.0020,0.04045,0.04047,0.27069,-0.4,1.0000,-29.7500,0.4741,-11.3211,154.077,ppo_car_spread_a_deterministic
57.6411,-0.11869,0.0000,0.0046,0.03545,0.03546,0.40746,-0.4,1.0000,-29.7497,0.4741,-11.3217,154.072,ppo_car_spread_a_deterministic
57.6611,-0.11869,0.0000,0.0046,0.03911,0.03913,0.40266,-1.0,1.0000,-29.7493,0.4741,-11.3224,154.071,ppo_car_spread_a_deterministic
57.6811,-0.11869,0.0000,0.0046,0.03984,0.03986,0.31894,-1.0,1.0000,-29.7490,0.4741,-11.3231,154.066,ppo_car_spread_a_deterministic
57.7011,-0.11869,0.0000,0.0046,0.04034,0.04036,0.40405,-1.0,1.0000,-29.7486,0.4741,-11.3239,154.067,ppo_car_spread_a_deterministic
57.7211,-0.11996,0.0019,0.0000,0.04004,0.04006,0.40497,-1.0,1.0000,-29.7482,0.4741,-11.3246,154.061,ppo_car_spread_a_deterministic
57.7411,-0.11996,0.0019,0.0000,0.03484,0.03485,0.40329,1.0,1.0000,-29.7479,0.4741,-11.3252,154.057,ppo_car_spread_a_deterministic
57.7611,-0.11996,0.0019,0.0000,0.03543,0.03544,0.36451,1.0,1.0000,-29.7476,0.4741,-11.3258,154.060,ppo_car_spread_a_deterministic
57.7811,-0.11996,0.0019,0.0000,0.03905,0.03906,0.25452,1.0,1.0000,-29.7472,0.4741,-11.3265,154.058,ppo_car_spread_a_deterministic
57.8011,-0.11952,0.0042,0.0000,0.04350,0.04352,0.28973,1.0,1.0000,-29.7468,0.4741,-11.3273,154.054,ppo_car_spread_a_deterministic
57.8211,-0.11952,0.0042,0.0000,0.03973,0.03974,0.18465,2.2,1.0000,-29.7464,0.4741,-11.3280,154.054,ppo_car_spread_a_deterministic
57.8411,-0.11952,0.0042,0.0000,0.04139,0.04140,0.39247,2.2,1.0000,-29.7461,0.4741,-11.3287,154.054,ppo_car_spread_a_deterministic
57.8611,-0.11952,0.0042,0.0000,0.03893,0.03894,0.31964,2.2,1.0000,-29.7457,0.4741,-11.3294,154.052,ppo_car_spread_a_deterministic
57.8811,-0.11916,0.0000,0.0011,0.04322,0.04323,0.05822,2.2,1.0000,-29.7453,0.4741,-11.3302,154.051,ppo_car_spread_a_deterministic
57.9011,-0.11916,0.0000,0.0011,0.04373,0.04374,0.29336,-0.2,1.0000,-29.7449,0.4741,-11.3310,154.046,ppo_car_spread_a_deterministic
57.9211,-0.11916,0.0000,0.0011,0.03830,0.03831,0.37248,-0.2,1.0000,-29.7445,0.4741,-11.3316,154.045,ppo_car_spread_a_deterministic
57.9411,-0.11916,0.0000,0.0011,0.04227,0.04228,0.22469,-0.2,1.0000,-29.7441,0.4741,-11.3324,154.047,ppo_car_spread_a_deterministic
57.9611,-0.11981,0.0025,0.0000,0.04124,0.04126,0.24012,-0.2,1.0000,-29.7438,0.4741,-11.3331,154.046,ppo_car_spread_a_deterministic
57.9811,-0.11981,0.0025,0.0000,0.04352,0.04353,0.24735,1.3,1.0000,-29.7434,0.4741,-11.3339,154.048,ppo_car_spread_a_deterministic
58.0011,-0.11981,0.0025,0.0000,0.03635,0.03637,0.40472,1.3,1.0000,-29.7430,0.4741,-11.3345,154.049,ppo_car_spread_a_deterministic
58.0211,-0.11981,0.0025,0.0000,0.04349,0.04350,0.32782,1.3,1.0000,-29.7426,0.4741,-11.3353,154.049,ppo_car_spread_a_deterministic
58.0411,-0.11977,0.0037,0.0000,0.04210,0.04211,0.15286,1.3,1.0000,-29.7422,0.4741,-11.3361,154.050,ppo_car_spread_a_deterministic
58.0611,-0.11977,0.0037,0.0000,0.04748,0.04750,0.20399,1.9,1.0000,-29.7418,0.4741,-11.3369,154.050,ppo_car_spread_a_deterministic
58.0811,-0.11977,0.0037,0.0000,0.04446,0.04448,0.27686,1.9,1.0000,-29.7414,0.4741,-11.3377,154.047,ppo_car_spread_a_deterministic
58.1011,-0.11977,0.0037,0.0000,0.04619,0.04620,0.29090,1.9,1.0000,-29.7410,0.4741,-11.3385,154.044,ppo_car_spread_a_deterministic
58.1211,-0.11953,0.0000,0.0030,0.04130,0.04131,0.36611,1.9,1.0000,-29.7406,0.4741,-11.3392,154.045,ppo_car_spread_a_deterministic
58.1411,-0.11953,0.0000,0.0030,0.04460,0.04462,0.16331,-0.6,1.0000,-29.7402,0.4741,-11.3400,154.045,ppo_car_spread_a_deterministic
58.1611,-0.11953,0.0000,0.0030,0.03889,0.03890,0.37048,-0.6,1.0000,-29.7398,0.4741,-11.3407,154.047,ppo_car_spread_a_deterministic
58.1811,-0.11953,0.0000,0.0030,0.04544,0.04545,0.13245,-0.6,1.0000,-29.7394,0.4741,-11.3415,154.044,ppo_car_spread_a_deterministic
58.2011,-0.11940,0.0009,0.0000,0.03945,0.03946,0.26304,-0.6,1.0000,-29.7390,0.4741,-11.3422,154.043,ppo_car_spread_a_deterministic
58.2211,-0.11940,0.0009,0.0000,0.04845,0.04847,0.26493,0.5,1.0000,-29.7386,0.4741,-11.3431,154.041,ppo_car_spread_a_deterministic
58.2411,-0.11940,0.0009,0.0000,0.04795,0.04796,0.27930,0.5,1.0000,-29.7381,0.4741,-11.3440,154.038,ppo_car_spread_a_deterministic
58.2611,-0.11940,0.0009,0.0000,0.04680,0.04682,0.28914,0.5,1.0000,-29.7377,0.4741,-11.3448,154.041,ppo_car_spread_a_deterministic
58.2811,-0.11920,0.0000,0.0064,0.04048,0.04050,0.36654,0.5,1.0000,-29.7373,0.4741,-11.3455,154.039,ppo_car_spread_a_deterministic
58.3011,-0.11920,0.0000,0.0064,0.03980,0.03981,0.40702,-1.4,1.0000,-29.7370,0.4741,-11.3462,154.036,ppo_car_spread_a_deterministic
58.3211,-0.11920,0.0000,0.0064,0.05078,0.05080,0.28125,-1.4,1.0000,-29.7365,0.4741,-11.3471,154.036,ppo_car_spread_a_deterministic
58.3411,-0.11920,0.0000,0.0064,0.04365,0.04367,0.39708,-1.4,1.0000,-29.7361,0.4741,-11.3479,154.040,ppo_car_spread_a_deterministic
58.3612,-0.11862,0.0000,0.0099,0.03963,0.03965,0.38679,-1.4,1.0000,-29.7357,0.4741,-11.3486,154.037,ppo_car_spread_a_deterministic
58.3812,-0.11862,0.0000,0.0099,0.04389,0.04391,0.32538,-2.1,1.0000,-29.7353,0.4741,-11.3494,154.036,ppo_car_spread_a_deterministic
58.4012,-0.11862,0.0000,0.0099,0.04606,0.04607,0.27167,-2.1,1.0000,-29.7349,0.4741,-11.3502,154.036,ppo_car_spread_a_deterministic
58.4212,-0.11862,0.0000,0.0099,0.04155,0.04156,0.21388,-2.1,1.0000,-29.7345,0.4741,-11.3509,154.034,ppo_car_spread_a_deterministic
58.4412,-0.11876,0.0000,0.0056,0.04388,0.04389,0.22445,-2.1,1.0000,-29.7341,0.4741,-11.3517,154.034,ppo_car_spread_a_deterministic
58.4612,-0.11876,0.0000,0.0056,0.04267,0.04268,0.18411,-1.2,1.0000,-29.7337,0.4741,-11.3524,154.033,ppo_car_spread_a_deterministic
58.4812,-0.11876,0.0000,0.0056,0.03896,0.03897,0.35029,-1.2,1.0000,-29.7334,0.4741,-11.3531,154.035,ppo_car_spread_a_deterministic
58.5012,-0.11876,0.0000,0.0056,0.04549,0.04551,0.21866,-1.2,1.0000,-29.7330,0.4741,-11.3539,154.035,ppo_car_spread_a_deterministic
58.5212,-0.11922,0.0009,0.0000,0.03758,0.03759,0.18617,-1.2,1.0000,-29.7326,0.4741,-11.3546,154.035,ppo_car_spread_a_deterministic
58.5412,-0.11922,0.0009,0.0000,0.03884,0.03885,0.19724,0.5,1.0000,-29.7323,0.4741,-11.3553,154.036,ppo_car_spread_a_deterministic
58.5612,-0.11922,0.0009,0.0000,0.04268,0.04269,0.29615,0.5,1.0000,-29.7319,0.4741,-11.3561,154.037,ppo_car_spread_a_deterministic
58.5812,-0.11922,0.0009,0.0000,0.04270,0.04272,0.25082,0.5,1.0000,-29.7315,0.4741,-11.3568,154.034,ppo_car_spread_a_deterministic
58.6012,-0.11904,0.0000,0.0025,0.04120,0.04122,0.29110,0.5,1.0000,-29.7311,0.4741,-11.3575,154.030,ppo_car_spread_a_deterministic
58.6212,-0.11904,0.0000,0.0025,0.03891,0.03893,0.36177,-0.5,1.0000,-29.7307,0.4741,-11.3582,154.027,ppo_car_spread_a_deterministic
58.6412,-0.11904,0.0000,0.0025,0.03686,0.03687,0.29424,-0.5,1.0000,-29.7304,0.4741,-11.3589,154.028,ppo_car_spread_a_deterministic
58.6612,-0.11904,0.0000,0.0025,0.03879,0.03879,0.40580,-0.5,1.0000,-29.7300,0.4741,-11.3596,154.028,ppo_car_spread_a_deterministic
58.6812,-0.11953,0.0029,0.0000,0.04503,0.04505,0.26744,-0.5,1.0000,-29.7296,0.4741,-11.3604,154.027,ppo_car_spread_a_deterministic
58.7012,-0.11953,0.0029,0.0000,0.04153,0.04155,0.34159,1.5,1.0000,-29.7292,0.4741,-11.3611,154.024,ppo_car_spread_a_deterministic
58.7212,-0.11953,0.0029,0.0000,0.04178,0.04179,0.30837,1.5,1.0000,-29.7289,0.4741,-11.3619,154.024,ppo_car_spread_a_deterministic
58.7412,-0.11953,0.0029,0.0000,0.04877,0.04879,0.29822,1.5,1.0000,-29.7284,0.4741,-11.3627,154.022,ppo_car_spread_a_deterministic
58.7612,-0.11935,0.0000,0.0011,0.04391,0.04393,0.10644,1.5,1.0000,-29.7280,0.4741,-11.3635,154.020,ppo_car_spread_a_deterministic
58.7812,-0.11935,0.0000,0.0011,0.04675,0.04677,0.28303,-0.2,1.0000,-29.7276,0.4741,-11.3644,154.021,ppo_car_spread_a_deterministic
58.8012,-0.11935,0.0000,0.0011,0.04231,0.04232,0.35972,-0.2,1.0000,-29.7272,0.4741,-11.3651,154.021,ppo_car_spread_a_deterministic
58.8212,-0.11935,0.0000,0.0011,0.04010,0.04012,0.29051,-0.2,1.0000,-29.7268,0.4741,-11.3658,154.021,ppo_car_spread_a_deterministic
58.8412,-0.11939,0.0000,0.0019,0.03827,0.03828,0.23554,-0.2,1.0000,-29.7265,0.4741,-11.3665,154.019,ppo_car_spread_a_deterministic
58.8612,-0.11939,0.0000,0.0019,0.03509,0.03510,0.27631,-0.4,1.0000,-29.7261,0.4741,-11.3671,154.019,ppo_car_spread_a_deterministic
58.8812,-0.11939,0.0000,0.0019,0.03795,0.03796,0.23883,-0.4,1.0000,-29.7258,0.4741,-11.3678,154.017,ppo_car_spread_a_deterministic
58.9012,-0.11939,0.0000,0.0019,0.04613,0.04615,0.24610,-0.4,1.0000,-29.7254,0.4741,-11.3686,154.016,ppo_car_spread_a_deterministic
58.9212,-0.11939,0.0000,0.0019,0.03982,0.03983,0.40140,-0.4,1.0000,-29.7250,0.4741,-11.3693,154.017,ppo_car_spread_a_deterministic
58.9412,-0.12001,0.0029,0.0000,0.04140,0.04141,0.11336,-0.4,1.0000,-29.7246,0.4741,-11.3700,154.017,ppo_car_spread_a_deterministic
58.9612,-0.12001,0.0029,0.0000,0.04187,0.04188,0.25360,1.5,1.0000,-29.7242,0.4741,-11.3708,154.014,ppo_car_spread_a_deterministic
58.9812,-0.12001,0.0029,0.0000,0.04419,0.04420,0.35352,1.5,1.0000,-29.7238,0.4741,-11.3716,154.009,ppo_car_spread_a_deterministic
59.0012,-0.11983,0.0000,0.0006,0.04212,0.04214,0.34934,1.5,1.0000,-29.7234,0.4741,-11.3723,154.011,ppo_car_spread_a_deterministic
59.0212,-0.11983,0.0000,0.0006,0.03538,0.03539,0.39027,-0.1,1.0000,-29.7231,0.4741,-11.3729,154.011,ppo_car_spread_a_deterministic
59.0412,-0.11983,0.0000,0.0006,0.04495,0.04497,0.29151,-0.1,1.0000,-29.7227,0.4741,-11.3737,154.007,ppo_car_spread_a_deterministic
59.0612,-0.11983,0.0000,0.0006,0.04329,0.04330,0.37810,-0.1,1.0000,-29.7223,0.4741,-11.3745,154.008,ppo_car_spread_a_deterministic
59.0812,-0.11991,0.0000,0.0029,0.03706,0.03707,0.38869,-0.1,1.0000,-29.7219,0.4741,-11.3752,154.010,ppo_car_spread_a_deterministic
59.1012,-0.11991,0.0000,0.0029,0.03799,0.03801,0.37530,-0.6,1.0000,-29.7216,0.4741,-11.3758,154.006,ppo_car_spread_a_deterministic
59.1212,-0.11991,0.0000,0.0029,0.04005,0.04006,0.37856,-0.6,1.0000,-29.7212,0.4741,-11.3766,154.009,ppo_car_spread_a_deterministic
59.1412,-0.11991,0.0000,0.0029,0.03783,0.03785,0.40056,-0.6,1.0000,-29.7209,0.4741,-11.3772,154.007,ppo_car_spread_a_deterministic
59.1612,-0.11991,0.0000,0.0029,0.04034,0.04036,0.15840,-0.6,1.0000,-29.7205,0.4741,-11.3779,154.005,ppo_car_spread_a_deterministic
59.1812,-0.11946,0.0000,0.0004,0.04143,0.04145,0.40307,-0.6,1.0000,-29.7201,0.4741,-11.3787,154.003,ppo_car_spread_a_deterministic
59.2012,-0.11946,0.0000,0.0004,0.03685,0.03687,0.30850,-0.1,1.0000,-29.7198,0.4741,-11.3793,154.004,ppo_car_spread_a_deterministic
59.2212,-0.11946,0.0000,0.0004,0.03938,0.03939,0.28731,-0.1,1.0000,-29.7194,0.4741,-11.3800,154.005,ppo_car_spread_a_deterministic
59.2412,-0.11982,0.0030,0.0000,0.03767,0.03768,0.20076,-0.1,1.0000,-29.7191,0.4741,-11.3807,154.005,ppo_car_spread_a_deterministic
59.2612,-0.11982,0.0030,0.0000,0.04179,0.04180,0.25303,1.6,1.0000,-29.7187,0.4741,-11.3814,154.004,ppo_car_spread_a_deterministic
59.2812,-0.11982,0.0030,0.0000,0.04650,0.04651,0.26940,1.6,1.0000,-29.7183,0.4741,-11.3823,154.003,ppo_car_spread_a_deterministic
59.3012,-0.11982,0.0030,0.0000,0.04143,0.04143,0.35637,1.6,1.0000,-29.7179,0.4741,-11.3830,154.000,ppo_car_spread_a_deterministic
59.3212,-0.11928,0.0000,0.0056,0.04396,0.04398,0.24669,1.6,1.0000,-29.7175,0.4741,-11.3838,154.000,ppo_car_spread_a_deterministic
59.3412,-0.11928,0.0000,0.0056,0.04202,0.04203,0.26917,-1.2,1.0000,-29.7171,0.4741,-11.3845,153.997,ppo_car_spread_a_deterministic
59.3612,-0.11928,0.0000,0.0056,0.04324,0.04326,0.11158,-1.2,1.0000,-29.7167,0.4741,-11.3853,153.998,ppo_car_spread_a_deterministic
59.3812,-0.11928,0.0000,0.0056,0.04318,0.04320,0.25617,-1.2,1.0000,-29.7163,0.4741,-11.3861,154.000,ppo_car_spread_a_deterministic
59.4012,-0.11934,0.0000,0.0030,0.04397,0.04398,0.17373,-1.2,1.0000,-29.7159,0.4741,-11.3869,154.001,ppo_car_spread_a_deterministic
59.4212,-0.11934,0.0000,0.0030,0.03704,0.03705,0.30051,-0.6,1.0000,-29.7155,0.4741,-11.3875,154.002,ppo_car_spread_a_deterministic
59.4412,-0.11934,0.0000,0.0030,0.04423,0.04425,0.15851,-0.6,1.0000,-29.7151,0.4741,-11.3883,154.002,ppo_car_spread_a_deterministic
59.4612,-0.11934,0.0000,0.0030,0.04265,0.04266,0.40412,-0.6,1.0000,-29.7147,0.4741,-11.3891,153.999,ppo_car_spread_a_deterministic
59.4812,-0.11934,0.0000,0.0030,0.04634,0.04635,0.27793,-0.6,1.0000,-29.7143,0.4741,-11.3899,153.997,ppo_car_spread_a_deterministic
59.5012,-0.11934,0.0000,0.0030,0.04327,0.04328,0.28710,-0.6,1.0000,-29.7139,0.4741,-11.3906,153.998,ppo_car_spread_a_deterministic
59.5212,-0.11934,0.0000,0.0030,0.04333,0.04334,0.26219,-0.6,1.0000,-29.7135,0.4741,-11.3914,154.000,ppo_car_spread_a_deterministic
59.5412,-0.11934,0.0000,0.0030,0.04416,0.04418,0.24425,-0.6,1.0000,-29.7131,0.4741,-11.3922,154.002,ppo_car_spread_a_deterministic
59.5612,-0.11934,0.0000,0.0030,0.03292,0.03293,0.31846,-0.6,1.0000,-29.7128,0.4741,-11.3928,154.000,ppo_car_spread_a_deterministic
59.5812,-0.11934,0.0000,0.0030,0.03993,0.03995,0.10438,-0.6,1.0000,-29.7124,0.4741,-11.3935,153.999,ppo_car_spread_a_deterministic
59.6012,-0.11934,0.0000,0.0030,0.03981,0.03982,0.38383,-0.6,1.0000,-29.7121,0.4741,-11.3942,153.996,ppo_car_spread_a_deterministic
59.6212,-0.11934,0.0000,0.0030,0.04024,0.04025,0.25170,-0.6,1.0000,-29.7117,0.4741,-11.3949,153.995,ppo_car_spread_a_deterministic
59.6412,-0.12008,0.0015,0.0000,0.03436,0.03437,0.35778,-0.6,1.0000,-29.7114,0.4741,-11.3955,153.998,ppo_car_spread_a_deterministic
59.6612,-0.12008,0.0015,0.0000,0.04322,0.04324,0.28842,0.8,1.0000,-29.7110,0.4741,-11.3963,153.992,ppo_car_spread_a_deterministic
59.6812,-0.12008,0.0015,0.0000,0.03825,0.03827,0.30399,0.8,1.0000,-29.7106,0.4741,-11.3969,153.988,ppo_car_spread_a_deterministic
59.7012,-0.12008,0.0015,0.0000,0.04319,0.04321,0.24754,0.8,1.0000,-29.7102,0.4741,-11.3977,153.986,ppo_car_spread_a_deterministic
59.7212,-0.12055,0.0033,0.0000,0.03651,0.03652,0.21829,0.8,1.0000,-29.7099,0.4741,-11.3984,153.985,ppo_car_spread_a_deterministic
59.7412,-0.12055,0.0033,0.0000,0.04399,0.04401,0.32768,1.8,1.0000,-29.7095,0.4741,-11.3991,153.982,ppo_car_spread_a_deterministic
59.7612,-0.12055,0.0033,0.0000,0.03950,0.03952,0.16179,1.8,1.0000,-29.7091,0.4741,-11.3998,153.982,ppo_car_spread_a_deterministic
59.7812,-0.12055,0.0033,0.0000,0.04110,0.04112,0.24787,1.8,1.0000,-29.7087,0.4741,-11.4006,153.984,ppo_car_spread_a_deterministic
59.8012,-0.12003,0.0011,0.0000,0.04480,0.04482,0.27043,1.8,1.0000,-29.7083,0.4741,-11.4014,153.984,ppo_car_spread_a_deterministic
59.8212,-0.12003,0.0011,0.0000,0.03944,0.03946,0.18334,0.6,1.0000,-29.7079,0.4741,-11.4021,153.982,ppo_car_spread_a_deterministic
59.8412,-0.12003,0.0011,0.0000,0.04420,0.04422,0.36018,0.6,1.0000,-29.7075,0.4741,-11.4029,153.984,ppo_car_spread_a_deterministic
59.8612,-0.12003,0.0011,0.0000,0.04161,0.04163,0.21636,0.6,1.0000,-29.7071,0.4741,-11.4036,153.980,ppo_car_spread_a_deterministic
59.8812,-0.11931,0.0000,0.0041,0.04006,0.04007,0.38018,0.6,1.0000,-29.7068,0.4741,-11.4043,153.982,ppo_car_spread_a_deterministic
59.9012,-0.11931,0.0000,0.0041,0.04281,0.04282,0.24339,-0.9,1.0000,-29.7064,0.4741,-11.4051,153.978,ppo_car_spread_a_deterministic
59.9212,-0.11931,0.0000,0.0041,0.04598,0.04599,0.27181,-0.9,1.0000,-29.7060,0.4741,-11.4059,153.979,ppo_car_spread_a_deterministic
59.9412,-0.11931,0.0000,0.0041,0.04049,0.04050,0.35022,-0.9,1.0000,-29.7056,0.4741,-11.4066,153.977,ppo_car_spread_a_deterministic
59.9612,-0.11918,0.0000,0.0056,0.04671,0.04673,0.24998,-0.9,1.0000,-29.7051,0.4741,-11.4074,153.974,ppo_car_spread_a_deterministic
59.9812,-0.11918,0.0000,0.0056,0.04516,0.04518,0.27026,-1.2,1.0000,-29.7047,0.4741,-11.4082,153.973,ppo_car_spread_a_deterministic
