t,steering,throttle,brake,speed,speed_mag,wheel_ms,motor_nm,headroom,x,y,z,yaw_deg,source
0.0200,0.00000,0.0000,0.0000,0.00000,0.00000,0.00019,0.0,1.0000,-23.2879,0.5000,-4.8903,150.873,ppo_car_spread_a_deterministic
0.0400,0.00000,0.0000,0.0000,0.00001,0.00001,0.00001,0.0,1.0000,-23.2879,0.5037,-4.8903,150.873,ppo_car_spread_a_deterministic
0.0600,0.00000,0.0000,0.0000,0.00001,0.00001,0.00001,0.0,1.0000,-23.2879,0.5055,-4.8903,150.873,ppo_car_spread_a_deterministic
0.0800,-0.04197,0.0230,0.0000,0.00001,0.00001,0.00001,0.0,1.0000,-23.2879,0.5057,-4.8903,150.873,ppo_car_spread_a_deterministic
0.1000,-0.12319,0.0230,0.0000,0.00177,0.00177,0.22657,12.1,1.0000,-23.2879,0.5048,-4.8904,150.876,ppo_car_spread_a_deterministic
0.1200,-0.12319,0.0230,0.0000,0.00352,0.00352,0.24678,12.1,1.0000,-23.2878,0.5030,-4.8904,150.874,ppo_car_spread_a_deterministic
0.1400,-0.12319,0.0230,0.0000,0.00776,0.00776,0.24500,12.1,1.0000,-23.2877,0.5006,-4.8906,150.872,ppo_car_spread_a_deterministic
0.1600,-0.14403,0.0385,0.0000,0.00934,0.00934,0.07064,12.1,1.0000,-23.2876,0.4978,-4.8907,150.871,ppo_car_spread_a_deterministic
0.1800,-0.14403,0.0385,0.0000,0.01316,0.01316,0.05734,20.2,1.0000,-23.2875,0.4948,-4.8910,150.870,ppo_car_spread_a_deterministic
0.2000,-0.14403,0.0385,0.0000,0.01687,0.01686,0.38211,20.2,1.0000,-23.2873,0.4918,-4.8913,150.871,ppo_car_spread_a_deterministic
0.2200,-0.14403,0.0385,0.0000,0.02159,0.02159,0.30255,20.2,1.0000,-23.2871,0.4889,-4.8917,150.870,ppo_car_spread_a_deterministic
0.2400,-0.14573,0.0278,0.0000,0.03007,0.03006,0.31611,20.2,1.0000,-23.2868,0.4862,-4.8922,150.869,ppo_car_spread_a_deterministic
0.2600,-0.14573,0.0278,0.0000,0.02408,0.02409,0.33652,14.6,1.0000,-23.2865,0.4836,-4.8926,150.868,ppo_car_spread_a_deterministic
0.2800,-0.14573,0.0278,0.0000,0.02765,0.02765,0.17913,14.6,1.0000,-23.2863,0.4813,-4.8931,150.869,ppo_car_spread_a_deterministic
0.3000,-0.14573,0.0278,0.0000,0.03332,0.03332,0.36269,14.6,1.0000,-23.2859,0.4793,-4.8937,150.866,ppo_car_spread_a_deterministic
0.3200,-0.14489,0.0172,0.0000,0.03898,0.03898,0.28603,14.6,1.0000,-23.2855,0.4776,-4.8943,150.865,ppo_car_spread_a_deterministic
0.3400,-0.14489,0.0172,0.0000,0.03412,0.03413,0.43519,9.0,1.0000,-23.2851,0.4762,-4.8949,150.865,ppo_car_spread_a_deterministic
0.3600,-0.14489,0.0172,0.0000,0.04102,0.04104,0.29146,9.0,1.0000,-23.2847,0.4750,-4.8956,150.864,ppo_car_spread_a_deterministic
0.3800,-0.14489,0.0172,0.0000,0.04436,0.04438,0.32409,9.0,1.0000,-23.2843,0.4741,-4.8964,150.863,ppo_car_spread_a_deterministic
0.4000,-0.14396,0.0042,0.0000,0.03576,0.03577,0.38408,9.0,1.0000,-23.2839,0.4734,-4.8970,150.864,ppo_car_spread_a_deterministic
0.4200,-0.14396,0.0042,0.0000,0.04257,0.04260,0.42748,2.2,1.0000,-23.2834,0.4729,-4.8977,150.864,ppo_car_spread_a_deterministic
0.4400,-0.14396,0.0042,0.0000,0.04607,0.04609,0.23615,2.2,1.0000,-23.2830,0.4725,-4.8985,150.860,ppo_car_spread_a_deterministic
0.4600,-0.14396,0.0042,0.0000,0.04441,0.04443,0.28010,2.2,1.0000,-23.2825,0.4723,-4.8993,150.858,ppo_car_spread_a_deterministic
0.4800,-0.14394,0.0000,0.0000,0.04458,0.04460,0.26569,2.2,1.0000,-23.2821,0.4722,-4.9000,150.860,ppo_car_spread_a_deterministic
0.5000,-0.14394,0.0000,0.0000,0.04348,0.04350,0.28274,0.0,1.0000,-23.2816,0.4722,-4.9008,150.861,ppo_car_spread_a_deterministic
0.5200,-0.14394,0.0000,0.0000,0.04863,0.04866,0.25963,0.0,1.0000,-23.2811,0.4723,-4.9016,150.859,ppo_car_spread_a_deterministic
0.5400,-0.14394,0.0000,0.0000,0.04682,0.04685,0.28146,0.0,1.0000,-23.2806,0.4724,-4.9024,150.854,ppo_car_spread_a_deterministic
0.5600,-0.14340,0.0000,0.0030,0.04112,0.04114,0.21757,0.0,1.0000,-23.2802,0.4725,-4.9031,150.852,ppo_car_spread_a_deterministic
0.5800,-0.14340,0.0000,0.0030,0.04255,0.04258,0.37824,-0.6,1.0000,-23.2798,0.4727,-4.9038,150.854,ppo_car_spread_a_deterministic
0.6000,-0.14340,0.0000,0.0030,0.04292,0.04294,0.09672,-0.6,1.0000,-23.2794,0.4729,-4.9045,150.854,ppo_car_spread_a_deterministic
0.6200,-0.14340,0.0000,0.0030,0.03992,0.03994,0.39479,-0.6,1.0000,-23.2790,0.4730,-4.9052,150.850,ppo_car_spread_a_deterministic
0.6400,-0.14333,0.0019,0.0000,0.04795,0.04797,0.28685,-0.6,1.0000,-23.2785,0.4732,-4.9060,150.849,ppo_car_spread_a_deterministic
0.6600,-0.14333,0.0019,0.0000,0.03914,0.03917,0.35559,1.0,1.0000,-23.2781,0.4734,-4.9067,150.850,ppo_car_spread_a_deterministic
0.6800,-0.14333,0.0019,0.0000,0.04793,0.04796,0.23419,1.0,1.0000,-23.2776,0.4735,-4.9075,150.847,ppo_car_spread_a_deterministic
0.7000,-0.14333,0.0019,0.0000,0.03814,0.03816,0.40571,1.0,1.0000,-23.2772,0.4737,-4.9082,150.845,ppo_car_spread_a_deterministic
0.7200,-0.14364,0.0000,0.0021,0.04317,0.04319,0.28344,1.0,1.0000,-23.2768,0.4738,-4.9089,150.846,ppo_car_spread_a_deterministic
0.7400,-0.14364,0.0000,0.0021,0.04635,0.04637,0.17277,-0.4,1.0000,-23.2763,0.4739,-4.9097,150.846,ppo_car_spread_a_deterministic
0.7600,-0.14364,0.0000,0.0021,0.04243,0.04245,0.19349,-0.4,1.0000,-23.2758,0.4740,-4.9104,150.846,ppo_car_spread_a_deterministic
0.7800,-0.14364,0.0000,0.0021,0.04174,0.04176,0.17926,-0.4,1.0000,-23.2754,0.4740,-4.9111,150.843,ppo_car_spread_a_deterministic
0.8000,-0.14365,0.0025,0.0000,0.04212,0.04214,0.14083,-0.4,1.0000,-23.2750,0.4741,-4.9119,150.841,ppo_car_spread_a_deterministic
0.8200,-0.14365,0.0025,0.0000,0.04552,0.04555,0.28883,1.3,1.0000,-23.2745,0.4741,-4.9126,150.837,ppo_car_spread_a_deterministic
0.8400,-0.14365,0.0025,0.0000,0.04541,0.04543,0.24035,1.3,1.0000,-23.2740,0.4742,-4.9134,150.835,ppo_car_spread_a_deterministic
0.8600,-0.14365,0.0025,0.0000,0.04125,0.04127,0.37320,1.3,1.0000,-23.2736,0.4742,-4.9141,150.831,ppo_car_spread_a_deterministic
0.8800,-0.14378,0.0001,0.0000,0.04063,0.04065,0.35257,1.3,1.0000,-23.2732,0.4742,-4.9148,150.834,ppo_car_spread_a_deterministic
0.9000,-0.14378,0.0001,0.0000,0.04528,0.04530,0.21536,0.1,1.0000,-23.2727,0.4742,-4.9156,150.834,ppo_car_spread_a_deterministic
0.9200,-0.14378,0.0001,0.0000,0.04266,0.04268,0.26615,0.1,1.0000,-23.2723,0.4742,-4.9163,150.834,ppo_car_spread_a_deterministic
0.9400,-0.14378,0.0001,0.0000,0.03921,0.03923,0.37523,0.1,1.0000,-23.2719,0.4742,-4.9170,150.835,ppo_car_spread_a_deterministic
0.9600,-0.14365,0.0022,0.0000,0.04440,0.04443,0.27217,0.1,1.0000,-23.2714,0.4742,-4.9178,150.835,ppo_car_spread_a_deterministic
0.9800,-0.14365,0.0022,0.0000,0.03939,0.03942,0.40516,1.2,1.0000,-23.2710,0.4742,-4.9184,150.836,ppo_car_spread_a_deterministic
1.0000,-0.14365,0.0022,0.0000,0.04593,0.04595,0.10453,1.2,1.0000,-23.2705,0.4742,-4.9192,150.835,ppo_car_spread_a_deterministic
1.0200,-0.14365,0.0022,0.0000,0.04676,0.04678,0.27583,1.2,1.0000,-23.2701,0.4742,-4.9200,150.836,ppo_car_spread_a_deterministic
1.0400,-0.14361,0.0000,0.0006,0.04625,0.04627,0.28355,1.2,1.0000,-23.2696,0.4742,-4.9208,150.834,ppo_car_spread_a_deterministic
1.0600,-0.14361,0.0000,0.0006,0.04457,0.04459,0.15033,-0.1,1.0000,-23.2691,0.4741,-4.9216,150.834,ppo_car_spread_a_deterministic
1.0800,-0.14361,0.0000,0.0006,0.04735,0.04737,0.28242,-0.1,1.0000,-23.2686,0.4741,-4.9224,150.831,ppo_car_spread_a_deterministic
1.1000,-0.14361,0.0000,0.0006,0.03753,0.03754,0.40790,-0.1,1.0000,-23.2683,0.4741,-4.9231,150.830,ppo_car_spread_a_deterministic
1.1200,-0.14374,0.0000,0.0017,0.04422,0.04424,0.17274,-0.1,1.0000,-23.2678,0.4741,-4.9238,150.829,ppo_car_spread_a_deterministic
1.1400,-0.14374,0.0000,0.0017,0.04219,0.04221,0.22990,-0.4,1.0000,-23.2674,0.4741,-4.9246,150.826,ppo_car_spread_a_deterministic
1.1600,-0.14374,0.0000,0.0017,0.04487,0.04489,0.29520,-0.4,1.0000,-23.2669,0.4741,-4.9253,150.823,ppo_car_spread_a_deterministic
1.1800,-0.14374,0.0000,0.0017,0.04970,0.04973,0.23217,-0.4,1.0000,-23.2664,0.4741,-4.9262,150.821,ppo_car_spread_a_deterministic
1.2000,-0.14423,0.0010,0.0000,0.04702,0.04704,0.23224,-0.4,1.0000,-23.2659,0.4741,-4.9270,150.822,ppo_car_spread_a_deterministic
1.2200,-0.14423,0.0010,0.0000,0.04832,0.04834,0.38763,0.5,1.0000,-23.2654,0.4741,-4.9278,150.824,ppo_car_spread_a_deterministic
1.2400,-0.14423,0.0010,0.0000,0.04260,0.04263,0.33344,0.5,1.0000,-23.2650,0.4741,-4.9285,150.823,ppo_car_spread_a_deterministic
1.2600,-0.14423,0.0010,0.0000,0.04099,0.04101,0.38051,0.5,1.0000,-23.2645,0.4741,-4.9292,150.825,ppo_car_spread_a_deterministic
1.2800,-0.14420,0.0027,0.0000,0.04309,0.04311,0.23573,0.5,1.0000,-23.2641,0.4741,-4.9300,150.824,ppo_car_spread_a_deterministic
1.3000,-0.14420,0.0027,0.0000,0.04820,0.04822,0.28343,1.4,1.0000,-23.2636,0.4741,-4.9308,150.823,ppo_car_spread_a_deterministic
1.3200,-0.14420,0.0027,0.0000,0.04393,0.04395,0.18570,1.4,1.0000,-23.2632,0.4741,-4.9316,150.820,ppo_car_spread_a_deterministic
1.3400,-0.14420,0.0027,0.0000,0.04339,0.04341,0.34474,1.4,1.0000,-23.2627,0.4741,-4.9323,150.817,ppo_car_spread_a_deterministic
1.3600,-0.14418,0.0017,0.0000,0.04443,0.04445,0.20788,1.4,1.0000,-23.2622,0.4741,-4.9331,150.816,ppo_car_spread_a_deterministic
1.3800,-0.14418,0.0017,0.0000,0.04931,0.04934,0.27071,0.9,1.0000,-23.2617,0.4741,-4.9339,150.813,ppo_car_spread_a_deterministic
1.4000,-0.14418,0.0017,0.0000,0.04892,0.04895,0.40834,0.9,1.0000,-23.2612,0.4741,-4.9348,150.816,ppo_car_spread_a_deterministic
1.4200,-0.14418,0.0017,0.0000,0.04860,0.04862,0.23077,0.9,1.0000,-23.2607,0.4741,-4.9356,150.816,ppo_car_spread_a_deterministic
1.4400,-0.14282,0.0000,0.0049,0.04497,0.04499,0.20887,0.9,1.0000,-23.2603,0.4741,-4.9364,150.815,ppo_car_spread_a_deterministic
1.4600,-0.14282,0.0000,0.0049,0.04999,0.05001,0.23155,-1.0,1.0000,-23.2597,0.4741,-4.9372,150.813,ppo_car_spread_a_deterministic
1.4800,-0.14282,0.0000,0.0049,0.04742,0.04744,0.24227,-1.0,1.0000,-23.2593,0.4741,-4.9380,150.810,ppo_car_spread_a_deterministic
1.5000,-0.14282,0.0000,0.0049,0.04780,0.04782,0.16354,-1.0,1.0000,-23.2588,0.4741,-4.9389,150.811,ppo_car_spread_a_deterministic
1.5200,-0.14389,0.0000,0.0019,0.04929,0.04931,0.26977,-1.0,1.0000,-23.2583,0.4741,-4.9397,150.808,ppo_car_spread_a_deterministic
1.5400,-0.14389,0.0000,0.0019,0.03743,0.03745,0.40623,-0.4,1.0000,-23.2579,0.4741,-4.9403,150.806,ppo_car_spread_a_deterministic
1.5600,-0.14389,0.0000,0.0019,0.04048,0.04050,0.28036,-0.4,1.0000,-23.2575,0.4741,-4.9410,150.805,ppo_car_spread_a_deterministic
1.5800,-0.14389,0.0000,0.0019,0.04607,0.04609,0.20328,-0.4,1.0000,-23.2570,0.4741,-4.9418,150.806,ppo_car_spread_a_deterministic
1.6000,-0.14431,0.0047,0.0000,0.04389,0.04391,0.40741,-0.4,1.0000,-23.2565,0.4741,-4.9426,150.799,ppo_car_spread_a_deterministic
1.6200,-0.14431,0.0047,0.0000,0.04381,0.04383,0.29196,2.5,1.0000,-23.2561,0.4741,-4.9433,150.795,ppo_car_spread_a_deterministic
1.6400,-0.14431,0.0047,0.0000,0.04148,0.04150,0.35764,2.5,1.0000,-23.2557,0.4741,-4.9440,150.792,ppo_car_spread_a_deterministic
1.6600,-0.14431,0.0047,0.0000,0.04253,0.04255,0.39128,2.5,1.0000,-23.2552,0.4741,-4.9448,150.790,ppo_car_spread_a_deterministic
1.6800,-0.14468,0.0043,0.0000,0.04689,0.04691,0.25832,2.5,1.0000,-23.2548,0.4741,-4.9456,150.790,ppo_car_spread_a_deterministic
1.7000,-0.14468,0.0043,0.0000,0.04619,0.04621,0.29825,2.3,1.0000,-23.2543,0.4741,-4.9464,150.791,ppo_car_spread_a_deterministic
1.7200,-0.14468,0.0043,0.0000,0.04870,0.04873,0.15868,2.3,1.0000,-23.2538,0.4741,-4.9472,150.789,ppo_car_spread_a_deterministic
1.7400,-0.14468,0.0043,0.0000,0.04602,0.04605,0.18011,2.3,1.0000,-23.2533,0.4741,-4.9480,150.790,ppo_car_spread_a_deterministic
1.7600,-0.14392,0.0000,0.0031,0.04960,0.04963,0.17355,2.3,1.0000,-23.2528,0.4741,-4.9488,150.790,ppo_car_spread_a_deterministic
1.7800,-0.14392,0.0000,0.0031,0.05061,0.05063,0.24972,-0.7,1.0000,-23.2523,0.4741,-4.9497,150.787,ppo_car_spread_a_deterministic
1.8000,-0.14392,0.0000,0.0031,0.05189,0.05191,0.27346,-0.7,1.0000,-23.2517,0.4741,-4.9506,150.787,ppo_car_spread_a_deterministic
1.8200,-0.14392,0.0000,0.0031,0.05576,0.05578,0.27798,-0.7,1.0000,-23.2511,0.4741,-4.9516,150.784,ppo_car_spread_a_deterministic
1.8400,-0.14316,0.0000,0.0068,0.04493,0.04495,0.41068,-0.7,1.0000,-23.2507,0.4741,-4.9523,150.788,ppo_car_spread_a_deterministic
1.8600,-0.14316,0.0000,0.0068,0.05094,0.05097,0.24159,-1.4,1.0000,-23.2502,0.4741,-4.9532,150.785,ppo_car_spread_a_deterministic
1.8800,-0.14316,0.0000,0.0068,0.04634,0.04637,0.40666,-1.4,1.0000,-23.2497,0.4741,-4.9540,150.784,ppo_car_spread_a_deterministic
1.9000,-0.14316,0.0000,0.0068,0.04270,0.04272,0.34748,-1.4,1.0000,-23.2492,0.4741,-4.9547,150.781,ppo_car_spread_a_deterministic
1.9200,-0.14390,0.0000,0.0013,0.05534,0.05537,0.26687,-1.4,1.0000,-23.2487,0.4741,-4.9557,150.780,ppo_car_spread_a_deterministic
1.9400,-0.14390,0.0000,0.0013,0.04807,0.04809,0.38848,-0.3,1.0000,-23.2482,0.4741,-4.9565,150.778,ppo_car_spread_a_deterministic
1.9600,-0.14390,0.0000,0.0013,0.04701,0.04703,0.36255,-0.3,1.0000,-23.2477,0.4741,-4.9573,150.779,ppo_car_spread_a_deterministic
1.9800,-0.14390,0.0000,0.0013,0.04789,0.04791,0.24474,-0.3,1.0000,-23.2472,0.4741,-4.9581,150.781,ppo_car_spread_a_deterministic
2.0000,-0.14353,0.0000,0.0024,0.04913,0.04915,0.23481,-0.3,1.0000,-23.2467,0.4741,-4.9590,150.783,ppo_car_spread_a_deterministic
2.0200,-0.14353,0.0000,0.0024,0.05196,0.05199,0.21568,-0.5,1.0000,-23.2462,0.4741,-4.9599,150.783,ppo_car_spread_a_deterministic
2.0400,-0.14353,0.0000,0.0024,0.05316,0.05319,0.27857,-0.5,1.0000,-23.2456,0.4741,-4.9608,150.780,ppo_car_spread_a_deterministic
2.0600,-0.14353,0.0000,0.0024,0.04879,0.04881,0.13550,-0.5,1.0000,-23.2451,0.4741,-4.9616,150.778,ppo_car_spread_a_deterministic
2.0800,-0.14388,0.0000,0.0073,0.04687,0.04690,0.36366,-0.5,1.0000,-23.2446,0.4741,-4.9624,150.779,ppo_car_spread_a_deterministic
2.1000,-0.14388,0.0000,0.0073,0.04540,0.04542,0.24334,-1.5,1.0000,-23.2441,0.4741,-4.9632,150.778,ppo_car_spread_a_deterministic
2.1200,-0.14388,0.0000,0.0073,0.04160,0.04162,0.40936,-1.5,1.0000,-23.2437,0.4741,-4.9639,150.774,ppo_car_spread_a_deterministic
2.1400,-0.14388,0.0000,0.0073,0.04321,0.04323,0.41302,-1.5,1.0000,-23.2433,0.4741,-4.9646,150.775,ppo_car_spread_a_deterministic
2.1600,-0.14523,0.0046,0.0000,0.04506,0.04509,0.37609,-1.5,1.0000,-23.2428,0.4741,-4.9654,150.775,ppo_car_spread_a_deterministic
2.1800,-0.14523,0.0046,0.0000,0.04878,0.04881,0.22618,2.4,1.0000,-23.2423,0.4741,-4.9662,150.776,ppo_car_spread_a_deterministic
2.2000,-0.14523,0.0046,0.0000,0.05071,0.05073,0.24169,2.4,1.0000,-23.2418,0.4741,-4.9671,150.775,ppo_car_spread_a_deterministic
2.2200,-0.14523,0.0046,0.0000,0.04854,0.04857,0.28104,2.4,1.0000,-23.2413,0.4741,-4.9679,150.774,ppo_car_spread_a_deterministic
2.2400,-0.14374,0.0000,0.0054,0.05192,0.05194,0.21556,2.4,1.0000,-23.2407,0.4741,-4.9688,150.773,ppo_car_spread_a_deterministic
2.2600,-0.14374,0.0000,0.0054,0.04949,0.04951,0.27594,-1.1,1.0000,-23.2402,0.4741,-4.9697,150.775,ppo_car_spread_a_deterministic
2.2800,-0.14374,0.0000,0.0054,0.04517,0.04519,0.26138,-1.1,1.0000,-23.2398,0.4741,-4.9705,150.773,ppo_car_spread_a_deterministic
2.3000,-0.14374,0.0000,0.0054,0.03888,0.03890,0.33191,-1.1,1.0000,-23.2394,0.4741,-4.9711,150.772,ppo_car_spread_a_deterministic
2.3200,-0.14464,0.0005,0.0000,0.05351,0.05354,0.24893,-1.1,1.0000,-23.2388,0.4741,-4.9720,150.769,ppo_car_spread_a_deterministic
2.3400,-0.14464,0.0005,0.0000,0.04895,0.04897,0.17707,0.3,1.0000,-23.2383,0.4741,-4.9729,150.767,ppo_car_spread_a_deterministic
2.3600,-0.14464,0.0005,0.0000,0.04728,0.04730,0.25001,0.3,1.0000,-23.2378,0.4741,-4.9737,150.764,ppo_car_spread_a_deterministic
2.3800,-0.14464,0.0005,0.0000,0.05006,0.05009,0.35632,0.3,1.0000,-23.2373,0.4741,-4.9746,150.759,ppo_car_spread_a_deterministic
2.4000,-0.14460,0.0000,0.0014,0.05181,0.05183,0.26855,0.3,1.0000,-23.2368,0.4741,-4.9755,150.757,ppo_car_spread_a_deterministic
2.4200,-0.14460,0.0000,0.0014,0.04687,0.04690,0.37180,-0.3,1.0000,-23.2363,0.4741,-4.9763,150.756,ppo_car_spread_a_deterministic
2.4400,-0.14460,0.0000,0.0014,0.04633,0.04636,0.19648,-0.3,1.0000,-23.2358,0.4741,-4.9770,150.754,ppo_car_spread_a_deterministic
2.4600,-0.14460,0.0000,0.0014,0.04611,0.04613,0.17177,-0.3,1.0000,-23.2353,0.4741,-4.9778,150.753,ppo_car_spread_a_deterministic
2.4800,-0.14442,0.0000,0.0008,0.04490,0.04491,0.27117,-0.3,1.0000,-23.2349,0.4741,-4.9786,150.753,ppo_car_spread_a_deterministic
2.5000,-0.14442,0.0000,0.0008,0.05164,0.05167,0.32353,-0.2,1.0000,-23.2343,0.4741,-4.9795,150.748,ppo_car_spread_a_deterministic
2.5200,-0.14442,0.0000,0.0008,0.04336,0.04338,0.30193,-0.2,1.0000,-23.2339,0.4741,-4.9802,150.746,ppo_car_spread_a_deterministic
2.5400,-0.14442,0.0000,0.0008,0.04997,0.04999,0.28579,-0.2,1.0000,-23.2334,0.4741,-4.9811,150.745,ppo_car_spread_a_deterministic
2.5600,-0.14499,0.0024,0.0000,0.04767,0.04769,0.30383,-0.2,1.0000,-23.2329,0.4741,-4.9819,150.741,ppo_car_spread_a_deterministic
2.5800,-0.14499,0.0024,0.0000,0.04330,0.04332,0.39381,1.2,1.0000,-23.2324,0.4741,-4.9826,150.738,ppo_car_spread_a_deterministic
2.6000,-0.14499,0.0024,0.0000,0.04080,0.04082,0.41262,1.2,1.0000,-23.2320,0.4741,-4.9833,150.737,ppo_car_spread_a_deterministic
2.6200,-0.14499,0.0024,0.0000,0.05088,0.05090,0.23253,1.2,1.0000,-23.2315,0.4741,-4.9842,150.739,ppo_car_spread_a_deterministic
2.6400,-0.14500,0.0045,0.0000,0.04093,0.04095,0.41020,1.2,1.0000,-23.2311,0.4741,-4.9849,150.736,ppo_car_spread_a_deterministic
2.6600,-0.14500,0.0045,0.0000,0.05183,0.05185,0.22309,2.3,1.0000,-23.2305,0.4741,-4.9858,150.734,ppo_car_spread_a_deterministic
2.6800,-0.14500,0.0045,0.0000,0.05167,0.05169,0.24693,2.3,1.0000,-23.2300,0.4741,-4.9867,150.731,ppo_car_spread_a_deterministic
2.7000,-0.14500,0.0045,0.0000,0.04336,0.04339,0.34609,2.3,1.0000,-23.2296,0.4741,-4.9874,150.730,ppo_car_spread_a_deterministic
2.7200,-0.14445,0.0000,0.0058,0.05285,0.05287,0.26438,2.3,1.0000,-23.2290,0.4741,-4.9884,150.727,ppo_car_spread_a_deterministic
2.7400,-0.14445,0.0000,0.0058,0.04673,0.04675,0.41393,-1.2,1.0000,-23.2285,0.4741,-4.9892,150.727,ppo_car_spread_a_deterministic
2.7600,-0.14445,0.0000,0.0058,0.04466,0.04468,0.36699,-1.2,1.0000,-23.2281,0.4741,-4.9899,150.727,ppo_car_spread_a_deterministic
2.7800,-0.14445,0.0000,0.0058,0.04320,0.04322,0.37575,-1.2,1.0000,-23.2276,0.4741,-4.9907,150.726,ppo_car_spread_a_deterministic
2.8000,-0.14443,0.0003,0.0000,0.04861,0.04863,0.39460,-1.2,1.0000,-23.2271,0.4741,-4.9915,150.726,ppo_car_spread_a_deterministic
2.8200,-0.14443,0.0003,0.0000,0.04555,0.04558,0.34820,0.1,1.0000,-23.2267,0.4741,-4.9923,150.723,ppo_car_spread_a_deterministic
2.8400,-0.14443,0.0003,0.0000,0.04366,0.04369,0.33592,0.1,1.0000,-23.2262,0.4741,-4.9930,150.720,ppo_car_spread_a_deterministic
2.8600,-0.14443,0.0003,0.0000,0.04712,0.04715,0.40770,0.1,1.0000,-23.2257,0.4741,-4.9938,150.720,ppo_car_spread_a_deterministic
2.8800,-0.14523,0.0021,0.0000,0.05307,0.05310,0.28228,0.1,1.0000,-23.2252,0.4741,-4.9947,150.722,ppo_car_spread_a_deterministic
2.9000,-0.14523,0.0021,0.0000,0.04658,0.04660,0.29901,1.1,1.0000,-23.2247,0.4741,-4.9955,150.722,ppo_car_spread_a_deterministic
2.9200,-0.14523,0.0021,0.0000,0.05176,0.05179,0.27874,1.1,1.0000,-23.2241,0.4741,-4.9964,150.720,ppo_car_spread_a_deterministic
2.9400,-0.14523,0.0021,0.0000,0.04868,0.04870,0.31931,1.1,1.0000,-23.2236,0.4741,-4.9973,150.719,ppo_car_spread_a_deterministic
2.9600,-0.14450,0.0000,0.0062,0.04260,0.04262,0.39123,1.1,1.0000,-23.2232,0.4741,-4.9980,150.718,ppo_car_spread_a_deterministic
2.9800,-0.14450,0.0000,0.0062,0.05388,0.05391,0.21917,-1.3,1.0000,-23.2226,0.4741,-4.9989,150.717,ppo_car_spread_a_deterministic
3.0000,-0.14450,0.0000,0.0062,0.05019,0.05021,0.20853,-1.3,1.0000,-23.2221,0.4741,-4.9998,150.715,ppo_car_spread_a_deterministic
3.0200,-0.14450,0.0000,0.0062,0.05140,0.05143,0.26123,-1.3,1.0000,-23.2216,0.4741,-5.0007,150.714,ppo_car_spread_a_deterministic
3.0400,-0.14434,0.0000,0.0046,0.05291,0.05294,0.28052,-1.3,1.0000,-23.2210,0.4741,-5.0016,150.714,ppo_car_spread_a_deterministic
3.0600,-0.14434,0.0000,0.0046,0.04944,0.04947,0.35336,-1.0,1.0000,-23.2205,0.4741,-5.0024,150.710,ppo_car_spread_a_deterministic
3.0800,-0.14434,0.0000,0.0046,0.04732,0.04735,0.22079,-1.0,1.0000,-23.2200,0.4741,-5.0032,150.707,ppo_car_spread_a_deterministic
3.1000,-0.14434,0.0000,0.0046,0.04743,0.04746,0.36036,-1.0,1.0000,-23.2195,0.4741,-5.0040,150.706,ppo_car_spread_a_deterministic
3.1200,-0.14505,0.0000,0.0015,0.04052,0.04054,0.39644,-1.0,1.0000,-23.2191,0.4741,-5.0047,150.707,ppo_car_spread_a_deterministic
3.1400,-0.14505,0.0000,0.0015,0.04853,0.04855,0.31371,-0.3,1.0000,-23.2186,0.4741,-5.0055,150.708,ppo_car_spread_a_deterministic
3.1600,-0.14505,0.0000,0.0015,0.04646,0.04648,0.37757,-0.3,1.0000,-23.2181,0.4741,-5.0063,150.706,ppo_car_spread_a_deterministic
3.1800,-0.14505,0.0000,0.0015,0.05101,0.05103,0.25324,-0.3,1.0000,-23.2176,0.4741,-5.0072,150.706,ppo_car_spread_a_deterministic
3.2000,-0.14484,0.0000,0.0009,0.05522,0.05524,0.28161,-0.3,1.0000,-23.2170,0.4741,-5.0082,150.704,ppo_car_spread_a_deterministic
3.2200,-0.14484,0.0000,0.0009,0.04617,0.04620,0.23724,-0.2,1.0000,-23.2166,0.4741,-5.0090,150.705,ppo_car_spread_a_deterministic
3.2400,-0.14484,0.0000,0.0009,0.04327,0.04329,0.29444,-0.2,1.0000,-23.2161,0.4741,-5.0097,150.705,ppo_car_spread_a_deterministic
3.2600,-0.14484,0.0000,0.0009,0.04872,0.04874,0.30503,-0.2,1.0000,-23.2156,0.4741,-5.0105,150.705,ppo_car_spread_a_deterministic
3.2800,-0.14493,0.0017,0.0000,0.04476,0.04478,0.39149,-0.2,1.0000,-23.2152,0.4741,-5.0113,150.701,ppo_car_spread_a_deterministic
3.3000,-0.14493,0.0017,0.0000,0.05022,0.05024,0.34658,0.9,1.0000,-23.2146,0.4741,-5.0122,150.696,ppo_car_spread_a_deterministic
3.3200,-0.14493,0.0017,0.0000,0.04813,0.04815,0.30926,0.9,1.0000,-23.2141,0.4741,-5.0130,150.697,ppo_car_spread_a_deterministic
3.3400,-0.14493,0.0017,0.0000,0.04943,0.04945,0.25885,0.9,1.0000,-23.2136,0.4741,-5.0138,150.697,ppo_car_spread_a_deterministic
3.3600,-0.14412,0.0000,0.0034,0.04344,0.04346,0.41102,0.9,1.0000,-23.2132,0.4741,-5.0146,150.696,ppo_car_spread_a_deterministic
3.3800,-0.14412,0.0000,0.0034,0.05147,0.05149,0.24780,-0.7,1.0000,-23.2127,0.4741,-5.0155,150.694,ppo_car_spread_a_deterministic
3.4000,-0.14412,0.0000,0.0034,0.05194,0.05197,0.21307,-0.7,1.0000,-23.2121,0.4741,-5.0164,150.691,ppo_car_spread_a_deterministic
3.4200,-0.14412,0.0000,0.0034,0.05255,0.05258,0.26630,-0.7,1.0000,-23.2116,0.4741,-5.0173,150.691,ppo_car_spread_a_deterministic
3.4400,-0.14451,0.0000,0.0063,0.04643,0.04645,0.10950,-0.7,1.0000,-23.2111,0.4741,-5.0180,150.689,ppo_car_spread_a_deterministic
3.4600,-0.14451,0.0000,0.0063,0.04522,0.04524,0.40144,-1.3,1.0000,-23.2106,0.4741,-5.0188,150.687,ppo_car_spread_a_deterministic
3.4800,-0.14451,0.0000,0.0063,0.04785,0.04787,0.02833,-1.3,1.0000,-23.2101,0.4741,-5.0196,150.686,ppo_car_spread_a_deterministic
3.5000,-0.14451,0.0000,0.0063,0.04682,0.04684,0.16364,-1.3,1.0000,-23.2096,0.4741,-5.0204,150.683,ppo_car_spread_a_deterministic
3.5200,-0.14488,0.0000,0.0024,0.04348,0.04350,0.34308,-1.3,1.0000,-23.2092,0.4741,-5.0212,150.681,ppo_car_spread_a_deterministic
3.5400,-0.14488,0.0000,0.0024,0.04748,0.04750,0.14041,-0.5,1.0000,-23.2087,0.4741,-5.0220,150.681,ppo_car_spread_a_deterministic
3.5600,-0.14488,0.0000,0.0024,0.04370,0.04372,0.35029,-0.5,1.0000,-23.2083,0.4741,-5.0227,150.681,ppo_car_spread_a_deterministic
3.5800,-0.14488,0.0000,0.0024,0.04513,0.04515,0.15464,-0.5,1.0000,-23.2078,0.4741,-5.0235,150.681,ppo_car_spread_a_deterministic
3.6000,-0.14497,0.0012,0.0000,0.04307,0.04309,0.31228,-0.5,1.0000,-23.2073,0.4741,-5.0242,150.683,ppo_car_spread_a_deterministic
3.6200,-0.14497,0.0012,0.0000,0.04746,0.04747,0.30785,0.6,1.0000,-23.2069,0.4741,-5.0251,150.682,ppo_car_spread_a_deterministic
3.6400,-0.14497,0.0012,0.0000,0.04358,0.04361,0.39223,0.6,1.0000,-23.2064,0.4741,-5.0258,150.680,ppo_car_spread_a_deterministic
3.6600,-0.14497,0.0012,0.0000,0.04480,0.04482,0.22626,0.6,1.0000,-23.2059,0.4741,-5.0266,150.681,ppo_car_spread_a_deterministic
3.6800,-0.14554,0.0021,0.0000,0.04654,0.04656,0.17619,0.6,1.0000,-23.2055,0.4741,-5.0274,150.682,ppo_car_spread_a_deterministic
3.7000,-0.14554,0.0021,0.0000,0.04555,0.04557,0.39836,1.1,1.0000,-23.2050,0.4741,-5.0282,150.685,ppo_car_spread_a_deterministic
3.7200,-0.14554,0.0021,0.0000,0.04561,0.04563,0.14712,1.1,1.0000,-23.2045,0.4741,-5.0289,150.684,ppo_car_spread_a_deterministic
3.7400,-0.14554,0.0021,0.0000,0.04889,0.04891,0.25946,1.1,1.0000,-23.2040,0.4741,-5.0298,150.680,ppo_car_spread_a_deterministic
3.7600,-0.14511,0.0000,0.0003,0.04707,0.04710,0.18100,1.1,1.0000,-23.2035,0.4741,-5.0306,150.677,ppo_car_spread_a_deterministic
3.7800,-0.14511,0.0000,0.0003,0.05445,0.05448,0.27798,-0.1,1.0000,-23.2030,0.4741,-5.0315,150.673,ppo_car_spread_a_deterministic
3.8000,-0.14511,0.0000,0.0003,0.04063,0.04065,0.37795,-0.1,1.0000,-23.2025,0.4741,-5.0322,150.669,ppo_car_spread_a_deterministic
3.8200,-0.14511,0.0000,0.0003,0.04729,0.04731,0.21528,-0.1,1.0000,-23.2020,0.4741,-5.0330,150.671,ppo_car_spread_a_deterministic
3.8400,-0.14626,0.0055,0.0000,0.04696,0.04698,0.28226,-0.1,1.0000,-23.2016,0.4741,-5.0338,150.673,ppo_car_spread_a_deterministic
3.8600,-0.14626,0.0055,0.0000,0.05024,0.05026,0.22679,2.9,1.0000,-23.2010,0.4741,-5.0347,150.671,ppo_car_spread_a_deterministic
3.8800,-0.14626,0.0055,0.0000,0.04965,0.04968,0.17141,2.9,1.0000,-23.2005,0.4741,-5.0356,150.669,ppo_car_spread_a_deterministic
3.9000,-0.14626,0.0055,0.0000,0.05201,0.05204,0.12582,2.9,1.0000,-23.2000,0.4741,-5.0364,150.669,ppo_car_spread_a_deterministic
3.9200,-0.14516,0.0000,0.0040,0.05219,0.05222,0.15387,2.9,1.0000,-23.1994,0.4741,-5.0373,150.669,ppo_car_spread_a_deterministic
3.9400,-0.14516,0.0000,0.0040,0.04743,0.04746,0.41173,-0.8,1.0000,-23.1989,0.4741,-5.0382,150.673,ppo_car_spread_a_deterministic
3.9600,-0.14516,0.0000,0.0040,0.04864,0.04866,0.37919,-0.8,1.0000,-23.1984,0.4741,-5.0390,150.674,ppo_car_spread_a_deterministic
3.9800,-0.14516,0.0000,0.0040,0.04512,0.04514,0.27271,-0.8,1.0000,-23.1980,0.4741,-5.0398,150.673,ppo_car_spread_a_deterministic
4.0000,-0.14449,0.0000,0.0038,0.04790,0.04793,0.39448,-0.8,1.0000,-23.1975,0.4741,-5.0406,150.673,ppo_car_spread_a_deterministic
4.0200,-0.14449,0.0000,0.0038,0.04736,0.04738,0.40508,-0.8,1.0000,-23.1970,0.4741,-5.0414,150.675,ppo_car_spread_a_deterministic
4.0400,-0.14449,0.0000,0.0038,0.04925,0.04927,0.22150,-0.8,1.0000,-23.1965,0.4741,-5.0422,150.674,ppo_car_spread_a_deterministic
4.0600,-0.14449,0.0000,0.0038,0.05230,0.05233,0.28152,-0.8,1.0000,-23.1960,0.4741,-5.0431,150.674,ppo_car_spread_a_deterministic
4.0800,-0.14488,0.0000,0.0038,0.04633,0.04635,0.41196,-0.8,1.0000,-23.1955,0.4741,-5.0439,150.674,ppo_car_spread_a_deterministic
4.1000,-0.14488,0.0000,0.0038,0.05221,0.05223,0.23281,-0.8,1.0000,-23.1949,0.4741,-5.0448,150.674,ppo_car_spread_a_deterministic
4.1200,-0.14488,0.0000,0.0038,0.04658,0.04659,0.41142,-0.8,1.0000,-23.1945,0.4741,-5.0456,150.673,ppo_car_spread_a_deterministic
4.1400,-0.14488,0.0000,0.0038,0.04923,0.04926,0.21963,-0.8,1.0000,-23.1939,0.4741,-5.0465,150.674,ppo_car_spread_a_deterministic
4.1600,-0.14493,0.0000,0.0013,0.04877,0.04880,0.16602,-0.8,1.0000,-23.1934,0.4741,-5.0473,150.675,ppo_car_spread_a_deterministic
4.1800,-0.14493,0.0000,0.0013,0.05226,0.05229,0.27463,-0.3,1.0000,-23.1929,0.4741,-5.0482,150.676,ppo_car_spread_a_deterministic
4.2000,-0.14493,0.0000,0.0013,0.04792,0.04794,0.15690,-0.3,1.0000,-23.1924,0.4741,-5.0490,150.676,ppo_car_spread_a_deterministic
4.2200,-0.14493,0.0000,0.0013,0.04523,0.04525,0.31123,-0.3,1.0000,-23.1919,0.4741,-5.0498,150.672,ppo_car_spread_a_deterministic
4.2400,-0.14480,0.0000,0.0029,0.04263,0.04265,0.40432,-0.3,1.0000,-23.1915,0.4741,-5.0505,150.669,ppo_car_spread_a_deterministic
4.2600,-0.14480,0.0000,0.0029,0.05120,0.05123,0.28120,-0.6,1.0000,-23.1910,0.4741,-5.0514,150.666,ppo_car_spread_a_deterministic
4.2800,-0.14480,0.0000,0.0029,0.04375,0.04377,0.32132,-0.6,1.0000,-23.1905,0.4741,-5.0521,150.663,ppo_car_spread_a_deterministic
4.3000,-0.14480,0.0000,0.0029,0.04933,0.04936,0.20469,-0.6,1.0000,-23.1900,0.4741,-5.0530,150.664,ppo_car_spread_a_deterministic
4.3200,-0.14578,0.0019,0.0000,0.04682,0.04685,0.29680,-0.6,1.0000,-23.1895,0.4741,-5.0538,150.665,ppo_car_spread_a_deterministic
4.3400,-0.14578,0.0019,0.0000,0.04912,0.04915,0.25711,1.0,1.0000,-23.1890,0.4741,-5.0546,150.668,ppo_car_spread_a_deterministic
4.3600,-0.14578,0.0019,0.0000,0.04054,0.04057,0.38767,1.0,1.0000,-23.1886,0.4741,-5.0553,150.667,ppo_car_spread_a_deterministic
4.3800,-0.14578,0.0019,0.0000,0.05060,0.05063,0.25729,1.0,1.0000,-23.1881,0.4741,-5.0562,150.664,ppo_car_spread_a_deterministic
4.4000,-0.14603,0.0049,0.0000,0.05191,0.05194,0.27012,1.0,1.0000,-23.1875,0.4741,-5.0571,150.663,ppo_car_spread_a_deterministic
4.4200,-0.14603,0.0049,0.0000,0.04942,0.04945,0.19490,2.6,1.0000,-23.1870,0.4741,-5.0579,150.660,ppo_car_spread_a_deterministic
4.4400,-0.14603,0.0049,0.0000,0.04275,0.04277,0.41060,2.6,1.0000,-23.1866,0.4741,-5.0586,150.655,ppo_car_spread_a_deterministic
4.4600,-0.14603,0.0049,0.0000,0.04764,0.04766,0.30272,2.6,1.0000,-23.1861,0.4741,-5.0595,150.653,ppo_car_spread_a_deterministic
4.4800,-0.14663,0.0037,0.0000,0.05724,0.05727,0.25963,2.6,1.0000,-23.1855,0.4741,-5.0604,150.650,ppo_car_spread_a_deterministic
4.5000,-0.14663,0.0037,0.0000,0.04803,0.04806,0.24376,2.0,1.0000,-23.1850,0.4741,-5.0613,150.651,ppo_car_spread_a_deterministic
4.5200,-0.14663,0.0037,0.0000,0.05043,0.05045,0.27102,2.0,1.0000,-23.1845,0.4741,-5.0621,150.648,ppo_car_spread_a_deterministic
4.5400,-0.14663,0.0037,0.0000,0.05332,0.05335,0.21787,2.0,1.0000,-23.1839,0.4741,-5.0630,150.647,ppo_car_spread_a_deterministic
4.5600,-0.14566,0.0000,0.0042,0.05053,0.05056,0.40103,2.0,1.0000,-23.1834,0.4741,-5.0639,150.642,ppo_car_spread_a_deterministic
4.5800,-0.14566,0.0000,0.0042,0.04791,0.04793,0.27755,-0.9,1.0000,-23.1829,0.4741,-5.0647,150.643,ppo_car_spread_a_deterministic
4.6000,-0.14566,0.0000,0.0042,0.04958,0.04960,0.17574,-0.9,1.0000,-23.1824,0.4741,-5.0656,150.642,ppo_car_spread_a_deterministic
4.6200,-0.14566,0.0000,0.0042,0.04944,0.04946,0.22082,-0.9,1.0000,-23.1819,0.4741,-5.0664,150.642,ppo_car_spread_a_deterministic
4.6400,-0.14522,0.0000,0.0040,0.05189,0.05191,0.30330,-0.9,1.0000,-23.1813,0.4741,-5.0673,150.642,ppo_car_spread_a_deterministic
4.6600,-0.14522,0.0000,0.0040,0.05040,0.05043,0.26082,-0.8,1.0000,-23.1808,0.4741,-5.0682,150.640,ppo_car_spread_a_deterministic
4.6800,-0.14522,0.0000,0.0040,0.05199,0.05202,0.26067,-0.8,1.0000,-23.1803,0.4741,-5.0691,150.638,ppo_car_spread_a_deterministic
4.7000,-0.14522,0.0000,0.0040,0.04681,0.04682,0.41243,-0.8,1.0000,-23.1798,0.4741,-5.0699,150.636,ppo_car_spread_a_deterministic
4.7200,-0.14531,0.0000,0.0060,0.04969,0.04971,0.25034,-0.8,1.0000,-23.1793,0.4741,-5.0707,150.636,ppo_car_spread_a_deterministic
4.7400,-0.14531,0.0000,0.0060,0.05410,0.05413,0.27955,-1.3,1.0000,-23.1787,0.4741,-5.0717,150.634,ppo_car_spread_a_deterministic
4.7600,-0.14531,0.0000,0.0060,0.05119,0.05122,0.26019,-1.3,1.0000,-23.1782,0.4741,-5.0725,150.634,ppo_car_spread_a_deterministic
4.7800,-0.14531,0.0000,0.0060,0.05085,0.05088,0.41008,-1.3,1.0000,-23.1777,0.4741,-5.0734,150.635,ppo_car_spread_a_deterministic
4.8000,-0.14472,0.0000,0.0062,0.04620,0.04623,0.35035,-1.3,1.0000,-23.1772,0.4741,-5.0742,150.633,ppo_car_spread_a_deterministic
4.8200,-0.14472,0.0000,0.0062,0.05038,0.05041,0.23990,-1.3,1.0000,-23.1767,0.4741,-5.0750,150.635,ppo_car_spread_a_deterministic
4.8400,-0.14472,0.0000,0.0062,0.04932,0.04934,0.18207,-1.3,1.0000,-23.1762,0.4741,-5.0759,150.632,ppo_car_spread_a_deterministic
4.8600,-0.14472,0.0000,0.0062,0.04671,0.04673,0.25604,-1.3,1.0000,-23.1757,0.4741,-5.0767,150.632,ppo_car_spread_a_deterministic
4.8800,-0.14557,0.0000,0.0034,0.04570,0.04573,0.38461,-1.3,1.0000,-23.1752,0.4741,-5.0775,150.630,ppo_car_spread_a_deterministic
4.9000,-0.14557,0.0000,0.0034,0.04399,0.04402,0.23932,-0.7,1.0000,-23.1747,0.4741,-5.0782,150.629,ppo_car_spread_a_deterministic
4.9200,-0.14557,0.0000,0.0034,0.04935,0.04938,0.24199,-0.7,1.0000,-23.1742,0.4741,-5.0791,150.628,ppo_car_spread_a_deterministic
4.9400,-0.14557,0.0000,0.0034,0.04940,0.04943,0.07296,-0.7,1.0000,-23.1737,0.4741,-5.0799,150.627,ppo_car_spread_a_deterministic
4.9600,-0.14562,0.0000,0.0038,0.05291,0.05294,0.28467,-0.7,1.0000,-23.1732,0.4741,-5.0808,150.624,ppo_car_spread_a_deterministic
4.9800,-0.14562,0.0000,0.0038,0.04543,0.04546,0.38096,-0.8,1.0000,-23.1727,0.4741,-5.0816,150.620,ppo_car_spread_a_deterministic
5.0000,-0.14562,0.0000,0.0038,0.04986,0.04989,0.25019,-0.8,1.0000,-23.1722,0.4741,-5.0824,150.620,ppo_car_spread_a_deterministic
5.0200,-0.14562,0.0000,0.0038,0.04779,0.04781,0.18318,-0.8,1.0000,-23.1717,0.4741,-5.0833,150.617,ppo_car_spread_a_deterministic
5.0400,-0.14521,0.0000,0.0046,0.04704,0.04706,0.21129,-0.8,1.0000,-23.1712,0.4741,-5.0841,150.614,ppo_car_spread_a_deterministic
5.0600,-0.14521,0.0000,0.0046,0.04752,0.04755,0.30139,-1.0,1.0000,-23.1707,0.4741,-5.0849,150.608,ppo_car_spread_a_deterministic
5.0800,-0.14521,0.0000,0.0046,0.04946,0.04948,0.27530,-1.0,1.0000,-23.1702,0.4741,-5.0857,150.604,ppo_car_spread_a_deterministic
5.1000,-0.14521,0.0000,0.0046,0.04916,0.04919,0.21176,-1.0,1.0000,-23.1697,0.4741,-5.0866,150.601,ppo_car_spread_a_deterministic
5.1200,-0.14618,0.0000,0.0031,0.04314,0.04316,0.38682,-1.0,1.0000,-23.1692,0.4741,-5.0873,150.600,ppo_car_spread_a_deterministic
5.1400,-0.14618,0.0000,0.0031,0.04305,0.04307,0.24221,-0.7,1.0000,-23.1688,0.4741,-5.0880,150.599,ppo_car_spread_a_deterministic
5.1600,-0.14618,0.0000,0.0031,0.04947,0.04950,0.28674,-0.7,1.0000,-23.1683,0.4741,-5.0889,150.597,ppo_car_spread_a_deterministic
5.1800,-0.14618,0.0000,0.0031,0.05183,0.05186,0.27662,-0.7,1.0000,-23.1677,0.4741,-5.0898,150.598,ppo_car_spread_a_deterministic
5.2000,-0.14599,0.0000,0.0037,0.04519,0.04522,0.18682,-0.7,1.0000,-23.1673,0.4741,-5.0905,150.597,ppo_car_spread_a_deterministic
5.2200,-0.14599,0.0000,0.0037,0.04298,0.04301,0.26461,-0.8,1.0000,-23.1668,0.4741,-5.0913,150.597,ppo_car_spread_a_deterministic
5.2400,-0.14599,0.0000,0.0037,0.03758,0.03760,0.40040,-0.8,1.0000,-23.1664,0.4741,-5.0919,150.597,ppo_car_spread_a_deterministic
5.2600,-0.14599,0.0000,0.0037,0.04754,0.04756,0.26539,-0.8,1.0000,-23.1659,0.4741,-5.0927,150.598,ppo_car_spread_a_deterministic
5.2800,-0.14667,0.0075,0.0000,0.04357,0.04359,0.35355,-0.8,1.0000,-23.1655,0.4741,-5.0935,150.599,ppo_car_spread_a_deterministic
5.3000,-0.14667,0.0075,0.0000,0.04063,0.04065,0.39709,3.9,1.0000,-23.1651,0.4741,-5.0942,150.599,ppo_car_spread_a_deterministic
5.3200,-0.14667,0.0075,0.0000,0.04201,0.04203,0.19963,3.9,1.0000,-23.1646,0.4741,-5.0949,150.597,ppo_car_spread_a_deterministic
5.3400,-0.14667,0.0075,0.0000,0.05074,0.05077,0.29909,3.9,1.0000,-23.1641,0.4741,-5.0958,150.594,ppo_car_spread_a_deterministic
5.3600,-0.14665,0.0037,0.0000,0.05030,0.05033,0.25248,3.9,1.0000,-23.1636,0.4741,-5.0966,150.590,ppo_car_spread_a_deterministic
5.3800,-0.14665,0.0037,0.0000,0.04295,0.04298,0.40089,1.9,1.0000,-23.1631,0.4741,-5.0974,150.591,ppo_car_spread_a_deterministic
5.4000,-0.14665,0.0037,0.0000,0.04805,0.04807,0.40575,1.9,1.0000,-23.1626,0.4741,-5.0982,150.586,ppo_car_spread_a_deterministic
5.4200,-0.14665,0.0037,0.0000,0.04962,0.04965,0.40719,1.9,1.0000,-23.1621,0.4741,-5.0990,150.585,ppo_car_spread_a_deterministic
5.4400,-0.14697,0.0000,0.0013,0.05184,0.05186,0.38725,1.9,1.0000,-23.1616,0.4741,-5.0999,150.582,ppo_car_spread_a_deterministic
5.4600,-0.14697,0.0000,0.0013,0.04505,0.04508,0.33229,-0.3,1.0000,-23.1611,0.4741,-5.1007,150.580,ppo_car_spread_a_deterministic
5.4800,-0.14697,0.0000,0.0013,0.04502,0.04504,0.40466,-0.3,1.0000,-23.1606,0.4741,-5.1015,150.576,ppo_car_spread_a_deterministic
5.5000,-0.14697,0.0000,0.0013,0.05325,0.05328,0.22412,-0.3,1.0000,-23.1601,0.4741,-5.1024,150.574,ppo_car_spread_a_deterministic
5.5200,-0.14718,0.0014,0.0000,0.04869,0.04871,0.18561,-0.3,1.0000,-23.1596,0.4741,-5.1032,150.572,ppo_car_spread_a_deterministic
5.5400,-0.14718,0.0014,0.0000,0.05073,0.05076,0.31786,0.7,1.0000,-23.1590,0.4741,-5.1041,150.571,ppo_car_spread_a_deterministic
5.5600,-0.14718,0.0014,0.0000,0.05316,0.05319,0.24360,0.7,1.0000,-23.1585,0.4741,-5.1050,150.569,ppo_car_spread_a_deterministic
5.5800,-0.14718,0.0014,0.0000,0.05068,0.05071,0.22893,0.7,1.0000,-23.1579,0.4741,-5.1059,150.566,ppo_car_spread_a_deterministic
5.6000,-0.14613,0.0000,0.0072,0.05440,0.05443,0.28444,0.7,1.0000,-23.1574,0.4741,-5.1068,150.567,ppo_car_spread_a_deterministic
5.6200,-0.14613,0.0000,0.0072,0.05388,0.05391,0.25423,-1.5,1.0000,-23.1568,0.4741,-5.1077,150.566,ppo_car_spread_a_deterministic
5.6400,-0.14613,0.0000,0.0072,0.05175,0.05178,0.21531,-1.5,1.0000,-23.1563,0.4741,-5.1086,150.567,ppo_car_spread_a_deterministic
5.6600,-0.14613,0.0000,0.0072,0.05226,0.05228,0.21828,-1.5,1.0000,-23.1557,0.4741,-5.1095,150.567,ppo_car_spread_a_deterministic
5.6800,-0.14530,0.0000,0.0069,0.04659,0.04661,0.25309,-1.5,1.0000,-23.1552,0.4741,-5.1103,150.563,ppo_car_spread_a_deterministic
5.7000,-0.14530,0.0000,0.0069,0.05125,0.05127,0.26541,-1.4,1.0000,-23.1547,0.4741,-5.1112,150.561,ppo_car_spread_a_deterministic
5.7200,-0.14530,0.0000,0.0069,0.04693,0.04695,0.24487,-1.4,1.0000,-23.1542,0.4741,-5.1120,150.556,ppo_car_spread_a_deterministic
5.7400,-0.14530,0.0000,0.0069,0.04299,0.04301,0.34688,-1.4,1.0000,-23.1538,0.4741,-5.1127,150.553,ppo_car_spread_a_deterministic
5.7600,-0.14691,0.0000,0.0005,0.05137,0.05140,0.38035,-1.4,1.0000,-23.1533,0.4741,-5.1136,150.548,ppo_car_spread_a_deterministic
5.7800,-0.14691,0.0000,0.0005,0.04736,0.04739,0.20594,-0.1,1.0000,-23.1528,0.4741,-5.1144,150.548,ppo_car_spread_a_deterministic
5.8000,-0.14691,0.0000,0.0005,0.04766,0.04769,0.34462,-0.1,1.0000,-23.1523,0.4741,-5.1152,150.545,ppo_car_spread_a_deterministic
5.8200,-0.14691,0.0000,0.0005,0.04816,0.04819,0.33526,-0.1,1.0000,-23.1518,0.4741,-5.1160,150.544,ppo_car_spread_a_deterministic
5.8400,-0.14678,0.0000,0.0016,0.04274,0.04277,0.24458,-0.1,1.0000,-23.1513,0.4741,-5.1167,150.542,ppo_car_spread_a_deterministic
5.8600,-0.14678,0.0000,0.0016,0.04763,0.04765,0.14603,-0.3,1.0000,-23.1508,0.4741,-5.1175,150.541,ppo_car_spread_a_deterministic
5.8800,-0.14678,0.0000,0.0016,0.04479,0.04482,0.41002,-0.3,1.0000,-23.1504,0.4741,-5.1183,150.538,ppo_car_spread_a_deterministic
5.9000,-0.14678,0.0000,0.0016,0.04863,0.04865,0.40259,-0.3,1.0000,-23.1499,0.4741,-5.1191,150.535,ppo_car_spread_a_deterministic
5.9200,-0.14714,0.0013,0.0000,0.04317,0.04319,0.36527,-0.3,1.0000,-23.1494,0.4741,-5.1199,150.534,ppo_car_spread_a_deterministic
5.9400,-0.14714,0.0013,0.0000,0.04733,0.04736,0.19755,0.7,1.0000,-23.1489,0.4741,-5.1207,150.531,ppo_car_spread_a_deterministic
5.9600,-0.14714,0.0013,0.0000,0.04804,0.04806,0.14308,0.7,1.0000,-23.1484,0.4741,-5.1215,150.532,ppo_car_spread_a_deterministic
5.9800,-0.14714,0.0013,0.0000,0.04035,0.04037,0.35590,0.7,1.0000,-23.1480,0.4741,-5.1222,150.531,ppo_car_spread_a_deterministic
6.0000,-0.14617,0.0000,0.0028,0.04242,0.04244,0.33250,0.7,1.0000,-23.1476,0.4741,-5.1229,150.531,ppo_car_spread_a_deterministic
6.0200,-0.14617,0.0000,0.0028,0.05182,0.05185,0.24252,-0.6,1.0000,-23.1470,0.4741,-5.1238,150.531,ppo_car_spread_a_deterministic
6.0400,-0.14617,0.0000,0.0028,0.05115,0.05117,0.25167,-0.6,1.0000,-23.1465,0.4741,-5.1247,150.528,ppo_car_spread_a_deterministic
6.0600,-0.14617,0.0000,0.0028,0.05057,0.05059,0.20329,-0.6,1.0000,-23.1460,0.4741,-5.1256,150.527,ppo_car_spread_a_deterministic
6.0800,-0.14638,0.0000,0.0052,0.04892,0.04896,0.37044,-0.6,1.0000,-23.1454,0.4741,-5.1264,150.526,ppo_car_spread_a_deterministic
6.1000,-0.14638,0.0000,0.0052,0.04959,0.04961,0.27551,-1.1,1.0000,-23.1449,0.4741,-5.1272,150.523,ppo_car_spread_a_deterministic
6.1200,-0.14638,0.0000,0.0052,0.04466,0.04469,0.40098,-1.1,1.0000,-23.1445,0.4741,-5.1280,150.520,ppo_car_spread_a_deterministic
6.1400,-0.14638,0.0000,0.0052,0.04935,0.04937,0.31622,-1.1,1.0000,-23.1440,0.4741,-5.1288,150.517,ppo_car_spread_a_deterministic
6.1600,-0.14736,0.0013,0.0000,0.04796,0.04798,0.31022,-1.1,1.0000,-23.1435,0.4741,-5.1297,150.517,ppo_car_spread_a_deterministic
6.1800,-0.14736,0.0013,0.0000,0.04639,0.04642,0.15008,0.7,1.0000,-23.1430,0.4741,-5.1305,150.517,ppo_car_spread_a_deterministic
6.2000,-0.14736,0.0013,0.0000,0.05157,0.05160,0.26347,0.7,1.0000,-23.1424,0.4741,-5.1313,150.517,ppo_car_spread_a_deterministic
6.2200,-0.14736,0.0013,0.0000,0.05194,0.05197,0.27654,0.7,1.0000,-23.1419,0.4741,-5.1322,150.517,ppo_car_spread_a_deterministic
6.2400,-0.14616,0.0000,0.0062,0.04889,0.04891,0.27819,0.7,1.0000,-23.1414,0.4741,-5.1331,150.518,ppo_car_spread_a_deterministic
6.2600,-0.14616,0.0000,0.0062,0.05060,0.05062,0.21641,-1.3,1.0000,-23.1409,0.4741,-5.1339,150.519,ppo_car_spread_a_deterministic
6.2800,-0.14616,0.0000,0.0062,0.04112,0.04115,0.41163,-1.3,1.0000,-23.1404,0.4741,-5.1346,150.518,ppo_car_spread_a_deterministic
6.3000,-0.14616,0.0000,0.0062,0.05159,0.05162,0.23161,-1.3,1.0000,-23.1399,0.4741,-5.1355,150.517,ppo_car_spread_a_deterministic
6.3200,-0.14726,0.0043,0.0000,0.05249,0.05252,0.28835,-1.3,1.0000,-23.1393,0.4741,-5.1364,150.515,ppo_car_spread_a_deterministic
6.3400,-0.14726,0.0043,0.0000,0.04526,0.04529,0.40756,2.3,1.0000,-23.1389,0.4741,-5.1372,150.517,ppo_car_spread_a_deterministic
6.3600,-0.14726,0.0043,0.0000,0.04780,0.04783,0.23207,2.3,1.0000,-23.1384,0.4741,-5.1380,150.515,ppo_car_spread_a_deterministic
6.3800,-0.14726,0.0043,0.0000,0.04830,0.04833,0.15582,2.3,1.0000,-23.1379,0.4741,-5.1388,150.512,ppo_car_spread_a_deterministic
6.4000,-0.14718,0.0000,0.0017,0.04756,0.04759,0.07860,2.3,1.0000,-23.1374,0.4741,-5.1396,150.510,ppo_car_spread_a_deterministic
6.4200,-0.14718,0.0000,0.0017,0.04412,0.04414,0.30169,-0.4,1.0000,-23.1369,0.4741,-5.1404,150.509,ppo_car_spread_a_deterministic
6.4400,-0.14718,0.0000,0.0017,0.04689,0.04692,0.24642,-0.4,1.0000,-23.1364,0.4741,-5.1412,150.505,ppo_car_spread_a_deterministic
6.4600,-0.14718,0.0000,0.0017,0.04970,0.04972,0.24668,-0.4,1.0000,-23.1359,0.4741,-5.1420,150.504,ppo_car_spread_a_deterministic
6.4800,-0.14752,0.0000,0.0005,0.04855,0.04858,0.17384,-0.4,1.0000,-23.1354,0.4741,-5.1429,150.501,ppo_car_spread_a_deterministic
6.5000,-0.14752,0.0000,0.0005,0.04704,0.04706,0.17786,-0.1,1.0000,-23.1349,0.4741,-5.1437,150.499,ppo_car_spread_a_deterministic
6.5200,-0.14752,0.0000,0.0005,0.04470,0.04473,0.38181,-0.1,1.0000,-23.1345,0.4741,-5.1444,150.499,ppo_car_spread_a_deterministic
6.5400,-0.14752,0.0000,0.0005,0.04542,0.04544,0.20578,-0.1,1.0000,-23.1340,0.4741,-5.1452,150.499,ppo_car_spread_a_deterministic
6.5600,-0.14718,0.0008,0.0000,0.04592,0.04594,0.32688,-0.1,1.0000,-23.1335,0.4741,-5.1460,150.502,ppo_car_spread_a_deterministic
6.5800,-0.14718,0.0008,0.0000,0.05171,0.05174,0.23540,0.4,1.0000,-23.1330,0.4741,-5.1469,150.500,ppo_car_spread_a_deterministic
6.6000,-0.14718,0.0008,0.0000,0.04888,0.04890,0.25685,0.4,1.0000,-23.1325,0.4741,-5.1477,150.501,ppo_car_spread_a_deterministic
6.6200,-0.14718,0.0008,0.0000,0.04784,0.04787,0.16256,0.4,1.0000,-23.1320,0.4741,-5.1485,150.501,ppo_car_spread_a_deterministic
6.6400,-0.14643,0.0000,0.0037,0.04680,0.04683,0.28483,0.4,1.0000,-23.1315,0.4741,-5.1493,150.502,ppo_car_spread_a_deterministic
6.6600,-0.14643,0.0000,0.0037,0.04718,0.04721,0.18217,-0.8,1.0000,-23.1310,0.4741,-5.1501,150.501,ppo_car_spread_a_deterministic
6.6800,-0.14643,0.0000,0.0037,0.04365,0.04367,0.41065,-0.8,1.0000,-23.1305,0.4741,-5.1509,150.500,ppo_car_spread_a_deterministic
6.7000,-0.14643,0.0000,0.0037,0.05158,0.05160,0.23568,-0.8,1.0000,-23.1300,0.4741,-5.1518,150.498,ppo_car_spread_a_deterministic
6.7200,-0.14715,0.0020,0.0000,0.05173,0.05175,0.20902,-0.8,1.0000,-23.1294,0.4741,-5.1527,150.499,ppo_car_spread_a_deterministic
6.7400,-0.14715,0.0020,0.0000,0.05304,0.05306,0.23334,1.0,1.0000,-23.1289,0.4741,-5.1536,150.498,ppo_car_spread_a_deterministic
6.7600,-0.14715,0.0020,0.0000,0.05128,0.05130,0.27722,1.0,1.0000,-23.1284,0.4741,-5.1544,150.496,ppo_car_spread_a_deterministic
6.7800,-0.14715,0.0020,0.0000,0.04400,0.04403,0.39863,1.0,1.0000,-23.1279,0.4741,-5.1552,150.495,ppo_car_spread_a_deterministic
6.8000,-0.14680,0.0000,0.0052,0.04313,0.04316,0.40490,1.0,1.0000,-23.1275,0.4741,-5.1559,150.498,ppo_car_spread_a_deterministic
6.8200,-0.14680,0.0000,0.0052,0.04289,0.04292,0.38845,-1.1,1.0000,-23.1270,0.4741,-5.1566,150.495,ppo_car_spread_a_deterministic
6.8400,-0.14680,0.0000,0.0052,0.04841,0.04844,0.16558,-1.1,1.0000,-23.1265,0.4741,-5.1575,150.495,ppo_car_spread_a_deterministic
6.8600,-0.14680,0.0000,0.0052,0.04503,0.04506,0.28524,-1.1,1.0000,-23.1260,0.4741,-5.1582,150.492,ppo_car_spread_a_deterministic
6.8800,-0.14663,0.0000,0.0032,0.04812,0.04814,0.36113,-1.1,1.0000,-23.1255,0.4741,-5.1591,150.495,ppo_car_spread_a_deterministic
6.9000,-0.14663,0.0000,0.0032,0.04743,0.04745,0.08326,-0.7,1.0000,-23.1250,0.4741,-5.1599,150.493,ppo_car_spread_a_deterministic
6.9200,-0.14663,0.0000,0.0032,0.04063,0.04065,0.26355,-0.7,1.0000,-23.1246,0.4741,-5.1606,150.490,ppo_car_spread_a_deterministic
6.9400,-0.14663,0.0000,0.0032,0.04221,0.04223,0.40868,-0.7,1.0000,-23.1242,0.4741,-5.1613,150.485,ppo_car_spread_a_deterministic
6.9600,-0.14787,0.0053,0.0000,0.04496,0.04497,0.36036,-0.7,1.0000,-23.1237,0.4741,-5.1621,150.484,ppo_car_spread_a_deterministic
6.9800,-0.14787,0.0053,0.0000,0.04688,0.04690,0.39876,2.8,1.0000,-23.1232,0.4741,-5.1629,150.488,ppo_car_spread_a_deterministic
7.0000,-0.14787,0.0053,0.0000,0.04386,0.04388,0.29127,2.8,1.0000,-23.1228,0.4741,-5.1636,150.489,ppo_car_spread_a_deterministic
7.0200,-0.14787,0.0053,0.0000,0.05036,0.05040,0.25261,2.8,1.0000,-23.1222,0.4741,-5.1645,150.488,ppo_car_spread_a_deterministic
7.0400,-0.14695,0.0012,0.0000,0.04505,0.04507,0.31281,2.8,1.0000,-23.1218,0.4741,-5.1652,150.487,ppo_car_spread_a_deterministic
7.0600,-0.14695,0.0012,0.0000,0.05054,0.05058,0.27389,0.7,1.0000,-23.1212,0.4741,-5.1661,150.485,ppo_car_spread_a_deterministic
7.0800,-0.14695,0.0012,0.0000,0.04845,0.04848,0.23746,0.7,1.0000,-23.1207,0.4741,-5.1669,150.482,ppo_car_spread_a_deterministic
7.1000,-0.14695,0.0012,0.0000,0.04671,0.04673,0.32762,0.7,1.0000,-23.1202,0.4741,-5.1677,150.479,ppo_car_spread_a_deterministic
7.1200,-0.14760,0.0000,0.0022,0.05476,0.05479,0.26419,0.7,1.0000,-23.1197,0.4741,-5.1687,150.479,ppo_car_spread_a_deterministic
7.1400,-0.14760,0.0000,0.0022,0.04181,0.04183,0.39490,-0.5,1.0000,-23.1192,0.4741,-5.1694,150.480,ppo_car_spread_a_deterministic
7.1600,-0.14760,0.0000,0.0022,0.05181,0.05183,0.27803,-0.5,1.0000,-23.1187,0.4741,-5.1703,150.483,ppo_car_spread_a_deterministic
7.1800,-0.14760,0.0000,0.0022,0.04993,0.04996,0.40087,-0.5,1.0000,-23.1182,0.4741,-5.1711,150.484,ppo_car_spread_a_deterministic
7.2000,-0.14601,0.0000,0.0072,0.04929,0.04931,0.20706,-0.5,1.0000,-23.1177,0.4741,-5.1720,150.484,ppo_car_spread_a_deterministic
7.2200,-0.14601,0.0000,0.0072,0.05191,0.05194,0.24664,-1.5,1.0000,-23.1171,0.4741,-5.1729,150.481,ppo_car_spread_a_deterministic
7.2400,-0.14601,0.0000,0.0072,0.05185,0.05187,0.26134,-1.5,1.0000,-23.1166,0.4741,-5.1738,150.478,ppo_car_spread_a_deterministic
7.2600,-0.14601,0.0000,0.0072,0.04351,0.04353,0.37643,-1.5,1.0000,-23.1161,0.4741,-5.1745,150.476,ppo_car_spread_a_deterministic
7.2800,-0.14678,0.0000,0.0059,0.04873,0.04876,0.21192,-1.5,1.0000,-23.1156,0.4741,-5.1753,150.473,ppo_car_spread_a_deterministic
7.3000,-0.14678,0.0000,0.0059,0.04458,0.04460,0.21220,-1.2,1.0000,-23.1152,0.4741,-5.1761,150.473,ppo_car_spread_a_deterministic
7.3200,-0.14678,0.0000,0.0059,0.04655,0.04657,0.36414,-1.2,1.0000,-23.1147,0.4741,-5.1769,150.473,ppo_car_spread_a_deterministic
7.3400,-0.14678,0.0000,0.0059,0.04569,0.04571,0.37250,-1.2,1.0000,-23.1142,0.4741,-5.1777,150.474,ppo_car_spread_a_deterministic
7.3600,-0.14690,0.0000,0.0011,0.05015,0.05018,0.26255,-1.2,1.0000,-23.1137,0.4741,-5.1785,150.473,ppo_car_spread_a_deterministic
7.3800,-0.14690,0.0000,0.0011,0.04573,0.04575,0.21961,-0.2,1.0000,-23.1132,0.4741,-5.1793,150.471,ppo_car_spread_a_deterministic
7.4000,-0.14690,0.0000,0.0011,0.05075,0.05077,0.24959,-0.2,1.0000,-23.1127,0.4741,-5.1802,150.470,ppo_car_spread_a_deterministic
7.4200,-0.14690,0.0000,0.0011,0.04727,0.04730,0.25843,-0.2,1.0000,-23.1122,0.4741,-5.1810,150.467,ppo_car_spread_a_deterministic
7.4400,-0.14691,0.0000,0.0050,0.04730,0.04732,0.39760,-0.2,1.0000,-23.1117,0.4741,-5.1818,150.463,ppo_car_spread_a_deterministic
7.4600,-0.14691,0.0000,0.0050,0.04234,0.04236,0.33767,-1.1,1.0000,-23.1113,0.4741,-5.1825,150.462,ppo_car_spread_a_deterministic
7.4800,-0.14691,0.0000,0.0050,0.04597,0.04600,0.14984,-1.1,1.0000,-23.1108,0.4741,-5.1833,150.459,ppo_car_spread_a_deterministic
7.5000,-0.14691,0.0000,0.0050,0.04744,0.04747,0.39958,-1.1,1.0000,-23.1103,0.4741,-5.1841,150.458,ppo_car_spread_a_deterministic
7.5200,-0.14784,0.0002,0.0000,0.04286,0.04288,0.19517,-1.1,1.0000,-23.1098,0.4741,-5.1848,150.455,ppo_car_spread_a_deterministic
7.5400,-0.14784,0.0002,0.0000,0.05121,0.05124,0.24384,0.1,1.0000,-23.1093,0.4741,-5.1857,150.455,ppo_car_spread_a_deterministic
7.5600,-0.14784,0.0002,0.0000,0.04821,0.04823,0.28321,0.1,1.0000,-23.1088,0.4741,-5.1865,150.454,ppo_car_spread_a_deterministic
7.5800,-0.14784,0.0002,0.0000,0.04713,0.04716,0.24952,0.1,1.0000,-23.1083,0.4741,-5.1873,150.451,ppo_car_spread_a_deterministic
7.6000,-0.14730,0.0000,0.0023,0.04689,0.04692,0.39040,0.1,1.0000,-23.1078,0.4741,-5.1881,150.445,ppo_car_spread_a_deterministic
7.6200,-0.14730,0.0000,0.0023,0.05125,0.05128,0.21884,-0.5,1.0000,-23.1073,0.4741,-5.1890,150.444,ppo_car_spread_a_deterministic
7.6400,-0.14730,0.0000,0.0023,0.04755,0.04758,0.13910,-0.5,1.0000,-23.1068,0.4741,-5.1898,150.442,ppo_car_spread_a_deterministic
7.6600,-0.14730,0.0000,0.0023,0.04623,0.04625,0.21760,-0.5,1.0000,-23.1063,0.4741,-5.1906,150.442,ppo_car_spread_a_deterministic
7.6800,-0.14767,0.0000,0.0016,0.04312,0.04314,0.28308,-0.5,1.0000,-23.1059,0.4741,-5.1913,150.438,ppo_car_spread_a_deterministic
7.7000,-0.14767,0.0000,0.0016,0.04164,0.04166,0.35984,-0.3,1.0000,-23.1054,0.4741,-5.1921,150.439,ppo_car_spread_a_deterministic
7.7200,-0.14767,0.0000,0.0016,0.04450,0.04452,0.41009,-0.3,1.0000,-23.1050,0.4741,-5.1928,150.438,ppo_car_spread_a_deterministic
7.7400,-0.14767,0.0000,0.0016,0.04659,0.04661,0.27336,-0.3,1.0000,-23.1045,0.4741,-5.1936,150.437,ppo_car_spread_a_deterministic
7.7600,-0.14776,0.0012,0.0000,0.04471,0.04474,0.39250,-0.3,1.0000,-23.1040,0.4741,-5.1944,150.438,ppo_car_spread_a_deterministic
7.7800,-0.14776,0.0012,0.0000,0.04665,0.04668,0.20966,0.6,1.0000,-23.1035,0.4741,-5.1952,150.437,ppo_car_spread_a_deterministic
7.8000,-0.14776,0.0012,0.0000,0.04041,0.04043,0.21501,0.6,1.0000,-23.1031,0.4741,-5.1959,150.435,ppo_car_spread_a_deterministic
7.8200,-0.14776,0.0012,0.0000,0.04624,0.04627,0.12917,0.6,1.0000,-23.1026,0.4741,-5.1967,150.435,ppo_car_spread_a_deterministic
7.8400,-0.14842,0.0055,0.0000,0.04064,0.04066,0.37851,0.6,1.0000,-23.1022,0.4741,-5.1973,150.431,ppo_car_spread_a_deterministic
7.8600,-0.14842,0.0055,0.0000,0.04845,0.04847,0.25038,2.9,1.0000,-23.1017,0.4741,-5.1982,150.429,ppo_car_spread_a_deterministic
7.8800,-0.14842,0.0055,0.0000,0.04079,0.04081,0.39323,2.9,1.0000,-23.1013,0.4741,-5.1989,150.426,ppo_car_spread_a_deterministic
7.9000,-0.14842,0.0055,0.0000,0.04810,0.04812,0.04944,2.9,1.0000,-23.1008,0.4741,-5.1997,150.425,ppo_car_spread_a_deterministic
7.9200,-0.14878,0.0055,0.0000,0.04453,0.04455,0.24461,2.9,1.0000,-23.1003,0.4741,-5.2005,150.422,ppo_car_spread_a_deterministic
7.9400,-0.14878,0.0055,0.0000,0.05441,0.05444,0.28643,2.9,1.0000,-23.0997,0.4741,-5.2014,150.421,ppo_car_spread_a_deterministic
7.9600,-0.14878,0.0055,0.0000,0.04919,0.04921,0.04934,2.9,1.0000,-23.0992,0.4741,-5.2022,150.419,ppo_car_spread_a_deterministic
7.9800,-0.14878,0.0055,0.0000,0.05194,0.05196,0.24234,2.9,1.0000,-23.0987,0.4741,-5.2031,150.420,ppo_car_spread_a_deterministic
8.0000,-0.14782,0.0000,0.0032,0.05326,0.05329,0.23499,2.9,1.0000,-23.0981,0.4741,-5.2040,150.420,ppo_car_spread_a_deterministic
8.0200,-0.14782,0.0000,0.0032,0.04763,0.04765,0.27548,-0.7,1.0000,-23.0976,0.4741,-5.2049,150.420,ppo_car_spread_a_deterministic
8.0400,-0.14782,0.0000,0.0032,0.05084,0.05087,0.22422,-0.7,1.0000,-23.0971,0.4741,-5.2057,150.417,ppo_car_spread_a_deterministic
8.0600,-0.14782,0.0000,0.0032,0.04523,0.04526,0.36055,-0.7,1.0000,-23.0966,0.4741,-5.2065,150.414,ppo_car_spread_a_deterministic
8.0800,-0.14787,0.0000,0.0047,0.04789,0.04792,0.29899,-0.7,1.0000,-23.0961,0.4741,-5.2073,150.413,ppo_car_spread_a_deterministic
8.1000,-0.14787,0.0000,0.0047,0.05094,0.05096,0.39393,-1.0,1.0000,-23.0956,0.4741,-5.2082,150.409,ppo_car_spread_a_deterministic
8.1200,-0.14787,0.0000,0.0047,0.05175,0.05178,0.23013,-1.0,1.0000,-23.0951,0.4741,-5.2091,150.409,ppo_car_spread_a_deterministic
8.1400,-0.14787,0.0000,0.0047,0.04914,0.04917,0.25860,-1.0,1.0000,-23.0945,0.4741,-5.2099,150.406,ppo_car_spread_a_deterministic
8.1600,-0.14740,0.0000,0.0061,0.04959,0.04962,0.15160,-1.0,1.0000,-23.0940,0.4741,-5.2107,150.406,ppo_car_spread_a_deterministic
8.1800,-0.14740,0.0000,0.0061,0.05094,0.05097,0.12671,-1.3,1.0000,-23.0935,0.4741,-5.2116,150.406,ppo_car_spread_a_deterministic
8.2000,-0.14740,0.0000,0.0061,0.04394,0.04396,0.37554,-1.3,1.0000,-23.0930,0.4741,-5.2124,150.402,ppo_car_spread_a_deterministic
8.2200,-0.14740,0.0000,0.0061,0.04888,0.04891,0.39490,-1.3,1.0000,-23.0925,0.4741,-5.2132,150.398,ppo_car_spread_a_deterministic
8.2400,-0.14860,0.0024,0.0000,0.04658,0.04662,0.37409,-1.3,1.0000,-23.0920,0.4741,-5.2140,150.397,ppo_car_spread_a_deterministic
8.2600,-0.14860,0.0024,0.0000,0.04355,0.04357,0.22095,1.3,1.0000,-23.0916,0.4741,-5.2147,150.396,ppo_car_spread_a_deterministic
8.2800,-0.14860,0.0024,0.0000,0.04431,0.04434,0.36117,1.3,1.0000,-23.0911,0.4741,-5.2155,150.396,ppo_car_spread_a_deterministic
8.3000,-0.14860,0.0024,0.0000,0.05081,0.05083,0.08863,1.3,1.0000,-23.0906,0.4741,-5.2163,150.396,ppo_car_spread_a_deterministic
8.3200,-0.14799,0.0009,0.0000,0.05251,0.05253,0.23234,1.3,1.0000,-23.0900,0.4741,-5.2172,150.395,ppo_car_spread_a_deterministic
8.3400,-0.14799,0.0009,0.0000,0.04868,0.04870,0.15997,0.5,1.0000,-23.0895,0.4741,-5.2181,150.392,ppo_car_spread_a_deterministic
8.3600,-0.14799,0.0009,0.0000,0.04427,0.04429,0.41232,0.5,1.0000,-23.0891,0.4741,-5.2188,150.389,ppo_car_spread_a_deterministic
8.3800,-0.14799,0.0009,0.0000,0.04544,0.04547,0.23684,0.5,1.0000,-23.0886,0.4741,-5.2196,150.387,ppo_car_spread_a_deterministic
8.4000,-0.14887,0.0021,0.0000,0.04411,0.04414,0.39781,0.5,1.0000,-23.0881,0.4741,-5.2203,150.386,ppo_car_spread_a_deterministic
8.4200,-0.14887,0.0021,0.0000,0.05103,0.05106,0.34538,1.1,1.0000,-23.0876,0.4741,-5.2212,150.384,ppo_car_spread_a_deterministic
8.4400,-0.14887,0.0021,0.0000,0.04967,0.04969,0.18872,1.1,1.0000,-23.0871,0.4741,-5.2221,150.384,ppo_car_spread_a_deterministic
8.4600,-0.14887,0.0021,0.0000,0.04498,0.04500,0.33664,1.1,1.0000,-23.0866,0.4741,-5.2228,150.382,ppo_car_spread_a_deterministic
8.4800,-0.14778,0.0000,0.0040,0.05019,0.05022,0.39638,1.1,1.0000,-23.0861,0.4741,-5.2237,150.376,ppo_car_spread_a_deterministic
8.5000,-0.14778,0.0000,0.0040,0.04933,0.04936,0.31522,-0.8,1.0000,-23.0856,0.4741,-5.2245,150.373,ppo_car_spread_a_deterministic
8.5200,-0.14778,0.0000,0.0040,0.05580,0.05583,0.26746,-0.8,1.0000,-23.0850,0.4741,-5.2255,150.372,ppo_car_spread_a_deterministic
8.5400,-0.14778,0.0000,0.0040,0.05514,0.05516,0.25462,-0.8,1.0000,-23.0844,0.4741,-5.2264,150.371,ppo_car_spread_a_deterministic
8.5600,-0.14741,0.0000,0.0099,0.05409,0.05412,0.24071,-0.8,1.0000,-23.0838,0.4741,-5.2274,150.367,ppo_car_spread_a_deterministic
8.5800,-0.14741,0.0000,0.0099,0.05070,0.05072,0.07051,-2.1,1.0000,-23.0833,0.4741,-5.2282,150.367,ppo_car_spread_a_deterministic
8.6000,-0.14741,0.0000,0.0099,0.05100,0.05103,0.28660,-2.1,1.0000,-23.0828,0.4741,-5.2291,150.365,ppo_car_spread_a_deterministic
8.6200,-0.14741,0.0000,0.0099,0.04669,0.04672,0.40189,-2.1,1.0000,-23.0823,0.4741,-5.2299,150.363,ppo_car_spread_a_deterministic
8.6400,-0.14815,0.0000,0.0051,0.04844,0.04846,0.19428,-2.1,1.0000,-23.0818,0.4741,-5.2307,150.362,ppo_car_spread_a_deterministic
8.6600,-0.14815,0.0000,0.0051,0.04261,0.04263,0.32083,-1.1,1.0000,-23.0813,0.4741,-5.2314,150.358,ppo_car_spread_a_deterministic
8.6800,-0.14815,0.0000,0.0051,0.04667,0.04669,0.30217,-1.1,1.0000,-23.0808,0.4741,-5.2322,150.355,ppo_car_spread_a_deterministic
8.7000,-0.14815,0.0000,0.0051,0.04481,0.04484,0.22068,-1.1,1.0000,-23.0804,0.4741,-5.2330,150.352,ppo_car_spread_a_deterministic
8.7200,-0.14883,0.0000,0.0004,0.04606,0.04609,0.14026,-1.1,1.0000,-23.0799,0.4741,-5.2338,150.351,ppo_car_spread_a_deterministic
8.7400,-0.14883,0.0000,0.0004,0.04659,0.04662,0.15970,-0.1,1.0000,-23.0794,0.4741,-5.2346,150.350,ppo_car_spread_a_deterministic
8.7600,-0.14883,0.0000,0.0004,0.04562,0.04565,0.38423,-0.1,1.0000,-23.0789,0.4741,-5.2353,150.344,ppo_car_spread_a_deterministic
8.7800,-0.14883,0.0000,0.0004,0.04853,0.04855,0.25191,-0.1,1.0000,-23.0784,0.4741,-5.2362,150.341,ppo_car_spread_a_deterministic
8.8000,-0.14979,0.0014,0.0000,0.04701,0.04704,0.25278,-0.1,1.0000,-23.0779,0.4741,-5.2370,150.338,ppo_car_spread_a_deterministic
8.8200,-0.14979,0.0014,0.0000,0.04894,0.04896,0.07766,0.7,1.0000,-23.0774,0.4741,-5.2378,150.337,ppo_car_spread_a_deterministic
8.8400,-0.14979,0.0014,0.0000,0.05353,0.05356,0.22687,0.7,1.0000,-23.0768,0.4741,-5.2387,150.334,ppo_car_spread_a_deterministic
8.8600,-0.14979,0.0014,0.0000,0.04626,0.04630,0.28854,0.7,1.0000,-23.0764,0.4741,-5.2395,150.336,ppo_car_spread_a_deterministic
8.8800,-0.14849,0.0000,0.0072,0.04255,0.04257,0.24890,0.7,1.0000,-23.0759,0.4741,-5.2402,150.336,ppo_car_spread_a_deterministic
8.9000,-0.14849,0.0000,0.0072,0.05070,0.05073,0.24243,-1.5,1.0000,-23.0754,0.4741,-5.2411,150.337,ppo_car_spread_a_deterministic
8.9200,-0.14849,0.0000,0.0072,0.03820,0.03822,0.41011,-1.5,1.0000,-23.0750,0.4741,-5.2417,150.334,ppo_car_spread_a_deterministic
8.9400,-0.14849,0.0000,0.0072,0.04174,0.04177,0.40462,-1.5,1.0000,-23.0745,0.4741,-5.2425,150.332,ppo_car_spread_a_deterministic
8.9600,-0.14984,0.0080,0.0000,0.04378,0.04381,0.39542,-1.5,1.0000,-23.0741,0.4741,-5.2432,150.330,ppo_car_spread_a_deterministic
8.9800,-0.14984,0.0080,0.0000,0.03977,0.03979,0.40577,4.2,1.0000,-23.0737,0.4741,-5.2439,150.329,ppo_car_spread_a_deterministic
9.0000,-0.14984,0.0080,0.0000,0.04938,0.04941,0.40135,4.2,1.0000,-23.0732,0.4741,-5.2447,150.329,ppo_car_spread_a_deterministic
9.0200,-0.14984,0.0080,0.0000,0.04945,0.04948,0.16606,4.2,1.0000,-23.0726,0.4741,-5.2456,150.328,ppo_car_spread_a_deterministic
9.0400,-0.14861,0.0000,0.0036,0.05029,0.05032,0.08043,4.2,1.0000,-23.0721,0.4741,-5.2464,150.327,ppo_car_spread_a_deterministic
9.0600,-0.14861,0.0000,0.0036,0.05157,0.05161,0.23382,-0.8,1.0000,-23.0716,0.4741,-5.2473,150.325,ppo_car_spread_a_deterministic
9.0800,-0.14861,0.0000,0.0036,0.05198,0.05200,0.18043,-0.8,1.0000,-23.0710,0.4741,-5.2482,150.322,ppo_car_spread_a_deterministic
9.1000,-0.14861,0.0000,0.0036,0.04926,0.04929,0.33398,-0.8,1.0000,-23.0705,0.4741,-5.2490,150.323,ppo_car_spread_a_deterministic
9.1200,-0.14857,0.0000,0.0057,0.04968,0.04970,0.40064,-0.8,1.0000,-23.0700,0.4741,-5.2499,150.321,ppo_car_spread_a_deterministic
9.1400,-0.14857,0.0000,0.0057,0.04949,0.04952,0.29142,-1.2,1.0000,-23.0695,0.4741,-5.2507,150.320,ppo_car_spread_a_deterministic
9.1600,-0.14857,0.0000,0.0057,0.04655,0.04657,0.39374,-1.2,1.0000,-23.0690,0.4741,-5.2515,150.321,ppo_car_spread_a_deterministic
9.1800,-0.14857,0.0000,0.0057,0.04808,0.04811,0.14408,-1.2,1.0000,-23.0685,0.4741,-5.2524,150.318,ppo_car_spread_a_deterministic
9.2000,-0.14820,0.0000,0.0014,0.04288,0.04290,0.39264,-1.2,1.0000,-23.0680,0.4741,-5.2531,150.312,ppo_car_spread_a_deterministic
9.2200,-0.14820,0.0000,0.0014,0.04514,0.04517,0.35829,-0.3,1.0000,-23.0676,0.4741,-5.2538,150.312,ppo_car_spread_a_deterministic
9.2400,-0.14820,0.0000,0.0014,0.04866,0.04869,0.35757,-0.3,1.0000,-23.0670,0.4741,-5.2547,150.314,ppo_car_spread_a_deterministic
9.2600,-0.14820,0.0000,0.0014,0.04389,0.04391,0.31554,-0.3,1.0000,-23.0666,0.4741,-5.2554,150.314,ppo_car_spread_a_deterministic
9.2800,-0.14794,0.0000,0.0037,0.04897,0.04900,0.22142,-0.3,1.0000,-23.0661,0.4741,-5.2563,150.317,ppo_car_spread_a_deterministic
9.3000,-0.14794,0.0000,0.0037,0.04626,0.04628,0.25128,-0.8,1.0000,-23.0656,0.4741,-5.2570,150.313,ppo_car_spread_a_deterministic
9.3200,-0.14794,0.0000,0.0037,0.04665,0.04668,0.15005,-0.8,1.0000,-23.0651,0.4741,-5.2578,150.310,ppo_car_spread_a_deterministic
9.3400,-0.14794,0.0000,0.0037,0.05245,0.05248,0.24351,-0.8,1.0000,-23.0645,0.4741,-5.2587,150.307,ppo_car_spread_a_deterministic
9.3600,-0.14928,0.0000,0.0003,0.05343,0.05346,0.27685,-0.8,1.0000,-23.0640,0.4741,-5.2597,150.307,ppo_car_spread_a_deterministic
9.3800,-0.14928,0.0000,0.0003,0.04700,0.04702,0.13832,-0.1,1.0000,-23.0635,0.4741,-5.2605,150.307,ppo_car_spread_a_deterministic
9.4000,-0.14928,0.0000,0.0003,0.05133,0.05135,0.28027,-0.1,1.0000,-23.0630,0.4741,-5.2613,150.307,ppo_car_spread_a_deterministic
9.4200,-0.14928,0.0000,0.0003,0.04075,0.04077,0.40519,-0.1,1.0000,-23.0625,0.4741,-5.2620,150.306,ppo_car_spread_a_deterministic
9.4400,-0.14813,0.0000,0.0059,0.04495,0.04497,0.41179,-0.1,1.0000,-23.0621,0.4741,-5.2628,150.303,ppo_car_spread_a_deterministic
9.4600,-0.14813,0.0000,0.0059,0.05231,0.05234,0.24612,-1.2,1.0000,-23.0615,0.4741,-5.2637,150.303,ppo_car_spread_a_deterministic
9.4800,-0.14813,0.0000,0.0059,0.04186,0.04189,0.38472,-1.2,1.0000,-23.0611,0.4741,-5.2644,150.303,ppo_car_spread_a_deterministic
9.5000,-0.14813,0.0000,0.0059,0.04796,0.04799,0.29804,-1.2,1.0000,-23.0606,0.4741,-5.2652,150.297,ppo_car_spread_a_deterministic
9.5200,-0.14900,0.0034,0.0000,0.04673,0.04674,0.26996,-1.2,1.0000,-23.0601,0.4741,-5.2660,150.295,ppo_car_spread_a_deterministic
9.5400,-0.14900,0.0034,0.0000,0.04868,0.04871,0.22397,1.8,1.0000,-23.0596,0.4741,-5.2668,150.296,ppo_car_spread_a_deterministic
9.5600,-0.14900,0.0034,0.0000,0.04290,0.04292,0.31598,1.8,1.0000,-23.0591,0.4741,-5.2676,150.297,ppo_car_spread_a_deterministic
9.5800,-0.14900,0.0034,0.0000,0.04578,0.04580,0.22056,1.8,1.0000,-23.0587,0.4741,-5.2683,150.294,ppo_car_spread_a_deterministic
9.6000,-0.14887,0.0024,0.0000,0.04343,0.04346,0.30425,1.8,1.0000,-23.0582,0.4741,-5.2691,150.294,ppo_car_spread_a_deterministic
9.6200,-0.14887,0.0024,0.0000,0.04962,0.04965,0.25720,1.3,1.0000,-23.0577,0.4741,-5.2699,150.291,ppo_car_spread_a_deterministic
9.6400,-0.14887,0.0024,0.0000,0.04650,0.04652,0.20330,1.3,1.0000,-23.0572,0.4741,-5.2707,150.291,ppo_car_spread_a_deterministic
9.6600,-0.14887,0.0024,0.0000,0.04795,0.04797,0.27181,1.3,1.0000,-23.0567,0.4741,-5.2715,150.292,ppo_car_spread_a_deterministic
9.6800,-0.14885,0.0000,0.0008,0.04970,0.04972,0.09835,1.3,1.0000,-23.0562,0.4741,-5.2724,150.291,ppo_car_spread_a_deterministic
9.7000,-0.14885,0.0000,0.0008,0.05001,0.05004,0.21358,-0.2,1.0000,-23.0557,0.4741,-5.2733,150.290,ppo_car_spread_a_deterministic
9.7200,-0.14885,0.0000,0.0008,0.04781,0.04784,0.30705,-0.2,1.0000,-23.0552,0.4741,-5.2741,150.287,ppo_car_spread_a_deterministic
9.7400,-0.14885,0.0000,0.0008,0.04377,0.04379,0.39971,-0.2,1.0000,-23.0547,0.4741,-5.2748,150.282,ppo_car_spread_a_deterministic
9.7600,-0.14949,0.0000,0.0014,0.04710,0.04713,0.33151,-0.2,1.0000,-23.0542,0.4741,-5.2756,150.281,ppo_car_spread_a_deterministic
9.7800,-0.14949,0.0000,0.0014,0.04953,0.04956,0.08328,-0.3,1.0000,-23.0537,0.4741,-5.2765,150.279,ppo_car_spread_a_deterministic
9.8000,-0.14949,0.0000,0.0014,0.04577,0.04579,0.22021,-0.3,1.0000,-23.0532,0.4741,-5.2772,150.279,ppo_car_spread_a_deterministic
9.8200,-0.14949,0.0000,0.0014,0.04797,0.04800,0.29764,-0.3,1.0000,-23.0527,0.4741,-5.2781,150.276,ppo_car_spread_a_deterministic
9.8400,-0.14913,0.0000,0.0001,0.04651,0.04653,0.36138,-0.3,1.0000,-23.0522,0.4741,-5.2789,150.273,ppo_car_spread_a_deterministic
9.8600,-0.14913,0.0000,0.0001,0.04766,0.04768,0.23682,0.0,1.0000,-23.0517,0.4741,-5.2797,150.271,ppo_car_spread_a_deterministic
9.8800,-0.14913,0.0000,0.0001,0.04442,0.04445,0.40968,0.0,1.0000,-23.0512,0.4741,-5.2804,150.267,ppo_car_spread_a_deterministic
9.9000,-0.14913,0.0000,0.0001,0.04882,0.04884,0.25005,0.0,1.0000,-23.0507,0.4741,-5.2813,150.263,ppo_car_spread_a_deterministic
9.9200,-0.15017,0.0022,0.0000,0.04551,0.04554,0.40747,0.0,1.0000,-23.0503,0.4741,-5.2820,150.259,ppo_car_spread_a_deterministic
9.9400,-0.15017,0.0022,0.0000,0.04759,0.04762,0.21763,1.1,1.0000,-23.0498,0.4741,-5.2828,150.256,ppo_car_spread_a_deterministic
9.9600,-0.15017,0.0022,0.0000,0.04641,0.04644,0.41208,1.1,1.0000,-23.0493,0.4741,-5.2836,150.255,ppo_car_spread_a_deterministic
9.9800,-0.15017,0.0022,0.0000,0.05219,0.05221,0.15157,1.1,1.0000,-23.0487,0.4741,-5.2845,150.254,ppo_car_spread_a_deterministic
10.0000,-0.14992,0.0000,0.0002,0.05003,0.05006,0.07294,1.1,1.0000,-23.0482,0.4741,-5.2854,150.253,ppo_car_spread_a_deterministic
10.0200,-0.14992,0.0000,0.0002,0.05514,0.05517,0.23838,0.0,1.0000,-23.0476,0.4741,-5.2863,150.249,ppo_car_spread_a_deterministic
10.0400,-0.14992,0.0000,0.0002,0.04906,0.04908,0.40822,0.0,1.0000,-23.0471,0.4741,-5.2872,150.250,ppo_car_spread_a_deterministic
10.0600,-0.14992,0.0000,0.0002,0.04151,0.04154,0.41196,0.0,1.0000,-23.0467,0.4741,-5.2879,150.247,ppo_car_spread_a_deterministic
10.0800,-0.14871,0.0000,0.0037,0.04805,0.04807,0.32860,0.0,1.0000,-23.0462,0.4741,-5.2887,150.241,ppo_car_spread_a_deterministic
10.1000,-0.14871,0.0000,0.0037,0.05061,0.05064,0.26295,-0.8,1.0000,-23.0456,0.4741,-5.2895,150.238,ppo_car_spread_a_deterministic
10.1200,-0.14871,0.0000,0.0037,0.05169,0.05171,0.22730,-0.8,1.0000,-23.0451,0.4741,-5.2904,150.238,ppo_car_spread_a_deterministic
10.1400,-0.14871,0.0000,0.0037,0.04829,0.04831,0.24862,-0.8,1.0000,-23.0446,0.4741,-5.2912,150.236,ppo_car_spread_a_deterministic
10.1600,-0.14861,0.0000,0.0062,0.05337,0.05339,0.25359,-0.8,1.0000,-23.0440,0.4741,-5.2922,150.235,ppo_car_spread_a_deterministic
10.1800,-0.14861,0.0000,0.0062,0.05082,0.05085,0.14527,-1.3,1.0000,-23.0435,0.4741,-5.2930,150.231,ppo_car_spread_a_deterministic
10.2000,-0.14861,0.0000,0.0062,0.04503,0.04506,0.40892,-1.3,1.0000,-23.0430,0.4741,-5.2938,150.231,ppo_car_spread_a_deterministic
10.2200,-0.14861,0.0000,0.0062,0.04802,0.04804,0.14122,-1.3,1.0000,-23.0425,0.4741,-5.2946,150.229,ppo_car_spread_a_deterministic
10.2400,-0.14966,0.0006,0.0000,0.04709,0.04711,0.14527,-1.3,1.0000,-23.0420,0.4741,-5.2954,150.226,ppo_car_spread_a_deterministic
10.2600,-0.14966,0.0006,0.0000,0.04427,0.04430,0.41101,0.3,1.0000,-23.0415,0.4741,-5.2961,150.222,ppo_car_spread_a_deterministic
10.2800,-0.14966,0.0006,0.0000,0.04480,0.04482,0.17329,0.3,1.0000,-23.0411,0.4741,-5.2969,150.222,ppo_car_spread_a_deterministic
10.3001,-0.14966,0.0006,0.0000,0.04273,0.04275,0.40987,0.3,1.0000,-23.0406,0.4741,-5.2976,150.221,ppo_car_spread_a_deterministic
10.3201,-0.14976,0.0010,0.0000,0.05048,0.05051,0.26198,0.3,1.0000,-23.0401,0.4741,-5.2985,150.219,ppo_car_spread_a_deterministic
10.3401,-0.14976,0.0010,0.0000,0.04499,0.04502,0.23126,0.5,1.0000,-23.0396,0.4741,-5.2993,150.217,ppo_car_spread_a_deterministic
10.3601,-0.14976,0.0010,0.0000,0.05025,0.05027,0.29496,0.5,1.0000,-23.0391,0.4741,-5.3001,150.217,ppo_car_spread_a_deterministic
10.3801,-0.14976,0.0010,0.0000,0.04804,0.04807,0.20107,0.5,1.0000,-23.0386,0.4741,-5.3009,150.219,ppo_car_spread_a_deterministic
10.4001,-0.14921,0.0000,0.0045,0.04608,0.04610,0.29535,0.5,1.0000,-23.0381,0.4741,-5.3017,150.217,ppo_car_spread_a_deterministic
10.4201,-0.14921,0.0000,0.0045,0.05278,0.05281,0.21515,-0.9,1.0000,-23.0376,0.4741,-5.3026,150.213,ppo_car_spread_a_deterministic
10.4401,-0.14921,0.0000,0.0045,0.04880,0.04882,0.18144,-0.9,1.0000,-23.0370,0.4741,-5.3035,150.215,ppo_car_spread_a_deterministic
10.4601,-0.14921,0.0000,0.0045,0.04917,0.04920,0.06738,-0.9,1.0000,-23.0365,0.4741,-5.3043,150.214,ppo_car_spread_a_deterministic
10.4801,-0.14901,0.0000,0.0037,0.04876,0.04879,0.05638,-0.9,1.0000,-23.0360,0.4741,-5.3051,150.213,ppo_car_spread_a_deterministic
10.5001,-0.14901,0.0000,0.0037,0.04741,0.04745,0.40779,-0.8,1.0000,-23.0355,0.4741,-5.3059,150.213,ppo_car_spread_a_deterministic
10.5201,-0.14901,0.0000,0.0037,0.04817,0.04819,0.24127,-0.8,1.0000,-23.0350,0.4741,-5.3068,150.212,ppo_car_spread_a_deterministic
10.5401,-0.14901,0.0000,0.0037,0.04799,0.04802,0.28365,-0.8,1.0000,-23.0345,0.4741,-5.3076,150.208,ppo_car_spread_a_deterministic
10.5601,-0.14942,0.0000,0.0025,0.04512,0.04515,0.29715,-0.8,1.0000,-23.0340,0.4741,-5.3083,150.210,ppo_car_spread_a_deterministic
10.5801,-0.14942,0.0000,0.0025,0.04384,0.04386,0.34905,-0.5,1.0000,-23.0336,0.4741,-5.3091,150.209,ppo_car_spread_a_deterministic
10.6001,-0.14942,0.0000,0.0025,0.04753,0.04756,0.29724,-0.5,1.0000,-23.0331,0.4741,-5.3099,150.208,ppo_car_spread_a_deterministic
10.6201,-0.14942,0.0000,0.0025,0.04616,0.04618,0.24168,-0.5,1.0000,-23.0326,0.4741,-5.3107,150.210,ppo_car_spread_a_deterministic
10.6401,-0.14958,0.0000,0.0019,0.04435,0.04437,0.31186,-0.5,1.0000,-23.0321,0.4741,-5.3114,150.209,ppo_car_spread_a_deterministic
10.6601,-0.14958,0.0000,0.0019,0.04022,0.04024,0.39859,-0.4,1.0000,-23.0317,0.4741,-5.3121,150.208,ppo_car_spread_a_deterministic
10.6801,-0.14958,0.0000,0.0019,0.04793,0.04795,0.23552,-0.4,1.0000,-23.0312,0.4741,-5.3129,150.205,ppo_car_spread_a_deterministic
10.7001,-0.14958,0.0000,0.0019,0.04338,0.04341,0.19838,-0.4,1.0000,-23.0307,0.4741,-5.3137,150.205,ppo_car_spread_a_deterministic
10.7201,-0.15019,0.0000,0.0015,0.04782,0.04784,0.22716,-0.4,1.0000,-23.0302,0.4741,-5.3145,150.204,ppo_car_spread_a_deterministic
10.7401,-0.15019,0.0000,0.0015,0.04473,0.04476,0.40136,-0.3,1.0000,-23.0298,0.4741,-5.3152,150.203,ppo_car_spread_a_deterministic
10.7601,-0.15019,0.0000,0.0015,0.04570,0.04572,0.16136,-0.3,1.0000,-23.0293,0.4741,-5.3160,150.201,ppo_car_spread_a_deterministic
10.7801,-0.15019,0.0000,0.0015,0.04783,0.04786,0.24497,-0.3,1.0000,-23.0288,0.4741,-5.3168,150.198,ppo_car_spread_a_deterministic
10.8001,-0.15023,0.0004,0.0000,0.04465,0.04467,0.37099,-0.3,1.0000,-23.0283,0.4741,-5.3176,150.199,ppo_car_spread_a_deterministic
10.8201,-0.15023,0.0004,0.0000,0.04947,0.04950,0.27896,0.2,1.0000,-23.0278,0.4741,-5.3185,150.198,ppo_car_spread_a_deterministic
10.8401,-0.15023,0.0004,0.0000,0.04711,0.04713,0.19823,0.2,1.0000,-23.0273,0.4741,-5.3193,150.197,ppo_car_spread_a_deterministic
10.8601,-0.15023,0.0004,0.0000,0.04634,0.04636,0.35420,0.2,1.0000,-23.0268,0.4741,-5.3201,150.192,ppo_car_spread_a_deterministic
10.8801,-0.15008,0.0000,0.0010,0.04580,0.04582,0.27800,0.2,1.0000,-23.0263,0.4741,-5.3208,150.187,ppo_car_spread_a_deterministic
10.9001,-0.15008,0.0000,0.0010,0.04776,0.04778,0.33740,-0.2,1.0000,-23.0258,0.4741,-5.3216,150.187,ppo_car_spread_a_deterministic
10.9201,-0.15008,0.0000,0.0010,0.04814,0.04816,0.26060,-0.2,1.0000,-23.0253,0.4741,-5.3225,150.185,ppo_car_spread_a_deterministic
10.9401,-0.15008,0.0000,0.0010,0.04617,0.04619,0.39149,-0.2,1.0000,-23.0249,0.4741,-5.3233,150.182,ppo_car_spread_a_deterministic
10.9601,-0.15005,0.0000,0.0019,0.05026,0.05028,0.27942,-0.2,1.0000,-23.0243,0.4741,-5.3241,150.178,ppo_car_spread_a_deterministic
10.9801,-0.15005,0.0000,0.0019,0.04612,0.04614,0.18536,-0.4,1.0000,-23.0238,0.4741,-5.3249,150.178,ppo_car_spread_a_deterministic
11.0001,-0.15005,0.0000,0.0019,0.04266,0.04268,0.16690,-0.4,1.0000,-23.0234,0.4741,-5.3256,150.178,ppo_car_spread_a_deterministic
11.0201,-0.15005,0.0000,0.0019,0.04306,0.04308,0.29947,-0.4,1.0000,-23.0229,0.4741,-5.3264,150.181,ppo_car_spread_a_deterministic
11.0401,-0.15037,0.0031,0.0000,0.04245,0.04248,0.40661,-0.4,1.0000,-23.0225,0.4741,-5.3271,150.179,ppo_car_spread_a_deterministic
11.0601,-0.15037,0.0031,0.0000,0.05038,0.05041,0.28954,1.6,1.0000,-23.0220,0.4741,-5.3279,150.176,ppo_car_spread_a_deterministic
11.0801,-0.15037,0.0031,0.0000,0.05305,0.05308,0.26428,1.6,1.0000,-23.0214,0.4741,-5.3288,150.175,ppo_car_spread_a_deterministic
11.1001,-0.15037,0.0031,0.0000,0.04354,0.04357,0.39071,1.6,1.0000,-23.0209,0.4741,-5.3296,150.172,ppo_car_spread_a_deterministic
11.1201,-0.14961,0.0000,0.0072,0.04695,0.04697,0.12593,1.6,1.0000,-23.0205,0.4741,-5.3304,150.171,ppo_car_spread_a_deterministic
11.1401,-0.14961,0.0000,0.0072,0.04403,0.04406,0.29493,-1.5,1.0000,-23.0200,0.4741,-5.3311,150.169,ppo_car_spread_a_deterministic
11.1601,-0.14961,0.0000,0.0072,0.05014,0.05016,0.27012,-1.5,1.0000,-23.0195,0.4741,-5.3320,150.167,ppo_car_spread_a_deterministic
11.1801,-0.14961,0.0000,0.0072,0.04294,0.04296,0.39153,-1.5,1.0000,-23.0190,0.4741,-5.3327,150.167,ppo_car_spread_a_deterministic
11.2001,-0.15005,0.0000,0.0040,0.04263,0.04265,0.40024,-1.5,1.0000,-23.0186,0.4741,-5.3334,150.166,ppo_car_spread_a_deterministic
11.2201,-0.15005,0.0000,0.0040,0.04801,0.04803,0.31282,-0.8,1.0000,-23.0181,0.4741,-5.3343,150.166,ppo_car_spread_a_deterministic
11.2401,-0.15005,0.0000,0.0040,0.04149,0.04152,0.40732,-0.8,1.0000,-23.0176,0.4741,-5.3350,150.167,ppo_car_spread_a_deterministic
11.2601,-0.15005,0.0000,0.0040,0.04392,0.04395,0.10214,-0.8,1.0000,-23.0172,0.4741,-5.3357,150.166,ppo_car_spread_a_deterministic
11.2801,-0.15040,0.0038,0.0000,0.04580,0.04583,0.13503,-0.8,1.0000,-23.0167,0.4741,-5.3365,150.165,ppo_car_spread_a_deterministic
11.3001,-0.15040,0.0038,0.0000,0.04919,0.04922,0.40643,2.0,1.0000,-23.0162,0.4741,-5.3373,150.166,ppo_car_spread_a_deterministic
11.3201,-0.15040,0.0038,0.0000,0.04182,0.04184,0.40606,2.0,1.0000,-23.0157,0.4741,-5.3380,150.165,ppo_car_spread_a_deterministic
11.3401,-0.15040,0.0038,0.0000,0.04877,0.04880,0.21195,2.0,1.0000,-23.0152,0.4741,-5.3389,150.160,ppo_car_spread_a_deterministic
11.3601,-0.15088,0.0041,0.0000,0.04643,0.04644,0.34453,2.0,1.0000,-23.0147,0.4741,-5.3397,150.158,ppo_car_spread_a_deterministic
11.3801,-0.15088,0.0041,0.0000,0.04560,0.04562,0.24113,2.1,1.0000,-23.0142,0.4741,-5.3404,150.159,ppo_car_spread_a_deterministic
11.4001,-0.15088,0.0041,0.0000,0.04696,0.04699,0.09582,2.1,1.0000,-23.0137,0.4741,-5.3412,150.159,ppo_car_spread_a_deterministic
11.4201,-0.15088,0.0041,0.0000,0.04960,0.04962,0.24080,2.1,1.0000,-23.0132,0.4741,-5.3421,150.157,ppo_car_spread_a_deterministic
11.4401,-0.15041,0.0000,0.0010,0.05193,0.05196,0.27948,2.1,1.0000,-23.0127,0.4741,-5.3430,150.153,ppo_car_spread_a_deterministic
11.4601,-0.15041,0.0000,0.0010,0.04694,0.04697,0.18567,-0.2,1.0000,-23.0122,0.4741,-5.3438,150.153,ppo_car_spread_a_deterministic
11.4801,-0.15041,0.0000,0.0010,0.04859,0.04861,0.14427,-0.2,1.0000,-23.0117,0.4741,-5.3446,150.151,ppo_car_spread_a_deterministic
11.5001,-0.15041,0.0000,0.0010,0.04990,0.04992,0.21443,-0.2,1.0000,-23.0111,0.4741,-5.3454,150.149,ppo_car_spread_a_deterministic
11.5201,-0.15053,0.0000,0.0023,0.04607,0.04609,0.18376,-0.2,1.0000,-23.0107,0.4741,-5.3462,150.148,ppo_car_spread_a_deterministic
11.5401,-0.15053,0.0000,0.0023,0.04637,0.04639,0.18579,-0.5,1.0000,-23.0102,0.4741,-5.3470,150.147,ppo_car_spread_a_deterministic
11.5601,-0.15053,0.0000,0.0023,0.04598,0.04601,0.40940,-0.5,1.0000,-23.0097,0.4741,-5.3478,150.150,ppo_car_spread_a_deterministic
11.5801,-0.15053,0.0000,0.0023,0.05042,0.05044,0.25670,-0.5,1.0000,-23.0092,0.4741,-5.3487,150.146,ppo_car_spread_a_deterministic
11.6001,-0.14966,0.0000,0.0013,0.04396,0.04398,0.21324,-0.5,1.0000,-23.0087,0.4741,-5.3494,150.146,ppo_car_spread_a_deterministic
11.6201,-0.14966,0.0000,0.0013,0.04890,0.04893,0.27202,-0.3,1.0000,-23.0082,0.4741,-5.3502,150.143,ppo_car_spread_a_deterministic
11.6401,-0.14966,0.0000,0.0013,0.04396,0.04398,0.40596,-0.3,1.0000,-23.0077,0.4741,-5.3510,150.141,ppo_car_spread_a_deterministic
11.6601,-0.14966,0.0000,0.0013,0.05160,0.05162,0.23026,-0.3,1.0000,-23.0072,0.4741,-5.3519,150.139,ppo_car_spread_a_deterministic
11.6801,-0.15067,0.0020,0.0000,0.04770,0.04772,0.20421,-0.3,1.0000,-23.0067,0.4741,-5.3527,150.140,ppo_car_spread_a_deterministic
11.7001,-0.15067,0.0020,0.0000,0.04319,0.04321,0.38177,1.1,1.0000,-23.0062,0.4741,-5.3534,150.142,ppo_car_spread_a_deterministic
11.7201,-0.15067,0.0020,0.0000,0.05226,0.05229,0.26926,1.1,1.0000,-23.0057,0.4741,-5.3543,150.141,ppo_car_spread_a_deterministic
11.7401,-0.15067,0.0020,0.0000,0.04516,0.04519,0.26710,1.1,1.0000,-23.0052,0.4741,-5.3551,150.140,ppo_car_spread_a_deterministic
11.7601,-0.15023,0.0000,0.0061,0.04985,0.04988,0.23521,1.1,1.0000,-23.0047,0.4741,-5.3559,150.138,ppo_car_spread_a_deterministic
11.7801,-0.15023,0.0000,0.0061,0.05467,0.05470,0.27299,-1.3,1.0000,-23.0041,0.4741,-5.3569,150.136,ppo_car_spread_a_deterministic
11.8001,-0.15023,0.0000,0.0061,0.04866,0.04869,0.05896,-1.3,1.0000,-23.0036,0.4741,-5.3577,150.136,ppo_car_spread_a_deterministic
11.8201,-0.15023,0.0000,0.0061,0.04578,0.04580,0.30965,-1.3,1.0000,-23.0031,0.4741,-5.3585,150.138,ppo_car_spread_a_deterministic
11.8401,-0.15029,0.0000,0.0029,0.04295,0.04297,0.36480,-1.3,1.0000,-23.0027,0.4741,-5.3592,150.136,ppo_car_spread_a_deterministic
11.8601,-0.15029,0.0000,0.0029,0.04287,0.04288,0.40093,-0.6,1.0000,-23.0022,0.4741,-5.3599,150.133,ppo_car_spread_a_deterministic
11.8801,-0.15029,0.0000,0.0029,0.04710,0.04713,0.08130,-0.6,1.0000,-23.0017,0.4741,-5.3607,150.132,ppo_car_spread_a_deterministic
11.9001,-0.15029,0.0000,0.0029,0.04550,0.04553,0.39070,-0.6,1.0000,-23.0012,0.4741,-5.3615,150.133,ppo_car_spread_a_deterministic
11.9201,-0.15065,0.0000,0.0012,0.04880,0.04883,0.27550,-0.6,1.0000,-23.0007,0.4741,-5.3623,150.129,ppo_car_spread_a_deterministic
11.9401,-0.15065,0.0000,0.0012,0.05132,0.05135,0.25966,-0.2,1.0000,-23.0002,0.4741,-5.3632,150.127,ppo_car_spread_a_deterministic
11.9601,-0.15065,0.0000,0.0012,0.05338,0.05341,0.27365,-0.2,1.0000,-22.9996,0.4741,-5.3641,150.124,ppo_car_spread_a_deterministic
11.9801,-0.15065,0.0000,0.0012,0.04345,0.04348,0.23619,-0.2,1.0000,-22.9992,0.4741,-5.3648,150.122,ppo_car_spread_a_deterministic
12.0001,-0.15058,0.0000,0.0068,0.04680,0.04683,0.18222,-0.2,1.0000,-22.9987,0.4741,-5.3656,150.119,ppo_car_spread_a_deterministic
12.0201,-0.15058,0.0000,0.0068,0.04546,0.04549,0.18709,-1.4,1.0000,-22.9982,0.4741,-5.3664,150.117,ppo_car_spread_a_deterministic
12.0401,-0.15058,0.0000,0.0068,0.04787,0.04789,0.29483,-1.4,1.0000,-22.9977,0.4741,-5.3672,150.118,ppo_car_spread_a_deterministic
12.0601,-0.15058,0.0000,0.0068,0.04700,0.04702,0.20047,-1.4,1.0000,-22.9972,0.4741,-5.3680,150.117,ppo_car_spread_a_deterministic
12.0801,-0.15014,0.0000,0.0026,0.04208,0.04211,0.22918,-1.4,1.0000,-22.9968,0.4741,-5.3687,150.115,ppo_car_spread_a_deterministic
12.1001,-0.15014,0.0000,0.0026,0.04592,0.04595,0.28732,-0.5,1.0000,-22.9963,0.4741,-5.3695,150.111,ppo_car_spread_a_deterministic
12.1201,-0.15014,0.0000,0.0026,0.04341,0.04344,0.40617,-0.5,1.0000,-22.9958,0.4741,-5.3703,150.110,ppo_car_spread_a_deterministic
12.1401,-0.15014,0.0000,0.0026,0.04493,0.04495,0.38582,-0.5,1.0000,-22.9953,0.4741,-5.3710,150.104,ppo_car_spread_a_deterministic
12.1601,-0.15132,0.0025,0.0000,0.04736,0.04738,0.26173,-0.5,1.0000,-22.9948,0.4741,-5.3718,150.103,ppo_car_spread_a_deterministic
12.1801,-0.15132,0.0025,0.0000,0.04382,0.04385,0.36241,1.3,1.0000,-22.9944,0.4741,-5.3726,150.101,ppo_car_spread_a_deterministic
12.2001,-0.15132,0.0025,0.0000,0.04960,0.04962,0.29309,1.3,1.0000,-22.9939,0.4741,-5.3734,150.098,ppo_car_spread_a_deterministic
12.2201,-0.15132,0.0025,0.0000,0.04459,0.04461,0.21883,1.3,1.0000,-22.9934,0.4741,-5.3742,150.098,ppo_car_spread_a_deterministic
12.2401,-0.15113,0.0000,0.0030,0.04202,0.04204,0.36265,1.3,1.0000,-22.9929,0.4741,-5.3749,150.099,ppo_car_spread_a_deterministic
12.2601,-0.15113,0.0000,0.0030,0.04672,0.04675,0.27186,-0.6,1.0000,-22.9925,0.4741,-5.3757,150.099,ppo_car_spread_a_deterministic
12.2801,-0.15113,0.0000,0.0030,0.04626,0.04628,0.24531,-0.6,1.0000,-22.9920,0.4741,-5.3765,150.100,ppo_car_spread_a_deterministic
12.3001,-0.15113,0.0000,0.0030,0.04824,0.04826,0.27187,-0.6,1.0000,-22.9915,0.4741,-5.3773,150.100,ppo_car_spread_a_deterministic
12.3201,-0.15049,0.0000,0.0010,0.04456,0.04459,0.40763,-0.6,1.0000,-22.9910,0.4741,-5.3781,150.096,ppo_car_spread_a_deterministic
12.3401,-0.15049,0.0000,0.0010,0.04261,0.04264,0.31461,-0.2,1.0000,-22.9905,0.4741,-5.3788,150.094,ppo_car_spread_a_deterministic
12.3601,-0.15049,0.0000,0.0010,0.04850,0.04853,0.27421,-0.2,1.0000,-22.9900,0.4741,-5.3796,150.093,ppo_car_spread_a_deterministic
12.3801,-0.15049,0.0000,0.0010,0.04532,0.04534,0.38681,-0.2,1.0000,-22.9896,0.4741,-5.3804,150.097,ppo_car_spread_a_deterministic
12.4001,-0.15083,0.0000,0.0026,0.04721,0.04724,0.28888,-0.2,1.0000,-22.9891,0.4741,-5.3812,150.095,ppo_car_spread_a_deterministic
12.4201,-0.15083,0.0000,0.0026,0.04274,0.04276,0.38130,-0.5,1.0000,-22.9886,0.4741,-5.3819,150.089,ppo_car_spread_a_deterministic
12.4401,-0.15083,0.0000,0.0026,0.04771,0.04773,0.27659,-0.5,1.0000,-22.9881,0.4741,-5.3827,150.085,ppo_car_spread_a_deterministic
12.4601,-0.15083,0.0000,0.0026,0.04318,0.04321,0.40645,-0.5,1.0000,-22.9876,0.4741,-5.3835,150.087,ppo_car_spread_a_deterministic
12.4801,-0.15175,0.0000,0.0009,0.04602,0.04606,0.38191,-0.5,1.0000,-22.9872,0.4741,-5.3842,150.087,ppo_car_spread_a_deterministic
12.5001,-0.15175,0.0000,0.0009,0.04649,0.04651,0.24358,-0.2,1.0000,-22.9867,0.4741,-5.3850,150.085,ppo_car_spread_a_deterministic
12.5201,-0.15175,0.0000,0.0009,0.04428,0.04431,0.31815,-0.2,1.0000,-22.9862,0.4741,-5.3858,150.087,ppo_car_spread_a_deterministic
12.5401,-0.15175,0.0000,0.0009,0.04434,0.04436,0.22923,-0.2,1.0000,-22.9857,0.4741,-5.3865,150.087,ppo_car_spread_a_deterministic
12.5601,-0.15083,0.0008,0.0000,0.04081,0.04083,0.31650,-0.2,1.0000,-22.9853,0.4741,-5.3872,150.083,ppo_car_spread_a_deterministic
12.5801,-0.15083,0.0008,0.0000,0.04227,0.04230,0.20036,0.4,1.0000,-22.9849,0.4741,-5.3879,150.083,ppo_car_spread_a_deterministic
12.6001,-0.15083,0.0008,0.0000,0.04734,0.04737,0.24363,0.4,1.0000,-22.9844,0.4741,-5.3887,150.081,ppo_car_spread_a_deterministic
12.6201,-0.15083,0.0008,0.0000,0.04593,0.04596,0.26530,0.4,1.0000,-22.9839,0.4741,-5.3895,150.081,ppo_car_spread_a_deterministic
12.6401,-0.15146,0.0000,0.0012,0.04271,0.04272,0.31576,0.4,1.0000,-22.9834,0.4741,-5.3903,150.081,ppo_car_spread_a_deterministic
12.6601,-0.15146,0.0000,0.0012,0.04344,0.04346,0.17500,-0.2,1.0000,-22.9830,0.4741,-5.3910,150.082,ppo_car_spread_a_deterministic
12.6801,-0.15146,0.0000,0.0012,0.04392,0.04395,0.15578,-0.2,1.0000,-22.9825,0.4741,-5.3917,150.080,ppo_car_spread_a_deterministic
12.7001,-0.15146,0.0000,0.0012,0.04144,0.04145,0.37826,-0.2,1.0000,-22.9821,0.4741,-5.3924,150.078,ppo_car_spread_a_deterministic
12.7201,-0.15178,0.0023,0.0000,0.04424,0.04427,0.28736,-0.2,1.0000,-22.9816,0.4741,-5.3932,150.075,ppo_car_spread_a_deterministic
12.7401,-0.15178,0.0023,0.0000,0.04709,0.04712,0.05979,1.2,1.0000,-22.9811,0.4741,-5.3940,150.073,ppo_car_spread_a_deterministic
12.7601,-0.15178,0.0023,0.0000,0.03902,0.03904,0.37508,1.2,1.0000,-22.9807,0.4741,-5.3947,150.072,ppo_car_spread_a_deterministic
12.7801,-0.15178,0.0023,0.0000,0.04155,0.04158,0.37703,1.2,1.0000,-22.9803,0.4741,-5.3954,150.073,ppo_car_spread_a_deterministic
12.8001,-0.15222,0.0072,0.0000,0.04621,0.04623,0.25406,1.2,1.0000,-22.9798,0.4741,-5.3962,150.067,ppo_car_spread_a_deterministic
12.8201,-0.15222,0.0072,0.0000,0.04147,0.04150,0.41214,3.8,1.0000,-22.9793,0.4741,-5.3969,150.069,ppo_car_spread_a_deterministic
12.8401,-0.15222,0.0072,0.0000,0.04910,0.04913,0.20766,3.8,1.0000,-22.9788,0.4741,-5.3977,150.069,ppo_car_spread_a_deterministic
12.8601,-0.15222,0.0072,0.0000,0.05090,0.05093,0.22764,3.8,1.0000,-22.9783,0.4741,-5.3986,150.066,ppo_car_spread_a_deterministic
12.8801,-0.15111,0.0000,0.0033,0.05189,0.05192,0.26224,3.8,1.0000,-22.9777,0.4741,-5.3995,150.066,ppo_car_spread_a_deterministic
12.9001,-0.15111,0.0000,0.0033,0.04365,0.04367,0.36251,-0.7,1.0000,-22.9773,0.4741,-5.4002,150.064,ppo_car_spread_a_deterministic
12.9201,-0.15111,0.0000,0.0033,0.05160,0.05162,0.24259,-0.7,1.0000,-22.9767,0.4741,-5.4011,150.061,ppo_car_spread_a_deterministic
12.9401,-0.15111,0.0000,0.0033,0.05072,0.05075,0.12273,-0.7,1.0000,-22.9762,0.4741,-5.4019,150.059,ppo_car_spread_a_deterministic
12.9601,-0.15152,0.0000,0.0049,0.04628,0.04630,0.26620,-0.7,1.0000,-22.9757,0.4741,-5.4027,150.060,ppo_car_spread_a_deterministic
12.9801,-0.15152,0.0000,0.0049,0.04387,0.04389,0.35349,-1.0,1.0000,-22.9752,0.4741,-5.4035,150.061,ppo_car_spread_a_deterministic
13.0001,-0.15152,0.0000,0.0049,0.04967,0.04971,0.26537,-1.0,1.0000,-22.9747,0.4741,-5.4043,150.060,ppo_car_spread_a_deterministic
13.0201,-0.15152,0.0000,0.0049,0.03964,0.03966,0.41090,-1.0,1.0000,-22.9743,0.4741,-5.4050,150.057,ppo_car_spread_a_deterministic
13.0401,-0.15131,0.0000,0.0038,0.04627,0.04630,0.34153,-1.0,1.0000,-22.9738,0.4741,-5.4058,150.054,ppo_car_spread_a_deterministic
13.0601,-0.15131,0.0000,0.0038,0.05149,0.05152,0.26579,-0.8,1.0000,-22.9732,0.4741,-5.4066,150.053,ppo_car_spread_a_deterministic
13.0801,-0.15131,0.0000,0.0038,0.04652,0.04655,0.24824,-0.8,1.0000,-22.9728,0.4741,-5.4074,150.052,ppo_car_spread_a_deterministic
13.1001,-0.15131,0.0000,0.0038,0.04708,0.04711,0.12887,-0.8,1.0000,-22.9723,0.4741,-5.4082,150.050,ppo_car_spread_a_deterministic
13.1201,-0.15179,0.0000,0.0004,0.04100,0.04102,0.40788,-0.8,1.0000,-22.9718,0.4741,-5.4089,150.051,ppo_car_spread_a_deterministic
13.1401,-0.15179,0.0000,0.0004,0.04781,0.04783,0.18992,-0.1,1.0000,-22.9713,0.4741,-5.4097,150.051,ppo_car_spread_a_deterministic
13.1601,-0.15179,0.0000,0.0004,0.04538,0.04540,0.17005,-0.1,1.0000,-22.9708,0.4741,-5.4105,150.050,ppo_car_spread_a_deterministic
13.1801,-0.15179,0.0000,0.0004,0.04623,0.04626,0.21719,-0.1,1.0000,-22.9704,0.4741,-5.4113,150.050,ppo_car_spread_a_deterministic
13.2001,-0.15200,0.0009,0.0000,0.05236,0.05239,0.25694,-0.1,1.0000,-22.9698,0.4741,-5.4122,150.046,ppo_car_spread_a_deterministic
13.2201,-0.15200,0.0009,0.0000,0.05184,0.05187,0.29071,0.5,1.0000,-22.9692,0.4741,-5.4131,150.043,ppo_car_spread_a_deterministic
13.2401,-0.15200,0.0009,0.0000,0.04811,0.04813,0.41031,0.5,1.0000,-22.9687,0.4741,-5.4139,150.038,ppo_car_spread_a_deterministic
13.2601,-0.15200,0.0009,0.0000,0.04682,0.04685,0.21185,0.5,1.0000,-22.9682,0.4741,-5.4147,150.038,ppo_car_spread_a_deterministic
13.2801,-0.15273,0.0000,0.0007,0.04999,0.05001,0.21170,0.5,1.0000,-22.9677,0.4741,-5.4155,150.037,ppo_car_spread_a_deterministic
13.3001,-0.15273,0.0000,0.0007,0.05085,0.05087,0.33280,-0.1,1.0000,-22.9672,0.4741,-5.4164,150.032,ppo_car_spread_a_deterministic
13.3201,-0.15273,0.0000,0.0007,0.04426,0.04428,0.28686,-0.1,1.0000,-22.9667,0.4741,-5.4172,150.029,ppo_car_spread_a_deterministic
13.3401,-0.15273,0.0000,0.0007,0.04464,0.04466,0.40901,-0.1,1.0000,-22.9663,0.4741,-5.4179,150.029,ppo_car_spread_a_deterministic
13.3601,-0.15276,0.0027,0.0000,0.04670,0.04673,0.22180,-0.1,1.0000,-22.9658,0.4741,-5.4187,150.027,ppo_car_spread_a_deterministic
13.3801,-0.15276,0.0027,0.0000,0.04851,0.04854,0.22048,1.4,1.0000,-22.9653,0.4741,-5.4195,150.024,ppo_car_spread_a_deterministic
13.4001,-0.15276,0.0027,0.0000,0.05067,0.05070,0.19658,1.4,1.0000,-22.9647,0.4741,-5.4204,150.022,ppo_car_spread_a_deterministic
13.4201,-0.15276,0.0027,0.0000,0.04624,0.04627,0.33397,1.4,1.0000,-22.9642,0.4741,-5.4212,150.020,ppo_car_spread_a_deterministic
13.4401,-0.15211,0.0000,0.0040,0.04800,0.04802,0.38390,1.4,1.0000,-22.9637,0.4741,-5.4220,150.022,ppo_car_spread_a_deterministic
13.4601,-0.15211,0.0000,0.0040,0.04132,0.04135,0.39663,-0.8,1.0000,-22.9633,0.4741,-5.4227,150.022,ppo_car_spread_a_deterministic
13.4801,-0.15211,0.0000,0.0040,0.04635,0.04638,0.39453,-0.8,1.0000,-22.9628,0.4741,-5.4235,150.025,ppo_car_spread_a_deterministic
13.5001,-0.15211,0.0000,0.0040,0.05064,0.05067,0.07641,-0.8,1.0000,-22.9623,0.4741,-5.4243,150.024,ppo_car_spread_a_deterministic
13.5201,-0.15121,0.0000,0.0014,0.05115,0.05118,0.25931,-0.8,1.0000,-22.9617,0.4741,-5.4252,150.024,ppo_car_spread_a_deterministic
13.5401,-0.15121,0.0000,0.0014,0.04927,0.04930,0.39856,-0.3,1.0000,-22.9612,0.4741,-5.4260,150.025,ppo_car_spread_a_deterministic
13.5601,-0.15121,0.0000,0.0014,0.04736,0.04738,0.17744,-0.3,1.0000,-22.9607,0.4741,-5.4269,150.022,ppo_car_spread_a_deterministic
13.5801,-0.15121,0.0000,0.0014,0.04557,0.04559,0.40824,-0.3,1.0000,-22.9602,0.4741,-5.4276,150.019,ppo_car_spread_a_deterministic
13.6001,-0.15211,0.0000,0.0009,0.04481,0.04484,0.32157,-0.3,1.0000,-22.9597,0.4741,-5.4284,150.016,ppo_car_spread_a_deterministic
13.6201,-0.15211,0.0000,0.0009,0.05181,0.05184,0.22936,-0.2,1.0000,-22.9592,0.4741,-5.4293,150.016,ppo_car_spread_a_deterministic
13.6401,-0.15211,0.0000,0.0009,0.04395,0.04397,0.40778,-0.2,1.0000,-22.9587,0.4741,-5.4300,150.013,ppo_car_spread_a_deterministic
13.6601,-0.15211,0.0000,0.0009,0.04981,0.04984,0.23386,-0.2,1.0000,-22.9582,0.4741,-5.4309,150.011,ppo_car_spread_a_deterministic
13.6801,-0.15269,0.0028,0.0000,0.04644,0.04647,0.40487,-0.2,1.0000,-22.9577,0.4741,-5.4316,150.008,ppo_car_spread_a_deterministic
13.7001,-0.15269,0.0028,0.0000,0.04929,0.04932,0.24799,1.5,1.0000,-22.9572,0.4741,-5.4325,150.006,ppo_car_spread_a_deterministic
13.7201,-0.15269,0.0028,0.0000,0.04968,0.04971,0.26717,1.5,1.0000,-22.9566,0.4741,-5.4333,150.003,ppo_car_spread_a_deterministic
13.7401,-0.15269,0.0028,0.0000,0.04855,0.04858,0.17771,1.5,1.0000,-22.9561,0.4741,-5.4342,150.000,ppo_car_spread_a_deterministic
13.7601,-0.15275,0.0000,0.0026,0.04639,0.04642,0.40686,1.5,1.0000,-22.9556,0.4741,-5.4349,149.996,ppo_car_spread_a_deterministic
13.7801,-0.15275,0.0000,0.0026,0.04611,0.04613,0.15115,-0.6,1.0000,-22.9552,0.4741,-5.4357,149.994,ppo_car_spread_a_deterministic
13.8001,-0.15275,0.0000,0.0026,0.04691,0.04694,0.40843,-0.6,1.0000,-22.9547,0.4741,-5.4365,149.994,ppo_car_spread_a_deterministic
13.8201,-0.15275,0.0000,0.0026,0.04720,0.04722,0.22960,-0.6,1.0000,-22.9542,0.4741,-5.4373,149.993,ppo_car_spread_a_deterministic
13.8401,-0.15205,0.0000,0.0012,0.04638,0.04640,0.30196,-0.6,1.0000,-22.9537,0.4741,-5.4381,149.992,ppo_car_spread_a_deterministic
13.8601,-0.15205,0.0000,0.0012,0.04649,0.04651,0.40779,-0.3,1.0000,-22.9532,0.4741,-5.4389,149.993,ppo_car_spread_a_deterministic
13.8801,-0.15205,0.0000,0.0012,0.04710,0.04712,0.24094,-0.3,1.0000,-22.9527,0.4741,-5.4397,149.989,ppo_car_spread_a_deterministic
13.9001,-0.15205,0.0000,0.0012,0.04192,0.04194,0.40221,-0.3,1.0000,-22.9523,0.4741,-5.4404,149.987,ppo_car_spread_a_deterministic
13.9201,-0.15308,0.0001,0.0000,0.05050,0.05053,0.16904,-0.3,1.0000,-22.9517,0.4741,-5.4413,149.985,ppo_car_spread_a_deterministic
13.9401,-0.15308,0.0001,0.0000,0.04503,0.04506,0.40512,0.1,1.0000,-22.9512,0.4741,-5.4420,149.980,ppo_car_spread_a_deterministic
13.9601,-0.15308,0.0001,0.0000,0.04753,0.04756,0.32749,0.1,1.0000,-22.9507,0.4741,-5.4428,149.983,ppo_car_spread_a_deterministic
13.9801,-0.15308,0.0001,0.0000,0.04731,0.04734,0.36542,0.1,1.0000,-22.9502,0.4741,-5.4436,149.978,ppo_car_spread_a_deterministic
14.0001,-0.15158,0.0000,0.0024,0.05259,0.05262,0.20350,0.1,1.0000,-22.9497,0.4741,-5.4445,149.976,ppo_car_spread_a_deterministic
14.0201,-0.15158,0.0000,0.0024,0.04742,0.04745,0.13503,-0.5,1.0000,-22.9492,0.4741,-5.4454,149.976,ppo_car_spread_a_deterministic
14.0401,-0.15158,0.0000,0.0024,0.04814,0.04816,0.29521,-0.5,1.0000,-22.9487,0.4741,-5.4462,149.975,ppo_car_spread_a_deterministic
14.0601,-0.15158,0.0000,0.0024,0.05037,0.05040,0.27269,-0.5,1.0000,-22.9481,0.4741,-5.4470,149.970,ppo_car_spread_a_deterministic
14.0801,-0.15216,0.0000,0.0021,0.04296,0.04298,0.35242,-0.5,1.0000,-22.9477,0.4741,-5.4478,149.967,ppo_car_spread_a_deterministic
14.1001,-0.15216,0.0000,0.0021,0.04593,0.04595,0.31642,-0.4,1.0000,-22.9472,0.4741,-5.4485,149.968,ppo_car_spread_a_deterministic
14.1201,-0.15216,0.0000,0.0021,0.04328,0.04331,0.40308,-0.4,1.0000,-22.9467,0.4741,-5.4493,149.968,ppo_car_spread_a_deterministic
14.1401,-0.15216,0.0000,0.0021,0.04497,0.04500,0.26931,-0.4,1.0000,-22.9463,0.4741,-5.4500,149.965,ppo_car_spread_a_deterministic
14.1601,-0.15282,0.0027,0.0000,0.04401,0.04404,0.40825,-0.4,1.0000,-22.9458,0.4741,-5.4508,149.964,ppo_car_spread_a_deterministic
14.1801,-0.15282,0.0027,0.0000,0.04087,0.04089,0.40893,1.4,1.0000,-22.9453,0.4741,-5.4515,149.963,ppo_car_spread_a_deterministic
14.2001,-0.15282,0.0027,0.0000,0.04728,0.04731,0.38768,1.4,1.0000,-22.9449,0.4741,-5.4523,149.959,ppo_car_spread_a_deterministic
14.2201,-0.15282,0.0027,0.0000,0.04875,0.04878,0.26714,1.4,1.0000,-22.9443,0.4741,-5.4531,149.954,ppo_car_spread_a_deterministic
14.2401,-0.15338,0.0000,0.0001,0.05069,0.05072,0.26153,1.4,1.0000,-22.9438,0.4741,-5.4540,149.950,ppo_car_spread_a_deterministic
14.2601,-0.15338,0.0000,0.0001,0.04936,0.04938,0.26935,0.0,1.0000,-22.9433,0.4741,-5.4548,149.949,ppo_car_spread_a_deterministic
14.2801,-0.15338,0.0000,0.0001,0.04486,0.04489,0.34155,0.0,1.0000,-22.9428,0.4741,-5.4556,149.945,ppo_car_spread_a_deterministic
14.3001,-0.15338,0.0000,0.0001,0.04452,0.04456,0.38755,0.0,1.0000,-22.9423,0.4741,-5.4563,149.944,ppo_car_spread_a_deterministic
14.3201,-0.15379,0.0023,0.0000,0.04449,0.04452,0.39029,0.0,1.0000,-22.9418,0.4741,-5.4571,149.944,ppo_car_spread_a_deterministic
14.3401,-0.15379,0.0023,0.0000,0.04859,0.04862,0.11809,1.2,1.0000,-22.9413,0.4741,-5.4579,149.942,ppo_car_spread_a_deterministic
14.3601,-0.15379,0.0023,0.0000,0.04545,0.04548,0.30867,1.2,1.0000,-22.9409,0.4741,-5.4587,149.943,ppo_car_spread_a_deterministic
14.3801,-0.15379,0.0023,0.0000,0.04853,0.04856,0.10948,1.2,1.0000,-22.9403,0.4741,-5.4595,149.943,ppo_car_spread_a_deterministic
14.4001,-0.15255,0.0003,0.0000,0.04686,0.04689,0.19132,1.2,1.0000,-22.9398,0.4741,-5.4603,149.944,ppo_car_spread_a_deterministic
14.4201,-0.15255,0.0003,0.0000,0.04885,0.04887,0.26933,0.1,1.0000,-22.9393,0.4741,-5.4611,149.945,ppo_car_spread_a_deterministic
14.4401,-0.15255,0.0003,0.0000,0.05133,0.05136,0.28250,0.1,1.0000,-22.9388,0.4741,-5.4620,149.941,ppo_car_spread_a_deterministic
14.4601,-0.15255,0.0003,0.0000,0.05346,0.05349,0.24843,0.1,1.0000,-22.9382,0.4741,-5.4629,149.941,ppo_car_spread_a_deterministic
14.4801,-0.15319,0.0000,0.0042,0.04919,0.04922,0.22613,0.1,1.0000,-22.9377,0.4741,-5.4637,149.940,ppo_car_spread_a_deterministic
14.5001,-0.15319,0.0000,0.0042,0.05189,0.05193,0.27935,-0.9,1.0000,-22.9371,0.4741,-5.4646,149.939,ppo_car_spread_a_deterministic
14.5201,-0.15319,0.0000,0.0042,0.05061,0.05063,0.26682,-0.9,1.0000,-22.9366,0.4741,-5.4655,149.939,ppo_car_spread_a_deterministic
14.5401,-0.15319,0.0000,0.0042,0.05082,0.05085,0.21090,-0.9,1.0000,-22.9360,0.4741,-5.4663,149.937,ppo_car_spread_a_deterministic
14.5601,-0.15233,0.0000,0.0046,0.04020,0.04023,0.41107,-0.9,1.0000,-22.9356,0.4741,-5.4670,149.936,ppo_car_spread_a_deterministic
14.5801,-0.15233,0.0000,0.0046,0.04838,0.04841,0.27450,-1.0,1.0000,-22.9351,0.4741,-5.4678,149.937,ppo_car_spread_a_deterministic
14.6001,-0.15233,0.0000,0.0046,0.04264,0.04266,0.41252,-1.0,1.0000,-22.9347,0.4741,-5.4685,149.936,ppo_car_spread_a_deterministic
14.6201,-0.15233,0.0000,0.0046,0.05006,0.05009,0.26274,-1.0,1.0000,-22.9341,0.4741,-5.4694,149.935,ppo_car_spread_a_deterministic
14.6401,-0.15306,0.0034,0.0000,0.04963,0.04966,0.23611,-1.0,1.0000,-22.9336,0.4741,-5.4702,149.934,ppo_car_spread_a_deterministic
14.6601,-0.15306,0.0034,0.0000,0.05116,0.05119,0.25591,1.8,1.0000,-22.9331,0.4741,-5.4711,149.933,ppo_car_spread_a_deterministic
14.6802,-0.15306,0.0034,0.0000,0.05245,0.05248,0.26560,1.8,1.0000,-22.9325,0.4741,-5.4720,149.932,ppo_car_spread_a_deterministic
14.7002,-0.15306,0.0034,0.0000,0.04349,0.04351,0.38166,1.8,1.0000,-22.9320,0.4741,-5.4727,149.932,ppo_car_spread_a_deterministic
14.7202,-0.15260,0.0000,0.0062,0.05351,0.05354,0.27702,1.8,1.0000,-22.9315,0.4741,-5.4736,149.931,ppo_car_spread_a_deterministic
14.7402,-0.15260,0.0000,0.0062,0.04946,0.04949,0.24853,-1.3,1.0000,-22.9309,0.4741,-5.4745,149.931,ppo_car_spread_a_deterministic
14.7602,-0.15260,0.0000,0.0062,0.05034,0.05036,0.24201,-1.3,1.0000,-22.9304,0.4741,-5.4753,149.927,ppo_car_spread_a_deterministic
14.7802,-0.15260,0.0000,0.0062,0.04905,0.04908,0.24804,-1.3,1.0000,-22.9299,0.4741,-5.4762,149.928,ppo_car_spread_a_deterministic
14.8002,-0.15336,0.0000,0.0033,0.04223,0.04225,0.34978,-1.3,1.0000,-22.9294,0.4741,-5.4769,149.928,ppo_car_spread_a_deterministic
14.8202,-0.15336,0.0000,0.0033,0.04778,0.04781,0.23486,-0.7,1.0000,-22.9289,0.4741,-5.4777,149.928,ppo_car_spread_a_deterministic
14.8402,-0.15336,0.0000,0.0033,0.04951,0.04954,0.31794,-0.7,1.0000,-22.9284,0.4741,-5.4785,149.928,ppo_car_spread_a_deterministic
14.8602,-0.15336,0.0000,0.0033,0.04533,0.04535,0.27580,-0.7,1.0000,-22.9279,0.4741,-5.4793,149.924,ppo_car_spread_a_deterministic
14.8802,-0.15270,0.0000,0.0035,0.04732,0.04735,0.40028,-0.7,1.0000,-22.9274,0.4741,-5.4801,149.928,ppo_car_spread_a_deterministic
14.9002,-0.15270,0.0000,0.0035,0.05037,0.05040,0.25962,-0.7,1.0000,-22.9269,0.4741,-5.4810,149.927,ppo_car_spread_a_deterministic
14.9202,-0.15270,0.0000,0.0035,0.04568,0.04571,0.37893,-0.7,1.0000,-22.9264,0.4741,-5.4817,149.923,ppo_car_spread_a_deterministic
14.9402,-0.15270,0.0000,0.0035,0.05276,0.05279,0.28538,-0.7,1.0000,-22.9259,0.4741,-5.4826,149.922,ppo_car_spread_a_deterministic
14.9602,-0.15382,0.0013,0.0000,0.04487,0.04491,0.32125,-0.7,1.0000,-22.9254,0.4741,-5.4834,149.923,ppo_car_spread_a_deterministic
14.9802,-0.15382,0.0013,0.0000,0.04494,0.04496,0.40277,0.7,1.0000,-22.9249,0.4741,-5.4841,149.922,ppo_car_spread_a_deterministic
15.0002,-0.15382,0.0013,0.0000,0.04747,0.04750,0.28384,0.7,1.0000,-22.9244,0.4741,-5.4850,149.920,ppo_car_spread_a_deterministic
15.0202,-0.15382,0.0013,0.0000,0.04536,0.04539,0.22755,0.7,1.0000,-22.9239,0.4741,-5.4857,149.918,ppo_car_spread_a_deterministic
15.0402,-0.15344,0.0000,0.0010,0.04572,0.04574,0.40976,0.7,1.0000,-22.9234,0.4741,-5.4865,149.920,ppo_car_spread_a_deterministic
15.0602,-0.15344,0.0000,0.0010,0.03686,0.03689,0.40749,-0.2,1.0000,-22.9231,0.4741,-5.4871,149.920,ppo_car_spread_a_deterministic
15.0802,-0.15344,0.0000,0.0010,0.05083,0.05086,0.27215,-0.2,1.0000,-22.9225,0.4741,-5.4880,149.916,ppo_car_spread_a_deterministic
15.1002,-0.15344,0.0000,0.0010,0.04491,0.04494,0.31960,-0.2,1.0000,-22.9220,0.4741,-5.4887,149.916,ppo_car_spread_a_deterministic
15.1202,-0.15388,0.0000,0.0034,0.05064,0.05066,0.27961,-0.2,1.0000,-22.9215,0.4741,-5.4896,149.913,ppo_car_spread_a_deterministic
15.1402,-0.15388,0.0000,0.0034,0.04371,0.04373,0.26477,-0.7,1.0000,-22.9210,0.4741,-5.4903,149.909,ppo_car_spread_a_deterministic
15.1602,-0.15388,0.0000,0.0034,0.04543,0.04546,0.20346,-0.7,1.0000,-22.9205,0.4741,-5.4911,149.909,ppo_car_spread_a_deterministic
15.1802,-0.15388,0.0000,0.0034,0.04498,0.04500,0.31912,-0.7,1.0000,-22.9201,0.4741,-5.4919,149.909,ppo_car_spread_a_deterministic
15.2002,-0.15334,0.0006,0.0000,0.04904,0.04906,0.28800,-0.7,1.0000,-22.9195,0.4741,-5.4927,149.906,ppo_car_spread_a_deterministic
15.2202,-0.15334,0.0006,0.0000,0.04543,0.04546,0.19991,0.3,1.0000,-22.9191,0.4741,-5.4935,149.905,ppo_car_spread_a_deterministic
15.2402,-0.15334,0.0006,0.0000,0.04806,0.04809,0.09610,0.3,1.0000,-22.9185,0.4741,-5.4943,149.904,ppo_car_spread_a_deterministic
15.2602,-0.15334,0.0006,0.0000,0.04752,0.04755,0.17669,0.3,1.0000,-22.9180,0.4741,-5.4951,149.903,ppo_car_spread_a_deterministic
15.2802,-0.15337,0.0000,0.0017,0.04806,0.04809,0.15320,0.3,1.0000,-22.9175,0.4741,-5.4959,149.900,ppo_car_spread_a_deterministic
15.3002,-0.15337,0.0000,0.0017,0.05187,0.05190,0.24234,-0.4,1.0000,-22.9170,0.4741,-5.4968,149.897,ppo_car_spread_a_deterministic
15.3202,-0.15337,0.0000,0.0017,0.05042,0.05044,0.20764,-0.4,1.0000,-22.9164,0.4741,-5.4977,149.896,ppo_car_spread_a_deterministic
15.3402,-0.15337,0.0000,0.0017,0.03952,0.03954,0.40773,-0.4,1.0000,-22.9160,0.4741,-5.4983,149.895,ppo_car_spread_a_deterministic
15.3602,-0.15300,0.0000,0.0041,0.04836,0.04840,0.28160,-0.4,1.0000,-22.9155,0.4741,-5.4992,149.895,ppo_car_spread_a_deterministic
15.3802,-0.15300,0.0000,0.0041,0.04401,0.04404,0.16254,-0.9,1.0000,-22.9150,0.4741,-5.4999,149.895,ppo_car_spread_a_deterministic
15.4002,-0.15300,0.0000,0.0041,0.04834,0.04837,0.34115,-0.9,1.0000,-22.9145,0.4741,-5.5007,149.896,ppo_car_spread_a_deterministic
15.4202,-0.15300,0.0000,0.0041,0.04833,0.04836,0.26156,-0.9,1.0000,-22.9140,0.4741,-5.5015,149.897,ppo_car_spread_a_deterministic
15.4402,-0.15290,0.0000,0.0026,0.04862,0.04865,0.28137,-0.9,1.0000,-22.9135,0.4741,-5.5024,149.892,ppo_car_spread_a_deterministic
15.4602,-0.15290,0.0000,0.0026,0.04612,0.04615,0.17287,-0.6,1.0000,-22.9130,0.4741,-5.5032,149.890,ppo_car_spread_a_deterministic
15.4802,-0.15290,0.0000,0.0026,0.04330,0.04332,0.24882,-0.6,1.0000,-22.9126,0.4741,-5.5039,149.891,ppo_car_spread_a_deterministic
15.5002,-0.15290,0.0000,0.0026,0.04519,0.04522,0.32018,-0.6,1.0000,-22.9121,0.4741,-5.5046,149.889,ppo_car_spread_a_deterministic
15.5202,-0.15339,0.0025,0.0000,0.04208,0.04211,0.30829,-0.6,1.0000,-22.9116,0.4741,-5.5054,149.889,ppo_car_spread_a_deterministic
15.5402,-0.15339,0.0025,0.0000,0.04717,0.04720,0.28483,1.3,1.0000,-22.9111,0.4741,-5.5062,149.889,ppo_car_spread_a_deterministic
15.5602,-0.15339,0.0025,0.0000,0.04733,0.04735,0.05712,1.3,1.0000,-22.9106,0.4741,-5.5070,149.888,ppo_car_spread_a_deterministic
15.5802,-0.15339,0.0025,0.0000,0.04406,0.04409,0.26110,1.3,1.0000,-22.9102,0.4741,-5.5077,149.885,ppo_car_spread_a_deterministic
15.6002,-0.15352,0.0000,0.0010,0.04649,0.04651,0.16520,1.3,1.0000,-22.9097,0.4741,-5.5085,149.883,ppo_car_spread_a_deterministic
15.6202,-0.15352,0.0000,0.0010,0.04495,0.04497,0.27798,-0.2,1.0000,-22.9092,0.4741,-5.5093,149.883,ppo_car_spread_a_deterministic
15.6402,-0.15352,0.0000,0.0010,0.04586,0.04588,0.27550,-0.2,1.0000,-22.9087,0.4741,-5.5100,149.884,ppo_car_spread_a_deterministic
15.6602,-0.15352,0.0000,0.0010,0.04618,0.04621,0.38365,-0.2,1.0000,-22.9082,0.4741,-5.5108,149.880,ppo_car_spread_a_deterministic
15.6802,-0.15323,0.0000,0.0002,0.04935,0.04938,0.28955,-0.2,1.0000,-22.9077,0.4741,-5.5117,149.883,ppo_car_spread_a_deterministic
15.7002,-0.15323,0.0000,0.0002,0.04963,0.04966,0.27132,0.0,1.0000,-22.9072,0.4741,-5.5125,149.882,ppo_car_spread_a_deterministic
15.7202,-0.15323,0.0000,0.0002,0.04416,0.04419,0.26911,0.0,1.0000,-22.9067,0.4741,-5.5133,149.880,ppo_car_spread_a_deterministic
15.7402,-0.15323,0.0000,0.0002,0.04280,0.04282,0.38477,0.0,1.0000,-22.9062,0.4741,-5.5140,149.875,ppo_car_spread_a_deterministic
15.7602,-0.15415,0.0023,0.0000,0.04710,0.04712,0.28890,0.0,1.0000,-22.9057,0.4741,-5.5148,149.872,ppo_car_spread_a_deterministic
15.7802,-0.15415,0.0023,0.0000,0.03898,0.03900,0.40822,1.2,1.0000,-22.9053,0.4741,-5.5154,149.868,ppo_car_spread_a_deterministic
15.8002,-0.15415,0.0023,0.0000,0.04425,0.04427,0.39203,1.2,1.0000,-22.9049,0.4741,-5.5162,149.869,ppo_car_spread_a_deterministic
15.8202,-0.15415,0.0023,0.0000,0.04672,0.04674,0.27309,1.2,1.0000,-22.9044,0.4741,-5.5170,149.865,ppo_car_spread_a_deterministic
15.8402,-0.15363,0.0017,0.0000,0.04317,0.04319,0.37695,1.2,1.0000,-22.9039,0.4741,-5.5177,149.861,ppo_car_spread_a_deterministic
15.8602,-0.15363,0.0017,0.0000,0.05233,0.05236,0.25775,0.9,1.0000,-22.9033,0.4741,-5.5186,149.858,ppo_car_spread_a_deterministic
15.8802,-0.15363,0.0017,0.0000,0.05026,0.05029,0.21887,0.9,1.0000,-22.9028,0.4741,-5.5195,149.859,ppo_car_spread_a_deterministic
15.9002,-0.15363,0.0017,0.0000,0.05079,0.05081,0.27945,0.9,1.0000,-22.9023,0.4741,-5.5203,149.857,ppo_car_spread_a_deterministic
15.9202,-0.15311,0.0000,0.0045,0.04382,0.04385,0.40954,0.9,1.0000,-22.9018,0.4741,-5.5211,149.851,ppo_car_spread_a_deterministic
15.9402,-0.15311,0.0000,0.0045,0.04921,0.04923,0.41031,-0.9,1.0000,-22.9013,0.4741,-5.5219,149.852,ppo_car_spread_a_deterministic
15.9602,-0.15311,0.0000,0.0045,0.04807,0.04809,0.33990,-0.9,1.0000,-22.9008,0.4741,-5.5227,149.852,ppo_car_spread_a_deterministic
15.9802,-0.15311,0.0000,0.0045,0.04796,0.04798,0.32557,-0.9,1.0000,-22.9003,0.4741,-5.5235,149.850,ppo_car_spread_a_deterministic
16.0002,-0.15324,0.0000,0.0021,0.04762,0.04764,0.18129,-0.9,1.0000,-22.8998,0.4741,-5.5243,149.849,ppo_car_spread_a_deterministic
16.0202,-0.15324,0.0000,0.0021,0.04875,0.04877,0.23850,-0.4,1.0000,-22.8992,0.4741,-5.5252,149.847,ppo_car_spread_a_deterministic
16.0402,-0.15324,0.0000,0.0021,0.04580,0.04583,0.40632,-0.4,1.0000,-22.8988,0.4741,-5.5259,149.844,ppo_car_spread_a_deterministic
16.0602,-0.15324,0.0000,0.0021,0.04131,0.04133,0.41168,-0.4,1.0000,-22.8983,0.4741,-5.5266,149.843,ppo_car_spread_a_deterministic
16.0802,-0.15447,0.0008,0.0000,0.04295,0.04297,0.34462,-0.4,1.0000,-22.8979,0.4741,-5.5274,149.843,ppo_car_spread_a_deterministic
16.1002,-0.15447,0.0008,0.0000,0.04447,0.04449,0.29306,0.4,1.0000,-22.8974,0.4741,-5.5281,149.840,ppo_car_spread_a_deterministic
16.1202,-0.15447,0.0008,0.0000,0.05192,0.05195,0.28514,0.4,1.0000,-22.8968,0.4741,-5.5290,149.839,ppo_car_spread_a_deterministic
16.1402,-0.15447,0.0008,0.0000,0.04053,0.04055,0.38250,0.4,1.0000,-22.8964,0.4741,-5.5297,149.840,ppo_car_spread_a_deterministic
16.1602,-0.15380,0.0000,0.0054,0.05022,0.05025,0.24584,0.4,1.0000,-22.8959,0.4741,-5.5305,149.835,ppo_car_spread_a_deterministic
16.1802,-0.15380,0.0000,0.0054,0.04786,0.04789,0.27918,-1.1,1.0000,-22.8954,0.4741,-5.5313,149.832,ppo_car_spread_a_deterministic
16.2002,-0.15380,0.0000,0.0054,0.04551,0.04555,0.39235,-1.1,1.0000,-22.8949,0.4741,-5.5321,149.833,ppo_car_spread_a_deterministic
16.2202,-0.15380,0.0000,0.0054,0.04651,0.04654,0.39280,-1.1,1.0000,-22.8944,0.4741,-5.5329,149.829,ppo_car_spread_a_deterministic
16.2402,-0.15395,0.0002,0.0000,0.04394,0.04397,0.26900,-1.1,1.0000,-22.8939,0.4741,-5.5336,149.827,ppo_car_spread_a_deterministic
16.2602,-0.15395,0.0002,0.0000,0.05436,0.05439,0.28655,0.1,1.0000,-22.8933,0.4741,-5.5346,149.824,ppo_car_spread_a_deterministic
16.2802,-0.15395,0.0002,0.0000,0.04477,0.04480,0.15624,0.1,1.0000,-22.8929,0.4741,-5.5353,149.823,ppo_car_spread_a_deterministic
16.3002,-0.15395,0.0002,0.0000,0.05074,0.05077,0.26961,0.1,1.0000,-22.8923,0.4741,-5.5362,149.823,ppo_car_spread_a_deterministic
16.3202,-0.15449,0.0017,0.0000,0.04706,0.04708,0.30217,0.1,1.0000,-22.8918,0.4741,-5.5370,149.819,ppo_car_spread_a_deterministic
16.3402,-0.15449,0.0017,0.0000,0.04827,0.04830,0.27216,0.9,1.0000,-22.8913,0.4741,-5.5378,149.815,ppo_car_spread_a_deterministic
16.3602,-0.15449,0.0017,0.0000,0.04588,0.04590,0.28317,0.9,1.0000,-22.8908,0.4741,-5.5386,149.817,ppo_car_spread_a_deterministic
16.3802,-0.15449,0.0017,0.0000,0.04382,0.04384,0.34891,0.9,1.0000,-22.8903,0.4741,-5.5393,149.813,ppo_car_spread_a_deterministic
16.4002,-0.15382,0.0000,0.0002,0.04623,0.04625,0.13964,0.9,1.0000,-22.8899,0.4741,-5.5401,149.814,ppo_car_spread_a_deterministic
16.4202,-0.15382,0.0000,0.0002,0.04185,0.04188,0.26236,0.0,1.0000,-22.8894,0.4741,-5.5408,149.814,ppo_car_spread_a_deterministic
16.4402,-0.15382,0.0000,0.0002,0.05020,0.05023,0.28844,0.0,1.0000,-22.8889,0.4741,-5.5417,149.810,ppo_car_spread_a_deterministic
16.4602,-0.15382,0.0000,0.0002,0.04856,0.04859,0.26206,0.0,1.0000,-22.8884,0.4741,-5.5425,149.810,ppo_car_spread_a_deterministic
16.4802,-0.15484,0.0000,0.0030,0.04844,0.04847,0.16161,0.0,1.0000,-22.8878,0.4741,-5.5433,149.809,ppo_car_spread_a_deterministic
16.5002,-0.15484,0.0000,0.0030,0.05005,0.05008,0.21271,-0.6,1.0000,-22.8873,0.4741,-5.5442,149.807,ppo_car_spread_a_deterministic
16.5202,-0.15484,0.0000,0.0030,0.04622,0.04625,0.21312,-0.6,1.0000,-22.8868,0.4741,-5.5449,149.805,ppo_car_spread_a_deterministic
16.5402,-0.15484,0.0000,0.0030,0.04648,0.04651,0.40836,-0.6,1.0000,-22.8863,0.4741,-5.5457,149.808,ppo_car_spread_a_deterministic
16.5602,-0.15493,0.0007,0.0000,0.04131,0.04133,0.38730,-0.6,1.0000,-22.8859,0.4741,-5.5464,149.809,ppo_car_spread_a_deterministic
16.5802,-0.15493,0.0007,0.0000,0.04846,0.04850,0.31140,0.3,1.0000,-22.8854,0.4741,-5.5472,149.809,ppo_car_spread_a_deterministic
16.6002,-0.15493,0.0007,0.0000,0.04865,0.04868,0.21189,0.3,1.0000,-22.8848,0.4741,-5.5481,149.808,ppo_car_spread_a_deterministic
16.6202,-0.15493,0.0007,0.0000,0.04330,0.04332,0.22732,0.3,1.0000,-22.8844,0.4741,-5.5488,149.806,ppo_car_spread_a_deterministic
16.6402,-0.15438,0.0000,0.0023,0.04113,0.04114,0.36677,0.3,1.0000,-22.8840,0.4741,-5.5495,149.802,ppo_car_spread_a_deterministic
16.6602,-0.15438,0.0000,0.0023,0.05131,0.05133,0.17312,-0.5,1.0000,-22.8834,0.4741,-5.5504,149.800,ppo_car_spread_a_deterministic
16.6802,-0.15438,0.0000,0.0023,0.04189,0.04191,0.37791,-0.5,1.0000,-22.8830,0.4741,-5.5511,149.797,ppo_car_spread_a_deterministic
16.7002,-0.15438,0.0000,0.0023,0.05061,0.05064,0.28234,-0.5,1.0000,-22.8824,0.4741,-5.5519,149.796,ppo_car_spread_a_deterministic
16.7202,-0.15549,0.0051,0.0000,0.04335,0.04337,0.41014,-0.5,1.0000,-22.8820,0.4741,-5.5527,149.793,ppo_car_spread_a_deterministic
16.7402,-0.15549,0.0051,0.0000,0.04848,0.04851,0.28914,2.7,1.0000,-22.8814,0.4741,-5.5535,149.793,ppo_car_spread_a_deterministic
16.7602,-0.15549,0.0051,0.0000,0.04859,0.04862,0.25796,2.7,1.0000,-22.8809,0.4741,-5.5543,149.790,ppo_car_spread_a_deterministic
16.7802,-0.15549,0.0051,0.0000,0.04690,0.04694,0.40330,2.7,1.0000,-22.8804,0.4741,-5.5551,149.788,ppo_car_spread_a_deterministic
16.8002,-0.15491,0.0000,0.0016,0.05012,0.05015,0.25042,2.7,1.0000,-22.8799,0.4741,-5.5560,149.785,ppo_car_spread_a_deterministic
16.8202,-0.15491,0.0000,0.0016,0.04795,0.04799,0.23876,-0.3,1.0000,-22.8794,0.4741,-5.5568,149.785,ppo_car_spread_a_deterministic
16.8402,-0.15491,0.0000,0.0016,0.04359,0.04361,0.26991,-0.3,1.0000,-22.8789,0.4741,-5.5575,149.784,ppo_car_spread_a_deterministic
16.8602,-0.15491,0.0000,0.0016,0.04960,0.04963,0.37458,-0.3,1.0000,-22.8784,0.4741,-5.5584,149.779,ppo_car_spread_a_deterministic
16.8802,-0.15483,0.0026,0.0000,0.05245,0.05248,0.26360,-0.3,1.0000,-22.8778,0.4741,-5.5593,149.780,ppo_car_spread_a_deterministic
16.9002,-0.15483,0.0026,0.0000,0.05088,0.05091,0.25521,1.4,1.0000,-22.8773,0.4741,-5.5601,149.780,ppo_car_spread_a_deterministic
16.9202,-0.15483,0.0026,0.0000,0.05115,0.05118,0.21653,1.4,1.0000,-22.8767,0.4741,-5.5610,149.775,ppo_car_spread_a_deterministic
16.9402,-0.15483,0.0026,0.0000,0.04811,0.04814,0.18291,1.4,1.0000,-22.8762,0.4741,-5.5618,149.773,ppo_car_spread_a_deterministic
16.9602,-0.15535,0.0000,0.0037,0.04728,0.04731,0.17581,1.4,1.0000,-22.8757,0.4741,-5.5626,149.771,ppo_car_spread_a_deterministic
16.9802,-0.15535,0.0000,0.0037,0.04814,0.04817,0.35030,-0.8,1.0000,-22.8752,0.4741,-5.5634,149.767,ppo_car_spread_a_deterministic
17.0002,-0.15535,0.0000,0.0037,0.04750,0.04753,0.26654,-0.8,1.0000,-22.8747,0.4741,-5.5642,149.768,ppo_car_spread_a_deterministic
17.0202,-0.15535,0.0000,0.0037,0.05359,0.05362,0.28013,-0.8,1.0000,-22.8741,0.4741,-5.5651,149.764,ppo_car_spread_a_deterministic
17.0402,-0.15434,0.0000,0.0016,0.04658,0.04662,0.40893,-0.8,1.0000,-22.8736,0.4741,-5.5659,149.762,ppo_car_spread_a_deterministic
17.0602,-0.15434,0.0000,0.0016,0.04678,0.04680,0.26546,-0.3,1.0000,-22.8731,0.4741,-5.5667,149.761,ppo_car_spread_a_deterministic
17.0802,-0.15434,0.0000,0.0016,0.04592,0.04594,0.31362,-0.3,1.0000,-22.8726,0.4741,-5.5675,149.759,ppo_car_spread_a_deterministic
17.1002,-0.15434,0.0000,0.0016,0.04925,0.04928,0.28847,-0.3,1.0000,-22.8721,0.4741,-5.5683,149.757,ppo_car_spread_a_deterministic
17.1202,-0.15517,0.0007,0.0000,0.04478,0.04481,0.38736,-0.3,1.0000,-22.8716,0.4741,-5.5691,149.761,ppo_car_spread_a_deterministic
17.1402,-0.15517,0.0007,0.0000,0.04928,0.04931,0.11932,0.4,1.0000,-22.8711,0.4741,-5.5699,149.759,ppo_car_spread_a_deterministic
17.1602,-0.15517,0.0007,0.0000,0.05209,0.05212,0.28272,0.4,1.0000,-22.8706,0.4741,-5.5708,149.759,ppo_car_spread_a_deterministic
17.1802,-0.15517,0.0007,0.0000,0.04863,0.04866,0.18041,0.4,1.0000,-22.8700,0.4741,-5.5716,149.758,ppo_car_spread_a_deterministic
17.2002,-0.15436,0.0000,0.0057,0.04674,0.04676,0.41189,0.4,1.0000,-22.8695,0.4741,-5.5724,149.757,ppo_car_spread_a_deterministic
17.2202,-0.15436,0.0000,0.0057,0.04602,0.04604,0.24064,-1.2,1.0000,-22.8691,0.4741,-5.5732,149.756,ppo_car_spread_a_deterministic
17.2402,-0.15436,0.0000,0.0057,0.04708,0.04711,0.14687,-1.2,1.0000,-22.8686,0.4741,-5.5740,149.754,ppo_car_spread_a_deterministic
17.2602,-0.15436,0.0000,0.0057,0.05272,0.05276,0.24814,-1.2,1.0000,-22.8680,0.4741,-5.5749,149.750,ppo_car_spread_a_deterministic
17.2802,-0.15505,0.0000,0.0005,0.04705,0.04708,0.40790,-1.2,1.0000,-22.8675,0.4741,-5.5757,149.745,ppo_car_spread_a_deterministic
17.3002,-0.15505,0.0000,0.0005,0.04618,0.04620,0.34855,-0.1,1.0000,-22.8670,0.4741,-5.5764,149.746,ppo_car_spread_a_deterministic
17.3202,-0.15505,0.0000,0.0005,0.04620,0.04624,0.39725,-0.1,1.0000,-22.8665,0.4741,-5.5772,149.745,ppo_car_spread_a_deterministic
17.3402,-0.15505,0.0000,0.0005,0.05087,0.05089,0.39872,-0.1,1.0000,-22.8660,0.4741,-5.5781,149.746,ppo_car_spread_a_deterministic
17.3602,-0.15513,0.0000,0.0001,0.05598,0.05601,0.28041,-0.1,1.0000,-22.8654,0.4741,-5.5790,149.743,ppo_car_spread_a_deterministic
17.3802,-0.15513,0.0000,0.0001,0.04945,0.04948,0.15627,0.0,1.0000,-22.8648,0.4741,-5.5799,149.744,ppo_car_spread_a_deterministic
17.4002,-0.15513,0.0000,0.0001,0.04657,0.04660,0.23239,0.0,1.0000,-22.8643,0.4741,-5.5807,149.741,ppo_car_spread_a_deterministic
17.4202,-0.15513,0.0000,0.0001,0.04545,0.04547,0.31184,0.0,1.0000,-22.8638,0.4741,-5.5814,149.737,ppo_car_spread_a_deterministic
17.4402,-0.15551,0.0003,0.0000,0.04758,0.04761,0.32170,0.0,1.0000,-22.8633,0.4741,-5.5822,149.734,ppo_car_spread_a_deterministic
17.4602,-0.15551,0.0003,0.0000,0.05132,0.05135,0.28777,0.2,1.0000,-22.8628,0.4741,-5.5831,149.736,ppo_car_spread_a_deterministic
17.4802,-0.15551,0.0003,0.0000,0.04322,0.04324,0.33495,0.2,1.0000,-22.8623,0.4741,-5.5838,149.734,ppo_car_spread_a_deterministic
17.5002,-0.15551,0.0003,0.0000,0.05289,0.05292,0.24681,0.2,1.0000,-22.8618,0.4741,-5.5847,149.732,ppo_car_spread_a_deterministic
17.5202,-0.15588,0.0036,0.0000,0.04625,0.04627,0.30031,0.2,1.0000,-22.8613,0.4741,-5.5855,149.734,ppo_car_spread_a_deterministic
17.5402,-0.15588,0.0036,0.0000,0.04585,0.04588,0.40673,1.9,1.0000,-22.8608,0.4741,-5.5863,149.731,ppo_car_spread_a_deterministic
17.5602,-0.15588,0.0036,0.0000,0.04725,0.04728,0.40733,1.9,1.0000,-22.8603,0.4741,-5.5871,149.726,ppo_car_spread_a_deterministic
17.5802,-0.15588,0.0036,0.0000,0.05438,0.05441,0.27606,1.9,1.0000,-22.8597,0.4741,-5.5880,149.722,ppo_car_spread_a_deterministic
17.6002,-0.15650,0.0005,0.0000,0.04931,0.04934,0.38580,1.9,1.0000,-22.8592,0.4741,-5.5889,149.721,ppo_car_spread_a_deterministic
17.6202,-0.15650,0.0005,0.0000,0.05183,0.05186,0.26295,0.3,1.0000,-22.8586,0.4741,-5.5897,149.723,ppo_car_spread_a_deterministic
17.6402,-0.15650,0.0005,0.0000,0.05212,0.05215,0.21575,0.3,1.0000,-22.8581,0.4741,-5.5906,149.722,ppo_car_spread_a_deterministic
17.6602,-0.15650,0.0005,0.0000,0.05335,0.05338,0.22419,0.3,1.0000,-22.8575,0.4741,-5.5915,149.718,ppo_car_spread_a_deterministic
17.6802,-0.15500,0.0000,0.0055,0.05061,0.05065,0.39753,0.3,1.0000,-22.8570,0.4741,-5.5924,149.712,ppo_car_spread_a_deterministic
17.7002,-0.15500,0.0000,0.0055,0.05339,0.05342,0.24387,-1.2,1.0000,-22.8564,0.4741,-5.5933,149.714,ppo_car_spread_a_deterministic
17.7202,-0.15500,0.0000,0.0055,0.04560,0.04563,0.33414,-1.2,1.0000,-22.8559,0.4741,-5.5941,149.712,ppo_car_spread_a_deterministic
17.7402,-0.15500,0.0000,0.0055,0.05575,0.05578,0.25730,-1.2,1.0000,-22.8553,0.4741,-5.5950,149.709,ppo_car_spread_a_deterministic
17.7602,-0.15588,0.0011,0.0000,0.04622,0.04624,0.28991,-1.2,1.0000,-22.8548,0.4741,-5.5958,149.710,ppo_car_spread_a_deterministic
17.7802,-0.15588,0.0011,0.0000,0.05104,0.05107,0.24304,0.6,1.0000,-22.8543,0.4741,-5.5966,149.711,ppo_car_spread_a_deterministic
17.8002,-0.15588,0.0011,0.0000,0.04807,0.04810,0.16769,0.6,1.0000,-22.8538,0.4741,-5.5975,149.709,ppo_car_spread_a_deterministic
17.8202,-0.15588,0.0011,0.0000,0.04596,0.04599,0.39691,0.6,1.0000,-22.8533,0.4741,-5.5982,149.711,ppo_car_spread_a_deterministic
17.8402,-0.15573,0.0000,0.0012,0.04717,0.04719,0.26014,0.6,1.0000,-22.8528,0.4741,-5.5990,149.712,ppo_car_spread_a_deterministic
17.8602,-0.15573,0.0000,0.0012,0.04940,0.04943,0.28696,-0.3,1.0000,-22.8522,0.4741,-5.5999,149.710,ppo_car_spread_a_deterministic
17.8802,-0.15573,0.0000,0.0012,0.04982,0.04985,0.07694,-0.3,1.0000,-22.8517,0.4741,-5.6007,149.710,ppo_car_spread_a_deterministic
17.9002,-0.15573,0.0000,0.0012,0.04852,0.04855,0.13074,-0.3,1.0000,-22.8512,0.4741,-5.6015,149.708,ppo_car_spread_a_deterministic
17.9202,-0.15527,0.0000,0.0035,0.04714,0.04717,0.29919,-0.3,1.0000,-22.8507,0.4741,-5.6023,149.705,ppo_car_spread_a_deterministic
17.9402,-0.15527,0.0000,0.0035,0.04680,0.04683,0.21917,-0.7,1.0000,-22.8502,0.4741,-5.6031,149.702,ppo_car_spread_a_deterministic
17.9602,-0.15527,0.0000,0.0035,0.04652,0.04654,0.40926,-0.7,1.0000,-22.8497,0.4741,-5.6039,149.697,ppo_car_spread_a_deterministic
17.9802,-0.15527,0.0000,0.0035,0.04745,0.04749,0.32690,-0.7,1.0000,-22.8492,0.4741,-5.6047,149.695,ppo_car_spread_a_deterministic
18.0002,-0.15676,0.0013,0.0000,0.05018,0.05021,0.25610,-0.7,1.0000,-22.8486,0.4741,-5.6056,149.691,ppo_car_spread_a_deterministic
18.0202,-0.15676,0.0013,0.0000,0.04558,0.04560,0.18307,0.7,1.0000,-22.8482,0.4741,-5.6063,149.691,ppo_car_spread_a_deterministic
18.0402,-0.15676,0.0013,0.0000,0.04777,0.04780,0.38949,0.7,1.0000,-22.8476,0.4741,-5.6071,149.688,ppo_car_spread_a_deterministic
18.0602,-0.15676,0.0013,0.0000,0.04610,0.04613,0.41367,0.7,1.0000,-22.8472,0.4741,-5.6079,149.689,ppo_car_spread_a_deterministic
18.0802,-0.15648,0.0000,0.0005,0.04596,0.04598,0.27367,0.7,1.0000,-22.8467,0.4741,-5.6087,149.688,ppo_car_spread_a_deterministic
18.1002,-0.15648,0.0000,0.0005,0.05032,0.05034,0.21446,-0.1,1.0000,-22.8461,0.4741,-5.6095,149.689,ppo_car_spread_a_deterministic
18.1202,-0.15648,0.0000,0.0005,0.04964,0.04966,0.36853,-0.1,1.0000,-22.8456,0.4741,-5.6104,149.689,ppo_car_spread_a_deterministic
18.1402,-0.15648,0.0000,0.0005,0.05115,0.05117,0.21463,-0.1,1.0000,-22.8451,0.4741,-5.6113,149.689,ppo_car_spread_a_deterministic
18.1602,-0.15520,0.0000,0.0033,0.05174,0.05177,0.26851,-0.1,1.0000,-22.8445,0.4741,-5.6121,149.689,ppo_car_spread_a_deterministic
18.1802,-0.15520,0.0000,0.0033,0.04326,0.04329,0.40800,-0.7,1.0000,-22.8440,0.4741,-5.6129,149.689,ppo_car_spread_a_deterministic
18.2002,-0.15520,0.0000,0.0033,0.04279,0.04281,0.39910,-0.7,1.0000,-22.8436,0.4741,-5.6136,149.686,ppo_car_spread_a_deterministic
18.2202,-0.15520,0.0000,0.0033,0.05162,0.05165,0.22842,-0.7,1.0000,-22.8430,0.4741,-5.6145,149.686,ppo_car_spread_a_deterministic
18.2402,-0.15658,0.0043,0.0000,0.04754,0.04757,0.18951,-0.7,1.0000,-22.8425,0.4741,-5.6153,149.682,ppo_car_spread_a_deterministic
18.2602,-0.15658,0.0043,0.0000,0.04588,0.04590,0.30184,2.3,1.0000,-22.8420,0.4741,-5.6160,149.683,ppo_car_spread_a_deterministic
18.2802,-0.15658,0.0043,0.0000,0.04826,0.04830,0.39056,2.3,1.0000,-22.8415,0.4741,-5.6169,149.684,ppo_car_spread_a_deterministic
18.3002,-0.15658,0.0043,0.0000,0.04882,0.04885,0.31960,2.3,1.0000,-22.8410,0.4741,-5.6177,149.684,ppo_car_spread_a_deterministic
18.3202,-0.15535,0.0000,0.0025,0.04885,0.04887,0.26764,2.3,1.0000,-22.8405,0.4741,-5.6185,149.683,ppo_car_spread_a_deterministic
18.3402,-0.15535,0.0000,0.0025,0.04929,0.04932,0.14483,-0.5,1.0000,-22.8399,0.4741,-5.6193,149.681,ppo_car_spread_a_deterministic
18.3602,-0.15535,0.0000,0.0025,0.04647,0.04649,0.33121,-0.5,1.0000,-22.8395,0.4741,-5.6201,149.677,ppo_car_spread_a_deterministic
18.3802,-0.15535,0.0000,0.0025,0.05331,0.05334,0.17659,-0.5,1.0000,-22.8389,0.4741,-5.6210,149.675,ppo_car_spread_a_deterministic
18.4002,-0.15649,0.0006,0.0000,0.04956,0.04959,0.22888,-0.5,1.0000,-22.8383,0.4741,-5.6219,149.673,ppo_car_spread_a_deterministic
18.4202,-0.15649,0.0006,0.0000,0.04644,0.04647,0.41105,0.3,1.0000,-22.8379,0.4741,-5.6227,149.671,ppo_car_spread_a_deterministic
18.4402,-0.15649,0.0006,0.0000,0.05259,0.05261,0.26403,0.3,1.0000,-22.8373,0.4741,-5.6236,149.670,ppo_car_spread_a_deterministic
18.4602,-0.15649,0.0006,0.0000,0.04857,0.04860,0.19058,0.3,1.0000,-22.8368,0.4741,-5.6244,149.668,ppo_car_spread_a_deterministic
18.4802,-0.15533,0.0000,0.0062,0.05247,0.05251,0.30056,0.3,1.0000,-22.8362,0.4741,-5.6253,149.669,ppo_car_spread_a_deterministic
18.5002,-0.15533,0.0000,0.0062,0.05009,0.05012,0.27760,-1.3,1.0000,-22.8357,0.4741,-5.6261,149.667,ppo_car_spread_a_deterministic
18.5202,-0.15533,0.0000,0.0062,0.05152,0.05155,0.09782,-1.3,1.0000,-22.8351,0.4741,-5.6270,149.665,ppo_car_spread_a_deterministic
18.5402,-0.15533,0.0000,0.0062,0.05368,0.05372,0.25996,-1.3,1.0000,-22.8345,0.4741,-5.6279,149.664,ppo_car_spread_a_deterministic
18.5602,-0.15570,0.0000,0.0049,0.04972,0.04975,0.39272,-1.3,1.0000,-22.8340,0.4741,-5.6287,149.665,ppo_car_spread_a_deterministic
18.5802,-0.15570,0.0000,0.0049,0.04640,0.04643,0.27764,-1.0,1.0000,-22.8335,0.4741,-5.6295,149.662,ppo_car_spread_a_deterministic
18.6002,-0.15570,0.0000,0.0049,0.05230,0.05234,0.28928,-1.0,1.0000,-22.8330,0.4741,-5.6304,149.660,ppo_car_spread_a_deterministic
18.6202,-0.15570,0.0000,0.0049,0.04750,0.04752,0.40825,-1.0,1.0000,-22.8325,0.4741,-5.6312,149.663,ppo_car_spread_a_deterministic
18.6402,-0.15584,0.0000,0.0057,0.04744,0.04747,0.18288,-1.0,1.0000,-22.8320,0.4741,-5.6320,149.664,ppo_car_spread_a_deterministic
18.6602,-0.15584,0.0000,0.0057,0.04963,0.04966,0.07132,-1.2,1.0000,-22.8314,0.4741,-5.6328,149.663,ppo_car_spread_a_deterministic
18.6802,-0.15584,0.0000,0.0057,0.05019,0.05022,0.08287,-1.2,1.0000,-22.8309,0.4741,-5.6337,149.661,ppo_car_spread_a_deterministic
18.7002,-0.15584,0.0000,0.0057,0.04628,0.04631,0.33432,-1.2,1.0000,-22.8304,0.4741,-5.6345,149.661,ppo_car_spread_a_deterministic
18.7202,-0.15601,0.0000,0.0035,0.04407,0.04410,0.28874,-1.2,1.0000,-22.8299,0.4741,-5.6352,149.659,ppo_car_spread_a_deterministic
18.7402,-0.15601,0.0000,0.0035,0.04398,0.04400,0.38846,-0.7,1.0000,-22.8295,0.4741,-5.6359,149.655,ppo_car_spread_a_deterministic
18.7602,-0.15601,0.0000,0.0035,0.04611,0.04613,0.40307,-0.7,1.0000,-22.8290,0.4741,-5.6367,149.652,ppo_car_spread_a_deterministic
18.7802,-0.15601,0.0000,0.0035,0.04468,0.04471,0.17454,-0.7,1.0000,-22.8285,0.4741,-5.6375,149.650,ppo_car_spread_a_deterministic
18.8002,-0.15655,0.0008,0.0000,0.04345,0.04347,0.32052,-0.7,1.0000,-22.8280,0.4741,-5.6382,149.649,ppo_car_spread_a_deterministic
18.8202,-0.15655,0.0008,0.0000,0.04455,0.04458,0.38899,0.4,1.0000,-22.8276,0.4741,-5.6390,149.650,ppo_car_spread_a_deterministic
18.8402,-0.15655,0.0008,0.0000,0.04808,0.04811,0.23930,0.4,1.0000,-22.8270,0.4741,-5.6398,149.651,ppo_car_spread_a_deterministic
18.8602,-0.15655,0.0008,0.0000,0.04515,0.04518,0.20326,0.4,1.0000,-22.8266,0.4741,-5.6406,149.647,ppo_car_spread_a_deterministic
18.8802,-0.15590,0.0000,0.0019,0.05076,0.05079,0.29264,0.4,1.0000,-22.8260,0.4741,-5.6414,149.646,ppo_car_spread_a_deterministic
18.9002,-0.15590,0.0000,0.0019,0.04493,0.04496,0.28337,-0.4,1.0000,-22.8255,0.4741,-5.6422,149.646,ppo_car_spread_a_deterministic
18.9202,-0.15590,0.0000,0.0019,0.04711,0.04714,0.34616,-0.4,1.0000,-22.8250,0.4741,-5.6430,149.644,ppo_car_spread_a_deterministic
18.9402,-0.15590,0.0000,0.0019,0.04852,0.04855,0.25756,-0.4,1.0000,-22.8245,0.4741,-5.6438,149.642,ppo_car_spread_a_deterministic
18.9602,-0.15668,0.0000,0.0003,0.04611,0.04614,0.15967,-0.4,1.0000,-22.8240,0.4741,-5.6446,149.642,ppo_car_spread_a_deterministic
18.9802,-0.15668,0.0000,0.0003,0.04674,0.04677,0.25389,-0.1,1.0000,-22.8235,0.4741,-5.6454,149.639,ppo_car_spread_a_deterministic
19.0002,-0.15668,0.0000,0.0003,0.04303,0.04305,0.26313,-0.1,1.0000,-22.8230,0.4741,-5.6461,149.637,ppo_car_spread_a_deterministic
19.0202,-0.15668,0.0000,0.0003,0.04568,0.04571,0.22249,-0.1,1.0000,-22.8226,0.4741,-5.6469,149.635,ppo_car_spread_a_deterministic
19.0403,-0.15717,0.0039,0.0000,0.04097,0.04100,0.40085,-0.1,1.0000,-22.8221,0.4741,-5.6476,149.636,ppo_car_spread_a_deterministic
19.0603,-0.15717,0.0039,0.0000,0.04309,0.04311,0.19926,2.0,1.0000,-22.8217,0.4741,-5.6483,149.634,ppo_car_spread_a_deterministic
19.0803,-0.15717,0.0039,0.0000,0.05056,0.05060,0.27998,2.0,1.0000,-22.8211,0.4741,-5.6491,149.634,ppo_car_spread_a_deterministic
19.1003,-0.15717,0.0039,0.0000,0.04507,0.04509,0.26024,2.0,1.0000,-22.8206,0.4741,-5.6499,149.633,ppo_car_spread_a_deterministic
19.1203,-0.15618,0.0000,0.0042,0.04558,0.04561,0.40835,2.0,1.0000,-22.8201,0.4741,-5.6507,149.629,ppo_car_spread_a_deterministic
19.1403,-0.15618,0.0000,0.0042,0.05111,0.05114,0.27153,-0.9,1.0000,-22.8196,0.4741,-5.6515,149.630,ppo_car_spread_a_deterministic
19.1603,-0.15618,0.0000,0.0042,0.04574,0.04578,0.30148,-0.9,1.0000,-22.8191,0.4741,-5.6523,149.630,ppo_car_spread_a_deterministic
19.1803,-0.15618,0.0000,0.0042,0.04711,0.04714,0.14472,-0.9,1.0000,-22.8186,0.4741,-5.6531,149.628,ppo_car_spread_a_deterministic
19.2003,-0.15640,0.0004,0.0000,0.04778,0.04781,0.28102,-0.9,1.0000,-22.8181,0.4741,-5.6539,149.628,ppo_car_spread_a_deterministic
19.2203,-0.15640,0.0004,0.0000,0.04448,0.04451,0.34006,0.2,1.0000,-22.8176,0.4741,-5.6547,149.628,ppo_car_spread_a_deterministic
19.2403,-0.15640,0.0004,0.0000,0.04940,0.04942,0.27064,0.2,1.0000,-22.8171,0.4741,-5.6555,149.626,ppo_car_spread_a_deterministic
19.2603,-0.15640,0.0004,0.0000,0.04268,0.04270,0.40900,0.2,1.0000,-22.8166,0.4741,-5.6562,149.626,ppo_car_spread_a_deterministic
19.2803,-0.15627,0.0000,0.0028,0.04759,0.04761,0.21574,0.2,1.0000,-22.8161,0.4741,-5.6570,149.624,ppo_car_spread_a_deterministic
19.3003,-0.15627,0.0000,0.0028,0.04635,0.04637,0.39116,-0.6,1.0000,-22.8156,0.4741,-5.6578,149.618,ppo_car_spread_a_deterministic
19.3203,-0.15627,0.0000,0.0028,0.04668,0.04670,0.26190,-0.6,1.0000,-22.8151,0.4741,-5.6586,149.617,ppo_car_spread_a_deterministic
19.3403,-0.15627,0.0000,0.0028,0.04695,0.04698,0.16513,-0.6,1.0000,-22.8146,0.4741,-5.6594,149.616,ppo_car_spread_a_deterministic
19.3603,-0.15655,0.0000,0.0001,0.04628,0.04630,0.16174,-0.6,1.0000,-22.8141,0.4741,-5.6602,149.614,ppo_car_spread_a_deterministic
19.3803,-0.15655,0.0000,0.0001,0.04853,0.04855,0.37203,0.0,1.0000,-22.8136,0.4741,-5.6610,149.611,ppo_car_spread_a_deterministic
19.4003,-0.15655,0.0000,0.0001,0.04299,0.04301,0.32833,0.0,1.0000,-22.8132,0.4741,-5.6617,149.610,ppo_car_spread_a_deterministic
19.4203,-0.15655,0.0000,0.0001,0.05306,0.05310,0.21857,0.0,1.0000,-22.8126,0.4741,-5.6626,149.609,ppo_car_spread_a_deterministic
19.4403,-0.15703,0.0036,0.0000,0.04647,0.04650,0.31799,0.0,1.0000,-22.8121,0.4741,-5.6634,149.611,ppo_car_spread_a_deterministic
19.4603,-0.15703,0.0036,0.0000,0.04577,0.04580,0.24569,1.9,1.0000,-22.8116,0.4741,-5.6642,149.610,ppo_car_spread_a_deterministic
19.4803,-0.15703,0.0036,0.0000,0.05468,0.05472,0.26794,1.9,1.0000,-22.8110,0.4741,-5.6651,149.609,ppo_car_spread_a_deterministic
19.5003,-0.15703,0.0036,0.0000,0.05291,0.05294,0.26751,1.9,1.0000,-22.8104,0.4741,-5.6660,149.605,ppo_car_spread_a_deterministic
19.5203,-0.15629,0.0000,0.0081,0.05169,0.05172,0.26429,1.9,1.0000,-22.8099,0.4741,-5.6669,149.602,ppo_car_spread_a_deterministic
19.5403,-0.15629,0.0000,0.0081,0.04572,0.04575,0.29603,-1.7,1.0000,-22.8094,0.4741,-5.6677,149.604,ppo_car_spread_a_deterministic
19.5603,-0.15629,0.0000,0.0081,0.04693,0.04695,0.37576,-1.7,1.0000,-22.8089,0.4741,-5.6685,149.598,ppo_car_spread_a_deterministic
19.5803,-0.15629,0.0000,0.0081,0.04614,0.04617,0.32276,-1.7,1.0000,-22.8084,0.4741,-5.6692,149.601,ppo_car_spread_a_deterministic
19.6003,-0.15816,0.0010,0.0000,0.04613,0.04616,0.16057,-1.7,1.0000,-22.8079,0.4741,-5.6700,149.599,ppo_car_spread_a_deterministic
19.6203,-0.15816,0.0010,0.0000,0.05099,0.05103,0.29032,0.5,1.0000,-22.8074,0.4741,-5.6709,149.597,ppo_car_spread_a_deterministic
19.6403,-0.15816,0.0010,0.0000,0.05058,0.05061,0.14320,0.5,1.0000,-22.8068,0.4741,-5.6717,149.596,ppo_car_spread_a_deterministic
19.6603,-0.15816,0.0010,0.0000,0.04416,0.04418,0.32387,0.5,1.0000,-22.8063,0.4741,-5.6725,149.596,ppo_car_spread_a_deterministic
19.6803,-0.15684,0.0000,0.0039,0.04749,0.04752,0.38903,0.5,1.0000,-22.8058,0.4741,-5.6733,149.593,ppo_car_spread_a_deterministic
19.7003,-0.15684,0.0000,0.0039,0.04857,0.04860,0.22671,-0.8,1.0000,-22.8053,0.4741,-5.6741,149.590,ppo_car_spread_a_deterministic
19.7203,-0.15684,0.0000,0.0039,0.04166,0.04168,0.38009,-0.8,1.0000,-22.8049,0.4741,-5.6748,149.590,ppo_car_spread_a_deterministic
19.7403,-0.15684,0.0000,0.0039,0.04490,0.04493,0.34371,-0.8,1.0000,-22.8044,0.4741,-5.6756,149.590,ppo_car_spread_a_deterministic
19.7603,-0.15719,0.0046,0.0000,0.04559,0.04562,0.20306,-0.8,1.0000,-22.8039,0.4741,-5.6763,149.589,ppo_car_spread_a_deterministic
19.7803,-0.15719,0.0046,0.0000,0.04657,0.04660,0.23395,2.4,1.0000,-22.8034,0.4741,-5.6771,149.589,ppo_car_spread_a_deterministic
19.8003,-0.15719,0.0046,0.0000,0.04772,0.04775,0.22994,2.4,1.0000,-22.8029,0.4741,-5.6779,149.588,ppo_car_spread_a_deterministic
19.8203,-0.15719,0.0046,0.0000,0.04495,0.04497,0.41459,2.4,1.0000,-22.8024,0.4741,-5.6787,149.589,ppo_car_spread_a_deterministic
19.8403,-0.15714,0.0000,0.0011,0.04859,0.04861,0.30998,2.4,1.0000,-22.8019,0.4741,-5.6795,149.586,ppo_car_spread_a_deterministic
19.8603,-0.15714,0.0000,0.0011,0.04915,0.04919,0.39874,-0.2,1.0000,-22.8014,0.4741,-5.6803,149.583,ppo_car_spread_a_deterministic
19.8803,-0.15714,0.0000,0.0011,0.05243,0.05246,0.27421,-0.2,1.0000,-22.8008,0.4741,-5.6812,149.584,ppo_car_spread_a_deterministic
19.9003,-0.15714,0.0000,0.0011,0.05118,0.05121,0.16983,-0.2,1.0000,-22.8002,0.4741,-5.6821,149.582,ppo_car_spread_a_deterministic
19.9203,-0.15605,0.0000,0.0066,0.05039,0.05042,0.21079,-0.2,1.0000,-22.7997,0.4741,-5.6829,149.580,ppo_car_spread_a_deterministic
19.9403,-0.15605,0.0000,0.0066,0.04654,0.04657,0.15661,-1.4,1.0000,-22.7992,0.4741,-5.6837,149.578,ppo_car_spread_a_deterministic
19.9603,-0.15605,0.0000,0.0066,0.04421,0.04424,0.29665,-1.4,1.0000,-22.7987,0.4741,-5.6845,149.577,ppo_car_spread_a_deterministic
19.9803,-0.15605,0.0000,0.0066,0.03707,0.03709,0.40081,-1.4,1.0000,-22.7983,0.4741,-5.6851,149.576,ppo_car_spread_a_deterministic
20.0003,-0.15732,0.0023,0.0000,0.04491,0.04494,0.39576,-1.4,1.0000,-22.7979,0.4741,-5.6858,149.573,ppo_car_spread_a_deterministic
20.0203,-0.15732,0.0023,0.0000,0.04391,0.04394,0.20014,1.2,1.0000,-22.7974,0.4741,-5.6866,149.570,ppo_car_spread_a_deterministic
20.0403,-0.15732,0.0023,0.0000,0.04693,0.04696,0.40531,1.2,1.0000,-22.7969,0.4741,-5.6874,149.573,ppo_car_spread_a_deterministic
20.0603,-0.15732,0.0023,0.0000,0.04772,0.04774,0.07001,1.2,1.0000,-22.7964,0.4741,-5.6882,149.571,ppo_car_spread_a_deterministic
20.0803,-0.15639,0.0000,0.0014,0.05227,0.05231,0.28038,1.2,1.0000,-22.7958,0.4741,-5.6891,149.566,ppo_car_spread_a_deterministic
20.1003,-0.15639,0.0000,0.0014,0.04730,0.04733,0.41125,-0.3,1.0000,-22.7953,0.4741,-5.6899,149.560,ppo_car_spread_a_deterministic
20.1203,-0.15639,0.0000,0.0014,0.04871,0.04874,0.12646,-0.3,1.0000,-22.7948,0.4741,-5.6907,149.558,ppo_car_spread_a_deterministic
20.1403,-0.15639,0.0000,0.0014,0.04352,0.04356,0.40809,-0.3,1.0000,-22.7943,0.4741,-5.6914,149.558,ppo_car_spread_a_deterministic
20.1603,-0.15739,0.0000,0.0019,0.04714,0.04717,0.22040,-0.3,1.0000,-22.7938,0.4741,-5.6922,149.556,ppo_car_spread_a_deterministic
20.1803,-0.15739,0.0000,0.0019,0.04736,0.04738,0.36731,-0.4,1.0000,-22.7933,0.4741,-5.6930,149.559,ppo_car_spread_a_deterministic
20.2003,-0.15739,0.0000,0.0019,0.04910,0.04912,0.28458,-0.4,1.0000,-22.7928,0.4741,-5.6939,149.556,ppo_car_spread_a_deterministic
20.2203,-0.15739,0.0000,0.0019,0.04919,0.04921,0.18345,-0.4,1.0000,-22.7923,0.4741,-5.6947,149.555,ppo_car_spread_a_deterministic
20.2403,-0.15739,0.0000,0.0021,0.04775,0.04779,0.33416,-0.4,1.0000,-22.7917,0.4741,-5.6955,149.554,ppo_car_spread_a_deterministic
20.2603,-0.15739,0.0000,0.0021,0.04779,0.04782,0.40315,-0.4,1.0000,-22.7912,0.4741,-5.6963,149.558,ppo_car_spread_a_deterministic
20.2803,-0.15739,0.0000,0.0021,0.04406,0.04409,0.27598,-0.4,1.0000,-22.7908,0.4741,-5.6971,149.558,ppo_car_spread_a_deterministic
20.3003,-0.15739,0.0000,0.0021,0.04734,0.04736,0.40883,-0.4,1.0000,-22.7902,0.4741,-5.6979,149.559,ppo_car_spread_a_deterministic
20.3203,-0.15749,0.0024,0.0000,0.05175,0.05177,0.28185,-0.4,1.0000,-22.7897,0.4741,-5.6987,149.557,ppo_car_spread_a_deterministic
20.3403,-0.15749,0.0024,0.0000,0.04836,0.04839,0.31575,1.2,1.0000,-22.7892,0.4741,-5.6996,149.552,ppo_car_spread_a_deterministic
20.3603,-0.15749,0.0024,0.0000,0.04737,0.04740,0.38525,1.2,1.0000,-22.7887,0.4741,-5.7004,149.555,ppo_car_spread_a_deterministic
20.3803,-0.15749,0.0024,0.0000,0.04248,0.04250,0.28975,1.2,1.0000,-22.7882,0.4741,-5.7011,149.554,ppo_car_spread_a_deterministic
20.4003,-0.15645,0.0000,0.0020,0.04645,0.04647,0.40787,1.2,1.0000,-22.7877,0.4741,-5.7019,149.552,ppo_car_spread_a_deterministic
20.4203,-0.15645,0.0000,0.0020,0.04850,0.04853,0.35287,-0.4,1.0000,-22.7872,0.4741,-5.7027,149.550,ppo_car_spread_a_deterministic
20.4403,-0.15645,0.0000,0.0020,0.05045,0.05048,0.07843,-0.4,1.0000,-22.7867,0.4741,-5.7035,149.549,ppo_car_spread_a_deterministic
20.4603,-0.15645,0.0000,0.0020,0.04561,0.04564,0.18782,-0.4,1.0000,-22.7862,0.4741,-5.7043,149.549,ppo_car_spread_a_deterministic
20.4803,-0.15708,0.0000,0.0040,0.04957,0.04959,0.16125,-0.4,1.0000,-22.7856,0.4741,-5.7051,149.546,ppo_car_spread_a_deterministic
20.5003,-0.15708,0.0000,0.0040,0.04358,0.04360,0.40495,-0.8,1.0000,-22.7852,0.4741,-5.7059,149.546,ppo_car_spread_a_deterministic
20.5203,-0.15708,0.0000,0.0040,0.05263,0.05266,0.29174,-0.8,1.0000,-22.7846,0.4741,-5.7068,149.546,ppo_car_spread_a_deterministic
20.5403,-0.15708,0.0000,0.0040,0.05031,0.05034,0.25475,-0.8,1.0000,-22.7841,0.4741,-5.7076,149.547,ppo_car_spread_a_deterministic
20.5603,-0.15674,0.0000,0.0064,0.04662,0.04665,0.35015,-0.8,1.0000,-22.7836,0.4741,-5.7084,149.549,ppo_car_spread_a_deterministic
20.5803,-0.15674,0.0000,0.0064,0.04739,0.04742,0.37892,-1.3,1.0000,-22.7831,0.4741,-5.7092,149.552,ppo_car_spread_a_deterministic
20.6003,-0.15674,0.0000,0.0064,0.04374,0.04376,0.40654,-1.3,1.0000,-22.7826,0.4741,-5.7099,149.552,ppo_car_spread_a_deterministic
20.6203,-0.15674,0.0000,0.0064,0.05212,0.05215,0.26558,-1.3,1.0000,-22.7820,0.4741,-5.7108,149.551,ppo_car_spread_a_deterministic
20.6403,-0.15749,0.0026,0.0000,0.04913,0.04916,0.28390,-1.3,1.0000,-22.7815,0.4741,-5.7117,149.554,ppo_car_spread_a_deterministic
20.6603,-0.15749,0.0026,0.0000,0.05260,0.05263,0.27489,1.4,1.0000,-22.7809,0.4741,-5.7125,149.553,ppo_car_spread_a_deterministic
20.6803,-0.15749,0.0026,0.0000,0.04756,0.04759,0.39987,1.4,1.0000,-22.7804,0.4741,-5.7133,149.549,ppo_car_spread_a_deterministic
20.7003,-0.15749,0.0026,0.0000,0.05133,0.05137,0.27824,1.4,1.0000,-22.7799,0.4741,-5.7142,149.548,ppo_car_spread_a_deterministic
20.7203,-0.15841,0.0000,0.0000,0.04962,0.04965,0.24035,1.4,1.0000,-22.7793,0.4741,-5.7151,149.546,ppo_car_spread_a_deterministic
20.7403,-0.15841,0.0000,0.0000,0.04663,0.04666,0.16533,0.0,1.0000,-22.7788,0.4741,-5.7158,149.544,ppo_car_spread_a_deterministic
20.7603,-0.15841,0.0000,0.0000,0.04309,0.04310,0.37561,0.0,1.0000,-22.7784,0.4741,-5.7166,149.541,ppo_car_spread_a_deterministic
20.7803,-0.15841,0.0000,0.0000,0.04815,0.04818,0.21486,0.0,1.0000,-22.7779,0.4741,-5.7174,149.538,ppo_car_spread_a_deterministic
20.8003,-0.15874,0.0044,0.0000,0.04727,0.04729,0.19657,0.0,1.0000,-22.7774,0.4741,-5.7182,149.537,ppo_car_spread_a_deterministic
20.8203,-0.15874,0.0044,0.0000,0.04935,0.04938,0.15080,2.3,1.0000,-22.7768,0.4741,-5.7190,149.534,ppo_car_spread_a_deterministic
20.8403,-0.15874,0.0044,0.0000,0.05345,0.05348,0.21314,2.3,1.0000,-22.7763,0.4741,-5.7199,149.532,ppo_car_spread_a_deterministic
20.8603,-0.15874,0.0044,0.0000,0.04875,0.04878,0.38371,2.3,1.0000,-22.7757,0.4741,-5.7207,149.535,ppo_car_spread_a_deterministic
20.8803,-0.15762,0.0000,0.0064,0.05037,0.05040,0.20815,2.3,1.0000,-22.7752,0.4741,-5.7216,149.533,ppo_car_spread_a_deterministic
20.9003,-0.15762,0.0000,0.0064,0.04626,0.04628,0.39685,-1.3,1.0000,-22.7747,0.4741,-5.7224,149.528,ppo_car_spread_a_deterministic
20.9203,-0.15762,0.0000,0.0064,0.05212,0.05215,0.26582,-1.3,1.0000,-22.7742,0.4741,-5.7233,149.523,ppo_car_spread_a_deterministic
20.9403,-0.15762,0.0000,0.0064,0.04449,0.04453,0.37826,-1.3,1.0000,-22.7737,0.4741,-5.7240,149.521,ppo_car_spread_a_deterministic
20.9603,-0.15866,0.0000,0.0042,0.04458,0.04460,0.34135,-1.3,1.0000,-22.7732,0.4741,-5.7248,149.517,ppo_car_spread_a_deterministic
20.9803,-0.15866,0.0000,0.0042,0.05482,0.05485,0.22683,-0.9,1.0000,-22.7726,0.4741,-5.7257,149.515,ppo_car_spread_a_deterministic
21.0003,-0.15866,0.0000,0.0042,0.04800,0.04803,0.22721,-0.9,1.0000,-22.7721,0.4741,-5.7265,149.510,ppo_car_spread_a_deterministic
21.0203,-0.15866,0.0000,0.0042,0.04326,0.04329,0.37334,-0.9,1.0000,-22.7716,0.4741,-5.7272,149.512,ppo_car_spread_a_deterministic
21.0403,-0.15907,0.0000,0.0002,0.04700,0.04703,0.41054,-0.9,1.0000,-22.7711,0.4741,-5.7280,149.508,ppo_car_spread_a_deterministic
21.0603,-0.15907,0.0000,0.0002,0.04394,0.04397,0.31992,0.0,1.0000,-22.7707,0.4741,-5.7287,149.507,ppo_car_spread_a_deterministic
21.0803,-0.15907,0.0000,0.0002,0.04785,0.04788,0.28319,0.0,1.0000,-22.7701,0.4741,-5.7296,149.507,ppo_car_spread_a_deterministic
21.1003,-0.15907,0.0000,0.0002,0.04898,0.04901,0.18028,0.0,1.0000,-22.7696,0.4741,-5.7304,149.505,ppo_car_spread_a_deterministic
21.1203,-0.15790,0.0000,0.0012,0.04615,0.04618,0.39822,0.0,1.0000,-22.7691,0.4741,-5.7312,149.500,ppo_car_spread_a_deterministic
21.1403,-0.15790,0.0000,0.0012,0.04953,0.04956,0.24926,-0.3,1.0000,-22.7686,0.4741,-5.7320,149.498,ppo_car_spread_a_deterministic
21.1603,-0.15790,0.0000,0.0012,0.05095,0.05099,0.22445,-0.3,1.0000,-22.7680,0.4741,-5.7329,149.495,ppo_car_spread_a_deterministic
21.1803,-0.15790,0.0000,0.0012,0.05325,0.05328,0.27215,-0.3,1.0000,-22.7675,0.4741,-5.7338,149.492,ppo_car_spread_a_deterministic
21.2003,-0.15854,0.0000,0.0036,0.05337,0.05340,0.27346,-0.3,1.0000,-22.7669,0.4741,-5.7347,149.489,ppo_car_spread_a_deterministic
21.2203,-0.15854,0.0000,0.0036,0.04807,0.04811,0.22691,-0.8,1.0000,-22.7664,0.4741,-5.7355,149.489,ppo_car_spread_a_deterministic
21.2403,-0.15854,0.0000,0.0036,0.04195,0.04198,0.31930,-0.8,1.0000,-22.7659,0.4741,-5.7362,149.488,ppo_car_spread_a_deterministic
21.2603,-0.15854,0.0000,0.0036,0.04776,0.04779,0.25101,-0.8,1.0000,-22.7654,0.4741,-5.7370,149.488,ppo_car_spread_a_deterministic
21.2803,-0.15879,0.0047,0.0000,0.04105,0.04107,0.38069,-0.8,1.0000,-22.7650,0.4741,-5.7377,149.484,ppo_car_spread_a_deterministic
21.3003,-0.15879,0.0047,0.0000,0.04180,0.04183,0.40677,2.5,1.0000,-22.7645,0.4741,-5.7384,149.482,ppo_car_spread_a_deterministic
21.3203,-0.15879,0.0047,0.0000,0.05205,0.05208,0.27766,2.5,1.0000,-22.7640,0.4741,-5.7393,149.478,ppo_car_spread_a_deterministic
21.3403,-0.15879,0.0047,0.0000,0.04553,0.04556,0.34989,2.5,1.0000,-22.7635,0.4741,-5.7400,149.475,ppo_car_spread_a_deterministic
21.3603,-0.15875,0.0000,0.0045,0.04968,0.04971,0.25748,2.5,1.0000,-22.7629,0.4741,-5.7409,149.474,ppo_car_spread_a_deterministic
21.3803,-0.15875,0.0000,0.0045,0.04926,0.04929,0.17578,-0.9,1.0000,-22.7624,0.4741,-5.7417,149.473,ppo_car_spread_a_deterministic
21.4003,-0.15875,0.0000,0.0045,0.04390,0.04393,0.39480,-0.9,1.0000,-22.7619,0.4741,-5.7424,149.473,ppo_car_spread_a_deterministic
21.4203,-0.15875,0.0000,0.0045,0.04465,0.04469,0.35437,-0.9,1.0000,-22.7614,0.4741,-5.7432,149.470,ppo_car_spread_a_deterministic
21.4403,-0.15881,0.0026,0.0000,0.04550,0.04553,0.18222,-0.9,1.0000,-22.7609,0.4741,-5.7440,149.467,ppo_car_spread_a_deterministic
21.4603,-0.15881,0.0026,0.0000,0.04586,0.04589,0.37580,1.4,1.0000,-22.7605,0.4741,-5.7447,149.462,ppo_car_spread_a_deterministic
21.4803,-0.15881,0.0026,0.0000,0.04886,0.04888,0.08273,1.4,1.0000,-22.7599,0.4741,-5.7456,149.459,ppo_car_spread_a_deterministic
21.5003,-0.15881,0.0026,0.0000,0.04780,0.04783,0.16277,1.4,1.0000,-22.7594,0.4741,-5.7464,149.457,ppo_car_spread_a_deterministic
21.5203,-0.15895,0.0000,0.0016,0.04240,0.04243,0.32418,1.4,1.0000,-22.7590,0.4741,-5.7471,149.457,ppo_car_spread_a_deterministic
21.5403,-0.15895,0.0000,0.0016,0.05021,0.05024,0.25353,-0.3,1.0000,-22.7584,0.4741,-5.7479,149.458,ppo_car_spread_a_deterministic
21.5603,-0.15895,0.0000,0.0016,0.04040,0.04043,0.40266,-0.3,1.0000,-22.7580,0.4741,-5.7486,149.456,ppo_car_spread_a_deterministic
21.5803,-0.15895,0.0000,0.0016,0.05064,0.05067,0.24898,-0.3,1.0000,-22.7574,0.4741,-5.7495,149.451,ppo_car_spread_a_deterministic
21.6003,-0.15974,0.0068,0.0000,0.04993,0.04997,0.22206,-0.3,1.0000,-22.7569,0.4741,-5.7503,149.449,ppo_car_spread_a_deterministic
21.6203,-0.15974,0.0068,0.0000,0.05510,0.05513,0.20323,3.6,1.0000,-22.7563,0.4741,-5.7512,149.448,ppo_car_spread_a_deterministic
21.6403,-0.15974,0.0068,0.0000,0.04958,0.04961,0.15700,3.6,1.0000,-22.7558,0.4741,-5.7521,149.445,ppo_car_spread_a_deterministic
21.6603,-0.15974,0.0068,0.0000,0.05252,0.05255,0.27000,3.6,1.0000,-22.7552,0.4741,-5.7530,149.446,ppo_car_spread_a_deterministic
21.6803,-0.15898,0.0000,0.0024,0.04984,0.04987,0.18534,3.6,1.0000,-22.7547,0.4741,-5.7538,149.444,ppo_car_spread_a_deterministic
21.7003,-0.15898,0.0000,0.0024,0.04698,0.04700,0.17662,-0.5,1.0000,-22.7542,0.4741,-5.7546,149.444,ppo_car_spread_a_deterministic
21.7203,-0.15898,0.0000,0.0024,0.05393,0.05397,0.22115,-0.5,1.0000,-22.7536,0.4741,-5.7555,149.444,ppo_car_spread_a_deterministic
21.7403,-0.15898,0.0000,0.0024,0.05046,0.05049,0.22163,-0.5,1.0000,-22.7530,0.4741,-5.7564,149.441,ppo_car_spread_a_deterministic
21.7603,-0.15815,0.0000,0.0074,0.04970,0.04973,0.39931,-0.5,1.0000,-22.7525,0.4741,-5.7572,149.438,ppo_car_spread_a_deterministic
21.7803,-0.15815,0.0000,0.0074,0.04680,0.04683,0.32865,-1.6,1.0000,-22.7520,0.4741,-5.7580,149.439,ppo_car_spread_a_deterministic
21.8003,-0.15815,0.0000,0.0074,0.05490,0.05494,0.24203,-1.6,1.0000,-22.7514,0.4741,-5.7589,149.438,ppo_car_spread_a_deterministic
21.8203,-0.15815,0.0000,0.0074,0.05281,0.05284,0.23702,-1.6,1.0000,-22.7508,0.4741,-5.7598,149.435,ppo_car_spread_a_deterministic
21.8403,-0.15818,0.0000,0.0083,0.05211,0.05214,0.33116,-1.6,1.0000,-22.7503,0.4741,-5.7607,149.431,ppo_car_spread_a_deterministic
21.8603,-0.15818,0.0000,0.0083,0.05235,0.05238,0.27448,-1.7,1.0000,-22.7497,0.4741,-5.7616,149.427,ppo_car_spread_a_deterministic
21.8803,-0.15818,0.0000,0.0083,0.04546,0.04549,0.33135,-1.7,1.0000,-22.7492,0.4741,-5.7623,149.425,ppo_car_spread_a_deterministic
21.9003,-0.15818,0.0000,0.0083,0.04654,0.04657,0.38123,-1.7,1.0000,-22.7487,0.4741,-5.7631,149.423,ppo_car_spread_a_deterministic
21.9203,-0.15930,0.0015,0.0000,0.05269,0.05272,0.27652,-1.7,1.0000,-22.7482,0.4741,-5.7640,149.422,ppo_car_spread_a_deterministic
21.9403,-0.15930,0.0015,0.0000,0.04637,0.04640,0.31981,0.8,1.0000,-22.7477,0.4741,-5.7648,149.419,ppo_car_spread_a_deterministic
21.9603,-0.15930,0.0015,0.0000,0.04742,0.04745,0.18057,0.8,1.0000,-22.7472,0.4741,-5.7656,149.418,ppo_car_spread_a_deterministic
21.9803,-0.15930,0.0015,0.0000,0.04795,0.04798,0.23590,0.8,1.0000,-22.7466,0.4741,-5.7664,149.414,ppo_car_spread_a_deterministic
22.0003,-0.15901,0.0000,0.0007,0.04418,0.04420,0.40891,0.8,1.0000,-22.7462,0.4741,-5.7671,149.414,ppo_car_spread_a_deterministic
22.0203,-0.15901,0.0000,0.0007,0.04567,0.04570,0.34805,-0.2,1.0000,-22.7457,0.4741,-5.7679,149.410,ppo_car_spread_a_deterministic
22.0403,-0.15901,0.0000,0.0007,0.04668,0.04671,0.40487,-0.2,1.0000,-22.7452,0.4741,-5.7687,149.407,ppo_car_spread_a_deterministic
22.0603,-0.15901,0.0000,0.0007,0.04725,0.04728,0.31748,-0.2,1.0000,-22.7447,0.4741,-5.7695,149.403,ppo_car_spread_a_deterministic
22.0803,-0.15975,0.0005,0.0000,0.05038,0.05041,0.11090,-0.2,1.0000,-22.7441,0.4741,-5.7703,149.402,ppo_car_spread_a_deterministic
22.1003,-0.15975,0.0005,0.0000,0.04865,0.04868,0.39012,0.3,1.0000,-22.7436,0.4741,-5.7712,149.399,ppo_car_spread_a_deterministic
22.1203,-0.15975,0.0005,0.0000,0.04669,0.04672,0.40261,0.3,1.0000,-22.7431,0.4741,-5.7719,149.396,ppo_car_spread_a_deterministic
22.1403,-0.15975,0.0005,0.0000,0.05267,0.05270,0.24118,0.3,1.0000,-22.7425,0.4741,-5.7728,149.398,ppo_car_spread_a_deterministic
22.1603,-0.16003,0.0007,0.0000,0.04537,0.04540,0.32599,0.3,1.0000,-22.7420,0.4741,-5.7736,149.396,ppo_car_spread_a_deterministic
22.1803,-0.16003,0.0007,0.0000,0.05091,0.05093,0.32855,0.3,1.0000,-22.7415,0.4741,-5.7745,149.393,ppo_car_spread_a_deterministic
22.2003,-0.16003,0.0007,0.0000,0.05366,0.05369,0.27204,0.3,1.0000,-22.7409,0.4741,-5.7754,149.393,ppo_car_spread_a_deterministic
22.2203,-0.16003,0.0007,0.0000,0.04510,0.04513,0.40818,0.3,1.0000,-22.7404,0.4741,-5.7761,149.389,ppo_car_spread_a_deterministic
22.2403,-0.15874,0.0000,0.0070,0.04920,0.04923,0.32439,0.3,1.0000,-22.7399,0.4741,-5.7770,149.384,ppo_car_spread_a_deterministic
22.2603,-0.15874,0.0000,0.0070,0.05476,0.05479,0.24206,-1.5,1.0000,-22.7393,0.4741,-5.7779,149.382,ppo_car_spread_a_deterministic
22.2803,-0.15874,0.0000,0.0070,0.04362,0.04364,0.38476,-1.5,1.0000,-22.7388,0.4741,-5.7786,149.384,ppo_car_spread_a_deterministic
22.3003,-0.15874,0.0000,0.0070,0.05130,0.05134,0.34861,-1.5,1.0000,-22.7383,0.4741,-5.7795,149.383,ppo_car_spread_a_deterministic
22.3203,-0.15915,0.0025,0.0000,0.04503,0.04506,0.41044,-1.5,1.0000,-22.7378,0.4741,-5.7802,149.387,ppo_car_spread_a_deterministic
22.3403,-0.15915,0.0025,0.0000,0.05141,0.05144,0.24131,1.3,1.0000,-22.7372,0.4741,-5.7811,149.384,ppo_car_spread_a_deterministic
22.3603,-0.15915,0.0025,0.0000,0.04851,0.04853,0.40469,1.3,1.0000,-22.7367,0.4741,-5.7819,149.383,ppo_car_spread_a_deterministic
22.3803,-0.15915,0.0025,0.0000,0.05503,0.05507,0.24993,1.3,1.0000,-22.7361,0.4741,-5.7829,149.383,ppo_car_spread_a_deterministic
22.4003,-0.15898,0.0000,0.0019,0.05368,0.05371,0.24168,1.3,1.0000,-22.7355,0.4741,-5.7838,149.380,ppo_car_spread_a_deterministic
22.4203,-0.15898,0.0000,0.0019,0.04423,0.04425,0.40994,-0.4,1.0000,-22.7351,0.4741,-5.7845,149.381,ppo_car_spread_a_deterministic
22.4403,-0.15898,0.0000,0.0019,0.05287,0.05291,0.29030,-0.4,1.0000,-22.7345,0.4741,-5.7854,149.381,ppo_car_spread_a_deterministic
22.4603,-0.15898,0.0000,0.0019,0.04913,0.04917,0.29546,-0.4,1.0000,-22.7339,0.4741,-5.7862,149.380,ppo_car_spread_a_deterministic
22.4803,-0.15885,0.0000,0.0065,0.05169,0.05172,0.27890,-0.4,1.0000,-22.7334,0.4741,-5.7871,149.379,ppo_car_spread_a_deterministic
22.5003,-0.15885,0.0000,0.0065,0.04913,0.04916,0.06117,-1.4,1.0000,-22.7329,0.4741,-5.7879,149.378,ppo_car_spread_a_deterministic
22.5203,-0.15885,0.0000,0.0065,0.04987,0.04990,0.31682,-1.4,1.0000,-22.7323,0.4741,-5.7888,149.381,ppo_car_spread_a_deterministic
22.5403,-0.15885,0.0000,0.0065,0.04901,0.04904,0.17941,-1.4,1.0000,-22.7318,0.4741,-5.7896,149.381,ppo_car_spread_a_deterministic
22.5603,-0.15800,0.0000,0.0047,0.04888,0.04892,0.28072,-1.4,1.0000,-22.7313,0.4741,-5.7904,149.379,ppo_car_spread_a_deterministic
22.5803,-0.15800,0.0000,0.0047,0.04698,0.04702,0.27119,-1.0,1.0000,-22.7308,0.4741,-5.7912,149.377,ppo_car_spread_a_deterministic
22.6003,-0.15800,0.0000,0.0047,0.05208,0.05212,0.25630,-1.0,1.0000,-22.7302,0.4741,-5.7921,149.374,ppo_car_spread_a_deterministic
22.6203,-0.15800,0.0000,0.0047,0.05023,0.05026,0.20963,-1.0,1.0000,-22.7296,0.4741,-5.7929,149.372,ppo_car_spread_a_deterministic
22.6403,-0.15944,0.0000,0.0051,0.04456,0.04458,0.32225,-1.0,1.0000,-22.7292,0.4741,-5.7937,149.372,ppo_car_spread_a_deterministic
22.6603,-0.15944,0.0000,0.0051,0.04811,0.04814,0.27848,-1.1,1.0000,-22.7286,0.4741,-5.7945,149.370,ppo_car_spread_a_deterministic
22.6803,-0.15944,0.0000,0.0051,0.04604,0.04607,0.30339,-1.1,1.0000,-22.7282,0.4741,-5.7952,149.370,ppo_car_spread_a_deterministic
22.7003,-0.15944,0.0000,0.0051,0.05109,0.05112,0.19824,-1.1,1.0000,-22.7276,0.4741,-5.7961,149.370,ppo_car_spread_a_deterministic
22.7203,-0.15963,0.0004,0.0000,0.04545,0.04548,0.37306,-1.1,1.0000,-22.7271,0.4741,-5.7969,149.371,ppo_car_spread_a_deterministic
22.7403,-0.15963,0.0004,0.0000,0.04934,0.04937,0.26661,0.2,1.0000,-22.7266,0.4741,-5.7977,149.366,ppo_car_spread_a_deterministic
22.7603,-0.15963,0.0004,0.0000,0.04634,0.04637,0.41136,0.2,1.0000,-22.7261,0.4741,-5.7985,149.368,ppo_car_spread_a_deterministic
22.7803,-0.15963,0.0004,0.0000,0.04918,0.04921,0.25854,0.2,1.0000,-22.7256,0.4741,-5.7993,149.368,ppo_car_spread_a_deterministic
22.8003,-0.15918,0.0000,0.0003,0.04991,0.04994,0.20853,0.2,1.0000,-22.7250,0.4741,-5.8002,149.364,ppo_car_spread_a_deterministic
22.8203,-0.15918,0.0000,0.0003,0.04916,0.04919,0.36247,-0.1,1.0000,-22.7245,0.4741,-5.8010,149.364,ppo_car_spread_a_deterministic
22.8403,-0.15918,0.0000,0.0003,0.04873,0.04876,0.06515,-0.1,1.0000,-22.7240,0.4741,-5.8018,149.363,ppo_car_spread_a_deterministic
22.8603,-0.15918,0.0000,0.0003,0.04877,0.04879,0.26971,-0.1,1.0000,-22.7234,0.4741,-5.8026,149.359,ppo_car_spread_a_deterministic
22.8803,-0.15982,0.0000,0.0018,0.04522,0.04525,0.25490,-0.1,1.0000,-22.7229,0.4741,-5.8034,149.355,ppo_car_spread_a_deterministic
22.9003,-0.15982,0.0000,0.0018,0.05163,0.05165,0.23114,-0.4,1.0000,-22.7224,0.4741,-5.8043,149.355,ppo_car_spread_a_deterministic
22.9203,-0.15982,0.0000,0.0018,0.04488,0.04490,0.31953,-0.4,1.0000,-22.7219,0.4741,-5.8050,149.355,ppo_car_spread_a_deterministic
22.9403,-0.15982,0.0000,0.0018,0.04504,0.04507,0.39538,-0.4,1.0000,-22.7214,0.4741,-5.8058,149.354,ppo_car_spread_a_deterministic
22.9603,-0.15985,0.0018,0.0000,0.04358,0.04360,0.39453,-0.4,1.0000,-22.7209,0.4741,-5.8065,149.351,ppo_car_spread_a_deterministic
22.9803,-0.15985,0.0018,0.0000,0.04561,0.04563,0.32812,0.9,1.0000,-22.7205,0.4741,-5.8073,149.350,ppo_car_spread_a_deterministic
23.0003,-0.15985,0.0018,0.0000,0.04651,0.04654,0.22792,0.9,1.0000,-22.7200,0.4741,-5.8081,149.349,ppo_car_spread_a_deterministic
23.0203,-0.15985,0.0018,0.0000,0.04380,0.04382,0.40154,0.9,1.0000,-22.7195,0.4741,-5.8088,149.347,ppo_car_spread_a_deterministic
23.0403,-0.16001,0.0004,0.0000,0.04522,0.04525,0.23521,0.9,1.0000,-22.7190,0.4741,-5.8096,149.344,ppo_car_spread_a_deterministic
23.0603,-0.16001,0.0004,0.0000,0.04870,0.04873,0.14273,0.2,1.0000,-22.7185,0.4741,-5.8104,149.340,ppo_car_spread_a_deterministic
23.0803,-0.16001,0.0004,0.0000,0.04666,0.04670,0.18689,0.2,1.0000,-22.7180,0.4741,-5.8112,149.338,ppo_car_spread_a_deterministic
23.1003,-0.16001,0.0004,0.0000,0.05279,0.05282,0.26557,0.2,1.0000,-22.7174,0.4741,-5.8121,149.336,ppo_car_spread_a_deterministic
23.1203,-0.16075,0.0007,0.0000,0.04334,0.04337,0.40894,0.2,1.0000,-22.7169,0.4741,-5.8128,149.329,ppo_car_spread_a_deterministic
23.1403,-0.16075,0.0007,0.0000,0.04961,0.04965,0.18455,0.3,1.0000,-22.7164,0.4741,-5.8136,149.328,ppo_car_spread_a_deterministic
23.1603,-0.16075,0.0007,0.0000,0.04730,0.04732,0.23810,0.3,1.0000,-22.7159,0.4741,-5.8144,149.323,ppo_car_spread_a_deterministic
23.1803,-0.16075,0.0007,0.0000,0.04140,0.04143,0.41217,0.3,1.0000,-22.7154,0.4741,-5.8151,149.321,ppo_car_spread_a_deterministic
23.2003,-0.16132,0.0007,0.0000,0.05132,0.05135,0.20749,0.3,1.0000,-22.7149,0.4741,-5.8160,149.319,ppo_car_spread_a_deterministic
23.2203,-0.16132,0.0007,0.0000,0.04731,0.04734,0.19243,0.4,1.0000,-22.7144,0.4741,-5.8168,149.318,ppo_car_spread_a_deterministic
23.2403,-0.16132,0.0007,0.0000,0.05023,0.05027,0.23885,0.4,1.0000,-22.7138,0.4741,-5.8176,149.318,ppo_car_spread_a_deterministic
23.2603,-0.16132,0.0007,0.0000,0.04777,0.04780,0.06030,0.4,1.0000,-22.7133,0.4741,-5.8184,149.317,ppo_car_spread_a_deterministic
23.2803,-0.15987,0.0000,0.0038,0.04343,0.04346,0.37378,0.4,1.0000,-22.7128,0.4741,-5.8192,149.316,ppo_car_spread_a_deterministic
23.3003,-0.15987,0.0000,0.0038,0.05053,0.05056,0.28247,-0.8,1.0000,-22.7123,0.4741,-5.8200,149.314,ppo_car_spread_a_deterministic
23.3203,-0.15987,0.0000,0.0038,0.04843,0.04846,0.22944,-0.8,1.0000,-22.7118,0.4741,-5.8208,149.312,ppo_car_spread_a_deterministic
23.3403,-0.15987,0.0000,0.0038,0.04979,0.04983,0.24763,-0.8,1.0000,-22.7112,0.4741,-5.8217,149.312,ppo_car_spread_a_deterministic
23.3603,-0.16061,0.0000,0.0013,0.05011,0.05015,0.25734,-0.8,1.0000,-22.7107,0.4741,-5.8225,149.313,ppo_car_spread_a_deterministic
23.3803,-0.16061,0.0000,0.0013,0.04194,0.04196,0.35158,-0.3,1.0000,-22.7102,0.4741,-5.8232,149.309,ppo_car_spread_a_deterministic
23.4003,-0.16061,0.0000,0.0013,0.04687,0.04690,0.36191,-0.3,1.0000,-22.7097,0.4741,-5.8240,149.304,ppo_car_spread_a_deterministic
23.4204,-0.16061,0.0000,0.0013,0.04904,0.04906,0.15430,-0.3,1.0000,-22.7092,0.4741,-5.8248,149.301,ppo_car_spread_a_deterministic
23.4404,-0.16176,0.0011,0.0000,0.04712,0.04715,0.11981,-0.3,1.0000,-22.7087,0.4741,-5.8256,149.301,ppo_car_spread_a_deterministic
23.4604,-0.16176,0.0011,0.0000,0.04831,0.04834,0.17116,0.6,1.0000,-22.7082,0.4741,-5.8264,149.298,ppo_car_spread_a_deterministic
23.4804,-0.16176,0.0011,0.0000,0.04867,0.04869,0.23426,0.6,1.0000,-22.7076,0.4741,-5.8273,149.299,ppo_car_spread_a_deterministic
23.5004,-0.16176,0.0011,0.0000,0.04328,0.04331,0.20544,0.6,1.0000,-22.7072,0.4741,-5.8280,149.296,ppo_car_spread_a_deterministic
23.5204,-0.16035,0.0000,0.0019,0.04226,0.04229,0.40827,0.6,1.0000,-22.7067,0.4741,-5.8287,149.295,ppo_car_spread_a_deterministic
23.5404,-0.16035,0.0000,0.0019,0.04631,0.04634,0.39369,-0.4,1.0000,-22.7062,0.4741,-5.8295,149.294,ppo_car_spread_a_deterministic
23.5604,-0.16035,0.0000,0.0019,0.04564,0.04567,0.30745,-0.4,1.0000,-22.7057,0.4741,-5.8302,149.291,ppo_car_spread_a_deterministic
23.5804,-0.16035,0.0000,0.0019,0.04522,0.04525,0.37106,-0.4,1.0000,-22.7052,0.4741,-5.8310,149.292,ppo_car_spread_a_deterministic
23.6004,-0.16150,0.0019,0.0000,0.04698,0.04701,0.20964,-0.4,1.0000,-22.7047,0.4741,-5.8318,149.291,ppo_car_spread_a_deterministic
23.6204,-0.16150,0.0019,0.0000,0.04477,0.04480,0.36082,1.0,1.0000,-22.7042,0.4741,-5.8325,149.291,ppo_car_spread_a_deterministic
23.6404,-0.16150,0.0019,0.0000,0.04039,0.04042,0.39539,1.0,1.0000,-22.7038,0.4741,-5.8332,149.290,ppo_car_spread_a_deterministic
23.6604,-0.16150,0.0019,0.0000,0.05080,0.05084,0.23419,1.0,1.0000,-22.7032,0.4741,-5.8341,149.287,ppo_car_spread_a_deterministic
23.6804,-0.16156,0.0067,0.0000,0.04556,0.04560,0.41171,1.0,1.0000,-22.7027,0.4741,-5.8348,149.284,ppo_car_spread_a_deterministic
23.7004,-0.16156,0.0067,0.0000,0.05076,0.05080,0.28036,3.5,1.0000,-22.7022,0.4741,-5.8357,149.284,ppo_car_spread_a_deterministic
23.7204,-0.16156,0.0067,0.0000,0.05549,0.05552,0.26959,3.5,1.0000,-22.7016,0.4741,-5.8366,149.282,ppo_car_spread_a_deterministic
23.7404,-0.16156,0.0067,0.0000,0.04724,0.04727,0.31275,3.5,1.0000,-22.7011,0.4741,-5.8374,149.283,ppo_car_spread_a_deterministic
23.7604,-0.16038,0.0000,0.0082,0.05210,0.05214,0.40342,3.5,1.0000,-22.7005,0.4741,-5.8383,149.284,ppo_car_spread_a_deterministic
23.7804,-0.16038,0.0000,0.0082,0.04840,0.04843,0.26909,-1.7,1.0000,-22.7000,0.4741,-5.8391,149.286,ppo_car_spread_a_deterministic
23.8004,-0.16038,0.0000,0.0082,0.04847,0.04849,0.38071,-1.7,1.0000,-22.6994,0.4741,-5.8399,149.287,ppo_car_spread_a_deterministic
23.8204,-0.16038,0.0000,0.0082,0.04315,0.04318,0.30545,-1.7,1.0000,-22.6990,0.4741,-5.8407,149.286,ppo_car_spread_a_deterministic
23.8404,-0.16000,0.0000,0.0022,0.04881,0.04885,0.24697,-1.7,1.0000,-22.6985,0.4741,-5.8415,149.285,ppo_car_spread_a_deterministic
23.8604,-0.16000,0.0000,0.0022,0.05049,0.05053,0.29117,-0.5,1.0000,-22.6979,0.4741,-5.8423,149.288,ppo_car_spread_a_deterministic
23.8804,-0.16000,0.0000,0.0022,0.04700,0.04703,0.17204,-0.5,1.0000,-22.6974,0.4741,-5.8431,149.288,ppo_car_spread_a_deterministic
23.9004,-0.16000,0.0000,0.0022,0.04915,0.04917,0.17627,-0.5,1.0000,-22.6969,0.4741,-5.8440,149.287,ppo_car_spread_a_deterministic
23.9204,-0.16060,0.0000,0.0003,0.04842,0.04846,0.24729,-0.5,1.0000,-22.6963,0.4741,-5.8448,149.285,ppo_car_spread_a_deterministic
23.9404,-0.16060,0.0000,0.0003,0.04635,0.04638,0.36312,-0.1,1.0000,-22.6958,0.4741,-5.8456,149.283,ppo_car_spread_a_deterministic
23.9604,-0.16060,0.0000,0.0003,0.04224,0.04226,0.41031,-0.1,1.0000,-22.6954,0.4741,-5.8463,149.284,ppo_car_spread_a_deterministic
23.9804,-0.16060,0.0000,0.0003,0.04486,0.04489,0.30553,-0.1,1.0000,-22.6949,0.4741,-5.8470,149.281,ppo_car_spread_a_deterministic
24.0004,-0.16067,0.0039,0.0000,0.05495,0.05498,0.21070,-0.1,1.0000,-22.6943,0.4741,-5.8479,149.279,ppo_car_spread_a_deterministic
24.0204,-0.16067,0.0039,0.0000,0.05047,0.05050,0.38177,2.0,1.0000,-22.6938,0.4741,-5.8488,149.275,ppo_car_spread_a_deterministic
24.0404,-0.16067,0.0039,0.0000,0.04676,0.04678,0.25404,2.0,1.0000,-22.6933,0.4741,-5.8496,149.275,ppo_car_spread_a_deterministic
24.0604,-0.16067,0.0039,0.0000,0.05005,0.05008,0.28569,2.0,1.0000,-22.6927,0.4741,-5.8504,149.277,ppo_car_spread_a_deterministic
24.0804,-0.16055,0.0000,0.0002,0.04623,0.04626,0.40580,2.0,1.0000,-22.6922,0.4741,-5.8512,149.279,ppo_car_spread_a_deterministic
24.1004,-0.16055,0.0000,0.0002,0.05006,0.05009,0.34230,-0.1,1.0000,-22.6917,0.4741,-5.8520,149.275,ppo_car_spread_a_deterministic
24.1204,-0.16055,0.0000,0.0002,0.04558,0.04562,0.40751,-0.1,1.0000,-22.6912,0.4741,-5.8528,149.273,ppo_car_spread_a_deterministic
24.1404,-0.16055,0.0000,0.0002,0.04985,0.04989,0.27364,-0.1,1.0000,-22.6906,0.4741,-5.8536,149.271,ppo_car_spread_a_deterministic
24.1604,-0.16160,0.0016,0.0000,0.04907,0.04910,0.13584,-0.1,1.0000,-22.6901,0.4741,-5.8545,149.270,ppo_car_spread_a_deterministic
24.1804,-0.16160,0.0016,0.0000,0.04863,0.04866,0.41449,0.8,1.0000,-22.6896,0.4741,-5.8553,149.266,ppo_car_spread_a_deterministic
24.2004,-0.16160,0.0016,0.0000,0.05270,0.05273,0.22107,0.8,1.0000,-22.6890,0.4741,-5.8562,149.264,ppo_car_spread_a_deterministic
24.2204,-0.16160,0.0016,0.0000,0.04975,0.04978,0.37088,0.8,1.0000,-22.6885,0.4741,-5.8570,149.265,ppo_car_spread_a_deterministic
24.2404,-0.16123,0.0000,0.0053,0.05337,0.05340,0.25948,0.8,1.0000,-22.6879,0.4741,-5.8579,149.262,ppo_car_spread_a_deterministic
24.2604,-0.16123,0.0000,0.0053,0.05072,0.05075,0.11823,-1.1,1.0000,-22.6873,0.4741,-5.8588,149.261,ppo_car_spread_a_deterministic
24.2804,-0.16123,0.0000,0.0053,0.04796,0.04799,0.32754,-1.1,1.0000,-22.6868,0.4741,-5.8596,149.258,ppo_car_spread_a_deterministic
24.3004,-0.16123,0.0000,0.0053,0.05270,0.05275,0.27809,-1.1,1.0000,-22.6862,0.4741,-5.8605,149.257,ppo_car_spread_a_deterministic
24.3204,-0.16187,0.0000,0.0004,0.04357,0.04360,0.41034,-1.1,1.0000,-22.6858,0.4741,-5.8612,149.253,ppo_car_spread_a_deterministic
24.3404,-0.16187,0.0000,0.0004,0.05170,0.05174,0.37397,-0.1,1.0000,-22.6852,0.4741,-5.8621,149.249,ppo_car_spread_a_deterministic
24.3604,-0.16187,0.0000,0.0004,0.05339,0.05342,0.26976,-0.1,1.0000,-22.6846,0.4741,-5.8630,149.247,ppo_car_spread_a_deterministic
24.3804,-0.16187,0.0000,0.0004,0.04810,0.04814,0.40933,-0.1,1.0000,-22.6841,0.4741,-5.8638,149.244,ppo_car_spread_a_deterministic
24.4004,-0.16126,0.0000,0.0058,0.05249,0.05253,0.19021,-0.1,1.0000,-22.6835,0.4741,-5.8646,149.242,ppo_car_spread_a_deterministic
24.4204,-0.16126,0.0000,0.0058,0.04882,0.04886,0.38088,-1.2,1.0000,-22.6830,0.4741,-5.8655,149.240,ppo_car_spread_a_deterministic
24.4404,-0.16126,0.0000,0.0058,0.04688,0.04691,0.39311,-1.2,1.0000,-22.6825,0.4741,-5.8663,149.238,ppo_car_spread_a_deterministic
24.4604,-0.16126,0.0000,0.0058,0.04651,0.04653,0.20515,-1.2,1.0000,-22.6820,0.4741,-5.8670,149.238,ppo_car_spread_a_deterministic
24.4804,-0.16156,0.0003,0.0000,0.04431,0.04434,0.35864,-1.2,1.0000,-22.6815,0.4741,-5.8678,149.237,ppo_car_spread_a_deterministic
24.5004,-0.16156,0.0003,0.0000,0.05004,0.05006,0.17709,0.1,1.0000,-22.6810,0.4741,-5.8686,149.234,ppo_car_spread_a_deterministic
24.5204,-0.16156,0.0003,0.0000,0.04945,0.04948,0.18634,0.1,1.0000,-22.6804,0.4741,-5.8695,149.231,ppo_car_spread_a_deterministic
24.5404,-0.16156,0.0003,0.0000,0.04555,0.04558,0.39048,0.1,1.0000,-22.6800,0.4741,-5.8702,149.225,ppo_car_spread_a_deterministic
24.5604,-0.16185,0.0000,0.0020,0.04881,0.04885,0.26730,0.1,1.0000,-22.6794,0.4741,-5.8710,149.224,ppo_car_spread_a_deterministic
24.5804,-0.16185,0.0000,0.0020,0.05018,0.05021,0.20929,-0.4,1.0000,-22.6789,0.4741,-5.8719,149.220,ppo_car_spread_a_deterministic
24.6004,-0.16185,0.0000,0.0020,0.04980,0.04983,0.13102,-0.4,1.0000,-22.6783,0.4741,-5.8727,149.219,ppo_car_spread_a_deterministic
24.6204,-0.16185,0.0000,0.0020,0.04737,0.04740,0.41123,-0.4,1.0000,-22.6778,0.4741,-5.8735,149.221,ppo_car_spread_a_deterministic
24.6404,-0.16152,0.0000,0.0028,0.04689,0.04692,0.36434,-0.4,1.0000,-22.6773,0.4741,-5.8743,149.223,ppo_car_spread_a_deterministic
24.6604,-0.16152,0.0000,0.0028,0.04838,0.04841,0.17646,-0.6,1.0000,-22.6768,0.4741,-5.8751,149.221,ppo_car_spread_a_deterministic
24.6804,-0.16152,0.0000,0.0028,0.04607,0.04611,0.41219,-0.6,1.0000,-22.6763,0.4741,-5.8759,149.218,ppo_car_spread_a_deterministic
24.7004,-0.16152,0.0000,0.0028,0.04902,0.04906,0.14144,-0.6,1.0000,-22.6758,0.4741,-5.8767,149.215,ppo_car_spread_a_deterministic
24.7204,-0.16255,0.0016,0.0000,0.05017,0.05019,0.25246,-0.6,1.0000,-22.6752,0.4741,-5.8776,149.214,ppo_car_spread_a_deterministic
24.7404,-0.16255,0.0016,0.0000,0.04042,0.04045,0.35702,0.8,1.0000,-22.6748,0.4741,-5.8782,149.213,ppo_car_spread_a_deterministic
24.7604,-0.16255,0.0016,0.0000,0.04229,0.04231,0.27938,0.8,1.0000,-22.6743,0.4741,-5.8789,149.212,ppo_car_spread_a_deterministic
24.7804,-0.16255,0.0016,0.0000,0.04597,0.04599,0.39322,0.8,1.0000,-22.6738,0.4741,-5.8797,149.207,ppo_car_spread_a_deterministic
24.8004,-0.16235,0.0049,0.0000,0.04500,0.04503,0.36943,0.8,1.0000,-22.6733,0.4741,-5.8805,149.206,ppo_car_spread_a_deterministic
24.8204,-0.16235,0.0049,0.0000,0.05020,0.05023,0.16651,2.6,1.0000,-22.6728,0.4741,-5.8813,149.203,ppo_car_spread_a_deterministic
24.8404,-0.16235,0.0049,0.0000,0.05304,0.05307,0.26717,2.6,1.0000,-22.6722,0.4741,-5.8822,149.199,ppo_car_spread_a_deterministic
24.8604,-0.16235,0.0049,0.0000,0.04639,0.04642,0.30109,2.6,1.0000,-22.6717,0.4741,-5.8830,149.197,ppo_car_spread_a_deterministic
24.8804,-0.16227,0.0000,0.0052,0.04685,0.04688,0.32607,2.6,1.0000,-22.6712,0.4741,-5.8838,149.197,ppo_car_spread_a_deterministic
24.9004,-0.16227,0.0000,0.0052,0.04758,0.04760,0.35985,-1.1,1.0000,-22.6707,0.4741,-5.8846,149.195,ppo_car_spread_a_deterministic
24.9204,-0.16227,0.0000,0.0052,0.05513,0.05517,0.25066,-1.1,1.0000,-22.6701,0.4741,-5.8855,149.192,ppo_car_spread_a_deterministic
24.9404,-0.16227,0.0000,0.0052,0.04671,0.04674,0.29410,-1.1,1.0000,-22.6696,0.4741,-5.8863,149.191,ppo_car_spread_a_deterministic
24.9604,-0.16201,0.0000,0.0076,0.04758,0.04761,0.26682,-1.1,1.0000,-22.6691,0.4741,-5.8871,149.188,ppo_car_spread_a_deterministic
24.9804,-0.16201,0.0000,0.0076,0.05415,0.05419,0.22666,-1.6,1.0000,-22.6685,0.4741,-5.8880,149.186,ppo_car_spread_a_deterministic
25.0004,-0.16201,0.0000,0.0076,0.04744,0.04747,0.15903,-1.6,1.0000,-22.6679,0.4741,-5.8888,149.185,ppo_car_spread_a_deterministic
25.0204,-0.16201,0.0000,0.0076,0.05368,0.05372,0.25993,-1.6,1.0000,-22.6674,0.4741,-5.8897,149.182,ppo_car_spread_a_deterministic
25.0404,-0.16214,0.0000,0.0004,0.05102,0.05106,0.35513,-1.6,1.0000,-22.6668,0.4741,-5.8906,149.183,ppo_car_spread_a_deterministic
25.0604,-0.16214,0.0000,0.0004,0.05127,0.05130,0.27583,-0.1,1.0000,-22.6662,0.4741,-5.8914,149.180,ppo_car_spread_a_deterministic
25.0804,-0.16214,0.0000,0.0004,0.05163,0.05166,0.25056,-0.1,1.0000,-22.6657,0.4741,-5.8923,149.177,ppo_car_spread_a_deterministic
25.1004,-0.16214,0.0000,0.0004,0.05133,0.05137,0.32070,-0.1,1.0000,-22.6651,0.4741,-5.8932,149.177,ppo_car_spread_a_deterministic
25.1204,-0.16233,0.0000,0.0041,0.04724,0.04727,0.18033,-0.1,1.0000,-22.6646,0.4741,-5.8940,149.177,ppo_car_spread_a_deterministic
25.1404,-0.16233,0.0000,0.0041,0.04523,0.04526,0.30906,-0.9,1.0000,-22.6641,0.4741,-5.8947,149.176,ppo_car_spread_a_deterministic
25.1604,-0.16233,0.0000,0.0041,0.04729,0.04732,0.36896,-0.9,1.0000,-22.6636,0.4741,-5.8955,149.173,ppo_car_spread_a_deterministic
25.1804,-0.16233,0.0000,0.0041,0.04888,0.04891,0.26588,-0.9,1.0000,-22.6631,0.4741,-5.8963,149.169,ppo_car_spread_a_deterministic
25.2004,-0.16267,0.0003,0.0000,0.05094,0.05097,0.25276,-0.9,1.0000,-22.6625,0.4741,-5.8972,149.168,ppo_car_spread_a_deterministic
25.2204,-0.16267,0.0003,0.0000,0.05046,0.05048,0.23336,0.1,1.0000,-22.6620,0.4741,-5.8980,149.166,ppo_car_spread_a_deterministic
25.2404,-0.16267,0.0003,0.0000,0.04553,0.04556,0.14805,0.1,1.0000,-22.6615,0.4741,-5.8988,149.165,ppo_car_spread_a_deterministic
25.2604,-0.16267,0.0003,0.0000,0.04493,0.04496,0.22109,0.1,1.0000,-22.6610,0.4741,-5.8996,149.164,ppo_car_spread_a_deterministic
25.2804,-0.16241,0.0014,0.0000,0.05151,0.05155,0.22000,0.1,1.0000,-22.6604,0.4741,-5.9004,149.160,ppo_car_spread_a_deterministic
25.3004,-0.16241,0.0014,0.0000,0.05317,0.05321,0.23152,0.7,1.0000,-22.6599,0.4741,-5.9013,149.158,ppo_car_spread_a_deterministic
25.3204,-0.16241,0.0014,0.0000,0.04680,0.04682,0.29669,0.7,1.0000,-22.6594,0.4741,-5.9021,149.159,ppo_car_spread_a_deterministic
25.3404,-0.16241,0.0014,0.0000,0.05058,0.05060,0.24777,0.7,1.0000,-22.6588,0.4741,-5.9030,149.158,ppo_car_spread_a_deterministic
25.3604,-0.16210,0.0000,0.0001,0.04622,0.04625,0.33724,0.7,1.0000,-22.6583,0.4741,-5.9037,149.157,ppo_car_spread_a_deterministic
25.3804,-0.16210,0.0000,0.0001,0.04919,0.04922,0.20371,0.0,1.0000,-22.6578,0.4741,-5.9046,149.155,ppo_car_spread_a_deterministic
25.4004,-0.16210,0.0000,0.0001,0.04379,0.04382,0.32960,0.0,1.0000,-22.6573,0.4741,-5.9053,149.154,ppo_car_spread_a_deterministic
25.4204,-0.16210,0.0000,0.0001,0.04866,0.04870,0.41046,0.0,1.0000,-22.6568,0.4741,-5.9061,149.154,ppo_car_spread_a_deterministic
25.4404,-0.16261,0.0032,0.0000,0.04846,0.04850,0.38187,0.0,1.0000,-22.6562,0.4741,-5.9069,149.151,ppo_car_spread_a_deterministic
25.4604,-0.16261,0.0032,0.0000,0.05162,0.05165,0.28589,1.7,1.0000,-22.6557,0.4741,-5.9078,149.149,ppo_car_spread_a_deterministic
25.4804,-0.16261,0.0032,0.0000,0.04876,0.04878,0.17861,1.7,1.0000,-22.6551,0.4741,-5.9086,149.149,ppo_car_spread_a_deterministic
25.5004,-0.16261,0.0032,0.0000,0.04455,0.04459,0.41429,1.7,1.0000,-22.6547,0.4741,-5.9094,149.148,ppo_car_spread_a_deterministic
25.5204,-0.16208,0.0000,0.0021,0.05065,0.05068,0.20195,1.7,1.0000,-22.6541,0.4741,-5.9102,149.146,ppo_car_spread_a_deterministic
25.5404,-0.16208,0.0000,0.0021,0.04542,0.04544,0.40280,-0.4,1.0000,-22.6536,0.4741,-5.9110,149.147,ppo_car_spread_a_deterministic
25.5604,-0.16208,0.0000,0.0021,0.05050,0.05054,0.21384,-0.4,1.0000,-22.6531,0.4741,-5.9118,149.148,ppo_car_spread_a_deterministic
25.5804,-0.16208,0.0000,0.0021,0.04860,0.04863,0.17796,-0.4,1.0000,-22.6525,0.4741,-5.9126,149.145,ppo_car_spread_a_deterministic
25.6004,-0.16174,0.0000,0.0041,0.04920,0.04923,0.23307,-0.4,1.0000,-22.6520,0.4741,-5.9135,149.140,ppo_car_spread_a_deterministic
25.6204,-0.16174,0.0000,0.0041,0.05088,0.05090,0.23457,-0.9,1.0000,-22.6514,0.4741,-5.9143,149.138,ppo_car_spread_a_deterministic
25.6404,-0.16174,0.0000,0.0041,0.04669,0.04671,0.25069,-0.9,1.0000,-22.6509,0.4741,-5.9151,149.138,ppo_car_spread_a_deterministic
25.6604,-0.16174,0.0000,0.0041,0.04827,0.04829,0.38290,-0.9,1.0000,-22.6504,0.4741,-5.9159,149.140,ppo_car_spread_a_deterministic
25.6804,-0.16232,0.0001,0.0000,0.04668,0.04670,0.40053,-0.9,1.0000,-22.6499,0.4741,-5.9167,149.138,ppo_car_spread_a_deterministic
25.7004,-0.16232,0.0001,0.0000,0.04630,0.04633,0.34979,0.0,1.0000,-22.6494,0.4741,-5.9175,149.132,ppo_car_spread_a_deterministic
25.7204,-0.16232,0.0001,0.0000,0.04969,0.04974,0.31137,0.0,1.0000,-22.6489,0.4741,-5.9183,149.129,ppo_car_spread_a_deterministic
25.7404,-0.16232,0.0001,0.0000,0.05302,0.05306,0.28196,0.0,1.0000,-22.6483,0.4741,-5.9192,149.126,ppo_car_spread_a_deterministic
25.7604,-0.16328,0.0000,0.0022,0.04537,0.04539,0.37144,0.0,1.0000,-22.6478,0.4741,-5.9200,149.126,ppo_car_spread_a_deterministic
25.7804,-0.16328,0.0000,0.0022,0.04885,0.04888,0.16940,-0.5,1.0000,-22.6473,0.4741,-5.9208,149.124,ppo_car_spread_a_deterministic
25.8004,-0.16328,0.0000,0.0022,0.04967,0.04970,0.28064,-0.5,1.0000,-22.6467,0.4741,-5.9216,149.123,ppo_car_spread_a_deterministic
25.8204,-0.16328,0.0000,0.0022,0.05119,0.05122,0.28124,-0.5,1.0000,-22.6462,0.4741,-5.9225,149.123,ppo_car_spread_a_deterministic
25.8404,-0.16249,0.0000,0.0027,0.04580,0.04584,0.18440,-0.5,1.0000,-22.6457,0.4741,-5.9233,149.122,ppo_car_spread_a_deterministic
25.8604,-0.16249,0.0000,0.0027,0.04541,0.04544,0.34973,-0.6,1.0000,-22.6452,0.4741,-5.9240,149.126,ppo_car_spread_a_deterministic
25.8804,-0.16249,0.0000,0.0027,0.04730,0.04734,0.30834,-0.6,1.0000,-22.6447,0.4741,-5.9248,149.123,ppo_car_spread_a_deterministic
25.9004,-0.16249,0.0000,0.0027,0.04754,0.04757,0.29074,-0.6,1.0000,-22.6441,0.4741,-5.9256,149.119,ppo_car_spread_a_deterministic
25.9204,-0.16353,0.0002,0.0000,0.04984,0.04988,0.22004,-0.6,1.0000,-22.6436,0.4741,-5.9264,149.117,ppo_car_spread_a_deterministic
25.9404,-0.16353,0.0002,0.0000,0.04684,0.04687,0.40809,0.1,1.0000,-22.6431,0.4741,-5.9272,149.118,ppo_car_spread_a_deterministic
25.9604,-0.16353,0.0002,0.0000,0.04838,0.04841,0.17482,0.1,1.0000,-22.6426,0.4741,-5.9280,149.116,ppo_car_spread_a_deterministic
25.9804,-0.16353,0.0002,0.0000,0.05100,0.05103,0.21743,0.1,1.0000,-22.6420,0.4741,-5.9289,149.113,ppo_car_spread_a_deterministic
26.0004,-0.16345,0.0000,0.0009,0.04436,0.04439,0.21082,0.1,1.0000,-22.6415,0.4741,-5.9296,149.112,ppo_car_spread_a_deterministic
26.0204,-0.16345,0.0000,0.0009,0.04391,0.04395,0.40096,-0.2,1.0000,-22.6410,0.4741,-5.9304,149.111,ppo_car_spread_a_deterministic
26.0404,-0.16345,0.0000,0.0009,0.05213,0.05216,0.28243,-0.2,1.0000,-22.6405,0.4741,-5.9313,149.110,ppo_car_spread_a_deterministic
26.0604,-0.16345,0.0000,0.0009,0.04979,0.04983,0.21968,-0.2,1.0000,-22.6399,0.4741,-5.9321,149.108,ppo_car_spread_a_deterministic
26.0804,-0.16265,0.0000,0.0050,0.04006,0.04009,0.37676,-0.2,1.0000,-22.6395,0.4741,-5.9328,149.106,ppo_car_spread_a_deterministic
26.1004,-0.16265,0.0000,0.0050,0.04639,0.04642,0.24536,-1.1,1.0000,-22.6390,0.4741,-5.9335,149.107,ppo_car_spread_a_deterministic
26.1204,-0.16265,0.0000,0.0050,0.04589,0.04592,0.30422,-1.1,1.0000,-22.6385,0.4741,-5.9343,149.108,ppo_car_spread_a_deterministic
26.1404,-0.16265,0.0000,0.0050,0.04944,0.04947,0.20701,-1.1,1.0000,-22.6380,0.4741,-5.9351,149.106,ppo_car_spread_a_deterministic
26.1604,-0.16267,0.0006,0.0000,0.05163,0.05166,0.28354,-1.1,1.0000,-22.6374,0.4741,-5.9360,149.102,ppo_car_spread_a_deterministic
26.1804,-0.16267,0.0006,0.0000,0.05244,0.05248,0.27773,0.3,1.0000,-22.6368,0.4741,-5.9369,149.100,ppo_car_spread_a_deterministic
26.2004,-0.16267,0.0006,0.0000,0.04921,0.04925,0.37451,0.3,1.0000,-22.6363,0.4741,-5.9377,149.095,ppo_car_spread_a_deterministic
26.2204,-0.16267,0.0006,0.0000,0.04565,0.04569,0.28682,0.3,1.0000,-22.6358,0.4741,-5.9385,149.095,ppo_car_spread_a_deterministic
26.2404,-0.16432,0.0000,0.0010,0.05272,0.05275,0.28519,0.3,1.0000,-22.6352,0.4741,-5.9394,149.092,ppo_car_spread_a_deterministic
26.2604,-0.16432,0.0000,0.0010,0.04885,0.04889,0.40938,-0.2,1.0000,-22.6347,0.4741,-5.9402,149.092,ppo_car_spread_a_deterministic
26.2804,-0.16432,0.0000,0.0010,0.04991,0.04994,0.26045,-0.2,1.0000,-22.6341,0.4741,-5.9410,149.088,ppo_car_spread_a_deterministic
26.3004,-0.16432,0.0000,0.0010,0.03926,0.03929,0.37654,-0.2,1.0000,-22.6337,0.4741,-5.9417,149.087,ppo_car_spread_a_deterministic
26.3204,-0.16420,0.0000,0.0018,0.04924,0.04927,0.22054,-0.2,1.0000,-22.6332,0.4741,-5.9425,149.083,ppo_car_spread_a_deterministic
26.3404,-0.16420,0.0000,0.0018,0.04470,0.04473,0.29710,-0.4,1.0000,-22.6327,0.4741,-5.9433,149.079,ppo_car_spread_a_deterministic
26.3604,-0.16420,0.0000,0.0018,0.05386,0.05390,0.27958,-0.4,1.0000,-22.6321,0.4741,-5.9442,149.076,ppo_car_spread_a_deterministic
26.3804,-0.16420,0.0000,0.0018,0.04329,0.04332,0.28979,-0.4,1.0000,-22.6316,0.4741,-5.9449,149.074,ppo_car_spread_a_deterministic
26.4004,-0.16353,0.0000,0.0062,0.05136,0.05139,0.36435,-0.4,1.0000,-22.6311,0.4741,-5.9458,149.068,ppo_car_spread_a_deterministic
26.4204,-0.16353,0.0000,0.0062,0.04299,0.04303,0.40744,-1.3,1.0000,-22.6306,0.4741,-5.9465,149.067,ppo_car_spread_a_deterministic
26.4404,-0.16353,0.0000,0.0062,0.04602,0.04605,0.11645,-1.3,1.0000,-22.6301,0.4741,-5.9472,149.066,ppo_car_spread_a_deterministic
26.4604,-0.16353,0.0000,0.0062,0.04324,0.04328,0.34458,-1.3,1.0000,-22.6296,0.4741,-5.9480,149.066,ppo_car_spread_a_deterministic
26.4804,-0.16381,0.0011,0.0000,0.04279,0.04281,0.27441,-1.3,1.0000,-22.6292,0.4741,-5.9487,149.065,ppo_car_spread_a_deterministic
26.5004,-0.16381,0.0011,0.0000,0.04526,0.04529,0.14763,0.6,1.0000,-22.6287,0.4741,-5.9494,149.066,ppo_car_spread_a_deterministic
26.5204,-0.16381,0.0011,0.0000,0.04480,0.04483,0.34437,0.6,1.0000,-22.6282,0.4741,-5.9502,149.063,ppo_car_spread_a_deterministic
26.5404,-0.16381,0.0011,0.0000,0.04268,0.04270,0.34956,0.6,1.0000,-22.6277,0.4741,-5.9509,149.062,ppo_car_spread_a_deterministic
26.5604,-0.16438,0.0028,0.0000,0.04114,0.04118,0.38015,0.6,1.0000,-22.6273,0.4741,-5.9516,149.063,ppo_car_spread_a_deterministic
26.5804,-0.16438,0.0028,0.0000,0.05395,0.05398,0.28708,1.5,1.0000,-22.6267,0.4741,-5.9525,149.063,ppo_car_spread_a_deterministic
26.6004,-0.16438,0.0028,0.0000,0.04247,0.04251,0.38928,1.5,1.0000,-22.6262,0.4741,-5.9532,149.063,ppo_car_spread_a_deterministic
26.6204,-0.16438,0.0028,0.0000,0.04582,0.04585,0.26753,1.5,1.0000,-22.6257,0.4741,-5.9540,149.059,ppo_car_spread_a_deterministic
26.6404,-0.16393,0.0042,0.0000,0.04786,0.04788,0.16974,1.5,1.0000,-22.6252,0.4741,-5.9548,149.059,ppo_car_spread_a_deterministic
26.6604,-0.16393,0.0042,0.0000,0.04706,0.04709,0.37409,2.2,1.0000,-22.6247,0.4741,-5.9556,149.058,ppo_car_spread_a_deterministic
26.6804,-0.16393,0.0042,0.0000,0.04503,0.04506,0.40938,2.2,1.0000,-22.6242,0.4741,-5.9563,149.052,ppo_car_spread_a_deterministic
26.7004,-0.16393,0.0042,0.0000,0.04257,0.04260,0.37042,2.2,1.0000,-22.6237,0.4741,-5.9571,149.050,ppo_car_spread_a_deterministic
26.7204,-0.16546,0.0034,0.0000,0.05099,0.05102,0.27397,2.2,1.0000,-22.6232,0.4741,-5.9579,149.051,ppo_car_spread_a_deterministic
26.7404,-0.16546,0.0034,0.0000,0.05353,0.05357,0.28433,1.8,1.0000,-22.6226,0.4741,-5.9588,149.050,ppo_car_spread_a_deterministic
26.7604,-0.16546,0.0034,0.0000,0.05592,0.05596,0.25553,1.8,1.0000,-22.6220,0.4741,-5.9598,149.048,ppo_car_spread_a_deterministic
26.7804,-0.16546,0.0034,0.0000,0.05216,0.05220,0.41113,1.8,1.0000,-22.6214,0.4741,-5.9606,149.043,ppo_car_spread_a_deterministic
26.8004,-0.16356,0.0000,0.0083,0.04947,0.04950,0.35008,1.8,1.0000,-22.6208,0.4741,-5.9615,149.044,ppo_car_spread_a_deterministic
26.8204,-0.16356,0.0000,0.0083,0.05027,0.05029,0.40711,-1.7,1.0000,-22.6203,0.4741,-5.9623,149.044,ppo_car_spread_a_deterministic
26.8404,-0.16356,0.0000,0.0083,0.04906,0.04910,0.41338,-1.7,1.0000,-22.6198,0.4741,-5.9631,149.044,ppo_car_spread_a_deterministic
26.8604,-0.16356,0.0000,0.0083,0.04929,0.04932,0.25757,-1.7,1.0000,-22.6192,0.4741,-5.9640,149.041,ppo_car_spread_a_deterministic
26.8804,-0.16342,0.0000,0.0024,0.05416,0.05419,0.24408,-1.7,1.0000,-22.6186,0.4741,-5.9649,149.037,ppo_car_spread_a_deterministic
26.9004,-0.16342,0.0000,0.0024,0.04338,0.04341,0.37889,-0.5,1.0000,-22.6182,0.4741,-5.9656,149.033,ppo_car_spread_a_deterministic
26.9204,-0.16342,0.0000,0.0024,0.05353,0.05357,0.22361,-0.5,1.0000,-22.6176,0.4741,-5.9665,149.030,ppo_car_spread_a_deterministic
26.9404,-0.16342,0.0000,0.0024,0.04780,0.04783,0.26686,-0.5,1.0000,-22.6171,0.4741,-5.9673,149.027,ppo_car_spread_a_deterministic
26.9604,-0.16383,0.0000,0.0061,0.04638,0.04641,0.24398,-0.5,1.0000,-22.6166,0.4741,-5.9681,149.028,ppo_car_spread_a_deterministic
26.9804,-0.16383,0.0000,0.0061,0.04854,0.04856,0.41348,-1.3,1.0000,-22.6160,0.4741,-5.9689,149.030,ppo_car_spread_a_deterministic
27.0004,-0.16383,0.0000,0.0061,0.04339,0.04342,0.38154,-1.3,1.0000,-22.6156,0.4741,-5.9696,149.030,ppo_car_spread_a_deterministic
27.0204,-0.16383,0.0000,0.0061,0.04986,0.04989,0.27061,-1.3,1.0000,-22.6150,0.4741,-5.9704,149.031,ppo_car_spread_a_deterministic
27.0404,-0.16414,0.0033,0.0000,0.04944,0.04947,0.20278,-1.3,1.0000,-22.6145,0.4741,-5.9713,149.031,ppo_car_spread_a_deterministic
27.0604,-0.16414,0.0033,0.0000,0.04881,0.04884,0.19663,1.7,1.0000,-22.6139,0.4741,-5.9721,149.027,ppo_car_spread_a_deterministic
27.0804,-0.16414,0.0033,0.0000,0.05101,0.05104,0.28490,1.7,1.0000,-22.6134,0.4741,-5.9730,149.029,ppo_car_spread_a_deterministic
27.1004,-0.16414,0.0033,0.0000,0.04475,0.04478,0.34227,1.7,1.0000,-22.6129,0.4741,-5.9737,149.028,ppo_car_spread_a_deterministic
27.1204,-0.16312,0.0000,0.0047,0.05201,0.05205,0.26715,1.7,1.0000,-22.6123,0.4741,-5.9746,149.029,ppo_car_spread_a_deterministic
27.1404,-0.16312,0.0000,0.0047,0.04756,0.04758,0.33738,-1.0,1.0000,-22.6118,0.4741,-5.9754,149.030,ppo_car_spread_a_deterministic
27.1604,-0.16312,0.0000,0.0047,0.05132,0.05135,0.40830,-1.0,1.0000,-22.6113,0.4741,-5.9762,149.031,ppo_car_spread_a_deterministic
27.1804,-0.16312,0.0000,0.0047,0.05207,0.05211,0.17339,-1.0,1.0000,-22.6107,0.4741,-5.9771,149.031,ppo_car_spread_a_deterministic
27.2004,-0.16317,0.0000,0.0050,0.04498,0.04502,0.40225,-1.0,1.0000,-22.6102,0.4741,-5.9779,149.030,ppo_car_spread_a_deterministic
27.2204,-0.16317,0.0000,0.0050,0.04871,0.04874,0.27393,-1.1,1.0000,-22.6097,0.4741,-5.9787,149.029,ppo_car_spread_a_deterministic
27.2404,-0.16317,0.0000,0.0050,0.04851,0.04854,0.20490,-1.1,1.0000,-22.6091,0.4741,-5.9795,149.029,ppo_car_spread_a_deterministic
27.2604,-0.16317,0.0000,0.0050,0.04950,0.04954,0.25863,-1.1,1.0000,-22.6086,0.4741,-5.9803,149.029,ppo_car_spread_a_deterministic
27.2804,-0.16390,0.0000,0.0017,0.04191,0.04194,0.30198,-1.1,1.0000,-22.6081,0.4741,-5.9810,149.029,ppo_car_spread_a_deterministic
27.3004,-0.16390,0.0000,0.0017,0.04465,0.04468,0.39807,-0.4,1.0000,-22.6077,0.4741,-5.9818,149.030,ppo_car_spread_a_deterministic
27.3204,-0.16390,0.0000,0.0017,0.05113,0.05117,0.28884,-0.4,1.0000,-22.6071,0.4741,-5.9826,149.027,ppo_car_spread_a_deterministic
27.3404,-0.16390,0.0000,0.0017,0.04843,0.04847,0.23766,-0.4,1.0000,-22.6066,0.4741,-5.9834,149.024,ppo_car_spread_a_deterministic
27.3604,-0.16466,0.0000,0.0035,0.04745,0.04748,0.16540,-0.4,1.0000,-22.6060,0.4741,-5.9842,149.021,ppo_car_spread_a_deterministic
27.3804,-0.16466,0.0000,0.0035,0.04322,0.04324,0.32563,-0.7,1.0000,-22.6056,0.4741,-5.9850,149.022,ppo_car_spread_a_deterministic
27.4004,-0.16466,0.0000,0.0035,0.04754,0.04756,0.37310,-0.7,1.0000,-22.6051,0.4741,-5.9858,149.019,ppo_car_spread_a_deterministic
27.4204,-0.16466,0.0000,0.0035,0.04848,0.04851,0.13753,-0.7,1.0000,-22.6045,0.4741,-5.9866,149.018,ppo_car_spread_a_deterministic
27.4404,-0.16482,0.0002,0.0000,0.04890,0.04893,0.18827,-0.7,1.0000,-22.6040,0.4741,-5.9874,149.019,ppo_car_spread_a_deterministic
27.4604,-0.16482,0.0002,0.0000,0.04404,0.04407,0.31714,0.1,1.0000,-22.6035,0.4741,-5.9881,149.018,ppo_car_spread_a_deterministic
27.4804,-0.16482,0.0002,0.0000,0.04894,0.04897,0.08046,0.1,1.0000,-22.6030,0.4741,-5.9890,149.017,ppo_car_spread_a_deterministic
27.5004,-0.16482,0.0002,0.0000,0.05118,0.05122,0.25025,0.1,1.0000,-22.6024,0.4741,-5.9898,149.017,ppo_car_spread_a_deterministic
27.5204,-0.16438,0.0000,0.0017,0.04800,0.04802,0.40805,0.1,1.0000,-22.6019,0.4741,-5.9906,149.014,ppo_car_spread_a_deterministic
27.5404,-0.16438,0.0000,0.0017,0.04575,0.04578,0.15011,-0.4,1.0000,-22.6014,0.4741,-5.9914,149.013,ppo_car_spread_a_deterministic
27.5604,-0.16438,0.0000,0.0017,0.04668,0.04671,0.24287,-0.4,1.0000,-22.6009,0.4741,-5.9922,149.015,ppo_car_spread_a_deterministic
27.5804,-0.16438,0.0000,0.0017,0.04524,0.04528,0.37641,-0.4,1.0000,-22.6004,0.4741,-5.9929,149.014,ppo_car_spread_a_deterministic
27.6004,-0.16396,0.0000,0.0003,0.04031,0.04034,0.38890,-0.4,1.0000,-22.6000,0.4741,-5.9936,149.012,ppo_car_spread_a_deterministic
27.6204,-0.16396,0.0000,0.0003,0.05102,0.05106,0.28363,-0.1,1.0000,-22.5994,0.4741,-5.9945,149.009,ppo_car_spread_a_deterministic
27.6404,-0.16396,0.0000,0.0003,0.04687,0.04690,0.35211,-0.1,1.0000,-22.5989,0.4741,-5.9952,149.010,ppo_car_spread_a_deterministic
27.6604,-0.16396,0.0000,0.0003,0.04943,0.04946,0.20809,-0.1,1.0000,-22.5983,0.4741,-5.9961,149.010,ppo_car_spread_a_deterministic
27.6804,-0.16410,0.0000,0.0004,0.04792,0.04795,0.17088,-0.1,1.0000,-22.5978,0.4741,-5.9969,149.010,ppo_car_spread_a_deterministic
27.7004,-0.16410,0.0000,0.0004,0.04266,0.04269,0.22050,-0.1,1.0000,-22.5973,0.4741,-5.9976,149.008,ppo_car_spread_a_deterministic
27.7204,-0.16410,0.0000,0.0004,0.04295,0.04298,0.18147,-0.1,1.0000,-22.5969,0.4741,-5.9983,149.006,ppo_car_spread_a_deterministic
27.7404,-0.16410,0.0000,0.0004,0.04698,0.04700,0.27100,-0.1,1.0000,-22.5964,0.4741,-5.9991,149.008,ppo_car_spread_a_deterministic
27.7604,-0.16520,0.0044,0.0000,0.04496,0.04499,0.39999,-0.1,1.0000,-22.5959,0.4741,-5.9998,149.006,ppo_car_spread_a_deterministic
27.7805,-0.16520,0.0044,0.0000,0.05061,0.05064,0.21374,2.3,1.0000,-22.5953,0.4741,-6.0007,149.003,ppo_car_spread_a_deterministic
27.8005,-0.16520,0.0044,0.0000,0.04822,0.04825,0.40635,2.3,1.0000,-22.5948,0.4741,-6.0015,149.003,ppo_car_spread_a_deterministic
27.8205,-0.16520,0.0044,0.0000,0.05479,0.05482,0.28039,2.3,1.0000,-22.5942,0.4741,-6.0024,149.003,ppo_car_spread_a_deterministic
27.8405,-0.16451,0.0000,0.0014,0.04976,0.04979,0.33965,2.3,1.0000,-22.5937,0.4741,-6.0033,149.006,ppo_car_spread_a_deterministic
27.8605,-0.16451,0.0000,0.0014,0.04529,0.04531,0.37560,-0.3,1.0000,-22.5932,0.4741,-6.0040,149.006,ppo_car_spread_a_deterministic
27.8805,-0.16451,0.0000,0.0014,0.04528,0.04531,0.37710,-0.3,1.0000,-22.5927,0.4741,-6.0048,149.003,ppo_car_spread_a_deterministic
27.9005,-0.16451,0.0000,0.0014,0.04760,0.04763,0.41171,-0.3,1.0000,-22.5922,0.4741,-6.0056,149.002,ppo_car_spread_a_deterministic
27.9205,-0.16526,0.0024,0.0000,0.04565,0.04568,0.27106,-0.3,1.0000,-22.5917,0.4741,-6.0064,148.999,ppo_car_spread_a_deterministic
27.9405,-0.16526,0.0024,0.0000,0.04469,0.04472,0.37269,1.3,1.0000,-22.5912,0.4741,-6.0071,149.001,ppo_car_spread_a_deterministic
27.9605,-0.16526,0.0024,0.0000,0.05134,0.05137,0.27375,1.3,1.0000,-22.5906,0.4741,-6.0080,149.002,ppo_car_spread_a_deterministic
27.9805,-0.16526,0.0024,0.0000,0.04766,0.04769,0.40214,1.3,1.0000,-22.5901,0.4741,-6.0088,149.001,ppo_car_spread_a_deterministic
28.0005,-0.16390,0.0000,0.0047,0.04524,0.04527,0.38845,1.3,1.0000,-22.5896,0.4741,-6.0095,148.998,ppo_car_spread_a_deterministic
28.0205,-0.16390,0.0000,0.0047,0.05003,0.05006,0.10363,-1.0,1.0000,-22.5891,0.4741,-6.0104,148.997,ppo_car_spread_a_deterministic
28.0405,-0.16390,0.0000,0.0047,0.05072,0.05075,0.19782,-1.0,1.0000,-22.5885,0.4741,-6.0112,148.996,ppo_car_spread_a_deterministic
28.0605,-0.16390,0.0000,0.0047,0.04362,0.04365,0.37309,-1.0,1.0000,-22.5880,0.4741,-6.0119,148.997,ppo_car_spread_a_deterministic
28.0805,-0.16420,0.0000,0.0040,0.04550,0.04554,0.39907,-1.0,1.0000,-22.5875,0.4741,-6.0127,148.998,ppo_car_spread_a_deterministic
28.1005,-0.16420,0.0000,0.0040,0.05145,0.05149,0.19257,-0.8,1.0000,-22.5870,0.4741,-6.0136,148.997,ppo_car_spread_a_deterministic
28.1205,-0.16420,0.0000,0.0040,0.04074,0.04076,0.39065,-0.8,1.0000,-22.5865,0.4741,-6.0142,148.995,ppo_car_spread_a_deterministic
28.1405,-0.16420,0.0000,0.0040,0.04930,0.04933,0.20396,-0.8,1.0000,-22.5860,0.4741,-6.0151,148.996,ppo_car_spread_a_deterministic
28.1605,-0.16565,0.0066,0.0000,0.05137,0.05140,0.25488,-0.8,1.0000,-22.5854,0.4741,-6.0159,148.992,ppo_car_spread_a_deterministic
28.1805,-0.16565,0.0066,0.0000,0.04348,0.04351,0.40789,3.5,1.0000,-22.5849,0.4741,-6.0167,148.990,ppo_car_spread_a_deterministic
28.2005,-0.16565,0.0066,0.0000,0.05424,0.05427,0.24873,3.5,1.0000,-22.5843,0.4741,-6.0176,148.989,ppo_car_spread_a_deterministic
28.2205,-0.16565,0.0066,0.0000,0.04903,0.04906,0.36747,3.5,1.0000,-22.5838,0.4741,-6.0184,148.983,ppo_car_spread_a_deterministic
28.2405,-0.16473,0.0000,0.0068,0.05040,0.05043,0.19544,3.5,1.0000,-22.5833,0.4741,-6.0192,148.978,ppo_car_spread_a_deterministic
28.2605,-0.16473,0.0000,0.0068,0.04503,0.04506,0.41364,-1.4,1.0000,-22.5828,0.4741,-6.0200,148.980,ppo_car_spread_a_deterministic
28.2805,-0.16473,0.0000,0.0068,0.04984,0.04986,0.40214,-1.4,1.0000,-22.5822,0.4741,-6.0208,148.981,ppo_car_spread_a_deterministic
28.3005,-0.16473,0.0000,0.0068,0.05164,0.05167,0.22264,-1.4,1.0000,-22.5817,0.4741,-6.0217,148.981,ppo_car_spread_a_deterministic
28.3205,-0.16393,0.0000,0.0035,0.04680,0.04684,0.35250,-1.4,1.0000,-22.5811,0.4741,-6.0225,148.976,ppo_car_spread_a_deterministic
28.3405,-0.16393,0.0000,0.0035,0.04684,0.04687,0.32372,-0.7,1.0000,-22.5806,0.4741,-6.0233,148.972,ppo_car_spread_a_deterministic
28.3605,-0.16393,0.0000,0.0035,0.04104,0.04107,0.41252,-0.7,1.0000,-22.5802,0.4741,-6.0240,148.973,ppo_car_spread_a_deterministic
28.3805,-0.16393,0.0000,0.0035,0.05253,0.05257,0.27498,-0.7,1.0000,-22.5796,0.4741,-6.0248,148.969,ppo_car_spread_a_deterministic
28.4005,-0.16522,0.0056,0.0000,0.05655,0.05659,0.27593,-0.7,1.0000,-22.5790,0.4741,-6.0258,148.968,ppo_car_spread_a_deterministic
28.4205,-0.16522,0.0056,0.0000,0.04876,0.04879,0.22069,2.9,1.0000,-22.5785,0.4741,-6.0266,148.967,ppo_car_spread_a_deterministic
28.4405,-0.16522,0.0056,0.0000,0.04929,0.04932,0.17212,2.9,1.0000,-22.5779,0.4741,-6.0274,148.967,ppo_car_spread_a_deterministic
28.4605,-0.16522,0.0056,0.0000,0.04918,0.04922,0.26574,2.9,1.0000,-22.5774,0.4741,-6.0283,148.964,ppo_car_spread_a_deterministic
28.4805,-0.16489,0.0000,0.0023,0.05601,0.05604,0.26682,2.9,1.0000,-22.5768,0.4741,-6.0292,148.963,ppo_car_spread_a_deterministic
28.5005,-0.16489,0.0000,0.0023,0.05093,0.05096,0.39712,-0.5,1.0000,-22.5762,0.4741,-6.0301,148.958,ppo_car_spread_a_deterministic
28.5205,-0.16489,0.0000,0.0023,0.04849,0.04853,0.40871,-0.5,1.0000,-22.5757,0.4741,-6.0309,148.953,ppo_car_spread_a_deterministic
28.5405,-0.16489,0.0000,0.0023,0.05655,0.05658,0.27282,-0.5,1.0000,-22.5751,0.4741,-6.0318,148.951,ppo_car_spread_a_deterministic
28.5605,-0.16627,0.0000,0.0004,0.04538,0.04540,0.40446,-0.5,1.0000,-22.5746,0.4741,-6.0326,148.951,ppo_car_spread_a_deterministic
28.5805,-0.16627,0.0000,0.0004,0.05431,0.05434,0.27196,-0.1,1.0000,-22.5740,0.4741,-6.0335,148.948,ppo_car_spread_a_deterministic
28.6005,-0.16627,0.0000,0.0004,0.05107,0.05110,0.14974,-0.1,1.0000,-22.5734,0.4741,-6.0343,148.945,ppo_car_spread_a_deterministic
28.6205,-0.16627,0.0000,0.0004,0.05580,0.05584,0.27195,-0.1,1.0000,-22.5728,0.4741,-6.0353,148.943,ppo_car_spread_a_deterministic
28.6405,-0.16597,0.0000,0.0031,0.05250,0.05253,0.26482,-0.1,1.0000,-22.5722,0.4741,-6.0362,148.941,ppo_car_spread_a_deterministic
28.6605,-0.16597,0.0000,0.0031,0.05292,0.05297,0.27651,-0.7,1.0000,-22.5716,0.4741,-6.0370,148.938,ppo_car_spread_a_deterministic
28.6805,-0.16597,0.0000,0.0031,0.04874,0.04877,0.37285,-0.7,1.0000,-22.5711,0.4741,-6.0379,148.938,ppo_car_spread_a_deterministic
28.7005,-0.16597,0.0000,0.0031,0.05777,0.05780,0.26603,-0.7,1.0000,-22.5705,0.4741,-6.0388,148.935,ppo_car_spread_a_deterministic
28.7205,-0.16516,0.0000,0.0017,0.04526,0.04529,0.39381,-0.7,1.0000,-22.5700,0.4741,-6.0396,148.933,ppo_car_spread_a_deterministic
28.7405,-0.16516,0.0000,0.0017,0.05227,0.05231,0.23377,-0.4,1.0000,-22.5694,0.4741,-6.0405,148.930,ppo_car_spread_a_deterministic
28.7605,-0.16516,0.0000,0.0017,0.04650,0.04653,0.24313,-0.4,1.0000,-22.5689,0.4741,-6.0412,148.927,ppo_car_spread_a_deterministic
28.7805,-0.16516,0.0000,0.0017,0.04760,0.04763,0.39457,-0.4,1.0000,-22.5684,0.4741,-6.0420,148.927,ppo_car_spread_a_deterministic
28.8005,-0.16634,0.0012,0.0000,0.04616,0.04619,0.31840,-0.4,1.0000,-22.5679,0.4741,-6.0428,148.927,ppo_car_spread_a_deterministic
28.8205,-0.16634,0.0012,0.0000,0.04926,0.04930,0.29636,0.7,1.0000,-22.5674,0.4741,-6.0436,148.924,ppo_car_spread_a_deterministic
28.8405,-0.16634,0.0012,0.0000,0.04999,0.05002,0.19987,0.7,1.0000,-22.5668,0.4741,-6.0445,148.921,ppo_car_spread_a_deterministic
28.8605,-0.16634,0.0012,0.0000,0.04985,0.04988,0.41026,0.7,1.0000,-22.5663,0.4741,-6.0453,148.919,ppo_car_spread_a_deterministic
28.8805,-0.16619,0.0000,0.0021,0.04926,0.04929,0.17079,0.7,1.0000,-22.5657,0.4741,-6.0461,148.918,ppo_car_spread_a_deterministic
28.9005,-0.16619,0.0000,0.0021,0.05222,0.05226,0.24674,-0.4,1.0000,-22.5652,0.4741,-6.0470,148.918,ppo_car_spread_a_deterministic
28.9205,-0.16619,0.0000,0.0021,0.05667,0.05670,0.28047,-0.4,1.0000,-22.5645,0.4741,-6.0480,148.918,ppo_car_spread_a_deterministic
28.9405,-0.16619,0.0000,0.0021,0.04770,0.04774,0.17530,-0.4,1.0000,-22.5640,0.4741,-6.0488,148.914,ppo_car_spread_a_deterministic
28.9605,-0.16494,0.0000,0.0096,0.04957,0.04960,0.18500,-0.4,1.0000,-22.5635,0.4741,-6.0496,148.911,ppo_car_spread_a_deterministic
28.9805,-0.16494,0.0000,0.0096,0.04916,0.04919,0.19042,-2.0,1.0000,-22.5629,0.4741,-6.0504,148.908,ppo_car_spread_a_deterministic
29.0005,-0.16494,0.0000,0.0096,0.04773,0.04776,0.40903,-2.0,1.0000,-22.5624,0.4741,-6.0512,148.901,ppo_car_spread_a_deterministic
29.0205,-0.16494,0.0000,0.0096,0.04900,0.04903,0.34627,-2.0,1.0000,-22.5619,0.4741,-6.0520,148.902,ppo_car_spread_a_deterministic
29.0405,-0.16764,0.0010,0.0000,0.04944,0.04948,0.27164,-2.0,1.0000,-22.5613,0.4741,-6.0529,148.903,ppo_car_spread_a_deterministic
29.0605,-0.16764,0.0010,0.0000,0.04633,0.04635,0.38934,0.6,1.0000,-22.5608,0.4741,-6.0536,148.901,ppo_car_spread_a_deterministic
29.0805,-0.16764,0.0010,0.0000,0.04458,0.04461,0.39990,0.6,1.0000,-22.5603,0.4741,-6.0544,148.898,ppo_car_spread_a_deterministic
29.1005,-0.16764,0.0010,0.0000,0.04828,0.04831,0.37446,0.6,1.0000,-22.5598,0.4741,-6.0552,148.895,ppo_car_spread_a_deterministic
29.1205,-0.16731,0.0035,0.0000,0.04785,0.04789,0.33900,0.6,1.0000,-22.5593,0.4741,-6.0560,148.896,ppo_car_spread_a_deterministic
29.1405,-0.16731,0.0035,0.0000,0.04983,0.04985,0.24678,1.8,1.0000,-22.5587,0.4741,-6.0568,148.893,ppo_car_spread_a_deterministic
29.1605,-0.16731,0.0035,0.0000,0.04705,0.04708,0.35074,1.8,1.0000,-22.5582,0.4741,-6.0576,148.893,ppo_car_spread_a_deterministic
29.1805,-0.16731,0.0035,0.0000,0.04326,0.04329,0.40895,1.8,1.0000,-22.5578,0.4741,-6.0583,148.891,ppo_car_spread_a_deterministic
29.2005,-0.16594,0.0000,0.0001,0.05157,0.05160,0.25650,1.8,1.0000,-22.5572,0.4741,-6.0592,148.891,ppo_car_spread_a_deterministic
29.2205,-0.16594,0.0000,0.0001,0.05008,0.05011,0.31291,0.0,1.0000,-22.5566,0.4741,-6.0600,148.891,ppo_car_spread_a_deterministic
29.2405,-0.16594,0.0000,0.0001,0.04880,0.04883,0.24800,0.0,1.0000,-22.5561,0.4741,-6.0609,148.886,ppo_car_spread_a_deterministic
29.2605,-0.16594,0.0000,0.0001,0.04763,0.04767,0.20359,0.0,1.0000,-22.5556,0.4741,-6.0617,148.885,ppo_car_spread_a_deterministic
29.2805,-0.16709,0.0000,0.0005,0.05451,0.05455,0.27884,0.0,1.0000,-22.5550,0.4741,-6.0626,148.883,ppo_car_spread_a_deterministic
29.3005,-0.16709,0.0000,0.0005,0.04559,0.04562,0.31613,-0.1,1.0000,-22.5545,0.4741,-6.0633,148.883,ppo_car_spread_a_deterministic
29.3205,-0.16709,0.0000,0.0005,0.04504,0.04507,0.41259,-0.1,1.0000,-22.5540,0.4741,-6.0641,148.884,ppo_car_spread_a_deterministic
29.3405,-0.16709,0.0000,0.0005,0.04884,0.04887,0.31886,-0.1,1.0000,-22.5535,0.4741,-6.0649,148.884,ppo_car_spread_a_deterministic
29.3605,-0.16597,0.0016,0.0000,0.05406,0.05410,0.27438,-0.1,1.0000,-22.5529,0.4741,-6.0658,148.883,ppo_car_spread_a_deterministic
29.3805,-0.16597,0.0016,0.0000,0.05144,0.05147,0.27382,0.9,1.0000,-22.5523,0.4741,-6.0667,148.879,ppo_car_spread_a_deterministic
29.4005,-0.16597,0.0016,0.0000,0.05086,0.05089,0.25678,0.9,1.0000,-22.5517,0.4741,-6.0675,148.880,ppo_car_spread_a_deterministic
29.4205,-0.16597,0.0016,0.0000,0.04941,0.04943,0.40788,0.9,1.0000,-22.5512,0.4741,-6.0684,148.877,ppo_car_spread_a_deterministic
29.4405,-0.16538,0.0000,0.0044,0.05137,0.05140,0.23488,0.9,1.0000,-22.5506,0.4741,-6.0692,148.877,ppo_car_spread_a_deterministic
29.4605,-0.16538,0.0000,0.0044,0.05657,0.05660,0.25320,-0.9,1.0000,-22.5500,0.4741,-6.0702,148.873,ppo_car_spread_a_deterministic
29.4805,-0.16538,0.0000,0.0044,0.04673,0.04676,0.18754,-0.9,1.0000,-22.5495,0.4741,-6.0710,148.872,ppo_car_spread_a_deterministic
29.5005,-0.16538,0.0000,0.0044,0.05097,0.05100,0.39952,-0.9,1.0000,-22.5489,0.4741,-6.0718,148.871,ppo_car_spread_a_deterministic
29.5205,-0.16660,0.0006,0.0000,0.04847,0.04850,0.26807,-0.9,1.0000,-22.5484,0.4741,-6.0726,148.872,ppo_car_spread_a_deterministic
29.5405,-0.16660,0.0006,0.0000,0.04656,0.04660,0.40924,0.3,1.0000,-22.5479,0.4741,-6.0734,148.868,ppo_car_spread_a_deterministic
29.5605,-0.16660,0.0006,0.0000,0.04925,0.04929,0.15523,0.3,1.0000,-22.5474,0.4741,-6.0742,148.867,ppo_car_spread_a_deterministic
29.5805,-0.16660,0.0006,0.0000,0.05217,0.05221,0.26900,0.3,1.0000,-22.5468,0.4741,-6.0751,148.865,ppo_car_spread_a_deterministic
29.6005,-0.16662,0.0000,0.0019,0.05232,0.05235,0.22634,0.3,1.0000,-22.5462,0.4741,-6.0760,148.860,ppo_car_spread_a_deterministic
29.6205,-0.16662,0.0000,0.0019,0.04588,0.04592,0.23232,-0.4,1.0000,-22.5457,0.4741,-6.0767,148.859,ppo_car_spread_a_deterministic
29.6405,-0.16662,0.0000,0.0019,0.05019,0.05022,0.19771,-0.4,1.0000,-22.5452,0.4741,-6.0776,148.858,ppo_car_spread_a_deterministic
29.6605,-0.16662,0.0000,0.0019,0.04879,0.04882,0.39546,-0.4,1.0000,-22.5446,0.4741,-6.0784,148.856,ppo_car_spread_a_deterministic
29.6805,-0.16642,0.0000,0.0029,0.05283,0.05286,0.28001,-0.4,1.0000,-22.5441,0.4741,-6.0793,148.852,ppo_car_spread_a_deterministic
29.7005,-0.16642,0.0000,0.0029,0.05749,0.05753,0.26688,-0.6,1.0000,-22.5434,0.4741,-6.0803,148.851,ppo_car_spread_a_deterministic
29.7205,-0.16642,0.0000,0.0029,0.05150,0.05153,0.28040,-0.6,1.0000,-22.5429,0.4741,-6.0811,148.848,ppo_car_spread_a_deterministic
29.7405,-0.16642,0.0000,0.0029,0.05266,0.05269,0.21688,-0.6,1.0000,-22.5423,0.4741,-6.0820,148.845,ppo_car_spread_a_deterministic
29.7605,-0.16682,0.0000,0.0037,0.05141,0.05145,0.17911,-0.6,1.0000,-22.5417,0.4741,-6.0829,148.840,ppo_car_spread_a_deterministic
29.7805,-0.16682,0.0000,0.0037,0.05181,0.05184,0.16600,-0.8,1.0000,-22.5412,0.4741,-6.0837,148.840,ppo_car_spread_a_deterministic
29.8005,-0.16682,0.0000,0.0037,0.04811,0.04814,0.18471,-0.8,1.0000,-22.5406,0.4741,-6.0845,148.838,ppo_car_spread_a_deterministic
29.8205,-0.16682,0.0000,0.0037,0.05186,0.05189,0.28390,-0.8,1.0000,-22.5401,0.4741,-6.0854,148.835,ppo_car_spread_a_deterministic
29.8405,-0.16695,0.0000,0.0006,0.05058,0.05061,0.40519,-0.8,1.0000,-22.5395,0.4741,-6.0862,148.831,ppo_car_spread_a_deterministic
29.8605,-0.16695,0.0000,0.0006,0.05666,0.05670,0.27846,-0.1,1.0000,-22.5389,0.4741,-6.0872,148.829,ppo_car_spread_a_deterministic
29.8805,-0.16695,0.0000,0.0006,0.04963,0.04966,0.27716,-0.1,1.0000,-22.5383,0.4741,-6.0880,148.826,ppo_car_spread_a_deterministic
29.9005,-0.16695,0.0000,0.0006,0.04915,0.04919,0.38317,-0.1,1.0000,-22.5378,0.4741,-6.0888,148.822,ppo_car_spread_a_deterministic
29.9205,-0.16731,0.0000,0.0018,0.04989,0.04993,0.22707,-0.1,1.0000,-22.5373,0.4741,-6.0897,148.823,ppo_car_spread_a_deterministic
29.9405,-0.16731,0.0000,0.0018,0.04093,0.04096,0.36446,-0.4,1.0000,-22.5368,0.4741,-6.0904,148.822,ppo_car_spread_a_deterministic
29.9605,-0.16731,0.0000,0.0018,0.04667,0.04671,0.34183,-0.4,1.0000,-22.5363,0.4741,-6.0911,148.819,ppo_car_spread_a_deterministic
29.9805,-0.16731,0.0000,0.0018,0.05186,0.05190,0.19271,-0.4,1.0000,-22.5357,0.4741,-6.0920,148.819,ppo_car_spread_a_deterministic
30.0005,-0.16802,0.0013,0.0000,0.04566,0.04569,0.25123,-0.4,1.0000,-22.5352,0.4741,-6.0928,148.821,ppo_car_spread_a_deterministic
30.0205,-0.16802,0.0013,0.0000,0.04866,0.04870,0.23495,0.7,1.0000,-22.5347,0.4741,-6.0936,148.822,ppo_car_spread_a_deterministic
30.0405,-0.16802,0.0013,0.0000,0.04788,0.04791,0.25649,0.7,1.0000,-22.5342,0.4741,-6.0944,148.821,ppo_car_spread_a_deterministic
30.0605,-0.16802,0.0013,0.0000,0.04362,0.04365,0.35448,0.7,1.0000,-22.5337,0.4741,-6.0951,148.820,ppo_car_spread_a_deterministic
30.0805,-0.16714,0.0000,0.0006,0.04967,0.04971,0.39345,0.7,1.0000,-22.5331,0.4741,-6.0959,148.819,ppo_car_spread_a_deterministic
30.1005,-0.16714,0.0000,0.0006,0.05309,0.05313,0.21552,-0.1,1.0000,-22.5326,0.4741,-6.0968,148.816,ppo_car_spread_a_deterministic
30.1205,-0.16714,0.0000,0.0006,0.04250,0.04253,0.34589,-0.1,1.0000,-22.5321,0.4741,-6.0975,148.813,ppo_car_spread_a_deterministic
30.1405,-0.16714,0.0000,0.0006,0.04253,0.04255,0.27141,-0.1,1.0000,-22.5316,0.4741,-6.0982,148.811,ppo_car_spread_a_deterministic
30.1605,-0.16818,0.0052,0.0000,0.04792,0.04795,0.18478,-0.1,1.0000,-22.5311,0.4741,-6.0990,148.810,ppo_car_spread_a_deterministic
30.1805,-0.16818,0.0052,0.0000,0.05305,0.05309,0.19145,2.8,1.0000,-22.5305,0.4741,-6.0999,148.809,ppo_car_spread_a_deterministic
30.2005,-0.16818,0.0052,0.0000,0.04460,0.04463,0.40593,2.8,1.0000,-22.5300,0.4741,-6.1007,148.812,ppo_car_spread_a_deterministic
30.2205,-0.16818,0.0052,0.0000,0.04975,0.04979,0.26078,2.8,1.0000,-22.5295,0.4741,-6.1015,148.808,ppo_car_spread_a_deterministic
30.2405,-0.16657,0.0017,0.0000,0.04586,0.04590,0.37795,2.8,1.0000,-22.5290,0.4741,-6.1023,148.807,ppo_car_spread_a_deterministic
30.2605,-0.16657,0.0017,0.0000,0.04323,0.04325,0.40571,0.9,1.0000,-22.5285,0.4741,-6.1030,148.804,ppo_car_spread_a_deterministic
30.2805,-0.16657,0.0017,0.0000,0.05383,0.05387,0.25637,0.9,1.0000,-22.5279,0.4741,-6.1039,148.807,ppo_car_spread_a_deterministic
30.3005,-0.16657,0.0017,0.0000,0.04853,0.04856,0.39138,0.9,1.0000,-22.5274,0.4741,-6.1047,148.806,ppo_car_spread_a_deterministic
30.3205,-0.16563,0.0000,0.0079,0.05499,0.05502,0.22449,0.9,1.0000,-22.5268,0.4741,-6.1057,148.803,ppo_car_spread_a_deterministic
30.3405,-0.16563,0.0000,0.0079,0.04630,0.04634,0.26135,-1.7,1.0000,-22.5263,0.4741,-6.1064,148.800,ppo_car_spread_a_deterministic
30.3605,-0.16563,0.0000,0.0079,0.05176,0.05179,0.30102,-1.7,1.0000,-22.5257,0.4741,-6.1073,148.799,ppo_car_spread_a_deterministic
30.3805,-0.16563,0.0000,0.0079,0.04995,0.04999,0.40182,-1.7,1.0000,-22.5251,0.4741,-6.1081,148.796,ppo_car_spread_a_deterministic
30.4005,-0.16676,0.0000,0.0048,0.04816,0.04820,0.23056,-1.7,1.0000,-22.5246,0.4741,-6.1089,148.792,ppo_car_spread_a_deterministic
30.4205,-0.16676,0.0000,0.0048,0.05219,0.05223,0.25594,-1.0,1.0000,-22.5240,0.4741,-6.1098,148.791,ppo_car_spread_a_deterministic
30.4405,-0.16676,0.0000,0.0048,0.04440,0.04443,0.33476,-1.0,1.0000,-22.5235,0.4741,-6.1105,148.792,ppo_car_spread_a_deterministic
30.4605,-0.16676,0.0000,0.0048,0.04872,0.04876,0.16856,-1.0,1.0000,-22.5230,0.4741,-6.1114,148.790,ppo_car_spread_a_deterministic
30.4805,-0.16740,0.0024,0.0000,0.05320,0.05323,0.28013,-1.0,1.0000,-22.5224,0.4741,-6.1123,148.788,ppo_car_spread_a_deterministic
30.5005,-0.16740,0.0024,0.0000,0.05189,0.05192,0.07847,1.3,1.0000,-22.5218,0.4741,-6.1131,148.785,ppo_car_spread_a_deterministic
30.5205,-0.16740,0.0024,0.0000,0.05045,0.05047,0.30947,1.3,1.0000,-22.5213,0.4741,-6.1140,148.786,ppo_car_spread_a_deterministic
30.5405,-0.16740,0.0024,0.0000,0.05599,0.05602,0.27389,1.3,1.0000,-22.5207,0.4741,-6.1149,148.784,ppo_car_spread_a_deterministic
30.5605,-0.16669,0.0000,0.0037,0.04460,0.04463,0.37801,1.3,1.0000,-22.5202,0.4741,-6.1157,148.780,ppo_car_spread_a_deterministic
30.5805,-0.16669,0.0000,0.0037,0.05416,0.05420,0.27147,-0.8,1.0000,-22.5196,0.4741,-6.1166,148.780,ppo_car_spread_a_deterministic
30.6005,-0.16669,0.0000,0.0037,0.04425,0.04428,0.38381,-0.8,1.0000,-22.5191,0.4741,-6.1173,148.776,ppo_car_spread_a_deterministic
30.6205,-0.16669,0.0000,0.0037,0.04869,0.04872,0.20264,-0.8,1.0000,-22.5186,0.4741,-6.1181,148.772,ppo_car_spread_a_deterministic
30.6405,-0.16859,0.0037,0.0000,0.04986,0.04989,0.26692,-0.8,1.0000,-22.5180,0.4741,-6.1189,148.769,ppo_car_spread_a_deterministic
30.6605,-0.16859,0.0037,0.0000,0.05123,0.05127,0.17093,1.9,1.0000,-22.5175,0.4741,-6.1198,148.767,ppo_car_spread_a_deterministic
30.6805,-0.16859,0.0037,0.0000,0.05368,0.05372,0.25677,1.9,1.0000,-22.5169,0.4741,-6.1207,148.769,ppo_car_spread_a_deterministic
30.7005,-0.16859,0.0037,0.0000,0.05133,0.05136,0.18208,1.9,1.0000,-22.5163,0.4741,-6.1216,148.769,ppo_car_spread_a_deterministic
30.7205,-0.16673,0.0000,0.0071,0.04300,0.04303,0.40550,1.9,1.0000,-22.5158,0.4741,-6.1223,148.770,ppo_car_spread_a_deterministic
30.7405,-0.16673,0.0000,0.0071,0.05415,0.05419,0.27922,-1.5,1.0000,-22.5152,0.4741,-6.1232,148.767,ppo_car_spread_a_deterministic
30.7605,-0.16673,0.0000,0.0071,0.04990,0.04993,0.19771,-1.5,1.0000,-22.5147,0.4741,-6.1240,148.766,ppo_car_spread_a_deterministic
30.7805,-0.16673,0.0000,0.0071,0.05362,0.05365,0.25611,-1.5,1.0000,-22.5141,0.4741,-6.1249,148.763,ppo_car_spread_a_deterministic
30.8005,-0.16768,0.0000,0.0025,0.05800,0.05803,0.27394,-1.5,1.0000,-22.5135,0.4741,-6.1259,148.762,ppo_car_spread_a_deterministic
30.8205,-0.16768,0.0000,0.0025,0.04870,0.04873,0.31176,-0.5,1.0000,-22.5129,0.4741,-6.1267,148.761,ppo_car_spread_a_deterministic
30.8405,-0.16768,0.0000,0.0025,0.04683,0.04685,0.40091,-0.5,1.0000,-22.5124,0.4741,-6.1275,148.759,ppo_car_spread_a_deterministic
30.8605,-0.16768,0.0000,0.0025,0.04709,0.04713,0.19322,-0.5,1.0000,-22.5119,0.4741,-6.1283,148.759,ppo_car_spread_a_deterministic
30.8805,-0.16817,0.0009,0.0000,0.04920,0.04924,0.39675,-0.5,1.0000,-22.5114,0.4741,-6.1291,148.761,ppo_car_spread_a_deterministic
30.9005,-0.16817,0.0009,0.0000,0.05333,0.05336,0.22282,0.5,1.0000,-22.5108,0.4741,-6.1300,148.760,ppo_car_spread_a_deterministic
30.9205,-0.16817,0.0009,0.0000,0.04750,0.04754,0.40807,0.5,1.0000,-22.5103,0.4741,-6.1308,148.757,ppo_car_spread_a_deterministic
30.9405,-0.16817,0.0009,0.0000,0.05127,0.05131,0.23401,0.5,1.0000,-22.5097,0.4741,-6.1316,148.755,ppo_car_spread_a_deterministic
30.9605,-0.16895,0.0005,0.0000,0.04201,0.04203,0.40383,0.5,1.0000,-22.5092,0.4741,-6.1323,148.752,ppo_car_spread_a_deterministic
30.9805,-0.16895,0.0005,0.0000,0.05029,0.05031,0.41173,0.3,1.0000,-22.5087,0.4741,-6.1332,148.753,ppo_car_spread_a_deterministic
31.0005,-0.16895,0.0005,0.0000,0.04768,0.04771,0.18292,0.3,1.0000,-22.5082,0.4741,-6.1340,148.753,ppo_car_spread_a_deterministic
31.0205,-0.16895,0.0005,0.0000,0.05289,0.05291,0.33767,0.3,1.0000,-22.5076,0.4741,-6.1349,148.750,ppo_car_spread_a_deterministic
31.0405,-0.16801,0.0000,0.0005,0.05223,0.05227,0.28138,0.3,1.0000,-22.5070,0.4741,-6.1357,148.749,ppo_car_spread_a_deterministic
31.0605,-0.16801,0.0000,0.0005,0.05503,0.05506,0.24228,-0.1,1.0000,-22.5064,0.4741,-6.1367,148.747,ppo_car_spread_a_deterministic
31.0805,-0.16801,0.0000,0.0005,0.04552,0.04556,0.35805,-0.1,1.0000,-22.5059,0.4741,-6.1374,148.745,ppo_car_spread_a_deterministic
31.1005,-0.16801,0.0000,0.0005,0.04561,0.04563,0.40536,-0.1,1.0000,-22.5054,0.4741,-6.1382,148.742,ppo_car_spread_a_deterministic
31.1205,-0.16888,0.0021,0.0000,0.04643,0.04646,0.39464,-0.1,1.0000,-22.5049,0.4741,-6.1389,148.740,ppo_car_spread_a_deterministic
31.1405,-0.16888,0.0021,0.0000,0.05276,0.05280,0.07058,1.1,1.0000,-22.5043,0.4741,-6.1398,148.738,ppo_car_spread_a_deterministic
31.1605,-0.16888,0.0021,0.0000,0.04922,0.04926,0.32008,1.1,1.0000,-22.5038,0.4741,-6.1407,148.735,ppo_car_spread_a_deterministic
31.1805,-0.16888,0.0021,0.0000,0.05072,0.05076,0.38968,1.1,1.0000,-22.5032,0.4741,-6.1415,148.728,ppo_car_spread_a_deterministic
31.2005,-0.16901,0.0000,0.0013,0.05039,0.05042,0.32930,1.1,1.0000,-22.5027,0.4741,-6.1423,148.731,ppo_car_spread_a_deterministic
31.2205,-0.16901,0.0000,0.0013,0.05387,0.05391,0.16263,-0.3,1.0000,-22.5021,0.4741,-6.1433,148.730,ppo_car_spread_a_deterministic
31.2405,-0.16901,0.0000,0.0013,0.05362,0.05366,0.07814,-0.3,1.0000,-22.5015,0.4741,-6.1442,148.728,ppo_car_spread_a_deterministic
31.2605,-0.16901,0.0000,0.0013,0.04929,0.04932,0.40853,-0.3,1.0000,-22.5009,0.4741,-6.1450,148.723,ppo_car_spread_a_deterministic
31.2805,-0.16819,0.0000,0.0061,0.05107,0.05111,0.32083,-0.3,1.0000,-22.5004,0.4741,-6.1458,148.726,ppo_car_spread_a_deterministic
31.3005,-0.16819,0.0000,0.0061,0.05745,0.05750,0.27906,-1.3,1.0000,-22.4997,0.4741,-6.1468,148.722,ppo_car_spread_a_deterministic
31.3205,-0.16819,0.0000,0.0061,0.05395,0.05399,0.22971,-1.3,1.0000,-22.4991,0.4741,-6.1477,148.720,ppo_car_spread_a_deterministic
31.3405,-0.16819,0.0000,0.0061,0.04642,0.04646,0.41248,-1.3,1.0000,-22.4986,0.4741,-6.1485,148.722,ppo_car_spread_a_deterministic
31.3605,-0.16807,0.0000,0.0067,0.05155,0.05159,0.11947,-1.3,1.0000,-22.4980,0.4741,-6.1493,148.721,ppo_car_spread_a_deterministic
31.3805,-0.16807,0.0000,0.0067,0.05171,0.05175,0.06523,-1.4,1.0000,-22.4975,0.4741,-6.1502,148.720,ppo_car_spread_a_deterministic
31.4005,-0.16807,0.0000,0.0067,0.04762,0.04765,0.40971,-1.4,1.0000,-22.4970,0.4741,-6.1510,148.716,ppo_car_spread_a_deterministic
31.4205,-0.16807,0.0000,0.0067,0.04596,0.04599,0.39152,-1.4,1.0000,-22.4965,0.4741,-6.1517,148.718,ppo_car_spread_a_deterministic
31.4405,-0.16914,0.0004,0.0000,0.04536,0.04539,0.20191,-1.4,1.0000,-22.4960,0.4741,-6.1525,148.716,ppo_car_spread_a_deterministic
31.4605,-0.16914,0.0004,0.0000,0.04453,0.04457,0.37190,0.2,1.0000,-22.4955,0.4741,-6.1532,148.715,ppo_car_spread_a_deterministic
31.4805,-0.16914,0.0004,0.0000,0.04886,0.04889,0.32071,0.2,1.0000,-22.4949,0.4741,-6.1541,148.716,ppo_car_spread_a_deterministic
31.5005,-0.16914,0.0004,0.0000,0.04737,0.04740,0.15408,0.2,1.0000,-22.4944,0.4741,-6.1548,148.714,ppo_car_spread_a_deterministic
31.5205,-0.16827,0.0000,0.0019,0.04875,0.04878,0.27913,0.2,1.0000,-22.4939,0.4741,-6.1557,148.716,ppo_car_spread_a_deterministic
31.5405,-0.16827,0.0000,0.0019,0.05261,0.05264,0.26181,-0.4,1.0000,-22.4933,0.4741,-6.1565,148.713,ppo_car_spread_a_deterministic
31.5605,-0.16827,0.0000,0.0019,0.04578,0.04581,0.37687,-0.4,1.0000,-22.4928,0.4741,-6.1573,148.708,ppo_car_spread_a_deterministic
31.5805,-0.16827,0.0000,0.0019,0.04928,0.04931,0.40065,-0.4,1.0000,-22.4922,0.4741,-6.1581,148.710,ppo_car_spread_a_deterministic
31.6005,-0.17018,0.0027,0.0000,0.04898,0.04901,0.22534,-0.4,1.0000,-22.4917,0.4741,-6.1590,148.710,ppo_car_spread_a_deterministic
31.6205,-0.17018,0.0027,0.0000,0.04721,0.04724,0.24721,1.4,1.0000,-22.4912,0.4741,-6.1597,148.707,ppo_car_spread_a_deterministic
31.6405,-0.17018,0.0027,0.0000,0.05240,0.05243,0.21886,1.4,1.0000,-22.4906,0.4741,-6.1606,148.707,ppo_car_spread_a_deterministic
31.6605,-0.17018,0.0027,0.0000,0.05046,0.05049,0.25524,1.4,1.0000,-22.4901,0.4741,-6.1615,148.706,ppo_car_spread_a_deterministic
31.6805,-0.16857,0.0000,0.0049,0.05439,0.05443,0.21563,1.4,1.0000,-22.4895,0.4741,-6.1624,148.703,ppo_car_spread_a_deterministic
31.7005,-0.16857,0.0000,0.0049,0.05516,0.05519,0.25418,-1.0,1.0000,-22.4888,0.4741,-6.1633,148.699,ppo_car_spread_a_deterministic
31.7205,-0.16857,0.0000,0.0049,0.05263,0.05267,0.21180,-1.0,1.0000,-22.4883,0.4741,-6.1642,148.697,ppo_car_spread_a_deterministic
31.7405,-0.16857,0.0000,0.0049,0.05093,0.05096,0.21831,-1.0,1.0000,-22.4877,0.4741,-6.1650,148.695,ppo_car_spread_a_deterministic
31.7605,-0.16883,0.0000,0.0050,0.04913,0.04918,0.31370,-1.0,1.0000,-22.4872,0.4741,-6.1659,148.693,ppo_car_spread_a_deterministic
31.7805,-0.16883,0.0000,0.0050,0.05315,0.05318,0.26860,-1.1,1.0000,-22.4866,0.4741,-6.1668,148.691,ppo_car_spread_a_deterministic
31.8005,-0.16883,0.0000,0.0050,0.05432,0.05436,0.25440,-1.1,1.0000,-22.4860,0.4741,-6.1677,148.688,ppo_car_spread_a_deterministic
31.8205,-0.16883,0.0000,0.0050,0.05170,0.05174,0.28311,-1.1,1.0000,-22.4854,0.4741,-6.1685,148.689,ppo_car_spread_a_deterministic
31.8405,-0.16923,0.0000,0.0063,0.04849,0.04853,0.38468,-1.1,1.0000,-22.4849,0.4741,-6.1693,148.686,ppo_car_spread_a_deterministic
31.8605,-0.16923,0.0000,0.0063,0.04629,0.04633,0.35704,-1.3,1.0000,-22.4844,0.4741,-6.1701,148.688,ppo_car_spread_a_deterministic
31.8805,-0.16923,0.0000,0.0063,0.04604,0.04606,0.20764,-1.3,1.0000,-22.4838,0.4741,-6.1709,148.687,ppo_car_spread_a_deterministic
31.9005,-0.16923,0.0000,0.0063,0.04468,0.04470,0.20133,-1.3,1.0000,-22.4834,0.4741,-6.1716,148.685,ppo_car_spread_a_deterministic
31.9205,-0.16934,0.0015,0.0000,0.04709,0.04713,0.26673,-1.3,1.0000,-22.4828,0.4741,-6.1724,148.683,ppo_car_spread_a_deterministic
31.9405,-0.16934,0.0015,0.0000,0.04876,0.04879,0.10268,0.8,1.0000,-22.4823,0.4741,-6.1732,148.682,ppo_car_spread_a_deterministic
31.9605,-0.16934,0.0015,0.0000,0.04532,0.04535,0.39065,0.8,1.0000,-22.4818,0.4741,-6.1740,148.681,ppo_car_spread_a_deterministic
31.9805,-0.16934,0.0015,0.0000,0.04952,0.04954,0.28197,0.8,1.0000,-22.4813,0.4741,-6.1748,148.679,ppo_car_spread_a_deterministic
32.0005,-0.16935,0.0022,0.0000,0.04920,0.04922,0.40156,0.8,1.0000,-22.4807,0.4741,-6.1756,148.676,ppo_car_spread_a_deterministic
32.0205,-0.16935,0.0022,0.0000,0.04832,0.04835,0.29593,1.1,1.0000,-22.4802,0.4741,-6.1764,148.676,ppo_car_spread_a_deterministic
32.0405,-0.16935,0.0022,0.0000,0.04606,0.04609,0.23354,1.1,1.0000,-22.4797,0.4741,-6.1772,148.674,ppo_car_spread_a_deterministic
32.0605,-0.16935,0.0022,0.0000,0.04605,0.04607,0.38910,1.1,1.0000,-22.4792,0.4741,-6.1780,148.674,ppo_car_spread_a_deterministic
32.0805,-0.16967,0.0016,0.0000,0.04595,0.04598,0.36501,1.1,1.0000,-22.4787,0.4741,-6.1787,148.673,ppo_car_spread_a_deterministic
32.1005,-0.16967,0.0016,0.0000,0.04700,0.04703,0.40708,0.8,1.0000,-22.4782,0.4741,-6.1795,148.668,ppo_car_spread_a_deterministic
32.1205,-0.16967,0.0016,0.0000,0.04868,0.04871,0.16607,0.8,1.0000,-22.4776,0.4741,-6.1803,148.665,ppo_car_spread_a_deterministic
32.1405,-0.16967,0.0016,0.0000,0.04853,0.04857,0.25245,0.8,1.0000,-22.4771,0.4741,-6.1811,148.666,ppo_car_spread_a_deterministic
32.1606,-0.16983,0.0000,0.0008,0.04219,0.04222,0.39470,0.8,1.0000,-22.4766,0.4741,-6.1818,148.662,ppo_car_spread_a_deterministic
32.1806,-0.16983,0.0000,0.0008,0.05110,0.05113,0.23216,-0.2,1.0000,-22.4761,0.4741,-6.1827,148.662,ppo_car_spread_a_deterministic
32.2006,-0.16983,0.0000,0.0008,0.04612,0.04615,0.34321,-0.2,1.0000,-22.4756,0.4741,-6.1835,148.662,ppo_car_spread_a_deterministic
32.2206,-0.16983,0.0000,0.0008,0.04263,0.04267,0.38915,-0.2,1.0000,-22.4751,0.4741,-6.1842,148.664,ppo_car_spread_a_deterministic
32.2406,-0.16944,0.0009,0.0000,0.04727,0.04730,0.34447,-0.2,1.0000,-22.4746,0.4741,-6.1850,148.664,ppo_car_spread_a_deterministic
32.2606,-0.16944,0.0009,0.0000,0.04590,0.04592,0.41231,0.5,1.0000,-22.4741,0.4741,-6.1857,148.668,ppo_car_spread_a_deterministic
32.2806,-0.16944,0.0009,0.0000,0.05202,0.05206,0.27971,0.5,1.0000,-22.4735,0.4741,-6.1866,148.666,ppo_car_spread_a_deterministic
32.3006,-0.16944,0.0009,0.0000,0.04617,0.04621,0.32121,0.5,1.0000,-22.4730,0.4741,-6.1874,148.666,ppo_car_spread_a_deterministic
32.3206,-0.16950,0.0000,0.0044,0.05211,0.05215,0.25245,0.5,1.0000,-22.4724,0.4741,-6.1883,148.663,ppo_car_spread_a_deterministic
32.3406,-0.16950,0.0000,0.0044,0.05355,0.05359,0.24452,-0.9,1.0000,-22.4718,0.4741,-6.1892,148.661,ppo_car_spread_a_deterministic
32.3606,-0.16950,0.0000,0.0044,0.04684,0.04688,0.41121,-0.9,1.0000,-22.4713,0.4741,-6.1899,148.662,ppo_car_spread_a_deterministic
32.3806,-0.16950,0.0000,0.0044,0.04889,0.04892,0.17025,-0.9,1.0000,-22.4707,0.4741,-6.1907,148.662,ppo_car_spread_a_deterministic
32.4006,-0.16915,0.0000,0.0001,0.04849,0.04852,0.15378,-0.9,1.0000,-22.4702,0.4741,-6.1916,148.661,ppo_car_spread_a_deterministic
32.4206,-0.16915,0.0000,0.0001,0.05275,0.05278,0.27073,0.0,1.0000,-22.4696,0.4741,-6.1924,148.662,ppo_car_spread_a_deterministic
32.4406,-0.16915,0.0000,0.0001,0.04462,0.04466,0.22710,0.0,1.0000,-22.4691,0.4741,-6.1932,148.660,ppo_car_spread_a_deterministic
32.4606,-0.16915,0.0000,0.0001,0.04857,0.04859,0.39211,0.0,1.0000,-22.4686,0.4741,-6.1940,148.658,ppo_car_spread_a_deterministic
32.4806,-0.17031,0.0031,0.0000,0.04729,0.04733,0.40849,0.0,1.0000,-22.4681,0.4741,-6.1948,148.654,ppo_car_spread_a_deterministic
32.5006,-0.17031,0.0031,0.0000,0.04992,0.04995,0.27696,1.6,1.0000,-22.4675,0.4741,-6.1956,148.651,ppo_car_spread_a_deterministic
32.5206,-0.17031,0.0031,0.0000,0.04535,0.04538,0.28632,1.6,1.0000,-22.4670,0.4741,-6.1964,148.647,ppo_car_spread_a_deterministic
32.5406,-0.17031,0.0031,0.0000,0.05386,0.05390,0.23754,1.6,1.0000,-22.4664,0.4741,-6.1973,148.644,ppo_car_spread_a_deterministic
32.5606,-0.17086,0.0029,0.0000,0.05123,0.05127,0.03437,1.6,1.0000,-22.4659,0.4741,-6.1981,148.642,ppo_car_spread_a_deterministic
32.5806,-0.17086,0.0029,0.0000,0.05365,0.05369,0.27190,1.5,1.0000,-22.4653,0.4741,-6.1990,148.639,ppo_car_spread_a_deterministic
32.6006,-0.17086,0.0029,0.0000,0.05433,0.05436,0.20449,1.5,1.0000,-22.4647,0.4741,-6.1999,148.638,ppo_car_spread_a_deterministic
32.6206,-0.17086,0.0029,0.0000,0.05834,0.05838,0.27825,1.5,1.0000,-22.4640,0.4741,-6.2009,148.635,ppo_car_spread_a_deterministic
32.6406,-0.16943,0.0000,0.0069,0.05263,0.05266,0.34006,1.5,1.0000,-22.4634,0.4741,-6.2018,148.635,ppo_car_spread_a_deterministic
32.6606,-0.16943,0.0000,0.0069,0.04784,0.04788,0.41133,-1.5,1.0000,-22.4629,0.4741,-6.2026,148.631,ppo_car_spread_a_deterministic
32.6806,-0.16943,0.0000,0.0069,0.04444,0.04446,0.41302,-1.5,1.0000,-22.4624,0.4741,-6.2033,148.630,ppo_car_spread_a_deterministic
32.7006,-0.16943,0.0000,0.0069,0.05071,0.05075,0.23381,-1.5,1.0000,-22.4619,0.4741,-6.2042,148.626,ppo_car_spread_a_deterministic
32.7206,-0.17025,0.0032,0.0000,0.04953,0.04957,0.23532,-1.5,1.0000,-22.4613,0.4741,-6.2050,148.625,ppo_car_spread_a_deterministic
32.7406,-0.17025,0.0032,0.0000,0.04887,0.04890,0.37821,1.7,1.0000,-22.4608,0.4741,-6.2058,148.624,ppo_car_spread_a_deterministic
32.7606,-0.17025,0.0032,0.0000,0.05170,0.05174,0.24215,1.7,1.0000,-22.4602,0.4741,-6.2067,148.622,ppo_car_spread_a_deterministic
32.7806,-0.17025,0.0032,0.0000,0.04789,0.04794,0.41350,1.7,1.0000,-22.4597,0.4741,-6.2075,148.620,ppo_car_spread_a_deterministic
32.8006,-0.17015,0.0000,0.0040,0.04992,0.04995,0.40557,1.7,1.0000,-22.4591,0.4741,-6.2083,148.621,ppo_car_spread_a_deterministic
32.8206,-0.17015,0.0000,0.0040,0.05128,0.05131,0.28174,-0.8,1.0000,-22.4586,0.4741,-6.2092,148.617,ppo_car_spread_a_deterministic
32.8406,-0.17015,0.0000,0.0040,0.04960,0.04963,0.40813,-0.8,1.0000,-22.4580,0.4741,-6.2100,148.619,ppo_car_spread_a_deterministic
32.8606,-0.17015,0.0000,0.0040,0.04950,0.04953,0.40729,-0.8,1.0000,-22.4575,0.4741,-6.2108,148.621,ppo_car_spread_a_deterministic
32.8806,-0.16901,0.0000,0.0032,0.05309,0.05312,0.22863,-0.8,1.0000,-22.4569,0.4741,-6.2117,148.620,ppo_car_spread_a_deterministic
32.9006,-0.16901,0.0000,0.0032,0.05506,0.05509,0.26408,-0.7,1.0000,-22.4563,0.4741,-6.2126,148.618,ppo_car_spread_a_deterministic
32.9206,-0.16901,0.0000,0.0032,0.04241,0.04244,0.38550,-0.7,1.0000,-22.4558,0.4741,-6.2133,148.618,ppo_car_spread_a_deterministic
32.9406,-0.16901,0.0000,0.0032,0.05439,0.05442,0.28216,-0.7,1.0000,-22.4552,0.4741,-6.2142,148.613,ppo_car_spread_a_deterministic
32.9606,-0.17017,0.0045,0.0000,0.05110,0.05114,0.40992,-0.7,1.0000,-22.4546,0.4741,-6.2151,148.615,ppo_car_spread_a_deterministic
32.9806,-0.17017,0.0045,0.0000,0.04632,0.04635,0.37541,2.4,1.0000,-22.4541,0.4741,-6.2159,148.609,ppo_car_spread_a_deterministic
33.0006,-0.17017,0.0045,0.0000,0.05006,0.05010,0.33024,2.4,1.0000,-22.4536,0.4741,-6.2167,148.607,ppo_car_spread_a_deterministic
33.0206,-0.17017,0.0045,0.0000,0.05286,0.05289,0.24704,2.4,1.0000,-22.4530,0.4741,-6.2176,148.603,ppo_car_spread_a_deterministic
33.0406,-0.17055,0.0000,0.0024,0.05066,0.05069,0.37359,2.4,1.0000,-22.4524,0.4741,-6.2184,148.601,ppo_car_spread_a_deterministic
33.0606,-0.17055,0.0000,0.0024,0.05010,0.05013,0.39372,-0.5,1.0000,-22.4519,0.4741,-6.2193,148.599,ppo_car_spread_a_deterministic
33.0806,-0.17055,0.0000,0.0024,0.04500,0.04504,0.41536,-0.5,1.0000,-22.4514,0.4741,-6.2200,148.595,ppo_car_spread_a_deterministic
33.1006,-0.17055,0.0000,0.0024,0.05769,0.05773,0.27229,-0.5,1.0000,-22.4507,0.4741,-6.2210,148.595,ppo_car_spread_a_deterministic
33.1206,-0.17164,0.0031,0.0000,0.05302,0.05306,0.05732,-0.5,1.0000,-22.4502,0.4741,-6.2219,148.592,ppo_car_spread_a_deterministic
33.1406,-0.17164,0.0031,0.0000,0.05586,0.05590,0.23636,1.6,1.0000,-22.4495,0.4741,-6.2228,148.590,ppo_car_spread_a_deterministic
33.1606,-0.17164,0.0031,0.0000,0.05407,0.05411,0.11985,1.6,1.0000,-22.4489,0.4741,-6.2237,148.589,ppo_car_spread_a_deterministic
33.1806,-0.17164,0.0031,0.0000,0.05260,0.05263,0.35243,1.6,1.0000,-22.4483,0.4741,-6.2246,148.587,ppo_car_spread_a_deterministic
33.2006,-0.17038,0.0000,0.0064,0.05278,0.05281,0.31239,1.6,1.0000,-22.4478,0.4741,-6.2255,148.588,ppo_car_spread_a_deterministic
33.2206,-0.17038,0.0000,0.0064,0.04939,0.04942,0.37426,-1.4,1.0000,-22.4472,0.4741,-6.2263,148.581,ppo_car_spread_a_deterministic
33.2406,-0.17038,0.0000,0.0064,0.04971,0.04975,0.41175,-1.4,1.0000,-22.4467,0.4741,-6.2271,148.576,ppo_car_spread_a_deterministic
33.2606,-0.17038,0.0000,0.0064,0.05542,0.05547,0.26656,-1.4,1.0000,-22.4461,0.4741,-6.2280,148.576,ppo_car_spread_a_deterministic
33.2806,-0.17173,0.0000,0.0014,0.05363,0.05367,0.18141,-1.4,1.0000,-22.4455,0.4741,-6.2289,148.574,ppo_car_spread_a_deterministic
33.3006,-0.17173,0.0000,0.0014,0.05485,0.05489,0.24748,-0.3,1.0000,-22.4448,0.4741,-6.2298,148.573,ppo_car_spread_a_deterministic
33.3206,-0.17173,0.0000,0.0014,0.05955,0.05959,0.27335,-0.3,1.0000,-22.4442,0.4741,-6.2308,148.571,ppo_car_spread_a_deterministic
33.3406,-0.17173,0.0000,0.0014,0.05081,0.05084,0.38643,-0.3,1.0000,-22.4436,0.4741,-6.2317,148.573,ppo_car_spread_a_deterministic
33.3606,-0.17028,0.0000,0.0117,0.05475,0.05478,0.26974,-0.3,1.0000,-22.4430,0.4741,-6.2326,148.573,ppo_car_spread_a_deterministic
33.3806,-0.17028,0.0000,0.0117,0.05631,0.05634,0.24531,-2.5,1.0000,-22.4424,0.4741,-6.2335,148.570,ppo_car_spread_a_deterministic
33.4006,-0.17028,0.0000,0.0117,0.05247,0.05250,0.39291,-2.5,1.0000,-22.4418,0.4741,-6.2344,148.567,ppo_car_spread_a_deterministic
33.4206,-0.17028,0.0000,0.0117,0.04413,0.04416,0.40172,-2.5,1.0000,-22.4414,0.4741,-6.2351,148.568,ppo_car_spread_a_deterministic
33.4406,-0.17098,0.0000,0.0044,0.04998,0.05003,0.35872,-2.5,1.0000,-22.4408,0.4741,-6.2360,148.567,ppo_car_spread_a_deterministic
33.4606,-0.17098,0.0000,0.0044,0.04013,0.04016,0.39948,-0.9,1.0000,-22.4404,0.4741,-6.2366,148.565,ppo_car_spread_a_deterministic
33.4806,-0.17098,0.0000,0.0044,0.05239,0.05243,0.23979,-0.9,1.0000,-22.4398,0.4741,-6.2375,148.562,ppo_car_spread_a_deterministic
33.5006,-0.17098,0.0000,0.0044,0.04485,0.04487,0.36277,-0.9,1.0000,-22.4393,0.4741,-6.2382,148.560,ppo_car_spread_a_deterministic
33.5206,-0.17118,0.0000,0.0043,0.04722,0.04725,0.17377,-0.9,1.0000,-22.4388,0.4741,-6.2390,148.558,ppo_car_spread_a_deterministic
33.5406,-0.17118,0.0000,0.0043,0.04709,0.04711,0.38930,-0.9,1.0000,-22.4383,0.4741,-6.2398,148.558,ppo_car_spread_a_deterministic
33.5606,-0.17118,0.0000,0.0043,0.04691,0.04695,0.20761,-0.9,1.0000,-22.4377,0.4741,-6.2406,148.557,ppo_car_spread_a_deterministic
33.5806,-0.17118,0.0000,0.0043,0.04688,0.04691,0.26086,-0.9,1.0000,-22.4372,0.4741,-6.2414,148.554,ppo_car_spread_a_deterministic
33.6006,-0.17148,0.0008,0.0000,0.04658,0.04660,0.39310,-0.9,1.0000,-22.4367,0.4741,-6.2422,148.550,ppo_car_spread_a_deterministic
33.6206,-0.17148,0.0008,0.0000,0.04919,0.04923,0.24223,0.4,1.0000,-22.4362,0.4741,-6.2430,148.550,ppo_car_spread_a_deterministic
33.6406,-0.17148,0.0008,0.0000,0.04961,0.04964,0.27973,0.4,1.0000,-22.4356,0.4741,-6.2438,148.549,ppo_car_spread_a_deterministic
33.6606,-0.17148,0.0008,0.0000,0.04708,0.04711,0.28459,0.4,1.0000,-22.4351,0.4741,-6.2446,148.548,ppo_car_spread_a_deterministic
33.6806,-0.17126,0.0000,0.0020,0.04656,0.04660,0.24825,0.4,1.0000,-22.4346,0.4741,-6.2454,148.546,ppo_car_spread_a_deterministic
33.7006,-0.17126,0.0000,0.0020,0.05038,0.05040,0.40445,-0.4,1.0000,-22.4340,0.4741,-6.2462,148.543,ppo_car_spread_a_deterministic
33.7206,-0.17126,0.0000,0.0020,0.05128,0.05131,0.15444,-0.4,1.0000,-22.4334,0.4741,-6.2471,148.542,ppo_car_spread_a_deterministic
33.7406,-0.17126,0.0000,0.0020,0.04411,0.04415,0.40295,-0.4,1.0000,-22.4329,0.4741,-6.2478,148.544,ppo_car_spread_a_deterministic
33.7606,-0.17096,0.0000,0.0039,0.04412,0.04416,0.40820,-0.4,1.0000,-22.4325,0.4741,-6.2485,148.540,ppo_car_spread_a_deterministic
33.7806,-0.17096,0.0000,0.0039,0.04651,0.04654,0.23704,-0.8,1.0000,-22.4319,0.4741,-6.2493,148.537,ppo_car_spread_a_deterministic
33.8006,-0.17096,0.0000,0.0039,0.04357,0.04360,0.34992,-0.8,1.0000,-22.4315,0.4741,-6.2500,148.535,ppo_car_spread_a_deterministic
33.8206,-0.17096,0.0000,0.0039,0.04322,0.04325,0.36560,-0.8,1.0000,-22.4310,0.4741,-6.2508,148.536,ppo_car_spread_a_deterministic
33.8406,-0.17206,0.0043,0.0000,0.04631,0.04634,0.18570,-0.8,1.0000,-22.4305,0.4741,-6.2515,148.534,ppo_car_spread_a_deterministic
33.8606,-0.17206,0.0043,0.0000,0.05104,0.05107,0.26342,2.2,1.0000,-22.4299,0.4741,-6.2524,148.529,ppo_car_spread_a_deterministic
33.8806,-0.17206,0.0043,0.0000,0.04643,0.04646,0.18666,2.2,1.0000,-22.4294,0.4741,-6.2532,148.526,ppo_car_spread_a_deterministic
33.9006,-0.17206,0.0043,0.0000,0.04845,0.04847,0.34089,2.2,1.0000,-22.4289,0.4741,-6.2540,148.523,ppo_car_spread_a_deterministic
33.9206,-0.17237,0.0018,0.0000,0.05368,0.05372,0.27252,2.2,1.0000,-22.4283,0.4741,-6.2549,148.519,ppo_car_spread_a_deterministic
33.9406,-0.17237,0.0018,0.0000,0.04856,0.04859,0.14687,0.9,1.0000,-22.4277,0.4741,-6.2557,148.518,ppo_car_spread_a_deterministic
33.9606,-0.17237,0.0018,0.0000,0.05351,0.05354,0.25773,0.9,1.0000,-22.4271,0.4741,-6.2566,148.518,ppo_car_spread_a_deterministic
33.9806,-0.17237,0.0018,0.0000,0.05383,0.05387,0.26198,0.9,1.0000,-22.4265,0.4741,-6.2575,148.520,ppo_car_spread_a_deterministic
34.0006,-0.17093,0.0000,0.0062,0.04962,0.04966,0.29923,0.9,1.0000,-22.4260,0.4741,-6.2583,148.519,ppo_car_spread_a_deterministic
34.0206,-0.17093,0.0000,0.0062,0.04836,0.04840,0.24492,-1.3,1.0000,-22.4254,0.4741,-6.2591,148.520,ppo_car_spread_a_deterministic
34.0406,-0.17093,0.0000,0.0062,0.04926,0.04928,0.40322,-1.3,1.0000,-22.4249,0.4741,-6.2599,148.517,ppo_car_spread_a_deterministic
34.0606,-0.17093,0.0000,0.0062,0.04749,0.04752,0.16850,-1.3,1.0000,-22.4244,0.4741,-6.2607,148.515,ppo_car_spread_a_deterministic
34.0806,-0.17182,0.0000,0.0013,0.04981,0.04985,0.11973,-1.3,1.0000,-22.4238,0.4741,-6.2616,148.513,ppo_car_spread_a_deterministic
34.1006,-0.17182,0.0000,0.0013,0.04583,0.04585,0.30999,-0.3,1.0000,-22.4233,0.4741,-6.2623,148.511,ppo_car_spread_a_deterministic
34.1206,-0.17182,0.0000,0.0013,0.04984,0.04987,0.12129,-0.3,1.0000,-22.4228,0.4741,-6.2632,148.509,ppo_car_spread_a_deterministic
34.1406,-0.17182,0.0000,0.0013,0.04396,0.04399,0.35471,-0.3,1.0000,-22.4223,0.4741,-6.2639,148.505,ppo_car_spread_a_deterministic
34.1606,-0.17206,0.0000,0.0020,0.04625,0.04629,0.32365,-0.3,1.0000,-22.4218,0.4741,-6.2646,148.503,ppo_car_spread_a_deterministic
34.1806,-0.17206,0.0000,0.0020,0.04971,0.04975,0.27405,-0.4,1.0000,-22.4212,0.4741,-6.2655,148.500,ppo_car_spread_a_deterministic
34.2006,-0.17206,0.0000,0.0020,0.05609,0.05613,0.27161,-0.4,1.0000,-22.4206,0.4741,-6.2664,148.496,ppo_car_spread_a_deterministic
34.2206,-0.17206,0.0000,0.0020,0.05263,0.05266,0.25917,-0.4,1.0000,-22.4200,0.4741,-6.2673,148.494,ppo_car_spread_a_deterministic
34.2406,-0.17198,0.0000,0.0080,0.05423,0.05426,0.24889,-0.4,1.0000,-22.4194,0.4741,-6.2682,148.492,ppo_car_spread_a_deterministic
34.2606,-0.17198,0.0000,0.0080,0.04864,0.04867,0.17114,-1.7,1.0000,-22.4189,0.4741,-6.2690,148.491,ppo_car_spread_a_deterministic
34.2806,-0.17198,0.0000,0.0080,0.04586,0.04589,0.16544,-1.7,1.0000,-22.4183,0.4741,-6.2698,148.490,ppo_car_spread_a_deterministic
34.3006,-0.17198,0.0000,0.0080,0.05453,0.05457,0.26465,-1.7,1.0000,-22.4177,0.4741,-6.2707,148.488,ppo_car_spread_a_deterministic
34.3206,-0.17248,0.0019,0.0000,0.05101,0.05104,0.26553,-1.7,1.0000,-22.4172,0.4741,-6.2715,148.488,ppo_car_spread_a_deterministic
34.3406,-0.17248,0.0019,0.0000,0.04844,0.04847,0.21697,1.0,1.0000,-22.4166,0.4741,-6.2723,148.484,ppo_car_spread_a_deterministic
34.3606,-0.17248,0.0019,0.0000,0.04605,0.04609,0.16580,1.0,1.0000,-22.4161,0.4741,-6.2731,148.484,ppo_car_spread_a_deterministic
34.3806,-0.17248,0.0019,0.0000,0.04581,0.04584,0.38861,1.0,1.0000,-22.4156,0.4741,-6.2739,148.484,ppo_car_spread_a_deterministic
34.4006,-0.17237,0.0015,0.0000,0.04893,0.04897,0.21187,1.0,1.0000,-22.4151,0.4741,-6.2747,148.480,ppo_car_spread_a_deterministic
34.4206,-0.17237,0.0015,0.0000,0.05103,0.05106,0.20799,0.8,1.0000,-22.4145,0.4741,-6.2755,148.478,ppo_car_spread_a_deterministic
34.4406,-0.17237,0.0015,0.0000,0.04346,0.04348,0.31395,0.8,1.0000,-22.4140,0.4741,-6.2763,148.477,ppo_car_spread_a_deterministic
34.4606,-0.17237,0.0015,0.0000,0.05252,0.05256,0.23547,0.8,1.0000,-22.4135,0.4741,-6.2771,148.476,ppo_car_spread_a_deterministic
34.4806,-0.17277,0.0043,0.0000,0.04913,0.04917,0.21703,0.8,1.0000,-22.4129,0.4741,-6.2779,148.474,ppo_car_spread_a_deterministic
34.5006,-0.17277,0.0043,0.0000,0.04554,0.04558,0.21361,2.3,1.0000,-22.4124,0.4741,-6.2787,148.474,ppo_car_spread_a_deterministic
34.5206,-0.17277,0.0043,0.0000,0.04480,0.04483,0.38413,2.3,1.0000,-22.4119,0.4741,-6.2794,148.472,ppo_car_spread_a_deterministic
34.5406,-0.17277,0.0043,0.0000,0.04715,0.04718,0.40639,2.3,1.0000,-22.4114,0.4741,-6.2802,148.467,ppo_car_spread_a_deterministic
34.5606,-0.17316,0.0033,0.0000,0.05326,0.05330,0.35547,2.3,1.0000,-22.4108,0.4741,-6.2811,148.463,ppo_car_spread_a_deterministic
34.5806,-0.17316,0.0033,0.0000,0.04923,0.04926,0.31090,1.7,1.0000,-22.4102,0.4741,-6.2819,148.465,ppo_car_spread_a_deterministic
34.6006,-0.17316,0.0033,0.0000,0.05521,0.05525,0.26877,1.7,1.0000,-22.4096,0.4741,-6.2829,148.465,ppo_car_spread_a_deterministic
34.6206,-0.17316,0.0033,0.0000,0.04484,0.04487,0.40798,1.7,1.0000,-22.4091,0.4741,-6.2836,148.464,ppo_car_spread_a_deterministic
34.6406,-0.17169,0.0000,0.0078,0.04945,0.04947,0.33572,1.7,1.0000,-22.4086,0.4741,-6.2844,148.461,ppo_car_spread_a_deterministic
34.6606,-0.17169,0.0000,0.0078,0.05186,0.05190,0.38341,-1.6,1.0000,-22.4080,0.4741,-6.2853,148.456,ppo_car_spread_a_deterministic
34.6806,-0.17169,0.0000,0.0078,0.04999,0.05003,0.35438,-1.6,1.0000,-22.4075,0.4741,-6.2861,148.452,ppo_car_spread_a_deterministic
34.7006,-0.17169,0.0000,0.0078,0.04773,0.04775,0.36625,-1.6,1.0000,-22.4069,0.4741,-6.2869,148.452,ppo_car_spread_a_deterministic
34.7206,-0.17323,0.0000,0.0018,0.04694,0.04696,0.41279,-1.6,1.0000,-22.4064,0.4741,-6.2877,148.449,ppo_car_spread_a_deterministic
34.7406,-0.17323,0.0000,0.0018,0.04776,0.04779,0.17461,-0.4,1.0000,-22.4059,0.4741,-6.2885,148.448,ppo_car_spread_a_deterministic
34.7606,-0.17323,0.0000,0.0018,0.04301,0.04303,0.39208,-0.4,1.0000,-22.4054,0.4741,-6.2892,148.450,ppo_car_spread_a_deterministic
34.7806,-0.17323,0.0000,0.0018,0.05326,0.05330,0.26867,-0.4,1.0000,-22.4048,0.4741,-6.2901,148.449,ppo_car_spread_a_deterministic
34.8006,-0.17242,0.0040,0.0000,0.04979,0.04983,0.20087,-0.4,1.0000,-22.4043,0.4741,-6.2909,148.448,ppo_car_spread_a_deterministic
34.8206,-0.17242,0.0040,0.0000,0.04441,0.04444,0.35637,2.1,1.0000,-22.4038,0.4741,-6.2917,148.444,ppo_car_spread_a_deterministic
34.8406,-0.17242,0.0040,0.0000,0.05183,0.05186,0.23331,2.1,1.0000,-22.4032,0.4741,-6.2925,148.444,ppo_car_spread_a_deterministic
34.8606,-0.17242,0.0040,0.0000,0.04743,0.04746,0.34255,2.1,1.0000,-22.4027,0.4741,-6.2933,148.442,ppo_car_spread_a_deterministic
34.8806,-0.17191,0.0000,0.0048,0.05522,0.05526,0.27543,2.1,1.0000,-22.4021,0.4741,-6.2943,148.437,ppo_car_spread_a_deterministic
34.9006,-0.17191,0.0000,0.0048,0.04846,0.04849,0.40002,-1.0,1.0000,-22.4015,0.4741,-6.2951,148.439,ppo_car_spread_a_deterministic
34.9206,-0.17191,0.0000,0.0048,0.05049,0.05052,0.32905,-1.0,1.0000,-22.4010,0.4741,-6.2959,148.437,ppo_car_spread_a_deterministic
34.9406,-0.17191,0.0000,0.0048,0.04851,0.04855,0.39949,-1.0,1.0000,-22.4004,0.4741,-6.2967,148.436,ppo_car_spread_a_deterministic
34.9606,-0.17247,0.0000,0.0029,0.04639,0.04642,0.20641,-1.0,1.0000,-22.3999,0.4741,-6.2975,148.434,ppo_car_spread_a_deterministic
34.9806,-0.17247,0.0000,0.0029,0.05303,0.05308,0.40989,-0.6,1.0000,-22.3993,0.4741,-6.2984,148.434,ppo_car_spread_a_deterministic
35.0006,-0.17247,0.0000,0.0029,0.05206,0.05208,0.38420,-0.6,1.0000,-22.3987,0.4741,-6.2992,148.431,ppo_car_spread_a_deterministic
35.0206,-0.17247,0.0000,0.0029,0.04936,0.04939,0.26750,-0.6,1.0000,-22.3982,0.4741,-6.3001,148.431,ppo_car_spread_a_deterministic
35.0406,-0.17290,0.0000,0.0039,0.04785,0.04788,0.27641,-0.6,1.0000,-22.3977,0.4741,-6.3009,148.427,ppo_car_spread_a_deterministic
35.0606,-0.17290,0.0000,0.0039,0.05427,0.05431,0.21469,-0.8,1.0000,-22.3971,0.4741,-6.3018,148.423,ppo_car_spread_a_deterministic
35.0806,-0.17290,0.0000,0.0039,0.04426,0.04430,0.35769,-0.8,1.0000,-22.3966,0.4741,-6.3025,148.422,ppo_car_spread_a_deterministic
35.1006,-0.17290,0.0000,0.0039,0.05064,0.05068,0.24541,-0.8,1.0000,-22.3960,0.4741,-6.3033,148.419,ppo_car_spread_a_deterministic
35.1206,-0.17355,0.0034,0.0000,0.05267,0.05271,0.28005,-0.8,1.0000,-22.3954,0.4741,-6.3042,148.416,ppo_car_spread_a_deterministic
35.1406,-0.17355,0.0034,0.0000,0.04540,0.04544,0.37526,1.8,1.0000,-22.3949,0.4741,-6.3050,148.414,ppo_car_spread_a_deterministic
35.1606,-0.17355,0.0034,0.0000,0.04706,0.04708,0.41117,1.8,1.0000,-22.3944,0.4741,-6.3057,148.412,ppo_car_spread_a_deterministic
35.1806,-0.17355,0.0034,0.0000,0.05553,0.05557,0.20271,1.8,1.0000,-22.3938,0.4741,-6.3067,148.411,ppo_car_spread_a_deterministic
35.2006,-0.17350,0.0009,0.0000,0.05253,0.05256,0.30804,1.8,1.0000,-22.3932,0.4741,-6.3075,148.404,ppo_car_spread_a_deterministic
35.2206,-0.17350,0.0009,0.0000,0.04895,0.04898,0.38035,0.5,1.0000,-22.3926,0.4741,-6.3084,148.399,ppo_car_spread_a_deterministic
35.2406,-0.17350,0.0009,0.0000,0.05349,0.05352,0.25414,0.5,1.0000,-22.3920,0.4741,-6.3093,148.396,ppo_car_spread_a_deterministic
35.2606,-0.17350,0.0009,0.0000,0.05094,0.05097,0.15800,0.5,1.0000,-22.3915,0.4741,-6.3101,148.395,ppo_car_spread_a_deterministic
35.2806,-0.17345,0.0000,0.0053,0.04742,0.04745,0.39856,0.5,1.0000,-22.3910,0.4741,-6.3109,148.395,ppo_car_spread_a_deterministic
35.3006,-0.17345,0.0000,0.0053,0.05508,0.05512,0.23517,-1.1,1.0000,-22.3903,0.4741,-6.3118,148.392,ppo_car_spread_a_deterministic
35.3206,-0.17345,0.0000,0.0053,0.05396,0.05399,0.26649,-1.1,1.0000,-22.3897,0.4741,-6.3127,148.388,ppo_car_spread_a_deterministic
35.3406,-0.17345,0.0000,0.0053,0.04657,0.04661,0.30395,-1.1,1.0000,-22.3892,0.4741,-6.3135,148.385,ppo_car_spread_a_deterministic
35.3606,-0.17375,0.0000,0.0055,0.05262,0.05266,0.27313,-1.1,1.0000,-22.3886,0.4741,-6.3144,148.381,ppo_car_spread_a_deterministic
35.3806,-0.17375,0.0000,0.0055,0.05099,0.05102,0.37389,-1.2,1.0000,-22.3881,0.4741,-6.3152,148.380,ppo_car_spread_a_deterministic
35.4006,-0.17375,0.0000,0.0055,0.04857,0.04861,0.38754,-1.2,1.0000,-22.3875,0.4741,-6.3160,148.375,ppo_car_spread_a_deterministic
35.4206,-0.17375,0.0000,0.0055,0.05107,0.05111,0.08354,-1.2,1.0000,-22.3870,0.4741,-6.3169,148.373,ppo_car_spread_a_deterministic
35.4406,-0.17490,0.0001,0.0000,0.04930,0.04933,0.40492,-1.2,1.0000,-22.3864,0.4741,-6.3177,148.373,ppo_car_spread_a_deterministic
35.4606,-0.17490,0.0001,0.0000,0.04532,0.04535,0.37364,0.1,1.0000,-22.3859,0.4741,-6.3184,148.371,ppo_car_spread_a_deterministic
35.4806,-0.17490,0.0001,0.0000,0.05187,0.05191,0.25056,0.1,1.0000,-22.3853,0.4741,-6.3193,148.368,ppo_car_spread_a_deterministic
35.5006,-0.17490,0.0001,0.0000,0.05319,0.05322,0.22602,0.1,1.0000,-22.3847,0.4741,-6.3202,148.367,ppo_car_spread_a_deterministic
35.5206,-0.17438,0.0000,0.0035,0.05291,0.05295,0.21532,0.1,1.0000,-22.3841,0.4741,-6.3211,148.362,ppo_car_spread_a_deterministic
35.5406,-0.17438,0.0000,0.0035,0.04448,0.04451,0.37192,-0.7,1.0000,-22.3837,0.4741,-6.3218,148.361,ppo_car_spread_a_deterministic
35.5606,-0.17438,0.0000,0.0035,0.05458,0.05462,0.19883,-0.7,1.0000,-22.3830,0.4741,-6.3227,148.361,ppo_car_spread_a_deterministic
35.5806,-0.17438,0.0000,0.0035,0.04777,0.04781,0.40899,-0.7,1.0000,-22.3825,0.4741,-6.3235,148.360,ppo_car_spread_a_deterministic
35.6006,-0.17316,0.0000,0.0071,0.04736,0.04739,0.16341,-0.7,1.0000,-22.3820,0.4741,-6.3243,148.358,ppo_car_spread_a_deterministic
35.6206,-0.17316,0.0000,0.0071,0.04139,0.04143,0.36173,-1.5,1.0000,-22.3815,0.4741,-6.3250,148.357,ppo_car_spread_a_deterministic
35.6406,-0.17316,0.0000,0.0071,0.05669,0.05673,0.21297,-1.5,1.0000,-22.3809,0.4741,-6.3259,148.355,ppo_car_spread_a_deterministic
35.6606,-0.17316,0.0000,0.0071,0.05214,0.05217,0.37006,-1.5,1.0000,-22.3803,0.4741,-6.3268,148.351,ppo_car_spread_a_deterministic
35.6806,-0.17332,0.0000,0.0090,0.04930,0.04933,0.28594,-1.5,1.0000,-22.3798,0.4741,-6.3276,148.351,ppo_car_spread_a_deterministic
35.7006,-0.17332,0.0000,0.0090,0.04731,0.04735,0.21709,-1.9,1.0000,-22.3792,0.4741,-6.3284,148.349,ppo_car_spread_a_deterministic
35.7206,-0.17332,0.0000,0.0090,0.04494,0.04498,0.40924,-1.9,1.0000,-22.3787,0.4741,-6.3291,148.348,ppo_car_spread_a_deterministic
35.7406,-0.17332,0.0000,0.0090,0.05179,0.05182,0.22800,-1.9,1.0000,-22.3782,0.4741,-6.3300,148.345,ppo_car_spread_a_deterministic
35.7606,-0.17439,0.0025,0.0000,0.04633,0.04637,0.38740,-1.9,1.0000,-22.3777,0.4741,-6.3308,148.343,ppo_car_spread_a_deterministic
35.7806,-0.17439,0.0025,0.0000,0.04991,0.04995,0.21199,1.3,1.0000,-22.3771,0.4741,-6.3316,148.342,ppo_car_spread_a_deterministic
35.8006,-0.17439,0.0025,0.0000,0.04778,0.04781,0.40980,1.3,1.0000,-22.3766,0.4741,-6.3324,148.344,ppo_car_spread_a_deterministic
35.8206,-0.17439,0.0025,0.0000,0.04321,0.04326,0.38291,1.3,1.0000,-22.3761,0.4741,-6.3331,148.342,ppo_car_spread_a_deterministic
35.8406,-0.17306,0.0000,0.0011,0.04651,0.04653,0.35880,1.3,1.0000,-22.3756,0.4741,-6.3339,148.340,ppo_car_spread_a_deterministic
35.8606,-0.17306,0.0000,0.0011,0.04400,0.04402,0.36334,-0.2,1.0000,-22.3751,0.4741,-6.3346,148.336,ppo_car_spread_a_deterministic
35.8806,-0.17306,0.0000,0.0011,0.05162,0.05165,0.26194,-0.2,1.0000,-22.3745,0.4741,-6.3355,148.335,ppo_car_spread_a_deterministic
35.9006,-0.17306,0.0000,0.0011,0.04085,0.04088,0.38004,-0.2,1.0000,-22.3740,0.4741,-6.3362,148.334,ppo_car_spread_a_deterministic
35.9206,-0.17355,0.0000,0.0043,0.04859,0.04863,0.39795,-0.2,1.0000,-22.3735,0.4741,-6.3370,148.328,ppo_car_spread_a_deterministic
35.9406,-0.17355,0.0000,0.0043,0.04440,0.04443,0.35237,-0.9,1.0000,-22.3730,0.4741,-6.3377,148.324,ppo_car_spread_a_deterministic
35.9606,-0.17355,0.0000,0.0043,0.04276,0.04278,0.34438,-0.9,1.0000,-22.3725,0.4741,-6.3384,148.322,ppo_car_spread_a_deterministic
35.9806,-0.17355,0.0000,0.0043,0.04651,0.04654,0.39956,-0.9,1.0000,-22.3720,0.4741,-6.3392,148.327,ppo_car_spread_a_deterministic
36.0006,-0.17476,0.0051,0.0000,0.04970,0.04973,0.28690,-0.9,1.0000,-22.3715,0.4741,-6.3400,148.328,ppo_car_spread_a_deterministic
36.0206,-0.17476,0.0051,0.0000,0.04543,0.04546,0.20527,2.7,1.0000,-22.3710,0.4741,-6.3408,148.328,ppo_car_spread_a_deterministic
36.0406,-0.17476,0.0051,0.0000,0.05130,0.05133,0.23497,2.7,1.0000,-22.3704,0.4741,-6.3416,148.329,ppo_car_spread_a_deterministic
36.0606,-0.17476,0.0051,0.0000,0.05148,0.05153,0.37013,2.7,1.0000,-22.3698,0.4741,-6.3425,148.324,ppo_car_spread_a_deterministic
36.0806,-0.17364,0.0000,0.0041,0.05387,0.05391,0.24955,2.7,1.0000,-22.3692,0.4741,-6.3434,148.324,ppo_car_spread_a_deterministic
36.1006,-0.17364,0.0000,0.0041,0.04441,0.04445,0.40645,-0.9,1.0000,-22.3687,0.4741,-6.3441,148.318,ppo_car_spread_a_deterministic
36.1206,-0.17364,0.0000,0.0041,0.04986,0.04990,0.05165,-0.9,1.0000,-22.3681,0.4741,-6.3450,148.317,ppo_car_spread_a_deterministic
36.1406,-0.17364,0.0000,0.0041,0.04680,0.04683,0.26221,-0.9,1.0000,-22.3676,0.4741,-6.3457,148.315,ppo_car_spread_a_deterministic
36.1606,-0.17445,0.0000,0.0022,0.04578,0.04582,0.41292,-0.9,1.0000,-22.3671,0.4741,-6.3465,148.315,ppo_car_spread_a_deterministic
36.1806,-0.17445,0.0000,0.0022,0.04981,0.04985,0.27442,-0.5,1.0000,-22.3666,0.4741,-6.3473,148.311,ppo_car_spread_a_deterministic
36.2006,-0.17445,0.0000,0.0022,0.04888,0.04890,0.25955,-0.5,1.0000,-22.3660,0.4741,-6.3481,148.311,ppo_car_spread_a_deterministic
36.2206,-0.17445,0.0000,0.0022,0.05475,0.05479,0.28337,-0.5,1.0000,-22.3654,0.4741,-6.3490,148.307,ppo_car_spread_a_deterministic
36.2406,-0.17435,0.0000,0.0012,0.05185,0.05189,0.23031,-0.5,1.0000,-22.3648,0.4741,-6.3499,148.305,ppo_car_spread_a_deterministic
36.2606,-0.17435,0.0000,0.0012,0.04605,0.04608,0.40439,-0.3,1.0000,-22.3643,0.4741,-6.3507,148.300,ppo_car_spread_a_deterministic
36.2806,-0.17435,0.0000,0.0012,0.04882,0.04885,0.11528,-0.3,1.0000,-22.3638,0.4741,-6.3515,148.299,ppo_car_spread_a_deterministic
36.3006,-0.17435,0.0000,0.0012,0.04223,0.04226,0.41190,-0.3,1.0000,-22.3633,0.4741,-6.3522,148.297,ppo_car_spread_a_deterministic
36.3206,-0.17485,0.0000,0.0010,0.04673,0.04677,0.40558,-0.3,1.0000,-22.3628,0.4741,-6.3529,148.297,ppo_car_spread_a_deterministic
36.3406,-0.17485,0.0000,0.0010,0.04662,0.04665,0.33467,-0.2,1.0000,-22.3623,0.4741,-6.3537,148.294,ppo_car_spread_a_deterministic
36.3606,-0.17485,0.0000,0.0010,0.05072,0.05075,0.28564,-0.2,1.0000,-22.3617,0.4741,-6.3546,148.292,ppo_car_spread_a_deterministic
36.3806,-0.17485,0.0000,0.0010,0.04033,0.04037,0.39017,-0.2,1.0000,-22.3612,0.4741,-6.3552,148.292,ppo_car_spread_a_deterministic
36.4006,-0.17498,0.0000,0.0026,0.04758,0.04761,0.23461,-0.2,1.0000,-22.3607,0.4741,-6.3560,148.288,ppo_car_spread_a_deterministic
36.4206,-0.17498,0.0000,0.0026,0.04195,0.04198,0.30624,-0.5,1.0000,-22.3602,0.4741,-6.3567,148.289,ppo_car_spread_a_deterministic
36.4406,-0.17498,0.0000,0.0026,0.04843,0.04845,0.27366,-0.5,1.0000,-22.3597,0.4741,-6.3575,148.287,ppo_car_spread_a_deterministic
36.4606,-0.17498,0.0000,0.0026,0.04548,0.04550,0.20927,-0.5,1.0000,-22.3592,0.4741,-6.3583,148.285,ppo_car_spread_a_deterministic
36.4806,-0.17500,0.0000,0.0005,0.05191,0.05195,0.26866,-0.5,1.0000,-22.3586,0.4741,-6.3591,148.284,ppo_car_spread_a_deterministic
36.5006,-0.17500,0.0000,0.0005,0.04708,0.04712,0.34530,-0.1,1.0000,-22.3581,0.4741,-6.3599,148.283,ppo_car_spread_a_deterministic
36.5207,-0.17500,0.0000,0.0005,0.03995,0.03998,0.36672,-0.1,1.0000,-22.3576,0.4741,-6.3606,148.282,ppo_car_spread_a_deterministic
36.5407,-0.17500,0.0000,0.0005,0.04248,0.04251,0.40803,-0.1,1.0000,-22.3572,0.4741,-6.3613,148.278,ppo_car_spread_a_deterministic
36.5607,-0.17563,0.0076,0.0000,0.04386,0.04389,0.37531,-0.1,1.0000,-22.3567,0.4741,-6.3620,148.277,ppo_car_spread_a_deterministic
36.5807,-0.17563,0.0076,0.0000,0.05034,0.05037,0.21043,4.0,1.0000,-22.3561,0.4741,-6.3629,148.274,ppo_car_spread_a_deterministic
36.6007,-0.17563,0.0076,0.0000,0.04586,0.04589,0.37597,4.0,1.0000,-22.3556,0.4741,-6.3636,148.270,ppo_car_spread_a_deterministic
36.6207,-0.17563,0.0076,0.0000,0.04996,0.04999,0.30389,4.0,1.0000,-22.3551,0.4741,-6.3645,148.269,ppo_car_spread_a_deterministic
36.6407,-0.17634,0.0027,0.0000,0.04724,0.04728,0.40618,4.0,1.0000,-22.3545,0.4741,-6.3652,148.267,ppo_car_spread_a_deterministic
36.6607,-0.17634,0.0027,0.0000,0.05307,0.05311,0.10146,1.4,1.0000,-22.3539,0.4741,-6.3661,148.265,ppo_car_spread_a_deterministic
36.6807,-0.17634,0.0027,0.0000,0.05078,0.05081,0.37585,1.4,1.0000,-22.3534,0.4741,-6.3670,148.266,ppo_car_spread_a_deterministic
36.7007,-0.17634,0.0027,0.0000,0.04767,0.04770,0.30387,1.4,1.0000,-22.3528,0.4741,-6.3678,148.263,ppo_car_spread_a_deterministic
36.7207,-0.17432,0.0000,0.0038,0.05351,0.05356,0.20605,1.4,1.0000,-22.3522,0.4741,-6.3687,148.263,ppo_car_spread_a_deterministic
36.7407,-0.17432,0.0000,0.0038,0.05388,0.05391,0.32819,-0.8,1.0000,-22.3516,0.4741,-6.3696,148.260,ppo_car_spread_a_deterministic
36.7607,-0.17432,0.0000,0.0038,0.04266,0.04269,0.40931,-0.8,1.0000,-22.3512,0.4741,-6.3703,148.259,ppo_car_spread_a_deterministic
36.7807,-0.17432,0.0000,0.0038,0.04442,0.04445,0.39157,-0.8,1.0000,-22.3507,0.4741,-6.3710,148.257,ppo_car_spread_a_deterministic
36.8007,-0.17574,0.0050,0.0000,0.04800,0.04802,0.40829,-0.8,1.0000,-22.3501,0.4741,-6.3718,148.255,ppo_car_spread_a_deterministic
36.8207,-0.17574,0.0050,0.0000,0.05253,0.05257,0.09092,2.6,1.0000,-22.3495,0.4741,-6.3727,148.253,ppo_car_spread_a_deterministic
36.8407,-0.17574,0.0050,0.0000,0.05094,0.05099,0.37351,2.6,1.0000,-22.3490,0.4741,-6.3735,148.247,ppo_car_spread_a_deterministic
36.8607,-0.17574,0.0050,0.0000,0.05173,0.05176,0.27467,2.6,1.0000,-22.3484,0.4741,-6.3744,148.245,ppo_car_spread_a_deterministic
36.8807,-0.17686,0.0000,0.0020,0.05213,0.05216,0.27319,2.6,1.0000,-22.3478,0.4741,-6.3752,148.242,ppo_car_spread_a_deterministic
36.9007,-0.17686,0.0000,0.0020,0.05612,0.05616,0.16530,-0.4,1.0000,-22.3472,0.4741,-6.3762,148.241,ppo_car_spread_a_deterministic
36.9207,-0.17686,0.0000,0.0020,0.05035,0.05039,0.16757,-0.4,1.0000,-22.3466,0.4741,-6.3770,148.241,ppo_car_spread_a_deterministic
36.9407,-0.17686,0.0000,0.0020,0.04900,0.04904,0.41402,-0.4,1.0000,-22.3461,0.4741,-6.3778,148.245,ppo_car_spread_a_deterministic
36.9607,-0.17538,0.0000,0.0027,0.04804,0.04807,0.38868,-0.4,1.0000,-22.3455,0.4741,-6.3786,148.244,ppo_car_spread_a_deterministic
36.9807,-0.17538,0.0000,0.0027,0.05160,0.05164,0.18531,-0.6,1.0000,-22.3450,0.4741,-6.3795,148.241,ppo_car_spread_a_deterministic
37.0007,-0.17538,0.0000,0.0027,0.05722,0.05726,0.25067,-0.6,1.0000,-22.3443,0.4741,-6.3804,148.238,ppo_car_spread_a_deterministic
37.0207,-0.17538,0.0000,0.0027,0.05048,0.05052,0.34059,-0.6,1.0000,-22.3438,0.4741,-6.3813,148.238,ppo_car_spread_a_deterministic
37.0407,-0.17551,0.0000,0.0091,0.05325,0.05328,0.24846,-0.6,1.0000,-22.3432,0.4741,-6.3821,148.235,ppo_car_spread_a_deterministic
37.0607,-0.17551,0.0000,0.0091,0.05511,0.05514,0.20050,-1.9,1.0000,-22.3425,0.4741,-6.3831,148.233,ppo_car_spread_a_deterministic
37.0807,-0.17551,0.0000,0.0091,0.04649,0.04652,0.22444,-1.9,1.0000,-22.3420,0.4741,-6.3838,148.231,ppo_car_spread_a_deterministic
37.1007,-0.17551,0.0000,0.0091,0.05196,0.05201,0.37733,-1.9,1.0000,-22.3415,0.4741,-6.3847,148.227,ppo_car_spread_a_deterministic
37.1207,-0.17593,0.0013,0.0000,0.05239,0.05242,0.27428,-1.9,1.0000,-22.3409,0.4741,-6.3856,148.226,ppo_car_spread_a_deterministic
37.1407,-0.17593,0.0013,0.0000,0.05138,0.05141,0.27378,0.7,1.0000,-22.3403,0.4741,-6.3864,148.226,ppo_car_spread_a_deterministic
37.1607,-0.17593,0.0013,0.0000,0.05138,0.05142,0.27035,0.7,1.0000,-22.3397,0.4741,-6.3873,148.227,ppo_car_spread_a_deterministic
37.1807,-0.17593,0.0013,0.0000,0.04945,0.04949,0.22035,0.7,1.0000,-22.3392,0.4741,-6.3881,148.227,ppo_car_spread_a_deterministic
37.2007,-0.17486,0.0000,0.0045,0.05500,0.05503,0.24431,0.7,1.0000,-22.3386,0.4741,-6.3890,148.225,ppo_car_spread_a_deterministic
37.2207,-0.17486,0.0000,0.0045,0.05330,0.05334,0.07216,-0.9,1.0000,-22.3380,0.4741,-6.3899,148.223,ppo_car_spread_a_deterministic
37.2407,-0.17486,0.0000,0.0045,0.05007,0.05011,0.14851,-0.9,1.0000,-22.3374,0.4741,-6.3907,148.221,ppo_car_spread_a_deterministic
37.2607,-0.17486,0.0000,0.0045,0.05234,0.05238,0.07172,-0.9,1.0000,-22.3368,0.4741,-6.3916,148.219,ppo_car_spread_a_deterministic
37.2807,-0.17577,0.0000,0.0025,0.05943,0.05948,0.28682,-0.9,1.0000,-22.3361,0.4741,-6.3926,148.217,ppo_car_spread_a_deterministic
37.3007,-0.17577,0.0000,0.0025,0.04563,0.04566,0.36208,-0.5,1.0000,-22.3356,0.4741,-6.3933,148.212,ppo_car_spread_a_deterministic
37.3207,-0.17577,0.0000,0.0025,0.04950,0.04954,0.18077,-0.5,1.0000,-22.3351,0.4741,-6.3941,148.209,ppo_car_spread_a_deterministic
37.3407,-0.17577,0.0000,0.0025,0.04731,0.04735,0.23385,-0.5,1.0000,-22.3346,0.4741,-6.3949,148.206,ppo_car_spread_a_deterministic
37.3607,-0.17667,0.0000,0.0012,0.04693,0.04697,0.34945,-0.5,1.0000,-22.3340,0.4741,-6.3957,148.205,ppo_car_spread_a_deterministic
37.3807,-0.17667,0.0000,0.0012,0.05361,0.05366,0.24901,-0.3,1.0000,-22.3334,0.4741,-6.3966,148.206,ppo_car_spread_a_deterministic
37.4007,-0.17667,0.0000,0.0012,0.05299,0.05302,0.27153,-0.3,1.0000,-22.3328,0.4741,-6.3975,148.208,ppo_car_spread_a_deterministic
37.4207,-0.17667,0.0000,0.0012,0.05030,0.05033,0.25028,-0.3,1.0000,-22.3323,0.4741,-6.3983,148.206,ppo_car_spread_a_deterministic
37.4407,-0.17487,0.0000,0.0062,0.05198,0.05201,0.22390,-0.3,1.0000,-22.3317,0.4741,-6.3992,148.205,ppo_car_spread_a_deterministic
37.4607,-0.17487,0.0000,0.0062,0.05103,0.05107,0.20092,-1.3,1.0000,-22.3311,0.4741,-6.4000,148.201,ppo_car_spread_a_deterministic
37.4807,-0.17487,0.0000,0.0062,0.04566,0.04570,0.39003,-1.3,1.0000,-22.3306,0.4741,-6.4008,148.196,ppo_car_spread_a_deterministic
37.5007,-0.17487,0.0000,0.0062,0.04217,0.04221,0.41084,-1.3,1.0000,-22.3301,0.4741,-6.4015,148.197,ppo_car_spread_a_deterministic
37.5207,-0.17761,0.0029,0.0000,0.04638,0.04641,0.35774,-1.3,1.0000,-22.3296,0.4741,-6.4022,148.197,ppo_car_spread_a_deterministic
37.5407,-0.17761,0.0029,0.0000,0.04395,0.04399,0.33609,1.5,1.0000,-22.3291,0.4741,-6.4030,148.194,ppo_car_spread_a_deterministic
37.5607,-0.17761,0.0029,0.0000,0.04947,0.04951,0.16637,1.5,1.0000,-22.3286,0.4741,-6.4038,148.193,ppo_car_spread_a_deterministic
37.5807,-0.17761,0.0029,0.0000,0.04848,0.04851,0.33165,1.5,1.0000,-22.3281,0.4741,-6.4046,148.194,ppo_car_spread_a_deterministic
37.6007,-0.17630,0.0000,0.0018,0.05276,0.05280,0.11517,1.5,1.0000,-22.3275,0.4741,-6.4055,148.192,ppo_car_spread_a_deterministic
37.6207,-0.17630,0.0000,0.0018,0.05577,0.05582,0.21334,-0.4,1.0000,-22.3268,0.4741,-6.4064,148.189,ppo_car_spread_a_deterministic
37.6407,-0.17630,0.0000,0.0018,0.04743,0.04747,0.37860,-0.4,1.0000,-22.3263,0.4741,-6.4072,148.188,ppo_car_spread_a_deterministic
37.6607,-0.17630,0.0000,0.0018,0.04468,0.04472,0.40736,-0.4,1.0000,-22.3258,0.4741,-6.4079,148.189,ppo_car_spread_a_deterministic
37.6807,-0.17651,0.0003,0.0000,0.05411,0.05415,0.23175,-0.4,1.0000,-22.3252,0.4741,-6.4088,148.187,ppo_car_spread_a_deterministic
37.7007,-0.17651,0.0003,0.0000,0.05008,0.05012,0.21609,0.2,1.0000,-22.3246,0.4741,-6.4097,148.185,ppo_car_spread_a_deterministic
37.7207,-0.17651,0.0003,0.0000,0.04785,0.04788,0.16480,0.2,1.0000,-22.3241,0.4741,-6.4105,148.185,ppo_car_spread_a_deterministic
37.7407,-0.17651,0.0003,0.0000,0.05073,0.05077,0.25525,0.2,1.0000,-22.3235,0.4741,-6.4113,148.185,ppo_car_spread_a_deterministic
37.7607,-0.17627,0.0000,0.0005,0.04450,0.04453,0.33568,0.2,1.0000,-22.3230,0.4741,-6.4120,148.181,ppo_car_spread_a_deterministic
37.7807,-0.17627,0.0000,0.0005,0.04779,0.04783,0.14052,-0.1,1.0000,-22.3225,0.4741,-6.4128,148.178,ppo_car_spread_a_deterministic
37.8007,-0.17627,0.0000,0.0005,0.04975,0.04978,0.26408,-0.1,1.0000,-22.3219,0.4741,-6.4137,148.177,ppo_car_spread_a_deterministic
37.8207,-0.17627,0.0000,0.0005,0.04433,0.04436,0.39894,-0.1,1.0000,-22.3214,0.4741,-6.4144,148.179,ppo_car_spread_a_deterministic
37.8407,-0.17639,0.0000,0.0022,0.04741,0.04744,0.30034,-0.1,1.0000,-22.3209,0.4741,-6.4152,148.176,ppo_car_spread_a_deterministic
37.8607,-0.17639,0.0000,0.0022,0.05182,0.05187,0.20643,-0.5,1.0000,-22.3203,0.4741,-6.4160,148.174,ppo_car_spread_a_deterministic
37.8807,-0.17639,0.0000,0.0022,0.04844,0.04848,0.35574,-0.5,1.0000,-22.3198,0.4741,-6.4168,148.171,ppo_car_spread_a_deterministic
37.9007,-0.17639,0.0000,0.0022,0.05022,0.05026,0.40881,-0.5,1.0000,-22.3192,0.4741,-6.4177,148.168,ppo_car_spread_a_deterministic
37.9207,-0.17743,0.0000,0.0004,0.05350,0.05354,0.28345,-0.5,1.0000,-22.3186,0.4741,-6.4186,148.168,ppo_car_spread_a_deterministic
37.9407,-0.17743,0.0000,0.0004,0.04978,0.04981,0.21737,-0.1,1.0000,-22.3180,0.4741,-6.4194,148.165,ppo_car_spread_a_deterministic
37.9607,-0.17743,0.0000,0.0004,0.05000,0.05004,0.36521,-0.1,1.0000,-22.3175,0.4741,-6.4202,148.166,ppo_car_spread_a_deterministic
37.9807,-0.17743,0.0000,0.0004,0.04538,0.04541,0.40081,-0.1,1.0000,-22.3170,0.4741,-6.4210,148.160,ppo_car_spread_a_deterministic
38.0007,-0.17610,0.0000,0.0031,0.05337,0.05340,0.27297,-0.1,1.0000,-22.3164,0.4741,-6.4219,148.155,ppo_car_spread_a_deterministic
38.0207,-0.17610,0.0000,0.0031,0.05053,0.05056,0.21775,-0.6,1.0000,-22.3158,0.4741,-6.4227,148.153,ppo_car_spread_a_deterministic
38.0407,-0.17610,0.0000,0.0031,0.04498,0.04502,0.39722,-0.6,1.0000,-22.3153,0.4741,-6.4234,148.152,ppo_car_spread_a_deterministic
38.0607,-0.17610,0.0000,0.0031,0.04366,0.04370,0.40448,-0.6,1.0000,-22.3148,0.4741,-6.4242,148.150,ppo_car_spread_a_deterministic
38.0807,-0.17723,0.0026,0.0000,0.04756,0.04760,0.38924,-0.6,1.0000,-22.3143,0.4741,-6.4249,148.147,ppo_car_spread_a_deterministic
38.1007,-0.17723,0.0026,0.0000,0.04868,0.04871,0.40322,1.4,1.0000,-22.3137,0.4741,-6.4258,148.145,ppo_car_spread_a_deterministic
38.1207,-0.17723,0.0026,0.0000,0.05105,0.05110,0.28251,1.4,1.0000,-22.3132,0.4741,-6.4266,148.145,ppo_car_spread_a_deterministic
38.1407,-0.17723,0.0026,0.0000,0.05216,0.05219,0.20752,1.4,1.0000,-22.3126,0.4741,-6.4275,148.143,ppo_car_spread_a_deterministic
38.1607,-0.17671,0.0000,0.0036,0.04916,0.04919,0.25118,1.4,1.0000,-22.3120,0.4741,-6.4283,148.143,ppo_car_spread_a_deterministic
38.1807,-0.17671,0.0000,0.0036,0.04583,0.04586,0.24568,-0.8,1.0000,-22.3115,0.4741,-6.4290,148.143,ppo_car_spread_a_deterministic
38.2007,-0.17671,0.0000,0.0036,0.04738,0.04741,0.41413,-0.8,1.0000,-22.3110,0.4741,-6.4298,148.145,ppo_car_spread_a_deterministic
38.2207,-0.17671,0.0000,0.0036,0.05119,0.05122,0.19649,-0.8,1.0000,-22.3104,0.4741,-6.4307,148.141,ppo_car_spread_a_deterministic
38.2407,-0.17627,0.0000,0.0004,0.04922,0.04925,0.23709,-0.8,1.0000,-22.3099,0.4741,-6.4315,148.137,ppo_car_spread_a_deterministic
38.2607,-0.17627,0.0000,0.0004,0.04995,0.04999,0.24274,-0.1,1.0000,-22.3093,0.4741,-6.4323,148.138,ppo_car_spread_a_deterministic
38.2807,-0.17627,0.0000,0.0004,0.04774,0.04778,0.16325,-0.1,1.0000,-22.3088,0.4741,-6.4331,148.137,ppo_car_spread_a_deterministic
38.3007,-0.17627,0.0000,0.0004,0.04675,0.04678,0.39438,-0.1,1.0000,-22.3083,0.4741,-6.4339,148.136,ppo_car_spread_a_deterministic
38.3207,-0.17739,0.0000,0.0000,0.05095,0.05099,0.27289,-0.1,1.0000,-22.3077,0.4741,-6.4347,148.131,ppo_car_spread_a_deterministic
38.3407,-0.17739,0.0000,0.0000,0.04703,0.04706,0.35253,0.0,1.0000,-22.3072,0.4741,-6.4355,148.126,ppo_car_spread_a_deterministic
38.3607,-0.17739,0.0000,0.0000,0.04756,0.04760,0.13973,0.0,1.0000,-22.3066,0.4741,-6.4363,148.123,ppo_car_spread_a_deterministic
38.3807,-0.17739,0.0000,0.0000,0.04473,0.04477,0.35318,0.0,1.0000,-22.3061,0.4741,-6.4370,148.124,ppo_car_spread_a_deterministic
38.4007,-0.17809,0.0006,0.0000,0.04608,0.04611,0.39373,0.0,1.0000,-22.3056,0.4741,-6.4378,148.120,ppo_car_spread_a_deterministic
38.4207,-0.17809,0.0006,0.0000,0.05175,0.05179,0.22955,0.3,1.0000,-22.3050,0.4741,-6.4387,148.117,ppo_car_spread_a_deterministic
38.4407,-0.17809,0.0006,0.0000,0.04867,0.04870,0.13154,0.3,1.0000,-22.3045,0.4741,-6.4395,148.116,ppo_car_spread_a_deterministic
38.4607,-0.17809,0.0006,0.0000,0.05452,0.05456,0.27149,0.3,1.0000,-22.3039,0.4741,-6.4404,148.112,ppo_car_spread_a_deterministic
38.4807,-0.17764,0.0000,0.0008,0.05003,0.05007,0.24694,0.3,1.0000,-22.3033,0.4741,-6.4412,148.109,ppo_car_spread_a_deterministic
38.5007,-0.17764,0.0000,0.0008,0.05167,0.05171,0.24770,-0.2,1.0000,-22.3027,0.4741,-6.4421,148.105,ppo_car_spread_a_deterministic
38.5207,-0.17764,0.0000,0.0008,0.05235,0.05239,0.28485,-0.2,1.0000,-22.3021,0.4741,-6.4429,148.103,ppo_car_spread_a_deterministic
38.5407,-0.17764,0.0000,0.0008,0.05322,0.05327,0.20153,-0.2,1.0000,-22.3015,0.4741,-6.4438,148.101,ppo_car_spread_a_deterministic
38.5607,-0.17784,0.0000,0.0043,0.05410,0.05415,0.28643,-0.2,1.0000,-22.3009,0.4741,-6.4447,148.096,ppo_car_spread_a_deterministic
38.5807,-0.17784,0.0000,0.0043,0.05217,0.05222,0.22365,-0.9,1.0000,-22.3003,0.4741,-6.4456,148.095,ppo_car_spread_a_deterministic
38.6007,-0.17784,0.0000,0.0043,0.05273,0.05277,0.26424,-0.9,1.0000,-22.2997,0.4741,-6.4465,148.095,ppo_car_spread_a_deterministic
38.6207,-0.17784,0.0000,0.0043,0.04620,0.04624,0.36043,-0.9,1.0000,-22.2992,0.4741,-6.4472,148.092,ppo_car_spread_a_deterministic
38.6407,-0.17727,0.0000,0.0053,0.05211,0.05214,0.26916,-0.9,1.0000,-22.2986,0.4741,-6.4481,148.089,ppo_car_spread_a_deterministic
38.6607,-0.17727,0.0000,0.0053,0.05180,0.05183,0.22279,-1.1,1.0000,-22.2981,0.4741,-6.4489,148.089,ppo_car_spread_a_deterministic
38.6807,-0.17727,0.0000,0.0053,0.04848,0.04852,0.16545,-1.1,1.0000,-22.2975,0.4741,-6.4497,148.086,ppo_car_spread_a_deterministic
38.7007,-0.17727,0.0000,0.0053,0.05140,0.05144,0.27421,-1.1,1.0000,-22.2969,0.4741,-6.4506,148.083,ppo_car_spread_a_deterministic
38.7207,-0.17879,0.0000,0.0000,0.04536,0.04539,0.40977,-1.1,1.0000,-22.2964,0.4741,-6.4513,148.082,ppo_car_spread_a_deterministic
38.7407,-0.17879,0.0000,0.0000,0.05240,0.05243,0.24351,0.0,1.0000,-22.2958,0.4741,-6.4522,148.080,ppo_car_spread_a_deterministic
38.7607,-0.17879,0.0000,0.0000,0.04970,0.04973,0.40809,0.0,1.0000,-22.2953,0.4741,-6.4530,148.074,ppo_car_spread_a_deterministic
38.7807,-0.17879,0.0000,0.0000,0.04866,0.04869,0.29376,0.0,1.0000,-22.2947,0.4741,-6.4538,148.073,ppo_car_spread_a_deterministic
38.8007,-0.17949,0.0000,0.0006,0.04577,0.04581,0.25599,0.0,1.0000,-22.2942,0.4741,-6.4546,148.073,ppo_car_spread_a_deterministic
38.8207,-0.17949,0.0000,0.0006,0.05059,0.05063,0.27787,-0.1,1.0000,-22.2937,0.4741,-6.4554,148.073,ppo_car_spread_a_deterministic
38.8407,-0.17949,0.0000,0.0006,0.04970,0.04973,0.30139,-0.1,1.0000,-22.2931,0.4741,-6.4563,148.073,ppo_car_spread_a_deterministic
38.8607,-0.17949,0.0000,0.0006,0.04892,0.04896,0.17736,-0.1,1.0000,-22.2926,0.4741,-6.4571,148.073,ppo_car_spread_a_deterministic
38.8807,-0.17787,0.0000,0.0020,0.04871,0.04875,0.24211,-0.1,1.0000,-22.2920,0.4741,-6.4579,148.072,ppo_car_spread_a_deterministic
38.9007,-0.17787,0.0000,0.0020,0.04732,0.04736,0.17383,-0.4,1.0000,-22.2915,0.4741,-6.4587,148.069,ppo_car_spread_a_deterministic
38.9207,-0.17787,0.0000,0.0020,0.04605,0.04608,0.26722,-0.4,1.0000,-22.2910,0.4741,-6.4594,148.068,ppo_car_spread_a_deterministic
38.9407,-0.17787,0.0000,0.0020,0.04766,0.04770,0.26795,-0.4,1.0000,-22.2904,0.4741,-6.4602,148.067,ppo_car_spread_a_deterministic
38.9607,-0.17832,0.0017,0.0000,0.04702,0.04705,0.40599,-0.4,1.0000,-22.2899,0.4741,-6.4610,148.067,ppo_car_spread_a_deterministic
38.9807,-0.17832,0.0017,0.0000,0.04191,0.04194,0.37469,0.9,1.0000,-22.2894,0.4741,-6.4617,148.064,ppo_car_spread_a_deterministic
39.0007,-0.17832,0.0017,0.0000,0.05026,0.05030,0.24868,0.9,1.0000,-22.2889,0.4741,-6.4625,148.066,ppo_car_spread_a_deterministic
39.0207,-0.17832,0.0017,0.0000,0.04152,0.04155,0.34670,0.9,1.0000,-22.2884,0.4741,-6.4632,148.065,ppo_car_spread_a_deterministic
39.0407,-0.17732,0.0000,0.0034,0.04997,0.05002,0.34834,0.9,1.0000,-22.2878,0.4741,-6.4640,148.066,ppo_car_spread_a_deterministic
39.0607,-0.17732,0.0000,0.0034,0.04283,0.04285,0.36062,-0.7,1.0000,-22.2874,0.4741,-6.4647,148.064,ppo_car_spread_a_deterministic
39.0807,-0.17732,0.0000,0.0034,0.04614,0.04617,0.21979,-0.7,1.0000,-22.2868,0.4741,-6.4655,148.064,ppo_car_spread_a_deterministic
39.1007,-0.17732,0.0000,0.0034,0.04699,0.04703,0.40991,-0.7,1.0000,-22.2863,0.4741,-6.4663,148.063,ppo_car_spread_a_deterministic
39.1207,-0.17811,0.0013,0.0000,0.04295,0.04298,0.24392,-0.7,1.0000,-22.2858,0.4741,-6.4670,148.061,ppo_car_spread_a_deterministic
39.1407,-0.17811,0.0013,0.0000,0.04506,0.04510,0.29771,0.7,1.0000,-22.2853,0.4741,-6.4677,148.061,ppo_car_spread_a_deterministic
39.1607,-0.17811,0.0013,0.0000,0.04779,0.04784,0.18897,0.7,1.0000,-22.2848,0.4741,-6.4685,148.060,ppo_car_spread_a_deterministic
39.1807,-0.17811,0.0013,0.0000,0.04500,0.04503,0.40601,0.7,1.0000,-22.2843,0.4741,-6.4693,148.062,ppo_car_spread_a_deterministic
39.2007,-0.17852,0.0000,0.0002,0.04715,0.04719,0.21000,0.7,1.0000,-22.2837,0.4741,-6.4701,148.063,ppo_car_spread_a_deterministic
39.2207,-0.17852,0.0000,0.0002,0.04722,0.04726,0.39517,0.0,1.0000,-22.2832,0.4741,-6.4708,148.062,ppo_car_spread_a_deterministic
39.2407,-0.17852,0.0000,0.0002,0.04379,0.04382,0.41132,0.0,1.0000,-22.2827,0.4741,-6.4716,148.059,ppo_car_spread_a_deterministic
39.2607,-0.17852,0.0000,0.0002,0.04709,0.04713,0.36430,0.0,1.0000,-22.2822,0.4741,-6.4723,148.058,ppo_car_spread_a_deterministic
39.2807,-0.17951,0.0046,0.0000,0.05037,0.05041,0.23806,0.0,1.0000,-22.2816,0.4741,-6.4732,148.055,ppo_car_spread_a_deterministic
39.3007,-0.17951,0.0046,0.0000,0.04965,0.04969,0.22926,2.4,1.0000,-22.2811,0.4741,-6.4740,148.055,ppo_car_spread_a_deterministic
39.3207,-0.17951,0.0046,0.0000,0.04695,0.04699,0.27380,2.4,1.0000,-22.2805,0.4741,-6.4748,148.053,ppo_car_spread_a_deterministic
39.3407,-0.17951,0.0046,0.0000,0.05185,0.05189,0.27124,2.4,1.0000,-22.2799,0.4741,-6.4756,148.049,ppo_car_spread_a_deterministic
39.3607,-0.17949,0.0014,0.0000,0.05516,0.05520,0.21722,2.4,1.0000,-22.2793,0.4741,-6.4766,148.046,ppo_car_spread_a_deterministic
39.3807,-0.17949,0.0014,0.0000,0.04670,0.04673,0.31517,0.7,1.0000,-22.2788,0.4741,-6.4773,148.045,ppo_car_spread_a_deterministic
39.4007,-0.17949,0.0014,0.0000,0.05181,0.05185,0.23269,0.7,1.0000,-22.2782,0.4741,-6.4782,148.042,ppo_car_spread_a_deterministic
39.4207,-0.17949,0.0014,0.0000,0.04775,0.04780,0.37394,0.7,1.0000,-22.2777,0.4741,-6.4790,148.039,ppo_car_spread_a_deterministic
39.4407,-0.17949,0.0000,0.0033,0.04896,0.04898,0.37371,0.7,1.0000,-22.2771,0.4741,-6.4798,148.037,ppo_car_spread_a_deterministic
39.4607,-0.17949,0.0000,0.0033,0.04577,0.04580,0.36218,-0.7,1.0000,-22.2766,0.4741,-6.4805,148.037,ppo_car_spread_a_deterministic
39.4807,-0.17949,0.0000,0.0033,0.05203,0.05206,0.40059,-0.7,1.0000,-22.2760,0.4741,-6.4814,148.040,ppo_car_spread_a_deterministic
39.5007,-0.17949,0.0000,0.0033,0.05393,0.05397,0.27553,-0.7,1.0000,-22.2754,0.4741,-6.4823,148.037,ppo_car_spread_a_deterministic
39.5207,-0.17737,0.0000,0.0054,0.05286,0.05289,0.24833,-0.7,1.0000,-22.2748,0.4741,-6.4832,148.035,ppo_car_spread_a_deterministic
39.5407,-0.17737,0.0000,0.0054,0.05077,0.05081,0.22229,-1.1,1.0000,-22.2743,0.4741,-6.4840,148.035,ppo_car_spread_a_deterministic
39.5607,-0.17737,0.0000,0.0054,0.04597,0.04600,0.32287,-1.1,1.0000,-22.2737,0.4741,-6.4848,148.033,ppo_car_spread_a_deterministic
39.5807,-0.17737,0.0000,0.0054,0.05256,0.05259,0.40361,-1.1,1.0000,-22.2732,0.4741,-6.4857,148.034,ppo_car_spread_a_deterministic
39.6007,-0.17946,0.0020,0.0000,0.05020,0.05024,0.09515,-1.1,1.0000,-22.2726,0.4741,-6.4865,148.032,ppo_car_spread_a_deterministic
39.6207,-0.17946,0.0020,0.0000,0.05393,0.05397,0.24479,1.1,1.0000,-22.2720,0.4741,-6.4874,148.031,ppo_car_spread_a_deterministic
39.6407,-0.17946,0.0020,0.0000,0.04772,0.04775,0.33649,1.1,1.0000,-22.2714,0.4741,-6.4882,148.029,ppo_car_spread_a_deterministic
39.6607,-0.17946,0.0020,0.0000,0.04832,0.04837,0.32400,1.1,1.0000,-22.2709,0.4741,-6.4890,148.031,ppo_car_spread_a_deterministic
39.6807,-0.17931,0.0003,0.0000,0.05398,0.05402,0.27060,1.1,1.0000,-22.2703,0.4741,-6.4899,148.029,ppo_car_spread_a_deterministic
39.7007,-0.17931,0.0003,0.0000,0.04903,0.04907,0.21280,0.2,1.0000,-22.2697,0.4741,-6.4907,148.026,ppo_car_spread_a_deterministic
39.7207,-0.17931,0.0003,0.0000,0.05122,0.05127,0.25784,0.2,1.0000,-22.2692,0.4741,-6.4915,148.025,ppo_car_spread_a_deterministic
39.7407,-0.17931,0.0003,0.0000,0.05491,0.05495,0.23111,0.2,1.0000,-22.2685,0.4741,-6.4924,148.025,ppo_car_spread_a_deterministic
39.7607,-0.17933,0.0000,0.0034,0.04443,0.04446,0.34970,0.2,1.0000,-22.2680,0.4741,-6.4931,148.022,ppo_car_spread_a_deterministic
39.7807,-0.17933,0.0000,0.0034,0.04627,0.04631,0.30761,-0.7,1.0000,-22.2675,0.4741,-6.4939,148.020,ppo_car_spread_a_deterministic
39.8007,-0.17933,0.0000,0.0034,0.04892,0.04895,0.14824,-0.7,1.0000,-22.2670,0.4741,-6.4947,148.018,ppo_car_spread_a_deterministic
39.8207,-0.17933,0.0000,0.0034,0.05355,0.05359,0.27882,-0.7,1.0000,-22.2664,0.4741,-6.4956,148.015,ppo_car_spread_a_deterministic
39.8407,-0.17968,0.0000,0.0008,0.05059,0.05064,0.32911,-0.7,1.0000,-22.2658,0.4741,-6.4964,148.016,ppo_car_spread_a_deterministic
39.8607,-0.17968,0.0000,0.0008,0.04985,0.04989,0.28793,-0.2,1.0000,-22.2652,0.4741,-6.4973,148.017,ppo_car_spread_a_deterministic
39.8807,-0.17968,0.0000,0.0008,0.05479,0.05483,0.28339,-0.2,1.0000,-22.2646,0.4741,-6.4982,148.014,ppo_car_spread_a_deterministic
39.9007,-0.17968,0.0000,0.0008,0.04833,0.04837,0.36267,-0.2,1.0000,-22.2641,0.4741,-6.4990,148.015,ppo_car_spread_a_deterministic
39.9207,-0.17930,0.0000,0.0066,0.04362,0.04365,0.36607,-0.2,1.0000,-22.2636,0.4741,-6.4997,148.015,ppo_car_spread_a_deterministic
39.9407,-0.17930,0.0000,0.0066,0.05141,0.05144,0.27222,-1.4,1.0000,-22.2630,0.4741,-6.5005,148.014,ppo_car_spread_a_deterministic
39.9607,-0.17930,0.0000,0.0066,0.04674,0.04677,0.37069,-1.4,1.0000,-22.2625,0.4741,-6.5013,148.013,ppo_car_spread_a_deterministic
39.9807,-0.17930,0.0000,0.0066,0.04570,0.04573,0.34317,-1.4,1.0000,-22.2620,0.4741,-6.5021,148.010,ppo_car_spread_a_deterministic
40.0007,-0.17933,0.0010,0.0000,0.05212,0.05215,0.27690,-1.4,1.0000,-22.2614,0.4741,-6.5029,148.006,ppo_car_spread_a_deterministic
40.0207,-0.17933,0.0010,0.0000,0.05299,0.05303,0.23505,0.5,1.0000,-22.2608,0.4741,-6.5038,148.003,ppo_car_spread_a_deterministic
40.0407,-0.17933,0.0010,0.0000,0.04450,0.04454,0.35517,0.5,1.0000,-22.2603,0.4741,-6.5046,148.002,ppo_car_spread_a_deterministic
40.0607,-0.17933,0.0010,0.0000,0.04616,0.04619,0.34571,0.5,1.0000,-22.2598,0.4741,-6.5053,148.002,ppo_car_spread_a_deterministic
40.0807,-0.17999,0.0033,0.0000,0.04906,0.04909,0.23199,0.5,1.0000,-22.2592,0.4741,-6.5061,147.998,ppo_car_spread_a_deterministic
40.1007,-0.17999,0.0033,0.0000,0.04842,0.04847,0.21259,1.7,1.0000,-22.2587,0.4741,-6.5069,147.994,ppo_car_spread_a_deterministic
40.1207,-0.17999,0.0033,0.0000,0.05323,0.05327,0.22489,1.7,1.0000,-22.2581,0.4741,-6.5078,147.991,ppo_car_spread_a_deterministic
40.1407,-0.17999,0.0033,0.0000,0.04866,0.04869,0.20430,1.7,1.0000,-22.2575,0.4741,-6.5086,147.990,ppo_car_spread_a_deterministic
40.1607,-0.18012,0.0000,0.0048,0.05124,0.05127,0.23876,1.7,1.0000,-22.2570,0.4741,-6.5095,147.988,ppo_car_spread_a_deterministic
40.1807,-0.18012,0.0000,0.0048,0.05259,0.05263,0.16340,-1.0,1.0000,-22.2564,0.4741,-6.5104,147.986,ppo_car_spread_a_deterministic
40.2007,-0.18012,0.0000,0.0048,0.04564,0.04568,0.41137,-1.0,1.0000,-22.2559,0.4741,-6.5111,147.983,ppo_car_spread_a_deterministic
40.2207,-0.18012,0.0000,0.0048,0.04253,0.04257,0.39446,-1.0,1.0000,-22.2554,0.4741,-6.5118,147.980,ppo_car_spread_a_deterministic
40.2407,-0.18110,0.0030,0.0000,0.04518,0.04522,0.39324,-1.0,1.0000,-22.2549,0.4741,-6.5125,147.980,ppo_car_spread_a_deterministic
40.2607,-0.18110,0.0030,0.0000,0.04601,0.04605,0.35560,1.6,1.0000,-22.2543,0.4741,-6.5133,147.979,ppo_car_spread_a_deterministic
40.2807,-0.18110,0.0030,0.0000,0.05083,0.05088,0.23327,1.6,1.0000,-22.2538,0.4741,-6.5141,147.977,ppo_car_spread_a_deterministic
40.3007,-0.18110,0.0030,0.0000,0.05357,0.05362,0.20964,1.6,1.0000,-22.2532,0.4741,-6.5150,147.974,ppo_car_spread_a_deterministic
40.3207,-0.18051,0.0000,0.0026,0.04807,0.04811,0.28003,1.6,1.0000,-22.2526,0.4741,-6.5158,147.973,ppo_car_spread_a_deterministic
40.3407,-0.18051,0.0000,0.0026,0.04771,0.04776,0.33993,-0.5,1.0000,-22.2521,0.4741,-6.5166,147.972,ppo_car_spread_a_deterministic
40.3607,-0.18051,0.0000,0.0026,0.05086,0.05090,0.16090,-0.5,1.0000,-22.2515,0.4741,-6.5175,147.972,ppo_car_spread_a_deterministic
40.3807,-0.18051,0.0000,0.0026,0.04766,0.04770,0.16936,-0.5,1.0000,-22.2510,0.4741,-6.5182,147.971,ppo_car_spread_a_deterministic
40.4007,-0.17970,0.0000,0.0033,0.05092,0.05096,0.25382,-0.5,1.0000,-22.2504,0.4741,-6.5191,147.973,ppo_car_spread_a_deterministic
40.4207,-0.17970,0.0000,0.0033,0.05175,0.05180,0.27342,-0.7,1.0000,-22.2498,0.4741,-6.5199,147.970,ppo_car_spread_a_deterministic
40.4407,-0.17970,0.0000,0.0033,0.05238,0.05241,0.25162,-0.7,1.0000,-22.2492,0.4741,-6.5208,147.968,ppo_car_spread_a_deterministic
40.4607,-0.17970,0.0000,0.0033,0.05111,0.05114,0.40814,-0.7,1.0000,-22.2486,0.4741,-6.5217,147.966,ppo_car_spread_a_deterministic
40.4807,-0.17999,0.0000,0.0044,0.05052,0.05056,0.07004,-0.7,1.0000,-22.2481,0.4741,-6.5225,147.964,ppo_car_spread_a_deterministic
40.5007,-0.17999,0.0000,0.0044,0.04848,0.04852,0.34054,-0.9,1.0000,-22.2475,0.4741,-6.5233,147.964,ppo_car_spread_a_deterministic
40.5207,-0.17999,0.0000,0.0044,0.04699,0.04703,0.12422,-0.9,1.0000,-22.2470,0.4741,-6.5241,147.963,ppo_car_spread_a_deterministic
40.5407,-0.17999,0.0000,0.0044,0.04552,0.04555,0.23178,-0.9,1.0000,-22.2465,0.4741,-6.5248,147.963,ppo_car_spread_a_deterministic
40.5607,-0.18039,0.0008,0.0000,0.05580,0.05584,0.27703,-0.9,1.0000,-22.2458,0.4741,-6.5257,147.961,ppo_car_spread_a_deterministic
40.5807,-0.18039,0.0008,0.0000,0.05424,0.05428,0.24985,0.4,1.0000,-22.2452,0.4741,-6.5266,147.958,ppo_car_spread_a_deterministic
40.6007,-0.18039,0.0008,0.0000,0.05037,0.05041,0.39357,0.4,1.0000,-22.2447,0.4741,-6.5275,147.960,ppo_car_spread_a_deterministic
40.6207,-0.18039,0.0008,0.0000,0.04835,0.04840,0.24743,0.4,1.0000,-22.2441,0.4741,-6.5283,147.958,ppo_car_spread_a_deterministic
40.6407,-0.17932,0.0000,0.0036,0.05254,0.05257,0.26528,0.4,1.0000,-22.2435,0.4741,-6.5291,147.956,ppo_car_spread_a_deterministic
40.6607,-0.17932,0.0000,0.0036,0.04559,0.04563,0.40691,-0.8,1.0000,-22.2430,0.4741,-6.5299,147.957,ppo_car_spread_a_deterministic
40.6807,-0.17932,0.0000,0.0036,0.05048,0.05052,0.24059,-0.8,1.0000,-22.2424,0.4741,-6.5307,147.954,ppo_car_spread_a_deterministic
40.7007,-0.17932,0.0000,0.0036,0.05210,0.05215,0.27867,-0.8,1.0000,-22.2419,0.4741,-6.5316,147.952,ppo_car_spread_a_deterministic
40.7207,-0.18103,0.0000,0.0021,0.04769,0.04771,0.24570,-0.8,1.0000,-22.2413,0.4741,-6.5324,147.952,ppo_car_spread_a_deterministic
40.7407,-0.18103,0.0000,0.0021,0.04908,0.04912,0.20105,-0.4,1.0000,-22.2408,0.4741,-6.5332,147.951,ppo_car_spread_a_deterministic
40.7607,-0.18103,0.0000,0.0021,0.04649,0.04652,0.35012,-0.4,1.0000,-22.2402,0.4741,-6.5340,147.950,ppo_car_spread_a_deterministic
40.7807,-0.18103,0.0000,0.0021,0.04750,0.04755,0.40432,-0.4,1.0000,-22.2397,0.4741,-6.5347,147.953,ppo_car_spread_a_deterministic
40.8007,-0.18084,0.0016,0.0000,0.04660,0.04664,0.19099,-0.4,1.0000,-22.2392,0.4741,-6.5355,147.951,ppo_car_spread_a_deterministic
40.8207,-0.18084,0.0016,0.0000,0.04544,0.04548,0.34088,0.8,1.0000,-22.2387,0.4741,-6.5362,147.949,ppo_car_spread_a_deterministic
40.8407,-0.18084,0.0016,0.0000,0.04295,0.04298,0.30067,0.8,1.0000,-22.2382,0.4741,-6.5370,147.945,ppo_car_spread_a_deterministic
40.8607,-0.18084,0.0016,0.0000,0.04921,0.04925,0.24243,0.8,1.0000,-22.2376,0.4741,-6.5378,147.947,ppo_car_spread_a_deterministic
40.8807,-0.18198,0.0057,0.0000,0.04638,0.04641,0.30046,0.8,1.0000,-22.2371,0.4741,-6.5385,147.942,ppo_car_spread_a_deterministic
40.9008,-0.18198,0.0057,0.0000,0.04695,0.04698,0.17740,3.0,1.0000,-22.2366,0.4741,-6.5393,147.939,ppo_car_spread_a_deterministic
40.9208,-0.18198,0.0057,0.0000,0.05497,0.05501,0.25928,3.0,1.0000,-22.2360,0.4741,-6.5402,147.938,ppo_car_spread_a_deterministic
40.9408,-0.18198,0.0057,0.0000,0.04759,0.04762,0.24107,3.0,1.0000,-22.2354,0.4741,-6.5410,147.937,ppo_car_spread_a_deterministic
40.9608,-0.18014,0.0000,0.0072,0.05222,0.05226,0.19684,3.0,1.0000,-22.2348,0.4741,-6.5419,147.935,ppo_car_spread_a_deterministic
40.9808,-0.18014,0.0000,0.0072,0.04754,0.04757,0.22446,-1.5,1.0000,-22.2343,0.4741,-6.5427,147.931,ppo_car_spread_a_deterministic
41.0008,-0.18014,0.0000,0.0072,0.04351,0.04355,0.38611,-1.5,1.0000,-22.2338,0.4741,-6.5434,147.932,ppo_car_spread_a_deterministic
41.0208,-0.18014,0.0000,0.0072,0.05201,0.05204,0.39035,-1.5,1.0000,-22.2332,0.4741,-6.5443,147.928,ppo_car_spread_a_deterministic
41.0408,-0.18071,0.0038,0.0000,0.05424,0.05428,0.24552,-1.5,1.0000,-22.2326,0.4741,-6.5452,147.928,ppo_car_spread_a_deterministic
41.0608,-0.18071,0.0038,0.0000,0.04927,0.04931,0.20862,2.0,1.0000,-22.2320,0.4741,-6.5460,147.926,ppo_car_spread_a_deterministic
41.0808,-0.18071,0.0038,0.0000,0.04963,0.04966,0.25907,2.0,1.0000,-22.2315,0.4741,-6.5468,147.922,ppo_car_spread_a_deterministic
41.1008,-0.18071,0.0038,0.0000,0.05282,0.05286,0.24275,2.0,1.0000,-22.2309,0.4741,-6.5477,147.918,ppo_car_spread_a_deterministic
41.1208,-0.18161,0.0000,0.0012,0.05143,0.05147,0.21199,2.0,1.0000,-22.2303,0.4741,-6.5485,147.917,ppo_car_spread_a_deterministic
41.1408,-0.18161,0.0000,0.0012,0.05340,0.05344,0.08929,-0.2,1.0000,-22.2297,0.4741,-6.5494,147.914,ppo_car_spread_a_deterministic
41.1608,-0.18161,0.0000,0.0012,0.04742,0.04747,0.38916,-0.2,1.0000,-22.2292,0.4741,-6.5502,147.911,ppo_car_spread_a_deterministic
41.1808,-0.18161,0.0000,0.0012,0.05120,0.05123,0.37751,-0.2,1.0000,-22.2286,0.4741,-6.5510,147.907,ppo_car_spread_a_deterministic
41.2008,-0.18217,0.0011,0.0000,0.05714,0.05718,0.26893,-0.2,1.0000,-22.2279,0.4741,-6.5520,147.904,ppo_car_spread_a_deterministic
41.2208,-0.18217,0.0011,0.0000,0.04425,0.04429,0.40079,0.6,1.0000,-22.2274,0.4741,-6.5527,147.902,ppo_car_spread_a_deterministic
41.2408,-0.18217,0.0011,0.0000,0.04183,0.04186,0.36190,0.6,1.0000,-22.2270,0.4741,-6.5534,147.900,ppo_car_spread_a_deterministic
41.2608,-0.18217,0.0011,0.0000,0.04640,0.04644,0.41002,0.6,1.0000,-22.2265,0.4741,-6.5541,147.896,ppo_car_spread_a_deterministic
41.2808,-0.18214,0.0064,0.0000,0.04747,0.04750,0.40720,0.6,1.0000,-22.2259,0.4741,-6.5549,147.892,ppo_car_spread_a_deterministic
41.3008,-0.18214,0.0064,0.0000,0.05245,0.05249,0.21561,3.3,1.0000,-22.2253,0.4741,-6.5558,147.894,ppo_car_spread_a_deterministic
41.3208,-0.18214,0.0064,0.0000,0.05518,0.05521,0.36676,3.3,1.0000,-22.2247,0.4741,-6.5567,147.897,ppo_car_spread_a_deterministic
41.3408,-0.18214,0.0064,0.0000,0.05775,0.05779,0.25319,3.3,1.0000,-22.2240,0.4741,-6.5577,147.897,ppo_car_spread_a_deterministic
41.3608,-0.17969,0.0000,0.0085,0.05124,0.05128,0.38651,3.3,1.0000,-22.2235,0.4741,-6.5585,147.894,ppo_car_spread_a_deterministic
41.3808,-0.17969,0.0000,0.0085,0.04426,0.04430,0.40975,-1.8,1.0000,-22.2230,0.4741,-6.5592,147.893,ppo_car_spread_a_deterministic
41.4008,-0.17969,0.0000,0.0085,0.05229,0.05232,0.41099,-1.8,1.0000,-22.2224,0.4741,-6.5601,147.891,ppo_car_spread_a_deterministic
41.4208,-0.17969,0.0000,0.0085,0.04621,0.04624,0.32896,-1.8,1.0000,-22.2219,0.4741,-6.5609,147.891,ppo_car_spread_a_deterministic
41.4408,-0.18106,0.0000,0.0045,0.05043,0.05047,0.22047,-1.8,1.0000,-22.2213,0.4741,-6.5617,147.887,ppo_car_spread_a_deterministic
41.4608,-0.18106,0.0000,0.0045,0.04716,0.04720,0.40814,-0.9,1.0000,-22.2208,0.4741,-6.5625,147.885,ppo_car_spread_a_deterministic
41.4808,-0.18106,0.0000,0.0045,0.05686,0.05691,0.26613,-0.9,1.0000,-22.2201,0.4741,-6.5634,147.880,ppo_car_spread_a_deterministic
41.5008,-0.18106,0.0000,0.0045,0.05085,0.05090,0.16416,-0.9,1.0000,-22.2195,0.4741,-6.5643,147.878,ppo_car_spread_a_deterministic
41.5208,-0.18203,0.0000,0.0083,0.05081,0.05085,0.39904,-0.9,1.0000,-22.2190,0.4741,-6.5651,147.873,ppo_car_spread_a_deterministic
41.5408,-0.18203,0.0000,0.0083,0.04966,0.04970,0.16357,-1.7,1.0000,-22.2184,0.4741,-6.5659,147.869,ppo_car_spread_a_deterministic
41.5608,-0.18203,0.0000,0.0083,0.05303,0.05308,0.39615,-1.7,1.0000,-22.2178,0.4741,-6.5668,147.864,ppo_car_spread_a_deterministic
41.5808,-0.18203,0.0000,0.0083,0.04883,0.04886,0.32178,-1.7,1.0000,-22.2172,0.4741,-6.5676,147.863,ppo_car_spread_a_deterministic
41.6008,-0.18310,0.0000,0.0041,0.04570,0.04574,0.36304,-1.7,1.0000,-22.2167,0.4741,-6.5684,147.859,ppo_car_spread_a_deterministic
41.6208,-0.18310,0.0000,0.0041,0.05697,0.05701,0.28018,-0.9,1.0000,-22.2161,0.4741,-6.5693,147.858,ppo_car_spread_a_deterministic
41.6408,-0.18310,0.0000,0.0041,0.05552,0.05556,0.23128,-0.9,1.0000,-22.2154,0.4741,-6.5702,147.856,ppo_car_spread_a_deterministic
41.6608,-0.18310,0.0000,0.0041,0.05003,0.05006,0.12586,-0.9,1.0000,-22.2149,0.4741,-6.5710,147.855,ppo_car_spread_a_deterministic
41.6808,-0.18178,0.0000,0.0074,0.05489,0.05493,0.27873,-0.9,1.0000,-22.2143,0.4741,-6.5720,147.856,ppo_car_spread_a_deterministic
41.7008,-0.18178,0.0000,0.0074,0.04656,0.04660,0.37811,-1.6,1.0000,-22.2137,0.4741,-6.5727,147.858,ppo_car_spread_a_deterministic
41.7208,-0.18178,0.0000,0.0074,0.04746,0.04751,0.38166,-1.6,1.0000,-22.2132,0.4741,-6.5735,147.858,ppo_car_spread_a_deterministic
41.7408,-0.18178,0.0000,0.0074,0.04422,0.04426,0.40126,-1.6,1.0000,-22.2127,0.4741,-6.5742,147.852,ppo_car_spread_a_deterministic
41.7608,-0.18197,0.0000,0.0000,0.04852,0.04856,0.12823,-1.6,1.0000,-22.2121,0.4741,-6.5750,147.850,ppo_car_spread_a_deterministic
41.7808,-0.18197,0.0000,0.0000,0.04587,0.04590,0.31862,0.0,1.0000,-22.2116,0.4741,-6.5758,147.849,ppo_car_spread_a_deterministic
41.8008,-0.18197,0.0000,0.0000,0.04646,0.04650,0.37774,0.0,1.0000,-22.2111,0.4741,-6.5765,147.843,ppo_car_spread_a_deterministic
41.8208,-0.18197,0.0000,0.0000,0.04733,0.04738,0.39180,0.0,1.0000,-22.2106,0.4741,-6.5773,147.840,ppo_car_spread_a_deterministic
41.8408,-0.18380,0.0026,0.0000,0.04937,0.04941,0.28143,0.0,1.0000,-22.2100,0.4741,-6.5781,147.841,ppo_car_spread_a_deterministic
41.8608,-0.18380,0.0026,0.0000,0.05066,0.05070,0.25495,1.4,1.0000,-22.2094,0.4741,-6.5790,147.839,ppo_car_spread_a_deterministic
41.8808,-0.18380,0.0026,0.0000,0.04998,0.05002,0.08821,1.4,1.0000,-22.2089,0.4741,-6.5798,147.838,ppo_car_spread_a_deterministic
41.9008,-0.18380,0.0026,0.0000,0.04720,0.04724,0.24653,1.4,1.0000,-22.2083,0.4741,-6.5806,147.834,ppo_car_spread_a_deterministic
41.9208,-0.18250,0.0000,0.0018,0.04994,0.04997,0.13685,1.4,1.0000,-22.2078,0.4741,-6.5814,147.831,ppo_car_spread_a_deterministic
41.9408,-0.18250,0.0000,0.0018,0.05166,0.05170,0.28178,-0.4,1.0000,-22.2072,0.4741,-6.5823,147.828,ppo_car_spread_a_deterministic
41.9608,-0.18250,0.0000,0.0018,0.04749,0.04753,0.41168,-0.4,1.0000,-22.2066,0.4741,-6.5830,147.822,ppo_car_spread_a_deterministic
41.9808,-0.18250,0.0000,0.0018,0.04883,0.04887,0.18347,-0.4,1.0000,-22.2061,0.4741,-6.5839,147.818,ppo_car_spread_a_deterministic
42.0008,-0.18430,0.0019,0.0000,0.05139,0.05142,0.23494,-0.4,1.0000,-22.2055,0.4741,-6.5847,147.817,ppo_car_spread_a_deterministic
42.0208,-0.18430,0.0019,0.0000,0.04941,0.04946,0.29301,1.0,1.0000,-22.2049,0.4741,-6.5855,147.812,ppo_car_spread_a_deterministic
42.0408,-0.18430,0.0019,0.0000,0.05371,0.05375,0.28317,1.0,1.0000,-22.2043,0.4741,-6.5864,147.810,ppo_car_spread_a_deterministic
42.0608,-0.18430,0.0019,0.0000,0.05390,0.05395,0.27196,1.0,1.0000,-22.2037,0.4741,-6.5873,147.808,ppo_car_spread_a_deterministic
42.0808,-0.18300,0.0000,0.0052,0.04809,0.04813,0.27001,1.0,1.0000,-22.2032,0.4741,-6.5881,147.805,ppo_car_spread_a_deterministic
42.1008,-0.18300,0.0000,0.0052,0.05491,0.05495,0.25160,-1.1,1.0000,-22.2026,0.4741,-6.5890,147.806,ppo_car_spread_a_deterministic
42.1208,-0.18300,0.0000,0.0052,0.04872,0.04876,0.39121,-1.1,1.0000,-22.2020,0.4741,-6.5898,147.809,ppo_car_spread_a_deterministic
42.1408,-0.18300,0.0000,0.0052,0.04942,0.04946,0.26043,-1.1,1.0000,-22.2014,0.4741,-6.5906,147.805,ppo_car_spread_a_deterministic
42.1608,-0.18133,0.0000,0.0023,0.04955,0.04959,0.27711,-1.1,1.0000,-22.2009,0.4741,-6.5914,147.806,ppo_car_spread_a_deterministic
42.1808,-0.18133,0.0000,0.0023,0.04684,0.04688,0.34029,-0.5,1.0000,-22.2004,0.4741,-6.5922,147.807,ppo_car_spread_a_deterministic
42.2008,-0.18133,0.0000,0.0023,0.04665,0.04668,0.40754,-0.5,1.0000,-22.1998,0.4741,-6.5930,147.806,ppo_car_spread_a_deterministic
42.2208,-0.18133,0.0000,0.0023,0.04891,0.04895,0.17807,-0.5,1.0000,-22.1993,0.4741,-6.5938,147.807,ppo_car_spread_a_deterministic
42.2408,-0.18280,0.0012,0.0000,0.04779,0.04783,0.34414,-0.5,1.0000,-22.1987,0.4741,-6.5946,147.808,ppo_car_spread_a_deterministic
42.2608,-0.18280,0.0012,0.0000,0.05176,0.05180,0.18546,0.6,1.0000,-22.1981,0.4741,-6.5954,147.806,ppo_car_spread_a_deterministic
42.2808,-0.18280,0.0012,0.0000,0.04899,0.04904,0.41242,0.6,1.0000,-22.1976,0.4741,-6.5962,147.810,ppo_car_spread_a_deterministic
42.3008,-0.18280,0.0012,0.0000,0.04962,0.04966,0.25829,0.6,1.0000,-22.1970,0.4741,-6.5970,147.811,ppo_car_spread_a_deterministic
42.3208,-0.18122,0.0000,0.0028,0.05663,0.05668,0.26765,0.6,1.0000,-22.1964,0.4741,-6.5980,147.807,ppo_car_spread_a_deterministic
42.3408,-0.18122,0.0000,0.0028,0.05046,0.05050,0.27670,-0.6,1.0000,-22.1958,0.4741,-6.5988,147.808,ppo_car_spread_a_deterministic
42.3608,-0.18122,0.0000,0.0028,0.05013,0.05016,0.07874,-0.6,1.0000,-22.1953,0.4741,-6.5996,147.806,ppo_car_spread_a_deterministic
42.3808,-0.18122,0.0000,0.0028,0.04955,0.04959,0.39297,-0.6,1.0000,-22.1947,0.4741,-6.6005,147.802,ppo_car_spread_a_deterministic
42.4008,-0.18273,0.0000,0.0023,0.05098,0.05102,0.26803,-0.6,1.0000,-22.1941,0.4741,-6.6013,147.802,ppo_car_spread_a_deterministic
42.4208,-0.18273,0.0000,0.0023,0.04882,0.04886,0.40782,-0.5,1.0000,-22.1936,0.4741,-6.6021,147.803,ppo_car_spread_a_deterministic
42.4408,-0.18273,0.0000,0.0023,0.05415,0.05420,0.23288,-0.5,1.0000,-22.1929,0.4741,-6.6030,147.801,ppo_car_spread_a_deterministic
42.4608,-0.18273,0.0000,0.0023,0.04752,0.04757,0.17265,-0.5,1.0000,-22.1924,0.4741,-6.6038,147.799,ppo_car_spread_a_deterministic
42.4808,-0.18287,0.0000,0.0062,0.04537,0.04540,0.39845,-0.5,1.0000,-22.1919,0.4741,-6.6045,147.799,ppo_car_spread_a_deterministic
42.5008,-0.18287,0.0000,0.0062,0.05153,0.05156,0.26850,-1.3,1.0000,-22.1913,0.4741,-6.6054,147.799,ppo_car_spread_a_deterministic
42.5208,-0.18287,0.0000,0.0062,0.04877,0.04881,0.24317,-1.3,1.0000,-22.1908,0.4741,-6.6062,147.795,ppo_car_spread_a_deterministic
42.5408,-0.18287,0.0000,0.0062,0.04542,0.04546,0.24598,-1.3,1.0000,-22.1902,0.4741,-6.6069,147.793,ppo_car_spread_a_deterministic
42.5608,-0.18420,0.0000,0.0001,0.05183,0.05186,0.28387,-1.3,1.0000,-22.1897,0.4741,-6.6078,147.791,ppo_car_spread_a_deterministic
42.5808,-0.18420,0.0000,0.0001,0.04460,0.04463,0.37696,0.0,1.0000,-22.1892,0.4741,-6.6085,147.787,ppo_car_spread_a_deterministic
42.6008,-0.18420,0.0000,0.0001,0.04715,0.04720,0.24245,0.0,1.0000,-22.1886,0.4741,-6.6093,147.783,ppo_car_spread_a_deterministic
42.6208,-0.18420,0.0000,0.0001,0.04026,0.04029,0.37540,0.0,1.0000,-22.1882,0.4741,-6.6100,147.785,ppo_car_spread_a_deterministic
42.6408,-0.18458,0.0015,0.0000,0.04807,0.04811,0.32256,0.0,1.0000,-22.1876,0.4741,-6.6108,147.780,ppo_car_spread_a_deterministic
42.6608,-0.18458,0.0015,0.0000,0.04866,0.04870,0.27931,0.8,1.0000,-22.1871,0.4741,-6.6116,147.780,ppo_car_spread_a_deterministic
42.6808,-0.18458,0.0015,0.0000,0.04190,0.04194,0.33868,0.8,1.0000,-22.1866,0.4741,-6.6122,147.780,ppo_car_spread_a_deterministic
42.7008,-0.18458,0.0015,0.0000,0.04326,0.04329,0.23606,0.8,1.0000,-22.1861,0.4741,-6.6130,147.778,ppo_car_spread_a_deterministic
42.7208,-0.18389,0.0060,0.0000,0.04587,0.04591,0.40292,0.8,1.0000,-22.1856,0.4741,-6.6137,147.780,ppo_car_spread_a_deterministic
42.7408,-0.18389,0.0060,0.0000,0.04494,0.04496,0.39791,3.1,1.0000,-22.1851,0.4741,-6.6145,147.780,ppo_car_spread_a_deterministic
42.7608,-0.18389,0.0060,0.0000,0.04730,0.04734,0.25046,3.1,1.0000,-22.1845,0.4741,-6.6152,147.780,ppo_car_spread_a_deterministic
42.7808,-0.18389,0.0060,0.0000,0.05143,0.05147,0.17773,3.1,1.0000,-22.1840,0.4741,-6.6161,147.780,ppo_car_spread_a_deterministic
42.8008,-0.18322,0.0003,0.0000,0.04351,0.04354,0.40473,3.1,1.0000,-22.1835,0.4741,-6.6168,147.779,ppo_car_spread_a_deterministic
42.8208,-0.18322,0.0003,0.0000,0.05004,0.05007,0.29772,0.1,1.0000,-22.1829,0.4741,-6.6176,147.777,ppo_car_spread_a_deterministic
42.8408,-0.18322,0.0003,0.0000,0.05342,0.05346,0.21258,0.1,1.0000,-22.1823,0.4741,-6.6185,147.775,ppo_car_spread_a_deterministic
42.8608,-0.18322,0.0003,0.0000,0.05025,0.05028,0.16935,0.1,1.0000,-22.1817,0.4741,-6.6194,147.773,ppo_car_spread_a_deterministic
42.8808,-0.18315,0.0000,0.0055,0.04815,0.04819,0.41170,0.1,1.0000,-22.1812,0.4741,-6.6202,147.768,ppo_car_spread_a_deterministic
42.9008,-0.18315,0.0000,0.0055,0.04993,0.04997,0.26340,-1.2,1.0000,-22.1806,0.4741,-6.6210,147.769,ppo_car_spread_a_deterministic
42.9208,-0.18315,0.0000,0.0055,0.04771,0.04776,0.23080,-1.2,1.0000,-22.1801,0.4741,-6.6218,147.768,ppo_car_spread_a_deterministic
42.9408,-0.18315,0.0000,0.0055,0.05305,0.05310,0.27153,-1.2,1.0000,-22.1795,0.4741,-6.6227,147.766,ppo_car_spread_a_deterministic
42.9608,-0.18375,0.0001,0.0000,0.05258,0.05263,0.25907,-1.2,1.0000,-22.1789,0.4741,-6.6235,147.764,ppo_car_spread_a_deterministic
42.9808,-0.18375,0.0001,0.0000,0.05366,0.05370,0.22648,0.0,1.0000,-22.1783,0.4741,-6.6244,147.761,ppo_car_spread_a_deterministic
43.0008,-0.18375,0.0001,0.0000,0.05026,0.05029,0.38699,0.0,1.0000,-22.1777,0.4741,-6.6252,147.765,ppo_car_spread_a_deterministic
43.0208,-0.18375,0.0001,0.0000,0.04838,0.04843,0.40898,0.0,1.0000,-22.1771,0.4741,-6.6260,147.765,ppo_car_spread_a_deterministic
43.0408,-0.18206,0.0000,0.0039,0.05522,0.05526,0.26771,0.0,1.0000,-22.1765,0.4741,-6.6269,147.763,ppo_car_spread_a_deterministic
43.0608,-0.18206,0.0000,0.0039,0.04782,0.04787,0.38880,-0.8,1.0000,-22.1760,0.4741,-6.6277,147.761,ppo_car_spread_a_deterministic
43.0808,-0.18206,0.0000,0.0039,0.05128,0.05132,0.26010,-0.8,1.0000,-22.1754,0.4741,-6.6286,147.761,ppo_car_spread_a_deterministic
43.1008,-0.18206,0.0000,0.0039,0.05215,0.05219,0.22249,-0.8,1.0000,-22.1748,0.4741,-6.6294,147.758,ppo_car_spread_a_deterministic
43.1208,-0.18336,0.0000,0.0038,0.04899,0.04904,0.37551,-0.8,1.0000,-22.1742,0.4741,-6.6302,147.755,ppo_car_spread_a_deterministic
43.1408,-0.18336,0.0000,0.0038,0.04799,0.04803,0.17704,-0.8,1.0000,-22.1737,0.4741,-6.6310,147.754,ppo_car_spread_a_deterministic
43.1608,-0.18336,0.0000,0.0038,0.04816,0.04819,0.38051,-0.8,1.0000,-22.1731,0.4741,-6.6318,147.750,ppo_car_spread_a_deterministic
43.1808,-0.18336,0.0000,0.0038,0.04821,0.04825,0.15462,-0.8,1.0000,-22.1726,0.4741,-6.6326,147.748,ppo_car_spread_a_deterministic
43.2008,-0.18516,0.0006,0.0000,0.04729,0.04733,0.20790,-0.8,1.0000,-22.1721,0.4741,-6.6334,147.746,ppo_car_spread_a_deterministic
43.2208,-0.18516,0.0006,0.0000,0.05180,0.05184,0.26079,0.3,1.0000,-22.1715,0.4741,-6.6342,147.742,ppo_car_spread_a_deterministic
43.2408,-0.18516,0.0006,0.0000,0.04715,0.04718,0.32603,0.3,1.0000,-22.1709,0.4741,-6.6350,147.742,ppo_car_spread_a_deterministic
43.2608,-0.18516,0.0006,0.0000,0.05072,0.05077,0.24111,0.3,1.0000,-22.1704,0.4741,-6.6358,147.742,ppo_car_spread_a_deterministic
43.2808,-0.18407,0.0006,0.0000,0.04510,0.04515,0.32232,0.3,1.0000,-22.1698,0.4741,-6.6366,147.737,ppo_car_spread_a_deterministic
43.3008,-0.18407,0.0006,0.0000,0.04906,0.04909,0.36389,0.3,1.0000,-22.1693,0.4741,-6.6374,147.738,ppo_car_spread_a_deterministic
43.3208,-0.18407,0.0006,0.0000,0.04802,0.04806,0.37629,0.3,1.0000,-22.1687,0.4741,-6.6382,147.741,ppo_car_spread_a_deterministic
43.3408,-0.18407,0.0006,0.0000,0.04876,0.04880,0.29221,0.3,1.0000,-22.1682,0.4741,-6.6390,147.740,ppo_car_spread_a_deterministic
43.3608,-0.18326,0.0000,0.0012,0.04836,0.04841,0.31209,0.3,1.0000,-22.1676,0.4741,-6.6398,147.737,ppo_car_spread_a_deterministic
43.3808,-0.18326,0.0000,0.0012,0.04618,0.04622,0.17751,-0.3,1.0000,-22.1671,0.4741,-6.6405,147.735,ppo_car_spread_a_deterministic
43.4008,-0.18326,0.0000,0.0012,0.05248,0.05252,0.27672,-0.3,1.0000,-22.1665,0.4741,-6.6414,147.736,ppo_car_spread_a_deterministic
43.4208,-0.18326,0.0000,0.0012,0.04831,0.04835,0.18232,-0.3,1.0000,-22.1660,0.4741,-6.6422,147.735,ppo_car_spread_a_deterministic
43.4408,-0.18338,0.0000,0.0052,0.04917,0.04920,0.25897,-0.3,1.0000,-22.1654,0.4741,-6.6430,147.733,ppo_car_spread_a_deterministic
43.4608,-0.18338,0.0000,0.0052,0.04838,0.04843,0.37661,-1.1,1.0000,-22.1649,0.4741,-6.6438,147.732,ppo_car_spread_a_deterministic
43.4808,-0.18338,0.0000,0.0052,0.04620,0.04624,0.23130,-1.1,1.0000,-22.1643,0.4741,-6.6446,147.728,ppo_car_spread_a_deterministic
43.5008,-0.18338,0.0000,0.0052,0.04722,0.04725,0.25844,-1.1,1.0000,-22.1638,0.4741,-6.6454,147.724,ppo_car_spread_a_deterministic
43.5208,-0.18553,0.0024,0.0000,0.04788,0.04791,0.33618,-1.1,1.0000,-22.1633,0.4741,-6.6462,147.723,ppo_car_spread_a_deterministic
43.5408,-0.18553,0.0024,0.0000,0.05145,0.05149,0.28274,1.3,1.0000,-22.1627,0.4741,-6.6470,147.722,ppo_car_spread_a_deterministic
43.5608,-0.18553,0.0024,0.0000,0.04963,0.04967,0.13823,1.3,1.0000,-22.1621,0.4741,-6.6478,147.719,ppo_car_spread_a_deterministic
43.5808,-0.18553,0.0024,0.0000,0.04576,0.04580,0.26818,1.3,1.0000,-22.1616,0.4741,-6.6486,147.717,ppo_car_spread_a_deterministic
43.6008,-0.18540,0.0000,0.0010,0.05163,0.05168,0.26653,1.3,1.0000,-22.1610,0.4741,-6.6494,147.715,ppo_car_spread_a_deterministic
43.6208,-0.18540,0.0000,0.0010,0.04848,0.04852,0.21993,-0.2,1.0000,-22.1604,0.4741,-6.6502,147.710,ppo_car_spread_a_deterministic
43.6408,-0.18540,0.0000,0.0010,0.04760,0.04763,0.34630,-0.2,1.0000,-22.1599,0.4741,-6.6510,147.710,ppo_car_spread_a_deterministic
43.6608,-0.18540,0.0000,0.0010,0.04450,0.04453,0.39361,-0.2,1.0000,-22.1594,0.4741,-6.6517,147.705,ppo_car_spread_a_deterministic
43.6808,-0.18465,0.0002,0.0000,0.04863,0.04867,0.11741,-0.2,1.0000,-22.1588,0.4741,-6.6525,147.703,ppo_car_spread_a_deterministic
43.7008,-0.18465,0.0002,0.0000,0.05309,0.05314,0.26998,0.1,1.0000,-22.1582,0.4741,-6.6534,147.701,ppo_car_spread_a_deterministic
43.7208,-0.18465,0.0002,0.0000,0.04479,0.04483,0.30538,0.1,1.0000,-22.1577,0.4741,-6.6542,147.698,ppo_car_spread_a_deterministic
43.7408,-0.18465,0.0002,0.0000,0.05276,0.05280,0.24118,0.1,1.0000,-22.1571,0.4741,-6.6550,147.697,ppo_car_spread_a_deterministic
43.7608,-0.18586,0.0038,0.0000,0.05103,0.05108,0.25154,0.1,1.0000,-22.1566,0.4741,-6.6559,147.698,ppo_car_spread_a_deterministic
43.7808,-0.18586,0.0038,0.0000,0.05515,0.05520,0.27611,2.0,1.0000,-22.1559,0.4741,-6.6568,147.698,ppo_car_spread_a_deterministic
43.8008,-0.18586,0.0038,0.0000,0.04694,0.04697,0.41054,2.0,1.0000,-22.1554,0.4741,-6.6576,147.698,ppo_car_spread_a_deterministic
43.8208,-0.18586,0.0038,0.0000,0.05195,0.05200,0.05885,2.0,1.0000,-22.1548,0.4741,-6.6584,147.696,ppo_car_spread_a_deterministic
43.8408,-0.18487,0.0011,0.0000,0.04543,0.04548,0.38661,2.0,1.0000,-22.1543,0.4741,-6.6592,147.696,ppo_car_spread_a_deterministic
43.8608,-0.18487,0.0011,0.0000,0.04744,0.04746,0.41044,0.6,1.0000,-22.1538,0.4741,-6.6599,147.695,ppo_car_spread_a_deterministic
43.8808,-0.18487,0.0011,0.0000,0.04863,0.04867,0.26225,0.6,1.0000,-22.1532,0.4741,-6.6607,147.693,ppo_car_spread_a_deterministic
43.9008,-0.18487,0.0011,0.0000,0.05509,0.05513,0.25218,0.6,1.0000,-22.1526,0.4741,-6.6617,147.690,ppo_car_spread_a_deterministic
43.9208,-0.18540,0.0000,0.0003,0.05200,0.05205,0.27941,0.6,1.0000,-22.1520,0.4741,-6.6625,147.686,ppo_car_spread_a_deterministic
43.9408,-0.18540,0.0000,0.0003,0.05344,0.05348,0.22351,-0.1,1.0000,-22.1514,0.4741,-6.6634,147.683,ppo_car_spread_a_deterministic
43.9608,-0.18540,0.0000,0.0003,0.04759,0.04763,0.28320,-0.1,1.0000,-22.1508,0.4741,-6.6642,147.682,ppo_car_spread_a_deterministic
43.9808,-0.18540,0.0000,0.0003,0.04774,0.04778,0.39190,-0.1,1.0000,-22.1503,0.4741,-6.6650,147.677,ppo_car_spread_a_deterministic
44.0008,-0.18538,0.0005,0.0000,0.04998,0.05002,0.39312,-0.1,1.0000,-22.1497,0.4741,-6.6658,147.676,ppo_car_spread_a_deterministic
44.0208,-0.18538,0.0005,0.0000,0.05011,0.05015,0.22576,0.3,1.0000,-22.1492,0.4741,-6.6666,147.672,ppo_car_spread_a_deterministic
44.0408,-0.18538,0.0005,0.0000,0.05028,0.05032,0.14946,0.3,1.0000,-22.1486,0.4741,-6.6674,147.669,ppo_car_spread_a_deterministic
44.0608,-0.18538,0.0005,0.0000,0.05074,0.05079,0.26825,0.3,1.0000,-22.1480,0.4741,-6.6683,147.667,ppo_car_spread_a_deterministic
44.0808,-0.18619,0.0000,0.0017,0.04847,0.04849,0.40302,0.3,1.0000,-22.1475,0.4741,-6.6691,147.665,ppo_car_spread_a_deterministic
44.1008,-0.18619,0.0000,0.0017,0.04894,0.04898,0.40189,-0.3,1.0000,-22.1469,0.4741,-6.6699,147.664,ppo_car_spread_a_deterministic
44.1208,-0.18619,0.0000,0.0017,0.05290,0.05294,0.13142,-0.3,1.0000,-22.1463,0.4741,-6.6707,147.662,ppo_car_spread_a_deterministic
44.1408,-0.18619,0.0000,0.0017,0.04878,0.04882,0.36873,-0.3,1.0000,-22.1458,0.4741,-6.6715,147.662,ppo_car_spread_a_deterministic
44.1608,-0.18571,0.0000,0.0046,0.04889,0.04893,0.23706,-0.3,1.0000,-22.1452,0.4741,-6.6724,147.662,ppo_car_spread_a_deterministic
44.1808,-0.18571,0.0000,0.0046,0.04895,0.04900,0.18256,-1.0,1.0000,-22.1446,0.4741,-6.6732,147.661,ppo_car_spread_a_deterministic
44.2008,-0.18571,0.0000,0.0046,0.05182,0.05187,0.39105,-1.0,1.0000,-22.1440,0.4741,-6.6740,147.656,ppo_car_spread_a_deterministic
44.2208,-0.18571,0.0000,0.0046,0.05069,0.05072,0.35992,-1.0,1.0000,-22.1435,0.4741,-6.6748,147.652,ppo_car_spread_a_deterministic
44.2408,-0.18709,0.0000,0.0028,0.05083,0.05087,0.16674,-1.0,1.0000,-22.1429,0.4741,-6.6757,147.652,ppo_car_spread_a_deterministic
44.2608,-0.18709,0.0000,0.0028,0.05174,0.05179,0.27314,-0.6,1.0000,-22.1423,0.4741,-6.6765,147.650,ppo_car_spread_a_deterministic
44.2808,-0.18709,0.0000,0.0028,0.05170,0.05174,0.36452,-0.6,1.0000,-22.1417,0.4741,-6.6774,147.651,ppo_car_spread_a_deterministic
44.3008,-0.18709,0.0000,0.0028,0.05328,0.05332,0.27015,-0.6,1.0000,-22.1411,0.4741,-6.6783,147.650,ppo_car_spread_a_deterministic
44.3208,-0.18477,0.0000,0.0043,0.04915,0.04919,0.41288,-0.6,1.0000,-22.1405,0.4741,-6.6791,147.651,ppo_car_spread_a_deterministic
44.3408,-0.18477,0.0000,0.0043,0.04709,0.04713,0.40965,-0.9,1.0000,-22.1400,0.4741,-6.6798,147.655,ppo_car_spread_a_deterministic
44.3608,-0.18477,0.0000,0.0043,0.04795,0.04799,0.41179,-0.9,1.0000,-22.1395,0.4741,-6.6806,147.658,ppo_car_spread_a_deterministic
44.3808,-0.18477,0.0000,0.0043,0.05077,0.05081,0.26685,-0.9,1.0000,-22.1389,0.4741,-6.6815,147.657,ppo_car_spread_a_deterministic
44.4008,-0.18466,0.0000,0.0013,0.04666,0.04669,0.41116,-0.9,1.0000,-22.1384,0.4741,-6.6822,147.653,ppo_car_spread_a_deterministic
44.4208,-0.18466,0.0000,0.0013,0.05092,0.05096,0.26070,-0.3,1.0000,-22.1378,0.4741,-6.6831,147.653,ppo_car_spread_a_deterministic
44.4408,-0.18466,0.0000,0.0013,0.04987,0.04991,0.17108,-0.3,1.0000,-22.1372,0.4741,-6.6839,147.651,ppo_car_spread_a_deterministic
44.4608,-0.18466,0.0000,0.0013,0.05383,0.05387,0.26119,-0.3,1.0000,-22.1366,0.4741,-6.6848,147.649,ppo_car_spread_a_deterministic
44.4808,-0.18598,0.0000,0.0018,0.04658,0.04662,0.21003,-0.3,1.0000,-22.1361,0.4741,-6.6856,147.648,ppo_car_spread_a_deterministic
44.5008,-0.18598,0.0000,0.0018,0.04705,0.04709,0.18952,-0.4,1.0000,-22.1355,0.4741,-6.6863,147.646,ppo_car_spread_a_deterministic
44.5208,-0.18598,0.0000,0.0018,0.04696,0.04700,0.19725,-0.4,1.0000,-22.1350,0.4741,-6.6871,147.643,ppo_car_spread_a_deterministic
44.5408,-0.18598,0.0000,0.0018,0.04736,0.04740,0.31885,-0.4,1.0000,-22.1345,0.4741,-6.6879,147.646,ppo_car_spread_a_deterministic
44.5608,-0.18682,0.0015,0.0000,0.04619,0.04623,0.39565,-0.4,1.0000,-22.1339,0.4741,-6.6886,147.649,ppo_car_spread_a_deterministic
44.5808,-0.18682,0.0015,0.0000,0.04863,0.04867,0.17396,0.8,1.0000,-22.1334,0.4741,-6.6894,147.646,ppo_car_spread_a_deterministic
44.6008,-0.18682,0.0015,0.0000,0.04701,0.04705,0.38038,0.8,1.0000,-22.1328,0.4741,-6.6902,147.648,ppo_car_spread_a_deterministic
44.6208,-0.18682,0.0015,0.0000,0.05105,0.05109,0.21785,0.8,1.0000,-22.1323,0.4741,-6.6910,147.644,ppo_car_spread_a_deterministic
44.6408,-0.18532,0.0000,0.0000,0.05020,0.05025,0.11515,0.8,1.0000,-22.1317,0.4741,-6.6919,147.642,ppo_car_spread_a_deterministic
44.6608,-0.18532,0.0000,0.0000,0.04918,0.04921,0.40888,0.0,1.0000,-22.1311,0.4741,-6.6927,147.641,ppo_car_spread_a_deterministic
44.6808,-0.18532,0.0000,0.0000,0.04009,0.04012,0.35250,0.0,1.0000,-22.1307,0.4741,-6.6933,147.639,ppo_car_spread_a_deterministic
44.7008,-0.18532,0.0000,0.0000,0.04809,0.04812,0.39804,0.0,1.0000,-22.1301,0.4741,-6.6941,147.641,ppo_car_spread_a_deterministic
44.7208,-0.18740,0.0084,0.0000,0.04307,0.04312,0.40974,0.0,1.0000,-22.1296,0.4741,-6.6948,147.642,ppo_car_spread_a_deterministic
44.7408,-0.18740,0.0084,0.0000,0.04748,0.04752,0.20968,4.4,1.0000,-22.1291,0.4741,-6.6956,147.640,ppo_car_spread_a_deterministic
44.7608,-0.18740,0.0084,0.0000,0.04942,0.04946,0.17319,4.4,1.0000,-22.1285,0.4741,-6.6964,147.637,ppo_car_spread_a_deterministic
44.7808,-0.18740,0.0084,0.0000,0.05105,0.05109,0.17437,4.4,1.0000,-22.1279,0.4741,-6.6973,147.636,ppo_car_spread_a_deterministic
44.8008,-0.18714,0.0000,0.0007,0.05323,0.05327,0.28064,4.4,1.0000,-22.1273,0.4741,-6.6982,147.632,ppo_car_spread_a_deterministic
44.8208,-0.18714,0.0000,0.0007,0.05282,0.05286,0.21041,-0.2,1.0000,-22.1267,0.4741,-6.6990,147.630,ppo_car_spread_a_deterministic
44.8408,-0.18714,0.0000,0.0007,0.05190,0.05195,0.35304,-0.2,1.0000,-22.1261,0.4741,-6.6999,147.631,ppo_car_spread_a_deterministic
44.8608,-0.18714,0.0000,0.0007,0.05323,0.05328,0.26724,-0.2,1.0000,-22.1255,0.4741,-6.7008,147.630,ppo_car_spread_a_deterministic
44.8808,-0.18575,0.0000,0.0046,0.05226,0.05230,0.40978,-0.2,1.0000,-22.1249,0.4741,-6.7016,147.631,ppo_car_spread_a_deterministic
44.9008,-0.18575,0.0000,0.0046,0.05355,0.05360,0.17283,-1.0,1.0000,-22.1243,0.4741,-6.7025,147.629,ppo_car_spread_a_deterministic
44.9208,-0.18575,0.0000,0.0046,0.05231,0.05235,0.26330,-1.0,1.0000,-22.1237,0.4741,-6.7034,147.624,ppo_car_spread_a_deterministic
44.9408,-0.18575,0.0000,0.0046,0.05302,0.05307,0.26043,-1.0,1.0000,-22.1231,0.4741,-6.7042,147.624,ppo_car_spread_a_deterministic
44.9608,-0.18747,0.0000,0.0035,0.05032,0.05036,0.16340,-1.0,1.0000,-22.1225,0.4741,-6.7051,147.623,ppo_car_spread_a_deterministic
44.9808,-0.18747,0.0000,0.0035,0.04853,0.04858,0.40870,-0.7,1.0000,-22.1220,0.4741,-6.7059,147.618,ppo_car_spread_a_deterministic
45.0008,-0.18747,0.0000,0.0035,0.05076,0.05079,0.37380,-0.7,1.0000,-22.1214,0.4741,-6.7067,147.617,ppo_car_spread_a_deterministic
45.0208,-0.18747,0.0000,0.0035,0.05190,0.05194,0.24833,-0.7,1.0000,-22.1208,0.4741,-6.7076,147.614,ppo_car_spread_a_deterministic
45.0408,-0.18658,0.0000,0.0025,0.04575,0.04578,0.32930,-0.7,1.0000,-22.1203,0.4741,-6.7083,147.614,ppo_car_spread_a_deterministic
45.0608,-0.18658,0.0000,0.0025,0.04808,0.04812,0.37284,-0.5,1.0000,-22.1198,0.4741,-6.7091,147.615,ppo_car_spread_a_deterministic
45.0808,-0.18658,0.0000,0.0025,0.05407,0.05411,0.28099,-0.5,1.0000,-22.1191,0.4741,-6.7100,147.615,ppo_car_spread_a_deterministic
45.1008,-0.18658,0.0000,0.0025,0.04001,0.04005,0.41147,-0.5,1.0000,-22.1187,0.4741,-6.7106,147.615,ppo_car_spread_a_deterministic
45.1208,-0.18585,0.0000,0.0066,0.05286,0.05289,0.25662,-0.5,1.0000,-22.1181,0.4741,-6.7115,147.614,ppo_car_spread_a_deterministic
45.1408,-0.18585,0.0000,0.0066,0.05297,0.05300,0.24275,-1.4,1.0000,-22.1175,0.4741,-6.7124,147.614,ppo_car_spread_a_deterministic
45.1608,-0.18585,0.0000,0.0066,0.05741,0.05746,0.25822,-1.4,1.0000,-22.1168,0.4741,-6.7133,147.614,ppo_car_spread_a_deterministic
45.1808,-0.18585,0.0000,0.0066,0.04847,0.04851,0.22283,-1.4,1.0000,-22.1163,0.4741,-6.7141,147.614,ppo_car_spread_a_deterministic
45.2008,-0.18573,0.0000,0.0100,0.05370,0.05375,0.22894,-1.4,1.0000,-22.1157,0.4741,-6.7150,147.612,ppo_car_spread_a_deterministic
45.2208,-0.18573,0.0000,0.0100,0.04253,0.04256,0.27572,-2.1,1.0000,-22.1152,0.4741,-6.7157,147.610,ppo_car_spread_a_deterministic
45.2408,-0.18573,0.0000,0.0100,0.05079,0.05084,0.20757,-2.1,1.0000,-22.1146,0.4741,-6.7165,147.608,ppo_car_spread_a_deterministic
45.2609,-0.18573,0.0000,0.0100,0.04665,0.04668,0.32142,-2.1,1.0000,-22.1141,0.4741,-6.7173,147.604,ppo_car_spread_a_deterministic
45.2809,-0.18707,0.0000,0.0028,0.04608,0.04611,0.14278,-2.1,1.0000,-22.1136,0.4741,-6.7181,147.602,ppo_car_spread_a_deterministic
45.3009,-0.18707,0.0000,0.0028,0.04256,0.04260,0.38044,-0.6,1.0000,-22.1131,0.4741,-6.7188,147.596,ppo_car_spread_a_deterministic
45.3209,-0.18707,0.0000,0.0028,0.05020,0.05024,0.18371,-0.6,1.0000,-22.1125,0.4741,-6.7196,147.594,ppo_car_spread_a_deterministic
45.3409,-0.18707,0.0000,0.0028,0.04700,0.04704,0.31112,-0.6,1.0000,-22.1120,0.4741,-6.7204,147.593,ppo_car_spread_a_deterministic
45.3609,-0.18753,0.0000,0.0017,0.04460,0.04464,0.29577,-0.6,1.0000,-22.1115,0.4741,-6.7211,147.594,ppo_car_spread_a_deterministic
45.3809,-0.18753,0.0000,0.0017,0.04527,0.04532,0.31606,-0.4,1.0000,-22.1109,0.4741,-6.7218,147.592,ppo_car_spread_a_deterministic
45.4009,-0.18753,0.0000,0.0017,0.04935,0.04940,0.22511,-0.4,1.0000,-22.1104,0.4741,-6.7226,147.590,ppo_car_spread_a_deterministic
45.4209,-0.18753,0.0000,0.0017,0.04671,0.04675,0.15768,-0.4,1.0000,-22.1098,0.4741,-6.7234,147.587,ppo_car_spread_a_deterministic
45.4409,-0.18763,0.0000,0.0011,0.04781,0.04785,0.40599,-0.4,1.0000,-22.1093,0.4741,-6.7242,147.583,ppo_car_spread_a_deterministic
45.4609,-0.18763,0.0000,0.0011,0.04204,0.04208,0.32801,-0.2,1.0000,-22.1088,0.4741,-6.7249,147.580,ppo_car_spread_a_deterministic
45.4809,-0.18763,0.0000,0.0011,0.04872,0.04876,0.18640,-0.2,1.0000,-22.1083,0.4741,-6.7257,147.580,ppo_car_spread_a_deterministic
45.5009,-0.18763,0.0000,0.0011,0.04935,0.04939,0.27300,-0.2,1.0000,-22.1077,0.4741,-6.7265,147.575,ppo_car_spread_a_deterministic
45.5209,-0.18705,0.0000,0.0010,0.04591,0.04596,0.28654,-0.2,1.0000,-22.1072,0.4741,-6.7273,147.570,ppo_car_spread_a_deterministic
45.5409,-0.18705,0.0000,0.0010,0.05385,0.05390,0.24726,-0.2,1.0000,-22.1065,0.4741,-6.7282,147.569,ppo_car_spread_a_deterministic
45.5609,-0.18705,0.0000,0.0010,0.04868,0.04872,0.27320,-0.2,1.0000,-22.1060,0.4741,-6.7290,147.569,ppo_car_spread_a_deterministic
45.5809,-0.18705,0.0000,0.0010,0.04807,0.04811,0.26857,-0.2,1.0000,-22.1054,0.4741,-6.7297,147.570,ppo_car_spread_a_deterministic
45.6009,-0.18700,0.0000,0.0013,0.04841,0.04844,0.23367,-0.2,1.0000,-22.1049,0.4741,-6.7305,147.566,ppo_car_spread_a_deterministic
45.6209,-0.18700,0.0000,0.0013,0.04263,0.04266,0.28560,-0.3,1.0000,-22.1044,0.4741,-6.7312,147.563,ppo_car_spread_a_deterministic
45.6409,-0.18700,0.0000,0.0013,0.04627,0.04632,0.17180,-0.3,1.0000,-22.1039,0.4741,-6.7320,147.562,ppo_car_spread_a_deterministic
45.6609,-0.18700,0.0000,0.0013,0.04994,0.04998,0.23547,-0.3,1.0000,-22.1033,0.4741,-6.7328,147.560,ppo_car_spread_a_deterministic
45.6809,-0.18816,0.0018,0.0000,0.04481,0.04485,0.35931,-0.3,1.0000,-22.1028,0.4741,-6.7336,147.559,ppo_car_spread_a_deterministic
45.7009,-0.18816,0.0018,0.0000,0.04359,0.04362,0.23573,1.0,1.0000,-22.1023,0.4741,-6.7343,147.559,ppo_car_spread_a_deterministic
45.7209,-0.18816,0.0018,0.0000,0.04739,0.04743,0.23344,1.0,1.0000,-22.1017,0.4741,-6.7350,147.554,ppo_car_spread_a_deterministic
45.7409,-0.18816,0.0018,0.0000,0.04596,0.04600,0.15262,1.0,1.0000,-22.1012,0.4741,-6.7358,147.552,ppo_car_spread_a_deterministic
45.7609,-0.18912,0.0015,0.0000,0.04879,0.04884,0.40606,1.0,1.0000,-22.1007,0.4741,-6.7366,147.546,ppo_car_spread_a_deterministic
45.7809,-0.18912,0.0015,0.0000,0.04406,0.04410,0.36919,0.8,1.0000,-22.1002,0.4741,-6.7373,147.547,ppo_car_spread_a_deterministic
45.8009,-0.18912,0.0015,0.0000,0.04829,0.04833,0.12624,0.8,1.0000,-22.0996,0.4741,-6.7381,147.544,ppo_car_spread_a_deterministic
45.8209,-0.18912,0.0015,0.0000,0.04999,0.05004,0.26656,0.8,1.0000,-22.0990,0.4741,-6.7389,147.539,ppo_car_spread_a_deterministic
45.8409,-0.18887,0.0003,0.0000,0.04841,0.04846,0.12909,0.8,1.0000,-22.0985,0.4741,-6.7397,147.538,ppo_car_spread_a_deterministic
45.8609,-0.18887,0.0003,0.0000,0.04888,0.04893,0.16997,0.2,1.0000,-22.0979,0.4741,-6.7405,147.537,ppo_car_spread_a_deterministic
45.8809,-0.18887,0.0003,0.0000,0.04251,0.04255,0.41023,0.2,1.0000,-22.0974,0.4741,-6.7412,147.534,ppo_car_spread_a_deterministic
45.9009,-0.18887,0.0003,0.0000,0.05002,0.05007,0.19026,0.2,1.0000,-22.0968,0.4741,-6.7421,147.533,ppo_car_spread_a_deterministic
45.9209,-0.18970,0.0064,0.0000,0.04837,0.04842,0.26188,0.2,1.0000,-22.0963,0.4741,-6.7428,147.528,ppo_car_spread_a_deterministic
45.9409,-0.18970,0.0064,0.0000,0.04479,0.04483,0.21998,3.3,1.0000,-22.0958,0.4741,-6.7436,147.526,ppo_car_spread_a_deterministic
45.9609,-0.18970,0.0064,0.0000,0.04914,0.04917,0.25718,3.3,1.0000,-22.0952,0.4741,-6.7444,147.526,ppo_car_spread_a_deterministic
45.9809,-0.18970,0.0064,0.0000,0.05234,0.05237,0.21251,3.3,1.0000,-22.0946,0.4741,-6.7453,147.525,ppo_car_spread_a_deterministic
46.0009,-0.18789,0.0000,0.0013,0.05160,0.05163,0.21298,3.3,1.0000,-22.0940,0.4741,-6.7461,147.524,ppo_car_spread_a_deterministic
46.0209,-0.18789,0.0000,0.0013,0.05148,0.05152,0.26870,-0.3,1.0000,-22.0934,0.4741,-6.7470,147.525,ppo_car_spread_a_deterministic
46.0409,-0.18789,0.0000,0.0013,0.05144,0.05148,0.21207,-0.3,1.0000,-22.0928,0.4741,-6.7478,147.520,ppo_car_spread_a_deterministic
46.0609,-0.18789,0.0000,0.0013,0.04877,0.04882,0.40248,-0.3,1.0000,-22.0923,0.4741,-6.7486,147.516,ppo_car_spread_a_deterministic
46.0809,-0.18947,0.0000,0.0025,0.04919,0.04922,0.40012,-0.3,1.0000,-22.0917,0.4741,-6.7494,147.514,ppo_car_spread_a_deterministic
46.1009,-0.18947,0.0000,0.0025,0.05707,0.05711,0.27364,-0.5,1.0000,-22.0911,0.4741,-6.7504,147.511,ppo_car_spread_a_deterministic
46.1209,-0.18947,0.0000,0.0025,0.04919,0.04923,0.41260,-0.5,1.0000,-22.0905,0.4741,-6.7512,147.506,ppo_car_spread_a_deterministic
46.1409,-0.18947,0.0000,0.0025,0.05441,0.05447,0.29092,-0.5,1.0000,-22.0899,0.4741,-6.7521,147.502,ppo_car_spread_a_deterministic
46.1609,-0.19016,0.0001,0.0000,0.05152,0.05157,0.22949,-0.5,1.0000,-22.0893,0.4741,-6.7529,147.499,ppo_car_spread_a_deterministic
46.1809,-0.19016,0.0001,0.0000,0.05046,0.05050,0.15668,0.1,1.0000,-22.0887,0.4741,-6.7537,147.496,ppo_car_spread_a_deterministic
46.2009,-0.19016,0.0001,0.0000,0.04453,0.04456,0.40389,0.1,1.0000,-22.0882,0.4741,-6.7545,147.494,ppo_car_spread_a_deterministic
46.2209,-0.19016,0.0001,0.0000,0.04423,0.04427,0.40329,0.1,1.0000,-22.0877,0.4741,-6.7552,147.490,ppo_car_spread_a_deterministic
46.2409,-0.18937,0.0040,0.0000,0.04899,0.04903,0.16844,0.1,1.0000,-22.0872,0.4741,-6.7560,147.489,ppo_car_spread_a_deterministic
46.2609,-0.18937,0.0040,0.0000,0.04551,0.04556,0.40900,2.1,1.0000,-22.0866,0.4741,-6.7567,147.488,ppo_car_spread_a_deterministic
46.2809,-0.18937,0.0040,0.0000,0.05365,0.05370,0.17845,2.1,1.0000,-22.0860,0.4741,-6.7576,147.486,ppo_car_spread_a_deterministic
46.3009,-0.18937,0.0040,0.0000,0.05727,0.05733,0.27190,2.1,1.0000,-22.0854,0.4741,-6.7586,147.482,ppo_car_spread_a_deterministic
46.3209,-0.18900,0.0000,0.0053,0.04929,0.04933,0.30120,2.1,1.0000,-22.0848,0.4741,-6.7594,147.478,ppo_car_spread_a_deterministic
46.3409,-0.18900,0.0000,0.0053,0.05266,0.05270,0.20408,-1.1,1.0000,-22.0842,0.4741,-6.7602,147.477,ppo_car_spread_a_deterministic
46.3609,-0.18900,0.0000,0.0053,0.05256,0.05261,0.29693,-1.1,1.0000,-22.0836,0.4741,-6.7611,147.472,ppo_car_spread_a_deterministic
46.3809,-0.18900,0.0000,0.0053,0.05566,0.05571,0.28282,-1.1,1.0000,-22.0830,0.4741,-6.7620,147.473,ppo_car_spread_a_deterministic
46.4009,-0.19018,0.0000,0.0035,0.04928,0.04932,0.17267,-1.1,1.0000,-22.0824,0.4741,-6.7628,147.473,ppo_car_spread_a_deterministic
46.4209,-0.19018,0.0000,0.0035,0.04780,0.04784,0.18538,-0.7,1.0000,-22.0818,0.4741,-6.7636,147.472,ppo_car_spread_a_deterministic
46.4409,-0.19018,0.0000,0.0035,0.04758,0.04762,0.29734,-0.7,1.0000,-22.0813,0.4741,-6.7644,147.469,ppo_car_spread_a_deterministic
46.4609,-0.19018,0.0000,0.0035,0.05208,0.05212,0.30259,-0.7,1.0000,-22.0807,0.4741,-6.7652,147.465,ppo_car_spread_a_deterministic
46.4809,-0.18990,0.0011,0.0000,0.04794,0.04798,0.23899,-0.7,1.0000,-22.0802,0.4741,-6.7660,147.460,ppo_car_spread_a_deterministic
46.5009,-0.18990,0.0011,0.0000,0.05664,0.05669,0.26584,0.6,1.0000,-22.0795,0.4741,-6.7670,147.459,ppo_car_spread_a_deterministic
46.5209,-0.18990,0.0011,0.0000,0.05546,0.05551,0.23813,0.6,1.0000,-22.0789,0.4741,-6.7679,147.457,ppo_car_spread_a_deterministic
46.5409,-0.18990,0.0011,0.0000,0.04295,0.04299,0.36470,0.6,1.0000,-22.0784,0.4741,-6.7686,147.457,ppo_car_spread_a_deterministic
46.5609,-0.18923,0.0000,0.0073,0.04894,0.04898,0.17305,0.6,1.0000,-22.0778,0.4741,-6.7694,147.457,ppo_car_spread_a_deterministic
46.5809,-0.18923,0.0000,0.0073,0.04555,0.04559,0.22993,-1.5,1.0000,-22.0773,0.4741,-6.7701,147.455,ppo_car_spread_a_deterministic
46.6009,-0.18923,0.0000,0.0073,0.05448,0.05453,0.22344,-1.5,1.0000,-22.0767,0.4741,-6.7710,147.452,ppo_car_spread_a_deterministic
46.6209,-0.18923,0.0000,0.0073,0.05191,0.05196,0.27004,-1.5,1.0000,-22.0761,0.4741,-6.7719,147.452,ppo_car_spread_a_deterministic
46.6409,-0.18979,0.0000,0.0060,0.05214,0.05219,0.26062,-1.5,1.0000,-22.0755,0.4741,-6.7727,147.454,ppo_car_spread_a_deterministic
46.6609,-0.18979,0.0000,0.0060,0.04147,0.04151,0.37445,-1.3,1.0000,-22.0750,0.4741,-6.7734,147.453,ppo_car_spread_a_deterministic
46.6809,-0.18979,0.0000,0.0060,0.04810,0.04814,0.32824,-1.3,1.0000,-22.0745,0.4741,-6.7742,147.453,ppo_car_spread_a_deterministic
46.7009,-0.18979,0.0000,0.0060,0.05042,0.05047,0.24854,-1.3,1.0000,-22.0739,0.4741,-6.7750,147.455,ppo_car_spread_a_deterministic
46.7209,-0.18901,0.0000,0.0005,0.04889,0.04894,0.23007,-1.3,1.0000,-22.0733,0.4741,-6.7758,147.452,ppo_car_spread_a_deterministic
46.7409,-0.18901,0.0000,0.0005,0.04717,0.04722,0.30295,-0.1,1.0000,-22.0728,0.4741,-6.7766,147.452,ppo_car_spread_a_deterministic
46.7609,-0.18901,0.0000,0.0005,0.04589,0.04593,0.35835,-0.1,1.0000,-22.0722,0.4741,-6.7773,147.454,ppo_car_spread_a_deterministic
46.7809,-0.18901,0.0000,0.0005,0.04793,0.04799,0.34030,-0.1,1.0000,-22.0717,0.4741,-6.7781,147.452,ppo_car_spread_a_deterministic
46.8009,-0.18858,0.0009,0.0000,0.04791,0.04796,0.25949,-0.1,1.0000,-22.0711,0.4741,-6.7789,147.454,ppo_car_spread_a_deterministic
46.8209,-0.18858,0.0009,0.0000,0.05215,0.05219,0.17160,0.5,1.0000,-22.0705,0.4741,-6.7798,147.452,ppo_car_spread_a_deterministic
46.8409,-0.18858,0.0009,0.0000,0.04561,0.04566,0.40819,0.5,1.0000,-22.0700,0.4741,-6.7805,147.449,ppo_car_spread_a_deterministic
46.8609,-0.18858,0.0009,0.0000,0.05077,0.05082,0.25092,0.5,1.0000,-22.0694,0.4741,-6.7813,147.447,ppo_car_spread_a_deterministic
46.8809,-0.19060,0.0028,0.0000,0.05519,0.05523,0.28606,0.5,1.0000,-22.0688,0.4741,-6.7823,147.448,ppo_car_spread_a_deterministic
46.9009,-0.19060,0.0028,0.0000,0.04110,0.04114,0.40754,1.5,1.0000,-22.0683,0.4741,-6.7829,147.449,ppo_car_spread_a_deterministic
46.9209,-0.19060,0.0028,0.0000,0.04615,0.04619,0.27855,1.5,1.0000,-22.0678,0.4741,-6.7837,147.446,ppo_car_spread_a_deterministic
46.9409,-0.19060,0.0028,0.0000,0.05461,0.05466,0.27660,1.5,1.0000,-22.0672,0.4741,-6.7846,147.444,ppo_car_spread_a_deterministic
46.9609,-0.19060,0.0025,0.0000,0.05227,0.05232,0.20688,1.5,1.0000,-22.0666,0.4741,-6.7854,147.445,ppo_car_spread_a_deterministic
46.9809,-0.19060,0.0025,0.0000,0.04749,0.04752,0.39902,1.3,1.0000,-22.0660,0.4741,-6.7862,147.441,ppo_car_spread_a_deterministic
47.0009,-0.19060,0.0025,0.0000,0.05412,0.05416,0.27217,1.3,1.0000,-22.0654,0.4741,-6.7871,147.441,ppo_car_spread_a_deterministic
47.0209,-0.19060,0.0025,0.0000,0.04866,0.04871,0.39953,1.3,1.0000,-22.0649,0.4741,-6.7879,147.441,ppo_car_spread_a_deterministic
47.0409,-0.18921,0.0000,0.0064,0.05019,0.05023,0.40761,1.3,1.0000,-22.0643,0.4741,-6.7887,147.443,ppo_car_spread_a_deterministic
47.0609,-0.18921,0.0000,0.0064,0.05406,0.05412,0.28499,-1.3,1.0000,-22.0637,0.4741,-6.7896,147.441,ppo_car_spread_a_deterministic
47.0809,-0.18921,0.0000,0.0064,0.04804,0.04808,0.29566,-1.3,1.0000,-22.0631,0.4741,-6.7904,147.437,ppo_car_spread_a_deterministic
47.1009,-0.18921,0.0000,0.0064,0.05007,0.05011,0.41423,-1.3,1.0000,-22.0625,0.4741,-6.7912,147.439,ppo_car_spread_a_deterministic
47.1209,-0.19081,0.0005,0.0000,0.05218,0.05223,0.40701,-1.3,1.0000,-22.0619,0.4741,-6.7921,147.434,ppo_car_spread_a_deterministic
47.1409,-0.19081,0.0005,0.0000,0.05058,0.05062,0.25293,0.2,1.0000,-22.0613,0.4741,-6.7929,147.430,ppo_car_spread_a_deterministic
47.1609,-0.19081,0.0005,0.0000,0.04826,0.04831,0.37299,0.2,1.0000,-22.0608,0.4741,-6.7937,147.425,ppo_car_spread_a_deterministic
47.1809,-0.19081,0.0005,0.0000,0.05166,0.05171,0.38496,0.2,1.0000,-22.0602,0.4741,-6.7945,147.421,ppo_car_spread_a_deterministic
47.2009,-0.19195,0.0009,0.0000,0.04993,0.04997,0.39312,0.2,1.0000,-22.0596,0.4741,-6.7954,147.418,ppo_car_spread_a_deterministic
47.2209,-0.19195,0.0009,0.0000,0.05171,0.05175,0.25756,0.5,1.0000,-22.0590,0.4741,-6.7962,147.413,ppo_car_spread_a_deterministic
47.2409,-0.19195,0.0009,0.0000,0.05380,0.05386,0.27019,0.5,1.0000,-22.0584,0.4741,-6.7971,147.411,ppo_car_spread_a_deterministic
47.2609,-0.19195,0.0009,0.0000,0.04642,0.04646,0.39299,0.5,1.0000,-22.0579,0.4741,-6.7979,147.410,ppo_car_spread_a_deterministic
47.2809,-0.19059,0.0000,0.0055,0.04527,0.04532,0.41349,0.5,1.0000,-22.0574,0.4741,-6.7986,147.412,ppo_car_spread_a_deterministic
47.3009,-0.19059,0.0000,0.0055,0.04953,0.04956,0.23987,-1.2,1.0000,-22.0568,0.4741,-6.7994,147.408,ppo_car_spread_a_deterministic
47.3209,-0.19059,0.0000,0.0055,0.04937,0.04942,0.41053,-1.2,1.0000,-22.0562,0.4741,-6.8002,147.407,ppo_car_spread_a_deterministic
47.3409,-0.19059,0.0000,0.0055,0.05212,0.05216,0.23870,-1.2,1.0000,-22.0556,0.4741,-6.8011,147.405,ppo_car_spread_a_deterministic
47.3609,-0.19048,0.0000,0.0014,0.04621,0.04625,0.27286,-1.2,1.0000,-22.0551,0.4741,-6.8018,147.401,ppo_car_spread_a_deterministic
47.3809,-0.19048,0.0000,0.0014,0.05138,0.05142,0.21165,-0.3,1.0000,-22.0545,0.4741,-6.8027,147.399,ppo_car_spread_a_deterministic
47.4009,-0.19048,0.0000,0.0014,0.05420,0.05424,0.26650,-0.3,1.0000,-22.0539,0.4741,-6.8036,147.397,ppo_car_spread_a_deterministic
47.4209,-0.19048,0.0000,0.0014,0.05052,0.05056,0.23642,-0.3,1.0000,-22.0533,0.4741,-6.8044,147.399,ppo_car_spread_a_deterministic
47.4409,-0.19004,0.0000,0.0063,0.05022,0.05026,0.34747,-0.3,1.0000,-22.0527,0.4741,-6.8052,147.399,ppo_car_spread_a_deterministic
47.4609,-0.19004,0.0000,0.0063,0.04604,0.04607,0.30082,-1.3,1.0000,-22.0522,0.4741,-6.8060,147.402,ppo_car_spread_a_deterministic
47.4809,-0.19004,0.0000,0.0063,0.04948,0.04952,0.31729,-1.3,1.0000,-22.0517,0.4741,-6.8068,147.402,ppo_car_spread_a_deterministic
47.5009,-0.19004,0.0000,0.0063,0.04991,0.04995,0.22370,-1.3,1.0000,-22.0511,0.4741,-6.8076,147.400,ppo_car_spread_a_deterministic
47.5209,-0.18999,0.0000,0.0019,0.04948,0.04952,0.20250,-1.3,1.0000,-22.0505,0.4741,-6.8084,147.400,ppo_car_spread_a_deterministic
47.5409,-0.18999,0.0000,0.0019,0.04807,0.04810,0.11360,-0.4,1.0000,-22.0500,0.4741,-6.8092,147.399,ppo_car_spread_a_deterministic
47.5609,-0.18999,0.0000,0.0019,0.04088,0.04092,0.40883,-0.4,1.0000,-22.0495,0.4741,-6.8099,147.396,ppo_car_spread_a_deterministic
47.5809,-0.18999,0.0000,0.0019,0.04943,0.04948,0.33883,-0.4,1.0000,-22.0489,0.4741,-6.8107,147.391,ppo_car_spread_a_deterministic
47.6009,-0.19206,0.0076,0.0000,0.04439,0.04443,0.34248,-0.4,1.0000,-22.0484,0.4741,-6.8114,147.392,ppo_car_spread_a_deterministic
47.6209,-0.19206,0.0076,0.0000,0.04726,0.04730,0.38557,4.0,1.0000,-22.0479,0.4741,-6.8122,147.392,ppo_car_spread_a_deterministic
47.6409,-0.19206,0.0076,0.0000,0.04833,0.04838,0.16789,4.0,1.0000,-22.0473,0.4741,-6.8130,147.390,ppo_car_spread_a_deterministic
47.6609,-0.19206,0.0076,0.0000,0.05109,0.05114,0.07505,4.0,1.0000,-22.0467,0.4741,-6.8138,147.388,ppo_car_spread_a_deterministic
47.6809,-0.19141,0.0000,0.0000,0.04492,0.04496,0.39593,4.0,1.0000,-22.0462,0.4741,-6.8145,147.387,ppo_car_spread_a_deterministic
47.7009,-0.19141,0.0000,0.0000,0.05230,0.05235,0.40225,0.0,1.0000,-22.0456,0.4741,-6.8154,147.388,ppo_car_spread_a_deterministic
47.7209,-0.19141,0.0000,0.0000,0.04990,0.04993,0.22933,0.0,1.0000,-22.0450,0.4741,-6.8162,147.388,ppo_car_spread_a_deterministic
47.7409,-0.19141,0.0000,0.0000,0.05123,0.05127,0.19667,0.0,1.0000,-22.0444,0.4741,-6.8171,147.384,ppo_car_spread_a_deterministic
47.7609,-0.19047,0.0000,0.0022,0.05097,0.05101,0.33288,0.0,1.0000,-22.0439,0.4741,-6.8179,147.379,ppo_car_spread_a_deterministic
47.7809,-0.19047,0.0000,0.0022,0.05623,0.05627,0.26738,-0.5,1.0000,-22.0432,0.4741,-6.8188,147.379,ppo_car_spread_a_deterministic
47.8009,-0.19047,0.0000,0.0022,0.04262,0.04266,0.38273,-0.5,1.0000,-22.0427,0.4741,-6.8195,147.379,ppo_car_spread_a_deterministic
47.8209,-0.19047,0.0000,0.0022,0.04994,0.04999,0.17822,-0.5,1.0000,-22.0422,0.4741,-6.8204,147.375,ppo_car_spread_a_deterministic
47.8409,-0.19117,0.0050,0.0000,0.05021,0.05024,0.30466,-0.5,1.0000,-22.0416,0.4741,-6.8212,147.373,ppo_car_spread_a_deterministic
47.8609,-0.19117,0.0050,0.0000,0.05318,0.05323,0.34577,2.6,1.0000,-22.0410,0.4741,-6.8220,147.368,ppo_car_spread_a_deterministic
47.8809,-0.19117,0.0050,0.0000,0.04550,0.04554,0.32484,2.6,1.0000,-22.0404,0.4741,-6.8228,147.367,ppo_car_spread_a_deterministic
47.9009,-0.19117,0.0050,0.0000,0.05015,0.05020,0.18534,2.6,1.0000,-22.0399,0.4741,-6.8236,147.367,ppo_car_spread_a_deterministic
47.9209,-0.19186,0.0027,0.0000,0.04991,0.04996,0.36769,2.6,1.0000,-22.0393,0.4741,-6.8244,147.362,ppo_car_spread_a_deterministic
47.9409,-0.19186,0.0027,0.0000,0.05322,0.05327,0.19395,1.4,1.0000,-22.0387,0.4741,-6.8253,147.359,ppo_car_spread_a_deterministic
47.9609,-0.19186,0.0027,0.0000,0.05657,0.05662,0.24612,1.4,1.0000,-22.0380,0.4741,-6.8262,147.354,ppo_car_spread_a_deterministic
47.9809,-0.19186,0.0027,0.0000,0.05787,0.05792,0.25291,1.4,1.0000,-22.0374,0.4741,-6.8272,147.351,ppo_car_spread_a_deterministic
48.0009,-0.19242,0.0000,0.0075,0.05599,0.05604,0.22652,1.4,1.0000,-22.0367,0.4741,-6.8281,147.348,ppo_car_spread_a_deterministic
48.0209,-0.19242,0.0000,0.0075,0.05721,0.05727,0.26725,-1.6,1.0000,-22.0360,0.4741,-6.8290,147.345,ppo_car_spread_a_deterministic
48.0409,-0.19242,0.0000,0.0075,0.05158,0.05162,0.15199,-1.6,1.0000,-22.0355,0.4741,-6.8299,147.345,ppo_car_spread_a_deterministic
48.0609,-0.19242,0.0000,0.0075,0.05268,0.05271,0.40968,-1.6,1.0000,-22.0349,0.4741,-6.8308,147.344,ppo_car_spread_a_deterministic
48.0809,-0.19111,0.0000,0.0039,0.05936,0.05941,0.26662,-1.6,1.0000,-22.0342,0.4741,-6.8317,147.344,ppo_car_spread_a_deterministic
48.1009,-0.19111,0.0000,0.0039,0.05863,0.05869,0.26414,-0.8,1.0000,-22.0335,0.4741,-6.8327,147.344,ppo_car_spread_a_deterministic
48.1209,-0.19111,0.0000,0.0039,0.05343,0.05348,0.40614,-0.8,1.0000,-22.0329,0.4741,-6.8336,147.338,ppo_car_spread_a_deterministic
48.1409,-0.19111,0.0000,0.0039,0.05562,0.05567,0.25111,-0.8,1.0000,-22.0322,0.4741,-6.8345,147.333,ppo_car_spread_a_deterministic
48.1609,-0.19303,0.0000,0.0045,0.05634,0.05639,0.26325,-0.8,1.0000,-22.0316,0.4741,-6.8354,147.334,ppo_car_spread_a_deterministic
48.1809,-0.19303,0.0000,0.0045,0.04760,0.04765,0.33724,-0.9,1.0000,-22.0311,0.4741,-6.8362,147.329,ppo_car_spread_a_deterministic
48.2009,-0.19303,0.0000,0.0045,0.05217,0.05221,0.25951,-0.9,1.0000,-22.0305,0.4741,-6.8370,147.325,ppo_car_spread_a_deterministic
48.2209,-0.19303,0.0000,0.0045,0.05541,0.05546,0.25448,-0.9,1.0000,-22.0298,0.4741,-6.8379,147.322,ppo_car_spread_a_deterministic
48.2409,-0.19286,0.0000,0.0033,0.05259,0.05264,0.20830,-0.9,1.0000,-22.0292,0.4741,-6.8388,147.318,ppo_car_spread_a_deterministic
48.2609,-0.19286,0.0000,0.0033,0.04876,0.04881,0.38993,-0.7,1.0000,-22.0287,0.4741,-6.8396,147.314,ppo_car_spread_a_deterministic
48.2809,-0.19286,0.0000,0.0033,0.05282,0.05288,0.32218,-0.7,1.0000,-22.0280,0.4741,-6.8404,147.314,ppo_car_spread_a_deterministic
48.3009,-0.19286,0.0000,0.0033,0.04611,0.04615,0.36056,-0.7,1.0000,-22.0275,0.4741,-6.8412,147.312,ppo_car_spread_a_deterministic
48.3209,-0.19185,0.0000,0.0051,0.05130,0.05134,0.24998,-0.7,1.0000,-22.0269,0.4741,-6.8420,147.312,ppo_car_spread_a_deterministic
48.3409,-0.19185,0.0000,0.0051,0.05045,0.05049,0.41027,-1.1,1.0000,-22.0264,0.4741,-6.8429,147.306,ppo_car_spread_a_deterministic
48.3609,-0.19185,0.0000,0.0051,0.05148,0.05152,0.26783,-1.1,1.0000,-22.0258,0.4741,-6.8437,147.305,ppo_car_spread_a_deterministic
48.3809,-0.19185,0.0000,0.0051,0.04833,0.04838,0.27906,-1.1,1.0000,-22.0252,0.4741,-6.8445,147.300,ppo_car_spread_a_deterministic
48.4009,-0.19205,0.0000,0.0035,0.04164,0.04168,0.37608,-1.1,1.0000,-22.0247,0.4741,-6.8452,147.299,ppo_car_spread_a_deterministic
48.4209,-0.19205,0.0000,0.0035,0.04613,0.04617,0.32309,-0.7,1.0000,-22.0242,0.4741,-6.8459,147.296,ppo_car_spread_a_deterministic
48.4409,-0.19205,0.0000,0.0035,0.05312,0.05317,0.23684,-0.7,1.0000,-22.0236,0.4741,-6.8468,147.296,ppo_car_spread_a_deterministic
48.4609,-0.19205,0.0000,0.0035,0.05081,0.05086,0.37049,-0.7,1.0000,-22.0230,0.4741,-6.8476,147.298,ppo_car_spread_a_deterministic
48.4809,-0.19172,0.0000,0.0056,0.05221,0.05225,0.25069,-0.7,1.0000,-22.0224,0.4741,-6.8485,147.297,ppo_car_spread_a_deterministic
48.5009,-0.19172,0.0000,0.0056,0.05045,0.05050,0.22336,-1.2,1.0000,-22.0218,0.4741,-6.8493,147.293,ppo_car_spread_a_deterministic
48.5209,-0.19172,0.0000,0.0056,0.05197,0.05202,0.22936,-1.2,1.0000,-22.0212,0.4741,-6.8502,147.292,ppo_car_spread_a_deterministic
48.5409,-0.19172,0.0000,0.0056,0.04786,0.04789,0.24209,-1.2,1.0000,-22.0207,0.4741,-6.8510,147.289,ppo_car_spread_a_deterministic
48.5609,-0.19218,0.0000,0.0043,0.05184,0.05189,0.28001,-1.2,1.0000,-22.0201,0.4741,-6.8518,147.286,ppo_car_spread_a_deterministic
48.5809,-0.19218,0.0000,0.0043,0.05089,0.05094,0.09468,-0.9,1.0000,-22.0195,0.4741,-6.8526,147.284,ppo_car_spread_a_deterministic
48.6009,-0.19218,0.0000,0.0043,0.05468,0.05473,0.27820,-0.9,1.0000,-22.0188,0.4741,-6.8535,147.280,ppo_car_spread_a_deterministic
48.6209,-0.19218,0.0000,0.0043,0.04676,0.04680,0.26658,-0.9,1.0000,-22.0183,0.4741,-6.8543,147.281,ppo_car_spread_a_deterministic
48.6409,-0.19332,0.0000,0.0061,0.05088,0.05092,0.23948,-0.9,1.0000,-22.0177,0.4741,-6.8551,147.278,ppo_car_spread_a_deterministic
48.6609,-0.19332,0.0000,0.0061,0.04897,0.04902,0.27325,-1.3,1.0000,-22.0172,0.4741,-6.8559,147.273,ppo_car_spread_a_deterministic
48.6809,-0.19332,0.0000,0.0061,0.04476,0.04479,0.20285,-1.3,1.0000,-22.0166,0.4741,-6.8567,147.273,ppo_car_spread_a_deterministic
48.7009,-0.19332,0.0000,0.0061,0.04306,0.04310,0.37799,-1.3,1.0000,-22.0162,0.4741,-6.8574,147.274,ppo_car_spread_a_deterministic
48.7209,-0.19307,0.0032,0.0000,0.05190,0.05196,0.27035,-1.3,1.0000,-22.0155,0.4741,-6.8582,147.274,ppo_car_spread_a_deterministic
48.7409,-0.19307,0.0032,0.0000,0.04720,0.04723,0.36147,1.7,1.0000,-22.0150,0.4741,-6.8590,147.276,ppo_car_spread_a_deterministic
48.7609,-0.19307,0.0032,0.0000,0.04593,0.04597,0.18964,1.7,1.0000,-22.0145,0.4741,-6.8597,147.276,ppo_car_spread_a_deterministic
48.7809,-0.19307,0.0032,0.0000,0.04658,0.04662,0.17978,1.7,1.0000,-22.0139,0.4741,-6.8605,147.274,ppo_car_spread_a_deterministic
48.8009,-0.19278,0.0018,0.0000,0.04859,0.04863,0.23465,1.7,1.0000,-22.0134,0.4741,-6.8613,147.270,ppo_car_spread_a_deterministic
48.8209,-0.19278,0.0018,0.0000,0.04451,0.04455,0.28205,0.9,1.0000,-22.0129,0.4741,-6.8620,147.268,ppo_car_spread_a_deterministic
48.8409,-0.19278,0.0018,0.0000,0.04948,0.04952,0.40900,0.9,1.0000,-22.0123,0.4741,-6.8628,147.268,ppo_car_spread_a_deterministic
48.8609,-0.19278,0.0018,0.0000,0.04798,0.04802,0.20811,0.9,1.0000,-22.0118,0.4741,-6.8636,147.265,ppo_car_spread_a_deterministic
48.8809,-0.19233,0.0000,0.0020,0.04974,0.04978,0.28060,0.9,1.0000,-22.0112,0.4741,-6.8644,147.267,ppo_car_spread_a_deterministic
48.9009,-0.19233,0.0000,0.0020,0.04934,0.04938,0.28080,-0.4,1.0000,-22.0106,0.4741,-6.8653,147.266,ppo_car_spread_a_deterministic
48.9209,-0.19233,0.0000,0.0020,0.04922,0.04927,0.31700,-0.4,1.0000,-22.0100,0.4741,-6.8661,147.264,ppo_car_spread_a_deterministic
48.9409,-0.19233,0.0000,0.0020,0.05013,0.05017,0.41134,-0.4,1.0000,-22.0095,0.4741,-6.8669,147.263,ppo_car_spread_a_deterministic
48.9609,-0.19353,0.0000,0.0011,0.04591,0.04595,0.40194,-0.4,1.0000,-22.0089,0.4741,-6.8676,147.266,ppo_car_spread_a_deterministic
48.9809,-0.19353,0.0000,0.0011,0.04970,0.04975,0.26175,-0.2,1.0000,-22.0084,0.4741,-6.8684,147.262,ppo_car_spread_a_deterministic
49.0009,-0.19353,0.0000,0.0011,0.04372,0.04376,0.32009,-0.2,1.0000,-22.0078,0.4741,-6.8692,147.264,ppo_car_spread_a_deterministic
49.0209,-0.19353,0.0000,0.0011,0.05283,0.05288,0.23517,-0.2,1.0000,-22.0072,0.4741,-6.8700,147.264,ppo_car_spread_a_deterministic
49.0409,-0.19298,0.0037,0.0000,0.05124,0.05129,0.19574,-0.2,1.0000,-22.0066,0.4741,-6.8709,147.263,ppo_car_spread_a_deterministic
49.0609,-0.19298,0.0037,0.0000,0.04677,0.04681,0.19843,1.9,1.0000,-22.0061,0.4741,-6.8716,147.260,ppo_car_spread_a_deterministic
49.0809,-0.19298,0.0037,0.0000,0.04147,0.04150,0.38810,1.9,1.0000,-22.0056,0.4741,-6.8723,147.258,ppo_car_spread_a_deterministic
49.1009,-0.19298,0.0037,0.0000,0.04829,0.04833,0.38569,1.9,1.0000,-22.0051,0.4741,-6.8731,147.257,ppo_car_spread_a_deterministic
49.1209,-0.19402,0.0067,0.0000,0.05168,0.05172,0.27231,1.9,1.0000,-22.0045,0.4741,-6.8740,147.255,ppo_car_spread_a_deterministic
49.1409,-0.19402,0.0067,0.0000,0.04721,0.04726,0.40778,3.5,1.0000,-22.0039,0.4741,-6.8747,147.252,ppo_car_spread_a_deterministic
49.1609,-0.19402,0.0067,0.0000,0.04737,0.04741,0.38658,3.5,1.0000,-22.0034,0.4741,-6.8755,147.253,ppo_car_spread_a_deterministic
49.1809,-0.19402,0.0067,0.0000,0.05089,0.05093,0.40144,3.5,1.0000,-22.0028,0.4741,-6.8763,147.252,ppo_car_spread_a_deterministic
49.2009,-0.19299,0.0001,0.0000,0.05314,0.05318,0.20712,3.5,1.0000,-22.0022,0.4741,-6.8772,147.248,ppo_car_spread_a_deterministic
49.2209,-0.19299,0.0001,0.0000,0.05260,0.05264,0.17839,0.1,1.0000,-22.0016,0.4741,-6.8781,147.246,ppo_car_spread_a_deterministic
49.2409,-0.19299,0.0001,0.0000,0.05166,0.05169,0.27802,0.1,1.0000,-22.0010,0.4741,-6.8789,147.243,ppo_car_spread_a_deterministic
49.2609,-0.19299,0.0001,0.0000,0.05021,0.05025,0.36516,0.1,1.0000,-22.0004,0.4741,-6.8797,147.239,ppo_car_spread_a_deterministic
49.2809,-0.19388,0.0000,0.0033,0.05212,0.05217,0.12194,0.1,1.0000,-21.9998,0.4741,-6.8806,147.236,ppo_car_spread_a_deterministic
49.3009,-0.19388,0.0000,0.0033,0.05640,0.05646,0.25157,-0.7,1.0000,-21.9992,0.4741,-6.8815,147.233,ppo_car_spread_a_deterministic
49.3209,-0.19388,0.0000,0.0033,0.05320,0.05324,0.27594,-0.7,1.0000,-21.9985,0.4741,-6.8824,147.228,ppo_car_spread_a_deterministic
49.3409,-0.19388,0.0000,0.0033,0.05170,0.05174,0.14114,-0.7,1.0000,-21.9979,0.4741,-6.8832,147.226,ppo_car_spread_a_deterministic
49.3609,-0.19469,0.0000,0.0044,0.05801,0.05807,0.24452,-0.7,1.0000,-21.9973,0.4741,-6.8842,147.222,ppo_car_spread_a_deterministic
49.3809,-0.19469,0.0000,0.0044,0.04803,0.04806,0.40555,-0.9,1.0000,-21.9967,0.4741,-6.8850,147.221,ppo_car_spread_a_deterministic
49.4009,-0.19469,0.0000,0.0044,0.04779,0.04784,0.36171,-0.9,1.0000,-21.9962,0.4741,-6.8857,147.219,ppo_car_spread_a_deterministic
49.4209,-0.19469,0.0000,0.0044,0.05348,0.05353,0.10118,-0.9,1.0000,-21.9956,0.4741,-6.8866,147.218,ppo_car_spread_a_deterministic
49.4409,-0.19486,0.0007,0.0000,0.04673,0.04679,0.41090,-0.9,1.0000,-21.9950,0.4741,-6.8874,147.217,ppo_car_spread_a_deterministic
49.4609,-0.19486,0.0007,0.0000,0.05077,0.05081,0.24604,0.3,1.0000,-21.9944,0.4741,-6.8882,147.216,ppo_car_spread_a_deterministic
49.4809,-0.19486,0.0007,0.0000,0.05167,0.05172,0.19670,0.3,1.0000,-21.9938,0.4741,-6.8890,147.214,ppo_car_spread_a_deterministic
49.5009,-0.19486,0.0007,0.0000,0.05166,0.05170,0.17050,0.3,1.0000,-21.9932,0.4741,-6.8899,147.211,ppo_car_spread_a_deterministic
49.5209,-0.19425,0.0000,0.0036,0.04779,0.04783,0.20938,0.3,1.0000,-21.9927,0.4741,-6.8907,147.207,ppo_car_spread_a_deterministic
49.5409,-0.19425,0.0000,0.0036,0.05208,0.05213,0.08338,-0.8,1.0000,-21.9921,0.4741,-6.8915,147.205,ppo_car_spread_a_deterministic
49.5609,-0.19425,0.0000,0.0036,0.04769,0.04774,0.16721,-0.8,1.0000,-21.9915,0.4741,-6.8923,147.205,ppo_car_spread_a_deterministic
49.5809,-0.19425,0.0000,0.0036,0.05013,0.05017,0.17458,-0.8,1.0000,-21.9910,0.4741,-6.8931,147.202,ppo_car_spread_a_deterministic
49.6009,-0.19424,0.0001,0.0000,0.04242,0.04246,0.40939,-0.8,1.0000,-21.9905,0.4741,-6.8938,147.199,ppo_car_spread_a_deterministic
49.6209,-0.19424,0.0001,0.0000,0.04773,0.04778,0.40057,0.1,1.0000,-21.9899,0.4741,-6.8946,147.194,ppo_car_spread_a_deterministic
49.6410,-0.19424,0.0001,0.0000,0.05035,0.05040,0.40934,0.1,1.0000,-21.9893,0.4741,-6.8954,147.187,ppo_car_spread_a_deterministic
49.6610,-0.19424,0.0001,0.0000,0.04791,0.04794,0.31184,0.1,1.0000,-21.9888,0.4741,-6.8962,147.184,ppo_car_spread_a_deterministic
49.6810,-0.19659,0.0000,0.0010,0.05263,0.05269,0.34165,0.1,1.0000,-21.9882,0.4741,-6.8971,147.183,ppo_car_spread_a_deterministic
49.7010,-0.19659,0.0000,0.0010,0.04947,0.04951,0.37580,-0.2,1.0000,-21.9876,0.4741,-6.8979,147.182,ppo_car_spread_a_deterministic
49.7210,-0.19659,0.0000,0.0010,0.05024,0.05029,0.26483,-0.2,1.0000,-21.9870,0.4741,-6.8987,147.178,ppo_car_spread_a_deterministic
49.7410,-0.19659,0.0000,0.0010,0.04919,0.04924,0.18335,-0.2,1.0000,-21.9865,0.4741,-6.8995,147.173,ppo_car_spread_a_deterministic
49.7610,-0.19615,0.0000,0.0012,0.05253,0.05258,0.26403,-0.2,1.0000,-21.9858,0.4741,-6.9004,147.166,ppo_car_spread_a_deterministic
49.7810,-0.19615,0.0000,0.0012,0.04867,0.04872,0.26919,-0.2,1.0000,-21.9853,0.4741,-6.9012,147.164,ppo_car_spread_a_deterministic
49.8010,-0.19615,0.0000,0.0012,0.04848,0.04852,0.35775,-0.2,1.0000,-21.9847,0.4741,-6.9019,147.158,ppo_car_spread_a_deterministic
49.8210,-0.19615,0.0000,0.0012,0.05447,0.05453,0.26829,-0.2,1.0000,-21.9841,0.4741,-6.9028,147.156,ppo_car_spread_a_deterministic
49.8410,-0.19682,0.0008,0.0000,0.05166,0.05172,0.23233,-0.2,1.0000,-21.9835,0.4741,-6.9037,147.154,ppo_car_spread_a_deterministic
49.8610,-0.19682,0.0008,0.0000,0.04914,0.04917,0.28837,0.4,1.0000,-21.9829,0.4741,-6.9045,147.153,ppo_car_spread_a_deterministic
49.8810,-0.19682,0.0008,0.0000,0.05313,0.05318,0.24840,0.4,1.0000,-21.9823,0.4741,-6.9054,147.153,ppo_car_spread_a_deterministic
49.9010,-0.19682,0.0008,0.0000,0.05520,0.05526,0.27508,0.4,1.0000,-21.9817,0.4741,-6.9063,147.150,ppo_car_spread_a_deterministic
49.9210,-0.19480,0.0000,0.0053,0.04590,0.04594,0.40980,0.4,1.0000,-21.9811,0.4741,-6.9070,147.147,ppo_car_spread_a_deterministic
49.9410,-0.19480,0.0000,0.0053,0.05192,0.05197,0.24459,-1.1,1.0000,-21.9805,0.4741,-6.9078,147.150,ppo_car_spread_a_deterministic
49.9610,-0.19480,0.0000,0.0053,0.04831,0.04836,0.40984,-1.1,1.0000,-21.9800,0.4741,-6.9086,147.150,ppo_car_spread_a_deterministic
49.9810,-0.19480,0.0000,0.0053,0.05022,0.05027,0.31442,-1.1,1.0000,-21.9794,0.4741,-6.9095,147.149,ppo_car_spread_a_deterministic
50.0010,-0.19462,0.0000,0.0010,0.04632,0.04636,0.40342,-1.1,1.0000,-21.9789,0.4741,-6.9102,147.145,ppo_car_spread_a_deterministic
50.0210,-0.19462,0.0000,0.0010,0.05127,0.05132,0.14809,-0.2,1.0000,-21.9783,0.4741,-6.9110,147.141,ppo_car_spread_a_deterministic
50.0410,-0.19462,0.0000,0.0010,0.04872,0.04876,0.24830,-0.2,1.0000,-21.9777,0.4741,-6.9118,147.139,ppo_car_spread_a_deterministic
50.0610,-0.19462,0.0000,0.0010,0.04795,0.04799,0.17385,-0.2,1.0000,-21.9772,0.4741,-6.9126,147.137,ppo_car_spread_a_deterministic
50.0810,-0.19537,0.0000,0.0007,0.05070,0.05074,0.27084,-0.2,1.0000,-21.9766,0.4741,-6.9135,147.135,ppo_car_spread_a_deterministic
50.1010,-0.19537,0.0000,0.0007,0.05240,0.05244,0.27430,-0.2,1.0000,-21.9760,0.4741,-6.9143,147.137,ppo_car_spread_a_deterministic
50.1210,-0.19537,0.0000,0.0007,0.04664,0.04667,0.31334,-0.2,1.0000,-21.9754,0.4741,-6.9151,147.134,ppo_car_spread_a_deterministic
50.1410,-0.19537,0.0000,0.0007,0.05268,0.05272,0.22049,-0.2,1.0000,-21.9748,0.4741,-6.9159,147.131,ppo_car_spread_a_deterministic
50.1610,-0.19623,0.0019,0.0000,0.04517,0.04520,0.40800,-0.2,1.0000,-21.9743,0.4741,-6.9167,147.131,ppo_car_spread_a_deterministic
50.1810,-0.19623,0.0019,0.0000,0.04693,0.04698,0.41180,1.0,1.0000,-21.9738,0.4741,-6.9174,147.132,ppo_car_spread_a_deterministic
50.2010,-0.19623,0.0019,0.0000,0.04653,0.04657,0.23590,1.0,1.0000,-21.9732,0.4741,-6.9182,147.129,ppo_car_spread_a_deterministic
50.2210,-0.19623,0.0019,0.0000,0.04923,0.04928,0.18822,1.0,1.0000,-21.9726,0.4741,-6.9190,147.127,ppo_car_spread_a_deterministic
50.2410,-0.19674,0.0022,0.0000,0.04689,0.04694,0.35617,1.0,1.0000,-21.9721,0.4741,-6.9198,147.124,ppo_car_spread_a_deterministic
50.2610,-0.19674,0.0022,0.0000,0.05156,0.05161,0.30277,1.1,1.0000,-21.9715,0.4741,-6.9206,147.121,ppo_car_spread_a_deterministic
50.2810,-0.19674,0.0022,0.0000,0.04615,0.04618,0.40600,1.1,1.0000,-21.9710,0.4741,-6.9214,147.120,ppo_car_spread_a_deterministic
50.3010,-0.19674,0.0022,0.0000,0.05208,0.05212,0.20377,1.1,1.0000,-21.9704,0.4741,-6.9222,147.118,ppo_car_spread_a_deterministic
50.3210,-0.19621,0.0021,0.0000,0.05221,0.05226,0.20469,1.1,1.0000,-21.9698,0.4741,-6.9231,147.119,ppo_car_spread_a_deterministic
50.3410,-0.19621,0.0021,0.0000,0.04965,0.04970,0.15419,1.1,1.0000,-21.9692,0.4741,-6.9239,147.118,ppo_car_spread_a_deterministic
50.3610,-0.19621,0.0021,0.0000,0.05726,0.05732,0.28134,1.1,1.0000,-21.9685,0.4741,-6.9248,147.118,ppo_car_spread_a_deterministic
50.3810,-0.19621,0.0021,0.0000,0.05535,0.05540,0.25818,1.1,1.0000,-21.9679,0.4741,-6.9257,147.119,ppo_car_spread_a_deterministic
50.4010,-0.19482,0.0000,0.0100,0.05212,0.05217,0.33340,1.1,1.0000,-21.9673,0.4741,-6.9266,147.117,ppo_car_spread_a_deterministic
50.4210,-0.19482,0.0000,0.0100,0.04445,0.04448,0.39725,-2.1,1.0000,-21.9668,0.4741,-6.9273,147.114,ppo_car_spread_a_deterministic
50.4410,-0.19482,0.0000,0.0100,0.05761,0.05766,0.27754,-2.1,1.0000,-21.9661,0.4741,-6.9282,147.112,ppo_car_spread_a_deterministic
50.4610,-0.19482,0.0000,0.0100,0.05280,0.05285,0.21725,-2.1,1.0000,-21.9655,0.4741,-6.9291,147.110,ppo_car_spread_a_deterministic
50.4810,-0.19548,0.0000,0.0097,0.04800,0.04804,0.19986,-2.1,1.0000,-21.9649,0.4741,-6.9299,147.110,ppo_car_spread_a_deterministic
50.5010,-0.19548,0.0000,0.0097,0.05520,0.05525,0.27606,-2.0,1.0000,-21.9643,0.4741,-6.9308,147.108,ppo_car_spread_a_deterministic
50.5210,-0.19548,0.0000,0.0097,0.04646,0.04650,0.21749,-2.0,1.0000,-21.9637,0.4741,-6.9315,147.105,ppo_car_spread_a_deterministic
50.5410,-0.19548,0.0000,0.0097,0.04776,0.04780,0.33646,-2.0,1.0000,-21.9632,0.4741,-6.9323,147.105,ppo_car_spread_a_deterministic
50.5610,-0.19705,0.0020,0.0000,0.04934,0.04938,0.25030,-2.0,1.0000,-21.9626,0.4741,-6.9331,147.104,ppo_car_spread_a_deterministic
50.5810,-0.19705,0.0020,0.0000,0.04596,0.04601,0.40962,1.1,1.0000,-21.9621,0.4741,-6.9339,147.098,ppo_car_spread_a_deterministic
50.6010,-0.19705,0.0020,0.0000,0.05111,0.05115,0.25925,1.1,1.0000,-21.9615,0.4741,-6.9347,147.093,ppo_car_spread_a_deterministic
50.6210,-0.19705,0.0020,0.0000,0.04542,0.04547,0.40992,1.1,1.0000,-21.9610,0.4741,-6.9354,147.094,ppo_car_spread_a_deterministic
50.6410,-0.19753,0.0000,0.0022,0.05265,0.05271,0.27702,1.1,1.0000,-21.9604,0.4741,-6.9363,147.093,ppo_car_spread_a_deterministic
50.6610,-0.19753,0.0000,0.0022,0.04513,0.04518,0.40976,-0.5,1.0000,-21.9598,0.4741,-6.9370,147.093,ppo_car_spread_a_deterministic
50.6810,-0.19753,0.0000,0.0022,0.04712,0.04716,0.17784,-0.5,1.0000,-21.9593,0.4741,-6.9378,147.091,ppo_car_spread_a_deterministic
50.7010,-0.19753,0.0000,0.0022,0.05300,0.05305,0.25158,-0.5,1.0000,-21.9587,0.4741,-6.9387,147.086,ppo_car_spread_a_deterministic
50.7210,-0.19702,0.0013,0.0000,0.05272,0.05277,0.27404,-0.5,1.0000,-21.9581,0.4741,-6.9395,147.083,ppo_car_spread_a_deterministic
50.7410,-0.19702,0.0013,0.0000,0.05044,0.05048,0.31993,0.7,1.0000,-21.9575,0.4741,-6.9404,147.082,ppo_car_spread_a_deterministic
50.7610,-0.19702,0.0013,0.0000,0.05295,0.05299,0.26563,0.7,1.0000,-21.9569,0.4741,-6.9412,147.082,ppo_car_spread_a_deterministic
50.7810,-0.19702,0.0013,0.0000,0.04649,0.04653,0.30416,0.7,1.0000,-21.9563,0.4741,-6.9420,147.077,ppo_car_spread_a_deterministic
50.8010,-0.19608,0.0000,0.0051,0.05057,0.05062,0.23179,0.7,1.0000,-21.9557,0.4741,-6.9428,147.074,ppo_car_spread_a_deterministic
50.8210,-0.19608,0.0000,0.0051,0.04788,0.04792,0.37998,-1.1,1.0000,-21.9552,0.4741,-6.9436,147.070,ppo_car_spread_a_deterministic
50.8410,-0.19608,0.0000,0.0051,0.04846,0.04852,0.37229,-1.1,1.0000,-21.9546,0.4741,-6.9444,147.069,ppo_car_spread_a_deterministic
50.8610,-0.19608,0.0000,0.0051,0.04297,0.04301,0.38846,-1.1,1.0000,-21.9541,0.4741,-6.9451,147.064,ppo_car_spread_a_deterministic
50.8810,-0.19681,0.0000,0.0007,0.04920,0.04924,0.38225,-1.1,1.0000,-21.9536,0.4741,-6.9459,147.062,ppo_car_spread_a_deterministic
50.9010,-0.19681,0.0000,0.0007,0.04768,0.04773,0.40871,-0.1,1.0000,-21.9530,0.4741,-6.9467,147.063,ppo_car_spread_a_deterministic
50.9210,-0.19681,0.0000,0.0007,0.04765,0.04769,0.40592,-0.1,1.0000,-21.9525,0.4741,-6.9474,147.063,ppo_car_spread_a_deterministic
50.9410,-0.19681,0.0000,0.0007,0.05190,0.05194,0.38130,-0.1,1.0000,-21.9519,0.4741,-6.9483,147.063,ppo_car_spread_a_deterministic
50.9610,-0.19636,0.0000,0.0000,0.05077,0.05082,0.06590,-0.1,1.0000,-21.9513,0.4741,-6.9491,147.061,ppo_car_spread_a_deterministic
50.9810,-0.19636,0.0000,0.0000,0.04758,0.04762,0.17344,0.0,1.0000,-21.9507,0.4741,-6.9499,147.060,ppo_car_spread_a_deterministic
51.0010,-0.19636,0.0000,0.0000,0.05631,0.05636,0.28001,0.0,1.0000,-21.9501,0.4741,-6.9508,147.056,ppo_car_spread_a_deterministic
51.0210,-0.19636,0.0000,0.0000,0.05198,0.05202,0.27026,0.0,1.0000,-21.9495,0.4741,-6.9517,147.057,ppo_car_spread_a_deterministic
51.0410,-0.19712,0.0000,0.0081,0.04737,0.04741,0.20698,0.0,1.0000,-21.9489,0.4741,-6.9525,147.056,ppo_car_spread_a_deterministic
51.0610,-0.19712,0.0000,0.0081,0.04777,0.04781,0.19642,-1.7,1.0000,-21.9484,0.4741,-6.9532,147.057,ppo_car_spread_a_deterministic
51.0810,-0.19712,0.0000,0.0081,0.04960,0.04964,0.30759,-1.7,1.0000,-21.9478,0.4741,-6.9540,147.057,ppo_car_spread_a_deterministic
51.1010,-0.19712,0.0000,0.0081,0.04880,0.04884,0.14701,-1.7,1.0000,-21.9472,0.4741,-6.9548,147.057,ppo_car_spread_a_deterministic
51.1210,-0.19659,0.0000,0.0019,0.04533,0.04539,0.33016,-1.7,1.0000,-21.9467,0.4741,-6.9556,147.052,ppo_car_spread_a_deterministic
51.1410,-0.19659,0.0000,0.0019,0.04362,0.04366,0.39269,-0.4,1.0000,-21.9462,0.4741,-6.9563,147.053,ppo_car_spread_a_deterministic
51.1610,-0.19659,0.0000,0.0019,0.05056,0.05060,0.23771,-0.4,1.0000,-21.9456,0.4741,-6.9571,147.049,ppo_car_spread_a_deterministic
51.1810,-0.19659,0.0000,0.0019,0.04671,0.04677,0.19568,-0.4,1.0000,-21.9451,0.4741,-6.9579,147.047,ppo_car_spread_a_deterministic
51.2010,-0.19815,0.0000,0.0020,0.05122,0.05127,0.27340,-0.4,1.0000,-21.9445,0.4741,-6.9587,147.046,ppo_car_spread_a_deterministic
51.2210,-0.19815,0.0000,0.0020,0.04165,0.04169,0.38899,-0.4,1.0000,-21.9440,0.4741,-6.9594,147.045,ppo_car_spread_a_deterministic
51.2410,-0.19815,0.0000,0.0020,0.04746,0.04752,0.40519,-0.4,1.0000,-21.9434,0.4741,-6.9601,147.041,ppo_car_spread_a_deterministic
51.2610,-0.19815,0.0000,0.0020,0.04792,0.04796,0.25843,-0.4,1.0000,-21.9429,0.4741,-6.9609,147.036,ppo_car_spread_a_deterministic
51.2810,-0.19899,0.0013,0.0000,0.04935,0.04940,0.24275,-0.4,1.0000,-21.9423,0.4741,-6.9617,147.032,ppo_car_spread_a_deterministic
51.3010,-0.19899,0.0013,0.0000,0.04951,0.04956,0.20445,0.7,1.0000,-21.9417,0.4741,-6.9625,147.029,ppo_car_spread_a_deterministic
51.3210,-0.19899,0.0013,0.0000,0.05572,0.05577,0.27034,0.7,1.0000,-21.9411,0.4741,-6.9635,147.026,ppo_car_spread_a_deterministic
51.3410,-0.19899,0.0013,0.0000,0.05324,0.05329,0.23841,0.7,1.0000,-21.9404,0.4741,-6.9643,147.023,ppo_car_spread_a_deterministic
51.3610,-0.19814,0.0000,0.0071,0.05021,0.05025,0.28935,0.7,1.0000,-21.9399,0.4741,-6.9652,147.024,ppo_car_spread_a_deterministic
51.3810,-0.19814,0.0000,0.0071,0.05178,0.05182,0.27631,-1.5,1.0000,-21.9393,0.4741,-6.9660,147.021,ppo_car_spread_a_deterministic
51.4010,-0.19814,0.0000,0.0071,0.04352,0.04356,0.33455,-1.5,1.0000,-21.9388,0.4741,-6.9667,147.020,ppo_car_spread_a_deterministic
51.4210,-0.19814,0.0000,0.0071,0.04673,0.04678,0.39935,-1.5,1.0000,-21.9382,0.4741,-6.9675,147.016,ppo_car_spread_a_deterministic
51.4410,-0.19806,0.0045,0.0000,0.04667,0.04670,0.34105,-1.5,1.0000,-21.9377,0.4741,-6.9682,147.014,ppo_car_spread_a_deterministic
51.4610,-0.19806,0.0045,0.0000,0.04197,0.04200,0.40816,2.4,1.0000,-21.9372,0.4741,-6.9689,147.008,ppo_car_spread_a_deterministic
51.4810,-0.19806,0.0045,0.0000,0.04580,0.04583,0.35766,2.4,1.0000,-21.9367,0.4741,-6.9697,147.006,ppo_car_spread_a_deterministic
51.5010,-0.19806,0.0045,0.0000,0.05195,0.05199,0.26320,2.4,1.0000,-21.9361,0.4741,-6.9705,147.005,ppo_car_spread_a_deterministic
51.5210,-0.19840,0.0025,0.0000,0.04821,0.04826,0.14439,2.4,1.0000,-21.9355,0.4741,-6.9713,147.001,ppo_car_spread_a_deterministic
51.5410,-0.19840,0.0025,0.0000,0.04846,0.04852,0.35500,1.3,1.0000,-21.9349,0.4741,-6.9721,147.003,ppo_car_spread_a_deterministic
51.5610,-0.19840,0.0025,0.0000,0.04206,0.04210,0.39780,1.3,1.0000,-21.9345,0.4741,-6.9728,147.003,ppo_car_spread_a_deterministic
51.5810,-0.19840,0.0025,0.0000,0.04375,0.04380,0.35091,1.3,1.0000,-21.9340,0.4741,-6.9735,147.002,ppo_car_spread_a_deterministic
51.6010,-0.19822,0.0057,0.0000,0.04211,0.04214,0.40994,1.3,1.0000,-21.9335,0.4741,-6.9742,147.002,ppo_car_spread_a_deterministic
51.6210,-0.19822,0.0057,0.0000,0.04631,0.04636,0.41095,3.0,1.0000,-21.9329,0.4741,-6.9749,147.001,ppo_car_spread_a_deterministic
51.6410,-0.19822,0.0057,0.0000,0.04658,0.04662,0.40489,3.0,1.0000,-21.9324,0.4741,-6.9757,146.997,ppo_car_spread_a_deterministic
51.6610,-0.19822,0.0057,0.0000,0.05533,0.05538,0.23581,3.0,1.0000,-21.9317,0.4741,-6.9766,146.992,ppo_car_spread_a_deterministic
51.6810,-0.19981,0.0025,0.0000,0.04247,0.04252,0.41122,3.0,1.0000,-21.9312,0.4741,-6.9773,146.988,ppo_car_spread_a_deterministic
51.7010,-0.19981,0.0025,0.0000,0.05570,0.05576,0.25512,1.3,1.0000,-21.9306,0.4741,-6.9782,146.985,ppo_car_spread_a_deterministic
51.7210,-0.19981,0.0025,0.0000,0.04962,0.04967,0.16002,1.3,1.0000,-21.9300,0.4741,-6.9790,146.983,ppo_car_spread_a_deterministic
51.7410,-0.19981,0.0025,0.0000,0.04742,0.04747,0.37704,1.3,1.0000,-21.9295,0.4741,-6.9798,146.978,ppo_car_spread_a_deterministic
51.7610,-0.19929,0.0000,0.0011,0.04923,0.04927,0.35519,1.3,1.0000,-21.9289,0.4741,-6.9806,146.974,ppo_car_spread_a_deterministic
51.7810,-0.19929,0.0000,0.0011,0.05126,0.05132,0.17824,-0.2,1.0000,-21.9283,0.4741,-6.9814,146.971,ppo_car_spread_a_deterministic
51.8010,-0.19929,0.0000,0.0011,0.05143,0.05148,0.17283,-0.2,1.0000,-21.9277,0.4741,-6.9822,146.967,ppo_car_spread_a_deterministic
51.8210,-0.19929,0.0000,0.0011,0.04864,0.04868,0.41487,-0.2,1.0000,-21.9271,0.4741,-6.9830,146.966,ppo_car_spread_a_deterministic
51.8410,-0.19982,0.0000,0.0026,0.05418,0.05423,0.18698,-0.2,1.0000,-21.9265,0.4741,-6.9839,146.966,ppo_car_spread_a_deterministic
51.8610,-0.19982,0.0000,0.0026,0.05120,0.05127,0.24125,-0.5,1.0000,-21.9259,0.4741,-6.9847,146.963,ppo_car_spread_a_deterministic
51.8810,-0.19982,0.0000,0.0026,0.05095,0.05099,0.40162,-0.5,1.0000,-21.9253,0.4741,-6.9856,146.960,ppo_car_spread_a_deterministic
51.9010,-0.19982,0.0000,0.0026,0.05552,0.05557,0.26193,-0.5,1.0000,-21.9246,0.4741,-6.9865,146.956,ppo_car_spread_a_deterministic
51.9210,-0.19944,0.0000,0.0024,0.05566,0.05572,0.27505,-0.5,1.0000,-21.9240,0.4741,-6.9874,146.954,ppo_car_spread_a_deterministic
51.9410,-0.19944,0.0000,0.0024,0.05409,0.05415,0.20232,-0.5,1.0000,-21.9234,0.4741,-6.9883,146.952,ppo_car_spread_a_deterministic
51.9610,-0.19944,0.0000,0.0024,0.04946,0.04951,0.34944,-0.5,1.0000,-21.9228,0.4741,-6.9891,146.948,ppo_car_spread_a_deterministic
51.9810,-0.19944,0.0000,0.0024,0.05112,0.05117,0.26882,-0.5,1.0000,-21.9222,0.4741,-6.9899,146.948,ppo_car_spread_a_deterministic
52.0010,-0.20021,0.0000,0.0007,0.04602,0.04606,0.35013,-0.5,1.0000,-21.9217,0.4741,-6.9906,146.949,ppo_car_spread_a_deterministic
52.0210,-0.20021,0.0000,0.0007,0.04966,0.04971,0.39244,-0.1,1.0000,-21.9211,0.4741,-6.9915,146.946,ppo_car_spread_a_deterministic
52.0410,-0.20021,0.0000,0.0007,0.05217,0.05223,0.27974,-0.1,1.0000,-21.9205,0.4741,-6.9923,146.946,ppo_car_spread_a_deterministic
52.0610,-0.20021,0.0000,0.0007,0.05239,0.05244,0.16411,-0.1,1.0000,-21.9199,0.4741,-6.9932,146.948,ppo_car_spread_a_deterministic
52.0810,-0.19869,0.0000,0.0045,0.04844,0.04849,0.31872,-0.1,1.0000,-21.9193,0.4741,-6.9939,146.946,ppo_car_spread_a_deterministic
52.1010,-0.19869,0.0000,0.0045,0.05565,0.05569,0.25162,-0.9,1.0000,-21.9187,0.4741,-6.9949,146.945,ppo_car_spread_a_deterministic
52.1210,-0.19869,0.0000,0.0045,0.04662,0.04667,0.19884,-0.9,1.0000,-21.9181,0.4741,-6.9956,146.944,ppo_car_spread_a_deterministic
52.1410,-0.19869,0.0000,0.0045,0.04965,0.04969,0.28529,-0.9,1.0000,-21.9175,0.4741,-6.9964,146.945,ppo_car_spread_a_deterministic
52.1610,-0.19938,0.0013,0.0000,0.05564,0.05569,0.25537,-0.9,1.0000,-21.9169,0.4741,-6.9973,146.946,ppo_car_spread_a_deterministic
52.1810,-0.19938,0.0013,0.0000,0.05128,0.05134,0.27159,0.7,1.0000,-21.9163,0.4741,-6.9982,146.943,ppo_car_spread_a_deterministic
52.2010,-0.19938,0.0013,0.0000,0.04445,0.04451,0.38917,0.7,1.0000,-21.9158,0.4741,-6.9989,146.942,ppo_car_spread_a_deterministic
52.2210,-0.19938,0.0013,0.0000,0.05567,0.05573,0.23768,0.7,1.0000,-21.9151,0.4741,-6.9998,146.940,ppo_car_spread_a_deterministic
52.2410,-0.20015,0.0037,0.0000,0.05577,0.05582,0.27564,0.7,1.0000,-21.9145,0.4741,-7.0007,146.936,ppo_car_spread_a_deterministic
52.2610,-0.20015,0.0037,0.0000,0.05098,0.05103,0.22435,2.0,1.0000,-21.9139,0.4741,-7.0015,146.932,ppo_car_spread_a_deterministic
52.2810,-0.20015,0.0037,0.0000,0.05183,0.05188,0.28896,2.0,1.0000,-21.9133,0.4741,-7.0024,146.930,ppo_car_spread_a_deterministic
52.3010,-0.20015,0.0037,0.0000,0.05180,0.05185,0.35772,2.0,1.0000,-21.9127,0.4741,-7.0032,146.926,ppo_car_spread_a_deterministic
52.3210,-0.19975,0.0000,0.0036,0.04497,0.04501,0.41031,2.0,1.0000,-21.9122,0.4741,-7.0039,146.926,ppo_car_spread_a_deterministic
52.3410,-0.19975,0.0000,0.0036,0.05727,0.05733,0.26317,-0.8,1.0000,-21.9115,0.4741,-7.0049,146.923,ppo_car_spread_a_deterministic
52.3610,-0.19975,0.0000,0.0036,0.05235,0.05241,0.23729,-0.8,1.0000,-21.9109,0.4741,-7.0057,146.920,ppo_car_spread_a_deterministic
52.3810,-0.19975,0.0000,0.0036,0.05542,0.05548,0.24849,-0.8,1.0000,-21.9102,0.4741,-7.0066,146.915,ppo_car_spread_a_deterministic
52.4010,-0.20054,0.0000,0.0039,0.04535,0.04539,0.30618,-0.8,1.0000,-21.9097,0.4741,-7.0074,146.915,ppo_car_spread_a_deterministic
52.4210,-0.20054,0.0000,0.0039,0.05147,0.05152,0.40964,-0.8,1.0000,-21.9091,0.4741,-7.0082,146.909,ppo_car_spread_a_deterministic
52.4410,-0.20054,0.0000,0.0039,0.05049,0.05054,0.36129,-0.8,1.0000,-21.9085,0.4741,-7.0090,146.905,ppo_car_spread_a_deterministic
52.4610,-0.20054,0.0000,0.0039,0.04488,0.04491,0.35649,-0.8,1.0000,-21.9080,0.4741,-7.0098,146.904,ppo_car_spread_a_deterministic
52.4810,-0.20099,0.0000,0.0017,0.05309,0.05314,0.27023,-0.8,1.0000,-21.9074,0.4741,-7.0106,146.899,ppo_car_spread_a_deterministic
52.5010,-0.20099,0.0000,0.0017,0.05011,0.05016,0.20256,-0.4,1.0000,-21.9068,0.4741,-7.0114,146.899,ppo_car_spread_a_deterministic
52.5210,-0.20099,0.0000,0.0017,0.05313,0.05318,0.25802,-0.4,1.0000,-21.9062,0.4741,-7.0123,146.895,ppo_car_spread_a_deterministic
52.5410,-0.20099,0.0000,0.0017,0.05442,0.05447,0.26991,-0.4,1.0000,-21.9055,0.4741,-7.0132,146.894,ppo_car_spread_a_deterministic
52.5610,-0.20101,0.0000,0.0044,0.04749,0.04753,0.40650,-0.4,1.0000,-21.9050,0.4741,-7.0140,146.889,ppo_car_spread_a_deterministic
52.5810,-0.20101,0.0000,0.0044,0.04754,0.04759,0.25943,-0.9,1.0000,-21.9044,0.4741,-7.0147,146.888,ppo_car_spread_a_deterministic
52.6010,-0.20101,0.0000,0.0044,0.04949,0.04953,0.16617,-0.9,1.0000,-21.9038,0.4741,-7.0155,146.885,ppo_car_spread_a_deterministic
52.6210,-0.20101,0.0000,0.0044,0.05200,0.05206,0.28017,-0.9,1.0000,-21.9032,0.4741,-7.0164,146.883,ppo_car_spread_a_deterministic
52.6410,-0.20071,0.0000,0.0012,0.05194,0.05200,0.27619,-0.9,1.0000,-21.9026,0.4741,-7.0172,146.881,ppo_car_spread_a_deterministic
52.6610,-0.20071,0.0000,0.0012,0.04549,0.04554,0.40263,-0.2,1.0000,-21.9021,0.4741,-7.0180,146.878,ppo_car_spread_a_deterministic
52.6810,-0.20071,0.0000,0.0012,0.05189,0.05194,0.25146,-0.2,1.0000,-21.9015,0.4741,-7.0188,146.875,ppo_car_spread_a_deterministic
52.7010,-0.20071,0.0000,0.0012,0.04507,0.04512,0.24496,-0.2,1.0000,-21.9010,0.4741,-7.0195,146.873,ppo_car_spread_a_deterministic
52.7210,-0.20065,0.0000,0.0036,0.04999,0.05004,0.17829,-0.2,1.0000,-21.9004,0.4741,-7.0204,146.874,ppo_car_spread_a_deterministic
52.7410,-0.20065,0.0000,0.0036,0.05229,0.05234,0.06135,-0.8,1.0000,-21.8998,0.4741,-7.0212,146.872,ppo_car_spread_a_deterministic
52.7610,-0.20065,0.0000,0.0036,0.04873,0.04878,0.17508,-0.8,1.0000,-21.8992,0.4741,-7.0220,146.872,ppo_car_spread_a_deterministic
52.7810,-0.20065,0.0000,0.0036,0.04964,0.04969,0.40407,-0.8,1.0000,-21.8986,0.4741,-7.0228,146.869,ppo_car_spread_a_deterministic
52.8010,-0.20026,0.0000,0.0011,0.04278,0.04283,0.40738,-0.8,1.0000,-21.8981,0.4741,-7.0235,146.868,ppo_car_spread_a_deterministic
52.8210,-0.20026,0.0000,0.0011,0.04745,0.04749,0.33882,-0.2,1.0000,-21.8976,0.4741,-7.0243,146.868,ppo_car_spread_a_deterministic
52.8410,-0.20026,0.0000,0.0011,0.04754,0.04758,0.33796,-0.2,1.0000,-21.8970,0.4741,-7.0250,146.869,ppo_car_spread_a_deterministic
52.8610,-0.20026,0.0000,0.0011,0.04603,0.04608,0.26389,-0.2,1.0000,-21.8965,0.4741,-7.0258,146.866,ppo_car_spread_a_deterministic
52.8810,-0.19987,0.0000,0.0004,0.04534,0.04539,0.39904,-0.2,1.0000,-21.8960,0.4741,-7.0265,146.859,ppo_car_spread_a_deterministic
52.9010,-0.19987,0.0000,0.0004,0.04489,0.04494,0.36907,-0.1,1.0000,-21.8954,0.4741,-7.0273,146.858,ppo_car_spread_a_deterministic
52.9210,-0.19987,0.0000,0.0004,0.05332,0.05337,0.26891,-0.1,1.0000,-21.8948,0.4741,-7.0281,146.853,ppo_car_spread_a_deterministic
52.9410,-0.19987,0.0000,0.0004,0.04781,0.04787,0.18298,-0.1,1.0000,-21.8942,0.4741,-7.0289,146.850,ppo_car_spread_a_deterministic
52.9610,-0.20188,0.0000,0.0046,0.04969,0.04974,0.37759,-0.1,1.0000,-21.8937,0.4741,-7.0297,146.846,ppo_car_spread_a_deterministic
52.9810,-0.20188,0.0000,0.0046,0.04413,0.04418,0.30215,-1.0,1.0000,-21.8931,0.4741,-7.0304,146.845,ppo_car_spread_a_deterministic
53.0010,-0.20188,0.0000,0.0046,0.05111,0.05116,0.15041,-1.0,1.0000,-21.8925,0.4741,-7.0313,146.844,ppo_car_spread_a_deterministic
53.0210,-0.20188,0.0000,0.0046,0.05020,0.05026,0.20022,-1.0,1.0000,-21.8920,0.4741,-7.0321,146.844,ppo_car_spread_a_deterministic
53.0410,-0.20108,0.0000,0.0031,0.04746,0.04751,0.21014,-1.0,1.0000,-21.8914,0.4741,-7.0329,146.840,ppo_car_spread_a_deterministic
53.0610,-0.20108,0.0000,0.0031,0.04585,0.04590,0.34402,-0.7,1.0000,-21.8909,0.4741,-7.0336,146.838,ppo_car_spread_a_deterministic
53.0810,-0.20108,0.0000,0.0031,0.05372,0.05378,0.28689,-0.7,1.0000,-21.8902,0.4741,-7.0345,146.834,ppo_car_spread_a_deterministic
53.1010,-0.20108,0.0000,0.0031,0.04294,0.04298,0.33398,-0.7,1.0000,-21.8897,0.4741,-7.0352,146.831,ppo_car_spread_a_deterministic
53.1210,-0.20206,0.0000,0.0052,0.04785,0.04789,0.31230,-0.7,1.0000,-21.8892,0.4741,-7.0359,146.830,ppo_car_spread_a_deterministic
53.1410,-0.20206,0.0000,0.0052,0.05029,0.05035,0.28279,-1.1,1.0000,-21.8886,0.4741,-7.0368,146.828,ppo_car_spread_a_deterministic
53.1610,-0.20206,0.0000,0.0052,0.03930,0.03933,0.34657,-1.1,1.0000,-21.8881,0.4741,-7.0374,146.827,ppo_car_spread_a_deterministic
53.1810,-0.20206,0.0000,0.0052,0.04512,0.04515,0.40941,-1.1,1.0000,-21.8876,0.4741,-7.0381,146.827,ppo_car_spread_a_deterministic
53.2010,-0.20239,0.0090,0.0000,0.04634,0.04638,0.37464,-1.1,1.0000,-21.8871,0.4741,-7.0389,146.822,ppo_car_spread_a_deterministic
53.2210,-0.20239,0.0090,0.0000,0.04823,0.04828,0.40417,4.7,1.0000,-21.8865,0.4741,-7.0397,146.820,ppo_car_spread_a_deterministic
53.2410,-0.20239,0.0090,0.0000,0.05230,0.05235,0.27690,4.7,1.0000,-21.8859,0.4741,-7.0405,146.821,ppo_car_spread_a_deterministic
53.2610,-0.20239,0.0090,0.0000,0.04936,0.04942,0.31691,4.7,1.0000,-21.8853,0.4741,-7.0413,146.818,ppo_car_spread_a_deterministic
53.2810,-0.20078,0.0000,0.0048,0.05369,0.05375,0.15261,4.7,1.0000,-21.8847,0.4741,-7.0422,146.815,ppo_car_spread_a_deterministic
53.3010,-0.20078,0.0000,0.0048,0.05202,0.05209,0.37443,-1.0,1.0000,-21.8840,0.4741,-7.0430,146.814,ppo_car_spread_a_deterministic
53.3210,-0.20078,0.0000,0.0048,0.05305,0.05310,0.27579,-1.0,1.0000,-21.8834,0.4741,-7.0439,146.810,ppo_car_spread_a_deterministic
53.3410,-0.20078,0.0000,0.0048,0.04339,0.04343,0.40795,-1.0,1.0000,-21.8829,0.4741,-7.0446,146.805,ppo_car_spread_a_deterministic
53.3610,-0.20221,0.0000,0.0047,0.04472,0.04477,0.38316,-1.0,1.0000,-21.8824,0.4741,-7.0453,146.802,ppo_car_spread_a_deterministic
53.3810,-0.20221,0.0000,0.0047,0.05135,0.05138,0.30177,-1.0,1.0000,-21.8818,0.4741,-7.0462,146.799,ppo_car_spread_a_deterministic
53.4010,-0.20221,0.0000,0.0047,0.05185,0.05189,0.25293,-1.0,1.0000,-21.8812,0.4741,-7.0470,146.798,ppo_car_spread_a_deterministic
53.4210,-0.20221,0.0000,0.0047,0.04610,0.04615,0.40780,-1.0,1.0000,-21.8807,0.4741,-7.0478,146.797,ppo_car_spread_a_deterministic
53.4410,-0.20152,0.0000,0.0041,0.04879,0.04885,0.23748,-1.0,1.0000,-21.8801,0.4741,-7.0486,146.795,ppo_car_spread_a_deterministic
53.4610,-0.20152,0.0000,0.0041,0.04884,0.04889,0.15766,-0.9,1.0000,-21.8795,0.4741,-7.0494,146.794,ppo_car_spread_a_deterministic
53.4810,-0.20152,0.0000,0.0041,0.04396,0.04400,0.40379,-0.9,1.0000,-21.8790,0.4741,-7.0501,146.790,ppo_car_spread_a_deterministic
53.5010,-0.20152,0.0000,0.0041,0.04577,0.04583,0.39777,-0.9,1.0000,-21.8785,0.4741,-7.0508,146.789,ppo_car_spread_a_deterministic
53.5210,-0.20339,0.0046,0.0000,0.04473,0.04477,0.34076,-0.9,1.0000,-21.8779,0.4741,-7.0515,146.788,ppo_car_spread_a_deterministic
53.5410,-0.20339,0.0046,0.0000,0.05487,0.05493,0.26798,2.4,1.0000,-21.8773,0.4741,-7.0524,146.784,ppo_car_spread_a_deterministic
53.5610,-0.20339,0.0046,0.0000,0.04901,0.04906,0.40683,2.4,1.0000,-21.8767,0.4741,-7.0532,146.788,ppo_car_spread_a_deterministic
53.5810,-0.20339,0.0046,0.0000,0.04503,0.04508,0.36740,2.4,1.0000,-21.8762,0.4741,-7.0539,146.786,ppo_car_spread_a_deterministic
53.6010,-0.20038,0.0000,0.0026,0.05527,0.05533,0.25134,2.4,1.0000,-21.8756,0.4741,-7.0548,146.781,ppo_car_spread_a_deterministic
53.6210,-0.20038,0.0000,0.0026,0.05202,0.05207,0.23706,-0.5,1.0000,-21.8749,0.4741,-7.0557,146.776,ppo_car_spread_a_deterministic
53.6410,-0.20038,0.0000,0.0026,0.04839,0.04843,0.41368,-0.5,1.0000,-21.8744,0.4741,-7.0565,146.771,ppo_car_spread_a_deterministic
53.6610,-0.20038,0.0000,0.0026,0.05283,0.05289,0.26202,-0.5,1.0000,-21.8738,0.4741,-7.0573,146.770,ppo_car_spread_a_deterministic
53.6810,-0.20348,0.0002,0.0000,0.05034,0.05040,0.41068,-0.5,1.0000,-21.8732,0.4741,-7.0582,146.769,ppo_car_spread_a_deterministic
53.7010,-0.20348,0.0002,0.0000,0.05225,0.05230,0.27251,0.1,1.0000,-21.8726,0.4741,-7.0590,146.770,ppo_car_spread_a_deterministic
53.7210,-0.20348,0.0002,0.0000,0.04842,0.04848,0.26614,0.1,1.0000,-21.8720,0.4741,-7.0598,146.767,ppo_car_spread_a_deterministic
53.7410,-0.20348,0.0002,0.0000,0.05515,0.05522,0.28113,0.1,1.0000,-21.8713,0.4741,-7.0607,146.765,ppo_car_spread_a_deterministic
53.7610,-0.20346,0.0000,0.0001,0.04848,0.04854,0.41219,0.1,1.0000,-21.8708,0.4741,-7.0615,146.766,ppo_car_spread_a_deterministic
53.7810,-0.20346,0.0000,0.0001,0.05321,0.05328,0.29410,0.0,1.0000,-21.8701,0.4741,-7.0623,146.766,ppo_car_spread_a_deterministic
53.8010,-0.20346,0.0000,0.0001,0.04957,0.04963,0.24788,0.0,1.0000,-21.8695,0.4741,-7.0631,146.764,ppo_car_spread_a_deterministic
53.8210,-0.20346,0.0000,0.0001,0.04977,0.04983,0.20685,0.0,1.0000,-21.8690,0.4741,-7.0639,146.761,ppo_car_spread_a_deterministic
53.8410,-0.20308,0.0000,0.0015,0.04457,0.04461,0.40844,0.0,1.0000,-21.8684,0.4741,-7.0646,146.762,ppo_car_spread_a_deterministic
53.8610,-0.20308,0.0000,0.0015,0.05106,0.05110,0.14431,-0.3,1.0000,-21.8679,0.4741,-7.0655,146.760,ppo_car_spread_a_deterministic
53.8810,-0.20308,0.0000,0.0015,0.05083,0.05088,0.21630,-0.3,1.0000,-21.8673,0.4741,-7.0663,146.755,ppo_car_spread_a_deterministic
53.9010,-0.20308,0.0000,0.0015,0.05074,0.05079,0.24277,-0.3,1.0000,-21.8667,0.4741,-7.0671,146.754,ppo_car_spread_a_deterministic
53.9210,-0.20411,0.0000,0.0021,0.04776,0.04781,0.34326,-0.3,1.0000,-21.8661,0.4741,-7.0679,146.747,ppo_car_spread_a_deterministic
53.9410,-0.20411,0.0000,0.0021,0.05048,0.05052,0.38668,-0.4,1.0000,-21.8655,0.4741,-7.0687,146.743,ppo_car_spread_a_deterministic
53.9610,-0.20411,0.0000,0.0021,0.04457,0.04461,0.31872,-0.4,1.0000,-21.8650,0.4741,-7.0694,146.740,ppo_car_spread_a_deterministic
53.9810,-0.20411,0.0000,0.0021,0.04661,0.04666,0.30700,-0.4,1.0000,-21.8644,0.4741,-7.0702,146.736,ppo_car_spread_a_deterministic
54.0011,-0.20443,0.0041,0.0000,0.04864,0.04869,0.16889,-0.4,1.0000,-21.8639,0.4741,-7.0710,146.733,ppo_car_spread_a_deterministic
54.0211,-0.20443,0.0041,0.0000,0.05061,0.05066,0.08615,2.2,1.0000,-21.8633,0.4741,-7.0718,146.731,ppo_car_spread_a_deterministic
54.0411,-0.20443,0.0041,0.0000,0.05107,0.05111,0.35756,2.2,1.0000,-21.8627,0.4741,-7.0726,146.730,ppo_car_spread_a_deterministic
54.0611,-0.20443,0.0041,0.0000,0.05021,0.05026,0.18971,2.2,1.0000,-21.8621,0.4741,-7.0735,146.727,ppo_car_spread_a_deterministic
54.0811,-0.20294,0.0000,0.0031,0.05127,0.05131,0.17938,2.2,1.0000,-21.8615,0.4741,-7.0743,146.726,ppo_car_spread_a_deterministic
54.1011,-0.20294,0.0000,0.0031,0.05491,0.05497,0.27132,-0.7,1.0000,-21.8609,0.4741,-7.0752,146.727,ppo_car_spread_a_deterministic
54.1211,-0.20294,0.0000,0.0031,0.05654,0.05660,0.20877,-0.7,1.0000,-21.8602,0.4741,-7.0761,146.723,ppo_car_spread_a_deterministic
54.1411,-0.20294,0.0000,0.0031,0.04990,0.04995,0.25974,-0.7,1.0000,-21.8596,0.4741,-7.0769,146.724,ppo_car_spread_a_deterministic
54.1611,-0.20374,0.0000,0.0083,0.05298,0.05303,0.25426,-0.7,1.0000,-21.8590,0.4741,-7.0778,146.725,ppo_car_spread_a_deterministic
54.1811,-0.20374,0.0000,0.0083,0.05335,0.05340,0.08838,-1.7,1.0000,-21.8584,0.4741,-7.0787,146.724,ppo_car_spread_a_deterministic
54.2011,-0.20374,0.0000,0.0083,0.04994,0.05000,0.19357,-1.7,1.0000,-21.8578,0.4741,-7.0795,146.724,ppo_car_spread_a_deterministic
54.2211,-0.20374,0.0000,0.0083,0.05004,0.05010,0.26896,-1.7,1.0000,-21.8572,0.4741,-7.0803,146.723,ppo_car_spread_a_deterministic
54.2411,-0.20299,0.0000,0.0025,0.05037,0.05042,0.02233,-1.7,1.0000,-21.8566,0.4741,-7.0811,146.722,ppo_car_spread_a_deterministic
54.2611,-0.20299,0.0000,0.0025,0.05200,0.05205,0.23603,-0.5,1.0000,-21.8560,0.4741,-7.0819,146.718,ppo_car_spread_a_deterministic
54.2811,-0.20299,0.0000,0.0025,0.05406,0.05411,0.22911,-0.5,1.0000,-21.8553,0.4741,-7.0828,146.716,ppo_car_spread_a_deterministic
54.3011,-0.20299,0.0000,0.0025,0.05159,0.05163,0.30342,-0.5,1.0000,-21.8547,0.4741,-7.0837,146.715,ppo_car_spread_a_deterministic
54.3211,-0.20338,0.0000,0.0062,0.04667,0.04672,0.18490,-0.5,1.0000,-21.8542,0.4741,-7.0844,146.713,ppo_car_spread_a_deterministic
54.3411,-0.20338,0.0000,0.0062,0.05564,0.05570,0.26442,-1.3,1.0000,-21.8535,0.4741,-7.0853,146.711,ppo_car_spread_a_deterministic
54.3611,-0.20338,0.0000,0.0062,0.04768,0.04773,0.36564,-1.3,1.0000,-21.8530,0.4741,-7.0861,146.708,ppo_car_spread_a_deterministic
54.3811,-0.20338,0.0000,0.0062,0.04993,0.04997,0.31913,-1.3,1.0000,-21.8524,0.4741,-7.0869,146.706,ppo_car_spread_a_deterministic
54.4011,-0.20493,0.0007,0.0000,0.04762,0.04767,0.18260,-1.3,1.0000,-21.8518,0.4741,-7.0877,146.703,ppo_car_spread_a_deterministic
54.4211,-0.20493,0.0007,0.0000,0.04656,0.04661,0.33526,0.4,1.0000,-21.8513,0.4741,-7.0884,146.699,ppo_car_spread_a_deterministic
54.4411,-0.20493,0.0007,0.0000,0.04832,0.04837,0.09453,0.4,1.0000,-21.8507,0.4741,-7.0892,146.697,ppo_car_spread_a_deterministic
54.4611,-0.20493,0.0007,0.0000,0.04965,0.04970,0.27851,0.4,1.0000,-21.8502,0.4741,-7.0900,146.693,ppo_car_spread_a_deterministic
54.4811,-0.20453,0.0000,0.0002,0.05237,0.05241,0.24938,0.4,1.0000,-21.8495,0.4741,-7.0909,146.691,ppo_car_spread_a_deterministic
54.5011,-0.20453,0.0000,0.0002,0.04265,0.04269,0.23122,0.0,1.0000,-21.8490,0.4741,-7.0915,146.689,ppo_car_spread_a_deterministic
54.5211,-0.20453,0.0000,0.0002,0.04920,0.04925,0.07616,0.0,1.0000,-21.8485,0.4741,-7.0923,146.687,ppo_car_spread_a_deterministic
54.5411,-0.20453,0.0000,0.0002,0.04386,0.04390,0.39394,0.0,1.0000,-21.8480,0.4741,-7.0930,146.681,ppo_car_spread_a_deterministic
54.5611,-0.20483,0.0000,0.0009,0.05043,0.05048,0.28286,0.0,1.0000,-21.8474,0.4741,-7.0939,146.679,ppo_car_spread_a_deterministic
54.5811,-0.20483,0.0000,0.0009,0.04898,0.04903,0.08778,-0.2,1.0000,-21.8468,0.4741,-7.0947,146.676,ppo_car_spread_a_deterministic
54.6011,-0.20483,0.0000,0.0009,0.04794,0.04800,0.25240,-0.2,1.0000,-21.8462,0.4741,-7.0954,146.672,ppo_car_spread_a_deterministic
54.6211,-0.20483,0.0000,0.0009,0.05298,0.05304,0.25558,-0.2,1.0000,-21.8456,0.4741,-7.0963,146.670,ppo_car_spread_a_deterministic
54.6411,-0.20591,0.0007,0.0000,0.05223,0.05228,0.24102,-0.2,1.0000,-21.8450,0.4741,-7.0972,146.668,ppo_car_spread_a_deterministic
54.6611,-0.20591,0.0007,0.0000,0.04770,0.04776,0.40852,0.4,1.0000,-21.8444,0.4741,-7.0979,146.665,ppo_car_spread_a_deterministic
54.6811,-0.20591,0.0007,0.0000,0.04348,0.04353,0.35641,0.4,1.0000,-21.8439,0.4741,-7.0986,146.662,ppo_car_spread_a_deterministic
54.7011,-0.20591,0.0007,0.0000,0.04786,0.04791,0.19625,0.4,1.0000,-21.8433,0.4741,-7.0994,146.660,ppo_car_spread_a_deterministic
54.7211,-0.20652,0.0054,0.0000,0.04713,0.04718,0.19040,0.4,1.0000,-21.8428,0.4741,-7.1002,146.657,ppo_car_spread_a_deterministic
54.7411,-0.20652,0.0054,0.0000,0.04689,0.04696,0.39929,2.8,1.0000,-21.8422,0.4741,-7.1009,146.656,ppo_car_spread_a_deterministic
54.7611,-0.20652,0.0054,0.0000,0.05143,0.05149,0.17464,2.8,1.0000,-21.8416,0.4741,-7.1018,146.654,ppo_car_spread_a_deterministic
54.7811,-0.20652,0.0054,0.0000,0.04154,0.04159,0.41183,2.8,1.0000,-21.8411,0.4741,-7.1024,146.655,ppo_car_spread_a_deterministic
54.8011,-0.20524,0.0000,0.0033,0.05023,0.05030,0.32712,2.8,1.0000,-21.8405,0.4741,-7.1032,146.654,ppo_car_spread_a_deterministic
54.8211,-0.20524,0.0000,0.0033,0.04904,0.04909,0.18213,-0.7,1.0000,-21.8400,0.4741,-7.1040,146.651,ppo_car_spread_a_deterministic
54.8411,-0.20524,0.0000,0.0033,0.04769,0.04775,0.36928,-0.7,1.0000,-21.8394,0.4741,-7.1048,146.648,ppo_car_spread_a_deterministic
54.8611,-0.20524,0.0000,0.0033,0.05574,0.05579,0.25343,-0.7,1.0000,-21.8387,0.4741,-7.1057,146.645,ppo_car_spread_a_deterministic
54.8811,-0.20624,0.0008,0.0000,0.04828,0.04832,0.31882,-0.7,1.0000,-21.8382,0.4741,-7.1065,146.643,ppo_car_spread_a_deterministic
54.9011,-0.20624,0.0008,0.0000,0.04797,0.04801,0.38106,0.4,1.0000,-21.8376,0.4741,-7.1073,146.645,ppo_car_spread_a_deterministic
54.9211,-0.20624,0.0008,0.0000,0.04500,0.04505,0.38973,0.4,1.0000,-21.8371,0.4741,-7.1080,146.643,ppo_car_spread_a_deterministic
54.9411,-0.20624,0.0008,0.0000,0.04520,0.04526,0.41369,0.4,1.0000,-21.8366,0.4741,-7.1087,146.642,ppo_car_spread_a_deterministic
54.9611,-0.20609,0.0033,0.0000,0.04926,0.04930,0.32158,0.4,1.0000,-21.8360,0.4741,-7.1095,146.641,ppo_car_spread_a_deterministic
54.9811,-0.20609,0.0033,0.0000,0.04766,0.04773,0.39379,1.8,1.0000,-21.8354,0.4741,-7.1103,146.636,ppo_car_spread_a_deterministic
55.0011,-0.20609,0.0033,0.0000,0.04984,0.04989,0.21152,1.8,1.0000,-21.8348,0.4741,-7.1111,146.634,ppo_car_spread_a_deterministic
55.0211,-0.20609,0.0033,0.0000,0.05537,0.05543,0.27813,1.8,1.0000,-21.8342,0.4741,-7.1120,146.636,ppo_car_spread_a_deterministic
55.0411,-0.20563,0.0000,0.0017,0.05078,0.05081,0.39863,1.8,1.0000,-21.8336,0.4741,-7.1128,146.633,ppo_car_spread_a_deterministic
55.0611,-0.20563,0.0000,0.0017,0.05219,0.05224,0.18207,-0.4,1.0000,-21.8330,0.4741,-7.1137,146.633,ppo_car_spread_a_deterministic
55.0811,-0.20563,0.0000,0.0017,0.05082,0.05087,0.30995,-0.4,1.0000,-21.8324,0.4741,-7.1145,146.627,ppo_car_spread_a_deterministic
55.1011,-0.20563,0.0000,0.0017,0.05347,0.05352,0.22705,-0.4,1.0000,-21.8317,0.4741,-7.1154,146.627,ppo_car_spread_a_deterministic
55.1211,-0.20724,0.0000,0.0017,0.05673,0.05678,0.28132,-0.4,1.0000,-21.8311,0.4741,-7.1163,146.628,ppo_car_spread_a_deterministic
55.1411,-0.20724,0.0000,0.0017,0.04872,0.04877,0.18806,-0.4,1.0000,-21.8305,0.4741,-7.1171,146.624,ppo_car_spread_a_deterministic
55.1611,-0.20724,0.0000,0.0017,0.04510,0.04515,0.27782,-0.4,1.0000,-21.8300,0.4741,-7.1178,146.621,ppo_car_spread_a_deterministic
55.1811,-0.20724,0.0000,0.0017,0.05129,0.05134,0.16447,-0.4,1.0000,-21.8294,0.4741,-7.1186,146.619,ppo_car_spread_a_deterministic
55.2011,-0.20693,0.0036,0.0000,0.05297,0.05301,0.33174,-0.4,1.0000,-21.8288,0.4741,-7.1195,146.618,ppo_car_spread_a_deterministic
55.2211,-0.20693,0.0036,0.0000,0.04917,0.04923,0.24847,1.9,1.0000,-21.8282,0.4741,-7.1203,146.613,ppo_car_spread_a_deterministic
55.2411,-0.20693,0.0036,0.0000,0.05338,0.05345,0.22368,1.9,1.0000,-21.8275,0.4741,-7.1212,146.609,ppo_car_spread_a_deterministic
55.2611,-0.20693,0.0036,0.0000,0.05523,0.05528,0.36788,1.9,1.0000,-21.8269,0.4741,-7.1221,146.603,ppo_car_spread_a_deterministic
55.2811,-0.20702,0.0000,0.0047,0.05131,0.05136,0.32188,1.9,1.0000,-21.8263,0.4741,-7.1229,146.604,ppo_car_spread_a_deterministic
55.3011,-0.20702,0.0000,0.0047,0.06125,0.06131,0.27535,-1.0,1.0000,-21.8256,0.4741,-7.1239,146.602,ppo_car_spread_a_deterministic
55.3211,-0.20702,0.0000,0.0047,0.04627,0.04631,0.39989,-1.0,1.0000,-21.8250,0.4741,-7.1246,146.597,ppo_car_spread_a_deterministic
55.3411,-0.20702,0.0000,0.0047,0.04980,0.04985,0.21201,-1.0,1.0000,-21.8244,0.4741,-7.1254,146.592,ppo_car_spread_a_deterministic
55.3611,-0.20827,0.0030,0.0000,0.04887,0.04892,0.19852,-1.0,1.0000,-21.8239,0.4741,-7.1262,146.590,ppo_car_spread_a_deterministic
55.3811,-0.20827,0.0030,0.0000,0.05407,0.05412,0.27748,1.6,1.0000,-21.8232,0.4741,-7.1271,146.588,ppo_car_spread_a_deterministic
55.4011,-0.20827,0.0030,0.0000,0.05003,0.05008,0.37554,1.6,1.0000,-21.8227,0.4741,-7.1279,146.588,ppo_car_spread_a_deterministic
55.4211,-0.20827,0.0030,0.0000,0.04876,0.04879,0.37659,1.6,1.0000,-21.8221,0.4741,-7.1287,146.586,ppo_car_spread_a_deterministic
55.4411,-0.20614,0.0000,0.0021,0.05600,0.05606,0.27297,1.6,1.0000,-21.8214,0.4741,-7.1296,146.581,ppo_car_spread_a_deterministic
55.4611,-0.20614,0.0000,0.0021,0.05716,0.05722,0.24358,-0.4,1.0000,-21.8207,0.4741,-7.1305,146.577,ppo_car_spread_a_deterministic
55.4811,-0.20614,0.0000,0.0021,0.05589,0.05594,0.27317,-0.4,1.0000,-21.8201,0.4741,-7.1315,146.575,ppo_car_spread_a_deterministic
55.5011,-0.20614,0.0000,0.0021,0.05464,0.05469,0.12068,-0.4,1.0000,-21.8194,0.4741,-7.1323,146.573,ppo_car_spread_a_deterministic
55.5211,-0.20588,0.0000,0.0082,0.05392,0.05396,0.22523,-0.4,1.0000,-21.8188,0.4741,-7.1332,146.569,ppo_car_spread_a_deterministic
55.5411,-0.20588,0.0000,0.0082,0.05455,0.05461,0.24188,-1.7,1.0000,-21.8182,0.4741,-7.1341,146.568,ppo_car_spread_a_deterministic
55.5611,-0.20588,0.0000,0.0082,0.04791,0.04796,0.27149,-1.7,1.0000,-21.8176,0.4741,-7.1349,146.565,ppo_car_spread_a_deterministic
55.5811,-0.20588,0.0000,0.0082,0.05670,0.05677,0.25400,-1.7,1.0000,-21.8169,0.4741,-7.1358,146.560,ppo_car_spread_a_deterministic
55.6011,-0.20754,0.0004,0.0000,0.05269,0.05274,0.09334,-1.7,1.0000,-21.8163,0.4741,-7.1366,146.557,ppo_car_spread_a_deterministic
55.6211,-0.20754,0.0004,0.0000,0.04518,0.04522,0.41142,0.2,1.0000,-21.8158,0.4741,-7.1374,146.551,ppo_car_spread_a_deterministic
55.6411,-0.20754,0.0004,0.0000,0.04722,0.04727,0.29618,0.2,1.0000,-21.8152,0.4741,-7.1381,146.550,ppo_car_spread_a_deterministic
55.6611,-0.20754,0.0004,0.0000,0.05190,0.05195,0.12919,0.2,1.0000,-21.8146,0.4741,-7.1390,146.547,ppo_car_spread_a_deterministic
55.6811,-0.20719,0.0008,0.0000,0.04863,0.04867,0.40544,0.2,1.0000,-21.8141,0.4741,-7.1398,146.543,ppo_car_spread_a_deterministic
55.7011,-0.20719,0.0008,0.0000,0.05049,0.05053,0.38684,0.4,1.0000,-21.8135,0.4741,-7.1406,146.538,ppo_car_spread_a_deterministic
55.7211,-0.20719,0.0008,0.0000,0.04973,0.04978,0.41072,0.4,1.0000,-21.8129,0.4741,-7.1414,146.532,ppo_car_spread_a_deterministic
55.7411,-0.20719,0.0008,0.0000,0.05216,0.05222,0.24117,0.4,1.0000,-21.8123,0.4741,-7.1422,146.528,ppo_car_spread_a_deterministic
55.7611,-0.20905,0.0000,0.0007,0.05117,0.05122,0.33687,0.4,1.0000,-21.8117,0.4741,-7.1430,146.528,ppo_car_spread_a_deterministic
55.7811,-0.20905,0.0000,0.0007,0.05547,0.05554,0.25368,-0.1,1.0000,-21.8110,0.4741,-7.1439,146.526,ppo_car_spread_a_deterministic
55.8011,-0.20905,0.0000,0.0007,0.05555,0.05560,0.28330,-0.1,1.0000,-21.8103,0.4741,-7.1449,146.528,ppo_car_spread_a_deterministic
55.8211,-0.20905,0.0000,0.0007,0.05329,0.05334,0.25449,-0.1,1.0000,-21.8097,0.4741,-7.1457,146.525,ppo_car_spread_a_deterministic
55.8411,-0.20567,0.0000,0.0086,0.04965,0.04968,0.33384,-0.1,1.0000,-21.8091,0.4741,-7.1465,146.524,ppo_car_spread_a_deterministic
55.8611,-0.20567,0.0000,0.0086,0.05193,0.05198,0.38264,-1.8,1.0000,-21.8085,0.4741,-7.1474,146.517,ppo_car_spread_a_deterministic
55.8811,-0.20567,0.0000,0.0086,0.05480,0.05487,0.27263,-1.8,1.0000,-21.8079,0.4741,-7.1483,146.511,ppo_car_spread_a_deterministic
55.9011,-0.20567,0.0000,0.0086,0.05261,0.05267,0.27408,-1.8,1.0000,-21.8073,0.4741,-7.1491,146.511,ppo_car_spread_a_deterministic
55.9211,-0.20874,0.0000,0.0062,0.05562,0.05567,0.23287,-1.8,1.0000,-21.8066,0.4741,-7.1500,146.509,ppo_car_spread_a_deterministic
55.9411,-0.20874,0.0000,0.0062,0.05229,0.05235,0.06110,-1.3,1.0000,-21.8060,0.4741,-7.1509,146.507,ppo_car_spread_a_deterministic
55.9611,-0.20874,0.0000,0.0062,0.04342,0.04346,0.37216,-1.3,1.0000,-21.8055,0.4741,-7.1515,146.507,ppo_car_spread_a_deterministic
55.9811,-0.20874,0.0000,0.0062,0.05264,0.05270,0.20275,-1.3,1.0000,-21.8049,0.4741,-7.1524,146.507,ppo_car_spread_a_deterministic
56.0011,-0.20796,0.0044,0.0000,0.05257,0.05262,0.23759,-1.3,1.0000,-21.8042,0.4741,-7.1533,146.506,ppo_car_spread_a_deterministic
56.0211,-0.20796,0.0044,0.0000,0.04582,0.04587,0.40509,2.3,1.0000,-21.8037,0.4741,-7.1540,146.506,ppo_car_spread_a_deterministic
56.0411,-0.20796,0.0044,0.0000,0.04816,0.04821,0.23128,2.3,1.0000,-21.8031,0.4741,-7.1548,146.503,ppo_car_spread_a_deterministic
56.0611,-0.20796,0.0044,0.0000,0.05139,0.05144,0.17610,2.3,1.0000,-21.8025,0.4741,-7.1556,146.499,ppo_car_spread_a_deterministic
56.0811,-0.20880,0.0003,0.0000,0.05698,0.05704,0.28224,2.3,1.0000,-21.8018,0.4741,-7.1565,146.498,ppo_car_spread_a_deterministic
56.1011,-0.20880,0.0003,0.0000,0.04713,0.04717,0.27863,0.2,1.0000,-21.8013,0.4741,-7.1573,146.496,ppo_car_spread_a_deterministic
56.1211,-0.20880,0.0003,0.0000,0.04990,0.04995,0.30088,0.2,1.0000,-21.8007,0.4741,-7.1581,146.498,ppo_car_spread_a_deterministic
56.1411,-0.20880,0.0003,0.0000,0.04726,0.04732,0.41370,0.2,1.0000,-21.8001,0.4741,-7.1588,146.496,ppo_car_spread_a_deterministic
56.1611,-0.20669,0.0000,0.0030,0.05247,0.05253,0.05802,0.2,1.0000,-21.7995,0.4741,-7.1597,146.494,ppo_car_spread_a_deterministic
56.1811,-0.20669,0.0000,0.0030,0.05253,0.05259,0.25642,-0.6,1.0000,-21.7989,0.4741,-7.1605,146.492,ppo_car_spread_a_deterministic
56.2011,-0.20669,0.0000,0.0030,0.05323,0.05329,0.26422,-0.6,1.0000,-21.7983,0.4741,-7.1614,146.494,ppo_car_spread_a_deterministic
56.2211,-0.20669,0.0000,0.0030,0.05449,0.05455,0.24983,-0.6,1.0000,-21.7976,0.4741,-7.1623,146.494,ppo_car_spread_a_deterministic
56.2411,-0.20610,0.0000,0.0069,0.04645,0.04651,0.37085,-0.6,1.0000,-21.7971,0.4741,-7.1630,146.494,ppo_car_spread_a_deterministic
56.2611,-0.20610,0.0000,0.0069,0.05049,0.05054,0.35404,-1.5,1.0000,-21.7965,0.4741,-7.1639,146.494,ppo_car_spread_a_deterministic
56.2811,-0.20610,0.0000,0.0069,0.05231,0.05236,0.25335,-1.5,1.0000,-21.7959,0.4741,-7.1647,146.490,ppo_car_spread_a_deterministic
56.3011,-0.20610,0.0000,0.0069,0.04720,0.04725,0.17106,-1.5,1.0000,-21.7953,0.4741,-7.1655,146.490,ppo_car_spread_a_deterministic
56.3211,-0.20846,0.0000,0.0043,0.05231,0.05235,0.26690,-1.5,1.0000,-21.7947,0.4741,-7.1663,146.488,ppo_car_spread_a_deterministic
56.3411,-0.20846,0.0000,0.0043,0.04820,0.04825,0.27431,-0.9,1.0000,-21.7941,0.4741,-7.1671,146.485,ppo_car_spread_a_deterministic
56.3611,-0.20846,0.0000,0.0043,0.05175,0.05179,0.22962,-0.9,1.0000,-21.7935,0.4741,-7.1679,146.484,ppo_car_spread_a_deterministic
56.3811,-0.20846,0.0000,0.0043,0.04897,0.04902,0.14624,-0.9,1.0000,-21.7929,0.4741,-7.1687,146.482,ppo_car_spread_a_deterministic
56.4011,-0.20783,0.0000,0.0042,0.05152,0.05158,0.25074,-0.9,1.0000,-21.7923,0.4741,-7.1696,146.477,ppo_car_spread_a_deterministic
56.4211,-0.20783,0.0000,0.0042,0.04614,0.04620,0.36410,-0.9,1.0000,-21.7918,0.4741,-7.1703,146.474,ppo_car_spread_a_deterministic
56.4411,-0.20783,0.0000,0.0042,0.05327,0.05332,0.26103,-0.9,1.0000,-21.7912,0.4741,-7.1712,146.471,ppo_car_spread_a_deterministic
56.4611,-0.20783,0.0000,0.0042,0.05373,0.05379,0.23283,-0.9,1.0000,-21.7905,0.4741,-7.1720,146.469,ppo_car_spread_a_deterministic
56.4811,-0.20876,0.0000,0.0053,0.04723,0.04728,0.39521,-0.9,1.0000,-21.7900,0.4741,-7.1728,146.464,ppo_car_spread_a_deterministic
56.5011,-0.20876,0.0000,0.0053,0.04920,0.04926,0.31162,-1.1,1.0000,-21.7894,0.4741,-7.1736,146.462,ppo_car_spread_a_deterministic
56.5211,-0.20876,0.0000,0.0053,0.04810,0.04816,0.32822,-1.1,1.0000,-21.7888,0.4741,-7.1744,146.457,ppo_car_spread_a_deterministic
56.5411,-0.20876,0.0000,0.0053,0.04260,0.04264,0.40514,-1.1,1.0000,-21.7883,0.4741,-7.1751,146.456,ppo_car_spread_a_deterministic
56.5611,-0.21034,0.0005,0.0000,0.04114,0.04117,0.39501,-1.1,1.0000,-21.7878,0.4741,-7.1757,146.455,ppo_car_spread_a_deterministic
56.5811,-0.21034,0.0005,0.0000,0.04690,0.04696,0.31760,0.2,1.0000,-21.7873,0.4741,-7.1765,146.450,ppo_car_spread_a_deterministic
56.6011,-0.21034,0.0005,0.0000,0.04390,0.04394,0.40042,0.2,1.0000,-21.7868,0.4741,-7.1772,146.453,ppo_car_spread_a_deterministic
56.6211,-0.21034,0.0005,0.0000,0.04157,0.04161,0.40317,0.2,1.0000,-21.7863,0.4741,-7.1778,146.450,ppo_car_spread_a_deterministic
56.6411,-0.20798,0.0031,0.0000,0.04620,0.04624,0.28751,0.2,1.0000,-21.7857,0.4741,-7.1786,146.451,ppo_car_spread_a_deterministic
56.6611,-0.20798,0.0031,0.0000,0.04904,0.04909,0.40311,1.6,1.0000,-21.7851,0.4741,-7.1794,146.453,ppo_car_spread_a_deterministic
56.6811,-0.20798,0.0031,0.0000,0.04976,0.04981,0.30563,1.6,1.0000,-21.7846,0.4741,-7.1802,146.455,ppo_car_spread_a_deterministic
56.7011,-0.20798,0.0031,0.0000,0.04654,0.04658,0.36388,1.6,1.0000,-21.7840,0.4741,-7.1810,146.456,ppo_car_spread_a_deterministic
56.7211,-0.20744,0.0000,0.0033,0.04092,0.04095,0.40002,1.6,1.0000,-21.7835,0.4741,-7.1816,146.456,ppo_car_spread_a_deterministic
56.7411,-0.20744,0.0000,0.0033,0.04888,0.04895,0.26261,-0.7,1.0000,-21.7829,0.4741,-7.1824,146.454,ppo_car_spread_a_deterministic
56.7611,-0.20744,0.0000,0.0033,0.05132,0.05138,0.22013,-0.7,1.0000,-21.7823,0.4741,-7.1832,146.451,ppo_car_spread_a_deterministic
56.7811,-0.20744,0.0000,0.0033,0.04713,0.04719,0.36150,-0.7,1.0000,-21.7818,0.4741,-7.1840,146.449,ppo_car_spread_a_deterministic
56.8011,-0.20946,0.0000,0.0035,0.04379,0.04384,0.34813,-0.7,1.0000,-21.7812,0.4741,-7.1847,146.450,ppo_car_spread_a_deterministic
56.8211,-0.20946,0.0000,0.0035,0.04565,0.04571,0.40827,-0.7,1.0000,-21.7807,0.4741,-7.1854,146.447,ppo_car_spread_a_deterministic
56.8411,-0.20946,0.0000,0.0035,0.04324,0.04330,0.38936,-0.7,1.0000,-21.7802,0.4741,-7.1861,146.444,ppo_car_spread_a_deterministic
56.8611,-0.20946,0.0000,0.0035,0.05298,0.05304,0.28551,-0.7,1.0000,-21.7796,0.4741,-7.1870,146.441,ppo_car_spread_a_deterministic
56.8811,-0.21058,0.0050,0.0000,0.05351,0.05356,0.28063,-0.7,1.0000,-21.7789,0.4741,-7.1879,146.439,ppo_car_spread_a_deterministic
56.9011,-0.21058,0.0050,0.0000,0.05195,0.05199,0.28089,2.6,1.0000,-21.7783,0.4741,-7.1887,146.438,ppo_car_spread_a_deterministic
56.9211,-0.21058,0.0050,0.0000,0.05003,0.05007,0.39048,2.6,1.0000,-21.7777,0.4741,-7.1895,146.440,ppo_car_spread_a_deterministic
56.9411,-0.21058,0.0050,0.0000,0.05027,0.05033,0.32929,2.6,1.0000,-21.7771,0.4741,-7.1903,146.439,ppo_car_spread_a_deterministic
56.9611,-0.20812,0.0000,0.0031,0.04652,0.04657,0.40258,2.6,1.0000,-21.7766,0.4741,-7.1911,146.441,ppo_car_spread_a_deterministic
56.9811,-0.20812,0.0000,0.0031,0.04876,0.04882,0.37710,-0.7,1.0000,-21.7760,0.4741,-7.1919,146.438,ppo_car_spread_a_deterministic
57.0011,-0.20812,0.0000,0.0031,0.05124,0.05129,0.31547,-0.7,1.0000,-21.7754,0.4741,-7.1927,146.438,ppo_car_spread_a_deterministic
57.0211,-0.20812,0.0000,0.0031,0.05164,0.05170,0.23248,-0.7,1.0000,-21.7748,0.4741,-7.1935,146.438,ppo_car_spread_a_deterministic
57.0411,-0.20879,0.0000,0.0039,0.04767,0.04770,0.40905,-0.7,1.0000,-21.7742,0.4741,-7.1943,146.437,ppo_car_spread_a_deterministic
57.0611,-0.20879,0.0000,0.0039,0.04737,0.04742,0.15642,-0.8,1.0000,-21.7737,0.4741,-7.1951,146.435,ppo_car_spread_a_deterministic
57.0811,-0.20879,0.0000,0.0039,0.04862,0.04867,0.16599,-0.8,1.0000,-21.7731,0.4741,-7.1959,146.432,ppo_car_spread_a_deterministic
57.1011,-0.20879,0.0000,0.0039,0.04996,0.05002,0.21793,-0.8,1.0000,-21.7725,0.4741,-7.1967,146.429,ppo_car_spread_a_deterministic
57.1211,-0.21027,0.0000,0.0007,0.04561,0.04568,0.38765,-0.8,1.0000,-21.7720,0.4741,-7.1974,146.430,ppo_car_spread_a_deterministic
57.1411,-0.21027,0.0000,0.0007,0.05130,0.05135,0.22738,-0.1,1.0000,-21.7713,0.4741,-7.1982,146.430,ppo_car_spread_a_deterministic
57.1611,-0.21027,0.0000,0.0007,0.05071,0.05077,0.26444,-0.1,1.0000,-21.7707,0.4741,-7.1990,146.424,ppo_car_spread_a_deterministic
57.1811,-0.21027,0.0000,0.0007,0.04497,0.04502,0.24111,-0.1,1.0000,-21.7702,0.4741,-7.1998,146.424,ppo_car_spread_a_deterministic
57.2011,-0.21164,0.0000,0.0019,0.04370,0.04375,0.40589,-0.1,1.0000,-21.7697,0.4741,-7.2005,146.422,ppo_car_spread_a_deterministic
57.2211,-0.21164,0.0000,0.0019,0.04564,0.04569,0.19236,-0.4,1.0000,-21.7692,0.4741,-7.2012,146.419,ppo_car_spread_a_deterministic
57.2411,-0.21164,0.0000,0.0019,0.05129,0.05134,0.22874,-0.4,1.0000,-21.7686,0.4741,-7.2020,146.412,ppo_car_spread_a_deterministic
57.2611,-0.21164,0.0000,0.0019,0.04965,0.04970,0.25543,-0.4,1.0000,-21.7680,0.4741,-7.2028,146.407,ppo_car_spread_a_deterministic
57.2811,-0.21248,0.0000,0.0020,0.04696,0.04701,0.40241,-0.4,1.0000,-21.7674,0.4741,-7.2036,146.405,ppo_car_spread_a_deterministic
57.3011,-0.21248,0.0000,0.0020,0.04278,0.04283,0.39278,-0.4,1.0000,-21.7669,0.4741,-7.2043,146.401,ppo_car_spread_a_deterministic
57.3211,-0.21248,0.0000,0.0020,0.05137,0.05142,0.20801,-0.4,1.0000,-21.7663,0.4741,-7.2051,146.398,ppo_car_spread_a_deterministic
57.3411,-0.21248,0.0000,0.0020,0.05320,0.05326,0.22879,-0.4,1.0000,-21.7657,0.4741,-7.2060,146.394,ppo_car_spread_a_deterministic
57.3611,-0.21129,0.0000,0.0028,0.04901,0.04906,0.16052,-0.4,1.0000,-21.7651,0.4741,-7.2068,146.392,ppo_car_spread_a_deterministic
57.3811,-0.21129,0.0000,0.0028,0.05062,0.05068,0.26633,-0.6,1.0000,-21.7645,0.4741,-7.2076,146.392,ppo_car_spread_a_deterministic
57.4011,-0.21129,0.0000,0.0028,0.04559,0.04564,0.37859,-0.6,1.0000,-21.7639,0.4741,-7.2083,146.391,ppo_car_spread_a_deterministic
57.4211,-0.21129,0.0000,0.0028,0.05086,0.05091,0.24676,-0.6,1.0000,-21.7633,0.4741,-7.2091,146.388,ppo_car_spread_a_deterministic
57.4411,-0.21073,0.0022,0.0000,0.04187,0.04193,0.39065,-0.6,1.0000,-21.7628,0.4741,-7.2098,146.388,ppo_car_spread_a_deterministic
57.4611,-0.21073,0.0022,0.0000,0.04621,0.04625,0.30961,1.1,1.0000,-21.7623,0.4741,-7.2106,146.383,ppo_car_spread_a_deterministic
57.4811,-0.21073,0.0022,0.0000,0.05185,0.05191,0.20199,1.1,1.0000,-21.7617,0.4741,-7.2114,146.382,ppo_car_spread_a_deterministic
57.5011,-0.21073,0.0022,0.0000,0.04395,0.04399,0.37683,1.1,1.0000,-21.7612,0.4741,-7.2121,146.378,ppo_car_spread_a_deterministic
57.5211,-0.21066,0.0000,0.0042,0.04866,0.04871,0.17924,1.1,1.0000,-21.7606,0.4741,-7.2129,146.377,ppo_car_spread_a_deterministic
57.5411,-0.21066,0.0000,0.0042,0.04754,0.04759,0.11590,-0.9,1.0000,-21.7600,0.4741,-7.2137,146.375,ppo_car_spread_a_deterministic
57.5611,-0.21066,0.0000,0.0042,0.05365,0.05370,0.24305,-0.9,1.0000,-21.7594,0.4741,-7.2145,146.373,ppo_car_spread_a_deterministic
57.5811,-0.21066,0.0000,0.0042,0.04914,0.04919,0.26966,-0.9,1.0000,-21.7588,0.4741,-7.2153,146.373,ppo_car_spread_a_deterministic
57.6011,-0.21055,0.0000,0.0060,0.03978,0.03983,0.41290,-0.9,1.0000,-21.7584,0.4741,-7.2160,146.372,ppo_car_spread_a_deterministic
57.6211,-0.21055,0.0000,0.0060,0.04543,0.04547,0.27137,-1.3,1.0000,-21.7578,0.4741,-7.2167,146.370,ppo_car_spread_a_deterministic
57.6411,-0.21055,0.0000,0.0060,0.05226,0.05231,0.25535,-1.3,1.0000,-21.7572,0.4741,-7.2175,146.368,ppo_car_spread_a_deterministic
57.6611,-0.21055,0.0000,0.0060,0.04598,0.04603,0.17279,-1.3,1.0000,-21.7567,0.4741,-7.2183,146.367,ppo_car_spread_a_deterministic
57.6811,-0.21052,0.0000,0.0047,0.04338,0.04343,0.27722,-1.3,1.0000,-21.7561,0.4741,-7.2190,146.364,ppo_car_spread_a_deterministic
57.7011,-0.21052,0.0000,0.0047,0.04151,0.04156,0.30656,-1.0,1.0000,-21.7557,0.4741,-7.2196,146.363,ppo_car_spread_a_deterministic
57.7211,-0.21052,0.0000,0.0047,0.04638,0.04643,0.38695,-1.0,1.0000,-21.7551,0.4741,-7.2204,146.361,ppo_car_spread_a_deterministic
57.7411,-0.21052,0.0000,0.0047,0.04622,0.04626,0.28891,-1.0,1.0000,-21.7546,0.4741,-7.2211,146.360,ppo_car_spread_a_deterministic
57.7611,-0.21137,0.0014,0.0000,0.04368,0.04371,0.33563,-1.0,1.0000,-21.7540,0.4741,-7.2219,146.360,ppo_car_spread_a_deterministic
57.7811,-0.21137,0.0014,0.0000,0.04285,0.04289,0.40010,0.7,1.0000,-21.7535,0.4741,-7.2225,146.355,ppo_car_spread_a_deterministic
57.8011,-0.21137,0.0014,0.0000,0.04633,0.04638,0.17124,0.7,1.0000,-21.7530,0.4741,-7.2233,146.353,ppo_car_spread_a_deterministic
57.8211,-0.21137,0.0014,0.0000,0.05068,0.05073,0.28153,0.7,1.0000,-21.7524,0.4741,-7.2241,146.351,ppo_car_spread_a_deterministic
57.8411,-0.21178,0.0016,0.0000,0.04675,0.04679,0.25547,0.7,1.0000,-21.7518,0.4741,-7.2249,146.348,ppo_car_spread_a_deterministic
57.8611,-0.21178,0.0016,0.0000,0.04305,0.04310,0.39620,0.9,1.0000,-21.7513,0.4741,-7.2256,146.344,ppo_car_spread_a_deterministic
57.8811,-0.21178,0.0016,0.0000,0.04458,0.04461,0.35968,0.9,1.0000,-21.7508,0.4741,-7.2263,146.342,ppo_car_spread_a_deterministic
57.9011,-0.21178,0.0016,0.0000,0.04726,0.04730,0.35618,0.9,1.0000,-21.7503,0.4741,-7.2271,146.337,ppo_car_spread_a_deterministic
57.9211,-0.21205,0.0035,0.0000,0.05147,0.05153,0.23426,0.9,1.0000,-21.7496,0.4741,-7.2279,146.332,ppo_car_spread_a_deterministic
57.9411,-0.21205,0.0035,0.0000,0.05085,0.05090,0.21756,1.9,1.0000,-21.7490,0.4741,-7.2287,146.331,ppo_car_spread_a_deterministic
57.9611,-0.21205,0.0035,0.0000,0.05544,0.05550,0.27788,1.9,1.0000,-21.7484,0.4741,-7.2296,146.329,ppo_car_spread_a_deterministic
57.9811,-0.21205,0.0035,0.0000,0.04584,0.04588,0.39424,1.9,1.0000,-21.7478,0.4741,-7.2304,146.327,ppo_car_spread_a_deterministic
58.0011,-0.21130,0.0000,0.0079,0.04321,0.04325,0.38871,1.9,1.0000,-21.7473,0.4741,-7.2311,146.328,ppo_car_spread_a_deterministic
58.0211,-0.21130,0.0000,0.0079,0.04856,0.04860,0.26274,-1.7,1.0000,-21.7468,0.4741,-7.2318,146.328,ppo_car_spread_a_deterministic
58.0411,-0.21130,0.0000,0.0079,0.04197,0.04202,0.39573,-1.7,1.0000,-21.7463,0.4741,-7.2325,146.325,ppo_car_spread_a_deterministic
58.0611,-0.21130,0.0000,0.0079,0.04935,0.04939,0.20504,-1.7,1.0000,-21.7457,0.4741,-7.2333,146.324,ppo_car_spread_a_deterministic
58.0811,-0.21326,0.0063,0.0000,0.04754,0.04759,0.24561,-1.7,1.0000,-21.7451,0.4741,-7.2341,146.320,ppo_car_spread_a_deterministic
58.1011,-0.21326,0.0063,0.0000,0.05064,0.05070,0.21845,3.3,1.0000,-21.7445,0.4741,-7.2349,146.317,ppo_car_spread_a_deterministic
58.1211,-0.21326,0.0063,0.0000,0.05177,0.05184,0.27920,3.3,1.0000,-21.7439,0.4741,-7.2357,146.311,ppo_car_spread_a_deterministic
58.1411,-0.21326,0.0063,0.0000,0.04609,0.04616,0.40967,3.3,1.0000,-21.7433,0.4741,-7.2365,146.307,ppo_car_spread_a_deterministic
58.1611,-0.21420,0.0000,0.0028,0.05192,0.05197,0.07027,3.3,1.0000,-21.7427,0.4741,-7.2373,146.305,ppo_car_spread_a_deterministic
58.1811,-0.21420,0.0000,0.0028,0.04423,0.04429,0.39180,-0.6,1.0000,-21.7422,0.4741,-7.2380,146.301,ppo_car_spread_a_deterministic
58.2011,-0.21420,0.0000,0.0028,0.05215,0.05221,0.24214,-0.6,1.0000,-21.7416,0.4741,-7.2389,146.297,ppo_car_spread_a_deterministic
58.2211,-0.21420,0.0000,0.0028,0.04741,0.04747,0.38368,-0.6,1.0000,-21.7410,0.4741,-7.2396,146.294,ppo_car_spread_a_deterministic
58.2411,-0.21357,0.0000,0.0036,0.05123,0.05128,0.28424,-0.6,1.0000,-21.7404,0.4741,-7.2404,146.296,ppo_car_spread_a_deterministic
58.2611,-0.21357,0.0000,0.0036,0.04403,0.04408,0.38577,-0.8,1.0000,-21.7399,0.4741,-7.2412,146.295,ppo_car_spread_a_deterministic
58.2811,-0.21357,0.0000,0.0036,0.05531,0.05537,0.27692,-0.8,1.0000,-21.7392,0.4741,-7.2420,146.292,ppo_car_spread_a_deterministic
58.3011,-0.21357,0.0000,0.0036,0.05422,0.05427,0.27445,-0.8,1.0000,-21.7386,0.4741,-7.2429,146.290,ppo_car_spread_a_deterministic
58.3211,-0.21287,0.0000,0.0073,0.05227,0.05233,0.16592,-0.8,1.0000,-21.7379,0.4741,-7.2438,146.289,ppo_car_spread_a_deterministic
58.3411,-0.21287,0.0000,0.0073,0.04252,0.04256,0.34275,-1.5,1.0000,-21.7375,0.4741,-7.2445,146.286,ppo_car_spread_a_deterministic
58.3612,-0.21287,0.0000,0.0073,0.04735,0.04740,0.39981,-1.5,1.0000,-21.7369,0.4741,-7.2452,146.284,ppo_car_spread_a_deterministic
58.3812,-0.21287,0.0000,0.0073,0.05211,0.05216,0.27237,-1.5,1.0000,-21.7363,0.4741,-7.2461,146.282,ppo_car_spread_a_deterministic
58.4012,-0.21321,0.0005,0.0000,0.05095,0.05101,0.27551,-1.5,1.0000,-21.7357,0.4741,-7.2469,146.280,ppo_car_spread_a_deterministic
58.4212,-0.21321,0.0005,0.0000,0.04865,0.04870,0.22350,0.3,1.0000,-21.7351,0.4741,-7.2477,146.278,ppo_car_spread_a_deterministic
58.4412,-0.21321,0.0005,0.0000,0.04888,0.04893,0.08679,0.3,1.0000,-21.7345,0.4741,-7.2484,146.277,ppo_car_spread_a_deterministic
58.4612,-0.21321,0.0005,0.0000,0.04721,0.04727,0.30444,0.3,1.0000,-21.7339,0.4741,-7.2492,146.277,ppo_car_spread_a_deterministic
58.4812,-0.21276,0.0000,0.0013,0.04127,0.04133,0.41071,0.3,1.0000,-21.7335,0.4741,-7.2499,146.274,ppo_car_spread_a_deterministic
58.5012,-0.21276,0.0000,0.0013,0.04850,0.04856,0.27976,-0.3,1.0000,-21.7329,0.4741,-7.2506,146.270,ppo_car_spread_a_deterministic
58.5212,-0.21276,0.0000,0.0013,0.04552,0.04559,0.40251,-0.3,1.0000,-21.7323,0.4741,-7.2514,146.270,ppo_car_spread_a_deterministic
58.5412,-0.21276,0.0000,0.0013,0.04574,0.04578,0.25420,-0.3,1.0000,-21.7318,0.4741,-7.2521,146.269,ppo_car_spread_a_deterministic
58.5612,-0.21323,0.0018,0.0000,0.04605,0.04610,0.17577,-0.3,1.0000,-21.7312,0.4741,-7.2528,146.267,ppo_car_spread_a_deterministic
58.5812,-0.21323,0.0018,0.0000,0.04707,0.04711,0.30982,0.9,1.0000,-21.7307,0.4741,-7.2536,146.263,ppo_car_spread_a_deterministic
58.6012,-0.21323,0.0018,0.0000,0.04868,0.04874,0.30648,0.9,1.0000,-21.7301,0.4741,-7.2544,146.263,ppo_car_spread_a_deterministic
58.6212,-0.21323,0.0018,0.0000,0.05314,0.05320,0.26669,0.9,1.0000,-21.7295,0.4741,-7.2553,146.263,ppo_car_spread_a_deterministic
58.6412,-0.21254,0.0000,0.0016,0.04782,0.04787,0.14286,0.9,1.0000,-21.7289,0.4741,-7.2560,146.259,ppo_car_spread_a_deterministic
58.6612,-0.21254,0.0000,0.0016,0.05046,0.05052,0.26347,-0.3,1.0000,-21.7283,0.4741,-7.2568,146.256,ppo_car_spread_a_deterministic
58.6812,-0.21254,0.0000,0.0016,0.05094,0.05099,0.27659,-0.3,1.0000,-21.7277,0.4741,-7.2577,146.256,ppo_car_spread_a_deterministic
58.7012,-0.21254,0.0000,0.0016,0.04227,0.04230,0.40526,-0.3,1.0000,-21.7272,0.4741,-7.2583,146.255,ppo_car_spread_a_deterministic
58.7212,-0.21249,0.0000,0.0039,0.05011,0.05018,0.36640,-0.3,1.0000,-21.7266,0.4741,-7.2592,146.251,ppo_car_spread_a_deterministic
58.7412,-0.21249,0.0000,0.0039,0.04959,0.04964,0.25950,-0.8,1.0000,-21.7260,0.4741,-7.2600,146.247,ppo_car_spread_a_deterministic
58.7612,-0.21249,0.0000,0.0039,0.04987,0.04992,0.23489,-0.8,1.0000,-21.7254,0.4741,-7.2608,146.244,ppo_car_spread_a_deterministic
58.7812,-0.21249,0.0000,0.0039,0.04854,0.04860,0.27511,-0.8,1.0000,-21.7248,0.4741,-7.2615,146.239,ppo_car_spread_a_deterministic
58.8012,-0.21429,0.0000,0.0018,0.04729,0.04733,0.38447,-0.8,1.0000,-21.7243,0.4741,-7.2623,146.237,ppo_car_spread_a_deterministic
58.8212,-0.21429,0.0000,0.0018,0.04285,0.04290,0.34869,-0.4,1.0000,-21.7238,0.4741,-7.2630,146.235,ppo_car_spread_a_deterministic
58.8412,-0.21429,0.0000,0.0018,0.04812,0.04817,0.12462,-0.4,1.0000,-21.7232,0.4741,-7.2638,146.232,ppo_car_spread_a_deterministic
58.8612,-0.21429,0.0000,0.0018,0.03896,0.03901,0.39148,-0.4,1.0000,-21.7227,0.4741,-7.2644,146.228,ppo_car_spread_a_deterministic
58.8812,-0.21463,0.0000,0.0000,0.04586,0.04590,0.26448,-0.4,1.0000,-21.7222,0.4741,-7.2651,146.228,ppo_car_spread_a_deterministic
58.9012,-0.21463,0.0000,0.0000,0.05093,0.05099,0.25619,0.0,1.0000,-21.7216,0.4741,-7.2659,146.228,ppo_car_spread_a_deterministic
58.9212,-0.21463,0.0000,0.0000,0.04913,0.04917,0.27518,0.0,1.0000,-21.7210,0.4741,-7.2667,146.226,ppo_car_spread_a_deterministic
58.9412,-0.21463,0.0000,0.0000,0.04943,0.04948,0.28057,0.0,1.0000,-21.7204,0.4741,-7.2675,146.219,ppo_car_spread_a_deterministic
58.9612,-0.21408,0.0000,0.0013,0.05256,0.05262,0.26984,0.0,1.0000,-21.7198,0.4741,-7.2684,146.213,ppo_car_spread_a_deterministic
58.9812,-0.21408,0.0000,0.0013,0.04836,0.04842,0.28560,-0.3,1.0000,-21.7192,0.4741,-7.2692,146.210,ppo_car_spread_a_deterministic
59.0012,-0.21408,0.0000,0.0013,0.04800,0.04805,0.26732,-0.3,1.0000,-21.7186,0.4741,-7.2699,146.205,ppo_car_spread_a_deterministic
59.0212,-0.21408,0.0000,0.0013,0.04630,0.04634,0.33963,-0.3,1.0000,-21.7181,0.4741,-7.2707,146.202,ppo_car_spread_a_deterministic
59.0412,-0.21583,0.0006,0.0000,0.04910,0.04916,0.40221,-0.3,1.0000,-21.7175,0.4741,-7.2715,146.202,ppo_car_spread_a_deterministic
59.0612,-0.21583,0.0006,0.0000,0.04377,0.04383,0.40287,0.3,1.0000,-21.7170,0.4741,-7.2722,146.196,ppo_car_spread_a_deterministic
59.0812,-0.21583,0.0006,0.0000,0.05071,0.05078,0.38760,0.3,1.0000,-21.7164,0.4741,-7.2730,146.197,ppo_car_spread_a_deterministic
59.1012,-0.21583,0.0006,0.0000,0.04485,0.04490,0.29854,0.3,1.0000,-21.7158,0.4741,-7.2737,146.192,ppo_car_spread_a_deterministic
59.1212,-0.21400,0.0000,0.0036,0.04856,0.04861,0.25837,0.3,1.0000,-21.7153,0.4741,-7.2745,146.190,ppo_car_spread_a_deterministic
59.1412,-0.21400,0.0000,0.0036,0.04479,0.04486,0.41281,-0.8,1.0000,-21.7147,0.4741,-7.2752,146.189,ppo_car_spread_a_deterministic
59.1612,-0.21400,0.0000,0.0036,0.04271,0.04276,0.33224,-0.8,1.0000,-21.7142,0.4741,-7.2759,146.185,ppo_car_spread_a_deterministic
59.1812,-0.21400,0.0000,0.0036,0.04304,0.04309,0.17445,-0.8,1.0000,-21.7137,0.4741,-7.2766,146.183,ppo_car_spread_a_deterministic
59.2012,-0.21646,0.0058,0.0000,0.04742,0.04747,0.25435,-0.8,1.0000,-21.7131,0.4741,-7.2773,146.182,ppo_car_spread_a_deterministic
59.2212,-0.21646,0.0058,0.0000,0.05052,0.05057,0.28838,3.0,1.0000,-21.7125,0.4741,-7.2782,146.183,ppo_car_spread_a_deterministic
59.2412,-0.21646,0.0058,0.0000,0.04319,0.04325,0.37727,3.0,1.0000,-21.7120,0.4741,-7.2789,146.178,ppo_car_spread_a_deterministic
59.2612,-0.21646,0.0058,0.0000,0.04825,0.04829,0.40825,3.0,1.0000,-21.7115,0.4741,-7.2796,146.178,ppo_car_spread_a_deterministic
59.2812,-0.21709,0.0056,0.0000,0.04786,0.04792,0.37293,3.0,1.0000,-21.7109,0.4741,-7.2804,146.175,ppo_car_spread_a_deterministic
59.3012,-0.21709,0.0056,0.0000,0.05180,0.05187,0.28274,2.9,1.0000,-21.7103,0.4741,-7.2812,146.172,ppo_car_spread_a_deterministic
59.3212,-0.21709,0.0056,0.0000,0.05353,0.05358,0.25046,2.9,1.0000,-21.7096,0.4741,-7.2821,146.168,ppo_car_spread_a_deterministic
59.3412,-0.21709,0.0056,0.0000,0.04756,0.04761,0.32886,2.9,1.0000,-21.7091,0.4741,-7.2829,146.163,ppo_car_spread_a_deterministic
59.3612,-0.21563,0.0000,0.0053,0.05492,0.05498,0.26362,2.9,1.0000,-21.7084,0.4741,-7.2838,146.157,ppo_car_spread_a_deterministic
59.3812,-0.21563,0.0000,0.0053,0.05169,0.05176,0.18059,-1.1,1.0000,-21.7078,0.4741,-7.2846,146.154,ppo_car_spread_a_deterministic
59.4012,-0.21563,0.0000,0.0053,0.05365,0.05371,0.20454,-1.1,1.0000,-21.7071,0.4741,-7.2855,146.153,ppo_car_spread_a_deterministic
59.4212,-0.21563,0.0000,0.0053,0.04508,0.04512,0.35580,-1.1,1.0000,-21.7066,0.4741,-7.2862,146.151,ppo_car_spread_a_deterministic
59.4412,-0.21490,0.0000,0.0063,0.05259,0.05266,0.25760,-1.1,1.0000,-21.7060,0.4741,-7.2870,146.148,ppo_car_spread_a_deterministic
59.4612,-0.21490,0.0000,0.0063,0.05409,0.05414,0.26606,-1.3,1.0000,-21.7053,0.4741,-7.2879,146.145,ppo_car_spread_a_deterministic
59.4812,-0.21490,0.0000,0.0063,0.05005,0.05012,0.21444,-1.3,1.0000,-21.7047,0.4741,-7.2887,146.144,ppo_car_spread_a_deterministic
59.5012,-0.21490,0.0000,0.0063,0.05338,0.05344,0.16948,-1.3,1.0000,-21.7041,0.4741,-7.2896,146.142,ppo_car_spread_a_deterministic
59.5212,-0.21516,0.0000,0.0029,0.04696,0.04701,0.25097,-1.3,1.0000,-21.7035,0.4741,-7.2903,146.142,ppo_car_spread_a_deterministic
59.5412,-0.21516,0.0000,0.0029,0.05385,0.05390,0.28695,-0.6,1.0000,-21.7029,0.4741,-7.2912,146.139,ppo_car_spread_a_deterministic
59.5612,-0.21516,0.0000,0.0029,0.05057,0.05062,0.37529,-0.6,1.0000,-21.7023,0.4741,-7.2920,146.133,ppo_car_spread_a_deterministic
59.5812,-0.21516,0.0000,0.0029,0.04786,0.04791,0.16031,-0.6,1.0000,-21.7017,0.4741,-7.2928,146.133,ppo_car_spread_a_deterministic
59.6012,-0.21730,0.0000,0.0020,0.05003,0.05008,0.29699,-0.6,1.0000,-21.7011,0.4741,-7.2936,146.132,ppo_car_spread_a_deterministic
59.6212,-0.21730,0.0000,0.0020,0.04695,0.04700,0.18659,-0.4,1.0000,-21.7006,0.4741,-7.2943,146.132,ppo_car_spread_a_deterministic
59.6412,-0.21730,0.0000,0.0020,0.04671,0.04675,0.33280,-0.4,1.0000,-21.7000,0.4741,-7.2951,146.131,ppo_car_spread_a_deterministic
59.6612,-0.21730,0.0000,0.0020,0.04666,0.04670,0.30399,-0.4,1.0000,-21.6995,0.4741,-7.2958,146.129,ppo_car_spread_a_deterministic
59.6812,-0.21563,0.0009,0.0000,0.05051,0.05057,0.32005,-0.4,1.0000,-21.6989,0.4741,-7.2966,146.123,ppo_car_spread_a_deterministic
59.7012,-0.21563,0.0009,0.0000,0.04544,0.04550,0.26423,0.5,1.0000,-21.6983,0.4741,-7.2974,146.121,ppo_car_spread_a_deterministic
59.7212,-0.21563,0.0009,0.0000,0.04868,0.04873,0.15508,0.5,1.0000,-21.6977,0.4741,-7.2981,146.118,ppo_car_spread_a_deterministic
59.7412,-0.21563,0.0009,0.0000,0.04947,0.04951,0.25775,0.5,1.0000,-21.6972,0.4741,-7.2989,146.114,ppo_car_spread_a_deterministic
59.7612,-0.21680,0.0000,0.0008,0.05390,0.05395,0.25790,0.5,1.0000,-21.6965,0.4741,-7.2998,146.111,ppo_car_spread_a_deterministic
59.7812,-0.21680,0.0000,0.0008,0.05042,0.05048,0.19750,-0.2,1.0000,-21.6959,0.4741,-7.3006,146.110,ppo_car_spread_a_deterministic
59.8012,-0.21680,0.0000,0.0008,0.04629,0.04633,0.24794,-0.2,1.0000,-21.6954,0.4741,-7.3014,146.109,ppo_car_spread_a_deterministic
59.8212,-0.21680,0.0000,0.0008,0.04753,0.04758,0.25970,-0.2,1.0000,-21.6948,0.4741,-7.3021,146.110,ppo_car_spread_a_deterministic
59.8412,-0.21645,0.0014,0.0000,0.04896,0.04901,0.20773,-0.2,1.0000,-21.6942,0.4741,-7.3029,146.111,ppo_car_spread_a_deterministic
59.8612,-0.21645,0.0014,0.0000,0.04971,0.04977,0.26586,0.7,1.0000,-21.6936,0.4741,-7.3037,146.108,ppo_car_spread_a_deterministic
59.8812,-0.21645,0.0014,0.0000,0.05275,0.05281,0.25913,0.7,1.0000,-21.6930,0.4741,-7.3046,146.104,ppo_car_spread_a_deterministic
59.9012,-0.21645,0.0014,0.0000,0.05329,0.05336,0.28313,0.7,1.0000,-21.6923,0.4741,-7.3054,146.103,ppo_car_spread_a_deterministic
59.9212,-0.21751,0.0000,0.0046,0.05202,0.05208,0.22553,0.7,1.0000,-21.6917,0.4741,-7.3063,146.102,ppo_car_spread_a_deterministic
59.9412,-0.21751,0.0000,0.0046,0.05308,0.05314,0.26183,-1.0,1.0000,-21.6911,0.4741,-7.3071,146.099,ppo_car_spread_a_deterministic
59.9612,-0.21751,0.0000,0.0046,0.05304,0.05309,0.25521,-1.0,1.0000,-21.6904,0.4741,-7.3080,146.099,ppo_car_spread_a_deterministic
59.9812,-0.21751,0.0000,0.0046,0.04604,0.04610,0.16470,-1.0,1.0000,-21.6899,0.4741,-7.3087,146.096,ppo_car_spread_a_deterministic
