t,steering,throttle,brake,speed,speed_mag,wheel_ms,motor_nm,headroom,x,y,z,yaw_deg,source
0.0200,0.00000,0.0000,0.0000,0.00000,0.00000,0.01238,0.0,1.0000,-29.2393,0.5000,-6.6735,177.707,ppo_car_spread_a_deterministic
0.0400,0.00000,0.0000,0.0000,-0.00025,0.00081,0.00263,0.0,1.0000,-29.2391,0.5023,-6.6732,177.707,ppo_car_spread_a_deterministic
0.0600,0.00000,0.0000,0.0000,-0.00029,0.00129,0.00221,0.0,1.0000,-29.2390,0.5031,-6.6730,177.707,ppo_car_spread_a_deterministic
0.0800,0.00000,0.0000,0.0000,-0.00036,0.00143,0.00183,0.0,1.0000,-29.2388,0.5027,-6.6728,177.707,ppo_car_spread_a_deterministic
0.1000,-0.07826,0.0132,0.0000,-0.00044,0.00136,0.00148,0.0,1.0000,-29.2387,0.5013,-6.6726,177.707,ppo_car_spread_a_deterministic
0.1200,-0.07826,0.0132,0.0000,0.00023,0.00126,0.19866,6.9,1.0000,-29.2386,0.4993,-6.6725,177.705,ppo_car_spread_a_deterministic
0.1400,-0.07826,0.0132,0.0000,-0.00108,0.00134,0.21210,6.9,1.0000,-29.2386,0.4969,-6.6724,177.705,ppo_car_spread_a_deterministic
0.1600,-0.07826,0.0132,0.0000,0.00227,0.00260,0.28653,6.9,1.0000,-29.2385,0.4942,-6.6725,177.701,ppo_car_spread_a_deterministic
0.1800,-0.08923,0.0220,0.0000,0.00645,0.00669,0.18977,6.9,1.0000,-29.2385,0.4915,-6.6726,177.699,ppo_car_spread_a_deterministic
0.2000,-0.08923,0.0220,0.0000,0.01129,0.01151,0.28932,11.5,1.0000,-29.2385,0.4888,-6.6729,177.700,ppo_car_spread_a_deterministic
0.2200,-0.08923,0.0220,0.0000,0.00505,0.00525,0.29961,11.5,1.0000,-29.2385,0.4862,-6.6730,177.697,ppo_car_spread_a_deterministic
0.2400,-0.08923,0.0220,0.0000,0.00677,0.00694,0.41873,11.5,1.0000,-29.2385,0.4838,-6.6732,177.696,ppo_car_spread_a_deterministic
0.2600,-0.09073,0.0179,0.0000,0.01179,0.01194,0.24691,11.5,1.0000,-29.2385,0.4816,-6.6736,177.698,ppo_car_spread_a_deterministic
0.2800,-0.09073,0.0179,0.0000,0.01279,0.01293,0.41749,9.4,1.0000,-29.2385,0.4796,-6.6739,177.700,ppo_car_spread_a_deterministic
0.3000,-0.09073,0.0179,0.0000,0.01973,0.01984,0.34817,9.4,1.0000,-29.2386,0.4780,-6.6744,177.701,ppo_car_spread_a_deterministic
0.3200,-0.09073,0.0179,0.0000,0.01681,0.01689,0.38814,9.4,1.0000,-29.2386,0.4765,-6.6748,177.701,ppo_car_spread_a_deterministic
0.3400,-0.09049,0.0034,0.0000,0.02141,0.02149,0.15124,9.4,1.0000,-29.2386,0.4754,-6.6754,177.702,ppo_car_spread_a_deterministic
0.3600,-0.09049,0.0034,0.0000,0.02043,0.02049,0.06069,1.8,1.0000,-29.2387,0.4744,-6.6759,177.702,ppo_car_spread_a_deterministic
0.3800,-0.09049,0.0034,0.0000,0.02553,0.02559,0.33574,1.8,1.0000,-29.2387,0.4737,-6.6765,177.702,ppo_car_spread_a_deterministic
0.4000,-0.09049,0.0034,0.0000,0.02089,0.02094,0.22426,1.8,1.0000,-29.2387,0.4731,-6.6769,177.702,ppo_car_spread_a_deterministic
0.4200,-0.09033,0.0000,0.0019,0.02509,0.02513,0.34115,1.8,1.0000,-29.2388,0.4728,-6.6775,177.704,ppo_car_spread_a_deterministic
0.4400,-0.09033,0.0000,0.0019,0.02331,0.02334,0.22640,-0.4,1.0000,-29.2388,0.4725,-6.6780,177.702,ppo_car_spread_a_deterministic
0.4600,-0.09033,0.0000,0.0019,0.02363,0.02367,0.28750,-0.4,1.0000,-29.2388,0.4724,-6.6786,177.699,ppo_car_spread_a_deterministic
0.4800,-0.09033,0.0000,0.0019,0.01862,0.01866,0.15856,-0.4,1.0000,-29.2389,0.4723,-6.6790,177.699,ppo_car_spread_a_deterministic
0.5000,-0.09028,0.0009,0.0000,0.02562,0.02566,0.33391,-0.4,1.0000,-29.2389,0.4724,-6.6795,177.699,ppo_car_spread_a_deterministic
0.5200,-0.09028,0.0009,0.0000,0.02080,0.02084,0.28670,0.5,1.0000,-29.2389,0.4725,-6.6800,177.698,ppo_car_spread_a_deterministic
0.5400,-0.09028,0.0009,0.0000,0.01909,0.01912,0.13473,0.5,1.0000,-29.2389,0.4726,-6.6804,177.698,ppo_car_spread_a_deterministic
0.5600,-0.09028,0.0009,0.0000,0.02034,0.02036,0.17174,0.5,1.0000,-29.2389,0.4727,-6.6808,177.699,ppo_car_spread_a_deterministic
0.5800,-0.09053,0.0041,0.0000,0.01987,0.01989,0.25399,0.5,1.0000,-29.2389,0.4729,-6.6812,177.697,ppo_car_spread_a_deterministic
0.6000,-0.09053,0.0041,0.0000,0.02504,0.02505,0.31757,2.2,1.0000,-29.2389,0.4731,-6.6817,177.694,ppo_car_spread_a_deterministic
0.6200,-0.09053,0.0041,0.0000,0.02243,0.02244,0.20862,2.2,1.0000,-29.2389,0.4732,-6.6821,177.692,ppo_car_spread_a_deterministic
0.6400,-0.09053,0.0041,0.0000,0.02695,0.02696,0.31030,2.2,1.0000,-29.2389,0.4734,-6.6827,177.689,ppo_car_spread_a_deterministic
0.6600,-0.09009,0.0018,0.0000,0.01683,0.01685,0.38956,2.2,1.0000,-29.2389,0.4735,-6.6830,177.688,ppo_car_spread_a_deterministic
0.6800,-0.09009,0.0018,0.0000,0.02541,0.02542,0.21195,0.9,1.0000,-29.2389,0.4737,-6.6835,177.688,ppo_car_spread_a_deterministic
0.7000,-0.09009,0.0018,0.0000,0.02431,0.02432,0.23993,0.9,1.0000,-29.2388,0.4738,-6.6840,177.689,ppo_car_spread_a_deterministic
0.7200,-0.09009,0.0018,0.0000,0.01965,0.01965,0.33601,0.9,1.0000,-29.2388,0.4739,-6.6844,177.687,ppo_car_spread_a_deterministic
0.7400,-0.08992,0.0000,0.0009,0.02298,0.02298,0.11977,0.9,1.0000,-29.2388,0.4740,-6.6848,177.686,ppo_car_spread_a_deterministic
0.7600,-0.08992,0.0000,0.0009,0.02367,0.02368,0.39319,-0.2,1.0000,-29.2387,0.4740,-6.6853,177.692,ppo_car_spread_a_deterministic
0.7800,-0.08992,0.0000,0.0009,0.02767,0.02767,0.16876,-0.2,1.0000,-29.2387,0.4741,-6.6858,177.690,ppo_car_spread_a_deterministic
0.8000,-0.08992,0.0000,0.0009,0.02281,0.02281,0.24257,-0.2,1.0000,-29.2387,0.4741,-6.6862,177.686,ppo_car_spread_a_deterministic
0.8200,-0.08949,0.0000,0.0030,0.01793,0.01793,0.38712,-0.2,1.0000,-29.2386,0.4742,-6.6866,177.685,ppo_car_spread_a_deterministic
0.8400,-0.08949,0.0000,0.0030,0.02298,0.02298,0.17560,-0.6,1.0000,-29.2386,0.4742,-6.6870,177.685,ppo_car_spread_a_deterministic
0.8600,-0.08949,0.0000,0.0030,0.02161,0.02161,0.31295,-0.6,1.0000,-29.2386,0.4742,-6.6875,177.687,ppo_car_spread_a_deterministic
0.8800,-0.08949,0.0000,0.0030,0.02427,0.02428,0.39294,-0.6,1.0000,-29.2385,0.4742,-6.6879,177.690,ppo_car_spread_a_deterministic
0.9000,-0.08988,0.0012,0.0000,0.01998,0.01998,0.29590,-0.6,1.0000,-29.2385,0.4742,-6.6883,177.692,ppo_car_spread_a_deterministic
0.9200,-0.08988,0.0012,0.0000,0.01619,0.01619,0.38855,0.6,1.0000,-29.2384,0.4742,-6.6886,177.692,ppo_car_spread_a_deterministic
0.9400,-0.08988,0.0012,0.0000,0.02275,0.02276,0.36970,0.6,1.0000,-29.2384,0.4742,-6.6891,177.690,ppo_car_spread_a_deterministic
0.9600,-0.08988,0.0012,0.0000,0.02715,0.02716,0.32373,0.6,1.0000,-29.2383,0.4742,-6.6896,177.689,ppo_car_spread_a_deterministic
0.9800,-0.08981,0.0016,0.0000,0.02310,0.02310,0.32547,0.6,1.0000,-29.2383,0.4742,-6.6901,177.689,ppo_car_spread_a_deterministic
1.0000,-0.08981,0.0016,0.0000,0.02775,0.02775,0.28366,0.8,1.0000,-29.2383,0.4742,-6.6906,177.687,ppo_car_spread_a_deterministic
1.0200,-0.08981,0.0016,0.0000,0.02865,0.02865,0.27812,0.8,1.0000,-29.2382,0.4742,-6.6912,177.685,ppo_car_spread_a_deterministic
1.0400,-0.08981,0.0016,0.0000,0.02035,0.02035,0.20005,0.8,1.0000,-29.2382,0.4741,-6.6916,177.684,ppo_car_spread_a_deterministic
1.0600,-0.08940,0.0000,0.0037,0.02551,0.02551,0.11982,0.8,1.0000,-29.2382,0.4741,-6.6921,177.683,ppo_car_spread_a_deterministic
1.0800,-0.08940,0.0000,0.0037,0.02661,0.02661,0.32011,-0.8,1.0000,-29.2381,0.4741,-6.6927,177.685,ppo_car_spread_a_deterministic
1.1000,-0.08940,0.0000,0.0037,0.02090,0.02090,0.33298,-0.8,1.0000,-29.2381,0.4741,-6.6931,177.686,ppo_car_spread_a_deterministic
1.1200,-0.08940,0.0000,0.0037,0.02098,0.02098,0.22092,-0.8,1.0000,-29.2381,0.4741,-6.6935,177.687,ppo_car_spread_a_deterministic
1.1400,-0.09001,0.0021,0.0000,0.02038,0.02039,0.32921,-0.8,1.0000,-29.2380,0.4741,-6.6939,177.687,ppo_car_spread_a_deterministic
1.1600,-0.09001,0.0021,0.0000,0.02397,0.02397,0.10475,1.1,1.0000,-29.2380,0.4741,-6.6944,177.687,ppo_car_spread_a_deterministic
1.1800,-0.09001,0.0021,0.0000,0.02502,0.02503,0.35547,1.1,1.0000,-29.2380,0.4741,-6.6949,177.688,ppo_car_spread_a_deterministic
1.2000,-0.09001,0.0021,0.0000,0.02638,0.02639,0.21975,1.1,1.0000,-29.2379,0.4741,-6.6954,177.689,ppo_car_spread_a_deterministic
1.2200,-0.08984,0.0000,0.0013,0.02741,0.02741,0.10885,1.1,1.0000,-29.2379,0.4741,-6.6960,177.689,ppo_car_spread_a_deterministic
1.2400,-0.08984,0.0000,0.0013,0.02480,0.02481,0.23286,-0.3,1.0000,-29.2379,0.4741,-6.6965,177.691,ppo_car_spread_a_deterministic
1.2600,-0.08984,0.0000,0.0013,0.02225,0.02225,0.19731,-0.3,1.0000,-29.2378,0.4741,-6.6969,177.693,ppo_car_spread_a_deterministic
1.2800,-0.08984,0.0000,0.0013,0.02236,0.02236,0.29614,-0.3,1.0000,-29.2378,0.4741,-6.6973,177.692,ppo_car_spread_a_deterministic
1.3000,-0.08996,0.0008,0.0000,0.02643,0.02643,0.27546,-0.3,1.0000,-29.2378,0.4741,-6.6979,177.695,ppo_car_spread_a_deterministic
1.3200,-0.08996,0.0008,0.0000,0.02653,0.02654,0.31307,0.4,1.0000,-29.2378,0.4741,-6.6984,177.698,ppo_car_spread_a_deterministic
1.3400,-0.08996,0.0008,0.0000,0.02541,0.02542,0.35521,0.4,1.0000,-29.2377,0.4741,-6.6989,177.700,ppo_car_spread_a_deterministic
1.3600,-0.08996,0.0008,0.0000,0.02156,0.02157,0.33954,0.4,1.0000,-29.2377,0.4741,-6.6993,177.698,ppo_car_spread_a_deterministic
1.3800,-0.08989,0.0000,0.0022,0.02734,0.02735,0.29943,0.4,1.0000,-29.2377,0.4741,-6.6999,177.696,ppo_car_spread_a_deterministic
1.4000,-0.08989,0.0000,0.0022,0.02552,0.02552,0.16356,-0.5,1.0000,-29.2376,0.4741,-6.7004,177.697,ppo_car_spread_a_deterministic
1.4200,-0.08989,0.0000,0.0022,0.02629,0.02629,0.32168,-0.5,1.0000,-29.2376,0.4741,-6.7009,177.695,ppo_car_spread_a_deterministic
1.4400,-0.08989,0.0000,0.0022,0.02469,0.02469,0.22797,-0.5,1.0000,-29.2376,0.4741,-6.7014,177.695,ppo_car_spread_a_deterministic
1.4600,-0.08962,0.0000,0.0018,0.03050,0.03051,0.30926,-0.5,1.0000,-29.2376,0.4741,-6.7020,177.694,ppo_car_spread_a_deterministic
1.4800,-0.08962,0.0000,0.0018,0.02773,0.02774,0.30949,-0.4,1.0000,-29.2375,0.4741,-6.7026,177.695,ppo_car_spread_a_deterministic
1.5000,-0.08962,0.0000,0.0018,0.02711,0.02711,0.32542,-0.4,1.0000,-29.2375,0.4741,-6.7031,177.697,ppo_car_spread_a_deterministic
1.5200,-0.08962,0.0000,0.0018,0.02086,0.02087,0.39299,-0.4,1.0000,-29.2375,0.4741,-6.7036,177.697,ppo_car_spread_a_deterministic
1.5400,-0.08964,0.0000,0.0039,0.01854,0.01854,0.38168,-0.4,1.0000,-29.2375,0.4741,-6.7039,177.695,ppo_car_spread_a_deterministic
1.5600,-0.08964,0.0000,0.0039,0.02451,0.02451,0.06156,-0.8,1.0000,-29.2374,0.4741,-6.7044,177.695,ppo_car_spread_a_deterministic
1.5800,-0.08964,0.0000,0.0039,0.02285,0.02285,0.38760,-0.8,1.0000,-29.2374,0.4741,-6.7049,177.693,ppo_car_spread_a_deterministic
1.6000,-0.08964,0.0000,0.0039,0.02824,0.02824,0.21790,-0.8,1.0000,-29.2374,0.4741,-6.7054,177.692,ppo_car_spread_a_deterministic
1.6200,-0.08987,0.0014,0.0000,0.02051,0.02051,0.36319,-0.8,1.0000,-29.2373,0.4741,-6.7058,177.693,ppo_car_spread_a_deterministic
1.6400,-0.08987,0.0014,0.0000,0.02219,0.02219,0.25266,0.7,1.0000,-29.2373,0.4741,-6.7063,177.693,ppo_car_spread_a_deterministic
1.6600,-0.08987,0.0014,0.0000,0.02033,0.02033,0.38525,0.7,1.0000,-29.2373,0.4741,-6.7067,177.694,ppo_car_spread_a_deterministic
1.6800,-0.08987,0.0014,0.0000,0.02311,0.02312,0.12417,0.7,1.0000,-29.2373,0.4741,-6.7071,177.692,ppo_car_spread_a_deterministic
1.7000,-0.09009,0.0030,0.0000,0.02540,0.02540,0.13038,0.7,1.0000,-29.2372,0.4741,-6.7076,177.689,ppo_car_spread_a_deterministic
1.7200,-0.09009,0.0030,0.0000,0.02335,0.02335,0.37925,1.6,1.0000,-29.2372,0.4741,-6.7081,177.682,ppo_car_spread_a_deterministic
1.7400,-0.09009,0.0030,0.0000,0.02921,0.02921,0.26920,1.6,1.0000,-29.2372,0.4741,-6.7087,177.682,ppo_car_spread_a_deterministic
1.7600,-0.09009,0.0030,0.0000,0.02727,0.02727,0.21477,1.6,1.0000,-29.2371,0.4741,-6.7092,177.682,ppo_car_spread_a_deterministic
1.7800,-0.08950,0.0000,0.0049,0.02927,0.02928,0.27869,1.6,1.0000,-29.2371,0.4741,-6.7098,177.682,ppo_car_spread_a_deterministic
1.8000,-0.08950,0.0000,0.0049,0.02326,0.02326,0.32600,-1.0,1.0000,-29.2371,0.4741,-6.7103,177.679,ppo_car_spread_a_deterministic
1.8200,-0.08950,0.0000,0.0049,0.02115,0.02115,0.37775,-1.0,1.0000,-29.2371,0.4741,-6.7107,177.678,ppo_car_spread_a_deterministic
1.8400,-0.08950,0.0000,0.0049,0.02983,0.02984,0.28294,-1.0,1.0000,-29.2370,0.4741,-6.7113,177.679,ppo_car_spread_a_deterministic
1.8600,-0.08982,0.0029,0.0000,0.02406,0.02406,0.20935,-1.0,1.0000,-29.2370,0.4741,-6.7118,177.679,ppo_car_spread_a_deterministic
1.8800,-0.08982,0.0029,0.0000,0.02584,0.02584,0.31989,1.5,1.0000,-29.2370,0.4741,-6.7123,177.681,ppo_car_spread_a_deterministic
1.9000,-0.08982,0.0029,0.0000,0.02570,0.02570,0.32930,1.5,1.0000,-29.2369,0.4741,-6.7128,177.679,ppo_car_spread_a_deterministic
1.9200,-0.08982,0.0029,0.0000,0.02843,0.02843,0.29705,1.5,1.0000,-29.2369,0.4741,-6.7134,177.681,ppo_car_spread_a_deterministic
1.9400,-0.08957,0.0000,0.0013,0.02092,0.02092,0.39623,1.5,1.0000,-29.2369,0.4741,-6.7138,177.683,ppo_car_spread_a_deterministic
1.9600,-0.08957,0.0000,0.0013,0.02608,0.02608,0.14487,-0.3,1.0000,-29.2368,0.4741,-6.7143,177.682,ppo_car_spread_a_deterministic
1.9800,-0.08957,0.0000,0.0013,0.02731,0.02732,0.29983,-0.3,1.0000,-29.2368,0.4741,-6.7149,177.685,ppo_car_spread_a_deterministic
2.0000,-0.08957,0.0000,0.0013,0.03204,0.03205,0.29591,-0.3,1.0000,-29.2368,0.4741,-6.7155,177.687,ppo_car_spread_a_deterministic
2.0200,-0.08969,0.0000,0.0046,0.02133,0.02133,0.32858,-0.3,1.0000,-29.2367,0.4741,-6.7159,177.686,ppo_car_spread_a_deterministic
2.0400,-0.08969,0.0000,0.0046,0.02433,0.02433,0.38186,-1.0,1.0000,-29.2367,0.4741,-6.7164,177.688,ppo_car_spread_a_deterministic
2.0600,-0.08969,0.0000,0.0046,0.02944,0.02945,0.29942,-1.0,1.0000,-29.2367,0.4741,-6.7170,177.685,ppo_car_spread_a_deterministic
2.0800,-0.08969,0.0000,0.0046,0.02557,0.02558,0.17983,-1.0,1.0000,-29.2366,0.4741,-6.7175,177.685,ppo_car_spread_a_deterministic
2.1000,-0.08941,0.0000,0.0043,0.02417,0.02417,0.13109,-1.0,1.0000,-29.2366,0.4741,-6.7180,177.684,ppo_car_spread_a_deterministic
2.1200,-0.08941,0.0000,0.0043,0.02411,0.02412,0.23516,-0.9,1.0000,-29.2366,0.4741,-6.7185,177.683,ppo_car_spread_a_deterministic
2.1400,-0.08941,0.0000,0.0043,0.02208,0.02208,0.37725,-0.9,1.0000,-29.2366,0.4741,-6.7189,177.679,ppo_car_spread_a_deterministic
2.1600,-0.08941,0.0000,0.0043,0.01792,0.01792,0.30902,-0.9,1.0000,-29.2365,0.4741,-6.7193,177.679,ppo_car_spread_a_deterministic
2.1800,-0.08967,0.0028,0.0000,0.02470,0.02470,0.17715,-0.9,1.0000,-29.2365,0.4741,-6.7198,177.678,ppo_car_spread_a_deterministic
2.2000,-0.08967,0.0028,0.0000,0.02400,0.02400,0.24569,1.5,1.0000,-29.2365,0.4741,-6.7202,177.678,ppo_car_spread_a_deterministic
2.2200,-0.08967,0.0028,0.0000,0.02782,0.02783,0.21303,1.5,1.0000,-29.2364,0.4741,-6.7208,177.678,ppo_car_spread_a_deterministic
2.2400,-0.08967,0.0028,0.0000,0.02393,0.02394,0.25645,1.5,1.0000,-29.2364,0.4741,-6.7213,177.678,ppo_car_spread_a_deterministic
2.2600,-0.08954,0.0000,0.0035,0.02461,0.02462,0.27961,1.5,1.0000,-29.2364,0.4741,-6.7218,177.676,ppo_car_spread_a_deterministic
2.2800,-0.08954,0.0000,0.0035,0.02842,0.02843,0.24698,-0.7,1.0000,-29.2364,0.4741,-6.7223,177.678,ppo_car_spread_a_deterministic
2.3000,-0.08954,0.0000,0.0035,0.02578,0.02579,0.15810,-0.7,1.0000,-29.2363,0.4741,-6.7229,177.679,ppo_car_spread_a_deterministic
2.3200,-0.08954,0.0000,0.0035,0.02667,0.02667,0.21113,-0.7,1.0000,-29.2363,0.4741,-6.7234,177.679,ppo_car_spread_a_deterministic
2.3400,-0.08969,0.0000,0.0024,0.02356,0.02356,0.20425,-0.7,1.0000,-29.2363,0.4741,-6.7239,177.680,ppo_car_spread_a_deterministic
2.3600,-0.08969,0.0000,0.0024,0.02316,0.02317,0.39333,-0.5,1.0000,-29.2362,0.4741,-6.7243,177.679,ppo_car_spread_a_deterministic
2.3800,-0.08969,0.0000,0.0024,0.02328,0.02328,0.29183,-0.5,1.0000,-29.2362,0.4741,-6.7248,177.676,ppo_car_spread_a_deterministic
2.4000,-0.08969,0.0000,0.0024,0.02771,0.02771,0.35477,-0.5,1.0000,-29.2362,0.4741,-6.7253,177.674,ppo_car_spread_a_deterministic
2.4200,-0.08968,0.0014,0.0000,0.02401,0.02402,0.19165,-0.5,1.0000,-29.2362,0.4741,-6.7258,177.674,ppo_car_spread_a_deterministic
2.4400,-0.08968,0.0014,0.0000,0.02830,0.02831,0.29937,0.7,1.0000,-29.2361,0.4741,-6.7264,177.675,ppo_car_spread_a_deterministic
2.4600,-0.08968,0.0014,0.0000,0.02286,0.02287,0.16820,0.7,1.0000,-29.2361,0.4741,-6.7269,177.675,ppo_car_spread_a_deterministic
2.4800,-0.08968,0.0014,0.0000,0.02263,0.02264,0.35687,0.7,1.0000,-29.2361,0.4741,-6.7273,177.669,ppo_car_spread_a_deterministic
2.5000,-0.08985,0.0010,0.0000,0.02175,0.02175,0.38918,0.7,1.0000,-29.2360,0.4741,-6.7277,177.665,ppo_car_spread_a_deterministic
2.5200,-0.08985,0.0010,0.0000,0.02807,0.02808,0.29423,0.5,1.0000,-29.2360,0.4741,-6.7283,177.666,ppo_car_spread_a_deterministic
2.5400,-0.08985,0.0010,0.0000,0.02454,0.02454,0.36974,0.5,1.0000,-29.2360,0.4741,-6.7288,177.666,ppo_car_spread_a_deterministic
2.5600,-0.08985,0.0010,0.0000,0.02494,0.02494,0.22163,0.5,1.0000,-29.2359,0.4741,-6.7293,177.664,ppo_car_spread_a_deterministic
2.5800,-0.08968,0.0000,0.0006,0.01890,0.01890,0.32669,0.5,1.0000,-29.2359,0.4741,-6.7297,177.664,ppo_car_spread_a_deterministic
2.6000,-0.08968,0.0000,0.0006,0.02142,0.02142,0.33840,-0.1,1.0000,-29.2359,0.4741,-6.7301,177.663,ppo_car_spread_a_deterministic
2.6200,-0.08968,0.0000,0.0006,0.02733,0.02733,0.17501,-0.1,1.0000,-29.2359,0.4741,-6.7306,177.662,ppo_car_spread_a_deterministic
2.6400,-0.08968,0.0000,0.0006,0.02280,0.02281,0.36908,-0.1,1.0000,-29.2358,0.4741,-6.7311,177.662,ppo_car_spread_a_deterministic
2.6600,-0.08955,0.0000,0.0029,0.02422,0.02422,0.17080,-0.1,1.0000,-29.2358,0.4741,-6.7316,177.660,ppo_car_spread_a_deterministic
2.6800,-0.08955,0.0000,0.0029,0.02707,0.02708,0.27627,-0.6,1.0000,-29.2358,0.4741,-6.7321,177.657,ppo_car_spread_a_deterministic
2.7000,-0.08955,0.0000,0.0029,0.01972,0.01973,0.23435,-0.6,1.0000,-29.2357,0.4741,-6.7325,177.656,ppo_car_spread_a_deterministic
2.7200,-0.08955,0.0000,0.0029,0.02482,0.02482,0.32422,-0.6,1.0000,-29.2357,0.4741,-6.7330,177.654,ppo_car_spread_a_deterministic
2.7400,-0.08998,0.0040,0.0000,0.02895,0.02895,0.25950,-0.6,1.0000,-29.2357,0.4741,-6.7336,177.654,ppo_car_spread_a_deterministic
2.7600,-0.08998,0.0040,0.0000,0.02288,0.02288,0.20273,2.1,1.0000,-29.2357,0.4741,-6.7340,177.654,ppo_car_spread_a_deterministic
2.7800,-0.08998,0.0040,0.0000,0.02583,0.02583,0.35550,2.1,1.0000,-29.2356,0.4741,-6.7346,177.652,ppo_car_spread_a_deterministic
2.8000,-0.08998,0.0040,0.0000,0.02605,0.02605,0.18173,2.1,1.0000,-29.2356,0.4741,-6.7351,177.651,ppo_car_spread_a_deterministic
2.8200,-0.08969,0.0000,0.0014,0.02724,0.02725,0.31628,2.1,1.0000,-29.2356,0.4741,-6.7356,177.650,ppo_car_spread_a_deterministic
2.8400,-0.08969,0.0000,0.0014,0.02732,0.02733,0.27572,-0.3,1.0000,-29.2355,0.4741,-6.7362,177.652,ppo_car_spread_a_deterministic
2.8600,-0.08969,0.0000,0.0014,0.02672,0.02673,0.11141,-0.3,1.0000,-29.2355,0.4741,-6.7367,177.653,ppo_car_spread_a_deterministic
2.8800,-0.08969,0.0000,0.0014,0.02723,0.02723,0.16976,-0.3,1.0000,-29.2355,0.4741,-6.7372,177.651,ppo_car_spread_a_deterministic
2.9000,-0.08963,0.0000,0.0030,0.02340,0.02341,0.32337,-0.3,1.0000,-29.2354,0.4741,-6.7377,177.651,ppo_car_spread_a_deterministic
2.9200,-0.08963,0.0000,0.0030,0.02333,0.02333,0.35073,-0.6,1.0000,-29.2354,0.4741,-6.7382,177.652,ppo_car_spread_a_deterministic
2.9400,-0.08963,0.0000,0.0030,0.02380,0.02380,0.35493,-0.6,1.0000,-29.2354,0.4741,-6.7386,177.651,ppo_car_spread_a_deterministic
2.9600,-0.08963,0.0000,0.0030,0.02364,0.02364,0.21886,-0.6,1.0000,-29.2353,0.4741,-6.7391,177.649,ppo_car_spread_a_deterministic
2.9800,-0.08980,0.0002,0.0000,0.02897,0.02898,0.17727,-0.6,1.0000,-29.2353,0.4741,-6.7397,177.649,ppo_car_spread_a_deterministic
3.0000,-0.08980,0.0002,0.0000,0.02349,0.02350,0.21525,0.1,1.0000,-29.2353,0.4741,-6.7402,177.646,ppo_car_spread_a_deterministic
3.0200,-0.08980,0.0002,0.0000,0.02394,0.02394,0.24077,0.1,1.0000,-29.2352,0.4741,-6.7406,177.645,ppo_car_spread_a_deterministic
3.0400,-0.08980,0.0002,0.0000,0.01964,0.01965,0.38080,0.1,1.0000,-29.2352,0.4741,-6.7410,177.642,ppo_car_spread_a_deterministic
3.0600,-0.08982,0.0000,0.0000,0.02473,0.02473,0.20122,0.1,1.0000,-29.2352,0.4741,-6.7415,177.642,ppo_car_spread_a_deterministic
3.0800,-0.08982,0.0000,0.0000,0.03074,0.03075,0.21163,0.0,1.0000,-29.2352,0.4741,-6.7421,177.642,ppo_car_spread_a_deterministic
3.1000,-0.08982,0.0000,0.0000,0.03179,0.03180,0.25021,0.0,1.0000,-29.2351,0.4741,-6.7428,177.642,ppo_car_spread_a_deterministic
3.1200,-0.08982,0.0000,0.0000,0.02499,0.02499,0.28614,0.0,1.0000,-29.2351,0.4741,-6.7433,177.639,ppo_car_spread_a_deterministic
3.1400,-0.08934,0.0000,0.0075,0.02867,0.02868,0.25176,0.0,1.0000,-29.2351,0.4741,-6.7439,177.638,ppo_car_spread_a_deterministic
3.1600,-0.08934,0.0000,0.0075,0.02952,0.02953,0.28023,-1.6,1.0000,-29.2350,0.4741,-6.7445,177.637,ppo_car_spread_a_deterministic
3.1800,-0.08934,0.0000,0.0075,0.02812,0.02812,0.27885,-1.6,1.0000,-29.2350,0.4741,-6.7450,177.633,ppo_car_spread_a_deterministic
3.2000,-0.08934,0.0000,0.0075,0.02035,0.02035,0.30526,-1.6,1.0000,-29.2350,0.4741,-6.7454,177.636,ppo_car_spread_a_deterministic
3.2200,-0.08935,0.0000,0.0027,0.02658,0.02658,0.29419,-1.6,1.0000,-29.2349,0.4741,-6.7459,177.633,ppo_car_spread_a_deterministic
3.2400,-0.08935,0.0000,0.0027,0.02084,0.02084,0.24724,-0.6,1.0000,-29.2349,0.4741,-6.7464,177.633,ppo_car_spread_a_deterministic
3.2600,-0.08935,0.0000,0.0027,0.01808,0.01808,0.38181,-0.6,1.0000,-29.2349,0.4741,-6.7467,177.637,ppo_car_spread_a_deterministic
3.2800,-0.08935,0.0000,0.0027,0.02422,0.02422,0.32979,-0.6,1.0000,-29.2349,0.4741,-6.7472,177.636,ppo_car_spread_a_deterministic
3.3000,-0.09020,0.0040,0.0000,0.02612,0.02612,0.21768,-0.6,1.0000,-29.2348,0.4741,-6.7477,177.635,ppo_car_spread_a_deterministic
3.3200,-0.09020,0.0040,0.0000,0.02287,0.02287,0.25495,2.1,1.0000,-29.2348,0.4741,-6.7482,177.633,ppo_car_spread_a_deterministic
3.3400,-0.09020,0.0040,0.0000,0.02323,0.02324,0.13718,2.1,1.0000,-29.2348,0.4741,-6.7486,177.634,ppo_car_spread_a_deterministic
3.3600,-0.09020,0.0040,0.0000,0.03074,0.03074,0.30575,2.1,1.0000,-29.2347,0.4741,-6.7493,177.635,ppo_car_spread_a_deterministic
3.3800,-0.08993,0.0003,0.0000,0.02954,0.02955,0.25984,2.1,1.0000,-29.2347,0.4741,-6.7498,177.633,ppo_car_spread_a_deterministic
3.4000,-0.08993,0.0003,0.0000,0.02665,0.02666,0.26304,0.2,1.0000,-29.2347,0.4741,-6.7504,177.630,ppo_car_spread_a_deterministic
3.4200,-0.08993,0.0003,0.0000,0.02145,0.02145,0.35495,0.2,1.0000,-29.2346,0.4741,-6.7508,177.627,ppo_car_spread_a_deterministic
3.4400,-0.08993,0.0003,0.0000,0.02585,0.02585,0.34075,0.2,1.0000,-29.2346,0.4741,-6.7513,177.627,ppo_car_spread_a_deterministic
3.4600,-0.08992,0.0029,0.0000,0.02954,0.02954,0.29689,0.2,1.0000,-29.2346,0.4741,-6.7519,177.627,ppo_car_spread_a_deterministic
3.4800,-0.08992,0.0029,0.0000,0.02285,0.02286,0.32276,1.5,1.0000,-29.2346,0.4741,-6.7524,177.623,ppo_car_spread_a_deterministic
3.5000,-0.08992,0.0029,0.0000,0.02142,0.02143,0.30531,1.5,1.0000,-29.2345,0.4741,-6.7528,177.623,ppo_car_spread_a_deterministic
3.5200,-0.08992,0.0029,0.0000,0.02618,0.02619,0.30021,1.5,1.0000,-29.2345,0.4741,-6.7533,177.621,ppo_car_spread_a_deterministic
3.5400,-0.08996,0.0022,0.0000,0.02646,0.02647,0.29415,1.5,1.0000,-29.2345,0.4741,-6.7538,177.622,ppo_car_spread_a_deterministic
3.5600,-0.08996,0.0022,0.0000,0.03009,0.03009,0.25141,1.2,1.0000,-29.2344,0.4741,-6.7545,177.622,ppo_car_spread_a_deterministic
3.5800,-0.08996,0.0022,0.0000,0.02772,0.02773,0.39395,1.2,1.0000,-29.2344,0.4741,-6.7550,177.618,ppo_car_spread_a_deterministic
3.6000,-0.08996,0.0022,0.0000,0.02905,0.02905,0.31978,1.2,1.0000,-29.2344,0.4741,-6.7556,177.616,ppo_car_spread_a_deterministic
3.6200,-0.08951,0.0000,0.0023,0.02694,0.02694,0.18143,1.2,1.0000,-29.2343,0.4741,-6.7561,177.614,ppo_car_spread_a_deterministic
3.6400,-0.08951,0.0000,0.0023,0.03123,0.03124,0.30399,-0.5,1.0000,-29.2343,0.4741,-6.7568,177.614,ppo_car_spread_a_deterministic
3.6600,-0.08951,0.0000,0.0023,0.03136,0.03136,0.25813,-0.5,1.0000,-29.2342,0.4741,-6.7574,177.611,ppo_car_spread_a_deterministic
3.6800,-0.08951,0.0000,0.0023,0.02221,0.02221,0.37843,-0.5,1.0000,-29.2342,0.4741,-6.7578,177.612,ppo_car_spread_a_deterministic
3.7000,-0.08925,0.0000,0.0062,0.02603,0.02603,0.29176,-0.5,1.0000,-29.2342,0.4741,-6.7583,177.607,ppo_car_spread_a_deterministic
3.7200,-0.08925,0.0000,0.0062,0.02118,0.02118,0.33557,-1.3,1.0000,-29.2342,0.4741,-6.7588,177.609,ppo_car_spread_a_deterministic
3.7400,-0.08925,0.0000,0.0062,0.02691,0.02691,0.21214,-1.3,1.0000,-29.2341,0.4741,-6.7593,177.607,ppo_car_spread_a_deterministic
3.7600,-0.08925,0.0000,0.0062,0.03254,0.03255,0.29843,-1.3,1.0000,-29.2341,0.4741,-6.7599,177.606,ppo_car_spread_a_deterministic
3.7800,-0.08954,0.0000,0.0025,0.02525,0.02525,0.17728,-1.3,1.0000,-29.2341,0.4741,-6.7604,177.608,ppo_car_spread_a_deterministic
3.8000,-0.08954,0.0000,0.0025,0.02580,0.02581,0.32720,-0.5,1.0000,-29.2340,0.4741,-6.7610,177.609,ppo_car_spread_a_deterministic
3.8200,-0.08954,0.0000,0.0025,0.02603,0.02604,0.21240,-0.5,1.0000,-29.2340,0.4741,-6.7615,177.609,ppo_car_spread_a_deterministic
3.8400,-0.08954,0.0000,0.0025,0.02225,0.02226,0.38471,-0.5,1.0000,-29.2340,0.4741,-6.7619,177.608,ppo_car_spread_a_deterministic
3.8600,-0.08954,0.0000,0.0025,0.02317,0.02317,0.34840,-0.5,1.0000,-29.2339,0.4741,-6.7624,177.604,ppo_car_spread_a_deterministic
3.8800,-0.08954,0.0000,0.0025,0.02101,0.02101,0.34261,-0.5,1.0000,-29.2339,0.4741,-6.7628,177.605,ppo_car_spread_a_deterministic
3.9000,-0.08954,0.0000,0.0025,0.02533,0.02533,0.24389,-0.5,1.0000,-29.2339,0.4741,-6.7633,177.609,ppo_car_spread_a_deterministic
3.9200,-0.08954,0.0000,0.0025,0.02446,0.02446,0.16155,-0.5,1.0000,-29.2338,0.4741,-6.7638,177.609,ppo_car_spread_a_deterministic
3.9400,-0.08954,0.0000,0.0025,0.03073,0.03074,0.19810,-0.5,1.0000,-29.2338,0.4741,-6.7644,177.609,ppo_car_spread_a_deterministic
3.9600,-0.08984,0.0000,0.0026,0.02441,0.02442,0.33572,-0.5,1.0000,-29.2338,0.4741,-6.7649,177.608,ppo_car_spread_a_deterministic
3.9800,-0.08984,0.0000,0.0026,0.02943,0.02944,0.30416,-0.6,1.0000,-29.2337,0.4741,-6.7655,177.609,ppo_car_spread_a_deterministic
4.0000,-0.08984,0.0000,0.0026,0.02302,0.02302,0.16423,-0.6,1.0000,-29.2337,0.4741,-6.7659,177.609,ppo_car_spread_a_deterministic
4.0200,-0.08948,0.0000,0.0057,0.02723,0.02724,0.29127,-0.6,1.0000,-29.2337,0.4741,-6.7665,177.609,ppo_car_spread_a_deterministic
4.0400,-0.08948,0.0000,0.0057,0.02701,0.02701,0.21624,-1.2,1.0000,-29.2336,0.4741,-6.7670,177.610,ppo_car_spread_a_deterministic
4.0600,-0.08948,0.0000,0.0057,0.03152,0.03153,0.30691,-1.2,1.0000,-29.2336,0.4741,-6.7677,177.607,ppo_car_spread_a_deterministic
4.0800,-0.08948,0.0000,0.0057,0.02820,0.02821,0.33332,-1.2,1.0000,-29.2336,0.4741,-6.7682,177.609,ppo_car_spread_a_deterministic
4.1000,-0.08924,0.0000,0.0064,0.02502,0.02503,0.23716,-1.2,1.0000,-29.2335,0.4741,-6.7687,177.610,ppo_car_spread_a_deterministic
4.1200,-0.08924,0.0000,0.0064,0.02356,0.02357,0.19563,-1.3,1.0000,-29.2335,0.4741,-6.7692,177.610,ppo_car_spread_a_deterministic
4.1400,-0.08924,0.0000,0.0064,0.02789,0.02790,0.15751,-1.3,1.0000,-29.2335,0.4741,-6.7698,177.609,ppo_car_spread_a_deterministic
4.1600,-0.08924,0.0000,0.0064,0.01828,0.01829,0.37511,-1.3,1.0000,-29.2334,0.4741,-6.7701,177.608,ppo_car_spread_a_deterministic
4.1800,-0.08945,0.0000,0.0036,0.02612,0.02613,0.38259,-1.3,1.0000,-29.2334,0.4741,-6.7706,177.603,ppo_car_spread_a_deterministic
4.2000,-0.08945,0.0000,0.0036,0.02828,0.02829,0.30618,-0.8,1.0000,-29.2334,0.4741,-6.7712,177.603,ppo_car_spread_a_deterministic
4.2200,-0.08945,0.0000,0.0036,0.02111,0.02111,0.16344,-0.8,1.0000,-29.2334,0.4741,-6.7716,177.603,ppo_car_spread_a_deterministic
4.2400,-0.08945,0.0000,0.0036,0.02094,0.02095,0.39381,-0.8,1.0000,-29.2333,0.4741,-6.7720,177.605,ppo_car_spread_a_deterministic
4.2600,-0.08987,0.0025,0.0000,0.02745,0.02746,0.24327,-0.8,1.0000,-29.2333,0.4741,-6.7726,177.607,ppo_car_spread_a_deterministic
4.2800,-0.08987,0.0025,0.0000,0.02162,0.02163,0.28979,1.3,1.0000,-29.2333,0.4741,-6.7730,177.603,ppo_car_spread_a_deterministic
4.3000,-0.08987,0.0025,0.0000,0.02209,0.02209,0.36830,1.3,1.0000,-29.2332,0.4741,-6.7735,177.603,ppo_car_spread_a_deterministic
4.3200,-0.08987,0.0025,0.0000,0.02070,0.02071,0.39290,1.3,1.0000,-29.2332,0.4741,-6.7739,177.601,ppo_car_spread_a_deterministic
4.3400,-0.08993,0.0017,0.0000,0.02607,0.02608,0.27943,1.3,1.0000,-29.2332,0.4741,-6.7744,177.603,ppo_car_spread_a_deterministic
4.3600,-0.08993,0.0017,0.0000,0.02163,0.02163,0.39058,0.9,1.0000,-29.2331,0.4741,-6.7748,177.600,ppo_car_spread_a_deterministic
4.3800,-0.08993,0.0017,0.0000,0.02469,0.02470,0.13080,0.9,1.0000,-29.2331,0.4741,-6.7753,177.601,ppo_car_spread_a_deterministic
4.4000,-0.08993,0.0017,0.0000,0.02656,0.02656,0.27011,0.9,1.0000,-29.2331,0.4741,-6.7758,177.602,ppo_car_spread_a_deterministic
4.4200,-0.08979,0.0000,0.0012,0.02377,0.02378,0.37705,0.9,1.0000,-29.2331,0.4741,-6.7763,177.602,ppo_car_spread_a_deterministic
4.4400,-0.08979,0.0000,0.0012,0.02333,0.02333,0.13432,-0.2,1.0000,-29.2330,0.4741,-6.7768,177.601,ppo_car_spread_a_deterministic
4.4600,-0.08979,0.0000,0.0012,0.02474,0.02474,0.29892,-0.2,1.0000,-29.2330,0.4741,-6.7773,177.603,ppo_car_spread_a_deterministic
4.4800,-0.08979,0.0000,0.0012,0.01757,0.01757,0.37822,-0.2,1.0000,-29.2330,0.4741,-6.7776,177.602,ppo_car_spread_a_deterministic
4.5000,-0.08981,0.0000,0.0018,0.03098,0.03099,0.30226,-0.2,1.0000,-29.2329,0.4741,-6.7783,177.601,ppo_car_spread_a_deterministic
4.5200,-0.08981,0.0000,0.0018,0.02405,0.02406,0.28948,-0.4,1.0000,-29.2329,0.4741,-6.7787,177.599,ppo_car_spread_a_deterministic
4.5400,-0.08981,0.0000,0.0018,0.01962,0.01962,0.39358,-0.4,1.0000,-29.2329,0.4741,-6.7791,177.594,ppo_car_spread_a_deterministic
4.5600,-0.08981,0.0000,0.0018,0.02238,0.02238,0.36506,-0.4,1.0000,-29.2329,0.4741,-6.7796,177.594,ppo_car_spread_a_deterministic
4.5800,-0.08989,0.0055,0.0000,0.02867,0.02868,0.31685,-0.4,1.0000,-29.2328,0.4741,-6.7801,177.594,ppo_car_spread_a_deterministic
4.6000,-0.08989,0.0055,0.0000,0.02091,0.02092,0.38598,2.9,1.0000,-29.2328,0.4741,-6.7806,177.596,ppo_car_spread_a_deterministic
4.6200,-0.08989,0.0055,0.0000,0.03032,0.03032,0.29625,2.9,1.0000,-29.2328,0.4741,-6.7812,177.596,ppo_car_spread_a_deterministic
4.6400,-0.08989,0.0055,0.0000,0.02632,0.02633,0.30292,2.9,1.0000,-29.2327,0.4741,-6.7817,177.599,ppo_car_spread_a_deterministic
4.6600,-0.08944,0.0000,0.0063,0.02927,0.02928,0.28191,2.9,1.0000,-29.2327,0.4741,-6.7823,177.602,ppo_car_spread_a_deterministic
4.6800,-0.08944,0.0000,0.0063,0.02478,0.02478,0.29330,-1.3,1.0000,-29.2327,0.4741,-6.7828,177.600,ppo_car_spread_a_deterministic
4.7000,-0.08944,0.0000,0.0063,0.02564,0.02565,0.39759,-1.3,1.0000,-29.2326,0.4741,-6.7833,177.597,ppo_car_spread_a_deterministic
4.7200,-0.08944,0.0000,0.0063,0.02453,0.02453,0.15987,-1.3,1.0000,-29.2326,0.4741,-6.7838,177.596,ppo_car_spread_a_deterministic
4.7400,-0.08961,0.0000,0.0008,0.02441,0.02442,0.36346,-1.3,1.0000,-29.2326,0.4741,-6.7843,177.592,ppo_car_spread_a_deterministic
4.7600,-0.08961,0.0000,0.0008,0.02872,0.02873,0.26914,-0.2,1.0000,-29.2325,0.4741,-6.7848,177.591,ppo_car_spread_a_deterministic
4.7800,-0.08961,0.0000,0.0008,0.02155,0.02156,0.34311,-0.2,1.0000,-29.2325,0.4741,-6.7853,177.592,ppo_car_spread_a_deterministic
4.8000,-0.08961,0.0000,0.0008,0.02811,0.02812,0.36276,-0.2,1.0000,-29.2325,0.4741,-6.7858,177.588,ppo_car_spread_a_deterministic
4.8200,-0.08994,0.0018,0.0000,0.01946,0.01947,0.27648,-0.2,1.0000,-29.2324,0.4741,-6.7862,177.587,ppo_car_spread_a_deterministic
4.8400,-0.08994,0.0018,0.0000,0.02859,0.02860,0.31058,0.9,1.0000,-29.2324,0.4741,-6.7868,177.587,ppo_car_spread_a_deterministic
4.8600,-0.08994,0.0018,0.0000,0.02389,0.02389,0.28772,0.9,1.0000,-29.2324,0.4741,-6.7873,177.583,ppo_car_spread_a_deterministic
4.8800,-0.08994,0.0018,0.0000,0.02639,0.02639,0.31321,0.9,1.0000,-29.2323,0.4741,-6.7878,177.578,ppo_car_spread_a_deterministic
4.9000,-0.08970,0.0012,0.0000,0.02577,0.02577,0.17432,0.9,1.0000,-29.2323,0.4741,-6.7883,177.576,ppo_car_spread_a_deterministic
4.9200,-0.08970,0.0012,0.0000,0.02423,0.02424,0.38977,0.6,1.0000,-29.2323,0.4741,-6.7888,177.576,ppo_car_spread_a_deterministic
4.9400,-0.08970,0.0012,0.0000,0.01938,0.01939,0.32822,0.6,1.0000,-29.2323,0.4741,-6.7892,177.574,ppo_car_spread_a_deterministic
4.9600,-0.08970,0.0012,0.0000,0.01734,0.01735,0.39750,0.6,1.0000,-29.2322,0.4741,-6.7895,177.573,ppo_car_spread_a_deterministic
4.9800,-0.09003,0.0045,0.0000,0.02356,0.02356,0.34998,0.6,1.0000,-29.2322,0.4741,-6.7900,177.575,ppo_car_spread_a_deterministic
5.0000,-0.09003,0.0045,0.0000,0.02585,0.02586,0.14309,2.4,1.0000,-29.2322,0.4741,-6.7905,177.574,ppo_car_spread_a_deterministic
5.0200,-0.09003,0.0045,0.0000,0.02338,0.02339,0.39661,2.4,1.0000,-29.2321,0.4741,-6.7910,177.574,ppo_car_spread_a_deterministic
5.0400,-0.09003,0.0045,0.0000,0.02782,0.02782,0.30433,2.4,1.0000,-29.2321,0.4741,-6.7915,177.572,ppo_car_spread_a_deterministic
5.0600,-0.08988,0.0006,0.0000,0.02562,0.02563,0.28594,2.4,1.0000,-29.2321,0.4741,-6.7920,177.569,ppo_car_spread_a_deterministic
5.0800,-0.08988,0.0006,0.0000,0.02699,0.02699,0.24321,0.3,1.0000,-29.2320,0.4741,-6.7926,177.569,ppo_car_spread_a_deterministic
5.1000,-0.08988,0.0006,0.0000,0.02905,0.02905,0.28868,0.3,1.0000,-29.2320,0.4741,-6.7932,177.568,ppo_car_spread_a_deterministic
5.1200,-0.08988,0.0006,0.0000,0.02921,0.02922,0.25222,0.3,1.0000,-29.2320,0.4741,-6.7938,177.568,ppo_car_spread_a_deterministic
5.1400,-0.08950,0.0000,0.0046,0.02653,0.02654,0.23048,0.3,1.0000,-29.2319,0.4741,-6.7943,177.570,ppo_car_spread_a_deterministic
5.1600,-0.08950,0.0000,0.0046,0.02798,0.02798,0.39658,-1.0,1.0000,-29.2319,0.4741,-6.7948,177.568,ppo_car_spread_a_deterministic
5.1800,-0.08950,0.0000,0.0046,0.02544,0.02544,0.15559,-1.0,1.0000,-29.2319,0.4741,-6.7953,177.568,ppo_car_spread_a_deterministic
5.2000,-0.08950,0.0000,0.0046,0.02328,0.02328,0.39533,-1.0,1.0000,-29.2318,0.4741,-6.7958,177.569,ppo_car_spread_a_deterministic
5.2200,-0.08967,0.0000,0.0015,0.02665,0.02666,0.38870,-1.0,1.0000,-29.2318,0.4741,-6.7963,177.566,ppo_car_spread_a_deterministic
5.2400,-0.08967,0.0000,0.0015,0.02815,0.02816,0.30380,-0.3,1.0000,-29.2318,0.4741,-6.7969,177.567,ppo_car_spread_a_deterministic
5.2600,-0.08967,0.0000,0.0015,0.02353,0.02354,0.30473,-0.3,1.0000,-29.2317,0.4741,-6.7974,177.565,ppo_car_spread_a_deterministic
5.2800,-0.08967,0.0000,0.0015,0.02521,0.02521,0.21898,-0.3,1.0000,-29.2317,0.4741,-6.7979,177.565,ppo_car_spread_a_deterministic
5.3000,-0.08978,0.0010,0.0000,0.02526,0.02526,0.39290,-0.3,1.0000,-29.2317,0.4741,-6.7984,177.561,ppo_car_spread_a_deterministic
5.3200,-0.08978,0.0010,0.0000,0.02616,0.02616,0.28885,0.5,1.0000,-29.2316,0.4741,-6.7989,177.560,ppo_car_spread_a_deterministic
5.3400,-0.08978,0.0010,0.0000,0.02026,0.02026,0.36883,0.5,1.0000,-29.2316,0.4741,-6.7993,177.560,ppo_car_spread_a_deterministic
5.3600,-0.08978,0.0010,0.0000,0.02428,0.02428,0.37841,0.5,1.0000,-29.2316,0.4741,-6.7998,177.560,ppo_car_spread_a_deterministic
5.3800,-0.08999,0.0031,0.0000,0.03497,0.03498,0.28501,0.5,1.0000,-29.2315,0.4741,-6.8005,177.560,ppo_car_spread_a_deterministic
5.4000,-0.08999,0.0031,0.0000,0.02147,0.02147,0.34736,1.6,1.0000,-29.2315,0.4741,-6.8009,177.560,ppo_car_spread_a_deterministic
5.4200,-0.08999,0.0031,0.0000,0.02893,0.02894,0.38771,1.6,1.0000,-29.2315,0.4741,-6.8015,177.565,ppo_car_spread_a_deterministic
5.4400,-0.08999,0.0031,0.0000,0.02867,0.02868,0.34519,1.6,1.0000,-29.2314,0.4741,-6.8021,177.561,ppo_car_spread_a_deterministic
5.4600,-0.08981,0.0000,0.0067,0.02959,0.02960,0.27144,1.6,1.0000,-29.2314,0.4741,-6.8027,177.561,ppo_car_spread_a_deterministic
5.4800,-0.08981,0.0000,0.0067,0.03191,0.03192,0.25322,-1.4,1.0000,-29.2314,0.4741,-6.8033,177.558,ppo_car_spread_a_deterministic
5.5000,-0.08981,0.0000,0.0067,0.03192,0.03193,0.24182,-1.4,1.0000,-29.2313,0.4741,-6.8039,177.559,ppo_car_spread_a_deterministic
5.5200,-0.08981,0.0000,0.0067,0.03246,0.03246,0.23850,-1.4,1.0000,-29.2313,0.4741,-6.8046,177.557,ppo_car_spread_a_deterministic
5.5400,-0.08933,0.0000,0.0077,0.02865,0.02865,0.18643,-1.4,1.0000,-29.2313,0.4741,-6.8052,177.555,ppo_car_spread_a_deterministic
5.5600,-0.08933,0.0000,0.0077,0.02752,0.02753,0.31895,-1.6,1.0000,-29.2312,0.4741,-6.8057,177.553,ppo_car_spread_a_deterministic
5.5800,-0.08933,0.0000,0.0077,0.02853,0.02853,0.16253,-1.6,1.0000,-29.2312,0.4741,-6.8063,177.553,ppo_car_spread_a_deterministic
5.6000,-0.08933,0.0000,0.0077,0.02393,0.02393,0.39554,-1.6,1.0000,-29.2312,0.4741,-6.8068,177.556,ppo_car_spread_a_deterministic
5.6200,-0.08945,0.0000,0.0045,0.03044,0.03045,0.31140,-1.6,1.0000,-29.2311,0.4741,-6.8074,177.553,ppo_car_spread_a_deterministic
5.6400,-0.08945,0.0000,0.0045,0.02647,0.02647,0.30556,-0.9,1.0000,-29.2311,0.4741,-6.8079,177.551,ppo_car_spread_a_deterministic
5.6600,-0.08945,0.0000,0.0045,0.02878,0.02879,0.18703,-0.9,1.0000,-29.2311,0.4741,-6.8085,177.550,ppo_car_spread_a_deterministic
5.6800,-0.08945,0.0000,0.0045,0.02402,0.02402,0.21204,-0.9,1.0000,-29.2310,0.4741,-6.8089,177.548,ppo_car_spread_a_deterministic
5.7000,-0.08937,0.0000,0.0041,0.02341,0.02342,0.25855,-0.9,1.0000,-29.2310,0.4741,-6.8094,177.550,ppo_car_spread_a_deterministic
5.7200,-0.08937,0.0000,0.0041,0.02267,0.02267,0.39474,-0.9,1.0000,-29.2310,0.4741,-6.8098,177.552,ppo_car_spread_a_deterministic
5.7400,-0.08937,0.0000,0.0041,0.02074,0.02075,0.39667,-0.9,1.0000,-29.2309,0.4741,-6.8103,177.551,ppo_car_spread_a_deterministic
5.7600,-0.08937,0.0000,0.0041,0.02612,0.02613,0.25326,-0.9,1.0000,-29.2309,0.4741,-6.8108,177.551,ppo_car_spread_a_deterministic
5.7800,-0.08993,0.0031,0.0000,0.02189,0.02190,0.22995,-0.9,1.0000,-29.2309,0.4741,-6.8112,177.552,ppo_car_spread_a_deterministic
5.8000,-0.08993,0.0031,0.0000,0.02794,0.02795,0.30676,1.6,1.0000,-29.2309,0.4741,-6.8118,177.547,ppo_car_spread_a_deterministic
5.8200,-0.08993,0.0031,0.0000,0.02705,0.02705,0.39173,1.6,1.0000,-29.2308,0.4741,-6.8123,177.548,ppo_car_spread_a_deterministic
5.8400,-0.08993,0.0031,0.0000,0.02481,0.02481,0.19249,1.6,1.0000,-29.2308,0.4741,-6.8128,177.547,ppo_car_spread_a_deterministic
5.8600,-0.08967,0.0000,0.0032,0.02770,0.02771,0.20806,1.6,1.0000,-29.2308,0.4741,-6.8134,177.545,ppo_car_spread_a_deterministic
5.8800,-0.08967,0.0000,0.0032,0.03114,0.03114,0.23873,-0.7,1.0000,-29.2307,0.4741,-6.8140,177.546,ppo_car_spread_a_deterministic
5.9000,-0.08967,0.0000,0.0032,0.02690,0.02690,0.29182,-0.7,1.0000,-29.2307,0.4741,-6.8145,177.546,ppo_car_spread_a_deterministic
5.9200,-0.08967,0.0000,0.0032,0.02351,0.02351,0.22207,-0.7,1.0000,-29.2306,0.4741,-6.8150,177.545,ppo_car_spread_a_deterministic
5.9400,-0.08966,0.0000,0.0029,0.03004,0.03005,0.28650,-0.7,1.0000,-29.2306,0.4741,-6.8156,177.542,ppo_car_spread_a_deterministic
5.9600,-0.08966,0.0000,0.0029,0.02202,0.02202,0.39134,-0.6,1.0000,-29.2306,0.4741,-6.8160,177.541,ppo_car_spread_a_deterministic
5.9800,-0.08966,0.0000,0.0029,0.02432,0.02432,0.38519,-0.6,1.0000,-29.2305,0.4741,-6.8165,177.536,ppo_car_spread_a_deterministic
6.0000,-0.08966,0.0000,0.0029,0.02558,0.02559,0.05275,-0.6,1.0000,-29.2305,0.4741,-6.8170,177.536,ppo_car_spread_a_deterministic
6.0200,-0.08959,0.0011,0.0000,0.02463,0.02463,0.22481,-0.6,1.0000,-29.2305,0.4741,-6.8175,177.533,ppo_car_spread_a_deterministic
6.0400,-0.08959,0.0011,0.0000,0.02343,0.02343,0.15429,0.6,1.0000,-29.2305,0.4741,-6.8180,177.533,ppo_car_spread_a_deterministic
6.0600,-0.08959,0.0011,0.0000,0.02289,0.02290,0.29031,0.6,1.0000,-29.2304,0.4741,-6.8184,177.531,ppo_car_spread_a_deterministic
6.0800,-0.08959,0.0011,0.0000,0.02516,0.02517,0.29295,0.6,1.0000,-29.2304,0.4741,-6.8190,177.530,ppo_car_spread_a_deterministic
6.1000,-0.08982,0.0014,0.0000,0.03007,0.03008,0.31926,0.6,1.0000,-29.2304,0.4741,-6.8196,177.528,ppo_car_spread_a_deterministic
6.1200,-0.08982,0.0014,0.0000,0.02176,0.02177,0.32731,0.8,1.0000,-29.2303,0.4741,-6.8200,177.525,ppo_car_spread_a_deterministic
6.1400,-0.08982,0.0014,0.0000,0.02251,0.02251,0.26701,0.8,1.0000,-29.2303,0.4741,-6.8204,177.526,ppo_car_spread_a_deterministic
6.1600,-0.08982,0.0014,0.0000,0.02692,0.02692,0.22981,0.8,1.0000,-29.2303,0.4741,-6.8210,177.525,ppo_car_spread_a_deterministic
6.1800,-0.08999,0.0007,0.0000,0.02478,0.02478,0.37514,0.8,1.0000,-29.2302,0.4741,-6.8215,177.523,ppo_car_spread_a_deterministic
6.2000,-0.08999,0.0007,0.0000,0.02384,0.02384,0.18356,0.4,1.0000,-29.2302,0.4741,-6.8219,177.523,ppo_car_spread_a_deterministic
6.2200,-0.08999,0.0007,0.0000,0.02852,0.02852,0.21661,0.4,1.0000,-29.2302,0.4741,-6.8225,177.522,ppo_car_spread_a_deterministic
6.2400,-0.08999,0.0007,0.0000,0.02291,0.02291,0.29097,0.4,1.0000,-29.2301,0.4741,-6.8230,177.523,ppo_car_spread_a_deterministic
6.2600,-0.08957,0.0000,0.0042,0.03098,0.03098,0.29850,0.4,1.0000,-29.2301,0.4741,-6.8236,177.523,ppo_car_spread_a_deterministic
6.2800,-0.08957,0.0000,0.0042,0.02756,0.02757,0.39479,-0.9,1.0000,-29.2301,0.4741,-6.8242,177.524,ppo_car_spread_a_deterministic
6.3000,-0.08957,0.0000,0.0042,0.02131,0.02132,0.36833,-0.9,1.0000,-29.2300,0.4741,-6.8246,177.524,ppo_car_spread_a_deterministic
6.3200,-0.08957,0.0000,0.0042,0.02156,0.02156,0.21820,-0.9,1.0000,-29.2300,0.4741,-6.8250,177.524,ppo_car_spread_a_deterministic
6.3400,-0.08989,0.0023,0.0000,0.02719,0.02720,0.24172,-0.9,1.0000,-29.2300,0.4741,-6.8255,177.526,ppo_car_spread_a_deterministic
6.3600,-0.08989,0.0023,0.0000,0.02658,0.02658,0.34024,1.2,1.0000,-29.2299,0.4741,-6.8261,177.528,ppo_car_spread_a_deterministic
6.3800,-0.08989,0.0023,0.0000,0.02524,0.02525,0.27006,1.2,1.0000,-29.2299,0.4741,-6.8266,177.525,ppo_car_spread_a_deterministic
6.4000,-0.08989,0.0023,0.0000,0.02103,0.02103,0.31897,1.2,1.0000,-29.2299,0.4741,-6.8270,177.524,ppo_car_spread_a_deterministic
6.4200,-0.08968,0.0000,0.0005,0.02529,0.02529,0.31502,1.2,1.0000,-29.2298,0.4741,-6.8275,177.524,ppo_car_spread_a_deterministic
6.4400,-0.08968,0.0000,0.0005,0.03334,0.03335,0.32082,-0.1,1.0000,-29.2298,0.4741,-6.8282,177.526,ppo_car_spread_a_deterministic
6.4600,-0.08968,0.0000,0.0005,0.02497,0.02497,0.33868,-0.1,1.0000,-29.2298,0.4741,-6.8287,177.528,ppo_car_spread_a_deterministic
6.4800,-0.08968,0.0000,0.0005,0.02977,0.02978,0.29190,-0.1,1.0000,-29.2297,0.4741,-6.8293,177.526,ppo_car_spread_a_deterministic
6.5000,-0.08983,0.0000,0.0020,0.02337,0.02338,0.38876,-0.1,1.0000,-29.2297,0.4741,-6.8297,177.525,ppo_car_spread_a_deterministic
6.5200,-0.08983,0.0000,0.0020,0.02702,0.02702,0.22482,-0.4,1.0000,-29.2297,0.4741,-6.8303,177.525,ppo_car_spread_a_deterministic
6.5400,-0.08983,0.0000,0.0020,0.02840,0.02841,0.16810,-0.4,1.0000,-29.2296,0.4741,-6.8308,177.522,ppo_car_spread_a_deterministic
6.5600,-0.08983,0.0000,0.0020,0.02185,0.02185,0.34596,-0.4,1.0000,-29.2296,0.4741,-6.8313,177.524,ppo_car_spread_a_deterministic
6.5800,-0.08946,0.0000,0.0035,0.02319,0.02319,0.38862,-0.4,1.0000,-29.2296,0.4741,-6.8317,177.519,ppo_car_spread_a_deterministic
6.6000,-0.08946,0.0000,0.0035,0.02643,0.02644,0.10286,-0.7,1.0000,-29.2295,0.4741,-6.8323,177.519,ppo_car_spread_a_deterministic
6.6200,-0.08946,0.0000,0.0035,0.02898,0.02898,0.22012,-0.7,1.0000,-29.2295,0.4741,-6.8328,177.520,ppo_car_spread_a_deterministic
6.6400,-0.08946,0.0000,0.0035,0.03257,0.03257,0.30640,-0.7,1.0000,-29.2295,0.4741,-6.8335,177.520,ppo_car_spread_a_deterministic
6.6600,-0.08948,0.0000,0.0051,0.02297,0.02297,0.38293,-0.7,1.0000,-29.2294,0.4741,-6.8340,177.521,ppo_car_spread_a_deterministic
6.6800,-0.08948,0.0000,0.0051,0.02296,0.02296,0.13812,-1.1,1.0000,-29.2294,0.4741,-6.8344,177.520,ppo_car_spread_a_deterministic
6.7000,-0.08948,0.0000,0.0051,0.02441,0.02441,0.27717,-1.1,1.0000,-29.2294,0.4741,-6.8349,177.521,ppo_car_spread_a_deterministic
6.7200,-0.08948,0.0000,0.0051,0.02333,0.02334,0.34314,-1.1,1.0000,-29.2294,0.4741,-6.8354,177.519,ppo_car_spread_a_deterministic
6.7400,-0.08967,0.0000,0.0008,0.02268,0.02268,0.29323,-1.1,1.0000,-29.2293,0.4741,-6.8358,177.518,ppo_car_spread_a_deterministic
6.7600,-0.08967,0.0000,0.0008,0.02448,0.02449,0.21641,-0.2,1.0000,-29.2293,0.4741,-6.8363,177.521,ppo_car_spread_a_deterministic
6.7800,-0.08967,0.0000,0.0008,0.02778,0.02778,0.32082,-0.2,1.0000,-29.2293,0.4741,-6.8369,177.526,ppo_car_spread_a_deterministic
6.8000,-0.08967,0.0000,0.0008,0.02083,0.02083,0.33493,-0.2,1.0000,-29.2292,0.4741,-6.8373,177.522,ppo_car_spread_a_deterministic
6.8200,-0.08974,0.0000,0.0054,0.02461,0.02462,0.29137,-0.2,1.0000,-29.2292,0.4741,-6.8378,177.524,ppo_car_spread_a_deterministic
6.8400,-0.08974,0.0000,0.0054,0.02044,0.02044,0.32786,-1.1,1.0000,-29.2292,0.4741,-6.8382,177.524,ppo_car_spread_a_deterministic
6.8600,-0.08974,0.0000,0.0054,0.02984,0.02984,0.31524,-1.1,1.0000,-29.2291,0.4741,-6.8388,177.524,ppo_car_spread_a_deterministic
6.8800,-0.08974,0.0000,0.0054,0.02507,0.02508,0.20967,-1.1,1.0000,-29.2291,0.4741,-6.8393,177.523,ppo_car_spread_a_deterministic
6.9000,-0.08939,0.0000,0.0056,0.02858,0.02858,0.22306,-1.1,1.0000,-29.2291,0.4741,-6.8398,177.522,ppo_car_spread_a_deterministic
6.9200,-0.08939,0.0000,0.0056,0.02398,0.02398,0.06775,-1.2,1.0000,-29.2290,0.4741,-6.8403,177.521,ppo_car_spread_a_deterministic
6.9400,-0.08939,0.0000,0.0056,0.01872,0.01873,0.35922,-1.2,1.0000,-29.2290,0.4741,-6.8407,177.523,ppo_car_spread_a_deterministic
6.9600,-0.08939,0.0000,0.0056,0.01757,0.01758,0.32687,-1.2,1.0000,-29.2290,0.4741,-6.8410,177.520,ppo_car_spread_a_deterministic
6.9800,-0.09016,0.0040,0.0000,0.02660,0.02661,0.31830,-1.2,1.0000,-29.2290,0.4741,-6.8416,177.520,ppo_car_spread_a_deterministic
7.0000,-0.09016,0.0040,0.0000,0.01841,0.01842,0.39186,2.1,1.0000,-29.2289,0.4741,-6.8419,177.521,ppo_car_spread_a_deterministic
7.0200,-0.09016,0.0040,0.0000,0.02423,0.02424,0.16546,2.1,1.0000,-29.2289,0.4741,-6.8424,177.519,ppo_car_spread_a_deterministic
7.0400,-0.09016,0.0040,0.0000,0.02336,0.02337,0.20984,2.1,1.0000,-29.2289,0.4741,-6.8429,177.519,ppo_car_spread_a_deterministic
7.0600,-0.08976,0.0002,0.0000,0.02299,0.02300,0.31538,2.1,1.0000,-29.2288,0.4741,-6.8433,177.517,ppo_car_spread_a_deterministic
7.0800,-0.08976,0.0002,0.0000,0.02632,0.02633,0.25612,0.1,1.0000,-29.2288,0.4741,-6.8439,177.519,ppo_car_spread_a_deterministic
7.1000,-0.08976,0.0002,0.0000,0.02567,0.02568,0.27528,0.1,1.0000,-29.2288,0.4741,-6.8444,177.517,ppo_car_spread_a_deterministic
7.1200,-0.08976,0.0002,0.0000,0.02829,0.02829,0.30374,0.1,1.0000,-29.2287,0.4741,-6.8450,177.517,ppo_car_spread_a_deterministic
7.1400,-0.08961,0.0000,0.0010,0.02657,0.02658,0.33635,0.1,1.0000,-29.2287,0.4741,-6.8455,177.515,ppo_car_spread_a_deterministic
7.1600,-0.08961,0.0000,0.0010,0.02379,0.02380,0.18526,-0.2,1.0000,-29.2287,0.4741,-6.8460,177.515,ppo_car_spread_a_deterministic
7.1800,-0.08961,0.0000,0.0010,0.02684,0.02685,0.36135,-0.2,1.0000,-29.2286,0.4741,-6.8465,177.512,ppo_car_spread_a_deterministic
7.2000,-0.08961,0.0000,0.0010,0.02399,0.02399,0.15697,-0.2,1.0000,-29.2286,0.4741,-6.8470,177.511,ppo_car_spread_a_deterministic
7.2200,-0.08957,0.0000,0.0019,0.02735,0.02736,0.31603,-0.2,1.0000,-29.2286,0.4741,-6.8475,177.510,ppo_car_spread_a_deterministic
7.2400,-0.08957,0.0000,0.0019,0.02732,0.02733,0.29115,-0.4,1.0000,-29.2285,0.4741,-6.8481,177.507,ppo_car_spread_a_deterministic
7.2600,-0.08957,0.0000,0.0019,0.02162,0.02162,0.33465,-0.4,1.0000,-29.2285,0.4741,-6.8485,177.509,ppo_car_spread_a_deterministic
7.2800,-0.08957,0.0000,0.0019,0.02414,0.02414,0.17537,-0.4,1.0000,-29.2285,0.4741,-6.8490,177.510,ppo_car_spread_a_deterministic
7.3000,-0.08996,0.0013,0.0000,0.02202,0.02202,0.36291,-0.4,1.0000,-29.2285,0.4741,-6.8494,177.510,ppo_car_spread_a_deterministic
7.3200,-0.08996,0.0013,0.0000,0.02680,0.02681,0.28120,0.7,1.0000,-29.2284,0.4741,-6.8500,177.507,ppo_car_spread_a_deterministic
7.3400,-0.08996,0.0013,0.0000,0.02131,0.02131,0.15674,0.7,1.0000,-29.2284,0.4741,-6.8504,177.507,ppo_car_spread_a_deterministic
7.3600,-0.08996,0.0013,0.0000,0.02163,0.02164,0.35110,0.7,1.0000,-29.2284,0.4741,-6.8508,177.504,ppo_car_spread_a_deterministic
7.3800,-0.08997,0.0022,0.0000,0.02510,0.02511,0.32454,0.7,1.0000,-29.2283,0.4741,-6.8513,177.502,ppo_car_spread_a_deterministic
7.4000,-0.08997,0.0022,0.0000,0.03085,0.03086,0.32665,1.1,1.0000,-29.2283,0.4741,-6.8519,177.502,ppo_car_spread_a_deterministic
7.4200,-0.08997,0.0022,0.0000,0.02682,0.02683,0.23264,1.1,1.0000,-29.2283,0.4741,-6.8525,177.503,ppo_car_spread_a_deterministic
7.4400,-0.08997,0.0022,0.0000,0.01836,0.01836,0.37478,1.1,1.0000,-29.2282,0.4741,-6.8528,177.503,ppo_car_spread_a_deterministic
7.4600,-0.08974,0.0000,0.0035,0.02401,0.02401,0.19037,1.1,1.0000,-29.2282,0.4741,-6.8533,177.503,ppo_car_spread_a_deterministic
7.4800,-0.08974,0.0000,0.0035,0.02885,0.02886,0.24267,-0.7,1.0000,-29.2282,0.4741,-6.8539,177.501,ppo_car_spread_a_deterministic
7.5000,-0.08974,0.0000,0.0035,0.02825,0.02826,0.18707,-0.7,1.0000,-29.2281,0.4741,-6.8545,177.500,ppo_car_spread_a_deterministic
7.5200,-0.08974,0.0000,0.0035,0.02589,0.02589,0.19758,-0.7,1.0000,-29.2281,0.4741,-6.8550,177.496,ppo_car_spread_a_deterministic
7.5400,-0.08948,0.0000,0.0040,0.02238,0.02238,0.37340,-0.7,1.0000,-29.2281,0.4741,-6.8554,177.492,ppo_car_spread_a_deterministic
7.5600,-0.08948,0.0000,0.0040,0.03055,0.03056,0.32049,-0.8,1.0000,-29.2280,0.4741,-6.8560,177.490,ppo_car_spread_a_deterministic
7.5800,-0.08948,0.0000,0.0040,0.02383,0.02383,0.24185,-0.8,1.0000,-29.2280,0.4741,-6.8565,177.491,ppo_car_spread_a_deterministic
7.6000,-0.08948,0.0000,0.0040,0.02376,0.02377,0.39090,-0.8,1.0000,-29.2280,0.4741,-6.8570,177.492,ppo_car_spread_a_deterministic
7.6200,-0.08982,0.0000,0.0003,0.02720,0.02721,0.31134,-0.8,1.0000,-29.2280,0.4741,-6.8575,177.489,ppo_car_spread_a_deterministic
7.6400,-0.08982,0.0000,0.0003,0.02262,0.02263,0.38647,-0.1,1.0000,-29.2279,0.4741,-6.8580,177.485,ppo_car_spread_a_deterministic
7.6600,-0.08982,0.0000,0.0003,0.02698,0.02698,0.20505,-0.1,1.0000,-29.2279,0.4741,-6.8585,177.483,ppo_car_spread_a_deterministic
7.6800,-0.08982,0.0000,0.0003,0.02439,0.02439,0.13801,-0.1,1.0000,-29.2279,0.4741,-6.8590,177.482,ppo_car_spread_a_deterministic
7.7000,-0.08955,0.0000,0.0023,0.02796,0.02796,0.30772,-0.1,1.0000,-29.2278,0.4741,-6.8596,177.480,ppo_car_spread_a_deterministic
7.7200,-0.08955,0.0000,0.0023,0.02495,0.02495,0.24177,-0.5,1.0000,-29.2278,0.4741,-6.8601,177.481,ppo_car_spread_a_deterministic
7.7400,-0.08955,0.0000,0.0023,0.02654,0.02655,0.16624,-0.5,1.0000,-29.2278,0.4741,-6.8606,177.481,ppo_car_spread_a_deterministic
7.7600,-0.08955,0.0000,0.0023,0.01737,0.01737,0.32375,-0.5,1.0000,-29.2277,0.4741,-6.8609,177.480,ppo_car_spread_a_deterministic
7.7800,-0.08959,0.0000,0.0023,0.02318,0.02318,0.38998,-0.5,1.0000,-29.2277,0.4741,-6.8614,177.483,ppo_car_spread_a_deterministic
7.8000,-0.08959,0.0000,0.0023,0.03038,0.03039,0.29237,-0.5,1.0000,-29.2277,0.4741,-6.8620,177.483,ppo_car_spread_a_deterministic
7.8200,-0.08959,0.0000,0.0023,0.02390,0.02391,0.19180,-0.5,1.0000,-29.2276,0.4741,-6.8625,177.483,ppo_car_spread_a_deterministic
7.8400,-0.08959,0.0000,0.0023,0.02387,0.02387,0.28900,-0.5,1.0000,-29.2276,0.4741,-6.8629,177.487,ppo_car_spread_a_deterministic
7.8600,-0.08984,0.0000,0.0005,0.02567,0.02567,0.22246,-0.5,1.0000,-29.2276,0.4741,-6.8635,177.485,ppo_car_spread_a_deterministic
7.8800,-0.08984,0.0000,0.0005,0.02211,0.02212,0.35257,-0.1,1.0000,-29.2276,0.4741,-6.8639,177.488,ppo_car_spread_a_deterministic
7.9000,-0.08984,0.0000,0.0005,0.01573,0.01573,0.35191,-0.1,1.0000,-29.2275,0.4741,-6.8642,177.489,ppo_car_spread_a_deterministic
7.9200,-0.08984,0.0000,0.0005,0.02108,0.02108,0.39393,-0.1,1.0000,-29.2275,0.4741,-6.8646,177.486,ppo_car_spread_a_deterministic
7.9400,-0.09037,0.0070,0.0000,0.02545,0.02546,0.32157,-0.1,1.0000,-29.2275,0.4741,-6.8651,177.487,ppo_car_spread_a_deterministic
7.9600,-0.09037,0.0070,0.0000,0.02607,0.02607,0.20615,3.7,1.0000,-29.2274,0.4741,-6.8657,177.487,ppo_car_spread_a_deterministic
7.9800,-0.09037,0.0070,0.0000,0.02518,0.02518,0.14990,3.7,1.0000,-29.2274,0.4741,-6.8662,177.487,ppo_car_spread_a_deterministic
8.0000,-0.09037,0.0070,0.0000,0.02144,0.02144,0.39351,3.7,1.0000,-29.2274,0.4741,-6.8666,177.485,ppo_car_spread_a_deterministic
8.0200,-0.08982,0.0000,0.0012,0.02926,0.02927,0.28254,3.7,1.0000,-29.2273,0.4741,-6.8672,177.486,ppo_car_spread_a_deterministic
8.0400,-0.08982,0.0000,0.0012,0.02058,0.02058,0.39118,-0.3,1.0000,-29.2273,0.4741,-6.8676,177.485,ppo_car_spread_a_deterministic
8.0600,-0.08982,0.0000,0.0012,0.02829,0.02830,0.31483,-0.3,1.0000,-29.2273,0.4741,-6.8682,177.484,ppo_car_spread_a_deterministic
8.0800,-0.08982,0.0000,0.0012,0.03099,0.03099,0.27384,-0.3,1.0000,-29.2272,0.4741,-6.8688,177.483,ppo_car_spread_a_deterministic
8.1000,-0.08949,0.0000,0.0039,0.02499,0.02499,0.18061,-0.3,1.0000,-29.2272,0.4741,-6.8693,177.481,ppo_car_spread_a_deterministic
8.1200,-0.08949,0.0000,0.0039,0.02047,0.02048,0.37850,-0.8,1.0000,-29.2272,0.4741,-6.8697,177.482,ppo_car_spread_a_deterministic
8.1400,-0.08949,0.0000,0.0039,0.02379,0.02379,0.39620,-0.8,1.0000,-29.2271,0.4741,-6.8702,177.484,ppo_car_spread_a_deterministic
8.1600,-0.08949,0.0000,0.0039,0.02807,0.02808,0.23594,-0.8,1.0000,-29.2271,0.4741,-6.8707,177.486,ppo_car_spread_a_deterministic
8.1800,-0.08983,0.0000,0.0007,0.02917,0.02917,0.31829,-0.8,1.0000,-29.2271,0.4741,-6.8713,177.485,ppo_car_spread_a_deterministic
8.2000,-0.08983,0.0000,0.0007,0.03048,0.03049,0.30617,-0.2,1.0000,-29.2270,0.4741,-6.8719,177.487,ppo_car_spread_a_deterministic
8.2200,-0.08983,0.0000,0.0007,0.01947,0.01948,0.31011,-0.2,1.0000,-29.2270,0.4741,-6.8723,177.488,ppo_car_spread_a_deterministic
8.2400,-0.08983,0.0000,0.0007,0.01756,0.01756,0.39060,-0.2,1.0000,-29.2270,0.4741,-6.8726,177.489,ppo_car_spread_a_deterministic
8.2600,-0.09007,0.0036,0.0000,0.02919,0.02920,0.20505,-0.2,1.0000,-29.2270,0.4741,-6.8732,177.488,ppo_car_spread_a_deterministic
8.2800,-0.09007,0.0036,0.0000,0.02887,0.02888,0.16811,1.9,1.0000,-29.2269,0.4741,-6.8738,177.487,ppo_car_spread_a_deterministic
8.3000,-0.09007,0.0036,0.0000,0.02180,0.02181,0.27507,1.9,1.0000,-29.2269,0.4741,-6.8742,177.487,ppo_car_spread_a_deterministic
8.3200,-0.09007,0.0036,0.0000,0.02515,0.02516,0.36823,1.9,1.0000,-29.2269,0.4741,-6.8747,177.485,ppo_car_spread_a_deterministic
8.3400,-0.08999,0.0017,0.0000,0.02582,0.02582,0.14761,1.9,1.0000,-29.2268,0.4741,-6.8753,177.484,ppo_car_spread_a_deterministic
8.3600,-0.08999,0.0017,0.0000,0.02823,0.02823,0.17881,0.9,1.0000,-29.2268,0.4741,-6.8758,177.485,ppo_car_spread_a_deterministic
8.3800,-0.08999,0.0017,0.0000,0.02690,0.02690,0.25162,0.9,1.0000,-29.2268,0.4741,-6.8764,177.484,ppo_car_spread_a_deterministic
8.4000,-0.08999,0.0017,0.0000,0.02378,0.02378,0.29288,0.9,1.0000,-29.2267,0.4741,-6.8768,177.484,ppo_car_spread_a_deterministic
8.4200,-0.08953,0.0000,0.0023,0.02321,0.02321,0.32672,0.9,1.0000,-29.2267,0.4741,-6.8773,177.486,ppo_car_spread_a_deterministic
8.4400,-0.08953,0.0000,0.0023,0.02262,0.02262,0.37344,-0.5,1.0000,-29.2267,0.4741,-6.8777,177.484,ppo_car_spread_a_deterministic
8.4600,-0.08953,0.0000,0.0023,0.02458,0.02458,0.37535,-0.5,1.0000,-29.2266,0.4741,-6.8782,177.486,ppo_car_spread_a_deterministic
8.4800,-0.08953,0.0000,0.0023,0.02139,0.02140,0.38569,-0.5,1.0000,-29.2266,0.4741,-6.8787,177.484,ppo_car_spread_a_deterministic
8.5000,-0.08981,0.0000,0.0016,0.03151,0.03151,0.28256,-0.5,1.0000,-29.2266,0.4741,-6.8793,177.484,ppo_car_spread_a_deterministic
8.5200,-0.08981,0.0000,0.0016,0.03045,0.03046,0.20582,-0.3,1.0000,-29.2265,0.4741,-6.8799,177.485,ppo_car_spread_a_deterministic
8.5400,-0.08981,0.0000,0.0016,0.02690,0.02691,0.39558,-0.3,1.0000,-29.2265,0.4741,-6.8804,177.487,ppo_car_spread_a_deterministic
8.5600,-0.08981,0.0000,0.0016,0.03061,0.03062,0.29335,-0.3,1.0000,-29.2265,0.4741,-6.8811,177.486,ppo_car_spread_a_deterministic
8.5800,-0.08969,0.0000,0.0039,0.02702,0.02703,0.08784,-0.3,1.0000,-29.2264,0.4741,-6.8816,177.486,ppo_car_spread_a_deterministic
8.6000,-0.08969,0.0000,0.0039,0.02055,0.02055,0.26638,-0.8,1.0000,-29.2264,0.4741,-6.8820,177.485,ppo_car_spread_a_deterministic
8.6200,-0.08969,0.0000,0.0039,0.02676,0.02676,0.38193,-0.8,1.0000,-29.2264,0.4741,-6.8825,177.487,ppo_car_spread_a_deterministic
8.6400,-0.08969,0.0000,0.0039,0.02528,0.02528,0.34472,-0.8,1.0000,-29.2263,0.4741,-6.8830,177.490,ppo_car_spread_a_deterministic
8.6600,-0.08965,0.0000,0.0036,0.02812,0.02812,0.30508,-0.8,1.0000,-29.2263,0.4741,-6.8836,177.489,ppo_car_spread_a_deterministic
8.6800,-0.08965,0.0000,0.0036,0.02686,0.02687,0.31977,-0.8,1.0000,-29.2263,0.4741,-6.8841,177.487,ppo_car_spread_a_deterministic
8.7000,-0.08965,0.0000,0.0036,0.02163,0.02164,0.34691,-0.8,1.0000,-29.2262,0.4741,-6.8846,177.488,ppo_car_spread_a_deterministic
8.7200,-0.08965,0.0000,0.0036,0.02503,0.02503,0.38522,-0.8,1.0000,-29.2262,0.4741,-6.8851,177.482,ppo_car_spread_a_deterministic
8.7400,-0.09001,0.0015,0.0000,0.02391,0.02391,0.16939,-0.8,1.0000,-29.2262,0.4741,-6.8855,177.482,ppo_car_spread_a_deterministic
8.7600,-0.09001,0.0015,0.0000,0.03281,0.03281,0.30791,0.8,1.0000,-29.2261,0.4741,-6.8862,177.480,ppo_car_spread_a_deterministic
8.7800,-0.09001,0.0015,0.0000,0.02946,0.02946,0.18395,0.8,1.0000,-29.2261,0.4741,-6.8868,177.479,ppo_car_spread_a_deterministic
8.8000,-0.09001,0.0015,0.0000,0.02946,0.02947,0.21891,0.8,1.0000,-29.2261,0.4741,-6.8874,177.479,ppo_car_spread_a_deterministic
8.8200,-0.08946,0.0000,0.0051,0.02434,0.02434,0.30222,0.8,1.0000,-29.2260,0.4741,-6.8879,177.476,ppo_car_spread_a_deterministic
8.8400,-0.08946,0.0000,0.0051,0.03203,0.03203,0.30876,-1.1,1.0000,-29.2260,0.4741,-6.8885,177.474,ppo_car_spread_a_deterministic
8.8600,-0.08946,0.0000,0.0051,0.02619,0.02620,0.20718,-1.1,1.0000,-29.2259,0.4741,-6.8890,177.474,ppo_car_spread_a_deterministic
8.8800,-0.08946,0.0000,0.0051,0.02609,0.02610,0.17595,-1.1,1.0000,-29.2259,0.4741,-6.8896,177.473,ppo_car_spread_a_deterministic
8.9000,-0.08958,0.0000,0.0023,0.02339,0.02339,0.34130,-1.1,1.0000,-29.2259,0.4741,-6.8900,177.474,ppo_car_spread_a_deterministic
8.9200,-0.08958,0.0000,0.0023,0.02037,0.02037,0.38438,-0.5,1.0000,-29.2259,0.4741,-6.8904,177.474,ppo_car_spread_a_deterministic
8.9400,-0.08958,0.0000,0.0023,0.02431,0.02431,0.16854,-0.5,1.0000,-29.2258,0.4741,-6.8909,177.472,ppo_car_spread_a_deterministic
8.9600,-0.08958,0.0000,0.0023,0.02736,0.02737,0.29169,-0.5,1.0000,-29.2258,0.4741,-6.8914,177.469,ppo_car_spread_a_deterministic
8.9800,-0.08963,0.0002,0.0000,0.02068,0.02068,0.35882,-0.5,1.0000,-29.2258,0.4741,-6.8919,177.467,ppo_car_spread_a_deterministic
9.0000,-0.08963,0.0002,0.0000,0.02264,0.02264,0.34409,0.1,1.0000,-29.2257,0.4741,-6.8923,177.464,ppo_car_spread_a_deterministic
9.0200,-0.08963,0.0002,0.0000,0.02763,0.02764,0.31149,0.1,1.0000,-29.2257,0.4741,-6.8929,177.463,ppo_car_spread_a_deterministic
9.0400,-0.08963,0.0002,0.0000,0.02338,0.02338,0.32723,0.1,1.0000,-29.2257,0.4741,-6.8933,177.464,ppo_car_spread_a_deterministic
9.0600,-0.08949,0.0000,0.0034,0.01926,0.01926,0.34464,0.1,1.0000,-29.2257,0.4741,-6.8937,177.463,ppo_car_spread_a_deterministic
9.0800,-0.08949,0.0000,0.0034,0.02268,0.02269,0.37019,-0.7,1.0000,-29.2256,0.4741,-6.8942,177.461,ppo_car_spread_a_deterministic
9.1000,-0.08949,0.0000,0.0034,0.02555,0.02556,0.09524,-0.7,1.0000,-29.2256,0.4741,-6.8947,177.462,ppo_car_spread_a_deterministic
9.1200,-0.08949,0.0000,0.0034,0.02180,0.02180,0.24756,-0.7,1.0000,-29.2256,0.4741,-6.8951,177.464,ppo_car_spread_a_deterministic
9.1400,-0.08967,0.0000,0.0021,0.02651,0.02651,0.15364,-0.7,1.0000,-29.2255,0.4741,-6.8956,177.463,ppo_car_spread_a_deterministic
9.1600,-0.08967,0.0000,0.0021,0.02919,0.02920,0.31537,-0.4,1.0000,-29.2255,0.4741,-6.8962,177.462,ppo_car_spread_a_deterministic
9.1800,-0.08967,0.0000,0.0021,0.02096,0.02097,0.38896,-0.4,1.0000,-29.2255,0.4741,-6.8966,177.463,ppo_car_spread_a_deterministic
9.2000,-0.08967,0.0000,0.0021,0.02792,0.02793,0.35734,-0.4,1.0000,-29.2254,0.4741,-6.8972,177.465,ppo_car_spread_a_deterministic
9.2200,-0.08994,0.0023,0.0000,0.01906,0.01906,0.34984,-0.4,1.0000,-29.2254,0.4741,-6.8976,177.463,ppo_car_spread_a_deterministic
9.2400,-0.08994,0.0023,0.0000,0.02403,0.02403,0.20335,1.2,1.0000,-29.2254,0.4741,-6.8981,177.466,ppo_car_spread_a_deterministic
9.2600,-0.08994,0.0023,0.0000,0.02676,0.02676,0.29266,1.2,1.0000,-29.2253,0.4741,-6.8986,177.470,ppo_car_spread_a_deterministic
9.2800,-0.08994,0.0023,0.0000,0.02823,0.02823,0.26004,1.2,1.0000,-29.2253,0.4741,-6.8992,177.470,ppo_car_spread_a_deterministic
9.3000,-0.08983,0.0000,0.0044,0.01603,0.01603,0.36690,1.2,1.0000,-29.2253,0.4741,-6.8995,177.468,ppo_car_spread_a_deterministic
9.3200,-0.08983,0.0000,0.0044,0.02584,0.02584,0.31126,-0.9,1.0000,-29.2253,0.4741,-6.9000,177.469,ppo_car_spread_a_deterministic
9.3400,-0.08983,0.0000,0.0044,0.02026,0.02026,0.39471,-0.9,1.0000,-29.2252,0.4741,-6.9004,177.465,ppo_car_spread_a_deterministic
9.3600,-0.08983,0.0000,0.0044,0.02798,0.02798,0.18722,-0.9,1.0000,-29.2252,0.4741,-6.9010,177.466,ppo_car_spread_a_deterministic
9.3800,-0.08988,0.0046,0.0000,0.02817,0.02817,0.29751,-0.9,1.0000,-29.2252,0.4741,-6.9015,177.463,ppo_car_spread_a_deterministic
9.4000,-0.08988,0.0046,0.0000,0.02075,0.02075,0.39490,2.4,1.0000,-29.2251,0.4741,-6.9019,177.467,ppo_car_spread_a_deterministic
9.4200,-0.08988,0.0046,0.0000,0.02297,0.02298,0.15650,2.4,1.0000,-29.2251,0.4741,-6.9024,177.467,ppo_car_spread_a_deterministic
9.4400,-0.08988,0.0046,0.0000,0.03147,0.03147,0.31305,2.4,1.0000,-29.2251,0.4741,-6.9030,177.468,ppo_car_spread_a_deterministic
9.4600,-0.08983,0.0007,0.0000,0.02511,0.02511,0.12853,2.4,1.0000,-29.2250,0.4741,-6.9035,177.469,ppo_car_spread_a_deterministic
9.4800,-0.08983,0.0007,0.0000,0.02590,0.02591,0.18040,0.4,1.0000,-29.2250,0.4741,-6.9041,177.468,ppo_car_spread_a_deterministic
9.5000,-0.08983,0.0007,0.0000,0.02227,0.02228,0.38969,0.4,1.0000,-29.2250,0.4741,-6.9045,177.464,ppo_car_spread_a_deterministic
9.5200,-0.08983,0.0007,0.0000,0.02530,0.02531,0.28125,0.4,1.0000,-29.2249,0.4741,-6.9050,177.462,ppo_car_spread_a_deterministic
9.5400,-0.08976,0.0027,0.0000,0.02905,0.02905,0.30472,0.4,1.0000,-29.2249,0.4741,-6.9056,177.459,ppo_car_spread_a_deterministic
9.5600,-0.08976,0.0027,0.0000,0.02414,0.02414,0.31744,1.4,1.0000,-29.2249,0.4741,-6.9061,177.457,ppo_car_spread_a_deterministic
9.5800,-0.08976,0.0027,0.0000,0.02686,0.02686,0.29083,1.4,1.0000,-29.2248,0.4741,-6.9066,177.454,ppo_car_spread_a_deterministic
9.6000,-0.08976,0.0027,0.0000,0.03372,0.03373,0.30420,1.4,1.0000,-29.2248,0.4741,-6.9073,177.453,ppo_car_spread_a_deterministic
9.6200,-0.08952,0.0000,0.0017,0.02292,0.02293,0.39542,1.4,1.0000,-29.2248,0.4741,-6.9077,177.451,ppo_car_spread_a_deterministic
9.6400,-0.08952,0.0000,0.0017,0.02481,0.02481,0.37616,-0.4,1.0000,-29.2247,0.4741,-6.9082,177.452,ppo_car_spread_a_deterministic
9.6600,-0.08952,0.0000,0.0017,0.02188,0.02189,0.36428,-0.4,1.0000,-29.2247,0.4741,-6.9087,177.451,ppo_car_spread_a_deterministic
9.6800,-0.08952,0.0000,0.0017,0.02577,0.02577,0.39943,-0.4,1.0000,-29.2247,0.4741,-6.9092,177.446,ppo_car_spread_a_deterministic
9.7000,-0.08984,0.0023,0.0000,0.03340,0.03340,0.31959,-0.4,1.0000,-29.2246,0.4741,-6.9098,177.445,ppo_car_spread_a_deterministic
9.7200,-0.08984,0.0023,0.0000,0.02198,0.02198,0.39532,1.2,1.0000,-29.2246,0.4741,-6.9103,177.441,ppo_car_spread_a_deterministic
9.7400,-0.08984,0.0023,0.0000,0.02808,0.02808,0.27290,1.2,1.0000,-29.2246,0.4741,-6.9108,177.439,ppo_car_spread_a_deterministic
9.7600,-0.08984,0.0023,0.0000,0.02603,0.02604,0.33241,1.2,1.0000,-29.2245,0.4741,-6.9114,177.437,ppo_car_spread_a_deterministic
9.7800,-0.08945,0.0000,0.0031,0.02288,0.02289,0.39457,1.2,1.0000,-29.2245,0.4741,-6.9118,177.433,ppo_car_spread_a_deterministic
9.8000,-0.08945,0.0000,0.0031,0.02642,0.02643,0.12279,-0.7,1.0000,-29.2245,0.4741,-6.9123,177.433,ppo_car_spread_a_deterministic
9.8200,-0.08945,0.0000,0.0031,0.03094,0.03095,0.30706,-0.7,1.0000,-29.2244,0.4741,-6.9130,177.435,ppo_car_spread_a_deterministic
9.8400,-0.08945,0.0000,0.0031,0.03019,0.03020,0.23702,-0.7,1.0000,-29.2244,0.4741,-6.9136,177.436,ppo_car_spread_a_deterministic
9.8600,-0.08935,0.0000,0.0072,0.02995,0.02995,0.25756,-0.7,1.0000,-29.2243,0.4741,-6.9142,177.434,ppo_car_spread_a_deterministic
9.8800,-0.08935,0.0000,0.0072,0.02936,0.02936,0.30943,-1.5,1.0000,-29.2243,0.4741,-6.9148,177.430,ppo_car_spread_a_deterministic
9.9000,-0.08935,0.0000,0.0072,0.02387,0.02387,0.26348,-1.5,1.0000,-29.2243,0.4741,-6.9152,177.428,ppo_car_spread_a_deterministic
9.9200,-0.08935,0.0000,0.0072,0.02457,0.02457,0.28527,-1.5,1.0000,-29.2242,0.4741,-6.9157,177.428,ppo_car_spread_a_deterministic
9.9400,-0.08966,0.0007,0.0000,0.02388,0.02389,0.38266,-1.5,1.0000,-29.2242,0.4741,-6.9162,177.429,ppo_car_spread_a_deterministic
9.9600,-0.08966,0.0007,0.0000,0.02503,0.02504,0.36192,0.3,1.0000,-29.2242,0.4741,-6.9167,177.427,ppo_car_spread_a_deterministic
9.9800,-0.08966,0.0007,0.0000,0.02213,0.02213,0.31026,0.3,1.0000,-29.2241,0.4741,-6.9171,177.429,ppo_car_spread_a_deterministic
10.0000,-0.08966,0.0007,0.0000,0.03073,0.03074,0.30183,0.3,1.0000,-29.2241,0.4741,-6.9177,177.427,ppo_car_spread_a_deterministic
10.0200,-0.08996,0.0010,0.0000,0.02759,0.02759,0.33552,0.3,1.0000,-29.2241,0.4741,-6.9183,177.425,ppo_car_spread_a_deterministic
10.0400,-0.08996,0.0010,0.0000,0.02905,0.02905,0.28712,0.5,1.0000,-29.2240,0.4741,-6.9189,177.424,ppo_car_spread_a_deterministic
10.0600,-0.08996,0.0010,0.0000,0.02831,0.02831,0.39965,0.5,1.0000,-29.2240,0.4741,-6.9194,177.427,ppo_car_spread_a_deterministic
10.0800,-0.08996,0.0010,0.0000,0.02470,0.02471,0.39464,0.5,1.0000,-29.2240,0.4741,-6.9199,177.426,ppo_car_spread_a_deterministic
10.1000,-0.08963,0.0000,0.0054,0.03020,0.03020,0.27033,0.5,1.0000,-29.2239,0.4741,-6.9205,177.427,ppo_car_spread_a_deterministic
10.1200,-0.08963,0.0000,0.0054,0.02501,0.02501,0.28104,-1.1,1.0000,-29.2239,0.4741,-6.9210,177.424,ppo_car_spread_a_deterministic
10.1400,-0.08963,0.0000,0.0054,0.02923,0.02923,0.30194,-1.1,1.0000,-29.2239,0.4741,-6.9216,177.420,ppo_car_spread_a_deterministic
10.1600,-0.08963,0.0000,0.0054,0.03267,0.03268,0.26449,-1.1,1.0000,-29.2238,0.4741,-6.9223,177.419,ppo_car_spread_a_deterministic
10.1800,-0.08933,0.0000,0.0037,0.03540,0.03541,0.29322,-1.1,1.0000,-29.2238,0.4741,-6.9230,177.418,ppo_car_spread_a_deterministic
10.2000,-0.08933,0.0000,0.0037,0.02204,0.02204,0.21812,-0.8,1.0000,-29.2237,0.4741,-6.9234,177.417,ppo_car_spread_a_deterministic
10.2200,-0.08933,0.0000,0.0037,0.02370,0.02370,0.31681,-0.8,1.0000,-29.2237,0.4741,-6.9239,177.416,ppo_car_spread_a_deterministic
10.2400,-0.08933,0.0000,0.0037,0.02645,0.02645,0.30613,-0.8,1.0000,-29.2237,0.4741,-6.9244,177.417,ppo_car_spread_a_deterministic
10.2600,-0.08964,0.0002,0.0000,0.02242,0.02242,0.15805,-0.8,1.0000,-29.2236,0.4741,-6.9249,177.416,ppo_car_spread_a_deterministic
10.2800,-0.08964,0.0002,0.0000,0.02710,0.02711,0.30779,0.1,1.0000,-29.2236,0.4741,-6.9254,177.413,ppo_car_spread_a_deterministic
10.3001,-0.08964,0.0002,0.0000,0.02487,0.02488,0.15214,0.1,1.0000,-29.2236,0.4741,-6.9259,177.412,ppo_car_spread_a_deterministic
10.3201,-0.08964,0.0002,0.0000,0.02450,0.02451,0.37038,0.1,1.0000,-29.2235,0.4741,-6.9264,177.413,ppo_car_spread_a_deterministic
10.3401,-0.08968,0.0000,0.0010,0.02460,0.02460,0.30864,0.1,1.0000,-29.2235,0.4741,-6.9269,177.410,ppo_car_spread_a_deterministic
10.3601,-0.08968,0.0000,0.0010,0.02645,0.02645,0.16609,-0.2,1.0000,-29.2235,0.4741,-6.9274,177.407,ppo_car_spread_a_deterministic
10.3801,-0.08968,0.0000,0.0010,0.02412,0.02413,0.33135,-0.2,1.0000,-29.2234,0.4741,-6.9279,177.407,ppo_car_spread_a_deterministic
10.4001,-0.08968,0.0000,0.0010,0.02774,0.02775,0.25017,-0.2,1.0000,-29.2234,0.4741,-6.9284,177.405,ppo_car_spread_a_deterministic
10.4201,-0.08978,0.0000,0.0003,0.02520,0.02520,0.25248,-0.2,1.0000,-29.2234,0.4741,-6.9289,177.404,ppo_car_spread_a_deterministic
10.4401,-0.08978,0.0000,0.0003,0.02797,0.02798,0.30814,-0.1,1.0000,-29.2233,0.4741,-6.9295,177.407,ppo_car_spread_a_deterministic
10.4601,-0.08978,0.0000,0.0003,0.02711,0.02711,0.30939,-0.1,1.0000,-29.2233,0.4741,-6.9300,177.407,ppo_car_spread_a_deterministic
10.4801,-0.08978,0.0000,0.0003,0.02778,0.02778,0.19531,-0.1,1.0000,-29.2233,0.4741,-6.9306,177.408,ppo_car_spread_a_deterministic
10.5001,-0.08951,0.0000,0.0030,0.02540,0.02541,0.17169,-0.1,1.0000,-29.2232,0.4741,-6.9311,177.408,ppo_car_spread_a_deterministic
10.5201,-0.08951,0.0000,0.0030,0.02849,0.02850,0.26323,-0.6,1.0000,-29.2232,0.4741,-6.9317,177.406,ppo_car_spread_a_deterministic
10.5401,-0.08951,0.0000,0.0030,0.02813,0.02813,0.30814,-0.6,1.0000,-29.2232,0.4741,-6.9322,177.408,ppo_car_spread_a_deterministic
10.5601,-0.08951,0.0000,0.0030,0.02541,0.02542,0.23701,-0.6,1.0000,-29.2231,0.4741,-6.9327,177.406,ppo_car_spread_a_deterministic
10.5801,-0.08957,0.0000,0.0048,0.02687,0.02687,0.32356,-0.6,1.0000,-29.2231,0.4741,-6.9333,177.404,ppo_car_spread_a_deterministic
10.6001,-0.08957,0.0000,0.0048,0.02639,0.02639,0.24547,-1.0,1.0000,-29.2231,0.4741,-6.9338,177.404,ppo_car_spread_a_deterministic
10.6201,-0.08957,0.0000,0.0048,0.02383,0.02383,0.18001,-1.0,1.0000,-29.2230,0.4741,-6.9343,177.406,ppo_car_spread_a_deterministic
10.6401,-0.08957,0.0000,0.0048,0.02334,0.02334,0.37972,-1.0,1.0000,-29.2230,0.4741,-6.9347,177.409,ppo_car_spread_a_deterministic
10.6601,-0.08987,0.0000,0.0010,0.02303,0.02304,0.31421,-1.0,1.0000,-29.2230,0.4741,-6.9352,177.405,ppo_car_spread_a_deterministic
10.6801,-0.08987,0.0000,0.0010,0.02460,0.02460,0.19828,-0.2,1.0000,-29.2229,0.4741,-6.9357,177.404,ppo_car_spread_a_deterministic
10.7001,-0.08987,0.0000,0.0010,0.02044,0.02044,0.31903,-0.2,1.0000,-29.2229,0.4741,-6.9361,177.403,ppo_car_spread_a_deterministic
10.7201,-0.08987,0.0000,0.0010,0.02809,0.02809,0.29131,-0.2,1.0000,-29.2229,0.4741,-6.9367,177.403,ppo_car_spread_a_deterministic
10.7401,-0.09000,0.0031,0.0000,0.02200,0.02201,0.35080,-0.2,1.0000,-29.2228,0.4741,-6.9371,177.402,ppo_car_spread_a_deterministic
10.7601,-0.09000,0.0031,0.0000,0.02139,0.02140,0.31174,1.6,1.0000,-29.2228,0.4741,-6.9375,177.401,ppo_car_spread_a_deterministic
10.7801,-0.09000,0.0031,0.0000,0.02688,0.02688,0.28785,1.6,1.0000,-29.2228,0.4741,-6.9381,177.401,ppo_car_spread_a_deterministic
10.8001,-0.09000,0.0031,0.0000,0.02530,0.02530,0.28345,1.6,1.0000,-29.2228,0.4741,-6.9386,177.399,ppo_car_spread_a_deterministic
10.8201,-0.08955,0.0000,0.0028,0.02643,0.02644,0.39142,1.6,1.0000,-29.2227,0.4741,-6.9391,177.397,ppo_car_spread_a_deterministic
10.8401,-0.08955,0.0000,0.0028,0.01745,0.01745,0.39584,-0.6,1.0000,-29.2227,0.4741,-6.9394,177.397,ppo_car_spread_a_deterministic
10.8601,-0.08955,0.0000,0.0028,0.02780,0.02781,0.23782,-0.6,1.0000,-29.2227,0.4741,-6.9400,177.397,ppo_car_spread_a_deterministic
10.8801,-0.08955,0.0000,0.0028,0.02596,0.02596,0.22350,-0.6,1.0000,-29.2226,0.4741,-6.9405,177.396,ppo_car_spread_a_deterministic
10.9001,-0.08956,0.0000,0.0037,0.02477,0.02477,0.39495,-0.6,1.0000,-29.2226,0.4741,-6.9410,177.399,ppo_car_spread_a_deterministic
10.9201,-0.08956,0.0000,0.0037,0.02914,0.02915,0.29802,-0.8,1.0000,-29.2226,0.4741,-6.9416,177.395,ppo_car_spread_a_deterministic
10.9401,-0.08956,0.0000,0.0037,0.02347,0.02348,0.23064,-0.8,1.0000,-29.2225,0.4741,-6.9421,177.396,ppo_car_spread_a_deterministic
10.9601,-0.08956,0.0000,0.0037,0.02637,0.02637,0.38298,-0.8,1.0000,-29.2225,0.4741,-6.9426,177.397,ppo_car_spread_a_deterministic
10.9801,-0.08976,0.0000,0.0000,0.02182,0.02183,0.29341,-0.8,1.0000,-29.2225,0.4741,-6.9430,177.397,ppo_car_spread_a_deterministic
11.0001,-0.08976,0.0000,0.0000,0.02194,0.02194,0.33767,0.0,1.0000,-29.2224,0.4741,-6.9435,177.398,ppo_car_spread_a_deterministic
11.0201,-0.08976,0.0000,0.0000,0.02513,0.02514,0.15788,0.0,1.0000,-29.2224,0.4741,-6.9440,177.399,ppo_car_spread_a_deterministic
11.0401,-0.08976,0.0000,0.0000,0.02644,0.02644,0.15631,0.0,1.0000,-29.2224,0.4741,-6.9445,177.401,ppo_car_spread_a_deterministic
11.0601,-0.08970,0.0000,0.0016,0.02333,0.02333,0.31278,0.0,1.0000,-29.2223,0.4741,-6.9450,177.397,ppo_car_spread_a_deterministic
11.0801,-0.08970,0.0000,0.0016,0.03055,0.03056,0.32030,-0.3,1.0000,-29.2223,0.4741,-6.9456,177.394,ppo_car_spread_a_deterministic
11.1001,-0.08970,0.0000,0.0016,0.02599,0.02599,0.28339,-0.3,1.0000,-29.2223,0.4741,-6.9461,177.397,ppo_car_spread_a_deterministic
11.1201,-0.08970,0.0000,0.0016,0.02494,0.02495,0.35113,-0.3,1.0000,-29.2222,0.4741,-6.9466,177.401,ppo_car_spread_a_deterministic
11.1401,-0.08976,0.0000,0.0031,0.02730,0.02731,0.31207,-0.3,1.0000,-29.2222,0.4741,-6.9471,177.399,ppo_car_spread_a_deterministic
11.1601,-0.08976,0.0000,0.0031,0.02824,0.02825,0.32109,-0.6,1.0000,-29.2222,0.4741,-6.9477,177.403,ppo_car_spread_a_deterministic
11.1801,-0.08976,0.0000,0.0031,0.02716,0.02717,0.31936,-0.6,1.0000,-29.2221,0.4741,-6.9483,177.403,ppo_car_spread_a_deterministic
11.2001,-0.08976,0.0000,0.0031,0.02726,0.02726,0.32372,-0.6,1.0000,-29.2221,0.4741,-6.9488,177.405,ppo_car_spread_a_deterministic
11.2201,-0.08963,0.0000,0.0032,0.02714,0.02715,0.17572,-0.6,1.0000,-29.2221,0.4741,-6.9493,177.404,ppo_car_spread_a_deterministic
11.2401,-0.08963,0.0000,0.0032,0.01760,0.01760,0.39644,-0.7,1.0000,-29.2220,0.4741,-6.9497,177.401,ppo_car_spread_a_deterministic
11.2601,-0.08963,0.0000,0.0032,0.02687,0.02687,0.32058,-0.7,1.0000,-29.2220,0.4741,-6.9502,177.401,ppo_car_spread_a_deterministic
11.2801,-0.08963,0.0000,0.0032,0.02370,0.02370,0.23098,-0.7,1.0000,-29.2220,0.4741,-6.9507,177.401,ppo_car_spread_a_deterministic
11.3001,-0.08962,0.0000,0.0029,0.02223,0.02224,0.37289,-0.7,1.0000,-29.2219,0.4741,-6.9511,177.403,ppo_car_spread_a_deterministic
11.3201,-0.08962,0.0000,0.0029,0.01748,0.01748,0.36275,-0.6,1.0000,-29.2219,0.4741,-6.9515,177.400,ppo_car_spread_a_deterministic
11.3401,-0.08962,0.0000,0.0029,0.02187,0.02188,0.18169,-0.6,1.0000,-29.2219,0.4741,-6.9519,177.399,ppo_car_spread_a_deterministic
11.3601,-0.08962,0.0000,0.0029,0.02801,0.02802,0.29082,-0.6,1.0000,-29.2218,0.4741,-6.9525,177.398,ppo_car_spread_a_deterministic
11.3801,-0.08985,0.0019,0.0000,0.02826,0.02827,0.33031,-0.6,1.0000,-29.2218,0.4741,-6.9530,177.396,ppo_car_spread_a_deterministic
11.4001,-0.08985,0.0019,0.0000,0.01836,0.01836,0.17344,1.0,1.0000,-29.2218,0.4741,-6.9534,177.396,ppo_car_spread_a_deterministic
11.4201,-0.08985,0.0019,0.0000,0.02456,0.02456,0.32373,1.0,1.0000,-29.2217,0.4741,-6.9539,177.396,ppo_car_spread_a_deterministic
11.4401,-0.08985,0.0019,0.0000,0.02543,0.02544,0.28814,1.0,1.0000,-29.2217,0.4741,-6.9544,177.397,ppo_car_spread_a_deterministic
11.4601,-0.08984,0.0000,0.0010,0.01814,0.01814,0.38622,1.0,1.0000,-29.2217,0.4741,-6.9548,177.398,ppo_car_spread_a_deterministic
11.4801,-0.08984,0.0000,0.0010,0.02865,0.02865,0.30838,-0.2,1.0000,-29.2217,0.4741,-6.9553,177.398,ppo_car_spread_a_deterministic
11.5001,-0.08984,0.0000,0.0010,0.02487,0.02487,0.29699,-0.2,1.0000,-29.2216,0.4741,-6.9558,177.396,ppo_car_spread_a_deterministic
11.5201,-0.08984,0.0000,0.0010,0.02178,0.02179,0.17355,-0.2,1.0000,-29.2216,0.4741,-6.9563,177.396,ppo_car_spread_a_deterministic
11.5401,-0.08963,0.0000,0.0004,0.02744,0.02744,0.32534,-0.2,1.0000,-29.2216,0.4741,-6.9568,177.393,ppo_car_spread_a_deterministic
11.5601,-0.08963,0.0000,0.0004,0.01996,0.01997,0.25230,-0.1,1.0000,-29.2215,0.4741,-6.9572,177.396,ppo_car_spread_a_deterministic
11.5801,-0.08963,0.0000,0.0004,0.02586,0.02586,0.27778,-0.1,1.0000,-29.2215,0.4741,-6.9577,177.398,ppo_car_spread_a_deterministic
11.6001,-0.08963,0.0000,0.0004,0.02643,0.02644,0.32173,-0.1,1.0000,-29.2215,0.4741,-6.9583,177.395,ppo_car_spread_a_deterministic
11.6201,-0.08976,0.0000,0.0030,0.01752,0.01753,0.37291,-0.1,1.0000,-29.2214,0.4741,-6.9586,177.395,ppo_car_spread_a_deterministic
11.6401,-0.08976,0.0000,0.0030,0.02140,0.02140,0.30342,-0.6,1.0000,-29.2214,0.4741,-6.9590,177.393,ppo_car_spread_a_deterministic
11.6601,-0.08976,0.0000,0.0030,0.02379,0.02379,0.15158,-0.6,1.0000,-29.2214,0.4741,-6.9595,177.393,ppo_car_spread_a_deterministic
11.6801,-0.08976,0.0000,0.0030,0.02029,0.02030,0.21606,-0.6,1.0000,-29.2214,0.4741,-6.9599,177.392,ppo_car_spread_a_deterministic
11.7001,-0.08974,0.0001,0.0000,0.02143,0.02144,0.36152,-0.6,1.0000,-29.2213,0.4741,-6.9603,177.391,ppo_car_spread_a_deterministic
11.7201,-0.08974,0.0001,0.0000,0.02160,0.02160,0.14403,0.1,1.0000,-29.2213,0.4741,-6.9608,177.391,ppo_car_spread_a_deterministic
11.7401,-0.08974,0.0001,0.0000,0.02397,0.02398,0.25657,0.1,1.0000,-29.2213,0.4741,-6.9612,177.390,ppo_car_spread_a_deterministic
11.7601,-0.08974,0.0001,0.0000,0.02329,0.02330,0.27473,0.1,1.0000,-29.2212,0.4741,-6.9617,177.391,ppo_car_spread_a_deterministic
11.7801,-0.08968,0.0002,0.0000,0.02656,0.02657,0.27452,0.1,1.0000,-29.2212,0.4741,-6.9623,177.392,ppo_car_spread_a_deterministic
11.8001,-0.08968,0.0002,0.0000,0.01944,0.01944,0.31273,0.1,1.0000,-29.2212,0.4741,-6.9626,177.392,ppo_car_spread_a_deterministic
11.8201,-0.08968,0.0002,0.0000,0.02908,0.02908,0.32363,0.1,1.0000,-29.2211,0.4741,-6.9632,177.395,ppo_car_spread_a_deterministic
11.8401,-0.08968,0.0002,0.0000,0.02176,0.02176,0.19366,0.1,1.0000,-29.2211,0.4741,-6.9637,177.394,ppo_car_spread_a_deterministic
11.8601,-0.08954,0.0000,0.0059,0.02270,0.02271,0.15283,0.1,1.0000,-29.2211,0.4741,-6.9641,177.395,ppo_car_spread_a_deterministic
11.8801,-0.08954,0.0000,0.0059,0.02401,0.02402,0.31965,-1.2,1.0000,-29.2211,0.4741,-6.9646,177.396,ppo_car_spread_a_deterministic
11.9001,-0.08954,0.0000,0.0059,0.01944,0.01945,0.22413,-1.2,1.0000,-29.2210,0.4741,-6.9650,177.398,ppo_car_spread_a_deterministic
11.9201,-0.08954,0.0000,0.0059,0.02430,0.02430,0.31409,-1.2,1.0000,-29.2210,0.4741,-6.9655,177.397,ppo_car_spread_a_deterministic
11.9401,-0.09009,0.0033,0.0000,0.02119,0.02120,0.34185,-1.2,1.0000,-29.2210,0.4741,-6.9659,177.394,ppo_car_spread_a_deterministic
11.9601,-0.09009,0.0033,0.0000,0.02280,0.02281,0.21412,1.7,1.0000,-29.2209,0.4741,-6.9663,177.392,ppo_car_spread_a_deterministic
11.9801,-0.09009,0.0033,0.0000,0.02279,0.02279,0.28322,1.7,1.0000,-29.2209,0.4741,-6.9668,177.392,ppo_car_spread_a_deterministic
12.0001,-0.09009,0.0033,0.0000,0.02438,0.02438,0.27649,1.7,1.0000,-29.2209,0.4741,-6.9673,177.391,ppo_car_spread_a_deterministic
12.0201,-0.08994,0.0006,0.0000,0.02174,0.02174,0.17519,1.7,1.0000,-29.2208,0.4741,-6.9677,177.391,ppo_car_spread_a_deterministic
12.0401,-0.08994,0.0006,0.0000,0.01997,0.01997,0.31075,0.3,1.0000,-29.2208,0.4741,-6.9681,177.390,ppo_car_spread_a_deterministic
12.0601,-0.08994,0.0006,0.0000,0.02947,0.02947,0.30583,0.3,1.0000,-29.2208,0.4741,-6.9687,177.391,ppo_car_spread_a_deterministic
12.0801,-0.08994,0.0006,0.0000,0.03048,0.03048,0.32415,0.3,1.0000,-29.2207,0.4741,-6.9693,177.391,ppo_car_spread_a_deterministic
12.1001,-0.08956,0.0000,0.0059,0.01931,0.01932,0.19563,0.3,1.0000,-29.2207,0.4741,-6.9697,177.390,ppo_car_spread_a_deterministic
12.1201,-0.08956,0.0000,0.0059,0.01753,0.01753,0.38699,-1.2,1.0000,-29.2207,0.4741,-6.9700,177.388,ppo_car_spread_a_deterministic
12.1401,-0.08956,0.0000,0.0059,0.02151,0.02151,0.18580,-1.2,1.0000,-29.2207,0.4741,-6.9705,177.388,ppo_car_spread_a_deterministic
12.1601,-0.08956,0.0000,0.0059,0.02236,0.02236,0.37491,-1.2,1.0000,-29.2206,0.4741,-6.9709,177.383,ppo_car_spread_a_deterministic
12.1801,-0.08981,0.0022,0.0000,0.02263,0.02263,0.17476,-1.2,1.0000,-29.2206,0.4741,-6.9714,177.383,ppo_car_spread_a_deterministic
12.2001,-0.08981,0.0022,0.0000,0.01918,0.01918,0.38072,1.2,1.0000,-29.2206,0.4741,-6.9717,177.384,ppo_car_spread_a_deterministic
12.2201,-0.08981,0.0022,0.0000,0.02448,0.02449,0.28850,1.2,1.0000,-29.2206,0.4741,-6.9722,177.385,ppo_car_spread_a_deterministic
12.2401,-0.08981,0.0022,0.0000,0.02594,0.02595,0.30562,1.2,1.0000,-29.2205,0.4741,-6.9728,177.386,ppo_car_spread_a_deterministic
12.2601,-0.08972,0.0000,0.0009,0.01518,0.01518,0.38536,1.2,1.0000,-29.2205,0.4741,-6.9731,177.387,ppo_car_spread_a_deterministic
12.2801,-0.08972,0.0000,0.0009,0.02688,0.02688,0.34655,-0.2,1.0000,-29.2205,0.4741,-6.9736,177.382,ppo_car_spread_a_deterministic
12.3001,-0.08972,0.0000,0.0009,0.02419,0.02419,0.30776,-0.2,1.0000,-29.2204,0.4741,-6.9741,177.381,ppo_car_spread_a_deterministic
12.3201,-0.08972,0.0000,0.0009,0.02681,0.02682,0.18485,-0.2,1.0000,-29.2204,0.4741,-6.9746,177.382,ppo_car_spread_a_deterministic
12.3401,-0.08961,0.0000,0.0001,0.02887,0.02888,0.26119,-0.2,1.0000,-29.2204,0.4741,-6.9752,177.383,ppo_car_spread_a_deterministic
12.3601,-0.08961,0.0000,0.0001,0.02368,0.02369,0.23143,0.0,1.0000,-29.2203,0.4741,-6.9757,177.382,ppo_car_spread_a_deterministic
12.3801,-0.08961,0.0000,0.0001,0.02704,0.02705,0.21851,0.0,1.0000,-29.2203,0.4741,-6.9762,177.383,ppo_car_spread_a_deterministic
12.4001,-0.08961,0.0000,0.0001,0.01736,0.01736,0.37071,0.0,1.0000,-29.2203,0.4741,-6.9766,177.381,ppo_car_spread_a_deterministic
12.4201,-0.08965,0.0000,0.0035,0.02234,0.02234,0.14843,0.0,1.0000,-29.2202,0.4741,-6.9770,177.381,ppo_car_spread_a_deterministic
12.4401,-0.08965,0.0000,0.0035,0.02562,0.02563,0.31087,-0.7,1.0000,-29.2202,0.4741,-6.9775,177.380,ppo_car_spread_a_deterministic
12.4601,-0.08965,0.0000,0.0035,0.02420,0.02421,0.17643,-0.7,1.0000,-29.2202,0.4741,-6.9780,177.381,ppo_car_spread_a_deterministic
12.4801,-0.08965,0.0000,0.0035,0.02751,0.02751,0.25232,-0.7,1.0000,-29.2201,0.4741,-6.9785,177.381,ppo_car_spread_a_deterministic
12.5001,-0.08973,0.0000,0.0006,0.03035,0.03036,0.32572,-0.7,1.0000,-29.2201,0.4741,-6.9792,177.382,ppo_car_spread_a_deterministic
12.5201,-0.08973,0.0000,0.0006,0.02312,0.02312,0.39323,-0.1,1.0000,-29.2201,0.4741,-6.9796,177.381,ppo_car_spread_a_deterministic
12.5401,-0.08973,0.0000,0.0006,0.02854,0.02855,0.32755,-0.1,1.0000,-29.2200,0.4741,-6.9802,177.380,ppo_car_spread_a_deterministic
12.5601,-0.08973,0.0000,0.0006,0.02495,0.02495,0.26096,-0.1,1.0000,-29.2200,0.4741,-6.9807,177.380,ppo_car_spread_a_deterministic
12.5801,-0.08952,0.0000,0.0044,0.02308,0.02309,0.37450,-0.1,1.0000,-29.2200,0.4741,-6.9811,177.385,ppo_car_spread_a_deterministic
12.6001,-0.08952,0.0000,0.0044,0.01735,0.01736,0.34248,-0.9,1.0000,-29.2199,0.4741,-6.9815,177.387,ppo_car_spread_a_deterministic
12.6201,-0.08952,0.0000,0.0044,0.01742,0.01743,0.23903,-0.9,1.0000,-29.2199,0.4741,-6.9818,177.388,ppo_car_spread_a_deterministic
12.6401,-0.08952,0.0000,0.0044,0.02192,0.02192,0.21163,-0.9,1.0000,-29.2199,0.4741,-6.9823,177.386,ppo_car_spread_a_deterministic
12.6601,-0.09014,0.0053,0.0000,0.01892,0.01892,0.33152,-0.9,1.0000,-29.2199,0.4741,-6.9826,177.384,ppo_car_spread_a_deterministic
12.6801,-0.09014,0.0053,0.0000,0.02837,0.02838,0.29977,2.8,1.0000,-29.2198,0.4741,-6.9832,177.385,ppo_car_spread_a_deterministic
12.7001,-0.09014,0.0053,0.0000,0.02855,0.02856,0.29469,2.8,1.0000,-29.2198,0.4741,-6.9838,177.382,ppo_car_spread_a_deterministic
12.7201,-0.09014,0.0053,0.0000,0.02676,0.02677,0.39196,2.8,1.0000,-29.2198,0.4741,-6.9843,177.385,ppo_car_spread_a_deterministic
12.7401,-0.08944,0.0000,0.0035,0.02785,0.02785,0.32906,2.8,1.0000,-29.2197,0.4741,-6.9849,177.382,ppo_car_spread_a_deterministic
12.7601,-0.08944,0.0000,0.0035,0.01976,0.01976,0.39456,-0.7,1.0000,-29.2197,0.4741,-6.9853,177.383,ppo_car_spread_a_deterministic
12.7801,-0.08944,0.0000,0.0035,0.02669,0.02670,0.32281,-0.7,1.0000,-29.2197,0.4741,-6.9858,177.385,ppo_car_spread_a_deterministic
12.8001,-0.08944,0.0000,0.0035,0.02148,0.02149,0.38309,-0.7,1.0000,-29.2196,0.4741,-6.9862,177.383,ppo_car_spread_a_deterministic
12.8201,-0.08963,0.0000,0.0036,0.02093,0.02093,0.19853,-0.7,1.0000,-29.2196,0.4741,-6.9866,177.381,ppo_car_spread_a_deterministic
12.8401,-0.08963,0.0000,0.0036,0.02903,0.02904,0.31274,-0.7,1.0000,-29.2196,0.4741,-6.9872,177.378,ppo_car_spread_a_deterministic
12.8601,-0.08963,0.0000,0.0036,0.02551,0.02551,0.29950,-0.7,1.0000,-29.2195,0.4741,-6.9877,177.374,ppo_car_spread_a_deterministic
12.8801,-0.08963,0.0000,0.0036,0.02257,0.02258,0.38935,-0.7,1.0000,-29.2195,0.4741,-6.9882,177.371,ppo_car_spread_a_deterministic
12.9001,-0.08954,0.0000,0.0002,0.02883,0.02883,0.32660,-0.7,1.0000,-29.2195,0.4741,-6.9888,177.368,ppo_car_spread_a_deterministic
12.9201,-0.08954,0.0000,0.0002,0.01817,0.01817,0.31055,0.0,1.0000,-29.2194,0.4741,-6.9891,177.367,ppo_car_spread_a_deterministic
12.9401,-0.08954,0.0000,0.0002,0.02380,0.02381,0.16793,0.0,1.0000,-29.2194,0.4741,-6.9896,177.368,ppo_car_spread_a_deterministic
12.9601,-0.08954,0.0000,0.0002,0.02472,0.02472,0.26458,0.0,1.0000,-29.2194,0.4741,-6.9901,177.366,ppo_car_spread_a_deterministic
12.9801,-0.08975,0.0000,0.0004,0.01940,0.01940,0.28432,0.0,1.0000,-29.2194,0.4741,-6.9905,177.367,ppo_car_spread_a_deterministic
13.0001,-0.08975,0.0000,0.0004,0.02582,0.02583,0.31944,-0.1,1.0000,-29.2193,0.4741,-6.9910,177.368,ppo_car_spread_a_deterministic
13.0201,-0.08975,0.0000,0.0004,0.02586,0.02586,0.22870,-0.1,1.0000,-29.2193,0.4741,-6.9915,177.368,ppo_car_spread_a_deterministic
13.0401,-0.08975,0.0000,0.0004,0.01617,0.01617,0.37794,-0.1,1.0000,-29.2193,0.4741,-6.9918,177.368,ppo_car_spread_a_deterministic
13.0601,-0.08959,0.0000,0.0019,0.01824,0.01825,0.29632,-0.1,1.0000,-29.2193,0.4741,-6.9922,177.369,ppo_car_spread_a_deterministic
13.0801,-0.08959,0.0000,0.0019,0.01467,0.01467,0.39506,-0.4,1.0000,-29.2192,0.4741,-6.9925,177.368,ppo_car_spread_a_deterministic
13.1001,-0.08959,0.0000,0.0019,0.01826,0.01826,0.35488,-0.4,1.0000,-29.2192,0.4741,-6.9928,177.368,ppo_car_spread_a_deterministic
13.1201,-0.08959,0.0000,0.0019,0.02178,0.02178,0.31249,-0.4,1.0000,-29.2192,0.4741,-6.9933,177.366,ppo_car_spread_a_deterministic
13.1401,-0.09007,0.0050,0.0000,0.02230,0.02231,0.21266,-0.4,1.0000,-29.2192,0.4741,-6.9937,177.368,ppo_car_spread_a_deterministic
13.1601,-0.09007,0.0050,0.0000,0.01965,0.01965,0.33362,2.6,1.0000,-29.2191,0.4741,-6.9941,177.365,ppo_car_spread_a_deterministic
13.1801,-0.09007,0.0050,0.0000,0.02906,0.02906,0.32758,2.6,1.0000,-29.2191,0.4741,-6.9947,177.363,ppo_car_spread_a_deterministic
13.2001,-0.09007,0.0050,0.0000,0.01602,0.01602,0.39727,2.6,1.0000,-29.2191,0.4741,-6.9950,177.360,ppo_car_spread_a_deterministic
13.2201,-0.08950,0.0000,0.0044,0.02041,0.02041,0.39803,2.6,1.0000,-29.2190,0.4741,-6.9954,177.365,ppo_car_spread_a_deterministic
13.2401,-0.08950,0.0000,0.0044,0.03050,0.03051,0.31564,-0.9,1.0000,-29.2190,0.4741,-6.9960,177.362,ppo_car_spread_a_deterministic
13.2601,-0.08950,0.0000,0.0044,0.02207,0.02207,0.27155,-0.9,1.0000,-29.2190,0.4741,-6.9965,177.362,ppo_car_spread_a_deterministic
13.2801,-0.08950,0.0000,0.0044,0.01480,0.01480,0.39372,-0.9,1.0000,-29.2190,0.4741,-6.9968,177.362,ppo_car_spread_a_deterministic
13.3001,-0.08987,0.0011,0.0000,0.02029,0.02029,0.33023,-0.9,1.0000,-29.2189,0.4741,-6.9972,177.364,ppo_car_spread_a_deterministic
13.3201,-0.08987,0.0011,0.0000,0.02478,0.02479,0.29384,0.6,1.0000,-29.2189,0.4741,-6.9977,177.361,ppo_car_spread_a_deterministic
13.3401,-0.08987,0.0011,0.0000,0.02273,0.02273,0.38464,0.6,1.0000,-29.2189,0.4741,-6.9981,177.356,ppo_car_spread_a_deterministic
13.3601,-0.08987,0.0011,0.0000,0.02198,0.02198,0.38886,0.6,1.0000,-29.2188,0.4741,-6.9986,177.353,ppo_car_spread_a_deterministic
13.3801,-0.08969,0.0025,0.0000,0.02718,0.02718,0.32154,0.6,1.0000,-29.2188,0.4741,-6.9991,177.354,ppo_car_spread_a_deterministic
13.4001,-0.08969,0.0025,0.0000,0.02752,0.02753,0.19627,1.3,1.0000,-29.2188,0.4741,-6.9997,177.353,ppo_car_spread_a_deterministic
13.4201,-0.08969,0.0025,0.0000,0.02332,0.02332,0.16140,1.3,1.0000,-29.2187,0.4741,-7.0001,177.352,ppo_car_spread_a_deterministic
13.4401,-0.08969,0.0025,0.0000,0.01992,0.01992,0.32659,1.3,1.0000,-29.2187,0.4741,-7.0005,177.354,ppo_car_spread_a_deterministic
13.4601,-0.08979,0.0006,0.0000,0.01860,0.01861,0.35932,1.3,1.0000,-29.2187,0.4741,-7.0009,177.351,ppo_car_spread_a_deterministic
13.4801,-0.08979,0.0006,0.0000,0.02415,0.02415,0.16644,0.3,1.0000,-29.2187,0.4741,-7.0014,177.348,ppo_car_spread_a_deterministic
13.5001,-0.08979,0.0006,0.0000,0.02641,0.02642,0.11507,0.3,1.0000,-29.2186,0.4741,-7.0019,177.348,ppo_car_spread_a_deterministic
13.5201,-0.08979,0.0006,0.0000,0.02566,0.02566,0.31373,0.3,1.0000,-29.2186,0.4741,-7.0024,177.347,ppo_car_spread_a_deterministic
13.5401,-0.08959,0.0000,0.0024,0.02310,0.02310,0.16110,0.3,1.0000,-29.2186,0.4741,-7.0029,177.346,ppo_car_spread_a_deterministic
13.5601,-0.08959,0.0000,0.0024,0.02468,0.02469,0.22075,-0.5,1.0000,-29.2185,0.4741,-7.0034,177.344,ppo_car_spread_a_deterministic
13.5801,-0.08959,0.0000,0.0024,0.02978,0.02979,0.24149,-0.5,1.0000,-29.2185,0.4741,-7.0040,177.344,ppo_car_spread_a_deterministic
13.6001,-0.08959,0.0000,0.0024,0.02351,0.02351,0.17469,-0.5,1.0000,-29.2184,0.4741,-7.0044,177.345,ppo_car_spread_a_deterministic
13.6201,-0.08939,0.0000,0.0058,0.02127,0.02127,0.34281,-0.5,1.0000,-29.2184,0.4741,-7.0049,177.347,ppo_car_spread_a_deterministic
13.6401,-0.08939,0.0000,0.0058,0.02235,0.02236,0.26281,-1.2,1.0000,-29.2184,0.4741,-7.0053,177.347,ppo_car_spread_a_deterministic
13.6601,-0.08939,0.0000,0.0058,0.02227,0.02228,0.37200,-1.2,1.0000,-29.2184,0.4741,-7.0058,177.348,ppo_car_spread_a_deterministic
13.6801,-0.08939,0.0000,0.0058,0.02646,0.02646,0.29170,-1.2,1.0000,-29.2183,0.4741,-7.0063,177.345,ppo_car_spread_a_deterministic
13.7001,-0.08978,0.0009,0.0000,0.02596,0.02596,0.38613,-1.2,1.0000,-29.2183,0.4741,-7.0068,177.346,ppo_car_spread_a_deterministic
13.7201,-0.08978,0.0009,0.0000,0.02237,0.02238,0.37353,0.5,1.0000,-29.2183,0.4741,-7.0072,177.348,ppo_car_spread_a_deterministic
13.7401,-0.08978,0.0009,0.0000,0.02621,0.02622,0.11144,0.5,1.0000,-29.2182,0.4741,-7.0078,177.347,ppo_car_spread_a_deterministic
13.7601,-0.08978,0.0009,0.0000,0.02394,0.02394,0.33198,0.5,1.0000,-29.2182,0.4741,-7.0082,177.345,ppo_car_spread_a_deterministic
13.7801,-0.08958,0.0000,0.0020,0.02496,0.02496,0.38032,0.5,1.0000,-29.2182,0.4741,-7.0087,177.342,ppo_car_spread_a_deterministic
13.8001,-0.08958,0.0000,0.0020,0.03071,0.03071,0.32367,-0.4,1.0000,-29.2181,0.4741,-7.0094,177.343,ppo_car_spread_a_deterministic
13.8201,-0.08958,0.0000,0.0020,0.02544,0.02544,0.24409,-0.4,1.0000,-29.2181,0.4741,-7.0099,177.342,ppo_car_spread_a_deterministic
13.8401,-0.08958,0.0000,0.0020,0.02020,0.02020,0.25562,-0.4,1.0000,-29.2181,0.4741,-7.0103,177.339,ppo_car_spread_a_deterministic
13.8601,-0.08970,0.0000,0.0015,0.02657,0.02658,0.27608,-0.4,1.0000,-29.2180,0.4741,-7.0108,177.339,ppo_car_spread_a_deterministic
13.8801,-0.08970,0.0000,0.0015,0.02476,0.02477,0.32520,-0.3,1.0000,-29.2180,0.4741,-7.0113,177.341,ppo_car_spread_a_deterministic
13.9001,-0.08970,0.0000,0.0015,0.02543,0.02543,0.16897,-0.3,1.0000,-29.2180,0.4741,-7.0118,177.342,ppo_car_spread_a_deterministic
13.9201,-0.08970,0.0000,0.0015,0.02818,0.02819,0.22821,-0.3,1.0000,-29.2179,0.4741,-7.0124,177.342,ppo_car_spread_a_deterministic
13.9401,-0.08969,0.0000,0.0020,0.02393,0.02394,0.17925,-0.3,1.0000,-29.2179,0.4741,-7.0128,177.343,ppo_car_spread_a_deterministic
13.9601,-0.08969,0.0000,0.0020,0.02655,0.02655,0.31488,-0.4,1.0000,-29.2179,0.4741,-7.0134,177.338,ppo_car_spread_a_deterministic
13.9801,-0.08969,0.0000,0.0020,0.02171,0.02172,0.39623,-0.4,1.0000,-29.2178,0.4741,-7.0138,177.341,ppo_car_spread_a_deterministic
14.0001,-0.08969,0.0000,0.0020,0.02728,0.02729,0.21878,-0.4,1.0000,-29.2178,0.4741,-7.0143,177.342,ppo_car_spread_a_deterministic
14.0201,-0.09004,0.0008,0.0000,0.02102,0.02103,0.17886,-0.4,1.0000,-29.2178,0.4741,-7.0148,177.341,ppo_car_spread_a_deterministic
14.0401,-0.09004,0.0008,0.0000,0.02394,0.02394,0.18248,0.4,1.0000,-29.2177,0.4741,-7.0152,177.338,ppo_car_spread_a_deterministic
14.0601,-0.09004,0.0008,0.0000,0.02494,0.02494,0.19242,0.4,1.0000,-29.2177,0.4741,-7.0157,177.336,ppo_car_spread_a_deterministic
14.0801,-0.09004,0.0008,0.0000,0.02214,0.02214,0.21014,0.4,1.0000,-29.2177,0.4741,-7.0162,177.335,ppo_car_spread_a_deterministic
14.1001,-0.08966,0.0000,0.0007,0.02338,0.02339,0.18318,0.4,1.0000,-29.2176,0.4741,-7.0166,177.335,ppo_car_spread_a_deterministic
14.1201,-0.08966,0.0000,0.0007,0.02005,0.02006,0.29454,-0.1,1.0000,-29.2176,0.4741,-7.0170,177.332,ppo_car_spread_a_deterministic
14.1401,-0.08966,0.0000,0.0007,0.02441,0.02442,0.31767,-0.1,1.0000,-29.2176,0.4741,-7.0175,177.327,ppo_car_spread_a_deterministic
14.1601,-0.08966,0.0000,0.0007,0.02697,0.02697,0.17133,-0.1,1.0000,-29.2175,0.4741,-7.0181,177.326,ppo_car_spread_a_deterministic
14.1801,-0.08956,0.0009,0.0000,0.02457,0.02458,0.23468,-0.1,1.0000,-29.2175,0.4741,-7.0186,177.326,ppo_car_spread_a_deterministic
14.2001,-0.08956,0.0009,0.0000,0.02957,0.02958,0.17916,0.5,1.0000,-29.2175,0.4741,-7.0192,177.325,ppo_car_spread_a_deterministic
14.2201,-0.08956,0.0009,0.0000,0.02104,0.02105,0.32734,0.5,1.0000,-29.2174,0.4741,-7.0196,177.322,ppo_car_spread_a_deterministic
14.2401,-0.08956,0.0009,0.0000,0.02076,0.02077,0.34468,0.5,1.0000,-29.2174,0.4741,-7.0200,177.320,ppo_car_spread_a_deterministic
14.2601,-0.08984,0.0035,0.0000,0.02458,0.02459,0.22279,0.5,1.0000,-29.2174,0.4741,-7.0205,177.320,ppo_car_spread_a_deterministic
14.2801,-0.08984,0.0035,0.0000,0.02422,0.02422,0.13864,1.8,1.0000,-29.2173,0.4741,-7.0210,177.320,ppo_car_spread_a_deterministic
14.3001,-0.08984,0.0035,0.0000,0.02606,0.02606,0.26791,1.8,1.0000,-29.2173,0.4741,-7.0215,177.316,ppo_car_spread_a_deterministic
14.3201,-0.08984,0.0035,0.0000,0.02319,0.02319,0.17521,1.8,1.0000,-29.2173,0.4741,-7.0219,177.315,ppo_car_spread_a_deterministic
14.3401,-0.08953,0.0000,0.0009,0.02818,0.02819,0.29763,1.8,1.0000,-29.2172,0.4741,-7.0225,177.313,ppo_car_spread_a_deterministic
14.3601,-0.08953,0.0000,0.0009,0.02676,0.02677,0.32475,-0.2,1.0000,-29.2172,0.4741,-7.0231,177.314,ppo_car_spread_a_deterministic
14.3801,-0.08953,0.0000,0.0009,0.02509,0.02509,0.31640,-0.2,1.0000,-29.2172,0.4741,-7.0236,177.316,ppo_car_spread_a_deterministic
14.4001,-0.08953,0.0000,0.0009,0.02430,0.02431,0.31835,-0.2,1.0000,-29.2171,0.4741,-7.0240,177.319,ppo_car_spread_a_deterministic
14.4201,-0.08976,0.0000,0.0023,0.02292,0.02293,0.32066,-0.2,1.0000,-29.2171,0.4741,-7.0245,177.323,ppo_car_spread_a_deterministic
14.4401,-0.08976,0.0000,0.0023,0.02204,0.02204,0.20640,-0.5,1.0000,-29.2171,0.4741,-7.0249,177.321,ppo_car_spread_a_deterministic
14.4601,-0.08976,0.0000,0.0023,0.02608,0.02609,0.19955,-0.5,1.0000,-29.2170,0.4741,-7.0254,177.322,ppo_car_spread_a_deterministic
14.4801,-0.08976,0.0000,0.0023,0.02401,0.02402,0.23069,-0.5,1.0000,-29.2170,0.4741,-7.0259,177.325,ppo_car_spread_a_deterministic
14.5001,-0.08966,0.0000,0.0026,0.02720,0.02720,0.38564,-0.5,1.0000,-29.2170,0.4741,-7.0265,177.329,ppo_car_spread_a_deterministic
14.5201,-0.08966,0.0000,0.0026,0.02581,0.02581,0.30736,-0.6,1.0000,-29.2169,0.4741,-7.0270,177.324,ppo_car_spread_a_deterministic
14.5401,-0.08966,0.0000,0.0026,0.02460,0.02460,0.30501,-0.6,1.0000,-29.2169,0.4741,-7.0275,177.327,ppo_car_spread_a_deterministic
14.5601,-0.08966,0.0000,0.0026,0.02169,0.02169,0.17219,-0.6,1.0000,-29.2169,0.4741,-7.0279,177.328,ppo_car_spread_a_deterministic
14.5801,-0.08981,0.0000,0.0018,0.02068,0.02068,0.34603,-0.6,1.0000,-29.2169,0.4741,-7.0283,177.329,ppo_car_spread_a_deterministic
14.6001,-0.08981,0.0000,0.0018,0.02398,0.02399,0.32375,-0.4,1.0000,-29.2168,0.4741,-7.0288,177.328,ppo_car_spread_a_deterministic
14.6201,-0.08981,0.0000,0.0018,0.02140,0.02140,0.39475,-0.4,1.0000,-29.2168,0.4741,-7.0292,177.326,ppo_car_spread_a_deterministic
14.6401,-0.08981,0.0000,0.0018,0.02666,0.02666,0.15996,-0.4,1.0000,-29.2168,0.4741,-7.0298,177.326,ppo_car_spread_a_deterministic
14.6601,-0.08978,0.0029,0.0000,0.02362,0.02363,0.18093,-0.4,1.0000,-29.2167,0.4741,-7.0302,177.326,ppo_car_spread_a_deterministic
14.6802,-0.08978,0.0029,0.0000,0.02267,0.02267,0.30845,1.5,1.0000,-29.2167,0.4741,-7.0307,177.329,ppo_car_spread_a_deterministic
14.7002,-0.08978,0.0029,0.0000,0.02270,0.02271,0.23031,1.5,1.0000,-29.2167,0.4741,-7.0311,177.332,ppo_car_spread_a_deterministic
14.7202,-0.08978,0.0029,0.0000,0.02304,0.02304,0.39338,1.5,1.0000,-29.2166,0.4741,-7.0316,177.331,ppo_car_spread_a_deterministic
14.7402,-0.08996,0.0000,0.0001,0.02540,0.02540,0.33738,1.5,1.0000,-29.2166,0.4741,-7.0321,177.331,ppo_car_spread_a_deterministic
14.7602,-0.08996,0.0000,0.0001,0.02791,0.02792,0.31591,0.0,1.0000,-29.2166,0.4741,-7.0327,177.331,ppo_car_spread_a_deterministic
14.7802,-0.08996,0.0000,0.0001,0.02039,0.02039,0.39526,0.0,1.0000,-29.2165,0.4741,-7.0331,177.327,ppo_car_spread_a_deterministic
14.8002,-0.08996,0.0000,0.0001,0.02102,0.02103,0.36736,0.0,1.0000,-29.2165,0.4741,-7.0335,177.322,ppo_car_spread_a_deterministic
14.8202,-0.08986,0.0043,0.0000,0.02577,0.02577,0.17537,0.0,1.0000,-29.2165,0.4741,-7.0340,177.321,ppo_car_spread_a_deterministic
14.8402,-0.08986,0.0043,0.0000,0.02467,0.02468,0.14845,2.3,1.0000,-29.2164,0.4741,-7.0345,177.322,ppo_car_spread_a_deterministic
14.8602,-0.08986,0.0043,0.0000,0.02583,0.02584,0.39079,2.3,1.0000,-29.2164,0.4741,-7.0350,177.320,ppo_car_spread_a_deterministic
14.8802,-0.08986,0.0043,0.0000,0.02488,0.02488,0.15917,2.3,1.0000,-29.2164,0.4741,-7.0355,177.320,ppo_car_spread_a_deterministic
14.9002,-0.08954,0.0000,0.0013,0.02851,0.02851,0.18915,2.3,1.0000,-29.2163,0.4741,-7.0361,177.318,ppo_car_spread_a_deterministic
14.9202,-0.08954,0.0000,0.0013,0.02178,0.02178,0.37025,-0.3,1.0000,-29.2163,0.4741,-7.0365,177.315,ppo_car_spread_a_deterministic
14.9402,-0.08954,0.0000,0.0013,0.02558,0.02558,0.34339,-0.3,1.0000,-29.2163,0.4741,-7.0370,177.314,ppo_car_spread_a_deterministic
14.9602,-0.08954,0.0000,0.0013,0.02497,0.02498,0.28966,-0.3,1.0000,-29.2162,0.4741,-7.0375,177.316,ppo_car_spread_a_deterministic
14.9802,-0.08950,0.0000,0.0015,0.02881,0.02882,0.28100,-0.3,1.0000,-29.2162,0.4741,-7.0381,177.314,ppo_car_spread_a_deterministic
15.0002,-0.08950,0.0000,0.0015,0.02716,0.02716,0.23135,-0.3,1.0000,-29.2162,0.4741,-7.0386,177.310,ppo_car_spread_a_deterministic
15.0202,-0.08950,0.0000,0.0015,0.02526,0.02527,0.34952,-0.3,1.0000,-29.2161,0.4741,-7.0392,177.308,ppo_car_spread_a_deterministic
15.0402,-0.08950,0.0000,0.0015,0.02865,0.02865,0.31468,-0.3,1.0000,-29.2161,0.4741,-7.0397,177.308,ppo_car_spread_a_deterministic
15.0602,-0.08955,0.0000,0.0008,0.02376,0.02377,0.35150,-0.3,1.0000,-29.2161,0.4741,-7.0402,177.304,ppo_car_spread_a_deterministic
15.0802,-0.08955,0.0000,0.0008,0.02484,0.02484,0.19885,-0.2,1.0000,-29.2160,0.4741,-7.0407,177.305,ppo_car_spread_a_deterministic
15.1002,-0.08955,0.0000,0.0008,0.01859,0.01860,0.39482,-0.2,1.0000,-29.2160,0.4741,-7.0411,177.304,ppo_car_spread_a_deterministic
15.1202,-0.08955,0.0000,0.0008,0.02895,0.02895,0.31677,-0.2,1.0000,-29.2160,0.4741,-7.0416,177.301,ppo_car_spread_a_deterministic
15.1402,-0.09002,0.0053,0.0000,0.02254,0.02254,0.30384,-0.2,1.0000,-29.2159,0.4741,-7.0421,177.300,ppo_car_spread_a_deterministic
15.1602,-0.09002,0.0053,0.0000,0.02540,0.02541,0.27726,2.8,1.0000,-29.2159,0.4741,-7.0426,177.301,ppo_car_spread_a_deterministic
15.1802,-0.09002,0.0053,0.0000,0.03092,0.03093,0.26571,2.8,1.0000,-29.2159,0.4741,-7.0432,177.302,ppo_car_spread_a_deterministic
15.2002,-0.09002,0.0053,0.0000,0.02789,0.02789,0.18323,2.8,1.0000,-29.2158,0.4741,-7.0438,177.301,ppo_car_spread_a_deterministic
15.2202,-0.08941,0.0000,0.0070,0.02339,0.02339,0.40023,2.8,1.0000,-29.2158,0.4741,-7.0442,177.301,ppo_car_spread_a_deterministic
15.2402,-0.08941,0.0000,0.0070,0.02990,0.02991,0.21413,-1.5,1.0000,-29.2158,0.4741,-7.0448,177.301,ppo_car_spread_a_deterministic
15.2602,-0.08941,0.0000,0.0070,0.02827,0.02827,0.18874,-1.5,1.0000,-29.2157,0.4741,-7.0454,177.299,ppo_car_spread_a_deterministic
15.2802,-0.08941,0.0000,0.0070,0.03064,0.03064,0.31752,-1.5,1.0000,-29.2157,0.4741,-7.0460,177.301,ppo_car_spread_a_deterministic
15.3002,-0.08939,0.0000,0.0038,0.02392,0.02392,0.29270,-1.5,1.0000,-29.2157,0.4741,-7.0465,177.303,ppo_car_spread_a_deterministic
15.3202,-0.08939,0.0000,0.0038,0.02824,0.02825,0.26143,-0.8,1.0000,-29.2156,0.4741,-7.0471,177.299,ppo_car_spread_a_deterministic
15.3402,-0.08939,0.0000,0.0038,0.02467,0.02468,0.30665,-0.8,1.0000,-29.2156,0.4741,-7.0475,177.299,ppo_car_spread_a_deterministic
15.3602,-0.08939,0.0000,0.0038,0.02388,0.02388,0.36270,-0.8,1.0000,-29.2156,0.4741,-7.0480,177.304,ppo_car_spread_a_deterministic
15.3802,-0.08971,0.0000,0.0011,0.02826,0.02827,0.26287,-0.8,1.0000,-29.2155,0.4741,-7.0486,177.304,ppo_car_spread_a_deterministic
15.4002,-0.08971,0.0000,0.0011,0.03154,0.03155,0.29964,-0.2,1.0000,-29.2155,0.4741,-7.0492,177.306,ppo_car_spread_a_deterministic
15.4202,-0.08971,0.0000,0.0011,0.02947,0.02948,0.21032,-0.2,1.0000,-29.2154,0.4741,-7.0498,177.306,ppo_car_spread_a_deterministic
15.4402,-0.08971,0.0000,0.0011,0.02918,0.02919,0.23543,-0.2,1.0000,-29.2154,0.4741,-7.0504,177.305,ppo_car_spread_a_deterministic
15.4602,-0.08941,0.0000,0.0052,0.03055,0.03055,0.33741,-0.2,1.0000,-29.2154,0.4741,-7.0510,177.306,ppo_car_spread_a_deterministic
15.4802,-0.08941,0.0000,0.0052,0.02399,0.02399,0.38519,-1.1,1.0000,-29.2153,0.4741,-7.0515,177.306,ppo_car_spread_a_deterministic
15.5002,-0.08941,0.0000,0.0052,0.02676,0.02676,0.21559,-1.1,1.0000,-29.2153,0.4741,-7.0520,177.304,ppo_car_spread_a_deterministic
15.5202,-0.08941,0.0000,0.0052,0.02233,0.02233,0.19067,-1.1,1.0000,-29.2153,0.4741,-7.0524,177.302,ppo_car_spread_a_deterministic
15.5402,-0.08946,0.0000,0.0022,0.02532,0.02533,0.28777,-1.1,1.0000,-29.2152,0.4741,-7.0529,177.299,ppo_car_spread_a_deterministic
15.5602,-0.08946,0.0000,0.0022,0.02525,0.02525,0.25713,-0.5,1.0000,-29.2152,0.4741,-7.0535,177.296,ppo_car_spread_a_deterministic
15.5802,-0.08946,0.0000,0.0022,0.02108,0.02108,0.38900,-0.5,1.0000,-29.2152,0.4741,-7.0539,177.299,ppo_car_spread_a_deterministic
15.6002,-0.08946,0.0000,0.0022,0.02141,0.02142,0.28903,-0.5,1.0000,-29.2151,0.4741,-7.0543,177.297,ppo_car_spread_a_deterministic
15.6202,-0.08996,0.0012,0.0000,0.02222,0.02222,0.16814,-0.5,1.0000,-29.2151,0.4741,-7.0547,177.296,ppo_car_spread_a_deterministic
15.6402,-0.08996,0.0012,0.0000,0.02670,0.02670,0.29219,0.7,1.0000,-29.2151,0.4741,-7.0553,177.293,ppo_car_spread_a_deterministic
15.6602,-0.08996,0.0012,0.0000,0.02541,0.02541,0.08801,0.7,1.0000,-29.2150,0.4741,-7.0558,177.293,ppo_car_spread_a_deterministic
15.6802,-0.08996,0.0012,0.0000,0.02479,0.02479,0.34791,0.7,1.0000,-29.2150,0.4741,-7.0563,177.292,ppo_car_spread_a_deterministic
15.7002,-0.08969,0.0000,0.0017,0.02472,0.02472,0.35033,0.7,1.0000,-29.2150,0.4741,-7.0568,177.295,ppo_car_spread_a_deterministic
15.7202,-0.08969,0.0000,0.0017,0.02352,0.02352,0.37774,-0.4,1.0000,-29.2150,0.4741,-7.0572,177.295,ppo_car_spread_a_deterministic
15.7402,-0.08969,0.0000,0.0017,0.01961,0.01961,0.39733,-0.4,1.0000,-29.2149,0.4741,-7.0576,177.296,ppo_car_spread_a_deterministic
15.7602,-0.08969,0.0000,0.0017,0.02061,0.02062,0.37386,-0.4,1.0000,-29.2149,0.4741,-7.0580,177.296,ppo_car_spread_a_deterministic
15.7802,-0.09004,0.0031,0.0000,0.02241,0.02242,0.36632,-0.4,1.0000,-29.2149,0.4741,-7.0585,177.296,ppo_car_spread_a_deterministic
15.8002,-0.09004,0.0031,0.0000,0.02526,0.02527,0.26841,1.6,1.0000,-29.2148,0.4741,-7.0590,177.294,ppo_car_spread_a_deterministic
15.8202,-0.09004,0.0031,0.0000,0.02481,0.02481,0.38940,1.6,1.0000,-29.2148,0.4741,-7.0595,177.298,ppo_car_spread_a_deterministic
15.8402,-0.09004,0.0031,0.0000,0.02991,0.02991,0.21761,1.6,1.0000,-29.2148,0.4741,-7.0601,177.298,ppo_car_spread_a_deterministic
15.8602,-0.08990,0.0000,0.0024,0.02801,0.02802,0.09185,1.6,1.0000,-29.2147,0.4741,-7.0607,177.296,ppo_car_spread_a_deterministic
15.8802,-0.08990,0.0000,0.0024,0.02733,0.02734,0.29169,-0.5,1.0000,-29.2147,0.4741,-7.0612,177.295,ppo_car_spread_a_deterministic
15.9002,-0.08990,0.0000,0.0024,0.02519,0.02519,0.16576,-0.5,1.0000,-29.2147,0.4741,-7.0617,177.294,ppo_car_spread_a_deterministic
15.9202,-0.08990,0.0000,0.0024,0.03007,0.03008,0.33043,-0.5,1.0000,-29.2146,0.4741,-7.0623,177.296,ppo_car_spread_a_deterministic
15.9402,-0.08967,0.0000,0.0011,0.02792,0.02793,0.30841,-0.5,1.0000,-29.2146,0.4741,-7.0629,177.295,ppo_car_spread_a_deterministic
15.9602,-0.08967,0.0000,0.0011,0.02922,0.02922,0.30128,-0.2,1.0000,-29.2145,0.4741,-7.0635,177.290,ppo_car_spread_a_deterministic
15.9802,-0.08967,0.0000,0.0011,0.02352,0.02352,0.17944,-0.2,1.0000,-29.2145,0.4741,-7.0639,177.288,ppo_car_spread_a_deterministic
16.0002,-0.08967,0.0000,0.0011,0.02640,0.02641,0.22126,-0.2,1.0000,-29.2145,0.4741,-7.0644,177.288,ppo_car_spread_a_deterministic
16.0202,-0.08967,0.0007,0.0000,0.02376,0.02377,0.35961,-0.2,1.0000,-29.2144,0.4741,-7.0649,177.285,ppo_car_spread_a_deterministic
16.0402,-0.08967,0.0007,0.0000,0.03147,0.03148,0.17281,0.4,1.0000,-29.2144,0.4741,-7.0656,177.285,ppo_car_spread_a_deterministic
16.0602,-0.08967,0.0007,0.0000,0.03036,0.03036,0.14781,0.4,1.0000,-29.2143,0.4741,-7.0662,177.284,ppo_car_spread_a_deterministic
16.0802,-0.08967,0.0007,0.0000,0.02500,0.02500,0.21011,0.4,1.0000,-29.2143,0.4741,-7.0667,177.282,ppo_car_spread_a_deterministic
16.1002,-0.08935,0.0000,0.0060,0.02156,0.02157,0.23117,0.4,1.0000,-29.2143,0.4741,-7.0671,177.282,ppo_car_spread_a_deterministic
16.1202,-0.08935,0.0000,0.0060,0.02666,0.02667,0.34837,-1.3,1.0000,-29.2143,0.4741,-7.0676,177.284,ppo_car_spread_a_deterministic
16.1402,-0.08935,0.0000,0.0060,0.02560,0.02560,0.35300,-1.3,1.0000,-29.2142,0.4741,-7.0681,177.287,ppo_car_spread_a_deterministic
16.1602,-0.08935,0.0000,0.0060,0.03138,0.03138,0.24486,-1.3,1.0000,-29.2142,0.4741,-7.0687,177.286,ppo_car_spread_a_deterministic
16.1802,-0.08973,0.0000,0.0029,0.02504,0.02504,0.32787,-1.3,1.0000,-29.2141,0.4741,-7.0692,177.283,ppo_car_spread_a_deterministic
16.2002,-0.08973,0.0000,0.0029,0.02873,0.02874,0.29341,-0.6,1.0000,-29.2141,0.4741,-7.0698,177.280,ppo_car_spread_a_deterministic
16.2202,-0.08973,0.0000,0.0029,0.02771,0.02771,0.28535,-0.6,1.0000,-29.2141,0.4741,-7.0704,177.281,ppo_car_spread_a_deterministic
16.2402,-0.08973,0.0000,0.0029,0.02511,0.02512,0.23392,-0.6,1.0000,-29.2140,0.4741,-7.0709,177.279,ppo_car_spread_a_deterministic
16.2602,-0.08956,0.0000,0.0039,0.02564,0.02564,0.18262,-0.6,1.0000,-29.2140,0.4741,-7.0714,177.280,ppo_car_spread_a_deterministic
16.2802,-0.08956,0.0000,0.0039,0.02967,0.02968,0.32755,-0.8,1.0000,-29.2140,0.4741,-7.0720,177.279,ppo_car_spread_a_deterministic
16.3002,-0.08956,0.0000,0.0039,0.02837,0.02838,0.15513,-0.8,1.0000,-29.2139,0.4741,-7.0725,177.279,ppo_car_spread_a_deterministic
16.3202,-0.08956,0.0000,0.0039,0.02946,0.02947,0.32228,-0.8,1.0000,-29.2139,0.4741,-7.0731,177.280,ppo_car_spread_a_deterministic
16.3402,-0.08951,0.0000,0.0046,0.02248,0.02248,0.14882,-0.8,1.0000,-29.2138,0.4741,-7.0736,177.280,ppo_car_spread_a_deterministic
16.3602,-0.08951,0.0000,0.0046,0.02580,0.02580,0.13871,-1.0,1.0000,-29.2138,0.4741,-7.0741,177.280,ppo_car_spread_a_deterministic
16.3802,-0.08951,0.0000,0.0046,0.02951,0.02951,0.32095,-1.0,1.0000,-29.2138,0.4741,-7.0747,177.281,ppo_car_spread_a_deterministic
16.4002,-0.08951,0.0000,0.0046,0.02903,0.02903,0.32102,-1.0,1.0000,-29.2137,0.4741,-7.0753,177.283,ppo_car_spread_a_deterministic
16.4202,-0.08944,0.0000,0.0057,0.02311,0.02311,0.12260,-1.0,1.0000,-29.2137,0.4741,-7.0757,177.281,ppo_car_spread_a_deterministic
16.4402,-0.08944,0.0000,0.0057,0.02755,0.02755,0.22995,-1.2,1.0000,-29.2137,0.4741,-7.0763,177.278,ppo_car_spread_a_deterministic
16.4602,-0.08944,0.0000,0.0057,0.02317,0.02318,0.28165,-1.2,1.0000,-29.2136,0.4741,-7.0767,177.274,ppo_car_spread_a_deterministic
16.4802,-0.08944,0.0000,0.0057,0.02492,0.02492,0.27787,-1.2,1.0000,-29.2136,0.4741,-7.0772,177.274,ppo_car_spread_a_deterministic
16.5002,-0.08963,0.0018,0.0000,0.01888,0.01888,0.29694,-1.2,1.0000,-29.2136,0.4741,-7.0776,177.274,ppo_car_spread_a_deterministic
16.5202,-0.08963,0.0018,0.0000,0.02263,0.02263,0.13122,0.9,1.0000,-29.2136,0.4741,-7.0780,177.274,ppo_car_spread_a_deterministic
16.5402,-0.08963,0.0018,0.0000,0.02621,0.02622,0.16517,0.9,1.0000,-29.2135,0.4741,-7.0786,177.274,ppo_car_spread_a_deterministic
16.5602,-0.08963,0.0018,0.0000,0.02530,0.02531,0.08327,0.9,1.0000,-29.2135,0.4741,-7.0791,177.274,ppo_car_spread_a_deterministic
16.5802,-0.08958,0.0000,0.0024,0.02645,0.02645,0.32676,0.9,1.0000,-29.2134,0.4741,-7.0796,177.275,ppo_car_spread_a_deterministic
16.6002,-0.08958,0.0000,0.0024,0.02213,0.02214,0.17769,-0.5,1.0000,-29.2134,0.4741,-7.0800,177.274,ppo_car_spread_a_deterministic
16.6202,-0.08958,0.0000,0.0024,0.02335,0.02335,0.20510,-0.5,1.0000,-29.2134,0.4741,-7.0805,177.271,ppo_car_spread_a_deterministic
16.6402,-0.08958,0.0000,0.0024,0.01979,0.01979,0.26196,-0.5,1.0000,-29.2134,0.4741,-7.0809,177.272,ppo_car_spread_a_deterministic
16.6602,-0.08965,0.0012,0.0000,0.02762,0.02762,0.33649,-0.5,1.0000,-29.2133,0.4741,-7.0815,177.268,ppo_car_spread_a_deterministic
16.6802,-0.08965,0.0012,0.0000,0.02790,0.02791,0.25171,0.6,1.0000,-29.2133,0.4741,-7.0820,177.270,ppo_car_spread_a_deterministic
16.7002,-0.08965,0.0012,0.0000,0.02161,0.02161,0.31238,0.6,1.0000,-29.2133,0.4741,-7.0825,177.268,ppo_car_spread_a_deterministic
16.7202,-0.08965,0.0012,0.0000,0.02303,0.02303,0.15993,0.6,1.0000,-29.2132,0.4741,-7.0829,177.268,ppo_car_spread_a_deterministic
16.7402,-0.08974,0.0023,0.0000,0.02226,0.02227,0.22736,0.6,1.0000,-29.2132,0.4741,-7.0834,177.267,ppo_car_spread_a_deterministic
16.7602,-0.08974,0.0023,0.0000,0.02426,0.02427,0.38042,1.2,1.0000,-29.2132,0.4741,-7.0838,177.270,ppo_car_spread_a_deterministic
16.7802,-0.08974,0.0023,0.0000,0.02553,0.02554,0.15313,1.2,1.0000,-29.2131,0.4741,-7.0844,177.268,ppo_car_spread_a_deterministic
16.8002,-0.08974,0.0023,0.0000,0.02366,0.02367,0.31944,1.2,1.0000,-29.2131,0.4741,-7.0848,177.263,ppo_car_spread_a_deterministic
16.8202,-0.08963,0.0000,0.0014,0.02794,0.02794,0.23735,1.2,1.0000,-29.2131,0.4741,-7.0854,177.265,ppo_car_spread_a_deterministic
16.8402,-0.08963,0.0000,0.0014,0.02595,0.02595,0.31239,-0.3,1.0000,-29.2130,0.4741,-7.0859,177.263,ppo_car_spread_a_deterministic
16.8602,-0.08963,0.0000,0.0014,0.02027,0.02028,0.35357,-0.3,1.0000,-29.2130,0.4741,-7.0863,177.262,ppo_car_spread_a_deterministic
16.8802,-0.08963,0.0000,0.0014,0.01870,0.01870,0.20795,-0.3,1.0000,-29.2130,0.4741,-7.0867,177.260,ppo_car_spread_a_deterministic
16.9002,-0.08992,0.0037,0.0000,0.02559,0.02560,0.20642,-0.3,1.0000,-29.2129,0.4741,-7.0872,177.262,ppo_car_spread_a_deterministic
16.9202,-0.08992,0.0037,0.0000,0.02709,0.02710,0.32385,1.9,1.0000,-29.2129,0.4741,-7.0877,177.259,ppo_car_spread_a_deterministic
16.9402,-0.08992,0.0037,0.0000,0.02415,0.02415,0.32995,1.9,1.0000,-29.2129,0.4741,-7.0882,177.258,ppo_car_spread_a_deterministic
16.9602,-0.08992,0.0037,0.0000,0.02401,0.02402,0.28128,1.9,1.0000,-29.2128,0.4741,-7.0887,177.259,ppo_car_spread_a_deterministic
16.9802,-0.08969,0.0000,0.0001,0.02125,0.02126,0.32196,1.9,1.0000,-29.2128,0.4741,-7.0891,177.257,ppo_car_spread_a_deterministic
17.0002,-0.08969,0.0000,0.0001,0.02932,0.02932,0.27469,0.0,1.0000,-29.2128,0.4741,-7.0897,177.255,ppo_car_spread_a_deterministic
17.0202,-0.08969,0.0000,0.0001,0.02295,0.02296,0.29047,0.0,1.0000,-29.2127,0.4741,-7.0902,177.253,ppo_car_spread_a_deterministic
17.0402,-0.08969,0.0000,0.0001,0.01989,0.01989,0.37619,0.0,1.0000,-29.2127,0.4741,-7.0906,177.253,ppo_car_spread_a_deterministic
17.0602,-0.08976,0.0012,0.0000,0.02092,0.02092,0.25210,0.0,1.0000,-29.2127,0.4741,-7.0910,177.253,ppo_car_spread_a_deterministic
17.0802,-0.08976,0.0012,0.0000,0.02594,0.02595,0.39054,0.6,1.0000,-29.2127,0.4741,-7.0915,177.253,ppo_car_spread_a_deterministic
17.1002,-0.08976,0.0012,0.0000,0.02546,0.02547,0.17450,0.6,1.0000,-29.2126,0.4741,-7.0920,177.253,ppo_car_spread_a_deterministic
17.1202,-0.08976,0.0012,0.0000,0.02415,0.02416,0.17100,0.6,1.0000,-29.2126,0.4741,-7.0925,177.251,ppo_car_spread_a_deterministic
17.1402,-0.08968,0.0000,0.0018,0.02623,0.02623,0.32570,0.6,1.0000,-29.2126,0.4741,-7.0930,177.245,ppo_car_spread_a_deterministic
17.1602,-0.08968,0.0000,0.0018,0.02383,0.02383,0.20443,-0.4,1.0000,-29.2125,0.4741,-7.0935,177.246,ppo_car_spread_a_deterministic
17.1802,-0.08968,0.0000,0.0018,0.02975,0.02976,0.21788,-0.4,1.0000,-29.2125,0.4741,-7.0941,177.246,ppo_car_spread_a_deterministic
17.2002,-0.08968,0.0000,0.0018,0.02484,0.02484,0.19642,-0.4,1.0000,-29.2124,0.4741,-7.0946,177.244,ppo_car_spread_a_deterministic
17.2202,-0.08941,0.0000,0.0059,0.02482,0.02483,0.35753,-0.4,1.0000,-29.2124,0.4741,-7.0951,177.240,ppo_car_spread_a_deterministic
17.2402,-0.08941,0.0000,0.0059,0.02146,0.02147,0.36478,-1.2,1.0000,-29.2124,0.4741,-7.0955,177.237,ppo_car_spread_a_deterministic
17.2602,-0.08941,0.0000,0.0059,0.02557,0.02557,0.13393,-1.2,1.0000,-29.2124,0.4741,-7.0960,177.239,ppo_car_spread_a_deterministic
17.2802,-0.08941,0.0000,0.0059,0.02557,0.02558,0.17978,-1.2,1.0000,-29.2123,0.4741,-7.0965,177.241,ppo_car_spread_a_deterministic
17.3002,-0.08964,0.0000,0.0023,0.02701,0.02702,0.27776,-1.2,1.0000,-29.2123,0.4741,-7.0971,177.242,ppo_car_spread_a_deterministic
17.3202,-0.08964,0.0000,0.0023,0.01911,0.01911,0.38618,-0.5,1.0000,-29.2123,0.4741,-7.0974,177.241,ppo_car_spread_a_deterministic
17.3402,-0.08964,0.0000,0.0023,0.02150,0.02151,0.35269,-0.5,1.0000,-29.2122,0.4741,-7.0979,177.241,ppo_car_spread_a_deterministic
17.3602,-0.08964,0.0000,0.0023,0.02660,0.02660,0.19960,-0.5,1.0000,-29.2122,0.4741,-7.0984,177.240,ppo_car_spread_a_deterministic
17.3802,-0.08987,0.0020,0.0000,0.02579,0.02579,0.32713,-0.5,1.0000,-29.2122,0.4741,-7.0989,177.238,ppo_car_spread_a_deterministic
17.4002,-0.08987,0.0020,0.0000,0.02666,0.02667,0.27480,1.1,1.0000,-29.2121,0.4741,-7.0994,177.238,ppo_car_spread_a_deterministic
17.4202,-0.08987,0.0020,0.0000,0.01661,0.01661,0.39455,1.1,1.0000,-29.2121,0.4741,-7.0998,177.235,ppo_car_spread_a_deterministic
17.4402,-0.08987,0.0020,0.0000,0.01851,0.01852,0.38306,1.1,1.0000,-29.2121,0.4741,-7.1001,177.238,ppo_car_spread_a_deterministic
17.4602,-0.09009,0.0074,0.0000,0.02003,0.02003,0.26447,1.1,1.0000,-29.2120,0.4741,-7.1005,177.238,ppo_car_spread_a_deterministic
17.4802,-0.09009,0.0074,0.0000,0.03061,0.03061,0.27665,3.9,1.0000,-29.2120,0.4741,-7.1011,177.235,ppo_car_spread_a_deterministic
17.5002,-0.09009,0.0074,0.0000,0.02938,0.02939,0.31693,3.9,1.0000,-29.2120,0.4741,-7.1017,177.229,ppo_car_spread_a_deterministic
17.5202,-0.09009,0.0074,0.0000,0.02880,0.02881,0.39711,3.9,1.0000,-29.2119,0.4741,-7.1023,177.226,ppo_car_spread_a_deterministic
17.5402,-0.08935,0.0000,0.0035,0.02219,0.02219,0.30430,3.9,1.0000,-29.2119,0.4741,-7.1028,177.224,ppo_car_spread_a_deterministic
17.5602,-0.08935,0.0000,0.0035,0.02838,0.02838,0.28711,-0.7,1.0000,-29.2119,0.4741,-7.1033,177.222,ppo_car_spread_a_deterministic
17.5802,-0.08935,0.0000,0.0035,0.03045,0.03046,0.10528,-0.7,1.0000,-29.2118,0.4741,-7.1039,177.222,ppo_car_spread_a_deterministic
17.6002,-0.08935,0.0000,0.0035,0.02519,0.02520,0.39893,-0.7,1.0000,-29.2118,0.4741,-7.1044,177.221,ppo_car_spread_a_deterministic
17.6202,-0.08931,0.0000,0.0063,0.03016,0.03017,0.30157,-0.7,1.0000,-29.2117,0.4741,-7.1051,177.221,ppo_car_spread_a_deterministic
17.6402,-0.08931,0.0000,0.0063,0.03140,0.03141,0.19735,-1.3,1.0000,-29.2117,0.4741,-7.1057,177.221,ppo_car_spread_a_deterministic
17.6602,-0.08931,0.0000,0.0063,0.02308,0.02308,0.39484,-1.3,1.0000,-29.2117,0.4741,-7.1061,177.219,ppo_car_spread_a_deterministic
17.6802,-0.08931,0.0000,0.0063,0.02189,0.02190,0.38187,-1.3,1.0000,-29.2116,0.4741,-7.1066,177.220,ppo_car_spread_a_deterministic
17.7002,-0.08968,0.0013,0.0000,0.02004,0.02004,0.35664,-1.3,1.0000,-29.2116,0.4741,-7.1070,177.218,ppo_car_spread_a_deterministic
17.7202,-0.08968,0.0013,0.0000,0.02487,0.02487,0.30191,0.7,1.0000,-29.2116,0.4741,-7.1075,177.218,ppo_car_spread_a_deterministic
17.7402,-0.08968,0.0013,0.0000,0.02268,0.02269,0.33548,0.7,1.0000,-29.2115,0.4741,-7.1079,177.217,ppo_car_spread_a_deterministic
17.7602,-0.08968,0.0013,0.0000,0.02475,0.02475,0.29384,0.7,1.0000,-29.2115,0.4741,-7.1084,177.218,ppo_car_spread_a_deterministic
17.7802,-0.08978,0.0011,0.0000,0.03105,0.03106,0.30531,0.7,1.0000,-29.2115,0.4741,-7.1090,177.217,ppo_car_spread_a_deterministic
17.8002,-0.08978,0.0011,0.0000,0.03112,0.03112,0.31482,0.6,1.0000,-29.2114,0.4741,-7.1097,177.215,ppo_car_spread_a_deterministic
17.8202,-0.08978,0.0011,0.0000,0.02232,0.02232,0.39926,0.6,1.0000,-29.2114,0.4741,-7.1101,177.215,ppo_car_spread_a_deterministic
17.8402,-0.08978,0.0011,0.0000,0.02409,0.02410,0.39759,0.6,1.0000,-29.2114,0.4741,-7.1106,177.214,ppo_car_spread_a_deterministic
17.8602,-0.08990,0.0011,0.0000,0.03078,0.03079,0.27773,0.6,1.0000,-29.2113,0.4741,-7.1112,177.213,ppo_car_spread_a_deterministic
17.8802,-0.08990,0.0011,0.0000,0.03026,0.03027,0.31128,0.6,1.0000,-29.2113,0.4741,-7.1118,177.211,ppo_car_spread_a_deterministic
17.9002,-0.08990,0.0011,0.0000,0.02450,0.02451,0.31332,0.6,1.0000,-29.2112,0.4741,-7.1123,177.212,ppo_car_spread_a_deterministic
17.9202,-0.08990,0.0011,0.0000,0.03008,0.03009,0.22721,0.6,1.0000,-29.2112,0.4741,-7.1129,177.213,ppo_car_spread_a_deterministic
17.9402,-0.08978,0.0000,0.0011,0.02826,0.02827,0.39656,0.6,1.0000,-29.2112,0.4741,-7.1135,177.210,ppo_car_spread_a_deterministic
17.9602,-0.08978,0.0000,0.0011,0.02383,0.02384,0.31958,-0.2,1.0000,-29.2111,0.4741,-7.1139,177.211,ppo_car_spread_a_deterministic
17.9802,-0.08978,0.0000,0.0011,0.03004,0.03005,0.10613,-0.2,1.0000,-29.2111,0.4741,-7.1145,177.209,ppo_car_spread_a_deterministic
18.0002,-0.08978,0.0000,0.0011,0.02675,0.02676,0.21520,-0.2,1.0000,-29.2111,0.4741,-7.1151,177.209,ppo_car_spread_a_deterministic
18.0202,-0.08938,0.0000,0.0056,0.02412,0.02412,0.34763,-0.2,1.0000,-29.2110,0.4741,-7.1155,177.208,ppo_car_spread_a_deterministic
18.0402,-0.08938,0.0000,0.0056,0.03012,0.03012,0.38964,-1.2,1.0000,-29.2110,0.4741,-7.1161,177.205,ppo_car_spread_a_deterministic
18.0602,-0.08938,0.0000,0.0056,0.02854,0.02854,0.28376,-1.2,1.0000,-29.2110,0.4741,-7.1167,177.205,ppo_car_spread_a_deterministic
18.0802,-0.08938,0.0000,0.0056,0.02582,0.02583,0.36213,-1.2,1.0000,-29.2109,0.4741,-7.1172,177.204,ppo_car_spread_a_deterministic
18.1002,-0.08934,0.0000,0.0043,0.03114,0.03115,0.36312,-1.2,1.0000,-29.2109,0.4741,-7.1178,177.206,ppo_car_spread_a_deterministic
18.1202,-0.08934,0.0000,0.0043,0.03453,0.03454,0.31491,-0.9,1.0000,-29.2108,0.4741,-7.1185,177.206,ppo_car_spread_a_deterministic
18.1402,-0.08934,0.0000,0.0043,0.02953,0.02953,0.24459,-0.9,1.0000,-29.2108,0.4741,-7.1191,177.208,ppo_car_spread_a_deterministic
18.1602,-0.08934,0.0000,0.0043,0.02809,0.02810,0.35256,-0.9,1.0000,-29.2107,0.4741,-7.1197,177.210,ppo_car_spread_a_deterministic
18.1802,-0.08947,0.0000,0.0061,0.02796,0.02797,0.21006,-0.9,1.0000,-29.2107,0.4741,-7.1202,177.212,ppo_car_spread_a_deterministic
18.2002,-0.08947,0.0000,0.0061,0.02539,0.02539,0.28571,-1.3,1.0000,-29.2107,0.4741,-7.1208,177.211,ppo_car_spread_a_deterministic
18.2202,-0.08947,0.0000,0.0061,0.02681,0.02682,0.26575,-1.3,1.0000,-29.2106,0.4741,-7.1213,177.210,ppo_car_spread_a_deterministic
18.2402,-0.08947,0.0000,0.0061,0.02202,0.02202,0.35874,-1.3,1.0000,-29.2106,0.4741,-7.1217,177.207,ppo_car_spread_a_deterministic
18.2602,-0.08955,0.0000,0.0028,0.02771,0.02772,0.29724,-1.3,1.0000,-29.2106,0.4741,-7.1223,177.206,ppo_car_spread_a_deterministic
18.2802,-0.08955,0.0000,0.0028,0.02434,0.02435,0.17487,-0.6,1.0000,-29.2105,0.4741,-7.1228,177.205,ppo_car_spread_a_deterministic
18.3002,-0.08955,0.0000,0.0028,0.02607,0.02608,0.36127,-0.6,1.0000,-29.2105,0.4741,-7.1233,177.204,ppo_car_spread_a_deterministic
18.3202,-0.08955,0.0000,0.0028,0.01952,0.01952,0.36135,-0.6,1.0000,-29.2105,0.4741,-7.1237,177.204,ppo_car_spread_a_deterministic
18.3402,-0.08960,0.0000,0.0018,0.02700,0.02701,0.18576,-0.6,1.0000,-29.2104,0.4741,-7.1242,177.202,ppo_car_spread_a_deterministic
18.3602,-0.08960,0.0000,0.0018,0.02234,0.02235,0.38788,-0.4,1.0000,-29.2104,0.4741,-7.1246,177.200,ppo_car_spread_a_deterministic
18.3802,-0.08960,0.0000,0.0018,0.01936,0.01937,0.34788,-0.4,1.0000,-29.2104,0.4741,-7.1250,177.197,ppo_car_spread_a_deterministic
18.4002,-0.08960,0.0000,0.0018,0.02355,0.02355,0.12090,-0.4,1.0000,-29.2103,0.4741,-7.1255,177.197,ppo_car_spread_a_deterministic
18.4202,-0.08990,0.0049,0.0000,0.02002,0.02003,0.30116,-0.4,1.0000,-29.2103,0.4741,-7.1259,177.198,ppo_car_spread_a_deterministic
18.4402,-0.08990,0.0049,0.0000,0.02898,0.02898,0.22364,2.6,1.0000,-29.2103,0.4741,-7.1265,177.198,ppo_car_spread_a_deterministic
18.4602,-0.08990,0.0049,0.0000,0.02304,0.02305,0.32045,2.6,1.0000,-29.2102,0.4741,-7.1269,177.196,ppo_car_spread_a_deterministic
18.4802,-0.08990,0.0049,0.0000,0.02669,0.02670,0.24969,2.6,1.0000,-29.2102,0.4741,-7.1275,177.194,ppo_car_spread_a_deterministic
18.5002,-0.08975,0.0012,0.0000,0.02721,0.02722,0.29413,2.6,1.0000,-29.2102,0.4741,-7.1280,177.195,ppo_car_spread_a_deterministic
18.5202,-0.08975,0.0012,0.0000,0.02613,0.02614,0.31124,0.6,1.0000,-29.2101,0.4741,-7.1285,177.193,ppo_car_spread_a_deterministic
18.5402,-0.08975,0.0012,0.0000,0.02798,0.02799,0.24689,0.6,1.0000,-29.2101,0.4741,-7.1291,177.193,ppo_car_spread_a_deterministic
18.5602,-0.08975,0.0012,0.0000,0.02453,0.02453,0.36459,0.6,1.0000,-29.2101,0.4741,-7.1296,177.191,ppo_car_spread_a_deterministic
18.5802,-0.08952,0.0000,0.0041,0.02424,0.02425,0.39385,0.6,1.0000,-29.2100,0.4741,-7.1301,177.190,ppo_car_spread_a_deterministic
18.6002,-0.08952,0.0000,0.0041,0.02547,0.02547,0.32311,-0.9,1.0000,-29.2100,0.4741,-7.1306,177.188,ppo_car_spread_a_deterministic
18.6202,-0.08952,0.0000,0.0041,0.02421,0.02421,0.33974,-0.9,1.0000,-29.2100,0.4741,-7.1311,177.185,ppo_car_spread_a_deterministic
18.6402,-0.08952,0.0000,0.0041,0.02839,0.02840,0.23554,-0.9,1.0000,-29.2099,0.4741,-7.1316,177.184,ppo_car_spread_a_deterministic
18.6602,-0.08960,0.0005,0.0000,0.03082,0.03082,0.28917,-0.9,1.0000,-29.2099,0.4741,-7.1323,177.182,ppo_car_spread_a_deterministic
18.6802,-0.08960,0.0005,0.0000,0.02592,0.02593,0.26637,0.3,1.0000,-29.2098,0.4741,-7.1328,177.182,ppo_car_spread_a_deterministic
18.7002,-0.08960,0.0005,0.0000,0.02940,0.02941,0.13577,0.3,1.0000,-29.2098,0.4741,-7.1334,177.182,ppo_car_spread_a_deterministic
18.7202,-0.08960,0.0005,0.0000,0.03191,0.03192,0.26667,0.3,1.0000,-29.2098,0.4741,-7.1340,177.183,ppo_car_spread_a_deterministic
18.7402,-0.08944,0.0000,0.0054,0.02747,0.02747,0.31523,0.3,1.0000,-29.2097,0.4741,-7.1346,177.180,ppo_car_spread_a_deterministic
18.7602,-0.08944,0.0000,0.0054,0.02977,0.02977,0.28687,-1.1,1.0000,-29.2097,0.4741,-7.1352,177.177,ppo_car_spread_a_deterministic
18.7802,-0.08944,0.0000,0.0054,0.02906,0.02906,0.29956,-1.1,1.0000,-29.2096,0.4741,-7.1357,177.177,ppo_car_spread_a_deterministic
18.8002,-0.08944,0.0000,0.0054,0.02796,0.02796,0.39035,-1.1,1.0000,-29.2096,0.4741,-7.1363,177.176,ppo_car_spread_a_deterministic
18.8202,-0.08940,0.0000,0.0051,0.02872,0.02873,0.39710,-1.1,1.0000,-29.2096,0.4741,-7.1369,177.171,ppo_car_spread_a_deterministic
18.8402,-0.08940,0.0000,0.0051,0.02714,0.02715,0.39541,-1.1,1.0000,-29.2095,0.4741,-7.1374,177.172,ppo_car_spread_a_deterministic
18.8602,-0.08940,0.0000,0.0051,0.02641,0.02641,0.10480,-1.1,1.0000,-29.2095,0.4741,-7.1379,177.171,ppo_car_spread_a_deterministic
18.8802,-0.08940,0.0000,0.0051,0.02715,0.02716,0.23574,-1.1,1.0000,-29.2094,0.4741,-7.1385,177.172,ppo_car_spread_a_deterministic
18.9002,-0.08956,0.0000,0.0026,0.02569,0.02570,0.26676,-1.1,1.0000,-29.2094,0.4741,-7.1390,177.173,ppo_car_spread_a_deterministic
18.9202,-0.08956,0.0000,0.0026,0.02863,0.02864,0.31663,-0.5,1.0000,-29.2094,0.4741,-7.1395,177.171,ppo_car_spread_a_deterministic
18.9402,-0.08956,0.0000,0.0026,0.02467,0.02468,0.13347,-0.5,1.0000,-29.2093,0.4741,-7.1400,177.169,ppo_car_spread_a_deterministic
18.9602,-0.08956,0.0000,0.0026,0.02494,0.02495,0.22777,-0.5,1.0000,-29.2093,0.4741,-7.1405,177.169,ppo_car_spread_a_deterministic
18.9802,-0.08963,0.0000,0.0003,0.03153,0.03154,0.32039,-0.5,1.0000,-29.2092,0.4741,-7.1412,177.165,ppo_car_spread_a_deterministic
19.0002,-0.08963,0.0000,0.0003,0.02712,0.02712,0.23238,-0.1,1.0000,-29.2092,0.4741,-7.1417,177.166,ppo_car_spread_a_deterministic
19.0202,-0.08963,0.0000,0.0003,0.02434,0.02434,0.22367,-0.1,1.0000,-29.2092,0.4741,-7.1422,177.167,ppo_car_spread_a_deterministic
19.0403,-0.08963,0.0000,0.0003,0.02720,0.02720,0.31607,-0.1,1.0000,-29.2091,0.4741,-7.1427,177.165,ppo_car_spread_a_deterministic
19.0603,-0.08968,0.0000,0.0008,0.02250,0.02250,0.38193,-0.1,1.0000,-29.2091,0.4741,-7.1432,177.165,ppo_car_spread_a_deterministic
19.0803,-0.08968,0.0000,0.0008,0.02176,0.02177,0.15198,-0.2,1.0000,-29.2091,0.4741,-7.1436,177.164,ppo_car_spread_a_deterministic
19.1003,-0.08968,0.0000,0.0008,0.02638,0.02638,0.29216,-0.2,1.0000,-29.2090,0.4741,-7.1441,177.161,ppo_car_spread_a_deterministic
19.1203,-0.08968,0.0000,0.0008,0.02269,0.02270,0.36998,-0.2,1.0000,-29.2090,0.4741,-7.1446,177.162,ppo_car_spread_a_deterministic
19.1403,-0.08945,0.0000,0.0016,0.02661,0.02662,0.23995,-0.2,1.0000,-29.2090,0.4741,-7.1451,177.160,ppo_car_spread_a_deterministic
19.1603,-0.08945,0.0000,0.0016,0.02836,0.02837,0.24307,-0.3,1.0000,-29.2089,0.4741,-7.1457,177.157,ppo_car_spread_a_deterministic
19.1803,-0.08945,0.0000,0.0016,0.02892,0.02892,0.30944,-0.3,1.0000,-29.2089,0.4741,-7.1463,177.159,ppo_car_spread_a_deterministic
19.2003,-0.08945,0.0000,0.0016,0.02539,0.02539,0.14488,-0.3,1.0000,-29.2089,0.4741,-7.1468,177.160,ppo_car_spread_a_deterministic
19.2203,-0.08951,0.0000,0.0057,0.01972,0.01972,0.35688,-0.3,1.0000,-29.2088,0.4741,-7.1472,177.161,ppo_car_spread_a_deterministic
19.2403,-0.08951,0.0000,0.0057,0.02792,0.02792,0.29111,-1.2,1.0000,-29.2088,0.4741,-7.1477,177.159,ppo_car_spread_a_deterministic
19.2603,-0.08951,0.0000,0.0057,0.02308,0.02309,0.31111,-1.2,1.0000,-29.2088,0.4741,-7.1482,177.155,ppo_car_spread_a_deterministic
19.2803,-0.08951,0.0000,0.0057,0.02367,0.02367,0.23955,-1.2,1.0000,-29.2087,0.4741,-7.1486,177.153,ppo_car_spread_a_deterministic
19.3003,-0.08965,0.0018,0.0000,0.03058,0.03058,0.31029,-1.2,1.0000,-29.2087,0.4741,-7.1493,177.155,ppo_car_spread_a_deterministic
19.3203,-0.08965,0.0018,0.0000,0.02303,0.02303,0.34922,0.9,1.0000,-29.2087,0.4741,-7.1497,177.154,ppo_car_spread_a_deterministic
19.3403,-0.08965,0.0018,0.0000,0.01885,0.01885,0.35712,0.9,1.0000,-29.2086,0.4741,-7.1501,177.151,ppo_car_spread_a_deterministic
19.3603,-0.08965,0.0018,0.0000,0.02636,0.02636,0.27475,0.9,1.0000,-29.2086,0.4741,-7.1506,177.149,ppo_car_spread_a_deterministic
19.3803,-0.08991,0.0053,0.0000,0.02410,0.02410,0.27125,0.9,1.0000,-29.2086,0.4741,-7.1511,177.148,ppo_car_spread_a_deterministic
19.4003,-0.08991,0.0053,0.0000,0.02582,0.02583,0.12263,2.8,1.0000,-29.2085,0.4741,-7.1516,177.147,ppo_car_spread_a_deterministic
19.4203,-0.08991,0.0053,0.0000,0.02726,0.02726,0.19010,2.8,1.0000,-29.2085,0.4741,-7.1522,177.146,ppo_car_spread_a_deterministic
19.4403,-0.08991,0.0053,0.0000,0.02658,0.02659,0.34345,2.8,1.0000,-29.2085,0.4741,-7.1527,177.142,ppo_car_spread_a_deterministic
19.4603,-0.08952,0.0000,0.0029,0.02292,0.02293,0.30179,2.8,1.0000,-29.2084,0.4741,-7.1532,177.142,ppo_car_spread_a_deterministic
19.4803,-0.08952,0.0000,0.0029,0.02800,0.02800,0.18203,-0.6,1.0000,-29.2084,0.4741,-7.1537,177.142,ppo_car_spread_a_deterministic
19.5003,-0.08952,0.0000,0.0029,0.03250,0.03251,0.30903,-0.6,1.0000,-29.2083,0.4741,-7.1544,177.139,ppo_car_spread_a_deterministic
19.5203,-0.08952,0.0000,0.0029,0.02752,0.02753,0.20481,-0.6,1.0000,-29.2083,0.4741,-7.1549,177.138,ppo_car_spread_a_deterministic
19.5403,-0.08912,0.0000,0.0072,0.02250,0.02251,0.25251,-0.6,1.0000,-29.2083,0.4741,-7.1554,177.135,ppo_car_spread_a_deterministic
19.5603,-0.08912,0.0000,0.0072,0.02835,0.02835,0.29541,-1.5,1.0000,-29.2082,0.4741,-7.1559,177.131,ppo_car_spread_a_deterministic
19.5803,-0.08912,0.0000,0.0072,0.02083,0.02083,0.35283,-1.5,1.0000,-29.2082,0.4741,-7.1563,177.133,ppo_car_spread_a_deterministic
19.6003,-0.08912,0.0000,0.0072,0.02812,0.02813,0.22594,-1.5,1.0000,-29.2082,0.4741,-7.1569,177.134,ppo_car_spread_a_deterministic
19.6203,-0.08990,0.0019,0.0000,0.02793,0.02794,0.22015,-1.5,1.0000,-29.2081,0.4741,-7.1575,177.132,ppo_car_spread_a_deterministic
19.6403,-0.08990,0.0019,0.0000,0.02833,0.02834,0.30816,1.0,1.0000,-29.2081,0.4741,-7.1580,177.132,ppo_car_spread_a_deterministic
19.6603,-0.08990,0.0019,0.0000,0.02986,0.02986,0.28691,1.0,1.0000,-29.2080,0.4741,-7.1586,177.132,ppo_car_spread_a_deterministic
19.6803,-0.08990,0.0019,0.0000,0.02698,0.02698,0.29168,1.0,1.0000,-29.2080,0.4741,-7.1592,177.134,ppo_car_spread_a_deterministic
19.7003,-0.08949,0.0000,0.0058,0.02360,0.02360,0.19868,1.0,1.0000,-29.2080,0.4741,-7.1596,177.136,ppo_car_spread_a_deterministic
19.7203,-0.08949,0.0000,0.0058,0.02723,0.02724,0.21064,-1.2,1.0000,-29.2079,0.4741,-7.1602,177.136,ppo_car_spread_a_deterministic
19.7403,-0.08949,0.0000,0.0058,0.02248,0.02248,0.25511,-1.2,1.0000,-29.2079,0.4741,-7.1606,177.137,ppo_car_spread_a_deterministic
19.7603,-0.08949,0.0000,0.0058,0.02652,0.02653,0.11762,-1.2,1.0000,-29.2079,0.4741,-7.1612,177.137,ppo_car_spread_a_deterministic
19.7803,-0.08984,0.0007,0.0000,0.02436,0.02437,0.25852,-1.2,1.0000,-29.2078,0.4741,-7.1616,177.139,ppo_car_spread_a_deterministic
19.8003,-0.08984,0.0007,0.0000,0.01914,0.01914,0.38692,0.3,1.0000,-29.2078,0.4741,-7.1620,177.139,ppo_car_spread_a_deterministic
19.8203,-0.08984,0.0007,0.0000,0.02162,0.02162,0.35163,0.3,1.0000,-29.2078,0.4741,-7.1624,177.137,ppo_car_spread_a_deterministic
19.8403,-0.08984,0.0007,0.0000,0.02603,0.02603,0.34807,0.3,1.0000,-29.2077,0.4741,-7.1630,177.135,ppo_car_spread_a_deterministic
19.8603,-0.08985,0.0025,0.0000,0.02025,0.02026,0.37712,0.3,1.0000,-29.2077,0.4741,-7.1634,177.132,ppo_car_spread_a_deterministic
19.8803,-0.08985,0.0025,0.0000,0.02755,0.02756,0.29454,1.3,1.0000,-29.2077,0.4741,-7.1639,177.131,ppo_car_spread_a_deterministic
19.9003,-0.08985,0.0025,0.0000,0.02561,0.02562,0.39220,1.3,1.0000,-29.2076,0.4741,-7.1644,177.133,ppo_car_spread_a_deterministic
19.9203,-0.08985,0.0025,0.0000,0.02631,0.02631,0.12509,1.3,1.0000,-29.2076,0.4741,-7.1650,177.131,ppo_car_spread_a_deterministic
19.9403,-0.08982,0.0000,0.0026,0.02754,0.02754,0.31225,1.3,1.0000,-29.2076,0.4741,-7.1655,177.127,ppo_car_spread_a_deterministic
19.9603,-0.08982,0.0000,0.0026,0.02525,0.02526,0.22236,-0.5,1.0000,-29.2075,0.4741,-7.1660,177.125,ppo_car_spread_a_deterministic
19.9803,-0.08982,0.0000,0.0026,0.02823,0.02824,0.28928,-0.5,1.0000,-29.2075,0.4741,-7.1666,177.123,ppo_car_spread_a_deterministic
20.0003,-0.08982,0.0000,0.0026,0.02502,0.02502,0.25118,-0.5,1.0000,-29.2074,0.4741,-7.1671,177.124,ppo_car_spread_a_deterministic
20.0203,-0.08954,0.0000,0.0038,0.02506,0.02506,0.37221,-0.5,1.0000,-29.2074,0.4741,-7.1676,177.119,ppo_car_spread_a_deterministic
20.0403,-0.08954,0.0000,0.0038,0.02538,0.02539,0.36138,-0.8,1.0000,-29.2074,0.4741,-7.1681,177.119,ppo_car_spread_a_deterministic
20.0603,-0.08954,0.0000,0.0038,0.02986,0.02986,0.29051,-0.8,1.0000,-29.2073,0.4741,-7.1687,177.116,ppo_car_spread_a_deterministic
20.0803,-0.08954,0.0000,0.0038,0.02161,0.02161,0.34502,-0.8,1.0000,-29.2073,0.4741,-7.1691,177.118,ppo_car_spread_a_deterministic
20.1003,-0.08931,0.0000,0.0048,0.02210,0.02211,0.37775,-0.8,1.0000,-29.2073,0.4741,-7.1695,177.118,ppo_car_spread_a_deterministic
20.1203,-0.08931,0.0000,0.0048,0.02208,0.02208,0.19161,-1.0,1.0000,-29.2072,0.4741,-7.1700,177.115,ppo_car_spread_a_deterministic
20.1403,-0.08931,0.0000,0.0048,0.02951,0.02951,0.25901,-1.0,1.0000,-29.2072,0.4741,-7.1706,177.113,ppo_car_spread_a_deterministic
20.1603,-0.08931,0.0000,0.0048,0.02100,0.02100,0.18118,-1.0,1.0000,-29.2072,0.4741,-7.1710,177.112,ppo_car_spread_a_deterministic
20.1803,-0.08930,0.0000,0.0045,0.01770,0.01770,0.39554,-1.0,1.0000,-29.2071,0.4741,-7.1713,177.112,ppo_car_spread_a_deterministic
20.2003,-0.08930,0.0000,0.0045,0.02537,0.02537,0.20476,-0.9,1.0000,-29.2071,0.4741,-7.1718,177.113,ppo_car_spread_a_deterministic
20.2203,-0.08930,0.0000,0.0045,0.02239,0.02240,0.16493,-0.9,1.0000,-29.2071,0.4741,-7.1723,177.113,ppo_car_spread_a_deterministic
20.2403,-0.08930,0.0000,0.0045,0.02907,0.02908,0.27858,-0.9,1.0000,-29.2070,0.4741,-7.1729,177.112,ppo_car_spread_a_deterministic
20.2603,-0.08980,0.0008,0.0000,0.02146,0.02146,0.30956,-0.9,1.0000,-29.2070,0.4741,-7.1733,177.114,ppo_car_spread_a_deterministic
20.2803,-0.08980,0.0008,0.0000,0.02927,0.02927,0.32027,0.4,1.0000,-29.2070,0.4741,-7.1739,177.112,ppo_car_spread_a_deterministic
20.3003,-0.08980,0.0008,0.0000,0.02020,0.02020,0.20109,0.4,1.0000,-29.2069,0.4741,-7.1743,177.114,ppo_car_spread_a_deterministic
20.3203,-0.08980,0.0008,0.0000,0.02335,0.02336,0.35921,0.4,1.0000,-29.2069,0.4741,-7.1748,177.116,ppo_car_spread_a_deterministic
20.3403,-0.09007,0.0026,0.0000,0.02491,0.02491,0.30343,0.4,1.0000,-29.2069,0.4741,-7.1753,177.114,ppo_car_spread_a_deterministic
20.3603,-0.09007,0.0026,0.0000,0.02654,0.02655,0.20996,1.3,1.0000,-29.2068,0.4741,-7.1758,177.113,ppo_car_spread_a_deterministic
20.3803,-0.09007,0.0026,0.0000,0.02433,0.02434,0.15737,1.3,1.0000,-29.2068,0.4741,-7.1763,177.114,ppo_car_spread_a_deterministic
20.4003,-0.09007,0.0026,0.0000,0.02650,0.02651,0.31530,1.3,1.0000,-29.2068,0.4741,-7.1768,177.116,ppo_car_spread_a_deterministic
20.4203,-0.08984,0.0000,0.0009,0.02095,0.02095,0.31141,1.3,1.0000,-29.2067,0.4741,-7.1772,177.115,ppo_car_spread_a_deterministic
20.4403,-0.08984,0.0000,0.0009,0.02523,0.02524,0.15554,-0.2,1.0000,-29.2067,0.4741,-7.1777,177.113,ppo_car_spread_a_deterministic
20.4603,-0.08984,0.0000,0.0009,0.02221,0.02222,0.38245,-0.2,1.0000,-29.2067,0.4741,-7.1782,177.115,ppo_car_spread_a_deterministic
20.4803,-0.08984,0.0000,0.0009,0.02305,0.02305,0.38600,-0.2,1.0000,-29.2066,0.4741,-7.1786,177.113,ppo_car_spread_a_deterministic
20.5003,-0.08998,0.0005,0.0000,0.02814,0.02814,0.30485,-0.2,1.0000,-29.2066,0.4741,-7.1792,177.111,ppo_car_spread_a_deterministic
20.5203,-0.08998,0.0005,0.0000,0.03155,0.03156,0.32366,0.3,1.0000,-29.2066,0.4741,-7.1798,177.111,ppo_car_spread_a_deterministic
20.5403,-0.08998,0.0005,0.0000,0.02465,0.02465,0.29866,0.3,1.0000,-29.2065,0.4741,-7.1803,177.110,ppo_car_spread_a_deterministic
20.5603,-0.08998,0.0005,0.0000,0.03397,0.03397,0.32120,0.3,1.0000,-29.2065,0.4741,-7.1810,177.109,ppo_car_spread_a_deterministic
20.5803,-0.08970,0.0000,0.0006,0.02826,0.02826,0.29565,0.3,1.0000,-29.2064,0.4741,-7.1816,177.111,ppo_car_spread_a_deterministic
20.6003,-0.08970,0.0000,0.0006,0.02225,0.02225,0.22126,-0.1,1.0000,-29.2064,0.4741,-7.1820,177.113,ppo_car_spread_a_deterministic
20.6203,-0.08970,0.0000,0.0006,0.02273,0.02273,0.35014,-0.1,1.0000,-29.2064,0.4741,-7.1825,177.109,ppo_car_spread_a_deterministic
20.6403,-0.08970,0.0000,0.0006,0.01669,0.01669,0.37237,-0.1,1.0000,-29.2063,0.4741,-7.1828,177.108,ppo_car_spread_a_deterministic
20.6603,-0.08971,0.0020,0.0000,0.02763,0.02763,0.17472,-0.1,1.0000,-29.2063,0.4741,-7.1833,177.108,ppo_car_spread_a_deterministic
20.6803,-0.08971,0.0020,0.0000,0.02042,0.02042,0.36976,1.0,1.0000,-29.2063,0.4741,-7.1837,177.106,ppo_car_spread_a_deterministic
20.7003,-0.08971,0.0020,0.0000,0.02211,0.02211,0.25575,1.0,1.0000,-29.2062,0.4741,-7.1842,177.105,ppo_car_spread_a_deterministic
20.7203,-0.08971,0.0020,0.0000,0.02860,0.02861,0.26269,1.0,1.0000,-29.2062,0.4741,-7.1848,177.103,ppo_car_spread_a_deterministic
20.7403,-0.08980,0.0016,0.0000,0.02908,0.02908,0.29163,1.0,1.0000,-29.2062,0.4741,-7.1853,177.106,ppo_car_spread_a_deterministic
20.7603,-0.08980,0.0016,0.0000,0.02305,0.02306,0.29103,0.8,1.0000,-29.2061,0.4741,-7.1858,177.107,ppo_car_spread_a_deterministic
20.7803,-0.08980,0.0016,0.0000,0.02342,0.02343,0.36219,0.8,1.0000,-29.2061,0.4741,-7.1863,177.109,ppo_car_spread_a_deterministic
20.8003,-0.08980,0.0016,0.0000,0.02705,0.02706,0.23634,0.8,1.0000,-29.2061,0.4741,-7.1868,177.110,ppo_car_spread_a_deterministic
20.8203,-0.08987,0.0000,0.0004,0.02111,0.02112,0.38626,0.8,1.0000,-29.2060,0.4741,-7.1872,177.111,ppo_car_spread_a_deterministic
20.8403,-0.08987,0.0000,0.0004,0.02177,0.02177,0.25714,-0.1,1.0000,-29.2060,0.4741,-7.1877,177.112,ppo_car_spread_a_deterministic
20.8603,-0.08987,0.0000,0.0004,0.02710,0.02710,0.30038,-0.1,1.0000,-29.2060,0.4741,-7.1882,177.109,ppo_car_spread_a_deterministic
20.8803,-0.08987,0.0000,0.0004,0.02397,0.02397,0.28926,-0.1,1.0000,-29.2059,0.4741,-7.1887,177.107,ppo_car_spread_a_deterministic
20.9003,-0.08951,0.0000,0.0022,0.02544,0.02544,0.17133,-0.1,1.0000,-29.2059,0.4741,-7.1892,177.106,ppo_car_spread_a_deterministic
20.9203,-0.08951,0.0000,0.0022,0.02566,0.02567,0.32057,-0.5,1.0000,-29.2059,0.4741,-7.1897,177.100,ppo_car_spread_a_deterministic
20.9403,-0.08951,0.0000,0.0022,0.02500,0.02500,0.16114,-0.5,1.0000,-29.2058,0.4741,-7.1902,177.102,ppo_car_spread_a_deterministic
20.9603,-0.08951,0.0000,0.0022,0.02125,0.02126,0.33027,-0.5,1.0000,-29.2058,0.4741,-7.1906,177.102,ppo_car_spread_a_deterministic
20.9803,-0.08972,0.0000,0.0019,0.02793,0.02794,0.16577,-0.5,1.0000,-29.2058,0.4741,-7.1912,177.100,ppo_car_spread_a_deterministic
21.0003,-0.08972,0.0000,0.0019,0.02903,0.02904,0.19440,-0.4,1.0000,-29.2057,0.4741,-7.1918,177.101,ppo_car_spread_a_deterministic
21.0203,-0.08972,0.0000,0.0019,0.02044,0.02044,0.39535,-0.4,1.0000,-29.2057,0.4741,-7.1922,177.100,ppo_car_spread_a_deterministic
21.0403,-0.08972,0.0000,0.0019,0.02774,0.02775,0.22818,-0.4,1.0000,-29.2056,0.4741,-7.1927,177.101,ppo_car_spread_a_deterministic
21.0603,-0.08984,0.0034,0.0000,0.02441,0.02441,0.32322,-0.4,1.0000,-29.2056,0.4741,-7.1932,177.103,ppo_car_spread_a_deterministic
21.0803,-0.08984,0.0034,0.0000,0.02440,0.02440,0.14126,1.8,1.0000,-29.2056,0.4741,-7.1937,177.103,ppo_car_spread_a_deterministic
21.1003,-0.08984,0.0034,0.0000,0.02380,0.02380,0.15164,1.8,1.0000,-29.2055,0.4741,-7.1942,177.102,ppo_car_spread_a_deterministic
21.1203,-0.08984,0.0034,0.0000,0.02403,0.02404,0.16606,1.8,1.0000,-29.2055,0.4741,-7.1946,177.103,ppo_car_spread_a_deterministic
21.1403,-0.08976,0.0001,0.0000,0.02603,0.02604,0.26514,1.8,1.0000,-29.2055,0.4741,-7.1952,177.104,ppo_car_spread_a_deterministic
21.1603,-0.08976,0.0001,0.0000,0.03361,0.03362,0.28515,0.1,1.0000,-29.2054,0.4741,-7.1958,177.103,ppo_car_spread_a_deterministic
21.1803,-0.08976,0.0001,0.0000,0.03139,0.03139,0.31345,0.1,1.0000,-29.2054,0.4741,-7.1965,177.104,ppo_car_spread_a_deterministic
21.2003,-0.08976,0.0001,0.0000,0.02363,0.02363,0.36277,0.1,1.0000,-29.2053,0.4741,-7.1969,177.101,ppo_car_spread_a_deterministic
21.2203,-0.08936,0.0000,0.0078,0.02581,0.02582,0.38463,0.1,1.0000,-29.2053,0.4741,-7.1975,177.098,ppo_car_spread_a_deterministic
21.2403,-0.08936,0.0000,0.0078,0.02897,0.02898,0.28557,-1.6,1.0000,-29.2053,0.4741,-7.1980,177.097,ppo_car_spread_a_deterministic
21.2603,-0.08936,0.0000,0.0078,0.02710,0.02710,0.17955,-1.6,1.0000,-29.2052,0.4741,-7.1986,177.099,ppo_car_spread_a_deterministic
21.2803,-0.08936,0.0000,0.0078,0.02537,0.02537,0.30837,-1.6,1.0000,-29.2052,0.4741,-7.1991,177.101,ppo_car_spread_a_deterministic
21.3003,-0.08959,0.0000,0.0039,0.02904,0.02904,0.32174,-1.6,1.0000,-29.2051,0.4741,-7.1997,177.103,ppo_car_spread_a_deterministic
21.3203,-0.08959,0.0000,0.0039,0.02117,0.02117,0.37034,-0.8,1.0000,-29.2051,0.4741,-7.2001,177.106,ppo_car_spread_a_deterministic
21.3403,-0.08959,0.0000,0.0039,0.02348,0.02349,0.37784,-0.8,1.0000,-29.2051,0.4741,-7.2005,177.107,ppo_car_spread_a_deterministic
21.3603,-0.08959,0.0000,0.0039,0.02501,0.02501,0.24000,-0.8,1.0000,-29.2051,0.4741,-7.2010,177.103,ppo_car_spread_a_deterministic
21.3803,-0.08969,0.0000,0.0000,0.02098,0.02099,0.37970,-0.8,1.0000,-29.2050,0.4741,-7.2015,177.100,ppo_car_spread_a_deterministic
21.4003,-0.08969,0.0000,0.0000,0.02377,0.02378,0.31856,0.0,1.0000,-29.2050,0.4741,-7.2019,177.098,ppo_car_spread_a_deterministic
21.4203,-0.08969,0.0000,0.0000,0.02204,0.02204,0.29223,0.0,1.0000,-29.2050,0.4741,-7.2024,177.099,ppo_car_spread_a_deterministic
21.4403,-0.08969,0.0000,0.0000,0.02751,0.02751,0.33896,0.0,1.0000,-29.2049,0.4741,-7.2029,177.097,ppo_car_spread_a_deterministic
21.4603,-0.08995,0.0010,0.0000,0.02610,0.02610,0.19286,0.0,1.0000,-29.2049,0.4741,-7.2034,177.097,ppo_car_spread_a_deterministic
21.4803,-0.08995,0.0010,0.0000,0.02116,0.02117,0.19873,0.5,1.0000,-29.2049,0.4741,-7.2039,177.097,ppo_car_spread_a_deterministic
21.5003,-0.08995,0.0010,0.0000,0.01966,0.01966,0.36843,0.5,1.0000,-29.2048,0.4741,-7.2042,177.097,ppo_car_spread_a_deterministic
21.5203,-0.08995,0.0010,0.0000,0.02648,0.02648,0.08165,0.5,1.0000,-29.2048,0.4741,-7.2048,177.097,ppo_car_spread_a_deterministic
21.5403,-0.09004,0.0038,0.0000,0.02276,0.02276,0.19004,0.5,1.0000,-29.2048,0.4741,-7.2052,177.098,ppo_car_spread_a_deterministic
21.5603,-0.09004,0.0038,0.0000,0.03056,0.03056,0.30574,2.0,1.0000,-29.2047,0.4741,-7.2059,177.100,ppo_car_spread_a_deterministic
21.5803,-0.09004,0.0038,0.0000,0.02680,0.02681,0.19139,2.0,1.0000,-29.2047,0.4741,-7.2064,177.100,ppo_car_spread_a_deterministic
21.6003,-0.09004,0.0038,0.0000,0.02748,0.02749,0.14578,2.0,1.0000,-29.2046,0.4741,-7.2069,177.098,ppo_car_spread_a_deterministic
21.6203,-0.08956,0.0000,0.0028,0.02504,0.02504,0.35916,2.0,1.0000,-29.2046,0.4741,-7.2074,177.092,ppo_car_spread_a_deterministic
21.6403,-0.08956,0.0000,0.0028,0.02559,0.02560,0.11457,-0.6,1.0000,-29.2046,0.4741,-7.2080,177.092,ppo_car_spread_a_deterministic
21.6603,-0.08956,0.0000,0.0028,0.02591,0.02592,0.19632,-0.6,1.0000,-29.2045,0.4741,-7.2085,177.094,ppo_car_spread_a_deterministic
21.6803,-0.08956,0.0000,0.0028,0.03153,0.03154,0.31766,-0.6,1.0000,-29.2045,0.4741,-7.2091,177.093,ppo_car_spread_a_deterministic
21.7003,-0.08969,0.0000,0.0030,0.03139,0.03139,0.24620,-0.6,1.0000,-29.2044,0.4741,-7.2097,177.091,ppo_car_spread_a_deterministic
21.7203,-0.08969,0.0000,0.0030,0.02455,0.02455,0.18435,-0.6,1.0000,-29.2044,0.4741,-7.2102,177.091,ppo_car_spread_a_deterministic
21.7403,-0.08969,0.0000,0.0030,0.02857,0.02858,0.30721,-0.6,1.0000,-29.2044,0.4741,-7.2108,177.089,ppo_car_spread_a_deterministic
21.7603,-0.08969,0.0000,0.0030,0.02545,0.02546,0.29328,-0.6,1.0000,-29.2043,0.4741,-7.2113,177.087,ppo_car_spread_a_deterministic
21.7803,-0.08934,0.0000,0.0039,0.02449,0.02450,0.39077,-0.6,1.0000,-29.2043,0.4741,-7.2118,177.087,ppo_car_spread_a_deterministic
21.8003,-0.08934,0.0000,0.0039,0.02689,0.02690,0.17509,-0.8,1.0000,-29.2043,0.4741,-7.2123,177.084,ppo_car_spread_a_deterministic
21.8203,-0.08934,0.0000,0.0039,0.02182,0.02182,0.39596,-0.8,1.0000,-29.2042,0.4741,-7.2128,177.081,ppo_car_spread_a_deterministic
21.8403,-0.08934,0.0000,0.0039,0.02699,0.02700,0.29257,-0.8,1.0000,-29.2042,0.4741,-7.2133,177.083,ppo_car_spread_a_deterministic
21.8603,-0.08977,0.0024,0.0000,0.02746,0.02747,0.20119,-0.8,1.0000,-29.2042,0.4741,-7.2138,177.084,ppo_car_spread_a_deterministic
21.8803,-0.08977,0.0024,0.0000,0.02911,0.02911,0.25404,1.3,1.0000,-29.2041,0.4741,-7.2144,177.082,ppo_car_spread_a_deterministic
21.9003,-0.08977,0.0024,0.0000,0.02249,0.02249,0.29289,1.3,1.0000,-29.2041,0.4741,-7.2149,177.081,ppo_car_spread_a_deterministic
21.9203,-0.08977,0.0024,0.0000,0.02701,0.02702,0.25358,1.3,1.0000,-29.2040,0.4741,-7.2154,177.079,ppo_car_spread_a_deterministic
21.9403,-0.08980,0.0016,0.0000,0.02750,0.02750,0.32768,1.3,1.0000,-29.2040,0.4741,-7.2160,177.076,ppo_car_spread_a_deterministic
21.9603,-0.08980,0.0016,0.0000,0.02906,0.02907,0.32225,0.8,1.0000,-29.2040,0.4741,-7.2165,177.075,ppo_car_spread_a_deterministic
21.9803,-0.08980,0.0016,0.0000,0.03184,0.03185,0.30720,0.8,1.0000,-29.2039,0.4741,-7.2172,177.073,ppo_car_spread_a_deterministic
22.0003,-0.08980,0.0016,0.0000,0.03139,0.03140,0.26148,0.8,1.0000,-29.2039,0.4741,-7.2178,177.072,ppo_car_spread_a_deterministic
22.0203,-0.08925,0.0000,0.0069,0.02503,0.02504,0.18441,0.8,1.0000,-29.2038,0.4741,-7.2183,177.069,ppo_car_spread_a_deterministic
22.0403,-0.08925,0.0000,0.0069,0.02494,0.02494,0.31926,-1.5,1.0000,-29.2038,0.4741,-7.2188,177.067,ppo_car_spread_a_deterministic
22.0603,-0.08925,0.0000,0.0069,0.02204,0.02205,0.36718,-1.5,1.0000,-29.2038,0.4741,-7.2192,177.066,ppo_car_spread_a_deterministic
22.0803,-0.08925,0.0000,0.0069,0.02544,0.02545,0.15817,-1.5,1.0000,-29.2037,0.4741,-7.2197,177.067,ppo_car_spread_a_deterministic
22.1003,-0.08978,0.0019,0.0000,0.02781,0.02782,0.23526,-1.5,1.0000,-29.2037,0.4741,-7.2203,177.067,ppo_car_spread_a_deterministic
22.1203,-0.08978,0.0019,0.0000,0.02243,0.02244,0.26170,1.0,1.0000,-29.2037,0.4741,-7.2207,177.066,ppo_car_spread_a_deterministic
22.1403,-0.08978,0.0019,0.0000,0.02515,0.02515,0.32065,1.0,1.0000,-29.2036,0.4741,-7.2212,177.064,ppo_car_spread_a_deterministic
22.1603,-0.08978,0.0019,0.0000,0.03102,0.03103,0.30969,1.0,1.0000,-29.2036,0.4741,-7.2219,177.060,ppo_car_spread_a_deterministic
22.1803,-0.08957,0.0000,0.0005,0.02175,0.02175,0.37233,1.0,1.0000,-29.2036,0.4741,-7.2223,177.064,ppo_car_spread_a_deterministic
22.2003,-0.08957,0.0000,0.0005,0.02156,0.02157,0.35305,-0.1,1.0000,-29.2035,0.4741,-7.2227,177.064,ppo_car_spread_a_deterministic
22.2203,-0.08957,0.0000,0.0005,0.03003,0.03004,0.28156,-0.1,1.0000,-29.2035,0.4741,-7.2233,177.062,ppo_car_spread_a_deterministic
22.2403,-0.08957,0.0000,0.0005,0.02769,0.02769,0.31074,-0.1,1.0000,-29.2034,0.4741,-7.2239,177.062,ppo_car_spread_a_deterministic
22.2603,-0.08931,0.0000,0.0052,0.02940,0.02940,0.33536,-0.1,1.0000,-29.2034,0.4741,-7.2245,177.064,ppo_car_spread_a_deterministic
22.2803,-0.08931,0.0000,0.0052,0.03053,0.03054,0.31392,-1.1,1.0000,-29.2034,0.4741,-7.2251,177.066,ppo_car_spread_a_deterministic
22.3003,-0.08931,0.0000,0.0052,0.03043,0.03044,0.31447,-1.1,1.0000,-29.2033,0.4741,-7.2257,177.064,ppo_car_spread_a_deterministic
22.3203,-0.08931,0.0000,0.0052,0.02964,0.02965,0.24445,-1.1,1.0000,-29.2033,0.4741,-7.2263,177.062,ppo_car_spread_a_deterministic
22.3403,-0.08921,0.0000,0.0058,0.02863,0.02863,0.25822,-1.1,1.0000,-29.2032,0.4741,-7.2269,177.061,ppo_car_spread_a_deterministic
22.3603,-0.08921,0.0000,0.0058,0.02155,0.02155,0.38155,-1.2,1.0000,-29.2032,0.4741,-7.2273,177.057,ppo_car_spread_a_deterministic
22.3803,-0.08921,0.0000,0.0058,0.02683,0.02683,0.31067,-1.2,1.0000,-29.2032,0.4741,-7.2278,177.054,ppo_car_spread_a_deterministic
22.4003,-0.08921,0.0000,0.0058,0.02470,0.02471,0.28301,-1.2,1.0000,-29.2031,0.4741,-7.2283,177.055,ppo_car_spread_a_deterministic
22.4203,-0.08936,0.0000,0.0020,0.02948,0.02949,0.31368,-1.2,1.0000,-29.2031,0.4741,-7.2289,177.056,ppo_car_spread_a_deterministic
22.4403,-0.08936,0.0000,0.0020,0.02491,0.02491,0.28631,-0.4,1.0000,-29.2031,0.4741,-7.2294,177.060,ppo_car_spread_a_deterministic
22.4603,-0.08936,0.0000,0.0020,0.02227,0.02228,0.23189,-0.4,1.0000,-29.2030,0.4741,-7.2298,177.062,ppo_car_spread_a_deterministic
22.4803,-0.08936,0.0000,0.0020,0.02516,0.02517,0.39259,-0.4,1.0000,-29.2030,0.4741,-7.2303,177.065,ppo_car_spread_a_deterministic
22.5003,-0.08993,0.0002,0.0000,0.02460,0.02460,0.33793,-0.4,1.0000,-29.2030,0.4741,-7.2308,177.066,ppo_car_spread_a_deterministic
22.5203,-0.08993,0.0002,0.0000,0.02333,0.02334,0.34931,0.1,1.0000,-29.2029,0.4741,-7.2313,177.061,ppo_car_spread_a_deterministic
22.5403,-0.08993,0.0002,0.0000,0.02677,0.02677,0.28799,0.1,1.0000,-29.2029,0.4741,-7.2318,177.059,ppo_car_spread_a_deterministic
22.5603,-0.08993,0.0002,0.0000,0.02032,0.02033,0.39135,0.1,1.0000,-29.2029,0.4741,-7.2322,177.062,ppo_car_spread_a_deterministic
22.5803,-0.08953,0.0000,0.0021,0.02506,0.02507,0.33988,0.1,1.0000,-29.2028,0.4741,-7.2327,177.060,ppo_car_spread_a_deterministic
22.6003,-0.08953,0.0000,0.0021,0.01860,0.01861,0.39862,-0.4,1.0000,-29.2028,0.4741,-7.2331,177.060,ppo_car_spread_a_deterministic
22.6203,-0.08953,0.0000,0.0021,0.02531,0.02531,0.31856,-0.4,1.0000,-29.2028,0.4741,-7.2336,177.061,ppo_car_spread_a_deterministic
22.6403,-0.08953,0.0000,0.0021,0.02847,0.02847,0.21148,-0.4,1.0000,-29.2027,0.4741,-7.2342,177.060,ppo_car_spread_a_deterministic
22.6603,-0.08971,0.0000,0.0018,0.01856,0.01856,0.38179,-0.4,1.0000,-29.2027,0.4741,-7.2345,177.061,ppo_car_spread_a_deterministic
22.6803,-0.08971,0.0000,0.0018,0.02486,0.02487,0.24521,-0.4,1.0000,-29.2027,0.4741,-7.2350,177.062,ppo_car_spread_a_deterministic
22.7003,-0.08971,0.0000,0.0018,0.02762,0.02763,0.20011,-0.4,1.0000,-29.2026,0.4741,-7.2356,177.061,ppo_car_spread_a_deterministic
22.7203,-0.08971,0.0000,0.0018,0.01978,0.01979,0.39420,-0.4,1.0000,-29.2026,0.4741,-7.2360,177.059,ppo_car_spread_a_deterministic
22.7403,-0.08948,0.0000,0.0034,0.02621,0.02621,0.24775,-0.4,1.0000,-29.2026,0.4741,-7.2365,177.059,ppo_car_spread_a_deterministic
22.7603,-0.08948,0.0000,0.0034,0.01927,0.01928,0.25853,-0.7,1.0000,-29.2025,0.4741,-7.2369,177.061,ppo_car_spread_a_deterministic
22.7803,-0.08948,0.0000,0.0034,0.02787,0.02787,0.31973,-0.7,1.0000,-29.2025,0.4741,-7.2375,177.061,ppo_car_spread_a_deterministic
22.8003,-0.08948,0.0000,0.0034,0.02679,0.02680,0.26557,-0.7,1.0000,-29.2025,0.4741,-7.2380,177.062,ppo_car_spread_a_deterministic
22.8203,-0.08945,0.0000,0.0043,0.02460,0.02461,0.18987,-0.7,1.0000,-29.2024,0.4741,-7.2385,177.062,ppo_car_spread_a_deterministic
22.8403,-0.08945,0.0000,0.0043,0.01920,0.01921,0.19195,-0.9,1.0000,-29.2024,0.4741,-7.2389,177.061,ppo_car_spread_a_deterministic
22.8603,-0.08945,0.0000,0.0043,0.02572,0.02573,0.20882,-0.9,1.0000,-29.2024,0.4741,-7.2394,177.060,ppo_car_spread_a_deterministic
22.8803,-0.08945,0.0000,0.0043,0.02679,0.02679,0.26499,-0.9,1.0000,-29.2023,0.4741,-7.2399,177.058,ppo_car_spread_a_deterministic
22.9003,-0.08956,0.0000,0.0017,0.02038,0.02038,0.26976,-0.9,1.0000,-29.2023,0.4741,-7.2403,177.059,ppo_car_spread_a_deterministic
22.9203,-0.08956,0.0000,0.0017,0.02084,0.02084,0.18205,-0.4,1.0000,-29.2023,0.4741,-7.2407,177.059,ppo_car_spread_a_deterministic
22.9403,-0.08956,0.0000,0.0017,0.02524,0.02525,0.31794,-0.4,1.0000,-29.2022,0.4741,-7.2412,177.054,ppo_car_spread_a_deterministic
22.9603,-0.08956,0.0000,0.0017,0.02162,0.02162,0.30961,-0.4,1.0000,-29.2022,0.4741,-7.2417,177.052,ppo_car_spread_a_deterministic
22.9803,-0.08948,0.0000,0.0000,0.02036,0.02037,0.33135,-0.4,1.0000,-29.2022,0.4741,-7.2421,177.051,ppo_car_spread_a_deterministic
23.0003,-0.08948,0.0000,0.0000,0.01927,0.01927,0.32249,0.0,1.0000,-29.2021,0.4741,-7.2424,177.055,ppo_car_spread_a_deterministic
23.0203,-0.08948,0.0000,0.0000,0.02561,0.02561,0.30026,0.0,1.0000,-29.2021,0.4741,-7.2430,177.052,ppo_car_spread_a_deterministic
23.0403,-0.08948,0.0000,0.0000,0.01829,0.01830,0.38708,0.0,1.0000,-29.2021,0.4741,-7.2433,177.047,ppo_car_spread_a_deterministic
23.0603,-0.08952,0.0000,0.0010,0.02461,0.02462,0.19727,0.0,1.0000,-29.2020,0.4741,-7.2438,177.045,ppo_car_spread_a_deterministic
23.0803,-0.08952,0.0000,0.0010,0.02701,0.02702,0.28442,-0.2,1.0000,-29.2020,0.4741,-7.2444,177.046,ppo_car_spread_a_deterministic
23.1003,-0.08952,0.0000,0.0010,0.02017,0.02018,0.17364,-0.2,1.0000,-29.2020,0.4741,-7.2448,177.047,ppo_car_spread_a_deterministic
23.1203,-0.08952,0.0000,0.0010,0.02612,0.02612,0.31453,-0.2,1.0000,-29.2019,0.4741,-7.2453,177.047,ppo_car_spread_a_deterministic
23.1403,-0.08996,0.0031,0.0000,0.02310,0.02310,0.07015,-0.2,1.0000,-29.2019,0.4741,-7.2458,177.047,ppo_car_spread_a_deterministic
23.1603,-0.08996,0.0031,0.0000,0.02072,0.02072,0.38601,1.6,1.0000,-29.2019,0.4741,-7.2462,177.051,ppo_car_spread_a_deterministic
23.1803,-0.08996,0.0031,0.0000,0.02398,0.02399,0.32355,1.6,1.0000,-29.2018,0.4741,-7.2466,177.046,ppo_car_spread_a_deterministic
23.2003,-0.08996,0.0031,0.0000,0.02462,0.02462,0.26016,1.6,1.0000,-29.2018,0.4741,-7.2471,177.043,ppo_car_spread_a_deterministic
23.2203,-0.08963,0.0012,0.0000,0.02002,0.02002,0.23732,1.6,1.0000,-29.2018,0.4741,-7.2475,177.044,ppo_car_spread_a_deterministic
23.2403,-0.08963,0.0012,0.0000,0.02620,0.02620,0.11217,0.6,1.0000,-29.2017,0.4741,-7.2481,177.042,ppo_car_spread_a_deterministic
23.2603,-0.08963,0.0012,0.0000,0.02239,0.02239,0.35933,0.6,1.0000,-29.2017,0.4741,-7.2485,177.045,ppo_car_spread_a_deterministic
23.2803,-0.08963,0.0012,0.0000,0.02308,0.02309,0.19704,0.6,1.0000,-29.2017,0.4741,-7.2490,177.047,ppo_car_spread_a_deterministic
23.3003,-0.08997,0.0000,0.0000,0.02228,0.02228,0.17576,0.6,1.0000,-29.2016,0.4741,-7.2494,177.045,ppo_car_spread_a_deterministic
23.3203,-0.08997,0.0000,0.0000,0.03125,0.03125,0.32483,0.0,1.0000,-29.2016,0.4741,-7.2500,177.045,ppo_car_spread_a_deterministic
23.3403,-0.08997,0.0000,0.0000,0.02487,0.02487,0.27029,0.0,1.0000,-29.2016,0.4741,-7.2505,177.048,ppo_car_spread_a_deterministic
23.3603,-0.08997,0.0000,0.0000,0.02578,0.02578,0.39215,0.0,1.0000,-29.2015,0.4741,-7.2510,177.050,ppo_car_spread_a_deterministic
23.3803,-0.08986,0.0000,0.0023,0.02622,0.02622,0.17325,0.0,1.0000,-29.2015,0.4741,-7.2516,177.050,ppo_car_spread_a_deterministic
23.4003,-0.08986,0.0000,0.0023,0.02557,0.02558,0.15944,-0.5,1.0000,-29.2015,0.4741,-7.2521,177.050,ppo_car_spread_a_deterministic
23.4204,-0.08986,0.0000,0.0023,0.01614,0.01614,0.39570,-0.5,1.0000,-29.2014,0.4741,-7.2524,177.053,ppo_car_spread_a_deterministic
23.4404,-0.08986,0.0000,0.0023,0.02889,0.02889,0.32178,-0.5,1.0000,-29.2014,0.4741,-7.2530,177.054,ppo_car_spread_a_deterministic
23.4604,-0.09031,0.0060,0.0000,0.02089,0.02089,0.37255,-0.5,1.0000,-29.2014,0.4741,-7.2534,177.054,ppo_car_spread_a_deterministic
23.4804,-0.09031,0.0060,0.0000,0.02039,0.02040,0.32917,3.2,1.0000,-29.2013,0.4741,-7.2538,177.051,ppo_car_spread_a_deterministic
23.5004,-0.09031,0.0060,0.0000,0.02605,0.02605,0.27955,3.2,1.0000,-29.2013,0.4741,-7.2543,177.053,ppo_car_spread_a_deterministic
23.5204,-0.09031,0.0060,0.0000,0.02625,0.02626,0.29108,3.2,1.0000,-29.2013,0.4741,-7.2548,177.052,ppo_car_spread_a_deterministic
23.5404,-0.08970,0.0000,0.0027,0.02542,0.02543,0.20833,3.2,1.0000,-29.2012,0.4741,-7.2553,177.052,ppo_car_spread_a_deterministic
23.5604,-0.08970,0.0000,0.0027,0.02464,0.02465,0.23840,-0.6,1.0000,-29.2012,0.4741,-7.2558,177.049,ppo_car_spread_a_deterministic
23.5804,-0.08970,0.0000,0.0027,0.02633,0.02634,0.31030,-0.6,1.0000,-29.2012,0.4741,-7.2564,177.049,ppo_car_spread_a_deterministic
23.6004,-0.08970,0.0000,0.0027,0.02733,0.02734,0.18111,-0.6,1.0000,-29.2011,0.4741,-7.2569,177.050,ppo_car_spread_a_deterministic
23.6204,-0.08956,0.0000,0.0024,0.02369,0.02370,0.13621,-0.6,1.0000,-29.2011,0.4741,-7.2574,177.050,ppo_car_spread_a_deterministic
23.6404,-0.08956,0.0000,0.0024,0.02218,0.02218,0.23186,-0.5,1.0000,-29.2010,0.4741,-7.2578,177.050,ppo_car_spread_a_deterministic
23.6604,-0.08956,0.0000,0.0024,0.02620,0.02621,0.14777,-0.5,1.0000,-29.2010,0.4741,-7.2583,177.049,ppo_car_spread_a_deterministic
23.6804,-0.08956,0.0000,0.0024,0.02135,0.02135,0.30792,-0.5,1.0000,-29.2010,0.4741,-7.2588,177.051,ppo_car_spread_a_deterministic
23.7004,-0.08955,0.0000,0.0021,0.02898,0.02899,0.31784,-0.5,1.0000,-29.2009,0.4741,-7.2594,177.049,ppo_car_spread_a_deterministic
23.7204,-0.08955,0.0000,0.0021,0.02207,0.02207,0.19105,-0.4,1.0000,-29.2009,0.4741,-7.2598,177.049,ppo_car_spread_a_deterministic
23.7404,-0.08955,0.0000,0.0021,0.02148,0.02149,0.29250,-0.4,1.0000,-29.2009,0.4741,-7.2602,177.052,ppo_car_spread_a_deterministic
23.7604,-0.08955,0.0000,0.0021,0.02336,0.02336,0.27459,-0.4,1.0000,-29.2008,0.4741,-7.2607,177.050,ppo_car_spread_a_deterministic
23.7804,-0.09000,0.0010,0.0000,0.02404,0.02404,0.38201,-0.4,1.0000,-29.2008,0.4741,-7.2612,177.054,ppo_car_spread_a_deterministic
23.8004,-0.09000,0.0010,0.0000,0.02548,0.02548,0.29932,0.5,1.0000,-29.2008,0.4741,-7.2617,177.055,ppo_car_spread_a_deterministic
23.8204,-0.09000,0.0010,0.0000,0.02586,0.02587,0.19644,0.5,1.0000,-29.2007,0.4741,-7.2622,177.056,ppo_car_spread_a_deterministic
23.8404,-0.09000,0.0010,0.0000,0.02614,0.02614,0.31029,0.5,1.0000,-29.2007,0.4741,-7.2627,177.056,ppo_car_spread_a_deterministic
23.8604,-0.08967,0.0000,0.0026,0.02373,0.02373,0.25391,0.5,1.0000,-29.2007,0.4741,-7.2632,177.058,ppo_car_spread_a_deterministic
23.8804,-0.08967,0.0000,0.0026,0.02031,0.02031,0.35724,-0.5,1.0000,-29.2006,0.4741,-7.2636,177.061,ppo_car_spread_a_deterministic
23.9004,-0.08967,0.0000,0.0026,0.01731,0.01732,0.37765,-0.5,1.0000,-29.2006,0.4741,-7.2639,177.061,ppo_car_spread_a_deterministic
23.9204,-0.08967,0.0000,0.0026,0.02411,0.02412,0.26376,-0.5,1.0000,-29.2006,0.4741,-7.2644,177.059,ppo_car_spread_a_deterministic
23.9404,-0.09008,0.0057,0.0000,0.02603,0.02604,0.33108,-0.5,1.0000,-29.2005,0.4741,-7.2649,177.056,ppo_car_spread_a_deterministic
23.9604,-0.09008,0.0057,0.0000,0.02496,0.02497,0.17490,3.0,1.0000,-29.2005,0.4741,-7.2654,177.055,ppo_car_spread_a_deterministic
23.9804,-0.09008,0.0057,0.0000,0.02519,0.02519,0.15181,3.0,1.0000,-29.2005,0.4741,-7.2659,177.056,ppo_car_spread_a_deterministic
24.0004,-0.09008,0.0057,0.0000,0.02792,0.02793,0.19111,3.0,1.0000,-29.2004,0.4741,-7.2665,177.058,ppo_car_spread_a_deterministic
24.0204,-0.08978,0.0000,0.0020,0.03043,0.03043,0.32457,3.0,1.0000,-29.2004,0.4741,-7.2671,177.059,ppo_car_spread_a_deterministic
24.0404,-0.08978,0.0000,0.0020,0.02933,0.02934,0.19985,-0.4,1.0000,-29.2003,0.4741,-7.2677,177.060,ppo_car_spread_a_deterministic
24.0604,-0.08978,0.0000,0.0020,0.03082,0.03083,0.29515,-0.4,1.0000,-29.2003,0.4741,-7.2683,177.061,ppo_car_spread_a_deterministic
24.0804,-0.08978,0.0000,0.0020,0.02361,0.02361,0.32495,-0.4,1.0000,-29.2003,0.4741,-7.2688,177.060,ppo_car_spread_a_deterministic
24.1004,-0.08934,0.0000,0.0071,0.02895,0.02896,0.24704,-0.4,1.0000,-29.2002,0.4741,-7.2694,177.061,ppo_car_spread_a_deterministic
24.1204,-0.08934,0.0000,0.0071,0.02224,0.02225,0.39652,-1.5,1.0000,-29.2002,0.4741,-7.2698,177.063,ppo_car_spread_a_deterministic
24.1404,-0.08934,0.0000,0.0071,0.02465,0.02465,0.27865,-1.5,1.0000,-29.2002,0.4741,-7.2703,177.065,ppo_car_spread_a_deterministic
24.1604,-0.08934,0.0000,0.0071,0.02774,0.02775,0.16060,-1.5,1.0000,-29.2001,0.4741,-7.2708,177.063,ppo_car_spread_a_deterministic
24.1804,-0.08976,0.0000,0.0018,0.02413,0.02414,0.38211,-1.5,1.0000,-29.2001,0.4741,-7.2713,177.067,ppo_car_spread_a_deterministic
24.2004,-0.08976,0.0000,0.0018,0.01949,0.01949,0.38999,-0.4,1.0000,-29.2001,0.4741,-7.2717,177.066,ppo_car_spread_a_deterministic
24.2204,-0.08976,0.0000,0.0018,0.02614,0.02615,0.30353,-0.4,1.0000,-29.2000,0.4741,-7.2722,177.065,ppo_car_spread_a_deterministic
24.2404,-0.08976,0.0000,0.0018,0.02923,0.02924,0.26493,-0.4,1.0000,-29.2000,0.4741,-7.2728,177.063,ppo_car_spread_a_deterministic
24.2604,-0.08949,0.0000,0.0019,0.03075,0.03075,0.32661,-0.4,1.0000,-29.1999,0.4741,-7.2734,177.063,ppo_car_spread_a_deterministic
24.2804,-0.08949,0.0000,0.0019,0.02913,0.02914,0.16019,-0.4,1.0000,-29.1999,0.4741,-7.2740,177.062,ppo_car_spread_a_deterministic
24.3004,-0.08949,0.0000,0.0019,0.02100,0.02100,0.31650,-0.4,1.0000,-29.1999,0.4741,-7.2744,177.059,ppo_car_spread_a_deterministic
24.3204,-0.08949,0.0000,0.0019,0.02872,0.02872,0.30493,-0.4,1.0000,-29.1998,0.4741,-7.2750,177.058,ppo_car_spread_a_deterministic
24.3404,-0.08981,0.0033,0.0000,0.02154,0.02155,0.16825,-0.4,1.0000,-29.1998,0.4741,-7.2754,177.058,ppo_car_spread_a_deterministic
24.3604,-0.08981,0.0033,0.0000,0.03430,0.03431,0.32012,1.7,1.0000,-29.1997,0.4741,-7.2761,177.058,ppo_car_spread_a_deterministic
24.3804,-0.08981,0.0033,0.0000,0.03203,0.03203,0.30590,1.7,1.0000,-29.1997,0.4741,-7.2768,177.056,ppo_car_spread_a_deterministic
24.4004,-0.08981,0.0033,0.0000,0.02502,0.02503,0.14105,1.7,1.0000,-29.1997,0.4741,-7.2773,177.057,ppo_car_spread_a_deterministic
24.4204,-0.08925,0.0000,0.0073,0.02620,0.02620,0.18893,1.7,1.0000,-29.1996,0.4741,-7.2778,177.057,ppo_car_spread_a_deterministic
24.4404,-0.08925,0.0000,0.0073,0.02829,0.02830,0.31675,-1.5,1.0000,-29.1996,0.4741,-7.2783,177.057,ppo_car_spread_a_deterministic
24.4604,-0.08925,0.0000,0.0073,0.02245,0.02245,0.36095,-1.5,1.0000,-29.1996,0.4741,-7.2788,177.053,ppo_car_spread_a_deterministic
24.4804,-0.08925,0.0000,0.0073,0.02748,0.02749,0.16178,-1.5,1.0000,-29.1995,0.4741,-7.2793,177.054,ppo_car_spread_a_deterministic
24.5004,-0.08960,0.0022,0.0000,0.02175,0.02176,0.17193,-1.5,1.0000,-29.1995,0.4741,-7.2798,177.055,ppo_car_spread_a_deterministic
24.5204,-0.08960,0.0022,0.0000,0.03000,0.03000,0.30786,1.2,1.0000,-29.1994,0.4741,-7.2804,177.058,ppo_car_spread_a_deterministic
24.5404,-0.08960,0.0022,0.0000,0.02311,0.02312,0.35783,1.2,1.0000,-29.1994,0.4741,-7.2808,177.062,ppo_car_spread_a_deterministic
24.5604,-0.08960,0.0022,0.0000,0.02064,0.02065,0.37653,1.2,1.0000,-29.1994,0.4741,-7.2812,177.063,ppo_car_spread_a_deterministic
24.5804,-0.08993,0.0000,0.0011,0.01806,0.01806,0.38946,1.2,1.0000,-29.1994,0.4741,-7.2816,177.062,ppo_car_spread_a_deterministic
24.6004,-0.08993,0.0000,0.0011,0.02227,0.02228,0.26132,-0.2,1.0000,-29.1993,0.4741,-7.2820,177.060,ppo_car_spread_a_deterministic
24.6204,-0.08993,0.0000,0.0011,0.02415,0.02416,0.31225,-0.2,1.0000,-29.1993,0.4741,-7.2825,177.060,ppo_car_spread_a_deterministic
24.6404,-0.08993,0.0000,0.0011,0.02388,0.02388,0.30835,-0.2,1.0000,-29.1992,0.4741,-7.2830,177.058,ppo_car_spread_a_deterministic
24.6604,-0.08979,0.0000,0.0007,0.02935,0.02936,0.26634,-0.2,1.0000,-29.1992,0.4741,-7.2836,177.060,ppo_car_spread_a_deterministic
24.6804,-0.08979,0.0000,0.0007,0.02598,0.02598,0.12266,-0.1,1.0000,-29.1992,0.4741,-7.2841,177.058,ppo_car_spread_a_deterministic
24.7004,-0.08979,0.0000,0.0007,0.02884,0.02885,0.22152,-0.1,1.0000,-29.1991,0.4741,-7.2847,177.058,ppo_car_spread_a_deterministic
24.7204,-0.08979,0.0000,0.0007,0.02624,0.02625,0.15001,-0.1,1.0000,-29.1991,0.4741,-7.2852,177.055,ppo_car_spread_a_deterministic
24.7404,-0.08944,0.0000,0.0050,0.02965,0.02966,0.21586,-0.1,1.0000,-29.1990,0.4741,-7.2858,177.053,ppo_car_spread_a_deterministic
24.7604,-0.08944,0.0000,0.0050,0.02393,0.02393,0.17819,-1.0,1.0000,-29.1990,0.4741,-7.2863,177.052,ppo_car_spread_a_deterministic
24.7804,-0.08944,0.0000,0.0050,0.02392,0.02393,0.22710,-1.0,1.0000,-29.1990,0.4741,-7.2868,177.051,ppo_car_spread_a_deterministic
24.8004,-0.08944,0.0000,0.0050,0.02109,0.02110,0.27188,-1.0,1.0000,-29.1990,0.4741,-7.2872,177.052,ppo_car_spread_a_deterministic
24.8204,-0.08960,0.0000,0.0001,0.02315,0.02315,0.35112,-1.0,1.0000,-29.1989,0.4741,-7.2876,177.052,ppo_car_spread_a_deterministic
24.8404,-0.08960,0.0000,0.0001,0.01733,0.01733,0.39028,0.0,1.0000,-29.1989,0.4741,-7.2880,177.051,ppo_car_spread_a_deterministic
24.8604,-0.08960,0.0000,0.0001,0.02526,0.02526,0.17067,0.0,1.0000,-29.1989,0.4741,-7.2885,177.052,ppo_car_spread_a_deterministic
24.8804,-0.08960,0.0000,0.0001,0.02296,0.02296,0.32275,0.0,1.0000,-29.1988,0.4741,-7.2889,177.053,ppo_car_spread_a_deterministic
24.9004,-0.08965,0.0000,0.0020,0.02418,0.02419,0.29556,0.0,1.0000,-29.1988,0.4741,-7.2894,177.051,ppo_car_spread_a_deterministic
24.9204,-0.08965,0.0000,0.0020,0.02739,0.02740,0.25807,-0.4,1.0000,-29.1988,0.4741,-7.2900,177.049,ppo_car_spread_a_deterministic
24.9404,-0.08965,0.0000,0.0020,0.01928,0.01929,0.38895,-0.4,1.0000,-29.1987,0.4741,-7.2904,177.046,ppo_car_spread_a_deterministic
24.9604,-0.08965,0.0000,0.0020,0.02490,0.02491,0.20638,-0.4,1.0000,-29.1987,0.4741,-7.2908,177.045,ppo_car_spread_a_deterministic
24.9804,-0.08990,0.0047,0.0000,0.01902,0.01902,0.38731,-0.4,1.0000,-29.1987,0.4741,-7.2912,177.045,ppo_car_spread_a_deterministic
25.0004,-0.08990,0.0047,0.0000,0.03141,0.03141,0.31583,2.5,1.0000,-29.1986,0.4741,-7.2919,177.042,ppo_car_spread_a_deterministic
25.0204,-0.08990,0.0047,0.0000,0.02125,0.02126,0.33330,2.5,1.0000,-29.1986,0.4741,-7.2923,177.039,ppo_car_spread_a_deterministic
25.0404,-0.08990,0.0047,0.0000,0.02192,0.02192,0.38256,2.5,1.0000,-29.1986,0.4741,-7.2927,177.041,ppo_car_spread_a_deterministic
25.0604,-0.08979,0.0029,0.0000,0.02823,0.02823,0.36589,2.5,1.0000,-29.1985,0.4741,-7.2933,177.039,ppo_car_spread_a_deterministic
25.0804,-0.08979,0.0029,0.0000,0.03159,0.03159,0.20223,1.5,1.0000,-29.1985,0.4741,-7.2939,177.037,ppo_car_spread_a_deterministic
25.1004,-0.08979,0.0029,0.0000,0.02905,0.02905,0.30806,1.5,1.0000,-29.1984,0.4741,-7.2945,177.040,ppo_car_spread_a_deterministic
25.1204,-0.08979,0.0029,0.0000,0.02623,0.02624,0.28258,1.5,1.0000,-29.1984,0.4741,-7.2950,177.042,ppo_car_spread_a_deterministic
25.1404,-0.08955,0.0000,0.0062,0.02641,0.02642,0.32934,1.5,1.0000,-29.1984,0.4741,-7.2956,177.040,ppo_car_spread_a_deterministic
25.1604,-0.08955,0.0000,0.0062,0.02667,0.02667,0.35049,-1.3,1.0000,-29.1983,0.4741,-7.2961,177.042,ppo_car_spread_a_deterministic
25.1804,-0.08955,0.0000,0.0062,0.02194,0.02194,0.32330,-1.3,1.0000,-29.1983,0.4741,-7.2965,177.042,ppo_car_spread_a_deterministic
25.2004,-0.08955,0.0000,0.0062,0.02279,0.02279,0.21505,-1.3,1.0000,-29.1983,0.4741,-7.2970,177.042,ppo_car_spread_a_deterministic
25.2204,-0.08984,0.0014,0.0000,0.02885,0.02886,0.21099,-1.3,1.0000,-29.1982,0.4741,-7.2976,177.045,ppo_car_spread_a_deterministic
25.2404,-0.08984,0.0014,0.0000,0.02487,0.02487,0.26723,0.8,1.0000,-29.1982,0.4741,-7.2980,177.048,ppo_car_spread_a_deterministic
25.2604,-0.08984,0.0014,0.0000,0.02779,0.02779,0.29735,0.8,1.0000,-29.1981,0.4741,-7.2986,177.044,ppo_car_spread_a_deterministic
25.2804,-0.08984,0.0014,0.0000,0.02730,0.02730,0.19165,0.8,1.0000,-29.1981,0.4741,-7.2991,177.044,ppo_car_spread_a_deterministic
25.3004,-0.08940,0.0000,0.0029,0.02650,0.02651,0.17400,0.8,1.0000,-29.1981,0.4741,-7.2997,177.044,ppo_car_spread_a_deterministic
25.3204,-0.08940,0.0000,0.0029,0.02887,0.02888,0.33558,-0.6,1.0000,-29.1980,0.4741,-7.3003,177.047,ppo_car_spread_a_deterministic
25.3404,-0.08940,0.0000,0.0029,0.01841,0.01842,0.37104,-0.6,1.0000,-29.1980,0.4741,-7.3006,177.049,ppo_car_spread_a_deterministic
25.3604,-0.08940,0.0000,0.0029,0.03089,0.03090,0.27690,-0.6,1.0000,-29.1980,0.4741,-7.3012,177.049,ppo_car_spread_a_deterministic
25.3804,-0.09006,0.0041,0.0000,0.02723,0.02723,0.34176,-0.6,1.0000,-29.1979,0.4741,-7.3018,177.046,ppo_car_spread_a_deterministic
25.4004,-0.09006,0.0041,0.0000,0.02423,0.02424,0.30943,2.2,1.0000,-29.1979,0.4741,-7.3023,177.044,ppo_car_spread_a_deterministic
25.4204,-0.09006,0.0041,0.0000,0.02770,0.02771,0.28415,2.2,1.0000,-29.1978,0.4741,-7.3028,177.047,ppo_car_spread_a_deterministic
25.4404,-0.09006,0.0041,0.0000,0.02810,0.02811,0.33886,2.2,1.0000,-29.1978,0.4741,-7.3034,177.052,ppo_car_spread_a_deterministic
25.4604,-0.08962,0.0000,0.0048,0.02550,0.02550,0.39431,2.2,1.0000,-29.1978,0.4741,-7.3039,177.053,ppo_car_spread_a_deterministic
25.4804,-0.08962,0.0000,0.0048,0.03146,0.03146,0.31166,-1.0,1.0000,-29.1977,0.4741,-7.3045,177.050,ppo_car_spread_a_deterministic
25.5004,-0.08962,0.0000,0.0048,0.02275,0.02275,0.31208,-1.0,1.0000,-29.1977,0.4741,-7.3050,177.049,ppo_car_spread_a_deterministic
25.5204,-0.08962,0.0000,0.0048,0.02590,0.02590,0.14976,-1.0,1.0000,-29.1977,0.4741,-7.3055,177.050,ppo_car_spread_a_deterministic
25.5404,-0.08973,0.0011,0.0000,0.02173,0.02173,0.37971,-1.0,1.0000,-29.1976,0.4741,-7.3059,177.051,ppo_car_spread_a_deterministic
25.5604,-0.08973,0.0011,0.0000,0.02366,0.02367,0.31249,0.6,1.0000,-29.1976,0.4741,-7.3064,177.052,ppo_car_spread_a_deterministic
25.5804,-0.08973,0.0011,0.0000,0.02485,0.02485,0.22507,0.6,1.0000,-29.1976,0.4741,-7.3069,177.052,ppo_car_spread_a_deterministic
25.6004,-0.08973,0.0011,0.0000,0.02754,0.02754,0.26257,0.6,1.0000,-29.1975,0.4741,-7.3074,177.050,ppo_car_spread_a_deterministic
25.6204,-0.08959,0.0000,0.0010,0.02010,0.02010,0.38090,0.6,1.0000,-29.1975,0.4741,-7.3078,177.050,ppo_car_spread_a_deterministic
25.6404,-0.08959,0.0000,0.0010,0.02468,0.02468,0.35587,-0.2,1.0000,-29.1975,0.4741,-7.3083,177.048,ppo_car_spread_a_deterministic
25.6604,-0.08959,0.0000,0.0010,0.02194,0.02194,0.37370,-0.2,1.0000,-29.1974,0.4741,-7.3087,177.047,ppo_car_spread_a_deterministic
25.6804,-0.08959,0.0000,0.0010,0.03252,0.03253,0.27642,-0.2,1.0000,-29.1974,0.4741,-7.3094,177.044,ppo_car_spread_a_deterministic
25.7004,-0.08974,0.0017,0.0000,0.02523,0.02524,0.37283,-0.2,1.0000,-29.1973,0.4741,-7.3099,177.046,ppo_car_spread_a_deterministic
25.7204,-0.08974,0.0017,0.0000,0.03092,0.03092,0.25664,0.9,1.0000,-29.1973,0.4741,-7.3105,177.043,ppo_car_spread_a_deterministic
25.7404,-0.08974,0.0017,0.0000,0.02637,0.02637,0.29349,0.9,1.0000,-29.1973,0.4741,-7.3111,177.045,ppo_car_spread_a_deterministic
25.7604,-0.08974,0.0017,0.0000,0.02520,0.02520,0.19865,0.9,1.0000,-29.1972,0.4741,-7.3116,177.046,ppo_car_spread_a_deterministic
25.7804,-0.08965,0.0000,0.0034,0.02335,0.02335,0.39047,0.9,1.0000,-29.1972,0.4741,-7.3120,177.050,ppo_car_spread_a_deterministic
25.8004,-0.08965,0.0000,0.0034,0.02593,0.02594,0.39049,-0.7,1.0000,-29.1972,0.4741,-7.3125,177.051,ppo_car_spread_a_deterministic
25.8204,-0.08965,0.0000,0.0034,0.02810,0.02811,0.30920,-0.7,1.0000,-29.1971,0.4741,-7.3131,177.050,ppo_car_spread_a_deterministic
25.8404,-0.08965,0.0000,0.0034,0.02393,0.02394,0.27686,-0.7,1.0000,-29.1971,0.4741,-7.3136,177.049,ppo_car_spread_a_deterministic
25.8604,-0.08934,0.0000,0.0040,0.03401,0.03401,0.28419,-0.7,1.0000,-29.1970,0.4741,-7.3143,177.050,ppo_car_spread_a_deterministic
25.8804,-0.08934,0.0000,0.0040,0.02877,0.02878,0.26187,-0.8,1.0000,-29.1970,0.4741,-7.3148,177.049,ppo_car_spread_a_deterministic
25.9004,-0.08934,0.0000,0.0040,0.02839,0.02840,0.13165,-0.8,1.0000,-29.1970,0.4741,-7.3154,177.049,ppo_car_spread_a_deterministic
25.9204,-0.08934,0.0000,0.0040,0.02904,0.02904,0.19008,-0.8,1.0000,-29.1969,0.4741,-7.3160,177.050,ppo_car_spread_a_deterministic
25.9404,-0.08940,0.0000,0.0048,0.02099,0.02099,0.35855,-0.8,1.0000,-29.1969,0.4741,-7.3164,177.049,ppo_car_spread_a_deterministic
25.9604,-0.08940,0.0000,0.0048,0.03278,0.03279,0.30258,-1.0,1.0000,-29.1968,0.4741,-7.3171,177.047,ppo_car_spread_a_deterministic
25.9804,-0.08940,0.0000,0.0048,0.03367,0.03368,0.25724,-1.0,1.0000,-29.1968,0.4741,-7.3177,177.048,ppo_car_spread_a_deterministic
26.0004,-0.08940,0.0000,0.0048,0.02597,0.02598,0.32433,-1.0,1.0000,-29.1967,0.4741,-7.3183,177.048,ppo_car_spread_a_deterministic
26.0204,-0.08914,0.0000,0.0097,0.01968,0.01968,0.38577,-1.0,1.0000,-29.1967,0.4741,-7.3186,177.048,ppo_car_spread_a_deterministic
26.0404,-0.08914,0.0000,0.0097,0.02101,0.02102,0.39854,-2.0,1.0000,-29.1967,0.4741,-7.3190,177.047,ppo_car_spread_a_deterministic
26.0604,-0.08914,0.0000,0.0097,0.02886,0.02887,0.30589,-2.0,1.0000,-29.1966,0.4741,-7.3196,177.047,ppo_car_spread_a_deterministic
26.0804,-0.08914,0.0000,0.0097,0.02888,0.02889,0.30449,-2.0,1.0000,-29.1966,0.4741,-7.3202,177.044,ppo_car_spread_a_deterministic
26.1004,-0.08933,0.0000,0.0050,0.02821,0.02822,0.31338,-2.0,1.0000,-29.1966,0.4741,-7.3208,177.045,ppo_car_spread_a_deterministic
26.1204,-0.08933,0.0000,0.0050,0.02357,0.02358,0.12508,-1.1,1.0000,-29.1965,0.4741,-7.3212,177.045,ppo_car_spread_a_deterministic
26.1404,-0.08933,0.0000,0.0050,0.02662,0.02663,0.30279,-1.1,1.0000,-29.1965,0.4741,-7.3218,177.043,ppo_car_spread_a_deterministic
26.1604,-0.08933,0.0000,0.0050,0.01909,0.01909,0.33637,-1.1,1.0000,-29.1965,0.4741,-7.3221,177.046,ppo_car_spread_a_deterministic
26.1804,-0.08938,0.0000,0.0024,0.02013,0.02013,0.39251,-1.1,1.0000,-29.1964,0.4741,-7.3225,177.042,ppo_car_spread_a_deterministic
26.2004,-0.08938,0.0000,0.0024,0.01863,0.01864,0.20331,-0.5,1.0000,-29.1964,0.4741,-7.3229,177.042,ppo_car_spread_a_deterministic
26.2204,-0.08938,0.0000,0.0024,0.02309,0.02309,0.25865,-0.5,1.0000,-29.1964,0.4741,-7.3234,177.040,ppo_car_spread_a_deterministic
26.2404,-0.08938,0.0000,0.0024,0.02192,0.02193,0.32296,-0.5,1.0000,-29.1963,0.4741,-7.3238,177.038,ppo_car_spread_a_deterministic
26.2604,-0.08956,0.0012,0.0000,0.02334,0.02335,0.30347,-0.5,1.0000,-29.1963,0.4741,-7.3243,177.040,ppo_car_spread_a_deterministic
26.2804,-0.08956,0.0012,0.0000,0.02339,0.02340,0.23994,0.6,1.0000,-29.1963,0.4741,-7.3247,177.040,ppo_car_spread_a_deterministic
26.3004,-0.08956,0.0012,0.0000,0.02447,0.02448,0.30515,0.6,1.0000,-29.1962,0.4741,-7.3252,177.042,ppo_car_spread_a_deterministic
26.3204,-0.08956,0.0012,0.0000,0.02834,0.02835,0.32040,0.6,1.0000,-29.1962,0.4741,-7.3258,177.039,ppo_car_spread_a_deterministic
26.3404,-0.08975,0.0000,0.0017,0.02938,0.02939,0.27563,0.6,1.0000,-29.1962,0.4741,-7.3264,177.041,ppo_car_spread_a_deterministic
26.3604,-0.08975,0.0000,0.0017,0.02228,0.02229,0.25499,-0.4,1.0000,-29.1961,0.4741,-7.3268,177.039,ppo_car_spread_a_deterministic
26.3804,-0.08975,0.0000,0.0017,0.02310,0.02310,0.38843,-0.4,1.0000,-29.1961,0.4741,-7.3273,177.040,ppo_car_spread_a_deterministic
26.4004,-0.08975,0.0000,0.0017,0.02081,0.02082,0.39177,-0.4,1.0000,-29.1961,0.4741,-7.3277,177.040,ppo_car_spread_a_deterministic
26.4204,-0.08975,0.0000,0.0001,0.02339,0.02340,0.20186,-0.4,1.0000,-29.1960,0.4741,-7.3282,177.040,ppo_car_spread_a_deterministic
26.4404,-0.08975,0.0000,0.0001,0.02631,0.02632,0.28838,0.0,1.0000,-29.1960,0.4741,-7.3287,177.038,ppo_car_spread_a_deterministic
26.4604,-0.08975,0.0000,0.0001,0.01646,0.01646,0.29642,0.0,1.0000,-29.1960,0.4741,-7.3290,177.038,ppo_car_spread_a_deterministic
26.4804,-0.08975,0.0000,0.0001,0.02299,0.02299,0.08871,0.0,1.0000,-29.1959,0.4741,-7.3295,177.038,ppo_car_spread_a_deterministic
26.5004,-0.09011,0.0066,0.0000,0.02701,0.02702,0.19588,0.0,1.0000,-29.1959,0.4741,-7.3300,177.038,ppo_car_spread_a_deterministic
26.5204,-0.09011,0.0066,0.0000,0.02526,0.02527,0.16399,3.4,1.0000,-29.1959,0.4741,-7.3305,177.038,ppo_car_spread_a_deterministic
26.5404,-0.09011,0.0066,0.0000,0.02607,0.02607,0.37205,3.4,1.0000,-29.1958,0.4741,-7.3311,177.035,ppo_car_spread_a_deterministic
26.5604,-0.09011,0.0066,0.0000,0.02663,0.02663,0.27023,3.4,1.0000,-29.1958,0.4741,-7.3316,177.034,ppo_car_spread_a_deterministic
26.5804,-0.08951,0.0000,0.0013,0.02537,0.02537,0.17191,3.4,1.0000,-29.1958,0.4741,-7.3321,177.033,ppo_car_spread_a_deterministic
26.6004,-0.08951,0.0000,0.0013,0.02104,0.02105,0.38935,-0.3,1.0000,-29.1957,0.4741,-7.3325,177.029,ppo_car_spread_a_deterministic
26.6204,-0.08951,0.0000,0.0013,0.02037,0.02037,0.39833,-0.3,1.0000,-29.1957,0.4741,-7.3329,177.029,ppo_car_spread_a_deterministic
26.6404,-0.08951,0.0000,0.0013,0.02714,0.02714,0.22535,-0.3,1.0000,-29.1957,0.4741,-7.3335,177.028,ppo_car_spread_a_deterministic
26.6604,-0.08991,0.0028,0.0000,0.02668,0.02669,0.13453,-0.3,1.0000,-29.1956,0.4741,-7.3340,177.026,ppo_car_spread_a_deterministic
26.6804,-0.08991,0.0028,0.0000,0.01886,0.01887,0.39589,1.5,1.0000,-29.1956,0.4741,-7.3344,177.026,ppo_car_spread_a_deterministic
26.7004,-0.08991,0.0028,0.0000,0.02714,0.02715,0.29632,1.5,1.0000,-29.1956,0.4741,-7.3349,177.023,ppo_car_spread_a_deterministic
26.7204,-0.08991,0.0028,0.0000,0.02925,0.02925,0.26024,1.5,1.0000,-29.1955,0.4741,-7.3355,177.025,ppo_car_spread_a_deterministic
26.7404,-0.08941,0.0000,0.0027,0.02093,0.02094,0.39535,1.5,1.0000,-29.1955,0.4741,-7.3359,177.025,ppo_car_spread_a_deterministic
26.7604,-0.08941,0.0000,0.0027,0.02400,0.02400,0.18199,-0.6,1.0000,-29.1955,0.4741,-7.3364,177.022,ppo_car_spread_a_deterministic
26.7804,-0.08941,0.0000,0.0027,0.02508,0.02508,0.39618,-0.6,1.0000,-29.1954,0.4741,-7.3369,177.020,ppo_car_spread_a_deterministic
26.8004,-0.08941,0.0000,0.0027,0.02183,0.02183,0.29586,-0.6,1.0000,-29.1954,0.4741,-7.3373,177.021,ppo_car_spread_a_deterministic
26.8204,-0.08944,0.0000,0.0006,0.02935,0.02936,0.20132,-0.6,1.0000,-29.1954,0.4741,-7.3379,177.021,ppo_car_spread_a_deterministic
26.8404,-0.08944,0.0000,0.0006,0.02612,0.02613,0.18238,-0.1,1.0000,-29.1953,0.4741,-7.3384,177.021,ppo_car_spread_a_deterministic
26.8604,-0.08944,0.0000,0.0006,0.02591,0.02592,0.15698,-0.1,1.0000,-29.1953,0.4741,-7.3390,177.020,ppo_car_spread_a_deterministic
26.8804,-0.08944,0.0000,0.0006,0.02964,0.02964,0.19138,-0.1,1.0000,-29.1952,0.4741,-7.3396,177.021,ppo_car_spread_a_deterministic
26.9004,-0.08956,0.0000,0.0021,0.02830,0.02831,0.25809,-0.1,1.0000,-29.1952,0.4741,-7.3401,177.021,ppo_car_spread_a_deterministic
26.9204,-0.08956,0.0000,0.0021,0.02650,0.02651,0.22972,-0.4,1.0000,-29.1951,0.4741,-7.3406,177.021,ppo_car_spread_a_deterministic
26.9404,-0.08956,0.0000,0.0021,0.02334,0.02335,0.39290,-0.4,1.0000,-29.1951,0.4741,-7.3411,177.020,ppo_car_spread_a_deterministic
26.9604,-0.08956,0.0000,0.0021,0.02227,0.02227,0.39681,-0.4,1.0000,-29.1951,0.4741,-7.3415,177.015,ppo_car_spread_a_deterministic
26.9804,-0.08964,0.0006,0.0000,0.02755,0.02756,0.19215,-0.4,1.0000,-29.1950,0.4741,-7.3421,177.017,ppo_car_spread_a_deterministic
27.0004,-0.08964,0.0006,0.0000,0.02707,0.02707,0.22956,0.3,1.0000,-29.1950,0.4741,-7.3426,177.018,ppo_car_spread_a_deterministic
27.0204,-0.08964,0.0006,0.0000,0.02651,0.02652,0.25701,0.3,1.0000,-29.1950,0.4741,-7.3432,177.020,ppo_car_spread_a_deterministic
27.0404,-0.08964,0.0006,0.0000,0.03045,0.03045,0.22727,0.3,1.0000,-29.1949,0.4741,-7.3438,177.021,ppo_car_spread_a_deterministic
27.0604,-0.08960,0.0000,0.0033,0.02305,0.02306,0.38933,0.3,1.0000,-29.1949,0.4741,-7.3442,177.018,ppo_car_spread_a_deterministic
27.0804,-0.08960,0.0000,0.0033,0.02346,0.02346,0.21408,-0.7,1.0000,-29.1949,0.4741,-7.3447,177.016,ppo_car_spread_a_deterministic
27.1004,-0.08960,0.0000,0.0033,0.02040,0.02040,0.36619,-0.7,1.0000,-29.1948,0.4741,-7.3451,177.015,ppo_car_spread_a_deterministic
27.1204,-0.08960,0.0000,0.0033,0.02946,0.02946,0.26027,-0.7,1.0000,-29.1948,0.4741,-7.3457,177.013,ppo_car_spread_a_deterministic
27.1404,-0.08983,0.0033,0.0000,0.02372,0.02373,0.17419,-0.7,1.0000,-29.1948,0.4741,-7.3462,177.011,ppo_car_spread_a_deterministic
27.1604,-0.08983,0.0033,0.0000,0.03304,0.03304,0.30221,1.7,1.0000,-29.1947,0.4741,-7.3468,177.010,ppo_car_spread_a_deterministic
27.1804,-0.08983,0.0033,0.0000,0.02949,0.02949,0.27958,1.7,1.0000,-29.1947,0.4741,-7.3474,177.013,ppo_car_spread_a_deterministic
27.2004,-0.08983,0.0033,0.0000,0.02628,0.02629,0.23583,1.7,1.0000,-29.1946,0.4741,-7.3479,177.014,ppo_car_spread_a_deterministic
27.2204,-0.08951,0.0000,0.0064,0.02639,0.02640,0.28855,1.7,1.0000,-29.1946,0.4741,-7.3485,177.013,ppo_car_spread_a_deterministic
27.2404,-0.08951,0.0000,0.0064,0.02575,0.02575,0.19548,-1.3,1.0000,-29.1946,0.4741,-7.3490,177.012,ppo_car_spread_a_deterministic
27.2604,-0.08951,0.0000,0.0064,0.02255,0.02255,0.36645,-1.3,1.0000,-29.1945,0.4741,-7.3494,177.012,ppo_car_spread_a_deterministic
27.2804,-0.08951,0.0000,0.0064,0.01818,0.01819,0.34075,-1.3,1.0000,-29.1945,0.4741,-7.3498,177.012,ppo_car_spread_a_deterministic
27.3004,-0.08971,0.0008,0.0000,0.02653,0.02653,0.27970,-1.3,1.0000,-29.1945,0.4741,-7.3503,177.012,ppo_car_spread_a_deterministic
27.3204,-0.08971,0.0008,0.0000,0.02751,0.02752,0.04421,0.4,1.0000,-29.1944,0.4741,-7.3509,177.011,ppo_car_spread_a_deterministic
27.3404,-0.08971,0.0008,0.0000,0.02712,0.02712,0.18181,0.4,1.0000,-29.1944,0.4741,-7.3514,177.010,ppo_car_spread_a_deterministic
27.3604,-0.08971,0.0008,0.0000,0.02988,0.02989,0.21598,0.4,1.0000,-29.1943,0.4741,-7.3520,177.011,ppo_car_spread_a_deterministic
27.3804,-0.08950,0.0000,0.0030,0.02730,0.02731,0.26505,0.4,1.0000,-29.1943,0.4741,-7.3526,177.010,ppo_car_spread_a_deterministic
27.4004,-0.08950,0.0000,0.0030,0.02935,0.02935,0.36789,-0.6,1.0000,-29.1943,0.4741,-7.3531,177.012,ppo_car_spread_a_deterministic
27.4204,-0.08950,0.0000,0.0030,0.02930,0.02930,0.29330,-0.6,1.0000,-29.1942,0.4741,-7.3537,177.008,ppo_car_spread_a_deterministic
27.4404,-0.08950,0.0000,0.0030,0.02343,0.02344,0.21008,-0.6,1.0000,-29.1942,0.4741,-7.3542,177.009,ppo_car_spread_a_deterministic
27.4604,-0.08920,0.0000,0.0040,0.01946,0.01946,0.34068,-0.6,1.0000,-29.1942,0.4741,-7.3546,177.007,ppo_car_spread_a_deterministic
27.4804,-0.08920,0.0000,0.0040,0.03114,0.03114,0.24905,-0.8,1.0000,-29.1941,0.4741,-7.3552,177.005,ppo_car_spread_a_deterministic
27.5004,-0.08920,0.0000,0.0040,0.02011,0.02011,0.39121,-0.8,1.0000,-29.1941,0.4741,-7.3556,177.005,ppo_car_spread_a_deterministic
27.5204,-0.08920,0.0000,0.0040,0.02770,0.02771,0.30815,-0.8,1.0000,-29.1940,0.4741,-7.3562,177.008,ppo_car_spread_a_deterministic
27.5404,-0.08989,0.0028,0.0000,0.02591,0.02591,0.33041,-0.8,1.0000,-29.1940,0.4741,-7.3567,177.007,ppo_car_spread_a_deterministic
27.5604,-0.08989,0.0028,0.0000,0.02825,0.02825,0.31667,1.5,1.0000,-29.1940,0.4741,-7.3572,177.005,ppo_car_spread_a_deterministic
27.5804,-0.08989,0.0028,0.0000,0.02996,0.02996,0.17932,1.5,1.0000,-29.1939,0.4741,-7.3578,177.004,ppo_car_spread_a_deterministic
27.6004,-0.08989,0.0028,0.0000,0.02619,0.02619,0.18265,1.5,1.0000,-29.1939,0.4741,-7.3584,177.005,ppo_car_spread_a_deterministic
27.6204,-0.08933,0.0000,0.0057,0.02597,0.02597,0.13677,1.5,1.0000,-29.1939,0.4741,-7.3589,177.003,ppo_car_spread_a_deterministic
27.6404,-0.08933,0.0000,0.0057,0.02855,0.02855,0.19933,-1.2,1.0000,-29.1938,0.4741,-7.3594,177.001,ppo_car_spread_a_deterministic
27.6604,-0.08933,0.0000,0.0057,0.02047,0.02047,0.37225,-1.2,1.0000,-29.1938,0.4741,-7.3598,177.000,ppo_car_spread_a_deterministic
27.6804,-0.08933,0.0000,0.0057,0.02441,0.02441,0.39020,-1.2,1.0000,-29.1937,0.4741,-7.3603,176.994,ppo_car_spread_a_deterministic
27.7004,-0.08988,0.0030,0.0000,0.02001,0.02002,0.39698,-1.2,1.0000,-29.1937,0.4741,-7.3607,176.991,ppo_car_spread_a_deterministic
27.7204,-0.08988,0.0030,0.0000,0.02491,0.02491,0.37417,1.6,1.0000,-29.1937,0.4741,-7.3612,176.993,ppo_car_spread_a_deterministic
27.7404,-0.08988,0.0030,0.0000,0.02886,0.02886,0.27169,1.6,1.0000,-29.1936,0.4741,-7.3618,176.995,ppo_car_spread_a_deterministic
27.7604,-0.08988,0.0030,0.0000,0.03110,0.03110,0.28195,1.6,1.0000,-29.1936,0.4741,-7.3624,176.994,ppo_car_spread_a_deterministic
27.7805,-0.08955,0.0000,0.0059,0.02809,0.02809,0.28969,1.6,1.0000,-29.1936,0.4741,-7.3630,176.992,ppo_car_spread_a_deterministic
27.8005,-0.08955,0.0000,0.0059,0.02460,0.02461,0.30277,-1.2,1.0000,-29.1935,0.4741,-7.3635,176.989,ppo_car_spread_a_deterministic
27.8205,-0.08955,0.0000,0.0059,0.02721,0.02722,0.35033,-1.2,1.0000,-29.1935,0.4741,-7.3640,176.986,ppo_car_spread_a_deterministic
27.8405,-0.08955,0.0000,0.0059,0.02577,0.02577,0.21410,-1.2,1.0000,-29.1934,0.4741,-7.3645,176.982,ppo_car_spread_a_deterministic
27.8605,-0.08943,0.0000,0.0023,0.02183,0.02184,0.23176,-1.2,1.0000,-29.1934,0.4741,-7.3650,176.980,ppo_car_spread_a_deterministic
27.8805,-0.08943,0.0000,0.0023,0.02426,0.02426,0.21872,-0.5,1.0000,-29.1934,0.4741,-7.3655,176.979,ppo_car_spread_a_deterministic
27.9005,-0.08943,0.0000,0.0023,0.02430,0.02430,0.17183,-0.5,1.0000,-29.1933,0.4741,-7.3659,176.978,ppo_car_spread_a_deterministic
27.9205,-0.08943,0.0000,0.0023,0.02707,0.02707,0.35189,-0.5,1.0000,-29.1933,0.4741,-7.3665,176.981,ppo_car_spread_a_deterministic
27.9405,-0.08958,0.0000,0.0005,0.03115,0.03115,0.31814,-0.5,1.0000,-29.1933,0.4741,-7.3671,176.979,ppo_car_spread_a_deterministic
27.9605,-0.08958,0.0000,0.0005,0.02574,0.02575,0.35004,-0.1,1.0000,-29.1932,0.4741,-7.3676,176.981,ppo_car_spread_a_deterministic
27.9805,-0.08958,0.0000,0.0005,0.02815,0.02816,0.23040,-0.1,1.0000,-29.1932,0.4741,-7.3682,176.982,ppo_car_spread_a_deterministic
28.0005,-0.08958,0.0000,0.0005,0.02807,0.02808,0.26543,-0.1,1.0000,-29.1931,0.4741,-7.3687,176.980,ppo_car_spread_a_deterministic
28.0205,-0.08949,0.0000,0.0048,0.02206,0.02207,0.18915,-0.1,1.0000,-29.1931,0.4741,-7.3692,176.978,ppo_car_spread_a_deterministic
28.0405,-0.08949,0.0000,0.0048,0.02499,0.02499,0.39313,-1.0,1.0000,-29.1931,0.4741,-7.3697,176.981,ppo_car_spread_a_deterministic
28.0605,-0.08949,0.0000,0.0048,0.02572,0.02573,0.19961,-1.0,1.0000,-29.1930,0.4741,-7.3702,176.982,ppo_car_spread_a_deterministic
28.0805,-0.08949,0.0000,0.0048,0.02453,0.02453,0.15275,-1.0,1.0000,-29.1930,0.4741,-7.3707,176.982,ppo_car_spread_a_deterministic
28.1005,-0.08960,0.0000,0.0025,0.02734,0.02735,0.38394,-1.0,1.0000,-29.1930,0.4741,-7.3712,176.984,ppo_car_spread_a_deterministic
28.1205,-0.08960,0.0000,0.0025,0.02783,0.02784,0.31598,-0.5,1.0000,-29.1929,0.4741,-7.3718,176.980,ppo_car_spread_a_deterministic
28.1405,-0.08960,0.0000,0.0025,0.02569,0.02570,0.32094,-0.5,1.0000,-29.1929,0.4741,-7.3723,176.976,ppo_car_spread_a_deterministic
28.1605,-0.08960,0.0000,0.0025,0.02649,0.02650,0.26676,-0.5,1.0000,-29.1928,0.4741,-7.3728,176.975,ppo_car_spread_a_deterministic
28.1805,-0.08949,0.0000,0.0007,0.02246,0.02246,0.18307,-0.5,1.0000,-29.1928,0.4741,-7.3733,176.977,ppo_car_spread_a_deterministic
28.2005,-0.08949,0.0000,0.0007,0.02417,0.02417,0.19988,-0.2,1.0000,-29.1928,0.4741,-7.3737,176.977,ppo_car_spread_a_deterministic
28.2205,-0.08949,0.0000,0.0007,0.02598,0.02598,0.16168,-0.2,1.0000,-29.1927,0.4741,-7.3743,176.976,ppo_car_spread_a_deterministic
28.2405,-0.08949,0.0000,0.0007,0.02230,0.02230,0.39362,-0.2,1.0000,-29.1927,0.4741,-7.3747,176.975,ppo_car_spread_a_deterministic
28.2605,-0.08948,0.0000,0.0021,0.02459,0.02460,0.29341,-0.2,1.0000,-29.1927,0.4741,-7.3752,176.976,ppo_car_spread_a_deterministic
28.2805,-0.08948,0.0000,0.0021,0.02055,0.02056,0.31999,-0.4,1.0000,-29.1926,0.4741,-7.3756,176.974,ppo_car_spread_a_deterministic
28.3005,-0.08948,0.0000,0.0021,0.02464,0.02464,0.15228,-0.4,1.0000,-29.1926,0.4741,-7.3761,176.975,ppo_car_spread_a_deterministic
28.3205,-0.08948,0.0000,0.0021,0.02348,0.02348,0.29068,-0.4,1.0000,-29.1926,0.4741,-7.3766,176.977,ppo_car_spread_a_deterministic
28.3405,-0.08969,0.0000,0.0015,0.02027,0.02028,0.37646,-0.4,1.0000,-29.1925,0.4741,-7.3770,176.978,ppo_car_spread_a_deterministic
28.3605,-0.08969,0.0000,0.0015,0.02312,0.02312,0.27144,-0.3,1.0000,-29.1925,0.4741,-7.3774,176.976,ppo_car_spread_a_deterministic
28.3805,-0.08969,0.0000,0.0015,0.02442,0.02442,0.31975,-0.3,1.0000,-29.1925,0.4741,-7.3779,176.976,ppo_car_spread_a_deterministic
28.4005,-0.08969,0.0000,0.0015,0.02231,0.02232,0.39381,-0.3,1.0000,-29.1924,0.4741,-7.3784,176.976,ppo_car_spread_a_deterministic
28.4205,-0.08959,0.0000,0.0010,0.02273,0.02273,0.18481,-0.3,1.0000,-29.1924,0.4741,-7.3788,176.974,ppo_car_spread_a_deterministic
28.4405,-0.08959,0.0000,0.0010,0.02043,0.02043,0.37507,-0.2,1.0000,-29.1924,0.4741,-7.3792,176.975,ppo_car_spread_a_deterministic
28.4605,-0.08959,0.0000,0.0010,0.02658,0.02658,0.16956,-0.2,1.0000,-29.1923,0.4741,-7.3798,176.972,ppo_car_spread_a_deterministic
28.4805,-0.08959,0.0000,0.0010,0.01834,0.01835,0.38391,-0.2,1.0000,-29.1923,0.4741,-7.3801,176.972,ppo_car_spread_a_deterministic
28.5005,-0.08943,0.0000,0.0022,0.02171,0.02172,0.36880,-0.2,1.0000,-29.1923,0.4741,-7.3806,176.974,ppo_car_spread_a_deterministic
28.5205,-0.08943,0.0000,0.0022,0.01833,0.01833,0.38406,-0.5,1.0000,-29.1922,0.4741,-7.3809,176.974,ppo_car_spread_a_deterministic
28.5405,-0.08943,0.0000,0.0022,0.02048,0.02048,0.36010,-0.5,1.0000,-29.1922,0.4741,-7.3813,176.971,ppo_car_spread_a_deterministic
28.5605,-0.08943,0.0000,0.0022,0.01934,0.01935,0.38396,-0.5,1.0000,-29.1922,0.4741,-7.3817,176.971,ppo_car_spread_a_deterministic
28.5805,-0.08976,0.0038,0.0000,0.02514,0.02514,0.14863,-0.5,1.0000,-29.1921,0.4741,-7.3822,176.972,ppo_car_spread_a_deterministic
28.6005,-0.08976,0.0038,0.0000,0.02463,0.02464,0.26479,2.0,1.0000,-29.1921,0.4741,-7.3827,176.976,ppo_car_spread_a_deterministic
28.6205,-0.08976,0.0038,0.0000,0.02406,0.02407,0.15480,2.0,1.0000,-29.1921,0.4741,-7.3832,176.975,ppo_car_spread_a_deterministic
28.6405,-0.08976,0.0038,0.0000,0.02382,0.02382,0.18493,2.0,1.0000,-29.1920,0.4741,-7.3837,176.973,ppo_car_spread_a_deterministic
28.6605,-0.08961,0.0000,0.0001,0.02008,0.02009,0.23225,2.0,1.0000,-29.1920,0.4741,-7.3841,176.971,ppo_car_spread_a_deterministic
28.6805,-0.08961,0.0000,0.0001,0.02382,0.02382,0.31609,0.0,1.0000,-29.1920,0.4741,-7.3846,176.970,ppo_car_spread_a_deterministic
28.7005,-0.08961,0.0000,0.0001,0.02725,0.02726,0.16833,0.0,1.0000,-29.1919,0.4741,-7.3851,176.970,ppo_car_spread_a_deterministic
28.7205,-0.08961,0.0000,0.0001,0.02872,0.02873,0.32033,0.0,1.0000,-29.1919,0.4741,-7.3857,176.973,ppo_car_spread_a_deterministic
28.7405,-0.08954,0.0000,0.0037,0.02341,0.02341,0.30710,0.0,1.0000,-29.1919,0.4741,-7.3861,176.970,ppo_car_spread_a_deterministic
28.7605,-0.08954,0.0000,0.0037,0.02434,0.02434,0.26282,-0.8,1.0000,-29.1918,0.4741,-7.3866,176.971,ppo_car_spread_a_deterministic
28.7805,-0.08954,0.0000,0.0037,0.02496,0.02497,0.31367,-0.8,1.0000,-29.1918,0.4741,-7.3871,176.972,ppo_car_spread_a_deterministic
28.8005,-0.08954,0.0000,0.0037,0.02484,0.02485,0.27424,-0.8,1.0000,-29.1918,0.4741,-7.3876,176.973,ppo_car_spread_a_deterministic
28.8205,-0.08971,0.0000,0.0017,0.02888,0.02889,0.31210,-0.8,1.0000,-29.1917,0.4741,-7.3882,176.976,ppo_car_spread_a_deterministic
28.8405,-0.08971,0.0000,0.0017,0.01563,0.01564,0.39519,-0.3,1.0000,-29.1917,0.4741,-7.3885,176.977,ppo_car_spread_a_deterministic
28.8605,-0.08971,0.0000,0.0017,0.01996,0.01996,0.33086,-0.3,1.0000,-29.1917,0.4741,-7.3889,176.976,ppo_car_spread_a_deterministic
28.8805,-0.08971,0.0000,0.0017,0.02178,0.02179,0.33868,-0.3,1.0000,-29.1916,0.4741,-7.3893,176.974,ppo_car_spread_a_deterministic
28.9005,-0.08993,0.0034,0.0000,0.02332,0.02332,0.32201,-0.3,1.0000,-29.1916,0.4741,-7.3898,176.971,ppo_car_spread_a_deterministic
28.9205,-0.08993,0.0034,0.0000,0.01823,0.01824,0.28122,1.8,1.0000,-29.1916,0.4741,-7.3902,176.971,ppo_car_spread_a_deterministic
28.9405,-0.08993,0.0034,0.0000,0.02956,0.02956,0.31287,1.8,1.0000,-29.1915,0.4741,-7.3907,176.971,ppo_car_spread_a_deterministic
28.9605,-0.08993,0.0034,0.0000,0.02214,0.02215,0.31922,1.8,1.0000,-29.1915,0.4741,-7.3912,176.972,ppo_car_spread_a_deterministic
28.9805,-0.08933,0.0000,0.0056,0.02647,0.02648,0.30323,1.8,1.0000,-29.1915,0.4741,-7.3917,176.969,ppo_car_spread_a_deterministic
29.0005,-0.08933,0.0000,0.0056,0.02118,0.02119,0.38197,-1.2,1.0000,-29.1914,0.4741,-7.3921,176.971,ppo_car_spread_a_deterministic
29.0205,-0.08933,0.0000,0.0056,0.02619,0.02620,0.39115,-1.2,1.0000,-29.1914,0.4741,-7.3927,176.974,ppo_car_spread_a_deterministic
29.0405,-0.08933,0.0000,0.0056,0.02492,0.02492,0.16685,-1.2,1.0000,-29.1913,0.4741,-7.3932,176.972,ppo_car_spread_a_deterministic
29.0605,-0.08971,0.0000,0.0039,0.02000,0.02001,0.37531,-1.2,1.0000,-29.1913,0.4741,-7.3936,176.972,ppo_car_spread_a_deterministic
29.0805,-0.08971,0.0000,0.0039,0.02045,0.02045,0.27148,-0.8,1.0000,-29.1913,0.4741,-7.3940,176.973,ppo_car_spread_a_deterministic
29.1005,-0.08971,0.0000,0.0039,0.02164,0.02164,0.28387,-0.8,1.0000,-29.1913,0.4741,-7.3944,176.970,ppo_car_spread_a_deterministic
29.1205,-0.08971,0.0000,0.0039,0.02146,0.02146,0.38609,-0.8,1.0000,-29.1912,0.4741,-7.3948,176.967,ppo_car_spread_a_deterministic
29.1405,-0.08973,0.0024,0.0000,0.01672,0.01672,0.38912,-0.8,1.0000,-29.1912,0.4741,-7.3952,176.964,ppo_car_spread_a_deterministic
29.1605,-0.08973,0.0024,0.0000,0.01778,0.01779,0.32615,1.3,1.0000,-29.1912,0.4741,-7.3955,176.966,ppo_car_spread_a_deterministic
29.1805,-0.08973,0.0024,0.0000,0.01990,0.01991,0.34235,1.3,1.0000,-29.1912,0.4741,-7.3959,176.968,ppo_car_spread_a_deterministic
29.2005,-0.08973,0.0024,0.0000,0.02515,0.02515,0.20520,1.3,1.0000,-29.1911,0.4741,-7.3964,176.967,ppo_car_spread_a_deterministic
29.2205,-0.09001,0.0025,0.0000,0.02677,0.02677,0.32139,1.3,1.0000,-29.1911,0.4741,-7.3969,176.968,ppo_car_spread_a_deterministic
29.2405,-0.09001,0.0025,0.0000,0.03087,0.03088,0.31869,1.3,1.0000,-29.1910,0.4741,-7.3976,176.966,ppo_car_spread_a_deterministic
29.2605,-0.09001,0.0025,0.0000,0.02232,0.02233,0.34294,1.3,1.0000,-29.1910,0.4741,-7.3980,176.968,ppo_car_spread_a_deterministic
29.2805,-0.09001,0.0025,0.0000,0.03199,0.03200,0.31866,1.3,1.0000,-29.1910,0.4741,-7.3987,176.968,ppo_car_spread_a_deterministic
29.3005,-0.08987,0.0003,0.0000,0.03163,0.03163,0.29581,1.3,1.0000,-29.1909,0.4741,-7.3993,176.970,ppo_car_spread_a_deterministic
29.3205,-0.08987,0.0003,0.0000,0.02854,0.02854,0.25717,0.2,1.0000,-29.1909,0.4741,-7.3999,176.970,ppo_car_spread_a_deterministic
29.3405,-0.08987,0.0003,0.0000,0.02495,0.02495,0.36301,0.2,1.0000,-29.1908,0.4741,-7.4004,176.976,ppo_car_spread_a_deterministic
29.3605,-0.08987,0.0003,0.0000,0.02198,0.02199,0.30342,0.2,1.0000,-29.1908,0.4741,-7.4008,176.977,ppo_car_spread_a_deterministic
29.3805,-0.08999,0.0000,0.0037,0.02994,0.02994,0.29780,0.2,1.0000,-29.1908,0.4741,-7.4014,176.975,ppo_car_spread_a_deterministic
29.4005,-0.08999,0.0000,0.0037,0.02751,0.02752,0.17926,-0.8,1.0000,-29.1907,0.4741,-7.4020,176.973,ppo_car_spread_a_deterministic
29.4205,-0.08999,0.0000,0.0037,0.02429,0.02430,0.21323,-0.8,1.0000,-29.1907,0.4741,-7.4024,176.972,ppo_car_spread_a_deterministic
29.4405,-0.08999,0.0000,0.0037,0.02759,0.02759,0.21013,-0.8,1.0000,-29.1906,0.4741,-7.4030,176.970,ppo_car_spread_a_deterministic
29.4605,-0.08963,0.0000,0.0005,0.02563,0.02563,0.10825,-0.8,1.0000,-29.1906,0.4741,-7.4035,176.969,ppo_car_spread_a_deterministic
29.4805,-0.08963,0.0000,0.0005,0.02545,0.02545,0.38327,-0.1,1.0000,-29.1906,0.4741,-7.4040,176.971,ppo_car_spread_a_deterministic
29.5005,-0.08963,0.0000,0.0005,0.02562,0.02562,0.27962,-0.1,1.0000,-29.1905,0.4741,-7.4045,176.970,ppo_car_spread_a_deterministic
29.5205,-0.08963,0.0000,0.0005,0.02396,0.02396,0.38714,-0.1,1.0000,-29.1905,0.4741,-7.4050,176.969,ppo_car_spread_a_deterministic
29.5405,-0.08950,0.0000,0.0017,0.02047,0.02048,0.36540,-0.1,1.0000,-29.1905,0.4741,-7.4054,176.969,ppo_car_spread_a_deterministic
29.5605,-0.08950,0.0000,0.0017,0.02545,0.02545,0.33394,-0.4,1.0000,-29.1904,0.4741,-7.4059,176.974,ppo_car_spread_a_deterministic
29.5805,-0.08950,0.0000,0.0017,0.01729,0.01730,0.38070,-0.4,1.0000,-29.1904,0.4741,-7.4062,176.976,ppo_car_spread_a_deterministic
29.6005,-0.08950,0.0000,0.0017,0.02964,0.02965,0.27725,-0.4,1.0000,-29.1904,0.4741,-7.4068,176.976,ppo_car_spread_a_deterministic
29.6205,-0.09013,0.0048,0.0000,0.02371,0.02372,0.37483,-0.4,1.0000,-29.1903,0.4741,-7.4073,176.976,ppo_car_spread_a_deterministic
29.6405,-0.09013,0.0048,0.0000,0.01798,0.01798,0.37298,2.5,1.0000,-29.1903,0.4741,-7.4076,176.976,ppo_car_spread_a_deterministic
29.6605,-0.09013,0.0048,0.0000,0.02434,0.02434,0.11149,2.5,1.0000,-29.1903,0.4741,-7.4081,176.976,ppo_car_spread_a_deterministic
29.6805,-0.09013,0.0048,0.0000,0.02952,0.02952,0.32042,2.5,1.0000,-29.1902,0.4741,-7.4087,176.979,ppo_car_spread_a_deterministic
29.7005,-0.08968,0.0000,0.0007,0.03080,0.03080,0.30713,2.5,1.0000,-29.1902,0.4741,-7.4093,176.980,ppo_car_spread_a_deterministic
29.7205,-0.08968,0.0000,0.0007,0.02619,0.02619,0.31652,-0.1,1.0000,-29.1901,0.4741,-7.4099,176.980,ppo_car_spread_a_deterministic
29.7405,-0.08968,0.0000,0.0007,0.02530,0.02530,0.36423,-0.1,1.0000,-29.1901,0.4741,-7.4104,176.977,ppo_car_spread_a_deterministic
29.7605,-0.08968,0.0000,0.0007,0.03356,0.03356,0.31595,-0.1,1.0000,-29.1901,0.4741,-7.4111,176.978,ppo_car_spread_a_deterministic
29.7805,-0.08951,0.0000,0.0008,0.02881,0.02881,0.17247,-0.1,1.0000,-29.1900,0.4741,-7.4116,176.979,ppo_car_spread_a_deterministic
29.8005,-0.08951,0.0000,0.0008,0.03154,0.03155,0.32614,-0.2,1.0000,-29.1900,0.4741,-7.4123,176.978,ppo_car_spread_a_deterministic
29.8205,-0.08951,0.0000,0.0008,0.02379,0.02380,0.39953,-0.2,1.0000,-29.1899,0.4741,-7.4127,176.979,ppo_car_spread_a_deterministic
29.8405,-0.08951,0.0000,0.0008,0.03021,0.03021,0.30838,-0.2,1.0000,-29.1899,0.4741,-7.4133,176.978,ppo_car_spread_a_deterministic
29.8605,-0.08972,0.0000,0.0008,0.03089,0.03090,0.25258,-0.2,1.0000,-29.1899,0.4741,-7.4140,176.976,ppo_car_spread_a_deterministic
29.8805,-0.08972,0.0000,0.0008,0.02486,0.02487,0.23863,-0.2,1.0000,-29.1898,0.4741,-7.4145,176.975,ppo_car_spread_a_deterministic
29.9005,-0.08972,0.0000,0.0008,0.03133,0.03133,0.20532,-0.2,1.0000,-29.1898,0.4741,-7.4151,176.975,ppo_car_spread_a_deterministic
29.9205,-0.08972,0.0000,0.0008,0.02237,0.02237,0.39559,-0.2,1.0000,-29.1897,0.4741,-7.4155,176.974,ppo_car_spread_a_deterministic
29.9405,-0.08927,0.0000,0.0073,0.02270,0.02271,0.30702,-0.2,1.0000,-29.1897,0.4741,-7.4160,176.974,ppo_car_spread_a_deterministic
29.9605,-0.08927,0.0000,0.0073,0.02456,0.02456,0.38741,-1.5,1.0000,-29.1897,0.4741,-7.4165,176.972,ppo_car_spread_a_deterministic
29.9805,-0.08927,0.0000,0.0073,0.02425,0.02426,0.39159,-1.5,1.0000,-29.1896,0.4741,-7.4169,176.972,ppo_car_spread_a_deterministic
30.0005,-0.08927,0.0000,0.0073,0.02449,0.02450,0.39865,-1.5,1.0000,-29.1896,0.4741,-7.4174,176.969,ppo_car_spread_a_deterministic
30.0205,-0.08969,0.0000,0.0010,0.02864,0.02865,0.31144,-1.5,1.0000,-29.1896,0.4741,-7.4180,176.970,ppo_car_spread_a_deterministic
30.0405,-0.08969,0.0000,0.0010,0.02352,0.02353,0.32285,-0.2,1.0000,-29.1895,0.4741,-7.4185,176.967,ppo_car_spread_a_deterministic
30.0605,-0.08969,0.0000,0.0010,0.02469,0.02469,0.14111,-0.2,1.0000,-29.1895,0.4741,-7.4190,176.964,ppo_car_spread_a_deterministic
30.0805,-0.08969,0.0000,0.0010,0.02422,0.02422,0.08117,-0.2,1.0000,-29.1895,0.4741,-7.4194,176.964,ppo_car_spread_a_deterministic
30.1005,-0.08954,0.0000,0.0002,0.02203,0.02204,0.17178,-0.2,1.0000,-29.1894,0.4741,-7.4199,176.963,ppo_car_spread_a_deterministic
30.1205,-0.08954,0.0000,0.0002,0.01720,0.01720,0.38740,-0.1,1.0000,-29.1894,0.4741,-7.4202,176.965,ppo_car_spread_a_deterministic
30.1405,-0.08954,0.0000,0.0002,0.02423,0.02423,0.19820,-0.1,1.0000,-29.1894,0.4741,-7.4207,176.965,ppo_car_spread_a_deterministic
30.1605,-0.08954,0.0000,0.0002,0.02323,0.02324,0.33345,-0.1,1.0000,-29.1893,0.4741,-7.4212,176.961,ppo_car_spread_a_deterministic
30.1805,-0.08968,0.0000,0.0008,0.02514,0.02514,0.23768,-0.1,1.0000,-29.1893,0.4741,-7.4217,176.958,ppo_car_spread_a_deterministic
30.2005,-0.08968,0.0000,0.0008,0.03054,0.03054,0.31905,-0.2,1.0000,-29.1892,0.4741,-7.4223,176.954,ppo_car_spread_a_deterministic
30.2205,-0.08968,0.0000,0.0008,0.02791,0.02792,0.19344,-0.2,1.0000,-29.1892,0.4741,-7.4228,176.953,ppo_car_spread_a_deterministic
30.2405,-0.08968,0.0000,0.0008,0.02840,0.02840,0.31905,-0.2,1.0000,-29.1892,0.4741,-7.4234,176.954,ppo_car_spread_a_deterministic
30.2605,-0.08938,0.0000,0.0038,0.02567,0.02567,0.10989,-0.2,1.0000,-29.1891,0.4741,-7.4239,176.953,ppo_car_spread_a_deterministic
30.2805,-0.08938,0.0000,0.0038,0.02526,0.02526,0.09273,-0.8,1.0000,-29.1891,0.4741,-7.4244,176.953,ppo_car_spread_a_deterministic
30.3005,-0.08938,0.0000,0.0038,0.02960,0.02960,0.26495,-0.8,1.0000,-29.1890,0.4741,-7.4250,176.953,ppo_car_spread_a_deterministic
30.3205,-0.08938,0.0000,0.0038,0.02545,0.02546,0.23629,-0.8,1.0000,-29.1890,0.4741,-7.4255,176.951,ppo_car_spread_a_deterministic
30.3405,-0.08934,0.0000,0.0058,0.02941,0.02942,0.23315,-0.8,1.0000,-29.1890,0.4741,-7.4261,176.951,ppo_car_spread_a_deterministic
30.3605,-0.08934,0.0000,0.0058,0.02675,0.02675,0.27248,-1.2,1.0000,-29.1889,0.4741,-7.4267,176.952,ppo_car_spread_a_deterministic
30.3805,-0.08934,0.0000,0.0058,0.02010,0.02010,0.32290,-1.2,1.0000,-29.1889,0.4741,-7.4270,176.955,ppo_car_spread_a_deterministic
30.4005,-0.08934,0.0000,0.0058,0.02047,0.02047,0.39274,-1.2,1.0000,-29.1889,0.4741,-7.4275,176.950,ppo_car_spread_a_deterministic
30.4205,-0.09000,0.0018,0.0000,0.02641,0.02641,0.29897,-1.2,1.0000,-29.1888,0.4741,-7.4280,176.950,ppo_car_spread_a_deterministic
30.4405,-0.09000,0.0018,0.0000,0.02628,0.02628,0.29969,1.0,1.0000,-29.1888,0.4741,-7.4285,176.953,ppo_car_spread_a_deterministic
30.4605,-0.09000,0.0018,0.0000,0.02515,0.02515,0.32797,1.0,1.0000,-29.1888,0.4741,-7.4290,176.952,ppo_car_spread_a_deterministic
30.4805,-0.09000,0.0018,0.0000,0.02497,0.02498,0.25736,1.0,1.0000,-29.1887,0.4741,-7.4295,176.952,ppo_car_spread_a_deterministic
30.5005,-0.08959,0.0000,0.0011,0.02373,0.02374,0.18314,1.0,1.0000,-29.1887,0.4741,-7.4300,176.953,ppo_car_spread_a_deterministic
30.5205,-0.08959,0.0000,0.0011,0.02326,0.02327,0.22250,-0.2,1.0000,-29.1887,0.4741,-7.4304,176.955,ppo_car_spread_a_deterministic
30.5405,-0.08959,0.0000,0.0011,0.03023,0.03024,0.26045,-0.2,1.0000,-29.1886,0.4741,-7.4310,176.955,ppo_car_spread_a_deterministic
30.5605,-0.08959,0.0000,0.0011,0.02143,0.02143,0.35419,-0.2,1.0000,-29.1886,0.4741,-7.4315,176.957,ppo_car_spread_a_deterministic
30.5805,-0.08933,0.0000,0.0066,0.02933,0.02933,0.31724,-0.2,1.0000,-29.1885,0.4741,-7.4321,176.957,ppo_car_spread_a_deterministic
30.6005,-0.08933,0.0000,0.0066,0.02207,0.02207,0.24864,-1.4,1.0000,-29.1885,0.4741,-7.4325,176.954,ppo_car_spread_a_deterministic
30.6205,-0.08933,0.0000,0.0066,0.02292,0.02293,0.17122,-1.4,1.0000,-29.1885,0.4741,-7.4330,176.952,ppo_car_spread_a_deterministic
30.6405,-0.08933,0.0000,0.0066,0.01859,0.01859,0.39574,-1.4,1.0000,-29.1884,0.4741,-7.4333,176.948,ppo_car_spread_a_deterministic
30.6605,-0.08966,0.0009,0.0000,0.02076,0.02076,0.28597,-1.4,1.0000,-29.1884,0.4741,-7.4337,176.946,ppo_car_spread_a_deterministic
30.6805,-0.08966,0.0009,0.0000,0.02132,0.02132,0.17400,0.5,1.0000,-29.1884,0.4741,-7.4342,176.947,ppo_car_spread_a_deterministic
30.7005,-0.08966,0.0009,0.0000,0.02223,0.02223,0.23372,0.5,1.0000,-29.1884,0.4741,-7.4346,176.946,ppo_car_spread_a_deterministic
30.7205,-0.08966,0.0009,0.0000,0.02424,0.02424,0.29300,0.5,1.0000,-29.1883,0.4741,-7.4351,176.950,ppo_car_spread_a_deterministic
30.7405,-0.08972,0.0014,0.0000,0.01972,0.01972,0.17464,0.5,1.0000,-29.1883,0.4741,-7.4355,176.950,ppo_car_spread_a_deterministic
30.7605,-0.08972,0.0014,0.0000,0.02161,0.02162,0.23136,0.7,1.0000,-29.1883,0.4741,-7.4359,176.947,ppo_car_spread_a_deterministic
30.7805,-0.08972,0.0014,0.0000,0.02115,0.02115,0.20241,0.7,1.0000,-29.1882,0.4741,-7.4363,176.949,ppo_car_spread_a_deterministic
30.8005,-0.08972,0.0014,0.0000,0.02329,0.02329,0.30625,0.7,1.0000,-29.1882,0.4741,-7.4368,176.946,ppo_car_spread_a_deterministic
30.8205,-0.08989,0.0015,0.0000,0.02540,0.02540,0.27431,0.7,1.0000,-29.1881,0.4741,-7.4373,176.945,ppo_car_spread_a_deterministic
30.8405,-0.08989,0.0015,0.0000,0.02608,0.02609,0.22646,0.8,1.0000,-29.1881,0.4741,-7.4378,176.944,ppo_car_spread_a_deterministic
30.8605,-0.08989,0.0015,0.0000,0.02662,0.02662,0.27262,0.8,1.0000,-29.1881,0.4741,-7.4384,176.943,ppo_car_spread_a_deterministic
30.8805,-0.08989,0.0015,0.0000,0.02057,0.02057,0.33039,0.8,1.0000,-29.1880,0.4741,-7.4388,176.947,ppo_car_spread_a_deterministic
30.9005,-0.08957,0.0000,0.0030,0.02589,0.02589,0.30548,0.8,1.0000,-29.1880,0.4741,-7.4393,176.947,ppo_car_spread_a_deterministic
30.9205,-0.08957,0.0000,0.0030,0.02759,0.02760,0.31701,-0.6,1.0000,-29.1880,0.4741,-7.4398,176.944,ppo_car_spread_a_deterministic
30.9405,-0.08957,0.0000,0.0030,0.02137,0.02138,0.38869,-0.6,1.0000,-29.1879,0.4741,-7.4403,176.946,ppo_car_spread_a_deterministic
30.9605,-0.08957,0.0000,0.0030,0.02684,0.02685,0.10100,-0.6,1.0000,-29.1879,0.4741,-7.4408,176.945,ppo_car_spread_a_deterministic
30.9805,-0.08991,0.0010,0.0000,0.02344,0.02345,0.18079,-0.6,1.0000,-29.1879,0.4741,-7.4413,176.946,ppo_car_spread_a_deterministic
31.0005,-0.08991,0.0010,0.0000,0.02099,0.02099,0.17902,0.5,1.0000,-29.1878,0.4741,-7.4417,176.946,ppo_car_spread_a_deterministic
31.0205,-0.08991,0.0010,0.0000,0.02282,0.02282,0.26691,0.5,1.0000,-29.1878,0.4741,-7.4421,176.947,ppo_car_spread_a_deterministic
31.0405,-0.08991,0.0010,0.0000,0.02500,0.02501,0.20483,0.5,1.0000,-29.1878,0.4741,-7.4426,176.948,ppo_car_spread_a_deterministic
31.0605,-0.08977,0.0001,0.0000,0.01875,0.01875,0.38543,0.5,1.0000,-29.1877,0.4741,-7.4430,176.948,ppo_car_spread_a_deterministic
31.0805,-0.08977,0.0001,0.0000,0.01925,0.01926,0.32378,0.1,1.0000,-29.1877,0.4741,-7.4434,176.950,ppo_car_spread_a_deterministic
31.1005,-0.08977,0.0001,0.0000,0.02317,0.02318,0.38660,0.1,1.0000,-29.1877,0.4741,-7.4439,176.948,ppo_car_spread_a_deterministic
31.1205,-0.08977,0.0001,0.0000,0.02217,0.02217,0.26181,0.1,1.0000,-29.1876,0.4741,-7.4443,176.945,ppo_car_spread_a_deterministic
31.1405,-0.08968,0.0009,0.0000,0.02470,0.02471,0.22961,0.1,1.0000,-29.1876,0.4741,-7.4448,176.945,ppo_car_spread_a_deterministic
31.1605,-0.08968,0.0009,0.0000,0.02899,0.02899,0.26080,0.5,1.0000,-29.1876,0.4741,-7.4454,176.945,ppo_car_spread_a_deterministic
31.1805,-0.08968,0.0009,0.0000,0.02349,0.02349,0.39585,0.5,1.0000,-29.1875,0.4741,-7.4458,176.942,ppo_car_spread_a_deterministic
31.2005,-0.08968,0.0009,0.0000,0.02602,0.02603,0.22536,0.5,1.0000,-29.1875,0.4741,-7.4464,176.940,ppo_car_spread_a_deterministic
31.2205,-0.08956,0.0010,0.0000,0.02181,0.02181,0.25560,0.5,1.0000,-29.1875,0.4741,-7.4468,176.943,ppo_car_spread_a_deterministic
31.2405,-0.08956,0.0010,0.0000,0.02388,0.02388,0.37323,0.5,1.0000,-29.1874,0.4741,-7.4473,176.939,ppo_car_spread_a_deterministic
31.2605,-0.08956,0.0010,0.0000,0.02399,0.02399,0.30395,0.5,1.0000,-29.1874,0.4741,-7.4478,176.935,ppo_car_spread_a_deterministic
31.2805,-0.08956,0.0010,0.0000,0.02818,0.02818,0.32634,0.5,1.0000,-29.1874,0.4741,-7.4483,176.930,ppo_car_spread_a_deterministic
31.3005,-0.08955,0.0006,0.0000,0.03030,0.03030,0.30662,0.5,1.0000,-29.1873,0.4741,-7.4489,176.930,ppo_car_spread_a_deterministic
31.3205,-0.08955,0.0006,0.0000,0.01896,0.01897,0.39586,0.3,1.0000,-29.1873,0.4741,-7.4493,176.932,ppo_car_spread_a_deterministic
31.3405,-0.08955,0.0006,0.0000,0.02270,0.02271,0.35594,0.3,1.0000,-29.1872,0.4741,-7.4498,176.931,ppo_car_spread_a_deterministic
31.3605,-0.08955,0.0006,0.0000,0.01966,0.01967,0.31213,0.3,1.0000,-29.1872,0.4741,-7.4501,176.933,ppo_car_spread_a_deterministic
31.3805,-0.08977,0.0007,0.0000,0.02662,0.02662,0.24260,0.3,1.0000,-29.1872,0.4741,-7.4507,176.932,ppo_car_spread_a_deterministic
31.4005,-0.08977,0.0007,0.0000,0.02742,0.02743,0.29751,0.4,1.0000,-29.1871,0.4741,-7.4512,176.931,ppo_car_spread_a_deterministic
31.4205,-0.08977,0.0007,0.0000,0.02706,0.02707,0.10238,0.4,1.0000,-29.1871,0.4741,-7.4518,176.929,ppo_car_spread_a_deterministic
31.4405,-0.08977,0.0007,0.0000,0.02363,0.02363,0.31904,0.4,1.0000,-29.1871,0.4741,-7.4522,176.924,ppo_car_spread_a_deterministic
31.4605,-0.08942,0.0000,0.0027,0.02869,0.02870,0.24816,0.4,1.0000,-29.1870,0.4741,-7.4528,176.924,ppo_car_spread_a_deterministic
31.4805,-0.08942,0.0000,0.0027,0.02775,0.02776,0.23888,-0.6,1.0000,-29.1870,0.4741,-7.4534,176.925,ppo_car_spread_a_deterministic
31.5005,-0.08942,0.0000,0.0027,0.02214,0.02214,0.21389,-0.6,1.0000,-29.1869,0.4741,-7.4538,176.923,ppo_car_spread_a_deterministic
31.5205,-0.08942,0.0000,0.0027,0.02344,0.02344,0.36631,-0.6,1.0000,-29.1869,0.4741,-7.4543,176.921,ppo_car_spread_a_deterministic
31.5405,-0.08965,0.0017,0.0000,0.02124,0.02124,0.35985,-0.6,1.0000,-29.1869,0.4741,-7.4547,176.922,ppo_car_spread_a_deterministic
31.5605,-0.08965,0.0017,0.0000,0.02223,0.02223,0.19207,0.9,1.0000,-29.1868,0.4741,-7.4551,176.923,ppo_car_spread_a_deterministic
31.5805,-0.08965,0.0017,0.0000,0.02954,0.02954,0.31123,0.9,1.0000,-29.1868,0.4741,-7.4557,176.921,ppo_car_spread_a_deterministic
31.6005,-0.08965,0.0017,0.0000,0.02823,0.02824,0.29560,0.9,1.0000,-29.1868,0.4741,-7.4563,176.917,ppo_car_spread_a_deterministic
31.6205,-0.08926,0.0000,0.0052,0.02361,0.02362,0.38427,0.9,1.0000,-29.1867,0.4741,-7.4568,176.917,ppo_car_spread_a_deterministic
31.6405,-0.08926,0.0000,0.0052,0.01996,0.01996,0.38074,-1.1,1.0000,-29.1867,0.4741,-7.4571,176.917,ppo_car_spread_a_deterministic
31.6605,-0.08926,0.0000,0.0052,0.01954,0.01955,0.34352,-1.1,1.0000,-29.1867,0.4741,-7.4575,176.917,ppo_car_spread_a_deterministic
31.6805,-0.08926,0.0000,0.0052,0.02920,0.02920,0.25156,-1.1,1.0000,-29.1866,0.4741,-7.4581,176.917,ppo_car_spread_a_deterministic
31.7005,-0.08991,0.0035,0.0000,0.02511,0.02511,0.20518,-1.1,1.0000,-29.1866,0.4741,-7.4586,176.916,ppo_car_spread_a_deterministic
31.7205,-0.08991,0.0035,0.0000,0.02638,0.02639,0.20080,1.8,1.0000,-29.1865,0.4741,-7.4592,176.916,ppo_car_spread_a_deterministic
31.7405,-0.08991,0.0035,0.0000,0.01932,0.01932,0.31106,1.8,1.0000,-29.1865,0.4741,-7.4595,176.915,ppo_car_spread_a_deterministic
31.7605,-0.08991,0.0035,0.0000,0.02218,0.02218,0.17521,1.8,1.0000,-29.1865,0.4741,-7.4600,176.914,ppo_car_spread_a_deterministic
31.7805,-0.08993,0.0040,0.0000,0.02329,0.02329,0.37507,1.8,1.0000,-29.1865,0.4741,-7.4604,176.914,ppo_car_spread_a_deterministic
31.8005,-0.08993,0.0040,0.0000,0.02665,0.02665,0.25844,2.1,1.0000,-29.1864,0.4741,-7.4610,176.910,ppo_car_spread_a_deterministic
31.8205,-0.08993,0.0040,0.0000,0.02746,0.02746,0.29193,2.1,1.0000,-29.1864,0.4741,-7.4615,176.908,ppo_car_spread_a_deterministic
31.8405,-0.08993,0.0040,0.0000,0.02605,0.02605,0.38346,2.1,1.0000,-29.1863,0.4741,-7.4620,176.907,ppo_car_spread_a_deterministic
31.8605,-0.08945,0.0000,0.0030,0.02684,0.02685,0.39423,2.1,1.0000,-29.1863,0.4741,-7.4626,176.911,ppo_car_spread_a_deterministic
31.8805,-0.08945,0.0000,0.0030,0.01758,0.01758,0.38337,-0.6,1.0000,-29.1863,0.4741,-7.4629,176.912,ppo_car_spread_a_deterministic
31.9005,-0.08945,0.0000,0.0030,0.03239,0.03239,0.27928,-0.6,1.0000,-29.1862,0.4741,-7.4636,176.910,ppo_car_spread_a_deterministic
31.9205,-0.08945,0.0000,0.0030,0.02722,0.02722,0.23967,-0.6,1.0000,-29.1862,0.4741,-7.4641,176.911,ppo_car_spread_a_deterministic
31.9405,-0.08907,0.0000,0.0077,0.02877,0.02877,0.24160,-0.6,1.0000,-29.1861,0.4741,-7.4647,176.913,ppo_car_spread_a_deterministic
31.9605,-0.08907,0.0000,0.0077,0.02561,0.02561,0.27116,-1.6,1.0000,-29.1861,0.4741,-7.4652,176.914,ppo_car_spread_a_deterministic
31.9805,-0.08907,0.0000,0.0077,0.02537,0.02537,0.36535,-1.6,1.0000,-29.1861,0.4741,-7.4657,176.917,ppo_car_spread_a_deterministic
32.0005,-0.08907,0.0000,0.0077,0.02603,0.02603,0.25660,-1.6,1.0000,-29.1860,0.4741,-7.4662,176.915,ppo_car_spread_a_deterministic
32.0205,-0.08967,0.0000,0.0030,0.02481,0.02481,0.25757,-1.6,1.0000,-29.1860,0.4741,-7.4667,176.916,ppo_car_spread_a_deterministic
32.0405,-0.08967,0.0000,0.0030,0.02412,0.02413,0.17524,-0.6,1.0000,-29.1860,0.4741,-7.4672,176.914,ppo_car_spread_a_deterministic
32.0605,-0.08967,0.0000,0.0030,0.02713,0.02714,0.10775,-0.6,1.0000,-29.1859,0.4741,-7.4678,176.913,ppo_car_spread_a_deterministic
32.0805,-0.08967,0.0000,0.0030,0.02537,0.02538,0.22753,-0.6,1.0000,-29.1859,0.4741,-7.4683,176.911,ppo_car_spread_a_deterministic
32.1005,-0.08946,0.0000,0.0032,0.02579,0.02580,0.24569,-0.6,1.0000,-29.1858,0.4741,-7.4688,176.915,ppo_car_spread_a_deterministic
32.1205,-0.08946,0.0000,0.0032,0.02949,0.02950,0.23056,-0.7,1.0000,-29.1858,0.4741,-7.4694,176.913,ppo_car_spread_a_deterministic
32.1405,-0.08946,0.0000,0.0032,0.02587,0.02587,0.31453,-0.7,1.0000,-29.1858,0.4741,-7.4699,176.911,ppo_car_spread_a_deterministic
32.1606,-0.08946,0.0000,0.0032,0.02299,0.02299,0.39406,-0.7,1.0000,-29.1857,0.4741,-7.4703,176.909,ppo_car_spread_a_deterministic
32.1806,-0.08950,0.0000,0.0020,0.02423,0.02423,0.38043,-0.7,1.0000,-29.1857,0.4741,-7.4708,176.906,ppo_car_spread_a_deterministic
32.2006,-0.08950,0.0000,0.0020,0.02128,0.02129,0.36290,-0.4,1.0000,-29.1857,0.4741,-7.4712,176.907,ppo_car_spread_a_deterministic
32.2206,-0.08950,0.0000,0.0020,0.02628,0.02628,0.34139,-0.4,1.0000,-29.1856,0.4741,-7.4718,176.905,ppo_car_spread_a_deterministic
32.2406,-0.08950,0.0000,0.0020,0.02744,0.02745,0.29711,-0.4,1.0000,-29.1856,0.4741,-7.4723,176.905,ppo_car_spread_a_deterministic
32.2606,-0.08949,0.0000,0.0023,0.02299,0.02299,0.39697,-0.4,1.0000,-29.1856,0.4741,-7.4728,176.908,ppo_car_spread_a_deterministic
32.2806,-0.08949,0.0000,0.0023,0.02750,0.02751,0.21921,-0.5,1.0000,-29.1855,0.4741,-7.4733,176.908,ppo_car_spread_a_deterministic
32.3006,-0.08949,0.0000,0.0023,0.02797,0.02798,0.24673,-0.5,1.0000,-29.1855,0.4741,-7.4739,176.909,ppo_car_spread_a_deterministic
32.3206,-0.08949,0.0000,0.0023,0.02547,0.02547,0.26640,-0.5,1.0000,-29.1854,0.4741,-7.4744,176.910,ppo_car_spread_a_deterministic
32.3406,-0.08948,0.0000,0.0047,0.02054,0.02054,0.37854,-0.5,1.0000,-29.1854,0.4741,-7.4748,176.911,ppo_car_spread_a_deterministic
32.3606,-0.08948,0.0000,0.0047,0.02497,0.02498,0.26149,-1.0,1.0000,-29.1854,0.4741,-7.4753,176.911,ppo_car_spread_a_deterministic
32.3806,-0.08948,0.0000,0.0047,0.02613,0.02613,0.31590,-1.0,1.0000,-29.1853,0.4741,-7.4758,176.909,ppo_car_spread_a_deterministic
32.4006,-0.08948,0.0000,0.0047,0.02309,0.02309,0.15837,-1.0,1.0000,-29.1853,0.4741,-7.4763,176.910,ppo_car_spread_a_deterministic
32.4206,-0.08941,0.0000,0.0018,0.02499,0.02499,0.31681,-1.0,1.0000,-29.1853,0.4741,-7.4768,176.906,ppo_car_spread_a_deterministic
32.4406,-0.08941,0.0000,0.0018,0.02465,0.02466,0.36119,-0.4,1.0000,-29.1852,0.4741,-7.4773,176.907,ppo_car_spread_a_deterministic
32.4606,-0.08941,0.0000,0.0018,0.02431,0.02432,0.39145,-0.4,1.0000,-29.1852,0.4741,-7.4777,176.910,ppo_car_spread_a_deterministic
32.4806,-0.08941,0.0000,0.0018,0.02464,0.02465,0.32617,-0.4,1.0000,-29.1851,0.4741,-7.4782,176.910,ppo_car_spread_a_deterministic
32.5006,-0.08977,0.0000,0.0020,0.02133,0.02133,0.17266,-0.4,1.0000,-29.1851,0.4741,-7.4787,176.911,ppo_car_spread_a_deterministic
32.5206,-0.08977,0.0000,0.0020,0.02093,0.02094,0.25596,-0.4,1.0000,-29.1851,0.4741,-7.4791,176.908,ppo_car_spread_a_deterministic
32.5406,-0.08977,0.0000,0.0020,0.02717,0.02717,0.24416,-0.4,1.0000,-29.1850,0.4741,-7.4796,176.910,ppo_car_spread_a_deterministic
32.5606,-0.08977,0.0000,0.0020,0.01721,0.01721,0.38660,-0.4,1.0000,-29.1850,0.4741,-7.4800,176.906,ppo_car_spread_a_deterministic
32.5806,-0.08953,0.0000,0.0040,0.02315,0.02315,0.32746,-0.4,1.0000,-29.1850,0.4741,-7.4804,176.903,ppo_car_spread_a_deterministic
32.6006,-0.08953,0.0000,0.0040,0.02283,0.02283,0.24273,-0.8,1.0000,-29.1849,0.4741,-7.4809,176.900,ppo_car_spread_a_deterministic
32.6206,-0.08953,0.0000,0.0040,0.01793,0.01794,0.25699,-0.8,1.0000,-29.1849,0.4741,-7.4812,176.899,ppo_car_spread_a_deterministic
32.6406,-0.08953,0.0000,0.0040,0.02226,0.02226,0.14491,-0.8,1.0000,-29.1849,0.4741,-7.4817,176.899,ppo_car_spread_a_deterministic
32.6606,-0.09001,0.0050,0.0000,0.01977,0.01977,0.29754,-0.8,1.0000,-29.1849,0.4741,-7.4821,176.898,ppo_car_spread_a_deterministic
32.6806,-0.09001,0.0050,0.0000,0.02342,0.02342,0.15357,2.6,1.0000,-29.1848,0.4741,-7.4825,176.896,ppo_car_spread_a_deterministic
32.7006,-0.09001,0.0050,0.0000,0.02451,0.02451,0.35690,2.6,1.0000,-29.1848,0.4741,-7.4830,176.893,ppo_car_spread_a_deterministic
32.7206,-0.09001,0.0050,0.0000,0.02551,0.02551,0.32872,2.6,1.0000,-29.1848,0.4741,-7.4835,176.891,ppo_car_spread_a_deterministic
32.7406,-0.08953,0.0000,0.0001,0.03021,0.03022,0.25273,2.6,1.0000,-29.1847,0.4741,-7.4842,176.891,ppo_car_spread_a_deterministic
32.7606,-0.08953,0.0000,0.0001,0.02613,0.02614,0.25493,0.0,1.0000,-29.1847,0.4741,-7.4847,176.891,ppo_car_spread_a_deterministic
32.7806,-0.08953,0.0000,0.0001,0.02961,0.02961,0.29222,0.0,1.0000,-29.1846,0.4741,-7.4853,176.891,ppo_car_spread_a_deterministic
32.8006,-0.08953,0.0000,0.0001,0.02307,0.02307,0.31224,0.0,1.0000,-29.1846,0.4741,-7.4857,176.892,ppo_car_spread_a_deterministic
32.8206,-0.08929,0.0000,0.0056,0.02658,0.02659,0.30993,0.0,1.0000,-29.1846,0.4741,-7.4863,176.890,ppo_car_spread_a_deterministic
32.8406,-0.08929,0.0000,0.0056,0.02842,0.02842,0.32090,-1.2,1.0000,-29.1845,0.4741,-7.4868,176.888,ppo_car_spread_a_deterministic
32.8606,-0.08929,0.0000,0.0056,0.02262,0.02262,0.37230,-1.2,1.0000,-29.1845,0.4741,-7.4873,176.885,ppo_car_spread_a_deterministic
32.8806,-0.08929,0.0000,0.0056,0.02550,0.02550,0.33481,-1.2,1.0000,-29.1844,0.4741,-7.4878,176.889,ppo_car_spread_a_deterministic
32.9006,-0.08957,0.0016,0.0000,0.02749,0.02749,0.30928,-1.2,1.0000,-29.1844,0.4741,-7.4883,176.890,ppo_car_spread_a_deterministic
32.9206,-0.08957,0.0016,0.0000,0.01774,0.01775,0.33091,0.8,1.0000,-29.1844,0.4741,-7.4887,176.889,ppo_car_spread_a_deterministic
32.9406,-0.08957,0.0016,0.0000,0.02427,0.02427,0.34972,0.8,1.0000,-29.1843,0.4741,-7.4892,176.891,ppo_car_spread_a_deterministic
32.9606,-0.08957,0.0016,0.0000,0.02608,0.02609,0.17599,0.8,1.0000,-29.1843,0.4741,-7.4897,176.893,ppo_car_spread_a_deterministic
32.9806,-0.08981,0.0000,0.0018,0.02212,0.02212,0.20225,0.8,1.0000,-29.1843,0.4741,-7.4901,176.891,ppo_car_spread_a_deterministic
33.0006,-0.08981,0.0000,0.0018,0.02417,0.02417,0.29287,-0.4,1.0000,-29.1842,0.4741,-7.4906,176.893,ppo_car_spread_a_deterministic
33.0206,-0.08981,0.0000,0.0018,0.02482,0.02482,0.23555,-0.4,1.0000,-29.1842,0.4741,-7.4911,176.893,ppo_car_spread_a_deterministic
33.0406,-0.08981,0.0000,0.0018,0.02947,0.02948,0.31891,-0.4,1.0000,-29.1842,0.4741,-7.4917,176.892,ppo_car_spread_a_deterministic
33.0606,-0.08958,0.0000,0.0014,0.02435,0.02436,0.36853,-0.4,1.0000,-29.1841,0.4741,-7.4922,176.887,ppo_car_spread_a_deterministic
33.0806,-0.08958,0.0000,0.0014,0.02665,0.02666,0.31605,-0.3,1.0000,-29.1841,0.4741,-7.4927,176.886,ppo_car_spread_a_deterministic
33.1006,-0.08958,0.0000,0.0014,0.02062,0.02062,0.31357,-0.3,1.0000,-29.1841,0.4741,-7.4931,176.888,ppo_car_spread_a_deterministic
33.1206,-0.08958,0.0000,0.0014,0.01908,0.01908,0.37026,-0.3,1.0000,-29.1840,0.4741,-7.4935,176.891,ppo_car_spread_a_deterministic
33.1406,-0.08989,0.0018,0.0000,0.02494,0.02494,0.36508,-0.3,1.0000,-29.1840,0.4741,-7.4940,176.891,ppo_car_spread_a_deterministic
33.1606,-0.08989,0.0018,0.0000,0.02352,0.02353,0.28194,0.9,1.0000,-29.1839,0.4741,-7.4945,176.887,ppo_car_spread_a_deterministic
33.1806,-0.08989,0.0018,0.0000,0.02348,0.02348,0.30084,0.9,1.0000,-29.1839,0.4741,-7.4949,176.885,ppo_car_spread_a_deterministic
33.2006,-0.08989,0.0018,0.0000,0.02615,0.02616,0.17827,0.9,1.0000,-29.1839,0.4741,-7.4955,176.885,ppo_car_spread_a_deterministic
33.2206,-0.08957,0.0006,0.0000,0.02478,0.02479,0.17917,0.9,1.0000,-29.1838,0.4741,-7.4960,176.883,ppo_car_spread_a_deterministic
33.2406,-0.08957,0.0006,0.0000,0.02062,0.02062,0.27267,0.3,1.0000,-29.1838,0.4741,-7.4964,176.881,ppo_car_spread_a_deterministic
33.2606,-0.08957,0.0006,0.0000,0.02599,0.02600,0.36418,0.3,1.0000,-29.1838,0.4741,-7.4969,176.883,ppo_car_spread_a_deterministic
33.2806,-0.08957,0.0006,0.0000,0.02906,0.02907,0.31422,0.3,1.0000,-29.1837,0.4741,-7.4975,176.884,ppo_car_spread_a_deterministic
33.3006,-0.08960,0.0000,0.0032,0.02638,0.02639,0.18194,0.3,1.0000,-29.1837,0.4741,-7.4980,176.885,ppo_car_spread_a_deterministic
33.3206,-0.08960,0.0000,0.0032,0.02614,0.02614,0.10169,-0.7,1.0000,-29.1837,0.4741,-7.4985,176.885,ppo_car_spread_a_deterministic
33.3406,-0.08960,0.0000,0.0032,0.02479,0.02480,0.28551,-0.7,1.0000,-29.1836,0.4741,-7.4990,176.886,ppo_car_spread_a_deterministic
33.3606,-0.08960,0.0000,0.0032,0.02543,0.02544,0.24030,-0.7,1.0000,-29.1836,0.4741,-7.4995,176.886,ppo_car_spread_a_deterministic
33.3806,-0.08957,0.0000,0.0015,0.02306,0.02306,0.25505,-0.7,1.0000,-29.1835,0.4741,-7.5000,176.889,ppo_car_spread_a_deterministic
33.4006,-0.08957,0.0000,0.0015,0.02568,0.02568,0.15376,-0.3,1.0000,-29.1835,0.4741,-7.5005,176.887,ppo_car_spread_a_deterministic
33.4206,-0.08957,0.0000,0.0015,0.02511,0.02511,0.35535,-0.3,1.0000,-29.1835,0.4741,-7.5010,176.884,ppo_car_spread_a_deterministic
33.4406,-0.08957,0.0000,0.0015,0.02483,0.02483,0.24558,-0.3,1.0000,-29.1834,0.4741,-7.5015,176.884,ppo_car_spread_a_deterministic
33.4606,-0.08941,0.0000,0.0008,0.02471,0.02471,0.29858,-0.3,1.0000,-29.1834,0.4741,-7.5020,176.881,ppo_car_spread_a_deterministic
33.4806,-0.08941,0.0000,0.0008,0.02598,0.02599,0.25391,-0.2,1.0000,-29.1834,0.4741,-7.5025,176.882,ppo_car_spread_a_deterministic
33.5006,-0.08941,0.0000,0.0008,0.02537,0.02538,0.23671,-0.2,1.0000,-29.1833,0.4741,-7.5030,176.880,ppo_car_spread_a_deterministic
33.5206,-0.08941,0.0000,0.0008,0.02209,0.02209,0.26186,-0.2,1.0000,-29.1833,0.4741,-7.5034,176.879,ppo_car_spread_a_deterministic
33.5406,-0.08948,0.0000,0.0015,0.02048,0.02048,0.31575,-0.2,1.0000,-29.1833,0.4741,-7.5038,176.877,ppo_car_spread_a_deterministic
33.5606,-0.08948,0.0000,0.0015,0.02213,0.02213,0.21511,-0.3,1.0000,-29.1832,0.4741,-7.5043,176.876,ppo_car_spread_a_deterministic
33.5806,-0.08948,0.0000,0.0015,0.01846,0.01846,0.39753,-0.3,1.0000,-29.1832,0.4741,-7.5046,176.876,ppo_car_spread_a_deterministic
33.6006,-0.08948,0.0000,0.0015,0.02587,0.02588,0.23622,-0.3,1.0000,-29.1832,0.4741,-7.5052,176.875,ppo_car_spread_a_deterministic
33.6206,-0.08997,0.0045,0.0000,0.02485,0.02485,0.25154,-0.3,1.0000,-29.1831,0.4741,-7.5057,176.876,ppo_car_spread_a_deterministic
33.6406,-0.08997,0.0045,0.0000,0.02115,0.02115,0.17104,2.4,1.0000,-29.1831,0.4741,-7.5061,176.876,ppo_car_spread_a_deterministic
33.6606,-0.08997,0.0045,0.0000,0.02171,0.02172,0.26070,2.4,1.0000,-29.1831,0.4741,-7.5065,176.874,ppo_car_spread_a_deterministic
33.6806,-0.08997,0.0045,0.0000,0.02227,0.02227,0.32687,2.4,1.0000,-29.1830,0.4741,-7.5070,176.877,ppo_car_spread_a_deterministic
33.7006,-0.08980,0.0019,0.0000,0.02903,0.02903,0.27509,2.4,1.0000,-29.1830,0.4741,-7.5075,176.879,ppo_car_spread_a_deterministic
33.7206,-0.08980,0.0019,0.0000,0.02341,0.02341,0.28881,1.0,1.0000,-29.1830,0.4741,-7.5080,176.877,ppo_car_spread_a_deterministic
33.7406,-0.08980,0.0019,0.0000,0.02508,0.02508,0.08549,1.0,1.0000,-29.1829,0.4741,-7.5085,176.877,ppo_car_spread_a_deterministic
33.7606,-0.08980,0.0019,0.0000,0.01919,0.01920,0.38301,1.0,1.0000,-29.1829,0.4741,-7.5089,176.880,ppo_car_spread_a_deterministic
33.7806,-0.08963,0.0000,0.0017,0.03060,0.03061,0.34206,1.0,1.0000,-29.1828,0.4741,-7.5095,176.877,ppo_car_spread_a_deterministic
33.8006,-0.08963,0.0000,0.0017,0.03051,0.03052,0.30635,-0.4,1.0000,-29.1828,0.4741,-7.5101,176.876,ppo_car_spread_a_deterministic
33.8206,-0.08963,0.0000,0.0017,0.02594,0.02595,0.17969,-0.4,1.0000,-29.1828,0.4741,-7.5106,176.874,ppo_car_spread_a_deterministic
33.8406,-0.08963,0.0000,0.0017,0.02890,0.02891,0.35850,-0.4,1.0000,-29.1827,0.4741,-7.5112,176.876,ppo_car_spread_a_deterministic
33.8606,-0.08944,0.0000,0.0017,0.02564,0.02564,0.35213,-0.4,1.0000,-29.1827,0.4741,-7.5117,176.880,ppo_car_spread_a_deterministic
33.8806,-0.08944,0.0000,0.0017,0.02412,0.02412,0.33061,-0.4,1.0000,-29.1826,0.4741,-7.5122,176.879,ppo_car_spread_a_deterministic
33.9006,-0.08944,0.0000,0.0017,0.02696,0.02696,0.10319,-0.4,1.0000,-29.1826,0.4741,-7.5128,176.880,ppo_car_spread_a_deterministic
33.9206,-0.08944,0.0000,0.0017,0.02868,0.02868,0.28081,-0.4,1.0000,-29.1826,0.4741,-7.5133,176.881,ppo_car_spread_a_deterministic
33.9406,-0.08949,0.0000,0.0038,0.02239,0.02239,0.39907,-0.4,1.0000,-29.1825,0.4741,-7.5138,176.882,ppo_car_spread_a_deterministic
33.9606,-0.08949,0.0000,0.0038,0.02847,0.02847,0.22574,-0.8,1.0000,-29.1825,0.4741,-7.5143,176.880,ppo_car_spread_a_deterministic
33.9806,-0.08949,0.0000,0.0038,0.02418,0.02418,0.31882,-0.8,1.0000,-29.1825,0.4741,-7.5148,176.875,ppo_car_spread_a_deterministic
34.0006,-0.08949,0.0000,0.0038,0.02015,0.02015,0.37304,-0.8,1.0000,-29.1824,0.4741,-7.5152,176.876,ppo_car_spread_a_deterministic
34.0206,-0.08945,0.0007,0.0000,0.02626,0.02626,0.26976,-0.8,1.0000,-29.1824,0.4741,-7.5157,176.879,ppo_car_spread_a_deterministic
34.0406,-0.08945,0.0007,0.0000,0.02689,0.02690,0.31546,0.4,1.0000,-29.1823,0.4741,-7.5163,176.880,ppo_car_spread_a_deterministic
34.0606,-0.08945,0.0007,0.0000,0.02737,0.02737,0.29069,0.4,1.0000,-29.1823,0.4741,-7.5168,176.879,ppo_car_spread_a_deterministic
34.0806,-0.08945,0.0007,0.0000,0.02376,0.02376,0.39833,0.4,1.0000,-29.1823,0.4741,-7.5173,176.877,ppo_car_spread_a_deterministic
34.1006,-0.08937,0.0000,0.0035,0.02314,0.02314,0.33355,0.4,1.0000,-29.1822,0.4741,-7.5178,176.877,ppo_car_spread_a_deterministic
34.1206,-0.08937,0.0000,0.0035,0.02767,0.02767,0.16630,-0.7,1.0000,-29.1822,0.4741,-7.5183,176.875,ppo_car_spread_a_deterministic
34.1406,-0.08937,0.0000,0.0035,0.02713,0.02713,0.29168,-0.7,1.0000,-29.1822,0.4741,-7.5189,176.874,ppo_car_spread_a_deterministic
34.1606,-0.08937,0.0000,0.0035,0.02544,0.02545,0.11028,-0.7,1.0000,-29.1821,0.4741,-7.5194,176.873,ppo_car_spread_a_deterministic
34.1806,-0.08938,0.0000,0.0032,0.02553,0.02553,0.18522,-0.7,1.0000,-29.1821,0.4741,-7.5199,176.872,ppo_car_spread_a_deterministic
34.2006,-0.08938,0.0000,0.0032,0.02318,0.02318,0.35852,-0.7,1.0000,-29.1820,0.4741,-7.5203,176.871,ppo_car_spread_a_deterministic
34.2206,-0.08938,0.0000,0.0032,0.02089,0.02089,0.37914,-0.7,1.0000,-29.1820,0.4741,-7.5207,176.870,ppo_car_spread_a_deterministic
34.2406,-0.08938,0.0000,0.0032,0.02729,0.02730,0.23731,-0.7,1.0000,-29.1820,0.4741,-7.5213,176.867,ppo_car_spread_a_deterministic
34.2606,-0.08975,0.0025,0.0000,0.02045,0.02046,0.38748,-0.7,1.0000,-29.1819,0.4741,-7.5217,176.865,ppo_car_spread_a_deterministic
34.2806,-0.08975,0.0025,0.0000,0.02732,0.02732,0.11468,1.3,1.0000,-29.1819,0.4741,-7.5222,176.864,ppo_car_spread_a_deterministic
34.3006,-0.08975,0.0025,0.0000,0.02399,0.02400,0.16452,1.3,1.0000,-29.1819,0.4741,-7.5227,176.865,ppo_car_spread_a_deterministic
34.3206,-0.08975,0.0025,0.0000,0.02602,0.02603,0.31158,1.3,1.0000,-29.1818,0.4741,-7.5232,176.863,ppo_car_spread_a_deterministic
34.3406,-0.08969,0.0000,0.0010,0.02824,0.02824,0.31819,1.3,1.0000,-29.1818,0.4741,-7.5238,176.864,ppo_car_spread_a_deterministic
34.3606,-0.08969,0.0000,0.0010,0.02705,0.02705,0.37546,-0.2,1.0000,-29.1817,0.4741,-7.5243,176.861,ppo_car_spread_a_deterministic
34.3806,-0.08969,0.0000,0.0010,0.02513,0.02514,0.08725,-0.2,1.0000,-29.1817,0.4741,-7.5248,176.861,ppo_car_spread_a_deterministic
34.4006,-0.08969,0.0000,0.0010,0.02624,0.02624,0.31122,-0.2,1.0000,-29.1817,0.4741,-7.5254,176.859,ppo_car_spread_a_deterministic
34.4206,-0.08958,0.0000,0.0017,0.02562,0.02562,0.19864,-0.2,1.0000,-29.1816,0.4741,-7.5259,176.861,ppo_car_spread_a_deterministic
34.4406,-0.08958,0.0000,0.0017,0.02333,0.02334,0.30066,-0.3,1.0000,-29.1816,0.4741,-7.5263,176.863,ppo_car_spread_a_deterministic
34.4606,-0.08958,0.0000,0.0017,0.02642,0.02642,0.27148,-0.3,1.0000,-29.1816,0.4741,-7.5269,176.863,ppo_car_spread_a_deterministic
34.4806,-0.08958,0.0000,0.0017,0.02908,0.02909,0.23271,-0.3,1.0000,-29.1815,0.4741,-7.5275,176.860,ppo_car_spread_a_deterministic
34.5006,-0.08956,0.0000,0.0030,0.02433,0.02433,0.18842,-0.3,1.0000,-29.1815,0.4741,-7.5279,176.861,ppo_car_spread_a_deterministic
34.5206,-0.08956,0.0000,0.0030,0.01819,0.01820,0.35372,-0.6,1.0000,-29.1814,0.4741,-7.5283,176.860,ppo_car_spread_a_deterministic
34.5406,-0.08956,0.0000,0.0030,0.02634,0.02634,0.28567,-0.6,1.0000,-29.1814,0.4741,-7.5288,176.861,ppo_car_spread_a_deterministic
34.5606,-0.08956,0.0000,0.0030,0.02217,0.02217,0.18348,-0.6,1.0000,-29.1814,0.4741,-7.5293,176.861,ppo_car_spread_a_deterministic
34.5806,-0.08952,0.0000,0.0035,0.02169,0.02170,0.15373,-0.6,1.0000,-29.1813,0.4741,-7.5297,176.861,ppo_car_spread_a_deterministic
34.6006,-0.08952,0.0000,0.0035,0.02558,0.02558,0.10096,-0.7,1.0000,-29.1813,0.4741,-7.5302,176.860,ppo_car_spread_a_deterministic
34.6206,-0.08952,0.0000,0.0035,0.01827,0.01827,0.32368,-0.7,1.0000,-29.1813,0.4741,-7.5306,176.857,ppo_car_spread_a_deterministic
34.6406,-0.08952,0.0000,0.0035,0.02133,0.02133,0.25905,-0.7,1.0000,-29.1812,0.4741,-7.5310,176.855,ppo_car_spread_a_deterministic
34.6606,-0.08985,0.0056,0.0000,0.02445,0.02446,0.20498,-0.7,1.0000,-29.1812,0.4741,-7.5315,176.857,ppo_car_spread_a_deterministic
34.6806,-0.08985,0.0056,0.0000,0.03029,0.03030,0.30230,3.0,1.0000,-29.1812,0.4741,-7.5321,176.856,ppo_car_spread_a_deterministic
34.7006,-0.08985,0.0056,0.0000,0.02600,0.02601,0.27231,3.0,1.0000,-29.1811,0.4741,-7.5326,176.856,ppo_car_spread_a_deterministic
34.7206,-0.08985,0.0056,0.0000,0.03057,0.03058,0.31690,3.0,1.0000,-29.1811,0.4741,-7.5332,176.853,ppo_car_spread_a_deterministic
34.7406,-0.08959,0.0000,0.0025,0.02153,0.02154,0.24447,3.0,1.0000,-29.1810,0.4741,-7.5337,176.852,ppo_car_spread_a_deterministic
34.7606,-0.08959,0.0000,0.0025,0.02185,0.02185,0.34811,-0.5,1.0000,-29.1810,0.4741,-7.5341,176.852,ppo_car_spread_a_deterministic
34.7806,-0.08959,0.0000,0.0025,0.02707,0.02708,0.31246,-0.5,1.0000,-29.1810,0.4741,-7.5346,176.850,ppo_car_spread_a_deterministic
34.8006,-0.08959,0.0000,0.0025,0.02374,0.02374,0.39304,-0.5,1.0000,-29.1809,0.4741,-7.5351,176.852,ppo_car_spread_a_deterministic
34.8206,-0.08934,0.0000,0.0027,0.02045,0.02045,0.36425,-0.5,1.0000,-29.1809,0.4741,-7.5355,176.849,ppo_car_spread_a_deterministic
34.8406,-0.08934,0.0000,0.0027,0.02834,0.02835,0.22540,-0.6,1.0000,-29.1809,0.4741,-7.5361,176.848,ppo_car_spread_a_deterministic
34.8606,-0.08934,0.0000,0.0027,0.02629,0.02630,0.29153,-0.6,1.0000,-29.1808,0.4741,-7.5366,176.849,ppo_car_spread_a_deterministic
34.8806,-0.08934,0.0000,0.0027,0.02145,0.02145,0.38743,-0.6,1.0000,-29.1808,0.4741,-7.5370,176.851,ppo_car_spread_a_deterministic
34.9006,-0.08945,0.0000,0.0029,0.02309,0.02309,0.22001,-0.6,1.0000,-29.1808,0.4741,-7.5375,176.851,ppo_car_spread_a_deterministic
34.9206,-0.08945,0.0000,0.0029,0.02520,0.02520,0.19605,-0.6,1.0000,-29.1807,0.4741,-7.5380,176.849,ppo_car_spread_a_deterministic
34.9406,-0.08945,0.0000,0.0029,0.01960,0.01961,0.25577,-0.6,1.0000,-29.1807,0.4741,-7.5384,176.850,ppo_car_spread_a_deterministic
34.9606,-0.08945,0.0000,0.0029,0.02312,0.02313,0.33740,-0.6,1.0000,-29.1807,0.4741,-7.5388,176.849,ppo_car_spread_a_deterministic
34.9806,-0.08992,0.0031,0.0000,0.01888,0.01889,0.39644,-0.6,1.0000,-29.1806,0.4741,-7.5392,176.846,ppo_car_spread_a_deterministic
35.0006,-0.08992,0.0031,0.0000,0.02644,0.02644,0.26461,1.6,1.0000,-29.1806,0.4741,-7.5397,176.847,ppo_car_spread_a_deterministic
35.0206,-0.08992,0.0031,0.0000,0.01982,0.01982,0.39243,1.6,1.0000,-29.1806,0.4741,-7.5401,176.848,ppo_car_spread_a_deterministic
35.0406,-0.08992,0.0031,0.0000,0.02068,0.02068,0.31717,1.6,1.0000,-29.1805,0.4741,-7.5405,176.849,ppo_car_spread_a_deterministic
35.0606,-0.09002,0.0027,0.0000,0.03052,0.03052,0.27293,1.6,1.0000,-29.1805,0.4741,-7.5412,176.849,ppo_car_spread_a_deterministic
35.0806,-0.09002,0.0027,0.0000,0.02924,0.02924,0.23310,1.4,1.0000,-29.1804,0.4741,-7.5417,176.849,ppo_car_spread_a_deterministic
35.1006,-0.09002,0.0027,0.0000,0.02030,0.02030,0.38834,1.4,1.0000,-29.1804,0.4741,-7.5421,176.847,ppo_car_spread_a_deterministic
35.1206,-0.09002,0.0027,0.0000,0.02314,0.02314,0.16491,1.4,1.0000,-29.1804,0.4741,-7.5426,176.847,ppo_car_spread_a_deterministic
35.1406,-0.08984,0.0032,0.0000,0.02607,0.02607,0.38418,1.4,1.0000,-29.1803,0.4741,-7.5431,176.849,ppo_car_spread_a_deterministic
35.1606,-0.08984,0.0032,0.0000,0.02812,0.02812,0.15609,1.7,1.0000,-29.1803,0.4741,-7.5437,176.846,ppo_car_spread_a_deterministic
35.1806,-0.08984,0.0032,0.0000,0.02962,0.02963,0.22057,1.7,1.0000,-29.1803,0.4741,-7.5443,176.844,ppo_car_spread_a_deterministic
35.2006,-0.08984,0.0032,0.0000,0.02975,0.02975,0.19158,1.7,1.0000,-29.1802,0.4741,-7.5449,176.843,ppo_car_spread_a_deterministic
35.2206,-0.08926,0.0000,0.0051,0.02908,0.02909,0.31120,1.7,1.0000,-29.1802,0.4741,-7.5455,176.840,ppo_car_spread_a_deterministic
35.2406,-0.08926,0.0000,0.0051,0.02971,0.02972,0.24610,-1.1,1.0000,-29.1801,0.4741,-7.5461,176.840,ppo_car_spread_a_deterministic
35.2606,-0.08926,0.0000,0.0051,0.02644,0.02645,0.13797,-1.1,1.0000,-29.1801,0.4741,-7.5466,176.838,ppo_car_spread_a_deterministic
35.2806,-0.08926,0.0000,0.0051,0.03156,0.03156,0.30554,-1.1,1.0000,-29.1800,0.4741,-7.5472,176.837,ppo_car_spread_a_deterministic
35.3006,-0.08940,0.0000,0.0024,0.03131,0.03131,0.26922,-1.1,1.0000,-29.1800,0.4741,-7.5479,176.837,ppo_car_spread_a_deterministic
35.3206,-0.08940,0.0000,0.0024,0.02505,0.02506,0.32453,-0.5,1.0000,-29.1799,0.4741,-7.5483,176.838,ppo_car_spread_a_deterministic
35.3406,-0.08940,0.0000,0.0024,0.02443,0.02444,0.31176,-0.5,1.0000,-29.1799,0.4741,-7.5488,176.840,ppo_car_spread_a_deterministic
35.3606,-0.08940,0.0000,0.0024,0.02301,0.02302,0.27601,-0.5,1.0000,-29.1799,0.4741,-7.5493,176.837,ppo_car_spread_a_deterministic
35.3806,-0.08973,0.0000,0.0017,0.02925,0.02926,0.26621,-0.5,1.0000,-29.1798,0.4741,-7.5499,176.840,ppo_car_spread_a_deterministic
35.4006,-0.08973,0.0000,0.0017,0.02798,0.02799,0.07213,-0.4,1.0000,-29.1798,0.4741,-7.5504,176.840,ppo_car_spread_a_deterministic
35.4206,-0.08973,0.0000,0.0017,0.02901,0.02901,0.35883,-0.4,1.0000,-29.1797,0.4741,-7.5510,176.841,ppo_car_spread_a_deterministic
35.4406,-0.08973,0.0000,0.0017,0.02872,0.02873,0.29722,-0.4,1.0000,-29.1797,0.4741,-7.5516,176.841,ppo_car_spread_a_deterministic
35.4606,-0.08947,0.0000,0.0058,0.02701,0.02702,0.17893,-0.4,1.0000,-29.1797,0.4741,-7.5521,176.838,ppo_car_spread_a_deterministic
35.4806,-0.08947,0.0000,0.0058,0.02929,0.02930,0.32076,-1.2,1.0000,-29.1796,0.4741,-7.5527,176.839,ppo_car_spread_a_deterministic
35.5006,-0.08947,0.0000,0.0058,0.02865,0.02866,0.21499,-1.2,1.0000,-29.1796,0.4741,-7.5533,176.836,ppo_car_spread_a_deterministic
35.5206,-0.08947,0.0000,0.0058,0.02526,0.02526,0.31210,-1.2,1.0000,-29.1795,0.4741,-7.5538,176.839,ppo_car_spread_a_deterministic
35.5406,-0.08927,0.0000,0.0040,0.02755,0.02756,0.26146,-1.2,1.0000,-29.1795,0.4741,-7.5543,176.839,ppo_car_spread_a_deterministic
35.5606,-0.08927,0.0000,0.0040,0.02478,0.02478,0.18679,-0.8,1.0000,-29.1795,0.4741,-7.5548,176.840,ppo_car_spread_a_deterministic
35.5806,-0.08927,0.0000,0.0040,0.02740,0.02741,0.21918,-0.8,1.0000,-29.1794,0.4741,-7.5554,176.838,ppo_car_spread_a_deterministic
35.6006,-0.08927,0.0000,0.0040,0.02932,0.02933,0.31972,-0.8,1.0000,-29.1794,0.4741,-7.5559,176.839,ppo_car_spread_a_deterministic
35.6206,-0.08936,0.0000,0.0033,0.03232,0.03232,0.31904,-0.8,1.0000,-29.1793,0.4741,-7.5566,176.836,ppo_car_spread_a_deterministic
35.6406,-0.08936,0.0000,0.0033,0.02719,0.02719,0.16339,-0.7,1.0000,-29.1793,0.4741,-7.5571,176.834,ppo_car_spread_a_deterministic
35.6606,-0.08936,0.0000,0.0033,0.02415,0.02416,0.32711,-0.7,1.0000,-29.1792,0.4741,-7.5576,176.831,ppo_car_spread_a_deterministic
35.6806,-0.08936,0.0000,0.0033,0.02501,0.02502,0.28513,-0.7,1.0000,-29.1792,0.4741,-7.5581,176.828,ppo_car_spread_a_deterministic
35.7006,-0.08954,0.0004,0.0000,0.03120,0.03120,0.31532,-0.7,1.0000,-29.1792,0.4741,-7.5587,176.827,ppo_car_spread_a_deterministic
35.7206,-0.08954,0.0004,0.0000,0.02238,0.02238,0.37028,0.2,1.0000,-29.1791,0.4741,-7.5592,176.825,ppo_car_spread_a_deterministic
35.7406,-0.08954,0.0004,0.0000,0.02876,0.02876,0.28303,0.2,1.0000,-29.1791,0.4741,-7.5598,176.826,ppo_car_spread_a_deterministic
35.7606,-0.08954,0.0004,0.0000,0.02246,0.02247,0.18387,0.2,1.0000,-29.1791,0.4741,-7.5602,176.825,ppo_car_spread_a_deterministic
35.7806,-0.08940,0.0000,0.0055,0.02461,0.02461,0.39128,0.2,1.0000,-29.1790,0.4741,-7.5607,176.824,ppo_car_spread_a_deterministic
35.8006,-0.08940,0.0000,0.0055,0.02667,0.02668,0.24842,-1.2,1.0000,-29.1790,0.4741,-7.5612,176.823,ppo_car_spread_a_deterministic
35.8206,-0.08940,0.0000,0.0055,0.02294,0.02294,0.23448,-1.2,1.0000,-29.1789,0.4741,-7.5617,176.820,ppo_car_spread_a_deterministic
35.8406,-0.08940,0.0000,0.0055,0.02176,0.02177,0.29711,-1.2,1.0000,-29.1789,0.4741,-7.5621,176.819,ppo_car_spread_a_deterministic
35.8606,-0.08958,0.0012,0.0000,0.02551,0.02551,0.12287,-1.2,1.0000,-29.1789,0.4741,-7.5626,176.819,ppo_car_spread_a_deterministic
35.8806,-0.08958,0.0012,0.0000,0.02699,0.02700,0.22016,0.6,1.0000,-29.1788,0.4741,-7.5632,176.819,ppo_car_spread_a_deterministic
35.9006,-0.08958,0.0012,0.0000,0.02124,0.02125,0.23573,0.6,1.0000,-29.1788,0.4741,-7.5636,176.818,ppo_car_spread_a_deterministic
35.9206,-0.08958,0.0012,0.0000,0.02287,0.02287,0.38270,0.6,1.0000,-29.1788,0.4741,-7.5640,176.817,ppo_car_spread_a_deterministic
35.9406,-0.08976,0.0022,0.0000,0.02534,0.02535,0.29851,0.6,1.0000,-29.1787,0.4741,-7.5645,176.819,ppo_car_spread_a_deterministic
35.9606,-0.08976,0.0022,0.0000,0.02915,0.02915,0.32537,1.2,1.0000,-29.1787,0.4741,-7.5651,176.817,ppo_car_spread_a_deterministic
35.9806,-0.08976,0.0022,0.0000,0.02425,0.02426,0.25895,1.2,1.0000,-29.1786,0.4741,-7.5656,176.817,ppo_car_spread_a_deterministic
36.0006,-0.08976,0.0022,0.0000,0.02910,0.02911,0.22625,1.2,1.0000,-29.1786,0.4741,-7.5662,176.815,ppo_car_spread_a_deterministic
36.0206,-0.08968,0.0000,0.0010,0.02631,0.02632,0.31622,1.2,1.0000,-29.1786,0.4741,-7.5667,176.815,ppo_car_spread_a_deterministic
36.0406,-0.08968,0.0000,0.0010,0.02178,0.02178,0.39740,-0.2,1.0000,-29.1785,0.4741,-7.5672,176.816,ppo_car_spread_a_deterministic
36.0606,-0.08968,0.0000,0.0010,0.02240,0.02240,0.39391,-0.2,1.0000,-29.1785,0.4741,-7.5676,176.816,ppo_car_spread_a_deterministic
36.0806,-0.08968,0.0000,0.0010,0.01933,0.01933,0.37963,-0.2,1.0000,-29.1785,0.4741,-7.5680,176.815,ppo_car_spread_a_deterministic
36.1006,-0.08970,0.0007,0.0000,0.02650,0.02651,0.13009,-0.2,1.0000,-29.1784,0.4741,-7.5685,176.816,ppo_car_spread_a_deterministic
36.1206,-0.08970,0.0007,0.0000,0.02468,0.02469,0.15998,0.3,1.0000,-29.1784,0.4741,-7.5690,176.816,ppo_car_spread_a_deterministic
36.1406,-0.08970,0.0007,0.0000,0.03032,0.03032,0.31727,0.3,1.0000,-29.1783,0.4741,-7.5696,176.815,ppo_car_spread_a_deterministic
36.1606,-0.08970,0.0007,0.0000,0.02355,0.02356,0.33444,0.3,1.0000,-29.1783,0.4741,-7.5701,176.816,ppo_car_spread_a_deterministic
36.1806,-0.08924,0.0000,0.0065,0.01982,0.01983,0.39803,0.3,1.0000,-29.1783,0.4741,-7.5705,176.815,ppo_car_spread_a_deterministic
36.2006,-0.08924,0.0000,0.0065,0.01877,0.01877,0.37625,-1.4,1.0000,-29.1783,0.4741,-7.5708,176.814,ppo_car_spread_a_deterministic
36.2206,-0.08924,0.0000,0.0065,0.02800,0.02801,0.32083,-1.4,1.0000,-29.1782,0.4741,-7.5714,176.817,ppo_car_spread_a_deterministic
36.2406,-0.08924,0.0000,0.0065,0.02470,0.02471,0.28860,-1.4,1.0000,-29.1782,0.4741,-7.5719,176.820,ppo_car_spread_a_deterministic
36.2606,-0.08953,0.0000,0.0057,0.02804,0.02804,0.25781,-1.4,1.0000,-29.1781,0.4741,-7.5725,176.817,ppo_car_spread_a_deterministic
36.2806,-0.08953,0.0000,0.0057,0.02760,0.02761,0.29282,-1.2,1.0000,-29.1781,0.4741,-7.5730,176.817,ppo_car_spread_a_deterministic
36.3006,-0.08953,0.0000,0.0057,0.02167,0.02168,0.37190,-1.2,1.0000,-29.1781,0.4741,-7.5734,176.820,ppo_car_spread_a_deterministic
36.3206,-0.08953,0.0000,0.0057,0.02736,0.02736,0.18448,-1.2,1.0000,-29.1780,0.4741,-7.5740,176.820,ppo_car_spread_a_deterministic
36.3406,-0.08992,0.0005,0.0000,0.02295,0.02295,0.22911,-1.2,1.0000,-29.1780,0.4741,-7.5745,176.818,ppo_car_spread_a_deterministic
36.3606,-0.08992,0.0005,0.0000,0.02821,0.02822,0.32126,0.3,1.0000,-29.1779,0.4741,-7.5750,176.816,ppo_car_spread_a_deterministic
36.3806,-0.08992,0.0005,0.0000,0.02474,0.02475,0.20025,0.3,1.0000,-29.1779,0.4741,-7.5755,176.817,ppo_car_spread_a_deterministic
36.4006,-0.08992,0.0005,0.0000,0.01723,0.01724,0.39134,0.3,1.0000,-29.1779,0.4741,-7.5758,176.815,ppo_car_spread_a_deterministic
36.4206,-0.08964,0.0000,0.0017,0.01752,0.01752,0.36936,0.3,1.0000,-29.1778,0.4741,-7.5762,176.814,ppo_car_spread_a_deterministic
36.4406,-0.08964,0.0000,0.0017,0.02618,0.02618,0.31798,-0.4,1.0000,-29.1778,0.4741,-7.5767,176.812,ppo_car_spread_a_deterministic
36.4606,-0.08964,0.0000,0.0017,0.02687,0.02688,0.32089,-0.4,1.0000,-29.1778,0.4741,-7.5773,176.810,ppo_car_spread_a_deterministic
36.4806,-0.08964,0.0000,0.0017,0.02331,0.02331,0.32131,-0.4,1.0000,-29.1777,0.4741,-7.5777,176.811,ppo_car_spread_a_deterministic
36.5006,-0.08939,0.0000,0.0029,0.02862,0.02862,0.31849,-0.4,1.0000,-29.1777,0.4741,-7.5783,176.810,ppo_car_spread_a_deterministic
36.5207,-0.08939,0.0000,0.0029,0.02280,0.02281,0.27788,-0.6,1.0000,-29.1777,0.4741,-7.5787,176.807,ppo_car_spread_a_deterministic
36.5407,-0.08939,0.0000,0.0029,0.02260,0.02260,0.25710,-0.6,1.0000,-29.1776,0.4741,-7.5792,176.807,ppo_car_spread_a_deterministic
36.5607,-0.08939,0.0000,0.0029,0.02359,0.02359,0.14992,-0.6,1.0000,-29.1776,0.4741,-7.5797,176.806,ppo_car_spread_a_deterministic
36.5807,-0.08962,0.0009,0.0000,0.02099,0.02099,0.36250,-0.6,1.0000,-29.1776,0.4741,-7.5801,176.803,ppo_car_spread_a_deterministic
36.6007,-0.08962,0.0009,0.0000,0.02035,0.02036,0.30848,0.5,1.0000,-29.1775,0.4741,-7.5805,176.802,ppo_car_spread_a_deterministic
36.6207,-0.08962,0.0009,0.0000,0.02427,0.02428,0.19353,0.5,1.0000,-29.1775,0.4741,-7.5810,176.800,ppo_car_spread_a_deterministic
36.6407,-0.08962,0.0009,0.0000,0.01987,0.01987,0.25996,0.5,1.0000,-29.1775,0.4741,-7.5814,176.800,ppo_car_spread_a_deterministic
36.6607,-0.08958,0.0000,0.0003,0.01986,0.01986,0.29602,0.5,1.0000,-29.1774,0.4741,-7.5818,176.802,ppo_car_spread_a_deterministic
36.6807,-0.08958,0.0000,0.0003,0.02300,0.02300,0.31812,-0.1,1.0000,-29.1774,0.4741,-7.5822,176.804,ppo_car_spread_a_deterministic
36.7007,-0.08958,0.0000,0.0003,0.02581,0.02582,0.28766,-0.1,1.0000,-29.1774,0.4741,-7.5827,176.805,ppo_car_spread_a_deterministic
36.7207,-0.08958,0.0000,0.0003,0.02254,0.02255,0.16662,-0.1,1.0000,-29.1773,0.4741,-7.5832,176.807,ppo_car_spread_a_deterministic
36.7407,-0.08965,0.0000,0.0029,0.02561,0.02561,0.24365,-0.1,1.0000,-29.1773,0.4741,-7.5837,176.809,ppo_car_spread_a_deterministic
36.7607,-0.08965,0.0000,0.0029,0.01651,0.01652,0.39568,-0.6,1.0000,-29.1773,0.4741,-7.5840,176.811,ppo_car_spread_a_deterministic
36.7807,-0.08965,0.0000,0.0029,0.02058,0.02059,0.15403,-0.6,1.0000,-29.1772,0.4741,-7.5844,176.809,ppo_car_spread_a_deterministic
36.8007,-0.08965,0.0000,0.0029,0.02620,0.02620,0.28867,-0.6,1.0000,-29.1772,0.4741,-7.5850,176.806,ppo_car_spread_a_deterministic
36.8207,-0.08980,0.0029,0.0000,0.02459,0.02460,0.28215,-0.6,1.0000,-29.1772,0.4741,-7.5855,176.806,ppo_car_spread_a_deterministic
36.8407,-0.08980,0.0029,0.0000,0.01840,0.01840,0.35263,1.5,1.0000,-29.1771,0.4741,-7.5858,176.805,ppo_car_spread_a_deterministic
36.8607,-0.08980,0.0029,0.0000,0.02231,0.02231,0.25162,1.5,1.0000,-29.1771,0.4741,-7.5863,176.805,ppo_car_spread_a_deterministic
36.8807,-0.08980,0.0029,0.0000,0.02237,0.02238,0.14824,1.5,1.0000,-29.1771,0.4741,-7.5867,176.805,ppo_car_spread_a_deterministic
36.9007,-0.08972,0.0007,0.0000,0.01715,0.01715,0.38096,1.5,1.0000,-29.1770,0.4741,-7.5870,176.808,ppo_car_spread_a_deterministic
36.9207,-0.08972,0.0007,0.0000,0.02302,0.02302,0.16806,0.4,1.0000,-29.1770,0.4741,-7.5875,176.809,ppo_car_spread_a_deterministic
36.9407,-0.08972,0.0007,0.0000,0.02754,0.02755,0.31214,0.4,1.0000,-29.1770,0.4741,-7.5881,176.811,ppo_car_spread_a_deterministic
36.9607,-0.08972,0.0007,0.0000,0.02330,0.02330,0.31916,0.4,1.0000,-29.1769,0.4741,-7.5885,176.814,ppo_car_spread_a_deterministic
36.9807,-0.08951,0.0000,0.0049,0.02055,0.02055,0.35505,0.4,1.0000,-29.1769,0.4741,-7.5889,176.813,ppo_car_spread_a_deterministic
37.0007,-0.08951,0.0000,0.0049,0.02466,0.02466,0.30479,-1.0,1.0000,-29.1769,0.4741,-7.5894,176.812,ppo_car_spread_a_deterministic
37.0207,-0.08951,0.0000,0.0049,0.01715,0.01716,0.33720,-1.0,1.0000,-29.1768,0.4741,-7.5898,176.810,ppo_car_spread_a_deterministic
37.0407,-0.08951,0.0000,0.0049,0.02911,0.02911,0.30545,-1.0,1.0000,-29.1768,0.4741,-7.5904,176.810,ppo_car_spread_a_deterministic
37.0607,-0.08997,0.0062,0.0000,0.01777,0.01777,0.32434,-1.0,1.0000,-29.1768,0.4741,-7.5907,176.809,ppo_car_spread_a_deterministic
37.0807,-0.08997,0.0062,0.0000,0.02008,0.02008,0.39931,3.3,1.0000,-29.1767,0.4741,-7.5911,176.809,ppo_car_spread_a_deterministic
37.1007,-0.08997,0.0062,0.0000,0.02560,0.02561,0.23524,3.3,1.0000,-29.1767,0.4741,-7.5916,176.807,ppo_car_spread_a_deterministic
37.1207,-0.08997,0.0062,0.0000,0.02495,0.02495,0.19879,3.3,1.0000,-29.1767,0.4741,-7.5921,176.808,ppo_car_spread_a_deterministic
37.1407,-0.08948,0.0000,0.0014,0.02143,0.02144,0.33770,3.3,1.0000,-29.1766,0.4741,-7.5925,176.809,ppo_car_spread_a_deterministic
37.1607,-0.08948,0.0000,0.0014,0.02582,0.02582,0.30761,-0.3,1.0000,-29.1766,0.4741,-7.5931,176.807,ppo_car_spread_a_deterministic
37.1807,-0.08948,0.0000,0.0014,0.02742,0.02743,0.31472,-0.3,1.0000,-29.1765,0.4741,-7.5936,176.806,ppo_car_spread_a_deterministic
37.2007,-0.08948,0.0000,0.0014,0.02535,0.02535,0.17248,-0.3,1.0000,-29.1765,0.4741,-7.5941,176.807,ppo_car_spread_a_deterministic
37.2207,-0.08943,0.0000,0.0035,0.02545,0.02546,0.37850,-0.3,1.0000,-29.1765,0.4741,-7.5946,176.805,ppo_car_spread_a_deterministic
37.2407,-0.08943,0.0000,0.0035,0.01692,0.01692,0.39199,-0.7,1.0000,-29.1764,0.4741,-7.5950,176.804,ppo_car_spread_a_deterministic
37.2607,-0.08943,0.0000,0.0035,0.02197,0.02197,0.34626,-0.7,1.0000,-29.1764,0.4741,-7.5954,176.805,ppo_car_spread_a_deterministic
37.2807,-0.08943,0.0000,0.0035,0.02050,0.02051,0.37451,-0.7,1.0000,-29.1764,0.4741,-7.5958,176.807,ppo_car_spread_a_deterministic
37.3007,-0.08970,0.0009,0.0000,0.02153,0.02153,0.30930,-0.7,1.0000,-29.1763,0.4741,-7.5962,176.807,ppo_car_spread_a_deterministic
37.3207,-0.08970,0.0009,0.0000,0.02859,0.02859,0.30523,0.5,1.0000,-29.1763,0.4741,-7.5968,176.810,ppo_car_spread_a_deterministic
37.3407,-0.08970,0.0009,0.0000,0.02046,0.02046,0.39217,0.5,1.0000,-29.1763,0.4741,-7.5972,176.806,ppo_car_spread_a_deterministic
37.3607,-0.08970,0.0009,0.0000,0.02646,0.02646,0.22583,0.5,1.0000,-29.1762,0.4741,-7.5977,176.806,ppo_car_spread_a_deterministic
37.3807,-0.08973,0.0039,0.0000,0.02639,0.02639,0.18373,0.5,1.0000,-29.1762,0.4741,-7.5983,176.805,ppo_car_spread_a_deterministic
37.4007,-0.08973,0.0039,0.0000,0.02228,0.02229,0.28859,2.0,1.0000,-29.1762,0.4741,-7.5987,176.803,ppo_car_spread_a_deterministic
37.4207,-0.08973,0.0039,0.0000,0.02277,0.02278,0.38447,2.0,1.0000,-29.1761,0.4741,-7.5992,176.799,ppo_car_spread_a_deterministic
37.4407,-0.08973,0.0039,0.0000,0.03254,0.03254,0.30897,2.0,1.0000,-29.1761,0.4741,-7.5998,176.800,ppo_car_spread_a_deterministic
37.4607,-0.08957,0.0017,0.0000,0.02534,0.02535,0.13190,2.0,1.0000,-29.1760,0.4741,-7.6003,176.799,ppo_car_spread_a_deterministic
37.4807,-0.08957,0.0017,0.0000,0.02658,0.02658,0.26718,0.9,1.0000,-29.1760,0.4741,-7.6009,176.796,ppo_car_spread_a_deterministic
37.5007,-0.08957,0.0017,0.0000,0.02959,0.02960,0.18327,0.9,1.0000,-29.1760,0.4741,-7.6015,176.795,ppo_car_spread_a_deterministic
37.5207,-0.08957,0.0017,0.0000,0.02825,0.02826,0.26848,0.9,1.0000,-29.1759,0.4741,-7.6020,176.795,ppo_car_spread_a_deterministic
37.5407,-0.08925,0.0000,0.0055,0.02520,0.02521,0.20172,0.9,1.0000,-29.1759,0.4741,-7.6025,176.796,ppo_car_spread_a_deterministic
37.5607,-0.08925,0.0000,0.0055,0.02726,0.02727,0.18021,-1.2,1.0000,-29.1758,0.4741,-7.6031,176.794,ppo_car_spread_a_deterministic
37.5807,-0.08925,0.0000,0.0055,0.02365,0.02366,0.39743,-1.2,1.0000,-29.1758,0.4741,-7.6035,176.790,ppo_car_spread_a_deterministic
37.6007,-0.08925,0.0000,0.0055,0.02368,0.02368,0.38220,-1.2,1.0000,-29.1758,0.4741,-7.6040,176.789,ppo_car_spread_a_deterministic
37.6207,-0.08948,0.0009,0.0000,0.02753,0.02753,0.35954,-1.2,1.0000,-29.1757,0.4741,-7.6046,176.791,ppo_car_spread_a_deterministic
37.6407,-0.08948,0.0009,0.0000,0.01890,0.01890,0.39413,0.5,1.0000,-29.1757,0.4741,-7.6049,176.790,ppo_car_spread_a_deterministic
37.6607,-0.08948,0.0009,0.0000,0.02606,0.02606,0.32346,0.5,1.0000,-29.1756,0.4741,-7.6054,176.794,ppo_car_spread_a_deterministic
37.6807,-0.08948,0.0009,0.0000,0.02196,0.02196,0.39090,0.5,1.0000,-29.1756,0.4741,-7.6059,176.795,ppo_car_spread_a_deterministic
37.7007,-0.08970,0.0000,0.0042,0.02530,0.02530,0.38828,0.5,1.0000,-29.1756,0.4741,-7.6064,176.796,ppo_car_spread_a_deterministic
37.7207,-0.08970,0.0000,0.0042,0.02219,0.02220,0.37960,-0.9,1.0000,-29.1755,0.4741,-7.6068,176.796,ppo_car_spread_a_deterministic
37.7407,-0.08970,0.0000,0.0042,0.02817,0.02818,0.24346,-0.9,1.0000,-29.1755,0.4741,-7.6074,176.795,ppo_car_spread_a_deterministic
37.7607,-0.08970,0.0000,0.0042,0.02325,0.02325,0.21852,-0.9,1.0000,-29.1755,0.4741,-7.6078,176.792,ppo_car_spread_a_deterministic
37.7807,-0.08930,0.0000,0.0040,0.02448,0.02448,0.39400,-0.9,1.0000,-29.1754,0.4741,-7.6083,176.793,ppo_car_spread_a_deterministic
37.8007,-0.08930,0.0000,0.0040,0.02287,0.02288,0.35616,-0.8,1.0000,-29.1754,0.4741,-7.6088,176.796,ppo_car_spread_a_deterministic
37.8207,-0.08930,0.0000,0.0040,0.02031,0.02031,0.36345,-0.8,1.0000,-29.1754,0.4741,-7.6092,176.796,ppo_car_spread_a_deterministic
37.8407,-0.08930,0.0000,0.0040,0.02438,0.02438,0.19846,-0.8,1.0000,-29.1753,0.4741,-7.6097,176.796,ppo_car_spread_a_deterministic
37.8607,-0.08972,0.0028,0.0000,0.02422,0.02423,0.21165,-0.8,1.0000,-29.1753,0.4741,-7.6102,176.796,ppo_car_spread_a_deterministic
37.8807,-0.08972,0.0028,0.0000,0.02207,0.02208,0.19848,1.5,1.0000,-29.1753,0.4741,-7.6106,176.796,ppo_car_spread_a_deterministic
37.9007,-0.08972,0.0028,0.0000,0.02887,0.02887,0.36990,1.5,1.0000,-29.1752,0.4741,-7.6112,176.798,ppo_car_spread_a_deterministic
37.9207,-0.08972,0.0028,0.0000,0.03064,0.03064,0.34186,1.5,1.0000,-29.1752,0.4741,-7.6118,176.796,ppo_car_spread_a_deterministic
37.9407,-0.08943,0.0000,0.0062,0.02260,0.02260,0.32765,1.5,1.0000,-29.1751,0.4741,-7.6123,176.794,ppo_car_spread_a_deterministic
37.9607,-0.08943,0.0000,0.0062,0.02169,0.02169,0.34253,-1.3,1.0000,-29.1751,0.4741,-7.6127,176.794,ppo_car_spread_a_deterministic
37.9807,-0.08943,0.0000,0.0062,0.02707,0.02708,0.27727,-1.3,1.0000,-29.1751,0.4741,-7.6132,176.795,ppo_car_spread_a_deterministic
38.0007,-0.08943,0.0000,0.0062,0.02577,0.02578,0.21780,-1.3,1.0000,-29.1750,0.4741,-7.6137,176.795,ppo_car_spread_a_deterministic
38.0207,-0.08944,0.0000,0.0040,0.02130,0.02130,0.24120,-1.3,1.0000,-29.1750,0.4741,-7.6142,176.795,ppo_car_spread_a_deterministic
38.0407,-0.08944,0.0000,0.0040,0.02601,0.02601,0.33388,-0.8,1.0000,-29.1750,0.4741,-7.6147,176.799,ppo_car_spread_a_deterministic
38.0607,-0.08944,0.0000,0.0040,0.02214,0.02214,0.36321,-0.8,1.0000,-29.1749,0.4741,-7.6151,176.798,ppo_car_spread_a_deterministic
38.0807,-0.08944,0.0000,0.0040,0.02073,0.02074,0.25103,-0.8,1.0000,-29.1749,0.4741,-7.6155,176.796,ppo_car_spread_a_deterministic
38.1007,-0.08966,0.0014,0.0000,0.02511,0.02511,0.15327,-0.8,1.0000,-29.1749,0.4741,-7.6160,176.797,ppo_car_spread_a_deterministic
38.1207,-0.08966,0.0014,0.0000,0.02326,0.02327,0.19614,0.7,1.0000,-29.1748,0.4741,-7.6165,176.797,ppo_car_spread_a_deterministic
38.1407,-0.08966,0.0014,0.0000,0.02902,0.02903,0.31019,0.7,1.0000,-29.1748,0.4741,-7.6171,176.797,ppo_car_spread_a_deterministic
38.1607,-0.08966,0.0014,0.0000,0.02381,0.02381,0.35125,0.7,1.0000,-29.1747,0.4741,-7.6176,176.797,ppo_car_spread_a_deterministic
38.1807,-0.08946,0.0000,0.0057,0.02332,0.02333,0.38881,0.7,1.0000,-29.1747,0.4741,-7.6180,176.800,ppo_car_spread_a_deterministic
38.2007,-0.08946,0.0000,0.0057,0.02721,0.02722,0.30603,-1.2,1.0000,-29.1747,0.4741,-7.6186,176.801,ppo_car_spread_a_deterministic
38.2207,-0.08946,0.0000,0.0057,0.02189,0.02190,0.39596,-1.2,1.0000,-29.1746,0.4741,-7.6190,176.799,ppo_car_spread_a_deterministic
38.2407,-0.08946,0.0000,0.0057,0.02569,0.02569,0.32206,-1.2,1.0000,-29.1746,0.4741,-7.6195,176.799,ppo_car_spread_a_deterministic
38.2607,-0.08964,0.0020,0.0000,0.02794,0.02795,0.26752,-1.2,1.0000,-29.1745,0.4741,-7.6201,176.796,ppo_car_spread_a_deterministic
38.2807,-0.08964,0.0020,0.0000,0.02492,0.02493,0.34123,1.1,1.0000,-29.1745,0.4741,-7.6206,176.795,ppo_car_spread_a_deterministic
38.3007,-0.08964,0.0020,0.0000,0.03061,0.03062,0.30492,1.1,1.0000,-29.1745,0.4741,-7.6212,176.796,ppo_car_spread_a_deterministic
38.3207,-0.08964,0.0020,0.0000,0.02458,0.02459,0.26683,1.1,1.0000,-29.1744,0.4741,-7.6217,176.795,ppo_car_spread_a_deterministic
38.3407,-0.08926,0.0000,0.0071,0.02431,0.02432,0.22419,1.1,1.0000,-29.1744,0.4741,-7.6222,176.796,ppo_car_spread_a_deterministic
38.3607,-0.08926,0.0000,0.0071,0.02396,0.02396,0.27609,-1.5,1.0000,-29.1744,0.4741,-7.6226,176.793,ppo_car_spread_a_deterministic
38.3807,-0.08926,0.0000,0.0071,0.02930,0.02931,0.29915,-1.5,1.0000,-29.1743,0.4741,-7.6232,176.791,ppo_car_spread_a_deterministic
38.4007,-0.08926,0.0000,0.0071,0.02258,0.02259,0.12075,-1.5,1.0000,-29.1743,0.4741,-7.6237,176.791,ppo_car_spread_a_deterministic
38.4207,-0.08917,0.0000,0.0050,0.02226,0.02227,0.35090,-1.5,1.0000,-29.1742,0.4741,-7.6241,176.792,ppo_car_spread_a_deterministic
38.4407,-0.08917,0.0000,0.0050,0.02214,0.02215,0.39394,-1.0,1.0000,-29.1742,0.4741,-7.6245,176.791,ppo_car_spread_a_deterministic
38.4607,-0.08917,0.0000,0.0050,0.02834,0.02834,0.15269,-1.0,1.0000,-29.1742,0.4741,-7.6251,176.791,ppo_car_spread_a_deterministic
38.4807,-0.08917,0.0000,0.0050,0.02749,0.02750,0.26227,-1.0,1.0000,-29.1741,0.4741,-7.6257,176.791,ppo_car_spread_a_deterministic
38.5007,-0.08930,0.0000,0.0047,0.02532,0.02532,0.24395,-1.0,1.0000,-29.1741,0.4741,-7.6262,176.790,ppo_car_spread_a_deterministic
38.5207,-0.08930,0.0000,0.0047,0.02542,0.02543,0.21636,-1.0,1.0000,-29.1740,0.4741,-7.6267,176.790,ppo_car_spread_a_deterministic
38.5407,-0.08930,0.0000,0.0047,0.02507,0.02508,0.17379,-1.0,1.0000,-29.1740,0.4741,-7.6272,176.790,ppo_car_spread_a_deterministic
38.5607,-0.08930,0.0000,0.0047,0.03043,0.03044,0.28382,-1.0,1.0000,-29.1740,0.4741,-7.6278,176.791,ppo_car_spread_a_deterministic
38.5807,-0.08951,0.0000,0.0019,0.02648,0.02649,0.18324,-1.0,1.0000,-29.1739,0.4741,-7.6283,176.792,ppo_car_spread_a_deterministic
38.6007,-0.08951,0.0000,0.0019,0.02716,0.02717,0.33167,-0.4,1.0000,-29.1739,0.4741,-7.6289,176.792,ppo_car_spread_a_deterministic
38.6207,-0.08951,0.0000,0.0019,0.02856,0.02856,0.31360,-0.4,1.0000,-29.1738,0.4741,-7.6294,176.794,ppo_car_spread_a_deterministic
38.6407,-0.08951,0.0000,0.0019,0.02577,0.02577,0.24545,-0.4,1.0000,-29.1738,0.4741,-7.6299,176.796,ppo_car_spread_a_deterministic
38.6607,-0.08941,0.0000,0.0057,0.02435,0.02435,0.10390,-0.4,1.0000,-29.1738,0.4741,-7.6304,176.796,ppo_car_spread_a_deterministic
38.6807,-0.08941,0.0000,0.0057,0.02630,0.02630,0.32815,-1.2,1.0000,-29.1737,0.4741,-7.6310,176.796,ppo_car_spread_a_deterministic
38.7007,-0.08941,0.0000,0.0057,0.01664,0.01665,0.37929,-1.2,1.0000,-29.1737,0.4741,-7.6313,176.797,ppo_car_spread_a_deterministic
38.7207,-0.08941,0.0000,0.0057,0.01994,0.01995,0.37666,-1.2,1.0000,-29.1737,0.4741,-7.6317,176.798,ppo_car_spread_a_deterministic
38.7407,-0.09008,0.0058,0.0000,0.02337,0.02337,0.21611,-1.2,1.0000,-29.1736,0.4741,-7.6321,176.797,ppo_car_spread_a_deterministic
38.7607,-0.09008,0.0058,0.0000,0.02011,0.02011,0.35135,3.0,1.0000,-29.1736,0.4741,-7.6325,176.796,ppo_car_spread_a_deterministic
38.7807,-0.09008,0.0058,0.0000,0.01945,0.01945,0.18303,3.0,1.0000,-29.1736,0.4741,-7.6329,176.797,ppo_car_spread_a_deterministic
38.8007,-0.09008,0.0058,0.0000,0.02182,0.02183,0.20763,3.0,1.0000,-29.1735,0.4741,-7.6333,176.798,ppo_car_spread_a_deterministic
38.8207,-0.09001,0.0030,0.0000,0.02388,0.02389,0.30087,3.0,1.0000,-29.1735,0.4741,-7.6338,176.797,ppo_car_spread_a_deterministic
38.8407,-0.09001,0.0030,0.0000,0.02758,0.02758,0.11520,1.6,1.0000,-29.1735,0.4741,-7.6344,176.796,ppo_car_spread_a_deterministic
38.8607,-0.09001,0.0030,0.0000,0.02016,0.02016,0.23136,1.6,1.0000,-29.1734,0.4741,-7.6348,176.796,ppo_car_spread_a_deterministic
38.8807,-0.09001,0.0030,0.0000,0.02017,0.02017,0.37224,1.6,1.0000,-29.1734,0.4741,-7.6352,176.792,ppo_car_spread_a_deterministic
38.9007,-0.08987,0.0030,0.0000,0.02329,0.02329,0.27224,1.6,1.0000,-29.1734,0.4741,-7.6357,176.793,ppo_car_spread_a_deterministic
38.9207,-0.08987,0.0030,0.0000,0.02150,0.02150,0.38250,1.6,1.0000,-29.1733,0.4741,-7.6361,176.793,ppo_car_spread_a_deterministic
38.9407,-0.08987,0.0030,0.0000,0.02199,0.02199,0.37728,1.6,1.0000,-29.1733,0.4741,-7.6365,176.797,ppo_car_spread_a_deterministic
38.9607,-0.08987,0.0030,0.0000,0.02309,0.02310,0.27507,1.6,1.0000,-29.1733,0.4741,-7.6370,176.796,ppo_car_spread_a_deterministic
38.9807,-0.08996,0.0000,0.0003,0.02744,0.02744,0.24281,1.6,1.0000,-29.1732,0.4741,-7.6375,176.793,ppo_car_spread_a_deterministic
39.0007,-0.08996,0.0000,0.0003,0.02980,0.02981,0.30619,-0.1,1.0000,-29.1732,0.4741,-7.6381,176.789,ppo_car_spread_a_deterministic
39.0207,-0.08996,0.0000,0.0003,0.02773,0.02773,0.38124,-0.1,1.0000,-29.1731,0.4741,-7.6387,176.791,ppo_car_spread_a_deterministic
39.0407,-0.08996,0.0000,0.0003,0.02324,0.02324,0.16419,-0.1,1.0000,-29.1731,0.4741,-7.6392,176.792,ppo_car_spread_a_deterministic
39.0607,-0.08955,0.0000,0.0052,0.02384,0.02384,0.31727,-0.1,1.0000,-29.1731,0.4741,-7.6396,176.791,ppo_car_spread_a_deterministic
39.0807,-0.08955,0.0000,0.0052,0.03035,0.03036,0.36313,-1.1,1.0000,-29.1730,0.4741,-7.6402,176.793,ppo_car_spread_a_deterministic
39.1007,-0.08955,0.0000,0.0052,0.02475,0.02475,0.37455,-1.1,1.0000,-29.1730,0.4741,-7.6407,176.790,ppo_car_spread_a_deterministic
39.1207,-0.08955,0.0000,0.0052,0.02655,0.02656,0.31463,-1.1,1.0000,-29.1729,0.4741,-7.6413,176.791,ppo_car_spread_a_deterministic
39.1407,-0.08951,0.0000,0.0005,0.03155,0.03156,0.30026,-1.1,1.0000,-29.1729,0.4741,-7.6419,176.789,ppo_car_spread_a_deterministic
39.1607,-0.08951,0.0000,0.0005,0.02009,0.02010,0.33850,-0.1,1.0000,-29.1729,0.4741,-7.6423,176.788,ppo_car_spread_a_deterministic
39.1807,-0.08951,0.0000,0.0005,0.02257,0.02257,0.38217,-0.1,1.0000,-29.1728,0.4741,-7.6427,176.787,ppo_car_spread_a_deterministic
39.2007,-0.08951,0.0000,0.0005,0.02742,0.02742,0.07914,-0.1,1.0000,-29.1728,0.4741,-7.6433,176.787,ppo_car_spread_a_deterministic
39.2207,-0.08953,0.0010,0.0000,0.01659,0.01659,0.39598,-0.1,1.0000,-29.1728,0.4741,-7.6436,176.787,ppo_car_spread_a_deterministic
39.2407,-0.08953,0.0010,0.0000,0.02247,0.02247,0.38830,0.5,1.0000,-29.1727,0.4741,-7.6441,176.790,ppo_car_spread_a_deterministic
39.2607,-0.08953,0.0010,0.0000,0.01988,0.01988,0.26371,0.5,1.0000,-29.1727,0.4741,-7.6444,176.790,ppo_car_spread_a_deterministic
39.2807,-0.08953,0.0010,0.0000,0.02253,0.02254,0.16649,0.5,1.0000,-29.1727,0.4741,-7.6449,176.789,ppo_car_spread_a_deterministic
39.3007,-0.08985,0.0028,0.0000,0.02414,0.02414,0.29461,0.5,1.0000,-29.1726,0.4741,-7.6454,176.787,ppo_car_spread_a_deterministic
39.3207,-0.08985,0.0028,0.0000,0.02582,0.02582,0.23639,1.5,1.0000,-29.1726,0.4741,-7.6459,176.785,ppo_car_spread_a_deterministic
39.3407,-0.08985,0.0028,0.0000,0.02630,0.02631,0.25739,1.5,1.0000,-29.1725,0.4741,-7.6464,176.781,ppo_car_spread_a_deterministic
39.3607,-0.08985,0.0028,0.0000,0.02043,0.02044,0.31987,1.5,1.0000,-29.1725,0.4741,-7.6468,176.780,ppo_car_spread_a_deterministic
39.3807,-0.08940,0.0000,0.0015,0.02913,0.02913,0.31883,1.5,1.0000,-29.1725,0.4741,-7.6474,176.775,ppo_car_spread_a_deterministic
39.4007,-0.08940,0.0000,0.0015,0.02527,0.02527,0.23142,-0.3,1.0000,-29.1724,0.4741,-7.6479,176.773,ppo_car_spread_a_deterministic
39.4207,-0.08940,0.0000,0.0015,0.02492,0.02493,0.21014,-0.3,1.0000,-29.1724,0.4741,-7.6484,176.774,ppo_car_spread_a_deterministic
39.4407,-0.08940,0.0000,0.0015,0.03157,0.03157,0.24717,-0.3,1.0000,-29.1723,0.4741,-7.6491,176.774,ppo_car_spread_a_deterministic
39.4607,-0.08960,0.0000,0.0022,0.01782,0.01782,0.39458,-0.3,1.0000,-29.1723,0.4741,-7.6494,176.773,ppo_car_spread_a_deterministic
39.4807,-0.08960,0.0000,0.0022,0.03106,0.03107,0.27351,-0.5,1.0000,-29.1723,0.4741,-7.6500,176.775,ppo_car_spread_a_deterministic
39.5007,-0.08960,0.0000,0.0022,0.02138,0.02138,0.29056,-0.5,1.0000,-29.1722,0.4741,-7.6504,176.776,ppo_car_spread_a_deterministic
39.5207,-0.08960,0.0000,0.0022,0.02790,0.02790,0.21339,-0.5,1.0000,-29.1722,0.4741,-7.6510,176.777,ppo_car_spread_a_deterministic
39.5407,-0.08983,0.0014,0.0000,0.02683,0.02684,0.32202,-0.5,1.0000,-29.1722,0.4741,-7.6515,176.775,ppo_car_spread_a_deterministic
39.5607,-0.08983,0.0014,0.0000,0.02189,0.02190,0.38135,0.7,1.0000,-29.1721,0.4741,-7.6520,176.774,ppo_car_spread_a_deterministic
39.5807,-0.08983,0.0014,0.0000,0.02712,0.02713,0.10742,0.7,1.0000,-29.1721,0.4741,-7.6525,176.772,ppo_car_spread_a_deterministic
39.6007,-0.08983,0.0014,0.0000,0.02326,0.02326,0.25765,0.7,1.0000,-29.1720,0.4741,-7.6530,176.773,ppo_car_spread_a_deterministic
39.6207,-0.08941,0.0000,0.0032,0.02725,0.02725,0.23502,0.7,1.0000,-29.1720,0.4741,-7.6535,176.770,ppo_car_spread_a_deterministic
39.6407,-0.08941,0.0000,0.0032,0.01949,0.01949,0.33273,-0.7,1.0000,-29.1720,0.4741,-7.6539,176.769,ppo_car_spread_a_deterministic
39.6607,-0.08941,0.0000,0.0032,0.02244,0.02245,0.39335,-0.7,1.0000,-29.1719,0.4741,-7.6544,176.768,ppo_car_spread_a_deterministic
39.6807,-0.08941,0.0000,0.0032,0.02581,0.02581,0.37083,-0.7,1.0000,-29.1719,0.4741,-7.6549,176.771,ppo_car_spread_a_deterministic
39.7007,-0.08961,0.0008,0.0000,0.02731,0.02732,0.07868,-0.7,1.0000,-29.1719,0.4741,-7.6554,176.771,ppo_car_spread_a_deterministic
39.7207,-0.08961,0.0008,0.0000,0.02579,0.02580,0.22736,0.4,1.0000,-29.1718,0.4741,-7.6559,176.772,ppo_car_spread_a_deterministic
39.7407,-0.08961,0.0008,0.0000,0.02745,0.02746,0.25977,0.4,1.0000,-29.1718,0.4741,-7.6565,176.773,ppo_car_spread_a_deterministic
39.7607,-0.08961,0.0008,0.0000,0.03015,0.03015,0.31710,0.4,1.0000,-29.1717,0.4741,-7.6571,176.773,ppo_car_spread_a_deterministic
39.7807,-0.08946,0.0000,0.0042,0.03183,0.03184,0.32058,0.4,1.0000,-29.1717,0.4741,-7.6577,176.771,ppo_car_spread_a_deterministic
39.8007,-0.08946,0.0000,0.0042,0.02072,0.02073,0.30948,-0.9,1.0000,-29.1717,0.4741,-7.6581,176.769,ppo_car_spread_a_deterministic
39.8207,-0.08946,0.0000,0.0042,0.02267,0.02267,0.38602,-0.9,1.0000,-29.1716,0.4741,-7.6586,176.771,ppo_car_spread_a_deterministic
39.8407,-0.08946,0.0000,0.0042,0.02693,0.02694,0.28700,-0.9,1.0000,-29.1716,0.4741,-7.6591,176.774,ppo_car_spread_a_deterministic
39.8607,-0.08971,0.0000,0.0002,0.02622,0.02622,0.36798,-0.9,1.0000,-29.1716,0.4741,-7.6596,176.772,ppo_car_spread_a_deterministic
39.8807,-0.08971,0.0000,0.0002,0.02664,0.02664,0.19348,0.0,1.0000,-29.1715,0.4741,-7.6602,176.773,ppo_car_spread_a_deterministic
39.9007,-0.08971,0.0000,0.0002,0.02855,0.02855,0.17160,0.0,1.0000,-29.1715,0.4741,-7.6608,176.772,ppo_car_spread_a_deterministic
39.9207,-0.08971,0.0000,0.0002,0.02952,0.02953,0.23011,0.0,1.0000,-29.1714,0.4741,-7.6613,176.772,ppo_car_spread_a_deterministic
39.9407,-0.08929,0.0000,0.0045,0.02473,0.02474,0.35696,0.0,1.0000,-29.1714,0.4741,-7.6618,176.773,ppo_car_spread_a_deterministic
39.9607,-0.08929,0.0000,0.0045,0.02703,0.02704,0.08452,-1.0,1.0000,-29.1713,0.4741,-7.6624,176.773,ppo_car_spread_a_deterministic
39.9807,-0.08929,0.0000,0.0045,0.02278,0.02278,0.24200,-1.0,1.0000,-29.1713,0.4741,-7.6628,176.773,ppo_car_spread_a_deterministic
40.0007,-0.08929,0.0000,0.0045,0.02697,0.02698,0.20820,-1.0,1.0000,-29.1713,0.4741,-7.6634,176.770,ppo_car_spread_a_deterministic
40.0207,-0.08962,0.0003,0.0000,0.02435,0.02436,0.38008,-1.0,1.0000,-29.1712,0.4741,-7.6638,176.773,ppo_car_spread_a_deterministic
40.0407,-0.08962,0.0003,0.0000,0.02498,0.02498,0.35987,0.2,1.0000,-29.1712,0.4741,-7.6643,176.777,ppo_car_spread_a_deterministic
40.0607,-0.08962,0.0003,0.0000,0.02789,0.02789,0.23509,0.2,1.0000,-29.1712,0.4741,-7.6649,176.775,ppo_car_spread_a_deterministic
40.0807,-0.08962,0.0003,0.0000,0.02643,0.02643,0.38576,0.2,1.0000,-29.1711,0.4741,-7.6654,176.777,ppo_car_spread_a_deterministic
40.1007,-0.08936,0.0000,0.0037,0.02621,0.02621,0.39874,0.2,1.0000,-29.1711,0.4741,-7.6660,176.777,ppo_car_spread_a_deterministic
40.1207,-0.08936,0.0000,0.0037,0.03082,0.03083,0.30302,-0.8,1.0000,-29.1710,0.4741,-7.6666,176.778,ppo_car_spread_a_deterministic
40.1407,-0.08936,0.0000,0.0037,0.02988,0.02989,0.25717,-0.8,1.0000,-29.1710,0.4741,-7.6672,176.778,ppo_car_spread_a_deterministic
40.1607,-0.08936,0.0000,0.0037,0.02041,0.02041,0.35649,-0.8,1.0000,-29.1710,0.4741,-7.6676,176.776,ppo_car_spread_a_deterministic
40.1807,-0.08923,0.0000,0.0062,0.02022,0.02022,0.37498,-0.8,1.0000,-29.1709,0.4741,-7.6680,176.774,ppo_car_spread_a_deterministic
40.2007,-0.08923,0.0000,0.0062,0.02031,0.02031,0.31731,-1.3,1.0000,-29.1709,0.4741,-7.6684,176.775,ppo_car_spread_a_deterministic
40.2207,-0.08923,0.0000,0.0062,0.02093,0.02093,0.34618,-1.3,1.0000,-29.1709,0.4741,-7.6688,176.773,ppo_car_spread_a_deterministic
40.2407,-0.08923,0.0000,0.0062,0.02952,0.02953,0.28014,-1.3,1.0000,-29.1708,0.4741,-7.6694,176.774,ppo_car_spread_a_deterministic
40.2607,-0.08972,0.0023,0.0000,0.02672,0.02672,0.17307,-1.3,1.0000,-29.1708,0.4741,-7.6699,176.773,ppo_car_spread_a_deterministic
40.2807,-0.08972,0.0023,0.0000,0.02449,0.02450,0.15815,1.2,1.0000,-29.1707,0.4741,-7.6704,176.772,ppo_car_spread_a_deterministic
40.3007,-0.08972,0.0023,0.0000,0.02658,0.02659,0.29050,1.2,1.0000,-29.1707,0.4741,-7.6709,176.771,ppo_car_spread_a_deterministic
40.3207,-0.08972,0.0023,0.0000,0.02958,0.02958,0.32033,1.2,1.0000,-29.1707,0.4741,-7.6715,176.772,ppo_car_spread_a_deterministic
40.3407,-0.08943,0.0000,0.0028,0.02969,0.02970,0.31644,1.2,1.0000,-29.1706,0.4741,-7.6721,176.774,ppo_car_spread_a_deterministic
40.3607,-0.08943,0.0000,0.0028,0.02261,0.02262,0.30645,-0.6,1.0000,-29.1706,0.4741,-7.6726,176.772,ppo_car_spread_a_deterministic
40.3807,-0.08943,0.0000,0.0028,0.02557,0.02557,0.19643,-0.6,1.0000,-29.1705,0.4741,-7.6731,176.772,ppo_car_spread_a_deterministic
40.4007,-0.08943,0.0000,0.0028,0.02349,0.02349,0.18053,-0.6,1.0000,-29.1705,0.4741,-7.6735,176.772,ppo_car_spread_a_deterministic
40.4207,-0.08951,0.0000,0.0026,0.02857,0.02858,0.31953,-0.6,1.0000,-29.1705,0.4741,-7.6741,176.774,ppo_car_spread_a_deterministic
40.4407,-0.08951,0.0000,0.0026,0.02431,0.02431,0.17876,-0.5,1.0000,-29.1704,0.4741,-7.6746,176.773,ppo_car_spread_a_deterministic
40.4607,-0.08951,0.0000,0.0026,0.03064,0.03065,0.31908,-0.5,1.0000,-29.1704,0.4741,-7.6752,176.771,ppo_car_spread_a_deterministic
40.4807,-0.08951,0.0000,0.0026,0.02570,0.02571,0.28733,-0.5,1.0000,-29.1703,0.4741,-7.6757,176.771,ppo_car_spread_a_deterministic
40.5007,-0.08918,0.0000,0.0061,0.02428,0.02428,0.09291,-0.5,1.0000,-29.1703,0.4741,-7.6762,176.769,ppo_car_spread_a_deterministic
40.5207,-0.08918,0.0000,0.0061,0.02324,0.02324,0.26661,-1.3,1.0000,-29.1703,0.4741,-7.6767,176.767,ppo_car_spread_a_deterministic
40.5407,-0.08918,0.0000,0.0061,0.02339,0.02339,0.31616,-1.3,1.0000,-29.1702,0.4741,-7.6771,176.767,ppo_car_spread_a_deterministic
40.5607,-0.08918,0.0000,0.0061,0.02984,0.02984,0.32293,-1.3,1.0000,-29.1702,0.4741,-7.6777,176.763,ppo_car_spread_a_deterministic
40.5807,-0.08947,0.0000,0.0002,0.02915,0.02916,0.31959,-1.3,1.0000,-29.1701,0.4741,-7.6783,176.762,ppo_car_spread_a_deterministic
40.6007,-0.08947,0.0000,0.0002,0.01931,0.01932,0.36580,0.0,1.0000,-29.1701,0.4741,-7.6787,176.763,ppo_car_spread_a_deterministic
40.6207,-0.08947,0.0000,0.0002,0.02080,0.02080,0.30891,0.0,1.0000,-29.1701,0.4741,-7.6791,176.762,ppo_car_spread_a_deterministic
40.6407,-0.08947,0.0000,0.0002,0.02265,0.02266,0.39536,0.0,1.0000,-29.1700,0.4741,-7.6796,176.757,ppo_car_spread_a_deterministic
40.6607,-0.08969,0.0026,0.0000,0.02071,0.02071,0.25138,0.0,1.0000,-29.1700,0.4741,-7.6800,176.755,ppo_car_spread_a_deterministic
40.6807,-0.08969,0.0026,0.0000,0.02201,0.02202,0.36674,1.3,1.0000,-29.1700,0.4741,-7.6804,176.752,ppo_car_spread_a_deterministic
40.7007,-0.08969,0.0026,0.0000,0.02336,0.02337,0.17262,1.3,1.0000,-29.1699,0.4741,-7.6809,176.749,ppo_car_spread_a_deterministic
40.7207,-0.08969,0.0026,0.0000,0.01664,0.01664,0.37771,1.3,1.0000,-29.1699,0.4741,-7.6812,176.750,ppo_car_spread_a_deterministic
40.7407,-0.08955,0.0007,0.0000,0.02807,0.02807,0.24915,1.3,1.0000,-29.1699,0.4741,-7.6818,176.750,ppo_car_spread_a_deterministic
40.7607,-0.08955,0.0007,0.0000,0.02346,0.02347,0.13967,0.4,1.0000,-29.1698,0.4741,-7.6822,176.750,ppo_car_spread_a_deterministic
40.7807,-0.08955,0.0007,0.0000,0.03030,0.03030,0.24404,0.4,1.0000,-29.1698,0.4741,-7.6828,176.748,ppo_car_spread_a_deterministic
40.8007,-0.08955,0.0007,0.0000,0.02689,0.02690,0.27734,0.4,1.0000,-29.1698,0.4741,-7.6834,176.746,ppo_car_spread_a_deterministic
40.8207,-0.08920,0.0000,0.0061,0.02268,0.02269,0.19887,0.4,1.0000,-29.1697,0.4741,-7.6838,176.748,ppo_car_spread_a_deterministic
40.8407,-0.08920,0.0000,0.0061,0.02457,0.02457,0.31512,-1.3,1.0000,-29.1697,0.4741,-7.6843,176.750,ppo_car_spread_a_deterministic
40.8607,-0.08920,0.0000,0.0061,0.02298,0.02298,0.29666,-1.3,1.0000,-29.1696,0.4741,-7.6848,176.752,ppo_car_spread_a_deterministic
40.8807,-0.08920,0.0000,0.0061,0.03205,0.03205,0.32404,-1.3,1.0000,-29.1696,0.4741,-7.6854,176.751,ppo_car_spread_a_deterministic
40.9008,-0.08977,0.0000,0.0009,0.02245,0.02246,0.22913,-1.3,1.0000,-29.1696,0.4741,-7.6859,176.753,ppo_car_spread_a_deterministic
40.9208,-0.08977,0.0000,0.0009,0.02138,0.02139,0.38052,-0.2,1.0000,-29.1695,0.4741,-7.6863,176.757,ppo_car_spread_a_deterministic
40.9408,-0.08977,0.0000,0.0009,0.02478,0.02478,0.07078,-0.2,1.0000,-29.1695,0.4741,-7.6868,176.758,ppo_car_spread_a_deterministic
40.9608,-0.08977,0.0000,0.0009,0.02056,0.02057,0.29720,-0.2,1.0000,-29.1695,0.4741,-7.6872,176.756,ppo_car_spread_a_deterministic
40.9808,-0.08961,0.0000,0.0018,0.02273,0.02274,0.17892,-0.2,1.0000,-29.1694,0.4741,-7.6877,176.756,ppo_car_spread_a_deterministic
41.0008,-0.08961,0.0000,0.0018,0.02778,0.02779,0.26702,-0.4,1.0000,-29.1694,0.4741,-7.6882,176.754,ppo_car_spread_a_deterministic
41.0208,-0.08961,0.0000,0.0018,0.02804,0.02805,0.30321,-0.4,1.0000,-29.1693,0.4741,-7.6888,176.753,ppo_car_spread_a_deterministic
41.0408,-0.08961,0.0000,0.0018,0.01833,0.01834,0.30756,-0.4,1.0000,-29.1693,0.4741,-7.6891,176.753,ppo_car_spread_a_deterministic
41.0608,-0.08938,0.0000,0.0044,0.02149,0.02150,0.38608,-0.4,1.0000,-29.1693,0.4741,-7.6896,176.754,ppo_car_spread_a_deterministic
41.0808,-0.08938,0.0000,0.0044,0.02800,0.02800,0.23481,-0.9,1.0000,-29.1692,0.4741,-7.6901,176.752,ppo_car_spread_a_deterministic
41.1008,-0.08938,0.0000,0.0044,0.02429,0.02429,0.30764,-0.9,1.0000,-29.1692,0.4741,-7.6906,176.754,ppo_car_spread_a_deterministic
41.1208,-0.08938,0.0000,0.0044,0.02713,0.02714,0.28361,-0.9,1.0000,-29.1692,0.4741,-7.6912,176.754,ppo_car_spread_a_deterministic
41.1408,-0.08968,0.0000,0.0019,0.02203,0.02203,0.38889,-0.9,1.0000,-29.1691,0.4741,-7.6916,176.751,ppo_car_spread_a_deterministic
41.1608,-0.08968,0.0000,0.0019,0.01917,0.01918,0.39116,-0.4,1.0000,-29.1691,0.4741,-7.6920,176.747,ppo_car_spread_a_deterministic
41.1808,-0.08968,0.0000,0.0019,0.02209,0.02210,0.38210,-0.4,1.0000,-29.1691,0.4741,-7.6924,176.742,ppo_car_spread_a_deterministic
41.2008,-0.08968,0.0000,0.0019,0.02338,0.02339,0.29293,-0.4,1.0000,-29.1690,0.4741,-7.6929,176.745,ppo_car_spread_a_deterministic
41.2208,-0.08955,0.0026,0.0000,0.02144,0.02144,0.35648,-0.4,1.0000,-29.1690,0.4741,-7.6933,176.747,ppo_car_spread_a_deterministic
41.2408,-0.08955,0.0026,0.0000,0.02190,0.02190,0.21228,1.4,1.0000,-29.1690,0.4741,-7.6937,176.745,ppo_car_spread_a_deterministic
41.2608,-0.08955,0.0026,0.0000,0.02793,0.02793,0.32708,1.4,1.0000,-29.1689,0.4741,-7.6943,176.743,ppo_car_spread_a_deterministic
41.2808,-0.08955,0.0026,0.0000,0.02880,0.02881,0.29117,1.4,1.0000,-29.1689,0.4741,-7.6949,176.743,ppo_car_spread_a_deterministic
41.3008,-0.08929,0.0000,0.0036,0.02787,0.02787,0.28482,1.4,1.0000,-29.1688,0.4741,-7.6954,176.744,ppo_car_spread_a_deterministic
41.3208,-0.08929,0.0000,0.0036,0.02711,0.02712,0.27003,-0.8,1.0000,-29.1688,0.4741,-7.6960,176.741,ppo_car_spread_a_deterministic
41.3408,-0.08929,0.0000,0.0036,0.02398,0.02398,0.28193,-0.8,1.0000,-29.1688,0.4741,-7.6965,176.741,ppo_car_spread_a_deterministic
41.3608,-0.08929,0.0000,0.0036,0.02684,0.02685,0.25857,-0.8,1.0000,-29.1687,0.4741,-7.6970,176.742,ppo_car_spread_a_deterministic
41.3808,-0.08953,0.0000,0.0006,0.02808,0.02809,0.29929,-0.8,1.0000,-29.1687,0.4741,-7.6976,176.739,ppo_car_spread_a_deterministic
41.4008,-0.08953,0.0000,0.0006,0.02069,0.02070,0.36511,-0.1,1.0000,-29.1686,0.4741,-7.6980,176.742,ppo_car_spread_a_deterministic
41.4208,-0.08953,0.0000,0.0006,0.02405,0.02406,0.19499,-0.1,1.0000,-29.1686,0.4741,-7.6984,176.743,ppo_car_spread_a_deterministic
41.4408,-0.08953,0.0000,0.0006,0.02553,0.02554,0.18122,-0.1,1.0000,-29.1686,0.4741,-7.6990,176.742,ppo_car_spread_a_deterministic
41.4608,-0.08966,0.0000,0.0010,0.02135,0.02135,0.32738,-0.1,1.0000,-29.1685,0.4741,-7.6994,176.745,ppo_car_spread_a_deterministic
41.4808,-0.08966,0.0000,0.0010,0.01209,0.01210,0.39353,-0.2,1.0000,-29.1685,0.4741,-7.6996,176.745,ppo_car_spread_a_deterministic
41.5008,-0.08966,0.0000,0.0010,0.01898,0.01899,0.36830,-0.2,1.0000,-29.1685,0.4741,-7.7000,176.746,ppo_car_spread_a_deterministic
41.5208,-0.08966,0.0000,0.0010,0.02538,0.02539,0.24270,-0.2,1.0000,-29.1684,0.4741,-7.7005,176.747,ppo_car_spread_a_deterministic
41.5408,-0.09004,0.0032,0.0000,0.02081,0.02081,0.19802,-0.2,1.0000,-29.1684,0.4741,-7.7009,176.747,ppo_car_spread_a_deterministic
41.5608,-0.09004,0.0032,0.0000,0.01882,0.01883,0.22879,1.7,1.0000,-29.1684,0.4741,-7.7013,176.746,ppo_car_spread_a_deterministic
41.5808,-0.09004,0.0032,0.0000,0.01994,0.01995,0.33525,1.7,1.0000,-29.1683,0.4741,-7.7017,176.747,ppo_car_spread_a_deterministic
41.6008,-0.09004,0.0032,0.0000,0.01664,0.01664,0.31115,1.7,1.0000,-29.1683,0.4741,-7.7020,176.746,ppo_car_spread_a_deterministic
41.6208,-0.09002,0.0025,0.0000,0.02337,0.02337,0.37868,1.7,1.0000,-29.1683,0.4741,-7.7025,176.747,ppo_car_spread_a_deterministic
41.6408,-0.09002,0.0025,0.0000,0.02487,0.02488,0.36660,1.3,1.0000,-29.1682,0.4741,-7.7030,176.748,ppo_car_spread_a_deterministic
41.6608,-0.09002,0.0025,0.0000,0.02799,0.02800,0.30787,1.3,1.0000,-29.1682,0.4741,-7.7035,176.751,ppo_car_spread_a_deterministic
41.6808,-0.09002,0.0025,0.0000,0.02290,0.02290,0.31351,1.3,1.0000,-29.1682,0.4741,-7.7040,176.753,ppo_car_spread_a_deterministic
41.7008,-0.08956,0.0000,0.0055,0.02706,0.02707,0.26287,1.3,1.0000,-29.1681,0.4741,-7.7045,176.753,ppo_car_spread_a_deterministic
41.7208,-0.08956,0.0000,0.0055,0.01945,0.01945,0.34778,-1.2,1.0000,-29.1681,0.4741,-7.7049,176.754,ppo_car_spread_a_deterministic
41.7408,-0.08956,0.0000,0.0055,0.02512,0.02512,0.11432,-1.2,1.0000,-29.1681,0.4741,-7.7054,176.753,ppo_car_spread_a_deterministic
41.7608,-0.08956,0.0000,0.0055,0.02437,0.02437,0.12145,-1.2,1.0000,-29.1680,0.4741,-7.7059,176.752,ppo_car_spread_a_deterministic
41.7808,-0.08949,0.0000,0.0016,0.02189,0.02190,0.35098,-1.2,1.0000,-29.1680,0.4741,-7.7064,176.749,ppo_car_spread_a_deterministic
41.8008,-0.08949,0.0000,0.0016,0.02068,0.02069,0.27320,-0.3,1.0000,-29.1679,0.4741,-7.7068,176.748,ppo_car_spread_a_deterministic
41.8208,-0.08949,0.0000,0.0016,0.01854,0.01855,0.31331,-0.3,1.0000,-29.1679,0.4741,-7.7071,176.748,ppo_car_spread_a_deterministic
41.8408,-0.08949,0.0000,0.0016,0.02316,0.02316,0.38596,-0.3,1.0000,-29.1679,0.4741,-7.7076,176.745,ppo_car_spread_a_deterministic
41.8608,-0.08987,0.0042,0.0000,0.02100,0.02101,0.39118,-0.3,1.0000,-29.1679,0.4741,-7.7080,176.747,ppo_car_spread_a_deterministic
41.8808,-0.08987,0.0042,0.0000,0.01956,0.01956,0.29289,2.2,1.0000,-29.1678,0.4741,-7.7084,176.745,ppo_car_spread_a_deterministic
41.9008,-0.08987,0.0042,0.0000,0.02231,0.02232,0.30046,2.2,1.0000,-29.1678,0.4741,-7.7088,176.742,ppo_car_spread_a_deterministic
41.9208,-0.08987,0.0042,0.0000,0.02077,0.02078,0.18397,2.2,1.0000,-29.1678,0.4741,-7.7093,176.742,ppo_car_spread_a_deterministic
41.9408,-0.08969,0.0016,0.0000,0.02370,0.02370,0.15940,2.2,1.0000,-29.1677,0.4741,-7.7097,176.742,ppo_car_spread_a_deterministic
41.9608,-0.08969,0.0016,0.0000,0.02813,0.02814,0.11287,0.8,1.0000,-29.1677,0.4741,-7.7103,176.741,ppo_car_spread_a_deterministic
41.9808,-0.08969,0.0016,0.0000,0.02202,0.02203,0.34531,0.8,1.0000,-29.1676,0.4741,-7.7107,176.741,ppo_car_spread_a_deterministic
42.0008,-0.08969,0.0016,0.0000,0.02157,0.02157,0.38858,0.8,1.0000,-29.1676,0.4741,-7.7112,176.740,ppo_car_spread_a_deterministic
42.0208,-0.08975,0.0009,0.0000,0.02405,0.02405,0.26852,0.8,1.0000,-29.1676,0.4741,-7.7116,176.737,ppo_car_spread_a_deterministic
42.0408,-0.08975,0.0009,0.0000,0.02311,0.02311,0.36529,0.5,1.0000,-29.1675,0.4741,-7.7121,176.734,ppo_car_spread_a_deterministic
42.0608,-0.08975,0.0009,0.0000,0.02968,0.02968,0.28573,0.5,1.0000,-29.1675,0.4741,-7.7127,176.735,ppo_car_spread_a_deterministic
42.0808,-0.08975,0.0009,0.0000,0.02075,0.02076,0.38418,0.5,1.0000,-29.1675,0.4741,-7.7131,176.730,ppo_car_spread_a_deterministic
42.1008,-0.08933,0.0000,0.0065,0.02276,0.02276,0.35439,0.5,1.0000,-29.1674,0.4741,-7.7136,176.733,ppo_car_spread_a_deterministic
42.1208,-0.08933,0.0000,0.0065,0.02450,0.02451,0.21256,-1.4,1.0000,-29.1674,0.4741,-7.7141,176.735,ppo_car_spread_a_deterministic
42.1408,-0.08933,0.0000,0.0065,0.02201,0.02201,0.32416,-1.4,1.0000,-29.1674,0.4741,-7.7145,176.737,ppo_car_spread_a_deterministic
42.1608,-0.08933,0.0000,0.0065,0.02048,0.02049,0.37455,-1.4,1.0000,-29.1673,0.4741,-7.7149,176.736,ppo_car_spread_a_deterministic
42.1808,-0.08977,0.0001,0.0000,0.02211,0.02211,0.17269,-1.4,1.0000,-29.1673,0.4741,-7.7153,176.736,ppo_car_spread_a_deterministic
42.2008,-0.08977,0.0001,0.0000,0.02042,0.02043,0.38922,0.1,1.0000,-29.1673,0.4741,-7.7157,176.733,ppo_car_spread_a_deterministic
42.2208,-0.08977,0.0001,0.0000,0.02581,0.02581,0.35730,0.1,1.0000,-29.1672,0.4741,-7.7163,176.732,ppo_car_spread_a_deterministic
42.2408,-0.08977,0.0001,0.0000,0.02902,0.02902,0.31583,0.1,1.0000,-29.1672,0.4741,-7.7168,176.731,ppo_car_spread_a_deterministic
42.2608,-0.08950,0.0000,0.0022,0.02403,0.02404,0.18624,0.1,1.0000,-29.1671,0.4741,-7.7173,176.731,ppo_car_spread_a_deterministic
42.2808,-0.08950,0.0000,0.0022,0.02409,0.02409,0.30939,-0.5,1.0000,-29.1671,0.4741,-7.7178,176.732,ppo_car_spread_a_deterministic
42.3008,-0.08950,0.0000,0.0022,0.02598,0.02599,0.22125,-0.5,1.0000,-29.1671,0.4741,-7.7183,176.731,ppo_car_spread_a_deterministic
42.3208,-0.08950,0.0000,0.0022,0.01956,0.01957,0.38462,-0.5,1.0000,-29.1670,0.4741,-7.7187,176.731,ppo_car_spread_a_deterministic
42.3408,-0.08940,0.0000,0.0025,0.02788,0.02789,0.30536,-0.5,1.0000,-29.1670,0.4741,-7.7193,176.728,ppo_car_spread_a_deterministic
42.3608,-0.08940,0.0000,0.0025,0.01999,0.01999,0.24556,-0.5,1.0000,-29.1670,0.4741,-7.7197,176.730,ppo_car_spread_a_deterministic
42.3808,-0.08940,0.0000,0.0025,0.01942,0.01943,0.32836,-0.5,1.0000,-29.1669,0.4741,-7.7200,176.728,ppo_car_spread_a_deterministic
42.4008,-0.08940,0.0000,0.0025,0.02366,0.02366,0.23440,-0.5,1.0000,-29.1669,0.4741,-7.7205,176.731,ppo_car_spread_a_deterministic
42.4208,-0.08981,0.0038,0.0000,0.02634,0.02635,0.35557,-0.5,1.0000,-29.1669,0.4741,-7.7210,176.729,ppo_car_spread_a_deterministic
42.4408,-0.08981,0.0038,0.0000,0.02186,0.02186,0.36620,2.0,1.0000,-29.1668,0.4741,-7.7215,176.727,ppo_car_spread_a_deterministic
42.4608,-0.08981,0.0038,0.0000,0.02248,0.02248,0.18990,2.0,1.0000,-29.1668,0.4741,-7.7219,176.728,ppo_car_spread_a_deterministic
42.4808,-0.08981,0.0038,0.0000,0.01760,0.01760,0.39911,2.0,1.0000,-29.1668,0.4741,-7.7223,176.729,ppo_car_spread_a_deterministic
42.5008,-0.08975,0.0002,0.0000,0.02276,0.02276,0.38483,2.0,1.0000,-29.1667,0.4741,-7.7227,176.728,ppo_car_spread_a_deterministic
42.5208,-0.08975,0.0002,0.0000,0.02335,0.02336,0.36915,0.1,1.0000,-29.1667,0.4741,-7.7232,176.725,ppo_car_spread_a_deterministic
42.5408,-0.08975,0.0002,0.0000,0.02509,0.02509,0.29344,0.1,1.0000,-29.1667,0.4741,-7.7237,176.720,ppo_car_spread_a_deterministic
42.5608,-0.08975,0.0002,0.0000,0.02857,0.02857,0.32732,0.1,1.0000,-29.1666,0.4741,-7.7243,176.722,ppo_car_spread_a_deterministic
42.5808,-0.08938,0.0000,0.0002,0.02874,0.02875,0.24372,0.1,1.0000,-29.1666,0.4741,-7.7249,176.723,ppo_car_spread_a_deterministic
42.6008,-0.08938,0.0000,0.0002,0.03300,0.03301,0.31472,0.0,1.0000,-29.1665,0.4741,-7.7255,176.723,ppo_car_spread_a_deterministic
42.6208,-0.08938,0.0000,0.0002,0.02316,0.02317,0.16870,0.0,1.0000,-29.1665,0.4741,-7.7260,176.723,ppo_car_spread_a_deterministic
42.6408,-0.08938,0.0000,0.0002,0.02481,0.02482,0.17685,0.0,1.0000,-29.1664,0.4741,-7.7265,176.721,ppo_car_spread_a_deterministic
42.6608,-0.08961,0.0001,0.0000,0.02885,0.02885,0.18417,0.0,1.0000,-29.1664,0.4741,-7.7271,176.722,ppo_car_spread_a_deterministic
42.6808,-0.08961,0.0001,0.0000,0.02090,0.02091,0.29162,0.0,1.0000,-29.1664,0.4741,-7.7275,176.723,ppo_car_spread_a_deterministic
42.7008,-0.08961,0.0001,0.0000,0.02758,0.02758,0.26509,0.0,1.0000,-29.1663,0.4741,-7.7280,176.722,ppo_car_spread_a_deterministic
42.7208,-0.08961,0.0001,0.0000,0.02534,0.02535,0.39401,0.0,1.0000,-29.1663,0.4741,-7.7285,176.724,ppo_car_spread_a_deterministic
42.7408,-0.08935,0.0000,0.0038,0.02153,0.02154,0.38309,0.0,1.0000,-29.1663,0.4741,-7.7289,176.719,ppo_car_spread_a_deterministic
42.7608,-0.08935,0.0000,0.0038,0.02540,0.02541,0.34440,-0.8,1.0000,-29.1662,0.4741,-7.7294,176.719,ppo_car_spread_a_deterministic
42.7808,-0.08935,0.0000,0.0038,0.03454,0.03454,0.32178,-0.8,1.0000,-29.1662,0.4741,-7.7301,176.718,ppo_car_spread_a_deterministic
42.8008,-0.08935,0.0000,0.0038,0.02650,0.02650,0.21098,-0.8,1.0000,-29.1661,0.4741,-7.7307,176.718,ppo_car_spread_a_deterministic
42.8208,-0.08898,0.0000,0.0104,0.02936,0.02936,0.23350,-0.8,1.0000,-29.1661,0.4741,-7.7313,176.719,ppo_car_spread_a_deterministic
42.8408,-0.08898,0.0000,0.0104,0.02082,0.02083,0.21210,-2.2,1.0000,-29.1660,0.4741,-7.7317,176.719,ppo_car_spread_a_deterministic
42.8608,-0.08898,0.0000,0.0104,0.02772,0.02773,0.20236,-2.2,1.0000,-29.1660,0.4741,-7.7322,176.719,ppo_car_spread_a_deterministic
42.8808,-0.08898,0.0000,0.0104,0.02312,0.02312,0.18360,-2.2,1.0000,-29.1660,0.4741,-7.7327,176.718,ppo_car_spread_a_deterministic
42.9008,-0.08929,0.0000,0.0042,0.02651,0.02652,0.32094,-2.2,1.0000,-29.1659,0.4741,-7.7332,176.714,ppo_car_spread_a_deterministic
42.9208,-0.08929,0.0000,0.0042,0.02652,0.02653,0.22908,-0.9,1.0000,-29.1659,0.4741,-7.7337,176.716,ppo_car_spread_a_deterministic
42.9408,-0.08929,0.0000,0.0042,0.02203,0.02203,0.17023,-0.9,1.0000,-29.1658,0.4741,-7.7342,176.717,ppo_car_spread_a_deterministic
42.9608,-0.08929,0.0000,0.0042,0.02866,0.02867,0.32080,-0.9,1.0000,-29.1658,0.4741,-7.7347,176.719,ppo_car_spread_a_deterministic
42.9808,-0.08973,0.0005,0.0000,0.02202,0.02202,0.37715,-0.9,1.0000,-29.1658,0.4741,-7.7352,176.717,ppo_car_spread_a_deterministic
43.0008,-0.08973,0.0005,0.0000,0.02277,0.02278,0.28759,0.2,1.0000,-29.1657,0.4741,-7.7356,176.719,ppo_car_spread_a_deterministic
43.0208,-0.08973,0.0005,0.0000,0.01785,0.01786,0.33577,0.2,1.0000,-29.1657,0.4741,-7.7360,176.717,ppo_car_spread_a_deterministic
43.0408,-0.08973,0.0005,0.0000,0.02589,0.02589,0.31400,0.2,1.0000,-29.1657,0.4741,-7.7365,176.717,ppo_car_spread_a_deterministic
43.0608,-0.08988,0.0056,0.0000,0.02706,0.02706,0.29757,0.2,1.0000,-29.1656,0.4741,-7.7370,176.714,ppo_car_spread_a_deterministic
43.0808,-0.08988,0.0056,0.0000,0.02177,0.02178,0.34181,2.9,1.0000,-29.1656,0.4741,-7.7375,176.717,ppo_car_spread_a_deterministic
43.1008,-0.08988,0.0056,0.0000,0.02346,0.02346,0.38971,2.9,1.0000,-29.1656,0.4741,-7.7379,176.718,ppo_car_spread_a_deterministic
43.1208,-0.08988,0.0056,0.0000,0.02335,0.02335,0.30568,2.9,1.0000,-29.1655,0.4741,-7.7384,176.721,ppo_car_spread_a_deterministic
43.1408,-0.08962,0.0000,0.0005,0.02332,0.02332,0.17843,2.9,1.0000,-29.1655,0.4741,-7.7389,176.721,ppo_car_spread_a_deterministic
43.1608,-0.08962,0.0000,0.0005,0.01703,0.01703,0.38990,-0.1,1.0000,-29.1655,0.4741,-7.7392,176.721,ppo_car_spread_a_deterministic
43.1808,-0.08962,0.0000,0.0005,0.02718,0.02719,0.21554,-0.1,1.0000,-29.1654,0.4741,-7.7398,176.723,ppo_car_spread_a_deterministic
43.2008,-0.08962,0.0000,0.0005,0.02395,0.02395,0.17716,-0.1,1.0000,-29.1654,0.4741,-7.7402,176.724,ppo_car_spread_a_deterministic
43.2208,-0.08951,0.0000,0.0046,0.02742,0.02743,0.28869,-0.1,1.0000,-29.1653,0.4741,-7.7408,176.726,ppo_car_spread_a_deterministic
43.2408,-0.08951,0.0000,0.0046,0.02533,0.02534,0.17925,-1.0,1.0000,-29.1653,0.4741,-7.7413,176.726,ppo_car_spread_a_deterministic
43.2608,-0.08951,0.0000,0.0046,0.02433,0.02434,0.16452,-1.0,1.0000,-29.1653,0.4741,-7.7418,176.722,ppo_car_spread_a_deterministic
43.2808,-0.08951,0.0000,0.0046,0.02425,0.02425,0.21333,-1.0,1.0000,-29.1652,0.4741,-7.7423,176.723,ppo_car_spread_a_deterministic
43.3008,-0.08945,0.0000,0.0002,0.02481,0.02481,0.29039,-1.0,1.0000,-29.1652,0.4741,-7.7428,176.723,ppo_car_spread_a_deterministic
43.3208,-0.08945,0.0000,0.0002,0.02686,0.02687,0.11524,0.0,1.0000,-29.1651,0.4741,-7.7433,176.722,ppo_car_spread_a_deterministic
43.3408,-0.08945,0.0000,0.0002,0.02786,0.02786,0.14382,0.0,1.0000,-29.1651,0.4741,-7.7439,176.720,ppo_car_spread_a_deterministic
43.3608,-0.08945,0.0000,0.0002,0.01985,0.01986,0.39009,0.0,1.0000,-29.1651,0.4741,-7.7442,176.718,ppo_car_spread_a_deterministic
43.3808,-0.08931,0.0000,0.0041,0.02487,0.02487,0.32859,0.0,1.0000,-29.1650,0.4741,-7.7447,176.722,ppo_car_spread_a_deterministic
43.4008,-0.08931,0.0000,0.0041,0.02401,0.02401,0.17422,-0.9,1.0000,-29.1650,0.4741,-7.7452,176.721,ppo_car_spread_a_deterministic
43.4208,-0.08931,0.0000,0.0041,0.02561,0.02561,0.15553,-0.9,1.0000,-29.1650,0.4741,-7.7457,176.721,ppo_car_spread_a_deterministic
43.4408,-0.08931,0.0000,0.0041,0.02166,0.02166,0.24533,-0.9,1.0000,-29.1649,0.4741,-7.7462,176.717,ppo_car_spread_a_deterministic
43.4608,-0.08949,0.0000,0.0025,0.02152,0.02152,0.20536,-0.9,1.0000,-29.1649,0.4741,-7.7466,176.718,ppo_car_spread_a_deterministic
43.4808,-0.08949,0.0000,0.0025,0.02207,0.02208,0.26664,-0.5,1.0000,-29.1649,0.4741,-7.7470,176.720,ppo_car_spread_a_deterministic
43.5008,-0.08949,0.0000,0.0025,0.02036,0.02036,0.37635,-0.5,1.0000,-29.1648,0.4741,-7.7474,176.719,ppo_car_spread_a_deterministic
43.5208,-0.08949,0.0000,0.0025,0.01992,0.01993,0.38659,-0.5,1.0000,-29.1648,0.4741,-7.7478,176.720,ppo_car_spread_a_deterministic
43.5408,-0.08979,0.0028,0.0000,0.02682,0.02683,0.29118,-0.5,1.0000,-29.1647,0.4741,-7.7484,176.719,ppo_car_spread_a_deterministic
43.5608,-0.08979,0.0028,0.0000,0.01824,0.01824,0.30187,1.5,1.0000,-29.1647,0.4741,-7.7487,176.720,ppo_car_spread_a_deterministic
43.5808,-0.08979,0.0028,0.0000,0.02300,0.02300,0.25764,1.5,1.0000,-29.1647,0.4741,-7.7492,176.720,ppo_car_spread_a_deterministic
43.6008,-0.08979,0.0028,0.0000,0.02833,0.02833,0.32748,1.5,1.0000,-29.1646,0.4741,-7.7498,176.720,ppo_car_spread_a_deterministic
43.6208,-0.08973,0.0000,0.0002,0.02363,0.02363,0.38236,1.5,1.0000,-29.1646,0.4741,-7.7502,176.723,ppo_car_spread_a_deterministic
43.6408,-0.08973,0.0000,0.0002,0.02828,0.02828,0.32156,0.0,1.0000,-29.1646,0.4741,-7.7508,176.721,ppo_car_spread_a_deterministic
43.6608,-0.08973,0.0000,0.0002,0.02612,0.02613,0.36795,0.0,1.0000,-29.1645,0.4741,-7.7513,176.722,ppo_car_spread_a_deterministic
43.6808,-0.08973,0.0000,0.0002,0.03083,0.03083,0.30422,0.0,1.0000,-29.1645,0.4741,-7.7519,176.719,ppo_car_spread_a_deterministic
43.7008,-0.08961,0.0000,0.0033,0.02531,0.02531,0.38257,0.0,1.0000,-29.1644,0.4741,-7.7524,176.720,ppo_car_spread_a_deterministic
43.7208,-0.08961,0.0000,0.0033,0.02682,0.02683,0.25373,-0.7,1.0000,-29.1644,0.4741,-7.7530,176.718,ppo_car_spread_a_deterministic
43.7408,-0.08961,0.0000,0.0033,0.02550,0.02550,0.39203,-0.7,1.0000,-29.1644,0.4741,-7.7535,176.715,ppo_car_spread_a_deterministic
43.7608,-0.08961,0.0000,0.0033,0.01816,0.01816,0.38398,-0.7,1.0000,-29.1643,0.4741,-7.7538,176.716,ppo_car_spread_a_deterministic
43.7808,-0.08945,0.0000,0.0014,0.01900,0.01901,0.39002,-0.7,1.0000,-29.1643,0.4741,-7.7542,176.714,ppo_car_spread_a_deterministic
43.8008,-0.08945,0.0000,0.0014,0.02318,0.02318,0.39373,-0.3,1.0000,-29.1643,0.4741,-7.7547,176.715,ppo_car_spread_a_deterministic
43.8208,-0.08945,0.0000,0.0014,0.02661,0.02662,0.28297,-0.3,1.0000,-29.1642,0.4741,-7.7552,176.713,ppo_car_spread_a_deterministic
43.8408,-0.08945,0.0000,0.0014,0.02087,0.02088,0.25955,-0.3,1.0000,-29.1642,0.4741,-7.7556,176.712,ppo_car_spread_a_deterministic
43.8608,-0.08929,0.0000,0.0025,0.03025,0.03026,0.27991,-0.3,1.0000,-29.1641,0.4741,-7.7562,176.710,ppo_car_spread_a_deterministic
43.8808,-0.08929,0.0000,0.0025,0.02267,0.02268,0.17358,-0.5,1.0000,-29.1641,0.4741,-7.7567,176.711,ppo_car_spread_a_deterministic
43.9008,-0.08929,0.0000,0.0025,0.02060,0.02060,0.32153,-0.5,1.0000,-29.1641,0.4741,-7.7571,176.710,ppo_car_spread_a_deterministic
43.9208,-0.08929,0.0000,0.0025,0.02469,0.02469,0.25849,-0.5,1.0000,-29.1640,0.4741,-7.7576,176.709,ppo_car_spread_a_deterministic
43.9408,-0.08965,0.0025,0.0000,0.01955,0.01955,0.39540,-0.5,1.0000,-29.1640,0.4741,-7.7580,176.710,ppo_car_spread_a_deterministic
43.9608,-0.08965,0.0025,0.0000,0.01437,0.01437,0.39485,1.3,1.0000,-29.1640,0.4741,-7.7582,176.708,ppo_car_spread_a_deterministic
43.9808,-0.08965,0.0025,0.0000,0.02623,0.02623,0.23616,1.3,1.0000,-29.1639,0.4741,-7.7588,176.707,ppo_car_spread_a_deterministic
44.0008,-0.08965,0.0025,0.0000,0.02546,0.02546,0.31977,1.3,1.0000,-29.1639,0.4741,-7.7593,176.704,ppo_car_spread_a_deterministic
44.0208,-0.08942,0.0000,0.0027,0.02717,0.02717,0.31922,1.3,1.0000,-29.1639,0.4741,-7.7598,176.702,ppo_car_spread_a_deterministic
44.0408,-0.08942,0.0000,0.0027,0.02605,0.02606,0.30847,-0.6,1.0000,-29.1638,0.4741,-7.7604,176.698,ppo_car_spread_a_deterministic
44.0608,-0.08942,0.0000,0.0027,0.02473,0.02473,0.27145,-0.6,1.0000,-29.1638,0.4741,-7.7608,176.700,ppo_car_spread_a_deterministic
44.0808,-0.08942,0.0000,0.0027,0.02318,0.02318,0.23512,-0.6,1.0000,-29.1638,0.4741,-7.7613,176.699,ppo_car_spread_a_deterministic
44.1008,-0.08966,0.0000,0.0025,0.02149,0.02149,0.18178,-0.6,1.0000,-29.1637,0.4741,-7.7617,176.700,ppo_car_spread_a_deterministic
44.1208,-0.08966,0.0000,0.0025,0.02290,0.02290,0.38865,-0.5,1.0000,-29.1637,0.4741,-7.7622,176.699,ppo_car_spread_a_deterministic
44.1408,-0.08966,0.0000,0.0025,0.02671,0.02672,0.32091,-0.5,1.0000,-29.1636,0.4741,-7.7627,176.697,ppo_car_spread_a_deterministic
44.1608,-0.08966,0.0000,0.0025,0.02365,0.02366,0.34996,-0.5,1.0000,-29.1636,0.4741,-7.7632,176.696,ppo_car_spread_a_deterministic
44.1808,-0.08938,0.0000,0.0026,0.02743,0.02743,0.23547,-0.5,1.0000,-29.1636,0.4741,-7.7638,176.696,ppo_car_spread_a_deterministic
44.2008,-0.08938,0.0000,0.0026,0.02890,0.02891,0.31439,-0.6,1.0000,-29.1635,0.4741,-7.7643,176.695,ppo_car_spread_a_deterministic
44.2208,-0.08938,0.0000,0.0026,0.02807,0.02807,0.29368,-0.6,1.0000,-29.1635,0.4741,-7.7649,176.694,ppo_car_spread_a_deterministic
44.2408,-0.08938,0.0000,0.0026,0.02498,0.02499,0.27457,-0.6,1.0000,-29.1634,0.4741,-7.7654,176.695,ppo_car_spread_a_deterministic
44.2608,-0.08930,0.0000,0.0046,0.02253,0.02254,0.39191,-0.6,1.0000,-29.1634,0.4741,-7.7658,176.697,ppo_car_spread_a_deterministic
44.2808,-0.08930,0.0000,0.0046,0.02045,0.02045,0.36038,-1.0,1.0000,-29.1634,0.4741,-7.7662,176.700,ppo_car_spread_a_deterministic
44.3008,-0.08930,0.0000,0.0046,0.02106,0.02106,0.12400,-1.0,1.0000,-29.1633,0.4741,-7.7667,176.700,ppo_car_spread_a_deterministic
44.3208,-0.08930,0.0000,0.0046,0.02373,0.02374,0.21187,-1.0,1.0000,-29.1633,0.4741,-7.7671,176.698,ppo_car_spread_a_deterministic
44.3408,-0.08974,0.0016,0.0000,0.02888,0.02889,0.23330,-1.0,1.0000,-29.1633,0.4741,-7.7677,176.698,ppo_car_spread_a_deterministic
44.3608,-0.08974,0.0016,0.0000,0.02215,0.02215,0.22005,0.8,1.0000,-29.1632,0.4741,-7.7681,176.697,ppo_car_spread_a_deterministic
44.3808,-0.08974,0.0016,0.0000,0.01770,0.01770,0.39255,0.8,1.0000,-29.1632,0.4741,-7.7685,176.696,ppo_car_spread_a_deterministic
44.4008,-0.08974,0.0016,0.0000,0.02833,0.02833,0.30593,0.8,1.0000,-29.1632,0.4741,-7.7691,176.696,ppo_car_spread_a_deterministic
44.4208,-0.08989,0.0052,0.0000,0.02191,0.02192,0.14079,0.8,1.0000,-29.1631,0.4741,-7.7695,176.695,ppo_car_spread_a_deterministic
44.4408,-0.08989,0.0052,0.0000,0.02501,0.02501,0.15197,2.8,1.0000,-29.1631,0.4741,-7.7700,176.696,ppo_car_spread_a_deterministic
44.4608,-0.08989,0.0052,0.0000,0.02778,0.02779,0.26231,2.8,1.0000,-29.1630,0.4741,-7.7706,176.697,ppo_car_spread_a_deterministic
44.4808,-0.08989,0.0052,0.0000,0.02013,0.02013,0.32007,2.8,1.0000,-29.1630,0.4741,-7.7710,176.698,ppo_car_spread_a_deterministic
44.5008,-0.08942,0.0000,0.0048,0.02894,0.02894,0.30905,2.8,1.0000,-29.1630,0.4741,-7.7715,176.696,ppo_car_spread_a_deterministic
44.5208,-0.08942,0.0000,0.0048,0.02658,0.02658,0.28362,-1.0,1.0000,-29.1629,0.4741,-7.7721,176.697,ppo_car_spread_a_deterministic
44.5408,-0.08942,0.0000,0.0048,0.02184,0.02185,0.30929,-1.0,1.0000,-29.1629,0.4741,-7.7725,176.695,ppo_car_spread_a_deterministic
44.5608,-0.08942,0.0000,0.0048,0.02523,0.02523,0.32130,-1.0,1.0000,-29.1629,0.4741,-7.7730,176.697,ppo_car_spread_a_deterministic
44.5808,-0.08952,0.0018,0.0000,0.02560,0.02560,0.26654,-1.0,1.0000,-29.1628,0.4741,-7.7735,176.698,ppo_car_spread_a_deterministic
44.6008,-0.08952,0.0018,0.0000,0.03215,0.03216,0.31552,0.9,1.0000,-29.1628,0.4741,-7.7742,176.698,ppo_car_spread_a_deterministic
44.6208,-0.08952,0.0018,0.0000,0.02490,0.02490,0.11249,0.9,1.0000,-29.1627,0.4741,-7.7747,176.698,ppo_car_spread_a_deterministic
44.6408,-0.08952,0.0018,0.0000,0.02307,0.02308,0.16418,0.9,1.0000,-29.1627,0.4741,-7.7751,176.699,ppo_car_spread_a_deterministic
44.6608,-0.08956,0.0000,0.0020,0.02339,0.02339,0.17452,0.9,1.0000,-29.1627,0.4741,-7.7756,176.699,ppo_car_spread_a_deterministic
44.6808,-0.08956,0.0000,0.0020,0.02329,0.02330,0.21272,-0.4,1.0000,-29.1626,0.4741,-7.7760,176.698,ppo_car_spread_a_deterministic
44.7008,-0.08956,0.0000,0.0020,0.01746,0.01747,0.39121,-0.4,1.0000,-29.1626,0.4741,-7.7764,176.700,ppo_car_spread_a_deterministic
44.7208,-0.08956,0.0000,0.0020,0.02268,0.02268,0.37022,-0.4,1.0000,-29.1626,0.4741,-7.7768,176.700,ppo_car_spread_a_deterministic
44.7408,-0.09007,0.0045,0.0000,0.02401,0.02401,0.28380,-0.4,1.0000,-29.1625,0.4741,-7.7773,176.702,ppo_car_spread_a_deterministic
44.7608,-0.09007,0.0045,0.0000,0.02431,0.02432,0.28717,2.4,1.0000,-29.1625,0.4741,-7.7778,176.700,ppo_car_spread_a_deterministic
44.7808,-0.09007,0.0045,0.0000,0.02598,0.02598,0.33388,2.4,1.0000,-29.1624,0.4741,-7.7783,176.697,ppo_car_spread_a_deterministic
44.8008,-0.09007,0.0045,0.0000,0.03157,0.03158,0.31696,2.4,1.0000,-29.1624,0.4741,-7.7790,176.699,ppo_car_spread_a_deterministic
44.8208,-0.08947,0.0000,0.0018,0.02445,0.02445,0.28548,2.4,1.0000,-29.1624,0.4741,-7.7794,176.698,ppo_car_spread_a_deterministic
44.8408,-0.08947,0.0000,0.0018,0.02260,0.02260,0.39717,-0.4,1.0000,-29.1623,0.4741,-7.7799,176.699,ppo_car_spread_a_deterministic
44.8608,-0.08947,0.0000,0.0018,0.03151,0.03152,0.27198,-0.4,1.0000,-29.1623,0.4741,-7.7805,176.698,ppo_car_spread_a_deterministic
44.8808,-0.08947,0.0000,0.0018,0.02390,0.02391,0.26309,-0.4,1.0000,-29.1622,0.4741,-7.7810,176.698,ppo_car_spread_a_deterministic
44.9008,-0.08915,0.0000,0.0077,0.02610,0.02610,0.36573,-0.4,1.0000,-29.1622,0.4741,-7.7815,176.697,ppo_car_spread_a_deterministic
44.9208,-0.08915,0.0000,0.0077,0.02928,0.02928,0.21069,-1.6,1.0000,-29.1622,0.4741,-7.7821,176.695,ppo_car_spread_a_deterministic
44.9408,-0.08915,0.0000,0.0077,0.02450,0.02450,0.17450,-1.6,1.0000,-29.1621,0.4741,-7.7826,176.693,ppo_car_spread_a_deterministic
44.9608,-0.08915,0.0000,0.0077,0.02389,0.02390,0.32256,-1.6,1.0000,-29.1621,0.4741,-7.7831,176.690,ppo_car_spread_a_deterministic
44.9808,-0.08942,0.0000,0.0009,0.03082,0.03082,0.31511,-1.6,1.0000,-29.1620,0.4741,-7.7837,176.690,ppo_car_spread_a_deterministic
45.0008,-0.08942,0.0000,0.0009,0.02789,0.02790,0.22632,-0.2,1.0000,-29.1620,0.4741,-7.7843,176.690,ppo_car_spread_a_deterministic
45.0208,-0.08942,0.0000,0.0009,0.02795,0.02795,0.31336,-0.2,1.0000,-29.1619,0.4741,-7.7848,176.690,ppo_car_spread_a_deterministic
45.0408,-0.08942,0.0000,0.0009,0.01978,0.01979,0.39479,-0.2,1.0000,-29.1619,0.4741,-7.7852,176.689,ppo_car_spread_a_deterministic
45.0608,-0.08928,0.0000,0.0046,0.02461,0.02462,0.27608,-0.2,1.0000,-29.1619,0.4741,-7.7857,176.688,ppo_car_spread_a_deterministic
45.0808,-0.08928,0.0000,0.0046,0.02408,0.02408,0.19350,-1.0,1.0000,-29.1618,0.4741,-7.7862,176.688,ppo_car_spread_a_deterministic
45.1008,-0.08928,0.0000,0.0046,0.02190,0.02191,0.16857,-1.0,1.0000,-29.1618,0.4741,-7.7866,176.687,ppo_car_spread_a_deterministic
45.1208,-0.08928,0.0000,0.0046,0.03096,0.03097,0.32596,-1.0,1.0000,-29.1618,0.4741,-7.7872,176.687,ppo_car_spread_a_deterministic
45.1408,-0.08967,0.0012,0.0000,0.02536,0.02537,0.22998,-1.0,1.0000,-29.1617,0.4741,-7.7877,176.686,ppo_car_spread_a_deterministic
45.1608,-0.08967,0.0012,0.0000,0.01801,0.01801,0.24268,0.6,1.0000,-29.1617,0.4741,-7.7881,176.686,ppo_car_spread_a_deterministic
45.1808,-0.08967,0.0012,0.0000,0.02431,0.02432,0.16874,0.6,1.0000,-29.1616,0.4741,-7.7886,176.683,ppo_car_spread_a_deterministic
45.2008,-0.08967,0.0012,0.0000,0.02052,0.02052,0.21572,0.6,1.0000,-29.1616,0.4741,-7.7890,176.682,ppo_car_spread_a_deterministic
45.2208,-0.08950,0.0000,0.0005,0.01946,0.01946,0.30019,0.6,1.0000,-29.1616,0.4741,-7.7893,176.681,ppo_car_spread_a_deterministic
45.2408,-0.08950,0.0000,0.0005,0.02102,0.02102,0.39114,-0.1,1.0000,-29.1616,0.4741,-7.7898,176.678,ppo_car_spread_a_deterministic
45.2609,-0.08950,0.0000,0.0005,0.02380,0.02380,0.08950,-0.1,1.0000,-29.1615,0.4741,-7.7902,176.677,ppo_car_spread_a_deterministic
45.2809,-0.08950,0.0000,0.0005,0.02154,0.02154,0.39296,-0.1,1.0000,-29.1615,0.4741,-7.7907,176.679,ppo_car_spread_a_deterministic
45.3009,-0.08955,0.0000,0.0004,0.02707,0.02708,0.22959,-0.1,1.0000,-29.1614,0.4741,-7.7912,176.676,ppo_car_spread_a_deterministic
45.3209,-0.08955,0.0000,0.0004,0.02809,0.02809,0.28201,-0.1,1.0000,-29.1614,0.4741,-7.7918,176.676,ppo_car_spread_a_deterministic
45.3409,-0.08955,0.0000,0.0004,0.02901,0.02901,0.30780,-0.1,1.0000,-29.1614,0.4741,-7.7924,176.674,ppo_car_spread_a_deterministic
45.3609,-0.08955,0.0000,0.0004,0.02645,0.02645,0.11656,-0.1,1.0000,-29.1613,0.4741,-7.7929,176.672,ppo_car_spread_a_deterministic
45.3809,-0.08922,0.0000,0.0049,0.02427,0.02428,0.38888,-0.1,1.0000,-29.1613,0.4741,-7.7934,176.677,ppo_car_spread_a_deterministic
45.4009,-0.08922,0.0000,0.0049,0.02650,0.02650,0.12533,-1.0,1.0000,-29.1612,0.4741,-7.7939,176.677,ppo_car_spread_a_deterministic
45.4209,-0.08922,0.0000,0.0049,0.02739,0.02739,0.31203,-1.0,1.0000,-29.1612,0.4741,-7.7945,176.678,ppo_car_spread_a_deterministic
45.4409,-0.08922,0.0000,0.0049,0.02993,0.02994,0.32509,-1.0,1.0000,-29.1612,0.4741,-7.7951,176.676,ppo_car_spread_a_deterministic
45.4609,-0.08940,0.0000,0.0047,0.03007,0.03008,0.27163,-1.0,1.0000,-29.1611,0.4741,-7.7957,176.674,ppo_car_spread_a_deterministic
45.4809,-0.08940,0.0000,0.0047,0.02379,0.02379,0.31164,-1.0,1.0000,-29.1611,0.4741,-7.7961,176.670,ppo_car_spread_a_deterministic
45.5009,-0.08940,0.0000,0.0047,0.02386,0.02386,0.20296,-1.0,1.0000,-29.1610,0.4741,-7.7966,176.668,ppo_car_spread_a_deterministic
45.5209,-0.08940,0.0000,0.0047,0.02073,0.02073,0.36134,-1.0,1.0000,-29.1610,0.4741,-7.7970,176.667,ppo_car_spread_a_deterministic
45.5409,-0.08953,0.0000,0.0002,0.02095,0.02096,0.27476,-1.0,1.0000,-29.1610,0.4741,-7.7974,176.669,ppo_car_spread_a_deterministic
45.5609,-0.08953,0.0000,0.0002,0.02159,0.02160,0.34352,0.0,1.0000,-29.1609,0.4741,-7.7979,176.673,ppo_car_spread_a_deterministic
45.5809,-0.08953,0.0000,0.0002,0.02551,0.02552,0.22350,0.0,1.0000,-29.1609,0.4741,-7.7984,176.674,ppo_car_spread_a_deterministic
45.6009,-0.08953,0.0000,0.0002,0.02386,0.02387,0.31089,0.0,1.0000,-29.1609,0.4741,-7.7988,176.671,ppo_car_spread_a_deterministic
45.6209,-0.08955,0.0000,0.0030,0.02518,0.02519,0.27150,0.0,1.0000,-29.1608,0.4741,-7.7993,176.670,ppo_car_spread_a_deterministic
45.6409,-0.08955,0.0000,0.0030,0.02666,0.02667,0.22550,-0.6,1.0000,-29.1608,0.4741,-7.7999,176.667,ppo_car_spread_a_deterministic
45.6609,-0.08955,0.0000,0.0030,0.02036,0.02036,0.29189,-0.6,1.0000,-29.1607,0.4741,-7.8003,176.666,ppo_car_spread_a_deterministic
45.6809,-0.08955,0.0000,0.0030,0.02857,0.02858,0.31787,-0.6,1.0000,-29.1607,0.4741,-7.8009,176.665,ppo_car_spread_a_deterministic
45.7009,-0.08970,0.0028,0.0000,0.02290,0.02290,0.39033,-0.6,1.0000,-29.1607,0.4741,-7.8013,176.667,ppo_car_spread_a_deterministic
45.7209,-0.08970,0.0028,0.0000,0.03041,0.03041,0.29557,1.5,1.0000,-29.1606,0.4741,-7.8019,176.665,ppo_car_spread_a_deterministic
45.7409,-0.08970,0.0028,0.0000,0.02888,0.02888,0.28256,1.5,1.0000,-29.1606,0.4741,-7.8025,176.666,ppo_car_spread_a_deterministic
45.7609,-0.08970,0.0028,0.0000,0.01907,0.01907,0.38295,1.5,1.0000,-29.1605,0.4741,-7.8029,176.665,ppo_car_spread_a_deterministic
45.7809,-0.08932,0.0000,0.0056,0.01804,0.01804,0.30860,1.5,1.0000,-29.1605,0.4741,-7.8032,176.667,ppo_car_spread_a_deterministic
45.8009,-0.08932,0.0000,0.0056,0.02625,0.02626,0.15077,-1.2,1.0000,-29.1605,0.4741,-7.8038,176.667,ppo_car_spread_a_deterministic
45.8209,-0.08932,0.0000,0.0056,0.02701,0.02702,0.31355,-1.2,1.0000,-29.1604,0.4741,-7.8043,176.662,ppo_car_spread_a_deterministic
45.8409,-0.08932,0.0000,0.0056,0.02788,0.02788,0.30277,-1.2,1.0000,-29.1604,0.4741,-7.8049,176.660,ppo_car_spread_a_deterministic
45.8609,-0.08927,0.0000,0.0024,0.02275,0.02275,0.36619,-1.2,1.0000,-29.1604,0.4741,-7.8053,176.664,ppo_car_spread_a_deterministic
45.8809,-0.08927,0.0000,0.0024,0.02486,0.02487,0.22075,-0.5,1.0000,-29.1603,0.4741,-7.8058,176.660,ppo_car_spread_a_deterministic
45.9009,-0.08927,0.0000,0.0024,0.02573,0.02573,0.11795,-0.5,1.0000,-29.1603,0.4741,-7.8063,176.659,ppo_car_spread_a_deterministic
45.9209,-0.08927,0.0000,0.0024,0.01972,0.01973,0.13534,-0.5,1.0000,-29.1602,0.4741,-7.8067,176.658,ppo_car_spread_a_deterministic
45.9409,-0.08939,0.0000,0.0022,0.01991,0.01991,0.33500,-0.5,1.0000,-29.1602,0.4741,-7.8071,176.659,ppo_car_spread_a_deterministic
45.9609,-0.08939,0.0000,0.0022,0.02143,0.02143,0.30766,-0.5,1.0000,-29.1602,0.4741,-7.8075,176.660,ppo_car_spread_a_deterministic
45.9809,-0.08939,0.0000,0.0022,0.02248,0.02248,0.32063,-0.5,1.0000,-29.1601,0.4741,-7.8080,176.657,ppo_car_spread_a_deterministic
46.0009,-0.08939,0.0000,0.0022,0.02062,0.02063,0.35252,-0.5,1.0000,-29.1601,0.4741,-7.8084,176.659,ppo_car_spread_a_deterministic
46.0209,-0.08948,0.0014,0.0000,0.01832,0.01832,0.26563,-0.5,1.0000,-29.1601,0.4741,-7.8087,176.656,ppo_car_spread_a_deterministic
46.0409,-0.08948,0.0014,0.0000,0.02186,0.02187,0.22436,0.7,1.0000,-29.1601,0.4741,-7.8092,176.653,ppo_car_spread_a_deterministic
46.0609,-0.08948,0.0014,0.0000,0.01540,0.01540,0.39046,0.7,1.0000,-29.1600,0.4741,-7.8095,176.652,ppo_car_spread_a_deterministic
46.0809,-0.08948,0.0014,0.0000,0.02759,0.02760,0.21789,0.7,1.0000,-29.1600,0.4741,-7.8100,176.651,ppo_car_spread_a_deterministic
46.1009,-0.08994,0.0076,0.0000,0.02399,0.02399,0.23870,0.7,1.0000,-29.1600,0.4741,-7.8105,176.650,ppo_car_spread_a_deterministic
46.1209,-0.08994,0.0076,0.0000,0.02297,0.02297,0.19207,4.0,1.0000,-29.1599,0.4741,-7.8110,176.650,ppo_car_spread_a_deterministic
46.1409,-0.08994,0.0076,0.0000,0.02787,0.02787,0.16661,4.0,1.0000,-29.1599,0.4741,-7.8115,176.651,ppo_car_spread_a_deterministic
46.1609,-0.08994,0.0076,0.0000,0.02464,0.02465,0.37819,4.0,1.0000,-29.1598,0.4741,-7.8120,176.652,ppo_car_spread_a_deterministic
46.1809,-0.08945,0.0000,0.0048,0.02986,0.02986,0.32115,4.0,1.0000,-29.1598,0.4741,-7.8126,176.650,ppo_car_spread_a_deterministic
46.2009,-0.08945,0.0000,0.0048,0.02625,0.02625,0.22210,-1.0,1.0000,-29.1597,0.4741,-7.8132,176.651,ppo_car_spread_a_deterministic
46.2209,-0.08945,0.0000,0.0048,0.02414,0.02414,0.29581,-1.0,1.0000,-29.1597,0.4741,-7.8136,176.653,ppo_car_spread_a_deterministic
46.2409,-0.08945,0.0000,0.0048,0.02341,0.02342,0.32650,-1.0,1.0000,-29.1597,0.4741,-7.8141,176.652,ppo_car_spread_a_deterministic
46.2609,-0.08958,0.0000,0.0016,0.03016,0.03017,0.32818,-1.0,1.0000,-29.1596,0.4741,-7.8147,176.654,ppo_car_spread_a_deterministic
46.2809,-0.08958,0.0000,0.0016,0.02032,0.02032,0.34490,-0.3,1.0000,-29.1596,0.4741,-7.8151,176.657,ppo_car_spread_a_deterministic
46.3009,-0.08958,0.0000,0.0016,0.02033,0.02034,0.33935,-0.3,1.0000,-29.1596,0.4741,-7.8155,176.655,ppo_car_spread_a_deterministic
46.3209,-0.08958,0.0000,0.0016,0.02517,0.02518,0.39350,-0.3,1.0000,-29.1595,0.4741,-7.8160,176.651,ppo_car_spread_a_deterministic
46.3409,-0.08978,0.0029,0.0000,0.02295,0.02295,0.15978,-0.3,1.0000,-29.1595,0.4741,-7.8165,176.650,ppo_car_spread_a_deterministic
46.3609,-0.08978,0.0029,0.0000,0.02650,0.02650,0.09174,1.5,1.0000,-29.1594,0.4741,-7.8170,176.649,ppo_car_spread_a_deterministic
46.3809,-0.08978,0.0029,0.0000,0.02141,0.02141,0.39453,1.5,1.0000,-29.1594,0.4741,-7.8174,176.646,ppo_car_spread_a_deterministic
46.4009,-0.08978,0.0029,0.0000,0.02495,0.02496,0.31506,1.5,1.0000,-29.1594,0.4741,-7.8179,176.645,ppo_car_spread_a_deterministic
46.4209,-0.08957,0.0024,0.0000,0.02360,0.02361,0.15855,1.5,1.0000,-29.1593,0.4741,-7.8184,176.643,ppo_car_spread_a_deterministic
46.4409,-0.08957,0.0024,0.0000,0.02320,0.02320,0.18162,1.2,1.0000,-29.1593,0.4741,-7.8189,176.641,ppo_car_spread_a_deterministic
46.4609,-0.08957,0.0024,0.0000,0.02752,0.02753,0.25446,1.2,1.0000,-29.1593,0.4741,-7.8194,176.639,ppo_car_spread_a_deterministic
46.4809,-0.08957,0.0024,0.0000,0.02751,0.02752,0.22051,1.2,1.0000,-29.1592,0.4741,-7.8200,176.639,ppo_car_spread_a_deterministic
46.5009,-0.08939,0.0000,0.0038,0.02572,0.02572,0.32453,1.2,1.0000,-29.1592,0.4741,-7.8205,176.633,ppo_car_spread_a_deterministic
46.5209,-0.08939,0.0000,0.0038,0.01979,0.01979,0.37005,-0.8,1.0000,-29.1591,0.4741,-7.8209,176.635,ppo_car_spread_a_deterministic
46.5409,-0.08939,0.0000,0.0038,0.02497,0.02498,0.33691,-0.8,1.0000,-29.1591,0.4741,-7.8214,176.637,ppo_car_spread_a_deterministic
46.5609,-0.08939,0.0000,0.0038,0.02258,0.02259,0.25451,-0.8,1.0000,-29.1591,0.4741,-7.8218,176.638,ppo_car_spread_a_deterministic
46.5809,-0.08960,0.0000,0.0024,0.02450,0.02450,0.39659,-0.8,1.0000,-29.1590,0.4741,-7.8223,176.640,ppo_car_spread_a_deterministic
46.6009,-0.08960,0.0000,0.0024,0.02428,0.02429,0.20878,-0.5,1.0000,-29.1590,0.4741,-7.8228,176.638,ppo_car_spread_a_deterministic
46.6209,-0.08960,0.0000,0.0024,0.02135,0.02135,0.35044,-0.5,1.0000,-29.1590,0.4741,-7.8232,176.639,ppo_car_spread_a_deterministic
46.6409,-0.08960,0.0000,0.0024,0.01906,0.01906,0.29753,-0.5,1.0000,-29.1589,0.4741,-7.8236,176.638,ppo_car_spread_a_deterministic
46.6609,-0.08977,0.0012,0.0000,0.01921,0.01922,0.22782,-0.5,1.0000,-29.1589,0.4741,-7.8240,176.638,ppo_car_spread_a_deterministic
46.6809,-0.08977,0.0012,0.0000,0.02276,0.02276,0.38919,0.6,1.0000,-29.1589,0.4741,-7.8244,176.634,ppo_car_spread_a_deterministic
46.7009,-0.08977,0.0012,0.0000,0.02224,0.02225,0.33664,0.6,1.0000,-29.1588,0.4741,-7.8249,176.635,ppo_car_spread_a_deterministic
46.7209,-0.08977,0.0012,0.0000,0.02256,0.02257,0.31785,0.6,1.0000,-29.1588,0.4741,-7.8253,176.635,ppo_car_spread_a_deterministic
46.7409,-0.08977,0.0002,0.0000,0.02287,0.02288,0.27127,0.6,1.0000,-29.1588,0.4741,-7.8258,176.635,ppo_car_spread_a_deterministic
46.7609,-0.08977,0.0002,0.0000,0.02090,0.02090,0.37315,0.1,1.0000,-29.1587,0.4741,-7.8262,176.633,ppo_car_spread_a_deterministic
46.7809,-0.08977,0.0002,0.0000,0.02876,0.02877,0.30676,0.1,1.0000,-29.1587,0.4741,-7.8268,176.630,ppo_car_spread_a_deterministic
46.8009,-0.08977,0.0002,0.0000,0.02134,0.02135,0.34477,0.1,1.0000,-29.1586,0.4741,-7.8272,176.629,ppo_car_spread_a_deterministic
46.8209,-0.08924,0.0000,0.0042,0.02404,0.02405,0.18027,0.1,1.0000,-29.1586,0.4741,-7.8277,176.629,ppo_car_spread_a_deterministic
46.8409,-0.08924,0.0000,0.0042,0.02830,0.02831,0.17566,-0.9,1.0000,-29.1586,0.4741,-7.8282,176.630,ppo_car_spread_a_deterministic
46.8609,-0.08924,0.0000,0.0042,0.02230,0.02231,0.31416,-0.9,1.0000,-29.1585,0.4741,-7.8287,176.633,ppo_car_spread_a_deterministic
46.8809,-0.08924,0.0000,0.0042,0.01823,0.01824,0.38544,-0.9,1.0000,-29.1585,0.4741,-7.8290,176.634,ppo_car_spread_a_deterministic
46.9009,-0.08974,0.0000,0.0004,0.02522,0.02522,0.13158,-0.9,1.0000,-29.1585,0.4741,-7.8296,176.634,ppo_car_spread_a_deterministic
46.9209,-0.08974,0.0000,0.0004,0.02548,0.02549,0.18167,-0.1,1.0000,-29.1584,0.4741,-7.8301,176.631,ppo_car_spread_a_deterministic
46.9409,-0.08974,0.0000,0.0004,0.02445,0.02446,0.15422,-0.1,1.0000,-29.1584,0.4741,-7.8306,176.630,ppo_car_spread_a_deterministic
46.9609,-0.08974,0.0000,0.0004,0.02360,0.02361,0.25264,-0.1,1.0000,-29.1583,0.4741,-7.8310,176.630,ppo_car_spread_a_deterministic
46.9809,-0.08952,0.0000,0.0012,0.02841,0.02842,0.29860,-0.1,1.0000,-29.1583,0.4741,-7.8316,176.627,ppo_car_spread_a_deterministic
47.0009,-0.08952,0.0000,0.0012,0.02579,0.02580,0.19297,-0.3,1.0000,-29.1583,0.4741,-7.8321,176.626,ppo_car_spread_a_deterministic
47.0209,-0.08952,0.0000,0.0012,0.02625,0.02625,0.22734,-0.3,1.0000,-29.1582,0.4741,-7.8326,176.626,ppo_car_spread_a_deterministic
47.0409,-0.08952,0.0000,0.0012,0.02597,0.02598,0.27055,-0.3,1.0000,-29.1582,0.4741,-7.8332,176.624,ppo_car_spread_a_deterministic
47.0609,-0.08940,0.0000,0.0029,0.02290,0.02291,0.27456,-0.3,1.0000,-29.1581,0.4741,-7.8336,176.623,ppo_car_spread_a_deterministic
47.0809,-0.08940,0.0000,0.0029,0.02611,0.02612,0.20747,-0.6,1.0000,-29.1581,0.4741,-7.8341,176.624,ppo_car_spread_a_deterministic
47.1009,-0.08940,0.0000,0.0029,0.02598,0.02599,0.10784,-0.6,1.0000,-29.1581,0.4741,-7.8346,176.624,ppo_car_spread_a_deterministic
47.1209,-0.08940,0.0000,0.0029,0.02748,0.02749,0.31480,-0.6,1.0000,-29.1580,0.4741,-7.8352,176.622,ppo_car_spread_a_deterministic
47.1409,-0.08950,0.0000,0.0031,0.02583,0.02584,0.26150,-0.6,1.0000,-29.1580,0.4741,-7.8357,176.625,ppo_car_spread_a_deterministic
47.1609,-0.08950,0.0000,0.0031,0.02592,0.02593,0.27672,-0.6,1.0000,-29.1579,0.4741,-7.8362,176.623,ppo_car_spread_a_deterministic
47.1809,-0.08950,0.0000,0.0031,0.02731,0.02731,0.31006,-0.6,1.0000,-29.1579,0.4741,-7.8368,176.626,ppo_car_spread_a_deterministic
47.2009,-0.08950,0.0000,0.0031,0.02646,0.02646,0.28800,-0.6,1.0000,-29.1578,0.4741,-7.8373,176.623,ppo_car_spread_a_deterministic
47.2209,-0.08950,0.0000,0.0052,0.02023,0.02024,0.32561,-0.6,1.0000,-29.1578,0.4741,-7.8377,176.620,ppo_car_spread_a_deterministic
47.2409,-0.08950,0.0000,0.0052,0.02061,0.02061,0.38840,-1.1,1.0000,-29.1578,0.4741,-7.8381,176.621,ppo_car_spread_a_deterministic
47.2609,-0.08950,0.0000,0.0052,0.01739,0.01739,0.34599,-1.1,1.0000,-29.1578,0.4741,-7.8384,176.621,ppo_car_spread_a_deterministic
47.2809,-0.08950,0.0000,0.0052,0.02021,0.02021,0.34832,-1.1,1.0000,-29.1577,0.4741,-7.8388,176.621,ppo_car_spread_a_deterministic
47.3009,-0.08990,0.0053,0.0000,0.01940,0.01940,0.35258,-1.1,1.0000,-29.1577,0.4741,-7.8392,176.622,ppo_car_spread_a_deterministic
47.3209,-0.08990,0.0053,0.0000,0.02567,0.02568,0.29388,2.8,1.0000,-29.1577,0.4741,-7.8397,176.621,ppo_car_spread_a_deterministic
47.3409,-0.08990,0.0053,0.0000,0.02072,0.02072,0.37152,2.8,1.0000,-29.1576,0.4741,-7.8401,176.623,ppo_car_spread_a_deterministic
47.3609,-0.08990,0.0053,0.0000,0.02399,0.02400,0.39549,2.8,1.0000,-29.1576,0.4741,-7.8406,176.623,ppo_car_spread_a_deterministic
47.3809,-0.08987,0.0014,0.0000,0.02393,0.02394,0.32205,2.8,1.0000,-29.1575,0.4741,-7.8411,176.620,ppo_car_spread_a_deterministic
47.4009,-0.08987,0.0014,0.0000,0.02151,0.02152,0.35166,0.7,1.0000,-29.1575,0.4741,-7.8415,176.619,ppo_car_spread_a_deterministic
47.4209,-0.08987,0.0014,0.0000,0.02135,0.02136,0.39104,0.7,1.0000,-29.1575,0.4741,-7.8420,176.619,ppo_car_spread_a_deterministic
47.4409,-0.08987,0.0014,0.0000,0.02368,0.02368,0.34709,0.7,1.0000,-29.1574,0.4741,-7.8424,176.617,ppo_car_spread_a_deterministic
47.4609,-0.08972,0.0014,0.0000,0.02035,0.02035,0.28795,0.7,1.0000,-29.1574,0.4741,-7.8428,176.618,ppo_car_spread_a_deterministic
47.4809,-0.08972,0.0014,0.0000,0.02290,0.02291,0.36317,0.8,1.0000,-29.1574,0.4741,-7.8433,176.620,ppo_car_spread_a_deterministic
47.5009,-0.08972,0.0014,0.0000,0.02818,0.02818,0.30130,0.8,1.0000,-29.1573,0.4741,-7.8439,176.621,ppo_car_spread_a_deterministic
47.5209,-0.08972,0.0014,0.0000,0.02425,0.02426,0.39479,0.8,1.0000,-29.1573,0.4741,-7.8444,176.621,ppo_car_spread_a_deterministic
47.5409,-0.08943,0.0000,0.0055,0.02358,0.02359,0.33435,0.8,1.0000,-29.1572,0.4741,-7.8448,176.622,ppo_car_spread_a_deterministic
47.5609,-0.08943,0.0000,0.0055,0.03173,0.03174,0.31404,-1.2,1.0000,-29.1572,0.4741,-7.8455,176.622,ppo_car_spread_a_deterministic
47.5809,-0.08943,0.0000,0.0055,0.03024,0.03024,0.30855,-1.2,1.0000,-29.1571,0.4741,-7.8461,176.623,ppo_car_spread_a_deterministic
47.6009,-0.08943,0.0000,0.0055,0.03124,0.03124,0.29480,-1.2,1.0000,-29.1571,0.4741,-7.8467,176.623,ppo_car_spread_a_deterministic
47.6209,-0.08924,0.0000,0.0072,0.02076,0.02077,0.30865,-1.2,1.0000,-29.1571,0.4741,-7.8471,176.624,ppo_car_spread_a_deterministic
47.6409,-0.08924,0.0000,0.0072,0.03120,0.03121,0.29538,-1.5,1.0000,-29.1570,0.4741,-7.8477,176.623,ppo_car_spread_a_deterministic
47.6609,-0.08924,0.0000,0.0072,0.02675,0.02676,0.31278,-1.5,1.0000,-29.1570,0.4741,-7.8483,176.625,ppo_car_spread_a_deterministic
47.6809,-0.08924,0.0000,0.0072,0.02030,0.02031,0.39194,-1.5,1.0000,-29.1569,0.4741,-7.8487,176.625,ppo_car_spread_a_deterministic
47.7009,-0.08949,0.0000,0.0041,0.02721,0.02722,0.25938,-1.5,1.0000,-29.1569,0.4741,-7.8492,176.627,ppo_car_spread_a_deterministic
47.7209,-0.08949,0.0000,0.0041,0.02684,0.02685,0.30893,-0.9,1.0000,-29.1569,0.4741,-7.8497,176.623,ppo_car_spread_a_deterministic
47.7409,-0.08949,0.0000,0.0041,0.02403,0.02403,0.35343,-0.9,1.0000,-29.1568,0.4741,-7.8502,176.621,ppo_car_spread_a_deterministic
47.7609,-0.08949,0.0000,0.0041,0.02574,0.02574,0.22035,-0.9,1.0000,-29.1568,0.4741,-7.8507,176.622,ppo_car_spread_a_deterministic
47.7809,-0.08951,0.0000,0.0004,0.02785,0.02786,0.30818,-0.9,1.0000,-29.1567,0.4741,-7.8513,176.621,ppo_car_spread_a_deterministic
47.8009,-0.08951,0.0000,0.0004,0.02400,0.02401,0.20349,-0.1,1.0000,-29.1567,0.4741,-7.8518,176.622,ppo_car_spread_a_deterministic
47.8209,-0.08951,0.0000,0.0004,0.02685,0.02685,0.28539,-0.1,1.0000,-29.1567,0.4741,-7.8523,176.619,ppo_car_spread_a_deterministic
47.8409,-0.08951,0.0000,0.0004,0.02267,0.02268,0.17427,-0.1,1.0000,-29.1566,0.4741,-7.8528,176.619,ppo_car_spread_a_deterministic
47.8609,-0.08935,0.0000,0.0029,0.02239,0.02239,0.28860,-0.1,1.0000,-29.1566,0.4741,-7.8532,176.615,ppo_car_spread_a_deterministic
47.8809,-0.08935,0.0000,0.0029,0.01829,0.01830,0.38530,-0.6,1.0000,-29.1566,0.4741,-7.8536,176.617,ppo_car_spread_a_deterministic
47.9009,-0.08935,0.0000,0.0029,0.01875,0.01876,0.23431,-0.6,1.0000,-29.1565,0.4741,-7.8539,176.617,ppo_car_spread_a_deterministic
47.9209,-0.08935,0.0000,0.0029,0.02258,0.02258,0.18123,-0.6,1.0000,-29.1565,0.4741,-7.8544,176.615,ppo_car_spread_a_deterministic
47.9409,-0.08990,0.0035,0.0000,0.02215,0.02216,0.24743,-0.6,1.0000,-29.1565,0.4741,-7.8548,176.615,ppo_car_spread_a_deterministic
47.9609,-0.08990,0.0035,0.0000,0.01881,0.01881,0.30605,1.9,1.0000,-29.1564,0.4741,-7.8552,176.616,ppo_car_spread_a_deterministic
47.9809,-0.08990,0.0035,0.0000,0.02240,0.02241,0.28414,1.9,1.0000,-29.1564,0.4741,-7.8556,176.613,ppo_car_spread_a_deterministic
48.0009,-0.08990,0.0035,0.0000,0.02583,0.02584,0.23206,1.9,1.0000,-29.1564,0.4741,-7.8561,176.611,ppo_car_spread_a_deterministic
48.0209,-0.08964,0.0015,0.0000,0.02697,0.02698,0.32193,1.9,1.0000,-29.1563,0.4741,-7.8567,176.612,ppo_car_spread_a_deterministic
48.0409,-0.08964,0.0015,0.0000,0.02888,0.02888,0.32240,0.8,1.0000,-29.1563,0.4741,-7.8573,176.608,ppo_car_spread_a_deterministic
48.0609,-0.08964,0.0015,0.0000,0.02480,0.02480,0.20270,0.8,1.0000,-29.1562,0.4741,-7.8578,176.609,ppo_car_spread_a_deterministic
48.0809,-0.08964,0.0015,0.0000,0.03033,0.03033,0.27155,0.8,1.0000,-29.1562,0.4741,-7.8584,176.607,ppo_car_spread_a_deterministic
48.1009,-0.08956,0.0000,0.0020,0.02721,0.02721,0.30764,0.8,1.0000,-29.1561,0.4741,-7.8589,176.610,ppo_car_spread_a_deterministic
48.1209,-0.08956,0.0000,0.0020,0.02264,0.02264,0.19249,-0.4,1.0000,-29.1561,0.4741,-7.8594,176.609,ppo_car_spread_a_deterministic
48.1409,-0.08956,0.0000,0.0020,0.02306,0.02306,0.24691,-0.4,1.0000,-29.1561,0.4741,-7.8598,176.607,ppo_car_spread_a_deterministic
48.1609,-0.08956,0.0000,0.0020,0.02586,0.02586,0.02743,-0.4,1.0000,-29.1560,0.4741,-7.8604,176.606,ppo_car_spread_a_deterministic
48.1809,-0.08949,0.0005,0.0000,0.02681,0.02681,0.15897,-0.4,1.0000,-29.1560,0.4741,-7.8609,176.605,ppo_car_spread_a_deterministic
48.2009,-0.08949,0.0005,0.0000,0.02375,0.02376,0.15967,0.3,1.0000,-29.1559,0.4741,-7.8614,176.603,ppo_car_spread_a_deterministic
48.2209,-0.08949,0.0005,0.0000,0.02262,0.02262,0.28027,0.3,1.0000,-29.1559,0.4741,-7.8618,176.601,ppo_car_spread_a_deterministic
48.2409,-0.08949,0.0005,0.0000,0.02423,0.02423,0.14335,0.3,1.0000,-29.1559,0.4741,-7.8623,176.601,ppo_car_spread_a_deterministic
48.2609,-0.08957,0.0009,0.0000,0.02798,0.02799,0.30454,0.3,1.0000,-29.1558,0.4741,-7.8629,176.599,ppo_car_spread_a_deterministic
48.2809,-0.08957,0.0009,0.0000,0.02425,0.02425,0.14154,0.4,1.0000,-29.1558,0.4741,-7.8633,176.597,ppo_car_spread_a_deterministic
48.3009,-0.08957,0.0009,0.0000,0.02345,0.02345,0.33849,0.4,1.0000,-29.1557,0.4741,-7.8638,176.597,ppo_car_spread_a_deterministic
48.3209,-0.08957,0.0009,0.0000,0.02401,0.02402,0.30349,0.4,1.0000,-29.1557,0.4741,-7.8643,176.598,ppo_car_spread_a_deterministic
48.3409,-0.08958,0.0000,0.0004,0.02522,0.02522,0.32271,0.4,1.0000,-29.1557,0.4741,-7.8648,176.599,ppo_car_spread_a_deterministic
48.3609,-0.08958,0.0000,0.0004,0.02401,0.02401,0.37548,-0.1,1.0000,-29.1556,0.4741,-7.8653,176.596,ppo_car_spread_a_deterministic
48.3809,-0.08958,0.0000,0.0004,0.02792,0.02792,0.31285,-0.1,1.0000,-29.1556,0.4741,-7.8658,176.594,ppo_car_spread_a_deterministic
48.4009,-0.08958,0.0000,0.0004,0.01977,0.01977,0.37907,-0.1,1.0000,-29.1556,0.4741,-7.8662,176.594,ppo_car_spread_a_deterministic
48.4209,-0.08925,0.0000,0.0040,0.02241,0.02242,0.31587,-0.1,1.0000,-29.1555,0.4741,-7.8666,176.596,ppo_car_spread_a_deterministic
48.4409,-0.08925,0.0000,0.0040,0.01826,0.01826,0.37767,-0.8,1.0000,-29.1555,0.4741,-7.8670,176.596,ppo_car_spread_a_deterministic
48.4609,-0.08925,0.0000,0.0040,0.02607,0.02608,0.24064,-0.8,1.0000,-29.1555,0.4741,-7.8675,176.595,ppo_car_spread_a_deterministic
48.4809,-0.08925,0.0000,0.0040,0.02438,0.02438,0.39179,-0.8,1.0000,-29.1554,0.4741,-7.8680,176.593,ppo_car_spread_a_deterministic
48.5009,-0.08933,0.0000,0.0029,0.01981,0.01981,0.29842,-0.8,1.0000,-29.1554,0.4741,-7.8684,176.594,ppo_car_spread_a_deterministic
48.5209,-0.08933,0.0000,0.0029,0.02084,0.02084,0.35307,-0.6,1.0000,-29.1553,0.4741,-7.8688,176.597,ppo_car_spread_a_deterministic
48.5409,-0.08933,0.0000,0.0029,0.02559,0.02560,0.21779,-0.6,1.0000,-29.1553,0.4741,-7.8693,176.598,ppo_car_spread_a_deterministic
48.5609,-0.08933,0.0000,0.0029,0.02329,0.02329,0.27697,-0.6,1.0000,-29.1553,0.4741,-7.8698,176.595,ppo_car_spread_a_deterministic
48.5809,-0.08949,0.0000,0.0031,0.02222,0.02222,0.38738,-0.6,1.0000,-29.1552,0.4741,-7.8702,176.595,ppo_car_spread_a_deterministic
48.6009,-0.08949,0.0000,0.0031,0.02749,0.02750,0.22682,-0.6,1.0000,-29.1552,0.4741,-7.8708,176.597,ppo_car_spread_a_deterministic
48.6209,-0.08949,0.0000,0.0031,0.02497,0.02497,0.32209,-0.6,1.0000,-29.1552,0.4741,-7.8713,176.597,ppo_car_spread_a_deterministic
48.6409,-0.08949,0.0000,0.0031,0.02768,0.02769,0.19111,-0.6,1.0000,-29.1551,0.4741,-7.8719,176.597,ppo_car_spread_a_deterministic
48.6609,-0.08947,0.0000,0.0019,0.02134,0.02135,0.19563,-0.6,1.0000,-29.1551,0.4741,-7.8723,176.597,ppo_car_spread_a_deterministic
48.6809,-0.08947,0.0000,0.0019,0.02880,0.02880,0.31971,-0.4,1.0000,-29.1550,0.4741,-7.8729,176.599,ppo_car_spread_a_deterministic
48.7009,-0.08947,0.0000,0.0019,0.02179,0.02179,0.20883,-0.4,1.0000,-29.1550,0.4741,-7.8733,176.596,ppo_car_spread_a_deterministic
48.7209,-0.08947,0.0000,0.0019,0.02598,0.02598,0.25223,-0.4,1.0000,-29.1550,0.4741,-7.8738,176.597,ppo_car_spread_a_deterministic
48.7409,-0.08958,0.0019,0.0000,0.02041,0.02041,0.29806,-0.4,1.0000,-29.1549,0.4741,-7.8742,176.593,ppo_car_spread_a_deterministic
48.7609,-0.08958,0.0019,0.0000,0.02559,0.02560,0.30296,1.0,1.0000,-29.1549,0.4741,-7.8747,176.593,ppo_car_spread_a_deterministic
48.7809,-0.08958,0.0019,0.0000,0.02496,0.02497,0.30013,1.0,1.0000,-29.1548,0.4741,-7.8752,176.592,ppo_car_spread_a_deterministic
48.8009,-0.08958,0.0019,0.0000,0.02189,0.02190,0.31949,1.0,1.0000,-29.1548,0.4741,-7.8757,176.594,ppo_car_spread_a_deterministic
48.8209,-0.08954,0.0000,0.0017,0.02409,0.02410,0.17114,1.0,1.0000,-29.1548,0.4741,-7.8761,176.594,ppo_car_spread_a_deterministic
48.8409,-0.08954,0.0000,0.0017,0.02864,0.02865,0.31618,-0.3,1.0000,-29.1547,0.4741,-7.8767,176.594,ppo_car_spread_a_deterministic
48.8609,-0.08954,0.0000,0.0017,0.02669,0.02669,0.29264,-0.3,1.0000,-29.1547,0.4741,-7.8772,176.595,ppo_car_spread_a_deterministic
48.8809,-0.08954,0.0000,0.0017,0.02209,0.02209,0.15290,-0.3,1.0000,-29.1546,0.4741,-7.8777,176.594,ppo_car_spread_a_deterministic
48.9009,-0.08949,0.0000,0.0039,0.02518,0.02519,0.19877,-0.3,1.0000,-29.1546,0.4741,-7.8782,176.593,ppo_car_spread_a_deterministic
48.9209,-0.08949,0.0000,0.0039,0.01845,0.01845,0.36824,-0.8,1.0000,-29.1546,0.4741,-7.8785,176.593,ppo_car_spread_a_deterministic
48.9409,-0.08949,0.0000,0.0039,0.02899,0.02899,0.28833,-0.8,1.0000,-29.1545,0.4741,-7.8791,176.590,ppo_car_spread_a_deterministic
48.9609,-0.08949,0.0000,0.0039,0.02432,0.02433,0.32439,-0.8,1.0000,-29.1545,0.4741,-7.8796,176.589,ppo_car_spread_a_deterministic
48.9809,-0.08917,0.0000,0.0047,0.02713,0.02714,0.19908,-0.8,1.0000,-29.1544,0.4741,-7.8802,176.587,ppo_car_spread_a_deterministic
49.0009,-0.08917,0.0000,0.0047,0.02399,0.02399,0.17316,-1.0,1.0000,-29.1544,0.4741,-7.8806,176.586,ppo_car_spread_a_deterministic
49.0209,-0.08917,0.0000,0.0047,0.02374,0.02374,0.38264,-1.0,1.0000,-29.1544,0.4741,-7.8811,176.584,ppo_car_spread_a_deterministic
49.0409,-0.08917,0.0000,0.0047,0.02295,0.02295,0.36551,-1.0,1.0000,-29.1543,0.4741,-7.8816,176.584,ppo_car_spread_a_deterministic
49.0609,-0.08940,0.0000,0.0001,0.01718,0.01718,0.38821,-1.0,1.0000,-29.1543,0.4741,-7.8819,176.585,ppo_car_spread_a_deterministic
49.0809,-0.08940,0.0000,0.0001,0.01557,0.01557,0.34912,0.0,1.0000,-29.1543,0.4741,-7.8822,176.586,ppo_car_spread_a_deterministic
49.1009,-0.08940,0.0000,0.0001,0.02553,0.02554,0.33135,0.0,1.0000,-29.1542,0.4741,-7.8827,176.585,ppo_car_spread_a_deterministic
49.1209,-0.08940,0.0000,0.0001,0.02612,0.02612,0.30496,0.0,1.0000,-29.1542,0.4741,-7.8832,176.584,ppo_car_spread_a_deterministic
49.1409,-0.08940,0.0000,0.0023,0.01547,0.01547,0.33789,0.0,1.0000,-29.1542,0.4741,-7.8835,176.584,ppo_car_spread_a_deterministic
49.1609,-0.08940,0.0000,0.0023,0.02612,0.02612,0.15443,-0.5,1.0000,-29.1541,0.4741,-7.8841,176.584,ppo_car_spread_a_deterministic
49.1809,-0.08940,0.0000,0.0023,0.02176,0.02177,0.27904,-0.5,1.0000,-29.1541,0.4741,-7.8845,176.586,ppo_car_spread_a_deterministic
49.2009,-0.08940,0.0000,0.0023,0.02424,0.02424,0.39279,-0.5,1.0000,-29.1541,0.4741,-7.8850,176.589,ppo_car_spread_a_deterministic
49.2209,-0.08976,0.0003,0.0000,0.02012,0.02012,0.37534,-0.5,1.0000,-29.1540,0.4741,-7.8854,176.587,ppo_car_spread_a_deterministic
49.2409,-0.08976,0.0003,0.0000,0.02545,0.02545,0.24288,0.1,1.0000,-29.1540,0.4741,-7.8859,176.588,ppo_car_spread_a_deterministic
49.2609,-0.08976,0.0003,0.0000,0.02474,0.02474,0.33263,0.1,1.0000,-29.1539,0.4741,-7.8864,176.583,ppo_car_spread_a_deterministic
49.2809,-0.08976,0.0003,0.0000,0.02761,0.02762,0.20863,0.1,1.0000,-29.1539,0.4741,-7.8870,176.582,ppo_car_spread_a_deterministic
49.3009,-0.08943,0.0000,0.0002,0.02040,0.02041,0.37063,0.1,1.0000,-29.1539,0.4741,-7.8874,176.580,ppo_car_spread_a_deterministic
49.3209,-0.08943,0.0000,0.0002,0.02005,0.02005,0.37387,0.0,1.0000,-29.1538,0.4741,-7.8878,176.579,ppo_car_spread_a_deterministic
49.3409,-0.08943,0.0000,0.0002,0.02171,0.02172,0.23830,0.0,1.0000,-29.1538,0.4741,-7.8882,176.576,ppo_car_spread_a_deterministic
49.3609,-0.08943,0.0000,0.0002,0.02141,0.02141,0.17912,0.0,1.0000,-29.1538,0.4741,-7.8886,176.574,ppo_car_spread_a_deterministic
49.3809,-0.08955,0.0018,0.0000,0.02508,0.02509,0.32633,0.0,1.0000,-29.1537,0.4741,-7.8891,176.570,ppo_car_spread_a_deterministic
49.4009,-0.08955,0.0018,0.0000,0.02361,0.02362,0.28784,1.0,1.0000,-29.1537,0.4741,-7.8896,176.567,ppo_car_spread_a_deterministic
49.4209,-0.08955,0.0018,0.0000,0.02533,0.02534,0.32254,1.0,1.0000,-29.1537,0.4741,-7.8901,176.570,ppo_car_spread_a_deterministic
49.4409,-0.08955,0.0018,0.0000,0.02294,0.02295,0.15785,1.0,1.0000,-29.1536,0.4741,-7.8906,176.571,ppo_car_spread_a_deterministic
49.4609,-0.08968,0.0000,0.0035,0.02146,0.02147,0.24177,1.0,1.0000,-29.1536,0.4741,-7.8910,176.569,ppo_car_spread_a_deterministic
49.4809,-0.08968,0.0000,0.0035,0.02929,0.02930,0.31907,-0.7,1.0000,-29.1535,0.4741,-7.8916,176.569,ppo_car_spread_a_deterministic
49.5009,-0.08968,0.0000,0.0035,0.02569,0.02569,0.29532,-0.7,1.0000,-29.1535,0.4741,-7.8921,176.570,ppo_car_spread_a_deterministic
49.5209,-0.08968,0.0000,0.0035,0.02786,0.02787,0.31808,-0.7,1.0000,-29.1535,0.4741,-7.8926,176.570,ppo_car_spread_a_deterministic
49.5409,-0.08949,0.0000,0.0029,0.02616,0.02617,0.38892,-0.7,1.0000,-29.1534,0.4741,-7.8932,176.567,ppo_car_spread_a_deterministic
49.5609,-0.08949,0.0000,0.0029,0.01976,0.01976,0.38517,-0.6,1.0000,-29.1534,0.4741,-7.8935,176.568,ppo_car_spread_a_deterministic
49.5809,-0.08949,0.0000,0.0029,0.01654,0.01655,0.33520,-0.6,1.0000,-29.1534,0.4741,-7.8939,176.570,ppo_car_spread_a_deterministic
49.6009,-0.08949,0.0000,0.0029,0.01201,0.01201,0.35942,-0.6,1.0000,-29.1533,0.4741,-7.8941,176.570,ppo_car_spread_a_deterministic
49.6209,-0.09011,0.0053,0.0000,0.01921,0.01922,0.31370,-0.6,1.0000,-29.1533,0.4741,-7.8945,176.569,ppo_car_spread_a_deterministic
49.6410,-0.09011,0.0053,0.0000,0.02210,0.02210,0.15986,2.8,1.0000,-29.1533,0.4741,-7.8949,176.569,ppo_car_spread_a_deterministic
49.6610,-0.09011,0.0053,0.0000,0.01887,0.01888,0.28883,2.8,1.0000,-29.1532,0.4741,-7.8953,176.570,ppo_car_spread_a_deterministic
49.6810,-0.09011,0.0053,0.0000,0.02414,0.02415,0.26314,2.8,1.0000,-29.1532,0.4741,-7.8958,176.571,ppo_car_spread_a_deterministic
49.7010,-0.09003,0.0035,0.0000,0.01844,0.01845,0.39475,2.8,1.0000,-29.1532,0.4741,-7.8961,176.571,ppo_car_spread_a_deterministic
49.7210,-0.09003,0.0035,0.0000,0.02333,0.02334,0.34703,1.8,1.0000,-29.1531,0.4741,-7.8966,176.572,ppo_car_spread_a_deterministic
49.7410,-0.09003,0.0035,0.0000,0.02203,0.02203,0.38523,1.8,1.0000,-29.1531,0.4741,-7.8971,176.571,ppo_car_spread_a_deterministic
49.7610,-0.09003,0.0035,0.0000,0.02605,0.02606,0.19143,1.8,1.0000,-29.1531,0.4741,-7.8976,176.568,ppo_car_spread_a_deterministic
49.7810,-0.08964,0.0012,0.0000,0.02404,0.02405,0.36964,1.8,1.0000,-29.1530,0.4741,-7.8981,176.566,ppo_car_spread_a_deterministic
49.8010,-0.08964,0.0012,0.0000,0.02708,0.02708,0.11410,0.6,1.0000,-29.1530,0.4741,-7.8986,176.565,ppo_car_spread_a_deterministic
49.8210,-0.08964,0.0012,0.0000,0.02653,0.02653,0.38106,0.6,1.0000,-29.1529,0.4741,-7.8991,176.568,ppo_car_spread_a_deterministic
49.8410,-0.08964,0.0012,0.0000,0.02820,0.02821,0.27448,0.6,1.0000,-29.1529,0.4741,-7.8997,176.564,ppo_car_spread_a_deterministic
49.8610,-0.08965,0.0000,0.0046,0.02389,0.02390,0.21694,0.6,1.0000,-29.1528,0.4741,-7.9002,176.565,ppo_car_spread_a_deterministic
49.8810,-0.08965,0.0000,0.0046,0.02501,0.02502,0.38679,-1.0,1.0000,-29.1528,0.4741,-7.9007,176.566,ppo_car_spread_a_deterministic
49.9010,-0.08965,0.0000,0.0046,0.02934,0.02935,0.30630,-1.0,1.0000,-29.1528,0.4741,-7.9013,176.564,ppo_car_spread_a_deterministic
49.9210,-0.08965,0.0000,0.0046,0.02590,0.02590,0.28387,-1.0,1.0000,-29.1527,0.4741,-7.9018,176.559,ppo_car_spread_a_deterministic
49.9410,-0.08916,0.0000,0.0053,0.02318,0.02319,0.27166,-1.0,1.0000,-29.1527,0.4741,-7.9022,176.557,ppo_car_spread_a_deterministic
49.9610,-0.08916,0.0000,0.0053,0.02237,0.02237,0.28992,-1.1,1.0000,-29.1526,0.4741,-7.9027,176.555,ppo_car_spread_a_deterministic
49.9810,-0.08916,0.0000,0.0053,0.02323,0.02324,0.31037,-1.1,1.0000,-29.1526,0.4741,-7.9031,176.551,ppo_car_spread_a_deterministic
50.0010,-0.08916,0.0000,0.0053,0.02759,0.02759,0.26787,-1.1,1.0000,-29.1526,0.4741,-7.9037,176.551,ppo_car_spread_a_deterministic
50.0210,-0.08945,0.0009,0.0000,0.02159,0.02159,0.38459,-1.1,1.0000,-29.1525,0.4741,-7.9041,176.549,ppo_car_spread_a_deterministic
50.0410,-0.08945,0.0009,0.0000,0.02146,0.02147,0.37556,0.5,1.0000,-29.1525,0.4741,-7.9045,176.550,ppo_car_spread_a_deterministic
50.0610,-0.08945,0.0009,0.0000,0.02151,0.02151,0.32759,0.5,1.0000,-29.1525,0.4741,-7.9050,176.548,ppo_car_spread_a_deterministic
50.0810,-0.08945,0.0009,0.0000,0.02060,0.02061,0.36022,0.5,1.0000,-29.1524,0.4741,-7.9054,176.549,ppo_car_spread_a_deterministic
50.1010,-0.08960,0.0017,0.0000,0.02433,0.02433,0.36887,0.5,1.0000,-29.1524,0.4741,-7.9059,176.547,ppo_car_spread_a_deterministic
50.1210,-0.08960,0.0017,0.0000,0.02565,0.02566,0.03910,0.9,1.0000,-29.1523,0.4741,-7.9064,176.547,ppo_car_spread_a_deterministic
50.1410,-0.08960,0.0017,0.0000,0.02807,0.02808,0.31168,0.9,1.0000,-29.1523,0.4741,-7.9069,176.545,ppo_car_spread_a_deterministic
50.1610,-0.08960,0.0017,0.0000,0.02248,0.02249,0.28277,0.9,1.0000,-29.1523,0.4741,-7.9074,176.542,ppo_car_spread_a_deterministic
50.1810,-0.08929,0.0000,0.0042,0.03056,0.03057,0.27009,0.9,1.0000,-29.1522,0.4741,-7.9080,176.542,ppo_car_spread_a_deterministic
50.2010,-0.08929,0.0000,0.0042,0.02422,0.02422,0.13958,-0.9,1.0000,-29.1522,0.4741,-7.9085,176.542,ppo_car_spread_a_deterministic
50.2210,-0.08929,0.0000,0.0042,0.02451,0.02452,0.31301,-0.9,1.0000,-29.1521,0.4741,-7.9090,176.545,ppo_car_spread_a_deterministic
50.2410,-0.08929,0.0000,0.0042,0.02526,0.02527,0.11368,-0.9,1.0000,-29.1521,0.4741,-7.9095,176.545,ppo_car_spread_a_deterministic
50.2610,-0.08971,0.0000,0.0030,0.02107,0.02108,0.35252,-0.9,1.0000,-29.1521,0.4741,-7.9099,176.545,ppo_car_spread_a_deterministic
50.2810,-0.08971,0.0000,0.0030,0.02894,0.02895,0.27878,-0.6,1.0000,-29.1520,0.4741,-7.9105,176.546,ppo_car_spread_a_deterministic
50.3010,-0.08971,0.0000,0.0030,0.02747,0.02748,0.11903,-0.6,1.0000,-29.1520,0.4741,-7.9110,176.546,ppo_car_spread_a_deterministic
50.3210,-0.08971,0.0000,0.0030,0.02453,0.02453,0.26542,-0.6,1.0000,-29.1519,0.4741,-7.9115,176.541,ppo_car_spread_a_deterministic
50.3410,-0.08940,0.0000,0.0042,0.02697,0.02697,0.15438,-0.6,1.0000,-29.1519,0.4741,-7.9121,176.539,ppo_car_spread_a_deterministic
50.3610,-0.08940,0.0000,0.0042,0.02176,0.02177,0.17142,-0.9,1.0000,-29.1519,0.4741,-7.9125,176.540,ppo_car_spread_a_deterministic
50.3810,-0.08940,0.0000,0.0042,0.02633,0.02633,0.34510,-0.9,1.0000,-29.1518,0.4741,-7.9130,176.536,ppo_car_spread_a_deterministic
50.4010,-0.08940,0.0000,0.0042,0.02309,0.02309,0.33552,-0.9,1.0000,-29.1518,0.4741,-7.9135,176.536,ppo_car_spread_a_deterministic
50.4210,-0.08924,0.0000,0.0019,0.02188,0.02189,0.19510,-0.9,1.0000,-29.1517,0.4741,-7.9139,176.537,ppo_car_spread_a_deterministic
50.4410,-0.08924,0.0000,0.0019,0.02534,0.02535,0.31305,-0.4,1.0000,-29.1517,0.4741,-7.9144,176.540,ppo_car_spread_a_deterministic
50.4610,-0.08924,0.0000,0.0019,0.02383,0.02384,0.14211,-0.4,1.0000,-29.1517,0.4741,-7.9149,176.540,ppo_car_spread_a_deterministic
50.4810,-0.08924,0.0000,0.0019,0.02455,0.02455,0.17423,-0.4,1.0000,-29.1516,0.4741,-7.9154,176.540,ppo_car_spread_a_deterministic
50.5010,-0.08954,0.0000,0.0010,0.01985,0.01986,0.33411,-0.4,1.0000,-29.1516,0.4741,-7.9158,176.537,ppo_car_spread_a_deterministic
50.5210,-0.08954,0.0000,0.0010,0.02491,0.02491,0.15258,-0.2,1.0000,-29.1516,0.4741,-7.9163,176.538,ppo_car_spread_a_deterministic
50.5410,-0.08954,0.0000,0.0010,0.02833,0.02833,0.33744,-0.2,1.0000,-29.1515,0.4741,-7.9168,176.535,ppo_car_spread_a_deterministic
50.5610,-0.08954,0.0000,0.0010,0.02594,0.02595,0.31932,-0.2,1.0000,-29.1515,0.4741,-7.9174,176.532,ppo_car_spread_a_deterministic
50.5810,-0.08914,0.0000,0.0039,0.02220,0.02221,0.36347,-0.2,1.0000,-29.1514,0.4741,-7.9178,176.532,ppo_car_spread_a_deterministic
50.6010,-0.08914,0.0000,0.0039,0.02331,0.02331,0.25483,-0.8,1.0000,-29.1514,0.4741,-7.9183,176.531,ppo_car_spread_a_deterministic
50.6210,-0.08914,0.0000,0.0039,0.02068,0.02069,0.28011,-0.8,1.0000,-29.1514,0.4741,-7.9187,176.529,ppo_car_spread_a_deterministic
50.6410,-0.08914,0.0000,0.0039,0.01916,0.01917,0.38792,-0.8,1.0000,-29.1513,0.4741,-7.9190,176.526,ppo_car_spread_a_deterministic
50.6610,-0.08966,0.0026,0.0000,0.02556,0.02557,0.28585,-0.8,1.0000,-29.1513,0.4741,-7.9196,176.527,ppo_car_spread_a_deterministic
50.6810,-0.08966,0.0026,0.0000,0.02066,0.02067,0.37195,1.4,1.0000,-29.1513,0.4741,-7.9200,176.526,ppo_car_spread_a_deterministic
50.7010,-0.08966,0.0026,0.0000,0.02422,0.02423,0.25608,1.4,1.0000,-29.1512,0.4741,-7.9204,176.524,ppo_car_spread_a_deterministic
50.7210,-0.08966,0.0026,0.0000,0.02041,0.02041,0.31128,1.4,1.0000,-29.1512,0.4741,-7.9209,176.522,ppo_car_spread_a_deterministic
50.7410,-0.08948,0.0000,0.0005,0.02410,0.02410,0.39072,1.4,1.0000,-29.1512,0.4741,-7.9213,176.520,ppo_car_spread_a_deterministic
50.7610,-0.08948,0.0000,0.0005,0.02831,0.02831,0.30827,-0.1,1.0000,-29.1511,0.4741,-7.9219,176.520,ppo_car_spread_a_deterministic
50.7810,-0.08948,0.0000,0.0005,0.02414,0.02415,0.17212,-0.1,1.0000,-29.1511,0.4741,-7.9224,176.522,ppo_car_spread_a_deterministic
50.8010,-0.08948,0.0000,0.0005,0.01966,0.01966,0.17772,-0.1,1.0000,-29.1510,0.4741,-7.9228,176.522,ppo_car_spread_a_deterministic
50.8210,-0.08965,0.0000,0.0018,0.02505,0.02505,0.30248,-0.1,1.0000,-29.1510,0.4741,-7.9233,176.519,ppo_car_spread_a_deterministic
50.8410,-0.08965,0.0000,0.0018,0.02526,0.02527,0.29732,-0.4,1.0000,-29.1510,0.4741,-7.9238,176.518,ppo_car_spread_a_deterministic
50.8610,-0.08965,0.0000,0.0018,0.01809,0.01810,0.36192,-0.4,1.0000,-29.1509,0.4741,-7.9241,176.517,ppo_car_spread_a_deterministic
50.8810,-0.08965,0.0000,0.0018,0.02845,0.02846,0.30071,-0.4,1.0000,-29.1509,0.4741,-7.9247,176.518,ppo_car_spread_a_deterministic
50.9010,-0.08996,0.0046,0.0000,0.02266,0.02267,0.23245,-0.4,1.0000,-29.1508,0.4741,-7.9252,176.515,ppo_car_spread_a_deterministic
50.9210,-0.08996,0.0046,0.0000,0.02171,0.02171,0.25178,2.4,1.0000,-29.1508,0.4741,-7.9256,176.512,ppo_car_spread_a_deterministic
50.9410,-0.08996,0.0046,0.0000,0.02512,0.02513,0.12940,2.4,1.0000,-29.1508,0.4741,-7.9261,176.510,ppo_car_spread_a_deterministic
50.9610,-0.08996,0.0046,0.0000,0.02529,0.02530,0.18039,2.4,1.0000,-29.1507,0.4741,-7.9266,176.509,ppo_car_spread_a_deterministic
50.9810,-0.08949,0.0000,0.0016,0.02268,0.02269,0.09730,2.4,1.0000,-29.1507,0.4741,-7.9271,176.508,ppo_car_spread_a_deterministic
51.0010,-0.08949,0.0000,0.0016,0.02445,0.02445,0.13540,-0.3,1.0000,-29.1506,0.4741,-7.9275,176.508,ppo_car_spread_a_deterministic
51.0210,-0.08949,0.0000,0.0016,0.03247,0.03248,0.32074,-0.3,1.0000,-29.1506,0.4741,-7.9282,176.507,ppo_car_spread_a_deterministic
51.0410,-0.08949,0.0000,0.0016,0.02008,0.02008,0.38827,-0.3,1.0000,-29.1506,0.4741,-7.9286,176.508,ppo_car_spread_a_deterministic
51.0610,-0.08900,0.0000,0.0083,0.02220,0.02220,0.34795,-0.3,1.0000,-29.1505,0.4741,-7.9290,176.504,ppo_car_spread_a_deterministic
51.0810,-0.08900,0.0000,0.0083,0.02321,0.02322,0.30082,-1.7,1.0000,-29.1505,0.4741,-7.9295,176.505,ppo_car_spread_a_deterministic
51.1010,-0.08900,0.0000,0.0083,0.02314,0.02315,0.15509,-1.7,1.0000,-29.1505,0.4741,-7.9300,176.504,ppo_car_spread_a_deterministic
51.1210,-0.08900,0.0000,0.0083,0.02617,0.02617,0.28663,-1.7,1.0000,-29.1504,0.4741,-7.9305,176.505,ppo_car_spread_a_deterministic
51.1410,-0.08955,0.0000,0.0002,0.02355,0.02356,0.26613,-1.7,1.0000,-29.1504,0.4741,-7.9310,176.504,ppo_car_spread_a_deterministic
51.1610,-0.08955,0.0000,0.0002,0.02391,0.02392,0.22678,0.0,1.0000,-29.1503,0.4741,-7.9314,176.507,ppo_car_spread_a_deterministic
51.1810,-0.08955,0.0000,0.0002,0.02307,0.02308,0.14629,0.0,1.0000,-29.1503,0.4741,-7.9319,176.506,ppo_car_spread_a_deterministic
51.2010,-0.08955,0.0000,0.0002,0.02154,0.02155,0.38384,0.0,1.0000,-29.1503,0.4741,-7.9323,176.506,ppo_car_spread_a_deterministic
51.2210,-0.08955,0.0002,0.0000,0.02321,0.02322,0.33764,0.0,1.0000,-29.1502,0.4741,-7.9328,176.509,ppo_car_spread_a_deterministic
51.2410,-0.08955,0.0002,0.0000,0.02301,0.02302,0.17796,0.1,1.0000,-29.1502,0.4741,-7.9332,176.510,ppo_car_spread_a_deterministic
51.2610,-0.08955,0.0002,0.0000,0.02359,0.02359,0.31912,0.1,1.0000,-29.1501,0.4741,-7.9337,176.505,ppo_car_spread_a_deterministic
51.2810,-0.08955,0.0002,0.0000,0.02296,0.02297,0.30140,0.1,1.0000,-29.1501,0.4741,-7.9342,176.502,ppo_car_spread_a_deterministic
51.3010,-0.08942,0.0009,0.0000,0.02084,0.02084,0.35213,0.1,1.0000,-29.1501,0.4741,-7.9346,176.503,ppo_car_spread_a_deterministic
51.3210,-0.08942,0.0009,0.0000,0.02375,0.02375,0.17572,0.5,1.0000,-29.1500,0.4741,-7.9350,176.504,ppo_car_spread_a_deterministic
51.3410,-0.08942,0.0009,0.0000,0.02502,0.02502,0.21466,0.5,1.0000,-29.1500,0.4741,-7.9355,176.505,ppo_car_spread_a_deterministic
51.3610,-0.08942,0.0009,0.0000,0.02146,0.02147,0.39417,0.5,1.0000,-29.1500,0.4741,-7.9360,176.506,ppo_car_spread_a_deterministic
51.3810,-0.08959,0.0000,0.0025,0.02742,0.02743,0.29977,0.5,1.0000,-29.1499,0.4741,-7.9365,176.506,ppo_car_spread_a_deterministic
51.4010,-0.08959,0.0000,0.0025,0.02399,0.02399,0.36121,-0.5,1.0000,-29.1499,0.4741,-7.9370,176.503,ppo_car_spread_a_deterministic
51.4210,-0.08959,0.0000,0.0025,0.02091,0.02091,0.14978,-0.5,1.0000,-29.1498,0.4741,-7.9374,176.503,ppo_car_spread_a_deterministic
51.4410,-0.08959,0.0000,0.0025,0.02429,0.02429,0.23426,-0.5,1.0000,-29.1498,0.4741,-7.9379,176.504,ppo_car_spread_a_deterministic
51.4610,-0.08979,0.0015,0.0000,0.02812,0.02813,0.32418,-0.5,1.0000,-29.1498,0.4741,-7.9385,176.500,ppo_car_spread_a_deterministic
51.4810,-0.08979,0.0015,0.0000,0.02207,0.02207,0.35652,0.8,1.0000,-29.1497,0.4741,-7.9389,176.499,ppo_car_spread_a_deterministic
51.5010,-0.08979,0.0015,0.0000,0.02246,0.02246,0.38555,0.8,1.0000,-29.1497,0.4741,-7.9394,176.498,ppo_car_spread_a_deterministic
51.5210,-0.08979,0.0015,0.0000,0.02630,0.02630,0.18694,0.8,1.0000,-29.1497,0.4741,-7.9399,176.499,ppo_car_spread_a_deterministic
51.5410,-0.08954,0.0009,0.0000,0.01955,0.01955,0.39835,0.8,1.0000,-29.1496,0.4741,-7.9403,176.502,ppo_car_spread_a_deterministic
51.5610,-0.08954,0.0009,0.0000,0.02407,0.02408,0.20266,0.5,1.0000,-29.1496,0.4741,-7.9407,176.502,ppo_car_spread_a_deterministic
51.5810,-0.08954,0.0009,0.0000,0.02470,0.02471,0.29574,0.5,1.0000,-29.1495,0.4741,-7.9412,176.502,ppo_car_spread_a_deterministic
51.6010,-0.08954,0.0009,0.0000,0.02234,0.02235,0.37263,0.5,1.0000,-29.1495,0.4741,-7.9417,176.501,ppo_car_spread_a_deterministic
51.6210,-0.08957,0.0000,0.0018,0.02208,0.02208,0.26972,0.5,1.0000,-29.1495,0.4741,-7.9421,176.500,ppo_car_spread_a_deterministic
51.6410,-0.08957,0.0000,0.0018,0.02014,0.02014,0.35544,-0.4,1.0000,-29.1494,0.4741,-7.9425,176.500,ppo_car_spread_a_deterministic
51.6610,-0.08957,0.0000,0.0018,0.02536,0.02537,0.32312,-0.4,1.0000,-29.1494,0.4741,-7.9430,176.500,ppo_car_spread_a_deterministic
51.6810,-0.08957,0.0000,0.0018,0.01715,0.01716,0.38809,-0.4,1.0000,-29.1494,0.4741,-7.9434,176.501,ppo_car_spread_a_deterministic
51.7010,-0.08944,0.0000,0.0023,0.02661,0.02661,0.28667,-0.4,1.0000,-29.1493,0.4741,-7.9439,176.502,ppo_car_spread_a_deterministic
51.7210,-0.08944,0.0000,0.0023,0.02322,0.02322,0.29547,-0.5,1.0000,-29.1493,0.4741,-7.9444,176.504,ppo_car_spread_a_deterministic
51.7410,-0.08944,0.0000,0.0023,0.01953,0.01954,0.37606,-0.5,1.0000,-29.1493,0.4741,-7.9448,176.503,ppo_car_spread_a_deterministic
51.7610,-0.08944,0.0000,0.0023,0.01911,0.01912,0.34675,-0.5,1.0000,-29.1492,0.4741,-7.9451,176.503,ppo_car_spread_a_deterministic
51.7810,-0.08983,0.0030,0.0000,0.02040,0.02040,0.21105,-0.5,1.0000,-29.1492,0.4741,-7.9455,176.502,ppo_car_spread_a_deterministic
51.8010,-0.08983,0.0030,0.0000,0.02270,0.02270,0.14673,1.6,1.0000,-29.1492,0.4741,-7.9460,176.500,ppo_car_spread_a_deterministic
51.8210,-0.08983,0.0030,0.0000,0.02675,0.02675,0.17520,1.6,1.0000,-29.1491,0.4741,-7.9465,176.499,ppo_car_spread_a_deterministic
51.8410,-0.08983,0.0030,0.0000,0.02159,0.02159,0.37445,1.6,1.0000,-29.1491,0.4741,-7.9470,176.497,ppo_car_spread_a_deterministic
51.8610,-0.08939,0.0000,0.0031,0.01928,0.01928,0.30886,1.6,1.0000,-29.1491,0.4741,-7.9473,176.498,ppo_car_spread_a_deterministic
51.8810,-0.08939,0.0000,0.0031,0.02538,0.02539,0.23455,-0.7,1.0000,-29.1490,0.4741,-7.9479,176.495,ppo_car_spread_a_deterministic
51.9010,-0.08939,0.0000,0.0031,0.02559,0.02559,0.33633,-0.7,1.0000,-29.1490,0.4741,-7.9484,176.492,ppo_car_spread_a_deterministic
51.9210,-0.08939,0.0000,0.0031,0.02218,0.02218,0.13903,-0.7,1.0000,-29.1489,0.4741,-7.9488,176.490,ppo_car_spread_a_deterministic
51.9410,-0.08930,0.0000,0.0016,0.03079,0.03079,0.25667,-0.7,1.0000,-29.1489,0.4741,-7.9494,176.491,ppo_car_spread_a_deterministic
51.9610,-0.08930,0.0000,0.0016,0.02910,0.02911,0.24222,-0.3,1.0000,-29.1488,0.4741,-7.9500,176.491,ppo_car_spread_a_deterministic
51.9810,-0.08930,0.0000,0.0016,0.02346,0.02346,0.18229,-0.3,1.0000,-29.1488,0.4741,-7.9505,176.492,ppo_car_spread_a_deterministic
52.0010,-0.08930,0.0000,0.0016,0.02399,0.02400,0.31483,-0.3,1.0000,-29.1488,0.4741,-7.9510,176.491,ppo_car_spread_a_deterministic
52.0210,-0.08964,0.0000,0.0011,0.02531,0.02531,0.25907,-0.3,1.0000,-29.1487,0.4741,-7.9515,176.489,ppo_car_spread_a_deterministic
52.0410,-0.08964,0.0000,0.0011,0.02207,0.02207,0.24218,-0.2,1.0000,-29.1487,0.4741,-7.9519,176.491,ppo_car_spread_a_deterministic
52.0610,-0.08964,0.0000,0.0011,0.02575,0.02576,0.35420,-0.2,1.0000,-29.1486,0.4741,-7.9524,176.493,ppo_car_spread_a_deterministic
52.0810,-0.08964,0.0000,0.0011,0.02463,0.02464,0.11496,-0.2,1.0000,-29.1486,0.4741,-7.9529,176.492,ppo_car_spread_a_deterministic
52.1010,-0.08963,0.0000,0.0035,0.02343,0.02344,0.22947,-0.2,1.0000,-29.1486,0.4741,-7.9534,176.491,ppo_car_spread_a_deterministic
52.1210,-0.08963,0.0000,0.0035,0.02156,0.02157,0.11768,-0.7,1.0000,-29.1485,0.4741,-7.9538,176.490,ppo_car_spread_a_deterministic
52.1410,-0.08963,0.0000,0.0035,0.02387,0.02388,0.33494,-0.7,1.0000,-29.1485,0.4741,-7.9543,176.487,ppo_car_spread_a_deterministic
52.1610,-0.08963,0.0000,0.0035,0.02243,0.02243,0.30992,-0.7,1.0000,-29.1485,0.4741,-7.9547,176.484,ppo_car_spread_a_deterministic
52.1810,-0.08945,0.0001,0.0000,0.02406,0.02407,0.25447,-0.7,1.0000,-29.1484,0.4741,-7.9552,176.485,ppo_car_spread_a_deterministic
52.2010,-0.08945,0.0001,0.0000,0.02322,0.02322,0.29600,0.1,1.0000,-29.1484,0.4741,-7.9557,176.482,ppo_car_spread_a_deterministic
52.2210,-0.08945,0.0001,0.0000,0.01629,0.01629,0.36174,0.1,1.0000,-29.1484,0.4741,-7.9560,176.479,ppo_car_spread_a_deterministic
52.2410,-0.08945,0.0001,0.0000,0.02489,0.02489,0.28563,0.1,1.0000,-29.1483,0.4741,-7.9565,176.481,ppo_car_spread_a_deterministic
52.2610,-0.08987,0.0069,0.0000,0.01806,0.01807,0.36161,0.1,1.0000,-29.1483,0.4741,-7.9568,176.483,ppo_car_spread_a_deterministic
52.2810,-0.08987,0.0069,0.0000,0.02012,0.02012,0.35320,3.6,1.0000,-29.1483,0.4741,-7.9572,176.482,ppo_car_spread_a_deterministic
52.3010,-0.08987,0.0069,0.0000,0.02637,0.02637,0.11065,3.6,1.0000,-29.1482,0.4741,-7.9578,176.483,ppo_car_spread_a_deterministic
52.3210,-0.08987,0.0069,0.0000,0.02367,0.02367,0.20698,3.6,1.0000,-29.1482,0.4741,-7.9582,176.480,ppo_car_spread_a_deterministic
52.3410,-0.08947,0.0000,0.0034,0.02683,0.02683,0.39423,3.6,1.0000,-29.1481,0.4741,-7.9588,176.482,ppo_car_spread_a_deterministic
52.3610,-0.08947,0.0000,0.0034,0.02245,0.02245,0.32418,-0.7,1.0000,-29.1481,0.4741,-7.9592,176.482,ppo_car_spread_a_deterministic
52.3810,-0.08947,0.0000,0.0034,0.02647,0.02648,0.18470,-0.7,1.0000,-29.1480,0.4741,-7.9597,176.481,ppo_car_spread_a_deterministic
52.4010,-0.08947,0.0000,0.0034,0.02783,0.02783,0.31744,-0.7,1.0000,-29.1480,0.4741,-7.9603,176.484,ppo_car_spread_a_deterministic
52.4210,-0.08940,0.0000,0.0030,0.02235,0.02236,0.35511,-0.7,1.0000,-29.1480,0.4741,-7.9608,176.480,ppo_car_spread_a_deterministic
52.4410,-0.08940,0.0000,0.0030,0.02721,0.02722,0.25467,-0.6,1.0000,-29.1479,0.4741,-7.9613,176.482,ppo_car_spread_a_deterministic
52.4610,-0.08940,0.0000,0.0030,0.02330,0.02330,0.18373,-0.6,1.0000,-29.1479,0.4741,-7.9618,176.483,ppo_car_spread_a_deterministic
52.4810,-0.08940,0.0000,0.0030,0.02576,0.02577,0.16273,-0.6,1.0000,-29.1478,0.4741,-7.9623,176.483,ppo_car_spread_a_deterministic
52.5010,-0.08962,0.0000,0.0008,0.02239,0.02239,0.29796,-0.6,1.0000,-29.1478,0.4741,-7.9627,176.482,ppo_car_spread_a_deterministic
52.5210,-0.08962,0.0000,0.0008,0.02096,0.02096,0.25781,-0.2,1.0000,-29.1478,0.4741,-7.9631,176.482,ppo_car_spread_a_deterministic
52.5410,-0.08962,0.0000,0.0008,0.02150,0.02150,0.39066,-0.2,1.0000,-29.1477,0.4741,-7.9636,176.481,ppo_car_spread_a_deterministic
52.5610,-0.08962,0.0000,0.0008,0.02029,0.02029,0.18867,-0.2,1.0000,-29.1477,0.4741,-7.9640,176.481,ppo_car_spread_a_deterministic
52.5810,-0.08959,0.0017,0.0000,0.03043,0.03044,0.30019,-0.2,1.0000,-29.1477,0.4741,-7.9646,176.478,ppo_car_spread_a_deterministic
52.6010,-0.08959,0.0017,0.0000,0.02103,0.02104,0.39930,0.9,1.0000,-29.1476,0.4741,-7.9650,176.478,ppo_car_spread_a_deterministic
52.6210,-0.08959,0.0017,0.0000,0.02891,0.02892,0.20951,0.9,1.0000,-29.1476,0.4741,-7.9656,176.478,ppo_car_spread_a_deterministic
52.6410,-0.08959,0.0017,0.0000,0.02079,0.02080,0.37093,0.9,1.0000,-29.1475,0.4741,-7.9660,176.474,ppo_car_spread_a_deterministic
52.6610,-0.08933,0.0000,0.0056,0.02578,0.02579,0.24480,0.9,1.0000,-29.1475,0.4741,-7.9665,176.474,ppo_car_spread_a_deterministic
52.6810,-0.08933,0.0000,0.0056,0.02964,0.02965,0.26747,-1.2,1.0000,-29.1474,0.4741,-7.9671,176.474,ppo_car_spread_a_deterministic
52.7010,-0.08933,0.0000,0.0056,0.01984,0.01984,0.34891,-1.2,1.0000,-29.1474,0.4741,-7.9675,176.476,ppo_car_spread_a_deterministic
52.7210,-0.08933,0.0000,0.0056,0.02681,0.02682,0.07443,-1.2,1.0000,-29.1474,0.4741,-7.9680,176.475,ppo_car_spread_a_deterministic
52.7410,-0.08983,0.0021,0.0000,0.02569,0.02569,0.21986,-1.2,1.0000,-29.1473,0.4741,-7.9685,176.475,ppo_car_spread_a_deterministic
52.7610,-0.08983,0.0021,0.0000,0.02267,0.02267,0.39187,1.1,1.0000,-29.1473,0.4741,-7.9690,176.475,ppo_car_spread_a_deterministic
52.7810,-0.08983,0.0021,0.0000,0.02284,0.02285,0.14620,1.1,1.0000,-29.1473,0.4741,-7.9694,176.474,ppo_car_spread_a_deterministic
52.8010,-0.08983,0.0021,0.0000,0.02433,0.02433,0.39121,1.1,1.0000,-29.1472,0.4741,-7.9699,176.472,ppo_car_spread_a_deterministic
52.8210,-0.08964,0.0002,0.0000,0.02344,0.02345,0.39480,1.1,1.0000,-29.1472,0.4741,-7.9704,176.471,ppo_car_spread_a_deterministic
52.8410,-0.08964,0.0002,0.0000,0.02963,0.02964,0.31034,0.1,1.0000,-29.1471,0.4741,-7.9710,176.470,ppo_car_spread_a_deterministic
52.8610,-0.08964,0.0002,0.0000,0.02219,0.02220,0.28455,0.1,1.0000,-29.1471,0.4741,-7.9714,176.469,ppo_car_spread_a_deterministic
52.8810,-0.08964,0.0002,0.0000,0.02245,0.02245,0.33709,0.1,1.0000,-29.1471,0.4741,-7.9719,176.471,ppo_car_spread_a_deterministic
52.9010,-0.08960,0.0008,0.0000,0.02911,0.02912,0.25061,0.1,1.0000,-29.1470,0.4741,-7.9725,176.471,ppo_car_spread_a_deterministic
52.9210,-0.08960,0.0008,0.0000,0.02635,0.02635,0.17041,0.4,1.0000,-29.1470,0.4741,-7.9730,176.470,ppo_car_spread_a_deterministic
52.9410,-0.08960,0.0008,0.0000,0.02339,0.02339,0.36755,0.4,1.0000,-29.1469,0.4741,-7.9734,176.472,ppo_car_spread_a_deterministic
52.9610,-0.08960,0.0008,0.0000,0.02646,0.02647,0.25553,0.4,1.0000,-29.1469,0.4741,-7.9740,176.470,ppo_car_spread_a_deterministic
52.9810,-0.08966,0.0000,0.0013,0.02600,0.02600,0.11056,0.4,1.0000,-29.1468,0.4741,-7.9745,176.471,ppo_car_spread_a_deterministic
53.0010,-0.08966,0.0000,0.0013,0.02074,0.02075,0.39662,-0.3,1.0000,-29.1468,0.4741,-7.9749,176.470,ppo_car_spread_a_deterministic
53.0210,-0.08966,0.0000,0.0013,0.02883,0.02883,0.17725,-0.3,1.0000,-29.1468,0.4741,-7.9755,176.471,ppo_car_spread_a_deterministic
53.0410,-0.08966,0.0000,0.0013,0.02616,0.02616,0.24043,-0.3,1.0000,-29.1467,0.4741,-7.9760,176.472,ppo_car_spread_a_deterministic
53.0610,-0.08934,0.0000,0.0059,0.02933,0.02934,0.31648,-0.3,1.0000,-29.1467,0.4741,-7.9766,176.474,ppo_car_spread_a_deterministic
53.0810,-0.08934,0.0000,0.0059,0.02749,0.02749,0.28127,-1.2,1.0000,-29.1466,0.4741,-7.9771,176.473,ppo_car_spread_a_deterministic
53.1010,-0.08934,0.0000,0.0059,0.02045,0.02046,0.39053,-1.2,1.0000,-29.1466,0.4741,-7.9775,176.472,ppo_car_spread_a_deterministic
53.1210,-0.08934,0.0000,0.0059,0.02219,0.02220,0.33253,-1.2,1.0000,-29.1466,0.4741,-7.9780,176.474,ppo_car_spread_a_deterministic
53.1410,-0.08975,0.0025,0.0000,0.02565,0.02565,0.35987,-1.2,1.0000,-29.1465,0.4741,-7.9785,176.475,ppo_car_spread_a_deterministic
53.1610,-0.08975,0.0025,0.0000,0.02245,0.02246,0.23891,1.3,1.0000,-29.1465,0.4741,-7.9789,176.474,ppo_car_spread_a_deterministic
53.1810,-0.08975,0.0025,0.0000,0.02677,0.02677,0.37946,1.3,1.0000,-29.1464,0.4741,-7.9795,176.470,ppo_car_spread_a_deterministic
53.2010,-0.08975,0.0025,0.0000,0.02716,0.02717,0.26360,1.3,1.0000,-29.1464,0.4741,-7.9800,176.471,ppo_car_spread_a_deterministic
53.2210,-0.08931,0.0000,0.0022,0.02468,0.02468,0.23598,1.3,1.0000,-29.1464,0.4741,-7.9805,176.469,ppo_car_spread_a_deterministic
53.2410,-0.08931,0.0000,0.0022,0.02689,0.02690,0.22127,-0.5,1.0000,-29.1463,0.4741,-7.9810,176.468,ppo_car_spread_a_deterministic
53.2610,-0.08931,0.0000,0.0022,0.02824,0.02825,0.26094,-0.5,1.0000,-29.1463,0.4741,-7.9816,176.467,ppo_car_spread_a_deterministic
53.2810,-0.08931,0.0000,0.0022,0.03312,0.03312,0.31600,-0.5,1.0000,-29.1462,0.4741,-7.9823,176.466,ppo_car_spread_a_deterministic
53.3010,-0.08931,0.0000,0.0050,0.02856,0.02857,0.29223,-0.5,1.0000,-29.1462,0.4741,-7.9829,176.463,ppo_car_spread_a_deterministic
53.3210,-0.08931,0.0000,0.0050,0.02355,0.02356,0.37049,-1.0,1.0000,-29.1461,0.4741,-7.9833,176.463,ppo_car_spread_a_deterministic
53.3410,-0.08931,0.0000,0.0050,0.02356,0.02356,0.14500,-1.0,1.0000,-29.1461,0.4741,-7.9838,176.462,ppo_car_spread_a_deterministic
53.3610,-0.08931,0.0000,0.0050,0.01829,0.01830,0.39102,-1.0,1.0000,-29.1461,0.4741,-7.9841,176.463,ppo_car_spread_a_deterministic
53.3810,-0.08952,0.0000,0.0004,0.02367,0.02368,0.23960,-1.0,1.0000,-29.1460,0.4741,-7.9846,176.463,ppo_car_spread_a_deterministic
53.4010,-0.08952,0.0000,0.0004,0.02273,0.02273,0.38700,-0.1,1.0000,-29.1460,0.4741,-7.9851,176.464,ppo_car_spread_a_deterministic
53.4210,-0.08952,0.0000,0.0004,0.02714,0.02715,0.32319,-0.1,1.0000,-29.1459,0.4741,-7.9856,176.460,ppo_car_spread_a_deterministic
53.4410,-0.08952,0.0000,0.0004,0.02468,0.02469,0.23645,-0.1,1.0000,-29.1459,0.4741,-7.9861,176.460,ppo_car_spread_a_deterministic
53.4610,-0.08918,0.0000,0.0026,0.02836,0.02836,0.29250,-0.1,1.0000,-29.1459,0.4741,-7.9867,176.458,ppo_car_spread_a_deterministic
53.4810,-0.08918,0.0000,0.0026,0.02045,0.02045,0.38498,-0.5,1.0000,-29.1458,0.4741,-7.9871,176.460,ppo_car_spread_a_deterministic
53.5010,-0.08918,0.0000,0.0026,0.02624,0.02624,0.10468,-0.5,1.0000,-29.1458,0.4741,-7.9876,176.460,ppo_car_spread_a_deterministic
53.5210,-0.08918,0.0000,0.0026,0.02767,0.02768,0.27960,-0.5,1.0000,-29.1457,0.4741,-7.9881,176.459,ppo_car_spread_a_deterministic
53.5410,-0.08939,0.0000,0.0033,0.02150,0.02150,0.36353,-0.5,1.0000,-29.1457,0.4741,-7.9886,176.458,ppo_car_spread_a_deterministic
53.5610,-0.08939,0.0000,0.0033,0.02078,0.02079,0.25297,-0.7,1.0000,-29.1457,0.4741,-7.9890,176.459,ppo_car_spread_a_deterministic
53.5810,-0.08939,0.0000,0.0033,0.01821,0.01822,0.38305,-0.7,1.0000,-29.1456,0.4741,-7.9893,176.458,ppo_car_spread_a_deterministic
53.6010,-0.08939,0.0000,0.0033,0.01967,0.01967,0.39371,-0.7,1.0000,-29.1456,0.4741,-7.9897,176.456,ppo_car_spread_a_deterministic
53.6210,-0.08981,0.0048,0.0000,0.02520,0.02521,0.26761,-0.7,1.0000,-29.1456,0.4741,-7.9902,176.453,ppo_car_spread_a_deterministic
53.6410,-0.08981,0.0048,0.0000,0.01986,0.01986,0.27413,2.5,1.0000,-29.1455,0.4741,-7.9906,176.451,ppo_car_spread_a_deterministic
53.6610,-0.08981,0.0048,0.0000,0.02961,0.02962,0.31866,2.5,1.0000,-29.1455,0.4741,-7.9912,176.448,ppo_car_spread_a_deterministic
53.6810,-0.08981,0.0048,0.0000,0.02607,0.02608,0.39304,2.5,1.0000,-29.1454,0.4741,-7.9918,176.448,ppo_car_spread_a_deterministic
53.7010,-0.08915,0.0000,0.0051,0.02723,0.02723,0.32110,2.5,1.0000,-29.1454,0.4741,-7.9923,176.453,ppo_car_spread_a_deterministic
53.7210,-0.08915,0.0000,0.0051,0.02274,0.02275,0.36626,-1.1,1.0000,-29.1454,0.4741,-7.9928,176.455,ppo_car_spread_a_deterministic
53.7410,-0.08915,0.0000,0.0051,0.02609,0.02609,0.22070,-1.1,1.0000,-29.1453,0.4741,-7.9933,176.454,ppo_car_spread_a_deterministic
53.7610,-0.08915,0.0000,0.0051,0.02706,0.02706,0.22188,-1.1,1.0000,-29.1453,0.4741,-7.9938,176.456,ppo_car_spread_a_deterministic
53.7810,-0.08930,0.0000,0.0030,0.02535,0.02535,0.22413,-1.1,1.0000,-29.1452,0.4741,-7.9943,176.456,ppo_car_spread_a_deterministic
53.8010,-0.08930,0.0000,0.0030,0.02082,0.02082,0.24073,-0.6,1.0000,-29.1452,0.4741,-7.9947,176.454,ppo_car_spread_a_deterministic
53.8210,-0.08930,0.0000,0.0030,0.02690,0.02690,0.30408,-0.6,1.0000,-29.1451,0.4741,-7.9953,176.454,ppo_car_spread_a_deterministic
53.8410,-0.08930,0.0000,0.0030,0.02594,0.02595,0.32172,-0.6,1.0000,-29.1451,0.4741,-7.9958,176.451,ppo_car_spread_a_deterministic
53.8610,-0.08945,0.0000,0.0040,0.02159,0.02159,0.11615,-0.6,1.0000,-29.1451,0.4741,-7.9962,176.450,ppo_car_spread_a_deterministic
53.8810,-0.08945,0.0000,0.0040,0.02359,0.02360,0.06689,-0.8,1.0000,-29.1450,0.4741,-7.9967,176.450,ppo_car_spread_a_deterministic
53.9010,-0.08945,0.0000,0.0040,0.02404,0.02404,0.32196,-0.8,1.0000,-29.1450,0.4741,-7.9972,176.449,ppo_car_spread_a_deterministic
53.9210,-0.08945,0.0000,0.0040,0.02794,0.02795,0.19181,-0.8,1.0000,-29.1450,0.4741,-7.9977,176.448,ppo_car_spread_a_deterministic
53.9410,-0.08943,0.0000,0.0008,0.02469,0.02470,0.30246,-0.8,1.0000,-29.1449,0.4741,-7.9982,176.445,ppo_car_spread_a_deterministic
53.9610,-0.08943,0.0000,0.0008,0.02407,0.02407,0.27842,-0.2,1.0000,-29.1449,0.4741,-7.9987,176.445,ppo_car_spread_a_deterministic
53.9810,-0.08943,0.0000,0.0008,0.02421,0.02421,0.38413,-0.2,1.0000,-29.1448,0.4741,-7.9992,176.442,ppo_car_spread_a_deterministic
54.0011,-0.08943,0.0000,0.0008,0.02050,0.02050,0.38250,-0.2,1.0000,-29.1448,0.4741,-7.9996,176.444,ppo_car_spread_a_deterministic
54.0211,-0.08941,0.0000,0.0004,0.01938,0.01938,0.37871,-0.2,1.0000,-29.1448,0.4741,-8.0000,176.444,ppo_car_spread_a_deterministic
54.0411,-0.08941,0.0000,0.0004,0.02629,0.02630,0.28892,-0.1,1.0000,-29.1447,0.4741,-8.0005,176.444,ppo_car_spread_a_deterministic
54.0611,-0.08941,0.0000,0.0004,0.01671,0.01671,0.35274,-0.1,1.0000,-29.1447,0.4741,-8.0008,176.443,ppo_car_spread_a_deterministic
54.0811,-0.08941,0.0000,0.0004,0.02593,0.02594,0.28112,-0.1,1.0000,-29.1447,0.4741,-8.0013,176.443,ppo_car_spread_a_deterministic
54.1011,-0.08998,0.0057,0.0000,0.02223,0.02224,0.34886,-0.1,1.0000,-29.1446,0.4741,-8.0018,176.438,ppo_car_spread_a_deterministic
54.1211,-0.08998,0.0057,0.0000,0.02074,0.02074,0.35863,3.0,1.0000,-29.1446,0.4741,-8.0022,176.435,ppo_car_spread_a_deterministic
54.1411,-0.08998,0.0057,0.0000,0.02905,0.02905,0.31204,3.0,1.0000,-29.1445,0.4741,-8.0028,176.436,ppo_car_spread_a_deterministic
54.1611,-0.08998,0.0057,0.0000,0.02539,0.02539,0.31523,3.0,1.0000,-29.1445,0.4741,-8.0033,176.435,ppo_car_spread_a_deterministic
54.1811,-0.08937,0.0000,0.0060,0.02436,0.02437,0.17270,3.0,1.0000,-29.1445,0.4741,-8.0038,176.432,ppo_car_spread_a_deterministic
54.2011,-0.08937,0.0000,0.0060,0.02718,0.02719,0.39142,-1.3,1.0000,-29.1444,0.4741,-8.0043,176.433,ppo_car_spread_a_deterministic
54.2211,-0.08937,0.0000,0.0060,0.02427,0.02428,0.18525,-1.3,1.0000,-29.1444,0.4741,-8.0048,176.430,ppo_car_spread_a_deterministic
54.2411,-0.08937,0.0000,0.0060,0.02598,0.02599,0.38495,-1.3,1.0000,-29.1443,0.4741,-8.0053,176.427,ppo_car_spread_a_deterministic
54.2611,-0.08939,0.0000,0.0004,0.02854,0.02854,0.23991,-1.3,1.0000,-29.1443,0.4741,-8.0059,176.426,ppo_car_spread_a_deterministic
54.2811,-0.08939,0.0000,0.0004,0.02800,0.02800,0.30561,-0.1,1.0000,-29.1442,0.4741,-8.0065,176.425,ppo_car_spread_a_deterministic
54.3011,-0.08939,0.0000,0.0004,0.02796,0.02797,0.30689,-0.1,1.0000,-29.1442,0.4741,-8.0070,176.425,ppo_car_spread_a_deterministic
54.3211,-0.08939,0.0000,0.0004,0.02301,0.02301,0.29881,-0.1,1.0000,-29.1441,0.4741,-8.0075,176.421,ppo_car_spread_a_deterministic
54.3411,-0.08940,0.0000,0.0049,0.02333,0.02334,0.28644,-0.1,1.0000,-29.1441,0.4741,-8.0079,176.423,ppo_car_spread_a_deterministic
54.3611,-0.08940,0.0000,0.0049,0.02230,0.02230,0.32688,-1.0,1.0000,-29.1441,0.4741,-8.0084,176.424,ppo_car_spread_a_deterministic
54.3811,-0.08940,0.0000,0.0049,0.02135,0.02135,0.35141,-1.0,1.0000,-29.1440,0.4741,-8.0088,176.425,ppo_car_spread_a_deterministic
54.4011,-0.08940,0.0000,0.0049,0.02834,0.02835,0.31038,-1.0,1.0000,-29.1440,0.4741,-8.0094,176.424,ppo_car_spread_a_deterministic
54.4211,-0.08971,0.0007,0.0000,0.02502,0.02502,0.12914,-1.0,1.0000,-29.1440,0.4741,-8.0099,176.424,ppo_car_spread_a_deterministic
54.4411,-0.08971,0.0007,0.0000,0.02476,0.02477,0.13123,0.4,1.0000,-29.1439,0.4741,-8.0104,176.424,ppo_car_spread_a_deterministic
54.4611,-0.08971,0.0007,0.0000,0.03148,0.03149,0.31257,0.4,1.0000,-29.1439,0.4741,-8.0110,176.423,ppo_car_spread_a_deterministic
54.4811,-0.08971,0.0007,0.0000,0.01816,0.01816,0.27106,0.4,1.0000,-29.1438,0.4741,-8.0113,176.424,ppo_car_spread_a_deterministic
54.5011,-0.08917,0.0000,0.0078,0.02193,0.02193,0.34815,0.4,1.0000,-29.1438,0.4741,-8.0118,176.425,ppo_car_spread_a_deterministic
54.5211,-0.08917,0.0000,0.0078,0.01931,0.01931,0.38991,-1.6,1.0000,-29.1438,0.4741,-8.0122,176.429,ppo_car_spread_a_deterministic
54.5411,-0.08917,0.0000,0.0078,0.02046,0.02046,0.20783,-1.6,1.0000,-29.1437,0.4741,-8.0126,176.430,ppo_car_spread_a_deterministic
54.5611,-0.08917,0.0000,0.0078,0.02175,0.02175,0.36851,-1.6,1.0000,-29.1437,0.4741,-8.0130,176.425,ppo_car_spread_a_deterministic
54.5811,-0.08975,0.0018,0.0000,0.02578,0.02578,0.24486,-1.6,1.0000,-29.1436,0.4741,-8.0135,176.426,ppo_car_spread_a_deterministic
54.6011,-0.08975,0.0018,0.0000,0.02422,0.02422,0.14679,0.9,1.0000,-29.1436,0.4741,-8.0140,176.425,ppo_car_spread_a_deterministic
54.6211,-0.08975,0.0018,0.0000,0.02142,0.02143,0.20738,0.9,1.0000,-29.1436,0.4741,-8.0144,176.424,ppo_car_spread_a_deterministic
54.6411,-0.08975,0.0018,0.0000,0.02639,0.02639,0.20667,0.9,1.0000,-29.1435,0.4741,-8.0150,176.421,ppo_car_spread_a_deterministic
54.6611,-0.08973,0.0016,0.0000,0.02490,0.02490,0.19497,0.9,1.0000,-29.1435,0.4741,-8.0155,176.419,ppo_car_spread_a_deterministic
54.6811,-0.08973,0.0016,0.0000,0.02636,0.02636,0.29829,0.9,1.0000,-29.1434,0.4741,-8.0160,176.414,ppo_car_spread_a_deterministic
54.7011,-0.08973,0.0016,0.0000,0.02387,0.02388,0.30537,0.9,1.0000,-29.1434,0.4741,-8.0165,176.409,ppo_car_spread_a_deterministic
54.7211,-0.08973,0.0016,0.0000,0.02595,0.02595,0.25139,0.9,1.0000,-29.1434,0.4741,-8.0170,176.411,ppo_car_spread_a_deterministic
54.7411,-0.08940,0.0007,0.0000,0.02598,0.02599,0.26741,0.9,1.0000,-29.1433,0.4741,-8.0175,176.411,ppo_car_spread_a_deterministic
54.7611,-0.08940,0.0007,0.0000,0.02511,0.02511,0.20468,0.4,1.0000,-29.1433,0.4741,-8.0180,176.412,ppo_car_spread_a_deterministic
54.7811,-0.08940,0.0007,0.0000,0.02108,0.02108,0.36438,0.4,1.0000,-29.1432,0.4741,-8.0184,176.415,ppo_car_spread_a_deterministic
54.8011,-0.08940,0.0007,0.0000,0.02533,0.02533,0.21895,0.4,1.0000,-29.1432,0.4741,-8.0189,176.414,ppo_car_spread_a_deterministic
54.8211,-0.08986,0.0004,0.0000,0.02548,0.02548,0.29213,0.4,1.0000,-29.1432,0.4741,-8.0194,176.413,ppo_car_spread_a_deterministic
54.8411,-0.08986,0.0004,0.0000,0.02382,0.02383,0.36643,0.2,1.0000,-29.1431,0.4741,-8.0199,176.416,ppo_car_spread_a_deterministic
54.8611,-0.08986,0.0004,0.0000,0.02328,0.02329,0.19887,0.2,1.0000,-29.1431,0.4741,-8.0204,176.418,ppo_car_spread_a_deterministic
54.8811,-0.08986,0.0004,0.0000,0.01973,0.01974,0.33543,0.2,1.0000,-29.1431,0.4741,-8.0208,176.418,ppo_car_spread_a_deterministic
54.9011,-0.08969,0.0000,0.0010,0.03065,0.03066,0.30595,0.2,1.0000,-29.1430,0.4741,-8.0214,176.418,ppo_car_spread_a_deterministic
54.9211,-0.08969,0.0000,0.0010,0.02853,0.02854,0.32445,-0.2,1.0000,-29.1430,0.4741,-8.0219,176.416,ppo_car_spread_a_deterministic
54.9411,-0.08969,0.0000,0.0010,0.02224,0.02224,0.26209,-0.2,1.0000,-29.1429,0.4741,-8.0224,176.412,ppo_car_spread_a_deterministic
54.9611,-0.08969,0.0000,0.0010,0.02476,0.02476,0.32311,-0.2,1.0000,-29.1429,0.4741,-8.0229,176.412,ppo_car_spread_a_deterministic
54.9811,-0.08952,0.0019,0.0000,0.02489,0.02489,0.21408,-0.2,1.0000,-29.1428,0.4741,-8.0234,176.412,ppo_car_spread_a_deterministic
55.0011,-0.08952,0.0019,0.0000,0.02664,0.02665,0.22341,1.0,1.0000,-29.1428,0.4741,-8.0239,176.411,ppo_car_spread_a_deterministic
55.0211,-0.08952,0.0019,0.0000,0.02577,0.02577,0.19208,1.0,1.0000,-29.1427,0.4741,-8.0244,176.412,ppo_car_spread_a_deterministic
55.0411,-0.08952,0.0019,0.0000,0.02668,0.02668,0.08633,1.0,1.0000,-29.1427,0.4741,-8.0250,176.412,ppo_car_spread_a_deterministic
55.0611,-0.08956,0.0000,0.0033,0.02733,0.02733,0.13923,1.0,1.0000,-29.1427,0.4741,-8.0255,176.411,ppo_car_spread_a_deterministic
55.0811,-0.08956,0.0000,0.0033,0.01655,0.01655,0.39218,-0.7,1.0000,-29.1426,0.4741,-8.0258,176.408,ppo_car_spread_a_deterministic
55.1011,-0.08956,0.0000,0.0033,0.02302,0.02302,0.39107,-0.7,1.0000,-29.1426,0.4741,-8.0263,176.405,ppo_car_spread_a_deterministic
55.1211,-0.08956,0.0000,0.0033,0.02379,0.02379,0.20703,-0.7,1.0000,-29.1426,0.4741,-8.0267,176.404,ppo_car_spread_a_deterministic
55.1411,-0.08953,0.0007,0.0000,0.02684,0.02685,0.14919,-0.7,1.0000,-29.1425,0.4741,-8.0273,176.402,ppo_car_spread_a_deterministic
55.1611,-0.08953,0.0007,0.0000,0.02303,0.02304,0.39272,0.4,1.0000,-29.1425,0.4741,-8.0277,176.396,ppo_car_spread_a_deterministic
55.1811,-0.08953,0.0007,0.0000,0.02319,0.02319,0.31940,0.4,1.0000,-29.1424,0.4741,-8.0282,176.391,ppo_car_spread_a_deterministic
55.2011,-0.08953,0.0007,0.0000,0.02150,0.02151,0.38302,0.4,1.0000,-29.1424,0.4741,-8.0286,176.394,ppo_car_spread_a_deterministic
55.2211,-0.08942,0.0013,0.0000,0.03181,0.03182,0.30482,0.4,1.0000,-29.1423,0.4741,-8.0293,176.395,ppo_car_spread_a_deterministic
55.2411,-0.08942,0.0013,0.0000,0.01881,0.01881,0.35857,0.7,1.0000,-29.1423,0.4741,-8.0296,176.395,ppo_car_spread_a_deterministic
55.2611,-0.08942,0.0013,0.0000,0.02660,0.02660,0.39440,0.7,1.0000,-29.1423,0.4741,-8.0302,176.396,ppo_car_spread_a_deterministic
55.2811,-0.08942,0.0013,0.0000,0.02451,0.02451,0.12678,0.7,1.0000,-29.1422,0.4741,-8.0307,176.395,ppo_car_spread_a_deterministic
55.3011,-0.08941,0.0000,0.0041,0.02604,0.02605,0.39353,0.7,1.0000,-29.1422,0.4741,-8.0312,176.393,ppo_car_spread_a_deterministic
55.3211,-0.08941,0.0000,0.0041,0.02783,0.02783,0.29858,-0.9,1.0000,-29.1421,0.4741,-8.0317,176.396,ppo_car_spread_a_deterministic
55.3411,-0.08941,0.0000,0.0041,0.02553,0.02554,0.02315,-0.9,1.0000,-29.1421,0.4741,-8.0323,176.395,ppo_car_spread_a_deterministic
55.3611,-0.08941,0.0000,0.0041,0.02414,0.02414,0.31255,-0.9,1.0000,-29.1421,0.4741,-8.0327,176.396,ppo_car_spread_a_deterministic
55.3811,-0.08941,0.0000,0.0022,0.02494,0.02494,0.30474,-0.9,1.0000,-29.1420,0.4741,-8.0332,176.396,ppo_car_spread_a_deterministic
55.4011,-0.08941,0.0000,0.0022,0.02476,0.02476,0.38692,-0.5,1.0000,-29.1420,0.4741,-8.0337,176.395,ppo_car_spread_a_deterministic
55.4211,-0.08941,0.0000,0.0022,0.02244,0.02244,0.21475,-0.5,1.0000,-29.1419,0.4741,-8.0342,176.395,ppo_car_spread_a_deterministic
55.4411,-0.08941,0.0000,0.0022,0.02648,0.02648,0.25071,-0.5,1.0000,-29.1419,0.4741,-8.0347,176.394,ppo_car_spread_a_deterministic
55.4611,-0.08959,0.0003,0.0000,0.02111,0.02111,0.39074,-0.5,1.0000,-29.1419,0.4741,-8.0351,176.395,ppo_car_spread_a_deterministic
55.4811,-0.08959,0.0003,0.0000,0.01495,0.01495,0.39160,0.2,1.0000,-29.1418,0.4741,-8.0354,176.397,ppo_car_spread_a_deterministic
55.5011,-0.08959,0.0003,0.0000,0.02795,0.02796,0.31021,0.2,1.0000,-29.1418,0.4741,-8.0360,176.396,ppo_car_spread_a_deterministic
55.5211,-0.08959,0.0003,0.0000,0.01740,0.01741,0.39547,0.2,1.0000,-29.1418,0.4741,-8.0363,176.393,ppo_car_spread_a_deterministic
55.5411,-0.08934,0.0000,0.0044,0.02366,0.02367,0.35971,0.2,1.0000,-29.1417,0.4741,-8.0368,176.397,ppo_car_spread_a_deterministic
55.5611,-0.08934,0.0000,0.0044,0.02326,0.02327,0.31038,-0.9,1.0000,-29.1417,0.4741,-8.0372,176.399,ppo_car_spread_a_deterministic
55.5811,-0.08934,0.0000,0.0044,0.02409,0.02409,0.19901,-0.9,1.0000,-29.1416,0.4741,-8.0377,176.399,ppo_car_spread_a_deterministic
55.6011,-0.08934,0.0000,0.0044,0.02490,0.02491,0.28561,-0.9,1.0000,-29.1416,0.4741,-8.0382,176.400,ppo_car_spread_a_deterministic
55.6211,-0.08952,0.0000,0.0014,0.02141,0.02141,0.35250,-0.9,1.0000,-29.1416,0.4741,-8.0387,176.396,ppo_car_spread_a_deterministic
55.6411,-0.08952,0.0000,0.0014,0.02133,0.02133,0.23684,-0.3,1.0000,-29.1415,0.4741,-8.0391,176.394,ppo_car_spread_a_deterministic
55.6611,-0.08952,0.0000,0.0014,0.02246,0.02247,0.32235,-0.3,1.0000,-29.1415,0.4741,-8.0395,176.396,ppo_car_spread_a_deterministic
55.6811,-0.08952,0.0000,0.0014,0.02715,0.02716,0.23098,-0.3,1.0000,-29.1415,0.4741,-8.0401,176.394,ppo_car_spread_a_deterministic
55.7011,-0.08975,0.0000,0.0003,0.02466,0.02467,0.34751,-0.3,1.0000,-29.1414,0.4741,-8.0406,176.392,ppo_car_spread_a_deterministic
55.7211,-0.08975,0.0000,0.0003,0.02283,0.02283,0.39118,-0.1,1.0000,-29.1414,0.4741,-8.0410,176.384,ppo_car_spread_a_deterministic
55.7411,-0.08975,0.0000,0.0003,0.02283,0.02284,0.20389,-0.1,1.0000,-29.1413,0.4741,-8.0415,176.385,ppo_car_spread_a_deterministic
55.7611,-0.08975,0.0000,0.0003,0.02555,0.02556,0.14721,-0.1,1.0000,-29.1413,0.4741,-8.0420,176.386,ppo_car_spread_a_deterministic
55.7811,-0.08966,0.0000,0.0002,0.02902,0.02902,0.31207,-0.1,1.0000,-29.1412,0.4741,-8.0426,176.387,ppo_car_spread_a_deterministic
55.8011,-0.08966,0.0000,0.0002,0.02262,0.02262,0.31846,0.0,1.0000,-29.1412,0.4741,-8.0430,176.387,ppo_car_spread_a_deterministic
55.8211,-0.08966,0.0000,0.0002,0.02309,0.02310,0.31875,0.0,1.0000,-29.1412,0.4741,-8.0435,176.387,ppo_car_spread_a_deterministic
55.8411,-0.08966,0.0000,0.0002,0.01816,0.01817,0.32807,0.0,1.0000,-29.1411,0.4741,-8.0438,176.387,ppo_car_spread_a_deterministic
55.8611,-0.08970,0.0000,0.0004,0.02529,0.02530,0.38483,0.0,1.0000,-29.1411,0.4741,-8.0443,176.382,ppo_car_spread_a_deterministic
55.8811,-0.08970,0.0000,0.0004,0.02668,0.02669,0.22520,-0.1,1.0000,-29.1411,0.4741,-8.0449,176.383,ppo_car_spread_a_deterministic
55.9011,-0.08970,0.0000,0.0004,0.02566,0.02566,0.27803,-0.1,1.0000,-29.1410,0.4741,-8.0454,176.387,ppo_car_spread_a_deterministic
55.9211,-0.08970,0.0000,0.0004,0.02150,0.02151,0.33089,-0.1,1.0000,-29.1410,0.4741,-8.0458,176.384,ppo_car_spread_a_deterministic
55.9411,-0.08968,0.0000,0.0040,0.01814,0.01815,0.38140,-0.1,1.0000,-29.1409,0.4741,-8.0462,176.384,ppo_car_spread_a_deterministic
55.9611,-0.08968,0.0000,0.0040,0.02097,0.02097,0.30402,-0.8,1.0000,-29.1409,0.4741,-8.0466,176.382,ppo_car_spread_a_deterministic
55.9811,-0.08968,0.0000,0.0040,0.02255,0.02255,0.31387,-0.8,1.0000,-29.1409,0.4741,-8.0470,176.382,ppo_car_spread_a_deterministic
56.0011,-0.08968,0.0000,0.0040,0.02589,0.02589,0.24082,-0.8,1.0000,-29.1408,0.4741,-8.0476,176.384,ppo_car_spread_a_deterministic
56.0211,-0.08962,0.0000,0.0000,0.02076,0.02076,0.15327,-0.8,1.0000,-29.1408,0.4741,-8.0480,176.384,ppo_car_spread_a_deterministic
56.0411,-0.08962,0.0000,0.0000,0.02662,0.02662,0.32236,0.0,1.0000,-29.1408,0.4741,-8.0485,176.386,ppo_car_spread_a_deterministic
56.0611,-0.08962,0.0000,0.0000,0.01916,0.01916,0.23065,0.0,1.0000,-29.1407,0.4741,-8.0489,176.385,ppo_car_spread_a_deterministic
56.0811,-0.08962,0.0000,0.0000,0.02380,0.02381,0.22560,0.0,1.0000,-29.1407,0.4741,-8.0494,176.382,ppo_car_spread_a_deterministic
56.1011,-0.08977,0.0038,0.0000,0.02552,0.02552,0.38937,0.0,1.0000,-29.1406,0.4741,-8.0499,176.384,ppo_car_spread_a_deterministic
56.1211,-0.08977,0.0038,0.0000,0.02619,0.02620,0.31144,2.0,1.0000,-29.1406,0.4741,-8.0504,176.379,ppo_car_spread_a_deterministic
56.1411,-0.08977,0.0038,0.0000,0.02670,0.02670,0.29897,2.0,1.0000,-29.1406,0.4741,-8.0509,176.377,ppo_car_spread_a_deterministic
56.1611,-0.08977,0.0038,0.0000,0.02407,0.02407,0.31592,2.0,1.0000,-29.1405,0.4741,-8.0514,176.379,ppo_car_spread_a_deterministic
56.1811,-0.08930,0.0000,0.0029,0.02691,0.02691,0.31600,2.0,1.0000,-29.1405,0.4741,-8.0519,176.378,ppo_car_spread_a_deterministic
56.2011,-0.08930,0.0000,0.0029,0.02819,0.02819,0.28704,-0.6,1.0000,-29.1404,0.4741,-8.0525,176.378,ppo_car_spread_a_deterministic
56.2211,-0.08930,0.0000,0.0029,0.02451,0.02452,0.28584,-0.6,1.0000,-29.1404,0.4741,-8.0530,176.378,ppo_car_spread_a_deterministic
56.2411,-0.08930,0.0000,0.0029,0.02776,0.02776,0.30910,-0.6,1.0000,-29.1404,0.4741,-8.0536,176.379,ppo_car_spread_a_deterministic
56.2611,-0.08947,0.0000,0.0018,0.02070,0.02070,0.17649,-0.6,1.0000,-29.1403,0.4741,-8.0540,176.379,ppo_car_spread_a_deterministic
56.2811,-0.08947,0.0000,0.0018,0.02762,0.02763,0.31741,-0.4,1.0000,-29.1403,0.4741,-8.0545,176.380,ppo_car_spread_a_deterministic
56.3011,-0.08947,0.0000,0.0018,0.01678,0.01679,0.38437,-0.4,1.0000,-29.1402,0.4741,-8.0548,176.381,ppo_car_spread_a_deterministic
56.3211,-0.08947,0.0000,0.0018,0.01634,0.01634,0.39253,-0.4,1.0000,-29.1402,0.4741,-8.0552,176.383,ppo_car_spread_a_deterministic
56.3411,-0.09005,0.0050,0.0000,0.02543,0.02544,0.22134,-0.4,1.0000,-29.1402,0.4741,-8.0557,176.380,ppo_car_spread_a_deterministic
56.3611,-0.09005,0.0050,0.0000,0.02012,0.02013,0.25172,2.6,1.0000,-29.1401,0.4741,-8.0561,176.381,ppo_car_spread_a_deterministic
56.3811,-0.09005,0.0050,0.0000,0.02483,0.02484,0.16000,2.6,1.0000,-29.1401,0.4741,-8.0566,176.379,ppo_car_spread_a_deterministic
56.4011,-0.09005,0.0050,0.0000,0.02163,0.02163,0.23339,2.6,1.0000,-29.1401,0.4741,-8.0570,176.377,ppo_car_spread_a_deterministic
56.4211,-0.08952,0.0000,0.0015,0.01957,0.01957,0.25526,2.6,1.0000,-29.1400,0.4741,-8.0574,176.376,ppo_car_spread_a_deterministic
56.4411,-0.08952,0.0000,0.0015,0.02609,0.02609,0.23590,-0.3,1.0000,-29.1400,0.4741,-8.0579,176.377,ppo_car_spread_a_deterministic
56.4611,-0.08952,0.0000,0.0015,0.02692,0.02692,0.05165,-0.3,1.0000,-29.1399,0.4741,-8.0584,176.376,ppo_car_spread_a_deterministic
56.4811,-0.08952,0.0000,0.0015,0.02686,0.02686,0.22687,-0.3,1.0000,-29.1399,0.4741,-8.0590,176.375,ppo_car_spread_a_deterministic
56.5011,-0.08938,0.0000,0.0038,0.02703,0.02703,0.16824,-0.3,1.0000,-29.1399,0.4741,-8.0595,176.373,ppo_car_spread_a_deterministic
56.5211,-0.08938,0.0000,0.0038,0.02847,0.02847,0.15108,-0.8,1.0000,-29.1398,0.4741,-8.0601,176.372,ppo_car_spread_a_deterministic
56.5411,-0.08938,0.0000,0.0038,0.02926,0.02927,0.31059,-0.8,1.0000,-29.1398,0.4741,-8.0607,176.375,ppo_car_spread_a_deterministic
56.5611,-0.08938,0.0000,0.0038,0.02658,0.02659,0.21869,-0.8,1.0000,-29.1397,0.4741,-8.0612,176.375,ppo_car_spread_a_deterministic
56.5811,-0.08939,0.0000,0.0072,0.02271,0.02272,0.33451,-0.8,1.0000,-29.1397,0.4741,-8.0617,176.375,ppo_car_spread_a_deterministic
56.6011,-0.08939,0.0000,0.0072,0.02950,0.02951,0.27937,-1.5,1.0000,-29.1396,0.4741,-8.0623,176.375,ppo_car_spread_a_deterministic
56.6211,-0.08939,0.0000,0.0072,0.02568,0.02569,0.29515,-1.5,1.0000,-29.1396,0.4741,-8.0628,176.378,ppo_car_spread_a_deterministic
56.6411,-0.08939,0.0000,0.0072,0.01713,0.01714,0.37005,-1.5,1.0000,-29.1396,0.4741,-8.0631,176.379,ppo_car_spread_a_deterministic
56.6611,-0.08955,0.0000,0.0037,0.02652,0.02652,0.27790,-1.5,1.0000,-29.1395,0.4741,-8.0636,176.378,ppo_car_spread_a_deterministic
56.6811,-0.08955,0.0000,0.0037,0.02556,0.02557,0.21594,-0.8,1.0000,-29.1395,0.4741,-8.0641,176.379,ppo_car_spread_a_deterministic
56.7011,-0.08955,0.0000,0.0037,0.02334,0.02334,0.30620,-0.8,1.0000,-29.1394,0.4741,-8.0646,176.378,ppo_car_spread_a_deterministic
56.7211,-0.08955,0.0000,0.0037,0.02982,0.02983,0.26624,-0.8,1.0000,-29.1394,0.4741,-8.0652,176.378,ppo_car_spread_a_deterministic
56.7411,-0.08964,0.0000,0.0003,0.02414,0.02414,0.16566,-0.8,1.0000,-29.1393,0.4741,-8.0657,176.377,ppo_car_spread_a_deterministic
56.7611,-0.08964,0.0000,0.0003,0.01837,0.01838,0.38999,-0.1,1.0000,-29.1393,0.4741,-8.0660,176.376,ppo_car_spread_a_deterministic
56.7811,-0.08964,0.0000,0.0003,0.01897,0.01897,0.39881,-0.1,1.0000,-29.1393,0.4741,-8.0664,176.377,ppo_car_spread_a_deterministic
56.8011,-0.08964,0.0000,0.0003,0.02214,0.02214,0.22867,-0.1,1.0000,-29.1392,0.4741,-8.0669,176.376,ppo_car_spread_a_deterministic
56.8211,-0.08983,0.0033,0.0000,0.02512,0.02513,0.39189,-0.1,1.0000,-29.1392,0.4741,-8.0674,176.378,ppo_car_spread_a_deterministic
56.8411,-0.08983,0.0033,0.0000,0.02135,0.02136,0.30883,1.7,1.0000,-29.1392,0.4741,-8.0678,176.381,ppo_car_spread_a_deterministic
56.8611,-0.08983,0.0033,0.0000,0.02355,0.02356,0.23489,1.7,1.0000,-29.1391,0.4741,-8.0683,176.385,ppo_car_spread_a_deterministic
56.8811,-0.08983,0.0033,0.0000,0.02185,0.02185,0.37934,1.7,1.0000,-29.1391,0.4741,-8.0687,176.381,ppo_car_spread_a_deterministic
56.9011,-0.08979,0.0000,0.0020,0.02312,0.02312,0.32859,1.7,1.0000,-29.1391,0.4741,-8.0691,176.380,ppo_car_spread_a_deterministic
56.9211,-0.08979,0.0000,0.0020,0.02506,0.02507,0.15267,-0.4,1.0000,-29.1390,0.4741,-8.0696,176.378,ppo_car_spread_a_deterministic
56.9411,-0.08979,0.0000,0.0020,0.02115,0.02116,0.30349,-0.4,1.0000,-29.1390,0.4741,-8.0701,176.381,ppo_car_spread_a_deterministic
56.9611,-0.08979,0.0000,0.0020,0.02230,0.02231,0.27745,-0.4,1.0000,-29.1389,0.4741,-8.0705,176.379,ppo_car_spread_a_deterministic
56.9811,-0.08987,0.0004,0.0000,0.02344,0.02345,0.18999,-0.4,1.0000,-29.1389,0.4741,-8.0710,176.379,ppo_car_spread_a_deterministic
57.0011,-0.08987,0.0004,0.0000,0.02669,0.02669,0.20612,0.2,1.0000,-29.1389,0.4741,-8.0715,176.380,ppo_car_spread_a_deterministic
57.0211,-0.08987,0.0004,0.0000,0.02684,0.02684,0.16306,0.2,1.0000,-29.1388,0.4741,-8.0721,176.381,ppo_car_spread_a_deterministic
57.0411,-0.08987,0.0004,0.0000,0.02191,0.02192,0.38792,0.2,1.0000,-29.1388,0.4741,-8.0725,176.383,ppo_car_spread_a_deterministic
57.0611,-0.08949,0.0000,0.0042,0.01804,0.01805,0.32468,0.2,1.0000,-29.1388,0.4741,-8.0728,176.385,ppo_car_spread_a_deterministic
57.0811,-0.08949,0.0000,0.0042,0.02235,0.02236,0.36136,-0.9,1.0000,-29.1387,0.4741,-8.0733,176.384,ppo_car_spread_a_deterministic
57.1011,-0.08949,0.0000,0.0042,0.01670,0.01670,0.39067,-0.9,1.0000,-29.1387,0.4741,-8.0736,176.382,ppo_car_spread_a_deterministic
57.1211,-0.08949,0.0000,0.0042,0.02497,0.02497,0.23641,-0.9,1.0000,-29.1386,0.4741,-8.0741,176.382,ppo_car_spread_a_deterministic
57.1411,-0.08986,0.0061,0.0000,0.02673,0.02674,0.32066,-0.9,1.0000,-29.1386,0.4741,-8.0747,176.379,ppo_car_spread_a_deterministic
57.1611,-0.08986,0.0061,0.0000,0.01896,0.01896,0.39590,3.2,1.0000,-29.1386,0.4741,-8.0750,176.379,ppo_car_spread_a_deterministic
57.1811,-0.08986,0.0061,0.0000,0.02246,0.02246,0.18205,3.2,1.0000,-29.1385,0.4741,-8.0755,176.378,ppo_car_spread_a_deterministic
57.2011,-0.08986,0.0061,0.0000,0.02686,0.02687,0.27797,3.2,1.0000,-29.1385,0.4741,-8.0760,176.377,ppo_car_spread_a_deterministic
57.2211,-0.08967,0.0003,0.0000,0.03301,0.03301,0.31238,3.2,1.0000,-29.1384,0.4741,-8.0767,176.378,ppo_car_spread_a_deterministic
57.2411,-0.08967,0.0003,0.0000,0.02183,0.02183,0.34602,0.1,1.0000,-29.1384,0.4741,-8.0771,176.375,ppo_car_spread_a_deterministic
57.2611,-0.08967,0.0003,0.0000,0.02883,0.02883,0.31400,0.1,1.0000,-29.1383,0.4741,-8.0777,176.376,ppo_car_spread_a_deterministic
57.2811,-0.08967,0.0003,0.0000,0.02382,0.02383,0.38394,0.1,1.0000,-29.1383,0.4741,-8.0782,176.376,ppo_car_spread_a_deterministic
57.3011,-0.08939,0.0000,0.0061,0.01946,0.01946,0.23446,0.1,1.0000,-29.1383,0.4741,-8.0786,176.376,ppo_car_spread_a_deterministic
57.3211,-0.08939,0.0000,0.0061,0.02234,0.02235,0.37250,-1.3,1.0000,-29.1382,0.4741,-8.0790,176.377,ppo_car_spread_a_deterministic
57.3411,-0.08939,0.0000,0.0061,0.02496,0.02496,0.32534,-1.3,1.0000,-29.1382,0.4741,-8.0795,176.376,ppo_car_spread_a_deterministic
57.3611,-0.08939,0.0000,0.0061,0.02458,0.02459,0.17784,-1.3,1.0000,-29.1382,0.4741,-8.0800,176.376,ppo_car_spread_a_deterministic
57.3811,-0.08937,0.0000,0.0019,0.02167,0.02168,0.26108,-1.3,1.0000,-29.1381,0.4741,-8.0804,176.376,ppo_car_spread_a_deterministic
57.4011,-0.08937,0.0000,0.0019,0.02530,0.02531,0.16206,-0.4,1.0000,-29.1381,0.4741,-8.0809,176.376,ppo_car_spread_a_deterministic
57.4211,-0.08937,0.0000,0.0019,0.02386,0.02387,0.17326,-0.4,1.0000,-29.1380,0.4741,-8.0814,176.374,ppo_car_spread_a_deterministic
57.4411,-0.08937,0.0000,0.0019,0.02361,0.02361,0.34878,-0.4,1.0000,-29.1380,0.4741,-8.0819,176.371,ppo_car_spread_a_deterministic
57.4611,-0.08944,0.0000,0.0005,0.02157,0.02157,0.27997,-0.4,1.0000,-29.1380,0.4741,-8.0823,176.370,ppo_car_spread_a_deterministic
57.4811,-0.08944,0.0000,0.0005,0.02156,0.02156,0.39608,-0.1,1.0000,-29.1379,0.4741,-8.0827,176.371,ppo_car_spread_a_deterministic
57.5011,-0.08944,0.0000,0.0005,0.02378,0.02378,0.27126,-0.1,1.0000,-29.1379,0.4741,-8.0832,176.368,ppo_car_spread_a_deterministic
57.5211,-0.08944,0.0000,0.0005,0.02916,0.02916,0.26998,-0.1,1.0000,-29.1378,0.4741,-8.0838,176.365,ppo_car_spread_a_deterministic
57.5411,-0.08941,0.0000,0.0001,0.03015,0.03015,0.21188,-0.1,1.0000,-29.1378,0.4741,-8.0844,176.364,ppo_car_spread_a_deterministic
57.5611,-0.08941,0.0000,0.0001,0.02872,0.02872,0.31401,0.0,1.0000,-29.1377,0.4741,-8.0850,176.363,ppo_car_spread_a_deterministic
57.5811,-0.08941,0.0000,0.0001,0.02426,0.02426,0.23972,0.0,1.0000,-29.1377,0.4741,-8.0855,176.365,ppo_car_spread_a_deterministic
57.6011,-0.08941,0.0000,0.0001,0.02294,0.02294,0.17682,0.0,1.0000,-29.1377,0.4741,-8.0859,176.365,ppo_car_spread_a_deterministic
57.6211,-0.08963,0.0000,0.0022,0.02553,0.02554,0.31361,0.0,1.0000,-29.1376,0.4741,-8.0864,176.363,ppo_car_spread_a_deterministic
57.6411,-0.08963,0.0000,0.0022,0.02188,0.02188,0.30282,-0.5,1.0000,-29.1376,0.4741,-8.0868,176.364,ppo_car_spread_a_deterministic
57.6611,-0.08963,0.0000,0.0022,0.02807,0.02808,0.17626,-0.5,1.0000,-29.1375,0.4741,-8.0874,176.364,ppo_car_spread_a_deterministic
57.6811,-0.08963,0.0000,0.0022,0.02505,0.02506,0.14195,-0.5,1.0000,-29.1375,0.4741,-8.0879,176.364,ppo_car_spread_a_deterministic
57.7011,-0.08936,0.0000,0.0049,0.02419,0.02419,0.16950,-0.5,1.0000,-29.1375,0.4741,-8.0884,176.365,ppo_car_spread_a_deterministic
57.7211,-0.08936,0.0000,0.0049,0.02571,0.02572,0.29453,-1.0,1.0000,-29.1374,0.4741,-8.0889,176.367,ppo_car_spread_a_deterministic
57.7411,-0.08936,0.0000,0.0049,0.02162,0.02162,0.17837,-1.0,1.0000,-29.1374,0.4741,-8.0893,176.368,ppo_car_spread_a_deterministic
57.7611,-0.08936,0.0000,0.0049,0.02283,0.02283,0.27576,-1.0,1.0000,-29.1373,0.4741,-8.0898,176.369,ppo_car_spread_a_deterministic
57.7811,-0.08967,0.0008,0.0000,0.02862,0.02862,0.31392,-1.0,1.0000,-29.1373,0.4741,-8.0904,176.367,ppo_car_spread_a_deterministic
57.8011,-0.08967,0.0008,0.0000,0.02221,0.02221,0.29348,0.4,1.0000,-29.1373,0.4741,-8.0908,176.370,ppo_car_spread_a_deterministic
57.8211,-0.08967,0.0008,0.0000,0.02817,0.02817,0.31454,0.4,1.0000,-29.1372,0.4741,-8.0914,176.374,ppo_car_spread_a_deterministic
57.8411,-0.08967,0.0008,0.0000,0.02799,0.02800,0.27418,0.4,1.0000,-29.1372,0.4741,-8.0919,176.371,ppo_car_spread_a_deterministic
57.8611,-0.08948,0.0000,0.0062,0.02423,0.02424,0.33016,0.4,1.0000,-29.1371,0.4741,-8.0924,176.370,ppo_car_spread_a_deterministic
57.8811,-0.08948,0.0000,0.0062,0.02894,0.02895,0.30352,-1.3,1.0000,-29.1371,0.4741,-8.0930,176.373,ppo_car_spread_a_deterministic
57.9011,-0.08948,0.0000,0.0062,0.02557,0.02557,0.21676,-1.3,1.0000,-29.1370,0.4741,-8.0935,176.373,ppo_car_spread_a_deterministic
57.9211,-0.08948,0.0000,0.0062,0.02445,0.02445,0.11859,-1.3,1.0000,-29.1370,0.4741,-8.0940,176.372,ppo_car_spread_a_deterministic
57.9411,-0.08943,0.0000,0.0028,0.02353,0.02354,0.27064,-1.3,1.0000,-29.1370,0.4741,-8.0944,176.368,ppo_car_spread_a_deterministic
57.9611,-0.08943,0.0000,0.0028,0.01940,0.01940,0.38004,-0.6,1.0000,-29.1369,0.4741,-8.0948,176.372,ppo_car_spread_a_deterministic
57.9811,-0.08943,0.0000,0.0028,0.02327,0.02327,0.24592,-0.6,1.0000,-29.1369,0.4741,-8.0953,176.371,ppo_car_spread_a_deterministic
58.0011,-0.08943,0.0000,0.0028,0.02317,0.02318,0.16998,-0.6,1.0000,-29.1368,0.4741,-8.0957,176.369,ppo_car_spread_a_deterministic
58.0211,-0.08950,0.0000,0.0004,0.01614,0.01614,0.38953,-0.6,1.0000,-29.1368,0.4741,-8.0961,176.371,ppo_car_spread_a_deterministic
58.0411,-0.08950,0.0000,0.0004,0.02434,0.02435,0.31907,-0.1,1.0000,-29.1368,0.4741,-8.0965,176.369,ppo_car_spread_a_deterministic
58.0611,-0.08950,0.0000,0.0004,0.02081,0.02081,0.24767,-0.1,1.0000,-29.1368,0.4741,-8.0970,176.367,ppo_car_spread_a_deterministic
58.0811,-0.08950,0.0000,0.0004,0.02629,0.02630,0.23628,-0.1,1.0000,-29.1367,0.4741,-8.0975,176.365,ppo_car_spread_a_deterministic
58.1011,-0.08961,0.0023,0.0000,0.02271,0.02272,0.36818,-0.1,1.0000,-29.1367,0.4741,-8.0979,176.366,ppo_car_spread_a_deterministic
58.1211,-0.08961,0.0023,0.0000,0.02654,0.02655,0.25056,1.2,1.0000,-29.1366,0.4741,-8.0985,176.367,ppo_car_spread_a_deterministic
58.1411,-0.08961,0.0023,0.0000,0.02518,0.02519,0.34134,1.2,1.0000,-29.1366,0.4741,-8.0990,176.368,ppo_car_spread_a_deterministic
58.1611,-0.08961,0.0023,0.0000,0.01666,0.01666,0.26002,1.2,1.0000,-29.1366,0.4741,-8.0993,176.368,ppo_car_spread_a_deterministic
58.1811,-0.08949,0.0000,0.0027,0.02377,0.02377,0.16513,1.2,1.0000,-29.1365,0.4741,-8.0998,176.367,ppo_car_spread_a_deterministic
58.2011,-0.08949,0.0000,0.0027,0.02159,0.02159,0.28316,-0.6,1.0000,-29.1365,0.4741,-8.1002,176.367,ppo_car_spread_a_deterministic
58.2211,-0.08949,0.0000,0.0027,0.02226,0.02226,0.25198,-0.6,1.0000,-29.1365,0.4741,-8.1007,176.369,ppo_car_spread_a_deterministic
58.2411,-0.08949,0.0000,0.0027,0.02503,0.02503,0.32555,-0.6,1.0000,-29.1364,0.4741,-8.1012,176.368,ppo_car_spread_a_deterministic
58.2611,-0.08967,0.0000,0.0003,0.02865,0.02866,0.32658,-0.6,1.0000,-29.1364,0.4741,-8.1017,176.367,ppo_car_spread_a_deterministic
58.2811,-0.08967,0.0000,0.0003,0.02478,0.02479,0.32388,-0.1,1.0000,-29.1363,0.4741,-8.1022,176.362,ppo_car_spread_a_deterministic
58.3011,-0.08967,0.0000,0.0003,0.02804,0.02804,0.32790,-0.1,1.0000,-29.1363,0.4741,-8.1028,176.360,ppo_car_spread_a_deterministic
58.3211,-0.08967,0.0000,0.0003,0.02190,0.02190,0.30870,-0.1,1.0000,-29.1362,0.4741,-8.1032,176.359,ppo_car_spread_a_deterministic
58.3411,-0.08921,0.0000,0.0044,0.02387,0.02387,0.26585,-0.1,1.0000,-29.1362,0.4741,-8.1037,176.362,ppo_car_spread_a_deterministic
58.3612,-0.08921,0.0000,0.0044,0.02075,0.02075,0.30217,-0.9,1.0000,-29.1362,0.4741,-8.1041,176.364,ppo_car_spread_a_deterministic
58.3812,-0.08921,0.0000,0.0044,0.02145,0.02145,0.39931,-0.9,1.0000,-29.1361,0.4741,-8.1045,176.361,ppo_car_spread_a_deterministic
58.4012,-0.08921,0.0000,0.0044,0.02396,0.02397,0.16964,-0.9,1.0000,-29.1361,0.4741,-8.1050,176.361,ppo_car_spread_a_deterministic
58.4212,-0.08950,0.0018,0.0000,0.02195,0.02195,0.21184,-0.9,1.0000,-29.1361,0.4741,-8.1055,176.359,ppo_car_spread_a_deterministic
58.4412,-0.08950,0.0018,0.0000,0.02346,0.02346,0.31921,0.9,1.0000,-29.1360,0.4741,-8.1059,176.358,ppo_car_spread_a_deterministic
58.4612,-0.08950,0.0018,0.0000,0.02616,0.02617,0.17369,0.9,1.0000,-29.1360,0.4741,-8.1064,176.357,ppo_car_spread_a_deterministic
58.4812,-0.08950,0.0018,0.0000,0.01891,0.01891,0.25084,0.9,1.0000,-29.1359,0.4741,-8.1068,176.355,ppo_car_spread_a_deterministic
58.5012,-0.08939,0.0000,0.0031,0.02449,0.02449,0.24503,0.9,1.0000,-29.1359,0.4741,-8.1073,176.351,ppo_car_spread_a_deterministic
58.5212,-0.08939,0.0000,0.0031,0.01974,0.01974,0.33523,-0.6,1.0000,-29.1359,0.4741,-8.1077,176.352,ppo_car_spread_a_deterministic
58.5412,-0.08939,0.0000,0.0031,0.02013,0.02013,0.30191,-0.6,1.0000,-29.1358,0.4741,-8.1081,176.352,ppo_car_spread_a_deterministic
58.5612,-0.08939,0.0000,0.0031,0.03160,0.03161,0.32705,-0.6,1.0000,-29.1358,0.4741,-8.1087,176.352,ppo_car_spread_a_deterministic
58.5812,-0.08976,0.0020,0.0000,0.02596,0.02596,0.30833,-0.6,1.0000,-29.1357,0.4741,-8.1093,176.353,ppo_car_spread_a_deterministic
58.6012,-0.08976,0.0020,0.0000,0.02663,0.02663,0.31864,1.0,1.0000,-29.1357,0.4741,-8.1098,176.354,ppo_car_spread_a_deterministic
58.6212,-0.08976,0.0020,0.0000,0.02284,0.02285,0.29395,1.0,1.0000,-29.1357,0.4741,-8.1102,176.356,ppo_car_spread_a_deterministic
58.6412,-0.08976,0.0020,0.0000,0.02175,0.02175,0.15518,1.0,1.0000,-29.1356,0.4741,-8.1107,176.357,ppo_car_spread_a_deterministic
58.6612,-0.08972,0.0000,0.0010,0.01572,0.01573,0.39331,1.0,1.0000,-29.1356,0.4741,-8.1110,176.358,ppo_car_spread_a_deterministic
58.6812,-0.08972,0.0000,0.0010,0.02299,0.02300,0.15231,-0.2,1.0000,-29.1356,0.4741,-8.1114,176.360,ppo_car_spread_a_deterministic
58.7012,-0.08972,0.0000,0.0010,0.01901,0.01901,0.20475,-0.2,1.0000,-29.1355,0.4741,-8.1118,176.360,ppo_car_spread_a_deterministic
58.7212,-0.08972,0.0000,0.0010,0.02382,0.02383,0.31696,-0.2,1.0000,-29.1355,0.4741,-8.1123,176.356,ppo_car_spread_a_deterministic
58.7412,-0.08984,0.0035,0.0000,0.02206,0.02206,0.23236,-0.2,1.0000,-29.1355,0.4741,-8.1127,176.354,ppo_car_spread_a_deterministic
58.7612,-0.08984,0.0035,0.0000,0.02351,0.02351,0.21811,1.8,1.0000,-29.1354,0.4741,-8.1132,176.353,ppo_car_spread_a_deterministic
58.7812,-0.08984,0.0035,0.0000,0.02368,0.02369,0.31702,1.8,1.0000,-29.1354,0.4741,-8.1137,176.357,ppo_car_spread_a_deterministic
58.8012,-0.08984,0.0035,0.0000,0.02564,0.02565,0.27721,1.8,1.0000,-29.1353,0.4741,-8.1142,176.356,ppo_car_spread_a_deterministic
58.8212,-0.08982,0.0000,0.0023,0.02804,0.02805,0.28137,1.8,1.0000,-29.1353,0.4741,-8.1148,176.359,ppo_car_spread_a_deterministic
58.8412,-0.08982,0.0000,0.0023,0.02404,0.02405,0.13592,-0.5,1.0000,-29.1352,0.4741,-8.1152,176.360,ppo_car_spread_a_deterministic
58.8612,-0.08982,0.0000,0.0023,0.02297,0.02297,0.12585,-0.5,1.0000,-29.1352,0.4741,-8.1157,176.359,ppo_car_spread_a_deterministic
58.8812,-0.08982,0.0000,0.0023,0.02810,0.02811,0.31850,-0.5,1.0000,-29.1352,0.4741,-8.1163,176.356,ppo_car_spread_a_deterministic
58.9012,-0.08962,0.0000,0.0002,0.02873,0.02874,0.24946,-0.5,1.0000,-29.1351,0.4741,-8.1168,176.358,ppo_car_spread_a_deterministic
58.9212,-0.08962,0.0000,0.0002,0.02758,0.02758,0.30153,0.0,1.0000,-29.1351,0.4741,-8.1174,176.356,ppo_car_spread_a_deterministic
58.9412,-0.08962,0.0000,0.0002,0.02215,0.02216,0.38445,0.0,1.0000,-29.1350,0.4741,-8.1178,176.354,ppo_car_spread_a_deterministic
58.9612,-0.08962,0.0000,0.0002,0.02410,0.02410,0.27293,0.0,1.0000,-29.1350,0.4741,-8.1183,176.349,ppo_car_spread_a_deterministic
58.9812,-0.08961,0.0012,0.0000,0.02684,0.02684,0.31607,0.0,1.0000,-29.1349,0.4741,-8.1188,176.347,ppo_car_spread_a_deterministic
59.0012,-0.08961,0.0012,0.0000,0.02086,0.02086,0.31621,0.7,1.0000,-29.1349,0.4741,-8.1192,176.346,ppo_car_spread_a_deterministic
59.0212,-0.08961,0.0012,0.0000,0.02295,0.02295,0.14281,0.7,1.0000,-29.1349,0.4741,-8.1197,176.346,ppo_car_spread_a_deterministic
59.0412,-0.08961,0.0012,0.0000,0.02545,0.02546,0.11076,0.7,1.0000,-29.1348,0.4741,-8.1202,176.345,ppo_car_spread_a_deterministic
59.0612,-0.08963,0.0000,0.0004,0.02423,0.02424,0.32508,0.7,1.0000,-29.1348,0.4741,-8.1207,176.343,ppo_car_spread_a_deterministic
59.0812,-0.08963,0.0000,0.0004,0.02337,0.02338,0.20411,-0.1,1.0000,-29.1347,0.4741,-8.1212,176.342,ppo_car_spread_a_deterministic
59.1012,-0.08963,0.0000,0.0004,0.02605,0.02605,0.19354,-0.1,1.0000,-29.1347,0.4741,-8.1217,176.344,ppo_car_spread_a_deterministic
59.1212,-0.08963,0.0000,0.0004,0.02149,0.02150,0.38775,-0.1,1.0000,-29.1347,0.4741,-8.1221,176.344,ppo_car_spread_a_deterministic
59.1412,-0.08949,0.0000,0.0037,0.02134,0.02135,0.39471,-0.1,1.0000,-29.1346,0.4741,-8.1225,176.346,ppo_car_spread_a_deterministic
59.1612,-0.08949,0.0000,0.0037,0.01984,0.01985,0.23911,-0.8,1.0000,-29.1346,0.4741,-8.1229,176.345,ppo_car_spread_a_deterministic
59.1812,-0.08949,0.0000,0.0037,0.02601,0.02602,0.18819,-0.8,1.0000,-29.1346,0.4741,-8.1234,176.344,ppo_car_spread_a_deterministic
59.2012,-0.08949,0.0000,0.0037,0.01750,0.01750,0.37457,-0.8,1.0000,-29.1345,0.4741,-8.1238,176.345,ppo_car_spread_a_deterministic
59.2212,-0.08942,0.0000,0.0029,0.02090,0.02090,0.34046,-0.8,1.0000,-29.1345,0.4741,-8.1242,176.347,ppo_car_spread_a_deterministic
59.2412,-0.08942,0.0000,0.0029,0.02343,0.02343,0.17695,-0.6,1.0000,-29.1345,0.4741,-8.1247,176.346,ppo_car_spread_a_deterministic
59.2612,-0.08942,0.0000,0.0029,0.02675,0.02675,0.29507,-0.6,1.0000,-29.1344,0.4741,-8.1252,176.347,ppo_car_spread_a_deterministic
59.2812,-0.08942,0.0000,0.0029,0.02192,0.02193,0.20590,-0.6,1.0000,-29.1344,0.4741,-8.1256,176.344,ppo_car_spread_a_deterministic
59.3012,-0.08940,0.0000,0.0040,0.03020,0.03021,0.29040,-0.6,1.0000,-29.1343,0.4741,-8.1263,176.344,ppo_car_spread_a_deterministic
59.3212,-0.08940,0.0000,0.0040,0.01856,0.01857,0.30678,-0.8,1.0000,-29.1343,0.4741,-8.1266,176.344,ppo_car_spread_a_deterministic
59.3412,-0.08940,0.0000,0.0040,0.01838,0.01839,0.33215,-0.8,1.0000,-29.1343,0.4741,-8.1270,176.343,ppo_car_spread_a_deterministic
59.3612,-0.08940,0.0000,0.0040,0.02131,0.02131,0.14510,-0.8,1.0000,-29.1342,0.4741,-8.1274,176.342,ppo_car_spread_a_deterministic
59.3812,-0.08980,0.0043,0.0000,0.01694,0.01694,0.38966,-0.8,1.0000,-29.1342,0.4741,-8.1277,176.344,ppo_car_spread_a_deterministic
59.4012,-0.08980,0.0043,0.0000,0.02169,0.02170,0.18168,2.3,1.0000,-29.1342,0.4741,-8.1282,176.345,ppo_car_spread_a_deterministic
59.4212,-0.08980,0.0043,0.0000,0.02323,0.02324,0.22381,2.3,1.0000,-29.1341,0.4741,-8.1286,176.343,ppo_car_spread_a_deterministic
59.4412,-0.08980,0.0043,0.0000,0.02317,0.02317,0.33078,2.3,1.0000,-29.1341,0.4741,-8.1291,176.340,ppo_car_spread_a_deterministic
59.4612,-0.08962,0.0000,0.0001,0.02138,0.02138,0.25842,2.3,1.0000,-29.1340,0.4741,-8.1295,176.341,ppo_car_spread_a_deterministic
59.4812,-0.08962,0.0000,0.0001,0.02539,0.02540,0.31291,0.0,1.0000,-29.1340,0.4741,-8.1300,176.339,ppo_car_spread_a_deterministic
59.5012,-0.08962,0.0000,0.0001,0.02263,0.02263,0.23574,0.0,1.0000,-29.1340,0.4741,-8.1305,176.338,ppo_car_spread_a_deterministic
59.5212,-0.08962,0.0000,0.0001,0.01933,0.01934,0.24605,0.0,1.0000,-29.1339,0.4741,-8.1309,176.338,ppo_car_spread_a_deterministic
59.5412,-0.08965,0.0003,0.0000,0.02650,0.02650,0.31668,0.0,1.0000,-29.1339,0.4741,-8.1314,176.337,ppo_car_spread_a_deterministic
59.5612,-0.08965,0.0003,0.0000,0.02441,0.02442,0.17229,0.1,1.0000,-29.1338,0.4741,-8.1319,176.335,ppo_car_spread_a_deterministic
59.5812,-0.08965,0.0003,0.0000,0.02062,0.02062,0.37274,0.1,1.0000,-29.1338,0.4741,-8.1323,176.332,ppo_car_spread_a_deterministic
59.6012,-0.08965,0.0003,0.0000,0.01962,0.01963,0.38604,0.1,1.0000,-29.1338,0.4741,-8.1327,176.332,ppo_car_spread_a_deterministic
59.6212,-0.08959,0.0027,0.0000,0.02234,0.02234,0.31625,0.1,1.0000,-29.1337,0.4741,-8.1331,176.331,ppo_car_spread_a_deterministic
59.6412,-0.08959,0.0027,0.0000,0.02557,0.02557,0.25857,1.4,1.0000,-29.1337,0.4741,-8.1337,176.329,ppo_car_spread_a_deterministic
59.6612,-0.08959,0.0027,0.0000,0.02585,0.02585,0.37804,1.4,1.0000,-29.1337,0.4741,-8.1342,176.331,ppo_car_spread_a_deterministic
59.6812,-0.08959,0.0027,0.0000,0.02394,0.02394,0.19990,1.4,1.0000,-29.1336,0.4741,-8.1346,176.328,ppo_car_spread_a_deterministic
59.7012,-0.08955,0.0000,0.0036,0.02494,0.02494,0.27865,1.4,1.0000,-29.1336,0.4741,-8.1351,176.327,ppo_car_spread_a_deterministic
59.7212,-0.08955,0.0000,0.0036,0.02276,0.02276,0.29093,-0.8,1.0000,-29.1335,0.4741,-8.1356,176.325,ppo_car_spread_a_deterministic
59.7412,-0.08955,0.0000,0.0036,0.02404,0.02404,0.34188,-0.8,1.0000,-29.1335,0.4741,-8.1361,176.328,ppo_car_spread_a_deterministic
59.7612,-0.08955,0.0000,0.0036,0.02253,0.02253,0.38956,-0.8,1.0000,-29.1335,0.4741,-8.1365,176.328,ppo_car_spread_a_deterministic
59.7812,-0.08973,0.0000,0.0026,0.02220,0.02221,0.15582,-0.8,1.0000,-29.1334,0.4741,-8.1370,176.327,ppo_car_spread_a_deterministic
59.8012,-0.08973,0.0000,0.0026,0.02278,0.02278,0.21038,-0.5,1.0000,-29.1334,0.4741,-8.1374,176.326,ppo_car_spread_a_deterministic
59.8212,-0.08973,0.0000,0.0026,0.02629,0.02630,0.19374,-0.5,1.0000,-29.1333,0.4741,-8.1379,176.325,ppo_car_spread_a_deterministic
59.8412,-0.08973,0.0000,0.0026,0.02352,0.02352,0.26874,-0.5,1.0000,-29.1333,0.4741,-8.1384,176.325,ppo_car_spread_a_deterministic
59.8612,-0.08942,0.0000,0.0030,0.02533,0.02534,0.11642,-0.5,1.0000,-29.1333,0.4741,-8.1389,176.326,ppo_car_spread_a_deterministic
59.8812,-0.08942,0.0000,0.0030,0.01823,0.01824,0.37016,-0.6,1.0000,-29.1332,0.4741,-8.1393,176.323,ppo_car_spread_a_deterministic
59.9012,-0.08942,0.0000,0.0030,0.02652,0.02653,0.30656,-0.6,1.0000,-29.1332,0.4741,-8.1398,176.325,ppo_car_spread_a_deterministic
59.9212,-0.08942,0.0000,0.0030,0.02400,0.02401,0.17858,-0.6,1.0000,-29.1331,0.4741,-8.1403,176.323,ppo_car_spread_a_deterministic
59.9412,-0.08946,0.0000,0.0041,0.02304,0.02304,0.10744,-0.6,1.0000,-29.1331,0.4741,-8.1407,176.324,ppo_car_spread_a_deterministic
59.9612,-0.08946,0.0000,0.0041,0.02033,0.02034,0.33680,-0.9,1.0000,-29.1331,0.4741,-8.1411,176.327,ppo_car_spread_a_deterministic
59.9812,-0.08946,0.0000,0.0041,0.02611,0.02611,0.26596,-0.9,1.0000,-29.1330,0.4741,-8.1417,176.328,ppo_car_spread_a_deterministic
