t,steering,throttle,brake,speed,speed_mag,wheel_ms,motor_nm,headroom,x,y,z,yaw_deg,source
0.0200,0.00000,0.0000,0.0000,0.00000,0.00000,0.00004,0.0,1.0000,-31.5342,0.5000,-12.8132,151.616,ppo_car_spread_a_sampling
0.0400,0.00000,0.0000,0.0000,0.00000,0.00000,0.00001,0.0,1.0000,-31.5342,0.4989,-12.8132,151.616,ppo_car_spread_a_sampling
0.0600,0.00000,0.0000,0.0000,0.00000,0.00000,0.00001,0.0,1.0000,-31.5342,0.4972,-12.8132,151.616,ppo_car_spread_a_sampling
0.0800,0.00000,0.0000,0.0000,0.00000,0.00000,0.00001,0.0,1.0000,-31.5342,0.4950,-12.8132,151.616,ppo_car_spread_a_sampling
0.1000,-0.11168,0.0588,0.0000,0.00000,0.00000,0.00001,0.0,1.0000,-31.5342,0.4927,-12.8132,151.616,ppo_car_spread_a_sampling
0.1200,-0.12459,0.0588,0.0000,0.00162,0.00162,0.36231,30.9,1.0000,-31.5342,0.4902,-12.8133,151.618,ppo_car_spread_a_sampling
0.1400,-0.12459,0.0588,0.0000,0.01355,0.01356,0.33183,30.9,1.0000,-31.5340,0.4877,-12.8135,151.621,ppo_car_spread_a_sampling
0.1600,-0.12459,0.0588,0.0000,0.01057,0.01058,0.34294,30.9,1.0000,-31.5339,0.4854,-12.8137,151.619,ppo_car_spread_a_sampling
0.1800,-0.20514,0.4053,0.0000,0.01978,0.01978,0.35692,30.9,1.0000,-31.5337,0.4832,-12.8141,151.616,ppo_car_spread_a_sampling
0.2000,-0.28441,0.4053,0.0000,0.06495,0.06499,0.29577,212.8,1.0000,-31.5330,0.4811,-12.8152,151.610,ppo_car_spread_a_sampling
0.2200,-0.35607,0.4053,0.0000,0.10430,0.10445,0.20617,212.8,1.0000,-31.5319,0.4794,-12.8171,151.601,ppo_car_spread_a_sampling
0.2400,-0.40435,0.4053,0.0000,0.14108,0.14142,0.36272,212.8,1.0000,-31.5303,0.4778,-12.8195,151.587,ppo_car_spread_a_sampling
0.2600,-0.47918,0.0000,0.0717,0.17446,0.17505,0.53014,212.8,1.0000,-31.5283,0.4765,-12.8225,151.572,ppo_car_spread_a_sampling
0.2800,-0.55408,0.0000,0.0717,0.18405,0.18485,0.00000,0.0,1.0000,-31.5262,0.4754,-12.8257,151.558,ppo_car_spread_a_sampling
0.3000,-0.60797,0.0000,0.0717,0.00330,0.00982,0.00000,0.0,1.0000,-31.5260,0.4745,-12.8255,151.559,ppo_car_spread_a_sampling
0.3200,-0.60797,0.0000,0.0717,-0.00026,0.00288,0.08183,-15.1,1.0000,-31.5260,0.4738,-12.8254,151.559,ppo_car_spread_a_sampling
0.3400,-0.52605,0.0000,0.1083,-0.00553,0.00566,0.32958,-15.1,1.0000,-31.5261,0.4733,-12.8252,151.557,ppo_car_spread_a_sampling
0.3600,-0.45256,0.0000,0.1083,-0.01315,0.01321,0.30117,-22.7,1.0000,-31.5263,0.4729,-12.8249,151.559,ppo_car_spread_a_sampling
0.3800,-0.37906,0.0000,0.1083,-0.00438,0.00438,0.36018,-22.7,1.0000,-31.5264,0.4727,-12.8248,151.557,ppo_car_spread_a_sampling
0.4000,-0.30740,0.0000,0.1083,-0.01683,0.01687,0.33157,-22.7,1.0000,-31.5266,0.4726,-12.8245,151.555,ppo_car_spread_a_sampling
0.4200,-0.27289,0.2385,0.0000,-0.02020,0.02022,0.31750,-22.7,1.0000,-31.5269,0.4725,-12.8241,151.557,ppo_car_spread_a_sampling
0.4400,-0.27289,0.2385,0.0000,0.00399,0.00400,0.35847,125.2,1.0000,-31.5268,0.4725,-12.8241,151.561,ppo_car_spread_a_sampling
0.4600,-0.27289,0.2385,0.0000,0.02298,0.02304,0.42483,125.2,1.0000,-31.5266,0.4726,-12.8245,151.559,ppo_car_spread_a_sampling
0.4800,-0.27289,0.2385,0.0000,0.05666,0.05677,0.25158,125.2,1.0000,-31.5260,0.4727,-12.8255,151.554,ppo_car_spread_a_sampling
0.5000,-0.17208,0.2887,0.0000,0.08021,0.08035,0.14678,125.2,1.0000,-31.5251,0.4728,-12.8269,151.549,ppo_car_spread_a_sampling
0.5200,-0.09316,0.2887,0.0000,0.10479,0.10488,0.22335,151.6,1.0000,-31.5240,0.4730,-12.8288,151.544,ppo_car_spread_a_sampling
0.5400,-0.02037,0.2887,0.0000,0.12149,0.12154,0.50002,151.6,1.0000,-31.5227,0.4731,-12.8309,151.543,ppo_car_spread_a_sampling
0.5600,0.03666,0.2887,0.0000,0.15848,0.15849,0.48777,151.6,1.0000,-31.5211,0.4733,-12.8338,151.541,ppo_car_spread_a_sampling
0.5800,0.02424,0.2149,0.0000,0.19140,0.19140,0.16200,151.6,1.0000,-31.5193,0.4734,-12.8373,151.541,ppo_car_spread_a_sampling
0.6000,0.02424,0.2149,0.0000,0.21094,0.21095,0.19334,112.8,1.0000,-31.5172,0.4736,-12.8411,151.541,ppo_car_spread_a_sampling
0.6200,0.02424,0.2149,0.0000,0.22739,0.22740,0.45845,112.8,1.0000,-31.5151,0.4737,-12.8451,151.542,ppo_car_spread_a_sampling
0.6400,0.02424,0.2149,0.0000,0.24494,0.24495,0.51199,112.8,1.0000,-31.5127,0.4738,-12.8495,151.542,ppo_car_spread_a_sampling
0.6600,0.11645,0.0161,0.0000,0.26296,0.26296,0.55540,112.8,1.0000,-31.5102,0.4739,-12.8542,151.542,ppo_car_spread_a_sampling
0.6800,0.16375,0.0161,0.0000,0.26776,0.26781,0.53923,8.4,1.0000,-31.5077,0.4740,-12.8590,151.546,ppo_car_spread_a_sampling
0.7000,0.16375,0.0161,0.0000,0.26541,0.26551,0.56332,8.4,1.0000,-31.5053,0.4740,-12.8638,151.550,ppo_car_spread_a_sampling
0.7200,0.16375,0.0161,0.0000,0.26394,0.26408,0.56480,8.4,1.0000,-31.5030,0.4741,-12.8685,151.558,ppo_car_spread_a_sampling
0.7400,0.10416,0.0000,0.4789,0.26841,0.26856,0.56207,8.4,1.0000,-31.5006,0.4741,-12.8733,151.568,ppo_car_spread_a_sampling
0.7600,0.02985,0.0000,0.4789,0.19696,0.19705,0.00000,0.0,1.0000,-31.4988,0.4741,-12.8767,151.572,ppo_car_spread_a_sampling
0.7800,-0.03394,0.0000,0.4789,0.00791,0.00835,0.00000,0.0,1.0000,-31.4990,0.4742,-12.8767,151.573,ppo_car_spread_a_sampling
0.8000,-0.12000,0.0000,0.4789,-0.00553,0.00563,0.35686,-100.6,1.0000,-31.4991,0.4742,-12.8764,151.573,ppo_car_spread_a_sampling
0.8200,-0.07687,0.0000,0.2435,-0.03036,0.03038,0.30785,-100.6,1.0000,-31.4995,0.4742,-12.8756,151.571,ppo_car_spread_a_sampling
0.8400,-0.07687,0.0000,0.2435,-0.04400,0.04401,0.27313,-51.1,1.0000,-31.5001,0.4742,-12.8747,151.571,ppo_car_spread_a_sampling
0.8600,-0.07687,0.0000,0.2435,-0.05002,0.05004,0.37320,-51.1,1.0000,-31.5006,0.4742,-12.8737,151.575,ppo_car_spread_a_sampling
0.8800,-0.07687,0.0000,0.2435,-0.05713,0.05714,0.23968,-51.1,1.0000,-31.5012,0.4742,-12.8726,151.578,ppo_car_spread_a_sampling
0.9000,0.01153,0.4684,0.0000,-0.06763,0.06763,0.40243,-51.1,1.0000,-31.5019,0.4742,-12.8713,151.581,ppo_car_spread_a_sampling
0.9200,0.09086,0.4684,0.0000,-0.02291,0.02291,0.30949,245.9,1.0000,-31.5022,0.4742,-12.8709,151.579,ppo_car_spread_a_sampling
0.9400,0.10624,0.4684,0.0000,0.02749,0.02751,0.36225,245.9,1.0000,-31.5019,0.4742,-12.8714,151.583,ppo_car_spread_a_sampling
0.9600,0.10624,0.4684,0.0000,0.07101,0.07103,0.44194,245.9,1.0000,-31.5012,0.4742,-12.8728,151.582,ppo_car_spread_a_sampling
0.9800,0.02938,0.3973,0.0000,0.11121,0.11124,0.48817,245.9,1.0000,-31.5001,0.4741,-12.8749,151.580,ppo_car_spread_a_sampling
1.0000,-0.04952,0.3973,0.0000,0.14998,0.14999,0.51770,208.6,1.0000,-31.4986,0.4741,-12.8777,151.582,ppo_car_spread_a_sampling
1.0200,-0.12310,0.3973,0.0000,0.18771,0.18771,0.54757,208.6,1.0000,-31.4968,0.4741,-12.8811,151.581,ppo_car_spread_a_sampling
1.0400,-0.20240,0.3973,0.0000,0.23094,0.23098,0.57230,208.6,1.0000,-31.4944,0.4741,-12.8853,151.575,ppo_car_spread_a_sampling
1.0600,-0.13701,0.1200,0.0000,0.26473,0.26489,0.56321,208.6,1.0000,-31.4916,0.4741,-12.8900,151.566,ppo_car_spread_a_sampling
1.0800,-0.05992,0.1200,0.0000,0.27375,0.27389,0.57627,63.0,1.0000,-31.4887,0.4741,-12.8949,151.560,ppo_car_spread_a_sampling
1.1000,-0.00501,0.1200,0.0000,0.28832,0.28838,0.55971,63.0,1.0000,-31.4858,0.4741,-12.9000,151.555,ppo_car_spread_a_sampling
1.1200,-0.00501,0.1200,0.0000,0.30047,0.30048,0.56504,63.0,1.0000,-31.4829,0.4741,-12.9054,151.552,ppo_car_spread_a_sampling
1.1400,-0.06010,0.1836,0.0000,0.30438,0.30438,0.60636,63.0,1.0000,-31.4799,0.4741,-12.9108,151.551,ppo_car_spread_a_sampling
1.1600,-0.07041,0.1836,0.0000,0.32251,0.32252,0.60292,96.4,1.0000,-31.4767,0.4741,-12.9165,151.548,ppo_car_spread_a_sampling
1.1800,-0.07041,0.1836,0.0000,0.34009,0.34012,0.63345,96.4,1.0000,-31.4734,0.4741,-12.9225,151.544,ppo_car_spread_a_sampling
1.2000,-0.07041,0.1836,0.0000,0.35817,0.35820,0.64055,96.4,1.0000,-31.4699,0.4741,-12.9287,151.540,ppo_car_spread_a_sampling
1.2200,0.00974,0.0000,0.3029,0.37613,0.37617,0.64881,96.4,1.0000,-31.4662,0.4741,-12.9353,151.535,ppo_car_spread_a_sampling
1.2400,0.07050,0.0000,0.3029,0.19770,0.19771,0.00000,0.0,1.0000,-31.4643,0.4741,-12.9386,151.532,ppo_car_spread_a_sampling
1.2600,0.12832,0.0000,0.3029,0.00899,0.00899,0.00000,0.0,1.0000,-31.4644,0.4741,-12.9385,151.533,ppo_car_spread_a_sampling
1.2800,0.12832,0.0000,0.3029,-0.00279,0.00279,0.32841,-63.6,1.0000,-31.4646,0.4741,-12.9382,151.535,ppo_car_spread_a_sampling
1.3000,0.04663,0.0000,0.6905,-0.01839,0.01840,0.20725,-63.6,1.0000,-31.4649,0.4741,-12.9377,151.536,ppo_car_spread_a_sampling
1.3200,-0.02819,0.0000,0.6905,-0.04237,0.04238,0.14357,-145.0,1.0000,-31.4654,0.4741,-12.9367,151.537,ppo_car_spread_a_sampling
1.3400,-0.08096,0.0000,0.6905,-0.07034,0.07034,0.22392,-145.0,1.0000,-31.4662,0.4741,-12.9353,151.536,ppo_car_spread_a_sampling
1.3600,-0.16209,0.0000,0.6905,-0.09561,0.09561,0.30670,-145.0,1.0000,-31.4672,0.4741,-12.9335,151.536,ppo_car_spread_a_sampling
1.3800,-0.24057,0.4555,0.0000,-0.12489,0.12494,0.10618,-145.0,1.0000,-31.4685,0.4741,-12.9312,151.537,ppo_car_spread_a_sampling
1.4000,-0.31648,0.4555,0.0000,-0.08280,0.08286,0.22472,239.1,1.0000,-31.4694,0.4741,-12.9297,151.540,ppo_car_spread_a_sampling
1.4200,-0.31648,0.4555,0.0000,-0.03711,0.03715,0.32906,239.1,1.0000,-31.4698,0.4741,-12.9291,151.538,ppo_car_spread_a_sampling
1.4400,-0.31648,0.4555,0.0000,0.00961,0.00965,0.18448,239.1,1.0000,-31.4697,0.4741,-12.9293,151.536,ppo_car_spread_a_sampling
1.4600,-0.23216,0.8791,0.0000,0.04958,0.04971,0.34549,239.1,1.0000,-31.4691,0.4741,-12.9302,151.535,ppo_car_spread_a_sampling
1.4800,-0.17072,0.8791,0.0000,0.14093,0.14115,0.25558,461.5,1.0000,-31.4675,0.4741,-12.9328,151.528,ppo_car_spread_a_sampling
1.5000,-0.15009,0.8791,0.0000,0.22322,0.22341,0.42134,461.5,1.0000,-31.4651,0.4741,-12.9369,151.520,ppo_car_spread_a_sampling
1.5200,-0.15009,0.8791,0.0000,0.30738,0.30756,0.67650,461.5,1.0000,-31.4618,0.4741,-12.9424,151.509,ppo_car_spread_a_sampling
1.5400,-0.21914,0.0000,0.1071,0.38650,0.38671,0.68710,461.5,1.0000,-31.4577,0.4741,-12.9494,151.498,ppo_car_spread_a_sampling
1.5600,-0.21914,0.0000,0.1071,0.19599,0.19611,0.00000,0.0,1.0000,-31.4557,0.4741,-12.9528,151.493,ppo_car_spread_a_sampling
1.5800,-0.21914,0.0000,0.1071,0.00773,0.00950,0.00000,0.0,1.0000,-31.4556,0.4741,-12.9528,151.489,ppo_car_spread_a_sampling
1.6000,-0.21914,0.0000,0.1071,0.00089,0.00178,0.30201,-22.5,1.0000,-31.4556,0.4741,-12.9527,151.489,ppo_car_spread_a_sampling
1.6200,-0.17624,0.0000,0.1133,0.00440,0.00444,0.35210,-22.5,1.0000,-31.4556,0.4741,-12.9527,151.493,ppo_car_spread_a_sampling
1.6400,-0.17624,0.0000,0.1133,-0.00722,0.00722,0.32537,-23.8,1.0000,-31.4557,0.4741,-12.9525,151.490,ppo_car_spread_a_sampling
1.6600,-0.17624,0.0000,0.1133,-0.00979,0.00980,0.29586,-23.8,1.0000,-31.4558,0.4741,-12.9523,151.493,ppo_car_spread_a_sampling
1.6800,-0.17624,0.0000,0.1133,-0.01002,0.01002,0.36204,-23.8,1.0000,-31.4560,0.4741,-12.9521,151.497,ppo_car_spread_a_sampling
1.7000,-0.08714,0.0000,0.3672,-0.01327,0.01328,0.37915,-23.8,1.0000,-31.4561,0.4741,-12.9518,151.502,ppo_car_spread_a_sampling
1.7200,-0.03115,0.0000,0.3672,-0.03786,0.03787,0.27691,-77.1,1.0000,-31.4565,0.4741,-12.9511,151.503,ppo_car_spread_a_sampling
1.7400,0.04749,0.0000,0.3672,-0.04794,0.04794,0.27844,-77.1,1.0000,-31.4570,0.4741,-12.9502,151.506,ppo_car_spread_a_sampling
1.7600,0.13548,0.0000,0.3672,-0.06006,0.06006,0.11498,-77.1,1.0000,-31.4576,0.4741,-12.9491,151.507,ppo_car_spread_a_sampling
1.7800,0.06742,0.6526,0.0000,-0.07299,0.07301,0.41515,-77.1,1.0000,-31.4583,0.4741,-12.9478,151.504,ppo_car_spread_a_sampling
1.8000,0.00846,0.6526,0.0000,-0.02121,0.02121,0.40025,342.6,1.0000,-31.4585,0.4741,-12.9474,151.504,ppo_car_spread_a_sampling
1.8200,-0.01548,0.6526,0.0000,0.05473,0.05473,0.20054,342.6,1.0000,-31.4579,0.4741,-12.9485,151.503,ppo_car_spread_a_sampling
1.8400,-0.01548,0.6526,0.0000,0.11228,0.11228,0.30845,342.6,1.0000,-31.4568,0.4741,-12.9506,151.504,ppo_car_spread_a_sampling
1.8600,-0.09172,0.1607,0.0000,0.17513,0.17513,0.50850,342.6,1.0000,-31.4550,0.4741,-12.9538,151.506,ppo_car_spread_a_sampling
1.8800,-0.14809,0.1607,0.0000,0.19335,0.19337,0.47086,84.4,1.0000,-31.4530,0.4741,-12.9573,151.505,ppo_car_spread_a_sampling
1.9000,-0.18144,0.1607,0.0000,0.21147,0.21153,0.35554,84.4,1.0000,-31.4508,0.4741,-12.9611,151.498,ppo_car_spread_a_sampling
1.9200,-0.18144,0.1607,0.0000,0.22088,0.22101,0.47864,84.4,1.0000,-31.4485,0.4741,-12.9650,151.492,ppo_car_spread_a_sampling
1.9400,-0.12009,0.2107,0.0000,0.23954,0.23970,0.43164,84.4,1.0000,-31.4460,0.4741,-12.9692,151.485,ppo_car_spread_a_sampling
1.9600,-0.08380,0.2107,0.0000,0.26234,0.26245,0.42165,110.6,1.0000,-31.4433,0.4741,-12.9738,151.479,ppo_car_spread_a_sampling
1.9800,-0.08380,0.2107,0.0000,0.28467,0.28474,0.19219,110.6,1.0000,-31.4404,0.4741,-12.9789,151.473,ppo_car_spread_a_sampling
2.0000,-0.08380,0.2107,0.0000,0.30173,0.30179,0.54779,110.6,1.0000,-31.4374,0.4741,-12.9842,151.469,ppo_car_spread_a_sampling
2.0200,-0.14712,0.0000,0.2974,0.31553,0.31559,0.61418,110.6,1.0000,-31.4343,0.4741,-12.9897,151.466,ppo_car_spread_a_sampling
2.0400,-0.22937,0.0000,0.2974,0.19813,0.19818,0.00000,0.0,1.0000,-31.4324,0.4741,-12.9930,151.466,ppo_car_spread_a_sampling
2.0600,-0.28774,0.0000,0.2974,0.00765,0.00893,0.00000,0.0,1.0000,-31.4323,0.4741,-12.9929,151.467,ppo_car_spread_a_sampling
2.0800,-0.33574,0.0000,0.2974,-0.00636,0.00651,0.34050,-62.5,1.0000,-31.4325,0.4741,-12.9925,151.466,ppo_car_spread_a_sampling
2.1000,-0.40055,0.1149,0.0000,-0.01586,0.01587,0.37903,-62.5,1.0000,-31.4328,0.4741,-12.9921,151.471,ppo_car_spread_a_sampling
2.1200,-0.47803,0.1149,0.0000,-0.00412,0.00415,0.23710,60.3,1.0000,-31.4329,0.4741,-12.9919,151.470,ppo_car_spread_a_sampling
2.1400,-0.55564,0.1149,0.0000,0.00887,0.00889,0.33088,60.3,1.0000,-31.4329,0.4741,-12.9919,151.472,ppo_car_spread_a_sampling
2.1600,-0.63527,0.1149,0.0000,0.02270,0.02288,0.31089,60.3,1.0000,-31.4327,0.4741,-12.9922,151.468,ppo_car_spread_a_sampling
2.1800,-0.56222,0.0000,0.0022,0.03266,0.03303,0.29600,60.3,1.0000,-31.4323,0.4741,-12.9927,151.464,ppo_car_spread_a_sampling
2.2000,-0.50091,0.0000,0.0022,0.02687,0.02713,0.32540,-0.5,1.0000,-31.4320,0.4741,-12.9931,151.458,ppo_car_spread_a_sampling
2.2200,-0.41868,0.0000,0.0022,0.02445,0.02461,0.25843,-0.5,1.0000,-31.4317,0.4741,-12.9934,151.455,ppo_car_spread_a_sampling
2.2400,-0.34013,0.0000,0.0022,0.02339,0.02349,0.33823,-0.5,1.0000,-31.4315,0.4741,-12.9938,151.451,ppo_car_spread_a_sampling
2.2600,-0.28503,0.0000,0.3251,0.02431,0.02440,0.34963,-0.5,1.0000,-31.4312,0.4741,-12.9942,151.451,ppo_car_spread_a_sampling
2.2800,-0.28503,0.0000,0.3251,0.02017,0.02021,0.34484,-68.3,1.0000,-31.4310,0.4741,-12.9946,151.452,ppo_car_spread_a_sampling
2.3000,-0.28503,0.0000,0.3251,0.00702,0.00705,0.26030,-68.3,1.0000,-31.4309,0.4741,-12.9947,151.452,ppo_car_spread_a_sampling
2.3200,-0.28503,0.0000,0.3251,-0.00575,0.00578,0.38182,-68.3,1.0000,-31.4310,0.4741,-12.9946,151.452,ppo_car_spread_a_sampling
2.3400,-0.20725,0.4585,0.0000,-0.01451,0.01452,0.39687,-68.3,1.0000,-31.4311,0.4741,-12.9944,151.451,ppo_car_spread_a_sampling
2.3600,-0.14368,0.4585,0.0000,0.02213,0.02215,0.25565,240.7,1.0000,-31.4309,0.4741,-12.9948,151.449,ppo_car_spread_a_sampling
2.3800,-0.05641,0.4585,0.0000,0.06627,0.06631,0.18514,240.7,1.0000,-31.4301,0.4741,-12.9960,151.447,ppo_car_spread_a_sampling
2.4000,-0.00232,0.4585,0.0000,0.10848,0.10850,0.48972,240.7,1.0000,-31.4290,0.4741,-12.9980,151.444,ppo_car_spread_a_sampling
2.4200,0.06902,0.2021,0.0000,0.15290,0.15290,0.45494,240.7,1.0000,-31.4275,0.4741,-13.0008,151.441,ppo_car_spread_a_sampling
2.4400,0.14461,0.2021,0.0000,0.17352,0.17353,0.48022,106.1,1.0000,-31.4258,0.4741,-13.0040,151.441,ppo_car_spread_a_sampling
2.4600,0.15068,0.2021,0.0000,0.19580,0.19586,0.20164,106.1,1.0000,-31.4239,0.4741,-13.0076,151.444,ppo_car_spread_a_sampling
2.4800,0.15068,0.2021,0.0000,0.21532,0.21542,0.30811,106.1,1.0000,-31.4219,0.4741,-13.0116,151.451,ppo_car_spread_a_sampling
2.5000,0.09418,0.0000,0.6632,0.23670,0.23681,0.34726,106.1,1.0000,-31.4197,0.4741,-13.0159,151.457,ppo_car_spread_a_sampling
2.5200,0.01744,0.0000,0.6632,0.18974,0.18981,0.00000,0.0,1.0000,-31.4180,0.4741,-13.0194,151.459,ppo_car_spread_a_sampling
2.5400,-0.06529,0.0000,0.6632,0.00566,0.00607,0.00000,0.0,1.0000,-31.4181,0.4741,-13.0193,151.460,ppo_car_spread_a_sampling
2.5600,-0.13827,0.0000,0.6632,-0.02352,0.02355,0.30772,-139.3,1.0000,-31.4184,0.4741,-13.0188,151.465,ppo_car_spread_a_sampling
2.5800,-0.08391,0.0068,0.0000,-0.04466,0.04468,0.41984,-139.3,1.0000,-31.4189,0.4741,-13.0179,151.463,ppo_car_spread_a_sampling
2.6000,0.00217,0.0068,0.0000,-0.04227,0.04228,0.39764,3.6,1.0000,-31.4194,0.4741,-13.0170,151.459,ppo_car_spread_a_sampling
2.6200,0.08460,0.0068,0.0000,-0.04711,0.04711,0.19734,3.6,1.0000,-31.4199,0.4741,-13.0161,151.459,ppo_car_spread_a_sampling
2.6400,0.15987,0.0068,0.0000,-0.03967,0.03968,0.41213,3.6,1.0000,-31.4203,0.4741,-13.0153,151.456,ppo_car_spread_a_sampling
2.6600,0.21800,0.0000,0.1047,-0.04304,0.04305,0.39634,3.6,1.0000,-31.4207,0.4741,-13.0145,151.449,ppo_car_spread_a_sampling
2.6800,0.25364,0.0000,0.1047,-0.04500,0.04503,0.19943,-22.0,1.0000,-31.4211,0.4741,-13.0137,151.448,ppo_car_spread_a_sampling
2.7000,0.25364,0.0000,0.1047,-0.05033,0.05040,0.17148,-22.0,1.0000,-31.4215,0.4741,-13.0127,151.446,ppo_car_spread_a_sampling
2.7200,0.25364,0.0000,0.1047,-0.06148,0.06157,0.26812,-22.0,1.0000,-31.4221,0.4741,-13.0116,151.440,ppo_car_spread_a_sampling
2.7400,0.19015,0.4165,0.0000,-0.06316,0.06326,0.22297,-22.0,1.0000,-31.4226,0.4741,-13.0104,151.435,ppo_car_spread_a_sampling
2.7600,0.12967,0.4165,0.0000,-0.02119,0.02122,0.16801,218.7,1.0000,-31.4228,0.4741,-13.0101,151.434,ppo_car_spread_a_sampling
2.7800,0.03961,0.4165,0.0000,0.02036,0.02036,0.39813,218.7,1.0000,-31.4226,0.4741,-13.0105,151.435,ppo_car_spread_a_sampling
2.8000,-0.03610,0.4165,0.0000,0.05562,0.05562,0.37108,218.7,1.0000,-31.4220,0.4741,-13.0116,151.436,ppo_car_spread_a_sampling
2.8200,-0.00522,0.0000,0.3698,0.10236,0.10236,0.21599,218.7,1.0000,-31.4209,0.4741,-13.0135,151.434,ppo_car_spread_a_sampling
2.8400,-0.00522,0.0000,0.3698,0.11442,0.11442,0.00000,0.0,1.0000,-31.4198,0.4741,-13.0156,151.437,ppo_car_spread_a_sampling
2.8600,-0.00522,0.0000,0.3698,0.00181,0.00182,0.00000,0.0,1.0000,-31.4198,0.4741,-13.0156,151.438,ppo_car_spread_a_sampling
2.8800,-0.00522,0.0000,0.3698,-0.01127,0.01127,0.38265,-77.6,1.0000,-31.4199,0.4741,-13.0154,151.441,ppo_car_spread_a_sampling
2.9000,0.06410,0.1032,0.0000,-0.02292,0.02292,0.29044,-77.6,1.0000,-31.4201,0.4741,-13.0150,151.441,ppo_car_spread_a_sampling
2.9200,0.09210,0.1032,0.0000,-0.01489,0.01489,0.36048,54.2,1.0000,-31.4203,0.4741,-13.0147,151.443,ppo_car_spread_a_sampling
2.9400,0.09210,0.1032,0.0000,-0.00991,0.00991,0.35527,54.2,1.0000,-31.4204,0.4741,-13.0145,151.440,ppo_car_spread_a_sampling
2.9600,0.09210,0.1032,0.0000,0.00409,0.00409,0.17047,54.2,1.0000,-31.4203,0.4741,-13.0146,151.441,ppo_car_spread_a_sampling
2.9800,0.03639,0.0000,0.5847,0.00601,0.00601,0.39192,54.2,1.0000,-31.4202,0.4741,-13.0147,151.440,ppo_car_spread_a_sampling
3.0000,0.03639,0.0000,0.5847,-0.00755,0.00755,0.39009,-122.8,1.0000,-31.4203,0.4741,-13.0146,151.436,ppo_car_spread_a_sampling
3.0200,0.03639,0.0000,0.5847,-0.03368,0.03368,0.03930,-122.8,1.0000,-31.4207,0.4741,-13.0140,151.436,ppo_car_spread_a_sampling
3.0400,0.03639,0.0000,0.5847,-0.05628,0.05628,0.20635,-122.8,1.0000,-31.4212,0.4741,-13.0130,151.435,ppo_car_spread_a_sampling
3.0600,0.12901,0.0000,0.0608,-0.07537,0.07537,0.34041,-122.8,1.0000,-31.4219,0.4741,-13.0116,151.434,ppo_car_spread_a_sampling
3.0800,0.18430,0.0000,0.0608,-0.07845,0.07847,0.39853,-12.8,1.0000,-31.4227,0.4741,-13.0102,151.436,ppo_car_spread_a_sampling
3.1000,0.26094,0.0000,0.0608,-0.08023,0.08028,0.43287,-12.8,1.0000,-31.4234,0.4741,-13.0087,151.436,ppo_car_spread_a_sampling
3.1200,0.33948,0.0000,0.0608,-0.08371,0.08381,0.25397,-12.8,1.0000,-31.4241,0.4741,-13.0072,151.434,ppo_car_spread_a_sampling
3.1400,0.27384,0.5861,0.0000,-0.08446,0.08465,0.42554,-12.8,1.0000,-31.4249,0.4741,-13.0056,151.431,ppo_car_spread_a_sampling
3.1600,0.19690,0.5861,0.0000,-0.02933,0.02939,0.24570,307.7,1.0000,-31.4251,0.4741,-13.0051,151.427,ppo_car_spread_a_sampling
3.1800,0.12084,0.5861,0.0000,0.02639,0.02641,0.41537,307.7,1.0000,-31.4248,0.4741,-13.0057,151.432,ppo_car_spread_a_sampling
3.2000,0.03853,0.5861,0.0000,0.08415,0.08418,0.11540,307.7,1.0000,-31.4240,0.4741,-13.0073,151.434,ppo_car_spread_a_sampling
3.2200,0.09758,0.0000,0.0504,0.14003,0.14004,0.30171,307.7,1.0000,-31.4226,0.4741,-13.0099,151.435,ppo_car_spread_a_sampling
3.2400,0.18306,0.0000,0.0504,0.14753,0.14756,0.00000,0.0,1.0000,-31.4212,0.4741,-13.0126,151.438,ppo_car_spread_a_sampling
3.2600,0.26202,0.0000,0.0504,0.00273,0.00409,0.00000,0.0,1.0000,-31.4213,0.4741,-13.0127,151.439,ppo_car_spread_a_sampling
3.2800,0.33101,0.0000,0.0504,-0.00350,0.00354,0.34944,-10.6,1.0000,-31.4213,0.4741,-13.0126,151.436,ppo_car_spread_a_sampling
3.3000,0.25648,0.0120,0.0000,-0.00045,0.00086,0.32751,-10.6,1.0000,-31.4214,0.4741,-13.0126,151.437,ppo_car_spread_a_sampling
3.3200,0.17924,0.0120,0.0000,0.00738,0.00739,0.35015,6.3,1.0000,-31.4213,0.4741,-13.0127,151.440,ppo_car_spread_a_sampling
3.3400,0.12079,0.0120,0.0000,0.00344,0.00346,0.35146,6.3,1.0000,-31.4213,0.4741,-13.0127,151.440,ppo_car_spread_a_sampling
3.3600,0.04974,0.0120,0.0000,0.00565,0.00565,0.35034,6.3,1.0000,-31.4212,0.4741,-13.0128,151.438,ppo_car_spread_a_sampling
3.3800,-0.04525,0.0469,0.0000,-0.00057,0.00058,0.24986,6.3,1.0000,-31.4213,0.4741,-13.0128,151.437,ppo_car_spread_a_sampling
3.4000,-0.10096,0.0469,0.0000,0.00926,0.00926,0.32092,24.6,1.0000,-31.4212,0.4741,-13.0129,151.437,ppo_car_spread_a_sampling
3.4200,-0.17863,0.0469,0.0000,0.00812,0.00812,0.29456,24.6,1.0000,-31.4211,0.4741,-13.0130,151.439,ppo_car_spread_a_sampling
3.4400,-0.25526,0.0469,0.0000,0.01567,0.01568,0.38252,24.6,1.0000,-31.4210,0.4741,-13.0133,151.442,ppo_car_spread_a_sampling
3.4600,-0.17796,0.4831,0.0000,0.02384,0.02387,0.08677,24.6,1.0000,-31.4207,0.4741,-13.0137,151.441,ppo_car_spread_a_sampling
3.4800,-0.10440,0.4831,0.0000,0.07311,0.07317,0.19648,253.6,1.0000,-31.4199,0.4741,-13.0150,151.438,ppo_car_spread_a_sampling
3.5000,-0.03256,0.4831,0.0000,0.11480,0.11484,0.19215,253.6,1.0000,-31.4188,0.4741,-13.0170,151.435,ppo_car_spread_a_sampling
3.5200,0.04860,0.4831,0.0000,0.16545,0.16546,0.16524,253.6,1.0000,-31.4171,0.4741,-13.0200,151.433,ppo_car_spread_a_sampling
3.5400,-0.01862,0.0000,0.4355,0.20822,0.20822,0.49590,253.6,1.0000,-31.4150,0.4741,-13.0238,151.430,ppo_car_spread_a_sampling
3.5600,-0.07889,0.0000,0.4355,0.19341,0.19341,0.00000,0.0,1.0000,-31.4132,0.4741,-13.0272,151.429,ppo_car_spread_a_sampling
3.5800,-0.07889,0.0000,0.4355,0.00531,0.00544,0.00000,0.0,1.0000,-31.4132,0.4741,-13.0272,151.430,ppo_car_spread_a_sampling
3.6000,-0.07889,0.0000,0.4355,-0.00835,0.00835,0.17000,-91.4,1.0000,-31.4133,0.4741,-13.0269,151.430,ppo_car_spread_a_sampling
3.6200,0.00473,0.0000,0.2500,-0.02467,0.02468,0.29896,-91.4,1.0000,-31.4136,0.4741,-13.0264,151.428,ppo_car_spread_a_sampling
3.6400,0.08355,0.0000,0.2500,-0.04296,0.04296,0.29381,-52.5,1.0000,-31.4141,0.4741,-13.0255,151.426,ppo_car_spread_a_sampling
3.6600,0.14592,0.0000,0.2500,-0.04971,0.04971,0.29138,-52.5,1.0000,-31.4146,0.4741,-13.0246,151.425,ppo_car_spread_a_sampling
3.6800,0.18654,0.0000,0.2500,-0.05649,0.05652,0.25657,-52.5,1.0000,-31.4151,0.4741,-13.0235,151.422,ppo_car_spread_a_sampling
3.7000,0.13145,0.4172,0.0000,-0.06542,0.06545,0.36349,-52.5,1.0000,-31.4157,0.4741,-13.0222,151.420,ppo_car_spread_a_sampling
3.7200,0.05361,0.4172,0.0000,-0.02852,0.02854,0.18788,219.0,1.0000,-31.4160,0.4741,-13.0217,151.418,ppo_car_spread_a_sampling
3.7400,-0.02843,0.4172,0.0000,0.01932,0.01932,0.24068,219.0,1.0000,-31.4158,0.4741,-13.0221,151.416,ppo_car_spread_a_sampling
3.7600,-0.11285,0.4172,0.0000,0.05436,0.05436,0.25521,219.0,1.0000,-31.4153,0.4741,-13.0231,151.413,ppo_car_spread_a_sampling
3.7800,-0.05182,0.2485,0.0000,0.08975,0.08977,0.46296,219.0,1.0000,-31.4143,0.4741,-13.0247,151.410,ppo_car_spread_a_sampling
3.8000,-0.01245,0.2485,0.0000,0.12047,0.12048,0.42782,130.5,1.0000,-31.4131,0.4741,-13.0269,151.412,ppo_car_spread_a_sampling
3.8200,-0.01245,0.2485,0.0000,0.14157,0.14157,0.39692,130.5,1.0000,-31.4117,0.4741,-13.0295,151.411,ppo_car_spread_a_sampling
3.8400,-0.01245,0.2485,0.0000,0.16526,0.16526,0.28016,130.5,1.0000,-31.4100,0.4741,-13.0325,151.410,ppo_car_spread_a_sampling
3.8600,-0.09379,0.1937,0.0000,0.19022,0.19022,0.39303,130.5,1.0000,-31.4081,0.4741,-13.0359,151.410,ppo_car_spread_a_sampling
3.8800,-0.10048,0.1937,0.0000,0.21130,0.21132,0.25354,101.7,1.0000,-31.4060,0.4741,-13.0397,151.406,ppo_car_spread_a_sampling
3.9000,-0.10048,0.1937,0.0000,0.23170,0.23174,0.33650,101.7,1.0000,-31.4037,0.4741,-13.0438,151.404,ppo_car_spread_a_sampling
3.9200,-0.10048,0.1937,0.0000,0.24903,0.24908,0.41042,101.7,1.0000,-31.4011,0.4741,-13.0482,151.398,ppo_car_spread_a_sampling
3.9400,-0.10469,0.0000,0.9510,0.26392,0.26398,0.51168,101.7,1.0000,-31.3985,0.4741,-13.0528,151.395,ppo_car_spread_a_sampling
3.9600,-0.10469,0.0000,0.9510,0.19410,0.19415,0.00000,0.0,1.0000,-31.3966,0.4741,-13.0562,151.393,ppo_car_spread_a_sampling
3.9800,-0.10469,0.0000,0.9510,0.00672,0.00742,0.00000,0.0,1.0000,-31.3965,0.4741,-13.0561,151.394,ppo_car_spread_a_sampling
4.0000,-0.10469,0.0000,0.9510,-0.03262,0.03262,0.35595,-199.7,1.0000,-31.3970,0.4741,-13.0553,151.399,ppo_car_spread_a_sampling
4.0200,-0.01890,0.0000,0.2021,-0.06759,0.06760,0.12682,-199.7,1.0000,-31.3977,0.4741,-13.0539,151.401,ppo_car_spread_a_sampling
4.0400,0.04025,0.0000,0.2021,-0.07217,0.07218,0.33012,-42.4,1.0000,-31.3985,0.4741,-13.0525,151.401,ppo_car_spread_a_sampling
4.0600,0.06800,0.0000,0.2021,-0.07729,0.07729,0.43813,-42.4,1.0000,-31.3993,0.4741,-13.0510,151.402,ppo_car_spread_a_sampling
4.0800,0.16224,0.0000,0.2021,-0.09245,0.09246,0.39646,-42.4,1.0000,-31.4003,0.4741,-13.0493,151.398,ppo_car_spread_a_sampling
4.1000,0.12778,0.0000,0.4354,-0.09928,0.09932,0.17991,-42.4,1.0000,-31.4012,0.4741,-13.0474,151.397,ppo_car_spread_a_sampling
4.1200,0.12778,0.0000,0.4354,-0.11283,0.11288,0.45859,-91.4,1.0000,-31.4023,0.4741,-13.0453,151.398,ppo_car_spread_a_sampling
4.1400,0.12778,0.0000,0.4354,-0.12627,0.12632,0.49200,-91.4,1.0000,-31.4035,0.4741,-13.0430,151.393,ppo_car_spread_a_sampling
4.1600,0.12778,0.0000,0.4354,-0.14487,0.14493,0.49430,-91.4,1.0000,-31.4048,0.4741,-13.0404,151.392,ppo_car_spread_a_sampling
4.1800,0.14238,0.3990,0.0000,-0.16786,0.16793,0.26982,-91.4,1.0000,-31.4064,0.4741,-13.0374,151.389,ppo_car_spread_a_sampling
4.2000,0.14238,0.3990,0.0000,-0.12635,0.12640,0.40052,209.5,1.0000,-31.4075,0.4741,-13.0351,151.384,ppo_car_spread_a_sampling
4.2200,0.14238,0.3990,0.0000,-0.08886,0.08889,0.38231,209.5,1.0000,-31.4083,0.4741,-13.0336,151.381,ppo_car_spread_a_sampling
4.2400,0.14238,0.3990,0.0000,-0.04677,0.04680,0.36610,209.5,1.0000,-31.4086,0.4741,-13.0329,151.377,ppo_car_spread_a_sampling
4.2600,0.06015,0.0000,0.3176,-0.01628,0.01629,0.36558,209.5,1.0000,-31.4087,0.4741,-13.0327,151.373,ppo_car_spread_a_sampling
4.2800,0.00662,0.0000,0.3176,-0.02099,0.02099,0.35302,-66.7,1.0000,-31.4088,0.4741,-13.0324,151.370,ppo_car_spread_a_sampling
4.3000,-0.07976,0.0000,0.3176,-0.03428,0.03428,0.22619,-66.7,1.0000,-31.4091,0.4741,-13.0319,151.371,ppo_car_spread_a_sampling
4.3200,-0.15418,0.0000,0.3176,-0.04872,0.04872,0.27488,-66.7,1.0000,-31.4096,0.4741,-13.0312,151.371,ppo_car_spread_a_sampling
4.3400,-0.21026,0.4809,0.0000,-0.05993,0.05995,0.30238,-66.7,1.0000,-31.4102,0.4741,-13.0302,151.376,ppo_car_spread_a_sampling
4.3600,-0.23919,0.4809,0.0000,-0.01558,0.01558,0.38272,252.5,1.0000,-31.4103,0.4741,-13.0300,151.380,ppo_car_spread_a_sampling
4.3800,-0.23919,0.4809,0.0000,0.03196,0.03203,0.27970,252.5,1.0000,-31.4099,0.4741,-13.0306,151.378,ppo_car_spread_a_sampling
4.4000,-0.23919,0.4809,0.0000,0.08452,0.08463,0.19514,252.5,1.0000,-31.4089,0.4741,-13.0322,151.376,ppo_car_spread_a_sampling
4.4200,-0.31116,0.0000,0.3691,0.12451,0.12467,0.23762,252.5,1.0000,-31.4075,0.4741,-13.0345,151.370,ppo_car_spread_a_sampling
4.4400,-0.38903,0.0000,0.3691,0.14672,0.14705,0.00000,0.0,1.0000,-31.4059,0.4741,-13.0371,151.361,ppo_car_spread_a_sampling
4.4600,-0.44749,0.0000,0.3691,0.00203,0.00680,0.00000,0.0,1.0000,-31.4057,0.4741,-13.0370,151.361,ppo_car_spread_a_sampling
4.4800,-0.51305,0.0000,0.3691,-0.00850,0.00853,0.30286,-77.5,1.0000,-31.4058,0.4741,-13.0368,151.366,ppo_car_spread_a_sampling
4.5000,-0.42227,0.0000,0.4407,-0.02339,0.02342,0.36330,-77.5,1.0000,-31.4061,0.4741,-13.0363,151.368,ppo_car_spread_a_sampling
4.5200,-0.34393,0.0000,0.4407,-0.03927,0.03945,0.39627,-92.5,1.0000,-31.4066,0.4741,-13.0356,151.375,ppo_car_spread_a_sampling
4.5400,-0.26633,0.0000,0.4407,-0.06092,0.06107,0.33877,-92.5,1.0000,-31.4073,0.4741,-13.0345,151.378,ppo_car_spread_a_sampling
4.5600,-0.21085,0.0000,0.4407,-0.08170,0.08184,0.21731,-92.5,1.0000,-31.4082,0.4741,-13.0331,151.383,ppo_car_spread_a_sampling
4.5800,-0.29166,0.0000,0.2470,-0.08915,0.08928,0.35670,-92.5,1.0000,-31.4092,0.4741,-13.0315,151.386,ppo_car_spread_a_sampling
4.6000,-0.33930,0.0000,0.2470,-0.10246,0.10265,0.29215,-51.9,1.0000,-31.4103,0.4741,-13.0297,151.393,ppo_car_spread_a_sampling
4.6200,-0.33930,0.0000,0.2470,-0.11177,0.11204,0.43343,-51.9,1.0000,-31.4116,0.4741,-13.0277,151.401,ppo_car_spread_a_sampling
4.6400,-0.33930,0.0000,0.2470,-0.12560,0.12595,0.12614,-51.9,1.0000,-31.4130,0.4741,-13.0255,151.410,ppo_car_spread_a_sampling
4.6600,-0.27180,0.4287,0.0000,-0.13213,0.13249,0.44655,-51.9,1.0000,-31.4145,0.4741,-13.0232,151.421,ppo_car_spread_a_sampling
4.6800,-0.19846,0.4287,0.0000,-0.09703,0.09724,0.23306,225.1,1.0000,-31.4155,0.4741,-13.0216,151.428,ppo_car_spread_a_sampling
4.7000,-0.12213,0.4287,0.0000,-0.05295,0.05304,0.15658,225.1,1.0000,-31.4161,0.4741,-13.0207,151.431,ppo_car_spread_a_sampling
4.7200,-0.04221,0.4287,0.0000,-0.01132,0.01136,0.38946,225.1,1.0000,-31.4162,0.4741,-13.0206,151.432,ppo_car_spread_a_sampling
4.7400,-0.12256,0.2070,0.0000,0.03404,0.03404,0.06438,225.1,1.0000,-31.4158,0.4741,-13.0213,151.432,ppo_car_spread_a_sampling
4.7600,-0.19826,0.2070,0.0000,0.04902,0.04903,0.41506,108.7,1.0000,-31.4152,0.4741,-13.0222,151.431,ppo_car_spread_a_sampling
4.7800,-0.27139,0.2070,0.0000,0.07283,0.07288,0.32415,108.7,1.0000,-31.4144,0.4741,-13.0235,151.425,ppo_car_spread_a_sampling
4.8000,-0.32683,0.2070,0.0000,0.09818,0.09832,0.18686,108.7,1.0000,-31.4133,0.4741,-13.0253,151.421,ppo_car_spread_a_sampling
4.8200,-0.24089,0.3269,0.0000,0.11434,0.11460,0.22166,108.7,1.0000,-31.4120,0.4741,-13.0273,151.411,ppo_car_spread_a_sampling
4.8400,-0.16774,0.3269,0.0000,0.14335,0.14358,0.45949,171.6,1.0000,-31.4104,0.4741,-13.0298,151.407,ppo_car_spread_a_sampling
4.8600,-0.09713,0.3269,0.0000,0.18068,0.18084,0.21942,171.6,1.0000,-31.4085,0.4741,-13.0330,151.399,ppo_car_spread_a_sampling
4.8800,-0.08837,0.3269,0.0000,0.20761,0.20769,0.47569,171.6,1.0000,-31.4064,0.4741,-13.0367,151.395,ppo_car_spread_a_sampling
4.9000,-0.03039,0.0000,0.4614,0.23359,0.23365,0.57322,171.6,1.0000,-31.4040,0.4741,-13.0408,151.392,ppo_car_spread_a_sampling
4.9200,0.04338,0.0000,0.4614,0.19345,0.19347,0.00000,0.0,1.0000,-31.4021,0.4741,-13.0442,151.390,ppo_car_spread_a_sampling
4.9400,0.12930,0.0000,0.4614,0.00623,0.00625,0.00000,0.0,1.0000,-31.4021,0.4741,-13.0442,151.391,ppo_car_spread_a_sampling
4.9600,0.19357,0.0000,0.4614,-0.01003,0.01004,0.36266,-96.9,1.0000,-31.4023,0.4741,-13.0438,151.395,ppo_car_spread_a_sampling
4.9800,0.14712,0.3498,0.0000,-0.03423,0.03428,0.25422,-96.9,1.0000,-31.4027,0.4741,-13.0431,151.394,ppo_car_spread_a_sampling
5.0000,0.14712,0.3498,0.0000,0.00089,0.00093,0.39651,183.7,1.0000,-31.4027,0.4741,-13.0430,151.397,ppo_car_spread_a_sampling
5.0200,0.14712,0.3498,0.0000,0.04115,0.04116,0.18801,183.7,1.0000,-31.4024,0.4741,-13.0437,151.401,ppo_car_spread_a_sampling
5.0400,0.14712,0.3498,0.0000,0.07245,0.07248,0.14473,183.7,1.0000,-31.4018,0.4741,-13.0449,151.402,ppo_car_spread_a_sampling
5.0600,0.23633,0.2976,0.0000,0.10489,0.10494,0.22578,183.7,1.0000,-31.4008,0.4741,-13.0468,151.404,ppo_car_spread_a_sampling
5.0800,0.29042,0.2976,0.0000,0.13356,0.13368,0.40176,156.2,1.0000,-31.3996,0.4741,-13.0493,151.409,ppo_car_spread_a_sampling
5.1000,0.37847,0.2976,0.0000,0.16685,0.16712,0.15903,156.2,1.0000,-31.3982,0.4741,-13.0523,151.418,ppo_car_spread_a_sampling
5.1200,0.45406,0.2976,0.0000,0.18736,0.18789,0.51400,156.2,1.0000,-31.3966,0.4741,-13.0558,151.430,ppo_car_spread_a_sampling
5.1400,0.37607,0.0000,0.4565,0.21864,0.21955,0.51236,156.2,1.0000,-31.3949,0.4741,-13.0599,151.447,ppo_car_spread_a_sampling
5.1600,0.31422,0.0000,0.4565,0.18838,0.18905,0.00000,0.0,1.0000,-31.3934,0.4741,-13.0634,151.458,ppo_car_spread_a_sampling
5.1800,0.23409,0.0000,0.4565,0.00483,0.01034,0.00000,0.0,1.0000,-31.3936,0.4741,-13.0634,151.459,ppo_car_spread_a_sampling
5.2000,0.16449,0.0000,0.4565,-0.00749,0.00788,0.37654,-95.9,1.0000,-31.3938,0.4741,-13.0632,151.456,ppo_car_spread_a_sampling
5.2200,0.08072,0.0000,0.0086,-0.03239,0.03239,0.21145,-95.9,1.0000,-31.3941,0.4741,-13.0625,151.455,ppo_car_spread_a_sampling
5.2400,0.00911,0.0000,0.0086,-0.03183,0.03183,0.30686,-1.8,1.0000,-31.3945,0.4741,-13.0619,151.452,ppo_car_spread_a_sampling
5.2600,-0.05960,0.0000,0.0086,-0.02820,0.02820,0.23506,-1.8,1.0000,-31.3948,0.4741,-13.0613,151.451,ppo_car_spread_a_sampling
5.2800,-0.14002,0.0000,0.0086,-0.03174,0.03174,0.17241,-1.8,1.0000,-31.3951,0.4741,-13.0607,151.450,ppo_car_spread_a_sampling
5.3000,-0.06014,0.2742,0.0000,-0.03383,0.03384,0.20903,-1.8,1.0000,-31.3954,0.4741,-13.0600,151.449,ppo_car_spread_a_sampling
5.3200,-0.03132,0.2742,0.0000,-0.00668,0.00668,0.20256,144.0,1.0000,-31.3955,0.4741,-13.0599,151.447,ppo_car_spread_a_sampling
5.3400,-0.03132,0.2742,0.0000,0.01590,0.01590,0.35711,144.0,1.0000,-31.3953,0.4741,-13.0602,151.450,ppo_car_spread_a_sampling
5.3600,-0.03132,0.2742,0.0000,0.05165,0.05165,0.27832,144.0,1.0000,-31.3948,0.4741,-13.0612,151.448,ppo_car_spread_a_sampling
5.3800,-0.10946,0.0000,0.0013,0.07339,0.07340,0.17840,144.0,1.0000,-31.3940,0.4741,-13.0625,151.447,ppo_car_spread_a_sampling
5.4000,-0.16728,0.0000,0.0013,0.07753,0.07754,0.30278,-0.3,1.0000,-31.3932,0.4741,-13.0640,151.447,ppo_car_spread_a_sampling
5.4200,-0.25221,0.0000,0.0013,0.07483,0.07486,0.41707,-0.3,1.0000,-31.3924,0.4741,-13.0653,151.443,ppo_car_spread_a_sampling
5.4400,-0.33688,0.0000,0.0013,0.07929,0.07938,0.29019,-0.3,1.0000,-31.3916,0.4741,-13.0667,151.441,ppo_car_spread_a_sampling
5.4600,-0.27608,0.7170,0.0000,0.07028,0.07043,0.41366,-0.3,1.0000,-31.3908,0.4741,-13.0680,151.437,ppo_car_spread_a_sampling
5.4800,-0.22520,0.7170,0.0000,0.14245,0.14271,0.22394,376.4,1.0000,-31.3892,0.4741,-13.0705,151.430,ppo_car_spread_a_sampling
5.5000,-0.22520,0.7170,0.0000,0.20747,0.20776,0.56707,376.4,1.0000,-31.3869,0.4741,-13.0741,151.421,ppo_car_spread_a_sampling
5.5200,-0.22520,0.7170,0.0000,0.27836,0.27870,0.60864,376.4,1.0000,-31.3839,0.4741,-13.0790,151.407,ppo_car_spread_a_sampling
5.5400,-0.14137,0.0000,0.4433,0.34920,0.34963,0.56391,376.4,1.0000,-31.3802,0.4741,-13.0852,151.391,ppo_car_spread_a_sampling
5.5600,-0.08211,0.0000,0.4433,0.21656,0.21682,0.25023,0.0,1.0000,-31.3779,0.4741,-13.0889,151.387,ppo_car_spread_a_sampling
5.5800,0.00240,0.0000,0.4433,0.19793,0.19803,0.00000,0.0,1.0000,-31.3759,0.4741,-13.0923,151.387,ppo_car_spread_a_sampling
5.6000,0.08570,0.0000,0.4433,0.00670,0.00717,0.00000,0.0,1.0000,-31.3759,0.4741,-13.0922,151.388,ppo_car_spread_a_sampling
5.6200,0.01811,0.3071,0.0000,-0.00982,0.00990,0.40408,-93.1,1.0000,-31.3761,0.4741,-13.0919,151.390,ppo_car_spread_a_sampling
5.6400,-0.05883,0.3071,0.0000,0.01951,0.01952,0.25623,161.2,1.0000,-31.3760,0.4741,-13.0921,151.393,ppo_car_spread_a_sampling
5.6600,-0.13467,0.3071,0.0000,0.05313,0.05314,0.25469,161.2,1.0000,-31.3755,0.4741,-13.0930,151.390,ppo_car_spread_a_sampling
5.6800,-0.20408,0.3071,0.0000,0.07989,0.07991,0.14935,161.2,1.0000,-31.3747,0.4741,-13.0943,151.387,ppo_car_spread_a_sampling
5.7000,-0.25885,0.0000,0.0430,0.10464,0.10472,0.31281,161.2,1.0000,-31.3737,0.4741,-13.0961,151.383,ppo_car_spread_a_sampling
5.7200,-0.30876,0.0000,0.0430,0.13775,0.13794,0.00000,0.0,1.0000,-31.3722,0.4741,-13.0985,151.379,ppo_car_spread_a_sampling
5.7400,-0.30876,0.0000,0.0430,0.00369,0.00647,0.00000,0.0,1.0000,-31.3721,0.4741,-13.0984,151.380,ppo_car_spread_a_sampling
5.7600,-0.30876,0.0000,0.0430,-0.00083,0.00200,0.20204,-9.0,1.0000,-31.3722,0.4741,-13.0983,151.379,ppo_car_spread_a_sampling
5.7800,-0.36702,0.3334,0.0000,-0.00335,0.00346,0.36634,-9.0,1.0000,-31.3722,0.4741,-13.0981,151.380,ppo_car_spread_a_sampling
5.8000,-0.45044,0.3334,0.0000,0.02747,0.02759,0.42988,175.1,1.0000,-31.3719,0.4741,-13.0986,151.376,ppo_car_spread_a_sampling
5.8200,-0.52502,0.3334,0.0000,0.06856,0.06888,0.22819,175.1,1.0000,-31.3712,0.4741,-13.0997,151.370,ppo_car_spread_a_sampling
5.8400,-0.59086,0.3334,0.0000,0.09137,0.09193,0.36802,175.1,1.0000,-31.3701,0.4741,-13.1013,151.361,ppo_car_spread_a_sampling
5.8600,-0.66313,0.2429,0.0000,0.13176,0.13285,0.22964,175.1,1.0000,-31.3685,0.4741,-13.1035,151.344,ppo_car_spread_a_sampling
5.8800,-0.75678,0.2429,0.0000,0.15068,0.15209,0.25546,127.5,1.0000,-31.3666,0.4741,-13.1060,151.323,ppo_car_spread_a_sampling
5.9000,-0.80973,0.2429,0.0000,0.16889,0.17102,0.48721,127.5,1.0000,-31.3644,0.4741,-13.1088,151.297,ppo_car_spread_a_sampling
5.9200,-0.80973,0.2429,0.0000,0.19555,0.19847,0.29609,127.5,1.0000,-31.3619,0.4741,-13.1120,151.268,ppo_car_spread_a_sampling
5.9400,-0.71995,0.0000,0.3044,0.21451,0.21811,0.44958,127.5,1.0000,-31.3590,0.4741,-13.1154,151.232,ppo_car_spread_a_sampling
5.9600,-0.65543,0.0000,0.3044,0.18306,0.18550,0.00000,0.0,1.0000,-31.3567,0.4741,-13.1184,151.216,ppo_car_spread_a_sampling
5.9800,-0.58016,0.0000,0.3044,0.00579,0.01433,0.00000,0.0,1.0000,-31.3565,0.4741,-13.1182,151.210,ppo_car_spread_a_sampling
6.0000,-0.49760,0.0000,0.3044,-0.00770,0.00816,0.36350,-63.9,1.0000,-31.3566,0.4741,-13.1179,151.207,ppo_car_spread_a_sampling
6.0200,-0.41890,0.0000,0.1369,-0.01649,0.01651,0.25552,-63.9,1.0000,-31.3569,0.4741,-13.1176,151.207,ppo_car_spread_a_sampling
6.0400,-0.36449,0.0000,0.1369,-0.01887,0.01888,0.38401,-28.7,1.0000,-31.3571,0.4741,-13.1172,151.207,ppo_car_spread_a_sampling
6.0600,-0.27291,0.0000,0.1369,-0.02690,0.02695,0.39019,-28.7,1.0000,-31.3575,0.4741,-13.1167,151.211,ppo_car_spread_a_sampling
6.0800,-0.20379,0.0000,0.1369,-0.03049,0.03055,0.28180,-28.7,1.0000,-31.3579,0.4741,-13.1161,151.210,ppo_car_spread_a_sampling
6.1000,-0.12561,0.0697,0.0000,-0.03589,0.03593,0.22377,-28.7,1.0000,-31.3583,0.4741,-13.1155,151.214,ppo_car_spread_a_sampling
6.1200,-0.04789,0.0697,0.0000,-0.02819,0.02820,0.17328,36.6,1.0000,-31.3586,0.4741,-13.1150,151.215,ppo_car_spread_a_sampling
6.1400,0.01725,0.0697,0.0000,-0.02289,0.02289,0.26854,36.6,1.0000,-31.3588,0.4741,-13.1146,151.216,ppo_car_spread_a_sampling
6.1600,0.01725,0.0697,0.0000,-0.01456,0.01456,0.38224,36.6,1.0000,-31.3590,0.4741,-13.1144,151.210,ppo_car_spread_a_sampling
6.1800,0.07995,0.6652,0.0000,-0.01352,0.01352,0.34262,36.6,1.0000,-31.3591,0.4741,-13.1141,151.212,ppo_car_spread_a_sampling
6.2000,0.08854,0.6652,0.0000,0.05301,0.05302,0.15276,349.3,1.0000,-31.3586,0.4741,-13.1152,151.212,ppo_car_spread_a_sampling
6.2200,0.08854,0.6652,0.0000,0.11736,0.11738,0.20182,349.3,1.0000,-31.3574,0.4741,-13.1174,151.214,ppo_car_spread_a_sampling
6.2400,0.08854,0.6652,0.0000,0.18174,0.18178,0.26359,349.3,1.0000,-31.3556,0.4741,-13.1207,151.217,ppo_car_spread_a_sampling
6.2600,0.01674,0.0000,0.3703,0.24276,0.24280,0.61402,349.3,1.0000,-31.3533,0.4741,-13.1252,151.222,ppo_car_spread_a_sampling
6.2800,-0.05992,0.0000,0.3703,0.19186,0.19187,0.00000,0.0,1.0000,-31.3514,0.4741,-13.1287,151.222,ppo_car_spread_a_sampling
6.3000,-0.13386,0.0000,0.3703,0.00457,0.00457,0.00000,0.0,1.0000,-31.3514,0.4741,-13.1287,151.223,ppo_car_spread_a_sampling
6.3200,-0.19199,0.0000,0.3703,-0.00747,0.00747,0.30849,-77.8,1.0000,-31.3515,0.4741,-13.1285,151.225,ppo_car_spread_a_sampling
6.3400,-0.10026,0.0000,0.0025,-0.01788,0.01789,0.40095,-77.8,1.0000,-31.3517,0.4741,-13.1281,151.228,ppo_car_spread_a_sampling
6.3600,-0.02168,0.0000,0.0025,-0.02728,0.02729,0.30160,-0.5,1.0000,-31.3520,0.4741,-13.1276,151.227,ppo_car_spread_a_sampling
6.3800,0.03436,0.0000,0.0025,-0.02746,0.02746,0.38918,-0.5,1.0000,-31.3523,0.4741,-13.1270,151.224,ppo_car_spread_a_sampling
6.4000,0.04120,0.0000,0.0025,-0.02774,0.02774,0.29583,-0.5,1.0000,-31.3526,0.4741,-13.1265,151.226,ppo_car_spread_a_sampling
6.4200,-0.01751,0.0000,0.2029,-0.02405,0.02405,0.38972,-0.5,1.0000,-31.3529,0.4741,-13.1260,151.223,ppo_car_spread_a_sampling
6.4400,-0.09657,0.0000,0.2029,-0.03198,0.03198,0.19786,-42.6,1.0000,-31.3532,0.4741,-13.1254,151.224,ppo_car_spread_a_sampling
6.4600,-0.16870,0.0000,0.2029,-0.03989,0.03990,0.19317,-42.6,1.0000,-31.3536,0.4741,-13.1247,151.224,ppo_car_spread_a_sampling
6.4800,-0.16870,0.0000,0.2029,-0.05275,0.05277,0.18589,-42.6,1.0000,-31.3541,0.4741,-13.1238,151.227,ppo_car_spread_a_sampling
6.5000,-0.22748,0.1825,0.0000,-0.05833,0.05837,0.21894,-42.6,1.0000,-31.3547,0.4741,-13.1227,151.227,ppo_car_spread_a_sampling
6.5200,-0.25733,0.1825,0.0000,-0.04630,0.04635,0.31698,95.8,1.0000,-31.3552,0.4741,-13.1219,151.229,ppo_car_spread_a_sampling
6.5400,-0.25733,0.1825,0.0000,-0.02343,0.02346,0.22085,95.8,1.0000,-31.3554,0.4741,-13.1215,151.228,ppo_car_spread_a_sampling
6.5600,-0.25733,0.1825,0.0000,-0.00387,0.00387,0.27543,95.8,1.0000,-31.3555,0.4741,-13.1215,151.226,ppo_car_spread_a_sampling
6.5800,-0.33853,0.2725,0.0000,0.00807,0.00807,0.35159,95.8,1.0000,-31.3553,0.4741,-13.1217,151.224,ppo_car_spread_a_sampling
6.6000,-0.42036,0.2725,0.0000,0.03820,0.03830,0.43118,143.0,1.0000,-31.3549,0.4741,-13.1224,151.224,ppo_car_spread_a_sampling
6.6200,-0.49695,0.2725,0.0000,0.05748,0.05773,0.45791,143.0,1.0000,-31.3542,0.4741,-13.1234,151.221,ppo_car_spread_a_sampling
6.6400,-0.54193,0.2725,0.0000,0.09469,0.09519,0.27817,143.0,1.0000,-31.3530,0.4741,-13.1251,151.216,ppo_car_spread_a_sampling
6.6600,-0.46343,0.0000,0.5812,0.11609,0.11686,0.32332,143.0,1.0000,-31.3516,0.4741,-13.1270,151.205,ppo_car_spread_a_sampling
6.6800,-0.39401,0.0000,0.5812,0.14105,0.14184,0.00000,0.0,1.0000,-31.3499,0.4741,-13.1295,151.187,ppo_car_spread_a_sampling
6.7000,-0.31875,0.0000,0.5812,0.00208,0.00823,0.00000,0.0,1.0000,-31.3498,0.4741,-13.1293,151.187,ppo_car_spread_a_sampling
6.7200,-0.26060,0.0000,0.5812,-0.01854,0.01858,0.23037,-122.1,1.0000,-31.3500,0.4741,-13.1290,151.189,ppo_car_spread_a_sampling
6.7400,-0.22593,0.0000,0.0294,-0.04294,0.04297,0.41958,-122.1,1.0000,-31.3505,0.4741,-13.1282,151.189,ppo_car_spread_a_sampling
6.7600,-0.22593,0.0000,0.0294,-0.05045,0.05050,0.22187,-6.2,1.0000,-31.3510,0.4741,-13.1272,151.191,ppo_car_spread_a_sampling
6.7800,-0.22593,0.0000,0.0294,-0.04091,0.04096,0.23713,-6.2,1.0000,-31.3515,0.4741,-13.1265,151.192,ppo_car_spread_a_sampling
6.8000,-0.22593,0.0000,0.0294,-0.04476,0.04480,0.37660,-6.2,1.0000,-31.3520,0.4741,-13.1257,151.191,ppo_car_spread_a_sampling
6.8200,-0.28531,0.0006,0.0000,-0.04405,0.04408,0.39702,-6.2,1.0000,-31.3525,0.4741,-13.1249,151.195,ppo_car_spread_a_sampling
6.8400,-0.28531,0.0006,0.0000,-0.04221,0.04228,0.32633,0.3,1.0000,-31.3530,0.4741,-13.1242,151.198,ppo_car_spread_a_sampling
6.8600,-0.28531,0.0006,0.0000,-0.04217,0.04225,0.25742,0.3,1.0000,-31.3534,0.4741,-13.1235,151.200,ppo_car_spread_a_sampling
6.8800,-0.28531,0.0006,0.0000,-0.04706,0.04715,0.21389,0.3,1.0000,-31.3539,0.4741,-13.1227,151.206,ppo_car_spread_a_sampling
6.9000,-0.38370,0.0944,0.0000,-0.04439,0.04449,0.37884,0.3,1.0000,-31.3544,0.4741,-13.1219,151.210,ppo_car_spread_a_sampling
6.9200,-0.43767,0.0944,0.0000,-0.03742,0.03752,0.15491,49.6,1.0000,-31.3548,0.4741,-13.1213,151.211,ppo_car_spread_a_sampling
6.9400,-0.50343,0.0944,0.0000,-0.03167,0.03175,0.29825,49.6,1.0000,-31.3552,0.4741,-13.1208,151.210,ppo_car_spread_a_sampling
6.9600,-0.50343,0.0944,0.0000,-0.02361,0.02372,0.13833,49.6,1.0000,-31.3554,0.4741,-13.1204,151.212,ppo_car_spread_a_sampling
6.9800,-0.42769,0.0000,0.0699,-0.01065,0.01071,0.15121,49.6,1.0000,-31.3556,0.4741,-13.1202,151.210,ppo_car_spread_a_sampling
7.0000,-0.34980,0.0000,0.0699,-0.01300,0.01305,0.31949,-14.7,1.0000,-31.3557,0.4741,-13.1201,151.214,ppo_car_spread_a_sampling
7.0200,-0.28526,0.0000,0.0699,-0.01790,0.01793,0.24902,-14.7,1.0000,-31.3559,0.4741,-13.1198,151.214,ppo_car_spread_a_sampling
7.0400,-0.25802,0.0000,0.0699,-0.01883,0.01888,0.16683,-14.7,1.0000,-31.3561,0.4741,-13.1195,151.215,ppo_car_spread_a_sampling
7.0600,-0.20018,0.5947,0.0000,-0.02085,0.02088,0.08388,-14.7,1.0000,-31.3563,0.4741,-13.1191,151.217,ppo_car_spread_a_sampling
7.0800,-0.11388,0.5947,0.0000,0.03002,0.03004,0.37709,312.2,1.0000,-31.3559,0.4741,-13.1197,151.216,ppo_car_spread_a_sampling
7.1000,-0.03343,0.5947,0.0000,0.08977,0.08980,0.30474,312.2,1.0000,-31.3550,0.4741,-13.1213,151.215,ppo_car_spread_a_sampling
7.1200,0.02481,0.5947,0.0000,0.15550,0.15551,0.25079,312.2,1.0000,-31.3534,0.4741,-13.1242,151.212,ppo_car_spread_a_sampling
7.1400,-0.05461,0.0058,0.0000,0.20679,0.20679,0.53686,312.2,1.0000,-31.3513,0.4741,-13.1279,151.212,ppo_car_spread_a_sampling
7.1600,-0.13153,0.0058,0.0000,0.21339,0.21339,0.24559,3.0,1.0000,-31.3492,0.4741,-13.1318,151.210,ppo_car_spread_a_sampling
7.1800,-0.18832,0.0058,0.0000,0.20586,0.20591,0.44630,3.0,1.0000,-31.3471,0.4741,-13.1354,151.206,ppo_car_spread_a_sampling
7.2000,-0.19847,0.0058,0.0000,0.21006,0.21018,0.31704,3.0,1.0000,-31.3449,0.4741,-13.1390,151.200,ppo_car_spread_a_sampling
7.2200,-0.27064,0.0000,0.1856,0.20973,0.20988,0.51966,3.0,1.0000,-31.3427,0.4741,-13.1427,151.193,ppo_car_spread_a_sampling
7.2400,-0.35818,0.0000,0.1856,0.19003,0.19027,0.00000,0.0,1.0000,-31.3407,0.4741,-13.1459,151.186,ppo_car_spread_a_sampling
7.2600,-0.38090,0.0000,0.1856,0.00569,0.00926,0.00000,0.0,1.0000,-31.3406,0.4741,-13.1457,151.188,ppo_car_spread_a_sampling
7.2800,-0.38090,0.0000,0.1856,-0.00028,0.00191,0.33876,-39.0,1.0000,-31.3406,0.4741,-13.1455,151.184,ppo_car_spread_a_sampling
7.3000,-0.46882,0.0000,0.3986,-0.00684,0.00686,0.34227,-39.0,1.0000,-31.3408,0.4741,-13.1453,151.182,ppo_car_spread_a_sampling
7.3200,-0.52471,0.0000,0.3986,-0.02094,0.02099,0.38921,-83.7,1.0000,-31.3411,0.4741,-13.1448,151.182,ppo_car_spread_a_sampling
7.3400,-0.60918,0.0000,0.3986,-0.03649,0.03668,0.41226,-83.7,1.0000,-31.3416,0.4741,-13.1441,151.183,ppo_car_spread_a_sampling
7.3600,-0.63345,0.0000,0.3986,-0.05427,0.05474,0.06968,-83.7,1.0000,-31.3423,0.4741,-13.1431,151.190,ppo_car_spread_a_sampling
7.3800,-0.57410,0.0000,0.1589,-0.06915,0.06996,0.36006,-83.7,1.0000,-31.3432,0.4741,-13.1419,151.201,ppo_car_spread_a_sampling
7.4000,-0.52036,0.0000,0.1589,-0.07112,0.07171,0.40975,-33.4,1.0000,-31.3441,0.4741,-13.1407,151.212,ppo_car_spread_a_sampling
7.4200,-0.52036,0.0000,0.1589,-0.08041,0.08097,0.41298,-33.4,1.0000,-31.3451,0.4741,-13.1393,151.223,ppo_car_spread_a_sampling
7.4400,-0.52036,0.0000,0.1589,-0.08619,0.08672,0.34531,-33.4,1.0000,-31.3462,0.4741,-13.1378,151.233,ppo_car_spread_a_sampling
7.4600,-0.46147,0.2937,0.0000,-0.09239,0.09303,0.18087,-33.4,1.0000,-31.3473,0.4741,-13.1363,151.244,ppo_car_spread_a_sampling
7.4800,-0.37534,0.2937,0.0000,-0.06017,0.06058,0.36897,154.2,1.0000,-31.3480,0.4741,-13.1353,151.250,ppo_car_spread_a_sampling
7.5000,-0.29848,0.2937,0.0000,-0.03894,0.03916,0.17008,154.2,1.0000,-31.3484,0.4741,-13.1347,151.255,ppo_car_spread_a_sampling
7.5200,-0.24173,0.2937,0.0000,-0.01233,0.01237,0.31466,154.2,1.0000,-31.3485,0.4741,-13.1345,151.255,ppo_car_spread_a_sampling
7.5400,-0.23398,0.0000,0.0348,0.01595,0.01596,0.36665,154.2,1.0000,-31.3482,0.4741,-13.1349,151.257,ppo_car_spread_a_sampling
7.5600,-0.23398,0.0000,0.0348,0.01364,0.01366,0.35596,-7.3,1.0000,-31.3480,0.4741,-13.1352,151.257,ppo_car_spread_a_sampling
7.5800,-0.23398,0.0000,0.0348,0.01832,0.01834,0.31296,-7.3,1.0000,-31.3478,0.4741,-13.1356,151.261,ppo_car_spread_a_sampling
7.6000,-0.23398,0.0000,0.0348,0.01453,0.01454,0.15606,-7.3,1.0000,-31.3476,0.4741,-13.1359,151.258,ppo_car_spread_a_sampling
7.6200,-0.29089,0.0000,0.5463,0.01466,0.01468,0.17636,-7.3,1.0000,-31.3474,0.4741,-13.1362,151.257,ppo_car_spread_a_sampling
7.6400,-0.30222,0.0000,0.5463,-0.00537,0.00540,0.36733,-114.7,1.0000,-31.3475,0.4741,-13.1361,151.260,ppo_car_spread_a_sampling
7.6600,-0.30222,0.0000,0.5463,-0.02280,0.02284,0.37050,-114.7,1.0000,-31.3477,0.4741,-13.1358,151.258,ppo_car_spread_a_sampling
7.6800,-0.30222,0.0000,0.5463,-0.04817,0.04827,0.42841,-114.7,1.0000,-31.3482,0.4741,-13.1350,151.258,ppo_car_spread_a_sampling
7.7000,-0.36483,0.1380,0.0000,-0.06707,0.06721,0.43712,-114.7,1.0000,-31.3489,0.4741,-13.1338,151.266,ppo_car_spread_a_sampling
7.7200,-0.44814,0.1380,0.0000,-0.06223,0.06242,0.27417,72.5,1.0000,-31.3496,0.4741,-13.1327,151.270,ppo_car_spread_a_sampling
7.7400,-0.47894,0.1380,0.0000,-0.04452,0.04469,0.35642,72.5,1.0000,-31.3501,0.4741,-13.1320,151.273,ppo_car_spread_a_sampling
7.7600,-0.47894,0.1380,0.0000,-0.03243,0.03263,0.30396,72.5,1.0000,-31.3505,0.4741,-13.1315,151.273,ppo_car_spread_a_sampling
7.7800,-0.41546,0.0000,0.2936,-0.01723,0.01734,0.14797,72.5,1.0000,-31.3507,0.4741,-13.1312,151.275,ppo_car_spread_a_sampling
7.8000,-0.33022,0.0000,0.2936,-0.03202,0.03219,0.23340,-61.7,1.0000,-31.3510,0.4741,-13.1307,151.277,ppo_car_spread_a_sampling
7.8200,-0.25448,0.0000,0.2936,-0.03963,0.03975,0.29769,-61.7,1.0000,-31.3515,0.4741,-13.1300,151.284,ppo_car_spread_a_sampling
7.8400,-0.20605,0.0000,0.2936,-0.04979,0.04989,0.42145,-61.7,1.0000,-31.3520,0.4741,-13.1292,151.284,ppo_car_spread_a_sampling
7.8600,-0.14499,0.0000,0.1007,-0.06724,0.06732,0.24045,-61.7,1.0000,-31.3527,0.4741,-13.1280,151.289,ppo_car_spread_a_sampling
7.8800,-0.06280,0.0000,0.1007,-0.06299,0.06304,0.29921,-21.1,1.0000,-31.3534,0.4741,-13.1269,151.291,ppo_car_spread_a_sampling
7.9000,0.01604,0.0000,0.1007,-0.06785,0.06787,0.33897,-21.1,1.0000,-31.3541,0.4741,-13.1257,151.293,ppo_car_spread_a_sampling
7.9200,0.07172,0.0000,0.1007,-0.07064,0.07064,0.29458,-21.1,1.0000,-31.3547,0.4741,-13.1245,151.293,ppo_car_spread_a_sampling
7.9400,-0.01403,0.0000,0.3516,-0.07530,0.07530,0.43615,-21.1,1.0000,-31.3555,0.4741,-13.1232,151.291,ppo_car_spread_a_sampling
7.9600,-0.02594,0.0000,0.3516,-0.09025,0.09025,0.34261,-73.8,1.0000,-31.3563,0.4741,-13.1216,151.294,ppo_car_spread_a_sampling
7.9800,-0.02594,0.0000,0.3516,-0.09968,0.09968,0.43407,-73.8,1.0000,-31.3573,0.4741,-13.1198,151.294,ppo_car_spread_a_sampling
8.0000,-0.02594,0.0000,0.3516,-0.12120,0.12120,0.15933,-73.8,1.0000,-31.3585,0.4741,-13.1176,151.294,ppo_car_spread_a_sampling
8.0200,0.06169,0.0000,0.1845,-0.13371,0.13372,0.32239,-73.8,1.0000,-31.3598,0.4741,-13.1153,151.292,ppo_car_spread_a_sampling
8.0400,0.12210,0.0000,0.1845,-0.14213,0.14213,0.15555,-38.8,1.0000,-31.3612,0.4741,-13.1127,151.290,ppo_car_spread_a_sampling
8.0600,0.21246,0.0000,0.1845,-0.14944,0.14947,0.15471,-38.8,1.0000,-31.3626,0.4741,-13.1100,151.285,ppo_car_spread_a_sampling
8.0800,0.24013,0.0000,0.1845,-0.14867,0.14876,0.44260,-38.8,1.0000,-31.3639,0.4741,-13.1074,151.280,ppo_car_spread_a_sampling
8.1000,0.16548,0.6650,0.0000,-0.16091,0.16108,0.39055,-38.8,1.0000,-31.3653,0.4741,-13.1045,151.271,ppo_car_spread_a_sampling
8.1200,0.08561,0.6650,0.0000,-0.09969,0.09979,0.37053,349.1,1.0000,-31.3662,0.4741,-13.1027,151.265,ppo_car_spread_a_sampling
8.1400,0.01242,0.6650,0.0000,-0.03247,0.03251,0.26922,349.1,1.0000,-31.3664,0.4741,-13.1022,151.265,ppo_car_spread_a_sampling
8.1600,-0.04694,0.6650,0.0000,0.03416,0.03417,0.27305,349.1,1.0000,-31.3660,0.4741,-13.1029,151.264,ppo_car_spread_a_sampling
8.1800,-0.12091,0.0000,0.0488,0.09511,0.09512,0.29283,349.1,1.0000,-31.3650,0.4741,-13.1048,151.262,ppo_car_spread_a_sampling
8.2000,-0.12815,0.0000,0.0488,0.09558,0.09560,0.11969,-10.3,1.0000,-31.3640,0.4741,-13.1066,151.260,ppo_car_spread_a_sampling
8.2200,-0.12815,0.0000,0.0488,0.09547,0.09550,0.13745,-10.3,1.0000,-31.3630,0.4741,-13.1083,151.256,ppo_car_spread_a_sampling
8.2400,-0.12815,0.0000,0.0488,0.08958,0.08961,0.37251,-10.3,1.0000,-31.3620,0.4741,-13.1099,151.252,ppo_car_spread_a_sampling
8.2600,-0.20040,0.3479,0.0000,0.09255,0.09259,0.16592,-10.3,1.0000,-31.3611,0.4741,-13.1116,151.251,ppo_car_spread_a_sampling
8.2800,-0.27424,0.3479,0.0000,0.11595,0.11604,0.45619,182.7,1.0000,-31.3598,0.4741,-13.1136,151.248,ppo_car_spread_a_sampling
8.3000,-0.35043,0.3479,0.0000,0.15401,0.15423,0.39986,182.7,1.0000,-31.3582,0.4741,-13.1163,151.243,ppo_car_spread_a_sampling
8.3200,-0.41561,0.3479,0.0000,0.19180,0.19225,0.26141,182.7,1.0000,-31.3561,0.4741,-13.1196,151.232,ppo_car_spread_a_sampling
8.3400,-0.33597,0.0000,0.2452,0.22145,0.22222,0.45892,182.7,1.0000,-31.3536,0.4741,-13.1233,151.213,ppo_car_spread_a_sampling
8.3600,-0.26317,0.0000,0.2452,0.18955,0.19013,0.00000,0.0,1.0000,-31.3515,0.4741,-13.1265,151.203,ppo_car_spread_a_sampling
8.3800,-0.26317,0.0000,0.2452,0.00562,0.01038,0.00000,0.0,1.0000,-31.3513,0.4741,-13.1263,151.204,ppo_car_spread_a_sampling
8.4000,-0.26317,0.0000,0.2452,0.00034,0.00260,0.25378,-51.5,1.0000,-31.3514,0.4741,-13.1262,151.207,ppo_car_spread_a_sampling
8.4200,-0.16766,0.0000,0.0541,-0.00961,0.00962,0.35351,-51.5,1.0000,-31.3516,0.4741,-13.1259,151.211,ppo_car_spread_a_sampling
8.4400,-0.09417,0.0000,0.0541,-0.01002,0.01002,0.35571,-11.4,1.0000,-31.3517,0.4741,-13.1256,151.214,ppo_car_spread_a_sampling
8.4600,-0.03406,0.0000,0.0541,-0.01891,0.01891,0.35409,-11.4,1.0000,-31.3520,0.4741,-13.1251,151.217,ppo_car_spread_a_sampling
8.4800,-0.03203,0.0000,0.0541,-0.01715,0.01715,0.37182,-11.4,1.0000,-31.3522,0.4741,-13.1247,151.220,ppo_car_spread_a_sampling
8.5000,0.04303,0.0439,0.0000,-0.01826,0.01826,0.26428,-11.4,1.0000,-31.3525,0.4741,-13.1244,151.221,ppo_car_spread_a_sampling
8.5200,0.04303,0.0439,0.0000,-0.01703,0.01703,0.36777,23.1,1.0000,-31.3527,0.4741,-13.1240,151.221,ppo_car_spread_a_sampling
8.5400,0.04303,0.0439,0.0000,-0.00731,0.00731,0.34723,23.1,1.0000,-31.3528,0.4741,-13.1238,151.223,ppo_car_spread_a_sampling
8.5600,0.04303,0.0439,0.0000,-0.01159,0.01159,0.25107,23.1,1.0000,-31.3529,0.4741,-13.1236,151.223,ppo_car_spread_a_sampling
8.5800,-0.02094,0.2044,0.0000,-0.00531,0.00531,0.15695,23.1,1.0000,-31.3530,0.4741,-13.1235,151.220,ppo_car_spread_a_sampling
8.6000,-0.10756,0.2044,0.0000,0.01751,0.01751,0.19715,107.3,1.0000,-31.3528,0.4741,-13.1238,151.221,ppo_car_spread_a_sampling
8.6200,-0.16774,0.2044,0.0000,0.03283,0.03283,0.29662,107.3,1.0000,-31.3524,0.4741,-13.1244,151.220,ppo_car_spread_a_sampling
8.6400,-0.20845,0.2044,0.0000,0.05715,0.05718,0.15946,107.3,1.0000,-31.3518,0.4741,-13.1254,151.220,ppo_car_spread_a_sampling
8.6600,-0.12838,0.5323,0.0000,0.07246,0.07252,0.26800,107.3,1.0000,-31.3510,0.4741,-13.1267,151.219,ppo_car_spread_a_sampling
8.6800,-0.05138,0.5323,0.0000,0.12101,0.12106,0.50905,279.5,1.0000,-31.3498,0.4741,-13.1289,151.219,ppo_car_spread_a_sampling
8.7000,0.02548,0.5323,0.0000,0.17626,0.17628,0.43993,279.5,1.0000,-31.3479,0.4741,-13.1321,151.215,ppo_car_spread_a_sampling
8.7200,0.08886,0.5323,0.0000,0.22739,0.22739,0.46349,279.5,1.0000,-31.3457,0.4741,-13.1362,151.213,ppo_car_spread_a_sampling
8.7400,0.17440,0.0000,0.0186,0.27291,0.27293,0.62141,279.5,1.0000,-31.3430,0.4741,-13.1412,151.216,ppo_car_spread_a_sampling
8.7600,0.22963,0.0000,0.0186,0.19513,0.19518,0.00000,0.0,1.0000,-31.3412,0.4741,-13.1447,151.220,ppo_car_spread_a_sampling
8.7800,0.24410,0.0000,0.0186,0.00523,0.00693,0.00000,0.0,1.0000,-31.3413,0.4741,-13.1447,151.221,ppo_car_spread_a_sampling
8.8000,0.24410,0.0000,0.0186,0.00631,0.00652,0.29085,-3.9,1.0000,-31.3414,0.4741,-13.1447,151.219,ppo_car_spread_a_sampling
8.8200,0.16191,0.0000,0.6237,0.00599,0.00602,0.30507,-3.9,1.0000,-31.3413,0.4741,-13.1448,151.216,ppo_car_spread_a_sampling
8.8400,0.08664,0.0000,0.6237,-0.02339,0.02341,0.29354,-131.0,1.0000,-31.3416,0.4741,-13.1442,151.215,ppo_car_spread_a_sampling
8.8600,0.01283,0.0000,0.6237,-0.04188,0.04189,0.34760,-131.0,1.0000,-31.3420,0.4741,-13.1434,151.217,ppo_car_spread_a_sampling
8.8800,0.00784,0.0000,0.6237,-0.06975,0.06976,0.20387,-131.0,1.0000,-31.3428,0.4741,-13.1421,151.214,ppo_car_spread_a_sampling
8.9000,-0.05212,0.0000,0.0068,-0.09316,0.09316,0.46996,-131.0,1.0000,-31.3437,0.4741,-13.1403,151.211,ppo_car_spread_a_sampling
8.9200,-0.13822,0.0000,0.0068,-0.08999,0.08999,0.40039,-1.4,1.0000,-31.3446,0.4741,-13.1387,151.211,ppo_car_spread_a_sampling
8.9400,-0.21597,0.0000,0.0068,-0.09269,0.09271,0.44280,-1.4,1.0000,-31.3456,0.4741,-13.1370,151.216,ppo_car_spread_a_sampling
8.9600,-0.27313,0.0000,0.0068,-0.09366,0.09374,0.28746,-1.4,1.0000,-31.3466,0.4741,-13.1354,151.219,ppo_car_spread_a_sampling
8.9800,-0.19276,0.3680,0.0000,-0.09564,0.09576,0.20578,-1.4,1.0000,-31.3476,0.4741,-13.1337,151.225,ppo_car_spread_a_sampling
9.0000,-0.17076,0.3680,0.0000,-0.05817,0.05825,0.27680,193.2,1.0000,-31.3482,0.4741,-13.1328,151.226,ppo_car_spread_a_sampling
9.0200,-0.17076,0.3680,0.0000,-0.02243,0.02246,0.28101,193.2,1.0000,-31.3484,0.4741,-13.1325,151.230,ppo_car_spread_a_sampling
9.0400,-0.17076,0.3680,0.0000,0.01083,0.01083,0.40227,193.2,1.0000,-31.3482,0.4741,-13.1327,151.226,ppo_car_spread_a_sampling
9.0600,-0.10787,0.0000,0.2287,0.03925,0.03927,0.45118,193.2,1.0000,-31.3477,0.4741,-13.1335,151.224,ppo_car_spread_a_sampling
9.0800,-0.03264,0.0000,0.2287,0.04101,0.04103,0.29335,-48.0,1.0000,-31.3473,0.4741,-13.1343,151.225,ppo_car_spread_a_sampling
9.1000,0.04207,0.0000,0.2287,0.03001,0.03002,0.15926,-48.0,1.0000,-31.3469,0.4741,-13.1349,151.224,ppo_car_spread_a_sampling
9.1200,0.11548,0.0000,0.2287,0.02243,0.02243,0.26236,-48.0,1.0000,-31.3467,0.4741,-13.1353,151.220,ppo_car_spread_a_sampling
9.1400,0.02826,0.3120,0.0000,0.01405,0.01405,0.33195,-48.0,1.0000,-31.3465,0.4741,-13.1356,151.218,ppo_car_spread_a_sampling
9.1600,-0.05068,0.3120,0.0000,0.04344,0.04344,0.24245,163.8,1.0000,-31.3461,0.4741,-13.1364,151.217,ppo_car_spread_a_sampling
9.1800,-0.05257,0.3120,0.0000,0.07388,0.07388,0.35433,163.8,1.0000,-31.3453,0.4741,-13.1378,151.213,ppo_car_spread_a_sampling
9.2000,-0.05257,0.3120,0.0000,0.10379,0.10379,0.38048,163.8,1.0000,-31.3443,0.4741,-13.1397,151.210,ppo_car_spread_a_sampling
9.2200,0.01261,0.0000,0.4479,0.13548,0.13549,0.32977,163.8,1.0000,-31.3429,0.4741,-13.1421,151.205,ppo_car_spread_a_sampling
9.2400,0.02323,0.0000,0.4479,0.14395,0.14395,0.00000,0.0,1.0000,-31.3415,0.4741,-13.1447,151.212,ppo_car_spread_a_sampling
9.2600,0.02323,0.0000,0.4479,0.00366,0.00366,0.00000,0.0,1.0000,-31.3415,0.4741,-13.1447,151.213,ppo_car_spread_a_sampling
9.2800,0.02323,0.0000,0.4479,-0.01063,0.01063,0.39807,-94.1,1.0000,-31.3416,0.4741,-13.1444,151.212,ppo_car_spread_a_sampling
9.3000,-0.06340,0.0421,0.0000,-0.02189,0.02189,0.38638,-94.1,1.0000,-31.3419,0.4741,-13.1440,151.213,ppo_car_spread_a_sampling
9.3200,-0.14161,0.0421,0.0000,-0.03313,0.03314,0.30947,22.1,1.0000,-31.3422,0.4741,-13.1433,151.213,ppo_car_spread_a_sampling
9.3400,-0.21663,0.0421,0.0000,-0.02721,0.02722,0.16368,22.1,1.0000,-31.3425,0.4741,-13.1428,151.213,ppo_car_spread_a_sampling
9.3600,-0.23959,0.0421,0.0000,-0.01586,0.01587,0.37694,22.1,1.0000,-31.3427,0.4741,-13.1425,151.215,ppo_car_spread_a_sampling
9.3800,-0.20867,0.0000,0.7477,-0.01272,0.01275,0.34370,22.1,1.0000,-31.3429,0.4741,-13.1422,151.215,ppo_car_spread_a_sampling
9.4000,-0.20867,0.0000,0.7477,-0.04577,0.04582,0.12997,-157.0,1.0000,-31.3434,0.4741,-13.1414,151.215,ppo_car_spread_a_sampling
9.4200,-0.20867,0.0000,0.7477,-0.07289,0.07297,0.19217,-157.0,1.0000,-31.3442,0.4741,-13.1401,151.220,ppo_car_spread_a_sampling
9.4400,-0.20867,0.0000,0.7477,-0.10363,0.10374,0.13553,-157.0,1.0000,-31.3453,0.4741,-13.1383,151.225,ppo_car_spread_a_sampling
9.4600,-0.11630,0.5778,0.0000,-0.12934,0.12948,0.32150,-157.0,1.0000,-31.3467,0.4741,-13.1360,151.231,ppo_car_spread_a_sampling
9.4800,-0.06692,0.5778,0.0000,-0.07927,0.07934,0.29308,303.3,1.0000,-31.3476,0.4741,-13.1346,151.236,ppo_car_spread_a_sampling
9.5000,-0.06692,0.5778,0.0000,-0.01862,0.01864,0.30000,303.3,1.0000,-31.3477,0.4741,-13.1343,151.236,ppo_car_spread_a_sampling
9.5200,-0.06692,0.5778,0.0000,0.03858,0.03858,0.19381,303.3,1.0000,-31.3473,0.4741,-13.1351,151.237,ppo_car_spread_a_sampling
9.5400,0.03141,0.0000,0.1893,0.09175,0.09176,0.46879,303.3,1.0000,-31.3463,0.4741,-13.1368,151.236,ppo_car_spread_a_sampling
9.5600,0.06788,0.0000,0.1893,0.08751,0.08751,0.30465,-39.7,1.0000,-31.3454,0.4741,-13.1384,151.235,ppo_car_spread_a_sampling
9.5800,0.06788,0.0000,0.1893,0.07937,0.07937,0.23332,-39.7,1.0000,-31.3446,0.4741,-13.1399,151.238,ppo_car_spread_a_sampling
9.6000,0.06788,0.0000,0.1893,0.06944,0.06945,0.32689,-39.7,1.0000,-31.3440,0.4741,-13.1412,151.235,ppo_car_spread_a_sampling
9.6200,-0.01546,0.0000,0.3138,0.06281,0.06282,0.15068,-39.7,1.0000,-31.3433,0.4741,-13.1423,151.237,ppo_car_spread_a_sampling
9.6400,-0.07177,0.0000,0.3138,0.05861,0.05861,0.27650,-65.9,1.0000,-31.3428,0.4741,-13.1434,151.235,ppo_car_spread_a_sampling
9.6600,-0.16618,0.0000,0.3138,0.03989,0.03989,0.35478,-65.9,1.0000,-31.3424,0.4741,-13.1441,151.235,ppo_car_spread_a_sampling
9.6800,-0.22622,0.0000,0.3138,0.02660,0.02661,0.15681,-65.9,1.0000,-31.3421,0.4741,-13.1445,151.234,ppo_car_spread_a_sampling
9.7000,-0.30813,0.0000,0.5381,0.01262,0.01262,0.28614,-65.9,1.0000,-31.3420,0.4741,-13.1447,151.236,ppo_car_spread_a_sampling
9.7200,-0.32276,0.0000,0.5381,-0.00048,0.00055,0.20667,-113.0,1.0000,-31.3420,0.4741,-13.1446,151.237,ppo_car_spread_a_sampling
9.7400,-0.32276,0.0000,0.5381,-0.02734,0.02745,0.38779,-113.0,1.0000,-31.3424,0.4741,-13.1441,151.242,ppo_car_spread_a_sampling
9.7600,-0.32276,0.0000,0.5381,-0.04846,0.04860,0.41601,-113.0,1.0000,-31.3430,0.4741,-13.1433,151.241,ppo_car_spread_a_sampling
9.7800,-0.24622,0.0000,0.6128,-0.06978,0.06999,0.22230,-113.0,1.0000,-31.3438,0.4741,-13.1420,151.246,ppo_car_spread_a_sampling
9.8000,-0.16517,0.0000,0.6128,-0.08883,0.08900,0.45504,-128.7,1.0000,-31.3448,0.4741,-13.1404,151.252,ppo_car_spread_a_sampling
9.8200,-0.13310,0.0000,0.6128,-0.11086,0.11097,0.45808,-128.7,1.0000,-31.3460,0.4741,-13.1385,151.256,ppo_car_spread_a_sampling
9.8400,-0.13310,0.0000,0.6128,-0.13835,0.13843,0.34755,-128.7,1.0000,-31.3474,0.4741,-13.1360,151.258,ppo_car_spread_a_sampling
9.8600,-0.19878,0.0520,0.0000,-0.15832,0.15839,0.51315,-128.7,1.0000,-31.3491,0.4741,-13.1332,151.259,ppo_car_spread_a_sampling
9.8800,-0.19878,0.0520,0.0000,-0.15833,0.15845,0.28419,27.3,1.0000,-31.3507,0.4741,-13.1304,151.264,ppo_car_spread_a_sampling
9.9000,-0.19878,0.0520,0.0000,-0.15604,0.15617,0.27201,27.3,1.0000,-31.3524,0.4741,-13.1277,151.270,ppo_car_spread_a_sampling
9.9200,-0.19878,0.0520,0.0000,-0.14123,0.14137,0.44521,27.3,1.0000,-31.3538,0.4741,-13.1253,151.274,ppo_car_spread_a_sampling
9.9400,-0.28480,0.4803,0.0000,-0.14203,0.14216,0.28895,27.3,1.0000,-31.3553,0.4741,-13.1229,151.279,ppo_car_spread_a_sampling
9.9600,-0.36497,0.4803,0.0000,-0.09828,0.09842,0.10365,252.1,1.0000,-31.3563,0.4741,-13.1213,151.283,ppo_car_spread_a_sampling
9.9800,-0.41759,0.4803,0.0000,-0.04875,0.04887,0.34742,252.1,1.0000,-31.3568,0.4741,-13.1205,151.286,ppo_car_spread_a_sampling
10.0000,-0.43218,0.4803,0.0000,-0.00230,0.00236,0.28375,252.1,1.0000,-31.3567,0.4741,-13.1206,151.284,ppo_car_spread_a_sampling
10.0200,-0.33898,0.6629,0.0000,0.04263,0.04286,0.39557,252.1,1.0000,-31.3561,0.4741,-13.1215,151.283,ppo_car_spread_a_sampling
10.0400,-0.27083,0.6629,0.0000,0.10489,0.10519,0.30838,348.0,1.0000,-31.3549,0.4741,-13.1234,151.278,ppo_car_spread_a_sampling
10.0600,-0.19430,0.6629,0.0000,0.16544,0.16578,0.53899,348.0,1.0000,-31.3530,0.4741,-13.1264,151.269,ppo_car_spread_a_sampling
10.0800,-0.13698,0.6629,0.0000,0.23043,0.23070,0.52876,348.0,1.0000,-31.3504,0.4741,-13.1305,151.260,ppo_car_spread_a_sampling
10.1000,-0.07075,0.1773,0.0000,0.29931,0.29950,0.59790,348.0,1.0000,-31.3472,0.4741,-13.1358,151.249,ppo_car_spread_a_sampling
10.1200,-0.04001,0.1773,0.0000,0.31419,0.31427,0.60415,93.1,1.0000,-31.3440,0.4741,-13.1414,151.242,ppo_car_spread_a_sampling
10.1400,-0.04001,0.1773,0.0000,0.32503,0.32507,0.62651,93.1,1.0000,-31.3407,0.4741,-13.1472,151.238,ppo_car_spread_a_sampling
10.1600,-0.04001,0.1773,0.0000,0.34224,0.34226,0.63066,93.1,1.0000,-31.3373,0.4741,-13.1533,151.234,ppo_car_spread_a_sampling
10.1800,-0.03033,0.0000,0.1769,0.35952,0.35954,0.64431,93.1,1.0000,-31.3338,0.4741,-13.1596,151.231,ppo_car_spread_a_sampling
10.2000,-0.03033,0.0000,0.1769,0.19570,0.19571,0.00000,0.0,1.0000,-31.3319,0.4741,-13.1629,151.229,ppo_car_spread_a_sampling
10.2200,-0.03033,0.0000,0.1769,0.00852,0.00860,0.00000,0.0,1.0000,-31.3320,0.4741,-13.1628,151.230,ppo_car_spread_a_sampling
10.2400,-0.03033,0.0000,0.1769,-0.00065,0.00081,0.33865,-37.2,1.0000,-31.3321,0.4741,-13.1625,151.231,ppo_car_spread_a_sampling
10.2600,-0.09736,0.2369,0.0000,-0.00205,0.00206,0.31774,-37.2,1.0000,-31.3323,0.4741,-13.1623,151.234,ppo_car_spread_a_sampling
10.2800,-0.18843,0.2369,0.0000,0.01088,0.01089,0.33178,124.4,1.0000,-31.3322,0.4741,-13.1623,151.235,ppo_car_spread_a_sampling
10.3001,-0.25238,0.2369,0.0000,0.03218,0.03220,0.42009,124.4,1.0000,-31.3320,0.4741,-13.1627,151.232,ppo_car_spread_a_sampling
10.3201,-0.32445,0.2369,0.0000,0.05744,0.05750,0.43255,124.4,1.0000,-31.3315,0.4741,-13.1636,151.230,ppo_car_spread_a_sampling
10.3401,-0.25675,0.0000,0.0528,0.08133,0.08151,0.39737,124.4,1.0000,-31.3306,0.4741,-13.1649,151.226,ppo_car_spread_a_sampling
10.3601,-0.17280,0.0000,0.0528,0.08121,0.08137,0.43293,-11.1,1.0000,-31.3298,0.4741,-13.1662,151.222,ppo_car_spread_a_sampling
10.3801,-0.09813,0.0000,0.0528,0.08486,0.08494,0.30366,-11.1,1.0000,-31.3289,0.4741,-13.1677,151.217,ppo_car_spread_a_sampling
10.4001,-0.03623,0.0000,0.0528,0.08068,0.08071,0.15467,-11.1,1.0000,-31.3281,0.4741,-13.1690,151.214,ppo_car_spread_a_sampling
10.4201,-0.10062,0.3654,0.0000,0.07628,0.07629,0.38729,-11.1,1.0000,-31.3274,0.4741,-13.1703,151.211,ppo_car_spread_a_sampling
10.4401,-0.10062,0.3654,0.0000,0.11529,0.11531,0.14347,191.8,1.0000,-31.3262,0.4741,-13.1724,151.211,ppo_car_spread_a_sampling
10.4601,-0.10062,0.3654,0.0000,0.15367,0.15371,0.16821,191.8,1.0000,-31.3246,0.4741,-13.1751,151.207,ppo_car_spread_a_sampling
10.4801,-0.10062,0.3654,0.0000,0.17971,0.17975,0.52605,191.8,1.0000,-31.3228,0.4741,-13.1783,151.200,ppo_car_spread_a_sampling
10.5001,-0.03889,0.0000,0.3166,0.21879,0.21884,0.36019,191.8,1.0000,-31.3205,0.4741,-13.1821,151.197,ppo_car_spread_a_sampling
10.5201,0.05414,0.0000,0.3166,0.19469,0.19472,0.00000,0.0,1.0000,-31.3186,0.4741,-13.1856,151.195,ppo_car_spread_a_sampling
10.5401,0.12910,0.0000,0.3166,0.00529,0.00530,0.00000,0.0,1.0000,-31.3186,0.4741,-13.1856,151.196,ppo_car_spread_a_sampling
10.5601,0.18784,0.0000,0.3166,-0.00870,0.00872,0.32581,-66.5,1.0000,-31.3187,0.4741,-13.1853,151.198,ppo_car_spread_a_sampling
10.5801,0.24750,0.0000,0.3466,-0.01585,0.01586,0.33973,-66.5,1.0000,-31.3189,0.4741,-13.1849,151.200,ppo_car_spread_a_sampling
10.6001,0.33759,0.0000,0.3466,-0.03201,0.03206,0.37325,-72.8,1.0000,-31.3192,0.4741,-13.1843,151.194,ppo_car_spread_a_sampling
10.6201,0.39257,0.0000,0.3466,-0.05267,0.05280,0.25765,-72.8,1.0000,-31.3197,0.4741,-13.1833,151.192,ppo_car_spread_a_sampling
10.6401,0.39257,0.0000,0.3466,-0.05532,0.05555,0.40900,-72.8,1.0000,-31.3202,0.4741,-13.1822,151.189,ppo_car_spread_a_sampling
10.6601,0.30670,0.3060,0.0000,-0.07706,0.07735,0.18365,-72.8,1.0000,-31.3208,0.4741,-13.1807,151.184,ppo_car_spread_a_sampling
10.6801,0.22901,0.3060,0.0000,-0.04608,0.04623,0.13508,160.7,1.0000,-31.3212,0.4741,-13.1799,151.180,ppo_car_spread_a_sampling
10.7001,0.15439,0.3060,0.0000,-0.01798,0.01802,0.36583,160.7,1.0000,-31.3214,0.4741,-13.1796,151.177,ppo_car_spread_a_sampling
10.7201,0.10023,0.3060,0.0000,0.01428,0.01428,0.40876,160.7,1.0000,-31.3212,0.4741,-13.1799,151.180,ppo_car_spread_a_sampling
10.7401,0.07345,0.3987,0.0000,0.03836,0.03837,0.31807,160.7,1.0000,-31.3208,0.4741,-13.1807,151.180,ppo_car_spread_a_sampling
10.7601,0.07345,0.3987,0.0000,0.08838,0.08839,0.18432,209.3,1.0000,-31.3199,0.4741,-13.1824,151.181,ppo_car_spread_a_sampling
10.7801,0.07345,0.3987,0.0000,0.12104,0.12105,0.33872,209.3,1.0000,-31.3187,0.4741,-13.1846,151.183,ppo_car_spread_a_sampling
10.8001,0.07345,0.3987,0.0000,0.15997,0.15999,0.40788,209.3,1.0000,-31.3171,0.4741,-13.1876,151.186,ppo_car_spread_a_sampling
10.8201,0.15961,0.4239,0.0000,0.19667,0.19670,0.53143,209.3,1.0000,-31.3152,0.4741,-13.1912,151.185,ppo_car_spread_a_sampling
10.8401,0.21772,0.4239,0.0000,0.24281,0.24290,0.45448,222.5,1.0000,-31.3129,0.4741,-13.1957,151.189,ppo_car_spread_a_sampling
10.8601,0.23295,0.4239,0.0000,0.27823,0.27845,0.58225,222.5,1.0000,-31.3104,0.4741,-13.2008,151.198,ppo_car_spread_a_sampling
10.8801,0.23295,0.4239,0.0000,0.32613,0.32649,0.24476,222.5,1.0000,-31.3074,0.4741,-13.2069,151.211,ppo_car_spread_a_sampling
10.9001,0.16967,0.0000,0.5821,0.36597,0.36641,0.28696,222.5,1.0000,-31.3042,0.4741,-13.2136,151.227,ppo_car_spread_a_sampling
10.9201,0.08802,0.0000,0.5821,0.24687,0.24707,0.15667,0.0,1.0000,-31.3020,0.4741,-13.2180,151.263,ppo_car_spread_a_sampling
10.9401,0.02482,0.0000,0.5821,0.18982,0.18990,0.00000,0.0,1.0000,-31.3003,0.4741,-13.2213,151.270,ppo_car_spread_a_sampling
10.9601,-0.00056,0.0000,0.5821,0.00748,0.00789,0.00000,0.0,1.0000,-31.3004,0.4741,-13.2212,151.272,ppo_car_spread_a_sampling
10.9801,-0.07697,0.0000,0.4724,-0.01834,0.01837,0.23752,-122.3,1.0000,-31.3007,0.4741,-13.2207,151.271,ppo_car_spread_a_sampling
11.0001,-0.10418,0.0000,0.4724,-0.03232,0.03233,0.34762,-99.2,1.0000,-31.3011,0.4741,-13.2200,151.269,ppo_car_spread_a_sampling
11.0201,-0.10418,0.0000,0.4724,-0.05410,0.05412,0.28643,-99.2,1.0000,-31.3017,0.4741,-13.2188,151.267,ppo_car_spread_a_sampling
11.0401,-0.10418,0.0000,0.4724,-0.06643,0.06645,0.24278,-99.2,1.0000,-31.3025,0.4741,-13.2175,151.269,ppo_car_spread_a_sampling
11.0601,-0.05915,0.0000,0.2837,-0.08954,0.08957,0.46814,-99.2,1.0000,-31.3034,0.4741,-13.2158,151.269,ppo_car_spread_a_sampling
11.0801,-0.05915,0.0000,0.2837,-0.10173,0.10174,0.20344,-59.6,1.0000,-31.3045,0.4741,-13.2139,151.272,ppo_car_spread_a_sampling
11.1001,-0.05915,0.0000,0.2837,-0.11143,0.11144,0.17101,-59.6,1.0000,-31.3056,0.4741,-13.2119,151.274,ppo_car_spread_a_sampling
11.1201,-0.05915,0.0000,0.2837,-0.12121,0.12123,0.40547,-59.6,1.0000,-31.3069,0.4741,-13.2097,151.273,ppo_car_spread_a_sampling
11.1401,-0.11826,0.5286,0.0000,-0.13160,0.13162,0.46038,-59.6,1.0000,-31.3082,0.4741,-13.2074,151.275,ppo_car_spread_a_sampling
11.1601,-0.21008,0.5286,0.0000,-0.07895,0.07897,0.34401,277.5,1.0000,-31.3090,0.4741,-13.2060,151.276,ppo_car_spread_a_sampling
11.1801,-0.27741,0.5286,0.0000,-0.03114,0.03114,0.20497,277.5,1.0000,-31.3092,0.4741,-13.2055,151.279,ppo_car_spread_a_sampling
11.2001,-0.35749,0.5286,0.0000,0.02008,0.02013,0.40044,277.5,1.0000,-31.3089,0.4741,-13.2060,151.282,ppo_car_spread_a_sampling
11.2201,-0.39802,0.0000,0.3723,0.07194,0.07219,0.20571,277.5,1.0000,-31.3081,0.4741,-13.2073,151.278,ppo_car_spread_a_sampling
11.2401,-0.39802,0.0000,0.3723,0.06265,0.06289,0.25622,-78.2,1.0000,-31.3073,0.4741,-13.2085,151.274,ppo_car_spread_a_sampling
11.2601,-0.39802,0.0000,0.3723,0.04958,0.04981,0.30479,-78.2,1.0000,-31.3067,0.4741,-13.2094,151.270,ppo_car_spread_a_sampling
11.2801,-0.39802,0.0000,0.3723,0.02950,0.02959,0.25274,-78.2,1.0000,-31.3063,0.4741,-13.2100,151.267,ppo_car_spread_a_sampling
11.3001,-0.31192,0.0000,0.2484,0.01402,0.01410,0.36627,-78.2,1.0000,-31.3061,0.4741,-13.2103,151.264,ppo_car_spread_a_sampling
11.3201,-0.23780,0.0000,0.2484,0.00880,0.00884,0.23681,-52.2,1.0000,-31.3060,0.4741,-13.2104,151.265,ppo_car_spread_a_sampling
11.3401,-0.16196,0.0000,0.2484,-0.00348,0.00348,0.15617,-52.2,1.0000,-31.3060,0.4741,-13.2104,151.267,ppo_car_spread_a_sampling
11.3601,-0.12180,0.0000,0.2484,-0.02110,0.02111,0.28342,-52.2,1.0000,-31.3062,0.4741,-13.2101,151.268,ppo_car_spread_a_sampling
11.3801,-0.17788,0.0000,0.0538,-0.02212,0.02213,0.28398,-52.2,1.0000,-31.3065,0.4741,-13.2097,151.267,ppo_car_spread_a_sampling
11.4001,-0.17788,0.0000,0.0538,-0.01929,0.01930,0.39441,-11.3,1.0000,-31.3067,0.4741,-13.2094,151.266,ppo_car_spread_a_sampling
11.4201,-0.17788,0.0000,0.0538,-0.02582,0.02584,0.37648,-11.3,1.0000,-31.3069,0.4741,-13.2089,151.265,ppo_car_spread_a_sampling
11.4401,-0.17788,0.0000,0.0538,-0.03069,0.03072,0.23037,-11.3,1.0000,-31.3073,0.4741,-13.2084,151.264,ppo_car_spread_a_sampling
11.4601,-0.25867,0.0000,0.2968,-0.03537,0.03540,0.29689,-11.3,1.0000,-31.3076,0.4741,-13.2078,151.266,ppo_car_spread_a_sampling
11.4801,-0.31754,0.0000,0.2968,-0.04287,0.04290,0.27354,-62.3,1.0000,-31.3081,0.4741,-13.2070,151.268,ppo_car_spread_a_sampling
11.5001,-0.39923,0.0000,0.2968,-0.05874,0.05886,0.26887,-62.3,1.0000,-31.3087,0.4741,-13.2060,151.268,ppo_car_spread_a_sampling
11.5201,-0.46376,0.0000,0.2968,-0.07282,0.07306,0.23405,-62.3,1.0000,-31.3096,0.4741,-13.2048,151.275,ppo_car_spread_a_sampling
11.5401,-0.40072,0.0000,0.1452,-0.07053,0.07085,0.43863,-62.3,1.0000,-31.3104,0.4741,-13.2036,151.280,ppo_car_spread_a_sampling
11.5601,-0.32660,0.0000,0.1452,-0.08693,0.08730,0.20855,-30.5,1.0000,-31.3114,0.4741,-13.2021,151.288,ppo_car_spread_a_sampling
11.5801,-0.24803,0.0000,0.1452,-0.08758,0.08784,0.43901,-30.5,1.0000,-31.3124,0.4741,-13.2006,151.290,ppo_car_spread_a_sampling
11.6001,-0.16638,0.0000,0.1452,-0.09556,0.09576,0.18393,-30.5,1.0000,-31.3134,0.4741,-13.1990,151.295,ppo_car_spread_a_sampling
11.6201,-0.10901,0.0000,0.0527,-0.09826,0.09836,0.29436,-30.5,1.0000,-31.3144,0.4741,-13.1973,151.299,ppo_car_spread_a_sampling
11.6401,-0.03922,0.0000,0.0527,-0.10361,0.10367,0.31676,-11.1,1.0000,-31.3155,0.4741,-13.1955,151.302,ppo_car_spread_a_sampling
11.6601,-0.03922,0.0000,0.0527,-0.10232,0.10233,0.45009,-11.1,1.0000,-31.3165,0.4741,-13.1937,151.306,ppo_car_spread_a_sampling
11.6801,-0.03922,0.0000,0.0527,-0.10689,0.10689,0.43529,-11.1,1.0000,-31.3176,0.4741,-13.1918,151.303,ppo_car_spread_a_sampling
11.7001,0.04887,0.4475,0.0000,-0.10881,0.10881,0.17309,-11.1,1.0000,-31.3186,0.4741,-13.1899,151.303,ppo_car_spread_a_sampling
11.7201,0.10620,0.4475,0.0000,-0.07219,0.07219,0.28582,234.9,1.0000,-31.3193,0.4741,-13.1887,151.304,ppo_car_spread_a_sampling
11.7401,0.17858,0.4475,0.0000,-0.01840,0.01840,0.33672,234.9,1.0000,-31.3194,0.4741,-13.1884,151.306,ppo_car_spread_a_sampling
11.7601,0.26128,0.4475,0.0000,0.02440,0.02444,0.24470,234.9,1.0000,-31.3192,0.4741,-13.1890,151.305,ppo_car_spread_a_sampling
11.7801,0.19786,0.4863,0.0000,0.06535,0.06545,0.35388,234.9,1.0000,-31.3185,0.4741,-13.1903,151.311,ppo_car_spread_a_sampling
11.8001,0.10194,0.4863,0.0000,0.11353,0.11365,0.12008,255.3,1.0000,-31.3175,0.4741,-13.1924,151.317,ppo_car_spread_a_sampling
11.8201,0.04525,0.4863,0.0000,0.15753,0.15760,0.50598,255.3,1.0000,-31.3160,0.4741,-13.1954,151.318,ppo_car_spread_a_sampling
11.8401,-0.03546,0.4863,0.0000,0.20052,0.20055,0.54698,255.3,1.0000,-31.3140,0.4741,-13.1991,151.323,ppo_car_spread_a_sampling
11.8601,-0.11312,0.0000,0.1536,0.25220,0.25220,0.59009,255.3,1.0000,-31.3115,0.4741,-13.2036,151.326,ppo_car_spread_a_sampling
11.8801,-0.16360,0.0000,0.1536,0.19271,0.19272,0.00000,0.0,1.0000,-31.3096,0.4741,-13.2070,151.331,ppo_car_spread_a_sampling
11.9001,-0.16360,0.0000,0.1536,0.00539,0.00634,0.00000,0.0,1.0000,-31.3095,0.4741,-13.2069,151.332,ppo_car_spread_a_sampling
11.9201,-0.16360,0.0000,0.1536,0.00064,0.00117,0.20595,-32.3,1.0000,-31.3096,0.4741,-13.2068,151.336,ppo_car_spread_a_sampling
11.9401,-0.25348,0.0000,0.1731,-0.00727,0.00727,0.16439,-32.3,1.0000,-31.3097,0.4741,-13.2066,151.335,ppo_car_spread_a_sampling
11.9601,-0.31717,0.0000,0.1731,-0.01010,0.01011,0.37887,-36.4,1.0000,-31.3098,0.4741,-13.2063,151.335,ppo_car_spread_a_sampling
11.9801,-0.38790,0.0000,0.1731,-0.02401,0.02406,0.22466,-36.4,1.0000,-31.3102,0.4741,-13.2058,151.337,ppo_car_spread_a_sampling
12.0001,-0.46802,0.0000,0.1731,-0.03332,0.03343,0.25938,-36.4,1.0000,-31.3106,0.4741,-13.2051,151.340,ppo_car_spread_a_sampling
12.0201,-0.40628,0.0000,0.4095,-0.02860,0.02876,0.26675,-36.4,1.0000,-31.3110,0.4741,-13.2046,151.341,ppo_car_spread_a_sampling
12.0401,-0.31905,0.0000,0.4095,-0.04467,0.04484,0.33917,-86.0,1.0000,-31.3115,0.4741,-13.2038,151.345,ppo_car_spread_a_sampling
12.0601,-0.24272,0.0000,0.4095,-0.06267,0.06287,0.44991,-86.0,1.0000,-31.3122,0.4741,-13.2026,151.348,ppo_car_spread_a_sampling
12.0801,-0.18506,0.0000,0.4095,-0.07841,0.07855,0.34600,-86.0,1.0000,-31.3131,0.4741,-13.2012,151.351,ppo_car_spread_a_sampling
12.1001,-0.10529,0.0000,0.1670,-0.09987,0.09997,0.17187,-86.0,1.0000,-31.3142,0.4741,-13.1995,151.357,ppo_car_spread_a_sampling
12.1201,-0.10529,0.0000,0.1670,-0.10572,0.10577,0.37995,-35.1,1.0000,-31.3153,0.4741,-13.1976,151.362,ppo_car_spread_a_sampling
12.1401,-0.10529,0.0000,0.1670,-0.10450,0.10454,0.44723,-35.1,1.0000,-31.3164,0.4741,-13.1957,151.366,ppo_car_spread_a_sampling
12.1601,-0.10529,0.0000,0.1670,-0.11761,0.11764,0.26471,-35.1,1.0000,-31.3176,0.4741,-13.1937,151.369,ppo_car_spread_a_sampling
12.1801,-0.16534,0.0000,0.2527,-0.12232,0.12236,0.35966,-35.1,1.0000,-31.3188,0.4741,-13.1915,151.373,ppo_car_spread_a_sampling
12.2001,-0.23902,0.0000,0.2527,-0.12519,0.12525,0.46899,-53.1,1.0000,-31.3201,0.4741,-13.1894,151.376,ppo_car_spread_a_sampling
12.2201,-0.31367,0.0000,0.2527,-0.14054,0.14069,0.45880,-53.1,1.0000,-31.3216,0.4741,-13.1869,151.383,ppo_car_spread_a_sampling
12.2401,-0.39249,0.0000,0.2527,-0.14886,0.14911,0.47054,-53.1,1.0000,-31.3231,0.4741,-13.1844,151.394,ppo_car_spread_a_sampling
12.2601,-0.31073,0.0000,0.5325,-0.16029,0.16074,0.33870,-53.1,1.0000,-31.3249,0.4741,-13.1817,151.405,ppo_car_spread_a_sampling
12.2801,-0.23386,0.0000,0.5325,-0.18571,0.18617,0.21856,-111.8,1.0000,-31.3269,0.4741,-13.1786,151.416,ppo_car_spread_a_sampling
12.3001,-0.17991,0.0000,0.5325,-0.20145,0.20179,0.46388,-111.8,1.0000,-31.3291,0.4741,-13.1752,151.424,ppo_car_spread_a_sampling
12.3201,-0.09512,0.0000,0.5325,-0.22176,0.22199,0.40158,-111.8,1.0000,-31.3314,0.4741,-13.1714,151.434,ppo_car_spread_a_sampling
12.3401,-0.15721,0.0000,0.2727,-0.24200,0.24211,0.50343,-111.8,1.0000,-31.3338,0.4741,-13.1672,151.441,ppo_car_spread_a_sampling
12.3601,-0.20383,0.0000,0.2727,-0.25026,0.25039,0.54671,-57.3,1.0000,-31.3363,0.4741,-13.1628,151.449,ppo_car_spread_a_sampling
12.3801,-0.20383,0.0000,0.2727,-0.26006,0.26026,0.54466,-57.3,1.0000,-31.3390,0.4741,-13.1584,151.457,ppo_car_spread_a_sampling
12.4001,-0.20383,0.0000,0.2727,-0.27302,0.27327,0.57275,-57.3,1.0000,-31.3418,0.4741,-13.1537,151.467,ppo_car_spread_a_sampling
12.4201,-0.11878,0.7484,0.0000,-0.27560,0.27587,0.56562,-57.3,1.0000,-31.3446,0.4741,-13.1490,151.478,ppo_car_spread_a_sampling
12.4401,-0.03759,0.7484,0.0000,-0.22165,0.22179,0.10494,392.9,1.0000,-31.3469,0.4741,-13.1452,151.486,ppo_car_spread_a_sampling
12.4601,0.02011,0.7484,0.0000,-0.14246,0.14251,0.32550,392.9,1.0000,-31.3482,0.4741,-13.1429,151.489,ppo_car_spread_a_sampling
12.4801,0.02902,0.7484,0.0000,-0.06519,0.06521,0.35757,392.9,1.0000,-31.3487,0.4741,-13.1419,151.489,ppo_car_spread_a_sampling
12.5001,-0.03437,0.3592,0.0000,0.00831,0.00834,0.31329,392.9,1.0000,-31.3485,0.4741,-13.1423,151.487,ppo_car_spread_a_sampling
12.5201,-0.12423,0.3592,0.0000,0.03676,0.03676,0.32259,188.6,1.0000,-31.3481,0.4741,-13.1431,151.490,ppo_car_spread_a_sampling
12.5401,-0.18658,0.3592,0.0000,0.07154,0.07155,0.35393,188.6,1.0000,-31.3472,0.4741,-13.1445,151.488,ppo_car_spread_a_sampling
12.5601,-0.25791,0.3592,0.0000,0.11215,0.11223,0.13611,188.6,1.0000,-31.3460,0.4741,-13.1466,151.483,ppo_car_spread_a_sampling
12.5801,-0.34511,0.5196,0.0000,0.14164,0.14182,0.40533,188.6,1.0000,-31.3444,0.4741,-13.1492,151.479,ppo_car_spread_a_sampling
12.6001,-0.41472,0.5196,0.0000,0.19400,0.19445,0.24751,272.8,1.0000,-31.3422,0.4741,-13.1526,151.467,ppo_car_spread_a_sampling
12.6201,-0.41472,0.5196,0.0000,0.23556,0.23634,0.59909,272.8,1.0000,-31.3395,0.4741,-13.1567,151.447,ppo_car_spread_a_sampling
12.6401,-0.41472,0.5196,0.0000,0.28595,0.28704,0.51800,272.8,1.0000,-31.3363,0.4741,-13.1616,151.423,ppo_car_spread_a_sampling
12.6601,-0.32984,0.0000,0.2030,0.34384,0.34521,0.30207,272.8,1.0000,-31.3323,0.4741,-13.1674,151.394,ppo_car_spread_a_sampling
12.6801,-0.32984,0.0000,0.2030,0.27423,0.27487,0.55535,0.0,1.0000,-31.3294,0.4741,-13.1721,151.357,ppo_car_spread_a_sampling
12.7001,-0.32984,0.0000,0.2030,0.18284,0.18322,0.45808,0.0,1.0000,-31.3275,0.4741,-13.1751,151.343,ppo_car_spread_a_sampling
12.7201,-0.32984,0.0000,0.2030,0.01185,0.01212,0.00000,0.0,1.0000,-31.3276,0.4741,-13.1751,151.346,ppo_car_spread_a_sampling
12.7401,-0.32297,0.0000,0.0198,-0.00022,0.00126,0.34442,-42.6,1.0000,-31.3277,0.4741,-13.1748,151.349,ppo_car_spread_a_sampling
12.7601,-0.32297,0.0000,0.0198,0.00638,0.00638,0.19396,-4.2,1.0000,-31.3278,0.4741,-13.1748,151.349,ppo_car_spread_a_sampling
12.7801,-0.32297,0.0000,0.0198,0.00240,0.00240,0.21237,-4.2,1.0000,-31.3279,0.4741,-13.1746,151.348,ppo_car_spread_a_sampling
12.8001,-0.32297,0.0000,0.0198,0.00188,0.00188,0.35338,-4.2,1.0000,-31.3280,0.4741,-13.1745,151.344,ppo_car_spread_a_sampling
12.8201,-0.24140,0.0000,0.1252,0.00245,0.00248,0.29686,-4.2,1.0000,-31.3281,0.4741,-13.1744,151.346,ppo_car_spread_a_sampling
12.8401,-0.17635,0.0000,0.1252,-0.00447,0.00448,0.38564,-26.3,1.0000,-31.3282,0.4741,-13.1742,151.351,ppo_car_spread_a_sampling
12.8601,-0.09603,0.0000,0.1252,-0.00853,0.00853,0.26569,-26.3,1.0000,-31.3284,0.4741,-13.1740,151.348,ppo_car_spread_a_sampling
12.8801,-0.02279,0.0000,0.1252,-0.01537,0.01537,0.24833,-26.3,1.0000,-31.3286,0.4741,-13.1736,151.348,ppo_car_spread_a_sampling
12.9001,0.03395,0.0000,0.1937,-0.02201,0.02201,0.32856,-26.3,1.0000,-31.3288,0.4741,-13.1731,151.349,ppo_car_spread_a_sampling
12.9201,0.10111,0.0000,0.1937,-0.03201,0.03201,0.27654,-40.7,1.0000,-31.3292,0.4741,-13.1725,151.351,ppo_car_spread_a_sampling
12.9401,0.10111,0.0000,0.1937,-0.03244,0.03245,0.33174,-40.7,1.0000,-31.3295,0.4741,-13.1719,151.354,ppo_car_spread_a_sampling
12.9601,0.10111,0.0000,0.1937,-0.04272,0.04273,0.14303,-40.7,1.0000,-31.3299,0.4741,-13.1711,151.355,ppo_car_spread_a_sampling
12.9801,0.16477,0.4583,0.0000,-0.05168,0.05169,0.22763,-40.7,1.0000,-31.3304,0.4741,-13.1702,151.352,ppo_car_spread_a_sampling
13.0001,0.23772,0.4583,0.0000,-0.00557,0.00557,0.32551,240.6,1.0000,-31.3305,0.4741,-13.1701,151.354,ppo_car_spread_a_sampling
13.0201,0.23772,0.4583,0.0000,0.03460,0.03465,0.33358,240.6,1.0000,-31.3301,0.4741,-13.1708,151.353,ppo_car_spread_a_sampling
13.0401,0.23772,0.4583,0.0000,0.08316,0.08326,0.19631,240.6,1.0000,-31.3294,0.4741,-13.1724,151.359,ppo_car_spread_a_sampling
13.0601,0.15579,0.0000,0.3130,0.12811,0.12829,0.16096,240.6,1.0000,-31.3282,0.4741,-13.1749,151.365,ppo_car_spread_a_sampling
13.0801,0.08079,0.0000,0.3130,0.13528,0.13539,0.00000,0.0,1.0000,-31.3269,0.4741,-13.1774,151.370,ppo_car_spread_a_sampling
13.1001,0.00125,0.0000,0.3130,0.00215,0.00358,0.00000,0.0,1.0000,-31.3270,0.4741,-13.1775,151.371,ppo_car_spread_a_sampling
13.1201,-0.02020,0.0000,0.3130,-0.01102,0.01107,0.23926,-65.7,1.0000,-31.3271,0.4741,-13.1773,151.371,ppo_car_spread_a_sampling
13.1401,0.05616,0.0248,0.0000,-0.01433,0.01433,0.39848,-65.7,1.0000,-31.3272,0.4741,-13.1770,151.371,ppo_car_spread_a_sampling
13.1601,0.05616,0.0248,0.0000,-0.02312,0.02312,0.28369,13.0,1.0000,-31.3274,0.4741,-13.1766,151.373,ppo_car_spread_a_sampling
13.1801,0.05616,0.0248,0.0000,-0.01774,0.01774,0.16785,13.0,1.0000,-31.3276,0.4741,-13.1763,151.371,ppo_car_spread_a_sampling
13.2001,0.05616,0.0248,0.0000,-0.01419,0.01419,0.32552,13.0,1.0000,-31.3277,0.4741,-13.1760,151.375,ppo_car_spread_a_sampling
13.2201,-0.03035,0.0242,0.0000,-0.01304,0.01304,0.15576,13.0,1.0000,-31.3278,0.4741,-13.1758,151.376,ppo_car_spread_a_sampling
13.2401,-0.10556,0.0242,0.0000,-0.01081,0.01081,0.13400,12.7,1.0000,-31.3279,0.4741,-13.1756,151.376,ppo_car_spread_a_sampling
13.2601,-0.16757,0.0242,0.0000,-0.00317,0.00317,0.33926,12.7,1.0000,-31.3280,0.4741,-13.1756,151.377,ppo_car_spread_a_sampling
13.2801,-0.24764,0.0242,0.0000,-0.00430,0.00430,0.19292,12.7,1.0000,-31.3280,0.4741,-13.1755,151.378,ppo_car_spread_a_sampling
13.3001,-0.18628,0.0000,1.0000,-0.00579,0.00579,0.34995,12.7,1.0000,-31.3280,0.4741,-13.1754,151.378,ppo_car_spread_a_sampling
13.3201,-0.11234,0.0000,1.0000,-0.04664,0.04669,0.25581,-210.0,1.0000,-31.3285,0.4741,-13.1746,151.379,ppo_car_spread_a_sampling
13.3401,-0.03530,0.0000,1.0000,-0.08871,0.08874,0.19500,-210.0,1.0000,-31.3294,0.4741,-13.1730,151.380,ppo_car_spread_a_sampling
13.3601,0.04747,0.0000,1.0000,-0.11749,0.11750,0.47650,-210.0,1.0000,-31.3306,0.4741,-13.1709,151.384,ppo_car_spread_a_sampling
13.3801,-0.03508,0.0000,0.4097,-0.15527,0.15527,0.45916,-210.0,1.0000,-31.3321,0.4741,-13.1681,151.385,ppo_car_spread_a_sampling
13.4001,-0.08994,0.0000,0.4097,-0.17433,0.17433,0.27680,-86.0,1.0000,-31.3339,0.4741,-13.1650,151.384,ppo_car_spread_a_sampling
13.4201,-0.17263,0.0000,0.4097,-0.19011,0.19012,0.31056,-86.0,1.0000,-31.3358,0.4741,-13.1616,151.385,ppo_car_spread_a_sampling
13.4401,-0.23746,0.0000,0.4097,-0.20547,0.20556,0.45152,-86.0,1.0000,-31.3379,0.4741,-13.1580,151.388,ppo_car_spread_a_sampling
13.4601,-0.16457,0.0000,0.1499,-0.22096,0.22117,0.37384,-86.0,1.0000,-31.3402,0.4741,-13.1542,151.397,ppo_car_spread_a_sampling
13.4801,-0.16457,0.0000,0.1499,-0.22404,0.22422,0.47089,-31.5,1.0000,-31.3425,0.4741,-13.1503,151.406,ppo_car_spread_a_sampling
13.5001,-0.16457,0.0000,0.1499,-0.23422,0.23439,0.29704,-31.5,1.0000,-31.3449,0.4741,-13.1462,151.416,ppo_car_spread_a_sampling
13.5201,-0.16457,0.0000,0.1499,-0.23755,0.23771,0.54088,-31.5,1.0000,-31.3474,0.4741,-13.1421,151.423,ppo_car_spread_a_sampling
13.5401,-0.05224,0.2581,0.0000,-0.24353,0.24370,0.52818,-31.5,1.0000,-31.3498,0.4741,-13.1380,151.430,ppo_car_spread_a_sampling
13.5601,0.00844,0.2581,0.0000,-0.22248,0.22253,0.26948,135.5,1.0000,-31.3520,0.4741,-13.1341,151.436,ppo_car_spread_a_sampling
13.5801,0.07513,0.2581,0.0000,-0.19444,0.19445,0.46788,135.5,1.0000,-31.3539,0.4741,-13.1308,151.440,ppo_car_spread_a_sampling
13.6001,0.07513,0.2581,0.0000,-0.16465,0.16465,0.45369,135.5,1.0000,-31.3554,0.4741,-13.1280,151.443,ppo_car_spread_a_sampling
13.6201,0.04728,0.3380,0.0000,-0.14383,0.14384,0.38707,135.5,1.0000,-31.3567,0.4741,-13.1255,151.441,ppo_car_spread_a_sampling
13.6401,0.04728,0.3380,0.0000,-0.10733,0.10733,0.42035,177.5,1.0000,-31.3576,0.4741,-13.1237,151.440,ppo_car_spread_a_sampling
13.6601,0.04728,0.3380,0.0000,-0.07903,0.07903,0.38904,177.5,1.0000,-31.3583,0.4741,-13.1225,151.442,ppo_car_spread_a_sampling
13.6801,0.04728,0.3380,0.0000,-0.05052,0.05052,0.32955,177.5,1.0000,-31.3587,0.4741,-13.1217,151.438,ppo_car_spread_a_sampling
13.7001,-0.03524,0.6008,0.0000,-0.01723,0.01723,0.20333,177.5,1.0000,-31.3588,0.4741,-13.1215,151.436,ppo_car_spread_a_sampling
13.7201,-0.10575,0.6008,0.0000,0.04068,0.04068,0.31057,315.4,1.0000,-31.3583,0.4741,-13.1224,151.436,ppo_car_spread_a_sampling
13.7401,-0.16265,0.6008,0.0000,0.10323,0.10325,0.46399,315.4,1.0000,-31.3572,0.4741,-13.1243,151.433,ppo_car_spread_a_sampling
13.7601,-0.24391,0.6008,0.0000,0.15729,0.15737,0.39054,315.4,1.0000,-31.3555,0.4741,-13.1272,151.429,ppo_car_spread_a_sampling
13.7801,-0.15815,0.0000,0.1122,0.21296,0.21320,0.52039,315.4,1.0000,-31.3532,0.4741,-13.1310,151.418,ppo_car_spread_a_sampling
13.8001,-0.09670,0.0000,0.1122,0.18995,0.19010,0.00000,0.0,1.0000,-31.3511,0.4741,-13.1344,151.414,ppo_car_spread_a_sampling
13.8201,-0.00678,0.0000,0.1122,0.00478,0.00642,0.00000,0.0,1.0000,-31.3511,0.4741,-13.1343,151.415,ppo_car_spread_a_sampling
13.8401,0.05493,0.0000,0.1122,0.00106,0.00179,0.22011,-23.6,1.0000,-31.3511,0.4741,-13.1342,151.415,ppo_car_spread_a_sampling
13.8601,0.12294,0.2503,0.0000,-0.00791,0.00793,0.33996,-23.6,1.0000,-31.3512,0.4741,-13.1340,151.416,ppo_car_spread_a_sampling
13.8801,0.17841,0.2503,0.0000,0.01908,0.01908,0.34351,131.4,1.0000,-31.3511,0.4741,-13.1342,151.417,ppo_car_spread_a_sampling
13.9001,0.17841,0.2503,0.0000,0.04556,0.04558,0.26303,131.4,1.0000,-31.3507,0.4741,-13.1350,151.419,ppo_car_spread_a_sampling
13.9201,0.17841,0.2503,0.0000,0.07348,0.07353,0.15394,131.4,1.0000,-31.3501,0.4741,-13.1363,151.422,ppo_car_spread_a_sampling
13.9401,0.09280,0.0000,0.0173,0.08803,0.08810,0.37998,131.4,1.0000,-31.3494,0.4741,-13.1378,151.423,ppo_car_spread_a_sampling
13.9601,0.03877,0.0000,0.0173,0.09155,0.09158,0.43788,-3.6,1.0000,-31.3486,0.4741,-13.1394,151.425,ppo_car_spread_a_sampling
13.9801,-0.02890,0.0000,0.0173,0.09627,0.09628,0.22283,-3.6,1.0000,-31.3477,0.4741,-13.1411,151.428,ppo_car_spread_a_sampling
14.0001,-0.12063,0.0000,0.0173,0.09534,0.09534,0.20368,-3.6,1.0000,-31.3468,0.4741,-13.1427,151.428,ppo_car_spread_a_sampling
14.0201,-0.20262,0.3797,0.0000,0.08790,0.08791,0.40196,-3.6,1.0000,-31.3460,0.4741,-13.1442,151.430,ppo_car_spread_a_sampling
14.0401,-0.25970,0.3797,0.0000,0.13232,0.13241,0.12302,199.3,1.0000,-31.3446,0.4741,-13.1465,151.425,ppo_car_spread_a_sampling
14.0601,-0.33634,0.3797,0.0000,0.16264,0.16285,0.31146,199.3,1.0000,-31.3429,0.4741,-13.1492,151.416,ppo_car_spread_a_sampling
14.0801,-0.41475,0.3797,0.0000,0.19735,0.19777,0.34205,199.3,1.0000,-31.3408,0.4741,-13.1526,151.404,ppo_car_spread_a_sampling
14.1001,-0.33258,0.0000,0.5940,0.23711,0.23793,0.41325,199.3,1.0000,-31.3381,0.4741,-13.1566,151.384,ppo_car_spread_a_sampling
14.1201,-0.26290,0.0000,0.5940,0.19182,0.19238,0.00000,0.0,1.0000,-31.3360,0.4741,-13.1598,151.375,ppo_car_spread_a_sampling
14.1401,-0.19216,0.0000,0.5940,0.00568,0.01038,0.00000,0.0,1.0000,-31.3359,0.4741,-13.1596,151.376,ppo_car_spread_a_sampling
14.1601,-0.17369,0.0000,0.5940,-0.01275,0.01297,0.42036,-124.7,1.0000,-31.3361,0.4741,-13.1593,151.381,ppo_car_spread_a_sampling
14.1801,-0.09664,0.0000,0.1145,-0.04487,0.04488,0.25669,-124.7,1.0000,-31.3366,0.4741,-13.1583,151.384,ppo_car_spread_a_sampling
14.2001,-0.03842,0.0000,0.1145,-0.04461,0.04461,0.34813,-24.0,1.0000,-31.3371,0.4741,-13.1574,151.388,ppo_car_spread_a_sampling
14.2201,0.03950,0.0000,0.1145,-0.04680,0.04680,0.40442,-24.0,1.0000,-31.3376,0.4741,-13.1565,151.384,ppo_car_spread_a_sampling
14.2401,0.11286,0.0000,0.1145,-0.05860,0.05860,0.26976,-24.0,1.0000,-31.3382,0.4741,-13.1554,151.385,ppo_car_spread_a_sampling
14.2601,0.13362,0.1343,0.0000,-0.05637,0.05638,0.26926,-24.0,1.0000,-31.3388,0.4741,-13.1544,151.382,ppo_car_spread_a_sampling
14.2801,0.13362,0.1343,0.0000,-0.04754,0.04756,0.39963,70.5,1.0000,-31.3392,0.4741,-13.1535,151.379,ppo_car_spread_a_sampling
14.3001,0.13362,0.1343,0.0000,-0.03208,0.03209,0.21268,70.5,1.0000,-31.3395,0.4741,-13.1529,151.379,ppo_car_spread_a_sampling
14.3201,0.13362,0.1343,0.0000,-0.01824,0.01825,0.33504,70.5,1.0000,-31.3397,0.4741,-13.1526,151.380,ppo_car_spread_a_sampling
14.3401,0.05357,0.0000,0.3310,-0.00714,0.00714,0.33939,70.5,1.0000,-31.3397,0.4741,-13.1525,151.380,ppo_car_spread_a_sampling
14.3601,0.01474,0.0000,0.3310,-0.01982,0.01982,0.28677,-69.5,1.0000,-31.3399,0.4741,-13.1522,151.381,ppo_car_spread_a_sampling
14.3801,0.01474,0.0000,0.3310,-0.02875,0.02875,0.38622,-69.5,1.0000,-31.3402,0.4741,-13.1518,151.381,ppo_car_spread_a_sampling
14.4001,0.01474,0.0000,0.3310,-0.04436,0.04436,0.28652,-69.5,1.0000,-31.3406,0.4741,-13.1510,151.381,ppo_car_spread_a_sampling
14.4201,0.09901,0.5127,0.0000,-0.05501,0.05501,0.42087,-69.5,1.0000,-31.3411,0.4741,-13.1501,151.381,ppo_car_spread_a_sampling
14.4401,0.17644,0.5127,0.0000,-0.00311,0.00313,0.31476,269.2,1.0000,-31.3411,0.4741,-13.1501,151.384,ppo_car_spread_a_sampling
14.4601,0.23494,0.5127,0.0000,0.04115,0.04118,0.19121,269.2,1.0000,-31.3407,0.4741,-13.1509,151.385,ppo_car_spread_a_sampling
14.4801,0.31055,0.5127,0.0000,0.09101,0.09112,0.49199,269.2,1.0000,-31.3398,0.4741,-13.1527,151.391,ppo_car_spread_a_sampling
14.5001,0.24387,0.0000,0.0182,0.13882,0.13913,0.38951,269.2,1.0000,-31.3386,0.4741,-13.1554,151.397,ppo_car_spread_a_sampling
14.5201,0.14892,0.0000,0.0182,0.16483,0.16507,0.00000,0.0,1.0000,-31.3371,0.4741,-13.1585,151.408,ppo_car_spread_a_sampling
14.5401,0.08702,0.0000,0.0182,0.00278,0.00579,0.00000,0.0,1.0000,-31.3372,0.4741,-13.1586,151.409,ppo_car_spread_a_sampling
14.5601,0.00513,0.0000,0.0182,0.00819,0.00841,0.33775,-3.8,1.0000,-31.3371,0.4741,-13.1587,151.410,ppo_car_spread_a_sampling
14.5801,0.06852,0.0000,0.0882,0.00503,0.00508,0.14824,-3.8,1.0000,-31.3371,0.4741,-13.1588,151.411,ppo_car_spread_a_sampling
14.6001,0.10743,0.0000,0.0882,0.00446,0.00447,0.37140,-18.5,1.0000,-31.3371,0.4741,-13.1588,151.413,ppo_car_spread_a_sampling
14.6201,0.10743,0.0000,0.0882,-0.00291,0.00291,0.33718,-18.5,1.0000,-31.3371,0.4741,-13.1588,151.413,ppo_car_spread_a_sampling
14.6401,0.10743,0.0000,0.0882,-0.01075,0.01075,0.27000,-18.5,1.0000,-31.3372,0.4741,-13.1585,151.411,ppo_car_spread_a_sampling
14.6601,0.01065,0.0000,0.3566,-0.01613,0.01613,0.34647,-18.5,1.0000,-31.3374,0.4741,-13.1582,151.407,ppo_car_spread_a_sampling
14.6802,-0.04767,0.0000,0.3566,-0.02889,0.02889,0.23583,-74.9,1.0000,-31.3377,0.4741,-13.1577,151.407,ppo_car_spread_a_sampling
14.7002,-0.12986,0.0000,0.3566,-0.03910,0.03910,0.20705,-74.9,1.0000,-31.3381,0.4741,-13.1569,151.407,ppo_car_spread_a_sampling
14.7202,-0.18620,0.0000,0.3566,-0.05142,0.05143,0.20852,-74.9,1.0000,-31.3386,0.4741,-13.1560,151.408,ppo_car_spread_a_sampling
14.7402,-0.10646,0.0000,0.0845,-0.06710,0.06715,0.44028,-74.9,1.0000,-31.3393,0.4741,-13.1548,151.411,ppo_car_spread_a_sampling
14.7602,-0.04192,0.0000,0.0845,-0.06841,0.06844,0.38072,-17.7,1.0000,-31.3400,0.4741,-13.1536,151.411,ppo_car_spread_a_sampling
14.7802,0.01177,0.0000,0.0845,-0.07597,0.07598,0.40236,-17.7,1.0000,-31.3408,0.4741,-13.1522,151.412,ppo_car_spread_a_sampling
14.8002,0.01177,0.0000,0.0845,-0.07842,0.07842,0.18332,-17.7,1.0000,-31.3415,0.4741,-13.1508,151.414,ppo_car_spread_a_sampling
14.8202,0.08825,0.0965,0.0000,-0.08547,0.08547,0.40413,-17.7,1.0000,-31.3424,0.4741,-13.1493,151.411,ppo_car_spread_a_sampling
14.8402,0.16581,0.0965,0.0000,-0.07872,0.07873,0.25888,50.7,1.0000,-31.3431,0.4741,-13.1479,151.413,ppo_car_spread_a_sampling
14.8602,0.24686,0.0965,0.0000,-0.06920,0.06921,0.27186,50.7,1.0000,-31.3437,0.4741,-13.1467,151.413,ppo_car_spread_a_sampling
14.8802,0.31218,0.0965,0.0000,-0.05763,0.05767,0.27142,50.7,1.0000,-31.3442,0.4741,-13.1456,151.410,ppo_car_spread_a_sampling
14.9002,0.24167,0.0562,0.0000,-0.04452,0.04458,0.13236,50.7,1.0000,-31.3446,0.4741,-13.1449,151.409,ppo_car_spread_a_sampling
14.9202,0.17108,0.0562,0.0000,-0.03599,0.03603,0.23857,29.5,1.0000,-31.3449,0.4741,-13.1443,151.409,ppo_car_spread_a_sampling
14.9402,0.08790,0.0562,0.0000,-0.03874,0.03877,0.31492,29.5,1.0000,-31.3452,0.4741,-13.1436,151.406,ppo_car_spread_a_sampling
14.9602,0.00601,0.0562,0.0000,-0.02916,0.02916,0.29169,29.5,1.0000,-31.3455,0.4741,-13.1431,151.407,ppo_car_spread_a_sampling
14.9802,0.06170,0.4462,0.0000,-0.01909,0.01909,0.32230,29.5,1.0000,-31.3456,0.4741,-13.1428,151.408,ppo_car_spread_a_sampling
15.0002,0.13518,0.4462,0.0000,0.01452,0.01452,0.42827,234.2,1.0000,-31.3455,0.4741,-13.1431,151.412,ppo_car_spread_a_sampling
15.0202,0.13518,0.4462,0.0000,0.06085,0.06087,0.33233,234.2,1.0000,-31.3449,0.4741,-13.1443,151.413,ppo_car_spread_a_sampling
15.0402,0.13518,0.4462,0.0000,0.11161,0.11167,0.16060,234.2,1.0000,-31.3438,0.4741,-13.1464,151.417,ppo_car_spread_a_sampling
15.0602,0.22910,0.0000,0.1883,0.14853,0.14859,0.53119,234.2,1.0000,-31.3424,0.4741,-13.1492,151.420,ppo_car_spread_a_sampling
15.0802,0.27169,0.0000,0.1883,0.16666,0.16681,0.00000,0.0,1.0000,-31.3409,0.4741,-13.1523,151.427,ppo_car_spread_a_sampling
15.1002,0.27169,0.0000,0.1883,0.00337,0.00640,0.00000,0.0,1.0000,-31.3410,0.4741,-13.1523,151.428,ppo_car_spread_a_sampling
15.1202,0.27169,0.0000,0.1883,-0.00317,0.00351,0.35157,-39.5,1.0000,-31.3411,0.4741,-13.1522,151.426,ppo_car_spread_a_sampling
15.1402,0.18262,0.0000,0.4566,-0.01124,0.01124,0.24874,-39.5,1.0000,-31.3412,0.4741,-13.1520,151.427,ppo_car_spread_a_sampling
15.1602,0.12466,0.0000,0.4566,-0.03059,0.03061,0.25314,-95.9,1.0000,-31.3415,0.4741,-13.1514,151.425,ppo_car_spread_a_sampling
15.1802,0.04849,0.0000,0.4566,-0.04343,0.04345,0.36830,-95.9,1.0000,-31.3420,0.4741,-13.1505,151.425,ppo_car_spread_a_sampling
15.2002,-0.03768,0.0000,0.4566,-0.05526,0.05527,0.43784,-95.9,1.0000,-31.3425,0.4741,-13.1494,151.425,ppo_car_spread_a_sampling
15.2202,-0.11672,0.4270,0.0000,-0.08376,0.08376,0.11071,-95.9,1.0000,-31.3434,0.4741,-13.1479,151.426,ppo_car_spread_a_sampling
15.2402,-0.17087,0.4270,0.0000,-0.04246,0.04246,0.29770,224.1,1.0000,-31.3438,0.4741,-13.1471,151.427,ppo_car_spread_a_sampling
15.2602,-0.24496,0.4270,0.0000,-0.00695,0.00696,0.40471,224.1,1.0000,-31.3439,0.4741,-13.1470,151.428,ppo_car_spread_a_sampling
15.2802,-0.33425,0.4270,0.0000,0.03566,0.03572,0.44202,224.1,1.0000,-31.3435,0.4741,-13.1476,151.424,ppo_car_spread_a_sampling
15.3002,-0.40288,0.1439,0.0000,0.08542,0.08562,0.28214,224.1,1.0000,-31.3425,0.4741,-13.1491,151.417,ppo_car_spread_a_sampling
15.3202,-0.48490,0.1439,0.0000,0.09888,0.09918,0.32576,75.5,1.0000,-31.3414,0.4741,-13.1509,151.409,ppo_car_spread_a_sampling
15.3402,-0.55444,0.1439,0.0000,0.10986,0.11045,0.42311,75.5,1.0000,-31.3401,0.4741,-13.1527,151.398,ppo_car_spread_a_sampling
15.3602,-0.56619,0.1439,0.0000,0.12469,0.12546,0.47148,75.5,1.0000,-31.3386,0.4741,-13.1548,151.382,ppo_car_spread_a_sampling
15.3802,-0.50444,0.0489,0.0000,0.13777,0.13883,0.23052,75.5,1.0000,-31.3369,0.4741,-13.1571,151.367,ppo_car_spread_a_sampling
15.4002,-0.42694,0.0489,0.0000,0.13999,0.14096,0.31756,25.7,1.0000,-31.3353,0.4741,-13.1595,151.351,ppo_car_spread_a_sampling
15.4202,-0.35024,0.0489,0.0000,0.14880,0.14958,0.12975,25.7,1.0000,-31.3335,0.4741,-13.1620,151.337,ppo_car_spread_a_sampling
15.4402,-0.33100,0.0489,0.0000,0.15531,0.15591,0.34231,25.7,1.0000,-31.3318,0.4741,-13.1646,151.326,ppo_car_spread_a_sampling
15.4602,-0.26232,0.0551,0.0000,0.15512,0.15561,0.45196,25.7,1.0000,-31.3301,0.4741,-13.1672,151.316,ppo_car_spread_a_sampling
15.4802,-0.17244,0.0551,0.0000,0.15994,0.16030,0.43332,28.9,1.0000,-31.3284,0.4741,-13.1699,151.306,ppo_car_spread_a_sampling
15.5002,-0.11633,0.0551,0.0000,0.16583,0.16602,0.33489,28.9,1.0000,-31.3266,0.4741,-13.1728,151.297,ppo_car_spread_a_sampling
15.5202,-0.03889,0.0551,0.0000,0.17138,0.17148,0.38057,28.9,1.0000,-31.3249,0.4741,-13.1757,151.293,ppo_car_spread_a_sampling
15.5402,0.03988,0.2813,0.0000,0.17656,0.17659,0.47846,28.9,1.0000,-31.3232,0.4741,-13.1788,151.291,ppo_car_spread_a_sampling
15.5602,0.11200,0.2813,0.0000,0.20543,0.20543,0.51583,147.7,1.0000,-31.3212,0.4741,-13.1824,151.294,ppo_car_spread_a_sampling
15.5802,0.13580,0.2813,0.0000,0.23050,0.23053,0.40021,147.7,1.0000,-31.3191,0.4741,-13.1865,151.297,ppo_car_spread_a_sampling
15.6002,0.13580,0.2813,0.0000,0.25965,0.25973,0.49678,147.7,1.0000,-31.3167,0.4741,-13.1912,151.302,ppo_car_spread_a_sampling
15.6202,0.03485,0.0000,0.7196,0.27937,0.27947,0.55127,147.7,1.0000,-31.3141,0.4741,-13.1962,151.309,ppo_car_spread_a_sampling
15.6402,0.01646,0.0000,0.7196,0.19563,0.19566,0.00000,0.0,1.0000,-31.3124,0.4741,-13.1996,151.311,ppo_car_spread_a_sampling
15.6602,0.01646,0.0000,0.7196,0.00740,0.00757,0.00000,0.0,1.0000,-31.3125,0.4741,-13.1995,151.312,ppo_car_spread_a_sampling
15.6802,0.01646,0.0000,0.7196,-0.01593,0.01594,0.38869,-151.1,1.0000,-31.3127,0.4741,-13.1990,151.309,ppo_car_spread_a_sampling
15.7002,-0.04124,0.0000,0.1606,-0.04829,0.04829,0.42232,-151.1,1.0000,-31.3133,0.4741,-13.1980,151.308,ppo_car_spread_a_sampling
15.7202,-0.12621,0.0000,0.1606,-0.05642,0.05642,0.30758,-33.7,1.0000,-31.3139,0.4741,-13.1969,151.311,ppo_car_spread_a_sampling
15.7402,-0.20391,0.0000,0.1606,-0.06464,0.06465,0.22871,-33.7,1.0000,-31.3147,0.4741,-13.1956,151.313,ppo_car_spread_a_sampling
15.7602,-0.26115,0.0000,0.1606,-0.06191,0.06194,0.39593,-33.7,1.0000,-31.3153,0.4741,-13.1945,151.313,ppo_car_spread_a_sampling
15.7802,-0.19629,0.0000,0.0989,-0.07327,0.07335,0.33135,-33.7,1.0000,-31.3161,0.4741,-13.1931,151.315,ppo_car_spread_a_sampling
15.8002,-0.11329,0.0000,0.0989,-0.07088,0.07095,0.30863,-20.8,1.0000,-31.3169,0.4741,-13.1919,151.318,ppo_car_spread_a_sampling
15.8202,-0.05221,0.0000,0.0989,-0.07911,0.07916,0.40244,-20.8,1.0000,-31.3177,0.4741,-13.1905,151.319,ppo_car_spread_a_sampling
15.8402,0.04452,0.0000,0.0989,-0.08440,0.08441,0.42637,-20.8,1.0000,-31.3186,0.4741,-13.1890,151.318,ppo_car_spread_a_sampling
15.8602,-0.03933,0.5208,0.0000,-0.08589,0.08589,0.39339,-20.8,1.0000,-31.3194,0.4741,-13.1875,151.316,ppo_car_spread_a_sampling
15.8802,-0.10473,0.5208,0.0000,-0.04012,0.04012,0.18699,273.4,1.0000,-31.3197,0.4741,-13.1869,151.318,ppo_car_spread_a_sampling
15.9002,-0.16690,0.5208,0.0000,0.00889,0.00890,0.42543,273.4,1.0000,-31.3195,0.4741,-13.1871,151.319,ppo_car_spread_a_sampling
15.9202,-0.19897,0.5208,0.0000,0.06428,0.06432,0.29822,273.4,1.0000,-31.3188,0.4741,-13.1884,151.319,ppo_car_spread_a_sampling
15.9402,-0.11647,0.2107,0.0000,0.11010,0.11019,0.45648,273.4,1.0000,-31.3176,0.4741,-13.1904,151.317,ppo_car_spread_a_sampling
15.9602,-0.10795,0.2107,0.0000,0.13552,0.13557,0.18444,110.6,1.0000,-31.3161,0.4741,-13.1929,151.313,ppo_car_spread_a_sampling
15.9802,-0.10795,0.2107,0.0000,0.15166,0.15171,0.48029,110.6,1.0000,-31.3145,0.4741,-13.1957,151.308,ppo_car_spread_a_sampling
16.0002,-0.10795,0.2107,0.0000,0.17303,0.17307,0.35795,110.6,1.0000,-31.3126,0.4741,-13.1988,151.305,ppo_car_spread_a_sampling
16.0202,-0.02604,0.0775,0.0000,0.19581,0.19587,0.22036,110.6,1.0000,-31.3106,0.4741,-13.2024,151.300,ppo_car_spread_a_sampling
16.0402,0.04818,0.0775,0.0000,0.20135,0.20136,0.33770,40.7,1.0000,-31.3086,0.4741,-13.2060,151.298,ppo_car_spread_a_sampling
16.0602,0.12087,0.0775,0.0000,0.21299,0.21299,0.24663,40.7,1.0000,-31.3065,0.4741,-13.2098,151.297,ppo_car_spread_a_sampling
16.0802,0.15037,0.0775,0.0000,0.22240,0.22243,0.09277,40.7,1.0000,-31.3044,0.4741,-13.2138,151.301,ppo_car_spread_a_sampling
16.1002,0.06835,0.0000,0.4153,0.21774,0.21781,0.54545,40.7,1.0000,-31.3024,0.4741,-13.2177,151.304,ppo_car_spread_a_sampling
16.1202,0.01306,0.0000,0.4153,0.19212,0.19216,0.00000,0.0,1.0000,-31.3006,0.4741,-13.2211,151.307,ppo_car_spread_a_sampling
16.1402,-0.06003,0.0000,0.4153,0.00659,0.00679,0.00000,0.0,1.0000,-31.3007,0.4741,-13.2211,151.308,ppo_car_spread_a_sampling
16.1602,-0.06003,0.0000,0.4153,-0.00783,0.00787,0.28072,-87.2,1.0000,-31.3009,0.4741,-13.2208,151.309,ppo_car_spread_a_sampling
16.1802,-0.13935,0.0952,0.0000,-0.02565,0.02566,0.28496,-87.2,1.0000,-31.3012,0.4741,-13.2202,151.311,ppo_car_spread_a_sampling
16.2002,-0.19313,0.0952,0.0000,-0.01913,0.01914,0.20789,50.0,1.0000,-31.3015,0.4741,-13.2197,151.311,ppo_car_spread_a_sampling
16.2202,-0.27707,0.0952,0.0000,-0.00693,0.00693,0.36188,50.0,1.0000,-31.3016,0.4741,-13.2195,151.312,ppo_car_spread_a_sampling
16.2402,-0.34350,0.0952,0.0000,0.00520,0.00520,0.30492,50.0,1.0000,-31.3016,0.4741,-13.2195,151.312,ppo_car_spread_a_sampling
16.2602,-0.24990,0.1870,0.0000,0.01180,0.01180,0.23871,50.0,1.0000,-31.3015,0.4741,-13.2197,151.312,ppo_car_spread_a_sampling
16.2802,-0.19313,0.1870,0.0000,0.02599,0.02601,0.23422,98.2,1.0000,-31.3012,0.4741,-13.2201,151.312,ppo_car_spread_a_sampling
16.3002,-0.11450,0.1870,0.0000,0.04328,0.04332,0.42607,98.2,1.0000,-31.3008,0.4741,-13.2208,151.307,ppo_car_spread_a_sampling
16.3202,-0.03581,0.1870,0.0000,0.07031,0.07034,0.23690,98.2,1.0000,-31.3000,0.4741,-13.2221,151.308,ppo_car_spread_a_sampling
16.3402,-0.09922,0.0000,0.2903,0.08374,0.08375,0.38202,98.2,1.0000,-31.2992,0.4741,-13.2236,151.307,ppo_car_spread_a_sampling
16.3602,-0.18521,0.0000,0.2903,0.07502,0.07503,0.37939,-61.0,1.0000,-31.2984,0.4741,-13.2249,151.309,ppo_car_spread_a_sampling
16.3802,-0.24520,0.0000,0.2903,0.05975,0.05978,0.40240,-61.0,1.0000,-31.2978,0.4741,-13.2259,151.307,ppo_car_spread_a_sampling
16.4002,-0.32321,0.0000,0.2903,0.05065,0.05070,0.11269,-61.0,1.0000,-31.2973,0.4741,-13.2268,151.307,ppo_car_spread_a_sampling
16.4202,-0.25992,0.0000,0.3483,0.03983,0.03991,0.20883,-61.0,1.0000,-31.2969,0.4741,-13.2275,151.304,ppo_car_spread_a_sampling
16.4402,-0.17088,0.0000,0.3483,0.03020,0.03024,0.33073,-73.1,1.0000,-31.2966,0.4741,-13.2280,151.304,ppo_car_spread_a_sampling
16.4602,-0.08464,0.0000,0.3483,0.01801,0.01802,0.28273,-73.1,1.0000,-31.2964,0.4741,-13.2283,151.306,ppo_car_spread_a_sampling
16.4802,-0.00932,0.0000,0.3483,-0.00287,0.00287,0.21176,-73.1,1.0000,-31.2964,0.4741,-13.2282,151.306,ppo_car_spread_a_sampling
16.5002,0.04713,0.0466,0.0000,-0.00768,0.00768,0.36388,-73.1,1.0000,-31.2965,0.4741,-13.2281,151.307,ppo_car_spread_a_sampling
16.5202,0.11006,0.0466,0.0000,-0.01101,0.01101,0.16439,24.4,1.0000,-31.2966,0.4741,-13.2279,151.305,ppo_car_spread_a_sampling
16.5402,0.12724,0.0466,0.0000,-0.00281,0.00281,0.30650,24.4,1.0000,-31.2966,0.4741,-13.2278,151.305,ppo_car_spread_a_sampling
16.5602,0.12724,0.0466,0.0000,-0.00119,0.00119,0.12370,24.4,1.0000,-31.2967,0.4741,-13.2278,151.304,ppo_car_spread_a_sampling
16.5802,0.06707,0.2082,0.0000,0.00753,0.00753,0.31092,24.4,1.0000,-31.2966,0.4741,-13.2280,151.301,ppo_car_spread_a_sampling
16.6002,-0.02235,0.2082,0.0000,0.02122,0.02123,0.18246,109.3,1.0000,-31.2964,0.4741,-13.2284,151.301,ppo_car_spread_a_sampling
16.6202,-0.09730,0.2082,0.0000,0.04388,0.04388,0.22586,109.3,1.0000,-31.2959,0.4741,-13.2292,151.300,ppo_car_spread_a_sampling
16.6402,-0.15230,0.2082,0.0000,0.06498,0.06499,0.21655,109.3,1.0000,-31.2952,0.4741,-13.2304,151.301,ppo_car_spread_a_sampling
16.6602,-0.06676,0.0000,0.7234,0.08348,0.08351,0.32444,109.3,1.0000,-31.2944,0.4741,-13.2319,151.298,ppo_car_spread_a_sampling
16.6802,0.00713,0.0000,0.7234,0.06141,0.06142,0.28491,-151.9,1.0000,-31.2937,0.4741,-13.2330,151.298,ppo_car_spread_a_sampling
16.7002,0.01674,0.0000,0.7234,0.02715,0.02715,0.22295,-151.9,1.0000,-31.2935,0.4741,-13.2334,151.297,ppo_car_spread_a_sampling
16.7202,0.01674,0.0000,0.7234,0.00285,0.00286,0.28851,-151.9,1.0000,-31.2935,0.4741,-13.2335,151.299,ppo_car_spread_a_sampling
16.7402,-0.06393,0.0000,0.2534,-0.02880,0.02880,0.42463,-151.9,1.0000,-31.2938,0.4741,-13.2329,151.297,ppo_car_spread_a_sampling
16.7602,-0.08426,0.0000,0.2534,-0.03662,0.03662,0.39273,-53.2,1.0000,-31.2941,0.4741,-13.2322,151.302,ppo_car_spread_a_sampling
16.7802,-0.08426,0.0000,0.2534,-0.04353,0.04354,0.41528,-53.2,1.0000,-31.2946,0.4741,-13.2314,151.302,ppo_car_spread_a_sampling
16.8002,-0.08426,0.0000,0.2534,-0.05977,0.05978,0.29519,-53.2,1.0000,-31.2952,0.4741,-13.2304,151.305,ppo_car_spread_a_sampling
16.8202,0.00031,0.0000,0.1878,-0.07061,0.07062,0.23891,-53.2,1.0000,-31.2959,0.4741,-13.2291,151.308,ppo_car_spread_a_sampling
16.8402,0.04596,0.0000,0.1878,-0.07145,0.07145,0.38546,-39.4,1.0000,-31.2966,0.4741,-13.2278,151.310,ppo_car_spread_a_sampling
16.8602,0.04596,0.0000,0.1878,-0.08216,0.08216,0.35675,-39.4,1.0000,-31.2974,0.4741,-13.2263,151.312,ppo_car_spread_a_sampling
16.8802,0.04596,0.0000,0.1878,-0.09232,0.09232,0.19936,-39.4,1.0000,-31.2983,0.4741,-13.2247,151.311,ppo_car_spread_a_sampling
16.9002,0.09101,0.5761,0.0000,-0.10650,0.10650,0.20236,-39.4,1.0000,-31.2993,0.4741,-13.2228,151.310,ppo_car_spread_a_sampling
16.9202,0.09101,0.5761,0.0000,-0.04005,0.04005,0.29079,302.4,1.0000,-31.2997,0.4741,-13.2221,151.309,ppo_car_spread_a_sampling
16.9402,0.09101,0.5761,0.0000,0.01161,0.01161,0.37961,302.4,1.0000,-31.2996,0.4741,-13.2224,151.311,ppo_car_spread_a_sampling
16.9602,0.09101,0.5761,0.0000,0.07334,0.07336,0.15786,302.4,1.0000,-31.2988,0.4741,-13.2238,151.313,ppo_car_spread_a_sampling
16.9802,0.09860,0.0000,0.0091,0.11672,0.11674,0.49013,302.4,1.0000,-31.2977,0.4741,-13.2260,151.317,ppo_car_spread_a_sampling
17.0002,0.09860,0.0000,0.0091,0.15630,0.15633,0.00000,0.0,1.0000,-31.2961,0.4741,-13.2289,151.322,ppo_car_spread_a_sampling
17.0202,0.09860,0.0000,0.0091,0.00266,0.00356,0.00000,0.0,1.0000,-31.2962,0.4741,-13.2290,151.323,ppo_car_spread_a_sampling
17.0402,0.09860,0.0000,0.0091,0.00225,0.00241,0.35526,-1.9,1.0000,-31.2962,0.4741,-13.2290,151.326,ppo_car_spread_a_sampling
17.0602,0.01957,0.0000,0.1748,0.00085,0.00088,0.25080,-1.9,1.0000,-31.2962,0.4741,-13.2290,151.326,ppo_car_spread_a_sampling
17.0802,-0.03625,0.0000,0.1748,-0.00502,0.00502,0.31374,-36.7,1.0000,-31.2962,0.4741,-13.2289,151.331,ppo_car_spread_a_sampling
17.1002,-0.10663,0.0000,0.1748,-0.01518,0.01519,0.32708,-36.7,1.0000,-31.2964,0.4741,-13.2286,151.330,ppo_car_spread_a_sampling
17.1202,-0.18388,0.0000,0.1748,-0.01341,0.01342,0.25649,-36.7,1.0000,-31.2966,0.4741,-13.2283,151.330,ppo_car_spread_a_sampling
17.1402,-0.26546,0.0000,0.0192,-0.02338,0.02339,0.24742,-36.7,1.0000,-31.2968,0.4741,-13.2279,151.331,ppo_car_spread_a_sampling
17.1602,-0.33007,0.0000,0.0192,-0.02633,0.02638,0.17357,-4.0,1.0000,-31.2971,0.4741,-13.2274,151.333,ppo_car_spread_a_sampling
17.1802,-0.41367,0.0000,0.0192,-0.02218,0.02220,0.34849,-4.0,1.0000,-31.2973,0.4741,-13.2270,151.332,ppo_car_spread_a_sampling
17.2002,-0.47417,0.0000,0.0192,-0.02623,0.02634,0.37543,-4.0,1.0000,-31.2977,0.4741,-13.2266,151.332,ppo_car_spread_a_sampling
17.2202,-0.38478,0.0000,0.3725,-0.02790,0.02805,0.18169,-4.0,1.0000,-31.2980,0.4741,-13.2261,151.337,ppo_car_spread_a_sampling
17.2402,-0.30282,0.0000,0.3725,-0.04286,0.04303,0.22893,-78.2,1.0000,-31.2985,0.4741,-13.2254,151.339,ppo_car_spread_a_sampling
17.2602,-0.24531,0.0000,0.3725,-0.05406,0.05422,0.34789,-78.2,1.0000,-31.2991,0.4741,-13.2244,151.341,ppo_car_spread_a_sampling
17.2802,-0.21649,0.0000,0.3725,-0.07325,0.07337,0.19282,-78.2,1.0000,-31.2999,0.4741,-13.2231,151.344,ppo_car_spread_a_sampling
17.3002,-0.15484,0.2240,0.0000,-0.08833,0.08845,0.19907,-78.2,1.0000,-31.3008,0.4741,-13.2216,151.349,ppo_car_spread_a_sampling
17.3202,-0.15484,0.2240,0.0000,-0.06713,0.06718,0.24502,117.6,1.0000,-31.3015,0.4741,-13.2204,151.350,ppo_car_spread_a_sampling
17.3402,-0.15484,0.2240,0.0000,-0.04667,0.04670,0.25478,117.6,1.0000,-31.3020,0.4741,-13.2196,151.353,ppo_car_spread_a_sampling
17.3602,-0.15484,0.2240,0.0000,-0.02546,0.02548,0.30473,117.6,1.0000,-31.3023,0.4741,-13.2192,151.352,ppo_car_spread_a_sampling
17.3802,-0.09407,0.5186,0.0000,0.00131,0.00132,0.26817,117.6,1.0000,-31.3022,0.4741,-13.2193,151.356,ppo_car_spread_a_sampling
17.4002,-0.02079,0.5186,0.0000,0.04937,0.04938,0.28269,272.3,1.0000,-31.3017,0.4741,-13.2202,151.357,ppo_car_spread_a_sampling
17.4202,0.06438,0.5186,0.0000,0.10001,0.10001,0.24569,272.3,1.0000,-31.3006,0.4741,-13.2221,151.359,ppo_car_spread_a_sampling
17.4402,0.14137,0.5186,0.0000,0.14907,0.14908,0.34560,272.3,1.0000,-31.2992,0.4741,-13.2248,151.361,ppo_car_spread_a_sampling
17.4602,0.05635,0.1754,0.0000,0.19672,0.19677,0.56653,272.3,1.0000,-31.2973,0.4741,-13.2285,151.367,ppo_car_spread_a_sampling
17.4802,0.00278,0.1754,0.0000,0.21662,0.21665,0.48522,92.1,1.0000,-31.2952,0.4741,-13.2324,151.371,ppo_car_spread_a_sampling
17.5002,0.00278,0.1754,0.0000,0.23536,0.23537,0.55345,92.1,1.0000,-31.2929,0.4741,-13.2367,151.374,ppo_car_spread_a_sampling
17.5202,0.00278,0.1754,0.0000,0.24928,0.24928,0.56757,92.1,1.0000,-31.2905,0.4741,-13.2412,151.375,ppo_car_spread_a_sampling
17.5402,0.01353,0.0000,0.8285,0.27130,0.27130,0.46045,92.1,1.0000,-31.2879,0.4741,-13.2460,151.374,ppo_car_spread_a_sampling
17.5602,0.01353,0.0000,0.8285,0.19524,0.19524,0.00000,0.0,1.0000,-31.2860,0.4741,-13.2494,151.375,ppo_car_spread_a_sampling
17.5802,0.01353,0.0000,0.8285,0.00694,0.00695,0.00000,0.0,1.0000,-31.2861,0.4741,-13.2493,151.376,ppo_car_spread_a_sampling
17.6002,0.01353,0.0000,0.8285,-0.01860,0.01860,0.39340,-174.0,1.0000,-31.2863,0.4741,-13.2488,151.378,ppo_car_spread_a_sampling
17.6202,0.09215,0.1154,0.0000,-0.05862,0.05862,0.14586,-174.0,1.0000,-31.2870,0.4741,-13.2476,151.377,ppo_car_spread_a_sampling
17.6402,0.15716,0.1154,0.0000,-0.05339,0.05340,0.28065,60.6,1.0000,-31.2876,0.4741,-13.2465,151.375,ppo_car_spread_a_sampling
17.6602,0.20539,0.1154,0.0000,-0.03824,0.03825,0.32216,60.6,1.0000,-31.2880,0.4741,-13.2457,151.373,ppo_car_spread_a_sampling
17.6802,0.20539,0.1154,0.0000,-0.02696,0.02697,0.25688,60.6,1.0000,-31.2883,0.4741,-13.2451,151.370,ppo_car_spread_a_sampling
17.7002,0.11473,0.0077,0.0000,-0.01194,0.01195,0.35902,60.6,1.0000,-31.2884,0.4741,-13.2448,151.368,ppo_car_spread_a_sampling
17.7202,0.04967,0.0077,0.0000,-0.01356,0.01357,0.34412,4.0,1.0000,-31.2886,0.4741,-13.2445,151.370,ppo_car_spread_a_sampling
17.7402,-0.01230,0.0077,0.0000,-0.00844,0.00844,0.32030,4.0,1.0000,-31.2887,0.4741,-13.2444,151.368,ppo_car_spread_a_sampling
17.7602,-0.01230,0.0077,0.0000,-0.00387,0.00387,0.34538,4.0,1.0000,-31.2887,0.4741,-13.2443,151.367,ppo_car_spread_a_sampling
17.7802,-0.09132,0.0000,0.7583,-0.01148,0.01148,0.21718,4.0,1.0000,-31.2888,0.4741,-13.2441,151.369,ppo_car_spread_a_sampling
17.8002,-0.11562,0.0000,0.7583,-0.04044,0.04045,0.43250,-159.2,1.0000,-31.2892,0.4741,-13.2434,151.371,ppo_car_spread_a_sampling
17.8202,-0.11562,0.0000,0.7583,-0.06912,0.06914,0.36651,-159.2,1.0000,-31.2899,0.4741,-13.2421,151.369,ppo_car_spread_a_sampling
17.8402,-0.11562,0.0000,0.7583,-0.09709,0.09712,0.32877,-159.2,1.0000,-31.2909,0.4741,-13.2404,151.372,ppo_car_spread_a_sampling
17.8602,-0.18408,0.1075,0.0000,-0.12631,0.12635,0.33694,-159.2,1.0000,-31.2922,0.4741,-13.2382,151.376,ppo_car_spread_a_sampling
17.8802,-0.27261,0.1075,0.0000,-0.11503,0.11510,0.31140,56.4,1.0000,-31.2934,0.4741,-13.2362,151.381,ppo_car_spread_a_sampling
17.9002,-0.28707,0.1075,0.0000,-0.10100,0.10111,0.39125,56.4,1.0000,-31.2945,0.4741,-13.2345,151.384,ppo_car_spread_a_sampling
17.9202,-0.28707,0.1075,0.0000,-0.09519,0.09536,0.28564,56.4,1.0000,-31.2955,0.4741,-13.2329,151.389,ppo_car_spread_a_sampling
17.9402,-0.36232,0.2394,0.0000,-0.08398,0.08412,0.32772,56.4,1.0000,-31.2963,0.4741,-13.2315,151.393,ppo_car_spread_a_sampling
17.9602,-0.44188,0.2394,0.0000,-0.05805,0.05817,0.39210,125.7,1.0000,-31.2969,0.4741,-13.2306,151.398,ppo_car_spread_a_sampling
17.9802,-0.51370,0.2394,0.0000,-0.04513,0.04526,0.31326,125.7,1.0000,-31.2974,0.4741,-13.2299,151.403,ppo_car_spread_a_sampling
18.0002,-0.58304,0.2394,0.0000,-0.01892,0.01901,0.20300,125.7,1.0000,-31.2975,0.4741,-13.2297,151.405,ppo_car_spread_a_sampling
18.0202,-0.51051,0.6896,0.0000,0.00937,0.00943,0.26978,125.7,1.0000,-31.2974,0.4741,-13.2300,151.407,ppo_car_spread_a_sampling
18.0402,-0.45231,0.6896,0.0000,0.07113,0.07159,0.20002,362.0,1.0000,-31.2965,0.4741,-13.2313,151.400,ppo_car_spread_a_sampling
18.0602,-0.35885,0.6896,0.0000,0.13672,0.13740,0.38263,362.0,1.0000,-31.2948,0.4741,-13.2337,151.385,ppo_car_spread_a_sampling
18.0802,-0.30253,0.6896,0.0000,0.20376,0.20449,0.52956,362.0,1.0000,-31.2924,0.4741,-13.2373,151.366,ppo_car_spread_a_sampling
18.1002,-0.36054,0.6948,0.0000,0.27142,0.27210,0.38507,362.0,1.0000,-31.2893,0.4741,-13.2420,151.348,ppo_car_spread_a_sampling
18.1202,-0.43682,0.6948,0.0000,0.34028,0.34127,0.47093,364.8,1.0000,-31.2855,0.4741,-13.2479,151.322,ppo_car_spread_a_sampling
18.1402,-0.51393,0.6948,0.0000,0.40468,0.40623,0.67957,364.8,1.0000,-31.2808,0.4741,-13.2549,151.287,ppo_car_spread_a_sampling
18.1602,-0.59414,0.6948,0.0000,0.46966,0.47215,0.67386,364.8,1.0000,-31.2753,0.4741,-13.2628,151.245,ppo_car_spread_a_sampling
18.1802,-0.51766,0.0000,0.0918,0.53361,0.53741,0.65105,364.8,1.0000,-31.2689,0.4741,-13.2717,151.187,ppo_car_spread_a_sampling
18.2002,-0.45736,0.0000,0.0918,0.52409,0.52762,0.65993,0.0,1.0000,-31.2626,0.4741,-13.2804,151.132,ppo_car_spread_a_sampling
18.2202,-0.38804,0.0000,0.0918,0.47271,0.47579,0.45261,0.0,1.0000,-31.2571,0.4741,-13.2881,151.061,ppo_car_spread_a_sampling
18.2402,-0.30461,0.0000,0.0918,0.40279,0.40497,0.66475,0.0,1.0000,-31.2525,0.4741,-13.2947,150.988,ppo_car_spread_a_sampling
18.2602,-0.23926,0.0000,0.6593,0.24282,0.24359,0.06649,0.0,1.0000,-31.2499,0.4741,-13.2985,150.929,ppo_car_spread_a_sampling
18.2802,-0.23093,0.0000,0.6593,0.07368,0.07466,0.00000,0.0,1.0000,-31.2493,0.4741,-13.2994,150.849,ppo_car_spread_a_sampling
18.3002,-0.23093,0.0000,0.6593,0.05226,0.05266,0.21657,-138.5,1.0000,-31.2489,0.4741,-13.2999,150.823,ppo_car_spread_a_sampling
18.3202,-0.23093,0.0000,0.6593,0.02233,0.02257,0.39176,-138.5,1.0000,-31.2488,0.4741,-13.3000,150.815,ppo_car_spread_a_sampling
18.3402,-0.22876,0.0000,0.4996,0.00497,0.00514,0.40573,-138.5,1.0000,-31.2490,0.4741,-13.2998,150.813,ppo_car_spread_a_sampling
18.3602,-0.22876,0.0000,0.4996,-0.01944,0.01944,0.06670,-104.9,1.0000,-31.2493,0.4741,-13.2992,150.813,ppo_car_spread_a_sampling
18.3802,-0.22876,0.0000,0.4996,-0.03718,0.03720,0.36085,-104.9,1.0000,-31.2499,0.4741,-13.2984,150.812,ppo_car_spread_a_sampling
18.4002,-0.22876,0.0000,0.4996,-0.05604,0.05608,0.21788,-104.9,1.0000,-31.2506,0.4741,-13.2973,150.812,ppo_car_spread_a_sampling
18.4202,-0.30198,0.1896,0.0000,-0.07360,0.07367,0.46293,-104.9,1.0000,-31.2515,0.4741,-13.2959,150.811,ppo_car_spread_a_sampling
18.4402,-0.30198,0.1896,0.0000,-0.06425,0.06432,0.27810,99.6,1.0000,-31.2523,0.4741,-13.2947,150.813,ppo_car_spread_a_sampling
18.4602,-0.30198,0.1896,0.0000,-0.04576,0.04583,0.25759,99.6,1.0000,-31.2528,0.4741,-13.2939,150.818,ppo_car_spread_a_sampling
18.4802,-0.30198,0.1896,0.0000,-0.02046,0.02048,0.19731,99.6,1.0000,-31.2530,0.4741,-13.2936,150.819,ppo_car_spread_a_sampling
18.5002,-0.37028,0.3257,0.0000,-0.00670,0.00670,0.29484,99.6,1.0000,-31.2531,0.4741,-13.2935,150.820,ppo_car_spread_a_sampling
18.5202,-0.44734,0.3257,0.0000,0.02335,0.02345,0.23548,171.0,1.0000,-31.2528,0.4741,-13.2940,150.817,ppo_car_spread_a_sampling
18.5402,-0.52304,0.3257,0.0000,0.05670,0.05699,0.18236,171.0,1.0000,-31.2521,0.4741,-13.2951,150.813,ppo_car_spread_a_sampling
18.5602,-0.52304,0.3257,0.0000,0.09425,0.09485,0.17082,171.0,1.0000,-31.2509,0.4741,-13.2968,150.801,ppo_car_spread_a_sampling
18.5802,-0.43246,0.0006,0.0000,0.12190,0.12268,0.11721,171.0,1.0000,-31.2493,0.4741,-13.2989,150.788,ppo_car_spread_a_sampling
18.6002,-0.37498,0.0006,0.0000,0.11977,0.12036,0.38673,0.3,1.0000,-31.2478,0.4741,-13.3010,150.779,ppo_car_spread_a_sampling
18.6202,-0.37498,0.0006,0.0000,0.11989,0.12038,0.28558,0.3,1.0000,-31.2464,0.4741,-13.3031,150.769,ppo_car_spread_a_sampling
18.6402,-0.37498,0.0006,0.0000,0.12444,0.12491,0.32337,0.3,1.0000,-31.2449,0.4741,-13.3053,150.756,ppo_car_spread_a_sampling
18.6602,-0.30247,0.0016,0.0000,0.12391,0.12435,0.16560,0.3,1.0000,-31.2434,0.4741,-13.3074,150.745,ppo_car_spread_a_sampling
18.6802,-0.24612,0.0016,0.0000,0.12207,0.12240,0.40146,0.8,1.0000,-31.2420,0.4741,-13.3095,150.739,ppo_car_spread_a_sampling
18.7002,-0.17543,0.0016,0.0000,0.11970,0.11993,0.36156,0.8,1.0000,-31.2407,0.4741,-13.3116,150.729,ppo_car_spread_a_sampling
18.7202,-0.17543,0.0016,0.0000,0.11954,0.11966,0.46879,0.8,1.0000,-31.2394,0.4741,-13.3137,150.726,ppo_car_spread_a_sampling
18.7402,-0.09446,0.5525,0.0000,0.12221,0.12231,0.42525,0.8,1.0000,-31.2381,0.4741,-13.3158,150.719,ppo_car_spread_a_sampling
18.7602,-0.03417,0.5525,0.0000,0.17885,0.17891,0.24715,290.1,1.0000,-31.2362,0.4741,-13.3190,150.716,ppo_car_spread_a_sampling
18.7802,0.04847,0.5525,0.0000,0.22602,0.22604,0.58539,290.1,1.0000,-31.2339,0.4741,-13.3230,150.710,ppo_car_spread_a_sampling
18.8002,0.12330,0.5525,0.0000,0.27524,0.27525,0.59786,290.1,1.0000,-31.2312,0.4741,-13.3279,150.709,ppo_car_spread_a_sampling
18.8202,0.11424,0.0036,0.0000,0.33877,0.33883,0.28253,290.1,1.0000,-31.2279,0.4741,-13.3340,150.714,ppo_car_spread_a_sampling
18.8402,0.11424,0.0036,0.0000,0.32697,0.32705,0.61294,1.9,1.0000,-31.2248,0.4741,-13.3398,150.720,ppo_car_spread_a_sampling
18.8602,0.11424,0.0036,0.0000,0.32728,0.32737,0.61166,1.9,1.0000,-31.2217,0.4741,-13.3457,150.727,ppo_car_spread_a_sampling
18.8802,0.11424,0.0036,0.0000,0.32790,0.32799,0.61037,1.9,1.0000,-31.2186,0.4741,-13.3515,150.734,ppo_car_spread_a_sampling
18.9002,0.05231,0.5575,0.0000,0.32827,0.32837,0.60890,1.9,1.0000,-31.2156,0.4741,-13.3573,150.742,ppo_car_spread_a_sampling
18.9202,-0.03535,0.5575,0.0000,0.39364,0.39369,0.30866,292.7,1.0000,-31.2118,0.4741,-13.3643,150.748,ppo_car_spread_a_sampling
18.9402,-0.09032,0.5575,0.0000,0.44192,0.44192,0.65962,292.7,1.0000,-31.2075,0.4741,-13.3720,150.749,ppo_car_spread_a_sampling
18.9602,-0.16689,0.5575,0.0000,0.49283,0.49285,0.67927,292.7,1.0000,-31.2025,0.4741,-13.3806,150.744,ppo_car_spread_a_sampling
18.9802,-0.24936,0.0000,0.8874,0.54901,0.54919,0.65142,292.7,1.0000,-31.1968,0.4741,-13.3901,150.731,ppo_car_spread_a_sampling
19.0002,-0.32305,0.0000,0.8874,0.42225,0.42249,0.54566,0.0,1.0000,-31.1925,0.4741,-13.3972,150.704,ppo_car_spread_a_sampling
19.0202,-0.39899,0.0000,0.8874,0.21513,0.21533,0.00000,0.0,1.0000,-31.1903,0.4741,-13.4006,150.677,ppo_car_spread_a_sampling
19.0403,-0.47489,0.0000,0.8874,0.05431,0.05446,0.00000,0.0,1.0000,-31.1901,0.4741,-13.4013,150.600,ppo_car_spread_a_sampling
19.0603,-0.39326,0.0000,0.3835,0.02374,0.02376,0.25342,-186.4,1.0000,-31.1900,0.4741,-13.4013,150.574,ppo_car_spread_a_sampling
19.0803,-0.33907,0.0000,0.3835,0.01663,0.01672,0.34563,-80.5,1.0000,-31.1899,0.4741,-13.4014,150.567,ppo_car_spread_a_sampling
19.1003,-0.26655,0.0000,0.3835,0.00359,0.00362,0.31694,-80.5,1.0000,-31.1900,0.4741,-13.4012,150.566,ppo_car_spread_a_sampling
19.1203,-0.18191,0.0000,0.3835,-0.01666,0.01667,0.34197,-80.5,1.0000,-31.1903,0.4741,-13.4007,150.569,ppo_car_spread_a_sampling
19.1403,-0.26423,0.0000,0.0943,-0.03062,0.03065,0.26078,-80.5,1.0000,-31.1907,0.4741,-13.4000,150.569,ppo_car_spread_a_sampling
19.1603,-0.32004,0.0000,0.0943,-0.03579,0.03584,0.37169,-19.8,1.0000,-31.1912,0.4741,-13.3993,150.569,ppo_car_spread_a_sampling
19.1803,-0.41282,0.0000,0.0943,-0.04507,0.04517,0.17534,-19.8,1.0000,-31.1917,0.4741,-13.3985,150.574,ppo_car_spread_a_sampling
19.2003,-0.46861,0.0000,0.0943,-0.04405,0.04423,0.22691,-19.8,1.0000,-31.1922,0.4741,-13.3977,150.578,ppo_car_spread_a_sampling
19.2203,-0.38684,0.0000,0.5889,-0.04952,0.04980,0.19098,-19.8,1.0000,-31.1928,0.4741,-13.3969,150.582,ppo_car_spread_a_sampling
19.2403,-0.31008,0.0000,0.5889,-0.07294,0.07323,0.21319,-123.7,1.0000,-31.1937,0.4741,-13.3957,150.587,ppo_car_spread_a_sampling
19.2603,-0.23626,0.0000,0.5889,-0.09300,0.09324,0.43049,-123.7,1.0000,-31.1947,0.4741,-13.3941,150.589,ppo_car_spread_a_sampling
19.2803,-0.16271,0.0000,0.5889,-0.11657,0.11678,0.35321,-123.7,1.0000,-31.1960,0.4741,-13.3922,150.594,ppo_car_spread_a_sampling
19.3003,-0.22118,0.3794,0.0000,-0.13827,0.13840,0.33030,-123.7,1.0000,-31.1974,0.4741,-13.3899,150.598,ppo_car_spread_a_sampling
19.3203,-0.30935,0.3794,0.0000,-0.10220,0.10231,0.38793,199.2,1.0000,-31.1985,0.4741,-13.3882,150.605,ppo_car_spread_a_sampling
19.3403,-0.35297,0.3794,0.0000,-0.06957,0.06967,0.21469,199.2,1.0000,-31.1992,0.4741,-13.3872,150.608,ppo_car_spread_a_sampling
19.3603,-0.35297,0.3794,0.0000,-0.03262,0.03266,0.30770,199.2,1.0000,-31.1994,0.4741,-13.3868,150.608,ppo_car_spread_a_sampling
19.3803,-0.27149,0.0000,0.4039,0.00734,0.00738,0.28052,199.2,1.0000,-31.1992,0.4741,-13.3870,150.606,ppo_car_spread_a_sampling
19.4003,-0.21142,0.0000,0.4039,-0.01189,0.01191,0.24032,-84.8,1.0000,-31.1993,0.4741,-13.3870,150.607,ppo_car_spread_a_sampling
19.4203,-0.21142,0.0000,0.4039,-0.02435,0.02437,0.20511,-84.8,1.0000,-31.1995,0.4741,-13.3867,150.611,ppo_car_spread_a_sampling
19.4403,-0.21142,0.0000,0.4039,-0.04142,0.04146,0.23820,-84.8,1.0000,-31.1998,0.4741,-13.3861,150.611,ppo_car_spread_a_sampling
19.4603,-0.13866,0.2958,0.0000,-0.06449,0.06456,0.24929,-84.8,1.0000,-31.2005,0.4741,-13.3850,150.614,ppo_car_spread_a_sampling
19.4803,-0.07115,0.2958,0.0000,-0.02484,0.02485,0.25716,155.3,1.0000,-31.2007,0.4741,-13.3847,150.614,ppo_car_spread_a_sampling
19.5003,-0.07115,0.2958,0.0000,0.00017,0.00024,0.16992,155.3,1.0000,-31.2006,0.4741,-13.3848,150.614,ppo_car_spread_a_sampling
19.5203,-0.07115,0.2958,0.0000,0.03243,0.03243,0.29893,155.3,1.0000,-31.2003,0.4741,-13.3855,150.613,ppo_car_spread_a_sampling
19.5403,0.01131,0.1417,0.0000,0.05528,0.05529,0.32770,155.3,1.0000,-31.1996,0.4741,-13.3865,150.615,ppo_car_spread_a_sampling
19.5603,0.09092,0.1417,0.0000,0.07588,0.07588,0.20635,74.4,1.0000,-31.1988,0.4741,-13.3879,150.614,ppo_car_spread_a_sampling
19.5803,0.11839,0.1417,0.0000,0.07751,0.07751,0.43958,74.4,1.0000,-31.1980,0.4741,-13.3894,150.616,ppo_car_spread_a_sampling
19.6003,0.11839,0.1417,0.0000,0.10691,0.10694,0.19809,74.4,1.0000,-31.1970,0.4741,-13.3913,150.617,ppo_car_spread_a_sampling
19.6203,0.03333,0.4056,0.0000,0.11437,0.11441,0.21012,74.4,1.0000,-31.1959,0.4741,-13.3934,150.619,ppo_car_spread_a_sampling
19.6403,-0.04114,0.4056,0.0000,0.14669,0.14670,0.52907,212.9,1.0000,-31.1945,0.4741,-13.3960,150.623,ppo_car_spread_a_sampling
19.6603,-0.09740,0.4056,0.0000,0.19047,0.19047,0.32032,212.9,1.0000,-31.1925,0.4741,-13.3994,150.624,ppo_car_spread_a_sampling
19.6803,-0.12238,0.4056,0.0000,0.22833,0.22835,0.48672,212.9,1.0000,-31.1902,0.4741,-13.4034,150.622,ppo_car_spread_a_sampling
19.7003,-0.04435,0.0000,0.1724,0.26526,0.26533,0.55624,212.9,1.0000,-31.1874,0.4741,-13.4081,150.619,ppo_car_spread_a_sampling
19.7203,0.01351,0.0000,0.1724,0.19499,0.19502,0.00000,0.0,1.0000,-31.1855,0.4741,-13.4114,150.618,ppo_car_spread_a_sampling
19.7403,0.10056,0.0000,0.1724,0.00699,0.00708,0.00000,0.0,1.0000,-31.1855,0.4741,-13.4113,150.619,ppo_car_spread_a_sampling
19.7603,0.17559,0.0000,0.1724,0.00102,0.00107,0.34581,-36.2,1.0000,-31.1856,0.4741,-13.4111,150.618,ppo_car_spread_a_sampling
19.7803,0.23954,0.1731,0.0000,-0.00561,0.00563,0.18312,-36.2,1.0000,-31.1857,0.4741,-13.4109,150.618,ppo_car_spread_a_sampling
19.8003,0.31565,0.1731,0.0000,0.00614,0.00614,0.31303,90.9,1.0000,-31.1857,0.4741,-13.4109,150.620,ppo_car_spread_a_sampling
19.8203,0.37531,0.1731,0.0000,0.02774,0.02779,0.19630,90.9,1.0000,-31.1856,0.4741,-13.4113,150.621,ppo_car_spread_a_sampling
19.8403,0.46947,0.1731,0.0000,0.04452,0.04467,0.19440,90.9,1.0000,-31.1852,0.4741,-13.4120,150.624,ppo_car_spread_a_sampling
19.8603,0.40491,0.0000,0.4343,0.06044,0.06073,0.44001,90.9,1.0000,-31.1848,0.4741,-13.4131,150.624,ppo_car_spread_a_sampling
19.8803,0.33131,0.0000,0.4343,0.04724,0.04742,0.19014,-91.2,1.0000,-31.1844,0.4741,-13.4139,150.627,ppo_car_spread_a_sampling
19.9003,0.25984,0.0000,0.4343,0.02471,0.02481,0.29557,-91.2,1.0000,-31.1843,0.4741,-13.4143,150.630,ppo_car_spread_a_sampling
19.9203,0.18279,0.0000,0.4343,0.01592,0.01597,0.35974,-91.2,1.0000,-31.1841,0.4741,-13.4146,150.627,ppo_car_spread_a_sampling
19.9403,0.09601,0.0510,0.0000,-0.00229,0.00231,0.35275,-91.2,1.0000,-31.1842,0.4741,-13.4145,150.631,ppo_car_spread_a_sampling
19.9603,0.04111,0.0510,0.0000,-0.00334,0.00334,0.28016,26.7,1.0000,-31.1843,0.4741,-13.4144,150.629,ppo_car_spread_a_sampling
19.9803,-0.05355,0.0510,0.0000,0.00341,0.00341,0.25859,26.7,1.0000,-31.1842,0.4741,-13.4144,150.628,ppo_car_spread_a_sampling
20.0003,-0.10787,0.0510,0.0000,0.00897,0.00897,0.21060,26.7,1.0000,-31.1841,0.4741,-13.4146,150.629,ppo_car_spread_a_sampling
20.0203,-0.14862,0.0000,0.1678,0.01053,0.01053,0.35920,26.7,1.0000,-31.1840,0.4741,-13.4148,150.629,ppo_car_spread_a_sampling
20.0403,-0.14862,0.0000,0.1678,0.01126,0.01127,0.21822,-35.2,1.0000,-31.1839,0.4741,-13.4150,150.630,ppo_car_spread_a_sampling
20.0603,-0.14862,0.0000,0.1678,-0.00681,0.00681,0.31594,-35.2,1.0000,-31.1840,0.4741,-13.4149,150.630,ppo_car_spread_a_sampling
20.0803,-0.14862,0.0000,0.1678,-0.01162,0.01163,0.33672,-35.2,1.0000,-31.1841,0.4741,-13.4147,150.634,ppo_car_spread_a_sampling
20.1003,-0.20733,0.0815,0.0000,-0.01446,0.01446,0.22856,-35.2,1.0000,-31.1842,0.4741,-13.4144,150.636,ppo_car_spread_a_sampling
20.1203,-0.28733,0.0815,0.0000,-0.00567,0.00567,0.26750,42.8,1.0000,-31.1843,0.4741,-13.4144,150.634,ppo_car_spread_a_sampling
20.1403,-0.35819,0.0815,0.0000,0.00147,0.00149,0.30111,42.8,1.0000,-31.1842,0.4741,-13.4144,150.634,ppo_car_spread_a_sampling
20.1603,-0.42844,0.0815,0.0000,0.00902,0.00907,0.17841,42.8,1.0000,-31.1841,0.4741,-13.4146,150.634,ppo_car_spread_a_sampling
20.1803,-0.35370,0.4620,0.0000,0.02354,0.02364,0.26496,42.8,1.0000,-31.1838,0.4741,-13.4150,150.633,ppo_car_spread_a_sampling
20.2003,-0.27757,0.4620,0.0000,0.06569,0.06589,0.20553,242.6,1.0000,-31.1830,0.4741,-13.4162,150.629,ppo_car_spread_a_sampling
20.2203,-0.19990,0.4620,0.0000,0.10711,0.10733,0.18344,242.6,1.0000,-31.1818,0.4741,-13.4181,150.624,ppo_car_spread_a_sampling
20.2403,-0.11640,0.4620,0.0000,0.15051,0.15069,0.50535,242.6,1.0000,-31.1801,0.4741,-13.4208,150.615,ppo_car_spread_a_sampling
20.2603,-0.17569,0.0000,0.2760,0.19757,0.19768,0.41359,242.6,1.0000,-31.1780,0.4741,-13.4243,150.612,ppo_car_spread_a_sampling
20.2803,-0.26150,0.0000,0.2760,0.19189,0.19202,0.00000,0.0,1.0000,-31.1759,0.4741,-13.4276,150.609,ppo_car_spread_a_sampling
20.3003,-0.31849,0.0000,0.2760,0.00419,0.00722,0.00000,0.0,1.0000,-31.1758,0.4741,-13.4275,150.610,ppo_car_spread_a_sampling
20.3203,-0.32620,0.0000,0.2760,-0.00712,0.00722,0.14226,-58.0,1.0000,-31.1759,0.4741,-13.4273,150.612,ppo_car_spread_a_sampling
20.3403,-0.39134,0.2498,0.0000,-0.01758,0.01759,0.26733,-58.0,1.0000,-31.1762,0.4741,-13.4270,150.614,ppo_car_spread_a_sampling
20.3603,-0.47296,0.2498,0.0000,0.01078,0.01084,0.24659,131.1,1.0000,-31.1761,0.4741,-13.4271,150.614,ppo_car_spread_a_sampling
20.3803,-0.53475,0.2498,0.0000,0.03265,0.03278,0.21760,131.1,1.0000,-31.1757,0.4741,-13.4276,150.612,ppo_car_spread_a_sampling
20.4003,-0.62048,0.2498,0.0000,0.05973,0.06012,0.23851,131.1,1.0000,-31.1750,0.4741,-13.4286,150.603,ppo_car_spread_a_sampling
20.4203,-0.53435,0.0000,0.2786,0.07953,0.08015,0.17654,131.1,1.0000,-31.1740,0.4741,-13.4299,150.593,ppo_car_spread_a_sampling
20.4403,-0.47607,0.0000,0.2786,0.06734,0.06777,0.37793,-58.5,1.0000,-31.1732,0.4741,-13.4310,150.587,ppo_car_spread_a_sampling
20.4603,-0.40180,0.0000,0.2786,0.06386,0.06420,0.28109,-58.5,1.0000,-31.1725,0.4741,-13.4320,150.583,ppo_car_spread_a_sampling
20.4803,-0.32087,0.0000,0.2786,0.04858,0.04883,0.39790,-58.5,1.0000,-31.1719,0.4741,-13.4328,150.578,ppo_car_spread_a_sampling
20.5003,-0.25558,0.0428,0.0000,0.04242,0.04255,0.29806,-58.5,1.0000,-31.1715,0.4741,-13.4335,150.575,ppo_car_spread_a_sampling
20.5203,-0.16824,0.0428,0.0000,0.04076,0.04085,0.17687,22.5,1.0000,-31.1711,0.4741,-13.4342,150.571,ppo_car_spread_a_sampling
20.5403,-0.08847,0.0428,0.0000,0.04879,0.04884,0.27677,22.5,1.0000,-31.1706,0.4741,-13.4350,150.570,ppo_car_spread_a_sampling
20.5603,-0.02696,0.0428,0.0000,0.04858,0.04860,0.17900,22.5,1.0000,-31.1701,0.4741,-13.4358,150.570,ppo_car_spread_a_sampling
20.5803,-0.11460,0.6502,0.0000,0.05323,0.05323,0.41244,22.5,1.0000,-31.1695,0.4741,-13.4367,150.570,ppo_car_spread_a_sampling
20.6003,-0.18020,0.6502,0.0000,0.12024,0.12027,0.16473,341.3,1.0000,-31.1683,0.4741,-13.4389,150.570,ppo_car_spread_a_sampling
20.6203,-0.23808,0.6502,0.0000,0.16979,0.16989,0.50523,341.3,1.0000,-31.1665,0.4741,-13.4418,150.564,ppo_car_spread_a_sampling
20.6403,-0.29604,0.6502,0.0000,0.24002,0.24028,0.50163,341.3,1.0000,-31.1638,0.4741,-13.4460,150.553,ppo_car_spread_a_sampling
20.6603,-0.21654,0.0061,0.0000,0.30550,0.30602,0.32035,341.3,1.0000,-31.1604,0.4741,-13.4513,150.537,ppo_car_spread_a_sampling
20.6803,-0.14473,0.0061,0.0000,0.30582,0.30622,0.57949,3.2,1.0000,-31.1571,0.4741,-13.4566,150.520,ppo_car_spread_a_sampling
20.7003,-0.08349,0.0061,0.0000,0.30291,0.30314,0.58969,3.2,1.0000,-31.1538,0.4741,-13.4618,150.509,ppo_car_spread_a_sampling
20.7203,-0.07461,0.0061,0.0000,0.29724,0.29735,0.59213,3.2,1.0000,-31.1507,0.4741,-13.4669,150.502,ppo_car_spread_a_sampling
20.7403,-0.01543,0.0000,0.0355,0.29700,0.29707,0.59010,3.2,1.0000,-31.1477,0.4741,-13.4721,150.496,ppo_car_spread_a_sampling
20.7603,0.06523,0.0000,0.0355,0.19848,0.19850,0.00000,0.0,1.0000,-31.1457,0.4741,-13.4754,150.495,ppo_car_spread_a_sampling
20.7803,0.14220,0.0000,0.0355,0.00792,0.00792,0.00000,0.0,1.0000,-31.1458,0.4741,-13.4753,150.496,ppo_car_spread_a_sampling
20.8003,0.19761,0.0000,0.0355,0.00981,0.00981,0.21885,-7.4,1.0000,-31.1458,0.4741,-13.4753,150.497,ppo_car_spread_a_sampling
20.8203,0.16238,0.0000,0.1771,0.01019,0.01019,0.26608,-7.4,1.0000,-31.1458,0.4741,-13.4753,150.497,ppo_car_spread_a_sampling
20.8403,0.16238,0.0000,0.1771,-0.00320,0.00321,0.18350,-37.2,1.0000,-31.1460,0.4741,-13.4751,150.495,ppo_car_spread_a_sampling
20.8603,0.16238,0.0000,0.1771,-0.00931,0.00932,0.18579,-37.2,1.0000,-31.1461,0.4741,-13.4749,150.495,ppo_car_spread_a_sampling
20.8803,0.16238,0.0000,0.1771,-0.01921,0.01923,0.31715,-37.2,1.0000,-31.1464,0.4741,-13.4744,150.490,ppo_car_spread_a_sampling
20.9003,0.07981,0.1821,0.0000,-0.01926,0.01928,0.41310,-37.2,1.0000,-31.1466,0.4741,-13.4740,150.489,ppo_car_spread_a_sampling
20.9203,0.05290,0.1821,0.0000,-0.00560,0.00561,0.13774,95.6,1.0000,-31.1467,0.4741,-13.4739,150.489,ppo_car_spread_a_sampling
20.9403,0.05290,0.1821,0.0000,0.01218,0.01218,0.17461,95.6,1.0000,-31.1465,0.4741,-13.4741,150.489,ppo_car_spread_a_sampling
20.9603,0.05290,0.1821,0.0000,0.02725,0.02725,0.32564,95.6,1.0000,-31.1463,0.4741,-13.4746,150.490,ppo_car_spread_a_sampling
20.9803,-0.00617,0.3769,0.0000,0.04559,0.04559,0.40089,95.6,1.0000,-31.1458,0.4741,-13.4754,150.493,ppo_car_spread_a_sampling
21.0003,-0.08476,0.3769,0.0000,0.08199,0.08199,0.23970,197.9,1.0000,-31.1450,0.4741,-13.4769,150.493,ppo_car_spread_a_sampling
21.0203,-0.08476,0.3769,0.0000,0.11818,0.11819,0.48872,197.9,1.0000,-31.1437,0.4741,-13.4790,150.497,ppo_car_spread_a_sampling
21.0403,-0.08476,0.3769,0.0000,0.16178,0.16181,0.09720,197.9,1.0000,-31.1420,0.4741,-13.4820,150.494,ppo_car_spread_a_sampling
21.0603,-0.16466,0.0000,0.3161,0.19114,0.19117,0.51465,197.9,1.0000,-31.1400,0.4741,-13.4854,150.495,ppo_car_spread_a_sampling
21.0803,-0.24228,0.0000,0.3161,0.18985,0.18993,0.00000,0.0,1.0000,-31.1379,0.4741,-13.4887,150.487,ppo_car_spread_a_sampling
21.1003,-0.31486,0.0000,0.3161,0.00381,0.00637,0.00000,0.0,1.0000,-31.1378,0.4741,-13.4887,150.488,ppo_car_spread_a_sampling
21.1203,-0.39676,0.0000,0.3161,-0.00865,0.00869,0.36363,-66.4,1.0000,-31.1379,0.4741,-13.4884,150.486,ppo_car_spread_a_sampling
21.1403,-0.45658,0.1591,0.0000,-0.02096,0.02100,0.20254,-66.4,1.0000,-31.1382,0.4741,-13.4880,150.491,ppo_car_spread_a_sampling
21.1603,-0.54005,0.1591,0.0000,-0.01165,0.01173,0.34172,83.6,1.0000,-31.1383,0.4741,-13.4878,150.492,ppo_car_spread_a_sampling
21.1803,-0.60253,0.1591,0.0000,0.00518,0.00518,0.35644,83.6,1.0000,-31.1383,0.4741,-13.4879,150.492,ppo_car_spread_a_sampling
21.2003,-0.68528,0.1591,0.0000,0.01817,0.01835,0.38921,83.6,1.0000,-31.1381,0.4741,-13.4882,150.487,ppo_car_spread_a_sampling
21.2203,-0.62292,0.1619,0.0000,0.04205,0.04258,0.26482,83.6,1.0000,-31.1375,0.4741,-13.4889,150.480,ppo_car_spread_a_sampling
21.2403,-0.54309,0.1619,0.0000,0.05818,0.05866,0.18894,85.0,1.0000,-31.1368,0.4741,-13.4898,150.472,ppo_car_spread_a_sampling
21.2603,-0.45298,0.1619,0.0000,0.07421,0.07481,0.19150,85.0,1.0000,-31.1358,0.4741,-13.4911,150.464,ppo_car_spread_a_sampling
21.2803,-0.39398,0.1619,0.0000,0.08950,0.09005,0.20523,85.0,1.0000,-31.1347,0.4741,-13.4926,150.454,ppo_car_spread_a_sampling
21.3003,-0.30766,0.0000,0.1994,0.09816,0.09860,0.40635,85.0,1.0000,-31.1336,0.4741,-13.4942,150.447,ppo_car_spread_a_sampling
21.3203,-0.23090,0.0000,0.1994,0.09730,0.09762,0.26798,-41.9,1.0000,-31.1325,0.4741,-13.4959,150.440,ppo_car_spread_a_sampling
21.3403,-0.21801,0.0000,0.1994,0.08569,0.08588,0.42139,-41.9,1.0000,-31.1315,0.4741,-13.4974,150.436,ppo_car_spread_a_sampling
21.3603,-0.21801,0.0000,0.1994,0.08422,0.08433,0.33998,-41.9,1.0000,-31.1306,0.4741,-13.4988,150.434,ppo_car_spread_a_sampling
21.3803,-0.15499,0.0000,0.3370,0.07908,0.07917,0.25500,-41.9,1.0000,-31.1297,0.4741,-13.5001,150.432,ppo_car_spread_a_sampling
21.4003,-0.13011,0.0000,0.3370,0.06711,0.06717,0.27854,-70.8,1.0000,-31.1290,0.4741,-13.5013,150.428,ppo_car_spread_a_sampling
21.4203,-0.13011,0.0000,0.3370,0.04341,0.04343,0.32166,-70.8,1.0000,-31.1286,0.4741,-13.5020,150.424,ppo_car_spread_a_sampling
21.4403,-0.13011,0.0000,0.3370,0.03930,0.03932,0.31051,-70.8,1.0000,-31.1282,0.4741,-13.5026,150.424,ppo_car_spread_a_sampling
21.4603,-0.14049,0.0000,0.3141,0.02185,0.02186,0.14348,-70.8,1.0000,-31.1280,0.4741,-13.5030,150.425,ppo_car_spread_a_sampling
21.4803,-0.14049,0.0000,0.3141,0.00834,0.00834,0.33026,-66.0,1.0000,-31.1280,0.4741,-13.5031,150.425,ppo_car_spread_a_sampling
21.5003,-0.14049,0.0000,0.3141,-0.00765,0.00765,0.33312,-66.0,1.0000,-31.1281,0.4741,-13.5029,150.428,ppo_car_spread_a_sampling
21.5203,-0.14049,0.0000,0.3141,-0.01111,0.01112,0.39104,-66.0,1.0000,-31.1282,0.4741,-13.5027,150.426,ppo_car_spread_a_sampling
21.5403,-0.05520,0.0939,0.0000,-0.03242,0.03244,0.28548,-66.0,1.0000,-31.1286,0.4741,-13.5021,150.428,ppo_car_spread_a_sampling
21.5603,-0.03524,0.0939,0.0000,-0.02295,0.02296,0.31020,49.3,1.0000,-31.1289,0.4741,-13.5016,150.425,ppo_car_spread_a_sampling
21.5803,-0.03524,0.0939,0.0000,-0.01084,0.01084,0.13626,49.3,1.0000,-31.1290,0.4741,-13.5014,150.425,ppo_car_spread_a_sampling
21.6003,-0.03524,0.0939,0.0000,-0.00541,0.00541,0.35773,49.3,1.0000,-31.1290,0.4741,-13.5014,150.422,ppo_car_spread_a_sampling
21.6203,-0.09865,0.2186,0.0000,0.00597,0.00597,0.19314,49.3,1.0000,-31.1290,0.4741,-13.5015,150.421,ppo_car_spread_a_sampling
21.6403,-0.16896,0.2186,0.0000,0.02363,0.02363,0.38248,114.7,1.0000,-31.1287,0.4741,-13.5019,150.419,ppo_car_spread_a_sampling
21.6603,-0.16896,0.2186,0.0000,0.05471,0.05474,0.25815,114.7,1.0000,-31.1281,0.4741,-13.5029,150.417,ppo_car_spread_a_sampling
21.6803,-0.16896,0.2186,0.0000,0.06907,0.06911,0.22890,114.7,1.0000,-31.1274,0.4741,-13.5041,150.414,ppo_car_spread_a_sampling
21.7003,-0.08210,0.3089,0.0000,0.08438,0.08443,0.45498,114.7,1.0000,-31.1264,0.4741,-13.5056,150.412,ppo_car_spread_a_sampling
21.7203,-0.02724,0.3089,0.0000,0.12148,0.12151,0.36993,162.2,1.0000,-31.1251,0.4741,-13.5078,150.410,ppo_car_spread_a_sampling
21.7403,0.02314,0.3089,0.0000,0.15102,0.15103,0.48358,162.2,1.0000,-31.1236,0.4741,-13.5105,150.409,ppo_car_spread_a_sampling
21.7603,0.02314,0.3089,0.0000,0.18098,0.18098,0.45525,162.2,1.0000,-31.1217,0.4741,-13.5137,150.410,ppo_car_spread_a_sampling
21.7803,-0.05728,0.3399,0.0000,0.20952,0.20952,0.52990,162.2,1.0000,-31.1196,0.4741,-13.5175,150.409,ppo_car_spread_a_sampling
21.8003,-0.12605,0.3399,0.0000,0.24460,0.24460,0.40364,178.4,1.0000,-31.1171,0.4741,-13.5218,150.407,ppo_car_spread_a_sampling
21.8203,-0.20211,0.3399,0.0000,0.28236,0.28242,0.18609,178.4,1.0000,-31.1142,0.4741,-13.5268,150.401,ppo_car_spread_a_sampling
21.8403,-0.21652,0.3399,0.0000,0.30397,0.30414,0.59244,178.4,1.0000,-31.1109,0.4741,-13.5320,150.390,ppo_car_spread_a_sampling
21.8603,-0.14334,0.0000,0.3222,0.34336,0.34366,0.59327,178.4,1.0000,-31.1072,0.4741,-13.5379,150.374,ppo_car_spread_a_sampling
21.8803,-0.08148,0.0000,0.3222,0.24209,0.24226,0.34524,0.0,1.0000,-31.1047,0.4741,-13.5420,150.335,ppo_car_spread_a_sampling
21.9003,-0.00269,0.0000,0.3222,0.18749,0.18755,0.00000,0.0,1.0000,-31.1028,0.4741,-13.5451,150.324,ppo_car_spread_a_sampling
21.9203,0.07301,0.0000,0.3222,0.00776,0.00799,0.00000,0.0,1.0000,-31.1028,0.4741,-13.5450,150.325,ppo_car_spread_a_sampling
21.9403,-0.01616,0.0000,0.1680,-0.00047,0.00088,0.37151,-67.7,1.0000,-31.1029,0.4741,-13.5448,150.327,ppo_car_spread_a_sampling
21.9603,-0.07039,0.0000,0.1680,-0.01274,0.01274,0.26512,-35.3,1.0000,-31.1031,0.4741,-13.5444,150.327,ppo_car_spread_a_sampling
21.9803,-0.09113,0.0000,0.1680,-0.02651,0.02651,0.31273,-35.3,1.0000,-31.1035,0.4741,-13.5438,150.329,ppo_car_spread_a_sampling
22.0003,-0.09113,0.0000,0.1680,-0.02845,0.02846,0.19386,-35.3,1.0000,-31.1039,0.4741,-13.5431,150.330,ppo_car_spread_a_sampling
22.0203,-0.02973,0.0754,0.0000,-0.03282,0.03282,0.18381,-35.3,1.0000,-31.1043,0.4741,-13.5425,150.332,ppo_car_spread_a_sampling
22.0403,0.05855,0.0754,0.0000,-0.02252,0.02252,0.38036,39.6,1.0000,-31.1045,0.4741,-13.5420,150.338,ppo_car_spread_a_sampling
22.0603,0.11574,0.0754,0.0000,-0.01306,0.01306,0.21010,39.6,1.0000,-31.1047,0.4741,-13.5417,150.339,ppo_car_spread_a_sampling
22.0803,0.19689,0.0754,0.0000,-0.00792,0.00792,0.37793,39.6,1.0000,-31.1048,0.4741,-13.5416,150.337,ppo_car_spread_a_sampling
22.1003,0.13168,0.0000,0.3448,-0.00776,0.00777,0.25693,39.6,1.0000,-31.1049,0.4741,-13.5415,150.337,ppo_car_spread_a_sampling
22.1203,0.05255,0.0000,0.3448,-0.01559,0.01560,0.28673,-72.4,1.0000,-31.1050,0.4741,-13.5412,150.336,ppo_car_spread_a_sampling
22.1403,-0.03308,0.0000,0.3448,-0.02594,0.02595,0.30288,-72.4,1.0000,-31.1053,0.4741,-13.5407,150.337,ppo_car_spread_a_sampling
22.1603,-0.09589,0.0000,0.3448,-0.04334,0.04334,0.26203,-72.4,1.0000,-31.1057,0.4741,-13.5400,150.337,ppo_car_spread_a_sampling
22.1803,-0.17868,0.0000,0.4408,-0.06174,0.06175,0.24398,-72.4,1.0000,-31.1063,0.4741,-13.5389,150.339,ppo_car_spread_a_sampling
22.2003,-0.23829,0.0000,0.4408,-0.07420,0.07424,0.18331,-92.6,1.0000,-31.1071,0.4741,-13.5377,150.339,ppo_car_spread_a_sampling
22.2203,-0.32190,0.0000,0.4408,-0.08349,0.08358,0.45072,-92.6,1.0000,-31.1080,0.4741,-13.5363,150.346,ppo_car_spread_a_sampling
22.2403,-0.40445,0.0000,0.4408,-0.10623,0.10643,0.16947,-92.6,1.0000,-31.1091,0.4741,-13.5345,150.354,ppo_car_spread_a_sampling
22.2603,-0.33839,0.0000,0.2072,-0.12497,0.12537,0.13377,-92.6,1.0000,-31.1106,0.4741,-13.5324,150.364,ppo_car_spread_a_sampling
22.2803,-0.26251,0.0000,0.2072,-0.12533,0.12569,0.47331,-43.5,1.0000,-31.1120,0.4741,-13.5304,150.371,ppo_car_spread_a_sampling
22.3003,-0.19724,0.0000,0.2072,-0.13872,0.13899,0.30869,-43.5,1.0000,-31.1135,0.4741,-13.5281,150.380,ppo_car_spread_a_sampling
22.3203,-0.14766,0.0000,0.2072,-0.14727,0.14744,0.48108,-43.5,1.0000,-31.1151,0.4741,-13.5256,150.384,ppo_car_spread_a_sampling
22.3403,-0.06528,0.0390,0.0000,-0.15358,0.15369,0.40167,-43.5,1.0000,-31.1167,0.4741,-13.5230,150.390,ppo_car_spread_a_sampling
22.3603,-0.00279,0.0390,0.0000,-0.14773,0.14778,0.47580,20.5,1.0000,-31.1182,0.4741,-13.5205,150.394,ppo_car_spread_a_sampling
22.3803,0.07590,0.0390,0.0000,-0.14956,0.14956,0.16373,20.5,1.0000,-31.1196,0.4741,-13.5179,150.396,ppo_car_spread_a_sampling
22.4003,0.15471,0.0390,0.0000,-0.13492,0.13492,0.46637,20.5,1.0000,-31.1209,0.4741,-13.5156,150.394,ppo_car_spread_a_sampling
22.4203,0.09008,0.1151,0.0000,-0.14183,0.14186,0.45526,20.5,1.0000,-31.1222,0.4741,-13.5132,150.394,ppo_car_spread_a_sampling
22.4403,0.00743,0.1151,0.0000,-0.12490,0.12493,0.45312,60.4,1.0000,-31.1234,0.4741,-13.5110,150.392,ppo_car_spread_a_sampling
22.4603,-0.05195,0.1151,0.0000,-0.11687,0.11687,0.38226,60.4,1.0000,-31.1245,0.4741,-13.5090,150.393,ppo_car_spread_a_sampling
22.4803,-0.07363,0.1151,0.0000,-0.10273,0.10273,0.43637,60.4,1.0000,-31.1255,0.4741,-13.5073,150.392,ppo_car_spread_a_sampling
22.5003,0.00793,0.0000,0.0062,-0.10066,0.10067,0.21522,60.4,1.0000,-31.1264,0.4741,-13.5056,150.392,ppo_car_spread_a_sampling
22.5203,0.08324,0.0000,0.0062,-0.09555,0.09555,0.20314,-1.3,1.0000,-31.1273,0.4741,-13.5040,150.391,ppo_car_spread_a_sampling
22.5403,0.14525,0.0000,0.0062,-0.09340,0.09341,0.43678,-1.3,1.0000,-31.1282,0.4741,-13.5024,150.393,ppo_car_spread_a_sampling
22.5603,0.14661,0.0000,0.0062,-0.09458,0.09460,0.32257,-1.3,1.0000,-31.1291,0.4741,-13.5008,150.389,ppo_car_spread_a_sampling
22.5803,0.08661,0.1506,0.0000,-0.09852,0.09856,0.15777,-1.3,1.0000,-31.1300,0.4741,-13.4991,150.384,ppo_car_spread_a_sampling
22.6003,-0.00664,0.1506,0.0000,-0.07925,0.07927,0.38321,79.0,1.0000,-31.1307,0.4741,-13.4977,150.378,ppo_car_spread_a_sampling
22.6203,-0.06131,0.1506,0.0000,-0.07101,0.07101,0.22529,79.0,1.0000,-31.1314,0.4741,-13.4965,150.377,ppo_car_spread_a_sampling
22.6403,-0.12482,0.1506,0.0000,-0.05139,0.05139,0.16099,79.0,1.0000,-31.1319,0.4741,-13.4956,150.377,ppo_car_spread_a_sampling
22.6603,-0.03227,0.0129,0.0000,-0.03058,0.03059,0.37440,79.0,1.0000,-31.1322,0.4741,-13.4952,150.377,ppo_car_spread_a_sampling
22.6803,0.03757,0.0129,0.0000,-0.03902,0.03902,0.18523,6.8,1.0000,-31.1326,0.4741,-13.4945,150.375,ppo_car_spread_a_sampling
22.7003,0.09618,0.0129,0.0000,-0.03136,0.03136,0.34603,6.8,1.0000,-31.1329,0.4741,-13.4940,150.374,ppo_car_spread_a_sampling
22.7203,0.09618,0.0129,0.0000,-0.03606,0.03606,0.29099,6.8,1.0000,-31.1332,0.4741,-13.4933,150.373,ppo_car_spread_a_sampling
22.7403,0.11457,0.4959,0.0000,-0.02841,0.02842,0.18403,6.8,1.0000,-31.1335,0.4741,-13.4929,150.373,ppo_car_spread_a_sampling
22.7603,0.11457,0.4959,0.0000,0.01659,0.01660,0.29383,260.3,1.0000,-31.1333,0.4741,-13.4932,150.371,ppo_car_spread_a_sampling
22.7803,0.11457,0.4959,0.0000,0.06000,0.06001,0.28601,260.3,1.0000,-31.1327,0.4741,-13.4943,150.373,ppo_car_spread_a_sampling
22.8003,0.11457,0.4959,0.0000,0.11173,0.11176,0.48391,260.3,1.0000,-31.1316,0.4741,-13.4963,150.371,ppo_car_spread_a_sampling
22.8203,0.05123,0.0146,0.0000,0.16014,0.16019,0.20535,260.3,1.0000,-31.1301,0.4741,-13.4992,150.373,ppo_car_spread_a_sampling
22.8403,-0.04513,0.0146,0.0000,0.15822,0.15824,0.42658,7.7,1.0000,-31.1285,0.4741,-13.5021,150.375,ppo_car_spread_a_sampling
22.8603,-0.06954,0.0146,0.0000,0.15742,0.15742,0.45765,7.7,1.0000,-31.1270,0.4741,-13.5048,150.378,ppo_car_spread_a_sampling
22.8803,-0.06954,0.0146,0.0000,0.16266,0.16267,0.35008,7.7,1.0000,-31.1253,0.4741,-13.5077,150.378,ppo_car_spread_a_sampling
22.9003,-0.03655,0.0000,0.0018,0.16336,0.16337,0.40148,7.7,1.0000,-31.1237,0.4741,-13.5105,150.375,ppo_car_spread_a_sampling
22.9203,-0.03655,0.0000,0.0018,0.18454,0.18455,0.00000,0.0,1.0000,-31.1218,0.4741,-13.5137,150.375,ppo_car_spread_a_sampling
22.9403,-0.03655,0.0000,0.0018,0.00629,0.00640,0.00000,0.0,1.0000,-31.1218,0.4741,-13.5136,150.377,ppo_car_spread_a_sampling
22.9603,-0.03655,0.0000,0.0018,0.00538,0.00540,0.36043,-0.4,1.0000,-31.1218,0.4741,-13.5135,150.378,ppo_car_spread_a_sampling
22.9803,-0.10781,0.1176,0.0000,0.00796,0.00796,0.25967,-0.4,1.0000,-31.1218,0.4741,-13.5136,150.379,ppo_car_spread_a_sampling
23.0003,-0.17447,0.1176,0.0000,0.01220,0.01220,0.35086,61.8,1.0000,-31.1218,0.4741,-13.5137,150.381,ppo_car_spread_a_sampling
23.0203,-0.25512,0.1176,0.0000,0.02872,0.02875,0.34269,61.8,1.0000,-31.1215,0.4741,-13.5141,150.383,ppo_car_spread_a_sampling
23.0403,-0.33162,0.1176,0.0000,0.03407,0.03412,0.38182,61.8,1.0000,-31.1212,0.4741,-13.5146,150.381,ppo_car_spread_a_sampling
23.0603,-0.25024,0.0000,0.2297,0.05323,0.05336,0.29142,61.8,1.0000,-31.1206,0.4741,-13.5154,150.375,ppo_car_spread_a_sampling
23.0803,-0.20307,0.0000,0.2297,0.04750,0.04758,0.26443,-48.2,1.0000,-31.1201,0.4741,-13.5162,150.372,ppo_car_spread_a_sampling
23.1003,-0.20307,0.0000,0.2297,0.03118,0.03122,0.15628,-48.2,1.0000,-31.1198,0.4741,-13.5167,150.370,ppo_car_spread_a_sampling
23.1203,-0.20307,0.0000,0.2297,0.02662,0.02664,0.31420,-48.2,1.0000,-31.1195,0.4741,-13.5171,150.365,ppo_car_spread_a_sampling
23.1403,-0.27552,0.0000,0.3700,0.02090,0.02093,0.28628,-48.2,1.0000,-31.1193,0.4741,-13.5174,150.364,ppo_car_spread_a_sampling
23.1603,-0.34439,0.0000,0.3700,-0.00508,0.00510,0.35473,-77.7,1.0000,-31.1194,0.4741,-13.5173,150.368,ppo_car_spread_a_sampling
23.1803,-0.34439,0.0000,0.3700,-0.01225,0.01230,0.24532,-77.7,1.0000,-31.1196,0.4741,-13.5171,150.370,ppo_car_spread_a_sampling
23.2003,-0.34439,0.0000,0.3700,-0.02723,0.02733,0.25384,-77.7,1.0000,-31.1199,0.4741,-13.5166,150.371,ppo_car_spread_a_sampling
23.2203,-0.32302,0.2408,0.0000,-0.04429,0.04441,0.18240,-77.7,1.0000,-31.1204,0.4741,-13.5158,150.375,ppo_car_spread_a_sampling
23.2403,-0.32302,0.2408,0.0000,-0.02236,0.02244,0.33125,126.4,1.0000,-31.1207,0.4741,-13.5155,150.376,ppo_car_spread_a_sampling
23.2603,-0.32302,0.2408,0.0000,0.00248,0.00250,0.20208,126.4,1.0000,-31.1206,0.4741,-13.5155,150.375,ppo_car_spread_a_sampling
23.2803,-0.32302,0.2408,0.0000,0.03168,0.03175,0.19190,126.4,1.0000,-31.1202,0.4741,-13.5161,150.371,ppo_car_spread_a_sampling
23.3003,-0.25783,0.3743,0.0000,0.05504,0.05516,0.22432,126.4,1.0000,-31.1196,0.4741,-13.5171,150.365,ppo_car_spread_a_sampling
23.3203,-0.19044,0.3743,0.0000,0.08982,0.08998,0.13938,196.5,1.0000,-31.1185,0.4741,-13.5187,150.361,ppo_car_spread_a_sampling
23.3403,-0.10445,0.3743,0.0000,0.11968,0.11980,0.48948,196.5,1.0000,-31.1172,0.4741,-13.5208,150.354,ppo_car_spread_a_sampling
23.3603,-0.10445,0.3743,0.0000,0.15762,0.15768,0.37428,196.5,1.0000,-31.1155,0.4741,-13.5236,150.349,ppo_car_spread_a_sampling
23.3803,-0.17499,0.0000,0.1921,0.19834,0.19840,0.21900,196.5,1.0000,-31.1134,0.4741,-13.5271,150.345,ppo_car_spread_a_sampling
23.4003,-0.20387,0.0000,0.1921,0.18955,0.18966,0.00000,0.0,1.0000,-31.1113,0.4741,-13.5305,150.339,ppo_car_spread_a_sampling
23.4204,-0.20387,0.0000,0.1921,0.00434,0.00666,0.00000,0.0,1.0000,-31.1112,0.4741,-13.5304,150.340,ppo_car_spread_a_sampling
23.4404,-0.20387,0.0000,0.1921,0.00122,0.00191,0.26309,-40.3,1.0000,-31.1112,0.4741,-13.5303,150.339,ppo_car_spread_a_sampling
23.4604,-0.24405,0.0571,0.0000,-0.00884,0.00884,0.15438,-40.3,1.0000,-31.1114,0.4741,-13.5301,150.339,ppo_car_spread_a_sampling
23.4804,-0.24405,0.0571,0.0000,-0.00527,0.00528,0.36405,30.0,1.0000,-31.1115,0.4741,-13.5300,150.338,ppo_car_spread_a_sampling
23.5004,-0.24405,0.0571,0.0000,-0.00185,0.00187,0.34473,30.0,1.0000,-31.1115,0.4741,-13.5299,150.336,ppo_car_spread_a_sampling
23.5204,-0.24405,0.0571,0.0000,0.00781,0.00782,0.28171,30.0,1.0000,-31.1115,0.4741,-13.5300,150.336,ppo_car_spread_a_sampling
23.5404,-0.25382,0.0000,0.0779,0.00770,0.00770,0.21638,30.0,1.0000,-31.1114,0.4741,-13.5301,150.336,ppo_car_spread_a_sampling
23.5604,-0.25382,0.0000,0.0779,0.01001,0.01003,0.14557,-16.3,1.0000,-31.1113,0.4741,-13.5302,150.335,ppo_car_spread_a_sampling
23.5804,-0.25382,0.0000,0.0779,0.00649,0.00653,0.22935,-16.3,1.0000,-31.1112,0.4741,-13.5303,150.335,ppo_car_spread_a_sampling
23.6004,-0.25382,0.0000,0.0779,0.00313,0.00317,0.33203,-16.3,1.0000,-31.1112,0.4741,-13.5304,150.333,ppo_car_spread_a_sampling
23.6204,-0.20976,0.0000,0.4754,-0.00129,0.00138,0.35673,-16.3,1.0000,-31.1112,0.4741,-13.5303,150.335,ppo_car_spread_a_sampling
23.6404,-0.20411,0.0000,0.4754,-0.01967,0.01969,0.31088,-99.8,1.0000,-31.1115,0.4741,-13.5300,150.331,ppo_car_spread_a_sampling
23.6604,-0.20411,0.0000,0.4754,-0.03181,0.03185,0.38535,-99.8,1.0000,-31.1118,0.4741,-13.5294,150.334,ppo_car_spread_a_sampling
23.6804,-0.20411,0.0000,0.4754,-0.05617,0.05621,0.24197,-99.8,1.0000,-31.1124,0.4741,-13.5285,150.336,ppo_car_spread_a_sampling
23.7004,-0.22644,0.0000,0.2664,-0.07085,0.07093,0.43220,-99.8,1.0000,-31.1132,0.4741,-13.5272,150.342,ppo_car_spread_a_sampling
23.7204,-0.22644,0.0000,0.2664,-0.08383,0.08393,0.18274,-55.9,1.0000,-31.1142,0.4741,-13.5258,150.346,ppo_car_spread_a_sampling
23.7404,-0.22644,0.0000,0.2664,-0.09443,0.09453,0.39423,-55.9,1.0000,-31.1152,0.4741,-13.5241,150.348,ppo_car_spread_a_sampling
23.7604,-0.22644,0.0000,0.2664,-0.10967,0.10980,0.19021,-55.9,1.0000,-31.1164,0.4741,-13.5223,150.351,ppo_car_spread_a_sampling
23.7804,-0.30960,0.2024,0.0000,-0.11787,0.11801,0.06505,-55.9,1.0000,-31.1177,0.4741,-13.5203,150.357,ppo_car_spread_a_sampling
23.8004,-0.36376,0.2024,0.0000,-0.09816,0.09833,0.09759,106.3,1.0000,-31.1187,0.4741,-13.5186,150.363,ppo_car_spread_a_sampling
23.8204,-0.45215,0.2024,0.0000,-0.06934,0.06949,0.38674,106.3,1.0000,-31.1195,0.4741,-13.5175,150.368,ppo_car_spread_a_sampling
23.8404,-0.51150,0.2024,0.0000,-0.06084,0.06105,0.27704,106.3,1.0000,-31.1201,0.4741,-13.5165,150.371,ppo_car_spread_a_sampling
23.8604,-0.52497,0.1612,0.0000,-0.03983,0.04001,0.22593,106.3,1.0000,-31.1206,0.4741,-13.5159,150.372,ppo_car_spread_a_sampling
23.8804,-0.52497,0.1612,0.0000,-0.02501,0.02518,0.24630,84.6,1.0000,-31.1208,0.4741,-13.5156,150.376,ppo_car_spread_a_sampling
23.9004,-0.52497,0.1612,0.0000,-0.00431,0.00448,0.34185,84.6,1.0000,-31.1208,0.4741,-13.5156,150.375,ppo_car_spread_a_sampling
23.9204,-0.52497,0.1612,0.0000,0.01188,0.01191,0.28252,84.6,1.0000,-31.1206,0.4741,-13.5159,150.378,ppo_car_spread_a_sampling
23.9404,-0.43206,0.0000,0.1437,0.02826,0.02848,0.26931,84.6,1.0000,-31.1202,0.4741,-13.5164,150.375,ppo_car_spread_a_sampling
23.9604,-0.36499,0.0000,0.1437,0.01100,0.01107,0.38642,-30.2,1.0000,-31.1201,0.4741,-13.5166,150.374,ppo_car_spread_a_sampling
23.9804,-0.29566,0.0000,0.1437,0.01889,0.01896,0.25719,-30.2,1.0000,-31.1198,0.4741,-13.5170,150.370,ppo_car_spread_a_sampling
24.0004,-0.21817,0.0000,0.1437,0.01244,0.01247,0.27594,-30.2,1.0000,-31.1197,0.4741,-13.5172,150.370,ppo_car_spread_a_sampling
24.0204,-0.28860,0.1815,0.0000,0.00199,0.00201,0.36511,-30.2,1.0000,-31.1196,0.4741,-13.5172,150.366,ppo_car_spread_a_sampling
24.0404,-0.37821,0.1815,0.0000,0.02350,0.02355,0.30436,95.3,1.0000,-31.1194,0.4741,-13.5176,150.363,ppo_car_spread_a_sampling
24.0604,-0.43821,0.1815,0.0000,0.03366,0.03377,0.34931,95.3,1.0000,-31.1190,0.4741,-13.5182,150.361,ppo_car_spread_a_sampling
24.0804,-0.52210,0.1815,0.0000,0.05416,0.05434,0.42992,95.3,1.0000,-31.1183,0.4741,-13.5191,150.360,ppo_car_spread_a_sampling
24.1004,-0.45495,0.0171,0.0000,0.07565,0.07610,0.19995,95.3,1.0000,-31.1174,0.4741,-13.5204,150.350,ppo_car_spread_a_sampling
24.1204,-0.37572,0.0171,0.0000,0.07706,0.07750,0.22248,9.0,1.0000,-31.1165,0.4741,-13.5217,150.340,ppo_car_spread_a_sampling
24.1404,-0.31710,0.0171,0.0000,0.07282,0.07315,0.41255,9.0,1.0000,-31.1156,0.4741,-13.5229,150.332,ppo_car_spread_a_sampling
24.1604,-0.23141,0.0171,0.0000,0.07985,0.08006,0.19801,9.0,1.0000,-31.1147,0.4741,-13.5242,150.325,ppo_car_spread_a_sampling
24.1804,-0.23655,0.7131,0.0000,0.07546,0.07559,0.38942,9.0,1.0000,-31.1139,0.4741,-13.5255,150.320,ppo_car_spread_a_sampling
24.2004,-0.23655,0.7131,0.0000,0.14496,0.14516,0.46923,374.4,1.0000,-31.1123,0.4741,-13.5279,150.315,ppo_car_spread_a_sampling
24.2204,-0.23655,0.7131,0.0000,0.21638,0.21667,0.59815,374.4,1.0000,-31.1099,0.4741,-13.5317,150.308,ppo_car_spread_a_sampling
24.2404,-0.23655,0.7131,0.0000,0.28763,0.28802,0.31905,374.4,1.0000,-31.1068,0.4741,-13.5366,150.294,ppo_car_spread_a_sampling
24.2604,-0.16462,0.0000,0.7407,0.35500,0.35546,0.64117,374.4,1.0000,-31.1028,0.4741,-13.5427,150.279,ppo_car_spread_a_sampling
24.2804,-0.08289,0.0000,0.7407,0.19115,0.19134,0.00000,0.0,1.0000,-31.1008,0.4741,-13.5459,150.274,ppo_car_spread_a_sampling
24.3004,-0.02270,0.0000,0.7407,0.00696,0.00836,0.00000,0.0,1.0000,-31.1008,0.4741,-13.5458,150.275,ppo_car_spread_a_sampling
24.3204,0.04654,0.0000,0.7407,-0.02115,0.02121,0.19261,-155.5,1.0000,-31.1011,0.4741,-13.5452,150.275,ppo_car_spread_a_sampling
24.3404,0.12429,0.0000,0.0717,-0.04639,0.04640,0.25992,-155.5,1.0000,-31.1017,0.4741,-13.5442,150.275,ppo_car_spread_a_sampling
24.3604,0.19127,0.0000,0.0717,-0.05438,0.05440,0.37054,-15.1,1.0000,-31.1023,0.4741,-13.5431,150.276,ppo_car_spread_a_sampling
24.3804,0.22691,0.0000,0.0717,-0.05478,0.05481,0.33431,-15.1,1.0000,-31.1029,0.4741,-13.5420,150.274,ppo_car_spread_a_sampling
24.4004,0.22691,0.0000,0.0717,-0.06186,0.06194,0.23543,-15.1,1.0000,-31.1035,0.4741,-13.5408,150.272,ppo_car_spread_a_sampling
24.4204,0.20451,0.0500,0.0000,-0.06124,0.06131,0.36388,-15.1,1.0000,-31.1041,0.4741,-13.5396,150.270,ppo_car_spread_a_sampling
24.4404,0.20451,0.0500,0.0000,-0.06580,0.06588,0.28457,26.2,1.0000,-31.1048,0.4741,-13.5384,150.268,ppo_car_spread_a_sampling
24.4604,0.20451,0.0500,0.0000,-0.05634,0.05639,0.31100,26.2,1.0000,-31.1053,0.4741,-13.5374,150.268,ppo_car_spread_a_sampling
24.4804,0.20451,0.0500,0.0000,-0.05415,0.05421,0.30204,26.2,1.0000,-31.1058,0.4741,-13.5364,150.267,ppo_car_spread_a_sampling
24.5004,0.11582,0.0000,0.3135,-0.04781,0.04786,0.21536,26.2,1.0000,-31.1063,0.4741,-13.5356,150.265,ppo_car_spread_a_sampling
24.5204,0.06442,0.0000,0.3135,-0.05016,0.05018,0.35648,-65.8,1.0000,-31.1067,0.4741,-13.5347,150.264,ppo_car_spread_a_sampling
24.5404,-0.01021,0.0000,0.3135,-0.06531,0.06533,0.34007,-65.8,1.0000,-31.1073,0.4741,-13.5336,150.262,ppo_car_spread_a_sampling
24.5604,-0.09058,0.0000,0.3135,-0.07442,0.07442,0.43284,-65.8,1.0000,-31.1081,0.4741,-13.5323,150.260,ppo_car_spread_a_sampling
24.5804,-0.00921,0.0000,0.4853,-0.09838,0.09839,0.19847,-65.8,1.0000,-31.1091,0.4741,-13.5306,150.262,ppo_car_spread_a_sampling
24.6004,0.06884,0.0000,0.4853,-0.11226,0.11226,0.16635,-101.9,1.0000,-31.1102,0.4741,-13.5287,150.261,ppo_car_spread_a_sampling
24.6204,0.09279,0.0000,0.4853,-0.11975,0.11976,0.48670,-101.9,1.0000,-31.1114,0.4741,-13.5266,150.261,ppo_car_spread_a_sampling
24.6404,0.09279,0.0000,0.4853,-0.14929,0.14931,0.20467,-101.9,1.0000,-31.1128,0.4741,-13.5240,150.259,ppo_car_spread_a_sampling
24.6604,0.01921,0.0000,0.3231,-0.16651,0.16654,0.29948,-101.9,1.0000,-31.1144,0.4741,-13.5210,150.254,ppo_car_spread_a_sampling
24.6804,0.01921,0.0000,0.3231,-0.17767,0.17768,0.46294,-67.9,1.0000,-31.1161,0.4741,-13.5179,150.255,ppo_car_spread_a_sampling
24.7004,0.01921,0.0000,0.3231,-0.19439,0.19439,0.16619,-67.9,1.0000,-31.1180,0.4741,-13.5145,150.253,ppo_car_spread_a_sampling
24.7204,0.01921,0.0000,0.3231,-0.20435,0.20435,0.50397,-67.9,1.0000,-31.1200,0.4741,-13.5110,150.256,ppo_car_spread_a_sampling
24.7404,0.07555,0.0000,0.0134,-0.21536,0.21537,0.45433,-67.9,1.0000,-31.1221,0.4741,-13.5072,150.253,ppo_car_spread_a_sampling
24.7604,0.15465,0.0000,0.0134,-0.21959,0.21960,0.35780,-2.8,1.0000,-31.1243,0.4741,-13.5034,150.249,ppo_car_spread_a_sampling
24.7804,0.18634,0.0000,0.0134,-0.21543,0.21550,0.34434,-2.8,1.0000,-31.1263,0.4741,-13.4996,150.243,ppo_car_spread_a_sampling
24.8004,0.18634,0.0000,0.0134,-0.22293,0.22306,0.12091,-2.8,1.0000,-31.1283,0.4741,-13.4957,150.237,ppo_car_spread_a_sampling
24.8204,0.11676,0.0819,0.0000,-0.21714,0.21729,0.33144,-2.8,1.0000,-31.1303,0.4741,-13.4919,150.229,ppo_car_spread_a_sampling
24.8404,0.04147,0.0819,0.0000,-0.20959,0.20968,0.49220,43.0,1.0000,-31.1323,0.4741,-13.4882,150.222,ppo_car_spread_a_sampling
24.8604,-0.02250,0.0819,0.0000,-0.20490,0.20493,0.16791,43.0,1.0000,-31.1342,0.4741,-13.4847,150.218,ppo_car_spread_a_sampling
24.8804,-0.08864,0.0819,0.0000,-0.19228,0.19228,0.49018,43.0,1.0000,-31.1361,0.4741,-13.4814,150.216,ppo_car_spread_a_sampling
24.9004,-0.01311,0.5530,0.0000,-0.18264,0.18265,0.48179,43.0,1.0000,-31.1379,0.4741,-13.4783,150.217,ppo_car_spread_a_sampling
24.9204,0.06097,0.5530,0.0000,-0.13157,0.13157,0.40103,290.3,1.0000,-31.1392,0.4741,-13.4761,150.217,ppo_car_spread_a_sampling
24.9404,0.13836,0.5530,0.0000,-0.08069,0.08069,0.11862,290.3,1.0000,-31.1399,0.4741,-13.4749,150.216,ppo_car_spread_a_sampling
24.9604,0.13836,0.5530,0.0000,-0.02813,0.02813,0.17737,290.3,1.0000,-31.1401,0.4741,-13.4745,150.215,ppo_car_spread_a_sampling
24.9804,0.20537,0.6067,0.0000,0.02733,0.02734,0.43804,290.3,1.0000,-31.1398,0.4741,-13.4752,150.217,ppo_car_spread_a_sampling
25.0004,0.20537,0.6067,0.0000,0.09083,0.09092,0.17409,318.5,1.0000,-31.1388,0.4741,-13.4769,150.223,ppo_car_spread_a_sampling
25.0204,0.20537,0.6067,0.0000,0.14539,0.14555,0.45968,318.5,1.0000,-31.1374,0.4741,-13.4797,150.227,ppo_car_spread_a_sampling
25.0404,0.20537,0.6067,0.0000,0.20268,0.20288,0.39940,318.5,1.0000,-31.1355,0.4741,-13.4835,150.237,ppo_car_spread_a_sampling
25.0604,0.13006,0.0000,0.2189,0.26423,0.26450,0.51053,318.5,1.0000,-31.1330,0.4741,-13.4884,150.247,ppo_car_spread_a_sampling
25.0804,0.03878,0.0000,0.2189,0.19471,0.19483,0.00000,0.0,1.0000,-31.1311,0.4741,-13.4919,150.251,ppo_car_spread_a_sampling
25.1004,-0.02278,0.0000,0.2189,0.00572,0.00662,0.00000,0.0,1.0000,-31.1312,0.4741,-13.4919,150.252,ppo_car_spread_a_sampling
25.1204,-0.09131,0.0000,0.2189,-0.00905,0.00912,0.33971,-46.0,1.0000,-31.1314,0.4741,-13.4916,150.249,ppo_car_spread_a_sampling
25.1404,-0.16589,0.2422,0.0000,-0.00880,0.00883,0.35497,-46.0,1.0000,-31.1316,0.4741,-13.4913,150.250,ppo_car_spread_a_sampling
25.1604,-0.24537,0.2422,0.0000,0.00533,0.00533,0.39410,127.1,1.0000,-31.1316,0.4741,-13.4913,150.247,ppo_car_spread_a_sampling
25.1804,-0.33093,0.2422,0.0000,0.03812,0.03816,0.20365,127.1,1.0000,-31.1312,0.4741,-13.4918,150.244,ppo_car_spread_a_sampling
25.2004,-0.40090,0.2422,0.0000,0.05788,0.05800,0.43496,127.1,1.0000,-31.1306,0.4741,-13.4927,150.241,ppo_car_spread_a_sampling
25.2204,-0.34057,0.3940,0.0000,0.08141,0.08169,0.30295,127.1,1.0000,-31.1297,0.4741,-13.4940,150.231,ppo_car_spread_a_sampling
25.2404,-0.26728,0.3940,0.0000,0.11698,0.11733,0.45222,206.8,1.0000,-31.1284,0.4741,-13.4959,150.222,ppo_car_spread_a_sampling
25.2604,-0.17692,0.3940,0.0000,0.16064,0.16095,0.23014,206.8,1.0000,-31.1266,0.4741,-13.4986,150.213,ppo_car_spread_a_sampling
25.2804,-0.13120,0.3940,0.0000,0.19723,0.19743,0.43022,206.8,1.0000,-31.1244,0.4741,-13.5020,150.207,ppo_car_spread_a_sampling
25.3004,-0.04836,0.0000,0.0563,0.23152,0.23165,0.45210,206.8,1.0000,-31.1220,0.4741,-13.5059,150.198,ppo_car_spread_a_sampling
25.3204,0.03121,0.0000,0.0563,0.19409,0.19413,0.00000,0.0,1.0000,-31.1200,0.4741,-13.5092,150.195,ppo_car_spread_a_sampling
25.3404,0.11005,0.0000,0.0563,0.00665,0.00676,0.00000,0.0,1.0000,-31.1200,0.4741,-13.5092,150.196,ppo_car_spread_a_sampling
25.3604,0.18172,0.0000,0.0563,0.00433,0.00436,0.20443,-11.8,1.0000,-31.1200,0.4741,-13.5091,150.197,ppo_car_spread_a_sampling
25.3804,0.11703,0.0000,0.3383,-0.00075,0.00078,0.34776,-11.8,1.0000,-31.1201,0.4741,-13.5090,150.195,ppo_car_spread_a_sampling
25.4004,0.03943,0.0000,0.3383,-0.00332,0.00332,0.32474,-71.0,1.0000,-31.1202,0.4741,-13.5088,150.196,ppo_car_spread_a_sampling
25.4204,-0.04069,0.0000,0.3383,-0.02830,0.02830,0.26650,-71.0,1.0000,-31.1206,0.4741,-13.5082,150.198,ppo_car_spread_a_sampling
25.4404,-0.09760,0.0000,0.3383,-0.03866,0.03866,0.07477,-71.0,1.0000,-31.1210,0.4741,-13.5074,150.198,ppo_car_spread_a_sampling
25.4604,-0.18737,0.0719,0.0000,-0.04700,0.04701,0.36901,-71.0,1.0000,-31.1215,0.4741,-13.5066,150.201,ppo_car_spread_a_sampling
25.4804,-0.24644,0.0719,0.0000,-0.04620,0.04622,0.15360,37.7,1.0000,-31.1221,0.4741,-13.5057,150.205,ppo_car_spread_a_sampling
25.5004,-0.32956,0.0719,0.0000,-0.03682,0.03687,0.39680,37.7,1.0000,-31.1225,0.4741,-13.5051,150.204,ppo_car_spread_a_sampling
25.5204,-0.40897,0.0719,0.0000,-0.03166,0.03173,0.30845,37.7,1.0000,-31.1228,0.4741,-13.5046,150.206,ppo_car_spread_a_sampling
25.5404,-0.33214,0.0481,0.0000,-0.02561,0.02570,0.29344,37.7,1.0000,-31.1231,0.4741,-13.5042,150.206,ppo_car_spread_a_sampling
25.5604,-0.27414,0.0481,0.0000,-0.01577,0.01583,0.22412,25.2,1.0000,-31.1233,0.4741,-13.5039,150.207,ppo_car_spread_a_sampling
25.5804,-0.20599,0.0481,0.0000,-0.01851,0.01855,0.18771,25.2,1.0000,-31.1235,0.4741,-13.5037,150.209,ppo_car_spread_a_sampling
25.6004,-0.11791,0.0481,0.0000,-0.00687,0.00689,0.34804,25.2,1.0000,-31.1235,0.4741,-13.5036,150.211,ppo_car_spread_a_sampling
25.6204,-0.04442,0.2151,0.0000,-0.00937,0.00938,0.35626,25.2,1.0000,-31.1236,0.4741,-13.5035,150.211,ppo_car_spread_a_sampling
25.6404,0.01858,0.2151,0.0000,0.01337,0.01337,0.30474,112.9,1.0000,-31.1234,0.4741,-13.5038,150.210,ppo_car_spread_a_sampling
25.6604,0.01858,0.2151,0.0000,0.03843,0.03843,0.22759,112.9,1.0000,-31.1230,0.4741,-13.5045,150.207,ppo_car_spread_a_sampling
25.6804,0.01858,0.2151,0.0000,0.06010,0.06010,0.31656,112.9,1.0000,-31.1224,0.4741,-13.5057,150.208,ppo_car_spread_a_sampling
25.7004,0.08306,0.1523,0.0000,0.08044,0.08044,0.28134,112.9,1.0000,-31.1215,0.4741,-13.5072,150.207,ppo_car_spread_a_sampling
25.7204,0.08453,0.1523,0.0000,0.09209,0.09210,0.36453,80.0,1.0000,-31.1206,0.4741,-13.5089,150.209,ppo_car_spread_a_sampling
25.7404,0.08453,0.1523,0.0000,0.11664,0.11666,0.17566,80.0,1.0000,-31.1194,0.4741,-13.5110,150.211,ppo_car_spread_a_sampling
25.7604,0.08453,0.1523,0.0000,0.12323,0.12325,0.25471,80.0,1.0000,-31.1182,0.4741,-13.5132,150.214,ppo_car_spread_a_sampling
25.7804,0.00409,0.0000,0.3371,0.13572,0.13574,0.36318,80.0,1.0000,-31.1168,0.4741,-13.5157,150.219,ppo_car_spread_a_sampling
25.8004,-0.07407,0.0000,0.3371,0.15918,0.15918,0.00000,0.0,1.0000,-31.1152,0.4741,-13.5185,150.216,ppo_car_spread_a_sampling
25.8204,-0.13192,0.0000,0.3371,0.00417,0.00420,0.00000,0.0,1.0000,-31.1152,0.4741,-13.5185,150.217,ppo_car_spread_a_sampling
25.8404,-0.20945,0.0000,0.3371,-0.00708,0.00709,0.37840,-70.8,1.0000,-31.1153,0.4741,-13.5183,150.215,ppo_car_spread_a_sampling
25.8604,-0.27870,0.2633,0.0000,-0.02215,0.02217,0.26220,-70.8,1.0000,-31.1156,0.4741,-13.5178,150.219,ppo_car_spread_a_sampling
25.8804,-0.27870,0.2633,0.0000,0.00220,0.00221,0.34054,138.2,1.0000,-31.1156,0.4741,-13.5178,150.220,ppo_car_spread_a_sampling
25.9004,-0.27870,0.2633,0.0000,0.02877,0.02881,0.42235,138.2,1.0000,-31.1153,0.4741,-13.5183,150.218,ppo_car_spread_a_sampling
25.9204,-0.27870,0.2633,0.0000,0.05546,0.05555,0.31774,138.2,1.0000,-31.1147,0.4741,-13.5192,150.215,ppo_car_spread_a_sampling
25.9404,-0.28374,0.0000,0.0635,0.08461,0.08476,0.20366,138.2,1.0000,-31.1138,0.4741,-13.5206,150.209,ppo_car_spread_a_sampling
25.9604,-0.28374,0.0000,0.0635,0.07847,0.07861,0.16282,-13.3,1.0000,-31.1129,0.4741,-13.5220,150.203,ppo_car_spread_a_sampling
25.9804,-0.28374,0.0000,0.0635,0.07359,0.07373,0.16597,-13.3,1.0000,-31.1121,0.4741,-13.5232,150.198,ppo_car_spread_a_sampling
26.0004,-0.28374,0.0000,0.0635,0.08050,0.08066,0.24660,-13.3,1.0000,-31.1112,0.4741,-13.5245,150.194,ppo_car_spread_a_sampling
26.0204,-0.34392,0.0000,0.3307,0.07176,0.07190,0.10389,-13.3,1.0000,-31.1104,0.4741,-13.5257,150.190,ppo_car_spread_a_sampling
26.0404,-0.42926,0.0000,0.3307,0.06271,0.06290,0.27660,-69.4,1.0000,-31.1097,0.4741,-13.5267,150.183,ppo_car_spread_a_sampling
26.0604,-0.49153,0.0000,0.3307,0.04496,0.04517,0.39791,-69.4,1.0000,-31.1092,0.4741,-13.5275,150.176,ppo_car_spread_a_sampling
26.0804,-0.57399,0.0000,0.3307,0.03248,0.03263,0.31363,-69.4,1.0000,-31.1088,0.4741,-13.5280,150.172,ppo_car_spread_a_sampling
26.1004,-0.63781,0.3026,0.0000,0.02446,0.02458,0.33579,-69.4,1.0000,-31.1086,0.4741,-13.5283,150.171,ppo_car_spread_a_sampling
26.1204,-0.67235,0.3026,0.0000,0.04701,0.04751,0.22192,158.9,1.0000,-31.1080,0.4741,-13.5291,150.167,ppo_car_spread_a_sampling
26.1404,-0.67235,0.3026,0.0000,0.07824,0.07904,0.21648,158.9,1.0000,-31.1070,0.4741,-13.5303,150.157,ppo_car_spread_a_sampling
26.1604,-0.67235,0.3026,0.0000,0.10194,0.10310,0.27043,158.9,1.0000,-31.1057,0.4741,-13.5320,150.142,ppo_car_spread_a_sampling
26.1804,-0.75692,0.1963,0.0000,0.13318,0.13462,0.24728,158.9,1.0000,-31.1040,0.4741,-13.5341,150.123,ppo_car_spread_a_sampling
26.2004,-0.83459,0.1963,0.0000,0.14764,0.14956,0.42781,103.1,1.0000,-31.1020,0.4741,-13.5365,150.101,ppo_car_spread_a_sampling
26.2204,-0.84450,0.1963,0.0000,0.16964,0.17216,0.37432,103.1,1.0000,-31.0998,0.4741,-13.5392,150.074,ppo_car_spread_a_sampling
26.2404,-0.84450,0.1963,0.0000,0.18741,0.19057,0.44885,103.1,1.0000,-31.0972,0.4741,-13.5421,150.041,ppo_car_spread_a_sampling
26.2604,-0.78081,0.0000,0.0082,0.19852,0.20205,0.49471,103.1,1.0000,-31.0946,0.4741,-13.5452,150.008,ppo_car_spread_a_sampling
26.2804,-0.70377,0.0000,0.0082,0.17701,0.17958,0.00000,0.0,1.0000,-31.0922,0.4741,-13.5480,149.989,ppo_car_spread_a_sampling
26.3004,-0.62563,0.0000,0.0082,0.00345,0.01132,0.00000,0.0,1.0000,-31.0921,0.4741,-13.5478,149.990,ppo_car_spread_a_sampling
26.3204,-0.55168,0.0000,0.0082,0.00463,0.00572,0.33209,-1.7,1.0000,-31.0921,0.4741,-13.5477,149.989,ppo_car_spread_a_sampling
26.3404,-0.51874,0.2672,0.0000,-0.00069,0.00135,0.14880,-1.7,1.0000,-31.0922,0.4741,-13.5476,149.990,ppo_car_spread_a_sampling
26.3604,-0.39860,0.2672,0.0000,0.03370,0.03402,0.25945,140.3,1.0000,-31.0918,0.4741,-13.5481,149.988,ppo_car_spread_a_sampling
26.3804,-0.31879,0.2672,0.0000,0.05625,0.05656,0.20342,140.3,1.0000,-31.0912,0.4741,-13.5490,149.986,ppo_car_spread_a_sampling
26.4004,-0.26444,0.2672,0.0000,0.08177,0.08204,0.17747,140.3,1.0000,-31.0903,0.4741,-13.5504,149.979,ppo_car_spread_a_sampling
26.4204,-0.30478,0.0725,0.0000,0.11007,0.11029,0.16260,140.3,1.0000,-31.0890,0.4741,-13.5523,149.972,ppo_car_spread_a_sampling
26.4404,-0.30478,0.0725,0.0000,0.11689,0.11716,0.10675,38.1,1.0000,-31.0877,0.4741,-13.5543,149.965,ppo_car_spread_a_sampling
26.4604,-0.30478,0.0725,0.0000,0.11806,0.11833,0.33963,38.1,1.0000,-31.0864,0.4741,-13.5563,149.960,ppo_car_spread_a_sampling
26.4804,-0.30478,0.0725,0.0000,0.12849,0.12880,0.32652,38.1,1.0000,-31.0850,0.4741,-13.5584,149.954,ppo_car_spread_a_sampling
26.5004,-0.30922,0.4310,0.0000,0.13840,0.13871,0.14582,38.1,1.0000,-31.0834,0.4741,-13.5608,149.945,ppo_car_spread_a_sampling
26.5204,-0.30922,0.4310,0.0000,0.17560,0.17603,0.51785,226.3,1.0000,-31.0814,0.4741,-13.5637,149.931,ppo_car_spread_a_sampling
26.5404,-0.30922,0.4310,0.0000,0.21345,0.21393,0.54172,226.3,1.0000,-31.0790,0.4741,-13.5674,149.919,ppo_car_spread_a_sampling
26.5604,-0.30922,0.4310,0.0000,0.25443,0.25501,0.48488,226.3,1.0000,-31.0760,0.4741,-13.5717,149.902,ppo_car_spread_a_sampling
26.5804,-0.24567,0.0000,0.1339,0.29757,0.29827,0.60622,226.3,1.0000,-31.0726,0.4741,-13.5767,149.884,ppo_car_spread_a_sampling
26.6004,-0.17340,0.0000,0.1339,0.19074,0.19117,0.00000,0.0,1.0000,-31.0705,0.4741,-13.5799,149.875,ppo_car_spread_a_sampling
26.6204,-0.08380,0.0000,0.1339,0.00600,0.00943,0.00000,0.0,1.0000,-31.0704,0.4741,-13.5797,149.876,ppo_car_spread_a_sampling
26.6404,-0.01842,0.0000,0.1339,0.00253,0.00356,0.33170,-28.1,1.0000,-31.0704,0.4741,-13.5796,149.878,ppo_car_spread_a_sampling
26.6604,-0.08492,0.3455,0.0000,-0.00485,0.00493,0.12240,-28.1,1.0000,-31.0706,0.4741,-13.5794,149.879,ppo_car_spread_a_sampling
26.6804,-0.16129,0.3455,0.0000,0.02458,0.02459,0.33009,181.4,1.0000,-31.0703,0.4741,-13.5798,149.877,ppo_car_spread_a_sampling
26.7004,-0.23801,0.3455,0.0000,0.06188,0.06192,0.40783,181.4,1.0000,-31.0697,0.4741,-13.5808,149.873,ppo_car_spread_a_sampling
26.7204,-0.25203,0.3455,0.0000,0.09622,0.09633,0.29973,181.4,1.0000,-31.0687,0.4741,-13.5824,149.864,ppo_car_spread_a_sampling
26.7404,-0.19019,0.0000,0.1073,0.12785,0.12804,0.34626,181.4,1.0000,-31.0672,0.4741,-13.5846,149.855,ppo_car_spread_a_sampling
26.7604,-0.10383,0.0000,0.1073,0.14364,0.14379,0.00000,0.0,1.0000,-31.0657,0.4741,-13.5870,149.855,ppo_car_spread_a_sampling
26.7804,-0.02994,0.0000,0.1073,0.00369,0.00512,0.00000,0.0,1.0000,-31.0656,0.4741,-13.5870,149.855,ppo_car_spread_a_sampling
26.8004,0.05512,0.0000,0.1073,-0.00306,0.00326,0.34819,-22.5,1.0000,-31.0656,0.4741,-13.5869,149.857,ppo_car_spread_a_sampling
26.8204,-0.00135,0.0000,0.1819,-0.00428,0.00430,0.13810,-22.5,1.0000,-31.0657,0.4741,-13.5867,149.857,ppo_car_spread_a_sampling
26.8404,-0.09174,0.0000,0.1819,-0.01557,0.01557,0.26585,-38.2,1.0000,-31.0659,0.4741,-13.5864,149.857,ppo_car_spread_a_sampling
26.8604,-0.14638,0.0000,0.1819,-0.01542,0.01542,0.38695,-38.2,1.0000,-31.0661,0.4741,-13.5861,149.860,ppo_car_spread_a_sampling
26.8804,-0.21111,0.0000,0.1819,-0.02898,0.02899,0.31220,-38.2,1.0000,-31.0664,0.4741,-13.5856,149.861,ppo_car_spread_a_sampling
26.9004,-0.31318,0.0000,0.0202,-0.03185,0.03187,0.27882,-38.2,1.0000,-31.0667,0.4741,-13.5851,149.864,ppo_car_spread_a_sampling
26.9204,-0.38182,0.0000,0.0202,-0.02699,0.02704,0.39268,-4.2,1.0000,-31.0670,0.4741,-13.5846,149.867,ppo_car_spread_a_sampling
26.9404,-0.45516,0.0000,0.0202,-0.04018,0.04028,0.30254,-4.2,1.0000,-31.0675,0.4741,-13.5840,149.870,ppo_car_spread_a_sampling
26.9604,-0.52560,0.0000,0.0202,-0.03339,0.03351,0.26395,-4.2,1.0000,-31.0678,0.4741,-13.5834,149.873,ppo_car_spread_a_sampling
26.9804,-0.52394,0.5999,0.0000,-0.03297,0.03317,0.30739,-4.2,1.0000,-31.0682,0.4741,-13.5829,149.879,ppo_car_spread_a_sampling
27.0004,-0.52394,0.5999,0.0000,0.02417,0.02440,0.26282,314.9,1.0000,-31.0679,0.4741,-13.5834,149.875,ppo_car_spread_a_sampling
27.0204,-0.52394,0.5999,0.0000,0.07935,0.07982,0.34366,314.9,1.0000,-31.0668,0.4741,-13.5848,149.869,ppo_car_spread_a_sampling
27.0404,-0.52394,0.5999,0.0000,0.13795,0.13884,0.35457,314.9,1.0000,-31.0651,0.4741,-13.5871,149.855,ppo_car_spread_a_sampling
27.0604,-0.45545,0.5708,0.0000,0.19422,0.19557,0.42645,314.9,1.0000,-31.0626,0.4741,-13.5904,149.835,ppo_car_spread_a_sampling
27.0804,-0.39734,0.5708,0.0000,0.25221,0.25360,0.19520,299.7,1.0000,-31.0594,0.4741,-13.5946,149.811,ppo_car_spread_a_sampling
27.1004,-0.39734,0.5708,0.0000,0.29809,0.29938,0.65018,299.7,1.0000,-31.0558,0.4741,-13.5997,149.788,ppo_car_spread_a_sampling
27.1204,-0.39734,0.5708,0.0000,0.35888,0.36027,0.66449,299.7,1.0000,-31.0515,0.4741,-13.6057,149.757,ppo_car_spread_a_sampling
27.1404,-0.45581,0.0000,0.4024,0.41140,0.41296,0.67211,299.7,1.0000,-31.0466,0.4741,-13.6126,149.724,ppo_car_spread_a_sampling
27.1604,-0.45581,0.0000,0.4024,0.29907,0.30032,0.08315,0.0,1.0000,-31.0431,0.4741,-13.6175,149.700,ppo_car_spread_a_sampling
27.1804,-0.45581,0.0000,0.4024,0.18945,0.19029,0.00000,0.0,1.0000,-31.0409,0.4741,-13.6205,149.690,ppo_car_spread_a_sampling
27.2004,-0.45581,0.0000,0.4024,0.00638,0.01170,0.00000,0.0,1.0000,-31.0409,0.4741,-13.6203,149.691,ppo_car_spread_a_sampling
27.2204,-0.39743,0.3760,0.0000,-0.01165,0.01179,0.27773,-84.5,1.0000,-31.0411,0.4741,-13.6199,149.691,ppo_car_spread_a_sampling
27.2404,-0.32065,0.3760,0.0000,0.02568,0.02591,0.24666,197.4,1.0000,-31.0409,0.4741,-13.6202,149.691,ppo_car_spread_a_sampling
27.2604,-0.27384,0.3760,0.0000,0.06433,0.06454,0.16112,197.4,1.0000,-31.0402,0.4741,-13.6211,149.689,ppo_car_spread_a_sampling
27.2804,-0.27384,0.3760,0.0000,0.10053,0.10076,0.21176,197.4,1.0000,-31.0392,0.4741,-13.6227,149.686,ppo_car_spread_a_sampling
27.3004,-0.19255,0.0000,0.3503,0.13650,0.13675,0.31563,197.4,1.0000,-31.0377,0.4741,-13.6250,149.679,ppo_car_spread_a_sampling
27.3204,-0.13234,0.0000,0.3503,0.14708,0.14728,0.00000,0.0,1.0000,-31.0361,0.4741,-13.6274,149.673,ppo_car_spread_a_sampling
27.3404,-0.05467,0.0000,0.3503,0.00486,0.00661,0.00000,0.0,1.0000,-31.0361,0.4741,-13.6273,149.674,ppo_car_spread_a_sampling
27.3604,0.02915,0.0000,0.3503,-0.01210,0.01219,0.27118,-73.6,1.0000,-31.0362,0.4741,-13.6270,149.675,ppo_car_spread_a_sampling
27.3804,-0.05161,0.0067,0.0000,-0.02424,0.02425,0.27901,-73.6,1.0000,-31.0365,0.4741,-13.6265,149.677,ppo_car_spread_a_sampling
27.4004,-0.12461,0.0067,0.0000,-0.01496,0.01496,0.34271,3.5,1.0000,-31.0367,0.4741,-13.6262,149.675,ppo_car_spread_a_sampling
27.4204,-0.17979,0.0067,0.0000,-0.01784,0.01785,0.39518,3.5,1.0000,-31.0370,0.4741,-13.6259,149.675,ppo_car_spread_a_sampling
27.4404,-0.26283,0.0067,0.0000,-0.02139,0.02140,0.22159,3.5,1.0000,-31.0372,0.4741,-13.6255,149.676,ppo_car_spread_a_sampling
27.4604,-0.34546,0.1850,0.0000,-0.02176,0.02178,0.38356,3.5,1.0000,-31.0375,0.4741,-13.6251,149.672,ppo_car_spread_a_sampling
27.4804,-0.40533,0.1850,0.0000,-0.00428,0.00429,0.37490,97.2,1.0000,-31.0375,0.4741,-13.6250,149.673,ppo_car_spread_a_sampling
27.5004,-0.49014,0.1850,0.0000,0.01388,0.01397,0.41165,97.2,1.0000,-31.0373,0.4741,-13.6253,149.670,ppo_car_spread_a_sampling
27.5204,-0.54944,0.1850,0.0000,0.03194,0.03222,0.34105,97.2,1.0000,-31.0369,0.4741,-13.6259,149.666,ppo_car_spread_a_sampling
27.5404,-0.47904,0.1964,0.0000,0.04912,0.04954,0.41303,97.2,1.0000,-31.0362,0.4741,-13.6267,149.661,ppo_car_spread_a_sampling
27.5604,-0.39014,0.1964,0.0000,0.07359,0.07401,0.19549,103.1,1.0000,-31.0353,0.4741,-13.6280,149.655,ppo_car_spread_a_sampling
27.5804,-0.31631,0.1964,0.0000,0.08949,0.08985,0.21081,103.1,1.0000,-31.0342,0.4741,-13.6295,149.645,ppo_car_spread_a_sampling
27.6004,-0.24578,0.1964,0.0000,0.10802,0.10835,0.32108,103.1,1.0000,-31.0329,0.4741,-13.6314,149.636,ppo_car_spread_a_sampling
27.6204,-0.20545,0.0000,0.3597,0.12210,0.12233,0.39819,103.1,1.0000,-31.0314,0.4741,-13.6335,149.628,ppo_car_spread_a_sampling
27.6404,-0.20545,0.0000,0.3597,0.15793,0.15812,0.00000,0.0,1.0000,-31.0296,0.4741,-13.6362,149.624,ppo_car_spread_a_sampling
27.6604,-0.20545,0.0000,0.3597,0.00298,0.00593,0.00000,0.0,1.0000,-31.0296,0.4741,-13.6362,149.625,ppo_car_spread_a_sampling
27.6804,-0.20545,0.0000,0.3597,-0.00389,0.00413,0.30155,-75.5,1.0000,-31.0296,0.4741,-13.6361,149.624,ppo_car_spread_a_sampling
27.7004,-0.26848,0.2989,0.0000,-0.02459,0.02460,0.26401,-75.5,1.0000,-31.0299,0.4741,-13.6356,149.628,ppo_car_spread_a_sampling
27.7204,-0.31483,0.2989,0.0000,0.00330,0.00341,0.39255,156.9,1.0000,-31.0298,0.4741,-13.6356,149.629,ppo_car_spread_a_sampling
27.7404,-0.31483,0.2989,0.0000,0.03196,0.03202,0.28399,156.9,1.0000,-31.0295,0.4741,-13.6362,149.624,ppo_car_spread_a_sampling
27.7604,-0.31483,0.2989,0.0000,0.06523,0.06539,0.12315,156.9,1.0000,-31.0287,0.4741,-13.6373,149.620,ppo_car_spread_a_sampling
27.7805,-0.24669,0.0000,0.0476,0.08779,0.08801,0.45115,156.9,1.0000,-31.0277,0.4741,-13.6388,149.617,ppo_car_spread_a_sampling
27.8005,-0.17218,0.0000,0.0476,0.08944,0.08959,0.19815,-10.0,1.0000,-31.0267,0.4741,-13.6403,149.614,ppo_car_spread_a_sampling
27.8205,-0.11314,0.0000,0.0476,0.08506,0.08514,0.33456,-10.0,1.0000,-31.0257,0.4741,-13.6417,149.608,ppo_car_spread_a_sampling
27.8405,-0.03015,0.0000,0.0476,0.08212,0.08216,0.33997,-10.0,1.0000,-31.0248,0.4741,-13.6432,149.607,ppo_car_spread_a_sampling
27.8605,0.03133,0.0000,0.4873,0.08602,0.08603,0.33045,-10.0,1.0000,-31.0239,0.4741,-13.6446,149.607,ppo_car_spread_a_sampling
27.8805,0.10136,0.0000,0.4873,0.06447,0.06447,0.38897,-102.3,1.0000,-31.0233,0.4741,-13.6457,149.604,ppo_car_spread_a_sampling
27.9005,0.10136,0.0000,0.4873,0.04375,0.04375,0.32859,-102.3,1.0000,-31.0229,0.4741,-13.6465,149.601,ppo_car_spread_a_sampling
27.9205,0.10136,0.0000,0.4873,0.02986,0.02986,0.32948,-102.3,1.0000,-31.0226,0.4741,-13.6469,149.601,ppo_car_spread_a_sampling
27.9405,0.03497,0.1506,0.0000,0.01240,0.01240,0.34918,-102.3,1.0000,-31.0225,0.4741,-13.6471,149.603,ppo_car_spread_a_sampling
27.9605,0.02288,0.1506,0.0000,0.02584,0.02584,0.29973,79.1,1.0000,-31.0223,0.4741,-13.6475,149.603,ppo_car_spread_a_sampling
27.9805,0.02288,0.1506,0.0000,0.04060,0.04060,0.18444,79.1,1.0000,-31.0219,0.4741,-13.6482,149.605,ppo_car_spread_a_sampling
28.0005,0.02288,0.1506,0.0000,0.05026,0.05026,0.21036,79.1,1.0000,-31.0214,0.4741,-13.6491,149.605,ppo_car_spread_a_sampling
28.0205,-0.03423,0.1268,0.0000,0.06370,0.06371,0.41829,79.1,1.0000,-31.0207,0.4741,-13.6502,149.608,ppo_car_spread_a_sampling
28.0405,-0.11961,0.1268,0.0000,0.07834,0.07834,0.40054,66.6,1.0000,-31.0199,0.4741,-13.6516,149.605,ppo_car_spread_a_sampling
28.0605,-0.17833,0.1268,0.0000,0.09243,0.09244,0.20631,66.6,1.0000,-31.0189,0.4741,-13.6532,149.601,ppo_car_spread_a_sampling
28.0805,-0.17833,0.1268,0.0000,0.09934,0.09939,0.20750,66.6,1.0000,-31.0178,0.4741,-13.6549,149.598,ppo_car_spread_a_sampling
28.1005,-0.26206,0.0000,0.3493,0.11553,0.11560,0.46481,66.6,1.0000,-31.0166,0.4741,-13.6569,149.598,ppo_car_spread_a_sampling
28.1205,-0.33775,0.0000,0.3493,0.11696,0.11710,0.00000,0.0,1.0000,-31.0153,0.4741,-13.6588,149.588,ppo_car_spread_a_sampling
28.1405,-0.34897,0.0000,0.3493,0.00288,0.00530,0.00000,0.0,1.0000,-31.0152,0.4741,-13.6587,149.588,ppo_car_spread_a_sampling
28.1605,-0.34897,0.0000,0.3493,-0.00852,0.00855,0.38636,-73.4,1.0000,-31.0153,0.4741,-13.6585,149.585,ppo_car_spread_a_sampling
28.1805,-0.27336,0.1012,0.0000,-0.02459,0.02466,0.29770,-73.4,1.0000,-31.0156,0.4741,-13.6581,149.588,ppo_car_spread_a_sampling
28.2005,-0.27305,0.1012,0.0000,-0.01211,0.01214,0.13759,53.1,1.0000,-31.0158,0.4741,-13.6578,149.590,ppo_car_spread_a_sampling
28.2205,-0.27305,0.1012,0.0000,-0.00551,0.00553,0.36000,53.1,1.0000,-31.0159,0.4741,-13.6577,149.586,ppo_car_spread_a_sampling
28.2405,-0.27305,0.1012,0.0000,0.00275,0.00275,0.30441,53.1,1.0000,-31.0159,0.4741,-13.6577,149.587,ppo_car_spread_a_sampling
28.2605,-0.28302,0.4317,0.0000,0.01648,0.01653,0.15323,53.1,1.0000,-31.0157,0.4741,-13.6580,149.586,ppo_car_spread_a_sampling
28.2805,-0.28302,0.4317,0.0000,0.05761,0.05771,0.24869,226.7,1.0000,-31.0150,0.4741,-13.6590,149.586,ppo_car_spread_a_sampling
28.3005,-0.28302,0.4317,0.0000,0.10001,0.10020,0.16753,226.7,1.0000,-31.0139,0.4741,-13.6607,149.580,ppo_car_spread_a_sampling
28.3205,-0.28302,0.4317,0.0000,0.13726,0.13752,0.33575,226.7,1.0000,-31.0123,0.4741,-13.6631,149.572,ppo_car_spread_a_sampling
28.3405,-0.25723,0.0000,0.2688,0.18119,0.18155,0.35431,226.7,1.0000,-31.0102,0.4741,-13.6662,149.562,ppo_car_spread_a_sampling
28.3605,-0.25723,0.0000,0.2688,0.19218,0.19250,0.00000,0.0,1.0000,-31.0079,0.4741,-13.6695,149.556,ppo_car_spread_a_sampling
28.3805,-0.25723,0.0000,0.2688,0.00401,0.00837,0.00000,0.0,1.0000,-31.0078,0.4741,-13.6694,149.557,ppo_car_spread_a_sampling
28.4005,-0.25723,0.0000,0.2688,0.00015,0.00234,0.32108,-56.5,1.0000,-31.0078,0.4741,-13.6693,149.557,ppo_car_spread_a_sampling
28.4205,-0.23743,0.0000,0.1622,-0.01668,0.01668,0.10777,-56.5,1.0000,-31.0080,0.4741,-13.6690,149.557,ppo_car_spread_a_sampling
28.4405,-0.23743,0.0000,0.1622,-0.02322,0.02324,0.08447,-34.1,1.0000,-31.0083,0.4741,-13.6685,149.559,ppo_car_spread_a_sampling
28.4605,-0.23743,0.0000,0.1622,-0.02799,0.02802,0.20359,-34.1,1.0000,-31.0087,0.4741,-13.6680,149.562,ppo_car_spread_a_sampling
28.4805,-0.23743,0.0000,0.1622,-0.03919,0.03924,0.20941,-34.1,1.0000,-31.0092,0.4741,-13.6673,149.565,ppo_car_spread_a_sampling
28.5005,-0.22040,0.3151,0.0000,-0.04144,0.04149,0.17145,-34.1,1.0000,-31.0096,0.4741,-13.6666,149.568,ppo_car_spread_a_sampling
28.5205,-0.22040,0.3151,0.0000,-0.01857,0.01858,0.30799,165.4,1.0000,-31.0099,0.4741,-13.6662,149.570,ppo_car_spread_a_sampling
28.5405,-0.22040,0.3151,0.0000,0.01370,0.01372,0.35311,165.4,1.0000,-31.0097,0.4741,-13.6665,149.569,ppo_car_spread_a_sampling
28.5605,-0.22040,0.3151,0.0000,0.04617,0.04622,0.36293,165.4,1.0000,-31.0092,0.4741,-13.6673,149.570,ppo_car_spread_a_sampling
28.5805,-0.21601,0.5792,0.0000,0.08522,0.08532,0.20423,165.4,1.0000,-31.0082,0.4741,-13.6688,149.568,ppo_car_spread_a_sampling
28.6005,-0.21601,0.5792,0.0000,0.13521,0.13537,0.46850,304.1,1.0000,-31.0066,0.4741,-13.6712,149.561,ppo_car_spread_a_sampling
28.6205,-0.21601,0.5792,0.0000,0.19349,0.19371,0.33657,304.1,1.0000,-31.0044,0.4741,-13.6746,149.553,ppo_car_spread_a_sampling
28.6405,-0.21601,0.5792,0.0000,0.24782,0.24809,0.53822,304.1,1.0000,-31.0016,0.4741,-13.6789,149.545,ppo_car_spread_a_sampling
28.6605,-0.29786,0.0000,0.1921,0.30548,0.30582,0.28636,304.1,1.0000,-30.9982,0.4741,-13.6841,149.531,ppo_car_spread_a_sampling
28.6805,-0.36853,0.0000,0.1921,0.18603,0.18622,0.00000,0.0,1.0000,-30.9961,0.4741,-13.6873,149.519,ppo_car_spread_a_sampling
28.7005,-0.44357,0.0000,0.1921,0.00488,0.00843,0.00000,0.0,1.0000,-30.9960,0.4741,-13.6871,149.520,ppo_car_spread_a_sampling
28.7205,-0.44357,0.0000,0.1921,-0.00138,0.00293,0.33090,-40.3,1.0000,-30.9961,0.4741,-13.6870,149.518,ppo_car_spread_a_sampling
28.7405,-0.51006,0.4542,0.0000,-0.00666,0.00666,0.19365,-40.3,1.0000,-30.9962,0.4741,-13.6867,149.520,ppo_car_spread_a_sampling
28.7605,-0.52241,0.4542,0.0000,0.03217,0.03234,0.35495,238.4,1.0000,-30.9959,0.4741,-13.6872,149.513,ppo_car_spread_a_sampling
28.7805,-0.52241,0.4542,0.0000,0.07338,0.07394,0.45384,238.4,1.0000,-30.9950,0.4741,-13.6884,149.503,ppo_car_spread_a_sampling
28.8005,-0.52241,0.4542,0.0000,0.12110,0.12192,0.18063,238.4,1.0000,-30.9935,0.4741,-13.6903,149.492,ppo_car_spread_a_sampling
28.8205,-0.43772,0.0000,0.0322,0.15889,0.15996,0.43327,238.4,1.0000,-30.9915,0.4741,-13.6929,149.474,ppo_car_spread_a_sampling
28.8405,-0.36123,0.0000,0.0322,0.18555,0.18652,0.00000,0.0,1.0000,-30.9892,0.4741,-13.6959,149.460,ppo_car_spread_a_sampling
28.8605,-0.30029,0.0000,0.0322,0.00389,0.01115,0.00000,0.0,1.0000,-30.9891,0.4741,-13.6958,149.461,ppo_car_spread_a_sampling
28.8805,-0.22093,0.0000,0.0322,0.00334,0.00477,0.17970,-6.8,1.0000,-30.9891,0.4741,-13.6957,149.460,ppo_car_spread_a_sampling
28.9005,-0.14166,0.0000,0.0407,0.00005,0.00087,0.28765,-6.8,1.0000,-30.9891,0.4741,-13.6956,149.461,ppo_car_spread_a_sampling
28.9205,-0.06802,0.0000,0.0407,0.00351,0.00353,0.36740,-8.5,1.0000,-30.9891,0.4741,-13.6957,149.459,ppo_car_spread_a_sampling
28.9405,-0.00586,0.0000,0.0407,-0.00490,0.00491,0.36220,-8.5,1.0000,-30.9892,0.4741,-13.6955,149.460,ppo_car_spread_a_sampling
28.9605,0.08341,0.0000,0.0407,-0.00433,0.00433,0.25655,-8.5,1.0000,-30.9893,0.4741,-13.6954,149.458,ppo_car_spread_a_sampling
28.9805,0.01531,0.0000,0.3455,-0.00043,0.00045,0.31156,-8.5,1.0000,-30.9893,0.4741,-13.6954,149.457,ppo_car_spread_a_sampling
29.0005,-0.06383,0.0000,0.3455,-0.02038,0.02039,0.09748,-72.6,1.0000,-30.9895,0.4741,-13.6950,149.457,ppo_car_spread_a_sampling
29.0205,-0.13723,0.0000,0.3455,-0.03539,0.03539,0.19896,-72.6,1.0000,-30.9899,0.4741,-13.6944,149.455,ppo_car_spread_a_sampling
29.0405,-0.19724,0.0000,0.3455,-0.04614,0.04615,0.26527,-72.6,1.0000,-30.9904,0.4741,-13.6936,149.453,ppo_car_spread_a_sampling
29.0605,-0.28382,0.0000,0.0116,-0.05594,0.05598,0.34493,-72.6,1.0000,-30.9910,0.4741,-13.6926,149.454,ppo_car_spread_a_sampling
29.0805,-0.36028,0.0000,0.0116,-0.05517,0.05526,0.41964,-2.4,1.0000,-30.9917,0.4741,-13.6917,149.458,ppo_car_spread_a_sampling
29.1005,-0.43296,0.0000,0.0116,-0.06279,0.06295,0.18550,-2.4,1.0000,-30.9924,0.4741,-13.6907,149.464,ppo_car_spread_a_sampling
29.1205,-0.49120,0.0000,0.0116,-0.05647,0.05671,0.38672,-2.4,1.0000,-30.9930,0.4741,-13.6898,149.470,ppo_car_spread_a_sampling
29.1405,-0.40047,0.1060,0.0000,-0.06074,0.06106,0.26459,-2.4,1.0000,-30.9938,0.4741,-13.6888,149.472,ppo_car_spread_a_sampling
29.1605,-0.33622,0.1060,0.0000,-0.05654,0.05679,0.28742,55.6,1.0000,-30.9944,0.4741,-13.6879,149.475,ppo_car_spread_a_sampling
29.1805,-0.25659,0.1060,0.0000,-0.04464,0.04480,0.30349,55.6,1.0000,-30.9949,0.4741,-13.6872,149.477,ppo_car_spread_a_sampling
29.2005,-0.17571,0.1060,0.0000,-0.02585,0.02592,0.13783,55.6,1.0000,-30.9952,0.4741,-13.6869,149.479,ppo_car_spread_a_sampling
29.2205,-0.23692,0.0000,0.3444,-0.02095,0.02100,0.26770,55.6,1.0000,-30.9954,0.4741,-13.6866,149.480,ppo_car_spread_a_sampling
29.2405,-0.29685,0.0000,0.3444,-0.02954,0.02959,0.29489,-72.3,1.0000,-30.9957,0.4741,-13.6861,149.479,ppo_car_spread_a_sampling
29.2605,-0.38654,0.0000,0.3444,-0.04424,0.04434,0.16737,-72.3,1.0000,-30.9961,0.4741,-13.6854,149.481,ppo_car_spread_a_sampling
29.2805,-0.45134,0.0000,0.3444,-0.06048,0.06069,0.20920,-72.3,1.0000,-30.9968,0.4741,-13.6844,149.487,ppo_car_spread_a_sampling
29.3005,-0.38436,0.5957,0.0000,-0.07335,0.07370,0.22109,-72.3,1.0000,-30.9977,0.4741,-13.6832,149.494,ppo_car_spread_a_sampling
29.3205,-0.29613,0.5957,0.0000,-0.01916,0.01924,0.33978,312.7,1.0000,-30.9979,0.4741,-13.6830,149.497,ppo_car_spread_a_sampling
29.3405,-0.22041,0.5957,0.0000,0.04610,0.04618,0.22091,312.7,1.0000,-30.9973,0.4741,-13.6838,149.491,ppo_car_spread_a_sampling
29.3605,-0.14786,0.5957,0.0000,0.09891,0.09902,0.19029,312.7,1.0000,-30.9961,0.4741,-13.6856,149.486,ppo_car_spread_a_sampling
29.3805,-0.15572,0.0000,0.4025,0.15636,0.15646,0.34296,312.7,1.0000,-30.9943,0.4741,-13.6884,149.479,ppo_car_spread_a_sampling
29.4005,-0.15572,0.0000,0.4025,0.18797,0.18808,0.00000,0.0,1.0000,-30.9922,0.4741,-13.6916,149.475,ppo_car_spread_a_sampling
29.4205,-0.15572,0.0000,0.4025,0.00376,0.00586,0.00000,0.0,1.0000,-30.9921,0.4741,-13.6916,149.476,ppo_car_spread_a_sampling
29.4405,-0.15572,0.0000,0.4025,-0.01007,0.01012,0.30856,-84.5,1.0000,-30.9923,0.4741,-13.6913,149.478,ppo_car_spread_a_sampling
29.4605,-0.09620,0.0000,0.0590,-0.02508,0.02509,0.25164,-84.5,1.0000,-30.9926,0.4741,-13.6908,149.476,ppo_car_spread_a_sampling
29.4805,-0.00773,0.0000,0.0590,-0.02729,0.02729,0.22725,-12.4,1.0000,-30.9929,0.4741,-13.6903,149.477,ppo_car_spread_a_sampling
29.5005,0.04881,0.0000,0.0590,-0.03188,0.03188,0.18981,-12.4,1.0000,-30.9932,0.4741,-13.6897,149.478,ppo_car_spread_a_sampling
29.5205,0.09811,0.0000,0.0590,-0.03262,0.03263,0.22845,-12.4,1.0000,-30.9936,0.4741,-13.6891,149.478,ppo_car_spread_a_sampling
29.5405,0.16933,0.0993,0.0000,-0.03695,0.03695,0.32533,-12.4,1.0000,-30.9940,0.4741,-13.6884,149.481,ppo_car_spread_a_sampling
29.5605,0.24855,0.0993,0.0000,-0.03358,0.03360,0.32421,52.1,1.0000,-30.9943,0.4741,-13.6878,149.479,ppo_car_spread_a_sampling
29.5805,0.30310,0.0993,0.0000,-0.02231,0.02233,0.29986,52.1,1.0000,-30.9946,0.4741,-13.6874,149.475,ppo_car_spread_a_sampling
29.6005,0.33710,0.0993,0.0000,-0.01222,0.01224,0.30667,52.1,1.0000,-30.9947,0.4741,-13.6871,149.474,ppo_car_spread_a_sampling
29.6205,0.27051,0.0000,0.2991,0.00646,0.00651,0.27408,52.1,1.0000,-30.9946,0.4741,-13.6873,149.477,ppo_car_spread_a_sampling
29.6405,0.18487,0.0000,0.2991,-0.01012,0.01012,0.20724,-62.8,1.0000,-30.9948,0.4741,-13.6871,149.477,ppo_car_spread_a_sampling
29.6605,0.12330,0.0000,0.2991,-0.01970,0.01972,0.40428,-62.8,1.0000,-30.9949,0.4741,-13.6867,149.479,ppo_car_spread_a_sampling
29.6805,0.05639,0.0000,0.2991,-0.03663,0.03664,0.29501,-62.8,1.0000,-30.9953,0.4741,-13.6860,149.478,ppo_car_spread_a_sampling
29.7005,0.09550,0.0458,0.0000,-0.04228,0.04228,0.23654,-62.8,1.0000,-30.9957,0.4741,-13.6853,149.477,ppo_car_spread_a_sampling
29.7205,0.09550,0.0458,0.0000,-0.04230,0.04231,0.15924,24.1,1.0000,-30.9962,0.4741,-13.6845,149.475,ppo_car_spread_a_sampling
29.7405,0.09550,0.0458,0.0000,-0.03548,0.03549,0.13437,24.1,1.0000,-30.9965,0.4741,-13.6839,149.475,ppo_car_spread_a_sampling
29.7605,0.09550,0.0458,0.0000,-0.03140,0.03141,0.19767,24.1,1.0000,-30.9968,0.4741,-13.6834,149.474,ppo_car_spread_a_sampling
29.7805,0.03272,0.1332,0.0000,-0.02777,0.02778,0.12455,24.1,1.0000,-30.9971,0.4741,-13.6829,149.474,ppo_car_spread_a_sampling
29.8005,-0.04403,0.1332,0.0000,-0.01622,0.01622,0.14522,69.9,1.0000,-30.9973,0.4741,-13.6826,149.472,ppo_car_spread_a_sampling
29.8205,-0.12684,0.1332,0.0000,-0.00370,0.00371,0.35804,69.9,1.0000,-30.9973,0.4741,-13.6826,149.467,ppo_car_spread_a_sampling
29.8405,-0.16727,0.1332,0.0000,0.00959,0.00960,0.30130,69.9,1.0000,-30.9971,0.4741,-13.6828,149.469,ppo_car_spread_a_sampling
29.8605,-0.06317,0.6602,0.0000,0.02453,0.02454,0.35445,69.9,1.0000,-30.9969,0.4741,-13.6833,149.467,ppo_car_spread_a_sampling
29.8805,0.01184,0.6602,0.0000,0.08729,0.08730,0.30970,346.6,1.0000,-30.9959,0.4741,-13.6848,149.468,ppo_car_spread_a_sampling
29.9005,0.07478,0.6602,0.0000,0.15114,0.15114,0.42090,346.6,1.0000,-30.9943,0.4741,-13.6876,149.465,ppo_car_spread_a_sampling
29.9205,0.15341,0.6602,0.0000,0.20845,0.20846,0.56775,346.6,1.0000,-30.9921,0.4741,-13.6913,149.469,ppo_car_spread_a_sampling
29.9405,0.22987,0.0000,0.2862,0.27509,0.27519,0.64193,346.6,1.0000,-30.9894,0.4741,-13.6963,149.476,ppo_car_spread_a_sampling
29.9605,0.30311,0.0000,0.2862,0.19248,0.19259,0.00000,0.0,1.0000,-30.9875,0.4741,-13.6997,149.485,ppo_car_spread_a_sampling
29.9805,0.32181,0.0000,0.2862,0.00496,0.00754,0.00000,0.0,1.0000,-30.9877,0.4741,-13.6997,149.486,ppo_car_spread_a_sampling
30.0005,0.32181,0.0000,0.2862,-0.00492,0.00512,0.17253,-60.1,1.0000,-30.9878,0.4741,-13.6996,149.486,ppo_car_spread_a_sampling
30.0205,0.25336,0.0000,0.1836,-0.01940,0.01943,0.28373,-60.1,1.0000,-30.9880,0.4741,-13.6991,149.485,ppo_car_spread_a_sampling
30.0405,0.18426,0.0000,0.1836,-0.02333,0.02337,0.23373,-38.6,1.0000,-30.9883,0.4741,-13.6986,149.485,ppo_car_spread_a_sampling
30.0605,0.11375,0.0000,0.1836,-0.02619,0.02621,0.37643,-38.6,1.0000,-30.9886,0.4741,-13.6980,149.484,ppo_car_spread_a_sampling
30.0805,0.02537,0.0000,0.1836,-0.03562,0.03564,0.36217,-38.6,1.0000,-30.9890,0.4741,-13.6973,149.482,ppo_car_spread_a_sampling
30.1005,0.08982,0.0000,0.2969,-0.04751,0.04751,0.06410,-38.6,1.0000,-30.9895,0.4741,-13.6964,149.481,ppo_car_spread_a_sampling
30.1205,0.15610,0.0000,0.2969,-0.05644,0.05645,0.28543,-62.4,1.0000,-30.9901,0.4741,-13.6954,149.478,ppo_car_spread_a_sampling
30.1405,0.15610,0.0000,0.2969,-0.07024,0.07027,0.36420,-62.4,1.0000,-30.9908,0.4741,-13.6941,149.474,ppo_car_spread_a_sampling
30.1605,0.15610,0.0000,0.2969,-0.08498,0.08502,0.22491,-62.4,1.0000,-30.9917,0.4741,-13.6925,149.473,ppo_car_spread_a_sampling
30.1805,0.20815,0.0000,0.3100,-0.08783,0.08788,0.44209,-62.4,1.0000,-30.9925,0.4741,-13.6909,149.474,ppo_car_spread_a_sampling
30.2005,0.20815,0.0000,0.3100,-0.10009,0.10018,0.45851,-65.1,1.0000,-30.9935,0.4741,-13.6891,149.470,ppo_car_spread_a_sampling
30.2205,0.20815,0.0000,0.3100,-0.11412,0.11423,0.19670,-65.1,1.0000,-30.9946,0.4741,-13.6871,149.465,ppo_car_spread_a_sampling
30.2405,0.20815,0.0000,0.3100,-0.12367,0.12379,0.47899,-65.1,1.0000,-30.9957,0.4741,-13.6849,149.463,ppo_car_spread_a_sampling
30.2605,0.27919,0.3641,0.0000,-0.13689,0.13703,0.41745,-65.1,1.0000,-30.9970,0.4741,-13.6824,149.456,ppo_car_spread_a_sampling
30.2805,0.32665,0.3641,0.0000,-0.10514,0.10528,0.27220,191.2,1.0000,-30.9980,0.4741,-13.6806,149.448,ppo_car_spread_a_sampling
30.3005,0.32665,0.3641,0.0000,-0.06747,0.06760,0.31758,191.2,1.0000,-30.9986,0.4741,-13.6794,149.443,ppo_car_spread_a_sampling
30.3205,0.32665,0.3641,0.0000,-0.03279,0.03287,0.09796,191.2,1.0000,-30.9988,0.4741,-13.6789,149.441,ppo_car_spread_a_sampling
30.3405,0.25835,0.3857,0.0000,-0.00783,0.00784,0.37860,191.2,1.0000,-30.9988,0.4741,-13.6789,149.441,ppo_car_spread_a_sampling
30.3605,0.17341,0.3857,0.0000,0.03747,0.03753,0.17644,202.5,1.0000,-30.9984,0.4741,-13.6797,149.443,ppo_car_spread_a_sampling
30.3805,0.09218,0.3857,0.0000,0.07436,0.07442,0.24338,202.5,1.0000,-30.9977,0.4741,-13.6811,149.446,ppo_car_spread_a_sampling
30.4005,0.02370,0.3857,0.0000,0.11756,0.11760,0.22785,202.5,1.0000,-30.9964,0.4741,-13.6834,149.451,ppo_car_spread_a_sampling
30.4205,0.09070,0.2443,0.0000,0.14993,0.14994,0.32109,202.5,1.0000,-30.9949,0.4741,-13.6861,149.453,ppo_car_spread_a_sampling
30.4405,0.16587,0.2443,0.0000,0.17581,0.17584,0.38327,128.3,1.0000,-30.9930,0.4741,-13.6893,149.456,ppo_car_spread_a_sampling
30.4605,0.24452,0.2443,0.0000,0.20095,0.20103,0.20411,128.3,1.0000,-30.9910,0.4741,-13.6929,149.463,ppo_car_spread_a_sampling
30.4805,0.24452,0.2443,0.0000,0.22395,0.22418,0.27590,128.3,1.0000,-30.9889,0.4741,-13.6970,149.471,ppo_car_spread_a_sampling
30.5005,0.17505,0.0262,0.0000,0.24811,0.24843,0.44393,128.3,1.0000,-30.9866,0.4741,-13.7015,149.481,ppo_car_spread_a_sampling
30.5205,0.09686,0.0262,0.0000,0.24535,0.24558,0.54382,13.7,1.0000,-30.9842,0.4741,-13.7059,149.491,ppo_car_spread_a_sampling
30.5405,0.02078,0.0262,0.0000,0.24704,0.24715,0.55124,13.7,1.0000,-30.9818,0.4741,-13.7102,149.497,ppo_car_spread_a_sampling
30.5605,-0.03404,0.0262,0.0000,0.25651,0.25653,0.14803,13.7,1.0000,-30.9793,0.4741,-13.7147,149.500,ppo_car_spread_a_sampling
30.5805,0.05962,0.0000,0.3418,0.24902,0.24902,0.54477,13.7,1.0000,-30.9768,0.4741,-13.7190,149.503,ppo_car_spread_a_sampling
30.6005,0.06668,0.0000,0.3418,0.19895,0.19896,0.00000,0.0,1.0000,-30.9748,0.4741,-13.7223,149.505,ppo_car_spread_a_sampling
30.6205,0.06668,0.0000,0.3418,0.00809,0.00824,0.00000,0.0,1.0000,-30.9749,0.4741,-13.7222,149.506,ppo_car_spread_a_sampling
30.6405,0.06668,0.0000,0.3418,-0.00699,0.00701,0.10839,-71.8,1.0000,-30.9751,0.4741,-13.7219,149.506,ppo_car_spread_a_sampling
30.6605,-0.03445,0.0000,0.7748,-0.01243,0.01243,0.38855,-71.8,1.0000,-30.9753,0.4741,-13.7215,149.505,ppo_car_spread_a_sampling
30.6805,-0.09183,0.0000,0.7748,-0.04898,0.04898,0.23432,-162.7,1.0000,-30.9759,0.4741,-13.7205,149.507,ppo_car_spread_a_sampling
30.7005,-0.09183,0.0000,0.7748,-0.08122,0.08123,0.25346,-162.7,1.0000,-30.9769,0.4741,-13.7189,149.511,ppo_car_spread_a_sampling
30.7205,-0.09183,0.0000,0.7748,-0.11158,0.11160,0.21476,-162.7,1.0000,-30.9782,0.4741,-13.7168,149.513,ppo_car_spread_a_sampling
30.7405,-0.14898,0.0000,0.0593,-0.13530,0.13533,0.36059,-162.7,1.0000,-30.9797,0.4741,-13.7144,149.516,ppo_car_spread_a_sampling
30.7605,-0.24604,0.0000,0.0593,-0.13840,0.13846,0.49304,-12.5,1.0000,-30.9812,0.4741,-13.7119,149.518,ppo_car_spread_a_sampling
30.7805,-0.31977,0.0000,0.0593,-0.13951,0.13965,0.49051,-12.5,1.0000,-30.9828,0.4741,-13.7095,149.521,ppo_car_spread_a_sampling
30.8005,-0.38081,0.0000,0.0593,-0.14447,0.14474,0.33718,-12.5,1.0000,-30.9844,0.4741,-13.7070,149.530,ppo_car_spread_a_sampling
30.8205,-0.45391,0.9549,0.0000,-0.14566,0.14607,0.48153,-12.5,1.0000,-30.9861,0.4741,-13.7046,149.546,ppo_car_spread_a_sampling
30.8405,-0.47580,0.9549,0.0000,-0.05695,0.05710,0.37455,501.3,1.0000,-30.9867,0.4741,-13.7037,149.546,ppo_car_spread_a_sampling
30.8605,-0.47580,0.9549,0.0000,0.03332,0.03355,0.47402,501.3,1.0000,-30.9862,0.4741,-13.7044,149.547,ppo_car_spread_a_sampling
30.8805,-0.47580,0.9549,0.0000,0.12732,0.12807,0.25464,501.3,1.0000,-30.9845,0.4741,-13.7067,149.536,ppo_car_spread_a_sampling
30.9005,-0.40295,0.2703,0.0000,0.21615,0.21732,0.48317,501.3,1.0000,-30.9817,0.4741,-13.7104,149.515,ppo_car_spread_a_sampling
30.9205,-0.33995,0.2703,0.0000,0.24693,0.24800,0.43981,141.9,1.0000,-30.9787,0.4741,-13.7147,149.495,ppo_car_spread_a_sampling
30.9405,-0.26118,0.2703,0.0000,0.26959,0.27047,0.55327,141.9,1.0000,-30.9754,0.4741,-13.7193,149.476,ppo_car_spread_a_sampling
30.9605,-0.19058,0.2703,0.0000,0.29068,0.29131,0.60800,141.9,1.0000,-30.9720,0.4741,-13.7243,149.458,ppo_car_spread_a_sampling
30.9805,-0.25602,0.2745,0.0000,0.31964,0.32006,0.62231,141.9,1.0000,-30.9684,0.4741,-13.7298,149.441,ppo_car_spread_a_sampling
31.0005,-0.32540,0.2745,0.0000,0.35008,0.35061,0.59188,144.1,1.0000,-30.9644,0.4741,-13.7358,149.423,ppo_car_spread_a_sampling
31.0205,-0.40775,0.2745,0.0000,0.37289,0.37367,0.62541,144.1,1.0000,-30.9601,0.4741,-13.7421,149.398,ppo_car_spread_a_sampling
31.0405,-0.47714,0.2745,0.0000,0.40430,0.40559,0.59692,144.1,1.0000,-30.9553,0.4741,-13.7488,149.367,ppo_car_spread_a_sampling
31.0605,-0.42037,0.0000,0.8926,0.43202,0.43393,0.34775,144.1,1.0000,-30.9501,0.4741,-13.7559,149.330,ppo_car_spread_a_sampling
31.0805,-0.42037,0.0000,0.8926,0.33112,0.33254,0.40021,0.0,1.0000,-30.9462,0.4741,-13.7612,149.304,ppo_car_spread_a_sampling
31.1005,-0.42037,0.0000,0.8926,0.19162,0.19242,0.00000,0.0,1.0000,-30.9441,0.4741,-13.7642,149.295,ppo_car_spread_a_sampling
31.1205,-0.42037,0.0000,0.8926,0.00815,0.01281,0.00000,0.0,1.0000,-30.9441,0.4741,-13.7639,149.296,ppo_car_spread_a_sampling
31.1405,-0.35129,0.0000,0.1540,-0.02571,0.02572,0.31967,-187.4,1.0000,-30.9445,0.4741,-13.7632,149.302,ppo_car_spread_a_sampling
31.1605,-0.28360,0.0000,0.1540,-0.03769,0.03772,0.30953,-32.3,1.0000,-30.9451,0.4741,-13.7623,149.307,ppo_car_spread_a_sampling
31.1805,-0.18858,0.0000,0.1540,-0.03589,0.03593,0.18797,-32.3,1.0000,-30.9457,0.4741,-13.7615,149.309,ppo_car_spread_a_sampling
31.2005,-0.13336,0.0000,0.1540,-0.03945,0.03947,0.35155,-32.3,1.0000,-30.9462,0.4741,-13.7607,149.308,ppo_car_spread_a_sampling
31.2205,-0.17558,0.0000,0.2693,-0.04885,0.04886,0.23858,-32.3,1.0000,-30.9469,0.4741,-13.7597,149.308,ppo_car_spread_a_sampling
31.2405,-0.17558,0.0000,0.2693,-0.05735,0.05738,0.40934,-56.5,1.0000,-30.9476,0.4741,-13.7587,149.306,ppo_car_spread_a_sampling
31.2605,-0.17558,0.0000,0.2693,-0.06394,0.06398,0.36222,-56.5,1.0000,-30.9484,0.4741,-13.7575,149.308,ppo_car_spread_a_sampling
31.2805,-0.17558,0.0000,0.2693,-0.08316,0.08322,0.42582,-56.5,1.0000,-30.9493,0.4741,-13.7560,149.307,ppo_car_spread_a_sampling
31.3005,-0.15053,0.0000,0.3187,-0.09458,0.09465,0.20220,-56.5,1.0000,-30.9504,0.4741,-13.7544,149.310,ppo_car_spread_a_sampling
31.3205,-0.15053,0.0000,0.3187,-0.10454,0.10460,0.25285,-66.9,1.0000,-30.9516,0.4741,-13.7526,149.312,ppo_car_spread_a_sampling
31.3405,-0.15053,0.0000,0.3187,-0.10549,0.10554,0.45931,-66.9,1.0000,-30.9527,0.4741,-13.7508,149.315,ppo_car_spread_a_sampling
31.3605,-0.15053,0.0000,0.3187,-0.12958,0.12965,0.19542,-66.9,1.0000,-30.9541,0.4741,-13.7487,149.319,ppo_car_spread_a_sampling
31.3805,-0.18059,0.0000,0.3528,-0.14059,0.14067,0.37735,-66.9,1.0000,-30.9556,0.4741,-13.7463,149.323,ppo_car_spread_a_sampling
31.4005,-0.18059,0.0000,0.3528,-0.15364,0.15374,0.27731,-74.1,1.0000,-30.9573,0.4741,-13.7437,149.327,ppo_car_spread_a_sampling
31.4205,-0.18059,0.0000,0.3528,-0.16930,0.16942,0.18314,-74.1,1.0000,-30.9591,0.4741,-13.7409,149.334,ppo_car_spread_a_sampling
31.4405,-0.18059,0.0000,0.3528,-0.18389,0.18403,0.27078,-74.1,1.0000,-30.9611,0.4741,-13.7379,149.338,ppo_car_spread_a_sampling
31.4605,-0.11403,0.6312,0.0000,-0.19077,0.19092,0.51063,-74.1,1.0000,-30.9631,0.4741,-13.7347,149.343,ppo_car_spread_a_sampling
31.4805,-0.01935,0.6312,0.0000,-0.13546,0.13553,0.25492,331.4,1.0000,-30.9645,0.4741,-13.7325,149.346,ppo_car_spread_a_sampling
31.5005,0.05636,0.6312,0.0000,-0.07459,0.07461,0.30739,331.4,1.0000,-30.9652,0.4741,-13.7314,149.350,ppo_car_spread_a_sampling
31.5205,0.11634,0.6312,0.0000,-0.01715,0.01717,0.39953,331.4,1.0000,-30.9653,0.4741,-13.7312,149.352,ppo_car_spread_a_sampling
31.5405,0.02866,0.0795,0.0000,0.05151,0.05155,0.11249,331.4,1.0000,-30.9646,0.4741,-13.7323,149.353,ppo_car_spread_a_sampling
31.5605,-0.02163,0.0795,0.0000,0.05461,0.05462,0.23304,41.7,1.0000,-30.9640,0.4741,-13.7335,149.353,ppo_car_spread_a_sampling
31.5805,-0.07894,0.0795,0.0000,0.07148,0.07148,0.22550,41.7,1.0000,-30.9631,0.4741,-13.7349,149.353,ppo_car_spread_a_sampling
31.6005,-0.07894,0.0795,0.0000,0.07308,0.07308,0.12686,41.7,1.0000,-30.9623,0.4741,-13.7362,149.352,ppo_car_spread_a_sampling
31.6205,0.00233,0.6962,0.0000,0.07403,0.07404,0.44632,41.7,1.0000,-30.9614,0.4741,-13.7376,149.350,ppo_car_spread_a_sampling
31.6405,0.01953,0.6962,0.0000,0.14185,0.14185,0.42817,365.5,1.0000,-30.9599,0.4741,-13.7401,149.351,ppo_car_spread_a_sampling
31.6605,0.01953,0.6962,0.0000,0.20986,0.20986,0.52932,365.5,1.0000,-30.9577,0.4741,-13.7439,149.349,ppo_car_spread_a_sampling
31.6805,0.01953,0.6962,0.0000,0.28387,0.28387,0.29385,365.5,1.0000,-30.9547,0.4741,-13.7490,149.349,ppo_car_spread_a_sampling
31.7005,0.05978,0.0000,0.3735,0.34585,0.34585,0.68749,365.5,1.0000,-30.9511,0.4741,-13.7551,149.354,ppo_car_spread_a_sampling
31.7205,0.05978,0.0000,0.3735,0.22062,0.22063,0.00000,0.0,1.0000,-30.9489,0.4741,-13.7589,149.386,ppo_car_spread_a_sampling
31.7405,0.05978,0.0000,0.3735,0.06127,0.06127,0.00000,0.0,1.0000,-30.9483,0.4741,-13.7598,149.466,ppo_car_spread_a_sampling
31.7605,0.05978,0.0000,0.3735,0.04800,0.04800,0.17009,-78.4,1.0000,-30.9480,0.4741,-13.7605,149.494,ppo_car_spread_a_sampling
31.7805,0.15170,0.0000,0.1646,0.03549,0.03550,0.17795,-78.4,1.0000,-30.9477,0.4741,-13.7609,149.503,ppo_car_spread_a_sampling
31.8005,0.22539,0.0000,0.1646,0.02560,0.02561,0.06488,-34.6,1.0000,-30.9475,0.4741,-13.7612,149.507,ppo_car_spread_a_sampling
31.8205,0.30188,0.0000,0.1646,0.01514,0.01514,0.30023,-34.6,1.0000,-30.9475,0.4741,-13.7614,149.507,ppo_car_spread_a_sampling
31.8405,0.36034,0.0000,0.1646,0.01489,0.01490,0.35312,-34.6,1.0000,-30.9474,0.4741,-13.7615,149.510,ppo_car_spread_a_sampling
31.8605,0.28473,0.0000,0.0168,0.00309,0.00309,0.15590,-34.6,1.0000,-30.9474,0.4741,-13.7614,149.509,ppo_car_spread_a_sampling
31.8805,0.19991,0.0000,0.0168,0.00799,0.00800,0.13764,-3.5,1.0000,-30.9474,0.4741,-13.7615,149.510,ppo_car_spread_a_sampling
31.9005,0.11965,0.0000,0.0168,0.00404,0.00405,0.14276,-3.5,1.0000,-30.9474,0.4741,-13.7615,149.509,ppo_car_spread_a_sampling
31.9205,0.06097,0.0000,0.0168,0.00795,0.00796,0.17894,-3.5,1.0000,-30.9474,0.4741,-13.7615,149.509,ppo_car_spread_a_sampling
31.9405,-0.00688,0.1243,0.0000,0.00432,0.00432,0.32044,-3.5,1.0000,-30.9474,0.4741,-13.7616,149.511,ppo_car_spread_a_sampling
31.9605,-0.09232,0.1243,0.0000,0.01732,0.01732,0.37790,65.2,1.0000,-30.9472,0.4741,-13.7618,149.510,ppo_car_spread_a_sampling
31.9805,-0.17787,0.1243,0.0000,0.02831,0.02831,0.08445,65.2,1.0000,-30.9470,0.4741,-13.7623,149.510,ppo_car_spread_a_sampling
32.0005,-0.24164,0.1243,0.0000,0.04138,0.04140,0.18672,65.2,1.0000,-30.9465,0.4741,-13.7630,149.511,ppo_car_spread_a_sampling
32.0205,-0.25154,0.0000,0.1719,0.04970,0.04975,0.31056,65.2,1.0000,-30.9460,0.4741,-13.7639,149.512,ppo_car_spread_a_sampling
32.0405,-0.25154,0.0000,0.1719,0.05243,0.05250,0.29712,-36.1,1.0000,-30.9454,0.4741,-13.7648,149.507,ppo_car_spread_a_sampling
32.0605,-0.25154,0.0000,0.1719,0.04953,0.04960,0.30898,-36.1,1.0000,-30.9448,0.4741,-13.7656,149.505,ppo_car_spread_a_sampling
32.0805,-0.25154,0.0000,0.1719,0.03607,0.03613,0.26078,-36.1,1.0000,-30.9444,0.4741,-13.7662,149.506,ppo_car_spread_a_sampling
32.1005,-0.22854,0.1881,0.0000,0.02222,0.02226,0.39266,-36.1,1.0000,-30.9441,0.4741,-13.7666,149.504,ppo_car_spread_a_sampling
32.1205,-0.22854,0.1881,0.0000,0.04598,0.04604,0.10824,98.7,1.0000,-30.9436,0.4741,-13.7674,149.501,ppo_car_spread_a_sampling
32.1405,-0.22854,0.1881,0.0000,0.06147,0.06156,0.41079,98.7,1.0000,-30.9429,0.4741,-13.7685,149.497,ppo_car_spread_a_sampling
32.1606,-0.22854,0.1881,0.0000,0.07478,0.07487,0.43533,98.7,1.0000,-30.9421,0.4741,-13.7698,149.496,ppo_car_spread_a_sampling
32.1806,-0.27289,0.0000,0.0728,0.10315,0.10328,0.19857,98.7,1.0000,-30.9409,0.4741,-13.7716,149.492,ppo_car_spread_a_sampling
32.2006,-0.27289,0.0000,0.0728,0.08182,0.08196,0.00000,0.0,1.0000,-30.9400,0.4741,-13.7730,149.485,ppo_car_spread_a_sampling
32.2206,-0.27289,0.0000,0.0728,0.07532,0.07547,0.41967,-15.3,1.0000,-30.9391,0.4741,-13.7742,149.483,ppo_car_spread_a_sampling
32.2406,-0.27289,0.0000,0.0728,0.07980,0.07995,0.24116,-15.3,1.0000,-30.9382,0.4741,-13.7756,149.480,ppo_car_spread_a_sampling
32.2606,-0.21324,0.1175,0.0000,0.07274,0.07288,0.12377,-15.3,1.0000,-30.9374,0.4741,-13.7768,149.476,ppo_car_spread_a_sampling
32.2806,-0.13429,0.1175,0.0000,0.08462,0.08475,0.42704,61.7,1.0000,-30.9364,0.4741,-13.7782,149.473,ppo_car_spread_a_sampling
32.3006,-0.10198,0.1175,0.0000,0.09207,0.09214,0.33504,61.7,1.0000,-30.9354,0.4741,-13.7798,149.470,ppo_car_spread_a_sampling
32.3206,-0.10198,0.1175,0.0000,0.09814,0.09818,0.44255,61.7,1.0000,-30.9344,0.4741,-13.7815,149.468,ppo_car_spread_a_sampling
32.3406,-0.01896,0.0927,0.0000,0.11900,0.11904,0.11353,61.7,1.0000,-30.9331,0.4741,-13.7835,149.467,ppo_car_spread_a_sampling
32.3606,0.04617,0.0927,0.0000,0.12274,0.12275,0.40574,48.7,1.0000,-30.9318,0.4741,-13.7856,149.467,ppo_car_spread_a_sampling
32.3806,0.12184,0.0927,0.0000,0.12859,0.12859,0.45666,48.7,1.0000,-30.9305,0.4741,-13.7879,149.465,ppo_car_spread_a_sampling
32.4006,0.20238,0.0927,0.0000,0.14473,0.14475,0.23911,48.7,1.0000,-30.9291,0.4741,-13.7904,149.468,ppo_car_spread_a_sampling
32.4206,0.11487,0.0000,0.4042,0.14748,0.14757,0.43916,48.7,1.0000,-30.9277,0.4741,-13.7930,149.473,ppo_car_spread_a_sampling
32.4406,0.06436,0.0000,0.4042,0.17946,0.17952,0.00000,0.0,1.0000,-30.9259,0.4741,-13.7962,149.479,ppo_car_spread_a_sampling
32.4606,-0.02638,0.0000,0.4042,0.00530,0.00596,0.00000,0.0,1.0000,-30.9260,0.4741,-13.7962,149.481,ppo_car_spread_a_sampling
32.4806,-0.10291,0.0000,0.4042,-0.00664,0.00671,0.33186,-84.9,1.0000,-30.9262,0.4741,-13.7960,149.485,ppo_car_spread_a_sampling
32.5006,-0.10644,0.2389,0.0000,-0.02800,0.02802,0.28843,-84.9,1.0000,-30.9265,0.4741,-13.7954,149.486,ppo_car_spread_a_sampling
32.5206,-0.10644,0.2389,0.0000,-0.00513,0.00514,0.25866,125.4,1.0000,-30.9266,0.4741,-13.7953,149.485,ppo_car_spread_a_sampling
32.5406,-0.10644,0.2389,0.0000,0.01776,0.01776,0.21488,125.4,1.0000,-30.9264,0.4741,-13.7955,149.483,ppo_car_spread_a_sampling
32.5606,-0.10644,0.2389,0.0000,0.04416,0.04416,0.40228,125.4,1.0000,-30.9260,0.4741,-13.7963,149.480,ppo_car_spread_a_sampling
32.5806,-0.04796,0.0000,0.0219,0.06533,0.06535,0.22767,125.4,1.0000,-30.9253,0.4741,-13.7974,149.479,ppo_car_spread_a_sampling
32.6006,0.04238,0.0000,0.0219,0.06477,0.06478,0.24780,-4.6,1.0000,-30.9246,0.4741,-13.7985,149.476,ppo_car_spread_a_sampling
32.6206,0.04728,0.0000,0.0219,0.06234,0.06234,0.18092,-4.6,1.0000,-30.9239,0.4741,-13.7996,149.477,ppo_car_spread_a_sampling
32.6406,0.04728,0.0000,0.0219,0.06219,0.06219,0.30044,-4.6,1.0000,-30.9233,0.4741,-13.8007,149.479,ppo_car_spread_a_sampling
32.6606,-0.01358,0.0000,0.1133,0.06328,0.06328,0.34852,-4.6,1.0000,-30.9227,0.4741,-13.8018,149.479,ppo_car_spread_a_sampling
32.6806,-0.08943,0.0000,0.1133,0.06235,0.06235,0.25932,-23.8,1.0000,-30.9220,0.4741,-13.8029,149.477,ppo_car_spread_a_sampling
32.7006,-0.13148,0.0000,0.1133,0.05691,0.05692,0.08685,-23.8,1.0000,-30.9214,0.4741,-13.8039,149.475,ppo_car_spread_a_sampling
32.7206,-0.13148,0.0000,0.1133,0.04697,0.04698,0.12937,-23.8,1.0000,-30.9209,0.4741,-13.8047,149.474,ppo_car_spread_a_sampling
32.7406,-0.20250,0.0000,0.3177,0.04576,0.04578,0.12870,-23.8,1.0000,-30.9204,0.4741,-13.8055,149.473,ppo_car_spread_a_sampling
32.7606,-0.27364,0.0000,0.3177,0.02745,0.02746,0.28573,-66.7,1.0000,-30.9201,0.4741,-13.8059,149.474,ppo_car_spread_a_sampling
32.7806,-0.35510,0.0000,0.3177,0.02484,0.02487,0.24631,-66.7,1.0000,-30.9199,0.4741,-13.8063,149.474,ppo_car_spread_a_sampling
32.8006,-0.39290,0.0000,0.3177,0.01287,0.01288,0.32715,-66.7,1.0000,-30.9197,0.4741,-13.8065,149.472,ppo_car_spread_a_sampling
32.8206,-0.31088,0.0000,0.2720,0.00232,0.00232,0.27671,-66.7,1.0000,-30.9197,0.4741,-13.8065,149.472,ppo_car_spread_a_sampling
32.8406,-0.22951,0.0000,0.2720,-0.01452,0.01454,0.30414,-57.1,1.0000,-30.9199,0.4741,-13.8063,149.474,ppo_car_spread_a_sampling
32.8606,-0.16889,0.0000,0.2720,-0.02150,0.02153,0.27703,-57.1,1.0000,-30.9201,0.4741,-13.8059,149.475,ppo_car_spread_a_sampling
32.8806,-0.09311,0.0000,0.2720,-0.04032,0.04035,0.27919,-57.1,1.0000,-30.9206,0.4741,-13.8052,149.479,ppo_car_spread_a_sampling
32.9006,-0.00538,0.0000,0.0147,-0.04784,0.04786,0.17969,-57.1,1.0000,-30.9211,0.4741,-13.8044,149.480,ppo_car_spread_a_sampling
32.9206,0.05149,0.0000,0.0147,-0.04716,0.04716,0.40167,-3.1,1.0000,-30.9216,0.4741,-13.8035,149.478,ppo_car_spread_a_sampling
32.9406,0.13250,0.0000,0.0147,-0.05333,0.05333,0.25395,-3.1,1.0000,-30.9222,0.4741,-13.8026,149.479,ppo_car_spread_a_sampling
32.9606,0.16528,0.0000,0.0147,-0.04896,0.04897,0.23193,-3.1,1.0000,-30.9227,0.4741,-13.8017,149.479,ppo_car_spread_a_sampling
32.9806,0.08252,0.2933,0.0000,-0.04845,0.04847,0.17459,-3.1,1.0000,-30.9231,0.4741,-13.8009,149.477,ppo_car_spread_a_sampling
33.0006,0.02213,0.2933,0.0000,-0.02497,0.02497,0.32604,154.0,1.0000,-30.9233,0.4741,-13.8005,149.476,ppo_car_spread_a_sampling
33.0206,-0.06096,0.2933,0.0000,0.00772,0.00772,0.27587,154.0,1.0000,-30.9232,0.4741,-13.8007,149.473,ppo_car_spread_a_sampling
33.0406,-0.13531,0.2933,0.0000,0.03315,0.03315,0.42701,154.0,1.0000,-30.9228,0.4741,-13.8013,149.477,ppo_car_spread_a_sampling
33.0606,-0.10267,0.2765,0.0000,0.05848,0.05849,0.45314,154.0,1.0000,-30.9222,0.4741,-13.8024,149.475,ppo_car_spread_a_sampling
33.0806,-0.10267,0.2765,0.0000,0.09126,0.09128,0.35563,145.2,1.0000,-30.9212,0.4741,-13.8040,149.475,ppo_car_spread_a_sampling
33.1006,-0.10267,0.2765,0.0000,0.11624,0.11627,0.29723,145.2,1.0000,-30.9199,0.4741,-13.8061,149.472,ppo_car_spread_a_sampling
33.1206,-0.10267,0.2765,0.0000,0.14580,0.14584,0.48511,145.2,1.0000,-30.9183,0.4741,-13.8087,149.470,ppo_car_spread_a_sampling
33.1406,-0.03989,0.2418,0.0000,0.17243,0.17247,0.36869,145.2,1.0000,-30.9164,0.4741,-13.8117,149.467,ppo_car_spread_a_sampling
33.1606,0.04298,0.2418,0.0000,0.19751,0.19753,0.29116,127.0,1.0000,-30.9143,0.4741,-13.8152,149.466,ppo_car_spread_a_sampling
33.1806,0.11912,0.2418,0.0000,0.21889,0.21889,0.52150,127.0,1.0000,-30.9120,0.4741,-13.8190,149.469,ppo_car_spread_a_sampling
33.2006,0.17762,0.2418,0.0000,0.24174,0.24177,0.55429,127.0,1.0000,-30.9096,0.4741,-13.8233,149.474,ppo_car_spread_a_sampling
33.2206,0.09107,0.0000,0.0250,0.26175,0.26187,0.52599,127.0,1.0000,-30.9071,0.4741,-13.8280,149.483,ppo_car_spread_a_sampling
33.2406,0.01441,0.0000,0.0250,0.19316,0.19322,0.00000,0.0,1.0000,-30.9052,0.4741,-13.8313,149.487,ppo_car_spread_a_sampling
33.2606,-0.04377,0.0000,0.0250,0.00686,0.00718,0.00000,0.0,1.0000,-30.9053,0.4741,-13.8313,149.489,ppo_car_spread_a_sampling
33.2806,-0.11651,0.0000,0.0250,0.00719,0.00722,0.18586,-5.3,1.0000,-30.9053,0.4741,-13.8312,149.489,ppo_car_spread_a_sampling
33.3006,-0.02803,0.6747,0.0000,0.00781,0.00781,0.33313,-5.3,1.0000,-30.9053,0.4741,-13.8312,149.493,ppo_car_spread_a_sampling
33.3206,0.03605,0.6747,0.0000,0.07047,0.07047,0.13180,354.2,1.0000,-30.9046,0.4741,-13.8324,149.491,ppo_car_spread_a_sampling
33.3406,0.03605,0.6747,0.0000,0.12878,0.12878,0.40811,354.2,1.0000,-30.9034,0.4741,-13.8346,149.492,ppo_car_spread_a_sampling
33.3606,0.03605,0.6747,0.0000,0.19521,0.19522,0.39976,354.2,1.0000,-30.9014,0.4741,-13.8380,149.494,ppo_car_spread_a_sampling
33.3806,-0.04744,0.1159,0.0000,0.26519,0.26520,0.44015,354.2,1.0000,-30.8987,0.4741,-13.8427,149.494,ppo_car_spread_a_sampling
33.4006,-0.04997,0.1159,0.0000,0.26745,0.26745,0.57657,60.8,1.0000,-30.8959,0.4741,-13.8473,149.493,ppo_car_spread_a_sampling
33.4206,-0.04997,0.1159,0.0000,0.28564,0.28565,0.56252,60.8,1.0000,-30.8929,0.4741,-13.8523,149.491,ppo_car_spread_a_sampling
33.4406,-0.04997,0.1159,0.0000,0.29368,0.29369,0.58878,60.8,1.0000,-30.8899,0.4741,-13.8574,149.486,ppo_car_spread_a_sampling
33.4606,0.03789,0.0000,0.4900,0.30195,0.30197,0.58670,60.8,1.0000,-30.8867,0.4741,-13.8626,149.483,ppo_car_spread_a_sampling
33.4806,0.09377,0.0000,0.4900,0.19897,0.19897,0.00000,0.0,1.0000,-30.8847,0.4741,-13.8659,149.482,ppo_car_spread_a_sampling
33.5006,0.13096,0.0000,0.4900,0.00754,0.00763,0.00000,0.0,1.0000,-30.8848,0.4741,-13.8658,149.483,ppo_car_spread_a_sampling
33.5206,0.13096,0.0000,0.4900,-0.01114,0.01114,0.25810,-102.9,1.0000,-30.8850,0.4741,-13.8655,149.482,ppo_car_spread_a_sampling
33.5406,0.06895,0.0000,0.7313,-0.03097,0.03099,0.30264,-102.9,1.0000,-30.8854,0.4741,-13.8648,149.486,ppo_car_spread_a_sampling
33.5606,-0.01933,0.0000,0.7313,-0.05838,0.05839,0.22773,-153.6,1.0000,-30.8861,0.4741,-13.8636,149.484,ppo_car_spread_a_sampling
33.5806,-0.07307,0.0000,0.7313,-0.08796,0.08796,0.17624,-153.6,1.0000,-30.8871,0.4741,-13.8619,149.485,ppo_car_spread_a_sampling
33.6006,-0.16697,0.0000,0.7313,-0.11820,0.11821,0.15037,-153.6,1.0000,-30.8884,0.4741,-13.8598,149.486,ppo_car_spread_a_sampling
33.6206,-0.10408,0.1375,0.0000,-0.14951,0.14958,0.14056,-153.6,1.0000,-30.8900,0.4741,-13.8571,149.489,ppo_car_spread_a_sampling
33.6406,-0.10157,0.1375,0.0000,-0.13265,0.13269,0.15266,72.2,1.0000,-30.8915,0.4741,-13.8548,149.493,ppo_car_spread_a_sampling
33.6606,-0.10157,0.1375,0.0000,-0.12034,0.12037,0.23661,72.2,1.0000,-30.8928,0.4741,-13.8527,149.492,ppo_car_spread_a_sampling
33.6806,-0.10157,0.1375,0.0000,-0.10099,0.10102,0.28547,72.2,1.0000,-30.8938,0.4741,-13.8510,149.495,ppo_car_spread_a_sampling
33.7006,-0.16967,0.1175,0.0000,-0.09020,0.09022,0.32043,72.2,1.0000,-30.8948,0.4741,-13.8495,149.497,ppo_car_spread_a_sampling
33.7206,-0.25620,0.1175,0.0000,-0.08084,0.08087,0.38112,61.7,1.0000,-30.8956,0.4741,-13.8482,149.498,ppo_car_spread_a_sampling
33.7406,-0.31271,0.1175,0.0000,-0.07378,0.07386,0.23871,61.7,1.0000,-30.8963,0.4741,-13.8471,149.503,ppo_car_spread_a_sampling
33.7606,-0.38449,0.1175,0.0000,-0.05859,0.05869,0.11764,61.7,1.0000,-30.8969,0.4741,-13.8462,149.505,ppo_car_spread_a_sampling
33.7806,-0.37126,0.1141,0.0000,-0.04752,0.04765,0.26293,61.7,1.0000,-30.8974,0.4741,-13.8455,149.511,ppo_car_spread_a_sampling
33.8006,-0.37126,0.1141,0.0000,-0.03919,0.03932,0.31131,59.9,1.0000,-30.8978,0.4741,-13.8450,149.514,ppo_car_spread_a_sampling
33.8206,-0.37126,0.1141,0.0000,-0.02016,0.02018,0.35145,59.9,1.0000,-30.8980,0.4741,-13.8447,149.512,ppo_car_spread_a_sampling
33.8406,-0.37126,0.1141,0.0000,-0.01356,0.01359,0.15634,59.9,1.0000,-30.8981,0.4741,-13.8446,149.513,ppo_car_spread_a_sampling
33.8606,-0.33137,0.1474,0.0000,-0.00260,0.00261,0.29973,59.9,1.0000,-30.8980,0.4741,-13.8447,149.511,ppo_car_spread_a_sampling
33.8806,-0.33137,0.1474,0.0000,0.00829,0.00836,0.38730,77.4,1.0000,-30.8979,0.4741,-13.8449,149.512,ppo_car_spread_a_sampling
33.9006,-0.33137,0.1474,0.0000,0.02677,0.02685,0.11840,77.4,1.0000,-30.8975,0.4741,-13.8454,149.511,ppo_car_spread_a_sampling
33.9206,-0.33137,0.1474,0.0000,0.04504,0.04516,0.15886,77.4,1.0000,-30.8969,0.4741,-13.8463,149.507,ppo_car_spread_a_sampling
33.9406,-0.39883,0.0319,0.0000,0.05613,0.05626,0.34662,77.4,1.0000,-30.8962,0.4741,-13.8473,149.504,ppo_car_spread_a_sampling
33.9606,-0.47766,0.0319,0.0000,0.05496,0.05513,0.30320,16.7,1.0000,-30.8956,0.4741,-13.8482,149.498,ppo_car_spread_a_sampling
33.9806,-0.52350,0.0319,0.0000,0.06391,0.06422,0.05726,16.7,1.0000,-30.8948,0.4741,-13.8493,149.492,ppo_car_spread_a_sampling
34.0006,-0.52350,0.0319,0.0000,0.06071,0.06111,0.39775,16.7,1.0000,-30.8940,0.4741,-13.8503,149.485,ppo_car_spread_a_sampling
34.0206,-0.46678,0.0000,0.2920,0.06820,0.06874,0.37368,16.7,1.0000,-30.8931,0.4741,-13.8514,149.476,ppo_car_spread_a_sampling
34.0406,-0.39591,0.0000,0.2920,0.05631,0.05663,0.29878,-61.3,1.0000,-30.8925,0.4741,-13.8523,149.468,ppo_car_spread_a_sampling
34.0606,-0.39591,0.0000,0.2920,0.04767,0.04790,0.12859,-61.3,1.0000,-30.8919,0.4741,-13.8531,149.463,ppo_car_spread_a_sampling
34.0806,-0.39591,0.0000,0.2920,0.03267,0.03280,0.14681,-61.3,1.0000,-30.8916,0.4741,-13.8536,149.458,ppo_car_spread_a_sampling
34.1006,-0.32909,0.0000,0.4387,0.02747,0.02762,0.32070,-61.3,1.0000,-30.8913,0.4741,-13.8540,149.456,ppo_car_spread_a_sampling
34.1206,-0.25526,0.0000,0.4387,0.00782,0.00784,0.33475,-92.1,1.0000,-30.8912,0.4741,-13.8540,149.453,ppo_car_spread_a_sampling
34.1406,-0.17824,0.0000,0.4387,-0.00835,0.00837,0.36863,-92.1,1.0000,-30.8914,0.4741,-13.8538,149.451,ppo_car_spread_a_sampling
34.1606,-0.09920,0.0000,0.4387,-0.02255,0.02257,0.34388,-92.1,1.0000,-30.8917,0.4741,-13.8534,149.449,ppo_car_spread_a_sampling
34.1806,-0.03775,0.0439,0.0000,-0.03975,0.03977,0.42175,-92.1,1.0000,-30.8921,0.4741,-13.8526,149.449,ppo_car_spread_a_sampling
34.2006,-0.00855,0.0439,0.0000,-0.04142,0.04142,0.41039,23.0,1.0000,-30.8926,0.4741,-13.8519,149.452,ppo_car_spread_a_sampling
34.2206,-0.00855,0.0439,0.0000,-0.03796,0.03796,0.39600,23.0,1.0000,-30.8930,0.4741,-13.8512,149.456,ppo_car_spread_a_sampling
34.2406,-0.00855,0.0439,0.0000,-0.03406,0.03406,0.22597,23.0,1.0000,-30.8934,0.4741,-13.8505,149.455,ppo_car_spread_a_sampling
34.2606,0.06837,0.1647,0.0000,-0.03209,0.03209,0.20544,23.0,1.0000,-30.8938,0.4741,-13.8500,149.455,ppo_car_spread_a_sampling
34.2806,0.11678,0.1647,0.0000,-0.01732,0.01732,0.22754,86.5,1.0000,-30.8939,0.4741,-13.8496,149.455,ppo_car_spread_a_sampling
34.3006,0.12037,0.1647,0.0000,0.00400,0.00401,0.22613,86.5,1.0000,-30.8939,0.4741,-13.8497,149.456,ppo_car_spread_a_sampling
34.3206,0.12037,0.1647,0.0000,0.01826,0.01828,0.38804,86.5,1.0000,-30.8937,0.4741,-13.8501,149.456,ppo_car_spread_a_sampling
34.3406,0.05500,0.5420,0.0000,0.03459,0.03460,0.16351,86.5,1.0000,-30.8934,0.4741,-13.8507,149.457,ppo_car_spread_a_sampling
34.3606,-0.02495,0.5420,0.0000,0.08398,0.08399,0.45500,284.5,1.0000,-30.8925,0.4741,-13.8523,149.456,ppo_car_spread_a_sampling
34.3806,-0.09393,0.5420,0.0000,0.14348,0.14348,0.21459,284.5,1.0000,-30.8910,0.4741,-13.8548,149.456,ppo_car_spread_a_sampling
34.4006,-0.10261,0.5420,0.0000,0.19008,0.19010,0.55433,284.5,1.0000,-30.8889,0.4741,-13.8582,149.455,ppo_car_spread_a_sampling
34.4206,-0.03679,0.0000,0.2979,0.24409,0.24414,0.50485,284.5,1.0000,-30.8862,0.4741,-13.8625,149.452,ppo_car_spread_a_sampling
34.4406,0.05158,0.0000,0.2979,0.18999,0.19001,0.00000,0.0,1.0000,-30.8842,0.4741,-13.8658,149.448,ppo_car_spread_a_sampling
34.4606,0.11718,0.0000,0.2979,0.00520,0.00521,0.00000,0.0,1.0000,-30.8842,0.4741,-13.8658,149.449,ppo_car_spread_a_sampling
34.4806,0.19635,0.0000,0.2979,-0.00412,0.00413,0.39003,-62.6,1.0000,-30.8843,0.4741,-13.8656,149.444,ppo_car_spread_a_sampling
34.5006,0.11445,0.0000,0.4646,-0.01678,0.01680,0.39143,-62.6,1.0000,-30.8845,0.4741,-13.8652,149.448,ppo_car_spread_a_sampling
34.5206,0.03873,0.0000,0.4646,-0.03818,0.03820,0.42347,-97.6,1.0000,-30.8850,0.4741,-13.8644,149.450,ppo_car_spread_a_sampling
34.5406,-0.02074,0.0000,0.4646,-0.05625,0.05626,0.03378,-97.6,1.0000,-30.8856,0.4741,-13.8634,149.449,ppo_car_spread_a_sampling
34.5606,-0.03549,0.0000,0.4646,-0.06944,0.06944,0.38598,-97.6,1.0000,-30.8863,0.4741,-13.8621,149.448,ppo_car_spread_a_sampling
34.5806,-0.02525,0.0000,0.5562,-0.08125,0.08125,0.45640,-97.6,1.0000,-30.8872,0.4741,-13.8606,149.450,ppo_car_spread_a_sampling
34.6006,-0.02525,0.0000,0.5562,-0.10964,0.10965,0.41803,-116.8,1.0000,-30.8884,0.4741,-13.8586,149.449,ppo_car_spread_a_sampling
34.6206,-0.02525,0.0000,0.5562,-0.13450,0.13451,0.26005,-116.8,1.0000,-30.8898,0.4741,-13.8562,149.448,ppo_car_spread_a_sampling
34.6406,-0.02525,0.0000,0.5562,-0.15534,0.15534,0.22250,-116.8,1.0000,-30.8915,0.4741,-13.8535,149.448,ppo_car_spread_a_sampling
34.6606,-0.09151,0.4915,0.0000,-0.17646,0.17647,0.50027,-116.8,1.0000,-30.8933,0.4741,-13.8504,149.450,ppo_car_spread_a_sampling
34.6806,-0.17451,0.4915,0.0000,-0.13143,0.13144,0.39955,258.0,1.0000,-30.8947,0.4741,-13.8482,149.450,ppo_car_spread_a_sampling
34.7006,-0.23443,0.4915,0.0000,-0.08024,0.08026,0.37524,258.0,1.0000,-30.8955,0.4741,-13.8468,149.451,ppo_car_spread_a_sampling
34.7206,-0.31556,0.4915,0.0000,-0.03322,0.03322,0.28244,258.0,1.0000,-30.8958,0.4741,-13.8464,149.451,ppo_car_spread_a_sampling
34.7406,-0.23065,0.0000,0.2094,0.01011,0.01017,0.38869,258.0,1.0000,-30.8956,0.4741,-13.8466,149.451,ppo_car_spread_a_sampling
34.7606,-0.16544,0.0000,0.2094,0.00884,0.00888,0.15517,-44.0,1.0000,-30.8954,0.4741,-13.8469,149.448,ppo_car_spread_a_sampling
34.7806,-0.08617,0.0000,0.2094,-0.00611,0.00611,0.30164,-44.0,1.0000,-30.8954,0.4741,-13.8469,149.448,ppo_car_spread_a_sampling
34.8006,-0.01755,0.0000,0.2094,-0.00676,0.00676,0.37200,-44.0,1.0000,-30.8955,0.4741,-13.8468,149.452,ppo_car_spread_a_sampling
34.8206,-0.08689,0.5708,0.0000,-0.01530,0.01530,0.22253,-44.0,1.0000,-30.8956,0.4741,-13.8466,149.455,ppo_car_spread_a_sampling
34.8406,-0.16311,0.5708,0.0000,0.03848,0.03849,0.24566,299.7,1.0000,-30.8951,0.4741,-13.8474,149.452,ppo_car_spread_a_sampling
34.8606,-0.24713,0.5708,0.0000,0.09565,0.09571,0.12467,299.7,1.0000,-30.8940,0.4741,-13.8491,149.448,ppo_car_spread_a_sampling
34.8806,-0.31133,0.5708,0.0000,0.14682,0.14700,0.48596,299.7,1.0000,-30.8923,0.4741,-13.8517,149.439,ppo_car_spread_a_sampling
34.9006,-0.22983,0.0859,0.0000,0.19636,0.19672,0.57534,299.7,1.0000,-30.8900,0.4741,-13.8551,149.429,ppo_car_spread_a_sampling
34.9206,-0.20608,0.0859,0.0000,0.21158,0.21189,0.49567,45.1,1.0000,-30.8876,0.4741,-13.8587,149.420,ppo_car_spread_a_sampling
34.9406,-0.20608,0.0859,0.0000,0.21121,0.21146,0.50852,45.1,1.0000,-30.8852,0.4741,-13.8623,149.410,ppo_car_spread_a_sampling
34.9606,-0.20608,0.0859,0.0000,0.22375,0.22399,0.53880,45.1,1.0000,-30.8827,0.4741,-13.8661,149.399,ppo_car_spread_a_sampling
34.9806,-0.26760,0.2214,0.0000,0.23171,0.23195,0.51482,45.1,1.0000,-30.8802,0.4741,-13.8700,149.392,ppo_car_spread_a_sampling
35.0006,-0.35916,0.2214,0.0000,0.24869,0.24904,0.55552,116.3,1.0000,-30.8774,0.4741,-13.8742,149.379,ppo_car_spread_a_sampling
35.0206,-0.35916,0.2214,0.0000,0.27237,0.27303,0.55716,116.3,1.0000,-30.8742,0.4741,-13.8787,149.364,ppo_car_spread_a_sampling
35.0406,-0.35916,0.2214,0.0000,0.29069,0.29150,0.59318,116.3,1.0000,-30.8709,0.4741,-13.8835,149.345,ppo_car_spread_a_sampling
35.0606,-0.43444,0.0000,0.0916,0.31080,0.31171,0.62692,116.3,1.0000,-30.8673,0.4741,-13.8886,149.323,ppo_car_spread_a_sampling
35.0806,-0.52092,0.0000,0.0916,0.19207,0.19269,0.00000,0.0,1.0000,-30.8651,0.4741,-13.8916,149.314,ppo_car_spread_a_sampling
35.1006,-0.55854,0.0000,0.0916,0.00703,0.01126,0.00000,0.0,1.0000,-30.8651,0.4741,-13.8913,149.315,ppo_car_spread_a_sampling
35.1206,-0.55854,0.0000,0.0916,-0.00052,0.00290,0.32988,-19.2,1.0000,-30.8652,0.4741,-13.8911,149.315,ppo_car_spread_a_sampling
35.1406,-0.47786,0.0000,0.0089,0.00285,0.00309,0.15920,-19.2,1.0000,-30.8653,0.4741,-13.8910,149.315,ppo_car_spread_a_sampling
35.1606,-0.42162,0.0000,0.0089,-0.00029,0.00031,0.34943,-1.9,1.0000,-30.8654,0.4741,-13.8908,149.320,ppo_car_spread_a_sampling
35.1806,-0.42162,0.0000,0.0089,-0.00494,0.00494,0.29429,-1.9,1.0000,-30.8655,0.4741,-13.8906,149.321,ppo_car_spread_a_sampling
35.2006,-0.42162,0.0000,0.0089,0.00384,0.00386,0.36559,-1.9,1.0000,-30.8656,0.4741,-13.8906,149.319,ppo_car_spread_a_sampling
35.2206,-0.34458,0.1035,0.0000,0.00131,0.00133,0.36348,-1.9,1.0000,-30.8656,0.4741,-13.8905,149.315,ppo_car_spread_a_sampling
35.2406,-0.27291,0.1035,0.0000,0.00931,0.00936,0.30654,54.4,1.0000,-30.8655,0.4741,-13.8906,149.314,ppo_car_spread_a_sampling
35.2606,-0.20388,0.1035,0.0000,0.01921,0.01924,0.35072,54.4,1.0000,-30.8654,0.4741,-13.8909,149.315,ppo_car_spread_a_sampling
35.2806,-0.18958,0.1035,0.0000,0.02807,0.02813,0.35188,54.4,1.0000,-30.8650,0.4741,-13.8914,149.313,ppo_car_spread_a_sampling
35.3006,-0.26953,0.0000,0.0749,0.03864,0.03868,0.38972,54.4,1.0000,-30.8646,0.4741,-13.8921,149.307,ppo_car_spread_a_sampling
35.3206,-0.30298,0.0000,0.0749,0.03787,0.03792,0.21549,-15.7,1.0000,-30.8642,0.4741,-13.8927,149.307,ppo_car_spread_a_sampling
35.3406,-0.30298,0.0000,0.0749,0.03378,0.03382,0.26791,-15.7,1.0000,-30.8638,0.4741,-13.8933,149.306,ppo_car_spread_a_sampling
35.3606,-0.30298,0.0000,0.0749,0.03328,0.03335,0.26810,-15.7,1.0000,-30.8634,0.4741,-13.8939,149.306,ppo_car_spread_a_sampling
35.3806,-0.36868,0.0000,0.2760,0.02785,0.02791,0.36709,-15.7,1.0000,-30.8630,0.4741,-13.8944,149.310,ppo_car_spread_a_sampling
35.4006,-0.36868,0.0000,0.2760,0.02114,0.02119,0.27930,-58.0,1.0000,-30.8628,0.4741,-13.8948,149.311,ppo_car_spread_a_sampling
35.4206,-0.36868,0.0000,0.2760,0.00025,0.00034,0.29707,-58.0,1.0000,-30.8628,0.4741,-13.8948,149.311,ppo_car_spread_a_sampling
35.4406,-0.36868,0.0000,0.2760,0.00005,0.00007,0.22715,-58.0,1.0000,-30.8628,0.4741,-13.8948,149.312,ppo_car_spread_a_sampling
35.4606,-0.28645,0.0851,0.0000,-0.01520,0.01529,0.27413,-58.0,1.0000,-30.8629,0.4741,-13.8946,149.312,ppo_car_spread_a_sampling
35.4806,-0.20823,0.0851,0.0000,-0.00759,0.00763,0.31924,44.7,1.0000,-30.8630,0.4741,-13.8945,149.312,ppo_car_spread_a_sampling
35.5006,-0.15489,0.0851,0.0000,-0.00021,0.00022,0.16548,44.7,1.0000,-30.8630,0.4741,-13.8945,149.310,ppo_car_spread_a_sampling
35.5206,-0.06440,0.0851,0.0000,0.00525,0.00525,0.37640,44.7,1.0000,-30.8629,0.4741,-13.8947,149.308,ppo_car_spread_a_sampling
35.5406,-0.00032,0.0000,0.4311,0.01958,0.01958,0.29215,44.7,1.0000,-30.8627,0.4741,-13.8950,149.307,ppo_car_spread_a_sampling
35.5606,0.00873,0.0000,0.4311,0.00287,0.00287,0.16860,-90.5,1.0000,-30.8626,0.4741,-13.8951,149.305,ppo_car_spread_a_sampling
35.5806,0.00873,0.0000,0.4311,-0.01871,0.01871,0.30248,-90.5,1.0000,-30.8628,0.4741,-13.8948,149.307,ppo_car_spread_a_sampling
35.6006,0.00873,0.0000,0.4311,-0.03468,0.03468,0.09141,-90.5,1.0000,-30.8631,0.4741,-13.8942,149.308,ppo_car_spread_a_sampling
35.6206,-0.05194,0.3163,0.0000,-0.04955,0.04955,0.21620,-90.5,1.0000,-30.8636,0.4741,-13.8933,149.307,ppo_car_spread_a_sampling
35.6406,-0.13535,0.3163,0.0000,-0.02662,0.02662,0.35384,166.1,1.0000,-30.8639,0.4741,-13.8929,149.304,ppo_car_spread_a_sampling
35.6606,-0.16381,0.3163,0.0000,0.01274,0.01274,0.29867,166.1,1.0000,-30.8637,0.4741,-13.8931,149.304,ppo_car_spread_a_sampling
35.6806,-0.16381,0.3163,0.0000,0.04620,0.04623,0.24200,166.1,1.0000,-30.8632,0.4741,-13.8940,149.301,ppo_car_spread_a_sampling
35.7006,-0.08216,0.0000,0.1508,0.06653,0.06658,0.45418,166.1,1.0000,-30.8624,0.4741,-13.8952,149.296,ppo_car_spread_a_sampling
35.7206,-0.00242,0.0000,0.1508,0.07187,0.07189,0.25931,-31.7,1.0000,-30.8616,0.4741,-13.8964,149.296,ppo_car_spread_a_sampling
35.7406,0.05132,0.0000,0.1508,0.06392,0.06393,0.26275,-31.7,1.0000,-30.8609,0.4741,-13.8976,149.296,ppo_car_spread_a_sampling
35.7606,0.09168,0.0000,0.1508,0.06336,0.06336,0.27313,-31.7,1.0000,-30.8603,0.4741,-13.8987,149.296,ppo_car_spread_a_sampling
35.7806,0.03662,0.0000,0.5787,0.05720,0.05720,0.28997,-31.7,1.0000,-30.8597,0.4741,-13.8997,149.299,ppo_car_spread_a_sampling
35.8006,-0.04714,0.0000,0.5787,0.03009,0.03009,0.27782,-121.5,1.0000,-30.8594,0.4741,-13.9002,149.300,ppo_car_spread_a_sampling
35.8206,-0.12354,0.0000,0.5787,0.01481,0.01482,0.37133,-121.5,1.0000,-30.8593,0.4741,-13.9004,149.300,ppo_car_spread_a_sampling
35.8406,-0.20221,0.0000,0.5787,-0.01938,0.01939,0.21852,-121.5,1.0000,-30.8595,0.4741,-13.9000,149.301,ppo_car_spread_a_sampling
35.8606,-0.25869,0.0349,0.0000,-0.03938,0.03941,0.30352,-121.5,1.0000,-30.8600,0.4741,-13.8993,149.302,ppo_car_spread_a_sampling
35.8806,-0.33477,0.0349,0.0000,-0.03320,0.03325,0.26643,18.3,1.0000,-30.8604,0.4741,-13.8987,149.304,ppo_car_spread_a_sampling
35.9006,-0.33542,0.0349,0.0000,-0.03933,0.03943,0.30317,18.3,1.0000,-30.8609,0.4741,-13.8980,149.307,ppo_car_spread_a_sampling
35.9206,-0.33542,0.0349,0.0000,-0.02760,0.02765,0.39171,18.3,1.0000,-30.8612,0.4741,-13.8975,149.305,ppo_car_spread_a_sampling
35.9406,-0.26185,0.2534,0.0000,-0.02709,0.02713,0.36310,18.3,1.0000,-30.8615,0.4741,-13.8971,149.307,ppo_car_spread_a_sampling
35.9606,-0.19843,0.2534,0.0000,-0.00384,0.00391,0.34569,133.0,1.0000,-30.8616,0.4741,-13.8970,149.305,ppo_car_spread_a_sampling
35.9806,-0.11451,0.2534,0.0000,0.02503,0.02505,0.22560,133.0,1.0000,-30.8613,0.4741,-13.8975,149.304,ppo_car_spread_a_sampling
36.0006,-0.05768,0.2534,0.0000,0.04885,0.04887,0.14125,133.0,1.0000,-30.8607,0.4741,-13.8983,149.304,ppo_car_spread_a_sampling
36.0206,0.02393,0.3306,0.0000,0.06937,0.06938,0.38712,133.0,1.0000,-30.8600,0.4741,-13.8995,149.304,ppo_car_spread_a_sampling
36.0406,0.02624,0.3306,0.0000,0.09980,0.09980,0.48583,173.6,1.0000,-30.8589,0.4741,-13.9013,149.305,ppo_car_spread_a_sampling
36.0606,0.02624,0.3306,0.0000,0.13805,0.13805,0.18289,173.6,1.0000,-30.8575,0.4741,-13.9038,149.303,ppo_car_spread_a_sampling
36.0806,0.02624,0.3306,0.0000,0.16959,0.16959,0.19916,173.6,1.0000,-30.8557,0.4741,-13.9068,149.305,ppo_car_spread_a_sampling
36.1006,-0.06681,0.0000,0.0498,0.19977,0.19977,0.54295,173.6,1.0000,-30.8536,0.4741,-13.9103,149.304,ppo_car_spread_a_sampling
36.1206,-0.12659,0.0000,0.0498,0.19362,0.19363,0.00000,0.0,1.0000,-30.8516,0.4741,-13.9137,149.303,ppo_car_spread_a_sampling
36.1406,-0.20636,0.0000,0.0498,0.00526,0.00574,0.00000,0.0,1.0000,-30.8516,0.4741,-13.9137,149.304,ppo_car_spread_a_sampling
36.1606,-0.28797,0.0000,0.0498,-0.00011,0.00037,0.34575,-10.5,1.0000,-30.8516,0.4741,-13.9136,149.304,ppo_car_spread_a_sampling
36.1806,-0.26974,0.0000,0.2701,0.00319,0.00319,0.32826,-10.5,1.0000,-30.8516,0.4741,-13.9135,149.305,ppo_car_spread_a_sampling
36.2006,-0.26974,0.0000,0.2701,-0.00206,0.00206,0.35260,-56.7,1.0000,-30.8517,0.4741,-13.9134,149.303,ppo_car_spread_a_sampling
36.2206,-0.26974,0.0000,0.2701,-0.01779,0.01784,0.29641,-56.7,1.0000,-30.8519,0.4741,-13.9131,149.303,ppo_car_spread_a_sampling
36.2406,-0.26974,0.0000,0.2701,-0.03291,0.03297,0.24096,-56.7,1.0000,-30.8524,0.4741,-13.9124,149.305,ppo_car_spread_a_sampling
36.2606,-0.33166,0.0000,0.1249,-0.03804,0.03812,0.23981,-56.7,1.0000,-30.8528,0.4741,-13.9117,149.306,ppo_car_spread_a_sampling
36.2806,-0.41063,0.0000,0.1249,-0.04076,0.04083,0.40023,-26.2,1.0000,-30.8533,0.4741,-13.9110,149.305,ppo_car_spread_a_sampling
36.3006,-0.49092,0.0000,0.1249,-0.05366,0.05388,0.25893,-26.2,1.0000,-30.8540,0.4741,-13.9101,149.309,ppo_car_spread_a_sampling
36.3206,-0.53834,0.0000,0.1249,-0.05857,0.05881,0.26762,-26.2,1.0000,-30.8547,0.4741,-13.9091,149.315,ppo_car_spread_a_sampling
36.3406,-0.46094,0.0000,0.0684,-0.05837,0.05877,0.27980,-26.2,1.0000,-30.8554,0.4741,-13.9082,149.326,ppo_car_spread_a_sampling
36.3606,-0.39001,0.0000,0.0684,-0.06036,0.06074,0.43220,-14.4,1.0000,-30.8562,0.4741,-13.9072,149.329,ppo_car_spread_a_sampling
36.3806,-0.33352,0.0000,0.0684,-0.06649,0.06677,0.16061,-14.4,1.0000,-30.8570,0.4741,-13.9061,149.333,ppo_car_spread_a_sampling
36.4006,-0.23832,0.0000,0.0684,-0.07057,0.07081,0.24029,-14.4,1.0000,-30.8578,0.4741,-13.9049,149.340,ppo_car_spread_a_sampling
36.4206,-0.17282,0.0000,0.1482,-0.06690,0.06702,0.37787,-14.4,1.0000,-30.8585,0.4741,-13.9038,149.344,ppo_car_spread_a_sampling
36.4406,-0.09866,0.0000,0.1482,-0.06949,0.06956,0.41251,-31.1,1.0000,-30.8593,0.4741,-13.9027,149.347,ppo_car_spread_a_sampling
36.4606,-0.02457,0.0000,0.1482,-0.07757,0.07760,0.41214,-31.1,1.0000,-30.8601,0.4741,-13.9014,149.349,ppo_car_spread_a_sampling
36.4806,0.04960,0.0000,0.1482,-0.08428,0.08429,0.37237,-31.1,1.0000,-30.8610,0.4741,-13.9000,149.348,ppo_car_spread_a_sampling
36.5006,-0.03026,0.0000,0.2864,-0.09223,0.09223,0.34147,-31.1,1.0000,-30.8619,0.4741,-13.8984,149.346,ppo_car_spread_a_sampling
36.5207,-0.10365,0.0000,0.2864,-0.09909,0.09909,0.41474,-60.1,1.0000,-30.8629,0.4741,-13.8967,149.347,ppo_car_spread_a_sampling
36.5407,-0.16984,0.0000,0.2864,-0.11306,0.11308,0.38507,-60.1,1.0000,-30.8641,0.4741,-13.8948,149.348,ppo_car_spread_a_sampling
36.5607,-0.24586,0.0000,0.2864,-0.12083,0.12089,0.47373,-60.1,1.0000,-30.8654,0.4741,-13.8927,149.352,ppo_car_spread_a_sampling
36.5807,-0.16446,0.0000,0.0006,-0.13937,0.13952,0.34672,-60.1,1.0000,-30.8669,0.4741,-13.8904,149.358,ppo_car_spread_a_sampling
36.6007,-0.09532,0.0000,0.0006,-0.13590,0.13601,0.38931,-0.1,1.0000,-30.8684,0.4741,-13.8881,149.361,ppo_car_spread_a_sampling
36.6207,-0.08109,0.0000,0.0006,-0.13650,0.13655,0.37622,-0.1,1.0000,-30.8698,0.4741,-13.8858,149.364,ppo_car_spread_a_sampling
36.6407,-0.08109,0.0000,0.0006,-0.13793,0.13797,0.15213,-0.1,1.0000,-30.8713,0.4741,-13.8835,149.367,ppo_car_spread_a_sampling
36.6607,-0.16052,0.4014,0.0000,-0.13438,0.13441,0.44615,-0.1,1.0000,-30.8727,0.4741,-13.8812,149.372,ppo_car_spread_a_sampling
36.6807,-0.16052,0.4014,0.0000,-0.09949,0.09952,0.32452,210.7,1.0000,-30.8737,0.4741,-13.8796,149.377,ppo_car_spread_a_sampling
36.7007,-0.16052,0.4014,0.0000,-0.05953,0.05956,0.24715,210.7,1.0000,-30.8743,0.4741,-13.8787,149.379,ppo_car_spread_a_sampling
36.7207,-0.16052,0.4014,0.0000,-0.02196,0.02197,0.15359,210.7,1.0000,-30.8745,0.4741,-13.8784,149.379,ppo_car_spread_a_sampling
36.7407,-0.09479,0.1912,0.0000,0.02086,0.02088,0.26932,210.7,1.0000,-30.8742,0.4741,-13.8788,149.378,ppo_car_spread_a_sampling
36.7607,-0.01620,0.1912,0.0000,0.03886,0.03887,0.22027,100.4,1.0000,-30.8737,0.4741,-13.8796,149.378,ppo_car_spread_a_sampling
36.7807,0.05694,0.1912,0.0000,0.05578,0.05578,0.21668,100.4,1.0000,-30.8730,0.4741,-13.8807,149.376,ppo_car_spread_a_sampling
36.8007,0.13737,0.1912,0.0000,0.07754,0.07754,0.24318,100.4,1.0000,-30.8722,0.4741,-13.8821,149.378,ppo_car_spread_a_sampling
36.8207,0.07324,0.0000,0.7736,0.08983,0.08986,0.37586,100.4,1.0000,-30.8713,0.4741,-13.8837,149.383,ppo_car_spread_a_sampling
36.8407,-0.00605,0.0000,0.7736,0.06621,0.06623,0.10983,-162.4,1.0000,-30.8706,0.4741,-13.8849,149.384,ppo_car_spread_a_sampling
36.8607,-0.09013,0.0000,0.7736,0.03471,0.03471,0.27960,-162.4,1.0000,-30.8703,0.4741,-13.8855,149.388,ppo_car_spread_a_sampling
36.8807,-0.14865,0.0000,0.7736,0.00396,0.00397,0.35081,-162.4,1.0000,-30.8703,0.4741,-13.8855,149.387,ppo_car_spread_a_sampling
36.9007,-0.23082,0.7118,0.0000,-0.02375,0.02377,0.25410,-162.4,1.0000,-30.8706,0.4741,-13.8850,149.390,ppo_car_spread_a_sampling
36.9207,-0.30694,0.7118,0.0000,0.04356,0.04362,0.27856,373.7,1.0000,-30.8701,0.4741,-13.8858,149.387,ppo_car_spread_a_sampling
36.9407,-0.37826,0.7118,0.0000,0.11057,0.11081,0.32347,373.7,1.0000,-30.8688,0.4741,-13.8876,149.379,ppo_car_spread_a_sampling
36.9607,-0.43928,0.7118,0.0000,0.17112,0.17164,0.53025,373.7,1.0000,-30.8668,0.4741,-13.8905,149.367,ppo_car_spread_a_sampling
36.9807,-0.34513,0.4144,0.0000,0.24195,0.24294,0.51615,373.7,1.0000,-30.8639,0.4741,-13.8945,149.350,ppo_car_spread_a_sampling
37.0007,-0.28342,0.4144,0.0000,0.27990,0.28081,0.60514,217.6,1.0000,-30.8605,0.4741,-13.8992,149.327,ppo_car_spread_a_sampling
37.0207,-0.20403,0.4144,0.0000,0.32667,0.32745,0.60142,217.6,1.0000,-30.8567,0.4741,-13.9046,149.308,ppo_car_spread_a_sampling
37.0407,-0.12248,0.4144,0.0000,0.37012,0.37065,0.27295,217.6,1.0000,-30.8526,0.4741,-13.9109,149.290,ppo_car_spread_a_sampling
37.0607,-0.06139,0.1513,0.0000,0.40488,0.40516,0.67118,217.6,1.0000,-30.8481,0.4741,-13.9178,149.279,ppo_car_spread_a_sampling
37.0807,0.02428,0.1513,0.0000,0.42622,0.42633,0.29704,79.4,1.0000,-30.8436,0.4741,-13.9251,149.270,ppo_car_spread_a_sampling
37.1007,0.08406,0.1513,0.0000,0.43144,0.43145,0.67359,79.4,1.0000,-30.8391,0.4741,-13.9325,149.266,ppo_car_spread_a_sampling
37.1207,0.15679,0.1513,0.0000,0.45494,0.45496,0.32720,79.4,1.0000,-30.8345,0.4741,-13.9404,149.269,ppo_car_spread_a_sampling
37.1407,0.07898,0.4994,0.0000,0.46890,0.46901,0.35324,79.4,1.0000,-30.8299,0.4741,-13.9486,149.278,ppo_car_spread_a_sampling
37.1607,-0.00147,0.4994,0.0000,0.51498,0.51507,0.48206,262.2,1.0000,-30.8249,0.4741,-13.9576,149.287,ppo_car_spread_a_sampling
37.1807,-0.06328,0.4994,0.0000,0.55925,0.55927,0.64065,262.2,1.0000,-30.8192,0.4741,-13.9673,149.291,ppo_car_spread_a_sampling
37.2007,-0.14761,0.4994,0.0000,0.60792,0.60793,0.64872,262.2,1.0000,-30.8130,0.4741,-13.9777,149.289,ppo_car_spread_a_sampling
37.2207,-0.09081,0.0000,0.1191,0.65565,0.65578,0.69887,262.2,1.0000,-30.8060,0.4741,-13.9889,149.278,ppo_car_spread_a_sampling
37.2407,-0.00782,0.0000,0.1191,0.64347,0.64359,0.64302,0.0,1.0000,-30.7992,0.4741,-13.9998,149.266,ppo_car_spread_a_sampling
37.2607,0.07567,0.0000,0.1191,0.62996,0.62999,0.62480,0.0,1.0000,-30.7927,0.4741,-14.0105,149.260,ppo_car_spread_a_sampling
37.2807,0.14991,0.0000,0.1191,0.61613,0.61613,0.60694,0.0,1.0000,-30.7865,0.4741,-14.0211,149.262,ppo_car_spread_a_sampling
37.3007,0.09196,0.0000,0.3160,0.60199,0.60208,0.59831,0.0,1.0000,-30.7806,0.4741,-14.0314,149.271,ppo_car_spread_a_sampling
37.3207,0.01430,0.0000,0.3160,0.56874,0.56884,0.50278,0.0,1.0000,-30.7751,0.4741,-14.0412,149.280,ppo_car_spread_a_sampling
37.3407,-0.06306,0.0000,0.3160,0.52999,0.53002,0.65331,0.0,1.0000,-30.7699,0.4741,-14.0502,149.288,ppo_car_spread_a_sampling
37.3607,-0.13875,0.0000,0.3160,0.40589,0.40589,0.62657,0.0,1.0000,-30.7659,0.4741,-14.0569,149.324,ppo_car_spread_a_sampling
37.3807,-0.05694,0.0000,0.1181,0.19484,0.19484,0.00000,0.0,1.0000,-30.7641,0.4741,-14.0599,149.333,ppo_car_spread_a_sampling
37.4007,-0.00959,0.0000,0.1181,0.01278,0.01281,0.00000,0.0,1.0000,-30.7642,0.4741,-14.0596,149.335,ppo_car_spread_a_sampling
37.4207,-0.00959,0.0000,0.1181,0.00640,0.00640,0.26666,-24.8,1.0000,-30.7644,0.4741,-14.0594,149.331,ppo_car_spread_a_sampling
37.4407,-0.00959,0.0000,0.1181,0.00176,0.00176,0.23172,-24.8,1.0000,-30.7645,0.4741,-14.0591,149.328,ppo_car_spread_a_sampling
37.4607,-0.09447,0.0890,0.0000,-0.00768,0.00768,0.31974,-24.8,1.0000,-30.7647,0.4741,-14.0587,149.327,ppo_car_spread_a_sampling
37.4807,-0.15098,0.0890,0.0000,0.00923,0.00923,0.19507,46.7,1.0000,-30.7647,0.4741,-14.0588,149.326,ppo_car_spread_a_sampling
37.5007,-0.23701,0.0890,0.0000,0.01656,0.01657,0.21345,46.7,1.0000,-30.7646,0.4741,-14.0590,149.325,ppo_car_spread_a_sampling
37.5207,-0.24799,0.0890,0.0000,0.02395,0.02397,0.28676,46.7,1.0000,-30.7643,0.4741,-14.0593,149.327,ppo_car_spread_a_sampling
37.5407,-0.18737,0.0000,0.4047,0.03451,0.03457,0.27289,46.7,1.0000,-30.7639,0.4741,-14.0599,149.325,ppo_car_spread_a_sampling
37.5607,-0.10688,0.0000,0.4047,0.01661,0.01663,0.33995,-85.0,1.0000,-30.7637,0.4741,-14.0603,149.324,ppo_car_spread_a_sampling
37.5807,-0.04922,0.0000,0.4047,-0.00018,0.00022,0.12621,-85.0,1.0000,-30.7637,0.4741,-14.0603,149.323,ppo_car_spread_a_sampling
37.6007,0.04333,0.0000,0.4047,-0.00973,0.00973,0.27903,-85.0,1.0000,-30.7637,0.4741,-14.0602,149.320,ppo_car_spread_a_sampling
37.6207,-0.02195,0.0520,0.0000,-0.03251,0.03251,0.16817,-85.0,1.0000,-30.7640,0.4741,-14.0598,149.321,ppo_car_spread_a_sampling
37.6407,-0.09840,0.0520,0.0000,-0.02100,0.02100,0.23754,27.3,1.0000,-30.7641,0.4741,-14.0595,149.320,ppo_car_spread_a_sampling
37.6607,-0.09840,0.0520,0.0000,-0.02219,0.02219,0.33407,27.3,1.0000,-30.7643,0.4741,-14.0593,149.322,ppo_car_spread_a_sampling
37.6807,-0.09840,0.0520,0.0000,-0.01353,0.01353,0.24651,27.3,1.0000,-30.7643,0.4741,-14.0592,149.322,ppo_car_spread_a_sampling
37.7007,-0.18015,0.0000,0.1706,-0.00522,0.00522,0.26154,27.3,1.0000,-30.7643,0.4741,-14.0592,149.320,ppo_car_spread_a_sampling
37.7207,-0.21917,0.0000,0.1706,-0.01624,0.01625,0.30732,-35.8,1.0000,-30.7644,0.4741,-14.0591,149.317,ppo_car_spread_a_sampling
37.7407,-0.21917,0.0000,0.1706,-0.02005,0.02005,0.39979,-35.8,1.0000,-30.7645,0.4741,-14.0589,149.318,ppo_car_spread_a_sampling
37.7607,-0.21917,0.0000,0.1706,-0.02429,0.02430,0.37174,-35.8,1.0000,-30.7647,0.4741,-14.0586,149.318,ppo_car_spread_a_sampling
37.7807,-0.28905,0.0000,0.2030,-0.03659,0.03662,0.15900,-35.8,1.0000,-30.7651,0.4741,-14.0580,149.320,ppo_car_spread_a_sampling
37.8007,-0.36748,0.0000,0.2030,-0.04171,0.04177,0.27366,-42.6,1.0000,-30.7655,0.4741,-14.0574,149.324,ppo_car_spread_a_sampling
37.8207,-0.42711,0.0000,0.2030,-0.05380,0.05394,0.15148,-42.6,1.0000,-30.7661,0.4741,-14.0566,149.326,ppo_car_spread_a_sampling
37.8407,-0.42987,0.0000,0.2030,-0.05943,0.05969,0.41014,-42.6,1.0000,-30.7667,0.4741,-14.0557,149.332,ppo_car_spread_a_sampling
37.8607,-0.35553,0.7846,0.0000,-0.06569,0.06596,0.17265,-42.6,1.0000,-30.7675,0.4741,-14.0547,149.337,ppo_car_spread_a_sampling
37.8807,-0.27520,0.7846,0.0000,0.00390,0.00391,0.38740,411.9,1.0000,-30.7674,0.4741,-14.0548,149.339,ppo_car_spread_a_sampling
37.9007,-0.21836,0.7846,0.0000,0.08411,0.08428,0.20388,411.9,1.0000,-30.7663,0.4741,-14.0564,149.333,ppo_car_spread_a_sampling
37.9207,-0.17446,0.7846,0.0000,0.16370,0.16391,0.27156,411.9,1.0000,-30.7644,0.4741,-14.0593,149.324,ppo_car_spread_a_sampling
37.9407,-0.09501,0.0000,0.5464,0.23666,0.23686,0.31203,411.9,1.0000,-30.7617,0.4741,-14.0634,149.314,ppo_car_spread_a_sampling
37.9607,-0.02069,0.0000,0.5464,0.19127,0.19135,0.00000,0.0,1.0000,-30.7596,0.4741,-14.0668,149.308,ppo_car_spread_a_sampling
37.9807,0.05966,0.0000,0.5464,0.00453,0.00514,0.00000,0.0,1.0000,-30.7595,0.4741,-14.0667,149.308,ppo_car_spread_a_sampling
38.0007,0.11680,0.0000,0.5464,-0.01747,0.01750,0.34313,-114.7,1.0000,-30.7597,0.4741,-14.0663,149.311,ppo_car_spread_a_sampling
38.0207,0.03886,0.1283,0.0000,-0.03468,0.03470,0.42530,-114.7,1.0000,-30.7601,0.4741,-14.0656,149.308,ppo_car_spread_a_sampling
38.0407,-0.02586,0.1283,0.0000,-0.03001,0.03001,0.32145,67.3,1.0000,-30.7605,0.4741,-14.0650,149.307,ppo_car_spread_a_sampling
38.0607,-0.11088,0.1283,0.0000,-0.01415,0.01415,0.18631,67.3,1.0000,-30.7607,0.4741,-14.0647,149.308,ppo_car_spread_a_sampling
38.0807,-0.18658,0.1283,0.0000,0.00069,0.00073,0.23370,67.3,1.0000,-30.7607,0.4741,-14.0647,149.306,ppo_car_spread_a_sampling
38.1007,-0.22425,0.3944,0.0000,0.01445,0.01448,0.27317,67.3,1.0000,-30.7606,0.4741,-14.0649,149.303,ppo_car_spread_a_sampling
38.1207,-0.22425,0.3944,0.0000,0.04994,0.05000,0.24909,207.1,1.0000,-30.7600,0.4741,-14.0657,149.297,ppo_car_spread_a_sampling
38.1407,-0.22425,0.3944,0.0000,0.08750,0.08761,0.33662,207.1,1.0000,-30.7590,0.4741,-14.0672,149.293,ppo_car_spread_a_sampling
38.1607,-0.22425,0.3944,0.0000,0.12804,0.12818,0.30967,207.1,1.0000,-30.7576,0.4741,-14.0694,149.286,ppo_car_spread_a_sampling
38.1807,-0.13890,0.0000,0.2136,0.16430,0.16449,0.20236,207.1,1.0000,-30.7557,0.4741,-14.0722,149.278,ppo_car_spread_a_sampling
38.2007,-0.07709,0.0000,0.2136,0.17169,0.17180,0.00000,0.0,1.0000,-30.7538,0.4741,-14.0751,149.272,ppo_car_spread_a_sampling
38.2207,0.00249,0.0000,0.2136,0.00479,0.00591,0.00000,0.0,1.0000,-30.7538,0.4741,-14.0750,149.273,ppo_car_spread_a_sampling
38.2407,0.06809,0.0000,0.2136,-0.00116,0.00167,0.36926,-44.9,1.0000,-30.7538,0.4741,-14.0749,149.275,ppo_car_spread_a_sampling
38.2607,-0.01814,0.4029,0.0000,-0.01521,0.01522,0.30037,-44.9,1.0000,-30.7541,0.4741,-14.0746,149.274,ppo_car_spread_a_sampling
38.2807,-0.09698,0.4029,0.0000,0.02927,0.02927,0.13053,211.5,1.0000,-30.7538,0.4741,-14.0750,149.272,ppo_car_spread_a_sampling
38.3007,-0.16186,0.4029,0.0000,0.06393,0.06394,0.32686,211.5,1.0000,-30.7531,0.4741,-14.0761,149.270,ppo_car_spread_a_sampling
38.3207,-0.16186,0.4029,0.0000,0.10754,0.10759,0.26281,211.5,1.0000,-30.7519,0.4741,-14.0780,149.266,ppo_car_spread_a_sampling
38.3407,-0.18763,0.0000,0.4126,0.14053,0.14061,0.48165,211.5,1.0000,-30.7504,0.4741,-14.0804,149.262,ppo_car_spread_a_sampling
38.3607,-0.18763,0.0000,0.4126,0.15640,0.15651,0.00000,0.0,1.0000,-30.7487,0.4741,-14.0831,149.256,ppo_car_spread_a_sampling
38.3807,-0.18763,0.0000,0.4126,0.00393,0.00586,0.00000,0.0,1.0000,-30.7486,0.4741,-14.0830,149.257,ppo_car_spread_a_sampling
38.4007,-0.18763,0.0000,0.4126,-0.01367,0.01370,0.32422,-86.6,1.0000,-30.7488,0.4741,-14.0827,149.257,ppo_car_spread_a_sampling
38.4207,-0.13439,0.0000,0.2232,-0.03031,0.03033,0.24845,-86.6,1.0000,-30.7491,0.4741,-14.0821,149.260,ppo_car_spread_a_sampling
38.4407,-0.13439,0.0000,0.2232,-0.04143,0.04145,0.25192,-46.9,1.0000,-30.7496,0.4741,-14.0813,149.263,ppo_car_spread_a_sampling
38.4607,-0.13439,0.0000,0.2232,-0.04782,0.04784,0.36666,-46.9,1.0000,-30.7502,0.4741,-14.0804,149.267,ppo_car_spread_a_sampling
38.4807,-0.13439,0.0000,0.2232,-0.05514,0.05516,0.40030,-46.9,1.0000,-30.7508,0.4741,-14.0795,149.266,ppo_car_spread_a_sampling
38.5007,-0.13382,0.0000,0.0077,-0.06204,0.06207,0.35681,-46.9,1.0000,-30.7515,0.4741,-14.0784,149.267,ppo_car_spread_a_sampling
38.5207,-0.13382,0.0000,0.0077,-0.06634,0.06637,0.11550,-1.6,1.0000,-30.7522,0.4741,-14.0772,149.269,ppo_car_spread_a_sampling
38.5407,-0.13382,0.0000,0.0077,-0.07072,0.07075,0.26672,-1.6,1.0000,-30.7530,0.4741,-14.0760,149.270,ppo_car_spread_a_sampling
38.5607,-0.13382,0.0000,0.0077,-0.06904,0.06907,0.23008,-1.6,1.0000,-30.7537,0.4741,-14.0749,149.272,ppo_car_spread_a_sampling
38.5807,-0.05200,0.2731,0.0000,-0.06508,0.06511,0.24316,-1.6,1.0000,-30.7544,0.4741,-14.0738,149.273,ppo_car_spread_a_sampling
38.6007,0.00358,0.2731,0.0000,-0.03524,0.03525,0.26039,143.4,1.0000,-30.7548,0.4741,-14.0732,149.274,ppo_car_spread_a_sampling
38.6207,0.00358,0.2731,0.0000,-0.01182,0.01183,0.32068,143.4,1.0000,-30.7549,0.4741,-14.0731,149.276,ppo_car_spread_a_sampling
38.6407,0.00358,0.2731,0.0000,0.01269,0.01270,0.23040,143.4,1.0000,-30.7547,0.4741,-14.0734,149.276,ppo_car_spread_a_sampling
38.6607,-0.07465,0.0000,0.0122,0.04823,0.04823,0.23391,143.4,1.0000,-30.7541,0.4741,-14.0743,149.277,ppo_car_spread_a_sampling
38.6807,-0.14470,0.0000,0.0122,0.04285,0.04286,0.27298,-2.6,1.0000,-30.7536,0.4741,-14.0751,149.271,ppo_car_spread_a_sampling
38.7007,-0.15173,0.0000,0.0122,0.04165,0.04166,0.21862,-2.6,1.0000,-30.7532,0.4741,-14.0759,149.271,ppo_car_spread_a_sampling
38.7207,-0.15173,0.0000,0.0122,0.04332,0.04333,0.26996,-2.6,1.0000,-30.7527,0.4741,-14.0767,149.272,ppo_car_spread_a_sampling
38.7407,-0.21069,0.0000,0.0213,0.04439,0.04440,0.28747,-2.6,1.0000,-30.7522,0.4741,-14.0775,149.268,ppo_car_spread_a_sampling
38.7607,-0.27336,0.0000,0.0213,0.04274,0.04277,0.17480,-4.5,1.0000,-30.7517,0.4741,-14.0782,149.266,ppo_car_spread_a_sampling
38.7807,-0.27336,0.0000,0.0213,0.03952,0.03960,0.34140,-4.5,1.0000,-30.7512,0.4741,-14.0789,149.261,ppo_car_spread_a_sampling
38.8007,-0.27336,0.0000,0.0213,0.02866,0.02870,0.39928,-4.5,1.0000,-30.7509,0.4741,-14.0794,149.258,ppo_car_spread_a_sampling
38.8207,-0.19805,0.0945,0.0000,0.03693,0.03701,0.25332,-4.5,1.0000,-30.7504,0.4741,-14.0800,149.258,ppo_car_spread_a_sampling
38.8407,-0.12528,0.0945,0.0000,0.03946,0.03952,0.38637,49.6,1.0000,-30.7500,0.4741,-14.0806,149.254,ppo_car_spread_a_sampling
38.8607,-0.04390,0.0945,0.0000,0.05348,0.05350,0.19301,49.6,1.0000,-30.7494,0.4741,-14.0815,149.252,ppo_car_spread_a_sampling
38.8807,0.00596,0.0945,0.0000,0.06466,0.06467,0.34086,49.6,1.0000,-30.7487,0.4741,-14.0826,149.250,ppo_car_spread_a_sampling
38.9007,-0.06210,0.0000,0.3716,0.07568,0.07568,0.17347,49.6,1.0000,-30.7480,0.4741,-14.0840,149.252,ppo_car_spread_a_sampling
38.9207,-0.14018,0.0000,0.3716,0.05948,0.05948,0.13491,-78.0,1.0000,-30.7473,0.4741,-14.0850,149.252,ppo_car_spread_a_sampling
38.9407,-0.21407,0.0000,0.3716,0.04301,0.04302,0.22003,-78.0,1.0000,-30.7469,0.4741,-14.0857,149.251,ppo_car_spread_a_sampling
38.9607,-0.27050,0.0000,0.3716,0.03070,0.03072,0.14577,-78.0,1.0000,-30.7466,0.4741,-14.0861,149.252,ppo_car_spread_a_sampling
38.9807,-0.18525,0.0000,0.6286,0.02159,0.02161,0.28896,-78.0,1.0000,-30.7464,0.4741,-14.0865,149.252,ppo_car_spread_a_sampling
39.0007,-0.11709,0.0000,0.6286,-0.00503,0.00503,0.34714,-132.0,1.0000,-30.7465,0.4741,-14.0863,149.251,ppo_car_spread_a_sampling
39.0207,-0.11107,0.0000,0.6286,-0.03037,0.03039,0.37285,-132.0,1.0000,-30.7468,0.4741,-14.0857,149.252,ppo_car_spread_a_sampling
39.0407,-0.11107,0.0000,0.6286,-0.05966,0.05968,0.22992,-132.0,1.0000,-30.7475,0.4741,-14.0847,149.256,ppo_car_spread_a_sampling
39.0607,-0.19087,0.0000,0.3019,-0.08027,0.08029,0.41579,-132.0,1.0000,-30.7484,0.4741,-14.0832,149.259,ppo_car_spread_a_sampling
39.0807,-0.26213,0.0000,0.3019,-0.08842,0.08848,0.45419,-63.4,1.0000,-30.7494,0.4741,-14.0817,149.264,ppo_car_spread_a_sampling
39.1007,-0.32996,0.0000,0.3019,-0.10162,0.10175,0.33349,-63.4,1.0000,-30.7506,0.4741,-14.0799,149.267,ppo_car_spread_a_sampling
39.1207,-0.40770,0.0000,0.3019,-0.11594,0.11616,0.45272,-63.4,1.0000,-30.7520,0.4741,-14.0779,149.276,ppo_car_spread_a_sampling
39.1407,-0.32988,0.5304,0.0000,-0.13140,0.13182,0.15556,-63.4,1.0000,-30.7535,0.4741,-14.0757,149.284,ppo_car_spread_a_sampling
39.1607,-0.26877,0.5304,0.0000,-0.07967,0.07993,0.23699,278.4,1.0000,-30.7544,0.4741,-14.0744,149.293,ppo_car_spread_a_sampling
39.1807,-0.19075,0.5304,0.0000,-0.02429,0.02436,0.34957,278.4,1.0000,-30.7547,0.4741,-14.0741,149.296,ppo_car_spread_a_sampling
39.2007,-0.11208,0.5304,0.0000,0.01708,0.01709,0.44370,278.4,1.0000,-30.7544,0.4741,-14.0745,149.297,ppo_car_spread_a_sampling
39.2207,-0.16714,0.1555,0.0000,0.07824,0.07826,0.17174,278.4,1.0000,-30.7535,0.4741,-14.0759,149.296,ppo_car_spread_a_sampling
39.2407,-0.25868,0.1555,0.0000,0.09388,0.09393,0.42913,81.6,1.0000,-30.7524,0.4741,-14.0776,149.292,ppo_car_spread_a_sampling
39.2607,-0.33365,0.1555,0.0000,0.11280,0.11294,0.17833,81.6,1.0000,-30.7511,0.4741,-14.0796,149.285,ppo_car_spread_a_sampling
39.2807,-0.41261,0.1555,0.0000,0.12177,0.12204,0.37967,81.6,1.0000,-30.7496,0.4741,-14.0817,149.278,ppo_car_spread_a_sampling
39.3007,-0.35603,0.0800,0.0000,0.13917,0.13962,0.14044,81.6,1.0000,-30.7480,0.4741,-14.0841,149.268,ppo_car_spread_a_sampling
39.3207,-0.26712,0.0800,0.0000,0.14304,0.14348,0.36897,42.0,1.0000,-30.7462,0.4741,-14.0865,149.259,ppo_car_spread_a_sampling
39.3407,-0.22484,0.0800,0.0000,0.15272,0.15303,0.37637,42.0,1.0000,-30.7445,0.4741,-14.0891,149.248,ppo_car_spread_a_sampling
39.3607,-0.22484,0.0800,0.0000,0.16352,0.16377,0.12600,42.0,1.0000,-30.7426,0.4741,-14.0918,149.239,ppo_car_spread_a_sampling
39.3807,-0.14056,0.0000,0.0122,0.17043,0.17065,0.14254,42.0,1.0000,-30.7407,0.4741,-14.0947,149.232,ppo_car_spread_a_sampling
39.4007,-0.06450,0.0000,0.0122,0.17069,0.17082,0.00000,0.0,1.0000,-30.7388,0.4741,-14.0976,149.224,ppo_car_spread_a_sampling
39.4207,0.00163,0.0000,0.0122,0.00546,0.00641,0.00000,0.0,1.0000,-30.7388,0.4741,-14.0975,149.225,ppo_car_spread_a_sampling
39.4407,0.08724,0.0000,0.0122,0.00149,0.00189,0.27081,-2.6,1.0000,-30.7389,0.4741,-14.0974,149.222,ppo_car_spread_a_sampling
39.4607,0.00913,0.0000,0.8238,0.00303,0.00305,0.35210,-2.6,1.0000,-30.7389,0.4741,-14.0974,149.225,ppo_car_spread_a_sampling
39.4807,-0.05593,0.0000,0.8238,-0.02441,0.02441,0.35599,-173.0,1.0000,-30.7392,0.4741,-14.0968,149.221,ppo_car_spread_a_sampling
39.5007,-0.13168,0.0000,0.8238,-0.05676,0.05677,0.44037,-173.0,1.0000,-30.7399,0.4741,-14.0957,149.219,ppo_car_spread_a_sampling
39.5207,-0.21056,0.0000,0.8238,-0.09605,0.09608,0.15454,-173.0,1.0000,-30.7410,0.4741,-14.0940,149.222,ppo_car_spread_a_sampling
39.5407,-0.27316,0.0000,0.2609,-0.12297,0.12307,0.27702,-173.0,1.0000,-30.7424,0.4741,-14.0918,149.225,ppo_car_spread_a_sampling
39.5607,-0.33894,0.0000,0.2609,-0.13654,0.13672,0.14663,-54.8,1.0000,-30.7440,0.4741,-14.0894,149.233,ppo_car_spread_a_sampling
39.5807,-0.33894,0.0000,0.2609,-0.14176,0.14205,0.31462,-54.8,1.0000,-30.7457,0.4741,-14.0870,149.242,ppo_car_spread_a_sampling
39.6007,-0.33894,0.0000,0.2609,-0.15371,0.15407,0.24305,-54.8,1.0000,-30.7475,0.4741,-14.0844,149.250,ppo_car_spread_a_sampling
39.6207,-0.42866,0.2699,0.0000,-0.15993,0.16032,0.47902,-54.8,1.0000,-30.7494,0.4741,-14.0818,149.262,ppo_car_spread_a_sampling
39.6407,-0.50456,0.2699,0.0000,-0.13199,0.13245,0.39651,141.7,1.0000,-30.7509,0.4741,-14.0796,149.274,ppo_car_spread_a_sampling
39.6607,-0.55758,0.2699,0.0000,-0.11272,0.11323,0.22869,141.7,1.0000,-30.7522,0.4741,-14.0778,149.286,ppo_car_spread_a_sampling
39.6807,-0.64029,0.2699,0.0000,-0.08431,0.08476,0.34241,141.7,1.0000,-30.7532,0.4741,-14.0765,149.292,ppo_car_spread_a_sampling
39.7007,-0.57587,0.0000,0.5076,-0.05482,0.05520,0.36487,141.7,1.0000,-30.7538,0.4741,-14.0757,149.298,ppo_car_spread_a_sampling
39.7207,-0.49951,0.0000,0.5076,-0.07819,0.07882,0.10208,-106.6,1.0000,-30.7548,0.4741,-14.0745,149.307,ppo_car_spread_a_sampling
39.7407,-0.41241,0.0000,0.5076,-0.10046,0.10105,0.20165,-106.6,1.0000,-30.7560,0.4741,-14.0730,149.317,ppo_car_spread_a_sampling
39.7607,-0.34991,0.0000,0.5076,-0.11837,0.11895,0.35888,-106.6,1.0000,-30.7574,0.4741,-14.0711,149.331,ppo_car_spread_a_sampling
39.7807,-0.28509,0.3722,0.0000,-0.13053,0.13098,0.44824,-106.6,1.0000,-30.7588,0.4741,-14.0690,149.340,ppo_car_spread_a_sampling
39.8007,-0.28509,0.3722,0.0000,-0.10076,0.10104,0.30635,195.4,1.0000,-30.7600,0.4741,-14.0674,149.347,ppo_car_spread_a_sampling
39.8207,-0.28509,0.3722,0.0000,-0.06139,0.06155,0.35383,195.4,1.0000,-30.7606,0.4741,-14.0664,149.349,ppo_car_spread_a_sampling
39.8407,-0.28509,0.3722,0.0000,-0.02387,0.02394,0.33726,195.4,1.0000,-30.7608,0.4741,-14.0661,149.348,ppo_car_spread_a_sampling
39.8607,-0.20938,0.6535,0.0000,0.00295,0.00296,0.40050,195.4,1.0000,-30.7607,0.4741,-14.0663,149.350,ppo_car_spread_a_sampling
39.8807,-0.14854,0.6535,0.0000,0.07272,0.07278,0.24082,343.1,1.0000,-30.7598,0.4741,-14.0676,149.347,ppo_car_spread_a_sampling
39.9007,-0.06429,0.6535,0.0000,0.13782,0.13790,0.20515,343.1,1.0000,-30.7582,0.4741,-14.0701,149.344,ppo_car_spread_a_sampling
39.9207,-0.00868,0.6535,0.0000,0.19577,0.19581,0.37279,343.1,1.0000,-30.7560,0.4741,-14.0736,149.341,ppo_car_spread_a_sampling
39.9407,0.03477,0.0000,0.2333,0.26334,0.26335,0.34393,343.1,1.0000,-30.7532,0.4741,-14.0783,149.341,ppo_car_spread_a_sampling
39.9607,0.03477,0.0000,0.2333,0.18944,0.18944,0.00000,0.0,1.0000,-30.7512,0.4741,-14.0816,149.344,ppo_car_spread_a_sampling
39.9807,0.03477,0.0000,0.2333,0.00514,0.00517,0.00000,0.0,1.0000,-30.7512,0.4741,-14.0816,149.345,ppo_car_spread_a_sampling
40.0007,0.03477,0.0000,0.2333,-0.00675,0.00675,0.24659,-49.0,1.0000,-30.7514,0.4741,-14.0814,149.343,ppo_car_spread_a_sampling
40.0207,-0.04111,0.2674,0.0000,-0.00989,0.00989,0.24200,-49.0,1.0000,-30.7515,0.4741,-14.0811,149.342,ppo_car_spread_a_sampling
40.0407,-0.11022,0.2674,0.0000,0.00745,0.00745,0.38774,140.4,1.0000,-30.7515,0.4741,-14.0811,149.341,ppo_car_spread_a_sampling
40.0607,-0.19088,0.2674,0.0000,0.03330,0.03331,0.37990,140.4,1.0000,-30.7512,0.4741,-14.0816,149.343,ppo_car_spread_a_sampling
40.0807,-0.26865,0.2674,0.0000,0.06794,0.06800,0.43530,140.4,1.0000,-30.7504,0.4741,-14.0827,149.337,ppo_car_spread_a_sampling
40.1007,-0.21049,0.0000,0.1031,0.09373,0.09385,0.16864,140.4,1.0000,-30.7494,0.4741,-14.0843,149.330,ppo_car_spread_a_sampling
40.1207,-0.14721,0.0000,0.1031,0.07916,0.07925,0.41362,-21.7,1.0000,-30.7486,0.4741,-14.0856,149.327,ppo_car_spread_a_sampling
40.1407,-0.14721,0.0000,0.1031,0.08454,0.08460,0.19285,-21.7,1.0000,-30.7477,0.4741,-14.0870,149.324,ppo_car_spread_a_sampling
40.1607,-0.14721,0.0000,0.1031,0.07786,0.07790,0.22423,-21.7,1.0000,-30.7468,0.4741,-14.0883,149.321,ppo_car_spread_a_sampling
40.1807,-0.07965,0.0000,0.2417,0.07604,0.07607,0.33710,-21.7,1.0000,-30.7461,0.4741,-14.0895,149.320,ppo_car_spread_a_sampling
40.2007,-0.01446,0.0000,0.2417,0.06944,0.06946,0.25179,-50.8,1.0000,-30.7453,0.4741,-14.0906,149.315,ppo_car_spread_a_sampling
40.2207,0.07034,0.0000,0.2417,0.06147,0.06147,0.27760,-50.8,1.0000,-30.7447,0.4741,-14.0917,149.311,ppo_car_spread_a_sampling
40.2407,0.07839,0.0000,0.2417,0.05564,0.05564,0.29686,-50.8,1.0000,-30.7442,0.4741,-14.0926,149.311,ppo_car_spread_a_sampling
40.2607,0.16409,0.0000,0.5297,0.04032,0.04032,0.29441,-50.8,1.0000,-30.7438,0.4741,-14.0932,149.307,ppo_car_spread_a_sampling
40.2807,0.21820,0.0000,0.5297,0.02021,0.02022,0.31083,-111.2,1.0000,-30.7437,0.4741,-14.0935,149.307,ppo_car_spread_a_sampling
40.3007,0.24275,0.0000,0.5297,-0.00435,0.00442,0.19949,-111.2,1.0000,-30.7438,0.4741,-14.0934,149.307,ppo_car_spread_a_sampling
40.3207,0.24275,0.0000,0.5297,-0.02360,0.02365,0.32719,-111.2,1.0000,-30.7440,0.4741,-14.0929,149.304,ppo_car_spread_a_sampling
40.3407,0.16388,0.0000,0.3942,-0.04307,0.04312,0.32295,-111.2,1.0000,-30.7445,0.4741,-14.0921,149.300,ppo_car_spread_a_sampling
40.3607,0.08911,0.0000,0.3942,-0.06155,0.06160,0.09059,-82.8,1.0000,-30.7451,0.4741,-14.0909,149.297,ppo_car_spread_a_sampling
40.3807,0.01662,0.0000,0.3942,-0.07554,0.07557,0.41717,-82.8,1.0000,-30.7459,0.4741,-14.0896,149.299,ppo_car_spread_a_sampling
40.4007,-0.05589,0.0000,0.3942,-0.08945,0.08946,0.43312,-82.8,1.0000,-30.7468,0.4741,-14.0880,149.301,ppo_car_spread_a_sampling
40.4207,-0.14662,0.0000,0.1137,-0.10581,0.10581,0.29712,-82.8,1.0000,-30.7479,0.4741,-14.0861,149.300,ppo_car_spread_a_sampling
40.4407,-0.17225,0.0000,0.1137,-0.10907,0.10910,0.44348,-23.9,1.0000,-30.7491,0.4741,-14.0843,149.300,ppo_car_spread_a_sampling
40.4607,-0.17225,0.0000,0.1137,-0.11835,0.11841,0.17806,-23.9,1.0000,-30.7504,0.4741,-14.0822,149.303,ppo_car_spread_a_sampling
40.4807,-0.17225,0.0000,0.1137,-0.12073,0.12080,0.15266,-23.9,1.0000,-30.7517,0.4741,-14.0802,149.306,ppo_car_spread_a_sampling
40.5007,-0.20654,0.2553,0.0000,-0.12818,0.12827,0.06709,-23.9,1.0000,-30.7531,0.4741,-14.0781,149.310,ppo_car_spread_a_sampling
40.5207,-0.31150,0.2553,0.0000,-0.10219,0.10228,0.12601,134.0,1.0000,-30.7542,0.4741,-14.0764,149.315,ppo_car_spread_a_sampling
40.5407,-0.37303,0.2553,0.0000,-0.07646,0.07657,0.05570,134.0,1.0000,-30.7550,0.4741,-14.0752,149.320,ppo_car_spread_a_sampling
40.5607,-0.45268,0.2553,0.0000,-0.05195,0.05207,0.10309,134.0,1.0000,-30.7555,0.4741,-14.0744,149.322,ppo_car_spread_a_sampling
40.5807,-0.37290,0.0000,0.1338,-0.02796,0.02801,0.36602,134.0,1.0000,-30.7558,0.4741,-14.0740,149.326,ppo_car_spread_a_sampling
40.6007,-0.29199,0.0000,0.1338,-0.02737,0.02747,0.23319,-28.1,1.0000,-30.7561,0.4741,-14.0737,149.329,ppo_car_spread_a_sampling
40.6207,-0.21722,0.0000,0.1338,-0.02988,0.02997,0.35570,-28.1,1.0000,-30.7563,0.4741,-14.0732,149.330,ppo_car_spread_a_sampling
40.6407,-0.21256,0.0000,0.1338,-0.03951,0.03955,0.41476,-28.1,1.0000,-30.7567,0.4741,-14.0726,149.330,ppo_car_spread_a_sampling
40.6607,-0.27418,0.0000,0.2138,-0.04355,0.04360,0.20092,-28.1,1.0000,-30.7572,0.4741,-14.0720,149.330,ppo_car_spread_a_sampling
40.6807,-0.35363,0.0000,0.2138,-0.04879,0.04885,0.40539,-44.9,1.0000,-30.7577,0.4741,-14.0712,149.330,ppo_car_spread_a_sampling
40.7007,-0.36382,0.0000,0.2138,-0.06145,0.06159,0.32613,-44.9,1.0000,-30.7584,0.4741,-14.0702,149.331,ppo_car_spread_a_sampling
40.7207,-0.36382,0.0000,0.2138,-0.06787,0.06805,0.40446,-44.9,1.0000,-30.7592,0.4741,-14.0691,149.334,ppo_car_spread_a_sampling
40.7407,-0.30583,0.0000,0.9265,-0.07629,0.07654,0.22016,-44.9,1.0000,-30.7601,0.4741,-14.0678,149.339,ppo_car_spread_a_sampling
40.7607,-0.22996,0.0000,0.9265,-0.11846,0.11877,0.16780,-194.6,1.0000,-30.7614,0.4741,-14.0658,149.347,ppo_car_spread_a_sampling
40.7807,-0.15384,0.0000,0.9265,-0.14912,0.14936,0.24944,-194.6,1.0000,-30.7631,0.4741,-14.0633,149.355,ppo_car_spread_a_sampling
40.8007,-0.07561,0.0000,0.9265,-0.18266,0.18281,0.54235,-194.6,1.0000,-30.7652,0.4741,-14.0602,149.359,ppo_car_spread_a_sampling
40.8207,-0.12675,0.0000,0.2622,-0.22483,0.22490,0.33530,-194.6,1.0000,-30.7676,0.4741,-14.0562,149.362,ppo_car_spread_a_sampling
40.8407,-0.12675,0.0000,0.2622,-0.23029,0.23037,0.47768,-55.1,1.0000,-30.7701,0.4741,-14.0523,149.367,ppo_car_spread_a_sampling
40.8607,-0.12675,0.0000,0.2622,-0.23971,0.23980,0.50838,-55.1,1.0000,-30.7727,0.4741,-14.0481,149.371,ppo_car_spread_a_sampling
40.8807,-0.12675,0.0000,0.2622,-0.25184,0.25193,0.53803,-55.1,1.0000,-30.7754,0.4741,-14.0438,149.376,ppo_car_spread_a_sampling
40.9008,-0.05317,1.0000,0.0000,-0.25933,0.25943,0.53978,-55.1,1.0000,-30.7782,0.4741,-14.0394,149.382,ppo_car_spread_a_sampling
40.9208,0.01322,1.0000,0.0000,-0.17248,0.17252,0.19121,525.0,1.0000,-30.7800,0.4741,-14.0365,149.385,ppo_car_spread_a_sampling
40.9408,0.08223,1.0000,0.0000,-0.06882,0.06883,0.26571,525.0,1.0000,-30.7806,0.4741,-14.0355,149.386,ppo_car_spread_a_sampling
40.9608,0.17744,1.0000,0.0000,0.03027,0.03031,0.11909,525.0,1.0000,-30.7802,0.4741,-14.0362,149.388,ppo_car_spread_a_sampling
40.9808,0.11384,0.0000,0.0291,0.12149,0.12159,0.24761,525.0,1.0000,-30.7790,0.4741,-14.0386,149.393,ppo_car_spread_a_sampling
41.0008,0.03780,0.0000,0.0291,0.16922,0.16930,0.00000,0.0,1.0000,-30.7772,0.4741,-14.0417,149.398,ppo_car_spread_a_sampling
41.0208,-0.03970,0.0000,0.0291,0.00175,0.00297,0.00000,0.0,1.0000,-30.7772,0.4741,-14.0418,149.399,ppo_car_spread_a_sampling
41.0408,-0.10419,0.0000,0.0291,-0.00306,0.00320,0.36591,-6.1,1.0000,-30.7772,0.4741,-14.0418,149.401,ppo_car_spread_a_sampling
41.0608,-0.01953,0.5678,0.0000,0.00580,0.00580,0.28058,-6.1,1.0000,-30.7771,0.4741,-14.0419,149.400,ppo_car_spread_a_sampling
41.0808,0.04521,0.5678,0.0000,0.05078,0.05078,0.45644,298.1,1.0000,-30.7766,0.4741,-14.0428,149.398,ppo_car_spread_a_sampling
41.1008,0.12677,0.5678,0.0000,0.10862,0.10862,0.26713,298.1,1.0000,-30.7755,0.4741,-14.0448,149.399,ppo_car_spread_a_sampling
41.1208,0.18252,0.5678,0.0000,0.16149,0.16153,0.51849,298.1,1.0000,-30.7738,0.4741,-14.0477,149.405,ppo_car_spread_a_sampling
41.1408,0.09338,0.2714,0.0000,0.21607,0.21620,0.40507,298.1,1.0000,-30.7717,0.4741,-14.0516,149.414,ppo_car_spread_a_sampling
41.1608,0.01273,0.2714,0.0000,0.24497,0.24505,0.40764,142.5,1.0000,-30.7693,0.4741,-14.0559,149.423,ppo_car_spread_a_sampling
41.1808,-0.06399,0.2714,0.0000,0.26506,0.26508,0.56121,142.5,1.0000,-30.7666,0.4741,-14.0606,149.428,ppo_car_spread_a_sampling
41.2008,-0.11434,0.2714,0.0000,0.28985,0.28985,0.54925,142.5,1.0000,-30.7636,0.4741,-14.0656,149.428,ppo_car_spread_a_sampling
41.2208,-0.01909,0.4313,0.0000,0.31382,0.31387,0.63119,142.5,1.0000,-30.7603,0.4741,-14.0710,149.423,ppo_car_spread_a_sampling
41.2408,0.03746,0.4313,0.0000,0.36923,0.36924,0.28057,226.4,1.0000,-30.7564,0.4741,-14.0774,149.420,ppo_car_spread_a_sampling
41.2608,0.11285,0.4313,0.0000,0.40549,0.40549,0.60507,226.4,1.0000,-30.7523,0.4741,-14.0844,149.420,ppo_car_spread_a_sampling
41.2808,0.18533,0.4313,0.0000,0.45175,0.45181,0.35642,226.4,1.0000,-30.7478,0.4741,-14.0923,149.427,ppo_car_spread_a_sampling
41.3008,0.12668,0.0000,0.7518,0.49222,0.49244,0.43464,226.4,1.0000,-30.7430,0.4741,-14.1010,149.440,ppo_car_spread_a_sampling
41.3208,0.12668,0.0000,0.7518,0.40573,0.40589,0.55264,0.0,1.0000,-30.7392,0.4741,-14.1080,149.450,ppo_car_spread_a_sampling
41.3408,0.12668,0.0000,0.7518,0.24067,0.24074,0.00000,0.0,1.0000,-30.7369,0.4741,-14.1120,149.456,ppo_car_spread_a_sampling
41.3608,0.12668,0.0000,0.7518,0.19584,0.19590,0.00000,0.0,1.0000,-30.7352,0.4741,-14.1152,149.459,ppo_car_spread_a_sampling
41.3808,0.20742,0.0000,0.0982,0.01045,0.01107,0.00000,0.0,1.0000,-30.7354,0.4741,-14.1151,149.461,ppo_car_spread_a_sampling
41.4008,0.28429,0.0000,0.0982,0.00792,0.00803,0.13982,-20.6,1.0000,-30.7355,0.4741,-14.1149,149.460,ppo_car_spread_a_sampling
41.4208,0.36558,0.0000,0.0982,0.00537,0.00537,0.31677,-20.6,1.0000,-30.7356,0.4741,-14.1148,149.459,ppo_car_spread_a_sampling
41.4408,0.44142,0.0000,0.0982,0.00271,0.00271,0.28315,-20.6,1.0000,-30.7357,0.4741,-14.1146,149.460,ppo_car_spread_a_sampling
41.4608,0.37967,0.0000,0.0320,-0.00268,0.00276,0.24454,-20.6,1.0000,-30.7358,0.4741,-14.1144,149.458,ppo_car_spread_a_sampling
41.4808,0.29840,0.0000,0.0320,-0.00295,0.00300,0.30904,-6.7,1.0000,-30.7359,0.4741,-14.1142,149.455,ppo_car_spread_a_sampling
41.5008,0.22598,0.0000,0.0320,-0.00402,0.00403,0.26206,-6.7,1.0000,-30.7359,0.4741,-14.1140,149.455,ppo_car_spread_a_sampling
41.5208,0.14677,0.0000,0.0320,-0.00762,0.00763,0.19310,-6.7,1.0000,-30.7360,0.4741,-14.1138,149.457,ppo_car_spread_a_sampling
41.5408,0.11449,0.3063,0.0000,-0.00976,0.00976,0.18088,-6.7,1.0000,-30.7361,0.4741,-14.1136,149.456,ppo_car_spread_a_sampling
41.5608,0.11449,0.3063,0.0000,0.02068,0.02068,0.30143,160.8,1.0000,-30.7359,0.4741,-14.1140,149.453,ppo_car_spread_a_sampling
41.5808,0.11449,0.3063,0.0000,0.05283,0.05285,0.22920,160.8,1.0000,-30.7354,0.4741,-14.1150,149.456,ppo_car_spread_a_sampling
41.6008,0.11449,0.3063,0.0000,0.07425,0.07427,0.40747,160.8,1.0000,-30.7346,0.4741,-14.1164,149.456,ppo_car_spread_a_sampling
41.6208,0.02753,0.0000,0.1498,0.10914,0.10918,0.17916,160.8,1.0000,-30.7335,0.4741,-14.1184,149.458,ppo_car_spread_a_sampling
41.6408,-0.02963,0.0000,0.1498,0.11334,0.11335,0.00000,0.0,1.0000,-30.7323,0.4741,-14.1205,149.464,ppo_car_spread_a_sampling
41.6608,-0.09945,0.0000,0.1498,0.00125,0.00126,0.00000,0.0,1.0000,-30.7323,0.4741,-14.1205,149.465,ppo_car_spread_a_sampling
41.6808,-0.09945,0.0000,0.1498,0.00068,0.00069,0.22636,-31.5,1.0000,-30.7322,0.4741,-14.1206,149.465,ppo_car_spread_a_sampling
41.7008,-0.01568,0.0000,0.0238,-0.01501,0.01501,0.21103,-31.5,1.0000,-30.7324,0.4741,-14.1204,149.466,ppo_car_spread_a_sampling
41.7208,0.05955,0.0000,0.0238,-0.01485,0.01485,0.37466,-5.0,1.0000,-30.7325,0.4741,-14.1202,149.463,ppo_car_spread_a_sampling
41.7408,0.11819,0.0000,0.0238,-0.01465,0.01465,0.12685,-5.0,1.0000,-30.7326,0.4741,-14.1199,149.463,ppo_car_spread_a_sampling
41.7608,0.20175,0.0000,0.0238,-0.01418,0.01418,0.34430,-5.0,1.0000,-30.7327,0.4741,-14.1197,149.461,ppo_car_spread_a_sampling
41.7808,0.13473,0.0471,0.0000,-0.01854,0.01856,0.32019,-5.0,1.0000,-30.7329,0.4741,-14.1194,149.458,ppo_car_spread_a_sampling
41.8008,0.06487,0.0471,0.0000,-0.00882,0.00883,0.34799,24.7,1.0000,-30.7330,0.4741,-14.1193,149.459,ppo_car_spread_a_sampling
41.8208,-0.01609,0.0471,0.0000,-0.00568,0.00568,0.14324,24.7,1.0000,-30.7330,0.4741,-14.1193,149.459,ppo_car_spread_a_sampling
41.8408,-0.03392,0.0471,0.0000,0.00104,0.00104,0.34474,24.7,1.0000,-30.7329,0.4741,-14.1194,149.460,ppo_car_spread_a_sampling
41.8608,0.03063,0.4446,0.0000,-0.00560,0.00560,0.37564,24.7,1.0000,-30.7330,0.4741,-14.1193,149.460,ppo_car_spread_a_sampling
41.8808,0.10849,0.4446,0.0000,0.04493,0.04493,0.27407,233.4,1.0000,-30.7325,0.4741,-14.1202,149.459,ppo_car_spread_a_sampling
41.9008,0.18783,0.4446,0.0000,0.09050,0.09052,0.36430,233.4,1.0000,-30.7315,0.4741,-14.1218,149.463,ppo_car_spread_a_sampling
41.9208,0.24242,0.4446,0.0000,0.13302,0.13310,0.26634,233.4,1.0000,-30.7302,0.4741,-14.1243,149.467,ppo_car_spread_a_sampling
41.9408,0.16231,0.0000,0.2343,0.17026,0.17046,0.51872,233.4,1.0000,-30.7286,0.4741,-14.1274,149.476,ppo_car_spread_a_sampling
41.9608,0.10790,0.0000,0.2343,0.19312,0.19327,0.00000,0.0,1.0000,-30.7267,0.4741,-14.1309,149.480,ppo_car_spread_a_sampling
41.9808,0.02341,0.0000,0.2343,0.00439,0.00625,0.00000,0.0,1.0000,-30.7268,0.4741,-14.1310,149.482,ppo_car_spread_a_sampling
42.0008,-0.05449,0.0000,0.2343,-0.00207,0.00254,0.38132,-49.2,1.0000,-30.7269,0.4741,-14.1309,149.484,ppo_car_spread_a_sampling
42.0208,-0.02762,0.1690,0.0000,-0.01457,0.01459,0.32750,-49.2,1.0000,-30.7271,0.4741,-14.1306,149.488,ppo_car_spread_a_sampling
42.0408,-0.02762,0.1690,0.0000,-0.00295,0.00296,0.28103,88.7,1.0000,-30.7271,0.4741,-14.1305,149.487,ppo_car_spread_a_sampling
42.0608,-0.02762,0.1690,0.0000,0.02383,0.02383,0.18026,88.7,1.0000,-30.7269,0.4741,-14.1308,149.486,ppo_car_spread_a_sampling
42.0808,-0.02762,0.1690,0.0000,0.03719,0.03719,0.26533,88.7,1.0000,-30.7265,0.4741,-14.1315,149.483,ppo_car_spread_a_sampling
42.1008,-0.10916,0.0000,0.2300,0.05255,0.05255,0.21464,88.7,1.0000,-30.7260,0.4741,-14.1324,149.481,ppo_car_spread_a_sampling
42.1208,-0.14248,0.0000,0.2300,0.04847,0.04848,0.29512,-48.3,1.0000,-30.7255,0.4741,-14.1332,149.479,ppo_car_spread_a_sampling
42.1408,-0.14248,0.0000,0.2300,0.03969,0.03970,0.30903,-48.3,1.0000,-30.7251,0.4741,-14.1338,149.479,ppo_car_spread_a_sampling
42.1608,-0.14248,0.0000,0.2300,0.02644,0.02645,0.21461,-48.3,1.0000,-30.7248,0.4741,-14.1342,149.476,ppo_car_spread_a_sampling
42.1808,-0.07827,0.0000,0.4731,0.01581,0.01582,0.34355,-48.3,1.0000,-30.7246,0.4741,-14.1345,149.478,ppo_car_spread_a_sampling
42.2008,0.00430,0.0000,0.4731,0.00180,0.00180,0.31584,-99.4,1.0000,-30.7246,0.4741,-14.1345,149.476,ppo_car_spread_a_sampling
42.2208,0.08555,0.0000,0.4731,-0.02332,0.02332,0.34206,-99.4,1.0000,-30.7249,0.4741,-14.1340,149.474,ppo_car_spread_a_sampling
42.2408,0.14361,0.0000,0.4731,-0.04623,0.04623,0.27787,-99.4,1.0000,-30.7254,0.4741,-14.1332,149.473,ppo_car_spread_a_sampling
42.2608,0.06502,0.0017,0.0000,-0.05840,0.05843,0.42395,-99.4,1.0000,-30.7260,0.4741,-14.1321,149.473,ppo_car_spread_a_sampling
42.2808,0.00322,0.0017,0.0000,-0.05884,0.05885,0.10640,0.9,1.0000,-30.7266,0.4741,-14.1310,149.473,ppo_car_spread_a_sampling
42.3008,-0.06359,0.0017,0.0000,-0.06223,0.06223,0.22552,0.9,1.0000,-30.7272,0.4741,-14.1299,149.471,ppo_car_spread_a_sampling
42.3208,-0.14321,0.0017,0.0000,-0.05969,0.05969,0.26748,0.9,1.0000,-30.7279,0.4741,-14.1289,149.469,ppo_car_spread_a_sampling
42.3408,-0.21890,0.1135,0.0000,-0.05590,0.05591,0.34155,0.9,1.0000,-30.7284,0.4741,-14.1279,149.469,ppo_car_spread_a_sampling
42.3608,-0.27950,0.1135,0.0000,-0.04641,0.04644,0.13865,59.6,1.0000,-30.7289,0.4741,-14.1271,149.469,ppo_car_spread_a_sampling
42.3808,-0.31829,0.1135,0.0000,-0.02906,0.02909,0.39191,59.6,1.0000,-30.7292,0.4741,-14.1267,149.469,ppo_car_spread_a_sampling
42.4008,-0.31829,0.1135,0.0000,-0.01890,0.01892,0.33197,59.6,1.0000,-30.7294,0.4741,-14.1264,149.468,ppo_car_spread_a_sampling
42.4208,-0.23921,0.0000,0.0772,-0.01849,0.01853,0.27515,59.6,1.0000,-30.7296,0.4741,-14.1261,149.469,ppo_car_spread_a_sampling
42.4408,-0.17466,0.0000,0.0772,-0.01116,0.01119,0.24539,-16.2,1.0000,-30.7297,0.4741,-14.1260,149.472,ppo_car_spread_a_sampling
42.4608,-0.11559,0.0000,0.0772,-0.01917,0.01918,0.25023,-16.2,1.0000,-30.7299,0.4741,-14.1257,149.471,ppo_car_spread_a_sampling
42.4808,-0.02731,0.0000,0.0772,-0.02288,0.02289,0.28144,-16.2,1.0000,-30.7301,0.4741,-14.1253,149.468,ppo_car_spread_a_sampling
42.5008,-0.10711,0.0000,0.4971,-0.02354,0.02355,0.40085,-16.2,1.0000,-30.7304,0.4741,-14.1250,149.466,ppo_car_spread_a_sampling
42.5208,-0.16564,0.0000,0.4971,-0.04720,0.04721,0.25485,-104.4,1.0000,-30.7309,0.4741,-14.1242,149.467,ppo_car_spread_a_sampling
42.5408,-0.24885,0.0000,0.4971,-0.05955,0.05957,0.43934,-104.4,1.0000,-30.7315,0.4741,-14.1231,149.469,ppo_car_spread_a_sampling
42.5608,-0.32939,0.0000,0.4971,-0.08478,0.08488,0.24979,-104.4,1.0000,-30.7325,0.4741,-14.1217,149.470,ppo_car_spread_a_sampling
42.5808,-0.26301,0.1854,0.0000,-0.10017,0.10040,0.36905,-104.4,1.0000,-30.7336,0.4741,-14.1200,149.478,ppo_car_spread_a_sampling
42.6008,-0.19790,0.1854,0.0000,-0.08978,0.08993,0.24597,97.3,1.0000,-30.7346,0.4741,-14.1185,149.482,ppo_car_spread_a_sampling
42.6208,-0.11102,0.1854,0.0000,-0.06623,0.06633,0.24068,97.3,1.0000,-30.7354,0.4741,-14.1174,149.484,ppo_car_spread_a_sampling
42.6408,-0.03672,0.1854,0.0000,-0.04530,0.04533,0.32549,97.3,1.0000,-30.7358,0.4741,-14.1167,149.482,ppo_car_spread_a_sampling
42.6608,-0.10882,0.7853,0.0000,-0.02992,0.02993,0.37671,97.3,1.0000,-30.7361,0.4741,-14.1162,149.486,ppo_car_spread_a_sampling
42.6808,-0.19098,0.7853,0.0000,0.04973,0.04975,0.14858,412.3,1.0000,-30.7355,0.4741,-14.1172,149.485,ppo_car_spread_a_sampling
42.7008,-0.24167,0.7853,0.0000,0.12790,0.12799,0.10059,412.3,1.0000,-30.7341,0.4741,-14.1194,149.480,ppo_car_spread_a_sampling
42.7208,-0.32316,0.7853,0.0000,0.20049,0.20073,0.37007,412.3,1.0000,-30.7317,0.4741,-14.1230,149.473,ppo_car_spread_a_sampling
42.7408,-0.24229,0.0000,0.1277,0.27496,0.27552,0.25774,412.3,1.0000,-30.7285,0.4741,-14.1277,149.457,ppo_car_spread_a_sampling
42.7608,-0.15879,0.0000,0.1277,0.19106,0.19142,0.09672,0.0,1.0000,-30.7263,0.4741,-14.1309,149.441,ppo_car_spread_a_sampling
42.7808,-0.12737,0.0000,0.1277,0.05584,0.05603,0.00000,0.0,1.0000,-30.7257,0.4741,-14.1318,149.362,ppo_car_spread_a_sampling
42.8008,-0.12737,0.0000,0.1277,0.04212,0.04216,0.41590,-26.8,1.0000,-30.7253,0.4741,-14.1324,149.338,ppo_car_spread_a_sampling
42.8208,-0.19063,0.2982,0.0000,0.04239,0.04242,0.21896,-26.8,1.0000,-30.7249,0.4741,-14.1331,149.328,ppo_car_spread_a_sampling
42.8408,-0.27108,0.2982,0.0000,0.07965,0.07972,0.21779,156.5,1.0000,-30.7240,0.4741,-14.1344,149.324,ppo_car_spread_a_sampling
42.8608,-0.33371,0.2982,0.0000,0.10570,0.10586,0.33809,156.5,1.0000,-30.7229,0.4741,-14.1361,149.319,ppo_car_spread_a_sampling
42.8808,-0.35403,0.2982,0.0000,0.13498,0.13528,0.19936,156.5,1.0000,-30.7213,0.4741,-14.1383,149.309,ppo_car_spread_a_sampling
42.9008,-0.41765,0.0000,0.1350,0.15976,0.16023,0.37172,156.5,1.0000,-30.7195,0.4741,-14.1409,149.297,ppo_car_spread_a_sampling
42.9208,-0.47972,0.0000,0.1350,0.18468,0.18530,0.00000,0.0,1.0000,-30.7173,0.4741,-14.1440,149.283,ppo_car_spread_a_sampling
42.9408,-0.49969,0.0000,0.1350,0.00453,0.01001,0.00000,0.0,1.0000,-30.7172,0.4741,-14.1438,149.284,ppo_car_spread_a_sampling
42.9608,-0.49969,0.0000,0.1350,0.00246,0.00395,0.18954,-28.3,1.0000,-30.7172,0.4741,-14.1437,149.283,ppo_car_spread_a_sampling
42.9808,-0.43085,0.1292,0.0000,-0.00685,0.00685,0.33854,-28.3,1.0000,-30.7173,0.4741,-14.1435,149.286,ppo_car_spread_a_sampling
43.0008,-0.36894,0.1292,0.0000,0.00292,0.00296,0.17387,67.8,1.0000,-30.7174,0.4741,-14.1434,149.285,ppo_car_spread_a_sampling
43.0208,-0.27867,0.1292,0.0000,0.01696,0.01703,0.39768,67.8,1.0000,-30.7172,0.4741,-14.1437,149.289,ppo_car_spread_a_sampling
43.0408,-0.20264,0.1292,0.0000,0.03053,0.03058,0.37626,67.8,1.0000,-30.7169,0.4741,-14.1441,149.288,ppo_car_spread_a_sampling
43.0608,-0.13765,0.0000,0.5731,0.05046,0.05053,0.27755,67.8,1.0000,-30.7163,0.4741,-14.1450,149.284,ppo_car_spread_a_sampling
43.0808,-0.07423,0.0000,0.5731,0.02904,0.02906,0.35302,-120.4,1.0000,-30.7161,0.4741,-14.1454,149.283,ppo_car_spread_a_sampling
43.1008,0.00466,0.0000,0.5731,0.00290,0.00292,0.24765,-120.4,1.0000,-30.7160,0.4741,-14.1455,149.283,ppo_car_spread_a_sampling
43.1208,0.09568,0.0000,0.5731,-0.02182,0.02182,0.22413,-120.4,1.0000,-30.7163,0.4741,-14.1451,149.284,ppo_car_spread_a_sampling
43.1408,0.03229,0.0000,0.1826,-0.04553,0.04554,0.20633,-120.4,1.0000,-30.7168,0.4741,-14.1442,149.284,ppo_car_spread_a_sampling
43.1608,-0.05110,0.0000,0.1826,-0.05230,0.05230,0.38036,-38.3,1.0000,-30.7173,0.4741,-14.1433,149.285,ppo_car_spread_a_sampling
43.1808,-0.12706,0.0000,0.1826,-0.06031,0.06031,0.13613,-38.3,1.0000,-30.7180,0.4741,-14.1422,149.287,ppo_car_spread_a_sampling
43.2008,-0.19250,0.0000,0.1826,-0.06364,0.06365,0.35207,-38.3,1.0000,-30.7186,0.4741,-14.1411,149.287,ppo_car_spread_a_sampling
43.2208,-0.10958,0.0000,0.0258,-0.07135,0.07139,0.38464,-38.3,1.0000,-30.7194,0.4741,-14.1399,149.290,ppo_car_spread_a_sampling
43.2408,-0.04355,0.0000,0.0258,-0.06768,0.06771,0.42489,-5.4,1.0000,-30.7201,0.4741,-14.1388,149.294,ppo_car_spread_a_sampling
43.2608,0.00994,0.0000,0.0258,-0.07124,0.07125,0.36179,-5.4,1.0000,-30.7209,0.4741,-14.1376,149.298,ppo_car_spread_a_sampling
43.2808,0.00994,0.0000,0.0258,-0.07826,0.07826,0.15443,-5.4,1.0000,-30.7217,0.4741,-14.1363,149.297,ppo_car_spread_a_sampling
43.3008,0.08179,0.0000,0.1796,-0.07469,0.07469,0.42341,-5.4,1.0000,-30.7224,0.4741,-14.1350,149.301,ppo_car_spread_a_sampling
43.3208,0.15633,0.0000,0.1796,-0.07770,0.07770,0.43809,-37.7,1.0000,-30.7232,0.4741,-14.1337,149.302,ppo_car_spread_a_sampling
43.3408,0.15633,0.0000,0.1796,-0.09517,0.09521,0.19195,-37.7,1.0000,-30.7241,0.4741,-14.1320,149.301,ppo_car_spread_a_sampling
43.3608,0.15633,0.0000,0.1796,-0.09677,0.09682,0.44818,-37.7,1.0000,-30.7250,0.4741,-14.1303,149.298,ppo_car_spread_a_sampling
43.3808,0.06261,0.4351,0.0000,-0.10679,0.10684,0.09483,-37.7,1.0000,-30.7260,0.4741,-14.1285,149.295,ppo_car_spread_a_sampling
43.4008,0.00689,0.4351,0.0000,-0.06688,0.06690,0.25352,228.4,1.0000,-30.7266,0.4741,-14.1274,149.296,ppo_car_spread_a_sampling
43.4208,-0.07728,0.4351,0.0000,-0.02419,0.02419,0.31321,228.4,1.0000,-30.7268,0.4741,-14.1270,149.297,ppo_car_spread_a_sampling
43.4408,-0.15724,0.4351,0.0000,0.01566,0.01567,0.41680,228.4,1.0000,-30.7266,0.4741,-14.1274,149.297,ppo_car_spread_a_sampling
43.4608,-0.09677,0.0163,0.0000,0.06124,0.06127,0.39566,228.4,1.0000,-30.7259,0.4741,-14.1285,149.291,ppo_car_spread_a_sampling
43.4808,-0.00692,0.0163,0.0000,0.06975,0.06977,0.24768,8.5,1.0000,-30.7250,0.4741,-14.1298,149.286,ppo_car_spread_a_sampling
43.5008,0.01935,0.0163,0.0000,0.06704,0.06704,0.26080,8.5,1.0000,-30.7243,0.4741,-14.1311,149.285,ppo_car_spread_a_sampling
43.5208,0.01935,0.0163,0.0000,0.06657,0.06657,0.41506,8.5,1.0000,-30.7236,0.4741,-14.1323,149.284,ppo_car_spread_a_sampling
43.5408,0.08983,0.3476,0.0000,0.06485,0.06485,0.38022,8.5,1.0000,-30.7229,0.4741,-14.1334,149.285,ppo_car_spread_a_sampling
43.5608,0.17069,0.3476,0.0000,0.10604,0.10606,0.19268,182.5,1.0000,-30.7218,0.4741,-14.1353,149.287,ppo_car_spread_a_sampling
43.5808,0.22700,0.3476,0.0000,0.13856,0.13862,0.41265,182.5,1.0000,-30.7204,0.4741,-14.1378,149.289,ppo_car_spread_a_sampling
43.6008,0.32060,0.3476,0.0000,0.16645,0.16662,0.51279,182.5,1.0000,-30.7188,0.4741,-14.1408,149.296,ppo_car_spread_a_sampling
43.6208,0.37502,0.0000,0.0683,0.20240,0.20278,0.52116,182.5,1.0000,-30.7170,0.4741,-14.1445,149.309,ppo_car_spread_a_sampling
43.6408,0.40365,0.0000,0.0683,0.18986,0.19035,0.00000,0.0,1.0000,-30.7153,0.4741,-14.1479,149.320,ppo_car_spread_a_sampling
43.6608,0.40365,0.0000,0.0683,0.00489,0.00958,0.00000,0.0,1.0000,-30.7155,0.4741,-14.1480,149.321,ppo_car_spread_a_sampling
43.6808,0.40365,0.0000,0.0683,0.00070,0.00283,0.15850,-14.3,1.0000,-30.7156,0.4741,-14.1479,149.322,ppo_car_spread_a_sampling
43.7008,0.31932,0.0000,0.3052,0.00022,0.00132,0.18563,-14.3,1.0000,-30.7157,0.4741,-14.1478,149.322,ppo_car_spread_a_sampling
43.7208,0.25853,0.0000,0.3052,-0.01326,0.01327,0.21186,-64.1,1.0000,-30.7158,0.4741,-14.1474,149.322,ppo_car_spread_a_sampling
43.7408,0.17444,0.0000,0.3052,-0.02938,0.02942,0.24608,-64.1,1.0000,-30.7162,0.4741,-14.1468,149.320,ppo_car_spread_a_sampling
43.7608,0.10128,0.0000,0.3052,-0.03509,0.03512,0.34462,-64.1,1.0000,-30.7166,0.4741,-14.1461,149.314,ppo_car_spread_a_sampling
43.7808,0.03562,0.0000,0.2329,-0.04712,0.04714,0.21229,-64.1,1.0000,-30.7171,0.4741,-14.1451,149.310,ppo_car_spread_a_sampling
43.8008,-0.03915,0.0000,0.2329,-0.05390,0.05391,0.40643,-48.9,1.0000,-30.7176,0.4741,-14.1441,149.304,ppo_car_spread_a_sampling
43.8208,-0.11892,0.0000,0.2329,-0.06453,0.06453,0.33449,-48.9,1.0000,-30.7183,0.4741,-14.1429,149.305,ppo_car_spread_a_sampling
43.8408,-0.17274,0.0000,0.2329,-0.07384,0.07385,0.34497,-48.9,1.0000,-30.7191,0.4741,-14.1416,149.304,ppo_car_spread_a_sampling
43.8608,-0.26481,0.4825,0.0000,-0.08595,0.08599,0.22121,-48.9,1.0000,-30.7201,0.4741,-14.1401,149.304,ppo_car_spread_a_sampling
43.8808,-0.32223,0.4825,0.0000,-0.03987,0.03990,0.13263,253.3,1.0000,-30.7205,0.4741,-14.1395,149.305,ppo_car_spread_a_sampling
43.9008,-0.40612,0.4825,0.0000,0.01120,0.01130,0.41280,253.3,1.0000,-30.7204,0.4741,-14.1397,149.307,ppo_car_spread_a_sampling
43.9208,-0.47763,0.4825,0.0000,0.04995,0.05012,0.46161,253.3,1.0000,-30.7197,0.4741,-14.1406,149.305,ppo_car_spread_a_sampling
43.9408,-0.38822,0.4748,0.0000,0.10416,0.10470,0.18279,253.3,1.0000,-30.7184,0.4741,-14.1424,149.295,ppo_car_spread_a_sampling
43.9608,-0.32573,0.4748,0.0000,0.15060,0.15120,0.20296,249.3,1.0000,-30.7165,0.4741,-14.1450,149.284,ppo_car_spread_a_sampling
43.9808,-0.23960,0.4748,0.0000,0.19679,0.19735,0.21918,249.3,1.0000,-30.7141,0.4741,-14.1483,149.269,ppo_car_spread_a_sampling
44.0008,-0.18234,0.4748,0.0000,0.23543,0.23586,0.54545,249.3,1.0000,-30.7114,0.4741,-14.1524,149.257,ppo_car_spread_a_sampling
44.0208,-0.10572,0.0000,0.0031,0.28044,0.28074,0.59366,249.3,1.0000,-30.7082,0.4741,-14.1572,149.243,ppo_car_spread_a_sampling
44.0408,-0.10572,0.0000,0.0031,0.19050,0.19063,0.00000,0.0,1.0000,-30.7061,0.4741,-14.1605,149.233,ppo_car_spread_a_sampling
44.0608,-0.10572,0.0000,0.0031,0.00539,0.00689,0.00000,0.0,1.0000,-30.7061,0.4741,-14.1604,149.234,ppo_car_spread_a_sampling
44.0808,-0.10572,0.0000,0.0031,0.00457,0.00479,0.32276,-0.6,1.0000,-30.7061,0.4741,-14.1603,149.235,ppo_car_spread_a_sampling
44.1008,-0.19128,0.0000,0.9310,0.00523,0.00528,0.18711,-0.6,1.0000,-30.7061,0.4741,-14.1603,149.232,ppo_car_spread_a_sampling
44.1208,-0.22369,0.0000,0.9310,-0.02890,0.02891,0.25759,-195.5,1.0000,-30.7065,0.4741,-14.1598,149.234,ppo_car_spread_a_sampling
44.1408,-0.22369,0.0000,0.9310,-0.07146,0.07153,0.34588,-195.5,1.0000,-30.7073,0.4741,-14.1585,149.235,ppo_car_spread_a_sampling
44.1608,-0.22369,0.0000,0.9310,-0.10622,0.10634,0.13778,-195.5,1.0000,-30.7086,0.4741,-14.1566,149.242,ppo_car_spread_a_sampling
44.1808,-0.13419,0.1071,0.0000,-0.14156,0.14174,0.26883,-195.5,1.0000,-30.7103,0.4741,-14.1541,149.248,ppo_car_spread_a_sampling
44.2008,-0.07968,0.1071,0.0000,-0.12503,0.12512,0.42729,56.2,1.0000,-30.7117,0.4741,-14.1519,149.255,ppo_car_spread_a_sampling
44.2208,-0.04948,0.1071,0.0000,-0.12083,0.12087,0.41138,56.2,1.0000,-30.7130,0.4741,-14.1498,149.257,ppo_car_spread_a_sampling
44.2408,-0.04948,0.1071,0.0000,-0.10821,0.10822,0.39753,56.2,1.0000,-30.7142,0.4741,-14.1479,149.261,ppo_car_spread_a_sampling
44.2608,0.03177,0.3389,0.0000,-0.09342,0.09343,0.39132,56.2,1.0000,-30.7152,0.4741,-14.1463,149.260,ppo_car_spread_a_sampling
44.2808,0.09553,0.3389,0.0000,-0.06476,0.06476,0.16967,177.9,1.0000,-30.7158,0.4741,-14.1453,149.259,ppo_car_spread_a_sampling
44.3008,0.10140,0.3389,0.0000,-0.03188,0.03188,0.12037,177.9,1.0000,-30.7161,0.4741,-14.1448,149.257,ppo_car_spread_a_sampling
44.3208,0.10140,0.3389,0.0000,0.00277,0.00279,0.31605,177.9,1.0000,-30.7160,0.4741,-14.1449,149.261,ppo_car_spread_a_sampling
44.3408,0.02682,0.4698,0.0000,0.03016,0.03017,0.44147,177.9,1.0000,-30.7156,0.4741,-14.1455,149.260,ppo_car_spread_a_sampling
44.3608,-0.05096,0.4698,0.0000,0.08274,0.08275,0.18988,246.6,1.0000,-30.7147,0.4741,-14.1471,149.261,ppo_car_spread_a_sampling
44.3808,-0.10581,0.4698,0.0000,0.12478,0.12479,0.42250,246.6,1.0000,-30.7134,0.4741,-14.1494,149.262,ppo_car_spread_a_sampling
44.4008,-0.18306,0.4698,0.0000,0.16690,0.16693,0.34017,246.6,1.0000,-30.7115,0.4741,-14.1524,149.258,ppo_car_spread_a_sampling
44.4208,-0.11179,0.2106,0.0000,0.21191,0.21203,0.53733,246.6,1.0000,-30.7091,0.4741,-14.1561,149.250,ppo_car_spread_a_sampling
44.4408,-0.11179,0.2106,0.0000,0.23346,0.23355,0.53123,110.6,1.0000,-30.7065,0.4741,-14.1602,149.244,ppo_car_spread_a_sampling
44.4608,-0.11179,0.2106,0.0000,0.25873,0.25881,0.43562,110.6,1.0000,-30.7037,0.4741,-14.1647,149.236,ppo_car_spread_a_sampling
44.4808,-0.11179,0.2106,0.0000,0.27140,0.27148,0.55181,110.6,1.0000,-30.7007,0.4741,-14.1693,149.227,ppo_car_spread_a_sampling
44.5008,-0.16009,0.0000,0.0946,0.28923,0.28931,0.57676,110.6,1.0000,-30.6976,0.4741,-14.1743,149.221,ppo_car_spread_a_sampling
44.5208,-0.16009,0.0000,0.0946,0.19709,0.19717,0.00000,0.0,1.0000,-30.6955,0.4741,-14.1776,149.217,ppo_car_spread_a_sampling
44.5408,-0.16009,0.0000,0.0946,0.00694,0.00813,0.00000,0.0,1.0000,-30.6954,0.4741,-14.1775,149.218,ppo_car_spread_a_sampling
44.5608,-0.16009,0.0000,0.0946,0.00258,0.00295,0.15135,-19.9,1.0000,-30.6955,0.4741,-14.1773,149.217,ppo_car_spread_a_sampling
44.5808,-0.22516,0.0560,0.0000,0.00191,0.00200,0.33804,-19.9,1.0000,-30.6956,0.4741,-14.1772,149.213,ppo_car_spread_a_sampling
44.6008,-0.30491,0.0560,0.0000,0.00005,0.00022,0.30332,29.4,1.0000,-30.6956,0.4741,-14.1771,149.212,ppo_car_spread_a_sampling
44.6208,-0.36371,0.0560,0.0000,0.01340,0.01345,0.31050,29.4,1.0000,-30.6956,0.4741,-14.1772,149.213,ppo_car_spread_a_sampling
44.6408,-0.44508,0.0560,0.0000,0.01509,0.01516,0.38545,29.4,1.0000,-30.6954,0.4741,-14.1773,149.211,ppo_car_spread_a_sampling
44.6608,-0.35587,0.0000,0.1124,0.02550,0.02560,0.31549,29.4,1.0000,-30.6952,0.4741,-14.1777,149.207,ppo_car_spread_a_sampling
44.6808,-0.29717,0.0000,0.1124,0.02509,0.02517,0.27775,-23.6,1.0000,-30.6949,0.4741,-14.1781,149.205,ppo_car_spread_a_sampling
44.7008,-0.21281,0.0000,0.1124,0.01240,0.01247,0.20796,-23.6,1.0000,-30.6948,0.4741,-14.1782,149.203,ppo_car_spread_a_sampling
44.7208,-0.13321,0.0000,0.1124,0.00253,0.00256,0.22729,-23.6,1.0000,-30.6948,0.4741,-14.1782,149.202,ppo_car_spread_a_sampling
44.7408,-0.07870,0.1666,0.0000,0.00602,0.00603,0.19210,-23.6,1.0000,-30.6947,0.4741,-14.1783,149.204,ppo_car_spread_a_sampling
44.7608,-0.00333,0.1666,0.0000,0.01436,0.01436,0.29548,87.5,1.0000,-30.6946,0.4741,-14.1785,149.202,ppo_car_spread_a_sampling
44.7808,0.08069,0.1666,0.0000,0.03399,0.03400,0.34200,87.5,1.0000,-30.6942,0.4741,-14.1791,149.203,ppo_car_spread_a_sampling
44.8008,0.16522,0.1666,0.0000,0.04952,0.04952,0.30915,87.5,1.0000,-30.6937,0.4741,-14.1800,149.204,ppo_car_spread_a_sampling
44.8208,0.19648,0.0000,0.5321,0.06884,0.06887,0.39562,87.5,1.0000,-30.6930,0.4741,-14.1813,149.202,ppo_car_spread_a_sampling
44.8408,0.19648,0.0000,0.5321,0.05390,0.05394,0.29513,-111.7,1.0000,-30.6925,0.4741,-14.1822,149.204,ppo_car_spread_a_sampling
44.8608,0.19648,0.0000,0.5321,0.03662,0.03665,0.33411,-111.7,1.0000,-30.6921,0.4741,-14.1829,149.207,ppo_car_spread_a_sampling
44.8808,0.19648,0.0000,0.5321,0.00342,0.00342,0.25438,-111.7,1.0000,-30.6921,0.4741,-14.1830,149.208,ppo_car_spread_a_sampling
44.9008,0.16453,0.0000,0.0695,-0.01048,0.01049,0.34533,-111.7,1.0000,-30.6922,0.4741,-14.1828,149.208,ppo_car_spread_a_sampling
44.9208,0.16453,0.0000,0.0695,-0.01765,0.01767,0.19001,-14.6,1.0000,-30.6924,0.4741,-14.1825,149.206,ppo_car_spread_a_sampling
44.9408,0.16453,0.0000,0.0695,-0.01535,0.01536,0.24088,-14.6,1.0000,-30.6925,0.4741,-14.1822,149.204,ppo_car_spread_a_sampling
44.9608,0.16453,0.0000,0.0695,-0.02216,0.02217,0.36784,-14.6,1.0000,-30.6927,0.4741,-14.1818,149.202,ppo_car_spread_a_sampling
44.9808,0.10972,0.3527,0.0000,-0.02400,0.02402,0.29326,-14.6,1.0000,-30.6930,0.4741,-14.1814,149.199,ppo_car_spread_a_sampling
45.0008,0.03505,0.3527,0.0000,0.00555,0.00555,0.24079,185.2,1.0000,-30.6929,0.4741,-14.1815,149.201,ppo_car_spread_a_sampling
45.0208,-0.05085,0.3527,0.0000,0.04140,0.04140,0.17200,185.2,1.0000,-30.6924,0.4741,-14.1823,149.202,ppo_car_spread_a_sampling
45.0408,-0.13374,0.3527,0.0000,0.07454,0.07454,0.43816,185.2,1.0000,-30.6916,0.4741,-14.1836,149.199,ppo_car_spread_a_sampling
45.0608,-0.07686,0.3304,0.0000,0.10662,0.10665,0.47592,185.2,1.0000,-30.6904,0.4741,-14.1855,149.194,ppo_car_spread_a_sampling
45.0808,0.01101,0.3304,0.0000,0.14234,0.14237,0.19834,173.5,1.0000,-30.6889,0.4741,-14.1880,149.191,ppo_car_spread_a_sampling
45.1008,0.09169,0.3304,0.0000,0.17184,0.17184,0.50246,173.5,1.0000,-30.6870,0.4741,-14.1911,149.189,ppo_car_spread_a_sampling
45.1208,0.10885,0.3304,0.0000,0.19844,0.19845,0.52693,173.5,1.0000,-30.6850,0.4741,-14.1946,149.191,ppo_car_spread_a_sampling
45.1408,0.04188,0.0000,0.2656,0.24382,0.24387,0.22311,173.5,1.0000,-30.6825,0.4741,-14.1990,149.197,ppo_car_spread_a_sampling
45.1608,-0.05099,0.0000,0.2656,0.19096,0.19098,0.00000,0.0,1.0000,-30.6806,0.4741,-14.2023,149.199,ppo_car_spread_a_sampling
45.1808,-0.10825,0.0000,0.2656,0.00571,0.00572,0.00000,0.0,1.0000,-30.6806,0.4741,-14.2023,149.200,ppo_car_spread_a_sampling
45.2008,-0.17913,0.0000,0.2656,-0.00507,0.00508,0.13026,-55.8,1.0000,-30.6807,0.4741,-14.2021,149.200,ppo_car_spread_a_sampling
45.2208,-0.26386,0.0000,0.3933,-0.01325,0.01326,0.25859,-55.8,1.0000,-30.6809,0.4741,-14.2017,149.197,ppo_car_spread_a_sampling
45.2408,-0.34046,0.0000,0.3933,-0.03118,0.03125,0.27233,-82.6,1.0000,-30.6814,0.4741,-14.2011,149.199,ppo_car_spread_a_sampling
45.2609,-0.39528,0.0000,0.3933,-0.04830,0.04843,0.25673,-82.6,1.0000,-30.6820,0.4741,-14.2002,149.200,ppo_car_spread_a_sampling
45.2809,-0.48740,0.0000,0.3933,-0.05416,0.05434,0.39491,-82.6,1.0000,-30.6827,0.4741,-14.1992,149.206,ppo_car_spread_a_sampling
45.3009,-0.43052,0.2149,0.0000,-0.08256,0.08300,0.20797,-82.6,1.0000,-30.6837,0.4741,-14.1978,149.215,ppo_car_spread_a_sampling
45.3209,-0.33975,0.2149,0.0000,-0.05801,0.05830,0.20440,112.8,1.0000,-30.6845,0.4741,-14.1968,149.220,ppo_car_spread_a_sampling
45.3409,-0.26702,0.2149,0.0000,-0.03561,0.03571,0.26655,112.8,1.0000,-30.6849,0.4741,-14.1962,149.223,ppo_car_spread_a_sampling
45.3609,-0.21095,0.2149,0.0000,-0.01557,0.01560,0.34677,112.8,1.0000,-30.6850,0.4741,-14.1960,149.227,ppo_car_spread_a_sampling
45.3809,-0.30218,0.0000,0.2147,0.01385,0.01386,0.31350,112.8,1.0000,-30.6849,0.4741,-14.1962,149.228,ppo_car_spread_a_sampling
45.4009,-0.36155,0.0000,0.2147,-0.00158,0.00158,0.34359,-45.1,1.0000,-30.6849,0.4741,-14.1962,149.229,ppo_car_spread_a_sampling
45.4209,-0.44381,0.0000,0.2147,-0.00618,0.00625,0.32956,-45.1,1.0000,-30.6849,0.4741,-14.1961,149.227,ppo_car_spread_a_sampling
45.4409,-0.52275,0.0000,0.2147,-0.00946,0.00951,0.36944,-45.1,1.0000,-30.6850,0.4741,-14.1960,149.227,ppo_car_spread_a_sampling
45.4609,-0.45947,0.0000,0.0922,-0.02239,0.02253,0.29512,-45.1,1.0000,-30.6853,0.4741,-14.1957,149.227,ppo_car_spread_a_sampling
45.4809,-0.43225,0.0000,0.0922,-0.03357,0.03375,0.18068,-19.4,1.0000,-30.6857,0.4741,-14.1951,149.230,ppo_car_spread_a_sampling
45.5009,-0.43225,0.0000,0.0922,-0.03220,0.03231,0.36658,-19.4,1.0000,-30.6860,0.4741,-14.1946,149.233,ppo_car_spread_a_sampling
45.5209,-0.43225,0.0000,0.0922,-0.03833,0.03846,0.25261,-19.4,1.0000,-30.6865,0.4741,-14.1940,149.235,ppo_car_spread_a_sampling
45.5409,-0.34012,0.2574,0.0000,-0.03530,0.03546,0.40369,-19.4,1.0000,-30.6869,0.4741,-14.1935,149.238,ppo_car_spread_a_sampling
45.5609,-0.26147,0.2574,0.0000,-0.02166,0.02175,0.32857,135.1,1.0000,-30.6871,0.4741,-14.1931,149.239,ppo_car_spread_a_sampling
45.5809,-0.18379,0.2574,0.0000,0.00890,0.00892,0.39538,135.1,1.0000,-30.6870,0.4741,-14.1933,149.237,ppo_car_spread_a_sampling
45.6009,-0.12923,0.2574,0.0000,0.03876,0.03880,0.27280,135.1,1.0000,-30.6865,0.4741,-14.1940,149.239,ppo_car_spread_a_sampling
45.6209,-0.22090,0.0000,0.0024,0.05936,0.05939,0.20633,135.1,1.0000,-30.6858,0.4741,-14.1951,149.238,ppo_car_spread_a_sampling
45.6409,-0.24388,0.0000,0.0024,0.05748,0.05754,0.27439,-0.5,1.0000,-30.6852,0.4741,-14.1961,149.235,ppo_car_spread_a_sampling
45.6609,-0.24388,0.0000,0.0024,0.06247,0.06254,0.24146,-0.5,1.0000,-30.6844,0.4741,-14.1972,149.233,ppo_car_spread_a_sampling
45.6809,-0.24388,0.0000,0.0024,0.06133,0.06140,0.24501,-0.5,1.0000,-30.6837,0.4741,-14.1983,149.231,ppo_car_spread_a_sampling
45.7009,-0.16060,0.0000,0.1709,0.05891,0.05899,0.36351,-0.5,1.0000,-30.6831,0.4741,-14.1993,149.232,ppo_car_spread_a_sampling
45.7209,-0.09341,0.0000,0.1709,0.05639,0.05643,0.24350,-35.9,1.0000,-30.6824,0.4741,-14.2002,149.231,ppo_car_spread_a_sampling
45.7409,-0.02149,0.0000,0.1709,0.04660,0.04662,0.29229,-35.9,1.0000,-30.6819,0.4741,-14.2010,149.232,ppo_car_spread_a_sampling
45.7609,0.05120,0.0000,0.1709,0.04295,0.04295,0.30376,-35.9,1.0000,-30.6815,0.4741,-14.2017,149.234,ppo_car_spread_a_sampling
45.7809,-0.02671,0.3400,0.0000,0.03087,0.03087,0.33870,-35.9,1.0000,-30.6812,0.4741,-14.2022,149.235,ppo_car_spread_a_sampling
45.8009,-0.08251,0.3400,0.0000,0.06372,0.06373,0.15810,178.5,1.0000,-30.6806,0.4741,-14.2033,149.234,ppo_car_spread_a_sampling
45.8209,-0.16390,0.3400,0.0000,0.09602,0.09604,0.36090,178.5,1.0000,-30.6795,0.4741,-14.2050,149.232,ppo_car_spread_a_sampling
45.8409,-0.23841,0.3400,0.0000,0.13565,0.13571,0.21921,178.5,1.0000,-30.6780,0.4741,-14.2073,149.230,ppo_car_spread_a_sampling
45.8609,-0.15203,0.1043,0.0000,0.15937,0.15952,0.51927,178.5,1.0000,-30.6763,0.4741,-14.2100,149.225,ppo_car_spread_a_sampling
45.8809,-0.07356,0.1043,0.0000,0.17592,0.17604,0.47248,54.8,1.0000,-30.6743,0.4741,-14.2130,149.221,ppo_car_spread_a_sampling
45.9009,-0.02503,0.1043,0.0000,0.18826,0.18831,0.16012,54.8,1.0000,-30.6723,0.4741,-14.2163,149.216,ppo_car_spread_a_sampling
45.9209,0.05480,0.1043,0.0000,0.19858,0.19860,0.27944,54.8,1.0000,-30.6702,0.4741,-14.2197,149.212,ppo_car_spread_a_sampling
45.9409,-0.03464,0.0000,0.1520,0.20351,0.20351,0.49496,54.8,1.0000,-30.6681,0.4741,-14.2232,149.210,ppo_car_spread_a_sampling
45.9609,-0.10778,0.0000,0.1520,0.19378,0.19378,0.00000,0.0,1.0000,-30.6661,0.4741,-14.2265,149.210,ppo_car_spread_a_sampling
45.9809,-0.17624,0.0000,0.1520,0.00645,0.00671,0.00000,0.0,1.0000,-30.6662,0.4741,-14.2264,149.211,ppo_car_spread_a_sampling
46.0009,-0.25097,0.0000,0.1520,0.00113,0.00120,0.31654,-31.9,1.0000,-30.6662,0.4741,-14.2263,149.210,ppo_car_spread_a_sampling
46.0209,-0.32608,0.1866,0.0000,-0.00056,0.00075,0.35225,-31.9,1.0000,-30.6663,0.4741,-14.2262,149.210,ppo_car_spread_a_sampling
46.0409,-0.40586,0.1866,0.0000,0.00749,0.00752,0.38655,98.0,1.0000,-30.6663,0.4741,-14.2262,149.206,ppo_car_spread_a_sampling
46.0609,-0.43540,0.1866,0.0000,0.03273,0.03284,0.21719,98.0,1.0000,-30.6659,0.4741,-14.2267,149.203,ppo_car_spread_a_sampling
46.0809,-0.43540,0.1866,0.0000,0.04918,0.04937,0.11040,98.0,1.0000,-30.6654,0.4741,-14.2275,149.198,ppo_car_spread_a_sampling
46.1009,-0.35713,0.1868,0.0000,0.06759,0.06791,0.21164,98.0,1.0000,-30.6646,0.4741,-14.2285,149.192,ppo_car_spread_a_sampling
46.1209,-0.30121,0.1868,0.0000,0.08109,0.08133,0.40465,98.1,1.0000,-30.6636,0.4741,-14.2299,149.183,ppo_car_spread_a_sampling
46.1409,-0.22475,0.1868,0.0000,0.10307,0.10330,0.38945,98.1,1.0000,-30.6624,0.4741,-14.2316,149.179,ppo_car_spread_a_sampling
46.1609,-0.20085,0.1868,0.0000,0.12253,0.12273,0.32692,98.1,1.0000,-30.6610,0.4741,-14.2337,149.170,ppo_car_spread_a_sampling
46.1809,-0.13217,0.1142,0.0000,0.13950,0.13966,0.32150,98.1,1.0000,-30.6594,0.4741,-14.2361,149.166,ppo_car_spread_a_sampling
46.2009,-0.05608,0.1142,0.0000,0.15608,0.15617,0.10473,59.9,1.0000,-30.6577,0.4741,-14.2387,149.161,ppo_car_spread_a_sampling
46.2209,0.02150,0.1142,0.0000,0.16287,0.16291,0.18196,59.9,1.0000,-30.6559,0.4741,-14.2416,149.160,ppo_car_spread_a_sampling
46.2409,0.07739,0.1142,0.0000,0.17426,0.17426,0.34136,59.9,1.0000,-30.6541,0.4741,-14.2446,149.161,ppo_car_spread_a_sampling
46.2609,-0.00744,0.0000,0.1760,0.18409,0.18410,0.50580,59.9,1.0000,-30.6522,0.4741,-14.2478,149.161,ppo_car_spread_a_sampling
46.2809,-0.02400,0.0000,0.1760,0.18439,0.18439,0.00000,0.0,1.0000,-30.6503,0.4741,-14.2510,149.163,ppo_car_spread_a_sampling
46.3009,-0.02400,0.0000,0.1760,0.00537,0.00537,0.00000,0.0,1.0000,-30.6504,0.4741,-14.2510,149.164,ppo_car_spread_a_sampling
46.3209,-0.02400,0.0000,0.1760,0.00346,0.00346,0.24338,-37.0,1.0000,-30.6504,0.4741,-14.2510,149.166,ppo_car_spread_a_sampling
46.3409,-0.09674,0.1849,0.0000,-0.01111,0.01111,0.26303,-37.0,1.0000,-30.6506,0.4741,-14.2507,149.166,ppo_car_spread_a_sampling
46.3609,-0.18861,0.1849,0.0000,0.01196,0.01197,0.30846,97.1,1.0000,-30.6505,0.4741,-14.2508,149.169,ppo_car_spread_a_sampling
46.3809,-0.26219,0.1849,0.0000,0.02612,0.02614,0.28600,97.1,1.0000,-30.6502,0.4741,-14.2512,149.171,ppo_car_spread_a_sampling
46.4009,-0.28453,0.1849,0.0000,0.04321,0.04327,0.42516,97.1,1.0000,-30.6497,0.4741,-14.2520,149.173,ppo_car_spread_a_sampling
46.4209,-0.35953,0.2502,0.0000,0.05660,0.05670,0.43455,97.1,1.0000,-30.6491,0.4741,-14.2529,149.174,ppo_car_spread_a_sampling
46.4409,-0.41970,0.2502,0.0000,0.08461,0.08484,0.21746,131.4,1.0000,-30.6481,0.4741,-14.2543,149.167,ppo_car_spread_a_sampling
46.4609,-0.41970,0.2502,0.0000,0.10639,0.10678,0.39577,131.4,1.0000,-30.6468,0.4741,-14.2561,149.158,ppo_car_spread_a_sampling
46.4809,-0.41970,0.2502,0.0000,0.13756,0.13810,0.17922,131.4,1.0000,-30.6451,0.4741,-14.2584,149.147,ppo_car_spread_a_sampling
46.5009,-0.34317,0.0000,0.0488,0.15947,0.16014,0.21160,131.4,1.0000,-30.6432,0.4741,-14.2611,149.134,ppo_car_spread_a_sampling
46.5209,-0.25988,0.0000,0.0488,0.16191,0.16242,0.00000,0.0,1.0000,-30.6412,0.4741,-14.2638,149.119,ppo_car_spread_a_sampling
46.5409,-0.18843,0.0000,0.0488,0.00348,0.00821,0.00000,0.0,1.0000,-30.6411,0.4741,-14.2636,149.120,ppo_car_spread_a_sampling
46.5609,-0.12844,0.0000,0.0488,0.00600,0.00663,0.26028,-10.2,1.0000,-30.6410,0.4741,-14.2637,149.122,ppo_car_spread_a_sampling
46.5809,-0.21216,0.5909,0.0000,-0.00107,0.00135,0.20481,-10.2,1.0000,-30.6411,0.4741,-14.2636,149.125,ppo_car_spread_a_sampling
46.6009,-0.29319,0.5909,0.0000,0.05593,0.05600,0.30362,310.2,1.0000,-30.6404,0.4741,-14.2645,149.121,ppo_car_spread_a_sampling
46.6209,-0.37000,0.5909,0.0000,0.11322,0.11343,0.32427,310.2,1.0000,-30.6391,0.4741,-14.2665,149.117,ppo_car_spread_a_sampling
46.6409,-0.42453,0.5909,0.0000,0.16970,0.17024,0.47329,310.2,1.0000,-30.6371,0.4741,-14.2693,149.103,ppo_car_spread_a_sampling
46.6609,-0.34780,0.0000,0.1581,0.22473,0.22562,0.37313,310.2,1.0000,-30.6344,0.4741,-14.2731,149.084,ppo_car_spread_a_sampling
46.6809,-0.26483,0.0000,0.1581,0.18889,0.18952,0.00000,0.0,1.0000,-30.6321,0.4741,-14.2762,149.073,ppo_car_spread_a_sampling
46.7009,-0.20528,0.0000,0.1581,0.00429,0.00994,0.00000,0.0,1.0000,-30.6320,0.4741,-14.2761,149.074,ppo_car_spread_a_sampling
46.7209,-0.11930,0.0000,0.1581,-0.00388,0.00477,0.08711,-33.2,1.0000,-30.6320,0.4741,-14.2759,149.075,ppo_car_spread_a_sampling
46.7409,-0.19364,0.0989,0.0000,-0.01432,0.01434,0.29706,-33.2,1.0000,-30.6322,0.4741,-14.2756,149.074,ppo_car_spread_a_sampling
46.7609,-0.25301,0.0989,0.0000,0.00023,0.00062,0.32612,51.9,1.0000,-30.6323,0.4741,-14.2755,149.078,ppo_car_spread_a_sampling
46.7809,-0.33280,0.0989,0.0000,0.01573,0.01575,0.33341,51.9,1.0000,-30.6321,0.4741,-14.2758,149.081,ppo_car_spread_a_sampling
46.8009,-0.35121,0.0989,0.0000,0.02547,0.02555,0.31522,51.9,1.0000,-30.6318,0.4741,-14.2762,149.081,ppo_car_spread_a_sampling
46.8209,-0.29068,0.1434,0.0000,0.02918,0.02926,0.34899,51.9,1.0000,-30.6315,0.4741,-14.2766,149.081,ppo_car_spread_a_sampling
46.8409,-0.29068,0.1434,0.0000,0.04137,0.04145,0.42335,75.3,1.0000,-30.6310,0.4741,-14.2773,149.084,ppo_car_spread_a_sampling
46.8609,-0.11445,0.1434,0.0000,0.05410,0.05421,0.41711,75.3,1.0000,-30.6304,0.4741,-14.2782,149.083,ppo_car_spread_a_sampling
46.8809,-0.03791,0.1434,0.0000,0.07135,0.07140,0.19686,75.3,1.0000,-30.6296,0.4741,-14.2795,149.080,ppo_car_spread_a_sampling
46.9009,-0.09634,0.1174,0.0000,0.08746,0.08748,0.27879,75.3,1.0000,-30.6287,0.4741,-14.2810,149.079,ppo_car_spread_a_sampling
46.9209,-0.17383,0.1174,0.0000,0.10170,0.10172,0.20241,61.7,1.0000,-30.6276,0.4741,-14.2828,149.077,ppo_car_spread_a_sampling
46.9409,-0.24929,0.1174,0.0000,0.10999,0.11005,0.16706,61.7,1.0000,-30.6263,0.4741,-14.2847,149.074,ppo_car_spread_a_sampling
46.9609,-0.28215,0.1174,0.0000,0.12032,0.12046,0.19467,61.7,1.0000,-30.6250,0.4741,-14.2867,149.068,ppo_car_spread_a_sampling
46.9809,-0.20790,0.0000,0.2789,0.13206,0.13227,0.26232,61.7,1.0000,-30.6235,0.4741,-14.2890,149.063,ppo_car_spread_a_sampling
47.0009,-0.13310,0.0000,0.2789,0.13831,0.13848,0.00000,0.0,1.0000,-30.6219,0.4741,-14.2913,149.053,ppo_car_spread_a_sampling
47.0209,-0.12511,0.0000,0.2789,0.00367,0.00535,0.00000,0.0,1.0000,-30.6218,0.4741,-14.2912,149.053,ppo_car_spread_a_sampling
47.0409,-0.12511,0.0000,0.2789,-0.01100,0.01104,0.25909,-58.6,1.0000,-30.6220,0.4741,-14.2910,149.054,ppo_car_spread_a_sampling
47.0609,-0.04424,0.0000,0.0441,-0.01642,0.01642,0.36937,-58.6,1.0000,-30.6222,0.4741,-14.2906,149.055,ppo_car_spread_a_sampling
47.0809,0.02333,0.0000,0.0441,-0.01670,0.01670,0.38381,-9.3,1.0000,-30.6224,0.4741,-14.2903,149.055,ppo_car_spread_a_sampling
47.1009,0.08273,0.0000,0.0441,-0.02227,0.02227,0.27555,-9.3,1.0000,-30.6227,0.4741,-14.2898,149.056,ppo_car_spread_a_sampling
47.1209,0.17051,0.0000,0.0441,-0.02520,0.02520,0.30691,-9.3,1.0000,-30.6229,0.4741,-14.2894,149.051,ppo_car_spread_a_sampling
47.1409,0.10238,0.4197,0.0000,-0.01811,0.01811,0.39093,-9.3,1.0000,-30.6231,0.4741,-14.2890,149.048,ppo_car_spread_a_sampling
47.1609,0.03509,0.4197,0.0000,0.01264,0.01265,0.41281,220.4,1.0000,-30.6230,0.4741,-14.2893,149.045,ppo_car_spread_a_sampling
47.1809,-0.02944,0.4197,0.0000,0.05450,0.05450,0.28066,220.4,1.0000,-30.6224,0.4741,-14.2903,149.045,ppo_car_spread_a_sampling
47.2009,-0.12129,0.4197,0.0000,0.09700,0.09700,0.39294,220.4,1.0000,-30.6214,0.4741,-14.2920,149.042,ppo_car_spread_a_sampling
47.2209,-0.03841,0.0000,0.2270,0.13906,0.13909,0.21735,220.4,1.0000,-30.6198,0.4741,-14.2944,149.039,ppo_car_spread_a_sampling
47.2409,0.03989,0.0000,0.2270,0.15130,0.15131,0.00000,0.0,1.0000,-30.6182,0.4741,-14.2971,149.039,ppo_car_spread_a_sampling
47.2609,0.10254,0.0000,0.2270,0.00336,0.00336,0.00000,0.0,1.0000,-30.6182,0.4741,-14.2971,149.040,ppo_car_spread_a_sampling
47.2809,0.10254,0.0000,0.2270,-0.00296,0.00297,0.28771,-47.7,1.0000,-30.6182,0.4741,-14.2970,149.042,ppo_car_spread_a_sampling
47.3009,0.17361,0.0000,0.4555,-0.01422,0.01422,0.30856,-47.7,1.0000,-30.6184,0.4741,-14.2967,149.043,ppo_car_spread_a_sampling
47.3209,0.23456,0.0000,0.4555,-0.03535,0.03538,0.28803,-95.7,1.0000,-30.6187,0.4741,-14.2960,149.041,ppo_car_spread_a_sampling
47.3409,0.31784,0.0000,0.4555,-0.05456,0.05461,0.25714,-95.7,1.0000,-30.6193,0.4741,-14.2950,149.040,ppo_car_spread_a_sampling
47.3609,0.34194,0.0000,0.4555,-0.06956,0.06971,0.23737,-95.7,1.0000,-30.6200,0.4741,-14.2937,149.035,ppo_car_spread_a_sampling
47.3809,0.28136,0.0000,0.3933,-0.09078,0.09102,0.19177,-95.7,1.0000,-30.6208,0.4741,-14.2920,149.029,ppo_car_spread_a_sampling
47.4009,0.20352,0.0000,0.3933,-0.09908,0.09927,0.43922,-82.6,1.0000,-30.6217,0.4741,-14.2902,149.022,ppo_car_spread_a_sampling
47.4209,0.12092,0.0000,0.3933,-0.11889,0.11903,0.43564,-82.6,1.0000,-30.6229,0.4741,-14.2881,149.014,ppo_car_spread_a_sampling
47.4409,0.05975,0.0000,0.3933,-0.13206,0.13214,0.11932,-82.6,1.0000,-30.6242,0.4741,-14.2857,149.009,ppo_car_spread_a_sampling
47.4609,0.05133,0.1742,0.0000,-0.13959,0.13962,0.46763,-82.6,1.0000,-30.6256,0.4741,-14.2833,149.005,ppo_car_spread_a_sampling
47.4809,0.05133,0.1742,0.0000,-0.12611,0.12612,0.45062,91.5,1.0000,-30.6269,0.4741,-14.2811,149.006,ppo_car_spread_a_sampling
47.5009,0.05133,0.1742,0.0000,-0.10840,0.10841,0.38289,91.5,1.0000,-30.6279,0.4741,-14.2792,149.004,ppo_car_spread_a_sampling
47.5209,0.05133,0.1742,0.0000,-0.09419,0.09420,0.30234,91.5,1.0000,-30.6289,0.4741,-14.2776,149.002,ppo_car_spread_a_sampling
47.5409,-0.03086,0.3891,0.0000,-0.07202,0.07202,0.35028,91.5,1.0000,-30.6296,0.4741,-14.2765,149.001,ppo_car_spread_a_sampling
47.5609,-0.10821,0.3891,0.0000,-0.04191,0.04191,0.31257,204.3,1.0000,-30.6300,0.4741,-14.2758,149.004,ppo_car_spread_a_sampling
47.5809,-0.18625,0.3891,0.0000,0.00001,0.00042,0.32273,204.3,1.0000,-30.6299,0.4741,-14.2759,149.002,ppo_car_spread_a_sampling
47.6009,-0.20406,0.3891,0.0000,0.03262,0.03266,0.43187,204.3,1.0000,-30.6295,0.4741,-14.2766,149.002,ppo_car_spread_a_sampling
47.6209,-0.13587,0.0000,0.2009,0.07226,0.07233,0.38322,204.3,1.0000,-30.6286,0.4741,-14.2779,148.996,ppo_car_spread_a_sampling
47.6409,-0.04274,0.0000,0.2009,0.06276,0.06281,0.38061,-42.2,1.0000,-30.6278,0.4741,-14.2791,148.995,ppo_car_spread_a_sampling
47.6609,-0.02733,0.0000,0.2009,0.06433,0.06434,0.28161,-42.2,1.0000,-30.6271,0.4741,-14.2802,148.995,ppo_car_spread_a_sampling
47.6809,-0.02733,0.0000,0.2009,0.05520,0.05520,0.29170,-42.2,1.0000,-30.6265,0.4741,-14.2812,148.993,ppo_car_spread_a_sampling
47.7009,-0.11914,0.0000,0.2274,0.04753,0.04753,0.30153,-42.2,1.0000,-30.6260,0.4741,-14.2821,148.994,ppo_car_spread_a_sampling
47.7209,-0.18204,0.0000,0.2274,0.04078,0.04079,0.30582,-47.7,1.0000,-30.6256,0.4741,-14.2828,148.994,ppo_car_spread_a_sampling
47.7409,-0.27760,0.0000,0.2274,0.02649,0.02651,0.28005,-47.7,1.0000,-30.6253,0.4741,-14.2832,148.993,ppo_car_spread_a_sampling
47.7609,-0.31000,0.0000,0.2274,0.01432,0.01433,0.35961,-47.7,1.0000,-30.6251,0.4741,-14.2834,148.990,ppo_car_spread_a_sampling
47.7809,-0.35211,0.0000,0.0156,0.01053,0.01054,0.27620,-47.7,1.0000,-30.6250,0.4741,-14.2835,148.988,ppo_car_spread_a_sampling
47.8009,-0.35211,0.0000,0.0156,0.00494,0.00495,0.21205,-3.3,1.0000,-30.6250,0.4741,-14.2836,148.984,ppo_car_spread_a_sampling
47.8209,-0.35211,0.0000,0.0156,0.00290,0.00296,0.25377,-3.3,1.0000,-30.6250,0.4741,-14.2836,148.983,ppo_car_spread_a_sampling
47.8409,-0.35211,0.0000,0.0156,-0.00075,0.00077,0.22290,-3.3,1.0000,-30.6250,0.4741,-14.2835,148.984,ppo_car_spread_a_sampling
47.8609,-0.43430,0.0000,0.0254,0.00424,0.00428,0.32189,-3.3,1.0000,-30.6250,0.4741,-14.2836,148.982,ppo_car_spread_a_sampling
47.8809,-0.48105,0.0000,0.0254,0.00227,0.00228,0.24584,-5.3,1.0000,-30.6250,0.4741,-14.2836,148.983,ppo_car_spread_a_sampling
47.9009,-0.48105,0.0000,0.0254,-0.00062,0.00063,0.18189,-5.3,1.0000,-30.6250,0.4741,-14.2835,148.984,ppo_car_spread_a_sampling
47.9209,-0.48105,0.0000,0.0254,-0.00140,0.00141,0.18263,-5.3,1.0000,-30.6251,0.4741,-14.2835,148.986,ppo_car_spread_a_sampling
47.9409,-0.41988,0.0000,0.4456,0.00443,0.00444,0.34967,-5.3,1.0000,-30.6250,0.4741,-14.2835,148.989,ppo_car_spread_a_sampling
47.9609,-0.33451,0.0000,0.4456,-0.01562,0.01570,0.36661,-93.6,1.0000,-30.6252,0.4741,-14.2832,148.987,ppo_car_spread_a_sampling
47.9809,-0.26018,0.0000,0.4456,-0.03165,0.03180,0.42169,-93.6,1.0000,-30.6256,0.4741,-14.2827,148.991,ppo_car_spread_a_sampling
48.0009,-0.20508,0.0000,0.4456,-0.05344,0.05357,0.40524,-93.6,1.0000,-30.6263,0.4741,-14.2818,148.992,ppo_car_spread_a_sampling
48.0209,-0.27074,0.0000,0.6417,-0.07026,0.07036,0.41350,-93.6,1.0000,-30.6271,0.4741,-14.2805,148.999,ppo_car_spread_a_sampling
48.0409,-0.27074,0.0000,0.6417,-0.09619,0.09635,0.17631,-134.8,1.0000,-30.6282,0.4741,-14.2789,149.002,ppo_car_spread_a_sampling
48.0609,-0.27074,0.0000,0.6417,-0.11449,0.11467,0.47159,-134.8,1.0000,-30.6296,0.4741,-14.2769,149.007,ppo_car_spread_a_sampling
48.0809,-0.27074,0.0000,0.6417,-0.14439,0.14465,0.16790,-134.8,1.0000,-30.6312,0.4741,-14.2745,149.016,ppo_car_spread_a_sampling
48.1009,-0.18250,0.2366,0.0000,-0.16477,0.16507,0.52452,-134.8,1.0000,-30.6332,0.4741,-14.2717,149.024,ppo_car_spread_a_sampling
48.1209,-0.10678,0.2366,0.0000,-0.14641,0.14659,0.36994,124.2,1.0000,-30.6348,0.4741,-14.2693,149.026,ppo_car_spread_a_sampling
48.1409,-0.05407,0.2366,0.0000,-0.11825,0.11833,0.44083,124.2,1.0000,-30.6361,0.4741,-14.2673,149.029,ppo_car_spread_a_sampling
48.1609,-0.00957,0.2366,0.0000,-0.09896,0.09899,0.34812,124.2,1.0000,-30.6371,0.4741,-14.2656,149.032,ppo_car_spread_a_sampling
48.1809,0.00874,0.0428,0.0000,-0.07368,0.07369,0.33805,124.2,1.0000,-30.6378,0.4741,-14.2644,149.032,ppo_car_spread_a_sampling
48.2009,0.00874,0.0428,0.0000,-0.07882,0.07882,0.23765,22.5,1.0000,-30.6386,0.4741,-14.2631,149.034,ppo_car_spread_a_sampling
48.2209,0.00874,0.0428,0.0000,-0.07312,0.07312,0.25836,22.5,1.0000,-30.6393,0.4741,-14.2619,149.035,ppo_car_spread_a_sampling
48.2409,0.00874,0.0428,0.0000,-0.06739,0.06739,0.24366,22.5,1.0000,-30.6400,0.4741,-14.2608,149.037,ppo_car_spread_a_sampling
48.2609,0.09822,0.1778,0.0000,-0.06536,0.06536,0.26247,22.5,1.0000,-30.6406,0.4741,-14.2597,149.039,ppo_car_spread_a_sampling
48.2809,0.15564,0.1778,0.0000,-0.04703,0.04703,0.30264,93.4,1.0000,-30.6411,0.4741,-14.2590,149.039,ppo_car_spread_a_sampling
48.3009,0.19838,0.1778,0.0000,-0.02839,0.02840,0.25700,93.4,1.0000,-30.6413,0.4741,-14.2586,149.038,ppo_car_spread_a_sampling
48.3209,0.19838,0.1778,0.0000,-0.01022,0.01023,0.35586,93.4,1.0000,-30.6413,0.4741,-14.2585,149.042,ppo_car_spread_a_sampling
48.3409,0.12592,0.0000,0.2697,0.00823,0.00825,0.35177,93.4,1.0000,-30.6412,0.4741,-14.2587,149.040,ppo_car_spread_a_sampling
48.3609,0.12592,0.0000,0.2697,-0.00194,0.00194,0.18148,-56.6,1.0000,-30.6412,0.4741,-14.2587,149.041,ppo_car_spread_a_sampling
48.3809,0.12592,0.0000,0.2697,-0.00849,0.00849,0.20290,-56.6,1.0000,-30.6413,0.4741,-14.2586,149.041,ppo_car_spread_a_sampling
48.4009,0.12592,0.0000,0.2697,-0.02292,0.02293,0.37488,-56.6,1.0000,-30.6415,0.4741,-14.2582,149.039,ppo_car_spread_a_sampling
48.4209,0.20817,0.1217,0.0000,-0.03005,0.03006,0.38143,-56.6,1.0000,-30.6418,0.4741,-14.2576,149.039,ppo_car_spread_a_sampling
48.4409,0.27526,0.1217,0.0000,-0.02105,0.02106,0.18760,63.9,1.0000,-30.6420,0.4741,-14.2573,149.037,ppo_car_spread_a_sampling
48.4609,0.27526,0.1217,0.0000,-0.00762,0.00762,0.35472,63.9,1.0000,-30.6421,0.4741,-14.2571,149.037,ppo_car_spread_a_sampling
48.4809,0.27526,0.1217,0.0000,0.00055,0.00055,0.17340,63.9,1.0000,-30.6421,0.4741,-14.2572,149.039,ppo_car_spread_a_sampling
48.5009,0.20174,0.5443,0.0000,0.00929,0.00930,0.39279,63.9,1.0000,-30.6420,0.4741,-14.2573,149.038,ppo_car_spread_a_sampling
48.5209,0.13566,0.5443,0.0000,0.06514,0.06521,0.47054,285.7,1.0000,-30.6413,0.4741,-14.2585,149.044,ppo_car_spread_a_sampling
48.5409,0.04624,0.5443,0.0000,0.11693,0.11699,0.38784,285.7,1.0000,-30.6402,0.4741,-14.2606,149.046,ppo_car_spread_a_sampling
48.5609,-0.00598,0.5443,0.0000,0.17076,0.17078,0.50386,285.7,1.0000,-30.6384,0.4741,-14.2637,149.049,ppo_car_spread_a_sampling
48.5809,-0.06920,0.1728,0.0000,0.22112,0.22112,0.52487,285.7,1.0000,-30.6361,0.4741,-14.2676,149.051,ppo_car_spread_a_sampling
48.6009,-0.12741,0.1728,0.0000,0.23936,0.23937,0.53265,90.7,1.0000,-30.6335,0.4741,-14.2718,149.049,ppo_car_spread_a_sampling
48.6209,-0.12741,0.1728,0.0000,0.24923,0.24928,0.54738,90.7,1.0000,-30.6308,0.4741,-14.2760,149.045,ppo_car_spread_a_sampling
48.6409,-0.12741,0.1728,0.0000,0.26810,0.26818,0.51829,90.7,1.0000,-30.6279,0.4741,-14.2806,149.039,ppo_car_spread_a_sampling
48.6609,-0.19202,0.0000,0.8918,0.28520,0.28530,0.59478,90.7,1.0000,-30.6248,0.4741,-14.2855,149.034,ppo_car_spread_a_sampling
48.6809,-0.27106,0.0000,0.8918,0.19491,0.19501,0.00000,0.0,1.0000,-30.6228,0.4741,-14.2887,149.029,ppo_car_spread_a_sampling
48.7009,-0.34884,0.0000,0.8918,0.00711,0.00899,0.00000,0.0,1.0000,-30.6227,0.4741,-14.2885,149.030,ppo_car_spread_a_sampling
48.7209,-0.41580,0.0000,0.8918,-0.02997,0.02997,0.22414,-187.3,1.0000,-30.6232,0.4741,-14.2878,149.030,ppo_car_spread_a_sampling
48.7409,-0.34226,0.5032,0.0000,-0.05807,0.05826,0.46103,-187.3,1.0000,-30.6240,0.4741,-14.2866,149.039,ppo_car_spread_a_sampling
48.7609,-0.25832,0.5032,0.0000,-0.01493,0.01498,0.06053,264.2,1.0000,-30.6243,0.4741,-14.2863,149.041,ppo_car_spread_a_sampling
48.7809,-0.18411,0.5032,0.0000,0.04006,0.04011,0.25688,264.2,1.0000,-30.6239,0.4741,-14.2869,149.040,ppo_car_spread_a_sampling
48.8009,-0.11807,0.5032,0.0000,0.07804,0.07811,0.45048,264.2,1.0000,-30.6230,0.4741,-14.2881,149.035,ppo_car_spread_a_sampling
48.8209,-0.16775,0.0297,0.0000,0.13405,0.13411,0.16154,264.2,1.0000,-30.6216,0.4741,-14.2904,149.033,ppo_car_spread_a_sampling
48.8409,-0.16775,0.0297,0.0000,0.13562,0.13570,0.41494,15.6,1.0000,-30.6201,0.4741,-14.2927,149.031,ppo_car_spread_a_sampling
48.8609,-0.16775,0.0297,0.0000,0.14041,0.14050,0.13242,15.6,1.0000,-30.6185,0.4741,-14.2951,149.026,ppo_car_spread_a_sampling
48.8809,-0.16775,0.0297,0.0000,0.13996,0.14005,0.42828,15.6,1.0000,-30.6170,0.4741,-14.2975,149.023,ppo_car_spread_a_sampling
48.9009,-0.09648,0.5376,0.0000,0.14600,0.14609,0.14661,15.6,1.0000,-30.6154,0.4741,-14.2999,149.017,ppo_car_spread_a_sampling
48.9209,-0.02825,0.5376,0.0000,0.18822,0.18828,0.54578,282.3,1.0000,-30.6133,0.4741,-14.3032,149.010,ppo_car_spread_a_sampling
48.9409,0.06444,0.5376,0.0000,0.24414,0.24415,0.43418,282.3,1.0000,-30.6107,0.4741,-14.3074,149.007,ppo_car_spread_a_sampling
48.9609,0.13097,0.5376,0.0000,0.30122,0.30123,0.50449,282.3,1.0000,-30.6076,0.4741,-14.3127,149.006,ppo_car_spread_a_sampling
48.9809,0.19862,0.0000,0.0487,0.35216,0.35223,0.65861,282.3,1.0000,-30.6040,0.4741,-14.3190,149.010,ppo_car_spread_a_sampling
49.0009,0.26777,0.0000,0.0487,0.29400,0.29411,0.48096,0.0,1.0000,-30.6011,0.4741,-14.3242,148.996,ppo_car_spread_a_sampling
49.0209,0.32036,0.0000,0.0487,0.19422,0.19437,0.00000,0.0,1.0000,-30.5992,0.4741,-14.3275,148.996,ppo_car_spread_a_sampling
49.0409,0.32036,0.0000,0.0487,0.00646,0.00907,0.00000,0.0,1.0000,-30.5994,0.4741,-14.3275,148.997,ppo_car_spread_a_sampling
49.0609,0.26413,0.3465,0.0000,0.00393,0.00433,0.16940,-10.2,1.0000,-30.5995,0.4741,-14.3274,148.997,ppo_car_spread_a_sampling
49.0809,0.26413,0.3465,0.0000,0.04243,0.04251,0.40228,181.9,1.0000,-30.5992,0.4741,-14.3281,148.995,ppo_car_spread_a_sampling
49.1009,0.26413,0.3465,0.0000,0.07091,0.07103,0.14696,181.9,1.0000,-30.5986,0.4741,-14.3293,149.000,ppo_car_spread_a_sampling
49.1209,0.26413,0.3465,0.0000,0.09798,0.09813,0.46301,181.9,1.0000,-30.5977,0.4741,-14.3310,149.006,ppo_car_spread_a_sampling
49.1409,0.33250,0.0000,0.0423,0.14063,0.14086,0.24745,181.9,1.0000,-30.5964,0.4741,-14.3335,149.016,ppo_car_spread_a_sampling
49.1609,0.36295,0.0000,0.0423,0.14880,0.14916,0.00000,0.0,1.0000,-30.5950,0.4741,-14.3362,149.022,ppo_car_spread_a_sampling
49.1809,0.36295,0.0000,0.0423,0.00357,0.00751,0.00000,0.0,1.0000,-30.5952,0.4741,-14.3362,149.023,ppo_car_spread_a_sampling
49.2009,0.36295,0.0000,0.0423,-0.00074,0.00237,0.35321,-8.9,1.0000,-30.5952,0.4741,-14.3362,149.024,ppo_car_spread_a_sampling
49.2209,0.27938,0.0000,0.0034,-0.00779,0.00780,0.35342,-8.9,1.0000,-30.5953,0.4741,-14.3360,149.022,ppo_car_spread_a_sampling
49.2409,0.22713,0.0000,0.0034,-0.00209,0.00211,0.14437,-0.7,1.0000,-30.5954,0.4741,-14.3359,149.022,ppo_car_spread_a_sampling
49.2609,0.13778,0.0000,0.0034,0.00485,0.00490,0.34942,-0.7,1.0000,-30.5953,0.4741,-14.3360,149.020,ppo_car_spread_a_sampling
49.2809,0.07446,0.0000,0.0034,-0.00229,0.00230,0.21679,-0.7,1.0000,-30.5954,0.4741,-14.3359,149.019,ppo_car_spread_a_sampling
49.3009,0.00293,0.0000,0.1331,-0.00425,0.00425,0.27505,-0.7,1.0000,-30.5954,0.4741,-14.3359,149.022,ppo_car_spread_a_sampling
49.3209,-0.07259,0.0000,0.1331,-0.00624,0.00624,0.26681,-28.0,1.0000,-30.5954,0.4741,-14.3358,149.024,ppo_car_spread_a_sampling
49.3409,-0.16813,0.0000,0.1331,-0.00614,0.00614,0.37675,-28.0,1.0000,-30.5955,0.4741,-14.3357,149.021,ppo_car_spread_a_sampling
49.3609,-0.23109,0.0000,0.1331,-0.01623,0.01624,0.38145,-28.0,1.0000,-30.5956,0.4741,-14.3354,149.025,ppo_car_spread_a_sampling
49.3809,-0.16116,0.2664,0.0000,-0.02799,0.02802,0.32026,-28.0,1.0000,-30.5959,0.4741,-14.3350,149.026,ppo_car_spread_a_sampling
49.4009,-0.07845,0.2664,0.0000,0.00578,0.00578,0.39117,139.9,1.0000,-30.5958,0.4741,-14.3351,149.023,ppo_car_spread_a_sampling
49.4209,-0.00354,0.2664,0.0000,0.02932,0.02933,0.40281,139.9,1.0000,-30.5955,0.4741,-14.3357,149.023,ppo_car_spread_a_sampling
49.4409,0.07292,0.2664,0.0000,0.06285,0.06285,0.24719,139.9,1.0000,-30.5948,0.4741,-14.3368,149.024,ppo_car_spread_a_sampling
49.4609,0.13425,0.0000,0.0378,0.07676,0.07676,0.40351,139.9,1.0000,-30.5939,0.4741,-14.3382,149.025,ppo_car_spread_a_sampling
49.4809,0.21920,0.0000,0.0378,0.08267,0.08269,0.06665,-7.9,1.0000,-30.5931,0.4741,-14.3398,149.027,ppo_car_spread_a_sampling
49.5009,0.25678,0.0000,0.0378,0.07895,0.07900,0.36602,-7.9,1.0000,-30.5923,0.4741,-14.3412,149.031,ppo_car_spread_a_sampling
49.5209,0.25678,0.0000,0.0378,0.07523,0.07532,0.43470,-7.9,1.0000,-30.5916,0.4741,-14.3426,149.031,ppo_car_spread_a_sampling
49.5409,0.27287,0.0000,0.1692,0.08237,0.08248,0.23995,-7.9,1.0000,-30.5908,0.4741,-14.3441,149.032,ppo_car_spread_a_sampling
49.5609,0.27287,0.0000,0.1692,0.07508,0.07519,0.24474,-35.5,1.0000,-30.5900,0.4741,-14.3455,149.035,ppo_car_spread_a_sampling
49.5809,0.27287,0.0000,0.1692,0.07022,0.07036,0.26644,-35.5,1.0000,-30.5894,0.4741,-14.3467,149.037,ppo_car_spread_a_sampling
49.6009,0.27287,0.0000,0.1692,0.06432,0.06445,0.28108,-35.5,1.0000,-30.5888,0.4741,-14.3479,149.039,ppo_car_spread_a_sampling
49.6209,0.20900,0.0000,0.6518,0.05785,0.05796,0.28950,-35.5,1.0000,-30.5883,0.4741,-14.3489,149.040,ppo_car_spread_a_sampling
49.6410,0.13000,0.0000,0.6518,0.02573,0.02576,0.25112,-136.9,1.0000,-30.5881,0.4741,-14.3493,149.043,ppo_car_spread_a_sampling
49.6610,0.04910,0.0000,0.6518,0.00652,0.00654,0.35202,-136.9,1.0000,-30.5880,0.4741,-14.3494,149.045,ppo_car_spread_a_sampling
49.6810,-0.02934,0.0000,0.6518,-0.02873,0.02874,0.28462,-136.9,1.0000,-30.5884,0.4741,-14.3488,149.045,ppo_car_spread_a_sampling
49.7010,0.02802,0.0808,0.0000,-0.04871,0.04871,0.39147,-136.9,1.0000,-30.5889,0.4741,-14.3479,149.045,ppo_car_spread_a_sampling
49.7210,0.11610,0.0808,0.0000,-0.04753,0.04753,0.29342,42.4,1.0000,-30.5894,0.4741,-14.3470,149.047,ppo_car_spread_a_sampling
49.7410,0.19125,0.0808,0.0000,-0.03757,0.03757,0.12324,42.4,1.0000,-30.5898,0.4741,-14.3463,149.045,ppo_car_spread_a_sampling
49.7610,0.19927,0.0808,0.0000,-0.02736,0.02737,0.24340,42.4,1.0000,-30.5901,0.4741,-14.3458,149.041,ppo_car_spread_a_sampling
49.7810,0.26542,0.0000,0.3185,-0.01673,0.01675,0.29832,42.4,1.0000,-30.5903,0.4741,-14.3455,149.039,ppo_car_spread_a_sampling
49.8010,0.29889,0.0000,0.3185,-0.03103,0.03106,0.41239,-66.9,1.0000,-30.5906,0.4741,-14.3450,149.041,ppo_car_spread_a_sampling
49.8210,0.29889,0.0000,0.3185,-0.04505,0.04513,0.24009,-66.9,1.0000,-30.5910,0.4741,-14.3441,149.036,ppo_car_spread_a_sampling
49.8410,0.29889,0.0000,0.3185,-0.05713,0.05724,0.17867,-66.9,1.0000,-30.5915,0.4741,-14.3431,149.031,ppo_car_spread_a_sampling
49.8610,0.22938,0.3323,0.0000,-0.06247,0.06260,0.42119,-66.9,1.0000,-30.5921,0.4741,-14.3420,149.027,ppo_car_spread_a_sampling
49.8810,0.15547,0.3323,0.0000,-0.03897,0.03904,0.28782,174.5,1.0000,-30.5925,0.4741,-14.3413,149.022,ppo_car_spread_a_sampling
49.9010,0.07014,0.3323,0.0000,-0.00879,0.00882,0.20758,174.5,1.0000,-30.5925,0.4741,-14.3412,149.020,ppo_car_spread_a_sampling
49.9210,0.01221,0.3323,0.0000,0.03026,0.03026,0.40101,174.5,1.0000,-30.5922,0.4741,-14.3418,149.023,ppo_car_spread_a_sampling
49.9410,-0.06677,0.1220,0.0000,0.06552,0.06552,0.22174,174.5,1.0000,-30.5915,0.4741,-14.3430,149.023,ppo_car_spread_a_sampling
49.9610,-0.14588,0.1220,0.0000,0.06797,0.06797,0.37409,64.1,1.0000,-30.5907,0.4741,-14.3442,149.019,ppo_car_spread_a_sampling
49.9810,-0.21643,0.1220,0.0000,0.08312,0.08314,0.18811,64.1,1.0000,-30.5898,0.4741,-14.3457,149.017,ppo_car_spread_a_sampling
50.0010,-0.28353,0.1220,0.0000,0.09579,0.09588,0.44654,64.1,1.0000,-30.5887,0.4741,-14.3474,149.016,ppo_car_spread_a_sampling
50.0210,-0.22200,0.3544,0.0000,0.09799,0.09813,0.44971,64.1,1.0000,-30.5875,0.4741,-14.3490,149.011,ppo_car_spread_a_sampling
50.0410,-0.13281,0.3544,0.0000,0.14038,0.14056,0.48474,186.1,1.0000,-30.5859,0.4741,-14.3514,149.001,ppo_car_spread_a_sampling
50.0610,-0.05208,0.3544,0.0000,0.17471,0.17482,0.51029,186.1,1.0000,-30.5840,0.4741,-14.3544,148.992,ppo_car_spread_a_sampling
50.0810,0.02219,0.3544,0.0000,0.20808,0.20812,0.49835,186.1,1.0000,-30.5817,0.4741,-14.3581,148.989,ppo_car_spread_a_sampling
50.1010,-0.03872,0.0000,0.2243,0.24332,0.24332,0.55532,186.1,1.0000,-30.5791,0.4741,-14.3623,148.984,ppo_car_spread_a_sampling
50.1210,-0.12420,0.0000,0.2243,0.19430,0.19430,0.00000,0.0,1.0000,-30.5771,0.4741,-14.3656,148.980,ppo_car_spread_a_sampling
50.1410,-0.18622,0.0000,0.2243,0.00613,0.00651,0.00000,0.0,1.0000,-30.5771,0.4741,-14.3656,148.981,ppo_car_spread_a_sampling
50.1610,-0.18622,0.0000,0.2243,0.00162,0.00179,0.29598,-47.1,1.0000,-30.5772,0.4741,-14.3654,148.979,ppo_car_spread_a_sampling
50.1810,-0.24560,0.6000,0.0000,-0.01755,0.01756,0.29446,-47.1,1.0000,-30.5774,0.4741,-14.3650,148.982,ppo_car_spread_a_sampling
50.2010,-0.33793,0.6000,0.0000,0.04801,0.04808,0.25016,315.0,1.0000,-30.5769,0.4741,-14.3658,148.977,ppo_car_spread_a_sampling
50.2210,-0.41075,0.6000,0.0000,0.10390,0.10416,0.31353,315.0,1.0000,-30.5757,0.4741,-14.3675,148.967,ppo_car_spread_a_sampling
50.2410,-0.45373,0.6000,0.0000,0.15775,0.15833,0.49581,315.0,1.0000,-30.5738,0.4741,-14.3700,148.950,ppo_car_spread_a_sampling
50.2610,-0.39756,0.0000,0.1946,0.21763,0.21860,0.51106,315.0,1.0000,-30.5712,0.4741,-14.3736,148.932,ppo_car_spread_a_sampling
50.2810,-0.31798,0.0000,0.1946,0.18835,0.18910,0.00000,0.0,1.0000,-30.5689,0.4741,-14.3767,148.922,ppo_car_spread_a_sampling
50.3010,-0.24024,0.0000,0.1946,0.00463,0.01073,0.00000,0.0,1.0000,-30.5688,0.4741,-14.3765,148.923,ppo_car_spread_a_sampling
50.3210,-0.16971,0.0000,0.1946,-0.00020,0.00321,0.36189,-40.9,1.0000,-30.5688,0.4741,-14.3764,148.928,ppo_car_spread_a_sampling
50.3410,-0.24152,0.0000,0.2560,-0.01205,0.01206,0.23602,-40.9,1.0000,-30.5690,0.4741,-14.3761,148.931,ppo_car_spread_a_sampling
50.3610,-0.32347,0.0000,0.2560,-0.02032,0.02033,0.12672,-53.8,1.0000,-30.5693,0.4741,-14.3756,148.934,ppo_car_spread_a_sampling
50.3810,-0.39809,0.0000,0.2560,-0.02881,0.02884,0.34044,-53.8,1.0000,-30.5696,0.4741,-14.3751,148.937,ppo_car_spread_a_sampling
50.4010,-0.40932,0.0000,0.2560,-0.04252,0.04266,0.29126,-53.8,1.0000,-30.5702,0.4741,-14.3744,148.938,ppo_car_spread_a_sampling
50.4210,-0.33688,0.6421,0.0000,-0.04739,0.04753,0.36905,-53.8,1.0000,-30.5708,0.4741,-14.3735,148.944,ppo_car_spread_a_sampling
50.4410,-0.24898,0.6421,0.0000,0.01659,0.01661,0.26592,337.1,1.0000,-30.5706,0.4741,-14.3738,148.944,ppo_car_spread_a_sampling
50.4610,-0.19404,0.6421,0.0000,0.07541,0.07554,0.32249,337.1,1.0000,-30.5697,0.4741,-14.3752,148.944,ppo_car_spread_a_sampling
50.4810,-0.10746,0.6421,0.0000,0.13739,0.13753,0.22433,337.1,1.0000,-30.5681,0.4741,-14.3776,148.936,ppo_car_spread_a_sampling
50.5010,-0.19256,0.0000,0.1318,0.20353,0.20361,0.06996,337.1,1.0000,-30.5658,0.4741,-14.3811,148.930,ppo_car_spread_a_sampling
50.5210,-0.25314,0.0000,0.1318,0.19068,0.19080,0.00000,0.0,1.0000,-30.5636,0.4741,-14.3845,148.924,ppo_car_spread_a_sampling
50.5410,-0.32710,0.0000,0.1318,0.00363,0.00681,0.00000,0.0,1.0000,-30.5635,0.4741,-14.3844,148.925,ppo_car_spread_a_sampling
50.5610,-0.40238,0.0000,0.1318,0.00533,0.00561,0.37134,-27.7,1.0000,-30.5635,0.4741,-14.3844,148.925,ppo_car_spread_a_sampling
50.5810,-0.31838,0.0000,0.1444,-0.01113,0.01115,0.34052,-27.7,1.0000,-30.5636,0.4741,-14.3842,148.923,ppo_car_spread_a_sampling
50.6010,-0.31155,0.0000,0.1444,-0.00806,0.00806,0.34380,-30.3,1.0000,-30.5637,0.4741,-14.3840,148.924,ppo_car_spread_a_sampling
50.6210,-0.31155,0.0000,0.1444,-0.01773,0.01779,0.37604,-30.3,1.0000,-30.5640,0.4741,-14.3837,148.923,ppo_car_spread_a_sampling
50.6410,-0.31155,0.0000,0.1444,-0.02630,0.02635,0.31810,-30.3,1.0000,-30.5643,0.4741,-14.3832,148.927,ppo_car_spread_a_sampling
50.6610,-0.25305,1.0000,0.0000,-0.02537,0.02542,0.20093,-30.3,1.0000,-30.5646,0.4741,-14.3828,148.929,ppo_car_spread_a_sampling
50.6810,-0.16815,1.0000,0.0000,0.06852,0.06862,0.23714,525.0,1.0000,-30.5638,0.4741,-14.3840,148.929,ppo_car_spread_a_sampling
50.7010,-0.10537,1.0000,0.0000,0.16661,0.16673,0.35661,525.0,1.0000,-30.5619,0.4741,-14.3869,148.925,ppo_car_spread_a_sampling
50.7210,-0.03572,1.0000,0.0000,0.25802,0.25812,0.59753,525.0,1.0000,-30.5590,0.4741,-14.3914,148.919,ppo_car_spread_a_sampling
50.7410,-0.12458,0.2204,0.0000,0.35536,0.35539,0.66908,525.0,1.0000,-30.5551,0.4741,-14.3977,148.916,ppo_car_spread_a_sampling
50.7610,-0.18521,0.2204,0.0000,0.37439,0.37448,0.64558,115.7,1.0000,-30.5510,0.4741,-14.4042,148.906,ppo_car_spread_a_sampling
50.7810,-0.25478,0.2204,0.0000,0.39835,0.39856,0.66390,115.7,1.0000,-30.5465,0.4741,-14.4110,148.895,ppo_car_spread_a_sampling
50.8010,-0.25478,0.2204,0.0000,0.42174,0.42218,0.66290,115.7,1.0000,-30.5417,0.4741,-14.4182,148.875,ppo_car_spread_a_sampling
50.8210,-0.17784,0.0000,0.7724,0.44589,0.44647,0.34632,115.7,1.0000,-30.5366,0.4741,-14.4257,148.854,ppo_car_spread_a_sampling
50.8410,-0.10479,0.0000,0.7724,0.35495,0.35532,0.48575,0.0,1.0000,-30.5327,0.4741,-14.4316,148.838,ppo_car_spread_a_sampling
50.8610,-0.07064,0.0000,0.7724,0.19529,0.19544,0.00000,0.0,1.0000,-30.5306,0.4741,-14.4347,148.834,ppo_car_spread_a_sampling
50.8810,-0.07064,0.0000,0.7724,0.00920,0.01007,0.00000,0.0,1.0000,-30.5306,0.4741,-14.4345,148.835,ppo_car_spread_a_sampling
50.9010,-0.04539,0.0000,0.3107,-0.01827,0.01830,0.42541,-162.2,1.0000,-30.5310,0.4741,-14.4339,148.836,ppo_car_spread_a_sampling
50.9210,-0.04539,0.0000,0.3107,-0.03590,0.03590,0.37560,-65.2,1.0000,-30.5315,0.4741,-14.4330,148.835,ppo_car_spread_a_sampling
50.9410,-0.04539,0.0000,0.3107,-0.04565,0.04565,0.29052,-65.2,1.0000,-30.5321,0.4741,-14.4321,148.837,ppo_car_spread_a_sampling
50.9610,-0.04539,0.0000,0.3107,-0.05491,0.05491,0.36888,-65.2,1.0000,-30.5328,0.4741,-14.4309,148.835,ppo_car_spread_a_sampling
50.9810,-0.02497,0.0000,0.3211,-0.06943,0.06943,0.16710,-65.2,1.0000,-30.5337,0.4741,-14.4296,148.834,ppo_car_spread_a_sampling
51.0010,-0.02497,0.0000,0.3211,-0.08025,0.08025,0.28207,-67.4,1.0000,-30.5346,0.4741,-14.4281,148.835,ppo_car_spread_a_sampling
51.0210,-0.02497,0.0000,0.3211,-0.09245,0.09245,0.45100,-67.4,1.0000,-30.5356,0.4741,-14.4265,148.835,ppo_car_spread_a_sampling
51.0410,-0.02497,0.0000,0.3211,-0.11084,0.11084,0.14806,-67.4,1.0000,-30.5368,0.4741,-14.4245,148.837,ppo_car_spread_a_sampling
51.0610,0.05716,0.3712,0.0000,-0.11313,0.11313,0.47575,-67.4,1.0000,-30.5381,0.4741,-14.4225,148.837,ppo_car_spread_a_sampling
51.0810,0.12315,0.3712,0.0000,-0.07841,0.07841,0.28415,194.9,1.0000,-30.5389,0.4741,-14.4212,148.839,ppo_car_spread_a_sampling
51.1010,0.18042,0.3712,0.0000,-0.05206,0.05207,0.32617,194.9,1.0000,-30.5394,0.4741,-14.4203,148.840,ppo_car_spread_a_sampling
51.1210,0.27656,0.3712,0.0000,-0.01635,0.01635,0.33238,194.9,1.0000,-30.5395,0.4741,-14.4202,148.840,ppo_car_spread_a_sampling
51.1410,0.20982,0.0000,0.0145,0.02265,0.02270,0.21599,194.9,1.0000,-30.5392,0.4741,-14.4207,148.840,ppo_car_spread_a_sampling
51.1610,0.13220,0.0000,0.0145,0.02652,0.02656,0.30016,-3.0,1.0000,-30.5389,0.4741,-14.4213,148.843,ppo_car_spread_a_sampling
51.1810,0.06626,0.0000,0.0145,0.02146,0.02148,0.28182,-3.0,1.0000,-30.5386,0.4741,-14.4218,148.847,ppo_car_spread_a_sampling
51.2010,-0.02137,0.0000,0.0145,0.02565,0.02566,0.29374,-3.0,1.0000,-30.5383,0.4741,-14.4223,148.849,ppo_car_spread_a_sampling
51.2210,0.04108,0.0000,0.1069,0.02449,0.02449,0.16604,-3.0,1.0000,-30.5380,0.4741,-14.4228,148.848,ppo_car_spread_a_sampling
51.2410,0.11928,0.0000,0.1069,0.01480,0.01480,0.26344,-22.5,1.0000,-30.5378,0.4741,-14.4231,148.846,ppo_car_spread_a_sampling
51.2610,0.19168,0.0000,0.1069,0.02145,0.02145,0.32382,-22.5,1.0000,-30.5375,0.4741,-14.4236,148.847,ppo_car_spread_a_sampling
51.2810,0.27433,0.0000,0.1069,0.00929,0.00931,0.32700,-22.5,1.0000,-30.5374,0.4741,-14.4238,148.844,ppo_car_spread_a_sampling
51.3010,0.21429,0.0000,0.2343,0.00986,0.00988,0.15949,-22.5,1.0000,-30.5373,0.4741,-14.4240,148.844,ppo_car_spread_a_sampling
51.3210,0.15662,0.0000,0.2343,-0.00261,0.00262,0.35206,-49.2,1.0000,-30.5373,0.4741,-14.4240,148.844,ppo_car_spread_a_sampling
51.3410,0.06177,0.0000,0.2343,-0.01071,0.01072,0.24404,-49.2,1.0000,-30.5374,0.4741,-14.4238,148.846,ppo_car_spread_a_sampling
51.3610,-0.01769,0.0000,0.2343,-0.02064,0.02065,0.25324,-49.2,1.0000,-30.5376,0.4741,-14.4235,148.847,ppo_car_spread_a_sampling
51.3810,0.06269,0.0302,0.0000,-0.02884,0.02884,0.21337,-49.2,1.0000,-30.5379,0.4741,-14.4230,148.846,ppo_car_spread_a_sampling
51.4010,0.09865,0.0302,0.0000,-0.02601,0.02601,0.31550,15.9,1.0000,-30.5381,0.4741,-14.4225,148.847,ppo_car_spread_a_sampling
51.4210,0.09865,0.0302,0.0000,-0.02297,0.02297,0.38283,15.9,1.0000,-30.5384,0.4741,-14.4221,148.844,ppo_car_spread_a_sampling
51.4410,0.09865,0.0302,0.0000,-0.02519,0.02520,0.30748,15.9,1.0000,-30.5386,0.4741,-14.4217,148.840,ppo_car_spread_a_sampling
51.4610,0.00880,0.0000,0.5677,-0.01874,0.01875,0.33783,15.9,1.0000,-30.5388,0.4741,-14.4213,148.839,ppo_car_spread_a_sampling
51.4810,-0.06578,0.0000,0.5677,-0.03794,0.03794,0.42700,-119.2,1.0000,-30.5392,0.4741,-14.4207,148.843,ppo_car_spread_a_sampling
51.5010,-0.13730,0.0000,0.5677,-0.06431,0.06431,0.21944,-119.2,1.0000,-30.5399,0.4741,-14.4195,148.845,ppo_car_spread_a_sampling
51.5210,-0.21797,0.0000,0.5677,-0.08507,0.08509,0.44480,-119.2,1.0000,-30.5408,0.4741,-14.4180,148.842,ppo_car_spread_a_sampling
51.5410,-0.28771,0.0377,0.0000,-0.10091,0.10100,0.47429,-119.2,1.0000,-30.5420,0.4741,-14.4163,148.843,ppo_car_spread_a_sampling
51.5610,-0.29894,0.0377,0.0000,-0.10484,0.10498,0.21063,19.8,1.0000,-30.5432,0.4741,-14.4145,148.847,ppo_car_spread_a_sampling
51.5810,-0.29894,0.0377,0.0000,-0.09638,0.09655,0.39892,19.8,1.0000,-30.5443,0.4741,-14.4129,148.855,ppo_car_spread_a_sampling
51.6010,-0.29894,0.0377,0.0000,-0.09632,0.09651,0.23008,19.8,1.0000,-30.5454,0.4741,-14.4113,148.859,ppo_car_spread_a_sampling
51.6210,-0.21812,0.4776,0.0000,-0.09091,0.09110,0.35293,19.8,1.0000,-30.5465,0.4741,-14.4098,148.867,ppo_car_spread_a_sampling
51.6410,-0.15879,0.4776,0.0000,-0.04896,0.04903,0.31726,250.7,1.0000,-30.5470,0.4741,-14.4090,148.868,ppo_car_spread_a_sampling
51.6610,-0.15879,0.4776,0.0000,0.00255,0.00257,0.24762,250.7,1.0000,-30.5469,0.4741,-14.4092,148.866,ppo_car_spread_a_sampling
51.6810,-0.15879,0.4776,0.0000,0.04532,0.04534,0.28290,250.7,1.0000,-30.5464,0.4741,-14.4100,148.866,ppo_car_spread_a_sampling
51.7010,-0.24781,0.4792,0.0000,0.09624,0.09629,0.26694,250.7,1.0000,-30.5453,0.4741,-14.4117,148.865,ppo_car_spread_a_sampling
51.7210,-0.31694,0.4792,0.0000,0.13755,0.13773,0.49763,251.6,1.0000,-30.5436,0.4741,-14.4141,148.859,ppo_car_spread_a_sampling
51.7410,-0.31694,0.4792,0.0000,0.18431,0.18469,0.52889,251.6,1.0000,-30.5414,0.4741,-14.4173,148.851,ppo_car_spread_a_sampling
51.7610,-0.31694,0.4792,0.0000,0.22967,0.23018,0.46253,251.6,1.0000,-30.5387,0.4741,-14.4212,148.839,ppo_car_spread_a_sampling
51.7810,-0.22878,0.3386,0.0000,0.27762,0.27828,0.57424,251.6,1.0000,-30.5354,0.4741,-14.4259,148.819,ppo_car_spread_a_sampling
51.8010,-0.15988,0.3386,0.0000,0.30993,0.31041,0.62002,177.8,1.0000,-30.5318,0.4741,-14.4311,148.801,ppo_car_spread_a_sampling
51.8210,-0.10057,0.3386,0.0000,0.34455,0.34487,0.59821,177.8,1.0000,-30.5279,0.4741,-14.4369,148.785,ppo_car_spread_a_sampling
51.8410,-0.00515,0.3386,0.0000,0.37471,0.37488,0.60031,177.8,1.0000,-30.5237,0.4741,-14.4433,148.774,ppo_car_spread_a_sampling
51.8610,-0.06919,0.0000,0.1588,0.40969,0.40972,0.66252,177.8,1.0000,-30.5193,0.4741,-14.4504,148.767,ppo_car_spread_a_sampling
51.8810,-0.15381,0.0000,0.1588,0.35174,0.35177,0.17694,0.0,1.0000,-30.5156,0.4741,-14.4563,148.742,ppo_car_spread_a_sampling
51.9010,-0.21032,0.0000,0.1588,0.26387,0.26390,0.54759,0.0,1.0000,-30.5129,0.4741,-14.4607,148.708,ppo_car_spread_a_sampling
51.9210,-0.28069,0.0000,0.1588,0.19115,0.19121,0.00000,0.0,1.0000,-30.5109,0.4741,-14.4638,148.698,ppo_car_spread_a_sampling
51.9410,-0.35910,0.0000,0.6340,0.00889,0.01034,0.00000,0.0,1.0000,-30.5109,0.4741,-14.4635,148.699,ppo_car_spread_a_sampling
51.9610,-0.43019,0.0000,0.6340,-0.01437,0.01438,0.16074,-133.1,1.0000,-30.5113,0.4741,-14.4630,148.703,ppo_car_spread_a_sampling
51.9810,-0.52130,0.0000,0.6340,-0.03861,0.03871,0.38054,-133.1,1.0000,-30.5119,0.4741,-14.4622,148.711,ppo_car_spread_a_sampling
52.0010,-0.56378,0.0000,0.6340,-0.06909,0.06952,0.15744,-133.1,1.0000,-30.5129,0.4741,-14.4608,148.718,ppo_car_spread_a_sampling
52.0210,-0.50443,0.2945,0.0000,-0.08518,0.08581,0.23928,-133.1,1.0000,-30.5141,0.4741,-14.4593,148.727,ppo_car_spread_a_sampling
52.0410,-0.41667,0.2945,0.0000,-0.05483,0.05527,0.40114,154.6,1.0000,-30.5149,0.4741,-14.4583,148.736,ppo_car_spread_a_sampling
52.0610,-0.35056,0.2945,0.0000,-0.03606,0.03629,0.31059,154.6,1.0000,-30.5154,0.4741,-14.4577,148.738,ppo_car_spread_a_sampling
52.0810,-0.27820,0.2945,0.0000,-0.00500,0.00507,0.17368,154.6,1.0000,-30.5155,0.4741,-14.4576,148.741,ppo_car_spread_a_sampling
52.1010,-0.36081,0.3218,0.0000,0.02290,0.02293,0.23197,154.6,1.0000,-30.5152,0.4741,-14.4580,148.740,ppo_car_spread_a_sampling
52.1210,-0.44479,0.3218,0.0000,0.05636,0.05653,0.17029,168.9,1.0000,-30.5145,0.4741,-14.4589,148.737,ppo_car_spread_a_sampling
52.1410,-0.51882,0.3218,0.0000,0.08573,0.08609,0.22789,168.9,1.0000,-30.5134,0.4741,-14.4604,148.730,ppo_car_spread_a_sampling
52.1610,-0.51882,0.3218,0.0000,0.11781,0.11842,0.31314,168.9,1.0000,-30.5119,0.4741,-14.4624,148.720,ppo_car_spread_a_sampling
52.1810,-0.43444,0.0000,0.3484,0.14463,0.14558,0.42630,168.9,1.0000,-30.5100,0.4741,-14.4648,148.705,ppo_car_spread_a_sampling
52.2010,-0.37146,0.0000,0.3484,0.17278,0.17360,0.00000,0.0,1.0000,-30.5079,0.4741,-14.4677,148.692,ppo_car_spread_a_sampling
52.2210,-0.29921,0.0000,0.3484,0.00197,0.00960,0.00000,0.0,1.0000,-30.5077,0.4741,-14.4675,148.693,ppo_car_spread_a_sampling
52.2410,-0.21461,0.0000,0.3484,-0.01318,0.01340,0.38118,-73.2,1.0000,-30.5078,0.4741,-14.4673,148.691,ppo_car_spread_a_sampling
52.2610,-0.13275,0.0000,0.1911,-0.02340,0.02340,0.18841,-73.2,1.0000,-30.5081,0.4741,-14.4669,148.694,ppo_car_spread_a_sampling
52.2810,-0.07259,0.0000,0.1911,-0.03131,0.03131,0.19318,-40.1,1.0000,-30.5084,0.4741,-14.4663,148.694,ppo_car_spread_a_sampling
52.3010,-0.00361,0.0000,0.1911,-0.03686,0.03687,0.18402,-40.1,1.0000,-30.5088,0.4741,-14.4657,148.695,ppo_car_spread_a_sampling
52.3210,0.09202,0.0000,0.1911,-0.05137,0.05137,0.25000,-40.1,1.0000,-30.5094,0.4741,-14.4648,148.695,ppo_car_spread_a_sampling
52.3410,0.15132,0.0000,0.4314,-0.05119,0.05120,0.38050,-40.1,1.0000,-30.5099,0.4741,-14.4639,148.695,ppo_car_spread_a_sampling
52.3610,0.22425,0.0000,0.4314,-0.07278,0.07281,0.43411,-90.6,1.0000,-30.5106,0.4741,-14.4627,148.698,ppo_car_spread_a_sampling
52.3810,0.22425,0.0000,0.4314,-0.08102,0.08109,0.45325,-90.6,1.0000,-30.5114,0.4741,-14.4612,148.697,ppo_car_spread_a_sampling
52.4010,0.22425,0.0000,0.4314,-0.09791,0.09803,0.45661,-90.6,1.0000,-30.5123,0.4741,-14.4595,148.694,ppo_car_spread_a_sampling
52.4210,0.30951,0.0066,0.0000,-0.12117,0.12131,0.15916,-90.6,1.0000,-30.5135,0.4741,-14.4574,148.689,ppo_car_spread_a_sampling
52.4410,0.38845,0.0066,0.0000,-0.11839,0.11859,0.29568,3.5,1.0000,-30.5146,0.4741,-14.4553,148.683,ppo_car_spread_a_sampling
52.4610,0.41182,0.0066,0.0000,-0.12250,0.12283,0.13684,3.5,1.0000,-30.5157,0.4741,-14.4531,148.674,ppo_car_spread_a_sampling
52.4810,0.41182,0.0066,0.0000,-0.11609,0.11648,0.38076,3.5,1.0000,-30.5168,0.4741,-14.4510,148.666,ppo_car_spread_a_sampling
52.5010,0.43341,0.0000,0.1822,-0.11944,0.11991,0.15828,3.5,1.0000,-30.5178,0.4741,-14.4489,148.656,ppo_car_spread_a_sampling
52.5210,0.43341,0.0000,0.1822,-0.12417,0.12473,0.47263,-38.3,1.0000,-30.5189,0.4741,-14.4466,148.647,ppo_car_spread_a_sampling
52.5410,0.43341,0.0000,0.1822,-0.13226,0.13284,0.17995,-38.3,1.0000,-30.5200,0.4741,-14.4443,148.634,ppo_car_spread_a_sampling
52.5610,0.43341,0.0000,0.1822,-0.13756,0.13816,0.44746,-38.3,1.0000,-30.5212,0.4741,-14.4418,148.623,ppo_car_spread_a_sampling
52.5810,0.37008,0.0000,0.1605,-0.14644,0.14713,0.43007,-38.3,1.0000,-30.5225,0.4741,-14.4391,148.607,ppo_car_spread_a_sampling
52.6010,0.28987,0.0000,0.1605,-0.15793,0.15852,0.11706,-33.7,1.0000,-30.5239,0.4741,-14.4363,148.595,ppo_car_spread_a_sampling
52.6210,0.23188,0.0000,0.1605,-0.16005,0.16047,0.29739,-33.7,1.0000,-30.5254,0.4741,-14.4335,148.582,ppo_car_spread_a_sampling
52.6410,0.13868,0.0000,0.1605,-0.16875,0.16904,0.11781,-33.7,1.0000,-30.5270,0.4741,-14.4305,148.572,ppo_car_spread_a_sampling
52.6610,0.07682,0.3973,0.0000,-0.17223,0.17238,0.27564,-33.7,1.0000,-30.5286,0.4741,-14.4275,148.565,ppo_car_spread_a_sampling
52.6810,-0.00244,0.3973,0.0000,-0.13336,0.13342,0.41008,208.6,1.0000,-30.5299,0.4741,-14.4252,148.563,ppo_car_spread_a_sampling
52.7010,-0.00244,0.3973,0.0000,-0.09592,0.09593,0.32718,208.6,1.0000,-30.5309,0.4741,-14.4237,148.564,ppo_car_spread_a_sampling
52.7210,-0.00244,0.3973,0.0000,-0.06406,0.06406,0.31591,208.6,1.0000,-30.5315,0.4741,-14.4227,148.563,ppo_car_spread_a_sampling
52.7410,-0.07847,0.4241,0.0000,-0.01402,0.01403,0.18341,208.6,1.0000,-30.5316,0.4741,-14.4225,148.562,ppo_car_spread_a_sampling
52.7610,-0.17450,0.4241,0.0000,0.01668,0.01669,0.42222,222.7,1.0000,-30.5313,0.4741,-14.4229,148.558,ppo_car_spread_a_sampling
52.7810,-0.23224,0.4241,0.0000,0.06914,0.06920,0.22268,222.7,1.0000,-30.5305,0.4741,-14.4242,148.553,ppo_car_spread_a_sampling
52.8010,-0.30701,0.4241,0.0000,0.10991,0.11004,0.15922,222.7,1.0000,-30.5292,0.4741,-14.4262,148.545,ppo_car_spread_a_sampling
52.8210,-0.39329,0.0000,0.0654,0.15208,0.15238,0.07380,222.7,1.0000,-30.5273,0.4741,-14.4288,148.536,ppo_car_spread_a_sampling
52.8410,-0.45635,0.0000,0.0654,0.13363,0.13400,0.00000,0.0,1.0000,-30.5257,0.4741,-14.4310,148.529,ppo_car_spread_a_sampling
52.8610,-0.53234,0.0000,0.0654,0.00234,0.00671,0.00000,0.0,1.0000,-30.5256,0.4741,-14.4309,148.530,ppo_car_spread_a_sampling
52.8810,-0.60129,0.0000,0.0654,0.00094,0.00212,0.31793,-13.7,1.0000,-30.5256,0.4741,-14.4309,148.526,ppo_car_spread_a_sampling
52.9010,-0.52656,0.3906,0.0000,-0.00374,0.00375,0.31796,-13.7,1.0000,-30.5257,0.4741,-14.4308,148.531,ppo_car_spread_a_sampling
52.9210,-0.45722,0.3906,0.0000,0.02850,0.02863,0.41420,205.1,1.0000,-30.5254,0.4741,-14.4312,148.532,ppo_car_spread_a_sampling
52.9410,-0.38547,0.3906,0.0000,0.07145,0.07182,0.23048,205.1,1.0000,-30.5245,0.4741,-14.4323,148.527,ppo_car_spread_a_sampling
52.9610,-0.28990,0.3906,0.0000,0.11169,0.11211,0.20423,205.1,1.0000,-30.5232,0.4741,-14.4341,148.519,ppo_car_spread_a_sampling
52.9810,-0.24534,0.0000,0.3912,0.14948,0.14986,0.24053,205.1,1.0000,-30.5214,0.4741,-14.4366,148.511,ppo_car_spread_a_sampling
53.0010,-0.24534,0.0000,0.3912,0.15809,0.15836,0.00000,0.0,1.0000,-30.5196,0.4741,-14.4392,148.499,ppo_car_spread_a_sampling
53.0210,-0.24534,0.0000,0.3912,0.00462,0.00756,0.00000,0.0,1.0000,-30.5195,0.4741,-14.4390,148.500,ppo_car_spread_a_sampling
53.0410,-0.24534,0.0000,0.3912,-0.00961,0.00967,0.20647,-82.2,1.0000,-30.5197,0.4741,-14.4388,148.500,ppo_car_spread_a_sampling
53.0610,-0.30953,0.1228,0.0000,-0.02377,0.02378,0.29933,-82.2,1.0000,-30.5200,0.4741,-14.4382,148.500,ppo_car_spread_a_sampling
53.0810,-0.30953,0.1228,0.0000,-0.01666,0.01669,0.32317,64.5,1.0000,-30.5203,0.4741,-14.4379,148.505,ppo_car_spread_a_sampling
53.1010,-0.30953,0.1228,0.0000,-0.00442,0.00442,0.18937,64.5,1.0000,-30.5204,0.4741,-14.4377,148.505,ppo_car_spread_a_sampling
53.1210,-0.30953,0.1228,0.0000,0.01022,0.01026,0.32980,64.5,1.0000,-30.5203,0.4741,-14.4379,148.506,ppo_car_spread_a_sampling
53.1410,-0.38360,0.5471,0.0000,0.02150,0.02153,0.33636,64.5,1.0000,-30.5200,0.4741,-14.4382,148.507,ppo_car_spread_a_sampling
53.1610,-0.44537,0.5471,0.0000,0.07101,0.07123,0.38619,287.2,1.0000,-30.5192,0.4741,-14.4394,148.500,ppo_car_spread_a_sampling
53.1810,-0.52696,0.5471,0.0000,0.12395,0.12451,0.32928,287.2,1.0000,-30.5176,0.4741,-14.4414,148.490,ppo_car_spread_a_sampling
53.2010,-0.61355,0.5471,0.0000,0.18121,0.18235,0.43366,287.2,1.0000,-30.5153,0.4741,-14.4444,148.474,ppo_car_spread_a_sampling
53.2210,-0.54429,0.0000,0.0871,0.22544,0.22726,0.55694,287.2,1.0000,-30.5124,0.4741,-14.4480,148.444,ppo_car_spread_a_sampling
53.2410,-0.47998,0.0000,0.0871,0.20910,0.21061,0.11415,0.0,1.0000,-30.5097,0.4741,-14.4513,148.415,ppo_car_spread_a_sampling
53.2610,-0.41758,0.0000,0.0871,0.04521,0.04528,0.00000,0.0,1.0000,-30.5093,0.4741,-14.4520,148.341,ppo_car_spread_a_sampling
53.2810,-0.32591,0.0000,0.0871,0.04837,0.04848,0.23189,-18.3,1.0000,-30.5088,0.4741,-14.4528,148.313,ppo_car_spread_a_sampling
53.3010,-0.26837,0.3105,0.0000,0.04419,0.04435,0.27729,-18.3,1.0000,-30.5083,0.4741,-14.4534,148.302,ppo_car_spread_a_sampling
53.3210,-0.18558,0.3105,0.0000,0.06970,0.06984,0.44758,163.0,1.0000,-30.5075,0.4741,-14.4546,148.292,ppo_car_spread_a_sampling
53.3410,-0.11014,0.3105,0.0000,0.10063,0.10075,0.36253,163.0,1.0000,-30.5064,0.4741,-14.4562,148.286,ppo_car_spread_a_sampling
53.3610,-0.02946,0.3105,0.0000,0.13153,0.13159,0.37518,163.0,1.0000,-30.5049,0.4741,-14.4585,148.282,ppo_car_spread_a_sampling
53.3810,-0.11185,0.0000,0.2360,0.16573,0.16575,0.30343,163.0,1.0000,-30.5031,0.4741,-14.4613,148.278,ppo_car_spread_a_sampling
53.4010,-0.16735,0.0000,0.2360,0.17132,0.17136,0.00000,0.0,1.0000,-30.5012,0.4741,-14.4642,148.279,ppo_car_spread_a_sampling
53.4210,-0.25692,0.0000,0.2360,0.00469,0.00592,0.00000,0.0,1.0000,-30.5012,0.4741,-14.4641,148.280,ppo_car_spread_a_sampling
53.4410,-0.29295,0.0000,0.2360,-0.00468,0.00477,0.23216,-49.6,1.0000,-30.5013,0.4741,-14.4640,148.281,ppo_car_spread_a_sampling
53.4610,-0.39039,0.0509,0.0000,-0.01519,0.01519,0.31226,-49.6,1.0000,-30.5015,0.4741,-14.4636,148.280,ppo_car_spread_a_sampling
53.4810,-0.45570,0.0509,0.0000,-0.01369,0.01373,0.25045,26.7,1.0000,-30.5017,0.4741,-14.4634,148.282,ppo_car_spread_a_sampling
53.5010,-0.55537,0.0509,0.0000,-0.00335,0.00339,0.31358,26.7,1.0000,-30.5018,0.4741,-14.4633,148.285,ppo_car_spread_a_sampling
53.5210,-0.61137,0.0509,0.0000,0.00390,0.00390,0.32650,26.7,1.0000,-30.5018,0.4741,-14.4633,148.284,ppo_car_spread_a_sampling
53.5410,-0.53995,0.5374,0.0000,0.00364,0.00369,0.29446,26.7,1.0000,-30.5017,0.4741,-14.4634,148.280,ppo_car_spread_a_sampling
53.5610,-0.46061,0.5374,0.0000,0.05542,0.05575,0.46145,282.1,1.0000,-30.5010,0.4741,-14.4643,148.271,ppo_car_spread_a_sampling
53.5810,-0.38305,0.5374,0.0000,0.11145,0.11205,0.05442,282.1,1.0000,-30.4996,0.4741,-14.4661,148.260,ppo_car_spread_a_sampling
53.6010,-0.30759,0.5374,0.0000,0.15862,0.15927,0.47784,282.1,1.0000,-30.4976,0.4741,-14.4688,148.246,ppo_car_spread_a_sampling
53.6210,-0.36573,0.0000,0.1477,0.21368,0.21426,0.47429,282.1,1.0000,-30.4949,0.4741,-14.4724,148.233,ppo_car_spread_a_sampling
53.6410,-0.46138,0.0000,0.1477,0.18898,0.18953,0.00000,0.0,1.0000,-30.4926,0.4741,-14.4755,148.224,ppo_car_spread_a_sampling
53.6610,-0.53758,0.0000,0.1477,0.00328,0.00928,0.00000,0.0,1.0000,-30.4925,0.4741,-14.4754,148.225,ppo_car_spread_a_sampling
53.6810,-0.59269,0.0000,0.1477,0.00209,0.00362,0.32003,-31.0,1.0000,-30.4925,0.4741,-14.4753,148.222,ppo_car_spread_a_sampling
53.7010,-0.50692,0.7912,0.0000,-0.01296,0.01296,0.32425,-31.0,1.0000,-30.4927,0.4741,-14.4750,148.223,ppo_car_spread_a_sampling
53.7210,-0.48059,0.7912,0.0000,0.06521,0.06565,0.26585,415.4,1.0000,-30.4918,0.4741,-14.4761,148.217,ppo_car_spread_a_sampling
53.7410,-0.48059,0.7912,0.0000,0.14224,0.14301,0.31650,415.4,1.0000,-30.4900,0.4741,-14.4784,148.202,ppo_car_spread_a_sampling
53.7610,-0.48059,0.7912,0.0000,0.21713,0.21834,0.43906,415.4,1.0000,-30.4872,0.4741,-14.4819,148.181,ppo_car_spread_a_sampling
53.7810,-0.42364,0.0000,0.5436,0.29798,0.29964,0.30765,415.4,1.0000,-30.4834,0.4741,-14.4868,148.152,ppo_car_spread_a_sampling
53.8010,-0.34579,0.0000,0.5436,0.18811,0.18904,0.00000,0.0,1.0000,-30.4811,0.4741,-14.4898,148.141,ppo_car_spread_a_sampling
53.8210,-0.27122,0.0000,0.5436,0.00441,0.01132,0.00000,0.0,1.0000,-30.4810,0.4741,-14.4896,148.142,ppo_car_spread_a_sampling
53.8410,-0.19230,0.0000,0.5436,-0.00974,0.01009,0.39774,-114.2,1.0000,-30.4811,0.4741,-14.4894,148.143,ppo_car_spread_a_sampling
53.8610,-0.26055,0.3618,0.0000,-0.03109,0.03109,0.40226,-114.2,1.0000,-30.4815,0.4741,-14.4887,148.146,ppo_car_spread_a_sampling
53.8810,-0.32045,0.3618,0.0000,-0.00290,0.00290,0.27052,190.0,1.0000,-30.4816,0.4741,-14.4886,148.148,ppo_car_spread_a_sampling
53.9010,-0.33169,0.3618,0.0000,0.02816,0.02828,0.36320,190.0,1.0000,-30.4813,0.4741,-14.4890,148.145,ppo_car_spread_a_sampling
53.9210,-0.33169,0.3618,0.0000,0.06171,0.06188,0.43270,190.0,1.0000,-30.4806,0.4741,-14.4901,148.140,ppo_car_spread_a_sampling
53.9410,-0.25764,0.0000,0.2784,0.10172,0.10202,0.47107,190.0,1.0000,-30.4794,0.4741,-14.4917,148.134,ppo_car_spread_a_sampling
53.9610,-0.20198,0.0000,0.2784,0.10316,0.10335,0.00000,0.0,1.0000,-30.4782,0.4741,-14.4935,148.129,ppo_car_spread_a_sampling
53.9810,-0.12422,0.0000,0.2784,0.00249,0.00459,0.00000,0.0,1.0000,-30.4781,0.4741,-14.4934,148.129,ppo_car_spread_a_sampling
54.0011,-0.04981,0.0000,0.2784,-0.00576,0.00588,0.23782,-58.5,1.0000,-30.4782,0.4741,-14.4932,148.130,ppo_car_spread_a_sampling
54.0211,-0.12946,0.0200,0.0000,-0.01629,0.01629,0.38245,-58.5,1.0000,-30.4784,0.4741,-14.4929,148.133,ppo_car_spread_a_sampling
54.0411,-0.12989,0.0200,0.0000,-0.01697,0.01698,0.32419,10.5,1.0000,-30.4786,0.4741,-14.4926,148.135,ppo_car_spread_a_sampling
54.0611,-0.12989,0.0200,0.0000,-0.01269,0.01270,0.31681,10.5,1.0000,-30.4788,0.4741,-14.4924,148.134,ppo_car_spread_a_sampling
54.0811,-0.12989,0.0200,0.0000,-0.01188,0.01189,0.31260,10.5,1.0000,-30.4789,0.4741,-14.4922,148.135,ppo_car_spread_a_sampling
54.1011,-0.20408,0.0000,0.2890,-0.00977,0.00977,0.17951,10.5,1.0000,-30.4790,0.4741,-14.4920,148.134,ppo_car_spread_a_sampling
54.1211,-0.24057,0.0000,0.2890,-0.02398,0.02399,0.31996,-60.7,1.0000,-30.4793,0.4741,-14.4916,148.135,ppo_car_spread_a_sampling
54.1411,-0.24057,0.0000,0.2890,-0.03127,0.03130,0.33914,-60.7,1.0000,-30.4796,0.4741,-14.4911,148.133,ppo_car_spread_a_sampling
54.1611,-0.24057,0.0000,0.2890,-0.04271,0.04276,0.27026,-60.7,1.0000,-30.4801,0.4741,-14.4904,148.136,ppo_car_spread_a_sampling
54.1811,-0.15612,0.6016,0.0000,-0.05447,0.05455,0.40515,-60.7,1.0000,-30.4808,0.4741,-14.4895,148.134,ppo_car_spread_a_sampling
54.2011,-0.09787,0.6016,0.0000,0.00282,0.00282,0.23557,315.9,1.0000,-30.4807,0.4741,-14.4896,148.137,ppo_car_spread_a_sampling
54.2211,-0.01268,0.6016,0.0000,0.06217,0.06218,0.15571,315.9,1.0000,-30.4800,0.4741,-14.4908,148.137,ppo_car_spread_a_sampling
54.2411,0.03714,0.6016,0.0000,0.11810,0.11810,0.45999,315.9,1.0000,-30.4786,0.4741,-14.4929,148.135,ppo_car_spread_a_sampling
54.2611,0.12092,0.0000,0.2351,0.17506,0.17506,0.34454,315.9,1.0000,-30.4767,0.4741,-14.4960,148.136,ppo_car_spread_a_sampling
54.2811,0.19885,0.0000,0.2351,0.19614,0.19617,0.00000,0.0,1.0000,-30.4746,0.4741,-14.4995,148.137,ppo_car_spread_a_sampling
54.3011,0.28192,0.0000,0.2351,0.00386,0.00556,0.00000,0.0,1.0000,-30.4747,0.4741,-14.4995,148.138,ppo_car_spread_a_sampling
54.3211,0.35237,0.0000,0.2351,-0.00595,0.00597,0.33171,-49.4,1.0000,-30.4748,0.4741,-14.4994,148.141,ppo_car_spread_a_sampling
54.3411,0.28140,0.2603,0.0000,-0.01241,0.01241,0.14818,-49.4,1.0000,-30.4749,0.4741,-14.4991,148.141,ppo_car_spread_a_sampling
54.3611,0.23550,0.2603,0.0000,0.00787,0.00788,0.40271,136.6,1.0000,-30.4748,0.4741,-14.4992,148.143,ppo_car_spread_a_sampling
54.3811,0.23550,0.2603,0.0000,0.03224,0.03227,0.42907,136.6,1.0000,-30.4745,0.4741,-14.4998,148.143,ppo_car_spread_a_sampling
54.4011,0.23550,0.2603,0.0000,0.06065,0.06074,0.22220,136.6,1.0000,-30.4739,0.4741,-14.5009,148.145,ppo_car_spread_a_sampling
54.4211,0.16612,0.2695,0.0000,0.07920,0.07931,0.46124,136.6,1.0000,-30.4731,0.4741,-14.5023,148.151,ppo_car_spread_a_sampling
54.4411,0.08355,0.2695,0.0000,0.11549,0.11559,0.20023,141.5,1.0000,-30.4720,0.4741,-14.5043,148.157,ppo_car_spread_a_sampling
54.4611,0.00751,0.2695,0.0000,0.14394,0.14399,0.16129,141.5,1.0000,-30.4705,0.4741,-14.5069,148.162,ppo_car_spread_a_sampling
54.4811,-0.05695,0.2695,0.0000,0.16747,0.16747,0.31367,141.5,1.0000,-30.4687,0.4741,-14.5098,148.161,ppo_car_spread_a_sampling
54.5011,-0.14031,0.0000,0.0565,0.19003,0.19003,0.44919,141.5,1.0000,-30.4666,0.4741,-14.5131,148.159,ppo_car_spread_a_sampling
54.5211,-0.22044,0.0000,0.0565,0.18943,0.18947,0.00000,0.0,1.0000,-30.4645,0.4741,-14.5163,148.156,ppo_car_spread_a_sampling
54.5411,-0.27716,0.0000,0.0565,0.00526,0.00675,0.00000,0.0,1.0000,-30.4645,0.4741,-14.5162,148.157,ppo_car_spread_a_sampling
54.5611,-0.36477,0.0000,0.0565,0.00780,0.00802,0.34249,-11.9,1.0000,-30.4644,0.4741,-14.5162,148.156,ppo_car_spread_a_sampling
54.5811,-0.30850,0.1181,0.0000,-0.00054,0.00054,0.35677,-11.9,1.0000,-30.4645,0.4741,-14.5161,148.159,ppo_car_spread_a_sampling
54.6011,-0.22516,0.1181,0.0000,0.01190,0.01193,0.15000,62.0,1.0000,-30.4644,0.4741,-14.5162,148.159,ppo_car_spread_a_sampling
54.6211,-0.15687,0.1181,0.0000,0.01872,0.01875,0.36490,62.0,1.0000,-30.4642,0.4741,-14.5165,148.162,ppo_car_spread_a_sampling
54.6411,-0.07905,0.1181,0.0000,0.03954,0.03956,0.34871,62.0,1.0000,-30.4638,0.4741,-14.5171,148.158,ppo_car_spread_a_sampling
54.6611,0.00641,0.0000,0.0449,0.04342,0.04343,0.38792,62.0,1.0000,-30.4633,0.4741,-14.5178,148.157,ppo_car_spread_a_sampling
54.6811,0.04891,0.0000,0.0449,0.04253,0.04253,0.38036,-9.4,1.0000,-30.4629,0.4741,-14.5185,148.154,ppo_car_spread_a_sampling
54.7011,0.04891,0.0000,0.0449,0.04296,0.04296,0.11703,-9.4,1.0000,-30.4624,0.4741,-14.5192,148.153,ppo_car_spread_a_sampling
54.7211,0.04891,0.0000,0.0449,0.04570,0.04570,0.24476,-9.4,1.0000,-30.4620,0.4741,-14.5200,148.154,ppo_car_spread_a_sampling
54.7411,-0.01246,0.0000,0.2657,0.04208,0.04208,0.19558,-9.4,1.0000,-30.4615,0.4741,-14.5207,148.152,ppo_car_spread_a_sampling
54.7611,-0.10057,0.0000,0.2657,0.03640,0.03640,0.32118,-55.8,1.0000,-30.4611,0.4741,-14.5214,148.152,ppo_car_spread_a_sampling
54.7811,-0.18030,0.0000,0.2657,0.02187,0.02187,0.27815,-55.8,1.0000,-30.4609,0.4741,-14.5217,148.152,ppo_car_spread_a_sampling
54.8011,-0.23905,0.0000,0.2657,0.01060,0.01060,0.35647,-55.8,1.0000,-30.4608,0.4741,-14.5219,148.155,ppo_car_spread_a_sampling
54.8211,-0.32030,0.1186,0.0000,0.00465,0.00465,0.37221,-55.8,1.0000,-30.4608,0.4741,-14.5219,148.153,ppo_car_spread_a_sampling
54.8411,-0.38844,0.1186,0.0000,0.00866,0.00867,0.14322,62.3,1.0000,-30.4607,0.4741,-14.5221,148.155,ppo_car_spread_a_sampling
54.8611,-0.46653,0.1186,0.0000,0.02272,0.02278,0.39762,62.3,1.0000,-30.4604,0.4741,-14.5225,148.158,ppo_car_spread_a_sampling
54.8811,-0.53925,0.1186,0.0000,0.03188,0.03199,0.29016,62.3,1.0000,-30.4600,0.4741,-14.5230,148.154,ppo_car_spread_a_sampling
54.9011,-0.51561,0.0000,0.0351,0.04312,0.04339,0.14879,62.3,1.0000,-30.4594,0.4741,-14.5237,148.150,ppo_car_spread_a_sampling
54.9211,-0.43994,0.0000,0.0351,0.04380,0.04407,0.27285,-7.4,1.0000,-30.4589,0.4741,-14.5244,148.148,ppo_car_spread_a_sampling
54.9411,-0.32336,0.0000,0.0351,0.03538,0.03554,0.37474,-7.4,1.0000,-30.4584,0.4741,-14.5250,148.146,ppo_car_spread_a_sampling
54.9611,-0.23481,0.0000,0.0351,0.03840,0.03854,0.35148,-7.4,1.0000,-30.4580,0.4741,-14.5257,148.138,ppo_car_spread_a_sampling
54.9811,-0.31077,0.3884,0.0000,0.03759,0.03767,0.34980,-7.4,1.0000,-30.4575,0.4741,-14.5263,148.136,ppo_car_spread_a_sampling
55.0011,-0.37963,0.3884,0.0000,0.07287,0.07304,0.31558,203.9,1.0000,-30.4566,0.4741,-14.5275,148.134,ppo_car_spread_a_sampling
55.0211,-0.37963,0.3884,0.0000,0.11047,0.11081,0.41528,203.9,1.0000,-30.4553,0.4741,-14.5294,148.126,ppo_car_spread_a_sampling
55.0411,-0.37963,0.3884,0.0000,0.14870,0.14917,0.46613,203.9,1.0000,-30.4534,0.4741,-14.5318,148.113,ppo_car_spread_a_sampling
55.0611,-0.29087,0.0000,0.2490,0.18343,0.18407,0.52043,203.9,1.0000,-30.4512,0.4741,-14.5349,148.097,ppo_car_spread_a_sampling
55.0811,-0.23300,0.0000,0.2490,0.19222,0.19270,0.00000,0.0,1.0000,-30.4489,0.4741,-14.5381,148.090,ppo_car_spread_a_sampling
55.1011,-0.15807,0.0000,0.2490,0.00439,0.00910,0.00000,0.0,1.0000,-30.4487,0.4741,-14.5379,148.091,ppo_car_spread_a_sampling
55.1211,-0.07889,0.0000,0.2490,-0.00497,0.00548,0.34039,-52.3,1.0000,-30.4488,0.4741,-14.5377,148.087,ppo_car_spread_a_sampling
55.1411,-0.16181,0.0000,0.3262,-0.01320,0.01321,0.39064,-52.3,1.0000,-30.4490,0.4741,-14.5374,148.085,ppo_car_spread_a_sampling
55.1611,-0.22748,0.0000,0.3262,-0.02391,0.02391,0.26511,-68.5,1.0000,-30.4493,0.4741,-14.5370,148.085,ppo_car_spread_a_sampling
55.1811,-0.30373,0.0000,0.3262,-0.03529,0.03531,0.40055,-68.5,1.0000,-30.4498,0.4741,-14.5363,148.088,ppo_car_spread_a_sampling
55.2011,-0.37107,0.0000,0.3262,-0.04956,0.04964,0.41815,-68.5,1.0000,-30.4504,0.4741,-14.5354,148.092,ppo_car_spread_a_sampling
55.2211,-0.28113,0.0000,0.1183,-0.06550,0.06568,0.11333,-68.5,1.0000,-30.4512,0.4741,-14.5343,148.097,ppo_car_spread_a_sampling
55.2411,-0.26244,0.0000,0.1183,-0.07487,0.07501,0.23991,-24.8,1.0000,-30.4521,0.4741,-14.5330,148.103,ppo_car_spread_a_sampling
55.2611,-0.26244,0.0000,0.1183,-0.07226,0.07240,0.29157,-24.8,1.0000,-30.4530,0.4741,-14.5318,148.106,ppo_car_spread_a_sampling
55.2811,-0.26244,0.0000,0.1183,-0.07804,0.07816,0.18552,-24.8,1.0000,-30.4539,0.4741,-14.5305,148.108,ppo_car_spread_a_sampling
55.3011,-0.16438,0.0000,0.1866,-0.07964,0.07977,0.43012,-24.8,1.0000,-30.4549,0.4741,-14.5292,148.113,ppo_car_spread_a_sampling
55.3211,-0.10999,0.0000,0.1866,-0.08417,0.08425,0.41768,-39.2,1.0000,-30.4558,0.4741,-14.5278,148.116,ppo_car_spread_a_sampling
55.3411,-0.02410,0.0000,0.1866,-0.10156,0.10160,0.20915,-39.2,1.0000,-30.4570,0.4741,-14.5261,148.118,ppo_car_spread_a_sampling
55.3611,0.03980,0.0000,0.1866,-0.11095,0.11096,0.15227,-39.2,1.0000,-30.4582,0.4741,-14.5242,148.118,ppo_car_spread_a_sampling
55.3811,-0.03025,0.0000,0.0016,-0.11138,0.11139,0.32606,-39.2,1.0000,-30.4593,0.4741,-14.5223,148.118,ppo_car_spread_a_sampling
55.4011,-0.10743,0.0000,0.0016,-0.11996,0.11996,0.18298,-0.3,1.0000,-30.4606,0.4741,-14.5203,148.119,ppo_car_spread_a_sampling
55.4211,-0.16845,0.0000,0.0016,-0.11124,0.11126,0.20043,-0.3,1.0000,-30.4618,0.4741,-14.5185,148.121,ppo_car_spread_a_sampling
55.4411,-0.16845,0.0000,0.0016,-0.11167,0.11172,0.32323,-0.3,1.0000,-30.4630,0.4741,-14.5166,148.124,ppo_car_spread_a_sampling
55.4611,-0.23976,0.5076,0.0000,-0.11387,0.11394,0.10138,-0.3,1.0000,-30.4643,0.4741,-14.5148,148.128,ppo_car_spread_a_sampling
55.4811,-0.28762,0.5076,0.0000,-0.06263,0.06268,0.34604,266.5,1.0000,-30.4649,0.4741,-14.5138,148.132,ppo_car_spread_a_sampling
55.5011,-0.28762,0.5076,0.0000,-0.01849,0.01850,0.35152,266.5,1.0000,-30.4650,0.4741,-14.5136,148.133,ppo_car_spread_a_sampling
55.5211,-0.28762,0.5076,0.0000,0.02897,0.02902,0.33484,266.5,1.0000,-30.4646,0.4741,-14.5142,148.129,ppo_car_spread_a_sampling
55.5411,-0.20761,0.0000,0.3632,0.08144,0.08160,0.44083,266.5,1.0000,-30.4636,0.4741,-14.5156,148.121,ppo_car_spread_a_sampling
55.5611,-0.14650,0.0000,0.3632,0.07217,0.07227,0.26309,-76.3,1.0000,-30.4627,0.4741,-14.5169,148.115,ppo_car_spread_a_sampling
55.5811,-0.09008,0.0000,0.3632,0.05919,0.05923,0.23421,-76.3,1.0000,-30.4620,0.4741,-14.5180,148.112,ppo_car_spread_a_sampling
55.6011,-0.02104,0.0000,0.3632,0.04871,0.04873,0.30972,-76.3,1.0000,-30.4614,0.4741,-14.5188,148.112,ppo_car_spread_a_sampling
55.6211,-0.01167,0.0000,0.8916,0.03110,0.03111,0.33540,-76.3,1.0000,-30.4610,0.4741,-14.5194,148.113,ppo_car_spread_a_sampling
55.6411,-0.01167,0.0000,0.8916,-0.00445,0.00445,0.19350,-187.2,1.0000,-30.4611,0.4741,-14.5193,148.114,ppo_car_spread_a_sampling
55.6611,-0.01167,0.0000,0.8916,-0.03872,0.03872,0.44168,-187.2,1.0000,-30.4615,0.4741,-14.5186,148.108,ppo_car_spread_a_sampling
55.6811,-0.01167,0.0000,0.8916,-0.07281,0.07281,0.36669,-187.2,1.0000,-30.4624,0.4741,-14.5172,148.111,ppo_car_spread_a_sampling
55.7011,0.06034,0.2751,0.0000,-0.11245,0.11245,0.26148,-187.2,1.0000,-30.4636,0.4741,-14.5152,148.111,ppo_car_spread_a_sampling
55.7211,0.13600,0.2751,0.0000,-0.08472,0.08472,0.25572,144.4,1.0000,-30.4645,0.4741,-14.5137,148.111,ppo_car_spread_a_sampling
55.7411,0.19419,0.2751,0.0000,-0.05914,0.05915,0.14239,144.4,1.0000,-30.4652,0.4741,-14.5127,148.111,ppo_car_spread_a_sampling
55.7611,0.20866,0.2751,0.0000,-0.02578,0.02579,0.27502,144.4,1.0000,-30.4654,0.4741,-14.5122,148.109,ppo_car_spread_a_sampling
55.7811,0.17838,0.0000,0.1455,-0.00752,0.00752,0.16976,144.4,1.0000,-30.4655,0.4741,-14.5121,148.108,ppo_car_spread_a_sampling
55.8011,0.17838,0.0000,0.1455,-0.00872,0.00872,0.34254,-30.5,1.0000,-30.4656,0.4741,-14.5120,148.104,ppo_car_spread_a_sampling
55.8211,0.17838,0.0000,0.1455,-0.01280,0.01281,0.20964,-30.5,1.0000,-30.4657,0.4741,-14.5117,148.106,ppo_car_spread_a_sampling
55.8411,0.17838,0.0000,0.1455,-0.02112,0.02114,0.14771,-30.5,1.0000,-30.4659,0.4741,-14.5114,148.104,ppo_car_spread_a_sampling
55.8611,0.09710,0.0062,0.0000,-0.02384,0.02386,0.26008,-30.5,1.0000,-30.4662,0.4741,-14.5109,148.101,ppo_car_spread_a_sampling
55.8811,0.07882,0.0062,0.0000,-0.02403,0.02404,0.39291,3.3,1.0000,-30.4664,0.4741,-14.5105,148.096,ppo_car_spread_a_sampling
55.9011,0.07882,0.0062,0.0000,-0.02177,0.02178,0.22985,3.3,1.0000,-30.4666,0.4741,-14.5101,148.095,ppo_car_spread_a_sampling
55.9211,0.07882,0.0062,0.0000,-0.02529,0.02529,0.17247,3.3,1.0000,-30.4669,0.4741,-14.5097,148.096,ppo_car_spread_a_sampling
55.9411,0.01890,0.2245,0.0000,-0.02776,0.02777,0.27695,3.3,1.0000,-30.4672,0.4741,-14.5092,148.096,ppo_car_spread_a_sampling
55.9611,-0.05870,0.2245,0.0000,0.00533,0.00533,0.29172,117.9,1.0000,-30.4671,0.4741,-14.5093,148.097,ppo_car_spread_a_sampling
55.9811,-0.12905,0.2245,0.0000,0.01463,0.01463,0.36125,117.9,1.0000,-30.4670,0.4741,-14.5096,148.097,ppo_car_spread_a_sampling
56.0011,-0.14271,0.2245,0.0000,0.04393,0.04395,0.18552,117.9,1.0000,-30.4665,0.4741,-14.5104,148.097,ppo_car_spread_a_sampling
56.0211,-0.20688,0.1249,0.0000,0.06785,0.06788,0.14674,117.9,1.0000,-30.4657,0.4741,-14.5116,148.096,ppo_car_spread_a_sampling
56.0411,-0.28262,0.1249,0.0000,0.07843,0.07849,0.18512,65.6,1.0000,-30.4648,0.4741,-14.5129,148.093,ppo_car_spread_a_sampling
56.0611,-0.35953,0.1249,0.0000,0.08731,0.08744,0.20600,65.6,1.0000,-30.4637,0.4741,-14.5144,148.088,ppo_car_spread_a_sampling
56.0811,-0.42050,0.1249,0.0000,0.10072,0.10094,0.24178,65.6,1.0000,-30.4625,0.4741,-14.5161,148.081,ppo_car_spread_a_sampling
56.1011,-0.40439,0.0000,0.4328,0.10989,0.11028,0.19100,65.6,1.0000,-30.4612,0.4741,-14.5178,148.073,ppo_car_spread_a_sampling
56.1211,-0.40439,0.0000,0.4328,0.12879,0.12929,0.00000,0.0,1.0000,-30.4596,0.4741,-14.5199,148.064,ppo_car_spread_a_sampling
56.1411,-0.40439,0.0000,0.4328,0.00281,0.00715,0.00000,0.0,1.0000,-30.4595,0.4741,-14.5198,148.064,ppo_car_spread_a_sampling
56.1611,-0.40439,0.0000,0.4328,-0.00922,0.00933,0.28549,-90.9,1.0000,-30.4596,0.4741,-14.5196,148.066,ppo_car_spread_a_sampling
56.1811,-0.34212,0.2934,0.0000,-0.02680,0.02686,0.42512,-90.9,1.0000,-30.4600,0.4741,-14.5191,148.066,ppo_car_spread_a_sampling
56.2011,-0.25357,0.2934,0.0000,-0.01180,0.01183,0.36616,154.0,1.0000,-30.4602,0.4741,-14.5188,148.068,ppo_car_spread_a_sampling
56.2211,-0.17306,0.2934,0.0000,0.01433,0.01436,0.42397,154.0,1.0000,-30.4600,0.4741,-14.5190,148.067,ppo_car_spread_a_sampling
56.2411,-0.11955,0.2934,0.0000,0.05632,0.05638,0.30351,154.0,1.0000,-30.4594,0.4741,-14.5200,148.067,ppo_car_spread_a_sampling
56.2611,-0.03689,0.5060,0.0000,0.08036,0.08040,0.35684,154.0,1.0000,-30.4585,0.4741,-14.5213,148.066,ppo_car_spread_a_sampling
56.2811,0.02589,0.5060,0.0000,0.13767,0.13768,0.09013,265.7,1.0000,-30.4569,0.4741,-14.5237,148.065,ppo_car_spread_a_sampling
56.3011,0.09740,0.5060,0.0000,0.17802,0.17802,0.47754,265.7,1.0000,-30.4550,0.4741,-14.5268,148.065,ppo_car_spread_a_sampling
56.3211,0.09740,0.5060,0.0000,0.23181,0.23184,0.50963,265.7,1.0000,-30.4526,0.4741,-14.5309,148.071,ppo_car_spread_a_sampling
56.3411,0.03958,0.0000,0.3253,0.27434,0.27439,0.59037,265.7,1.0000,-30.4497,0.4741,-14.5357,148.073,ppo_car_spread_a_sampling
56.3611,-0.04103,0.0000,0.3253,0.19340,0.19342,0.00000,0.0,1.0000,-30.4477,0.4741,-14.5391,148.073,ppo_car_spread_a_sampling
56.3811,-0.10602,0.0000,0.3253,0.00603,0.00605,0.00000,0.0,1.0000,-30.4477,0.4741,-14.5390,148.074,ppo_car_spread_a_sampling
56.4011,-0.19305,0.0000,0.3253,-0.00066,0.00075,0.39215,-68.3,1.0000,-30.4478,0.4741,-14.5389,148.078,ppo_car_spread_a_sampling
56.4211,-0.25967,0.8372,0.0000,-0.01173,0.01175,0.40865,-68.3,1.0000,-30.4480,0.4741,-14.5386,148.081,ppo_car_spread_a_sampling
56.4411,-0.26740,0.8372,0.0000,0.06941,0.06952,0.18390,439.5,1.0000,-30.4472,0.4741,-14.5397,148.077,ppo_car_spread_a_sampling
56.4611,-0.26740,0.8372,0.0000,0.13916,0.13939,0.24238,439.5,1.0000,-30.4456,0.4741,-14.5420,148.069,ppo_car_spread_a_sampling
56.4811,-0.26740,0.8372,0.0000,0.22431,0.22467,0.50686,439.5,1.0000,-30.4429,0.4741,-14.5457,148.060,ppo_car_spread_a_sampling
56.5011,-0.35926,0.2920,0.0000,0.30397,0.30448,0.36431,439.5,1.0000,-30.4393,0.4741,-14.5508,148.043,ppo_car_spread_a_sampling
56.5211,-0.41838,0.2920,0.0000,0.32207,0.32285,0.64450,153.3,1.0000,-30.4354,0.4741,-14.5562,148.022,ppo_car_spread_a_sampling
56.5411,-0.47189,0.2920,0.0000,0.35267,0.35389,0.64495,153.3,1.0000,-30.4311,0.4741,-14.5619,147.993,ppo_car_spread_a_sampling
56.5611,-0.47189,0.2920,0.0000,0.38347,0.38519,0.65462,153.3,1.0000,-30.4263,0.4741,-14.5681,147.959,ppo_car_spread_a_sampling
56.5811,-0.38307,0.1308,0.0000,0.41370,0.41571,0.64602,153.3,1.0000,-30.4211,0.4741,-14.5748,147.920,ppo_car_spread_a_sampling
56.6011,-0.31023,0.1308,0.0000,0.43048,0.43222,0.32534,68.7,1.0000,-30.4158,0.4741,-14.5817,147.884,ppo_car_spread_a_sampling
56.6211,-0.24563,0.1308,0.0000,0.43746,0.43875,0.66599,68.7,1.0000,-30.4105,0.4741,-14.5888,147.850,ppo_car_spread_a_sampling
56.6411,-0.24563,0.1308,0.0000,0.45680,0.45772,0.35229,68.7,1.0000,-30.4051,0.4741,-14.5963,147.822,ppo_car_spread_a_sampling
56.6611,-0.27192,0.0000,0.2348,0.46952,0.47031,0.36855,68.7,1.0000,-30.3997,0.4741,-14.6039,147.797,ppo_car_spread_a_sampling
56.6811,-0.27192,0.0000,0.2348,0.44178,0.44255,0.61637,0.0,1.0000,-30.3945,0.4741,-14.6111,147.775,ppo_car_spread_a_sampling
56.7011,-0.27192,0.0000,0.2348,0.36887,0.36964,0.54916,0.0,1.0000,-30.3903,0.4741,-14.6170,147.769,ppo_car_spread_a_sampling
56.7211,-0.27192,0.0000,0.2348,0.19868,0.19924,0.00000,0.0,1.0000,-30.3881,0.4741,-14.6200,147.756,ppo_car_spread_a_sampling
56.7411,-0.21486,0.0000,0.6381,0.05459,0.05471,0.00000,0.0,1.0000,-30.3877,0.4741,-14.6206,147.683,ppo_car_spread_a_sampling
56.7611,-0.19938,0.0000,0.6381,0.03218,0.03234,0.28246,-134.0,1.0000,-30.3875,0.4741,-14.6208,147.656,ppo_car_spread_a_sampling
56.7811,-0.19938,0.0000,0.6381,0.00971,0.00985,0.23428,-134.0,1.0000,-30.3876,0.4741,-14.6207,147.646,ppo_car_spread_a_sampling
56.8011,-0.19938,0.0000,0.6381,-0.02080,0.02081,0.24708,-134.0,1.0000,-30.3880,0.4741,-14.6202,147.645,ppo_car_spread_a_sampling
56.8211,-0.13403,0.0000,0.2333,-0.04925,0.04927,0.28714,-134.0,1.0000,-30.3887,0.4741,-14.6192,147.645,ppo_car_spread_a_sampling
56.8411,-0.06848,0.0000,0.2333,-0.05557,0.05559,0.28373,-49.0,1.0000,-30.3894,0.4741,-14.6181,147.645,ppo_car_spread_a_sampling
56.8611,0.00939,0.0000,0.2333,-0.06094,0.06095,0.31655,-49.0,1.0000,-30.3902,0.4741,-14.6170,147.646,ppo_car_spread_a_sampling
56.8811,0.06825,0.0000,0.2333,-0.07442,0.07442,0.22317,-49.0,1.0000,-30.3910,0.4741,-14.6157,147.647,ppo_car_spread_a_sampling
56.9011,0.16509,0.0000,0.3316,-0.07579,0.07579,0.37203,-49.0,1.0000,-30.3919,0.4741,-14.6144,147.645,ppo_car_spread_a_sampling
56.9211,0.24312,0.0000,0.3316,-0.09161,0.09165,0.22136,-69.6,1.0000,-30.3928,0.4741,-14.6128,147.645,ppo_car_spread_a_sampling
56.9411,0.31900,0.0000,0.3316,-0.09873,0.09883,0.40455,-69.6,1.0000,-30.3938,0.4741,-14.6111,147.642,ppo_car_spread_a_sampling
56.9611,0.33606,0.0000,0.3316,-0.11514,0.11537,0.44707,-69.6,1.0000,-30.3949,0.4741,-14.6091,147.633,ppo_car_spread_a_sampling
56.9811,0.24704,0.0000,0.4837,-0.12933,0.12964,0.28288,-69.6,1.0000,-30.3961,0.4741,-14.6069,147.626,ppo_car_spread_a_sampling
57.0011,0.18734,0.0000,0.4837,-0.15185,0.15212,0.34766,-101.6,1.0000,-30.3975,0.4741,-14.6042,147.620,ppo_car_spread_a_sampling
57.0211,0.09715,0.0000,0.4837,-0.16773,0.16792,0.17049,-101.6,1.0000,-30.3991,0.4741,-14.6014,147.613,ppo_car_spread_a_sampling
57.0411,0.03905,0.0000,0.4837,-0.18840,0.18849,0.23350,-101.6,1.0000,-30.4010,0.4741,-14.5982,147.609,ppo_car_spread_a_sampling
57.0611,-0.01516,0.5168,0.0000,-0.20662,0.20665,0.15610,-101.6,1.0000,-30.4031,0.4741,-14.5947,147.606,ppo_car_spread_a_sampling
57.0811,-0.01516,0.5168,0.0000,-0.16059,0.16059,0.32359,271.3,1.0000,-30.4048,0.4741,-14.5921,147.602,ppo_car_spread_a_sampling
57.1011,-0.01516,0.5168,0.0000,-0.10834,0.10834,0.22247,271.3,1.0000,-30.4058,0.4741,-14.5904,147.602,ppo_car_spread_a_sampling
57.1211,-0.01516,0.5168,0.0000,-0.05786,0.05786,0.26097,271.3,1.0000,-30.4064,0.4741,-14.5896,147.599,ppo_car_spread_a_sampling
57.1411,-0.07687,0.2341,0.0000,-0.00682,0.00682,0.34582,271.3,1.0000,-30.4063,0.4741,-14.5896,147.595,ppo_car_spread_a_sampling
57.1611,-0.15822,0.2341,0.0000,0.01411,0.01411,0.41781,122.9,1.0000,-30.4060,0.4741,-14.5901,147.593,ppo_car_spread_a_sampling
57.1811,-0.21955,0.2341,0.0000,0.04333,0.04336,0.19211,122.9,1.0000,-30.4054,0.4741,-14.5910,147.590,ppo_car_spread_a_sampling
57.2011,-0.21955,0.2341,0.0000,0.06998,0.07005,0.24983,122.9,1.0000,-30.4045,0.4741,-14.5923,147.588,ppo_car_spread_a_sampling
57.2211,-0.30068,0.3256,0.0000,0.08684,0.08694,0.31272,122.9,1.0000,-30.4034,0.4741,-14.5938,147.586,ppo_car_spread_a_sampling
57.2411,-0.35347,0.3256,0.0000,0.11555,0.11577,0.27998,170.9,1.0000,-30.4019,0.4741,-14.5958,147.580,ppo_car_spread_a_sampling
57.2611,-0.35347,0.3256,0.0000,0.15260,0.15300,0.11781,170.9,1.0000,-30.4000,0.4741,-14.5984,147.568,ppo_car_spread_a_sampling
57.2811,-0.35347,0.3256,0.0000,0.17923,0.17972,0.49273,170.9,1.0000,-30.3977,0.4741,-14.6014,147.559,ppo_car_spread_a_sampling
57.3011,-0.29475,0.0000,0.7673,0.21676,0.21740,0.09566,170.9,1.0000,-30.3951,0.4741,-14.6050,147.544,ppo_car_spread_a_sampling
57.3211,-0.21932,0.0000,0.7673,0.19012,0.19058,0.00000,0.0,1.0000,-30.3928,0.4741,-14.6081,147.537,ppo_car_spread_a_sampling
57.3411,-0.14474,0.0000,0.7673,0.00524,0.00935,0.00000,0.0,1.0000,-30.3926,0.4741,-14.6079,147.538,ppo_car_spread_a_sampling
57.3611,-0.06852,0.0000,0.7673,-0.02032,0.02039,0.43251,-161.1,1.0000,-30.3929,0.4741,-14.6074,147.538,ppo_car_spread_a_sampling
57.3811,0.01294,0.1139,0.0000,-0.05512,0.05512,0.04962,-161.1,1.0000,-30.3936,0.4741,-14.6063,147.540,ppo_car_spread_a_sampling
57.4011,0.07115,0.1139,0.0000,-0.04921,0.04921,0.27012,59.8,1.0000,-30.3943,0.4741,-14.6054,147.541,ppo_car_spread_a_sampling
57.4211,0.15629,0.1139,0.0000,-0.03270,0.03270,0.08830,59.8,1.0000,-30.3947,0.4741,-14.6047,147.542,ppo_car_spread_a_sampling
57.4411,0.20840,0.1139,0.0000,-0.02523,0.02524,0.33741,59.8,1.0000,-30.3950,0.4741,-14.6042,147.543,ppo_car_spread_a_sampling
57.4611,0.14972,0.5179,0.0000,-0.01053,0.01054,0.12359,59.8,1.0000,-30.3952,0.4741,-14.6039,147.541,ppo_car_spread_a_sampling
57.4811,0.05617,0.5179,0.0000,0.04306,0.04308,0.23229,271.9,1.0000,-30.3948,0.4741,-14.6046,147.541,ppo_car_spread_a_sampling
57.5011,-0.02254,0.5179,0.0000,0.08895,0.08896,0.29165,271.9,1.0000,-30.3938,0.4741,-14.6062,147.540,ppo_car_spread_a_sampling
57.5211,-0.04184,0.5179,0.0000,0.14086,0.14086,0.40032,271.9,1.0000,-30.3923,0.4741,-14.6086,147.540,ppo_car_spread_a_sampling
57.5411,0.03577,0.0000,0.3773,0.18795,0.18796,0.39636,271.9,1.0000,-30.3902,0.4741,-14.6118,147.540,ppo_car_spread_a_sampling
57.5611,0.03706,0.0000,0.3773,0.19421,0.19421,0.00000,0.0,1.0000,-30.3881,0.4741,-14.6152,147.543,ppo_car_spread_a_sampling
57.5811,0.03706,0.0000,0.3773,0.00527,0.00531,0.00000,0.0,1.0000,-30.3881,0.4741,-14.6152,147.544,ppo_car_spread_a_sampling
57.6011,0.03706,0.0000,0.3773,-0.00487,0.00488,0.30626,-79.2,1.0000,-30.3882,0.4741,-14.6150,147.544,ppo_car_spread_a_sampling
57.6211,-0.04310,0.1180,0.0000,-0.02739,0.02739,0.29624,-79.2,1.0000,-30.3886,0.4741,-14.6144,147.542,ppo_car_spread_a_sampling
57.6411,-0.10127,0.1180,0.0000,-0.01342,0.01342,0.22677,62.0,1.0000,-30.3888,0.4741,-14.6141,147.541,ppo_car_spread_a_sampling
57.6611,-0.19146,0.1180,0.0000,0.00068,0.00071,0.33550,62.0,1.0000,-30.3888,0.4741,-14.6141,147.537,ppo_car_spread_a_sampling
57.6811,-0.24146,0.1180,0.0000,0.01233,0.01235,0.11390,62.0,1.0000,-30.3887,0.4741,-14.6143,147.536,ppo_car_spread_a_sampling
57.7011,-0.17414,0.2373,0.0000,0.01390,0.01393,0.39994,62.0,1.0000,-30.3885,0.4741,-14.6145,147.536,ppo_car_spread_a_sampling
57.7211,-0.10673,0.2373,0.0000,0.05227,0.05232,0.25662,124.6,1.0000,-30.3879,0.4741,-14.6154,147.534,ppo_car_spread_a_sampling
57.7411,-0.02458,0.2373,0.0000,0.06287,0.06289,0.38471,124.6,1.0000,-30.3872,0.4741,-14.6165,147.531,ppo_car_spread_a_sampling
57.7611,0.04639,0.2373,0.0000,0.08987,0.08988,0.25328,124.6,1.0000,-30.3861,0.4741,-14.6180,147.532,ppo_car_spread_a_sampling
57.7811,0.11060,0.0000,0.1694,0.10711,0.10711,0.43241,124.6,1.0000,-30.3850,0.4741,-14.6199,147.531,ppo_car_spread_a_sampling
57.8011,0.11060,0.0000,0.1694,0.14568,0.14570,0.00000,0.0,1.0000,-30.3834,0.4741,-14.6225,147.534,ppo_car_spread_a_sampling
57.8211,0.11060,0.0000,0.1694,0.00324,0.00393,0.00000,0.0,1.0000,-30.3834,0.4741,-14.6225,147.535,ppo_car_spread_a_sampling
57.8411,0.11060,0.0000,0.1694,-0.00231,0.00239,0.35681,-35.6,1.0000,-30.3835,0.4741,-14.6224,147.532,ppo_car_spread_a_sampling
57.8611,0.03166,0.0000,0.1024,-0.01334,0.01334,0.33421,-35.6,1.0000,-30.3837,0.4741,-14.6221,147.529,ppo_car_spread_a_sampling
57.8811,-0.05057,0.0000,0.1024,-0.01191,0.01191,0.38534,-21.5,1.0000,-30.3838,0.4741,-14.6219,147.530,ppo_car_spread_a_sampling
57.9011,-0.11384,0.0000,0.1024,-0.01968,0.01968,0.23692,-21.5,1.0000,-30.3840,0.4741,-14.6215,147.533,ppo_car_spread_a_sampling
57.9211,-0.19282,0.0000,0.1024,-0.02083,0.02083,0.37905,-21.5,1.0000,-30.3843,0.4741,-14.6212,147.533,ppo_car_spread_a_sampling
57.9411,-0.13077,0.2433,0.0000,-0.02886,0.02888,0.31397,-21.5,1.0000,-30.3846,0.4741,-14.6207,147.537,ppo_car_spread_a_sampling
57.9611,-0.08479,0.2433,0.0000,-0.01072,0.01073,0.36882,127.7,1.0000,-30.3847,0.4741,-14.6205,147.537,ppo_car_spread_a_sampling
57.9811,-0.08479,0.2433,0.0000,0.01530,0.01530,0.38702,127.7,1.0000,-30.3845,0.4741,-14.6208,147.536,ppo_car_spread_a_sampling
58.0011,-0.08479,0.2433,0.0000,0.04560,0.04560,0.21305,127.7,1.0000,-30.3840,0.4741,-14.6216,147.534,ppo_car_spread_a_sampling
58.0211,-0.13717,0.3755,0.0000,0.06721,0.06722,0.31884,127.7,1.0000,-30.3832,0.4741,-14.6228,147.532,ppo_car_spread_a_sampling
58.0411,-0.23008,0.3755,0.0000,0.10102,0.10105,0.29330,197.2,1.0000,-30.3820,0.4741,-14.6245,147.530,ppo_car_spread_a_sampling
58.0611,-0.30344,0.3755,0.0000,0.14263,0.14276,0.20345,197.2,1.0000,-30.3803,0.4741,-14.6270,147.526,ppo_car_spread_a_sampling
58.0811,-0.35989,0.3755,0.0000,0.17639,0.17670,0.23322,197.2,1.0000,-30.3782,0.4741,-14.6299,147.516,ppo_car_spread_a_sampling
58.1011,-0.27918,0.0000,0.2343,0.20647,0.20702,0.54331,197.2,1.0000,-30.3756,0.4741,-14.6333,147.503,ppo_car_spread_a_sampling
58.1211,-0.19815,0.0000,0.2343,0.19170,0.19211,0.00000,0.0,1.0000,-30.3733,0.4741,-14.6365,147.495,ppo_car_spread_a_sampling
58.1411,-0.16600,0.0000,0.2343,0.00468,0.00872,0.00000,0.0,1.0000,-30.3732,0.4741,-14.6364,147.496,ppo_car_spread_a_sampling
58.1611,-0.16600,0.0000,0.2343,-0.00528,0.00569,0.32062,-49.2,1.0000,-30.3733,0.4741,-14.6362,147.498,ppo_car_spread_a_sampling
58.1811,-0.24392,0.1649,0.0000,-0.01624,0.01624,0.27841,-49.2,1.0000,-30.3735,0.4741,-14.6358,147.496,ppo_car_spread_a_sampling
58.2011,-0.29992,0.1649,0.0000,0.00365,0.00377,0.24396,86.5,1.0000,-30.3735,0.4741,-14.6358,147.494,ppo_car_spread_a_sampling
58.2211,-0.39383,0.1649,0.0000,0.01445,0.01450,0.32490,86.5,1.0000,-30.3734,0.4741,-14.6360,147.496,ppo_car_spread_a_sampling
58.2411,-0.46455,0.1649,0.0000,0.03178,0.03191,0.38496,86.5,1.0000,-30.3730,0.4741,-14.6365,147.494,ppo_car_spread_a_sampling
58.2611,-0.40944,0.0000,0.4950,0.05086,0.05115,0.16471,86.5,1.0000,-30.3724,0.4741,-14.6373,147.489,ppo_car_spread_a_sampling
58.2811,-0.32646,0.0000,0.4950,0.03487,0.03506,0.31028,-104.0,1.0000,-30.3719,0.4741,-14.6378,147.487,ppo_car_spread_a_sampling
58.3011,-0.26350,0.0000,0.4950,0.01521,0.01527,0.28989,-104.0,1.0000,-30.3718,0.4741,-14.6380,147.486,ppo_car_spread_a_sampling
58.3211,-0.19362,0.0000,0.4950,-0.00534,0.00534,0.19804,-104.0,1.0000,-30.3719,0.4741,-14.6379,147.484,ppo_car_spread_a_sampling
58.3411,-0.16123,0.0000,0.1180,-0.02798,0.02801,0.23756,-104.0,1.0000,-30.3722,0.4741,-14.6374,147.485,ppo_car_spread_a_sampling
58.3612,-0.16123,0.0000,0.1180,-0.02629,0.02631,0.24085,-24.8,1.0000,-30.3726,0.4741,-14.6369,147.485,ppo_car_spread_a_sampling
58.3812,-0.16123,0.0000,0.1180,-0.04038,0.04040,0.28738,-24.8,1.0000,-30.3730,0.4741,-14.6362,147.484,ppo_car_spread_a_sampling
58.4012,-0.16123,0.0000,0.1180,-0.04117,0.04120,0.15088,-24.8,1.0000,-30.3735,0.4741,-14.6355,147.484,ppo_car_spread_a_sampling
58.4212,-0.06155,0.0000,0.2980,-0.04223,0.04226,0.27342,-24.8,1.0000,-30.3740,0.4741,-14.6348,147.486,ppo_car_spread_a_sampling
58.4412,0.01124,0.0000,0.2980,-0.05408,0.05409,0.41907,-62.6,1.0000,-30.3746,0.4741,-14.6339,147.489,ppo_car_spread_a_sampling
58.4612,0.08220,0.0000,0.2980,-0.06727,0.06727,0.16098,-62.6,1.0000,-30.3754,0.4741,-14.6328,147.489,ppo_car_spread_a_sampling
58.4812,0.14121,0.0000,0.2980,-0.07512,0.07512,0.43668,-62.6,1.0000,-30.3762,0.4741,-14.6315,147.484,ppo_car_spread_a_sampling
58.5012,0.22920,0.5179,0.0000,-0.08792,0.08795,0.45368,-62.6,1.0000,-30.3771,0.4741,-14.6300,147.481,ppo_car_spread_a_sampling
58.5212,0.27829,0.5179,0.0000,-0.04081,0.04082,0.14709,271.9,1.0000,-30.3775,0.4741,-14.6293,147.481,ppo_car_spread_a_sampling
58.5412,0.27829,0.5179,0.0000,0.00157,0.00171,0.41620,271.9,1.0000,-30.3774,0.4741,-14.6294,147.483,ppo_car_spread_a_sampling
58.5612,0.27829,0.5179,0.0000,0.05537,0.05549,0.27423,271.9,1.0000,-30.3768,0.4741,-14.6305,147.486,ppo_car_spread_a_sampling
58.5812,0.19754,0.0000,0.1176,0.10799,0.10818,0.36255,271.9,1.0000,-30.3757,0.4741,-14.6325,147.489,ppo_car_spread_a_sampling
58.6012,0.12255,0.0000,0.1176,0.12975,0.12991,0.00000,0.0,1.0000,-30.3743,0.4741,-14.6349,147.498,ppo_car_spread_a_sampling
58.6212,0.04678,0.0000,0.1176,0.00190,0.00404,0.00000,0.0,1.0000,-30.3744,0.4741,-14.6349,147.499,ppo_car_spread_a_sampling
58.6412,-0.02543,0.0000,0.1176,-0.00986,0.00992,0.35278,-24.7,1.0000,-30.3745,0.4741,-14.6348,147.500,ppo_car_spread_a_sampling
58.6612,-0.10111,0.4116,0.0000,-0.00915,0.00916,0.26634,-24.7,1.0000,-30.3746,0.4741,-14.6346,147.501,ppo_car_spread_a_sampling
58.6812,-0.17777,0.4116,0.0000,0.03446,0.03447,0.31912,216.1,1.0000,-30.3742,0.4741,-14.6352,147.501,ppo_car_spread_a_sampling
58.7012,-0.20443,0.4116,0.0000,0.07039,0.07043,0.16626,216.1,1.0000,-30.3734,0.4741,-14.6364,147.499,ppo_car_spread_a_sampling
58.7212,-0.20443,0.4116,0.0000,0.11385,0.11395,0.30905,216.1,1.0000,-30.3720,0.4741,-14.6383,147.494,ppo_car_spread_a_sampling
58.7412,-0.14264,0.0000,0.0847,0.14973,0.14987,0.46089,216.1,1.0000,-30.3703,0.4741,-14.6409,147.486,ppo_car_spread_a_sampling
58.7612,-0.06101,0.0000,0.0847,0.17125,0.17136,0.00000,0.0,1.0000,-30.3683,0.4741,-14.6437,147.483,ppo_car_spread_a_sampling
58.7812,0.02573,0.0000,0.0847,0.00440,0.00537,0.00000,0.0,1.0000,-30.3682,0.4741,-14.6437,147.483,ppo_car_spread_a_sampling
58.8012,0.07787,0.0000,0.0847,-0.00139,0.00172,0.25144,-17.8,1.0000,-30.3683,0.4741,-14.6436,147.485,ppo_car_spread_a_sampling
58.8212,0.13841,0.0000,0.2381,-0.00297,0.00299,0.14440,-17.8,1.0000,-30.3683,0.4741,-14.6435,147.483,ppo_car_spread_a_sampling
58.8412,0.13841,0.0000,0.2381,-0.01071,0.01071,0.34400,-50.0,1.0000,-30.3685,0.4741,-14.6432,147.483,ppo_car_spread_a_sampling
58.8612,0.13841,0.0000,0.2381,-0.02191,0.02193,0.11751,-50.0,1.0000,-30.3687,0.4741,-14.6428,147.481,ppo_car_spread_a_sampling
58.8812,0.13841,0.0000,0.2381,-0.03647,0.03648,0.30449,-50.0,1.0000,-30.3692,0.4741,-14.6421,147.483,ppo_car_spread_a_sampling
58.9012,0.05242,0.1971,0.0000,-0.03450,0.03452,0.41917,-50.0,1.0000,-30.3695,0.4741,-14.6414,147.483,ppo_car_spread_a_sampling
58.9212,-0.02882,0.1971,0.0000,-0.01345,0.01346,0.35875,103.5,1.0000,-30.3697,0.4741,-14.6412,147.483,ppo_car_spread_a_sampling
58.9412,-0.08284,0.1971,0.0000,-0.00164,0.00166,0.35191,103.5,1.0000,-30.3697,0.4741,-14.6411,147.486,ppo_car_spread_a_sampling
58.9612,-0.16737,0.1971,0.0000,0.01149,0.01150,0.33716,103.5,1.0000,-30.3696,0.4741,-14.6413,147.487,ppo_car_spread_a_sampling
58.9812,-0.10303,0.2108,0.0000,0.03766,0.03768,0.26158,103.5,1.0000,-30.3692,0.4741,-14.6420,147.487,ppo_car_spread_a_sampling
59.0012,-0.00818,0.2108,0.0000,0.05396,0.05398,0.42431,110.7,1.0000,-30.3685,0.4741,-14.6429,147.488,ppo_car_spread_a_sampling
59.0212,0.06803,0.2108,0.0000,0.07055,0.07055,0.45417,110.7,1.0000,-30.3677,0.4741,-14.6441,147.491,ppo_car_spread_a_sampling
59.0412,0.12420,0.2108,0.0000,0.09664,0.09664,0.44705,110.7,1.0000,-30.3667,0.4741,-14.6458,147.491,ppo_car_spread_a_sampling
59.0612,0.03548,0.4002,0.0000,0.11331,0.11334,0.45936,110.7,1.0000,-30.3655,0.4741,-14.6478,147.491,ppo_car_spread_a_sampling
59.0812,-0.03257,0.4002,0.0000,0.15159,0.15160,0.51053,210.1,1.0000,-30.3638,0.4741,-14.6505,147.490,ppo_car_spread_a_sampling
59.1012,-0.10934,0.4002,0.0000,0.19574,0.19575,0.44785,210.1,1.0000,-30.3617,0.4741,-14.6539,147.492,ppo_car_spread_a_sampling
59.1212,-0.18619,0.4002,0.0000,0.23249,0.23252,0.46172,210.1,1.0000,-30.3590,0.4741,-14.6579,147.488,ppo_car_spread_a_sampling
59.1412,-0.25198,0.0683,0.0000,0.26783,0.26798,0.57885,210.1,1.0000,-30.3559,0.4741,-14.6624,147.480,ppo_car_spread_a_sampling
59.1612,-0.26763,0.0683,0.0000,0.26967,0.26994,0.57469,35.8,1.0000,-30.3528,0.4741,-14.6669,147.469,ppo_car_spread_a_sampling
59.1812,-0.26763,0.0683,0.0000,0.27960,0.28000,0.58179,35.8,1.0000,-30.3494,0.4741,-14.6715,147.457,ppo_car_spread_a_sampling
59.2012,-0.26763,0.0683,0.0000,0.28663,0.28709,0.58979,35.8,1.0000,-30.3460,0.4741,-14.6761,147.444,ppo_car_spread_a_sampling
59.2212,-0.20208,0.0000,0.1305,0.29265,0.29314,0.59117,35.8,1.0000,-30.3426,0.4741,-14.6809,147.431,ppo_car_spread_a_sampling
59.2412,-0.10712,0.0000,0.1305,0.19305,0.19331,0.00000,0.0,1.0000,-30.3404,0.4741,-14.6840,147.427,ppo_car_spread_a_sampling
59.2612,-0.04483,0.0000,0.1305,0.00761,0.00940,0.00000,0.0,1.0000,-30.3404,0.4741,-14.6838,147.428,ppo_car_spread_a_sampling
59.2812,0.00979,0.0000,0.1305,0.00080,0.00201,0.13512,-27.4,1.0000,-30.3405,0.4741,-14.6836,147.427,ppo_car_spread_a_sampling
59.3012,-0.05322,0.0000,0.2027,-0.00729,0.00732,0.27124,-27.4,1.0000,-30.3406,0.4741,-14.6833,147.426,ppo_car_spread_a_sampling
59.3212,-0.12785,0.0000,0.2027,-0.00941,0.00941,0.39342,-42.6,1.0000,-30.3408,0.4741,-14.6830,147.423,ppo_car_spread_a_sampling
59.3412,-0.18860,0.0000,0.2027,-0.01549,0.01549,0.39805,-42.6,1.0000,-30.3411,0.4741,-14.6826,147.423,ppo_car_spread_a_sampling
59.3612,-0.27849,0.0000,0.2027,-0.02562,0.02564,0.24476,-42.6,1.0000,-30.3415,0.4741,-14.6821,147.422,ppo_car_spread_a_sampling
59.3812,-0.35625,0.2244,0.0000,-0.03484,0.03487,0.35821,-42.6,1.0000,-30.3419,0.4741,-14.6815,147.424,ppo_car_spread_a_sampling
59.4012,-0.43865,0.2244,0.0000,-0.01360,0.01361,0.36040,117.8,1.0000,-30.3421,0.4741,-14.6812,147.427,ppo_car_spread_a_sampling
59.4212,-0.51520,0.2244,0.0000,0.01312,0.01319,0.26572,117.8,1.0000,-30.3420,0.4741,-14.6814,147.426,ppo_car_spread_a_sampling
59.4412,-0.56823,0.2244,0.0000,0.02338,0.02354,0.37874,117.8,1.0000,-30.3417,0.4741,-14.6818,147.421,ppo_car_spread_a_sampling
59.4612,-0.58136,0.6047,0.0000,0.05663,0.05713,0.22295,117.8,1.0000,-30.3409,0.4741,-14.6827,147.415,ppo_car_spread_a_sampling
59.4812,-0.58136,0.6047,0.0000,0.10506,0.10590,0.28566,317.5,1.0000,-30.3395,0.4741,-14.6845,147.403,ppo_car_spread_a_sampling
59.5012,-0.58136,0.6047,0.0000,0.16503,0.16635,0.33891,317.5,1.0000,-30.3372,0.4741,-14.6871,147.385,ppo_car_spread_a_sampling
59.5212,-0.58136,0.6047,0.0000,0.22103,0.22290,0.54077,317.5,1.0000,-30.3342,0.4741,-14.6907,147.359,ppo_car_spread_a_sampling
59.5412,-0.52173,0.0000,0.5492,0.27816,0.28041,0.64932,317.5,1.0000,-30.3305,0.4741,-14.6951,147.331,ppo_car_spread_a_sampling
59.5612,-0.43898,0.0000,0.5492,0.18550,0.18680,0.00000,0.0,1.0000,-30.3280,0.4741,-14.6981,147.318,ppo_car_spread_a_sampling
59.5812,-0.38439,0.0000,0.5492,0.00311,0.01175,0.00000,0.0,1.0000,-30.3279,0.4741,-14.6979,147.319,ppo_car_spread_a_sampling
59.6012,-0.29079,0.0000,0.5492,-0.02141,0.02153,0.30748,-115.3,1.0000,-30.3281,0.4741,-14.6974,147.320,ppo_car_spread_a_sampling
59.6212,-0.23241,0.0116,0.0000,-0.03881,0.03883,0.21833,-115.3,1.0000,-30.3287,0.4741,-14.6967,147.324,ppo_car_spread_a_sampling
59.6412,-0.15319,0.0116,0.0000,-0.03792,0.03796,0.23492,6.1,1.0000,-30.3292,0.4741,-14.6960,147.328,ppo_car_spread_a_sampling
59.6612,-0.08426,0.0116,0.0000,-0.03060,0.03061,0.38346,6.1,1.0000,-30.3295,0.4741,-14.6955,147.331,ppo_car_spread_a_sampling
59.6812,-0.00157,0.0116,0.0000,-0.03707,0.03708,0.26604,6.1,1.0000,-30.3300,0.4741,-14.6949,147.332,ppo_car_spread_a_sampling
59.7012,-0.08128,0.0299,0.0000,-0.03757,0.03757,0.30611,6.1,1.0000,-30.3304,0.4741,-14.6942,147.334,ppo_car_spread_a_sampling
59.7212,-0.15583,0.0299,0.0000,-0.03180,0.03180,0.17536,15.7,1.0000,-30.3308,0.4741,-14.6937,147.334,ppo_car_spread_a_sampling
59.7412,-0.22783,0.0299,0.0000,-0.03388,0.03389,0.24860,15.7,1.0000,-30.3312,0.4741,-14.6931,147.334,ppo_car_spread_a_sampling
59.7612,-0.30406,0.0299,0.0000,-0.02275,0.02277,0.16596,15.7,1.0000,-30.3315,0.4741,-14.6928,147.334,ppo_car_spread_a_sampling
59.7812,-0.22531,0.6823,0.0000,-0.02421,0.02424,0.17484,15.7,1.0000,-30.3317,0.4741,-14.6924,147.333,ppo_car_spread_a_sampling
59.8012,-0.17443,0.6823,0.0000,0.04485,0.04490,0.16135,358.2,1.0000,-30.3312,0.4741,-14.6932,147.331,ppo_car_spread_a_sampling
59.8212,-0.09623,0.6823,0.0000,0.10393,0.10400,0.51711,358.2,1.0000,-30.3299,0.4741,-14.6950,147.327,ppo_car_spread_a_sampling
59.8412,-0.00967,0.6823,0.0000,0.17790,0.17796,0.27868,358.2,1.0000,-30.3278,0.4741,-14.6981,147.323,ppo_car_spread_a_sampling
59.8612,0.06053,0.0000,0.8148,0.23650,0.23651,0.56420,358.2,1.0000,-30.3251,0.4741,-14.7022,147.320,ppo_car_spread_a_sampling
59.8812,0.06053,0.0000,0.8148,0.19261,0.19261,0.00000,0.0,1.0000,-30.3230,0.4741,-14.7056,147.320,ppo_car_spread_a_sampling
59.9012,0.06053,0.0000,0.8148,0.00458,0.00471,0.00000,0.0,1.0000,-30.3230,0.4741,-14.7056,147.321,ppo_car_spread_a_sampling
59.9212,0.06053,0.0000,0.8148,-0.02355,0.02355,0.42525,-171.1,1.0000,-30.3233,0.4741,-14.7051,147.318,ppo_car_spread_a_sampling
59.9412,-0.01655,0.0000,0.0464,-0.05865,0.05865,0.43936,-171.1,1.0000,-30.3240,0.4741,-14.7040,147.322,ppo_car_spread_a_sampling
59.9612,-0.09106,0.0000,0.0464,-0.07077,0.07077,0.26936,-9.7,1.0000,-30.3248,0.4741,-14.7027,147.322,ppo_car_spread_a_sampling
59.9812,-0.17590,0.0000,0.0464,-0.05589,0.05589,0.42854,-9.7,1.0000,-30.3255,0.4741,-14.7017,147.325,ppo_car_spread_a_sampling
