t,steering,throttle,brake,speed,speed_mag,wheel_ms,motor_nm,headroom,x,y,z,yaw_deg,source
0.0200,0.00000,0.0000,0.0000,0.00000,0.00000,0.00002,0.0,1.0000,-23.6575,0.5000,-8.3863,195.004,ppo_car_spread_a_sampling
0.0400,0.00000,0.0000,0.0000,0.00000,0.00000,0.00001,0.0,1.0000,-23.6575,0.4982,-8.3863,195.004,ppo_car_spread_a_sampling
0.0600,0.23547,0.0000,0.1176,0.00000,0.00000,0.00001,0.0,1.0000,-23.6575,0.4960,-8.3863,195.004,ppo_car_spread_a_sampling
0.0800,0.33434,0.0000,0.1176,-0.00453,0.00455,0.17607,-24.7,1.0000,-23.6575,0.4935,-8.3862,195.003,ppo_car_spread_a_sampling
0.1000,0.33434,0.0000,0.1176,-0.00618,0.00618,0.31042,-24.7,1.0000,-23.6575,0.4909,-8.3861,195.005,ppo_car_spread_a_sampling
0.1200,0.25106,0.1722,0.0000,-0.01263,0.01264,0.36425,-24.7,1.0000,-23.6574,0.4884,-8.3858,195.003,ppo_car_spread_a_sampling
0.1400,0.19096,0.1722,0.0000,0.00334,0.00334,0.33814,90.4,1.0000,-23.6574,0.4859,-8.3859,195.003,ppo_car_spread_a_sampling
0.1600,0.10850,0.1722,0.0000,0.02707,0.02709,0.29424,90.4,1.0000,-23.6576,0.4836,-8.3864,195.004,ppo_car_spread_a_sampling
0.1800,0.06057,0.1722,0.0000,0.03261,0.03261,0.33143,90.4,1.0000,-23.6578,0.4815,-8.3871,195.003,ppo_car_spread_a_sampling
0.2000,-0.02772,0.0000,0.1375,0.05351,0.05350,0.09492,90.4,1.0000,-23.6581,0.4796,-8.3881,195.004,ppo_car_spread_a_sampling
0.2200,-0.10846,0.0000,0.1375,0.05495,0.05493,0.31916,-28.9,1.0000,-23.6584,0.4780,-8.3892,195.005,ppo_car_spread_a_sampling
0.2400,-0.19641,0.0000,0.1375,0.05465,0.05464,0.33250,-28.9,1.0000,-23.6586,0.4766,-8.3903,195.004,ppo_car_spread_a_sampling
0.2600,-0.26328,0.0000,0.1375,0.04933,0.04934,0.33929,-28.9,1.0000,-23.6588,0.4755,-8.3913,195.003,ppo_car_spread_a_sampling
0.2800,-0.18390,0.0306,0.0000,0.04399,0.04403,0.34432,-28.9,1.0000,-23.6590,0.4745,-8.3922,195.001,ppo_car_spread_a_sampling
0.3000,-0.11308,0.0306,0.0000,0.03720,0.03723,0.24861,16.1,1.0000,-23.6592,0.4738,-8.3929,194.997,ppo_car_spread_a_sampling
0.3200,-0.05503,0.0306,0.0000,0.03836,0.03837,0.30637,16.1,1.0000,-23.6594,0.4733,-8.3936,194.993,ppo_car_spread_a_sampling
0.3400,0.02531,0.0306,0.0000,0.03966,0.03967,0.24130,16.1,1.0000,-23.6595,0.4729,-8.3944,194.993,ppo_car_spread_a_sampling
0.3600,-0.04690,0.0855,0.0000,0.04107,0.04106,0.41651,16.1,1.0000,-23.6598,0.4726,-8.3952,194.989,ppo_car_spread_a_sampling
0.3800,-0.12122,0.0855,0.0000,0.04775,0.04775,0.26429,44.9,1.0000,-23.6600,0.4725,-8.3961,194.988,ppo_car_spread_a_sampling
0.4000,-0.18037,0.0855,0.0000,0.05589,0.05591,0.25390,44.9,1.0000,-23.6603,0.4724,-8.3972,194.986,ppo_car_spread_a_sampling
0.4200,-0.18037,0.0855,0.0000,0.06757,0.06760,0.27539,44.9,1.0000,-23.6606,0.4725,-8.3985,194.984,ppo_car_spread_a_sampling
0.4400,-0.24458,0.0000,0.4949,0.07966,0.07972,0.23454,44.9,1.0000,-23.6609,0.4725,-8.4000,194.980,ppo_car_spread_a_sampling
0.4600,-0.32063,0.0000,0.4949,0.05903,0.05909,0.17418,-103.9,1.0000,-23.6612,0.4727,-8.4012,194.980,ppo_car_spread_a_sampling
0.4800,-0.38585,0.0000,0.4949,0.03974,0.03978,0.31664,-103.9,1.0000,-23.6613,0.4728,-8.4019,194.980,ppo_car_spread_a_sampling
0.5000,-0.41970,0.0000,0.4949,0.02015,0.02019,0.29577,-103.9,1.0000,-23.6614,0.4729,-8.4023,194.978,ppo_car_spread_a_sampling
0.5200,-0.33581,0.8415,0.0000,0.00424,0.00424,0.37683,-103.9,1.0000,-23.6614,0.4731,-8.4023,194.976,ppo_car_spread_a_sampling
0.5400,-0.27696,0.8415,0.0000,0.08043,0.08063,0.15622,441.8,1.0000,-23.6617,0.4732,-8.4039,194.970,ppo_car_spread_a_sampling
0.5600,-0.19159,0.8415,0.0000,0.16255,0.16287,0.26117,441.8,1.0000,-23.6624,0.4734,-8.4072,194.958,ppo_car_spread_a_sampling
0.5800,-0.12896,0.8415,0.0000,0.23974,0.24001,0.60340,441.8,1.0000,-23.6634,0.4735,-8.4121,194.946,ppo_car_spread_a_sampling
0.6000,-0.21550,0.0000,0.3452,0.32390,0.32409,0.50627,441.8,1.0000,-23.6649,0.4737,-8.4186,194.933,ppo_car_spread_a_sampling
0.6200,-0.27435,0.0000,0.3452,0.18826,0.18837,0.00000,0.0,1.0000,-23.6658,0.4738,-8.4223,194.924,ppo_car_spread_a_sampling
0.6400,-0.35969,0.0000,0.3452,0.00536,0.00782,0.00000,0.0,1.0000,-23.6656,0.4739,-8.4222,194.925,ppo_car_spread_a_sampling
0.6600,-0.42197,0.0000,0.3452,-0.00316,0.00340,0.38180,-72.5,1.0000,-23.6656,0.4740,-8.4220,194.929,ppo_car_spread_a_sampling
0.6800,-0.33677,0.0000,0.0778,-0.02522,0.02528,0.23210,-72.5,1.0000,-23.6655,0.4740,-8.4214,194.932,ppo_car_spread_a_sampling
0.7000,-0.25491,0.0000,0.0778,-0.01900,0.01908,0.39432,-16.3,1.0000,-23.6654,0.4741,-8.4209,194.934,ppo_car_spread_a_sampling
0.7200,-0.17961,0.0000,0.0778,-0.03345,0.03351,0.28418,-16.3,1.0000,-23.6652,0.4741,-8.4201,194.936,ppo_car_spread_a_sampling
0.7400,-0.12731,0.0000,0.0778,-0.02810,0.02812,0.31023,-16.3,1.0000,-23.6651,0.4741,-8.4195,194.934,ppo_car_spread_a_sampling
0.7600,-0.09650,0.3860,0.0000,-0.03593,0.03596,0.28690,-16.3,1.0000,-23.6649,0.4742,-8.4187,194.936,ppo_car_spread_a_sampling
0.7800,-0.09650,0.3860,0.0000,0.00334,0.00334,0.09303,202.6,1.0000,-23.6650,0.4742,-8.4188,194.936,ppo_car_spread_a_sampling
0.8000,-0.09650,0.3860,0.0000,0.04633,0.04634,0.24840,202.6,1.0000,-23.6652,0.4742,-8.4197,194.936,ppo_car_spread_a_sampling
0.8200,-0.09650,0.3860,0.0000,0.07826,0.07828,0.33592,202.6,1.0000,-23.6656,0.4742,-8.4213,194.937,ppo_car_spread_a_sampling
0.8400,-0.18300,0.0000,0.3562,0.11440,0.11442,0.21897,202.6,1.0000,-23.6661,0.4742,-8.4236,194.935,ppo_car_spread_a_sampling
0.8600,-0.21393,0.0000,0.3562,0.14174,0.14183,0.00000,0.0,1.0000,-23.6668,0.4742,-8.4265,194.931,ppo_car_spread_a_sampling
0.8800,-0.21393,0.0000,0.3562,0.00263,0.00482,0.00000,0.0,1.0000,-23.6667,0.4742,-8.4265,194.932,ppo_car_spread_a_sampling
0.9000,-0.21393,0.0000,0.3562,-0.00989,0.00993,0.13006,-74.8,1.0000,-23.6666,0.4742,-8.4263,194.932,ppo_car_spread_a_sampling
0.9200,-0.28284,0.0000,0.3390,-0.02361,0.02362,0.26235,-74.8,1.0000,-23.6665,0.4742,-8.4258,194.932,ppo_car_spread_a_sampling
0.9400,-0.35139,0.0000,0.3390,-0.04055,0.04060,0.19344,-71.2,1.0000,-23.6663,0.4742,-8.4250,194.935,ppo_car_spread_a_sampling
0.9600,-0.41218,0.0000,0.3390,-0.05125,0.05138,0.25725,-71.2,1.0000,-23.6661,0.4741,-8.4239,194.936,ppo_car_spread_a_sampling
0.9800,-0.41218,0.0000,0.3390,-0.06139,0.06156,0.33226,-71.2,1.0000,-23.6659,0.4741,-8.4227,194.938,ppo_car_spread_a_sampling
1.0000,-0.41341,0.0000,0.0732,-0.07266,0.07295,0.45090,-71.2,1.0000,-23.6657,0.4741,-8.4212,194.940,ppo_car_spread_a_sampling
1.0200,-0.41341,0.0000,0.0732,-0.07534,0.07565,0.40558,-15.4,1.0000,-23.6654,0.4741,-8.4197,194.943,ppo_car_spread_a_sampling
1.0400,-0.41341,0.0000,0.0732,-0.07787,0.07820,0.38794,-15.4,1.0000,-23.6652,0.4741,-8.4181,194.948,ppo_car_spread_a_sampling
1.0600,-0.41341,0.0000,0.0732,-0.08861,0.08897,0.19043,-15.4,1.0000,-23.6648,0.4741,-8.4164,194.957,ppo_car_spread_a_sampling
1.0800,-0.35796,0.2172,0.0000,-0.09354,0.09394,0.20398,-15.4,1.0000,-23.6645,0.4741,-8.4145,194.966,ppo_car_spread_a_sampling
1.1000,-0.28153,0.2172,0.0000,-0.07174,0.07201,0.25254,114.0,1.0000,-23.6643,0.4741,-8.4131,194.975,ppo_car_spread_a_sampling
1.1200,-0.23539,0.2172,0.0000,-0.05269,0.05284,0.25333,114.0,1.0000,-23.6641,0.4741,-8.4121,194.978,ppo_car_spread_a_sampling
1.1400,-0.23539,0.2172,0.0000,-0.02856,0.02862,0.27274,114.0,1.0000,-23.6640,0.4741,-8.4116,194.977,ppo_car_spread_a_sampling
1.1600,-0.25539,0.0000,0.0657,-0.00511,0.00513,0.29831,114.0,1.0000,-23.6640,0.4741,-8.4116,194.979,ppo_car_spread_a_sampling
1.1800,-0.25539,0.0000,0.0657,-0.00785,0.00788,0.15527,-13.8,1.0000,-23.6640,0.4741,-8.4115,194.980,ppo_car_spread_a_sampling
1.2000,-0.25539,0.0000,0.0657,-0.00754,0.00757,0.35873,-13.8,1.0000,-23.6640,0.4741,-8.4114,194.979,ppo_car_spread_a_sampling
1.2200,-0.25539,0.0000,0.0657,-0.01197,0.01203,0.31387,-13.8,1.0000,-23.6639,0.4741,-8.4112,194.980,ppo_car_spread_a_sampling
1.2400,-0.17192,0.0822,0.0000,-0.01585,0.01589,0.15430,-13.8,1.0000,-23.6639,0.4741,-8.4110,194.979,ppo_car_spread_a_sampling
1.2600,-0.09572,0.0822,0.0000,-0.00484,0.00486,0.14318,43.2,1.0000,-23.6639,0.4741,-8.4109,194.980,ppo_car_spread_a_sampling
1.2800,-0.03979,0.0822,0.0000,-0.00203,0.00205,0.19529,43.2,1.0000,-23.6638,0.4741,-8.4109,194.980,ppo_car_spread_a_sampling
1.3000,0.03582,0.0822,0.0000,0.00772,0.00772,0.38052,43.2,1.0000,-23.6639,0.4741,-8.4111,194.979,ppo_car_spread_a_sampling
1.3200,-0.02924,0.0000,0.4689,0.01912,0.01913,0.32082,43.2,1.0000,-23.6640,0.4741,-8.4115,194.979,ppo_car_spread_a_sampling
1.3400,-0.02924,0.0000,0.4689,0.00343,0.00343,0.35922,-98.5,1.0000,-23.6640,0.4741,-8.4116,194.979,ppo_car_spread_a_sampling
1.3600,-0.02924,0.0000,0.4689,-0.01571,0.01571,0.37879,-98.5,1.0000,-23.6639,0.4741,-8.4112,194.979,ppo_car_spread_a_sampling
1.3800,-0.02924,0.0000,0.4689,-0.03358,0.03358,0.41508,-98.5,1.0000,-23.6638,0.4741,-8.4106,194.979,ppo_car_spread_a_sampling
1.4000,-0.10358,0.0000,0.2096,-0.05118,0.05118,0.37449,-98.5,1.0000,-23.6635,0.4741,-8.4095,194.979,ppo_car_spread_a_sampling
1.4200,-0.18393,0.0000,0.2096,-0.05577,0.05578,0.38996,-44.0,1.0000,-23.6632,0.4741,-8.4084,194.980,ppo_car_spread_a_sampling
1.4400,-0.25938,0.0000,0.2096,-0.07161,0.07165,0.39659,-44.0,1.0000,-23.6629,0.4741,-8.4070,194.979,ppo_car_spread_a_sampling
1.4600,-0.27790,0.0000,0.2096,-0.07829,0.07840,0.33007,-44.0,1.0000,-23.6625,0.4741,-8.4054,194.984,ppo_car_spread_a_sampling
1.4800,-0.18847,0.6974,0.0000,-0.08591,0.08605,0.43177,-44.0,1.0000,-23.6622,0.4741,-8.4036,194.985,ppo_car_spread_a_sampling
1.5000,-0.13272,0.6974,0.0000,-0.02330,0.02335,0.38772,366.1,1.0000,-23.6621,0.4741,-8.4032,194.984,ppo_car_spread_a_sampling
1.5200,-0.05554,0.6974,0.0000,0.04607,0.04608,0.26607,366.1,1.0000,-23.6623,0.4741,-8.4042,194.985,ppo_car_spread_a_sampling
1.5400,-0.01775,0.6974,0.0000,0.11602,0.11603,0.29419,366.1,1.0000,-23.6629,0.4741,-8.4065,194.982,ppo_car_spread_a_sampling
1.5600,0.07257,0.1816,0.0000,0.18209,0.18209,0.34336,366.1,1.0000,-23.6639,0.4741,-8.4102,194.983,ppo_car_spread_a_sampling
1.5800,0.15455,0.1816,0.0000,0.19596,0.19597,0.53816,95.4,1.0000,-23.6650,0.4741,-8.4141,194.984,ppo_car_spread_a_sampling
1.6000,0.22131,0.1816,0.0000,0.21307,0.21313,0.55162,95.4,1.0000,-23.6662,0.4741,-8.4183,194.990,ppo_car_spread_a_sampling
1.6200,0.28825,0.1816,0.0000,0.23602,0.23619,0.51134,95.4,1.0000,-23.6677,0.4741,-8.4230,195.001,ppo_car_spread_a_sampling
1.6400,0.20290,0.0000,0.3819,0.25082,0.25118,0.51966,95.4,1.0000,-23.6693,0.4741,-8.4278,195.014,ppo_car_spread_a_sampling
1.6600,0.14131,0.0000,0.3819,0.19188,0.19211,0.00000,0.0,1.0000,-23.6704,0.4741,-8.4315,195.020,ppo_car_spread_a_sampling
1.6800,0.05430,0.0000,0.3819,0.00621,0.00831,0.00000,0.0,1.0000,-23.6705,0.4741,-8.4313,195.021,ppo_car_spread_a_sampling
1.7000,0.00660,0.0000,0.3819,-0.00689,0.00708,0.38310,-80.2,1.0000,-23.6705,0.4741,-8.4310,195.021,ppo_car_spread_a_sampling
1.7200,0.07534,0.4748,0.0000,-0.02298,0.02299,0.15707,-80.2,1.0000,-23.6703,0.4741,-8.4304,195.021,ppo_car_spread_a_sampling
1.7400,0.15386,0.4748,0.0000,0.02003,0.02004,0.43007,249.3,1.0000,-23.6704,0.4741,-8.4307,195.025,ppo_car_spread_a_sampling
1.7600,0.20952,0.4748,0.0000,0.06353,0.06357,0.42210,249.3,1.0000,-23.6708,0.4741,-8.4319,195.025,ppo_car_spread_a_sampling
1.7800,0.23095,0.4748,0.0000,0.11276,0.11287,0.17411,249.3,1.0000,-23.6714,0.4741,-8.4340,195.029,ppo_car_spread_a_sampling
1.8000,0.16390,0.0000,0.4927,0.15272,0.15289,0.52360,249.3,1.0000,-23.6724,0.4741,-8.4370,195.035,ppo_car_spread_a_sampling
1.8200,0.09342,0.0000,0.4927,0.18954,0.18969,0.00000,0.0,1.0000,-23.6735,0.4741,-8.4406,195.042,ppo_car_spread_a_sampling
1.8400,0.01503,0.0000,0.4927,0.00518,0.00668,0.00000,0.0,1.0000,-23.6736,0.4741,-8.4406,195.044,ppo_car_spread_a_sampling
1.8600,-0.06576,0.0000,0.4927,-0.01935,0.01940,0.28670,-103.5,1.0000,-23.6735,0.4741,-8.4401,195.044,ppo_car_spread_a_sampling
1.8800,-0.09979,0.0124,0.0000,-0.03121,0.03122,0.32465,-103.5,1.0000,-23.6733,0.4741,-8.4394,195.046,ppo_car_spread_a_sampling
1.9000,-0.09979,0.0124,0.0000,-0.02631,0.02631,0.35937,6.5,1.0000,-23.6732,0.4741,-8.4388,195.045,ppo_car_spread_a_sampling
1.9200,-0.09979,0.0124,0.0000,-0.03034,0.03035,0.16665,6.5,1.0000,-23.6730,0.4741,-8.4381,195.046,ppo_car_spread_a_sampling
1.9400,-0.09979,0.0124,0.0000,-0.03062,0.03063,0.24105,6.5,1.0000,-23.6728,0.4741,-8.4375,195.050,ppo_car_spread_a_sampling
1.9600,-0.03651,0.0747,0.0000,-0.03166,0.03167,0.26066,6.5,1.0000,-23.6727,0.4741,-8.4369,195.049,ppo_car_spread_a_sampling
1.9800,-0.00285,0.0747,0.0000,-0.02462,0.02462,0.28417,39.2,1.0000,-23.6725,0.4741,-8.4364,195.047,ppo_car_spread_a_sampling
2.0000,-0.00285,0.0747,0.0000,-0.01970,0.01970,0.33802,39.2,1.0000,-23.6724,0.4741,-8.4360,195.048,ppo_car_spread_a_sampling
2.0200,-0.00285,0.0747,0.0000,-0.00663,0.00663,0.30506,39.2,1.0000,-23.6724,0.4741,-8.4359,195.045,ppo_car_spread_a_sampling
2.0400,0.07665,0.0000,0.4792,-0.00613,0.00613,0.31706,39.2,1.0000,-23.6724,0.4741,-8.4358,195.047,ppo_car_spread_a_sampling
2.0600,0.12051,0.0000,0.4792,-0.01868,0.01868,0.12267,-100.6,1.0000,-23.6723,0.4741,-8.4355,195.046,ppo_car_spread_a_sampling
2.0800,0.12051,0.0000,0.4792,-0.03652,0.03653,0.28710,-100.6,1.0000,-23.6721,0.4741,-8.4348,195.047,ppo_car_spread_a_sampling
2.1000,0.12051,0.0000,0.4792,-0.05476,0.05478,0.26730,-100.6,1.0000,-23.6718,0.4741,-8.4338,195.045,ppo_car_spread_a_sampling
2.1200,0.05686,0.5061,0.0000,-0.07610,0.07612,0.41967,-100.6,1.0000,-23.6713,0.4741,-8.4323,195.045,ppo_car_spread_a_sampling
2.1400,-0.03228,0.5061,0.0000,-0.02673,0.02674,0.15013,265.7,1.0000,-23.6712,0.4741,-8.4318,195.045,ppo_car_spread_a_sampling
2.1600,-0.07639,0.5061,0.0000,0.01887,0.01887,0.38080,265.7,1.0000,-23.6713,0.4741,-8.4323,195.044,ppo_car_spread_a_sampling
2.1800,-0.07639,0.5061,0.0000,0.07198,0.07199,0.28061,265.7,1.0000,-23.6717,0.4741,-8.4338,195.043,ppo_car_spread_a_sampling
2.2000,-0.13598,0.0000,0.2541,0.12460,0.12462,0.15444,265.7,1.0000,-23.6723,0.4741,-8.4364,195.038,ppo_car_spread_a_sampling
2.2200,-0.21734,0.0000,0.2541,0.12419,0.12423,0.00000,0.0,1.0000,-23.6730,0.4741,-8.4389,195.037,ppo_car_spread_a_sampling
2.2400,-0.30016,0.0000,0.2541,0.00195,0.00369,0.00000,0.0,1.0000,-23.6729,0.4741,-8.4389,195.038,ppo_car_spread_a_sampling
2.2600,-0.35778,0.0000,0.2541,-0.01127,0.01128,0.33250,-53.4,1.0000,-23.6728,0.4741,-8.4387,195.038,ppo_car_spread_a_sampling
2.2800,-0.41657,0.0000,0.2618,-0.01642,0.01645,0.38246,-53.4,1.0000,-23.6728,0.4741,-8.4384,195.043,ppo_car_spread_a_sampling
2.3000,-0.41657,0.0000,0.2618,-0.02538,0.02542,0.27995,-55.0,1.0000,-23.6727,0.4741,-8.4378,195.044,ppo_car_spread_a_sampling
2.3200,-0.41657,0.0000,0.2618,-0.03570,0.03587,0.29935,-55.0,1.0000,-23.6725,0.4741,-8.4371,195.048,ppo_car_spread_a_sampling
2.3400,-0.41657,0.0000,0.2618,-0.04707,0.04728,0.29123,-55.0,1.0000,-23.6724,0.4741,-8.4361,195.054,ppo_car_spread_a_sampling
2.3600,-0.33949,0.5790,0.0000,-0.05357,0.05378,0.34271,-55.0,1.0000,-23.6722,0.4741,-8.4350,195.057,ppo_car_spread_a_sampling
2.3800,-0.25597,0.5790,0.0000,-0.00525,0.00535,0.40712,304.0,1.0000,-23.6722,0.4741,-8.4349,195.060,ppo_car_spread_a_sampling
2.4000,-0.17894,0.5790,0.0000,0.05682,0.05690,0.24459,304.0,1.0000,-23.6724,0.4741,-8.4361,195.055,ppo_car_spread_a_sampling
2.4200,-0.11190,0.5790,0.0000,0.11321,0.11331,0.13518,304.0,1.0000,-23.6729,0.4741,-8.4384,195.050,ppo_car_spread_a_sampling
2.4400,-0.08714,0.4843,0.0000,0.16491,0.16498,0.27754,304.0,1.0000,-23.6737,0.4741,-8.4417,195.045,ppo_car_spread_a_sampling
2.4600,-0.08714,0.4843,0.0000,0.21143,0.21148,0.27480,254.3,1.0000,-23.6748,0.4741,-8.4460,195.040,ppo_car_spread_a_sampling
2.4800,-0.08714,0.4843,0.0000,0.25996,0.26001,0.55826,254.3,1.0000,-23.6761,0.4741,-8.4512,195.038,ppo_car_spread_a_sampling
2.5000,-0.08714,0.4843,0.0000,0.29989,0.29994,0.61901,254.3,1.0000,-23.6775,0.4741,-8.4571,195.031,ppo_car_spread_a_sampling
2.5200,-0.02115,0.0000,0.2675,0.35743,0.35749,0.24800,254.3,1.0000,-23.6793,0.4741,-8.4642,195.025,ppo_car_spread_a_sampling
2.5400,0.05162,0.0000,0.2675,0.32390,0.32392,0.47084,0.0,1.0000,-23.6809,0.4741,-8.4706,195.018,ppo_car_spread_a_sampling
2.5600,0.12114,0.0000,0.2675,0.19052,0.19052,0.00000,0.0,1.0000,-23.6819,0.4741,-8.4742,195.010,ppo_car_spread_a_sampling
2.5800,0.19879,0.0000,0.2675,0.00760,0.00774,0.00000,0.0,1.0000,-23.6819,0.4741,-8.4740,195.011,ppo_car_spread_a_sampling
2.6000,0.11832,0.0000,0.3607,-0.00368,0.00368,0.35533,-56.2,1.0000,-23.6818,0.4741,-8.4737,195.006,ppo_car_spread_a_sampling
2.6200,0.05827,0.0000,0.3607,-0.01205,0.01206,0.33599,-75.7,1.0000,-23.6817,0.4741,-8.4733,195.004,ppo_car_spread_a_sampling
2.6400,-0.00464,0.0000,0.3607,-0.02872,0.02873,0.36639,-75.7,1.0000,-23.6815,0.4741,-8.4726,195.004,ppo_car_spread_a_sampling
2.6600,-0.00464,0.0000,0.3607,-0.04707,0.04707,0.26377,-75.7,1.0000,-23.6812,0.4741,-8.4715,195.006,ppo_car_spread_a_sampling
2.6800,0.06323,0.0000,0.0144,-0.06110,0.06110,0.33419,-75.7,1.0000,-23.6809,0.4741,-8.4702,195.008,ppo_car_spread_a_sampling
2.7000,0.14691,0.0000,0.0144,-0.06506,0.06507,0.24353,-3.0,1.0000,-23.6805,0.4741,-8.4688,195.009,ppo_car_spread_a_sampling
2.7200,0.19181,0.0000,0.0144,-0.05852,0.05853,0.24579,-3.0,1.0000,-23.6801,0.4741,-8.4676,195.006,ppo_car_spread_a_sampling
2.7400,0.19181,0.0000,0.0144,-0.05907,0.05910,0.26677,-3.0,1.0000,-23.6798,0.4741,-8.4664,195.002,ppo_car_spread_a_sampling
2.7600,0.12817,0.2410,0.0000,-0.05666,0.05670,0.36732,-3.0,1.0000,-23.6794,0.4741,-8.4653,194.998,ppo_car_spread_a_sampling
2.7800,0.12461,0.2410,0.0000,-0.03426,0.03428,0.20234,126.5,1.0000,-23.6792,0.4741,-8.4646,194.995,ppo_car_spread_a_sampling
2.8000,0.12461,0.2410,0.0000,-0.01614,0.01615,0.16454,126.5,1.0000,-23.6791,0.4741,-8.4644,194.995,ppo_car_spread_a_sampling
2.8200,0.12461,0.2410,0.0000,0.00383,0.00383,0.31532,126.5,1.0000,-23.6792,0.4741,-8.4645,194.994,ppo_car_spread_a_sampling
2.8400,0.06488,0.4630,0.0000,0.03060,0.03061,0.27546,126.5,1.0000,-23.6794,0.4741,-8.4652,194.991,ppo_car_spread_a_sampling
2.8600,-0.00786,0.4630,0.0000,0.08178,0.08179,0.22936,243.0,1.0000,-23.6799,0.4741,-8.4669,194.990,ppo_car_spread_a_sampling
2.8800,-0.09289,0.4630,0.0000,0.12177,0.12177,0.50539,243.0,1.0000,-23.6805,0.4741,-8.4694,194.991,ppo_car_spread_a_sampling
2.9000,-0.16303,0.4630,0.0000,0.16773,0.16774,0.31218,243.0,1.0000,-23.6814,0.4741,-8.4728,194.989,ppo_car_spread_a_sampling
2.9200,-0.09858,0.0000,0.8632,0.20564,0.20573,0.57718,243.0,1.0000,-23.6824,0.4741,-8.4770,194.986,ppo_car_spread_a_sampling
2.9400,-0.02001,0.0000,0.8632,0.19246,0.19252,0.00000,0.0,1.0000,-23.6833,0.4741,-8.4809,194.984,ppo_car_spread_a_sampling
2.9600,0.05412,0.0000,0.8632,0.00428,0.00478,0.00000,0.0,1.0000,-23.6833,0.4741,-8.4809,194.985,ppo_car_spread_a_sampling
2.9800,0.12980,0.0000,0.8632,-0.02137,0.02139,0.42070,-181.3,1.0000,-23.6831,0.4741,-8.4804,194.985,ppo_car_spread_a_sampling
3.0000,0.04926,0.3986,0.0000,-0.06205,0.06207,0.16663,-181.3,1.0000,-23.6827,0.4741,-8.4791,194.984,ppo_car_spread_a_sampling
3.0200,-0.02810,0.3986,0.0000,-0.02964,0.02965,0.35109,209.2,1.0000,-23.6826,0.4741,-8.4785,194.985,ppo_car_spread_a_sampling
3.0400,-0.08305,0.3986,0.0000,0.01196,0.01197,0.20564,209.2,1.0000,-23.6826,0.4741,-8.4787,194.984,ppo_car_spread_a_sampling
3.0600,-0.08560,0.3986,0.0000,0.04684,0.04685,0.42821,209.2,1.0000,-23.6828,0.4741,-8.4796,194.981,ppo_car_spread_a_sampling
3.0800,-0.16630,0.1835,0.0000,0.09207,0.09209,0.08437,209.2,1.0000,-23.6833,0.4741,-8.4815,194.979,ppo_car_spread_a_sampling
3.1000,-0.16630,0.1835,0.0000,0.11375,0.11381,0.17307,96.3,1.0000,-23.6838,0.4741,-8.4837,194.976,ppo_car_spread_a_sampling
3.1200,-0.16630,0.1835,0.0000,0.12575,0.12583,0.32732,96.3,1.0000,-23.6844,0.4741,-8.4863,194.971,ppo_car_spread_a_sampling
3.1400,-0.16630,0.1835,0.0000,0.14732,0.14742,0.12848,96.3,1.0000,-23.6851,0.4741,-8.4892,194.968,ppo_car_spread_a_sampling
3.1600,-0.06855,0.0000,0.1512,0.16299,0.16309,0.35481,96.3,1.0000,-23.6858,0.4741,-8.4924,194.963,ppo_car_spread_a_sampling
3.1800,-0.01110,0.0000,0.1512,0.17662,0.17666,0.00000,0.0,1.0000,-23.6867,0.4741,-8.4959,194.960,ppo_car_spread_a_sampling
3.2000,0.04842,0.0000,0.1512,0.00499,0.00528,0.00000,0.0,1.0000,-23.6866,0.4741,-8.4959,194.961,ppo_car_spread_a_sampling
3.2200,0.14149,0.0000,0.1512,-0.00144,0.00159,0.24401,-31.8,1.0000,-23.6866,0.4741,-8.4958,194.959,ppo_car_spread_a_sampling
3.2400,0.19993,0.1818,0.0000,-0.01599,0.01601,0.33558,-31.8,1.0000,-23.6865,0.4741,-8.4954,194.958,ppo_car_spread_a_sampling
3.2600,0.19993,0.1818,0.0000,0.00755,0.00757,0.33387,95.4,1.0000,-23.6865,0.4741,-8.4954,194.960,ppo_car_spread_a_sampling
3.2800,0.19993,0.1818,0.0000,0.02698,0.02699,0.30906,95.4,1.0000,-23.6867,0.4741,-8.4959,194.963,ppo_car_spread_a_sampling
3.3000,0.19993,0.1818,0.0000,0.04550,0.04554,0.38204,95.4,1.0000,-23.6869,0.4741,-8.4968,194.966,ppo_car_spread_a_sampling
3.3200,0.14015,0.1044,0.0000,0.06162,0.06167,0.43867,95.4,1.0000,-23.6873,0.4741,-8.4979,194.970,ppo_car_spread_a_sampling
3.3400,0.14015,0.1044,0.0000,0.07042,0.07046,0.20649,54.8,1.0000,-23.6877,0.4741,-8.4993,194.972,ppo_car_spread_a_sampling
3.3600,0.14015,0.1044,0.0000,0.07551,0.07555,0.41765,54.8,1.0000,-23.6882,0.4741,-8.5008,194.976,ppo_car_spread_a_sampling
3.3800,0.14015,0.1044,0.0000,0.08943,0.08947,0.45150,54.8,1.0000,-23.6887,0.4741,-8.5025,194.974,ppo_car_spread_a_sampling
3.4000,0.06364,0.0000,0.6013,0.10198,0.10203,0.19789,54.8,1.0000,-23.6893,0.4741,-8.5045,194.978,ppo_car_spread_a_sampling
3.4200,0.06364,0.0000,0.6013,0.13589,0.13592,0.00000,0.0,1.0000,-23.6901,0.4741,-8.5072,194.978,ppo_car_spread_a_sampling
3.4400,0.06364,0.0000,0.6013,0.00347,0.00384,0.00000,0.0,1.0000,-23.6901,0.4741,-8.5071,194.979,ppo_car_spread_a_sampling
3.4600,0.06364,0.0000,0.6013,-0.01821,0.01822,0.21707,-126.3,1.0000,-23.6900,0.4741,-8.5067,194.979,ppo_car_spread_a_sampling
3.4800,0.14285,0.1939,0.0000,-0.03823,0.03823,0.42954,-126.3,1.0000,-23.6897,0.4741,-8.5059,194.979,ppo_car_spread_a_sampling
3.5000,0.14285,0.1939,0.0000,-0.02502,0.02502,0.34433,101.8,1.0000,-23.6896,0.4741,-8.5054,194.981,ppo_car_spread_a_sampling
3.5200,0.14285,0.1939,0.0000,-0.00889,0.00890,0.35635,101.8,1.0000,-23.6895,0.4741,-8.5052,194.981,ppo_car_spread_a_sampling
3.5400,0.14285,0.1939,0.0000,0.01227,0.01228,0.37253,101.8,1.0000,-23.6896,0.4741,-8.5054,194.984,ppo_car_spread_a_sampling
3.5600,0.17257,0.0000,0.7184,0.03445,0.03446,0.14434,101.8,1.0000,-23.6898,0.4741,-8.5061,194.984,ppo_car_spread_a_sampling
3.5800,0.17257,0.0000,0.7184,0.00842,0.00842,0.37441,-150.9,1.0000,-23.6898,0.4741,-8.5063,194.983,ppo_car_spread_a_sampling
3.6000,0.17257,0.0000,0.7184,-0.02116,0.02117,0.24225,-150.9,1.0000,-23.6897,0.4741,-8.5059,194.984,ppo_car_spread_a_sampling
3.6200,0.17257,0.0000,0.7184,-0.05415,0.05419,0.41318,-150.9,1.0000,-23.6894,0.4741,-8.5048,194.985,ppo_car_spread_a_sampling
3.6400,0.11119,0.2908,0.0000,-0.08024,0.08030,0.25005,-150.9,1.0000,-23.6889,0.4741,-8.5032,194.983,ppo_car_spread_a_sampling
3.6600,0.02712,0.2908,0.0000,-0.04562,0.04564,0.38349,152.7,1.0000,-23.6886,0.4741,-8.5023,194.983,ppo_car_spread_a_sampling
3.6800,-0.05054,0.2908,0.0000,-0.02380,0.02380,0.36694,152.7,1.0000,-23.6885,0.4741,-8.5019,194.987,ppo_car_spread_a_sampling
3.7000,-0.13042,0.2908,0.0000,0.00090,0.00094,0.34028,152.7,1.0000,-23.6885,0.4741,-8.5020,194.988,ppo_car_spread_a_sampling
3.7200,-0.20105,0.0000,0.7918,0.02823,0.02825,0.41273,152.7,1.0000,-23.6886,0.4741,-8.5026,194.988,ppo_car_spread_a_sampling
3.7400,-0.26287,0.0000,0.7918,0.00707,0.00709,0.33947,-166.3,1.0000,-23.6887,0.4741,-8.5028,194.984,ppo_car_spread_a_sampling
3.7600,-0.27729,0.0000,0.7918,-0.02836,0.02841,0.28021,-166.3,1.0000,-23.6886,0.4741,-8.5022,194.983,ppo_car_spread_a_sampling
3.7800,-0.27729,0.0000,0.7918,-0.05985,0.05997,0.22649,-166.3,1.0000,-23.6883,0.4741,-8.5010,194.987,ppo_car_spread_a_sampling
3.8000,-0.21975,0.3142,0.0000,-0.08816,0.08831,0.36090,-166.3,1.0000,-23.6880,0.4741,-8.4993,194.989,ppo_car_spread_a_sampling
3.8200,-0.19618,0.3142,0.0000,-0.05756,0.05764,0.24514,165.0,1.0000,-23.6877,0.4741,-8.4981,194.991,ppo_car_spread_a_sampling
3.8400,-0.19618,0.3142,0.0000,-0.03323,0.03327,0.33132,165.0,1.0000,-23.6876,0.4741,-8.4975,194.992,ppo_car_spread_a_sampling
3.8600,-0.19618,0.3142,0.0000,0.00184,0.00185,0.30854,165.0,1.0000,-23.6876,0.4741,-8.4976,194.991,ppo_car_spread_a_sampling
3.8800,-0.25612,0.4321,0.0000,0.03055,0.03058,0.25132,165.0,1.0000,-23.6878,0.4741,-8.4983,194.986,ppo_car_spread_a_sampling
3.9000,-0.27888,0.4321,0.0000,0.07741,0.07754,0.25846,226.8,1.0000,-23.6881,0.4741,-8.4999,194.983,ppo_car_spread_a_sampling
3.9200,-0.27888,0.4321,0.0000,0.11344,0.11363,0.24992,226.8,1.0000,-23.6886,0.4741,-8.5022,194.977,ppo_car_spread_a_sampling
3.9400,-0.27888,0.4321,0.0000,0.15663,0.15692,0.49888,226.8,1.0000,-23.6892,0.4741,-8.5055,194.966,ppo_car_spread_a_sampling
3.9600,-0.36466,0.3403,0.0000,0.19547,0.19585,0.46308,226.8,1.0000,-23.6900,0.4741,-8.5094,194.954,ppo_car_spread_a_sampling
3.9800,-0.42811,0.3403,0.0000,0.23072,0.23134,0.39702,178.6,1.0000,-23.6909,0.4741,-8.5141,194.936,ppo_car_spread_a_sampling
4.0000,-0.49980,0.3403,0.0000,0.26438,0.26533,0.47657,178.6,1.0000,-23.6918,0.4741,-8.5195,194.914,ppo_car_spread_a_sampling
4.0200,-0.58657,0.3403,0.0000,0.29244,0.29384,0.61643,178.6,1.0000,-23.6928,0.4741,-8.5254,194.888,ppo_car_spread_a_sampling
4.0400,-0.52889,0.0000,0.5164,0.32657,0.32880,0.56090,178.6,1.0000,-23.6937,0.4741,-8.5320,194.850,ppo_car_spread_a_sampling
4.0600,-0.48988,0.0000,0.5164,0.19238,0.19352,0.00000,0.0,1.0000,-23.6943,0.4741,-8.5358,194.826,ppo_car_spread_a_sampling
4.0800,-0.48988,0.0000,0.5164,0.04584,0.04597,0.00000,0.0,1.0000,-23.6945,0.4741,-8.5364,194.754,ppo_car_spread_a_sampling
4.1000,-0.48988,0.0000,0.5164,0.03126,0.03134,0.25998,-108.4,1.0000,-23.6946,0.4741,-8.5368,194.728,ppo_car_spread_a_sampling
4.1200,-0.50761,0.0997,0.0000,0.01305,0.01311,0.15915,-108.4,1.0000,-23.6946,0.4741,-8.5369,194.719,ppo_car_spread_a_sampling
4.1400,-0.50761,0.0997,0.0000,0.02458,0.02480,0.28331,52.4,1.0000,-23.6946,0.4741,-8.5372,194.717,ppo_car_spread_a_sampling
4.1600,-0.50761,0.0997,0.0000,0.02989,0.03020,0.34798,52.4,1.0000,-23.6947,0.4741,-8.5377,194.714,ppo_car_spread_a_sampling
4.1800,-0.50761,0.0997,0.0000,0.03976,0.03993,0.39495,52.4,1.0000,-23.6948,0.4741,-8.5384,194.709,ppo_car_spread_a_sampling
4.2000,-0.43012,0.1449,0.0000,0.05368,0.05404,0.27045,52.4,1.0000,-23.6950,0.4741,-8.5394,194.703,ppo_car_spread_a_sampling
4.2200,-0.36036,0.1449,0.0000,0.06772,0.06812,0.44186,76.1,1.0000,-23.6952,0.4741,-8.5407,194.699,ppo_car_spread_a_sampling
4.2400,-0.27339,0.1449,0.0000,0.08135,0.08167,0.20134,76.1,1.0000,-23.6954,0.4741,-8.5423,194.693,ppo_car_spread_a_sampling
4.2600,-0.19384,0.1449,0.0000,0.08727,0.08750,0.45107,76.1,1.0000,-23.6958,0.4741,-8.5440,194.686,ppo_car_spread_a_sampling
4.2800,-0.13610,0.2665,0.0000,0.10778,0.10794,0.29151,76.1,1.0000,-23.6962,0.4741,-8.5461,194.682,ppo_car_spread_a_sampling
4.3000,-0.05736,0.2665,0.0000,0.13109,0.13117,0.39961,139.9,1.0000,-23.6968,0.4741,-8.5487,194.677,ppo_car_spread_a_sampling
4.3200,0.01997,0.2665,0.0000,0.15670,0.15673,0.46601,139.9,1.0000,-23.6976,0.4741,-8.5518,194.672,ppo_car_spread_a_sampling
4.3400,0.08834,0.2665,0.0000,0.17746,0.17746,0.49660,139.9,1.0000,-23.6985,0.4741,-8.5553,194.670,ppo_car_spread_a_sampling
4.3600,0.01164,0.0959,0.0000,0.21051,0.21052,0.36893,139.9,1.0000,-23.6996,0.4741,-8.5595,194.672,ppo_car_spread_a_sampling
4.3800,-0.06528,0.0959,0.0000,0.22041,0.22042,0.38713,50.4,1.0000,-23.7008,0.4741,-8.5638,194.673,ppo_car_spread_a_sampling
4.4000,-0.12944,0.0959,0.0000,0.22897,0.22898,0.51608,50.4,1.0000,-23.7019,0.4741,-8.5683,194.673,ppo_car_spread_a_sampling
4.4200,-0.16022,0.0959,0.0000,0.23713,0.23717,0.39477,50.4,1.0000,-23.7031,0.4741,-8.5730,194.669,ppo_car_spread_a_sampling
4.4400,-0.10585,0.0000,0.4302,0.24023,0.24033,0.53141,50.4,1.0000,-23.7042,0.4741,-8.5777,194.663,ppo_car_spread_a_sampling
4.4600,-0.10585,0.0000,0.4302,0.19416,0.19423,0.00000,0.0,1.0000,-23.7050,0.4741,-8.5815,194.662,ppo_car_spread_a_sampling
4.4800,-0.10585,0.0000,0.4302,0.00638,0.00724,0.00000,0.0,1.0000,-23.7049,0.4741,-8.5814,194.663,ppo_car_spread_a_sampling
4.5000,-0.10585,0.0000,0.4302,-0.01001,0.01004,0.39449,-90.4,1.0000,-23.7048,0.4741,-8.5811,194.659,ppo_car_spread_a_sampling
4.5200,-0.20325,0.0516,0.0000,-0.01973,0.01973,0.26914,-90.4,1.0000,-23.7047,0.4741,-8.5806,194.659,ppo_car_spread_a_sampling
4.5400,-0.26366,0.0516,0.0000,-0.01618,0.01619,0.33604,27.1,1.0000,-23.7046,0.4741,-8.5801,194.657,ppo_car_spread_a_sampling
4.5600,-0.28558,0.0516,0.0000,-0.01384,0.01385,0.31976,27.1,1.0000,-23.7045,0.4741,-8.5798,194.658,ppo_car_spread_a_sampling
4.5800,-0.28558,0.0516,0.0000,-0.01506,0.01508,0.32596,27.1,1.0000,-23.7044,0.4741,-8.5794,194.662,ppo_car_spread_a_sampling
4.6000,-0.31863,0.3760,0.0000,-0.00473,0.00475,0.26509,27.1,1.0000,-23.7044,0.4741,-8.5793,194.666,ppo_car_spread_a_sampling
4.6200,-0.31863,0.3760,0.0000,0.02829,0.02834,0.22811,197.4,1.0000,-23.7045,0.4741,-8.5799,194.662,ppo_car_spread_a_sampling
4.6400,-0.31863,0.3760,0.0000,0.06783,0.06799,0.11849,197.4,1.0000,-23.7048,0.4741,-8.5813,194.657,ppo_car_spread_a_sampling
4.6600,-0.31863,0.3760,0.0000,0.09921,0.09942,0.47583,197.4,1.0000,-23.7052,0.4741,-8.5833,194.651,ppo_car_spread_a_sampling
4.6800,-0.23829,0.0000,0.1543,0.13663,0.13699,0.49125,197.4,1.0000,-23.7057,0.4741,-8.5861,194.644,ppo_car_spread_a_sampling
4.7000,-0.15457,0.0000,0.1543,0.15130,0.15153,0.00000,0.0,1.0000,-23.7063,0.4741,-8.5892,194.635,ppo_car_spread_a_sampling
4.7200,-0.09559,0.0000,0.1543,0.00285,0.00558,0.00000,0.0,1.0000,-23.7062,0.4741,-8.5892,194.635,ppo_car_spread_a_sampling
4.7400,-0.01179,0.0000,0.1543,-0.00791,0.00801,0.33816,-32.4,1.0000,-23.7061,0.4741,-8.5891,194.635,ppo_car_spread_a_sampling
4.7600,-0.06941,0.2241,0.0000,-0.00960,0.00960,0.29445,-32.4,1.0000,-23.7061,0.4741,-8.5889,194.636,ppo_car_spread_a_sampling
4.7800,-0.15195,0.2241,0.0000,0.00862,0.00862,0.21281,117.6,1.0000,-23.7061,0.4741,-8.5890,194.634,ppo_car_spread_a_sampling
4.8000,-0.23417,0.2241,0.0000,0.03638,0.03640,0.13173,117.6,1.0000,-23.7063,0.4741,-8.5898,194.632,ppo_car_spread_a_sampling
4.8200,-0.29399,0.2241,0.0000,0.05961,0.05966,0.33603,117.6,1.0000,-23.7065,0.4741,-8.5910,194.626,ppo_car_spread_a_sampling
4.8400,-0.38745,0.0000,0.0094,0.07628,0.07642,0.30287,117.6,1.0000,-23.7068,0.4741,-8.5926,194.621,ppo_car_spread_a_sampling
4.8600,-0.44521,0.0000,0.0094,0.07427,0.07447,0.42768,-2.0,1.0000,-23.7071,0.4741,-8.5941,194.617,ppo_car_spread_a_sampling
4.8800,-0.51771,0.0000,0.0094,0.07275,0.07304,0.40858,-2.0,1.0000,-23.7074,0.4741,-8.5955,194.608,ppo_car_spread_a_sampling
4.9000,-0.59128,0.0000,0.0094,0.07437,0.07478,0.20539,-2.0,1.0000,-23.7076,0.4741,-8.5971,194.600,ppo_car_spread_a_sampling
4.9200,-0.50504,0.0000,0.1856,0.07613,0.07680,0.38946,-2.0,1.0000,-23.7078,0.4741,-8.5986,194.589,ppo_car_spread_a_sampling
4.9400,-0.43220,0.0000,0.1856,0.06626,0.06674,0.39351,-39.0,1.0000,-23.7079,0.4741,-8.6000,194.584,ppo_car_spread_a_sampling
4.9600,-0.35286,0.0000,0.1856,0.05951,0.05981,0.17226,-39.0,1.0000,-23.7081,0.4741,-8.6011,194.578,ppo_car_spread_a_sampling
4.9800,-0.29140,0.0000,0.1856,0.05798,0.05822,0.27647,-39.0,1.0000,-23.7083,0.4741,-8.6023,194.575,ppo_car_spread_a_sampling
5.0000,-0.21594,0.0000,0.0555,0.05038,0.05052,0.27828,-39.0,1.0000,-23.7085,0.4741,-8.6033,194.570,ppo_car_spread_a_sampling
5.0200,-0.14973,0.0000,0.0555,0.04115,0.04122,0.24076,-11.6,1.0000,-23.7087,0.4741,-8.6041,194.568,ppo_car_spread_a_sampling
5.0400,-0.06720,0.0000,0.0555,0.04576,0.04580,0.37180,-11.6,1.0000,-23.7089,0.4741,-8.6049,194.568,ppo_car_spread_a_sampling
5.0600,0.00683,0.0000,0.0555,0.04540,0.04542,0.29458,-11.6,1.0000,-23.7091,0.4741,-8.6058,194.569,ppo_car_spread_a_sampling
5.0800,-0.07750,0.0000,0.0880,0.03762,0.03763,0.34773,-11.6,1.0000,-23.7093,0.4741,-8.6065,194.571,ppo_car_spread_a_sampling
5.1000,-0.13291,0.0000,0.0880,0.02994,0.02994,0.39320,-18.5,1.0000,-23.7094,0.4741,-8.6071,194.568,ppo_car_spread_a_sampling
5.1200,-0.18507,0.0000,0.0880,0.03432,0.03434,0.26552,-18.5,1.0000,-23.7096,0.4741,-8.6077,194.566,ppo_car_spread_a_sampling
5.1400,-0.18507,0.0000,0.0880,0.02713,0.02715,0.39748,-18.5,1.0000,-23.7097,0.4741,-8.6082,194.564,ppo_car_spread_a_sampling
5.1600,-0.12166,0.0000,0.1633,0.01913,0.01914,0.38940,-18.5,1.0000,-23.7098,0.4741,-8.6086,194.561,ppo_car_spread_a_sampling
5.1800,-0.04243,0.0000,0.1633,0.01374,0.01375,0.32107,-34.3,1.0000,-23.7098,0.4741,-8.6088,194.557,ppo_car_spread_a_sampling
5.2000,0.03931,0.0000,0.1633,0.01496,0.01496,0.23546,-34.3,1.0000,-23.7099,0.4741,-8.6091,194.557,ppo_car_spread_a_sampling
5.2200,0.11799,0.0000,0.1633,0.01001,0.01001,0.20167,-34.3,1.0000,-23.7099,0.4741,-8.6093,194.556,ppo_car_spread_a_sampling
5.2400,0.05729,0.1897,0.0000,0.00167,0.00168,0.23456,-34.3,1.0000,-23.7099,0.4741,-8.6093,194.560,ppo_car_spread_a_sampling
5.2600,-0.01992,0.1897,0.0000,0.01538,0.01538,0.31729,99.6,1.0000,-23.7100,0.4741,-8.6096,194.563,ppo_car_spread_a_sampling
5.2800,-0.07980,0.1897,0.0000,0.03874,0.03874,0.19926,99.6,1.0000,-23.7102,0.4741,-8.6104,194.564,ppo_car_spread_a_sampling
5.3000,-0.16510,0.1897,0.0000,0.05550,0.05550,0.09357,99.6,1.0000,-23.7105,0.4741,-8.6115,194.563,ppo_car_spread_a_sampling
5.3200,-0.07790,0.0000,0.1230,0.07206,0.07210,0.39527,99.6,1.0000,-23.7108,0.4741,-8.6129,194.564,ppo_car_spread_a_sampling
5.3400,-0.00822,0.0000,0.1230,0.06745,0.06747,0.25083,-25.8,1.0000,-23.7111,0.4741,-8.6143,194.560,ppo_car_spread_a_sampling
5.3600,0.06334,0.0000,0.1230,0.06701,0.06701,0.25395,-25.8,1.0000,-23.7115,0.4741,-8.6156,194.559,ppo_car_spread_a_sampling
5.3800,0.11535,0.0000,0.1230,0.06056,0.06056,0.27050,-25.8,1.0000,-23.7118,0.4741,-8.6168,194.558,ppo_car_spread_a_sampling
5.4000,0.10678,0.0000,0.0825,0.05454,0.05455,0.28349,-25.8,1.0000,-23.7121,0.4741,-8.6179,194.557,ppo_car_spread_a_sampling
5.4200,0.10678,0.0000,0.0825,0.05163,0.05164,0.38278,-17.3,1.0000,-23.7124,0.4741,-8.6189,194.557,ppo_car_spread_a_sampling
5.4400,0.10678,0.0000,0.0825,0.04140,0.04141,0.29657,-17.3,1.0000,-23.7126,0.4741,-8.6196,194.557,ppo_car_spread_a_sampling
5.4600,0.10678,0.0000,0.0825,0.05204,0.05205,0.26690,-17.3,1.0000,-23.7129,0.4741,-8.6206,194.559,ppo_car_spread_a_sampling
5.4800,0.04213,0.8059,0.0000,0.04175,0.04176,0.40065,-17.3,1.0000,-23.7131,0.4741,-8.6214,194.559,ppo_car_spread_a_sampling
5.5000,-0.01715,0.8059,0.0000,0.11803,0.11803,0.21263,423.1,1.0000,-23.7137,0.4741,-8.6238,194.558,ppo_car_spread_a_sampling
5.5200,-0.11651,0.8059,0.0000,0.19038,0.19038,0.48871,423.1,1.0000,-23.7147,0.4741,-8.6276,194.558,ppo_car_spread_a_sampling
5.5400,-0.19543,0.8059,0.0000,0.27490,0.27494,0.31875,423.1,1.0000,-23.7160,0.4741,-8.6331,194.554,ppo_car_spread_a_sampling
5.5600,-0.21255,0.5096,0.0000,0.35092,0.35113,0.65724,423.1,1.0000,-23.7176,0.4741,-8.6401,194.545,ppo_car_spread_a_sampling
5.5800,-0.21255,0.5096,0.0000,0.40192,0.40228,0.58733,267.5,1.0000,-23.7193,0.4741,-8.6482,194.528,ppo_car_spread_a_sampling
5.6000,-0.21255,0.5096,0.0000,0.45047,0.45091,0.67004,267.5,1.0000,-23.7212,0.4741,-8.6572,194.511,ppo_car_spread_a_sampling
5.6200,-0.21255,0.5096,0.0000,0.49726,0.49776,0.67980,267.5,1.0000,-23.7233,0.4741,-8.6671,194.492,ppo_car_spread_a_sampling
5.6400,-0.27057,0.0000,0.0696,0.54552,0.54608,0.68290,267.5,1.0000,-23.7255,0.4741,-8.6780,194.469,ppo_car_spread_a_sampling
5.6600,-0.36297,0.0000,0.0696,0.48948,0.49000,0.61623,0.0,1.0000,-23.7275,0.4741,-8.6876,194.424,ppo_car_spread_a_sampling
5.6800,-0.42457,0.0000,0.0696,0.37168,0.37229,0.65669,0.0,1.0000,-23.7289,0.4741,-8.6948,194.350,ppo_car_spread_a_sampling
5.7000,-0.51180,0.0000,0.0696,0.18375,0.18416,0.00000,0.0,1.0000,-23.7295,0.4741,-8.6982,194.332,ppo_car_spread_a_sampling
5.7200,-0.57623,0.5735,0.0000,0.00926,0.01217,0.00000,0.0,1.0000,-23.7293,0.4741,-8.6980,194.332,ppo_car_spread_a_sampling
5.7400,-0.58240,0.5735,0.0000,0.05931,0.06011,0.44427,301.1,1.0000,-23.7293,0.4741,-8.6989,194.324,ppo_car_spread_a_sampling
5.7600,-0.58240,0.5735,0.0000,0.11772,0.11877,0.46265,301.1,1.0000,-23.7296,0.4741,-8.7010,194.309,ppo_car_spread_a_sampling
5.7800,-0.58240,0.5735,0.0000,0.17332,0.17476,0.28336,301.1,1.0000,-23.7299,0.4741,-8.7044,194.289,ppo_car_spread_a_sampling
5.8000,-0.52738,0.4353,0.0000,0.22939,0.23134,0.35254,301.1,1.0000,-23.7305,0.4741,-8.7089,194.263,ppo_car_spread_a_sampling
5.8200,-0.43178,0.4353,0.0000,0.26291,0.26482,0.53407,228.6,1.0000,-23.7311,0.4741,-8.7141,194.234,ppo_car_spread_a_sampling
5.8400,-0.35998,0.4353,0.0000,0.30987,0.31153,0.51953,228.6,1.0000,-23.7320,0.4741,-8.7203,194.204,ppo_car_spread_a_sampling
5.8600,-0.29725,0.4353,0.0000,0.35772,0.35911,0.28687,228.6,1.0000,-23.7332,0.4741,-8.7275,194.175,ppo_car_spread_a_sampling
5.8800,-0.22968,0.2011,0.0000,0.39809,0.39916,0.60715,228.6,1.0000,-23.7346,0.4741,-8.7355,194.147,ppo_car_spread_a_sampling
5.9000,-0.14873,0.2011,0.0000,0.41841,0.41918,0.62023,105.6,1.0000,-23.7362,0.4741,-8.7438,194.122,ppo_car_spread_a_sampling
5.9200,-0.07161,0.2011,0.0000,0.43802,0.43845,0.64967,105.6,1.0000,-23.7380,0.4741,-8.7525,194.102,ppo_car_spread_a_sampling
5.9400,0.00542,0.2011,0.0000,0.46058,0.46076,0.34534,105.6,1.0000,-23.7400,0.4741,-8.7616,194.089,ppo_car_spread_a_sampling
5.9600,-0.01325,0.0000,0.0770,0.47973,0.47977,0.36721,105.6,1.0000,-23.7423,0.4741,-8.7710,194.084,ppo_car_spread_a_sampling
5.9800,-0.01325,0.0000,0.0770,0.46675,0.46676,0.63186,0.0,1.0000,-23.7446,0.4741,-8.7801,194.081,ppo_car_spread_a_sampling
6.0000,-0.01325,0.0000,0.0770,0.36835,0.36836,0.19515,0.0,1.0000,-23.7463,0.4741,-8.7872,194.079,ppo_car_spread_a_sampling
6.0200,-0.01325,0.0000,0.0770,0.22494,0.22495,0.46440,0.0,1.0000,-23.7474,0.4741,-8.7914,194.078,ppo_car_spread_a_sampling
6.0400,0.06415,0.0000,0.1535,0.19681,0.19681,0.00000,0.0,1.0000,-23.7483,0.4741,-8.7950,194.079,ppo_car_spread_a_sampling
6.0600,0.07024,0.0000,0.1535,0.00912,0.00912,0.00000,0.0,1.0000,-23.7483,0.4741,-8.7948,194.080,ppo_car_spread_a_sampling
6.0800,0.07024,0.0000,0.1535,0.00135,0.00137,0.32246,-32.2,1.0000,-23.7482,0.4741,-8.7946,194.079,ppo_car_spread_a_sampling
6.1000,0.07024,0.0000,0.1535,-0.00104,0.00107,0.37797,-32.2,1.0000,-23.7482,0.4741,-8.7944,194.074,ppo_car_spread_a_sampling
6.1200,0.00886,0.0000,0.0081,-0.00882,0.00883,0.39890,-32.2,1.0000,-23.7481,0.4741,-8.7940,194.075,ppo_car_spread_a_sampling
6.1400,-0.07169,0.0000,0.0081,-0.00827,0.00828,0.23630,-1.7,1.0000,-23.7481,0.4741,-8.7938,194.076,ppo_car_spread_a_sampling
6.1600,-0.13859,0.0000,0.0081,-0.00894,0.00894,0.33178,-1.7,1.0000,-23.7480,0.4741,-8.7935,194.073,ppo_car_spread_a_sampling
6.1800,-0.13859,0.0000,0.0081,-0.00938,0.00939,0.19502,-1.7,1.0000,-23.7480,0.4741,-8.7933,194.073,ppo_car_spread_a_sampling
6.2000,-0.11162,0.0661,0.0000,-0.01022,0.01022,0.33752,-1.7,1.0000,-23.7479,0.4741,-8.7931,194.076,ppo_car_spread_a_sampling
6.2200,-0.11162,0.0661,0.0000,-0.00479,0.00480,0.29625,34.7,1.0000,-23.7479,0.4741,-8.7930,194.075,ppo_car_spread_a_sampling
6.2400,-0.11162,0.0661,0.0000,0.00309,0.00309,0.15840,34.7,1.0000,-23.7479,0.4741,-8.7932,194.077,ppo_car_spread_a_sampling
6.2600,-0.11162,0.0661,0.0000,0.00375,0.00375,0.22035,34.7,1.0000,-23.7479,0.4741,-8.7933,194.078,ppo_car_spread_a_sampling
6.2800,-0.19532,0.6861,0.0000,0.01736,0.01736,0.28071,34.7,1.0000,-23.7480,0.4741,-8.7938,194.079,ppo_car_spread_a_sampling
6.3000,-0.27605,0.6861,0.0000,0.07997,0.08004,0.29022,360.2,1.0000,-23.7484,0.4741,-8.7955,194.074,ppo_car_spread_a_sampling
6.3200,-0.34883,0.6861,0.0000,0.14804,0.14827,0.29913,360.2,1.0000,-23.7490,0.4741,-8.7986,194.062,ppo_car_spread_a_sampling
6.3400,-0.40979,0.6861,0.0000,0.20978,0.21025,0.60188,360.2,1.0000,-23.7498,0.4741,-8.8030,194.048,ppo_car_spread_a_sampling
6.3600,-0.32329,0.0008,0.0000,0.27992,0.28089,0.29854,360.2,1.0000,-23.7507,0.4741,-8.8088,194.027,ppo_car_spread_a_sampling
6.3800,-0.25431,0.0008,0.0000,0.27996,0.28074,0.56544,0.4,1.0000,-23.7517,0.4741,-8.8146,194.005,ppo_car_spread_a_sampling
6.4000,-0.19554,0.0008,0.0000,0.27980,0.28035,0.39514,0.4,1.0000,-23.7527,0.4741,-8.8203,193.985,ppo_car_spread_a_sampling
6.4200,-0.12477,0.0008,0.0000,0.27920,0.27956,0.53654,0.4,1.0000,-23.7538,0.4741,-8.8259,193.968,ppo_car_spread_a_sampling
6.4400,-0.09325,0.0000,0.2827,0.28215,0.28233,0.56514,0.4,1.0000,-23.7550,0.4741,-8.8316,193.955,ppo_car_spread_a_sampling
6.4600,-0.09325,0.0000,0.2827,0.19341,0.19347,0.00000,0.0,1.0000,-23.7558,0.4741,-8.8354,193.953,ppo_car_spread_a_sampling
6.4800,-0.09325,0.0000,0.2827,0.00645,0.00729,0.00000,0.0,1.0000,-23.7557,0.4741,-8.8353,193.954,ppo_car_spread_a_sampling
6.5000,-0.09325,0.0000,0.2827,0.00027,0.00123,0.32981,-59.4,1.0000,-23.7557,0.4741,-8.8351,193.953,ppo_car_spread_a_sampling
6.5200,-0.01809,0.1385,0.0000,-0.01250,0.01250,0.20424,-59.4,1.0000,-23.7556,0.4741,-8.8347,193.952,ppo_car_spread_a_sampling
6.5400,-0.01285,0.1385,0.0000,-0.00456,0.00456,0.34496,72.7,1.0000,-23.7555,0.4741,-8.8345,193.950,ppo_car_spread_a_sampling
6.5600,-0.01285,0.1385,0.0000,0.00819,0.00819,0.29168,72.7,1.0000,-23.7555,0.4741,-8.8346,193.949,ppo_car_spread_a_sampling
6.5800,-0.01285,0.1385,0.0000,0.01635,0.01635,0.36936,72.7,1.0000,-23.7556,0.4741,-8.8348,193.948,ppo_car_spread_a_sampling
6.6000,-0.06989,0.4377,0.0000,0.04347,0.04347,0.28262,72.7,1.0000,-23.7558,0.4741,-8.8356,193.945,ppo_car_spread_a_sampling
6.6200,-0.15569,0.4377,0.0000,0.08261,0.08262,0.18575,229.8,1.0000,-23.7562,0.4741,-8.8372,193.942,ppo_car_spread_a_sampling
6.6400,-0.22477,0.4377,0.0000,0.12331,0.12337,0.23813,229.8,1.0000,-23.7567,0.4741,-8.8397,193.938,ppo_car_spread_a_sampling
6.6600,-0.30302,0.4377,0.0000,0.16493,0.16509,0.42831,229.8,1.0000,-23.7574,0.4741,-8.8430,193.933,ppo_car_spread_a_sampling
6.6800,-0.36379,0.0000,0.1685,0.20028,0.20064,0.50921,229.8,1.0000,-23.7581,0.4741,-8.8471,193.923,ppo_car_spread_a_sampling
6.7000,-0.44705,0.0000,0.1685,0.19050,0.19096,0.00000,0.0,1.0000,-23.7588,0.4741,-8.8509,193.913,ppo_car_spread_a_sampling
6.7200,-0.52569,0.0000,0.1685,0.00386,0.00924,0.00000,0.0,1.0000,-23.7586,0.4741,-8.8509,193.914,ppo_car_spread_a_sampling
6.7400,-0.60486,0.0000,0.1685,0.00071,0.00318,0.21549,-35.4,1.0000,-23.7585,0.4741,-8.8508,193.913,ppo_car_spread_a_sampling
6.7600,-0.54847,0.2434,0.0000,-0.00801,0.00803,0.31287,-35.4,1.0000,-23.7585,0.4741,-8.8506,193.913,ppo_car_spread_a_sampling
6.7800,-0.46493,0.2434,0.0000,0.01145,0.01158,0.37144,127.8,1.0000,-23.7585,0.4741,-8.8508,193.914,ppo_car_spread_a_sampling
6.8000,-0.39711,0.2434,0.0000,0.03711,0.03740,0.36782,127.8,1.0000,-23.7586,0.4741,-8.8515,193.908,ppo_car_spread_a_sampling
6.8200,-0.31208,0.2434,0.0000,0.06454,0.06484,0.19916,127.8,1.0000,-23.7588,0.4741,-8.8528,193.900,ppo_car_spread_a_sampling
6.8400,-0.32632,0.1543,0.0000,0.08613,0.08639,0.21600,127.8,1.0000,-23.7591,0.4741,-8.8546,193.895,ppo_car_spread_a_sampling
6.8600,-0.32632,0.1543,0.0000,0.09851,0.09874,0.44399,81.0,1.0000,-23.7594,0.4741,-8.8565,193.890,ppo_car_spread_a_sampling
6.8800,-0.32632,0.1543,0.0000,0.10875,0.10901,0.46025,81.0,1.0000,-23.7598,0.4741,-8.8587,193.880,ppo_car_spread_a_sampling
6.9000,-0.32632,0.1543,0.0000,0.12678,0.12713,0.46657,81.0,1.0000,-23.7603,0.4741,-8.8613,193.869,ppo_car_spread_a_sampling
6.9200,-0.27034,0.0000,0.2703,0.14376,0.14412,0.48882,81.0,1.0000,-23.7608,0.4741,-8.8642,193.864,ppo_car_spread_a_sampling
6.9400,-0.18420,0.0000,0.2703,0.15344,0.15374,0.00000,0.0,1.0000,-23.7613,0.4741,-8.8673,193.848,ppo_car_spread_a_sampling
6.9600,-0.10752,0.0000,0.2703,0.00371,0.00667,0.00000,0.0,1.0000,-23.7612,0.4741,-8.8673,193.848,ppo_car_spread_a_sampling
6.9800,-0.05345,0.0000,0.2703,-0.00048,0.00187,0.33837,-56.8,1.0000,-23.7612,0.4741,-8.8672,193.848,ppo_car_spread_a_sampling
7.0000,0.03252,0.2171,0.0000,-0.02214,0.02214,0.31278,-56.8,1.0000,-23.7610,0.4741,-8.8667,193.845,ppo_car_spread_a_sampling
7.0200,0.11260,0.2171,0.0000,0.00115,0.00116,0.36026,114.0,1.0000,-23.7610,0.4741,-8.8667,193.844,ppo_car_spread_a_sampling
7.0400,0.12895,0.2171,0.0000,0.02573,0.02574,0.37123,114.0,1.0000,-23.7612,0.4741,-8.8672,193.844,ppo_car_spread_a_sampling
7.0600,0.12895,0.2171,0.0000,0.04346,0.04348,0.39504,114.0,1.0000,-23.7614,0.4741,-8.8680,193.841,ppo_car_spread_a_sampling
7.0800,0.04911,0.8162,0.0000,0.06635,0.06637,0.43292,114.0,1.0000,-23.7618,0.4741,-8.8694,193.843,ppo_car_spread_a_sampling
7.1000,-0.00255,0.8162,0.0000,0.14604,0.14605,0.38536,428.5,1.0000,-23.7626,0.4741,-8.8723,193.842,ppo_car_spread_a_sampling
7.1200,-0.08407,0.8162,0.0000,0.21928,0.21928,0.56393,428.5,1.0000,-23.7637,0.4741,-8.8767,193.844,ppo_car_spread_a_sampling
7.1400,-0.15981,0.8162,0.0000,0.30390,0.30392,0.39698,428.5,1.0000,-23.7651,0.4741,-8.8828,193.842,ppo_car_spread_a_sampling
7.1600,-0.09586,0.4243,0.0000,0.37950,0.37964,0.67135,428.5,1.0000,-23.7667,0.4741,-8.8904,193.834,ppo_car_spread_a_sampling
7.1800,-0.01309,0.4243,0.0000,0.41873,0.41885,0.68565,222.8,1.0000,-23.7686,0.4741,-8.8988,193.824,ppo_car_spread_a_sampling
7.2000,0.06542,0.4243,0.0000,0.46743,0.46746,0.38787,222.8,1.0000,-23.7708,0.4741,-8.9081,193.819,ppo_car_spread_a_sampling
7.2200,0.14401,0.4243,0.0000,0.50594,0.50595,0.54287,222.8,1.0000,-23.7733,0.4741,-8.9181,193.821,ppo_car_spread_a_sampling
7.2400,0.08049,0.0000,0.1634,0.54223,0.54234,0.68803,222.8,1.0000,-23.7761,0.4741,-8.9287,193.830,ppo_car_spread_a_sampling
7.2600,-0.00084,0.0000,0.1634,0.42709,0.42714,0.61802,0.0,1.0000,-23.7783,0.4741,-8.9370,193.836,ppo_car_spread_a_sampling
7.2800,-0.06408,0.0000,0.1634,0.19720,0.19722,0.00000,0.0,1.0000,-23.7792,0.4741,-8.9406,193.836,ppo_car_spread_a_sampling
7.3000,-0.14399,0.0000,0.1634,0.01037,0.01037,0.00000,0.0,1.0000,-23.7792,0.4741,-8.9403,193.838,ppo_car_spread_a_sampling
7.3200,-0.07686,0.0000,0.5125,0.00588,0.00588,0.17215,-34.3,1.0000,-23.7791,0.4741,-8.9401,193.839,ppo_car_spread_a_sampling
7.3400,-0.00273,0.0000,0.5125,-0.01412,0.01413,0.33838,-107.6,1.0000,-23.7790,0.4741,-8.9395,193.840,ppo_car_spread_a_sampling
7.3600,0.07457,0.0000,0.5125,-0.03785,0.03786,0.39151,-107.6,1.0000,-23.7787,0.4741,-8.9385,193.839,ppo_car_spread_a_sampling
7.3800,0.07457,0.0000,0.5125,-0.05077,0.05077,0.36171,-107.6,1.0000,-23.7784,0.4741,-8.9373,193.837,ppo_car_spread_a_sampling
7.4000,-0.01280,0.0000,0.3395,-0.07815,0.07816,0.15951,-107.6,1.0000,-23.7780,0.4741,-8.9356,193.837,ppo_car_spread_a_sampling
7.4200,-0.08873,0.0000,0.3395,-0.08486,0.08486,0.46750,-71.3,1.0000,-23.7775,0.4741,-8.9338,193.839,ppo_car_spread_a_sampling
7.4400,-0.16602,0.0000,0.3395,-0.10294,0.10295,0.20644,-71.3,1.0000,-23.7770,0.4741,-8.9317,193.843,ppo_car_spread_a_sampling
7.4600,-0.24495,0.0000,0.3395,-0.11826,0.11831,0.11099,-71.3,1.0000,-23.7765,0.4741,-8.9292,193.848,ppo_car_spread_a_sampling
7.4800,-0.18287,0.4107,0.0000,-0.13031,0.13045,0.39365,-71.3,1.0000,-23.7760,0.4741,-8.9266,193.855,ppo_car_spread_a_sampling
7.5000,-0.13598,0.4107,0.0000,-0.08502,0.08510,0.36098,215.6,1.0000,-23.7756,0.4741,-8.9250,193.858,ppo_car_spread_a_sampling
7.5200,-0.13598,0.4107,0.0000,-0.04810,0.04814,0.12727,215.6,1.0000,-23.7755,0.4741,-8.9241,193.860,ppo_car_spread_a_sampling
7.5400,-0.13598,0.4107,0.0000,-0.00741,0.00742,0.33540,215.6,1.0000,-23.7755,0.4741,-8.9241,193.858,ppo_car_spread_a_sampling
7.5600,-0.22461,0.2136,0.0000,0.03138,0.03140,0.26522,215.6,1.0000,-23.7756,0.4741,-8.9249,193.856,ppo_car_spread_a_sampling
7.5800,-0.27095,0.2136,0.0000,0.04796,0.04800,0.43507,112.1,1.0000,-23.7759,0.4741,-8.9260,193.854,ppo_car_spread_a_sampling
7.6000,-0.27095,0.2136,0.0000,0.07321,0.07331,0.27605,112.1,1.0000,-23.7762,0.4741,-8.9276,193.851,ppo_car_spread_a_sampling
7.6200,-0.27095,0.2136,0.0000,0.09610,0.09625,0.17390,112.1,1.0000,-23.7766,0.4741,-8.9297,193.844,ppo_car_spread_a_sampling
7.6400,-0.29607,0.0000,0.4549,0.11220,0.11238,0.37320,112.1,1.0000,-23.7770,0.4741,-8.9321,193.837,ppo_car_spread_a_sampling
7.6600,-0.29607,0.0000,0.4549,0.13291,0.13320,0.00000,0.0,1.0000,-23.7775,0.4741,-8.9349,193.832,ppo_car_spread_a_sampling
7.6800,-0.29607,0.0000,0.4549,0.00112,0.00576,0.00000,0.0,1.0000,-23.7774,0.4741,-8.9349,193.833,ppo_car_spread_a_sampling
7.7000,-0.29607,0.0000,0.4549,-0.01794,0.01795,0.29645,-95.5,1.0000,-23.7773,0.4741,-8.9346,193.835,ppo_car_spread_a_sampling
7.7200,-0.39040,0.0000,0.2949,-0.03299,0.03302,0.09599,-95.5,1.0000,-23.7772,0.4741,-8.9339,193.836,ppo_car_spread_a_sampling
7.7400,-0.43798,0.0000,0.2949,-0.04941,0.04958,0.21470,-61.9,1.0000,-23.7770,0.4741,-8.9329,193.839,ppo_car_spread_a_sampling
7.7600,-0.43798,0.0000,0.2949,-0.06160,0.06183,0.26431,-61.9,1.0000,-23.7768,0.4741,-8.9316,193.841,ppo_car_spread_a_sampling
7.7800,-0.43798,0.0000,0.2949,-0.06868,0.06900,0.16003,-61.9,1.0000,-23.7766,0.4741,-8.9302,193.847,ppo_car_spread_a_sampling
7.8000,-0.34158,0.6817,0.0000,-0.07532,0.07567,0.21764,-61.9,1.0000,-23.7764,0.4741,-8.9287,193.854,ppo_car_spread_a_sampling
7.8200,-0.28505,0.6817,0.0000,-0.01779,0.01789,0.24409,357.9,1.0000,-23.7764,0.4741,-8.9284,193.859,ppo_car_spread_a_sampling
7.8400,-0.21005,0.6817,0.0000,0.05696,0.05706,0.27631,357.9,1.0000,-23.7766,0.4741,-8.9296,193.853,ppo_car_spread_a_sampling
7.8600,-0.13180,0.6817,0.0000,0.11674,0.11687,0.45822,357.9,1.0000,-23.7771,0.4741,-8.9320,193.845,ppo_car_spread_a_sampling
7.8800,-0.21051,0.0206,0.0000,0.18369,0.18379,0.34793,357.9,1.0000,-23.7779,0.4741,-8.9358,193.839,ppo_car_spread_a_sampling
7.9000,-0.27770,0.0206,0.0000,0.18236,0.18251,0.33927,10.8,1.0000,-23.7786,0.4741,-8.9395,193.832,ppo_car_spread_a_sampling
7.9200,-0.32661,0.0206,0.0000,0.18407,0.18431,0.46168,10.8,1.0000,-23.7793,0.4741,-8.9432,193.822,ppo_car_spread_a_sampling
7.9400,-0.32661,0.0206,0.0000,0.19079,0.19115,0.34414,10.8,1.0000,-23.7800,0.4741,-8.9470,193.810,ppo_car_spread_a_sampling
7.9600,-0.41159,0.0000,0.2470,0.19505,0.19551,0.25724,10.8,1.0000,-23.7807,0.4741,-8.9509,193.798,ppo_car_spread_a_sampling
7.9800,-0.48754,0.0000,0.2470,0.18732,0.18791,0.00000,0.0,1.0000,-23.7813,0.4741,-8.9547,193.787,ppo_car_spread_a_sampling
8.0000,-0.53946,0.0000,0.2470,0.00474,0.00983,0.00000,0.0,1.0000,-23.7810,0.4741,-8.9546,193.788,ppo_car_spread_a_sampling
8.0200,-0.63915,0.0000,0.2470,-0.00740,0.00773,0.35442,-51.9,1.0000,-23.7809,0.4741,-8.9543,193.785,ppo_car_spread_a_sampling
8.0400,-0.57658,0.0000,0.0035,-0.01128,0.01131,0.22746,-51.9,1.0000,-23.7809,0.4741,-8.9539,193.785,ppo_car_spread_a_sampling
8.0600,-0.49757,0.0000,0.0035,-0.01861,0.01872,0.32224,-0.7,1.0000,-23.7808,0.4741,-8.9534,193.784,ppo_car_spread_a_sampling
8.0800,-0.43784,0.0000,0.0035,-0.01303,0.01309,0.19178,-0.7,1.0000,-23.7808,0.4741,-8.9531,193.786,ppo_car_spread_a_sampling
8.1000,-0.35512,0.0000,0.0035,-0.01573,0.01587,0.36844,-0.7,1.0000,-23.7807,0.4741,-8.9527,193.787,ppo_car_spread_a_sampling
8.1200,-0.43511,0.0000,0.2119,-0.01283,0.01285,0.23307,-0.7,1.0000,-23.7807,0.4741,-8.9523,193.790,ppo_car_spread_a_sampling
8.1400,-0.51068,0.0000,0.2119,-0.02009,0.02012,0.34014,-44.5,1.0000,-23.7806,0.4741,-8.9519,193.792,ppo_car_spread_a_sampling
8.1600,-0.58404,0.0000,0.2119,-0.02660,0.02667,0.39419,-44.5,1.0000,-23.7805,0.4741,-8.9513,193.795,ppo_car_spread_a_sampling
8.1800,-0.62442,0.0000,0.2119,-0.04100,0.04129,0.28992,-44.5,1.0000,-23.7804,0.4741,-8.9504,193.798,ppo_car_spread_a_sampling
8.2000,-0.56505,0.2710,0.0000,-0.04314,0.04360,0.40891,-44.5,1.0000,-23.7803,0.4741,-8.9495,193.808,ppo_car_spread_a_sampling
8.2200,-0.48823,0.2710,0.0000,-0.02069,0.02088,0.15558,142.3,1.0000,-23.7803,0.4741,-8.9491,193.811,ppo_car_spread_a_sampling
8.2400,-0.48823,0.2710,0.0000,0.00603,0.00608,0.27803,142.3,1.0000,-23.7803,0.4741,-8.9493,193.807,ppo_car_spread_a_sampling
8.2600,-0.48823,0.2710,0.0000,0.03389,0.03411,0.39429,142.3,1.0000,-23.7804,0.4741,-8.9500,193.801,ppo_car_spread_a_sampling
8.2800,-0.42748,0.7082,0.0000,0.05452,0.05482,0.23627,142.3,1.0000,-23.7805,0.4741,-8.9512,193.796,ppo_car_spread_a_sampling
8.3000,-0.34771,0.7082,0.0000,0.12323,0.12382,0.45916,371.8,1.0000,-23.7809,0.4741,-8.9538,193.785,ppo_car_spread_a_sampling
8.3200,-0.26069,0.7082,0.0000,0.19654,0.19718,0.20565,371.8,1.0000,-23.7816,0.4741,-8.9578,193.772,ppo_car_spread_a_sampling
8.3400,-0.20565,0.7082,0.0000,0.26279,0.26331,0.42912,371.8,1.0000,-23.7825,0.4741,-8.9632,193.758,ppo_car_spread_a_sampling
8.3600,-0.14609,0.0000,0.2331,0.33176,0.33220,0.53769,371.8,1.0000,-23.7838,0.4741,-8.9700,193.741,ppo_car_spread_a_sampling
8.3800,-0.14609,0.0000,0.2331,0.22477,0.22495,0.41234,0.0,1.0000,-23.7847,0.4741,-8.9745,193.698,ppo_car_spread_a_sampling
8.4000,-0.14609,0.0000,0.2331,0.05793,0.05801,0.00000,0.0,1.0000,-23.7849,0.4741,-8.9755,193.617,ppo_car_spread_a_sampling
8.4200,-0.14609,0.0000,0.2331,0.04901,0.04905,0.12844,-48.9,1.0000,-23.7851,0.4741,-8.9764,193.591,ppo_car_spread_a_sampling
8.4400,-0.08034,0.3002,0.0000,0.04469,0.04471,0.31702,-48.9,1.0000,-23.7852,0.4741,-8.9771,193.579,ppo_car_spread_a_sampling
8.4600,-0.01274,0.3002,0.0000,0.07069,0.07071,0.21794,157.6,1.0000,-23.7855,0.4741,-8.9785,193.575,ppo_car_spread_a_sampling
8.4800,-0.01274,0.3002,0.0000,0.09654,0.09654,0.38647,157.6,1.0000,-23.7860,0.4741,-8.9803,193.571,ppo_car_spread_a_sampling
8.5000,-0.01274,0.3002,0.0000,0.12879,0.12879,0.47346,157.6,1.0000,-23.7866,0.4741,-8.9828,193.573,ppo_car_spread_a_sampling
8.5200,0.06522,0.0130,0.0000,0.15493,0.15493,0.47921,157.6,1.0000,-23.7873,0.4741,-8.9858,193.570,ppo_car_spread_a_sampling
8.5400,0.12607,0.0130,0.0000,0.15789,0.15790,0.32884,6.8,1.0000,-23.7881,0.4741,-8.9889,193.568,ppo_car_spread_a_sampling
8.5600,0.20097,0.0130,0.0000,0.16399,0.16402,0.13643,6.8,1.0000,-23.7889,0.4741,-8.9921,193.569,ppo_car_spread_a_sampling
8.5800,0.27592,0.0130,0.0000,0.15863,0.15872,0.32927,6.8,1.0000,-23.7898,0.4741,-8.9951,193.573,ppo_car_spread_a_sampling
8.6000,0.20348,0.0000,0.2222,0.15691,0.15711,0.46403,6.8,1.0000,-23.7907,0.4741,-8.9981,193.581,ppo_car_spread_a_sampling
8.6200,0.12249,0.0000,0.2222,0.18694,0.18713,0.00000,0.0,1.0000,-23.7917,0.4741,-9.0017,193.590,ppo_car_spread_a_sampling
8.6400,0.04563,0.0000,0.2222,0.00572,0.00748,0.00000,0.0,1.0000,-23.7918,0.4741,-9.0016,193.592,ppo_car_spread_a_sampling
8.6600,-0.01691,0.0000,0.2222,-0.00106,0.00188,0.22347,-46.7,1.0000,-23.7918,0.4741,-9.0015,193.590,ppo_car_spread_a_sampling
8.6800,0.04796,0.0000,0.2733,-0.01659,0.01660,0.21044,-46.7,1.0000,-23.7917,0.4741,-9.0010,193.590,ppo_car_spread_a_sampling
8.7000,0.13538,0.0000,0.2733,-0.02005,0.02005,0.37214,-57.4,1.0000,-23.7916,0.4741,-9.0005,193.591,ppo_car_spread_a_sampling
8.7200,0.21939,0.0000,0.2733,-0.03242,0.03242,0.26027,-57.4,1.0000,-23.7914,0.4741,-8.9998,193.592,ppo_car_spread_a_sampling
8.7400,0.28114,0.0000,0.2733,-0.04201,0.04206,0.41587,-57.4,1.0000,-23.7911,0.4741,-8.9989,193.591,ppo_car_spread_a_sampling
8.7600,0.21384,0.0000,0.4409,-0.05952,0.05961,0.25798,-57.4,1.0000,-23.7908,0.4741,-8.9977,193.590,ppo_car_spread_a_sampling
8.7800,0.13184,0.0000,0.4409,-0.06667,0.06675,0.33905,-92.6,1.0000,-23.7904,0.4741,-8.9964,193.585,ppo_car_spread_a_sampling
8.8000,0.05734,0.0000,0.4409,-0.09014,0.09019,0.19234,-92.6,1.0000,-23.7899,0.4741,-8.9946,193.584,ppo_car_spread_a_sampling
8.8200,-0.02135,0.0000,0.4409,-0.10733,0.10735,0.24894,-92.6,1.0000,-23.7893,0.4741,-8.9925,193.583,ppo_car_spread_a_sampling
8.8400,-0.09179,0.4613,0.0000,-0.12216,0.12216,0.31621,-92.6,1.0000,-23.7887,0.4741,-8.9901,193.583,ppo_car_spread_a_sampling
8.8600,-0.17541,0.4613,0.0000,-0.07792,0.07792,0.32677,242.2,1.0000,-23.7884,0.4741,-8.9886,193.584,ppo_car_spread_a_sampling
8.8800,-0.23280,0.4613,0.0000,-0.03765,0.03765,0.29606,242.2,1.0000,-23.7882,0.4741,-8.9880,193.583,ppo_car_spread_a_sampling
8.9000,-0.23612,0.4613,0.0000,0.00953,0.00962,0.32505,242.2,1.0000,-23.7883,0.4741,-8.9883,193.580,ppo_car_spread_a_sampling
8.9200,-0.30114,0.2808,0.0000,0.05680,0.05688,0.22613,242.2,1.0000,-23.7885,0.4741,-8.9896,193.575,ppo_car_spread_a_sampling
8.9400,-0.37816,0.2808,0.0000,0.08156,0.08172,0.17710,147.4,1.0000,-23.7888,0.4741,-8.9914,193.569,ppo_car_spread_a_sampling
8.9600,-0.45777,0.2808,0.0000,0.11257,0.11293,0.29508,147.4,1.0000,-23.7892,0.4741,-8.9937,193.557,ppo_car_spread_a_sampling
8.9800,-0.51537,0.2808,0.0000,0.13788,0.13848,0.17648,147.4,1.0000,-23.7896,0.4741,-8.9967,193.546,ppo_car_spread_a_sampling
9.0000,-0.44603,0.1530,0.0000,0.16056,0.16149,0.43791,147.4,1.0000,-23.7900,0.4741,-9.0000,193.533,ppo_car_spread_a_sampling
9.0200,-0.37764,0.1530,0.0000,0.17821,0.17919,0.44114,80.3,1.0000,-23.7905,0.4741,-9.0037,193.516,ppo_car_spread_a_sampling
9.0400,-0.29471,0.1530,0.0000,0.19088,0.19166,0.44183,80.3,1.0000,-23.7911,0.4741,-9.0076,193.498,ppo_car_spread_a_sampling
9.0600,-0.21949,0.1530,0.0000,0.20984,0.21038,0.31015,80.3,1.0000,-23.7918,0.4741,-9.0118,193.484,ppo_car_spread_a_sampling
9.0800,-0.15407,0.0000,0.0074,0.22235,0.22272,0.41235,80.3,1.0000,-23.7926,0.4741,-9.0163,193.472,ppo_car_spread_a_sampling
9.1000,-0.06781,0.0000,0.0074,0.19302,0.19322,0.00000,0.0,1.0000,-23.7933,0.4741,-9.0201,193.466,ppo_car_spread_a_sampling
9.1200,0.01456,0.0000,0.0074,0.00617,0.00764,0.00000,0.0,1.0000,-23.7932,0.4741,-9.0201,193.467,ppo_car_spread_a_sampling
9.1400,0.07341,0.0000,0.0074,0.00101,0.00193,0.36400,-1.5,1.0000,-23.7932,0.4741,-9.0199,193.469,ppo_car_spread_a_sampling
9.1600,-0.01104,0.1667,0.0000,0.00405,0.00409,0.30944,-1.5,1.0000,-23.7932,0.4741,-9.0199,193.473,ppo_car_spread_a_sampling
9.1800,-0.08719,0.1667,0.0000,0.01707,0.01708,0.40390,87.5,1.0000,-23.7933,0.4741,-9.0201,193.471,ppo_car_spread_a_sampling
9.2000,-0.15867,0.1667,0.0000,0.04065,0.04066,0.26432,87.5,1.0000,-23.7934,0.4741,-9.0208,193.472,ppo_car_spread_a_sampling
9.2200,-0.23585,0.1667,0.0000,0.05638,0.05641,0.13749,87.5,1.0000,-23.7937,0.4741,-9.0219,193.469,ppo_car_spread_a_sampling
9.2400,-0.29730,0.3978,0.0000,0.06878,0.06885,0.42682,87.5,1.0000,-23.7939,0.4741,-9.0232,193.469,ppo_car_spread_a_sampling
9.2600,-0.32617,0.3978,0.0000,0.10661,0.10682,0.30953,208.9,1.0000,-23.7943,0.4741,-9.0253,193.462,ppo_car_spread_a_sampling
9.2800,-0.32617,0.3978,0.0000,0.14299,0.14333,0.35512,208.9,1.0000,-23.7948,0.4741,-9.0282,193.451,ppo_car_spread_a_sampling
9.3000,-0.32617,0.3978,0.0000,0.18363,0.18411,0.52943,208.9,1.0000,-23.7954,0.4741,-9.0319,193.441,ppo_car_spread_a_sampling
9.3200,-0.22723,0.0000,0.3423,0.21687,0.21740,0.52334,208.9,1.0000,-23.7961,0.4741,-9.0362,193.428,ppo_car_spread_a_sampling
9.3400,-0.17008,0.0000,0.3423,0.19002,0.19036,0.00000,0.0,1.0000,-23.7968,0.4741,-9.0400,193.422,ppo_car_spread_a_sampling
9.3600,-0.08920,0.0000,0.3423,0.00525,0.00850,0.00000,0.0,1.0000,-23.7966,0.4741,-9.0400,193.423,ppo_car_spread_a_sampling
9.3800,-0.01310,0.0000,0.3423,-0.01274,0.01289,0.20160,-71.9,1.0000,-23.7965,0.4741,-9.0396,193.423,ppo_car_spread_a_sampling
9.4000,-0.07532,0.0000,0.7988,-0.02114,0.02115,0.14235,-71.9,1.0000,-23.7964,0.4741,-9.0391,193.426,ppo_car_spread_a_sampling
9.4200,-0.12946,0.0000,0.7988,-0.05771,0.05771,0.24206,-167.7,1.0000,-23.7961,0.4741,-9.0378,193.430,ppo_car_spread_a_sampling
9.4400,-0.12946,0.0000,0.7988,-0.08472,0.08474,0.38553,-167.7,1.0000,-23.7957,0.4741,-9.0361,193.436,ppo_car_spread_a_sampling
9.4600,-0.12946,0.0000,0.7988,-0.11724,0.11728,0.12613,-167.7,1.0000,-23.7952,0.4741,-9.0336,193.438,ppo_car_spread_a_sampling
9.4800,-0.06362,0.4572,0.0000,-0.14515,0.14520,0.44997,-167.7,1.0000,-23.7946,0.4741,-9.0307,193.442,ppo_car_spread_a_sampling
9.5000,0.01533,0.4572,0.0000,-0.10287,0.10289,0.07264,240.0,1.0000,-23.7942,0.4741,-9.0286,193.445,ppo_car_spread_a_sampling
9.5200,0.07596,0.4572,0.0000,-0.05791,0.05792,0.23978,240.0,1.0000,-23.7939,0.4741,-9.0275,193.445,ppo_car_spread_a_sampling
9.5400,0.16481,0.4572,0.0000,-0.00661,0.00662,0.33920,240.0,1.0000,-23.7939,0.4741,-9.0275,193.446,ppo_car_spread_a_sampling
9.5600,0.22411,0.0000,0.2310,0.02279,0.02282,0.37360,240.0,1.0000,-23.7941,0.4741,-9.0280,193.447,ppo_car_spread_a_sampling
9.5800,0.30410,0.0000,0.2310,0.02093,0.02098,0.29836,-48.5,1.0000,-23.7942,0.4741,-9.0285,193.450,ppo_car_spread_a_sampling
9.6000,0.36233,0.0000,0.2310,0.01349,0.01352,0.30052,-48.5,1.0000,-23.7943,0.4741,-9.0289,193.452,ppo_car_spread_a_sampling
9.6200,0.45142,0.0000,0.2310,0.00045,0.00045,0.33392,-48.5,1.0000,-23.7943,0.4741,-9.0289,193.449,ppo_car_spread_a_sampling
9.6400,0.37037,0.0000,0.1432,-0.00514,0.00515,0.08329,-48.5,1.0000,-23.7943,0.4741,-9.0289,193.448,ppo_car_spread_a_sampling
9.6600,0.30844,0.0000,0.1432,-0.00812,0.00815,0.34752,-30.1,1.0000,-23.7943,0.4741,-9.0288,193.449,ppo_car_spread_a_sampling
9.6800,0.23584,0.0000,0.1432,-0.01806,0.01811,0.28710,-30.1,1.0000,-23.7941,0.4741,-9.0285,193.447,ppo_car_spread_a_sampling
9.7000,0.15557,0.0000,0.1432,-0.01984,0.01988,0.31528,-30.1,1.0000,-23.7940,0.4741,-9.0281,193.444,ppo_car_spread_a_sampling
9.7200,0.10380,0.0000,0.0016,-0.03107,0.03109,0.18708,-30.1,1.0000,-23.7939,0.4741,-9.0276,193.442,ppo_car_spread_a_sampling
9.7400,0.10380,0.0000,0.0016,-0.02620,0.02620,0.17447,-0.3,1.0000,-23.7937,0.4741,-9.0271,193.441,ppo_car_spread_a_sampling
9.7600,0.10380,0.0000,0.0016,-0.03194,0.03195,0.32212,-0.3,1.0000,-23.7936,0.4741,-9.0265,193.439,ppo_car_spread_a_sampling
9.7800,0.10380,0.0000,0.0016,-0.02701,0.02701,0.25337,-0.3,1.0000,-23.7934,0.4741,-9.0260,193.439,ppo_car_spread_a_sampling
9.8000,0.17328,0.0000,0.0652,-0.02213,0.02213,0.37582,-0.3,1.0000,-23.7933,0.4741,-9.0256,193.435,ppo_car_spread_a_sampling
9.8200,0.24737,0.0000,0.0652,-0.03327,0.03328,0.28375,-13.7,1.0000,-23.7931,0.4741,-9.0249,193.434,ppo_car_spread_a_sampling
9.8400,0.31972,0.0000,0.0652,-0.03102,0.03105,0.28771,-13.7,1.0000,-23.7930,0.4741,-9.0243,193.434,ppo_car_spread_a_sampling
9.8600,0.39621,0.0000,0.0652,-0.03647,0.03653,0.20577,-13.7,1.0000,-23.7927,0.4741,-9.0236,193.433,ppo_car_spread_a_sampling
9.8800,0.46303,0.0000,0.5673,-0.03492,0.03500,0.36664,-13.7,1.0000,-23.7925,0.4741,-9.0230,193.431,ppo_car_spread_a_sampling
9.9000,0.49348,0.0000,0.5673,-0.05157,0.05179,0.43327,-119.1,1.0000,-23.7922,0.4741,-9.0220,193.425,ppo_car_spread_a_sampling
9.9200,0.49348,0.0000,0.5673,-0.08385,0.08429,0.18067,-119.1,1.0000,-23.7916,0.4741,-9.0203,193.417,ppo_car_spread_a_sampling
9.9400,0.49348,0.0000,0.5673,-0.10360,0.10423,0.14615,-119.1,1.0000,-23.7909,0.4741,-9.0183,193.406,ppo_car_spread_a_sampling
9.9600,0.42840,0.1249,0.0000,-0.12264,0.12330,0.34920,-119.1,1.0000,-23.7900,0.4741,-9.0159,193.393,ppo_car_spread_a_sampling
9.9800,0.34584,0.1249,0.0000,-0.11393,0.11448,0.06726,65.6,1.0000,-23.7893,0.4741,-9.0137,193.384,ppo_car_spread_a_sampling
10.0000,0.27351,0.1249,0.0000,-0.09714,0.09756,0.41971,65.6,1.0000,-23.7886,0.4741,-9.0119,193.376,ppo_car_spread_a_sampling
10.0200,0.19742,0.1249,0.0000,-0.08990,0.09013,0.20808,65.6,1.0000,-23.7881,0.4741,-9.0102,193.368,ppo_car_spread_a_sampling
10.0400,0.13874,0.6874,0.0000,-0.07570,0.07582,0.10121,65.6,1.0000,-23.7877,0.4741,-9.0087,193.363,ppo_car_spread_a_sampling
10.0600,0.06017,0.6874,0.0000,-0.01249,0.01253,0.29325,360.9,1.0000,-23.7876,0.4741,-9.0086,193.361,ppo_car_spread_a_sampling
10.0800,0.01236,0.6874,0.0000,0.05557,0.05557,0.31917,360.9,1.0000,-23.7879,0.4741,-9.0098,193.362,ppo_car_spread_a_sampling
10.1000,0.01236,0.6874,0.0000,0.11901,0.11901,0.45179,360.9,1.0000,-23.7886,0.4741,-9.0122,193.364,ppo_car_spread_a_sampling
10.1200,0.06795,0.0969,0.0000,0.19687,0.19687,0.03936,360.9,1.0000,-23.7895,0.4741,-9.0163,193.364,ppo_car_spread_a_sampling
10.1400,0.14397,0.0969,0.0000,0.19939,0.19940,0.38773,50.9,1.0000,-23.7905,0.4741,-9.0203,193.365,ppo_car_spread_a_sampling
10.1600,0.14397,0.0969,0.0000,0.21457,0.21462,0.13176,50.9,1.0000,-23.7917,0.4741,-9.0245,193.370,ppo_car_spread_a_sampling
10.1800,0.14397,0.0969,0.0000,0.21868,0.21877,0.43036,50.9,1.0000,-23.7928,0.4741,-9.0289,193.378,ppo_car_spread_a_sampling
10.2000,0.08792,0.0000,0.0822,0.22653,0.22663,0.49722,50.9,1.0000,-23.7941,0.4741,-9.0333,193.384,ppo_car_spread_a_sampling
10.2200,0.00406,0.0000,0.0822,0.19078,0.19083,0.00000,0.0,1.0000,-23.7950,0.4741,-9.0370,193.387,ppo_car_spread_a_sampling
10.2400,-0.07141,0.0000,0.0822,0.00642,0.00665,0.00000,0.0,1.0000,-23.7950,0.4741,-9.0369,193.388,ppo_car_spread_a_sampling
10.2600,-0.15088,0.0000,0.0822,0.00744,0.00746,0.20430,-17.3,1.0000,-23.7951,0.4741,-9.0369,193.390,ppo_car_spread_a_sampling
10.2800,-0.09330,0.0000,0.4301,-0.00055,0.00058,0.25992,-17.3,1.0000,-23.7950,0.4741,-9.0367,193.389,ppo_car_spread_a_sampling
10.3001,-0.02245,0.0000,0.4301,-0.01568,0.01569,0.18887,-90.3,1.0000,-23.7949,0.4741,-9.0363,193.390,ppo_car_spread_a_sampling
10.3201,-0.02245,0.0000,0.4301,-0.02925,0.02925,0.41704,-90.3,1.0000,-23.7947,0.4741,-9.0356,193.388,ppo_car_spread_a_sampling
10.3401,-0.02245,0.0000,0.4301,-0.05178,0.05179,0.22322,-90.3,1.0000,-23.7945,0.4741,-9.0344,193.387,ppo_car_spread_a_sampling
10.3601,-0.12413,0.0000,0.1859,-0.06942,0.06943,0.24635,-90.3,1.0000,-23.7941,0.4741,-9.0329,193.387,ppo_car_spread_a_sampling
10.3801,-0.19623,0.0000,0.1859,-0.07194,0.07195,0.39150,-39.0,1.0000,-23.7938,0.4741,-9.0314,193.384,ppo_car_spread_a_sampling
10.4001,-0.27802,0.0000,0.1859,-0.07465,0.07470,0.43336,-39.0,1.0000,-23.7935,0.4741,-9.0299,193.385,ppo_car_spread_a_sampling
10.4201,-0.35759,0.0000,0.1859,-0.09165,0.09179,0.18558,-39.0,1.0000,-23.7931,0.4741,-9.0280,193.387,ppo_car_spread_a_sampling
10.4401,-0.42193,0.4524,0.0000,-0.09014,0.09034,0.45380,-39.0,1.0000,-23.7928,0.4741,-9.0262,193.391,ppo_car_spread_a_sampling
10.4601,-0.46093,0.4524,0.0000,-0.05047,0.05062,0.11347,237.5,1.0000,-23.7927,0.4741,-9.0252,193.394,ppo_car_spread_a_sampling
10.4801,-0.46093,0.4524,0.0000,-0.01353,0.01360,0.38797,237.5,1.0000,-23.7926,0.4741,-9.0250,193.399,ppo_car_spread_a_sampling
10.5001,-0.46093,0.4524,0.0000,0.03204,0.03221,0.22271,237.5,1.0000,-23.7927,0.4741,-9.0257,193.396,ppo_car_spread_a_sampling
10.5201,-0.53927,0.8459,0.0000,0.07458,0.07494,0.30160,237.5,1.0000,-23.7929,0.4741,-9.0273,193.389,ppo_car_spread_a_sampling
10.5401,-0.59388,0.8459,0.0000,0.16222,0.16326,0.34183,444.1,1.0000,-23.7933,0.4741,-9.0308,193.373,ppo_car_spread_a_sampling
10.5601,-0.59388,0.8459,0.0000,0.23989,0.24175,0.34543,444.1,1.0000,-23.7939,0.4741,-9.0358,193.346,ppo_car_spread_a_sampling
10.5801,-0.59388,0.8459,0.0000,0.31726,0.31995,0.58557,444.1,1.0000,-23.7945,0.4741,-9.0424,193.309,ppo_car_spread_a_sampling
10.6001,-0.52725,0.0000,0.4122,0.39550,0.39880,0.66908,444.1,1.0000,-23.7954,0.4741,-9.0507,193.261,ppo_car_spread_a_sampling
10.6201,-0.46643,0.0000,0.4122,0.24012,0.24151,0.04588,0.0,1.0000,-23.7959,0.4741,-9.0555,193.217,ppo_car_spread_a_sampling
10.6401,-0.38572,0.0000,0.4122,0.18166,0.18260,0.00000,0.0,1.0000,-23.7964,0.4741,-9.0591,193.201,ppo_car_spread_a_sampling
10.6601,-0.29870,0.0000,0.4122,0.00500,0.01143,0.00000,0.0,1.0000,-23.7962,0.4741,-9.0591,193.202,ppo_car_spread_a_sampling
10.6801,-0.24106,0.0000,0.4087,-0.00940,0.00978,0.33531,-86.6,1.0000,-23.7961,0.4741,-9.0587,193.204,ppo_car_spread_a_sampling
10.7001,-0.17809,0.0000,0.4087,-0.02146,0.02146,0.34867,-85.8,1.0000,-23.7960,0.4741,-9.0581,193.203,ppo_car_spread_a_sampling
10.7201,-0.08641,0.0000,0.4087,-0.04463,0.04465,0.21247,-85.8,1.0000,-23.7958,0.4741,-9.0571,193.202,ppo_car_spread_a_sampling
10.7401,-0.01456,0.0000,0.4087,-0.05862,0.05863,0.29056,-85.8,1.0000,-23.7956,0.4741,-9.0558,193.205,ppo_car_spread_a_sampling
10.7601,0.04341,0.0000,0.0133,-0.07096,0.07096,0.24116,-85.8,1.0000,-23.7952,0.4741,-9.0543,193.204,ppo_car_spread_a_sampling
10.7801,0.13321,0.0000,0.0133,-0.07811,0.07812,0.24463,-2.8,1.0000,-23.7949,0.4741,-9.0526,193.207,ppo_car_spread_a_sampling
10.8001,0.20132,0.0000,0.0133,-0.07791,0.07793,0.20511,-2.8,1.0000,-23.7945,0.4741,-9.0510,193.207,ppo_car_spread_a_sampling
10.8201,0.26768,0.0000,0.0133,-0.07466,0.07472,0.41887,-2.8,1.0000,-23.7941,0.4741,-9.0495,193.203,ppo_car_spread_a_sampling
10.8401,0.17636,0.7701,0.0000,-0.07470,0.07482,0.27074,-2.8,1.0000,-23.7937,0.4741,-9.0480,193.198,ppo_car_spread_a_sampling
10.8601,0.16244,0.7701,0.0000,-0.00408,0.00415,0.31242,404.3,1.0000,-23.7936,0.4741,-9.0480,193.199,ppo_car_spread_a_sampling
10.8801,0.16244,0.7701,0.0000,0.07398,0.07402,0.37309,404.3,1.0000,-23.7941,0.4741,-9.0496,193.202,ppo_car_spread_a_sampling
10.9001,0.16244,0.7701,0.0000,0.15081,0.15089,0.32702,404.3,1.0000,-23.7949,0.4741,-9.0526,193.208,ppo_car_spread_a_sampling
10.9201,0.22386,0.0000,0.1315,0.21923,0.21936,0.49166,404.3,1.0000,-23.7961,0.4741,-9.0571,193.214,ppo_car_spread_a_sampling
10.9401,0.30889,0.0000,0.1315,0.19173,0.19189,0.00000,0.0,1.0000,-23.7972,0.4741,-9.0609,193.219,ppo_car_spread_a_sampling
10.9601,0.38604,0.0000,0.1315,0.00330,0.00725,0.00000,0.0,1.0000,-23.7974,0.4741,-9.0609,193.221,ppo_car_spread_a_sampling
10.9801,0.43966,0.0000,0.1315,0.00154,0.00271,0.15325,-27.6,1.0000,-23.7974,0.4741,-9.0609,193.221,ppo_car_spread_a_sampling
11.0001,0.35808,0.1797,0.0000,-0.00395,0.00400,0.24519,-27.6,1.0000,-23.7974,0.4741,-9.0607,193.222,ppo_car_spread_a_sampling
11.0201,0.27709,0.1797,0.0000,0.00873,0.00880,0.32149,94.3,1.0000,-23.7974,0.4741,-9.0609,193.224,ppo_car_spread_a_sampling
11.0401,0.21298,0.1797,0.0000,0.02521,0.02529,0.28153,94.3,1.0000,-23.7976,0.4741,-9.0614,193.226,ppo_car_spread_a_sampling
11.0601,0.13537,0.1797,0.0000,0.04485,0.04492,0.21905,94.3,1.0000,-23.7978,0.4741,-9.0623,193.230,ppo_car_spread_a_sampling
11.0801,0.07024,0.0000,0.1773,0.06274,0.06279,0.37727,94.3,1.0000,-23.7982,0.4741,-9.0635,193.232,ppo_car_spread_a_sampling
11.1001,-0.01860,0.0000,0.1773,0.06084,0.06086,0.27430,-37.2,1.0000,-23.7985,0.4741,-9.0647,193.234,ppo_car_spread_a_sampling
11.1201,-0.07452,0.0000,0.1773,0.05503,0.05503,0.28842,-37.2,1.0000,-23.7987,0.4741,-9.0658,193.231,ppo_car_spread_a_sampling
11.1401,-0.17603,0.0000,0.1773,0.05017,0.05017,0.29877,-37.2,1.0000,-23.7989,0.4741,-9.0668,193.230,ppo_car_spread_a_sampling
11.1601,-0.11258,0.1454,0.0000,0.03942,0.03943,0.29899,-37.2,1.0000,-23.7991,0.4741,-9.0675,193.229,ppo_car_spread_a_sampling
11.1801,-0.03249,0.1454,0.0000,0.04972,0.04973,0.21227,76.3,1.0000,-23.7993,0.4741,-9.0685,193.230,ppo_car_spread_a_sampling
11.2001,0.04134,0.1454,0.0000,0.06379,0.06379,0.19280,76.3,1.0000,-23.7995,0.4741,-9.0698,193.230,ppo_car_spread_a_sampling
11.2201,0.10350,0.1454,0.0000,0.08177,0.08177,0.21263,76.3,1.0000,-23.7999,0.4741,-9.0714,193.232,ppo_car_spread_a_sampling
11.2401,0.19084,0.4582,0.0000,0.09479,0.09480,0.20163,76.3,1.0000,-23.8004,0.4741,-9.0732,193.230,ppo_car_spread_a_sampling
11.2601,0.24274,0.4582,0.0000,0.13697,0.13706,0.21164,240.6,1.0000,-23.8011,0.4741,-9.0759,193.233,ppo_car_spread_a_sampling
11.2801,0.24274,0.4582,0.0000,0.17668,0.17688,0.53872,240.6,1.0000,-23.8021,0.4741,-9.0794,193.241,ppo_car_spread_a_sampling
11.3001,0.24274,0.4582,0.0000,0.21907,0.21935,0.56975,240.6,1.0000,-23.8034,0.4741,-9.0837,193.251,ppo_car_spread_a_sampling
11.3201,0.21327,0.0000,0.9896,0.26526,0.26562,0.54217,240.6,1.0000,-23.8049,0.4741,-9.0889,193.261,ppo_car_spread_a_sampling
11.3401,0.21327,0.0000,0.9896,0.19215,0.19238,0.00000,0.0,1.0000,-23.8060,0.4741,-9.0926,193.269,ppo_car_spread_a_sampling
11.3601,0.21327,0.0000,0.9896,0.00570,0.00851,0.00000,0.0,1.0000,-23.8061,0.4741,-9.0925,193.270,ppo_car_spread_a_sampling
11.3801,0.21327,0.0000,0.9896,-0.03411,0.03411,0.08267,-207.8,1.0000,-23.8059,0.4741,-9.0917,193.269,ppo_car_spread_a_sampling
11.4001,0.12580,0.0000,0.5371,-0.07358,0.07363,0.22169,-207.8,1.0000,-23.8054,0.4741,-9.0901,193.263,ppo_car_spread_a_sampling
11.4201,0.05336,0.0000,0.5371,-0.08840,0.08844,0.44054,-112.8,1.0000,-23.8049,0.4741,-9.0882,193.258,ppo_car_spread_a_sampling
11.4401,-0.00282,0.0000,0.5371,-0.11218,0.11219,0.34049,-112.8,1.0000,-23.8043,0.4741,-9.0859,193.253,ppo_car_spread_a_sampling
11.4601,-0.00282,0.0000,0.5371,-0.13125,0.13126,0.48124,-112.8,1.0000,-23.8037,0.4741,-9.0832,193.254,ppo_car_spread_a_sampling
11.4801,0.01632,0.0000,0.0536,-0.15226,0.15226,0.42489,-112.8,1.0000,-23.8029,0.4741,-9.0801,193.252,ppo_car_spread_a_sampling
11.5001,0.01632,0.0000,0.0536,-0.15656,0.15656,0.44636,-11.3,1.0000,-23.8022,0.4741,-9.0770,193.253,ppo_car_spread_a_sampling
11.5201,0.01632,0.0000,0.0536,-0.15867,0.15867,0.36577,-11.3,1.0000,-23.8014,0.4741,-9.0739,193.251,ppo_car_spread_a_sampling
11.5401,0.01632,0.0000,0.0536,-0.15864,0.15864,0.48144,-11.3,1.0000,-23.8007,0.4741,-9.0707,193.254,ppo_car_spread_a_sampling
11.5601,0.09412,0.0000,0.1363,-0.16130,0.16130,0.47653,-11.3,1.0000,-23.7999,0.4741,-9.0676,193.253,ppo_car_spread_a_sampling
11.5801,0.17713,0.0000,0.1363,-0.16716,0.16717,0.37724,-28.6,1.0000,-23.7991,0.4741,-9.0644,193.251,ppo_car_spread_a_sampling
11.6001,0.23115,0.0000,0.1363,-0.17445,0.17453,0.28445,-28.6,1.0000,-23.7982,0.4741,-9.0610,193.246,ppo_car_spread_a_sampling
11.6201,0.31183,0.0000,0.1363,-0.18188,0.18203,0.15064,-28.6,1.0000,-23.7972,0.4741,-9.0575,193.238,ppo_car_spread_a_sampling
11.6401,0.22906,0.0000,0.2188,-0.18405,0.18436,0.32677,-28.6,1.0000,-23.7962,0.4741,-9.0540,193.225,ppo_car_spread_a_sampling
11.6601,0.14745,0.0000,0.2188,-0.19141,0.19167,0.36011,-45.9,1.0000,-23.7951,0.4741,-9.0504,193.213,ppo_car_spread_a_sampling
11.6801,0.09583,0.0000,0.2188,-0.20163,0.20179,0.24993,-45.9,1.0000,-23.7941,0.4741,-9.0466,193.204,ppo_car_spread_a_sampling
11.7001,0.00506,0.0000,0.2188,-0.20251,0.20260,0.52294,-45.9,1.0000,-23.7930,0.4741,-9.0427,193.198,ppo_car_spread_a_sampling
11.7201,-0.06138,0.4890,0.0000,-0.21456,0.21457,0.51155,-45.9,1.0000,-23.7920,0.4741,-9.0386,193.191,ppo_car_spread_a_sampling
11.7401,-0.14332,0.4890,0.0000,-0.17270,0.17270,0.13787,256.7,1.0000,-23.7913,0.4741,-9.0353,193.191,ppo_car_spread_a_sampling
11.7601,-0.22273,0.4890,0.0000,-0.12621,0.12622,0.17031,256.7,1.0000,-23.7908,0.4741,-9.0330,193.192,ppo_car_spread_a_sampling
11.7801,-0.25968,0.4890,0.0000,-0.07549,0.07552,0.09102,256.7,1.0000,-23.7905,0.4741,-9.0316,193.193,ppo_car_spread_a_sampling
11.8001,-0.32047,0.3340,0.0000,-0.02968,0.02968,0.16993,256.7,1.0000,-23.7905,0.4741,-9.0312,193.194,ppo_car_spread_a_sampling
11.8201,-0.38830,0.3340,0.0000,0.00496,0.00507,0.26065,175.4,1.0000,-23.7905,0.4741,-9.0315,193.189,ppo_car_spread_a_sampling
11.8401,-0.47179,0.3340,0.0000,0.03308,0.03323,0.41585,175.4,1.0000,-23.7906,0.4741,-9.0323,193.189,ppo_car_spread_a_sampling
11.8601,-0.54979,0.3340,0.0000,0.07220,0.07264,0.17584,175.4,1.0000,-23.7909,0.4741,-9.0339,193.182,ppo_car_spread_a_sampling
11.8801,-0.47104,0.0000,0.4358,0.10182,0.10252,0.23099,175.4,1.0000,-23.7911,0.4741,-9.0361,193.170,ppo_car_spread_a_sampling
11.9001,-0.40352,0.0000,0.4358,0.11496,0.11564,0.00000,0.0,1.0000,-23.7914,0.4741,-9.0386,193.159,ppo_car_spread_a_sampling
11.9201,-0.34161,0.0000,0.4358,0.00133,0.00680,0.00000,0.0,1.0000,-23.7913,0.4741,-9.0386,193.160,ppo_car_spread_a_sampling
11.9401,-0.32080,0.0000,0.4358,-0.00787,0.00800,0.38015,-91.5,1.0000,-23.7912,0.4741,-9.0384,193.159,ppo_car_spread_a_sampling
11.9601,-0.23916,0.1152,0.0000,-0.03123,0.03125,0.38370,-91.5,1.0000,-23.7911,0.4741,-9.0377,193.161,ppo_car_spread_a_sampling
11.9801,-0.15958,0.1152,0.0000,-0.02386,0.02387,0.20205,60.5,1.0000,-23.7910,0.4741,-9.0372,193.163,ppo_car_spread_a_sampling
12.0001,-0.10081,0.1152,0.0000,-0.00865,0.00866,0.11039,60.5,1.0000,-23.7909,0.4741,-9.0369,193.163,ppo_car_spread_a_sampling
12.0201,-0.01327,0.1152,0.0000,0.00079,0.00079,0.17711,60.5,1.0000,-23.7909,0.4741,-9.0369,193.163,ppo_car_spread_a_sampling
12.0401,-0.09228,0.6358,0.0000,0.01251,0.01251,0.18320,60.5,1.0000,-23.7910,0.4741,-9.0371,193.159,ppo_car_spread_a_sampling
12.0601,-0.16510,0.6358,0.0000,0.07269,0.07271,0.31469,333.8,1.0000,-23.7913,0.4741,-9.0385,193.159,ppo_car_spread_a_sampling
12.0801,-0.24046,0.6358,0.0000,0.13738,0.13746,0.23967,333.8,1.0000,-23.7918,0.4741,-9.0412,193.153,ppo_car_spread_a_sampling
12.1001,-0.29195,0.6358,0.0000,0.19137,0.19157,0.54513,333.8,1.0000,-23.7925,0.4741,-9.0451,193.141,ppo_car_spread_a_sampling
12.1201,-0.20082,0.0000,0.1437,0.25315,0.25358,0.59165,333.8,1.0000,-23.7934,0.4741,-9.0502,193.128,ppo_car_spread_a_sampling
12.1401,-0.12563,0.0000,0.1437,0.19021,0.19047,0.00000,0.0,1.0000,-23.7941,0.4741,-9.0540,193.120,ppo_car_spread_a_sampling
12.1601,-0.06730,0.0000,0.1437,0.00600,0.00817,0.00000,0.0,1.0000,-23.7939,0.4741,-9.0539,193.121,ppo_car_spread_a_sampling
12.1801,0.01386,0.0000,0.1437,-0.00135,0.00220,0.32926,-30.2,1.0000,-23.7939,0.4741,-9.0537,193.121,ppo_car_spread_a_sampling
12.2001,-0.06899,0.0000,0.1350,-0.00585,0.00588,0.23890,-30.2,1.0000,-23.7938,0.4741,-9.0535,193.125,ppo_car_spread_a_sampling
12.2201,-0.12859,0.0000,0.1350,-0.01120,0.01120,0.36585,-28.4,1.0000,-23.7937,0.4741,-9.0531,193.122,ppo_car_spread_a_sampling
12.2401,-0.20929,0.0000,0.1350,-0.01560,0.01560,0.15922,-28.4,1.0000,-23.7936,0.4741,-9.0527,193.124,ppo_car_spread_a_sampling
12.2601,-0.26869,0.0000,0.1350,-0.01411,0.01413,0.39104,-28.4,1.0000,-23.7936,0.4741,-9.0523,193.124,ppo_car_spread_a_sampling
12.2801,-0.18520,0.4324,0.0000,-0.02028,0.02031,0.37924,-28.4,1.0000,-23.7935,0.4741,-9.0519,193.125,ppo_car_spread_a_sampling
12.3001,-0.12346,0.4324,0.0000,0.01307,0.01308,0.24777,227.0,1.0000,-23.7935,0.4741,-9.0521,193.124,ppo_car_spread_a_sampling
12.3201,-0.03085,0.4324,0.0000,0.05789,0.05792,0.15710,227.0,1.0000,-23.7938,0.4741,-9.0532,193.124,ppo_car_spread_a_sampling
12.3401,0.04354,0.4324,0.0000,0.10221,0.10222,0.20037,227.0,1.0000,-23.7942,0.4741,-9.0553,193.126,ppo_car_spread_a_sampling
12.3601,-0.02126,0.0349,0.0000,0.14266,0.14266,0.25749,227.0,1.0000,-23.7949,0.4741,-9.0582,193.128,ppo_car_spread_a_sampling
12.3801,-0.08150,0.0349,0.0000,0.14468,0.14468,0.42209,18.3,1.0000,-23.7956,0.4741,-9.0611,193.125,ppo_car_spread_a_sampling
12.4001,-0.08150,0.0349,0.0000,0.14685,0.14686,0.43215,18.3,1.0000,-23.7962,0.4741,-9.0640,193.125,ppo_car_spread_a_sampling
12.4201,-0.08150,0.0349,0.0000,0.14890,0.14891,0.44783,18.3,1.0000,-23.7969,0.4741,-9.0670,193.122,ppo_car_spread_a_sampling
12.4401,-0.14494,0.0000,0.4875,0.15262,0.15264,0.32773,18.3,1.0000,-23.7975,0.4741,-9.0700,193.122,ppo_car_spread_a_sampling
12.4601,-0.22182,0.0000,0.4875,0.17667,0.17673,0.00000,0.0,1.0000,-23.7982,0.4741,-9.0735,193.113,ppo_car_spread_a_sampling
12.4801,-0.27979,0.0000,0.4875,0.00458,0.00634,0.00000,0.0,1.0000,-23.7981,0.4741,-9.0735,193.113,ppo_car_spread_a_sampling
12.5001,-0.36699,0.0000,0.4875,-0.01110,0.01112,0.25592,-102.4,1.0000,-23.7980,0.4741,-9.0732,193.116,ppo_car_spread_a_sampling
12.5201,-0.28583,0.0561,0.0000,-0.03450,0.03459,0.19148,-102.4,1.0000,-23.7979,0.4741,-9.0724,193.120,ppo_car_spread_a_sampling
12.5401,-0.20878,0.0561,0.0000,-0.02817,0.02823,0.07732,29.4,1.0000,-23.7978,0.4741,-9.0717,193.123,ppo_car_spread_a_sampling
12.5601,-0.19166,0.0561,0.0000,-0.02091,0.02095,0.39061,29.4,1.0000,-23.7977,0.4741,-9.0713,193.128,ppo_car_spread_a_sampling
12.5801,-0.19166,0.0561,0.0000,-0.01681,0.01684,0.20388,29.4,1.0000,-23.7977,0.4741,-9.0709,193.130,ppo_car_spread_a_sampling
12.6001,-0.10066,0.0451,0.0000,-0.01576,0.01577,0.32627,29.4,1.0000,-23.7976,0.4741,-9.0706,193.133,ppo_car_spread_a_sampling
12.6201,-0.04518,0.0451,0.0000,-0.01096,0.01096,0.31392,23.7,1.0000,-23.7976,0.4741,-9.0704,193.136,ppo_car_spread_a_sampling
12.6401,0.03405,0.0451,0.0000,-0.00810,0.00810,0.35685,23.7,1.0000,-23.7975,0.4741,-9.0702,193.139,ppo_car_spread_a_sampling
12.6601,0.09740,0.0451,0.0000,0.00501,0.00502,0.13335,23.7,1.0000,-23.7975,0.4741,-9.0703,193.139,ppo_car_spread_a_sampling
12.6801,0.02458,0.0000,0.5493,0.00687,0.00687,0.26645,23.7,1.0000,-23.7976,0.4741,-9.0705,193.137,ppo_car_spread_a_sampling
12.7001,0.00728,0.0000,0.5493,-0.01434,0.01434,0.30735,-115.4,1.0000,-23.7975,0.4741,-9.0702,193.138,ppo_car_spread_a_sampling
12.7201,0.00728,0.0000,0.5493,-0.03233,0.03233,0.29639,-115.4,1.0000,-23.7974,0.4741,-9.0696,193.140,ppo_car_spread_a_sampling
12.7401,0.00728,0.0000,0.5493,-0.05776,0.05776,0.14328,-115.4,1.0000,-23.7971,0.4741,-9.0684,193.140,ppo_car_spread_a_sampling
12.7601,-0.06843,0.0000,0.3457,-0.07984,0.07984,0.45584,-115.4,1.0000,-23.7967,0.4741,-9.0669,193.138,ppo_car_spread_a_sampling
12.7801,-0.15258,0.0000,0.3457,-0.08859,0.08860,0.44708,-72.6,1.0000,-23.7963,0.4741,-9.0651,193.138,ppo_car_spread_a_sampling
12.8001,-0.20657,0.0000,0.3457,-0.10861,0.10865,0.16848,-72.6,1.0000,-23.7959,0.4741,-9.0630,193.141,ppo_car_spread_a_sampling
12.8201,-0.28615,0.0000,0.3457,-0.11792,0.11800,0.41480,-72.6,1.0000,-23.7954,0.4741,-9.0606,193.146,ppo_car_spread_a_sampling
12.8401,-0.22414,0.0000,0.0904,-0.12881,0.12900,0.43238,-72.6,1.0000,-23.7950,0.4741,-9.0581,193.151,ppo_car_spread_a_sampling
12.8601,-0.12798,0.0000,0.0904,-0.12953,0.12969,0.46016,-19.0,1.0000,-23.7945,0.4741,-9.0555,193.158,ppo_car_spread_a_sampling
12.8801,-0.04991,0.0000,0.0904,-0.13887,0.13896,0.31139,-19.0,1.0000,-23.7940,0.4741,-9.0528,193.163,ppo_car_spread_a_sampling
12.9001,0.00848,0.0000,0.0904,-0.14430,0.14433,0.16558,-19.0,1.0000,-23.7934,0.4741,-9.0499,193.167,ppo_car_spread_a_sampling
12.9201,0.07494,0.2763,0.0000,-0.15008,0.15008,0.14829,-19.0,1.0000,-23.7927,0.4741,-9.0470,193.165,ppo_car_spread_a_sampling
12.9401,0.15830,0.2763,0.0000,-0.11912,0.11912,0.30484,145.0,1.0000,-23.7922,0.4741,-9.0447,193.163,ppo_car_spread_a_sampling
12.9601,0.23143,0.2763,0.0000,-0.09365,0.09367,0.22489,145.0,1.0000,-23.7917,0.4741,-9.0430,193.161,ppo_car_spread_a_sampling
12.9801,0.29983,0.2763,0.0000,-0.06622,0.06625,0.39563,145.0,1.0000,-23.7914,0.4741,-9.0418,193.163,ppo_car_spread_a_sampling
13.0001,0.22055,0.2388,0.0000,-0.04154,0.04159,0.17894,145.0,1.0000,-23.7912,0.4741,-9.0411,193.163,ppo_car_spread_a_sampling
13.0201,0.13748,0.2388,0.0000,-0.01525,0.01528,0.34245,125.3,1.0000,-23.7911,0.4741,-9.0409,193.159,ppo_car_spread_a_sampling
13.0401,0.05715,0.2388,0.0000,0.00576,0.00576,0.19284,125.3,1.0000,-23.7912,0.4741,-9.0412,193.160,ppo_car_spread_a_sampling
13.0601,-0.00616,0.2388,0.0000,0.02930,0.02930,0.41311,125.3,1.0000,-23.7913,0.4741,-9.0418,193.156,ppo_car_spread_a_sampling
13.0801,0.06268,0.0946,0.0000,0.05452,0.05452,0.07989,125.3,1.0000,-23.7916,0.4741,-9.0430,193.156,ppo_car_spread_a_sampling
13.1001,0.10439,0.0946,0.0000,0.06674,0.06674,0.25113,49.7,1.0000,-23.7920,0.4741,-9.0444,193.155,ppo_car_spread_a_sampling
13.1201,0.10439,0.0946,0.0000,0.07712,0.07713,0.23460,49.7,1.0000,-23.7924,0.4741,-9.0460,193.158,ppo_car_spread_a_sampling
13.1401,0.10439,0.0946,0.0000,0.08085,0.08087,0.15311,49.7,1.0000,-23.7928,0.4741,-9.0476,193.161,ppo_car_spread_a_sampling
13.1601,0.03011,0.0000,0.3521,0.09028,0.09030,0.17811,49.7,1.0000,-23.7932,0.4741,-9.0494,193.163,ppo_car_spread_a_sampling
13.1801,-0.03710,0.0000,0.3521,0.07785,0.07786,0.23716,-73.9,1.0000,-23.7936,0.4741,-9.0509,193.163,ppo_car_spread_a_sampling
13.2001,-0.09880,0.0000,0.3521,0.05991,0.05991,0.39959,-73.9,1.0000,-23.7939,0.4741,-9.0520,193.161,ppo_car_spread_a_sampling
13.2201,-0.19018,0.0000,0.3521,0.05225,0.05226,0.11830,-73.9,1.0000,-23.7941,0.4741,-9.0530,193.162,ppo_car_spread_a_sampling
13.2401,-0.12696,0.2286,0.0000,0.04337,0.04339,0.29765,-73.9,1.0000,-23.7943,0.4741,-9.0538,193.163,ppo_car_spread_a_sampling
13.2601,-0.05045,0.2286,0.0000,0.05506,0.05508,0.42734,120.0,1.0000,-23.7945,0.4741,-9.0548,193.166,ppo_car_spread_a_sampling
13.2801,-0.02806,0.2286,0.0000,0.08244,0.08245,0.12157,120.0,1.0000,-23.7948,0.4741,-9.0564,193.166,ppo_car_spread_a_sampling
13.3001,-0.02806,0.2286,0.0000,0.10154,0.10154,0.37819,120.0,1.0000,-23.7952,0.4741,-9.0584,193.165,ppo_car_spread_a_sampling
13.3201,0.06025,0.0000,0.7523,0.12873,0.12873,0.18025,120.0,1.0000,-23.7958,0.4741,-9.0609,193.166,ppo_car_spread_a_sampling
13.3401,0.14296,0.0000,0.7523,0.11708,0.11708,0.00000,0.0,1.0000,-23.7964,0.4741,-9.0632,193.164,ppo_car_spread_a_sampling
13.3601,0.21613,0.0000,0.7523,0.00421,0.00447,0.00000,0.0,1.0000,-23.7964,0.4741,-9.0631,193.164,ppo_car_spread_a_sampling
13.3801,0.27216,0.0000,0.7523,-0.02167,0.02169,0.34049,-158.0,1.0000,-23.7962,0.4741,-9.0625,193.161,ppo_car_spread_a_sampling
13.4001,0.18549,0.2058,0.0000,-0.04894,0.04902,0.26863,-158.0,1.0000,-23.7959,0.4741,-9.0615,193.157,ppo_car_spread_a_sampling
13.4201,0.10537,0.2058,0.0000,-0.03441,0.03444,0.35773,108.0,1.0000,-23.7957,0.4741,-9.0607,193.155,ppo_car_spread_a_sampling
13.4401,0.04740,0.2058,0.0000,-0.02003,0.02004,0.33890,108.0,1.0000,-23.7956,0.4741,-9.0602,193.156,ppo_car_spread_a_sampling
13.4601,-0.03778,0.2058,0.0000,0.00979,0.00979,0.26886,108.0,1.0000,-23.7956,0.4741,-9.0604,193.156,ppo_car_spread_a_sampling
13.4801,-0.10006,0.1390,0.0000,0.02817,0.02817,0.22505,108.0,1.0000,-23.7958,0.4741,-9.0610,193.156,ppo_car_spread_a_sampling
13.5001,-0.16496,0.1390,0.0000,0.04145,0.04146,0.20199,73.0,1.0000,-23.7959,0.4741,-9.0618,193.157,ppo_car_spread_a_sampling
13.5201,-0.25000,0.1390,0.0000,0.05068,0.05070,0.21205,73.0,1.0000,-23.7962,0.4741,-9.0628,193.155,ppo_car_spread_a_sampling
13.5401,-0.32721,0.1390,0.0000,0.06649,0.06658,0.35285,73.0,1.0000,-23.7964,0.4741,-9.0642,193.149,ppo_car_spread_a_sampling
13.5601,-0.26337,0.6579,0.0000,0.08415,0.08432,0.21239,73.0,1.0000,-23.7967,0.4741,-9.0659,193.145,ppo_car_spread_a_sampling
13.5801,-0.22158,0.6579,0.0000,0.14420,0.14447,0.23120,345.4,1.0000,-23.7972,0.4741,-9.0688,193.137,ppo_car_spread_a_sampling
13.6001,-0.22158,0.6579,0.0000,0.20473,0.20500,0.54154,345.4,1.0000,-23.7979,0.4741,-9.0730,193.131,ppo_car_spread_a_sampling
13.6201,-0.22158,0.6579,0.0000,0.26863,0.26896,0.58966,345.4,1.0000,-23.7989,0.4741,-9.0785,193.117,ppo_car_spread_a_sampling
13.6401,-0.15793,0.0000,0.6089,0.33133,0.33172,0.60066,345.4,1.0000,-23.8001,0.4741,-9.0852,193.102,ppo_car_spread_a_sampling
13.6601,-0.09526,0.0000,0.6089,0.19144,0.19162,0.00000,0.0,1.0000,-23.8008,0.4741,-9.0890,193.096,ppo_car_spread_a_sampling
13.6801,-0.09526,0.0000,0.6089,0.00592,0.00753,0.00000,0.0,1.0000,-23.8007,0.4741,-9.0889,193.097,ppo_car_spread_a_sampling
13.7001,-0.09526,0.0000,0.6089,-0.02098,0.02101,0.28921,-127.9,1.0000,-23.8006,0.4741,-9.0883,193.101,ppo_car_spread_a_sampling
13.7201,-0.15947,0.0771,0.0000,-0.03598,0.03598,0.41324,-127.9,1.0000,-23.8004,0.4741,-9.0875,193.101,ppo_car_spread_a_sampling
13.7401,-0.16472,0.0771,0.0000,-0.03452,0.03453,0.34042,40.5,1.0000,-23.8002,0.4741,-9.0867,193.101,ppo_car_spread_a_sampling
13.7601,-0.16472,0.0771,0.0000,-0.02615,0.02616,0.31163,40.5,1.0000,-23.8001,0.4741,-9.0861,193.105,ppo_car_spread_a_sampling
13.7801,-0.16472,0.0771,0.0000,-0.01932,0.01933,0.36275,40.5,1.0000,-23.8000,0.4741,-9.0856,193.101,ppo_car_spread_a_sampling
13.8001,-0.24110,0.0366,0.0000,-0.01816,0.01816,0.29505,40.5,1.0000,-23.8000,0.4741,-9.0852,193.099,ppo_car_spread_a_sampling
13.8201,-0.32126,0.0366,0.0000,-0.00949,0.00949,0.33571,19.2,1.0000,-23.7999,0.4741,-9.0850,193.098,ppo_car_spread_a_sampling
13.8401,-0.39292,0.0366,0.0000,-0.00155,0.00161,0.34953,19.2,1.0000,-23.7999,0.4741,-9.0850,193.101,ppo_car_spread_a_sampling
13.8601,-0.41937,0.0366,0.0000,-0.00415,0.00416,0.30188,19.2,1.0000,-23.7999,0.4741,-9.0849,193.100,ppo_car_spread_a_sampling
13.8801,-0.35944,0.0000,0.3950,-0.00060,0.00060,0.35628,19.2,1.0000,-23.7999,0.4741,-9.0849,193.103,ppo_car_spread_a_sampling
13.9001,-0.27077,0.0000,0.3950,-0.01101,0.01104,0.11458,-82.9,1.0000,-23.7999,0.4741,-9.0847,193.103,ppo_car_spread_a_sampling
13.9201,-0.20899,0.0000,0.3950,-0.02540,0.02544,0.21417,-82.9,1.0000,-23.7998,0.4741,-9.0842,193.104,ppo_car_spread_a_sampling
13.9401,-0.20899,0.0000,0.3950,-0.03980,0.03985,0.25674,-82.9,1.0000,-23.7997,0.4741,-9.0834,193.107,ppo_car_spread_a_sampling
13.9601,-0.22130,0.4136,0.0000,-0.06125,0.06132,0.25464,-82.9,1.0000,-23.7994,0.4741,-9.0822,193.110,ppo_car_spread_a_sampling
13.9801,-0.22130,0.4136,0.0000,-0.01978,0.01981,0.12262,217.1,1.0000,-23.7994,0.4741,-9.0818,193.110,ppo_car_spread_a_sampling
14.0001,-0.22130,0.4136,0.0000,0.02489,0.02492,0.19525,217.1,1.0000,-23.7995,0.4741,-9.0824,193.108,ppo_car_spread_a_sampling
14.0201,-0.22130,0.4136,0.0000,0.05803,0.05811,0.32530,217.1,1.0000,-23.7997,0.4741,-9.0836,193.108,ppo_car_spread_a_sampling
14.0401,-0.16025,0.0819,0.0000,0.09813,0.09825,0.36571,217.1,1.0000,-23.8001,0.4741,-9.0857,193.104,ppo_car_spread_a_sampling
14.0601,-0.06928,0.0819,0.0000,0.10987,0.10996,0.35177,43.0,1.0000,-23.8005,0.4741,-9.0880,193.099,ppo_car_spread_a_sampling
14.0801,-0.06928,0.0819,0.0000,0.12074,0.12077,0.15157,43.0,1.0000,-23.8010,0.4741,-9.0904,193.098,ppo_car_spread_a_sampling
14.1001,-0.06928,0.0819,0.0000,0.12543,0.12545,0.26394,43.0,1.0000,-23.8015,0.4741,-9.0930,193.097,ppo_car_spread_a_sampling
14.1201,-0.02966,0.0000,0.1771,0.13512,0.13514,0.15333,43.0,1.0000,-23.8021,0.4741,-9.0957,193.094,ppo_car_spread_a_sampling
14.1401,-0.02966,0.0000,0.1771,0.13402,0.13402,0.00000,0.0,1.0000,-23.8027,0.4741,-9.0983,193.095,ppo_car_spread_a_sampling
14.1601,-0.02966,0.0000,0.1771,0.00371,0.00380,0.00000,0.0,1.0000,-23.8027,0.4741,-9.0983,193.096,ppo_car_spread_a_sampling
14.1801,-0.02966,0.0000,0.1771,-0.00012,0.00030,0.33463,-37.2,1.0000,-23.8027,0.4741,-9.0982,193.092,ppo_car_spread_a_sampling
14.2001,0.02777,0.3881,0.0000,-0.00854,0.00854,0.35210,-37.2,1.0000,-23.8026,0.4741,-9.0980,193.093,ppo_car_spread_a_sampling
14.2201,0.10154,0.3881,0.0000,0.02240,0.02240,0.42155,203.8,1.0000,-23.8027,0.4741,-9.0984,193.091,ppo_car_spread_a_sampling
14.2401,0.17361,0.3881,0.0000,0.07126,0.07128,0.19312,203.8,1.0000,-23.8031,0.4741,-9.0998,193.092,ppo_car_spread_a_sampling
14.2601,0.17361,0.3881,0.0000,0.10057,0.10063,0.47726,203.8,1.0000,-23.8036,0.4741,-9.1017,193.095,ppo_car_spread_a_sampling
14.2801,0.08498,0.4949,0.0000,0.13766,0.13775,0.45191,203.8,1.0000,-23.8043,0.4741,-9.1045,193.097,ppo_car_spread_a_sampling
14.3001,0.02023,0.4949,0.0000,0.19001,0.19006,0.23681,259.8,1.0000,-23.8053,0.4741,-9.1082,193.100,ppo_car_spread_a_sampling
14.3201,-0.06858,0.4949,0.0000,0.23107,0.23109,0.55218,259.8,1.0000,-23.8064,0.4741,-9.1128,193.099,ppo_car_spread_a_sampling
14.3401,-0.12917,0.4949,0.0000,0.27975,0.27976,0.60836,259.8,1.0000,-23.8077,0.4741,-9.1184,193.098,ppo_car_spread_a_sampling
14.3601,-0.06675,0.0000,0.1239,0.33457,0.33464,0.27462,259.8,1.0000,-23.8091,0.4741,-9.1251,193.092,ppo_car_spread_a_sampling
14.3801,0.01239,0.0000,0.1239,0.31763,0.31768,0.50012,0.0,1.0000,-23.8104,0.4741,-9.1314,193.088,ppo_car_spread_a_sampling
14.4001,0.01239,0.0000,0.1239,0.20694,0.20695,0.50315,0.0,1.0000,-23.8113,0.4741,-9.1353,193.088,ppo_car_spread_a_sampling
14.4201,0.01239,0.0000,0.1239,0.19907,0.19907,0.00000,0.0,1.0000,-23.8122,0.4741,-9.1392,193.087,ppo_car_spread_a_sampling
14.4401,0.10011,0.0000,0.1508,0.00763,0.00763,0.00000,0.0,1.0000,-23.8122,0.4741,-9.1390,193.089,ppo_car_spread_a_sampling
14.4601,0.17827,0.0000,0.1508,0.00496,0.00496,0.37964,-31.7,1.0000,-23.8121,0.4741,-9.1389,193.092,ppo_car_spread_a_sampling
14.4801,0.25128,0.0000,0.1508,-0.01029,0.01031,0.32691,-31.7,1.0000,-23.8120,0.4741,-9.1386,193.091,ppo_car_spread_a_sampling
14.5001,0.31206,0.0000,0.1508,-0.01387,0.01390,0.29259,-31.7,1.0000,-23.8119,0.4741,-9.1381,193.088,ppo_car_spread_a_sampling
14.5201,0.23370,0.1098,0.0000,-0.01357,0.01363,0.27914,-31.7,1.0000,-23.8118,0.4741,-9.1377,193.087,ppo_car_spread_a_sampling
14.5401,0.14609,0.1098,0.0000,-0.00513,0.00513,0.31206,57.6,1.0000,-23.8118,0.4741,-9.1376,193.086,ppo_car_spread_a_sampling
14.5601,0.07624,0.1098,0.0000,0.00362,0.00362,0.16810,57.6,1.0000,-23.8118,0.4741,-9.1376,193.088,ppo_car_spread_a_sampling
14.5801,0.02468,0.1098,0.0000,0.01541,0.01541,0.13590,57.6,1.0000,-23.8118,0.4741,-9.1378,193.091,ppo_car_spread_a_sampling
14.6001,0.09324,0.0000,0.6145,0.03233,0.03233,0.28738,57.6,1.0000,-23.8120,0.4741,-9.1385,193.093,ppo_car_spread_a_sampling
14.6201,0.12330,0.0000,0.6145,-0.00020,0.00022,0.28338,-129.0,1.0000,-23.8120,0.4741,-9.1385,193.093,ppo_car_spread_a_sampling
14.6401,0.12330,0.0000,0.6145,-0.02533,0.02534,0.30171,-129.0,1.0000,-23.8119,0.4741,-9.1379,193.093,ppo_car_spread_a_sampling
14.6601,0.12330,0.0000,0.6145,-0.04173,0.04175,0.38489,-129.0,1.0000,-23.8116,0.4741,-9.1371,193.090,ppo_car_spread_a_sampling
14.6802,0.19434,0.8080,0.0000,-0.07285,0.07287,0.22973,-129.0,1.0000,-23.8113,0.4741,-9.1357,193.090,ppo_car_spread_a_sampling
14.7002,0.28781,0.8080,0.0000,0.00439,0.00443,0.37540,424.2,1.0000,-23.8113,0.4741,-9.1358,193.092,ppo_car_spread_a_sampling
14.7202,0.34991,0.8080,0.0000,0.08818,0.08836,0.22306,424.2,1.0000,-23.8119,0.4741,-9.1377,193.095,ppo_car_spread_a_sampling
14.7402,0.43108,0.8080,0.0000,0.15789,0.15835,0.52164,424.2,1.0000,-23.8129,0.4741,-9.1409,193.104,ppo_car_spread_a_sampling
14.7602,0.34742,0.0000,0.0095,0.24027,0.24118,0.60010,424.2,1.0000,-23.8145,0.4741,-9.1457,193.122,ppo_car_spread_a_sampling
14.7802,0.29321,0.0000,0.0095,0.19081,0.19131,0.00000,0.0,1.0000,-23.8156,0.4741,-9.1495,193.131,ppo_car_spread_a_sampling
14.8002,0.21544,0.0000,0.0095,0.00407,0.01175,0.00000,0.0,1.0000,-23.8159,0.4741,-9.1494,193.134,ppo_car_spread_a_sampling
14.8202,0.13207,0.0000,0.0095,0.00569,0.00686,0.33258,-2.0,1.0000,-23.8160,0.4741,-9.1495,193.138,ppo_car_spread_a_sampling
14.8402,0.06772,0.3087,0.0000,0.00349,0.00370,0.20641,-2.0,1.0000,-23.8160,0.4741,-9.1495,193.139,ppo_car_spread_a_sampling
14.8602,-0.01333,0.3087,0.0000,0.03166,0.03167,0.24263,162.0,1.0000,-23.8161,0.4741,-9.1501,193.142,ppo_car_spread_a_sampling
14.8802,-0.09602,0.3087,0.0000,0.06748,0.06748,0.23501,162.0,1.0000,-23.8164,0.4741,-9.1515,193.141,ppo_car_spread_a_sampling
14.9002,-0.15204,0.3087,0.0000,0.09254,0.09255,0.37147,162.0,1.0000,-23.8168,0.4741,-9.1533,193.140,ppo_car_spread_a_sampling
14.9202,-0.23560,0.0820,0.0000,0.12539,0.12544,0.22591,162.0,1.0000,-23.8173,0.4741,-9.1558,193.134,ppo_car_spread_a_sampling
14.9402,-0.29478,0.0820,0.0000,0.12928,0.12940,0.42491,43.0,1.0000,-23.8178,0.4741,-9.1584,193.126,ppo_car_spread_a_sampling
14.9602,-0.37176,0.0820,0.0000,0.13766,0.13789,0.41642,43.0,1.0000,-23.8183,0.4741,-9.1612,193.119,ppo_car_spread_a_sampling
14.9802,-0.44679,0.0820,0.0000,0.14205,0.14241,0.48251,43.0,1.0000,-23.8187,0.4741,-9.1641,193.113,ppo_car_spread_a_sampling
15.0002,-0.36664,0.0000,0.3957,0.15305,0.15358,0.43690,43.0,1.0000,-23.8192,0.4741,-9.1671,193.102,ppo_car_spread_a_sampling
15.0202,-0.28529,0.0000,0.3957,0.16366,0.16429,0.00000,0.0,1.0000,-23.8196,0.4741,-9.1704,193.089,ppo_car_spread_a_sampling
15.0402,-0.22422,0.0000,0.3957,0.00424,0.00914,0.00000,0.0,1.0000,-23.8194,0.4741,-9.1704,193.090,ppo_car_spread_a_sampling
15.0602,-0.13319,0.0000,0.3957,-0.00599,0.00632,0.33708,-83.1,1.0000,-23.8193,0.4741,-9.1702,193.089,ppo_car_spread_a_sampling
15.0802,-0.09881,0.0000,0.4180,-0.02270,0.02270,0.34324,-83.1,1.0000,-23.8192,0.4741,-9.1696,193.087,ppo_car_spread_a_sampling
15.1002,-0.09881,0.0000,0.4180,-0.04019,0.04019,0.22045,-87.8,1.0000,-23.8190,0.4741,-9.1687,193.089,ppo_car_spread_a_sampling
15.1202,-0.09881,0.0000,0.4180,-0.05769,0.05770,0.26340,-87.8,1.0000,-23.8188,0.4741,-9.1675,193.090,ppo_car_spread_a_sampling
15.1402,-0.09881,0.0000,0.4180,-0.07014,0.07015,0.35010,-87.8,1.0000,-23.8185,0.4741,-9.1660,193.092,ppo_car_spread_a_sampling
15.1602,-0.01535,0.0675,0.0000,-0.08806,0.08808,0.45772,-87.8,1.0000,-23.8181,0.4741,-9.1642,193.091,ppo_car_spread_a_sampling
15.1802,0.04689,0.0675,0.0000,-0.08621,0.08621,0.09073,35.4,1.0000,-23.8177,0.4741,-9.1624,193.092,ppo_car_spread_a_sampling
15.2002,0.11293,0.0675,0.0000,-0.07557,0.07557,0.22711,35.4,1.0000,-23.8174,0.4741,-9.1609,193.090,ppo_car_spread_a_sampling
15.2202,0.18373,0.0675,0.0000,-0.07644,0.07645,0.24044,35.4,1.0000,-23.8170,0.4741,-9.1594,193.087,ppo_car_spread_a_sampling
15.2402,0.19081,0.1989,0.0000,-0.06530,0.06533,0.13888,35.4,1.0000,-23.8167,0.4741,-9.1582,193.083,ppo_car_spread_a_sampling
15.2602,0.19081,0.1989,0.0000,-0.04401,0.04403,0.37129,104.4,1.0000,-23.8165,0.4741,-9.1574,193.080,ppo_car_spread_a_sampling
15.2802,0.19081,0.1989,0.0000,-0.02591,0.02593,0.29441,104.4,1.0000,-23.8163,0.4741,-9.1569,193.078,ppo_car_spread_a_sampling
15.3002,0.19081,0.1989,0.0000,-0.00935,0.00936,0.33685,104.4,1.0000,-23.8163,0.4741,-9.1568,193.082,ppo_car_spread_a_sampling
15.3202,0.11143,0.2967,0.0000,0.01591,0.01593,0.26262,104.4,1.0000,-23.8164,0.4741,-9.1572,193.084,ppo_car_spread_a_sampling
15.3402,0.04617,0.2967,0.0000,0.04133,0.04135,0.23080,155.7,1.0000,-23.8167,0.4741,-9.1581,193.084,ppo_car_spread_a_sampling
15.3602,-0.05054,0.2967,0.0000,0.06836,0.06837,0.36823,155.7,1.0000,-23.8170,0.4741,-9.1596,193.082,ppo_car_spread_a_sampling
15.3802,-0.10878,0.2967,0.0000,0.10061,0.10061,0.08488,155.7,1.0000,-23.8175,0.4741,-9.1617,193.080,ppo_car_spread_a_sampling
15.4002,-0.03143,0.0000,0.5828,0.12954,0.12956,0.45853,155.7,1.0000,-23.8181,0.4741,-9.1643,193.080,ppo_car_spread_a_sampling
15.4202,0.04990,0.0000,0.5828,0.11933,0.11933,0.00000,0.0,1.0000,-23.8186,0.4741,-9.1668,193.076,ppo_car_spread_a_sampling
15.4402,0.12482,0.0000,0.5828,0.00259,0.00260,0.00000,0.0,1.0000,-23.8186,0.4741,-9.1667,193.076,ppo_car_spread_a_sampling
15.4602,0.15099,0.0000,0.5828,-0.01676,0.01676,0.39407,-122.4,1.0000,-23.8185,0.4741,-9.1664,193.079,ppo_car_spread_a_sampling
15.4802,0.07212,0.0000,0.4981,-0.04326,0.04328,0.07926,-122.4,1.0000,-23.8183,0.4741,-9.1655,193.079,ppo_car_spread_a_sampling
15.5002,-0.00534,0.0000,0.4981,-0.05894,0.05895,0.42396,-104.6,1.0000,-23.8180,0.4741,-9.1642,193.077,ppo_car_spread_a_sampling
15.5202,-0.08746,0.0000,0.4981,-0.08467,0.08467,0.24965,-104.6,1.0000,-23.8175,0.4741,-9.1625,193.076,ppo_car_spread_a_sampling
15.5402,-0.16440,0.0000,0.4981,-0.10358,0.10359,0.22531,-104.6,1.0000,-23.8171,0.4741,-9.1604,193.076,ppo_car_spread_a_sampling
15.5602,-0.09470,0.1036,0.0000,-0.11554,0.11559,0.44790,-104.6,1.0000,-23.8166,0.4741,-9.1580,193.079,ppo_car_spread_a_sampling
15.5802,-0.01442,0.1036,0.0000,-0.11421,0.11425,0.19903,54.4,1.0000,-23.8161,0.4741,-9.1557,193.083,ppo_car_spread_a_sampling
15.6002,0.06084,0.1036,0.0000,-0.09827,0.09828,0.42682,54.4,1.0000,-23.8157,0.4741,-9.1538,193.085,ppo_car_spread_a_sampling
15.6202,0.11967,0.1036,0.0000,-0.08902,0.08903,0.31742,54.4,1.0000,-23.8153,0.4741,-9.1520,193.086,ppo_car_spread_a_sampling
15.6402,0.19940,0.0000,0.1517,-0.08215,0.08216,0.29977,54.4,1.0000,-23.8149,0.4741,-9.1505,193.086,ppo_car_spread_a_sampling
15.6602,0.27600,0.0000,0.1517,-0.08446,0.08450,0.34969,-31.8,1.0000,-23.8144,0.4741,-9.1488,193.081,ppo_car_spread_a_sampling
15.6802,0.35175,0.0000,0.1517,-0.09374,0.09384,0.38785,-31.8,1.0000,-23.8139,0.4741,-9.1470,193.076,ppo_car_spread_a_sampling
15.7002,0.40937,0.0000,0.1517,-0.09342,0.09362,0.44063,-31.8,1.0000,-23.8134,0.4741,-9.1452,193.070,ppo_car_spread_a_sampling
15.7202,0.32581,0.5961,0.0000,-0.10322,0.10353,0.43499,-31.8,1.0000,-23.8128,0.4741,-9.1433,193.064,ppo_car_spread_a_sampling
15.7402,0.24524,0.5961,0.0000,-0.03987,0.04000,0.30575,312.9,1.0000,-23.8125,0.4741,-9.1426,193.058,ppo_car_spread_a_sampling
15.7602,0.17295,0.5961,0.0000,0.01505,0.01505,0.27639,312.9,1.0000,-23.8126,0.4741,-9.1430,193.059,ppo_car_spread_a_sampling
15.7802,0.09617,0.5961,0.0000,0.06633,0.06638,0.43274,312.9,1.0000,-23.8130,0.4741,-9.1444,193.060,ppo_car_spread_a_sampling
15.8002,0.03641,0.0000,0.8409,0.12539,0.12543,0.51353,312.9,1.0000,-23.8137,0.4741,-9.1470,193.062,ppo_car_spread_a_sampling
15.8202,-0.03482,0.0000,0.8409,0.14578,0.14579,0.00000,0.0,1.0000,-23.8144,0.4741,-9.1500,193.060,ppo_car_spread_a_sampling
15.8402,-0.03482,0.0000,0.8409,0.00255,0.00258,0.00000,0.0,1.0000,-23.8144,0.4741,-9.1500,193.061,ppo_car_spread_a_sampling
15.8602,-0.03482,0.0000,0.8409,-0.03230,0.03231,0.26564,-176.6,1.0000,-23.8143,0.4741,-9.1493,193.059,ppo_car_spread_a_sampling
15.8802,-0.10244,0.0000,0.7015,-0.06108,0.06108,0.45474,-176.6,1.0000,-23.8140,0.4741,-9.1481,193.062,ppo_car_spread_a_sampling
15.9002,-0.19965,0.0000,0.7015,-0.08348,0.08350,0.46488,-147.3,1.0000,-23.8136,0.4741,-9.1463,193.064,ppo_car_spread_a_sampling
15.9202,-0.21754,0.0000,0.7015,-0.12002,0.12010,0.14408,-147.3,1.0000,-23.8132,0.4741,-9.1439,193.070,ppo_car_spread_a_sampling
15.9402,-0.21754,0.0000,0.7015,-0.14528,0.14543,0.26628,-147.3,1.0000,-23.8126,0.4741,-9.1409,193.077,ppo_car_spread_a_sampling
15.9602,-0.29214,0.8409,0.0000,-0.17330,0.17349,0.17872,-147.3,1.0000,-23.8120,0.4741,-9.1374,193.084,ppo_car_spread_a_sampling
15.9802,-0.36723,0.8409,0.0000,-0.09003,0.09016,0.24785,441.5,1.0000,-23.8117,0.4741,-9.1356,193.087,ppo_car_spread_a_sampling
16.0002,-0.42585,0.8409,0.0000,-0.01521,0.01521,0.40178,441.5,1.0000,-23.8116,0.4741,-9.1353,193.089,ppo_car_spread_a_sampling
16.0202,-0.49533,0.8409,0.0000,0.07746,0.07786,0.17238,441.5,1.0000,-23.8118,0.4741,-9.1370,193.081,ppo_car_spread_a_sampling
16.0402,-0.57524,0.5887,0.0000,0.15076,0.15165,0.36387,441.5,1.0000,-23.8122,0.4741,-9.1402,193.065,ppo_car_spread_a_sampling
16.0602,-0.65241,0.5887,0.0000,0.20528,0.20681,0.48272,309.0,1.0000,-23.8126,0.4741,-9.1445,193.040,ppo_car_spread_a_sampling
16.0802,-0.72518,0.5887,0.0000,0.26248,0.26503,0.59562,309.0,1.0000,-23.8131,0.4741,-9.1500,193.008,ppo_car_spread_a_sampling
16.1002,-0.80343,0.5887,0.0000,0.32099,0.32473,0.23746,309.0,1.0000,-23.8135,0.4741,-9.1567,192.963,ppo_car_spread_a_sampling
16.1202,-0.74176,0.0000,0.1667,0.36628,0.37161,0.61761,309.0,1.0000,-23.8139,0.4741,-9.1644,192.905,ppo_car_spread_a_sampling
16.1402,-0.66366,0.0000,0.1667,0.22621,0.22996,0.38942,0.0,1.0000,-23.8141,0.4741,-9.1690,192.849,ppo_car_spread_a_sampling
16.1602,-0.58552,0.0000,0.1667,0.06980,0.07550,0.00000,0.0,1.0000,-23.8138,0.4741,-9.1703,192.767,ppo_car_spread_a_sampling
16.1802,-0.51072,0.0000,0.1667,0.06888,0.07072,0.38034,-35.0,1.0000,-23.8138,0.4741,-9.1715,192.732,ppo_car_spread_a_sampling
16.2002,-0.43324,0.0000,0.6133,0.06556,0.06635,0.35930,-35.0,1.0000,-23.8139,0.4741,-9.1727,192.719,ppo_car_spread_a_sampling
16.2202,-0.35939,0.0000,0.6133,0.04764,0.04806,0.29045,-128.8,1.0000,-23.8140,0.4741,-9.1735,192.707,ppo_car_spread_a_sampling
16.2402,-0.31519,0.0000,0.6133,0.02593,0.02615,0.34159,-128.8,1.0000,-23.8140,0.4741,-9.1739,192.705,ppo_car_spread_a_sampling
16.2602,-0.31519,0.0000,0.6133,-0.00669,0.00671,0.16155,-128.8,1.0000,-23.8140,0.4741,-9.1736,192.704,ppo_car_spread_a_sampling
16.2802,-0.23121,0.0000,0.0578,-0.02392,0.02394,0.23280,-128.8,1.0000,-23.8139,0.4741,-9.1730,192.707,ppo_car_spread_a_sampling
16.3002,-0.15179,0.0000,0.0578,-0.03146,0.03149,0.21256,-12.1,1.0000,-23.8138,0.4741,-9.1722,192.709,ppo_car_spread_a_sampling
16.3202,-0.07749,0.0000,0.0578,-0.02701,0.02702,0.38174,-12.1,1.0000,-23.8137,0.4741,-9.1716,192.707,ppo_car_spread_a_sampling
16.3402,-0.03709,0.0000,0.0578,-0.03332,0.03332,0.34993,-12.1,1.0000,-23.8136,0.4741,-9.1708,192.704,ppo_car_spread_a_sampling
16.3602,0.02605,0.0467,0.0000,-0.03954,0.03954,0.09281,-12.1,1.0000,-23.8135,0.4741,-9.1700,192.704,ppo_car_spread_a_sampling
16.3802,0.09960,0.0467,0.0000,-0.02659,0.02659,0.23074,24.5,1.0000,-23.8133,0.4741,-9.1694,192.704,ppo_car_spread_a_sampling
16.4002,0.15287,0.0467,0.0000,-0.03311,0.03312,0.32270,24.5,1.0000,-23.8132,0.4741,-9.1688,192.704,ppo_car_spread_a_sampling
16.4202,0.24680,0.0467,0.0000,-0.02465,0.02465,0.31968,24.5,1.0000,-23.8131,0.4741,-9.1683,192.705,ppo_car_spread_a_sampling
16.4402,0.16658,0.0330,0.0000,-0.02190,0.02193,0.25146,24.5,1.0000,-23.8130,0.4741,-9.1679,192.705,ppo_car_spread_a_sampling
16.4602,0.08641,0.0330,0.0000,-0.02082,0.02084,0.33599,17.3,1.0000,-23.8129,0.4741,-9.1675,192.702,ppo_car_spread_a_sampling
16.4802,0.01649,0.0330,0.0000,-0.01829,0.01830,0.34895,17.3,1.0000,-23.8128,0.4741,-9.1672,192.704,ppo_car_spread_a_sampling
16.5002,-0.02628,0.0330,0.0000,-0.00776,0.00776,0.34270,17.3,1.0000,-23.8128,0.4741,-9.1671,192.705,ppo_car_spread_a_sampling
16.5202,-0.09076,0.3178,0.0000,-0.00959,0.00959,0.35265,17.3,1.0000,-23.8127,0.4741,-9.1670,192.707,ppo_car_spread_a_sampling
16.5402,-0.16925,0.3178,0.0000,0.02243,0.02243,0.24231,166.8,1.0000,-23.8128,0.4741,-9.1675,192.706,ppo_car_spread_a_sampling
16.5602,-0.24811,0.3178,0.0000,0.05351,0.05354,0.40781,166.8,1.0000,-23.8131,0.4741,-9.1686,192.708,ppo_car_spread_a_sampling
16.5802,-0.30586,0.3178,0.0000,0.09021,0.09032,0.19884,166.8,1.0000,-23.8134,0.4741,-9.1705,192.706,ppo_car_spread_a_sampling
16.6002,-0.30216,0.0096,0.0000,0.12230,0.12252,0.14540,166.8,1.0000,-23.8138,0.4741,-9.1731,192.697,ppo_car_spread_a_sampling
16.6202,-0.30216,0.0096,0.0000,0.12018,0.12042,0.12784,5.0,1.0000,-23.8142,0.4741,-9.1756,192.691,ppo_car_spread_a_sampling
16.6402,-0.30216,0.0096,0.0000,0.11505,0.11530,0.45443,5.0,1.0000,-23.8145,0.4741,-9.1779,192.680,ppo_car_spread_a_sampling
16.6602,-0.30216,0.0096,0.0000,0.12348,0.12375,0.32224,5.0,1.0000,-23.8149,0.4741,-9.1804,192.674,ppo_car_spread_a_sampling
16.6802,-0.23252,0.0000,0.0786,0.11649,0.11673,0.44284,5.0,1.0000,-23.8153,0.4741,-9.1828,192.665,ppo_car_spread_a_sampling
16.7002,-0.14919,0.0000,0.0786,0.14128,0.14152,0.00000,0.0,1.0000,-23.8157,0.4741,-9.1856,192.661,ppo_car_spread_a_sampling
16.7202,-0.13335,0.0000,0.0786,0.00379,0.00596,0.00000,0.0,1.0000,-23.8156,0.4741,-9.1856,192.661,ppo_car_spread_a_sampling
16.7402,-0.13335,0.0000,0.0786,0.00267,0.00310,0.15773,-16.5,1.0000,-23.8156,0.4741,-9.1856,192.661,ppo_car_spread_a_sampling
16.7602,-0.19129,0.3435,0.0000,-0.00388,0.00389,0.18067,-16.5,1.0000,-23.8155,0.4741,-9.1854,192.662,ppo_car_spread_a_sampling
16.7802,-0.27667,0.3435,0.0000,0.03571,0.03574,0.26156,180.3,1.0000,-23.8156,0.4741,-9.1861,192.661,ppo_car_spread_a_sampling
16.8002,-0.35614,0.3435,0.0000,0.06284,0.06294,0.20928,180.3,1.0000,-23.8158,0.4741,-9.1873,192.658,ppo_car_spread_a_sampling
16.8202,-0.43801,0.3435,0.0000,0.09291,0.09317,0.46933,180.3,1.0000,-23.8161,0.4741,-9.1892,192.650,ppo_car_spread_a_sampling
16.8402,-0.37129,0.6033,0.0000,0.12725,0.12779,0.38309,180.3,1.0000,-23.8164,0.4741,-9.1918,192.643,ppo_car_spread_a_sampling
16.8602,-0.29484,0.6033,0.0000,0.19106,0.19174,0.24853,316.8,1.0000,-23.8169,0.4741,-9.1957,192.627,ppo_car_spread_a_sampling
16.8802,-0.23741,0.6033,0.0000,0.24371,0.24431,0.57229,316.8,1.0000,-23.8177,0.4741,-9.2006,192.613,ppo_car_spread_a_sampling
16.9002,-0.15880,0.6033,0.0000,0.30168,0.30218,0.63871,316.8,1.0000,-23.8187,0.4741,-9.2067,192.597,ppo_car_spread_a_sampling
16.9202,-0.18952,0.0000,0.3867,0.36263,0.36295,0.66419,316.8,1.0000,-23.8200,0.4741,-9.2140,192.585,ppo_car_spread_a_sampling
16.9402,-0.18952,0.0000,0.3867,0.27834,0.27854,0.51008,0.0,1.0000,-23.8210,0.4741,-9.2195,192.592,ppo_car_spread_a_sampling
16.9602,-0.18952,0.0000,0.3867,0.19181,0.19195,0.00000,0.0,1.0000,-23.8217,0.4741,-9.2232,192.595,ppo_car_spread_a_sampling
16.9802,-0.18952,0.0000,0.3867,0.00701,0.00885,0.00000,0.0,1.0000,-23.8216,0.4741,-9.2231,192.596,ppo_car_spread_a_sampling
17.0002,-0.10053,0.0000,0.1477,-0.00749,0.00763,0.08427,-81.2,1.0000,-23.8215,0.4741,-9.2228,192.596,ppo_car_spread_a_sampling
17.0202,-0.05376,0.0000,0.1477,-0.01774,0.01774,0.34053,-31.0,1.0000,-23.8214,0.4741,-9.2222,192.598,ppo_car_spread_a_sampling
17.0402,-0.05376,0.0000,0.1477,-0.01747,0.01747,0.30527,-31.0,1.0000,-23.8213,0.4741,-9.2217,192.598,ppo_car_spread_a_sampling
17.0602,-0.05376,0.0000,0.1477,-0.03013,0.03013,0.28360,-31.0,1.0000,-23.8211,0.4741,-9.2210,192.600,ppo_car_spread_a_sampling
17.0802,-0.15296,0.0000,0.0899,-0.03127,0.03127,0.12934,-31.0,1.0000,-23.8210,0.4741,-9.2203,192.601,ppo_car_spread_a_sampling
17.1002,-0.21919,0.0000,0.0899,-0.03620,0.03621,0.27192,-18.9,1.0000,-23.8208,0.4741,-9.2195,192.601,ppo_car_spread_a_sampling
17.1202,-0.29989,0.0000,0.0899,-0.03441,0.03443,0.36421,-18.9,1.0000,-23.8207,0.4741,-9.2188,192.604,ppo_car_spread_a_sampling
17.1402,-0.36004,0.0000,0.0899,-0.04657,0.04664,0.24636,-18.9,1.0000,-23.8206,0.4741,-9.2178,192.605,ppo_car_spread_a_sampling
17.1602,-0.43291,0.1706,0.0000,-0.04199,0.04207,0.36264,-18.9,1.0000,-23.8204,0.4741,-9.2169,192.604,ppo_car_spread_a_sampling
17.1802,-0.51394,0.1706,0.0000,-0.03008,0.03013,0.27812,89.6,1.0000,-23.8203,0.4741,-9.2164,192.604,ppo_car_spread_a_sampling
17.2002,-0.58995,0.1706,0.0000,-0.01394,0.01411,0.34891,89.6,1.0000,-23.8203,0.4741,-9.2161,192.606,ppo_car_spread_a_sampling
17.2202,-0.61800,0.1706,0.0000,0.00375,0.00375,0.36856,89.6,1.0000,-23.8204,0.4741,-9.2163,192.606,ppo_car_spread_a_sampling
17.2402,-0.70734,0.0111,0.0000,0.01467,0.01485,0.29220,89.6,1.0000,-23.8204,0.4741,-9.2166,192.603,ppo_car_spread_a_sampling
17.2602,-0.78291,0.0111,0.0000,0.01961,0.01973,0.36241,5.8,1.0000,-23.8204,0.4741,-9.2171,192.602,ppo_car_spread_a_sampling
17.2802,-0.85628,0.0111,0.0000,0.02412,0.02469,0.31165,5.8,1.0000,-23.8205,0.4741,-9.2177,192.599,ppo_car_spread_a_sampling
17.3002,-0.93546,0.0111,0.0000,0.02045,0.02077,0.34782,5.8,1.0000,-23.8205,0.4741,-9.2182,192.600,ppo_car_spread_a_sampling
17.3202,-0.87757,0.2388,0.0000,0.01727,0.01766,0.39326,5.8,1.0000,-23.8205,0.4741,-9.2186,192.595,ppo_car_spread_a_sampling
17.3402,-0.79474,0.2388,0.0000,0.04591,0.04661,0.43289,125.4,1.0000,-23.8205,0.4741,-9.2196,192.585,ppo_car_spread_a_sampling
17.3602,-0.71456,0.2388,0.0000,0.07019,0.07133,0.12355,125.4,1.0000,-23.8206,0.4741,-9.2211,192.573,ppo_car_spread_a_sampling
17.3802,-0.65649,0.2388,0.0000,0.09473,0.09599,0.15598,125.4,1.0000,-23.8207,0.4741,-9.2231,192.560,ppo_car_spread_a_sampling
17.4002,-0.57880,0.3423,0.0000,0.11560,0.11688,0.20390,125.4,1.0000,-23.8209,0.4741,-9.2256,192.546,ppo_car_spread_a_sampling
17.4202,-0.50327,0.3423,0.0000,0.14708,0.14841,0.29645,179.7,1.0000,-23.8211,0.4741,-9.2286,192.529,ppo_car_spread_a_sampling
17.4402,-0.42615,0.3423,0.0000,0.17638,0.17768,0.52091,179.7,1.0000,-23.8215,0.4741,-9.2323,192.512,ppo_car_spread_a_sampling
17.4602,-0.34569,0.3423,0.0000,0.21394,0.21498,0.51814,179.7,1.0000,-23.8220,0.4741,-9.2367,192.494,ppo_car_spread_a_sampling
17.4802,-0.28168,0.0000,0.2727,0.24716,0.24804,0.53763,179.7,1.0000,-23.8227,0.4741,-9.2417,192.478,ppo_car_spread_a_sampling
17.5002,-0.19632,0.0000,0.2727,0.19493,0.19547,0.00000,0.0,1.0000,-23.8232,0.4741,-9.2456,192.474,ppo_car_spread_a_sampling
17.5202,-0.14485,0.0000,0.2727,0.00555,0.00985,0.00000,0.0,1.0000,-23.8231,0.4741,-9.2455,192.475,ppo_car_spread_a_sampling
17.5402,-0.12944,0.0000,0.2727,-0.00457,0.00520,0.18180,-57.3,1.0000,-23.8230,0.4741,-9.2453,192.477,ppo_car_spread_a_sampling
17.5602,-0.13911,0.0000,0.2875,-0.01283,0.01285,0.39413,-57.3,1.0000,-23.8229,0.4741,-9.2449,192.477,ppo_car_spread_a_sampling
17.5802,-0.13911,0.0000,0.2875,-0.02961,0.02962,0.21083,-60.4,1.0000,-23.8228,0.4741,-9.2442,192.479,ppo_car_spread_a_sampling
17.6002,-0.13911,0.0000,0.2875,-0.03368,0.03369,0.38807,-60.4,1.0000,-23.8226,0.4741,-9.2434,192.478,ppo_car_spread_a_sampling
17.6202,-0.13911,0.0000,0.2875,-0.04197,0.04198,0.39179,-60.4,1.0000,-23.8225,0.4741,-9.2425,192.480,ppo_car_spread_a_sampling
17.6402,-0.21911,0.0000,0.0236,-0.06071,0.06073,0.16684,-60.4,1.0000,-23.8222,0.4741,-9.2412,192.480,ppo_car_spread_a_sampling
17.6602,-0.30043,0.0000,0.0236,-0.06074,0.06080,0.41111,-5.0,1.0000,-23.8220,0.4741,-9.2399,192.483,ppo_car_spread_a_sampling
17.6802,-0.36149,0.0000,0.0236,-0.06761,0.06773,0.23728,-5.0,1.0000,-23.8218,0.4741,-9.2385,192.487,ppo_car_spread_a_sampling
17.7002,-0.42572,0.0000,0.0236,-0.06222,0.06237,0.19410,-5.0,1.0000,-23.8216,0.4741,-9.2372,192.493,ppo_car_spread_a_sampling
17.7202,-0.32892,0.0000,0.0017,-0.06169,0.06183,0.40607,-5.0,1.0000,-23.8215,0.4741,-9.2360,192.498,ppo_car_spread_a_sampling
17.7402,-0.31503,0.0000,0.0017,-0.06186,0.06202,0.37199,-0.4,1.0000,-23.8213,0.4741,-9.2347,192.501,ppo_car_spread_a_sampling
17.7602,-0.31503,0.0000,0.0017,-0.05959,0.05974,0.22580,-0.4,1.0000,-23.8211,0.4741,-9.2336,192.505,ppo_car_spread_a_sampling
17.7802,-0.31503,0.0000,0.0017,-0.07095,0.07113,0.25495,-0.4,1.0000,-23.8209,0.4741,-9.2322,192.509,ppo_car_spread_a_sampling
17.8002,-0.23560,0.1610,0.0000,-0.06429,0.06444,0.16868,-0.4,1.0000,-23.8207,0.4741,-9.2309,192.511,ppo_car_spread_a_sampling
17.8202,-0.17669,0.1610,0.0000,-0.04657,0.04664,0.35120,84.5,1.0000,-23.8206,0.4741,-9.2300,192.514,ppo_car_spread_a_sampling
17.8402,-0.10446,0.1610,0.0000,-0.03728,0.03732,0.29661,84.5,1.0000,-23.8205,0.4741,-9.2294,192.512,ppo_car_spread_a_sampling
17.8602,-0.02025,0.1610,0.0000,-0.01680,0.01681,0.34385,84.5,1.0000,-23.8204,0.4741,-9.2291,192.511,ppo_car_spread_a_sampling
17.8802,0.06187,0.0748,0.0000,-0.00100,0.00103,0.36165,84.5,1.0000,-23.8204,0.4741,-9.2292,192.515,ppo_car_spread_a_sampling
17.9002,0.12002,0.0748,0.0000,0.00773,0.00773,0.28498,39.3,1.0000,-23.8205,0.4741,-9.2294,192.515,ppo_car_spread_a_sampling
17.9202,0.19465,0.0748,0.0000,0.01014,0.01016,0.37302,39.3,1.0000,-23.8205,0.4741,-9.2297,192.514,ppo_car_spread_a_sampling
17.9402,0.27978,0.0748,0.0000,0.02489,0.02490,0.30490,39.3,1.0000,-23.8207,0.4741,-9.2302,192.512,ppo_car_spread_a_sampling
17.9602,0.21347,0.3572,0.0000,0.02190,0.02194,0.24397,39.3,1.0000,-23.8208,0.4741,-9.2307,192.513,ppo_car_spread_a_sampling
17.9802,0.13619,0.3572,0.0000,0.06446,0.06455,0.42289,187.5,1.0000,-23.8212,0.4741,-9.2320,192.519,ppo_car_spread_a_sampling
18.0002,0.06793,0.3572,0.0000,0.09755,0.09761,0.20493,187.5,1.0000,-23.8217,0.4741,-9.2340,192.521,ppo_car_spread_a_sampling
18.0202,0.06793,0.3572,0.0000,0.12764,0.12767,0.40643,187.5,1.0000,-23.8223,0.4741,-9.2366,192.524,ppo_car_spread_a_sampling
18.0402,0.02052,0.0000,0.5438,0.16362,0.16364,0.45164,187.5,1.0000,-23.8231,0.4741,-9.2399,192.526,ppo_car_spread_a_sampling
18.0602,0.02052,0.0000,0.5438,0.17613,0.17614,0.00000,0.0,1.0000,-23.8239,0.4741,-9.2434,192.529,ppo_car_spread_a_sampling
18.0802,0.02052,0.0000,0.5438,0.00460,0.00469,0.00000,0.0,1.0000,-23.8239,0.4741,-9.2434,192.531,ppo_car_spread_a_sampling
18.1002,0.02052,0.0000,0.5438,-0.01146,0.01146,0.39076,-114.2,1.0000,-23.8238,0.4741,-9.2431,192.531,ppo_car_spread_a_sampling
18.1202,0.09089,0.0000,0.2815,-0.03768,0.03768,0.29853,-114.2,1.0000,-23.8236,0.4741,-9.2422,192.533,ppo_car_spread_a_sampling
18.1402,0.18602,0.0000,0.2815,-0.04593,0.04593,0.34821,-59.1,1.0000,-23.8234,0.4741,-9.2412,192.532,ppo_car_spread_a_sampling
18.1602,0.25367,0.0000,0.2815,-0.06299,0.06302,0.21849,-59.1,1.0000,-23.8230,0.4741,-9.2399,192.531,ppo_car_spread_a_sampling
18.1802,0.33244,0.0000,0.2815,-0.06647,0.06654,0.21297,-59.1,1.0000,-23.8226,0.4741,-9.2385,192.528,ppo_car_spread_a_sampling
18.2002,0.26683,0.0000,0.5753,-0.08047,0.08062,0.42939,-59.1,1.0000,-23.8222,0.4741,-9.2369,192.524,ppo_car_spread_a_sampling
18.2202,0.18620,0.0000,0.5753,-0.10120,0.10139,0.37708,-120.8,1.0000,-23.8216,0.4741,-9.2348,192.519,ppo_car_spread_a_sampling
18.2402,0.10325,0.0000,0.5753,-0.12645,0.12658,0.17230,-120.8,1.0000,-23.8209,0.4741,-9.2323,192.512,ppo_car_spread_a_sampling
18.2602,0.04031,0.0000,0.5753,-0.14319,0.14326,0.46716,-120.8,1.0000,-23.8202,0.4741,-9.2294,192.509,ppo_car_spread_a_sampling
18.2802,-0.02331,0.0000,0.2172,-0.16859,0.16861,0.38419,-120.8,1.0000,-23.8194,0.4741,-9.2261,192.505,ppo_car_spread_a_sampling
18.3002,-0.10198,0.0000,0.2172,-0.18240,0.18240,0.17047,-45.6,1.0000,-23.8186,0.4741,-9.2224,192.506,ppo_car_spread_a_sampling
18.3202,-0.16922,0.0000,0.2172,-0.19009,0.19010,0.20974,-45.6,1.0000,-23.8178,0.4741,-9.2187,192.508,ppo_car_spread_a_sampling
18.3402,-0.16922,0.0000,0.2172,-0.19580,0.19587,0.32730,-45.6,1.0000,-23.8170,0.4741,-9.2148,192.511,ppo_car_spread_a_sampling
18.3602,-0.23564,0.5098,0.0000,-0.20175,0.20185,0.37485,-45.6,1.0000,-23.8163,0.4741,-9.2108,192.515,ppo_car_spread_a_sampling
18.3802,-0.31419,0.5098,0.0000,-0.15679,0.15691,0.41094,267.7,1.0000,-23.8158,0.4741,-9.2078,192.521,ppo_car_spread_a_sampling
18.4002,-0.39123,0.5098,0.0000,-0.10289,0.10302,0.39680,267.7,1.0000,-23.8155,0.4741,-9.2058,192.524,ppo_car_spread_a_sampling
18.4202,-0.45726,0.5098,0.0000,-0.05953,0.05966,0.22719,267.7,1.0000,-23.8153,0.4741,-9.2048,192.528,ppo_car_spread_a_sampling
18.4402,-0.37242,0.2010,0.0000,-0.00694,0.00694,0.30466,267.7,1.0000,-23.8153,0.4741,-9.2048,192.524,ppo_car_spread_a_sampling
18.4602,-0.32476,0.2010,0.0000,0.01494,0.01504,0.30996,105.5,1.0000,-23.8154,0.4741,-9.2053,192.521,ppo_car_spread_a_sampling
18.4802,-0.32476,0.2010,0.0000,0.02746,0.02754,0.36678,105.5,1.0000,-23.8155,0.4741,-9.2060,192.519,ppo_car_spread_a_sampling
18.5002,-0.32476,0.2010,0.0000,0.05610,0.05624,0.22624,105.5,1.0000,-23.8157,0.4741,-9.2072,192.513,ppo_car_spread_a_sampling
18.5202,-0.25240,0.0000,0.0614,0.06778,0.06799,0.43554,105.5,1.0000,-23.8159,0.4741,-9.2087,192.510,ppo_car_spread_a_sampling
18.5402,-0.17340,0.0000,0.0614,0.06990,0.07004,0.24922,-12.9,1.0000,-23.8161,0.4741,-9.2102,192.508,ppo_car_spread_a_sampling
18.5602,-0.11659,0.0000,0.0614,0.06467,0.06475,0.32346,-12.9,1.0000,-23.8164,0.4741,-9.2115,192.505,ppo_car_spread_a_sampling
18.5802,-0.10277,0.0000,0.0614,0.07575,0.07580,0.27259,-12.9,1.0000,-23.8166,0.4741,-9.2131,192.503,ppo_car_spread_a_sampling
18.6002,-0.18817,0.0000,0.0411,0.06614,0.06617,0.39056,-12.9,1.0000,-23.8169,0.4741,-9.2144,192.499,ppo_car_spread_a_sampling
18.6202,-0.25234,0.0000,0.0411,0.05973,0.05977,0.14390,-8.6,1.0000,-23.8171,0.4741,-9.2156,192.496,ppo_car_spread_a_sampling
18.6402,-0.25234,0.0000,0.0411,0.06633,0.06641,0.27249,-8.6,1.0000,-23.8173,0.4741,-9.2169,192.494,ppo_car_spread_a_sampling
18.6602,-0.25234,0.0000,0.0411,0.05618,0.05626,0.15865,-8.6,1.0000,-23.8175,0.4741,-9.2180,192.491,ppo_car_spread_a_sampling
18.6802,-0.16999,0.2044,0.0000,0.05930,0.05937,0.25689,-8.6,1.0000,-23.8177,0.4741,-9.2191,192.489,ppo_car_spread_a_sampling
18.7002,-0.12990,0.2044,0.0000,0.07387,0.07394,0.32066,107.3,1.0000,-23.8180,0.4741,-9.2205,192.488,ppo_car_spread_a_sampling
18.7202,-0.12990,0.2044,0.0000,0.09620,0.09624,0.18776,107.3,1.0000,-23.8183,0.4741,-9.2224,192.485,ppo_car_spread_a_sampling
18.7402,-0.12990,0.2044,0.0000,0.11669,0.11674,0.29480,107.3,1.0000,-23.8187,0.4741,-9.2247,192.481,ppo_car_spread_a_sampling
18.7602,-0.14673,0.0000,0.4689,0.13883,0.13888,0.19969,107.3,1.0000,-23.8193,0.4741,-9.2274,192.479,ppo_car_spread_a_sampling
18.7802,-0.14673,0.0000,0.4689,0.13356,0.13362,0.00000,0.0,1.0000,-23.8198,0.4741,-9.2300,192.472,ppo_car_spread_a_sampling
18.8002,-0.14673,0.0000,0.4689,0.00465,0.00551,0.00000,0.0,1.0000,-23.8197,0.4741,-9.2300,192.473,ppo_car_spread_a_sampling
18.8202,-0.14673,0.0000,0.4689,-0.01332,0.01334,0.35901,-98.5,1.0000,-23.8196,0.4741,-9.2296,192.471,ppo_car_spread_a_sampling
18.8402,-0.17649,0.7980,0.0000,-0.02612,0.02612,0.37415,-98.5,1.0000,-23.8195,0.4741,-9.2289,192.475,ppo_car_spread_a_sampling
18.8602,-0.17649,0.7980,0.0000,0.04696,0.04699,0.21812,419.0,1.0000,-23.8196,0.4741,-9.2298,192.471,ppo_car_spread_a_sampling
18.8802,-0.17649,0.7980,0.0000,0.12211,0.12221,0.43387,419.0,1.0000,-23.8201,0.4741,-9.2322,192.464,ppo_car_spread_a_sampling
18.9002,-0.17649,0.7980,0.0000,0.20061,0.20076,0.56215,419.0,1.0000,-23.8208,0.4741,-9.2363,192.459,ppo_car_spread_a_sampling
18.9202,-0.10994,0.0000,0.0827,0.27454,0.27474,0.62385,419.0,1.0000,-23.8218,0.4741,-9.2418,192.447,ppo_car_spread_a_sampling
18.9402,-0.00869,0.0000,0.0827,0.19834,0.19842,0.00000,0.0,1.0000,-23.8225,0.4741,-9.2458,192.448,ppo_car_spread_a_sampling
18.9602,0.02012,0.0000,0.0827,0.00587,0.00634,0.00000,0.0,1.0000,-23.8225,0.4741,-9.2457,192.449,ppo_car_spread_a_sampling
18.9802,0.02012,0.0000,0.0827,-0.00035,0.00093,0.34929,-17.4,1.0000,-23.8224,0.4741,-9.2456,192.452,ppo_car_spread_a_sampling
19.0002,-0.06124,0.2208,0.0000,0.00296,0.00298,0.19300,-17.4,1.0000,-23.8224,0.4741,-9.2455,192.453,ppo_car_spread_a_sampling
19.0202,-0.13101,0.2208,0.0000,0.02291,0.02291,0.18277,115.9,1.0000,-23.8225,0.4741,-9.2459,192.455,ppo_car_spread_a_sampling
19.0403,-0.20405,0.2208,0.0000,0.04017,0.04018,0.26898,115.9,1.0000,-23.8227,0.4741,-9.2467,192.456,ppo_car_spread_a_sampling
19.0603,-0.27634,0.2208,0.0000,0.06243,0.06248,0.22291,115.9,1.0000,-23.8229,0.4741,-9.2479,192.453,ppo_car_spread_a_sampling
19.0803,-0.19250,0.0000,0.3431,0.08483,0.08494,0.21305,115.9,1.0000,-23.8232,0.4741,-9.2496,192.449,ppo_car_spread_a_sampling
19.1003,-0.11750,0.0000,0.3431,0.06842,0.06850,0.36786,-72.0,1.0000,-23.8234,0.4741,-9.2510,192.448,ppo_car_spread_a_sampling
19.1203,-0.06195,0.0000,0.3431,0.05711,0.05715,0.40360,-72.0,1.0000,-23.8236,0.4741,-9.2521,192.446,ppo_car_spread_a_sampling
19.1403,0.00552,0.0000,0.3431,0.04895,0.04897,0.30410,-72.0,1.0000,-23.8238,0.4741,-9.2530,192.446,ppo_car_spread_a_sampling
19.1603,-0.08060,0.0000,0.2663,0.03871,0.03871,0.30868,-72.0,1.0000,-23.8240,0.4741,-9.2538,192.448,ppo_car_spread_a_sampling
19.1803,-0.13218,0.0000,0.2663,0.02176,0.02176,0.32525,-55.9,1.0000,-23.8240,0.4741,-9.2542,192.447,ppo_car_spread_a_sampling
19.2003,-0.21828,0.0000,0.2663,0.01197,0.01197,0.19542,-55.9,1.0000,-23.8241,0.4741,-9.2544,192.448,ppo_car_spread_a_sampling
19.2203,-0.25400,0.0000,0.2663,0.00158,0.00159,0.30147,-55.9,1.0000,-23.8241,0.4741,-9.2544,192.451,ppo_car_spread_a_sampling
19.2403,-0.27716,0.0000,0.3128,-0.00449,0.00450,0.35718,-55.9,1.0000,-23.8241,0.4741,-9.2543,192.451,ppo_car_spread_a_sampling
19.2603,-0.27716,0.0000,0.3128,-0.01868,0.01874,0.23876,-65.7,1.0000,-23.8240,0.4741,-9.2539,192.451,ppo_car_spread_a_sampling
19.2803,-0.27716,0.0000,0.3128,-0.03676,0.03681,0.20697,-65.7,1.0000,-23.8239,0.4741,-9.2532,192.451,ppo_car_spread_a_sampling
19.3003,-0.27716,0.0000,0.3128,-0.04505,0.04513,0.36563,-65.7,1.0000,-23.8238,0.4741,-9.2523,192.457,ppo_car_spread_a_sampling
19.3203,-0.34503,0.5824,0.0000,-0.05239,0.05248,0.41509,-65.7,1.0000,-23.8236,0.4741,-9.2512,192.462,ppo_car_spread_a_sampling
19.3403,-0.40801,0.5824,0.0000,-0.00688,0.00690,0.39020,305.8,1.0000,-23.8236,0.4741,-9.2511,192.463,ppo_car_spread_a_sampling
19.3603,-0.48866,0.5824,0.0000,0.05657,0.05678,0.20204,305.8,1.0000,-23.8237,0.4741,-9.2524,192.458,ppo_car_spread_a_sampling
19.3803,-0.56308,0.5824,0.0000,0.11059,0.11117,0.32185,305.8,1.0000,-23.8240,0.4741,-9.2547,192.449,ppo_car_spread_a_sampling
19.4003,-0.50265,0.0000,0.0230,0.16818,0.16933,0.20385,305.8,1.0000,-23.8243,0.4741,-9.2582,192.430,ppo_car_spread_a_sampling
19.4203,-0.40906,0.0000,0.0230,0.16726,0.16839,0.00000,0.0,1.0000,-23.8247,0.4741,-9.2617,192.410,ppo_car_spread_a_sampling
19.4403,-0.35065,0.0000,0.0230,0.00212,0.01021,0.00000,0.0,1.0000,-23.8245,0.4741,-9.2617,192.411,ppo_car_spread_a_sampling
19.4603,-0.25576,0.0000,0.0230,-0.00442,0.00521,0.35691,-4.8,1.0000,-23.8244,0.4741,-9.2616,192.414,ppo_car_spread_a_sampling
19.4803,-0.19940,0.0000,0.0474,-0.00076,0.00113,0.17868,-4.8,1.0000,-23.8244,0.4741,-9.2616,192.414,ppo_car_spread_a_sampling
19.5003,-0.12295,0.0000,0.0474,0.00405,0.00408,0.33883,-10.0,1.0000,-23.8244,0.4741,-9.2616,192.414,ppo_car_spread_a_sampling
19.5203,-0.04751,0.0000,0.0474,-0.00137,0.00137,0.32717,-10.0,1.0000,-23.8244,0.4741,-9.2616,192.413,ppo_car_spread_a_sampling
19.5403,0.02504,0.0000,0.0474,-0.00456,0.00456,0.16267,-10.0,1.0000,-23.8243,0.4741,-9.2615,192.415,ppo_car_spread_a_sampling
19.5603,-0.05634,0.0000,0.3358,-0.01182,0.01182,0.33744,-10.0,1.0000,-23.8243,0.4741,-9.2612,192.414,ppo_car_spread_a_sampling
19.5803,-0.07891,0.0000,0.3358,-0.01997,0.01997,0.18296,-70.5,1.0000,-23.8242,0.4741,-9.2608,192.412,ppo_car_spread_a_sampling
19.6003,-0.07891,0.0000,0.3358,-0.02758,0.02758,0.40543,-70.5,1.0000,-23.8241,0.4741,-9.2602,192.411,ppo_car_spread_a_sampling
19.6203,-0.07891,0.0000,0.3358,-0.03929,0.03929,0.41826,-70.5,1.0000,-23.8239,0.4741,-9.2594,192.411,ppo_car_spread_a_sampling
19.6403,-0.14775,0.2443,0.0000,-0.06422,0.06423,0.25326,-70.5,1.0000,-23.8237,0.4741,-9.2581,192.412,ppo_car_spread_a_sampling
19.6603,-0.22767,0.2443,0.0000,-0.03796,0.03797,0.36887,128.2,1.0000,-23.8235,0.4741,-9.2573,192.410,ppo_car_spread_a_sampling
19.6803,-0.29961,0.2443,0.0000,-0.01198,0.01198,0.30580,128.2,1.0000,-23.8235,0.4741,-9.2571,192.414,ppo_car_spread_a_sampling
19.7003,-0.37557,0.2443,0.0000,0.00972,0.00973,0.37920,128.2,1.0000,-23.8235,0.4741,-9.2573,192.415,ppo_car_spread_a_sampling
19.7203,-0.31299,0.2715,0.0000,0.03013,0.03022,0.40390,128.2,1.0000,-23.8236,0.4741,-9.2580,192.412,ppo_car_spread_a_sampling
19.7403,-0.22726,0.2715,0.0000,0.06184,0.06201,0.23141,142.5,1.0000,-23.8238,0.4741,-9.2593,192.407,ppo_car_spread_a_sampling
19.7603,-0.15253,0.2715,0.0000,0.08702,0.08715,0.17061,142.5,1.0000,-23.8241,0.4741,-9.2611,192.404,ppo_car_spread_a_sampling
19.7803,-0.08105,0.2715,0.0000,0.11676,0.11685,0.12535,142.5,1.0000,-23.8245,0.4741,-9.2635,192.399,ppo_car_spread_a_sampling
19.8003,-0.14642,0.0000,0.3140,0.14110,0.14114,0.31453,142.5,1.0000,-23.8251,0.4741,-9.2664,192.397,ppo_car_spread_a_sampling
19.8203,-0.22476,0.0000,0.3140,0.15687,0.15693,0.00000,0.0,1.0000,-23.8257,0.4741,-9.2695,192.392,ppo_car_spread_a_sampling
19.8403,-0.28010,0.0000,0.3140,0.00356,0.00541,0.00000,0.0,1.0000,-23.8256,0.4741,-9.2695,192.393,ppo_car_spread_a_sampling
19.8603,-0.36070,0.0000,0.3140,-0.01300,0.01300,0.31237,-66.0,1.0000,-23.8255,0.4741,-9.2692,192.397,ppo_car_spread_a_sampling
19.8803,-0.30967,0.1044,0.0000,-0.01335,0.01336,0.39291,-66.0,1.0000,-23.8255,0.4741,-9.2689,192.401,ppo_car_spread_a_sampling
19.9003,-0.30967,0.1044,0.0000,-0.00763,0.00763,0.34944,54.8,1.0000,-23.8254,0.4741,-9.2687,192.403,ppo_car_spread_a_sampling
19.9203,-0.30967,0.1044,0.0000,-0.00198,0.00201,0.34090,54.8,1.0000,-23.8254,0.4741,-9.2686,192.404,ppo_car_spread_a_sampling
19.9403,-0.30967,0.1044,0.0000,0.01207,0.01208,0.32495,54.8,1.0000,-23.8254,0.4741,-9.2688,192.404,ppo_car_spread_a_sampling
19.9603,-0.23147,0.0000,0.1978,0.01786,0.01789,0.33483,54.8,1.0000,-23.8255,0.4741,-9.2691,192.403,ppo_car_spread_a_sampling
19.9803,-0.15571,0.0000,0.1978,0.00780,0.00781,0.35365,-41.5,1.0000,-23.8255,0.4741,-9.2693,192.405,ppo_car_spread_a_sampling
20.0003,-0.09430,0.0000,0.1978,0.00457,0.00459,0.34251,-41.5,1.0000,-23.8255,0.4741,-9.2693,192.405,ppo_car_spread_a_sampling
20.0203,-0.03908,0.0000,0.1978,-0.00221,0.00221,0.15238,-41.5,1.0000,-23.8255,0.4741,-9.2693,192.406,ppo_car_spread_a_sampling
20.0403,-0.12283,0.0000,0.1521,-0.00944,0.00945,0.20421,-41.5,1.0000,-23.8255,0.4741,-9.2691,192.406,ppo_car_spread_a_sampling
20.0603,-0.13657,0.0000,0.1521,-0.01762,0.01762,0.18448,-31.9,1.0000,-23.8254,0.4741,-9.2687,192.408,ppo_car_spread_a_sampling
20.0803,-0.13657,0.0000,0.1521,-0.01713,0.01713,0.39436,-31.9,1.0000,-23.8253,0.4741,-9.2683,192.412,ppo_car_spread_a_sampling
20.1003,-0.13657,0.0000,0.1521,-0.02505,0.02506,0.39257,-31.9,1.0000,-23.8252,0.4741,-9.2678,192.418,ppo_car_spread_a_sampling
20.1203,-0.11690,0.0000,0.0022,-0.04059,0.04060,0.23000,-31.9,1.0000,-23.8251,0.4741,-9.2670,192.419,ppo_car_spread_a_sampling
20.1403,-0.11690,0.0000,0.0022,-0.03763,0.03764,0.17329,-0.5,1.0000,-23.8249,0.4741,-9.2662,192.422,ppo_car_spread_a_sampling
20.1603,-0.11690,0.0000,0.0022,-0.03259,0.03260,0.35198,-0.5,1.0000,-23.8248,0.4741,-9.2656,192.428,ppo_car_spread_a_sampling
20.1803,-0.11690,0.0000,0.0022,-0.03688,0.03689,0.29067,-0.5,1.0000,-23.8247,0.4741,-9.2649,192.427,ppo_car_spread_a_sampling
20.2003,-0.10754,0.0000,0.0541,-0.03608,0.03609,0.22156,-0.5,1.0000,-23.8245,0.4741,-9.2642,192.432,ppo_car_spread_a_sampling
20.2203,-0.10754,0.0000,0.0541,-0.04302,0.04303,0.28962,-11.4,1.0000,-23.8244,0.4741,-9.2633,192.434,ppo_car_spread_a_sampling
20.2403,-0.10754,0.0000,0.0541,-0.04287,0.04288,0.38671,-11.4,1.0000,-23.8242,0.4741,-9.2625,192.439,ppo_car_spread_a_sampling
20.2603,-0.10754,0.0000,0.0541,-0.04627,0.04629,0.28096,-11.4,1.0000,-23.8240,0.4741,-9.2616,192.440,ppo_car_spread_a_sampling
20.2803,-0.17531,0.0794,0.0000,-0.04546,0.04547,0.13128,-11.4,1.0000,-23.8239,0.4741,-9.2607,192.442,ppo_car_spread_a_sampling
20.3003,-0.20933,0.0794,0.0000,-0.03994,0.03996,0.12671,41.7,1.0000,-23.8237,0.4741,-9.2600,192.443,ppo_car_spread_a_sampling
20.3203,-0.20933,0.0794,0.0000,-0.02538,0.02539,0.24704,41.7,1.0000,-23.8236,0.4741,-9.2595,192.444,ppo_car_spread_a_sampling
20.3403,-0.20933,0.0794,0.0000,-0.01289,0.01290,0.37595,41.7,1.0000,-23.8236,0.4741,-9.2593,192.443,ppo_car_spread_a_sampling
20.3603,-0.28944,0.2472,0.0000,-0.01819,0.01821,0.30825,41.7,1.0000,-23.8235,0.4741,-9.2590,192.443,ppo_car_spread_a_sampling
20.3803,-0.35477,0.2472,0.0000,0.00820,0.00822,0.23271,129.8,1.0000,-23.8236,0.4741,-9.2592,192.442,ppo_car_spread_a_sampling
20.4003,-0.42487,0.2472,0.0000,0.03954,0.03967,0.23172,129.8,1.0000,-23.8237,0.4741,-9.2600,192.441,ppo_car_spread_a_sampling
20.4203,-0.46322,0.2472,0.0000,0.06097,0.06120,0.21970,129.8,1.0000,-23.8238,0.4741,-9.2613,192.439,ppo_car_spread_a_sampling
20.4403,-0.40383,0.0217,0.0000,0.07838,0.07883,0.43130,129.8,1.0000,-23.8240,0.4741,-9.2630,192.430,ppo_car_spread_a_sampling
20.4603,-0.32011,0.0217,0.0000,0.08410,0.08447,0.33958,11.4,1.0000,-23.8242,0.4741,-9.2647,192.424,ppo_car_spread_a_sampling
20.4803,-0.24581,0.0217,0.0000,0.09162,0.09189,0.20285,11.4,1.0000,-23.8245,0.4741,-9.2666,192.421,ppo_car_spread_a_sampling
20.5003,-0.16814,0.0217,0.0000,0.08989,0.09007,0.24182,11.4,1.0000,-23.8248,0.4741,-9.2684,192.418,ppo_car_spread_a_sampling
20.5203,-0.10698,0.3460,0.0000,0.09435,0.09444,0.18273,11.4,1.0000,-23.8251,0.4741,-9.2703,192.415,ppo_car_spread_a_sampling
20.5403,-0.03366,0.3460,0.0000,0.12281,0.12286,0.48201,181.7,1.0000,-23.8256,0.4741,-9.2727,192.413,ppo_car_spread_a_sampling
20.5603,0.03016,0.3460,0.0000,0.15837,0.15838,0.43095,181.7,1.0000,-23.8262,0.4741,-9.2759,192.411,ppo_car_spread_a_sampling
20.5803,0.03016,0.3460,0.0000,0.19281,0.19281,0.27836,181.7,1.0000,-23.8271,0.4741,-9.2797,192.411,ppo_car_spread_a_sampling
20.6003,0.10687,0.0000,0.2435,0.22404,0.22404,0.49367,181.7,1.0000,-23.8281,0.4741,-9.2841,192.416,ppo_car_spread_a_sampling
20.6203,0.17952,0.0000,0.2435,0.19284,0.19286,0.00000,0.0,1.0000,-23.8290,0.4741,-9.2879,192.419,ppo_car_spread_a_sampling
20.6403,0.24922,0.0000,0.2435,0.00613,0.00701,0.00000,0.0,1.0000,-23.8290,0.4741,-9.2878,192.420,ppo_car_spread_a_sampling
20.6603,0.32976,0.0000,0.2435,-0.00373,0.00384,0.35074,-51.1,1.0000,-23.8290,0.4741,-9.2876,192.420,ppo_car_spread_a_sampling
20.6803,0.27093,0.0000,0.3415,-0.00801,0.00805,0.38066,-51.1,1.0000,-23.8289,0.4741,-9.2873,192.417,ppo_car_spread_a_sampling
20.7003,0.18959,0.0000,0.3415,-0.02528,0.02533,0.39539,-71.7,1.0000,-23.8288,0.4741,-9.2866,192.418,ppo_car_spread_a_sampling
20.7203,0.11561,0.0000,0.3415,-0.03738,0.03742,0.38731,-71.7,1.0000,-23.8285,0.4741,-9.2858,192.416,ppo_car_spread_a_sampling
20.7403,0.03481,0.0000,0.3415,-0.05368,0.05371,0.19867,-71.7,1.0000,-23.8283,0.4741,-9.2846,192.416,ppo_car_spread_a_sampling
20.7603,-0.04681,0.0000,0.0677,-0.06646,0.06646,0.17817,-71.7,1.0000,-23.8279,0.4741,-9.2832,192.414,ppo_car_spread_a_sampling
20.7803,-0.10135,0.0000,0.0677,-0.06631,0.06631,0.33744,-14.2,1.0000,-23.8276,0.4741,-9.2819,192.414,ppo_car_spread_a_sampling
20.8003,-0.18664,0.0000,0.0677,-0.07224,0.07225,0.32231,-14.2,1.0000,-23.8273,0.4741,-9.2804,192.414,ppo_car_spread_a_sampling
20.8203,-0.25828,0.0000,0.0677,-0.07621,0.07625,0.36634,-14.2,1.0000,-23.8270,0.4741,-9.2788,192.420,ppo_car_spread_a_sampling
20.8403,-0.33542,0.0000,0.1045,-0.07739,0.07749,0.22421,-14.2,1.0000,-23.8268,0.4741,-9.2773,192.424,ppo_car_spread_a_sampling
20.8603,-0.41220,0.0000,0.1045,-0.08051,0.08067,0.34552,-22.0,1.0000,-23.8266,0.4741,-9.2757,192.427,ppo_car_spread_a_sampling
20.8803,-0.47335,0.0000,0.1045,-0.07766,0.07789,0.43276,-22.0,1.0000,-23.8263,0.4741,-9.2742,192.433,ppo_car_spread_a_sampling
20.9003,-0.54892,0.0000,0.1045,-0.09169,0.09212,0.21082,-22.0,1.0000,-23.8261,0.4741,-9.2723,192.440,ppo_car_spread_a_sampling
20.9203,-0.61676,0.4182,0.0000,-0.09071,0.09122,0.32014,-22.0,1.0000,-23.8259,0.4741,-9.2705,192.449,ppo_car_spread_a_sampling
20.9403,-0.63918,0.4182,0.0000,-0.05281,0.05321,0.23347,219.6,1.0000,-23.8259,0.4741,-9.2695,192.455,ppo_car_spread_a_sampling
20.9603,-0.63918,0.4182,0.0000,-0.01346,0.01361,0.38854,219.6,1.0000,-23.8259,0.4741,-9.2694,192.458,ppo_car_spread_a_sampling
20.9803,-0.63918,0.4182,0.0000,0.02351,0.02368,0.36492,219.6,1.0000,-23.8259,0.4741,-9.2700,192.453,ppo_car_spread_a_sampling
21.0003,-0.55535,0.0000,0.1321,0.06688,0.06754,0.25991,219.6,1.0000,-23.8260,0.4741,-9.2715,192.444,ppo_car_spread_a_sampling
21.0203,-0.49502,0.0000,0.1321,0.06750,0.06801,0.25352,-27.7,1.0000,-23.8262,0.4741,-9.2730,192.438,ppo_car_spread_a_sampling
21.0403,-0.41477,0.0000,0.1321,0.06402,0.06442,0.27023,-27.7,1.0000,-23.8263,0.4741,-9.2743,192.432,ppo_car_spread_a_sampling
21.0603,-0.33083,0.0000,0.1321,0.06129,0.06162,0.28593,-27.7,1.0000,-23.8265,0.4741,-9.2757,192.424,ppo_car_spread_a_sampling
21.0803,-0.39366,0.0000,0.1592,0.05670,0.05692,0.28523,-27.7,1.0000,-23.8266,0.4741,-9.2768,192.418,ppo_car_spread_a_sampling
21.1003,-0.43351,0.0000,0.1592,0.04346,0.04364,0.13603,-33.4,1.0000,-23.8267,0.4741,-9.2777,192.414,ppo_car_spread_a_sampling
21.1203,-0.43351,0.0000,0.1592,0.03657,0.03670,0.40023,-33.4,1.0000,-23.8268,0.4741,-9.2785,192.411,ppo_car_spread_a_sampling
21.1403,-0.43351,0.0000,0.1592,0.02768,0.02786,0.31536,-33.4,1.0000,-23.8269,0.4741,-9.2790,192.406,ppo_car_spread_a_sampling
21.1603,-0.34185,0.0000,0.4262,0.02286,0.02301,0.30716,-33.4,1.0000,-23.8269,0.4741,-9.2795,192.404,ppo_car_spread_a_sampling
21.1803,-0.26939,0.0000,0.4262,0.00833,0.00838,0.15310,-89.5,1.0000,-23.8269,0.4741,-9.2796,192.402,ppo_car_spread_a_sampling
21.2003,-0.20432,0.0000,0.4262,-0.00358,0.00358,0.38587,-89.5,1.0000,-23.8269,0.4741,-9.2795,192.399,ppo_car_spread_a_sampling
21.2203,-0.13043,0.0000,0.4262,-0.02464,0.02467,0.15148,-89.5,1.0000,-23.8268,0.4741,-9.2789,192.399,ppo_car_spread_a_sampling
21.2403,-0.19604,0.1458,0.0000,-0.04069,0.04071,0.41657,-89.5,1.0000,-23.8267,0.4741,-9.2781,192.400,ppo_car_spread_a_sampling
21.2603,-0.28188,0.1458,0.0000,-0.02180,0.02182,0.33685,76.6,1.0000,-23.8266,0.4741,-9.2776,192.402,ppo_car_spread_a_sampling
21.2803,-0.36837,0.1458,0.0000,-0.01465,0.01467,0.32297,76.6,1.0000,-23.8265,0.4741,-9.2773,192.400,ppo_car_spread_a_sampling
21.3003,-0.44181,0.1458,0.0000,0.00143,0.00144,0.36982,76.6,1.0000,-23.8265,0.4741,-9.2773,192.401,ppo_car_spread_a_sampling
21.3203,-0.48618,0.0000,0.0171,0.01651,0.01655,0.26777,76.6,1.0000,-23.8266,0.4741,-9.2776,192.401,ppo_car_spread_a_sampling
21.3403,-0.48618,0.0000,0.0171,0.01537,0.01541,0.23178,-3.6,1.0000,-23.8266,0.4741,-9.2779,192.401,ppo_car_spread_a_sampling
21.3603,-0.48618,0.0000,0.0171,0.01417,0.01422,0.37399,-3.6,1.0000,-23.8267,0.4741,-9.2782,192.404,ppo_car_spread_a_sampling
21.3803,-0.48618,0.0000,0.0171,0.01428,0.01434,0.23579,-3.6,1.0000,-23.8267,0.4741,-9.2785,192.400,ppo_car_spread_a_sampling
21.4003,-0.40887,0.0000,0.3235,0.01540,0.01549,0.30545,-3.6,1.0000,-23.8267,0.4741,-9.2788,192.395,ppo_car_spread_a_sampling
21.4203,-0.33682,0.0000,0.3235,0.00401,0.00403,0.14588,-67.9,1.0000,-23.8267,0.4741,-9.2789,192.395,ppo_car_spread_a_sampling
21.4403,-0.26685,0.0000,0.3235,-0.00990,0.00993,0.19619,-67.9,1.0000,-23.8267,0.4741,-9.2786,192.397,ppo_car_spread_a_sampling
21.4603,-0.19143,0.0000,0.3235,-0.01783,0.01787,0.39918,-67.9,1.0000,-23.8267,0.4741,-9.2783,192.399,ppo_car_spread_a_sampling
21.4803,-0.11048,0.1563,0.0000,-0.03815,0.03817,0.19916,-67.9,1.0000,-23.8265,0.4741,-9.2775,192.401,ppo_car_spread_a_sampling
21.5003,-0.08540,0.1563,0.0000,-0.01742,0.01743,0.38367,82.0,1.0000,-23.8265,0.4741,-9.2771,192.403,ppo_car_spread_a_sampling
21.5203,-0.08540,0.1563,0.0000,-0.00208,0.00208,0.31097,82.0,1.0000,-23.8265,0.4741,-9.2771,192.404,ppo_car_spread_a_sampling
21.5403,-0.08540,0.1563,0.0000,0.00918,0.00918,0.24591,82.0,1.0000,-23.8265,0.4741,-9.2773,192.399,ppo_car_spread_a_sampling
21.5603,0.00687,0.0355,0.0000,0.02038,0.02038,0.37463,82.0,1.0000,-23.8266,0.4741,-9.2777,192.403,ppo_car_spread_a_sampling
21.5803,0.07662,0.0355,0.0000,0.03085,0.03085,0.30653,18.6,1.0000,-23.8267,0.4741,-9.2784,192.399,ppo_car_spread_a_sampling
21.6003,0.12819,0.0355,0.0000,0.02995,0.02995,0.17641,18.6,1.0000,-23.8269,0.4741,-9.2790,192.400,ppo_car_spread_a_sampling
21.6203,0.12819,0.0355,0.0000,0.03545,0.03546,0.11030,18.6,1.0000,-23.8270,0.4741,-9.2797,192.400,ppo_car_spread_a_sampling
21.6403,0.03920,0.0000,0.2187,0.03347,0.03348,0.38032,18.6,1.0000,-23.8272,0.4741,-9.2803,192.401,ppo_car_spread_a_sampling
21.6603,0.00132,0.0000,0.2187,0.02585,0.02585,0.33632,-45.9,1.0000,-23.8273,0.4741,-9.2809,192.397,ppo_car_spread_a_sampling
21.6803,0.00132,0.0000,0.2187,0.01315,0.01315,0.36961,-45.9,1.0000,-23.8274,0.4741,-9.2811,192.394,ppo_car_spread_a_sampling
21.7003,0.00132,0.0000,0.2187,0.01308,0.01308,0.33967,-45.9,1.0000,-23.8274,0.4741,-9.2814,192.396,ppo_car_spread_a_sampling
21.7203,-0.06201,0.0000,0.0731,0.00523,0.00523,0.20776,-45.9,1.0000,-23.8274,0.4741,-9.2814,192.396,ppo_car_spread_a_sampling
21.7403,-0.13916,0.0000,0.0731,-0.00191,0.00192,0.34153,-15.4,1.0000,-23.8274,0.4741,-9.2814,192.396,ppo_car_spread_a_sampling
21.7603,-0.14789,0.0000,0.0731,0.00084,0.00084,0.35256,-15.4,1.0000,-23.8274,0.4741,-9.2814,192.398,ppo_car_spread_a_sampling
21.7803,-0.14789,0.0000,0.0731,-0.01012,0.01012,0.29980,-15.4,1.0000,-23.8274,0.4741,-9.2812,192.396,ppo_car_spread_a_sampling
21.8003,-0.20631,0.1175,0.0000,-0.00383,0.00383,0.31695,-15.4,1.0000,-23.8274,0.4741,-9.2811,192.394,ppo_car_spread_a_sampling
21.8203,-0.28891,0.1175,0.0000,0.00163,0.00163,0.34764,61.7,1.0000,-23.8274,0.4741,-9.2811,192.397,ppo_car_spread_a_sampling
21.8403,-0.34467,0.1175,0.0000,0.00940,0.00944,0.35510,61.7,1.0000,-23.8274,0.4741,-9.2813,192.396,ppo_car_spread_a_sampling
21.8603,-0.43969,0.1175,0.0000,0.02108,0.02113,0.30219,61.7,1.0000,-23.8275,0.4741,-9.2817,192.397,ppo_car_spread_a_sampling
21.8803,-0.37256,0.0000,0.2748,0.02969,0.02979,0.40131,61.7,1.0000,-23.8275,0.4741,-9.2823,192.398,ppo_car_spread_a_sampling
21.9003,-0.29303,0.0000,0.2748,0.02988,0.02999,0.23379,-57.7,1.0000,-23.8276,0.4741,-9.2830,192.397,ppo_car_spread_a_sampling
21.9203,-0.21439,0.0000,0.2748,0.01302,0.01306,0.14504,-57.7,1.0000,-23.8277,0.4741,-9.2832,192.396,ppo_car_spread_a_sampling
21.9403,-0.13860,0.0000,0.2748,0.00586,0.00587,0.35009,-57.7,1.0000,-23.8277,0.4741,-9.2833,192.393,ppo_car_spread_a_sampling
21.9603,-0.07690,0.2841,0.0000,-0.00399,0.00399,0.27909,-57.7,1.0000,-23.8277,0.4741,-9.2832,192.396,ppo_car_spread_a_sampling
21.9803,0.00513,0.2841,0.0000,0.02086,0.02087,0.23402,149.1,1.0000,-23.8277,0.4741,-9.2836,192.398,ppo_car_spread_a_sampling
22.0003,0.06459,0.2841,0.0000,0.04769,0.04769,0.24611,149.1,1.0000,-23.8279,0.4741,-9.2846,192.395,ppo_car_spread_a_sampling
22.0203,0.13947,0.2841,0.0000,0.07540,0.07540,0.30025,149.1,1.0000,-23.8283,0.4741,-9.2861,192.397,ppo_car_spread_a_sampling
22.0403,0.22012,0.0000,0.1338,0.10704,0.10708,0.13665,149.1,1.0000,-23.8288,0.4741,-9.2883,192.401,ppo_car_spread_a_sampling
22.0603,0.22061,0.0000,0.1338,0.10276,0.10285,0.00000,0.0,1.0000,-23.8294,0.4741,-9.2903,192.403,ppo_car_spread_a_sampling
22.0803,0.22061,0.0000,0.1338,0.00244,0.00393,0.00000,0.0,1.0000,-23.8294,0.4741,-9.2903,192.404,ppo_car_spread_a_sampling
22.1003,0.22061,0.0000,0.1338,-0.00703,0.00708,0.35695,-28.1,1.0000,-23.8294,0.4741,-9.2901,192.402,ppo_car_spread_a_sampling
22.1203,0.15603,0.0000,0.4557,-0.00995,0.00996,0.21939,-28.1,1.0000,-23.8293,0.4741,-9.2898,192.402,ppo_car_spread_a_sampling
22.1403,0.08450,0.0000,0.4557,-0.02557,0.02558,0.31667,-95.7,1.0000,-23.8292,0.4741,-9.2893,192.406,ppo_car_spread_a_sampling
22.1603,0.01080,0.0000,0.4557,-0.03942,0.03943,0.40213,-95.7,1.0000,-23.8290,0.4741,-9.2885,192.405,ppo_car_spread_a_sampling
22.1803,-0.07114,0.0000,0.4557,-0.05600,0.05600,0.42913,-95.7,1.0000,-23.8287,0.4741,-9.2873,192.404,ppo_car_spread_a_sampling
22.2003,0.01348,0.1590,0.0000,-0.07765,0.07766,0.17737,-95.7,1.0000,-23.8284,0.4741,-9.2857,192.405,ppo_car_spread_a_sampling
22.2203,0.07300,0.1590,0.0000,-0.05982,0.05982,0.36891,83.5,1.0000,-23.8282,0.4741,-9.2845,192.404,ppo_car_spread_a_sampling
22.2403,0.10430,0.1590,0.0000,-0.05165,0.05166,0.28431,83.5,1.0000,-23.8279,0.4741,-9.2835,192.402,ppo_car_spread_a_sampling
22.2603,0.10430,0.1590,0.0000,-0.03385,0.03385,0.29790,83.5,1.0000,-23.8278,0.4741,-9.2828,192.400,ppo_car_spread_a_sampling
22.2803,0.03873,0.2445,0.0000,-0.02362,0.02362,0.34447,83.5,1.0000,-23.8277,0.4741,-9.2824,192.396,ppo_car_spread_a_sampling
22.3003,-0.04086,0.2445,0.0000,0.00506,0.00506,0.38908,128.4,1.0000,-23.8277,0.4741,-9.2826,192.398,ppo_car_spread_a_sampling
22.3203,-0.09758,0.2445,0.0000,0.03710,0.03710,0.29107,128.4,1.0000,-23.8279,0.4741,-9.2834,192.398,ppo_car_spread_a_sampling
22.3403,-0.09758,0.2445,0.0000,0.05911,0.05912,0.24940,128.4,1.0000,-23.8281,0.4741,-9.2846,192.398,ppo_car_spread_a_sampling
22.3603,-0.18566,0.2448,0.0000,0.07567,0.07569,0.45003,128.4,1.0000,-23.8284,0.4741,-9.2862,192.395,ppo_car_spread_a_sampling
22.3803,-0.24276,0.2448,0.0000,0.10329,0.10336,0.20395,128.5,1.0000,-23.8288,0.4741,-9.2883,192.393,ppo_car_spread_a_sampling
22.4003,-0.33166,0.2448,0.0000,0.12470,0.12485,0.31245,128.5,1.0000,-23.8292,0.4741,-9.2909,192.386,ppo_car_spread_a_sampling
22.4203,-0.36390,0.2448,0.0000,0.14707,0.14738,0.25233,128.5,1.0000,-23.8297,0.4741,-9.2939,192.377,ppo_car_spread_a_sampling
22.4403,-0.30123,0.0000,0.2585,0.16414,0.16460,0.52891,128.5,1.0000,-23.8301,0.4741,-9.2972,192.368,ppo_car_spread_a_sampling
22.4603,-0.24044,0.0000,0.2585,0.19166,0.19210,0.00000,0.0,1.0000,-23.8307,0.4741,-9.3011,192.359,ppo_car_spread_a_sampling
22.4803,-0.24044,0.0000,0.2585,0.00765,0.01104,0.00000,0.0,1.0000,-23.8306,0.4741,-9.3011,192.355,ppo_car_spread_a_sampling
22.5003,-0.24044,0.0000,0.2585,-0.00053,0.00278,0.22943,-54.3,1.0000,-23.8305,0.4741,-9.3010,192.355,ppo_car_spread_a_sampling
22.5203,-0.16452,0.1383,0.0000,-0.00662,0.00666,0.33925,-54.3,1.0000,-23.8304,0.4741,-9.3008,192.357,ppo_car_spread_a_sampling
22.5403,-0.08271,0.1383,0.0000,-0.00019,0.00057,0.29576,72.6,1.0000,-23.8304,0.4741,-9.3007,192.359,ppo_car_spread_a_sampling
22.5603,-0.05869,0.1383,0.0000,0.01460,0.01461,0.33352,72.6,1.0000,-23.8305,0.4741,-9.3010,192.359,ppo_car_spread_a_sampling
22.5803,-0.05869,0.1383,0.0000,0.02264,0.02265,0.35607,72.6,1.0000,-23.8306,0.4741,-9.3014,192.360,ppo_car_spread_a_sampling
22.6003,0.00657,0.0000,0.2723,0.04123,0.04124,0.27125,72.6,1.0000,-23.8307,0.4741,-9.3022,192.359,ppo_car_spread_a_sampling
22.6203,0.09564,0.0000,0.2723,0.03288,0.03288,0.39116,-57.2,1.0000,-23.8309,0.4741,-9.3028,192.358,ppo_car_spread_a_sampling
22.6403,0.17409,0.0000,0.2723,0.02414,0.02414,0.23851,-57.2,1.0000,-23.8310,0.4741,-9.3032,192.358,ppo_car_spread_a_sampling
22.6603,0.23671,0.0000,0.2723,0.01339,0.01339,0.32885,-57.2,1.0000,-23.8310,0.4741,-9.3034,192.356,ppo_car_spread_a_sampling
22.6803,0.28661,0.0000,0.2648,-0.00346,0.00347,0.32874,-57.2,1.0000,-23.8310,0.4741,-9.3033,192.358,ppo_car_spread_a_sampling
22.7003,0.28661,0.0000,0.2648,-0.01168,0.01172,0.20727,-55.6,1.0000,-23.8309,0.4741,-9.3031,192.358,ppo_car_spread_a_sampling
22.7203,0.28661,0.0000,0.2648,-0.01873,0.01875,0.36221,-55.6,1.0000,-23.8308,0.4741,-9.3027,192.356,ppo_car_spread_a_sampling
22.7403,0.28661,0.0000,0.2648,-0.03292,0.03299,0.28157,-55.6,1.0000,-23.8306,0.4741,-9.3020,192.351,ppo_car_spread_a_sampling
22.7603,0.22572,0.2498,0.0000,-0.04793,0.04803,0.28659,-55.6,1.0000,-23.8304,0.4741,-9.3011,192.351,ppo_car_spread_a_sampling
22.7803,0.15308,0.2498,0.0000,-0.02205,0.02209,0.31814,131.2,1.0000,-23.8302,0.4741,-9.3006,192.347,ppo_car_spread_a_sampling
22.8003,0.13488,0.2498,0.0000,0.00496,0.00496,0.26027,131.2,1.0000,-23.8303,0.4741,-9.3008,192.348,ppo_car_spread_a_sampling
22.8203,0.13488,0.2498,0.0000,0.02849,0.02850,0.35120,131.2,1.0000,-23.8304,0.4741,-9.3014,192.346,ppo_car_spread_a_sampling
22.8403,0.04460,0.0000,0.5994,0.05567,0.05569,0.21506,131.2,1.0000,-23.8307,0.4741,-9.3025,192.346,ppo_car_spread_a_sampling
22.8603,0.01490,0.0000,0.5994,0.03125,0.03126,0.19936,-125.9,1.0000,-23.8309,0.4741,-9.3032,192.346,ppo_car_spread_a_sampling
22.8803,0.01490,0.0000,0.5994,0.01334,0.01334,0.30903,-125.9,1.0000,-23.8309,0.4741,-9.3034,192.344,ppo_car_spread_a_sampling
22.9003,0.01490,0.0000,0.5994,-0.01422,0.01422,0.17746,-125.9,1.0000,-23.8309,0.4741,-9.3032,192.343,ppo_car_spread_a_sampling
22.9203,-0.05145,0.0263,0.0000,-0.03574,0.03574,0.39582,-125.9,1.0000,-23.8307,0.4741,-9.3024,192.338,ppo_car_spread_a_sampling
22.9403,-0.13362,0.0263,0.0000,-0.03562,0.03562,0.31964,13.8,1.0000,-23.8306,0.4741,-9.3017,192.338,ppo_car_spread_a_sampling
22.9603,-0.21268,0.0263,0.0000,-0.03356,0.03357,0.29977,13.8,1.0000,-23.8304,0.4741,-9.3011,192.341,ppo_car_spread_a_sampling
22.9803,-0.27197,0.0263,0.0000,-0.03144,0.03146,0.28418,13.8,1.0000,-23.8303,0.4741,-9.3004,192.341,ppo_car_spread_a_sampling
23.0003,-0.34771,0.0905,0.0000,-0.02670,0.02675,0.23881,13.8,1.0000,-23.8302,0.4741,-9.2999,192.344,ppo_car_spread_a_sampling
23.0203,-0.40450,0.0905,0.0000,-0.01784,0.01790,0.16321,47.5,1.0000,-23.8302,0.4741,-9.2996,192.345,ppo_car_spread_a_sampling
23.0403,-0.40450,0.0905,0.0000,-0.01034,0.01034,0.34353,47.5,1.0000,-23.8301,0.4741,-9.2994,192.343,ppo_car_spread_a_sampling
23.0603,-0.40450,0.0905,0.0000,-0.00669,0.00669,0.30696,47.5,1.0000,-23.8301,0.4741,-9.2993,192.342,ppo_car_spread_a_sampling
23.0803,-0.32056,0.0306,0.0000,0.00629,0.00632,0.26047,47.5,1.0000,-23.8301,0.4741,-9.2994,192.344,ppo_car_spread_a_sampling
23.1003,-0.31816,0.0306,0.0000,0.01412,0.01415,0.31665,16.1,1.0000,-23.8302,0.4741,-9.2998,192.346,ppo_car_spread_a_sampling
23.1203,-0.31816,0.0306,0.0000,0.01404,0.01409,0.17149,16.1,1.0000,-23.8302,0.4741,-9.3001,192.343,ppo_car_spread_a_sampling
23.1403,-0.31816,0.0306,0.0000,0.01880,0.01884,0.17826,16.1,1.0000,-23.8303,0.4741,-9.3005,192.342,ppo_car_spread_a_sampling
23.1603,-0.40875,0.2872,0.0000,0.01692,0.01695,0.20994,16.1,1.0000,-23.8303,0.4741,-9.3008,192.342,ppo_car_spread_a_sampling
23.1803,-0.47020,0.2872,0.0000,0.04679,0.04692,0.22362,150.8,1.0000,-23.8305,0.4741,-9.3018,192.339,ppo_car_spread_a_sampling
23.2003,-0.52206,0.2872,0.0000,0.07031,0.07066,0.27559,150.8,1.0000,-23.8306,0.4741,-9.3032,192.333,ppo_car_spread_a_sampling
23.2203,-0.52206,0.2872,0.0000,0.10079,0.10137,0.27030,150.8,1.0000,-23.8308,0.4741,-9.3053,192.322,ppo_car_spread_a_sampling
23.2403,-0.43491,0.0000,0.2840,0.13221,0.13307,0.23855,150.8,1.0000,-23.8311,0.4741,-9.3081,192.309,ppo_car_spread_a_sampling
23.2603,-0.37327,0.0000,0.2840,0.12842,0.12903,0.00000,0.0,1.0000,-23.8314,0.4741,-9.3107,192.293,ppo_car_spread_a_sampling
23.2803,-0.29164,0.0000,0.2840,0.00266,0.00745,0.00000,0.0,1.0000,-23.8313,0.4741,-9.3107,192.294,ppo_car_spread_a_sampling
23.3003,-0.23268,0.0000,0.2840,-0.00098,0.00217,0.38430,-59.6,1.0000,-23.8312,0.4741,-9.3106,192.296,ppo_car_spread_a_sampling
23.3203,-0.31575,0.0000,0.0184,-0.01764,0.01764,0.21348,-59.6,1.0000,-23.8311,0.4741,-9.3101,192.297,ppo_car_spread_a_sampling
23.3403,-0.39895,0.0000,0.0184,-0.02452,0.02455,0.32428,-3.9,1.0000,-23.8310,0.4741,-9.3096,192.296,ppo_car_spread_a_sampling
23.3603,-0.40256,0.0000,0.0184,-0.01957,0.01965,0.29217,-3.9,1.0000,-23.8310,0.4741,-9.3091,192.297,ppo_car_spread_a_sampling
23.3803,-0.40256,0.0000,0.0184,-0.01709,0.01717,0.37915,-3.9,1.0000,-23.8310,0.4741,-9.3087,192.303,ppo_car_spread_a_sampling
23.4003,-0.33316,0.0204,0.0000,-0.02166,0.02174,0.19847,-3.9,1.0000,-23.8309,0.4741,-9.3083,192.303,ppo_car_spread_a_sampling
23.4204,-0.24906,0.0204,0.0000,-0.01701,0.01708,0.28870,10.7,1.0000,-23.8309,0.4741,-9.3079,192.305,ppo_car_spread_a_sampling
23.4404,-0.16423,0.0204,0.0000,-0.02106,0.02110,0.29961,10.7,1.0000,-23.8308,0.4741,-9.3075,192.304,ppo_car_spread_a_sampling
23.4604,-0.15096,0.0204,0.0000,-0.01474,0.01475,0.32145,10.7,1.0000,-23.8308,0.4741,-9.3071,192.302,ppo_car_spread_a_sampling
23.4804,-0.08250,0.2725,0.0000,-0.01012,0.01013,0.34904,10.7,1.0000,-23.8307,0.4741,-9.3069,192.302,ppo_car_spread_a_sampling
23.5004,0.00147,0.2725,0.0000,0.01429,0.01429,0.16107,143.0,1.0000,-23.8308,0.4741,-9.3073,192.301,ppo_car_spread_a_sampling
23.5204,0.06396,0.2725,0.0000,0.04086,0.04086,0.25236,143.0,1.0000,-23.8310,0.4741,-9.3081,192.301,ppo_car_spread_a_sampling
23.5404,0.07060,0.2725,0.0000,0.06517,0.06518,0.24303,143.0,1.0000,-23.8313,0.4741,-9.3094,192.298,ppo_car_spread_a_sampling
23.5604,0.16460,0.0000,0.3804,0.09471,0.09472,0.18306,143.0,1.0000,-23.8317,0.4741,-9.3114,192.299,ppo_car_spread_a_sampling
23.5804,0.22366,0.0000,0.3804,0.07686,0.07689,0.30539,-79.9,1.0000,-23.8321,0.4741,-9.3129,192.301,ppo_car_spread_a_sampling
23.6004,0.29865,0.0000,0.3804,0.06190,0.06195,0.22819,-79.9,1.0000,-23.8324,0.4741,-9.3141,192.304,ppo_car_spread_a_sampling
23.6204,0.33324,0.0000,0.3804,0.04927,0.04935,0.22956,-79.9,1.0000,-23.8327,0.4741,-9.3151,192.310,ppo_car_spread_a_sampling
23.6404,0.27199,0.0000,0.4281,0.03019,0.03026,0.16932,-79.9,1.0000,-23.8329,0.4741,-9.3156,192.312,ppo_car_spread_a_sampling
23.6604,0.24290,0.0000,0.4281,0.01859,0.01862,0.33254,-89.9,1.0000,-23.8329,0.4741,-9.3160,192.316,ppo_car_spread_a_sampling
23.6804,0.24290,0.0000,0.4281,0.00293,0.00294,0.33732,-89.9,1.0000,-23.8330,0.4741,-9.3160,192.316,ppo_car_spread_a_sampling
23.7004,0.24290,0.0000,0.4281,-0.01746,0.01749,0.31539,-89.9,1.0000,-23.8328,0.4741,-9.3156,192.313,ppo_car_spread_a_sampling
23.7204,0.15636,0.0000,0.1942,-0.02958,0.02962,0.25935,-89.9,1.0000,-23.8327,0.4741,-9.3150,192.311,ppo_car_spread_a_sampling
23.7404,0.09160,0.0000,0.1942,-0.04045,0.04048,0.25219,-40.8,1.0000,-23.8324,0.4741,-9.3142,192.311,ppo_car_spread_a_sampling
23.7604,0.02601,0.0000,0.1942,-0.04988,0.04989,0.18276,-40.8,1.0000,-23.8322,0.4741,-9.3131,192.311,ppo_car_spread_a_sampling
23.7804,-0.06131,0.0000,0.1942,-0.05948,0.05948,0.17799,-40.8,1.0000,-23.8319,0.4741,-9.3119,192.311,ppo_car_spread_a_sampling
23.8004,-0.12327,0.1072,0.0000,-0.05434,0.05434,0.43027,-40.8,1.0000,-23.8317,0.4741,-9.3108,192.312,ppo_car_spread_a_sampling
23.8204,-0.20889,0.1072,0.0000,-0.05584,0.05585,0.27812,56.3,1.0000,-23.8315,0.4741,-9.3097,192.310,ppo_car_spread_a_sampling
23.8404,-0.27690,0.1072,0.0000,-0.04691,0.04694,0.29568,56.3,1.0000,-23.8313,0.4741,-9.3088,192.311,ppo_car_spread_a_sampling
23.8604,-0.36237,0.1072,0.0000,-0.04222,0.04226,0.31485,56.3,1.0000,-23.8312,0.4741,-9.3080,192.313,ppo_car_spread_a_sampling
23.8804,-0.41895,0.0000,0.0858,-0.02312,0.02319,0.32375,56.3,1.0000,-23.8311,0.4741,-9.3075,192.317,ppo_car_spread_a_sampling
23.9004,-0.41895,0.0000,0.0858,-0.02596,0.02606,0.11969,-18.0,1.0000,-23.8310,0.4741,-9.3071,192.317,ppo_car_spread_a_sampling
23.9204,-0.41895,0.0000,0.0858,-0.03350,0.03365,0.19004,-18.0,1.0000,-23.8310,0.4741,-9.3064,192.321,ppo_car_spread_a_sampling
23.9404,-0.41895,0.0000,0.0858,-0.03240,0.03260,0.32623,-18.0,1.0000,-23.8309,0.4741,-9.3058,192.321,ppo_car_spread_a_sampling
23.9604,-0.47724,0.2014,0.0000,-0.03583,0.03597,0.27208,-18.0,1.0000,-23.8308,0.4741,-9.3051,192.327,ppo_car_spread_a_sampling
23.9804,-0.54172,0.2014,0.0000,-0.01895,0.01905,0.15830,105.7,1.0000,-23.8308,0.4741,-9.3047,192.329,ppo_car_spread_a_sampling
24.0004,-0.54172,0.2014,0.0000,-0.00207,0.00212,0.37329,105.7,1.0000,-23.8308,0.4741,-9.3047,192.331,ppo_car_spread_a_sampling
24.0204,-0.54172,0.2014,0.0000,0.02795,0.02814,0.29761,105.7,1.0000,-23.8308,0.4741,-9.3054,192.329,ppo_car_spread_a_sampling
24.0404,-0.45287,0.0000,0.2815,0.04121,0.04151,0.41794,105.7,1.0000,-23.8309,0.4741,-9.3063,192.322,ppo_car_spread_a_sampling
24.0604,-0.39573,0.0000,0.2815,0.03112,0.03131,0.22244,-59.1,1.0000,-23.8310,0.4741,-9.3069,192.323,ppo_car_spread_a_sampling
24.0804,-0.30277,0.0000,0.2815,0.02128,0.02134,0.25141,-59.1,1.0000,-23.8310,0.4741,-9.3074,192.323,ppo_car_spread_a_sampling
24.1004,-0.24092,0.0000,0.2815,0.00651,0.00652,0.34564,-59.1,1.0000,-23.8311,0.4741,-9.3075,192.319,ppo_car_spread_a_sampling
24.1204,-0.30729,0.0000,0.5351,0.00341,0.00346,0.36439,-59.1,1.0000,-23.8311,0.4741,-9.3076,192.316,ppo_car_spread_a_sampling
24.1404,-0.40004,0.0000,0.5351,-0.01967,0.01972,0.14179,-112.4,1.0000,-23.8310,0.4741,-9.3072,192.318,ppo_car_spread_a_sampling
24.1604,-0.46995,0.0000,0.5351,-0.04647,0.04662,0.25574,-112.4,1.0000,-23.8309,0.4741,-9.3062,192.324,ppo_car_spread_a_sampling
24.1804,-0.54491,0.0000,0.5351,-0.06257,0.06281,0.30023,-112.4,1.0000,-23.8307,0.4741,-9.3049,192.328,ppo_car_spread_a_sampling
24.2004,-0.48266,0.0000,0.6207,-0.07867,0.07921,0.45269,-112.4,1.0000,-23.8306,0.4741,-9.3032,192.338,ppo_car_spread_a_sampling
24.2204,-0.39886,0.0000,0.6207,-0.10597,0.10663,0.41676,-130.3,1.0000,-23.8303,0.4741,-9.3010,192.352,ppo_car_spread_a_sampling
24.2404,-0.33580,0.0000,0.6207,-0.13068,0.13126,0.27969,-130.3,1.0000,-23.8300,0.4741,-9.2984,192.366,ppo_car_spread_a_sampling
24.2604,-0.31177,0.0000,0.6207,-0.15363,0.15411,0.40827,-130.3,1.0000,-23.8296,0.4741,-9.2952,192.375,ppo_car_spread_a_sampling
24.2804,-0.35271,0.0000,0.1230,-0.17670,0.17718,0.38259,-130.3,1.0000,-23.8291,0.4741,-9.2916,192.385,ppo_car_spread_a_sampling
24.3004,-0.35271,0.0000,0.1230,-0.18538,0.18592,0.44279,-25.8,1.0000,-23.8285,0.4741,-9.2879,192.394,ppo_car_spread_a_sampling
24.3204,-0.35271,0.0000,0.1230,-0.19169,0.19225,0.20126,-25.8,1.0000,-23.8280,0.4741,-9.2840,192.407,ppo_car_spread_a_sampling
24.3404,-0.35271,0.0000,0.1230,-0.19240,0.19297,0.30615,-25.8,1.0000,-23.8275,0.4741,-9.2802,192.420,ppo_car_spread_a_sampling
24.3604,-0.27714,0.5428,0.0000,-0.19469,0.19527,0.41133,-25.8,1.0000,-23.8269,0.4741,-9.2763,192.431,ppo_car_spread_a_sampling
24.3804,-0.25980,0.5428,0.0000,-0.15302,0.15338,0.19158,285.0,1.0000,-23.8265,0.4741,-9.2733,192.440,ppo_car_spread_a_sampling
24.4004,-0.25980,0.5428,0.0000,-0.09701,0.09721,0.09608,285.0,1.0000,-23.8262,0.4741,-9.2714,192.446,ppo_car_spread_a_sampling
24.4204,-0.25980,0.5428,0.0000,-0.04031,0.04039,0.34670,285.0,1.0000,-23.8261,0.4741,-9.2708,192.447,ppo_car_spread_a_sampling
24.4404,-0.32764,0.5696,0.0000,0.00609,0.00609,0.44474,285.0,1.0000,-23.8261,0.4741,-9.2711,192.445,ppo_car_spread_a_sampling
24.4604,-0.41338,0.5696,0.0000,0.06137,0.06152,0.38404,299.0,1.0000,-23.8263,0.4741,-9.2725,192.441,ppo_car_spread_a_sampling
24.4804,-0.46511,0.5696,0.0000,0.12214,0.12256,0.52682,299.0,1.0000,-23.8266,0.4741,-9.2751,192.428,ppo_car_spread_a_sampling
24.5004,-0.46511,0.5696,0.0000,0.17893,0.17977,0.09397,299.0,1.0000,-23.8271,0.4741,-9.2789,192.412,ppo_car_spread_a_sampling
24.5204,-0.38118,0.0000,0.0832,0.22773,0.22886,0.37690,299.0,1.0000,-23.8276,0.4741,-9.2837,192.391,ppo_car_spread_a_sampling
24.5404,-0.30426,0.0000,0.0832,0.18836,0.18910,0.00000,0.0,1.0000,-23.8281,0.4741,-9.2876,192.383,ppo_car_spread_a_sampling
24.5604,-0.23222,0.0000,0.0832,0.00353,0.01014,0.00000,0.0,1.0000,-23.8279,0.4741,-9.2876,192.384,ppo_car_spread_a_sampling
24.5804,-0.19923,0.0000,0.0832,-0.00126,0.00318,0.18385,-17.5,1.0000,-23.8278,0.4741,-9.2875,192.382,ppo_car_spread_a_sampling
24.6004,-0.14345,0.6414,0.0000,0.00054,0.00112,0.36721,-17.5,1.0000,-23.8278,0.4741,-9.2874,192.385,ppo_car_spread_a_sampling
24.6204,-0.08569,0.6414,0.0000,0.05773,0.05777,0.17902,336.7,1.0000,-23.8280,0.4741,-9.2885,192.382,ppo_car_spread_a_sampling
24.6404,-0.08569,0.6414,0.0000,0.11972,0.11975,0.37965,336.7,1.0000,-23.8285,0.4741,-9.2909,192.382,ppo_car_spread_a_sampling
24.6604,-0.08569,0.6414,0.0000,0.17741,0.17744,0.53693,336.7,1.0000,-23.8292,0.4741,-9.2944,192.380,ppo_car_spread_a_sampling
24.6804,-0.09492,0.0000,0.2734,0.24499,0.24503,0.28690,336.7,1.0000,-23.8302,0.4741,-9.2993,192.377,ppo_car_spread_a_sampling
24.7004,-0.09492,0.0000,0.2734,0.19456,0.19460,0.00000,0.0,1.0000,-23.8309,0.4741,-9.3031,192.374,ppo_car_spread_a_sampling
24.7204,-0.09492,0.0000,0.2734,0.00637,0.00705,0.00000,0.0,1.0000,-23.8309,0.4741,-9.3030,192.376,ppo_car_spread_a_sampling
24.7404,-0.09492,0.0000,0.2734,-0.00284,0.00303,0.20949,-57.4,1.0000,-23.8308,0.4741,-9.3028,192.376,ppo_car_spread_a_sampling
24.7604,-0.17950,0.0000,0.1702,-0.01479,0.01479,0.32016,-57.4,1.0000,-23.8307,0.4741,-9.3024,192.378,ppo_car_spread_a_sampling
24.7804,-0.25335,0.0000,0.1702,-0.01910,0.01911,0.27330,-35.7,1.0000,-23.8306,0.4741,-9.3019,192.379,ppo_car_spread_a_sampling
24.8004,-0.29909,0.0000,0.1702,-0.02736,0.02739,0.30795,-35.7,1.0000,-23.8305,0.4741,-9.3012,192.378,ppo_car_spread_a_sampling
24.8204,-0.29909,0.0000,0.1702,-0.03304,0.03310,0.30263,-35.7,1.0000,-23.8304,0.4741,-9.3004,192.379,ppo_car_spread_a_sampling
24.8404,-0.21232,0.0030,0.0000,-0.04293,0.04301,0.29496,-35.7,1.0000,-23.8303,0.4741,-9.2995,192.385,ppo_car_spread_a_sampling
24.8604,-0.18637,0.0030,0.0000,-0.04131,0.04136,0.32534,1.6,1.0000,-23.8301,0.4741,-9.2986,192.388,ppo_car_spread_a_sampling
24.8804,-0.18637,0.0030,0.0000,-0.04285,0.04289,0.13640,1.6,1.0000,-23.8300,0.4741,-9.2977,192.391,ppo_car_spread_a_sampling
24.9004,-0.18637,0.0030,0.0000,-0.03869,0.03873,0.40605,1.6,1.0000,-23.8299,0.4741,-9.2969,192.392,ppo_car_spread_a_sampling
24.9204,-0.10296,0.0775,0.0000,-0.03681,0.03684,0.39745,1.6,1.0000,-23.8297,0.4741,-9.2962,192.396,ppo_car_spread_a_sampling
24.9404,-0.02245,0.0775,0.0000,-0.03774,0.03776,0.27773,40.7,1.0000,-23.8296,0.4741,-9.2954,192.398,ppo_car_spread_a_sampling
24.9604,0.05334,0.0775,0.0000,-0.02615,0.02615,0.18013,40.7,1.0000,-23.8295,0.4741,-9.2949,192.398,ppo_car_spread_a_sampling
24.9804,0.11362,0.0775,0.0000,-0.02207,0.02207,0.27177,40.7,1.0000,-23.8294,0.4741,-9.2945,192.400,ppo_car_spread_a_sampling
25.0004,0.04337,0.6205,0.0000,-0.00884,0.00884,0.14056,40.7,1.0000,-23.8294,0.4741,-9.2944,192.399,ppo_car_spread_a_sampling
25.0204,-0.03991,0.6205,0.0000,0.04596,0.04597,0.35250,325.8,1.0000,-23.8296,0.4741,-9.2954,192.397,ppo_car_spread_a_sampling
25.0404,-0.10020,0.6205,0.0000,0.11260,0.11260,0.14989,325.8,1.0000,-23.8301,0.4741,-9.2978,192.395,ppo_car_spread_a_sampling
25.0604,-0.19177,0.6205,0.0000,0.17378,0.17381,0.16638,325.8,1.0000,-23.8308,0.4741,-9.3013,192.392,ppo_car_spread_a_sampling
25.0804,-0.12173,0.3545,0.0000,0.23011,0.23026,0.42240,325.8,1.0000,-23.8317,0.4741,-9.3061,192.385,ppo_car_spread_a_sampling
25.1004,-0.04308,0.3545,0.0000,0.26275,0.26286,0.49295,186.1,1.0000,-23.8327,0.4741,-9.3114,192.381,ppo_car_spread_a_sampling
25.1204,-0.03703,0.3545,0.0000,0.29138,0.29142,0.62457,186.1,1.0000,-23.8339,0.4741,-9.3173,192.379,ppo_car_spread_a_sampling
25.1404,-0.03703,0.3545,0.0000,0.33382,0.33384,0.53867,186.1,1.0000,-23.8352,0.4741,-9.3240,192.377,ppo_car_spread_a_sampling
25.1604,0.00117,0.0000,0.3263,0.37055,0.37056,0.26705,186.1,1.0000,-23.8368,0.4741,-9.3314,192.375,ppo_car_spread_a_sampling
25.1804,0.00117,0.0000,0.3263,0.33726,0.33727,0.13460,0.0,1.0000,-23.8382,0.4741,-9.3381,192.374,ppo_car_spread_a_sampling
25.2004,0.00117,0.0000,0.3263,0.23125,0.23125,0.03474,0.0,1.0000,-23.8392,0.4741,-9.3425,192.363,ppo_car_spread_a_sampling
25.2204,0.00117,0.0000,0.3263,0.19574,0.19574,0.00000,0.0,1.0000,-23.8400,0.4741,-9.3463,192.361,ppo_car_spread_a_sampling
25.2404,-0.07501,0.0000,0.2503,0.00822,0.00822,0.00000,0.0,1.0000,-23.8400,0.4741,-9.3461,192.362,ppo_car_spread_a_sampling
25.2604,-0.14983,0.0000,0.2503,-0.00319,0.00319,0.28332,-52.6,1.0000,-23.8399,0.4741,-9.3458,192.364,ppo_car_spread_a_sampling
25.2804,-0.22429,0.0000,0.2503,-0.00757,0.00757,0.25934,-52.6,1.0000,-23.8398,0.4741,-9.3455,192.366,ppo_car_spread_a_sampling
25.3004,-0.29736,0.0000,0.2503,-0.02525,0.02528,0.24018,-52.6,1.0000,-23.8397,0.4741,-9.3448,192.370,ppo_car_spread_a_sampling
25.3204,-0.21820,0.1671,0.0000,-0.03120,0.03126,0.37112,-52.6,1.0000,-23.8396,0.4741,-9.3440,192.366,ppo_car_spread_a_sampling
25.3404,-0.15025,0.1671,0.0000,-0.01350,0.01352,0.15912,87.7,1.0000,-23.8395,0.4741,-9.3436,192.368,ppo_car_spread_a_sampling
25.3604,-0.07089,0.1671,0.0000,0.00360,0.00361,0.31888,87.7,1.0000,-23.8395,0.4741,-9.3436,192.367,ppo_car_spread_a_sampling
25.3804,-0.04114,0.1671,0.0000,0.01634,0.01635,0.17677,87.7,1.0000,-23.8396,0.4741,-9.3439,192.367,ppo_car_spread_a_sampling
25.4004,0.01273,0.2452,0.0000,0.02879,0.02880,0.33155,87.7,1.0000,-23.8397,0.4741,-9.3444,192.369,ppo_car_spread_a_sampling
25.4204,0.08708,0.2452,0.0000,0.06121,0.06121,0.20694,128.7,1.0000,-23.8399,0.4741,-9.3456,192.369,ppo_car_spread_a_sampling
25.4404,0.17151,0.2452,0.0000,0.08319,0.08320,0.43703,128.7,1.0000,-23.8403,0.4741,-9.3473,192.372,ppo_car_spread_a_sampling
25.4604,0.23156,0.2452,0.0000,0.10867,0.10873,0.07289,128.7,1.0000,-23.8409,0.4741,-9.3495,192.374,ppo_car_spread_a_sampling
25.4804,0.14897,0.4374,0.0000,0.12862,0.12875,0.31743,128.7,1.0000,-23.8416,0.4741,-9.3521,192.380,ppo_car_spread_a_sampling
25.5004,0.07743,0.4374,0.0000,0.17036,0.17047,0.31624,229.6,1.0000,-23.8425,0.4741,-9.3555,192.386,ppo_car_spread_a_sampling
25.5204,0.01742,0.4374,0.0000,0.21253,0.21258,0.39786,229.6,1.0000,-23.8435,0.4741,-9.3598,192.389,ppo_car_spread_a_sampling
25.5404,-0.04668,0.4374,0.0000,0.24962,0.24963,0.59343,229.6,1.0000,-23.8447,0.4741,-9.3648,192.390,ppo_car_spread_a_sampling
25.5604,-0.07698,0.0000,0.0725,0.28834,0.28834,0.58861,229.6,1.0000,-23.8459,0.4741,-9.3706,192.389,ppo_car_spread_a_sampling
25.5804,-0.07698,0.0000,0.0725,0.19264,0.19265,0.00000,0.0,1.0000,-23.8467,0.4741,-9.3744,192.388,ppo_car_spread_a_sampling
25.6004,-0.07698,0.0000,0.0725,0.00568,0.00592,0.00000,0.0,1.0000,-23.8467,0.4741,-9.3743,192.389,ppo_car_spread_a_sampling
25.6204,-0.07698,0.0000,0.0725,-0.00583,0.00584,0.35345,-15.2,1.0000,-23.8466,0.4741,-9.3741,192.389,ppo_car_spread_a_sampling
25.6404,-0.00785,0.2077,0.0000,-0.00395,0.00395,0.32824,-15.2,1.0000,-23.8465,0.4741,-9.3739,192.387,ppo_car_spread_a_sampling
25.6604,0.05924,0.2077,0.0000,0.01962,0.01962,0.19129,109.1,1.0000,-23.8466,0.4741,-9.3742,192.389,ppo_car_spread_a_sampling
25.6804,0.13811,0.2077,0.0000,0.04047,0.04047,0.27288,109.1,1.0000,-23.8468,0.4741,-9.3750,192.394,ppo_car_spread_a_sampling
25.7004,0.21004,0.2077,0.0000,0.05412,0.05414,0.41550,109.1,1.0000,-23.8470,0.4741,-9.3760,192.395,ppo_car_spread_a_sampling
25.7204,0.12629,0.0000,0.3936,0.07889,0.07896,0.43996,109.1,1.0000,-23.8475,0.4741,-9.3776,192.401,ppo_car_spread_a_sampling
25.7404,0.07574,0.0000,0.3936,0.06946,0.06950,0.17559,-82.7,1.0000,-23.8478,0.4741,-9.3789,192.403,ppo_car_spread_a_sampling
25.7604,-0.00219,0.0000,0.3936,0.05183,0.05185,0.05819,-82.7,1.0000,-23.8481,0.4741,-9.3799,192.403,ppo_car_spread_a_sampling
25.7804,-0.06511,0.0000,0.3936,0.03883,0.03883,0.29504,-82.7,1.0000,-23.8482,0.4741,-9.3807,192.405,ppo_car_spread_a_sampling
25.8004,-0.12982,0.0000,0.0516,0.02171,0.02171,0.32591,-82.7,1.0000,-23.8483,0.4741,-9.3811,192.404,ppo_car_spread_a_sampling
25.8204,-0.20006,0.0000,0.0516,0.01281,0.01281,0.34912,-10.8,1.0000,-23.8484,0.4741,-9.3813,192.401,ppo_car_spread_a_sampling
25.8404,-0.28682,0.0000,0.0516,0.01605,0.01606,0.15573,-10.8,1.0000,-23.8484,0.4741,-9.3816,192.402,ppo_car_spread_a_sampling
25.8604,-0.33735,0.0000,0.0516,0.01467,0.01468,0.27873,-10.8,1.0000,-23.8485,0.4741,-9.3819,192.405,ppo_car_spread_a_sampling
25.8804,-0.25675,0.6189,0.0000,0.01664,0.01667,0.27808,-10.8,1.0000,-23.8485,0.4741,-9.3822,192.405,ppo_car_spread_a_sampling
25.9004,-0.17667,0.6189,0.0000,0.06958,0.06970,0.15590,324.9,1.0000,-23.8487,0.4741,-9.3837,192.401,ppo_car_spread_a_sampling
25.9204,-0.10039,0.6189,0.0000,0.13133,0.13145,0.19141,324.9,1.0000,-23.8492,0.4741,-9.3864,192.397,ppo_car_spread_a_sampling
25.9404,-0.01751,0.6189,0.0000,0.18486,0.18493,0.52712,324.9,1.0000,-23.8499,0.4741,-9.3901,192.392,ppo_car_spread_a_sampling
25.9604,0.00501,0.2595,0.0000,0.24782,0.24783,0.54634,324.9,1.0000,-23.8510,0.4741,-9.3952,192.392,ppo_car_spread_a_sampling
25.9804,0.00501,0.2595,0.0000,0.27141,0.27141,0.55947,136.3,1.0000,-23.8522,0.4741,-9.4006,192.390,ppo_car_spread_a_sampling
26.0004,0.00501,0.2595,0.0000,0.29199,0.29199,0.61339,136.3,1.0000,-23.8534,0.4741,-9.4064,192.390,ppo_car_spread_a_sampling
26.0204,0.00501,0.2595,0.0000,0.32069,0.32069,0.58098,136.3,1.0000,-23.8549,0.4741,-9.4128,192.388,ppo_car_spread_a_sampling
26.0404,0.06789,0.0000,0.1578,0.34556,0.34556,0.63447,136.3,1.0000,-23.8564,0.4741,-9.4197,192.386,ppo_car_spread_a_sampling
26.0604,0.11418,0.0000,0.1578,0.20300,0.20300,0.00000,0.0,1.0000,-23.8573,0.4741,-9.4236,192.370,ppo_car_spread_a_sampling
26.0804,0.11418,0.0000,0.1578,0.06174,0.06180,0.00000,0.0,1.0000,-23.8575,0.4741,-9.4246,192.297,ppo_car_spread_a_sampling
26.1004,0.11418,0.0000,0.1578,0.05608,0.05609,0.40656,-33.1,1.0000,-23.8578,0.4741,-9.4255,192.277,ppo_car_spread_a_sampling
26.1204,0.03194,0.0000,0.3998,0.04932,0.04933,0.29738,-33.1,1.0000,-23.8580,0.4741,-9.4263,192.271,ppo_car_spread_a_sampling
26.1404,-0.02249,0.0000,0.3998,0.03518,0.03518,0.28457,-83.9,1.0000,-23.8581,0.4741,-9.4268,192.270,ppo_car_spread_a_sampling
26.1604,-0.11037,0.0000,0.3998,0.01146,0.01146,0.27236,-83.9,1.0000,-23.8581,0.4741,-9.4269,192.271,ppo_car_spread_a_sampling
26.1804,-0.18274,0.0000,0.3998,0.00189,0.00189,0.22753,-83.9,1.0000,-23.8581,0.4741,-9.4268,192.271,ppo_car_spread_a_sampling
26.2004,-0.19559,0.0000,0.0278,-0.01478,0.01482,0.30626,-83.9,1.0000,-23.8580,0.4741,-9.4264,192.271,ppo_car_spread_a_sampling
26.2204,-0.19559,0.0000,0.0278,-0.01806,0.01808,0.35591,-5.8,1.0000,-23.8579,0.4741,-9.4260,192.271,ppo_car_spread_a_sampling
26.2404,-0.19559,0.0000,0.0278,-0.01651,0.01653,0.18503,-5.8,1.0000,-23.8579,0.4741,-9.4256,192.271,ppo_car_spread_a_sampling
26.2604,-0.19559,0.0000,0.0278,-0.02110,0.02112,0.19462,-5.8,1.0000,-23.8578,0.4741,-9.4251,192.269,ppo_car_spread_a_sampling
26.2804,-0.11773,0.2058,0.0000,-0.02177,0.02178,0.31556,-5.8,1.0000,-23.8577,0.4741,-9.4247,192.271,ppo_car_spread_a_sampling
26.3004,-0.03263,0.2058,0.0000,-0.00224,0.00226,0.19886,108.1,1.0000,-23.8577,0.4741,-9.4246,192.271,ppo_car_spread_a_sampling
26.3204,0.02598,0.2058,0.0000,0.01587,0.01587,0.25126,108.1,1.0000,-23.8578,0.4741,-9.4250,192.273,ppo_car_spread_a_sampling
26.3404,0.10188,0.2058,0.0000,0.03535,0.03535,0.32666,108.1,1.0000,-23.8580,0.4741,-9.4257,192.274,ppo_car_spread_a_sampling
26.3604,0.04223,0.0000,0.0061,0.05520,0.05521,0.40357,108.1,1.0000,-23.8582,0.4741,-9.4269,192.276,ppo_car_spread_a_sampling
26.3804,-0.05322,0.0000,0.0061,0.05914,0.05914,0.36275,-1.3,1.0000,-23.8585,0.4741,-9.4281,192.274,ppo_car_spread_a_sampling
26.4004,-0.13553,0.0000,0.0061,0.05759,0.05759,0.25551,-1.3,1.0000,-23.8588,0.4741,-9.4293,192.275,ppo_car_spread_a_sampling
26.4204,-0.19211,0.0000,0.0061,0.06201,0.06202,0.25985,-1.3,1.0000,-23.8590,0.4741,-9.4306,192.276,ppo_car_spread_a_sampling
26.4404,-0.12463,0.0547,0.0000,0.06076,0.06079,0.25154,-1.3,1.0000,-23.8592,0.4741,-9.4319,192.275,ppo_car_spread_a_sampling
26.4604,-0.08488,0.0547,0.0000,0.06485,0.06488,0.40127,28.7,1.0000,-23.8595,0.4741,-9.4332,192.275,ppo_car_spread_a_sampling
26.4804,-0.08488,0.0547,0.0000,0.06833,0.06834,0.17250,28.7,1.0000,-23.8598,0.4741,-9.4346,192.274,ppo_car_spread_a_sampling
26.5004,-0.08488,0.0547,0.0000,0.08063,0.08065,0.22681,28.7,1.0000,-23.8601,0.4741,-9.4362,192.275,ppo_car_spread_a_sampling
26.5204,-0.14285,0.0000,0.3011,0.07785,0.07787,0.38895,28.7,1.0000,-23.8604,0.4741,-9.4378,192.272,ppo_car_spread_a_sampling
26.5404,-0.22697,0.0000,0.3011,0.06851,0.06854,0.26965,-63.2,1.0000,-23.8606,0.4741,-9.4392,192.270,ppo_car_spread_a_sampling
26.5604,-0.30792,0.0000,0.3011,0.05619,0.05623,0.13469,-63.2,1.0000,-23.8608,0.4741,-9.4403,192.268,ppo_car_spread_a_sampling
26.5804,-0.36591,0.0000,0.3011,0.04359,0.04365,0.17729,-63.2,1.0000,-23.8610,0.4741,-9.4411,192.267,ppo_car_spread_a_sampling
26.6004,-0.37365,0.0000,0.3886,0.04066,0.04077,0.30050,-63.2,1.0000,-23.8611,0.4741,-9.4419,192.265,ppo_car_spread_a_sampling
26.6204,-0.37365,0.0000,0.3886,0.01914,0.01918,0.34990,-81.6,1.0000,-23.8611,0.4741,-9.4423,192.258,ppo_car_spread_a_sampling
26.6404,-0.37365,0.0000,0.3886,0.00109,0.00110,0.32965,-81.6,1.0000,-23.8611,0.4741,-9.4423,192.259,ppo_car_spread_a_sampling
26.6604,-0.37365,0.0000,0.3886,-0.01364,0.01367,0.29918,-81.6,1.0000,-23.8611,0.4741,-9.4419,192.260,ppo_car_spread_a_sampling
26.6804,-0.30805,0.4605,0.0000,-0.02833,0.02841,0.19158,-81.6,1.0000,-23.8610,0.4741,-9.4413,192.260,ppo_car_spread_a_sampling
26.7004,-0.22908,0.4605,0.0000,0.01329,0.01330,0.29444,241.7,1.0000,-23.8611,0.4741,-9.4416,192.257,ppo_car_spread_a_sampling
26.7204,-0.14242,0.4605,0.0000,0.05866,0.05874,0.28374,241.7,1.0000,-23.8612,0.4741,-9.4428,192.253,ppo_car_spread_a_sampling
26.7404,-0.06862,0.4605,0.0000,0.10834,0.10841,0.18036,241.7,1.0000,-23.8616,0.4741,-9.4450,192.251,ppo_car_spread_a_sampling
26.7604,-0.00630,0.0000,0.2968,0.15428,0.15431,0.16600,241.7,1.0000,-23.8623,0.4741,-9.4481,192.247,ppo_car_spread_a_sampling
26.7804,0.03265,0.0000,0.2968,0.14123,0.14123,0.00000,0.0,1.0000,-23.8629,0.4741,-9.4509,192.249,ppo_car_spread_a_sampling
26.8004,0.03265,0.0000,0.2968,0.00358,0.00359,0.00000,0.0,1.0000,-23.8629,0.4741,-9.4509,192.249,ppo_car_spread_a_sampling
26.8204,0.03265,0.0000,0.2968,-0.01174,0.01174,0.31557,-62.3,1.0000,-23.8628,0.4741,-9.4506,192.252,ppo_car_spread_a_sampling
26.8404,0.11756,0.0000,0.2925,-0.02032,0.02032,0.39434,-62.3,1.0000,-23.8627,0.4741,-9.4502,192.248,ppo_car_spread_a_sampling
26.8604,0.14160,0.0000,0.2925,-0.03074,0.03075,0.23750,-61.4,1.0000,-23.8625,0.4741,-9.4495,192.244,ppo_car_spread_a_sampling
26.8804,0.14160,0.0000,0.2925,-0.03994,0.03997,0.39021,-61.4,1.0000,-23.8623,0.4741,-9.4487,192.242,ppo_car_spread_a_sampling
26.9004,0.14160,0.0000,0.2925,-0.05532,0.05534,0.25314,-61.4,1.0000,-23.8620,0.4741,-9.4475,192.241,ppo_car_spread_a_sampling
26.9204,0.05294,0.0488,0.0000,-0.06570,0.06574,0.36742,-61.4,1.0000,-23.8617,0.4741,-9.4462,192.236,ppo_car_spread_a_sampling
26.9404,-0.02245,0.0488,0.0000,-0.06460,0.06461,0.25391,25.6,1.0000,-23.8614,0.4741,-9.4449,192.236,ppo_car_spread_a_sampling
26.9604,-0.09993,0.0488,0.0000,-0.05582,0.05582,0.26328,25.6,1.0000,-23.8612,0.4741,-9.4438,192.233,ppo_car_spread_a_sampling
26.9804,-0.15828,0.0488,0.0000,-0.05085,0.05085,0.15611,25.6,1.0000,-23.8609,0.4741,-9.4428,192.232,ppo_car_spread_a_sampling
27.0004,-0.24583,0.0000,0.1594,-0.04791,0.04794,0.30601,25.6,1.0000,-23.8608,0.4741,-9.4419,192.232,ppo_car_spread_a_sampling
27.0204,-0.32148,0.0000,0.1594,-0.04926,0.04931,0.19471,-33.5,1.0000,-23.8606,0.4741,-9.4409,192.232,ppo_car_spread_a_sampling
27.0404,-0.38945,0.0000,0.1594,-0.05837,0.05850,0.22906,-33.5,1.0000,-23.8605,0.4741,-9.4397,192.237,ppo_car_spread_a_sampling
27.0604,-0.46929,0.0000,0.1594,-0.06723,0.06745,0.23185,-33.5,1.0000,-23.8603,0.4741,-9.4384,192.244,ppo_car_spread_a_sampling
27.0804,-0.41004,0.6363,0.0000,-0.06869,0.06896,0.37574,-33.5,1.0000,-23.8601,0.4741,-9.4371,192.250,ppo_car_spread_a_sampling
27.1004,-0.34771,0.6363,0.0000,-0.01362,0.01368,0.36074,334.1,1.0000,-23.8601,0.4741,-9.4369,192.251,ppo_car_spread_a_sampling
27.1204,-0.34771,0.6363,0.0000,0.05648,0.05664,0.21313,334.1,1.0000,-23.8603,0.4741,-9.4381,192.250,ppo_car_spread_a_sampling
27.1404,-0.34771,0.6363,0.0000,0.11335,0.11369,0.21242,334.1,1.0000,-23.8606,0.4741,-9.4405,192.241,ppo_car_spread_a_sampling
27.1604,-0.42890,0.0120,0.0000,0.17424,0.17472,0.57048,334.1,1.0000,-23.8611,0.4741,-9.4442,192.232,ppo_car_spread_a_sampling
27.1804,-0.50445,0.0120,0.0000,0.17674,0.17743,0.20178,6.3,1.0000,-23.8616,0.4741,-9.4478,192.219,ppo_car_spread_a_sampling
27.2004,-0.58715,0.0120,0.0000,0.17920,0.18009,0.27297,6.3,1.0000,-23.8620,0.4741,-9.4515,192.203,ppo_car_spread_a_sampling
27.2204,-0.65159,0.0120,0.0000,0.17895,0.18019,0.30353,6.3,1.0000,-23.8623,0.4741,-9.4552,192.184,ppo_car_spread_a_sampling
27.2404,-0.58493,0.1368,0.0000,0.17494,0.17652,0.49039,6.3,1.0000,-23.8626,0.4741,-9.4588,192.162,ppo_car_spread_a_sampling
27.2604,-0.50591,0.1368,0.0000,0.18734,0.18894,0.38254,71.8,1.0000,-23.8629,0.4741,-9.4626,192.140,ppo_car_spread_a_sampling
27.2804,-0.42235,0.1368,0.0000,0.20247,0.20391,0.37093,71.8,1.0000,-23.8632,0.4741,-9.4667,192.119,ppo_car_spread_a_sampling
27.3004,-0.34043,0.1368,0.0000,0.21771,0.21884,0.35293,71.8,1.0000,-23.8637,0.4741,-9.4711,192.096,ppo_car_spread_a_sampling
27.3204,-0.30692,0.0000,0.4938,0.23513,0.23597,0.17880,71.8,1.0000,-23.8643,0.4741,-9.4757,192.076,ppo_car_spread_a_sampling
27.3404,-0.20597,0.0000,0.4938,0.19209,0.19266,0.00000,0.0,1.0000,-23.8648,0.4741,-9.4795,192.068,ppo_car_spread_a_sampling
27.3604,-0.19381,0.0000,0.4938,0.00663,0.01073,0.00000,0.0,1.0000,-23.8646,0.4741,-9.4794,192.069,ppo_car_spread_a_sampling
27.3804,-0.19381,0.0000,0.4938,-0.01382,0.01401,0.21585,-103.7,1.0000,-23.8645,0.4741,-9.4790,192.070,ppo_car_spread_a_sampling
27.4004,-0.17682,0.0272,0.0000,-0.03316,0.03316,0.27123,-103.7,1.0000,-23.8644,0.4741,-9.4781,192.070,ppo_car_spread_a_sampling
27.4204,-0.17682,0.0272,0.0000,-0.03367,0.03368,0.29588,14.3,1.0000,-23.8643,0.4741,-9.4773,192.071,ppo_car_spread_a_sampling
27.4404,-0.17682,0.0272,0.0000,-0.02939,0.02941,0.27895,14.3,1.0000,-23.8641,0.4741,-9.4765,192.075,ppo_car_spread_a_sampling
27.4604,-0.17682,0.0272,0.0000,-0.02495,0.02496,0.24533,14.3,1.0000,-23.8641,0.4741,-9.4759,192.074,ppo_car_spread_a_sampling
27.4804,-0.27193,0.5601,0.0000,-0.02725,0.02727,0.23416,14.3,1.0000,-23.8640,0.4741,-9.4753,192.074,ppo_car_spread_a_sampling
27.5004,-0.34243,0.5601,0.0000,0.03473,0.03482,0.30615,294.0,1.0000,-23.8641,0.4741,-9.4760,192.076,ppo_car_spread_a_sampling
27.5204,-0.39795,0.5601,0.0000,0.08279,0.08303,0.40438,294.0,1.0000,-23.8643,0.4741,-9.4777,192.070,ppo_car_spread_a_sampling
27.5404,-0.48858,0.5601,0.0000,0.14427,0.14477,0.19657,294.0,1.0000,-23.8647,0.4741,-9.4807,192.059,ppo_car_spread_a_sampling
27.5604,-0.56001,0.0563,0.0000,0.19312,0.19409,0.32449,294.0,1.0000,-23.8651,0.4741,-9.4847,192.039,ppo_car_spread_a_sampling
27.5804,-0.57966,0.0563,0.0000,0.19073,0.19197,0.47641,29.6,1.0000,-23.8655,0.4741,-9.4886,192.018,ppo_car_spread_a_sampling
27.6004,-0.57966,0.0563,0.0000,0.20183,0.20345,0.45939,29.6,1.0000,-23.8658,0.4741,-9.4928,191.994,ppo_car_spread_a_sampling
27.6204,-0.57966,0.0563,0.0000,0.20472,0.20636,0.49550,29.6,1.0000,-23.8662,0.4741,-9.4970,191.971,ppo_car_spread_a_sampling
27.6404,-0.49241,0.0000,0.5579,0.20738,0.20910,0.50278,29.6,1.0000,-23.8665,0.4741,-9.5012,191.946,ppo_car_spread_a_sampling
27.6604,-0.42352,0.0000,0.5579,0.18470,0.18591,0.00000,0.0,1.0000,-23.8669,0.4741,-9.5050,191.933,ppo_car_spread_a_sampling
27.6804,-0.35058,0.0000,0.5579,0.00399,0.01181,0.00000,0.0,1.0000,-23.8666,0.4741,-9.5049,191.934,ppo_car_spread_a_sampling
27.7004,-0.27926,0.0000,0.5579,-0.01315,0.01345,0.19920,-117.2,1.0000,-23.8665,0.4741,-9.5046,191.934,ppo_car_spread_a_sampling
27.7204,-0.19645,0.9400,0.0000,-0.03192,0.03193,0.30137,-117.2,1.0000,-23.8664,0.4741,-9.5038,191.937,ppo_car_spread_a_sampling
27.7404,-0.11994,0.9400,0.0000,0.04689,0.04695,0.49242,493.5,1.0000,-23.8665,0.4741,-9.5047,191.937,ppo_car_spread_a_sampling
27.7604,-0.07346,0.9400,0.0000,0.14424,0.14429,0.26001,493.5,1.0000,-23.8671,0.4741,-9.5076,191.934,ppo_car_spread_a_sampling
27.7805,-0.07346,0.9400,0.0000,0.22657,0.22661,0.57404,493.5,1.0000,-23.8680,0.4741,-9.5122,191.928,ppo_car_spread_a_sampling
27.8005,-0.01426,0.0000,0.2333,0.32363,0.32367,0.60503,493.5,1.0000,-23.8692,0.4741,-9.5187,191.924,ppo_car_spread_a_sampling
27.8205,0.02346,0.0000,0.2333,0.25254,0.25255,0.36896,0.0,1.0000,-23.8703,0.4741,-9.5238,191.941,ppo_car_spread_a_sampling
27.8405,0.02346,0.0000,0.2333,0.19092,0.19092,0.00000,0.0,1.0000,-23.8711,0.4741,-9.5275,191.948,ppo_car_spread_a_sampling
27.8605,0.02346,0.0000,0.2333,0.00605,0.00605,0.00000,0.0,1.0000,-23.8710,0.4741,-9.5274,191.950,ppo_car_spread_a_sampling
27.8805,-0.03887,0.0000,0.3446,-0.00743,0.00743,0.30964,-49.0,1.0000,-23.8710,0.4741,-9.5272,191.951,ppo_car_spread_a_sampling
27.9005,-0.12023,0.0000,0.3446,-0.01785,0.01785,0.35323,-72.4,1.0000,-23.8709,0.4741,-9.5267,191.954,ppo_car_spread_a_sampling
27.9205,-0.19181,0.0000,0.3446,-0.02554,0.02555,0.39081,-72.4,1.0000,-23.8708,0.4741,-9.5261,191.955,ppo_car_spread_a_sampling
27.9405,-0.24655,0.0000,0.3446,-0.04318,0.04322,0.15846,-72.4,1.0000,-23.8706,0.4741,-9.5251,191.957,ppo_car_spread_a_sampling
27.9605,-0.15427,0.0919,0.0000,-0.05927,0.05935,0.22418,-72.4,1.0000,-23.8704,0.4741,-9.5238,191.963,ppo_car_spread_a_sampling
27.9805,-0.07930,0.0919,0.0000,-0.05335,0.05340,0.29104,48.2,1.0000,-23.8702,0.4741,-9.5227,191.965,ppo_car_spread_a_sampling
28.0005,-0.00072,0.0919,0.0000,-0.04458,0.04459,0.31018,48.2,1.0000,-23.8700,0.4741,-9.5218,191.967,ppo_car_spread_a_sampling
28.0205,0.06033,0.0919,0.0000,-0.03243,0.03243,0.21585,48.2,1.0000,-23.8699,0.4741,-9.5212,191.968,ppo_car_spread_a_sampling
28.0405,-0.02815,0.0000,0.1127,-0.02071,0.02071,0.37992,48.2,1.0000,-23.8698,0.4741,-9.5208,191.969,ppo_car_spread_a_sampling
28.0605,-0.09674,0.0000,0.1127,-0.02835,0.02835,0.30209,-23.7,1.0000,-23.8697,0.4741,-9.5203,191.969,ppo_car_spread_a_sampling
28.0805,-0.15797,0.0000,0.1127,-0.03450,0.03451,0.29455,-23.7,1.0000,-23.8696,0.4741,-9.5196,191.969,ppo_car_spread_a_sampling
28.1005,-0.23154,0.0000,0.1127,-0.03688,0.03690,0.09088,-23.7,1.0000,-23.8694,0.4741,-9.5189,191.971,ppo_car_spread_a_sampling
28.1205,-0.15157,0.0000,0.4338,-0.03598,0.03602,0.40788,-23.7,1.0000,-23.8693,0.4741,-9.5182,191.974,ppo_car_spread_a_sampling
28.1405,-0.06893,0.0000,0.4338,-0.05004,0.05008,0.33228,-91.1,1.0000,-23.8692,0.4741,-9.5173,191.974,ppo_car_spread_a_sampling
28.1605,-0.00851,0.0000,0.4338,-0.06883,0.06885,0.43566,-91.1,1.0000,-23.8689,0.4741,-9.5160,191.974,ppo_car_spread_a_sampling
28.1805,0.06152,0.0000,0.4338,-0.09030,0.09030,0.20572,-91.1,1.0000,-23.8685,0.4741,-9.5142,191.976,ppo_car_spread_a_sampling
28.2005,0.15528,0.0000,0.1897,-0.10116,0.10116,0.45664,-91.1,1.0000,-23.8681,0.4741,-9.5122,191.973,ppo_car_spread_a_sampling
28.2205,0.15528,0.0000,0.1897,-0.11421,0.11425,0.13737,-39.8,1.0000,-23.8675,0.4741,-9.5100,191.971,ppo_car_spread_a_sampling
28.2405,0.15528,0.0000,0.1897,-0.12045,0.12050,0.44850,-39.8,1.0000,-23.8670,0.4741,-9.5077,191.965,ppo_car_spread_a_sampling
28.2605,0.15528,0.0000,0.1897,-0.12819,0.12826,0.31072,-39.8,1.0000,-23.8663,0.4741,-9.5052,191.961,ppo_car_spread_a_sampling
28.2805,0.08545,0.0000,0.0362,-0.13282,0.13289,0.30061,-39.8,1.0000,-23.8657,0.4741,-9.5026,191.957,ppo_car_spread_a_sampling
28.3005,0.00753,0.0000,0.0362,-0.13728,0.13732,0.44214,-7.6,1.0000,-23.8651,0.4741,-9.4999,191.951,ppo_car_spread_a_sampling
28.3205,-0.02760,0.0000,0.0362,-0.13438,0.13438,0.43229,-7.6,1.0000,-23.8645,0.4741,-9.4973,191.952,ppo_car_spread_a_sampling
28.3405,-0.02760,0.0000,0.0362,-0.13879,0.13879,0.30368,-7.6,1.0000,-23.8639,0.4741,-9.4946,191.952,ppo_car_spread_a_sampling
28.3605,-0.11306,0.0704,0.0000,-0.13370,0.13370,0.46318,-7.6,1.0000,-23.8634,0.4741,-9.4921,191.955,ppo_car_spread_a_sampling
28.3805,-0.18607,0.0704,0.0000,-0.12996,0.12998,0.45606,36.9,1.0000,-23.8629,0.4741,-9.4895,191.953,ppo_car_spread_a_sampling
28.4005,-0.20682,0.0704,0.0000,-0.12498,0.12503,0.40263,36.9,1.0000,-23.8625,0.4741,-9.4871,191.955,ppo_car_spread_a_sampling
28.4205,-0.20682,0.0704,0.0000,-0.11584,0.11593,0.43902,36.9,1.0000,-23.8621,0.4741,-9.4849,191.963,ppo_car_spread_a_sampling
28.4405,-0.14604,0.0570,0.0000,-0.11020,0.11030,0.43390,36.9,1.0000,-23.8617,0.4741,-9.4827,191.973,ppo_car_spread_a_sampling
28.4605,-0.06464,0.0570,0.0000,-0.10736,0.10742,0.18505,29.9,1.0000,-23.8614,0.4741,-9.4807,191.978,ppo_car_spread_a_sampling
28.4805,-0.04305,0.0570,0.0000,-0.09996,0.09998,0.39954,29.9,1.0000,-23.8610,0.4741,-9.4787,191.982,ppo_car_spread_a_sampling
28.5005,-0.04305,0.0570,0.0000,-0.09867,0.09868,0.33512,29.9,1.0000,-23.8606,0.4741,-9.4768,191.981,ppo_car_spread_a_sampling
28.5205,-0.10135,0.0000,0.1498,-0.09526,0.09527,0.20301,29.9,1.0000,-23.8603,0.4741,-9.4750,191.982,ppo_car_spread_a_sampling
28.5405,-0.19301,0.0000,0.1498,-0.09418,0.09420,0.34308,-31.5,1.0000,-23.8599,0.4741,-9.4732,191.983,ppo_car_spread_a_sampling
28.5605,-0.25650,0.0000,0.1498,-0.10268,0.10273,0.19797,-31.5,1.0000,-23.8596,0.4741,-9.4712,191.989,ppo_car_spread_a_sampling
28.5805,-0.33713,0.0000,0.1498,-0.10871,0.10885,0.45492,-31.5,1.0000,-23.8592,0.4741,-9.4690,191.993,ppo_car_spread_a_sampling
28.6005,-0.39940,0.2476,0.0000,-0.11531,0.11556,0.15950,-31.5,1.0000,-23.8589,0.4741,-9.4667,192.001,ppo_car_spread_a_sampling
28.6205,-0.46346,0.2476,0.0000,-0.08827,0.08852,0.22874,130.0,1.0000,-23.8587,0.4741,-9.4650,192.005,ppo_car_spread_a_sampling
28.6405,-0.54433,0.2476,0.0000,-0.06445,0.06467,0.35337,130.0,1.0000,-23.8585,0.4741,-9.4637,192.007,ppo_car_spread_a_sampling
28.6605,-0.63048,0.2476,0.0000,-0.04317,0.04348,0.31807,130.0,1.0000,-23.8585,0.4741,-9.4629,192.010,ppo_car_spread_a_sampling
28.6805,-0.56950,0.3664,0.0000,-0.02268,0.02278,0.30822,130.0,1.0000,-23.8584,0.4741,-9.4625,192.014,ppo_car_spread_a_sampling
28.7005,-0.49307,0.3664,0.0000,0.02049,0.02079,0.40929,192.4,1.0000,-23.8584,0.4741,-9.4630,192.009,ppo_car_spread_a_sampling
28.7205,-0.40581,0.3664,0.0000,0.05663,0.05697,0.19203,192.4,1.0000,-23.8586,0.4741,-9.4642,192.003,ppo_car_spread_a_sampling
28.7405,-0.32861,0.3664,0.0000,0.08855,0.08893,0.11638,192.4,1.0000,-23.8588,0.4741,-9.4661,191.995,ppo_car_spread_a_sampling
28.7605,-0.26792,0.0000,0.6385,0.13038,0.13076,0.13202,192.4,1.0000,-23.8591,0.4741,-9.4688,191.987,ppo_car_spread_a_sampling
28.7805,-0.19579,0.0000,0.6385,0.10334,0.10357,0.00000,0.0,1.0000,-23.8594,0.4741,-9.4709,191.982,ppo_car_spread_a_sampling
28.8005,-0.11490,0.0000,0.6385,0.00269,0.00473,0.00000,0.0,1.0000,-23.8593,0.4741,-9.4709,191.983,ppo_car_spread_a_sampling
28.8205,-0.08239,0.0000,0.6385,-0.01946,0.01947,0.34259,-134.1,1.0000,-23.8592,0.4741,-9.4704,191.986,ppo_car_spread_a_sampling
28.8405,-0.15420,0.3488,0.0000,-0.04964,0.04965,0.24960,-134.1,1.0000,-23.8590,0.4741,-9.4693,191.989,ppo_car_spread_a_sampling
28.8605,-0.18727,0.3488,0.0000,-0.01528,0.01528,0.33449,183.1,1.0000,-23.8589,0.4741,-9.4689,191.992,ppo_car_spread_a_sampling
28.8805,-0.18727,0.3488,0.0000,0.02412,0.02414,0.29395,183.1,1.0000,-23.8590,0.4741,-9.4694,191.988,ppo_car_spread_a_sampling
28.9005,-0.18727,0.3488,0.0000,0.04921,0.04925,0.45042,183.1,1.0000,-23.8592,0.4741,-9.4703,191.985,ppo_car_spread_a_sampling
28.9205,-0.27344,0.0000,0.0094,0.08661,0.08670,0.33311,183.1,1.0000,-23.8595,0.4741,-9.4721,191.983,ppo_car_spread_a_sampling
28.9405,-0.34692,0.0000,0.0094,0.08721,0.08735,0.33507,-2.0,1.0000,-23.8597,0.4741,-9.4738,191.977,ppo_car_spread_a_sampling
28.9605,-0.42225,0.0000,0.0094,0.09070,0.09093,0.21404,-2.0,1.0000,-23.8600,0.4741,-9.4756,191.971,ppo_car_spread_a_sampling
28.9805,-0.47971,0.0000,0.0094,0.08137,0.08169,0.43073,-2.0,1.0000,-23.8601,0.4741,-9.4772,191.965,ppo_car_spread_a_sampling
29.0005,-0.41221,0.0000,0.0657,0.08705,0.08745,0.43572,-2.0,1.0000,-23.8603,0.4741,-9.4790,191.961,ppo_car_spread_a_sampling
29.0205,-0.33248,0.0000,0.0657,0.08593,0.08626,0.19346,-13.8,1.0000,-23.8605,0.4741,-9.4806,191.953,ppo_car_spread_a_sampling
29.0405,-0.25559,0.0000,0.0657,0.08374,0.08400,0.24777,-13.8,1.0000,-23.8608,0.4741,-9.4823,191.945,ppo_car_spread_a_sampling
29.0605,-0.18386,0.0000,0.0657,0.08038,0.08056,0.34964,-13.8,1.0000,-23.8610,0.4741,-9.4839,191.937,ppo_car_spread_a_sampling
29.0805,-0.11553,0.1405,0.0000,0.07782,0.07791,0.35440,-13.8,1.0000,-23.8612,0.4741,-9.4854,191.937,ppo_car_spread_a_sampling
29.1005,-0.03544,0.1405,0.0000,0.08319,0.08324,0.44223,73.8,1.0000,-23.8615,0.4741,-9.4870,191.933,ppo_car_spread_a_sampling
29.1205,0.05057,0.1405,0.0000,0.10825,0.10827,0.18890,73.8,1.0000,-23.8619,0.4741,-9.4891,191.934,ppo_car_spread_a_sampling
29.1405,0.12876,0.1405,0.0000,0.11865,0.11865,0.25842,73.8,1.0000,-23.8625,0.4741,-9.4914,191.932,ppo_car_spread_a_sampling
29.1605,0.07213,0.1637,0.0000,0.13126,0.13128,0.32470,73.8,1.0000,-23.8631,0.4741,-9.4940,191.932,ppo_car_spread_a_sampling
29.1805,-0.00125,0.1637,0.0000,0.14660,0.14661,0.48964,85.9,1.0000,-23.8637,0.4741,-9.4969,191.933,ppo_car_spread_a_sampling
29.2005,-0.08047,0.1637,0.0000,0.15986,0.15986,0.35007,85.9,1.0000,-23.8644,0.4741,-9.5000,191.933,ppo_car_spread_a_sampling
29.2205,-0.15808,0.1637,0.0000,0.17921,0.17922,0.26551,85.9,1.0000,-23.8651,0.4741,-9.5036,191.931,ppo_car_spread_a_sampling
29.2405,-0.21990,0.0000,0.1798,0.19766,0.19773,0.15746,85.9,1.0000,-23.8659,0.4741,-9.5075,191.926,ppo_car_spread_a_sampling
29.2605,-0.30154,0.0000,0.1798,0.19337,0.19352,0.00000,0.0,1.0000,-23.8665,0.4741,-9.5113,191.921,ppo_car_spread_a_sampling
29.2805,-0.34764,0.0000,0.1798,0.00538,0.00824,0.00000,0.0,1.0000,-23.8663,0.4741,-9.5113,191.922,ppo_car_spread_a_sampling
29.3005,-0.34764,0.0000,0.1798,0.00182,0.00242,0.35053,-37.7,1.0000,-23.8663,0.4741,-9.5112,191.925,ppo_car_spread_a_sampling
29.3205,-0.28302,0.0688,0.0000,-0.00396,0.00398,0.34727,-37.7,1.0000,-23.8663,0.4741,-9.5110,191.923,ppo_car_spread_a_sampling
29.3405,-0.22552,0.0688,0.0000,0.00321,0.00321,0.33787,36.1,1.0000,-23.8662,0.4741,-9.5110,191.922,ppo_car_spread_a_sampling
29.3605,-0.13774,0.0688,0.0000,0.00169,0.00169,0.28919,36.1,1.0000,-23.8662,0.4741,-9.5110,191.919,ppo_car_spread_a_sampling
29.3805,-0.05373,0.0688,0.0000,0.01659,0.01660,0.33572,36.1,1.0000,-23.8663,0.4741,-9.5112,191.920,ppo_car_spread_a_sampling
29.4005,-0.11345,0.0000,0.0029,0.01547,0.01547,0.18298,36.1,1.0000,-23.8664,0.4741,-9.5115,191.920,ppo_car_spread_a_sampling
29.4205,-0.20316,0.0000,0.0029,0.01547,0.01547,0.38241,-0.6,1.0000,-23.8664,0.4741,-9.5118,191.917,ppo_car_spread_a_sampling
29.4405,-0.26268,0.0000,0.0029,0.02251,0.02253,0.30937,-0.6,1.0000,-23.8665,0.4741,-9.5123,191.917,ppo_car_spread_a_sampling
29.4605,-0.33654,0.0000,0.0029,0.01601,0.01602,0.38825,-0.6,1.0000,-23.8665,0.4741,-9.5126,191.916,ppo_car_spread_a_sampling
29.4805,-0.27242,0.2827,0.0000,0.01899,0.01903,0.30420,-0.6,1.0000,-23.8666,0.4741,-9.5130,191.914,ppo_car_spread_a_sampling
29.5005,-0.19126,0.2827,0.0000,0.03880,0.03887,0.35944,148.4,1.0000,-23.8667,0.4741,-9.5138,191.912,ppo_car_spread_a_sampling
29.5205,-0.14386,0.2827,0.0000,0.07712,0.07719,0.17806,148.4,1.0000,-23.8670,0.4741,-9.5154,191.910,ppo_car_spread_a_sampling
29.5405,-0.14386,0.2827,0.0000,0.09900,0.09905,0.32130,148.4,1.0000,-23.8673,0.4741,-9.5174,191.907,ppo_car_spread_a_sampling
29.5605,-0.08368,0.1178,0.0000,0.12648,0.12655,0.17306,148.4,1.0000,-23.8678,0.4741,-9.5200,191.904,ppo_car_spread_a_sampling
29.5805,0.00414,0.1178,0.0000,0.13988,0.13992,0.17647,61.9,1.0000,-23.8683,0.4741,-9.5229,191.899,ppo_car_spread_a_sampling
29.6005,0.05921,0.1178,0.0000,0.14367,0.14368,0.38366,61.9,1.0000,-23.8689,0.4741,-9.5258,191.898,ppo_car_spread_a_sampling
29.6205,0.07757,0.1178,0.0000,0.16341,0.16341,0.24007,61.9,1.0000,-23.8696,0.4741,-9.5290,191.899,ppo_car_spread_a_sampling
29.6405,0.00811,0.2712,0.0000,0.16857,0.16859,0.35486,61.9,1.0000,-23.8704,0.4741,-9.5324,191.902,ppo_car_spread_a_sampling
29.6605,-0.05454,0.2712,0.0000,0.20032,0.20033,0.50684,142.4,1.0000,-23.8712,0.4741,-9.5364,191.901,ppo_car_spread_a_sampling
29.6805,-0.13867,0.2712,0.0000,0.22228,0.22228,0.53445,142.4,1.0000,-23.8721,0.4741,-9.5408,191.902,ppo_car_spread_a_sampling
29.7005,-0.15850,0.2712,0.0000,0.24818,0.24823,0.44437,142.4,1.0000,-23.8731,0.4741,-9.5458,191.899,ppo_car_spread_a_sampling
29.7205,-0.17550,0.0000,0.8844,0.27250,0.27263,0.57447,142.4,1.0000,-23.8740,0.4741,-9.5512,191.894,ppo_car_spread_a_sampling
29.7405,-0.17550,0.0000,0.8844,0.19301,0.19311,0.00000,0.0,1.0000,-23.8747,0.4741,-9.5550,191.891,ppo_car_spread_a_sampling
29.7605,-0.17550,0.0000,0.8844,0.00655,0.00810,0.00000,0.0,1.0000,-23.8746,0.4741,-9.5549,191.892,ppo_car_spread_a_sampling
29.7805,-0.17550,0.0000,0.8844,-0.02417,0.02418,0.25843,-185.7,1.0000,-23.8744,0.4741,-9.5542,191.896,ppo_car_spread_a_sampling
29.8005,-0.25412,0.0000,0.1529,-0.06268,0.06271,0.26427,-185.7,1.0000,-23.8742,0.4741,-9.5528,191.897,ppo_car_spread_a_sampling
29.8205,-0.27623,0.0000,0.1529,-0.07078,0.07085,0.40878,-32.1,1.0000,-23.8739,0.4741,-9.5512,191.902,ppo_car_spread_a_sampling
29.8405,-0.27623,0.0000,0.1529,-0.07353,0.07363,0.40902,-32.1,1.0000,-23.8737,0.4741,-9.5496,191.906,ppo_car_spread_a_sampling
29.8605,-0.27623,0.0000,0.1529,-0.07810,0.07821,0.42521,-32.1,1.0000,-23.8734,0.4741,-9.5480,191.909,ppo_car_spread_a_sampling
29.8805,-0.20581,0.0000,0.3065,-0.09231,0.09246,0.22102,-32.1,1.0000,-23.8731,0.4741,-9.5460,191.914,ppo_car_spread_a_sampling
29.9005,-0.12096,0.0000,0.3065,-0.09480,0.09493,0.46797,-64.4,1.0000,-23.8728,0.4741,-9.5441,191.918,ppo_car_spread_a_sampling
29.9205,-0.03933,0.0000,0.3065,-0.11125,0.11132,0.18750,-64.4,1.0000,-23.8724,0.4741,-9.5418,191.923,ppo_car_spread_a_sampling
29.9405,0.02562,0.0000,0.3065,-0.12041,0.12043,0.21682,-64.4,1.0000,-23.8720,0.4741,-9.5394,191.925,ppo_car_spread_a_sampling
29.9605,-0.03971,0.0000,0.0924,-0.13165,0.13165,0.43945,-64.4,1.0000,-23.8714,0.4741,-9.5368,191.928,ppo_car_spread_a_sampling
29.9805,-0.09094,0.0000,0.0924,-0.13520,0.13520,0.41328,-19.4,1.0000,-23.8709,0.4741,-9.5342,191.930,ppo_car_spread_a_sampling
30.0005,-0.09094,0.0000,0.0924,-0.14178,0.14180,0.36708,-19.4,1.0000,-23.8703,0.4741,-9.5314,191.931,ppo_car_spread_a_sampling
30.0205,-0.09094,0.0000,0.0924,-0.14579,0.14582,0.19655,-19.4,1.0000,-23.8698,0.4741,-9.5286,191.932,ppo_car_spread_a_sampling
30.0405,-0.03023,0.0000,0.2581,-0.14556,0.14559,0.43992,-19.4,1.0000,-23.8692,0.4741,-9.5258,191.938,ppo_car_spread_a_sampling
30.0605,0.03807,0.0000,0.2581,-0.15763,0.15764,0.34215,-54.2,1.0000,-23.8686,0.4741,-9.5227,191.939,ppo_car_spread_a_sampling
30.0805,0.12889,0.0000,0.2581,-0.16603,0.16603,0.36187,-54.2,1.0000,-23.8679,0.4741,-9.5195,191.939,ppo_car_spread_a_sampling
30.1005,0.18241,0.0000,0.2581,-0.17333,0.17336,0.49393,-54.2,1.0000,-23.8672,0.4741,-9.5162,191.935,ppo_car_spread_a_sampling
30.1205,0.27271,0.0000,0.1154,-0.19077,0.19087,0.22391,-54.2,1.0000,-23.8662,0.4741,-9.5125,191.930,ppo_car_spread_a_sampling
30.1405,0.33349,0.0000,0.1154,-0.19025,0.19048,0.46691,-24.2,1.0000,-23.8653,0.4741,-9.5089,191.924,ppo_car_spread_a_sampling
30.1605,0.40204,0.0000,0.1154,-0.19392,0.19428,0.38366,-24.2,1.0000,-23.8642,0.4741,-9.5052,191.914,ppo_car_spread_a_sampling
30.1805,0.49939,0.0000,0.1154,-0.19883,0.19942,0.33202,-24.2,1.0000,-23.8631,0.4741,-9.5014,191.903,ppo_car_spread_a_sampling
30.2005,0.43898,0.5291,0.0000,-0.20415,0.20506,0.39382,-24.2,1.0000,-23.8619,0.4741,-9.4975,191.887,ppo_car_spread_a_sampling
30.2205,0.34995,0.5291,0.0000,-0.15451,0.15525,0.28370,277.8,1.0000,-23.8609,0.4741,-9.4947,191.875,ppo_car_spread_a_sampling
30.2405,0.28721,0.5291,0.0000,-0.09780,0.09819,0.33653,277.8,1.0000,-23.8604,0.4741,-9.4929,191.867,ppo_car_spread_a_sampling
30.2605,0.24957,0.5291,0.0000,-0.05532,0.05552,0.29514,277.8,1.0000,-23.8601,0.4741,-9.4920,191.863,ppo_car_spread_a_sampling
30.2805,0.20449,0.0960,0.0000,-0.00383,0.00395,0.41526,277.8,1.0000,-23.8601,0.4741,-9.4921,191.863,ppo_car_spread_a_sampling
30.3005,0.20449,0.0960,0.0000,0.01212,0.01212,0.20092,50.4,1.0000,-23.8602,0.4741,-9.4925,191.862,ppo_car_spread_a_sampling
30.3205,0.20449,0.0960,0.0000,0.02167,0.02168,0.32543,50.4,1.0000,-23.8604,0.4741,-9.4930,191.863,ppo_car_spread_a_sampling
30.3405,0.20449,0.0960,0.0000,0.02860,0.02863,0.27464,50.4,1.0000,-23.8606,0.4741,-9.4937,191.867,ppo_car_spread_a_sampling
30.3605,0.11564,0.0551,0.0000,0.03573,0.03576,0.20708,50.4,1.0000,-23.8608,0.4741,-9.4944,191.871,ppo_car_spread_a_sampling
30.3805,0.03598,0.0551,0.0000,0.03852,0.03854,0.40106,28.9,1.0000,-23.8610,0.4741,-9.4952,191.875,ppo_car_spread_a_sampling
30.4005,-0.02066,0.0551,0.0000,0.04409,0.04410,0.38314,28.9,1.0000,-23.8612,0.4741,-9.4961,191.878,ppo_car_spread_a_sampling
30.4205,-0.10040,0.0551,0.0000,0.05193,0.05193,0.22800,28.9,1.0000,-23.8614,0.4741,-9.4972,191.879,ppo_car_spread_a_sampling
30.4405,-0.18014,0.1763,0.0000,0.06246,0.06247,0.30632,28.9,1.0000,-23.8617,0.4741,-9.4984,191.880,ppo_car_spread_a_sampling
30.4605,-0.24238,0.1763,0.0000,0.07343,0.07347,0.18655,92.5,1.0000,-23.8619,0.4741,-9.4998,191.879,ppo_car_spread_a_sampling
30.4805,-0.32546,0.1763,0.0000,0.09798,0.09809,0.18498,92.5,1.0000,-23.8622,0.4741,-9.5018,191.874,ppo_car_spread_a_sampling
30.5005,-0.40238,0.1763,0.0000,0.11136,0.11158,0.37773,92.5,1.0000,-23.8625,0.4741,-9.5040,191.869,ppo_car_spread_a_sampling
30.5205,-0.32569,0.0000,0.8363,0.12692,0.12731,0.24672,92.5,1.0000,-23.8629,0.4741,-9.5065,191.860,ppo_car_spread_a_sampling
30.5405,-0.26221,0.0000,0.8363,0.13772,0.13812,0.00000,0.0,1.0000,-23.8632,0.4741,-9.5092,191.851,ppo_car_spread_a_sampling
30.5605,-0.18246,0.0000,0.8363,0.00449,0.00762,0.00000,0.0,1.0000,-23.8630,0.4741,-9.5092,191.852,ppo_car_spread_a_sampling
30.5805,-0.15104,0.0000,0.8363,-0.02201,0.02204,0.41892,-175.6,1.0000,-23.8629,0.4741,-9.5086,191.857,ppo_car_spread_a_sampling
30.6005,-0.21980,0.5696,0.0000,-0.05848,0.05850,0.23447,-175.6,1.0000,-23.8627,0.4741,-9.5072,191.860,ppo_car_spread_a_sampling
30.6205,-0.28210,0.5696,0.0000,-0.01183,0.01183,0.31745,299.1,1.0000,-23.8626,0.4741,-9.5069,191.863,ppo_car_spread_a_sampling
30.6405,-0.34563,0.5696,0.0000,0.04898,0.04908,0.30239,299.1,1.0000,-23.8627,0.4741,-9.5078,191.861,ppo_car_spread_a_sampling
30.6605,-0.44485,0.5696,0.0000,0.10315,0.10344,0.33490,299.1,1.0000,-23.8630,0.4741,-9.5099,191.857,ppo_car_spread_a_sampling
30.6805,-0.37857,0.3818,0.0000,0.15655,0.15723,0.50554,299.1,1.0000,-23.8634,0.4741,-9.5131,191.841,ppo_car_spread_a_sampling
30.7005,-0.30408,0.3818,0.0000,0.19559,0.19631,0.26618,200.5,1.0000,-23.8638,0.4741,-9.5171,191.826,ppo_car_spread_a_sampling
30.7205,-0.21961,0.3818,0.0000,0.22466,0.22526,0.53940,200.5,1.0000,-23.8644,0.4741,-9.5216,191.810,ppo_car_spread_a_sampling
30.7405,-0.14491,0.3818,0.0000,0.26335,0.26378,0.60583,200.5,1.0000,-23.8652,0.4741,-9.5269,191.799,ppo_car_spread_a_sampling
30.7605,-0.07855,0.0000,0.2031,0.31101,0.31126,0.22569,200.5,1.0000,-23.8663,0.4741,-9.5332,191.788,ppo_car_spread_a_sampling
30.7805,-0.00450,0.0000,0.2031,0.24847,0.24855,0.26740,0.0,1.0000,-23.8672,0.4741,-9.5381,191.764,ppo_car_spread_a_sampling
30.8005,0.06702,0.0000,0.2031,0.19014,0.19016,0.00000,0.0,1.0000,-23.8679,0.4741,-9.5418,191.758,ppo_car_spread_a_sampling
30.8205,0.14550,0.0000,0.2031,0.00696,0.00696,0.00000,0.0,1.0000,-23.8679,0.4741,-9.5417,191.759,ppo_car_spread_a_sampling
30.8405,0.20961,0.0000,0.3550,-0.00650,0.00652,0.30711,-42.7,1.0000,-23.8678,0.4741,-9.5414,191.760,ppo_car_spread_a_sampling
30.8605,0.28615,0.0000,0.3550,-0.01540,0.01544,0.40359,-74.6,1.0000,-23.8677,0.4741,-9.5409,191.761,ppo_car_spread_a_sampling
30.8805,0.35280,0.0000,0.3550,-0.02457,0.02463,0.36105,-74.6,1.0000,-23.8676,0.4741,-9.5403,191.759,ppo_car_spread_a_sampling
30.9005,0.35280,0.0000,0.3550,-0.03995,0.04009,0.25089,-74.6,1.0000,-23.8673,0.4741,-9.5394,191.757,ppo_car_spread_a_sampling
30.9205,0.28842,0.5118,0.0000,-0.05442,0.05458,0.35473,-74.6,1.0000,-23.8670,0.4741,-9.5382,191.752,ppo_car_spread_a_sampling
30.9405,0.21850,0.5118,0.0000,-0.01635,0.01640,0.40158,268.7,1.0000,-23.8669,0.4741,-9.5379,191.753,ppo_car_spread_a_sampling
30.9605,0.21850,0.5118,0.0000,0.04358,0.04361,0.33925,268.7,1.0000,-23.8671,0.4741,-9.5387,191.751,ppo_car_spread_a_sampling
30.9805,0.21850,0.5118,0.0000,0.09436,0.09445,0.18609,268.7,1.0000,-23.8676,0.4741,-9.5406,191.754,ppo_car_spread_a_sampling
31.0005,0.12192,0.0000,0.2216,0.14081,0.14096,0.27962,268.7,1.0000,-23.8684,0.4741,-9.5435,191.759,ppo_car_spread_a_sampling
31.0205,0.06767,0.0000,0.2216,0.16855,0.16864,0.00000,0.0,1.0000,-23.8692,0.4741,-9.5469,191.768,ppo_car_spread_a_sampling
31.0405,-0.01288,0.0000,0.2216,0.00327,0.00433,0.00000,0.0,1.0000,-23.8692,0.4741,-9.5469,191.769,ppo_car_spread_a_sampling
31.0605,-0.07036,0.0000,0.2216,-0.00700,0.00706,0.16684,-46.5,1.0000,-23.8692,0.4741,-9.5467,191.768,ppo_car_spread_a_sampling
31.0805,-0.05773,0.0000,0.0735,-0.01375,0.01376,0.23245,-46.5,1.0000,-23.8692,0.4741,-9.5464,191.771,ppo_car_spread_a_sampling
31.1005,-0.05773,0.0000,0.0735,-0.01775,0.01775,0.26080,-15.4,1.0000,-23.8691,0.4741,-9.5461,191.771,ppo_car_spread_a_sampling
31.1205,-0.05773,0.0000,0.0735,-0.02593,0.02593,0.31496,-15.4,1.0000,-23.8690,0.4741,-9.5455,191.772,ppo_car_spread_a_sampling
31.1405,-0.05773,0.0000,0.0735,-0.02273,0.02273,0.18427,-15.4,1.0000,-23.8689,0.4741,-9.5451,191.774,ppo_car_spread_a_sampling
31.1605,0.03729,0.7622,0.0000,-0.03020,0.03020,0.23667,-15.4,1.0000,-23.8688,0.4741,-9.5445,191.772,ppo_car_spread_a_sampling
31.1805,0.09382,0.7622,0.0000,0.05270,0.05270,0.19817,400.1,1.0000,-23.8690,0.4741,-9.5456,191.772,ppo_car_spread_a_sampling
31.2005,0.13554,0.7622,0.0000,0.12364,0.12367,0.27226,400.1,1.0000,-23.8696,0.4741,-9.5482,191.775,ppo_car_spread_a_sampling
31.2205,0.13554,0.7622,0.0000,0.18919,0.18926,0.59062,400.1,1.0000,-23.8705,0.4741,-9.5520,191.780,ppo_car_spread_a_sampling
31.2405,0.05720,0.0000,0.0169,0.26269,0.26280,0.62630,400.1,1.0000,-23.8718,0.4741,-9.5574,191.788,ppo_car_spread_a_sampling
31.2605,-0.00832,0.0000,0.0169,0.18945,0.18949,0.00000,0.0,1.0000,-23.8727,0.4741,-9.5611,191.792,ppo_car_spread_a_sampling
31.2805,-0.08977,0.0000,0.0169,0.00469,0.00490,0.00000,0.0,1.0000,-23.8727,0.4741,-9.5611,191.793,ppo_car_spread_a_sampling
31.3005,-0.14822,0.0000,0.0169,0.00318,0.00322,0.31280,-3.6,1.0000,-23.8727,0.4741,-9.5611,191.795,ppo_car_spread_a_sampling
31.3205,-0.07907,0.1139,0.0000,0.00434,0.00435,0.23732,-3.6,1.0000,-23.8727,0.4741,-9.5611,191.794,ppo_car_spread_a_sampling
31.3405,-0.07907,0.1139,0.0000,0.01227,0.01227,0.17966,59.8,1.0000,-23.8727,0.4741,-9.5613,191.794,ppo_car_spread_a_sampling
31.3605,-0.07907,0.1139,0.0000,0.02825,0.02825,0.08951,59.8,1.0000,-23.8728,0.4741,-9.5618,191.793,ppo_car_spread_a_sampling
31.3805,-0.07907,0.1139,0.0000,0.03979,0.03979,0.33050,59.8,1.0000,-23.8729,0.4741,-9.5626,191.794,ppo_car_spread_a_sampling
31.4005,-0.07800,0.0827,0.0000,0.04011,0.04012,0.34732,59.8,1.0000,-23.8731,0.4741,-9.5634,191.794,ppo_car_spread_a_sampling
31.4205,-0.07800,0.0827,0.0000,0.04918,0.04919,0.41993,43.4,1.0000,-23.8733,0.4741,-9.5643,191.792,ppo_car_spread_a_sampling
31.4405,-0.07800,0.0827,0.0000,0.06935,0.06936,0.25220,43.4,1.0000,-23.8735,0.4741,-9.5657,191.793,ppo_car_spread_a_sampling
31.4605,-0.07800,0.0827,0.0000,0.07043,0.07044,0.24785,43.4,1.0000,-23.8738,0.4741,-9.5671,191.790,ppo_car_spread_a_sampling
31.4805,-0.07113,0.3807,0.0000,0.07136,0.07137,0.43624,43.4,1.0000,-23.8740,0.4741,-9.5685,191.790,ppo_car_spread_a_sampling
31.5005,-0.07113,0.3807,0.0000,0.11711,0.11712,0.45855,199.8,1.0000,-23.8745,0.4741,-9.5709,191.790,ppo_car_spread_a_sampling
31.5205,-0.07113,0.3807,0.0000,0.14921,0.14923,0.51772,199.8,1.0000,-23.8751,0.4741,-9.5739,191.786,ppo_car_spread_a_sampling
31.5405,-0.07113,0.3807,0.0000,0.18382,0.18385,0.49284,199.8,1.0000,-23.8758,0.4741,-9.5775,191.784,ppo_car_spread_a_sampling
31.5605,-0.14486,0.1043,0.0000,0.22921,0.22924,0.45001,199.8,1.0000,-23.8767,0.4741,-9.5822,191.779,ppo_car_spread_a_sampling
31.5805,-0.19403,0.1043,0.0000,0.23706,0.23714,0.49942,54.8,1.0000,-23.8775,0.4741,-9.5869,191.774,ppo_car_spread_a_sampling
31.6005,-0.27860,0.1043,0.0000,0.24487,0.24502,0.51359,54.8,1.0000,-23.8784,0.4741,-9.5918,191.767,ppo_car_spread_a_sampling
31.6205,-0.34405,0.1043,0.0000,0.24844,0.24876,0.54156,54.8,1.0000,-23.8791,0.4741,-9.5968,191.755,ppo_car_spread_a_sampling
31.6405,-0.25374,0.0000,0.2444,0.25731,0.25785,0.56100,54.8,1.0000,-23.8798,0.4741,-9.6019,191.740,ppo_car_spread_a_sampling
31.6605,-0.19988,0.0000,0.2444,0.19210,0.19245,0.00000,0.0,1.0000,-23.8804,0.4741,-9.6057,191.732,ppo_car_spread_a_sampling
31.6805,-0.11098,0.0000,0.2444,0.00658,0.00966,0.00000,0.0,1.0000,-23.8802,0.4741,-9.6056,191.733,ppo_car_spread_a_sampling
31.7005,-0.04644,0.0000,0.2444,-0.00546,0.00585,0.27335,-51.3,1.0000,-23.8801,0.4741,-9.6053,191.730,ppo_car_spread_a_sampling
31.7205,0.01186,0.0000,0.2864,-0.00800,0.00803,0.36880,-51.3,1.0000,-23.8800,0.4741,-9.6050,191.731,ppo_car_spread_a_sampling
31.7405,0.09478,0.0000,0.2864,-0.01969,0.01969,0.38302,-60.2,1.0000,-23.8799,0.4741,-9.6044,191.732,ppo_car_spread_a_sampling
31.7605,0.17111,0.0000,0.2864,-0.03937,0.03938,0.28658,-60.2,1.0000,-23.8798,0.4741,-9.6035,191.730,ppo_car_spread_a_sampling
31.7805,0.21102,0.0000,0.2864,-0.04277,0.04279,0.32716,-60.2,1.0000,-23.8795,0.4741,-9.6026,191.730,ppo_car_spread_a_sampling
31.8005,0.26085,0.0024,0.0000,-0.05625,0.05631,0.18650,-60.2,1.0000,-23.8792,0.4741,-9.6014,191.729,ppo_car_spread_a_sampling
31.8205,0.26085,0.0024,0.0000,-0.05626,0.05634,0.23935,1.3,1.0000,-23.8790,0.4741,-9.6003,191.726,ppo_car_spread_a_sampling
31.8405,0.26085,0.0024,0.0000,-0.04965,0.04974,0.42609,1.3,1.0000,-23.8787,0.4741,-9.5993,191.723,ppo_car_spread_a_sampling
31.8605,0.26085,0.0024,0.0000,-0.05185,0.05194,0.21749,1.3,1.0000,-23.8784,0.4741,-9.5983,191.721,ppo_car_spread_a_sampling
31.8805,0.19685,0.0018,0.0000,-0.06001,0.06009,0.29197,1.3,1.0000,-23.8781,0.4741,-9.5971,191.720,ppo_car_spread_a_sampling
31.9005,0.12263,0.0018,0.0000,-0.05834,0.05841,0.24347,0.9,1.0000,-23.8778,0.4741,-9.5960,191.718,ppo_car_spread_a_sampling
31.9205,0.05751,0.0018,0.0000,-0.04865,0.04868,0.36307,0.9,1.0000,-23.8776,0.4741,-9.5951,191.717,ppo_car_spread_a_sampling
31.9405,-0.02915,0.0018,0.0000,-0.05814,0.05815,0.26383,0.9,1.0000,-23.8774,0.4741,-9.5940,191.715,ppo_car_spread_a_sampling
31.9605,0.03724,0.0000,0.4278,-0.06179,0.06179,0.26003,0.9,1.0000,-23.8771,0.4741,-9.5928,191.713,ppo_car_spread_a_sampling
31.9805,0.11283,0.0000,0.4278,-0.07064,0.07064,0.38603,-89.8,1.0000,-23.8768,0.4741,-9.5915,191.712,ppo_car_spread_a_sampling
32.0005,0.19007,0.0000,0.4278,-0.08147,0.08149,0.39275,-89.8,1.0000,-23.8765,0.4741,-9.5899,191.710,ppo_car_spread_a_sampling
32.0205,0.26464,0.0000,0.4278,-0.10346,0.10354,0.40175,-89.8,1.0000,-23.8760,0.4741,-9.5879,191.705,ppo_car_spread_a_sampling
32.0405,0.18026,0.0000,0.0650,-0.12048,0.12064,0.44010,-89.8,1.0000,-23.8754,0.4741,-9.5856,191.697,ppo_car_spread_a_sampling
32.0605,0.12533,0.0000,0.0650,-0.12182,0.12193,0.36355,-13.6,1.0000,-23.8748,0.4741,-9.5833,191.690,ppo_car_spread_a_sampling
32.0805,0.04418,0.0000,0.0650,-0.12198,0.12204,0.45805,-13.6,1.0000,-23.8742,0.4741,-9.5809,191.686,ppo_car_spread_a_sampling
32.1005,-0.03191,0.0000,0.0650,-0.13199,0.13201,0.29370,-13.6,1.0000,-23.8736,0.4741,-9.5784,191.681,ppo_car_spread_a_sampling
32.1205,-0.11349,0.2496,0.0000,-0.13659,0.13659,0.13980,-13.6,1.0000,-23.8731,0.4741,-9.5757,191.681,ppo_car_spread_a_sampling
32.1405,-0.18734,0.2496,0.0000,-0.11274,0.11275,0.21027,131.0,1.0000,-23.8727,0.4741,-9.5735,191.681,ppo_car_spread_a_sampling
32.1606,-0.24137,0.2496,0.0000,-0.08463,0.08466,0.30191,131.0,1.0000,-23.8724,0.4741,-9.5719,191.681,ppo_car_spread_a_sampling
32.1806,-0.32935,0.2496,0.0000,-0.06259,0.06262,0.27283,131.0,1.0000,-23.8722,0.4741,-9.5708,191.684,ppo_car_spread_a_sampling
32.2006,-0.24728,0.0000,0.0899,-0.03941,0.03947,0.24545,131.0,1.0000,-23.8721,0.4741,-9.5701,191.685,ppo_car_spread_a_sampling
32.2206,-0.17415,0.0000,0.0899,-0.03542,0.03546,0.17907,-18.9,1.0000,-23.8720,0.4741,-9.5695,191.689,ppo_car_spread_a_sampling
32.2406,-0.11484,0.0000,0.0899,-0.04174,0.04178,0.16978,-18.9,1.0000,-23.8719,0.4741,-9.5687,191.690,ppo_car_spread_a_sampling
32.2606,-0.04808,0.0000,0.0899,-0.04142,0.04144,0.27247,-18.9,1.0000,-23.8718,0.4741,-9.5680,191.690,ppo_car_spread_a_sampling
32.2806,-0.11401,0.0000,0.3297,-0.04632,0.04632,0.24381,-18.9,1.0000,-23.8716,0.4741,-9.5671,191.692,ppo_car_spread_a_sampling
32.3006,-0.21701,0.0000,0.3297,-0.06352,0.06354,0.20084,-69.2,1.0000,-23.8714,0.4741,-9.5658,191.694,ppo_car_spread_a_sampling
32.3206,-0.27687,0.0000,0.3297,-0.07211,0.07217,0.25848,-69.2,1.0000,-23.8711,0.4741,-9.5644,191.697,ppo_car_spread_a_sampling
32.3406,-0.35042,0.0000,0.3297,-0.08851,0.08864,0.20888,-69.2,1.0000,-23.8709,0.4741,-9.5626,191.704,ppo_car_spread_a_sampling
32.3606,-0.43445,0.0000,0.2389,-0.09218,0.09243,0.45305,-69.2,1.0000,-23.8706,0.4741,-9.5608,191.713,ppo_car_spread_a_sampling
32.3806,-0.46752,0.0000,0.2389,-0.10908,0.10950,0.17043,-50.2,1.0000,-23.8704,0.4741,-9.5585,191.723,ppo_car_spread_a_sampling
32.4006,-0.46752,0.0000,0.2389,-0.11843,0.11896,0.29881,-50.2,1.0000,-23.8701,0.4741,-9.5561,191.737,ppo_car_spread_a_sampling
32.4206,-0.46752,0.0000,0.2389,-0.12500,0.12566,0.26998,-50.2,1.0000,-23.8698,0.4741,-9.5536,191.748,ppo_car_spread_a_sampling
32.4406,-0.39030,0.0000,0.1248,-0.13242,0.13314,0.44005,-50.2,1.0000,-23.8696,0.4741,-9.5509,191.762,ppo_car_spread_a_sampling
32.4606,-0.32635,0.0000,0.1248,-0.14351,0.14412,0.14231,-26.2,1.0000,-23.8692,0.4741,-9.5480,191.773,ppo_car_spread_a_sampling
32.4806,-0.22809,0.0000,0.1248,-0.14313,0.14358,0.47196,-26.2,1.0000,-23.8689,0.4741,-9.5451,191.782,ppo_car_spread_a_sampling
32.5006,-0.16691,0.0000,0.1248,-0.14833,0.14861,0.44618,-26.2,1.0000,-23.8684,0.4741,-9.5421,191.792,ppo_car_spread_a_sampling
32.5206,-0.08111,0.0289,0.0000,-0.15976,0.15992,0.08043,-26.2,1.0000,-23.8679,0.4741,-9.5389,191.799,ppo_car_spread_a_sampling
32.5406,-0.03113,0.0289,0.0000,-0.14994,0.15000,0.41668,15.2,1.0000,-23.8674,0.4741,-9.5360,191.804,ppo_car_spread_a_sampling
32.5606,0.06855,0.0289,0.0000,-0.14357,0.14359,0.46523,15.2,1.0000,-23.8668,0.4741,-9.5331,191.807,ppo_car_spread_a_sampling
32.5806,0.08727,0.0289,0.0000,-0.14339,0.14339,0.45028,15.2,1.0000,-23.8662,0.4741,-9.5303,191.805,ppo_car_spread_a_sampling
32.6006,0.07921,0.0000,0.1623,-0.14313,0.14314,0.34817,15.2,1.0000,-23.8656,0.4741,-9.5276,191.806,ppo_car_spread_a_sampling
32.6206,0.07921,0.0000,0.1623,-0.14738,0.14740,0.38727,-34.1,1.0000,-23.8649,0.4741,-9.5247,191.803,ppo_car_spread_a_sampling
32.6406,0.07921,0.0000,0.1623,-0.15495,0.15496,0.43800,-34.1,1.0000,-23.8642,0.4741,-9.5217,191.803,ppo_car_spread_a_sampling
32.6606,0.07921,0.0000,0.1623,-0.15879,0.15881,0.45769,-34.1,1.0000,-23.8635,0.4741,-9.5186,191.803,ppo_car_spread_a_sampling
32.6806,0.12634,0.0536,0.0000,-0.17082,0.17084,0.32584,-34.1,1.0000,-23.8627,0.4741,-9.5152,191.800,ppo_car_spread_a_sampling
32.7006,0.12634,0.0536,0.0000,-0.16493,0.16498,0.38833,28.1,1.0000,-23.8620,0.4741,-9.5120,191.797,ppo_car_spread_a_sampling
32.7206,0.12634,0.0536,0.0000,-0.15792,0.15797,0.43767,28.1,1.0000,-23.8613,0.4741,-9.5090,191.793,ppo_car_spread_a_sampling
32.7406,0.12634,0.0536,0.0000,-0.14952,0.14957,0.46380,28.1,1.0000,-23.8606,0.4741,-9.5061,191.788,ppo_car_spread_a_sampling
32.7606,0.11996,0.0000,0.4149,-0.14565,0.14570,0.45821,28.1,1.0000,-23.8599,0.4741,-9.5033,191.782,ppo_car_spread_a_sampling
32.7806,0.11996,0.0000,0.4149,-0.15902,0.15908,0.46333,-87.1,1.0000,-23.8592,0.4741,-9.5002,191.776,ppo_car_spread_a_sampling
32.8006,0.11996,0.0000,0.4149,-0.17691,0.17697,0.35334,-87.1,1.0000,-23.8583,0.4741,-9.4968,191.770,ppo_car_spread_a_sampling
32.8206,0.11996,0.0000,0.4149,-0.19478,0.19485,0.34533,-87.1,1.0000,-23.8574,0.4741,-9.4930,191.766,ppo_car_spread_a_sampling
32.8406,0.13603,0.3198,0.0000,-0.20530,0.20537,0.50191,-87.1,1.0000,-23.8565,0.4741,-9.4889,191.763,ppo_car_spread_a_sampling
32.8606,0.13603,0.3198,0.0000,-0.18054,0.18062,0.37447,167.9,1.0000,-23.8557,0.4741,-9.4854,191.760,ppo_car_spread_a_sampling
32.8806,0.13603,0.3198,0.0000,-0.15248,0.15254,0.23429,167.9,1.0000,-23.8550,0.4741,-9.4825,191.756,ppo_car_spread_a_sampling
32.9006,0.13603,0.3198,0.0000,-0.12469,0.12475,0.20444,167.9,1.0000,-23.8544,0.4741,-9.4801,191.750,ppo_car_spread_a_sampling
32.9206,0.05545,0.4868,0.0000,-0.09105,0.09110,0.24226,167.9,1.0000,-23.8540,0.4741,-9.4784,191.746,ppo_car_spread_a_sampling
32.9406,-0.02323,0.4868,0.0000,-0.04508,0.04510,0.32865,255.6,1.0000,-23.8538,0.4741,-9.4777,191.743,ppo_car_spread_a_sampling
32.9606,-0.07421,0.4868,0.0000,0.00395,0.00400,0.24351,255.6,1.0000,-23.8539,0.4741,-9.4779,191.741,ppo_car_spread_a_sampling
32.9806,-0.15549,0.4868,0.0000,0.04907,0.04908,0.46724,255.6,1.0000,-23.8541,0.4741,-9.4790,191.739,ppo_car_spread_a_sampling
33.0006,-0.07628,0.2263,0.0000,0.10340,0.10346,0.32517,255.6,1.0000,-23.8545,0.4741,-9.4812,191.738,ppo_car_spread_a_sampling
33.0206,-0.00079,0.2263,0.0000,0.12243,0.12246,0.31411,118.8,1.0000,-23.8550,0.4741,-9.4837,191.736,ppo_car_spread_a_sampling
33.0406,0.05930,0.2263,0.0000,0.14694,0.14695,0.25242,118.8,1.0000,-23.8556,0.4741,-9.4867,191.735,ppo_car_spread_a_sampling
33.0606,0.14467,0.2263,0.0000,0.16496,0.16496,0.36817,118.8,1.0000,-23.8563,0.4741,-9.4900,191.735,ppo_car_spread_a_sampling
33.0806,0.06405,0.0000,0.1956,0.18164,0.18169,0.49170,118.8,1.0000,-23.8571,0.4741,-9.4936,191.740,ppo_car_spread_a_sampling
33.1006,-0.00915,0.0000,0.1956,0.19482,0.19485,0.00000,0.0,1.0000,-23.8580,0.4741,-9.4974,191.741,ppo_car_spread_a_sampling
33.1206,-0.08431,0.0000,0.1956,0.00606,0.00616,0.00000,0.0,1.0000,-23.8580,0.4741,-9.4974,191.742,ppo_car_spread_a_sampling
33.1406,-0.16184,0.0000,0.1956,0.00219,0.00223,0.35591,-41.1,1.0000,-23.8580,0.4741,-9.4973,191.746,ppo_car_spread_a_sampling
33.1606,-0.21763,0.2963,0.0000,-0.01051,0.01052,0.33470,-41.1,1.0000,-23.8580,0.4741,-9.4969,191.748,ppo_car_spread_a_sampling
33.1806,-0.30687,0.2963,0.0000,0.01784,0.01784,0.32901,155.6,1.0000,-23.8580,0.4741,-9.4971,191.746,ppo_car_spread_a_sampling
33.2006,-0.34261,0.2963,0.0000,0.04875,0.04886,0.25608,155.6,1.0000,-23.8581,0.4741,-9.4980,191.742,ppo_car_spread_a_sampling
33.2206,-0.34261,0.2963,0.0000,0.07868,0.07885,0.23643,155.6,1.0000,-23.8583,0.4741,-9.4995,191.739,ppo_car_spread_a_sampling
33.2406,-0.42290,0.0000,0.0955,0.10767,0.10794,0.16852,155.6,1.0000,-23.8586,0.4741,-9.5017,191.733,ppo_car_spread_a_sampling
33.2606,-0.48798,0.0000,0.0955,0.10672,0.10712,0.00000,0.0,1.0000,-23.8588,0.4741,-9.5038,191.723,ppo_car_spread_a_sampling
33.2806,-0.48798,0.0000,0.0955,0.00318,0.00613,0.00000,0.0,1.0000,-23.8587,0.4741,-9.5037,191.724,ppo_car_spread_a_sampling
33.3006,-0.48798,0.0000,0.0955,-0.00500,0.00517,0.25812,-20.0,1.0000,-23.8586,0.4741,-9.5035,191.723,ppo_car_spread_a_sampling
33.3206,-0.40796,0.0000,0.3024,-0.00200,0.00213,0.34584,-20.0,1.0000,-23.8586,0.4741,-9.5034,191.723,ppo_car_spread_a_sampling
33.3406,-0.33407,0.0000,0.3024,-0.01981,0.01986,0.32812,-63.5,1.0000,-23.8585,0.4741,-9.5029,191.721,ppo_car_spread_a_sampling
33.3606,-0.25720,0.0000,0.3024,-0.02289,0.02293,0.34785,-63.5,1.0000,-23.8585,0.4741,-9.5024,191.720,ppo_car_spread_a_sampling
33.3806,-0.18478,0.0000,0.3024,-0.04382,0.04389,0.26671,-63.5,1.0000,-23.8583,0.4741,-9.5014,191.722,ppo_car_spread_a_sampling
33.4006,-0.12284,0.0000,0.4104,-0.04941,0.04946,0.35753,-63.5,1.0000,-23.8581,0.4741,-9.5004,191.723,ppo_car_spread_a_sampling
33.4206,-0.03215,0.0000,0.4104,-0.06817,0.06821,0.24238,-86.2,1.0000,-23.8579,0.4741,-9.4990,191.723,ppo_car_spread_a_sampling
33.4406,-0.03215,0.0000,0.4104,-0.08741,0.08742,0.22387,-86.2,1.0000,-23.8576,0.4741,-9.4972,191.724,ppo_car_spread_a_sampling
33.4606,-0.03215,0.0000,0.4104,-0.09848,0.09848,0.46584,-86.2,1.0000,-23.8572,0.4741,-9.4952,191.724,ppo_car_spread_a_sampling
33.4806,0.02830,0.0000,0.3231,-0.11607,0.11608,0.28944,-86.2,1.0000,-23.8567,0.4741,-9.4929,191.725,ppo_car_spread_a_sampling
33.5006,0.10932,0.0000,0.3231,-0.12814,0.12814,0.45351,-67.8,1.0000,-23.8562,0.4741,-9.4904,191.729,ppo_car_spread_a_sampling
33.5206,0.18158,0.0000,0.3231,-0.14300,0.14302,0.13098,-67.8,1.0000,-23.8555,0.4741,-9.4876,191.727,ppo_car_spread_a_sampling
33.5406,0.25541,0.0000,0.3231,-0.15499,0.15507,0.35102,-67.8,1.0000,-23.8548,0.4741,-9.4846,191.721,ppo_car_spread_a_sampling
33.5606,0.19466,0.0000,0.1860,-0.16316,0.16334,0.40099,-67.8,1.0000,-23.8540,0.4741,-9.4814,191.712,ppo_car_spread_a_sampling
33.5806,0.11765,0.0000,0.1860,-0.16899,0.16915,0.31351,-39.1,1.0000,-23.8531,0.4741,-9.4781,191.705,ppo_car_spread_a_sampling
33.6006,0.03952,0.0000,0.1860,-0.18288,0.18297,0.21467,-39.1,1.0000,-23.8523,0.4741,-9.4746,191.701,ppo_car_spread_a_sampling
33.6206,-0.03501,0.0000,0.1860,-0.18510,0.18513,0.32806,-39.1,1.0000,-23.8515,0.4741,-9.4710,191.697,ppo_car_spread_a_sampling
33.6406,0.03162,0.0252,0.0000,-0.19131,0.19131,0.42779,-39.1,1.0000,-23.8507,0.4741,-9.4673,191.697,ppo_car_spread_a_sampling
33.6606,0.03162,0.0252,0.0000,-0.18923,0.18923,0.48932,13.2,1.0000,-23.8499,0.4741,-9.4636,191.696,ppo_car_spread_a_sampling
33.6806,0.03162,0.0252,0.0000,-0.18716,0.18716,0.39891,13.2,1.0000,-23.8491,0.4741,-9.4600,191.692,ppo_car_spread_a_sampling
33.7006,0.03162,0.0252,0.0000,-0.18342,0.18343,0.49461,13.2,1.0000,-23.8484,0.4741,-9.4565,191.689,ppo_car_spread_a_sampling
33.7206,0.11371,0.1549,0.0000,-0.18208,0.18209,0.40379,13.2,1.0000,-23.8476,0.4741,-9.4530,191.686,ppo_car_spread_a_sampling
33.7406,0.16860,0.1549,0.0000,-0.16556,0.16558,0.47231,81.3,1.0000,-23.8469,0.4741,-9.4498,191.685,ppo_car_spread_a_sampling
33.7606,0.25325,0.1549,0.0000,-0.15065,0.15071,0.43118,81.3,1.0000,-23.8463,0.4741,-9.4470,191.678,ppo_car_spread_a_sampling
33.7806,0.33334,0.1549,0.0000,-0.13998,0.14011,0.45213,81.3,1.0000,-23.8456,0.4741,-9.4443,191.671,ppo_car_spread_a_sampling
33.8006,0.38916,0.1319,0.0000,-0.12048,0.12071,0.31880,81.3,1.0000,-23.8450,0.4741,-9.4421,191.663,ppo_car_spread_a_sampling
33.8206,0.40838,0.1319,0.0000,-0.10220,0.10250,0.42140,69.2,1.0000,-23.8444,0.4741,-9.4402,191.654,ppo_car_spread_a_sampling
33.8406,0.40838,0.1319,0.0000,-0.09513,0.09545,0.23638,69.2,1.0000,-23.8439,0.4741,-9.4385,191.648,ppo_car_spread_a_sampling
33.8606,0.40838,0.1319,0.0000,-0.08805,0.08838,0.17758,69.2,1.0000,-23.8434,0.4741,-9.4368,191.641,ppo_car_spread_a_sampling
33.8806,0.32493,0.0361,0.0000,-0.07381,0.07412,0.21936,69.2,1.0000,-23.8430,0.4741,-9.4355,191.634,ppo_car_spread_a_sampling
33.9006,0.26405,0.0361,0.0000,-0.06635,0.06656,0.16957,18.9,1.0000,-23.8426,0.4741,-9.4343,191.628,ppo_car_spread_a_sampling
33.9206,0.18875,0.0361,0.0000,-0.06709,0.06724,0.22293,18.9,1.0000,-23.8423,0.4741,-9.4330,191.622,ppo_car_spread_a_sampling
33.9406,0.11567,0.0361,0.0000,-0.06411,0.06419,0.25898,18.9,1.0000,-23.8420,0.4741,-9.4318,191.617,ppo_car_spread_a_sampling
33.9606,0.03447,0.7092,0.0000,-0.05690,0.05694,0.14149,18.9,1.0000,-23.8417,0.4741,-9.4307,191.615,ppo_car_spread_a_sampling
33.9806,-0.04398,0.7092,0.0000,0.01099,0.01100,0.30823,372.3,1.0000,-23.8418,0.4741,-9.4310,191.612,ppo_car_spread_a_sampling
34.0006,-0.08141,0.7092,0.0000,0.08061,0.08061,0.29231,372.3,1.0000,-23.8421,0.4741,-9.4327,191.611,ppo_car_spread_a_sampling
34.0206,-0.08141,0.7092,0.0000,0.15012,0.15014,0.30885,372.3,1.0000,-23.8427,0.4741,-9.4358,191.606,ppo_car_spread_a_sampling
34.0406,-0.01140,0.0000,0.3514,0.21274,0.21278,0.56603,372.3,1.0000,-23.8435,0.4741,-9.4401,191.604,ppo_car_spread_a_sampling
34.0606,-0.00836,0.0000,0.3514,0.19240,0.19241,0.00000,0.0,1.0000,-23.8443,0.4741,-9.4439,191.603,ppo_car_spread_a_sampling
34.0806,-0.00836,0.0000,0.3514,0.00534,0.00541,0.00000,0.0,1.0000,-23.8442,0.4741,-9.4439,191.604,ppo_car_spread_a_sampling
34.1006,-0.00836,0.0000,0.3514,-0.00883,0.00883,0.23896,-73.8,1.0000,-23.8442,0.4741,-9.4436,191.607,ppo_car_spread_a_sampling
34.1206,-0.04416,0.0000,0.6592,-0.02170,0.02170,0.17372,-73.8,1.0000,-23.8441,0.4741,-9.4430,191.607,ppo_car_spread_a_sampling
34.1406,-0.12426,0.0000,0.6592,-0.04745,0.04745,0.19923,-138.4,1.0000,-23.8439,0.4741,-9.4420,191.610,ppo_car_spread_a_sampling
34.1606,-0.21370,0.0000,0.6592,-0.07310,0.07312,0.21665,-138.4,1.0000,-23.8436,0.4741,-9.4404,191.613,ppo_car_spread_a_sampling
34.1806,-0.29791,0.0000,0.6592,-0.10202,0.10211,0.16241,-138.4,1.0000,-23.8432,0.4741,-9.4382,191.620,ppo_car_spread_a_sampling
34.2006,-0.36182,0.2080,0.0000,-0.12569,0.12590,0.18086,-138.4,1.0000,-23.8428,0.4741,-9.4355,191.629,ppo_car_spread_a_sampling
34.2206,-0.44207,0.2080,0.0000,-0.10473,0.10497,0.25412,109.2,1.0000,-23.8425,0.4741,-9.4333,191.637,ppo_car_spread_a_sampling
34.2406,-0.51424,0.2080,0.0000,-0.08360,0.08388,0.15826,109.2,1.0000,-23.8423,0.4741,-9.4316,191.645,ppo_car_spread_a_sampling
34.2606,-0.59540,0.2080,0.0000,-0.06332,0.06364,0.40186,109.2,1.0000,-23.8422,0.4741,-9.4303,191.647,ppo_car_spread_a_sampling
34.2806,-0.53226,0.2651,0.0000,-0.04242,0.04275,0.13981,109.2,1.0000,-23.8421,0.4741,-9.4294,191.651,ppo_car_spread_a_sampling
34.3006,-0.45682,0.2651,0.0000,-0.01264,0.01271,0.30468,139.2,1.0000,-23.8421,0.4741,-9.4292,191.651,ppo_car_spread_a_sampling
34.3206,-0.37837,0.2651,0.0000,0.00162,0.00166,0.37912,139.2,1.0000,-23.8421,0.4741,-9.4293,191.648,ppo_car_spread_a_sampling
34.3406,-0.31542,0.2651,0.0000,0.02794,0.02801,0.34200,139.2,1.0000,-23.8422,0.4741,-9.4299,191.646,ppo_car_spread_a_sampling
34.3606,-0.22871,0.0000,0.0047,0.05689,0.05704,0.24008,139.2,1.0000,-23.8423,0.4741,-9.4311,191.643,ppo_car_spread_a_sampling
34.3806,-0.16014,0.0000,0.0047,0.05854,0.05865,0.29381,-1.0,1.0000,-23.8425,0.4741,-9.4324,191.642,ppo_car_spread_a_sampling
34.4006,-0.07673,0.0000,0.0047,0.06168,0.06173,0.36950,-1.0,1.0000,-23.8427,0.4741,-9.4337,191.644,ppo_car_spread_a_sampling
34.4206,0.00106,0.0000,0.0047,0.05920,0.05922,0.38811,-1.0,1.0000,-23.8429,0.4741,-9.4349,191.641,ppo_car_spread_a_sampling
34.4406,-0.06976,0.3759,0.0000,0.05842,0.05842,0.27549,-1.0,1.0000,-23.8431,0.4741,-9.4361,191.639,ppo_car_spread_a_sampling
34.4606,-0.12680,0.3759,0.0000,0.09489,0.09489,0.18746,197.4,1.0000,-23.8435,0.4741,-9.4380,191.640,ppo_car_spread_a_sampling
34.4806,-0.20988,0.3759,0.0000,0.13572,0.13576,0.17197,197.4,1.0000,-23.8440,0.4741,-9.4407,191.640,ppo_car_spread_a_sampling
34.5006,-0.28904,0.3759,0.0000,0.16389,0.16402,0.52729,197.4,1.0000,-23.8445,0.4741,-9.4441,191.630,ppo_car_spread_a_sampling
34.5206,-0.36594,0.0000,0.4096,0.20477,0.20510,0.32722,197.4,1.0000,-23.8451,0.4741,-9.4482,191.621,ppo_car_spread_a_sampling
34.5406,-0.43753,0.0000,0.4096,0.19012,0.19058,0.00000,0.0,1.0000,-23.8456,0.4741,-9.4521,191.611,ppo_car_spread_a_sampling
34.5606,-0.49564,0.0000,0.4096,0.00427,0.00935,0.00000,0.0,1.0000,-23.8454,0.4741,-9.4520,191.612,ppo_car_spread_a_sampling
34.5806,-0.57662,0.0000,0.4096,-0.01326,0.01327,0.30287,-86.0,1.0000,-23.8453,0.4741,-9.4516,191.615,ppo_car_spread_a_sampling
34.6006,-0.49457,0.2219,0.0000,-0.02906,0.02924,0.30941,-86.0,1.0000,-23.8453,0.4741,-9.4509,191.614,ppo_car_spread_a_sampling
34.6206,-0.41358,0.2219,0.0000,-0.00480,0.00490,0.30166,116.5,1.0000,-23.8453,0.4741,-9.4507,191.618,ppo_car_spread_a_sampling
34.6406,-0.35692,0.2219,0.0000,0.01010,0.01016,0.38985,116.5,1.0000,-23.8453,0.4741,-9.4509,191.615,ppo_car_spread_a_sampling
34.6606,-0.26828,0.2219,0.0000,0.03974,0.03987,0.15492,116.5,1.0000,-23.8454,0.4741,-9.4516,191.613,ppo_car_spread_a_sampling
34.6806,-0.20694,0.0000,0.3282,0.06239,0.06253,0.17837,116.5,1.0000,-23.8455,0.4741,-9.4529,191.610,ppo_car_spread_a_sampling
34.7006,-0.12260,0.0000,0.3282,0.04730,0.04738,0.11394,-68.9,1.0000,-23.8457,0.4741,-9.4538,191.608,ppo_car_spread_a_sampling
34.7206,-0.06220,0.0000,0.3282,0.03454,0.03458,0.14521,-68.9,1.0000,-23.8458,0.4741,-9.4545,191.607,ppo_car_spread_a_sampling
34.7406,0.02106,0.0000,0.3282,0.01999,0.02000,0.30293,-68.9,1.0000,-23.8459,0.4741,-9.4548,191.610,ppo_car_spread_a_sampling
34.7606,-0.04365,0.0000,0.2611,0.01322,0.01322,0.25904,-68.9,1.0000,-23.8459,0.4741,-9.4551,191.609,ppo_car_spread_a_sampling
34.7806,-0.12567,0.0000,0.2611,-0.00117,0.00117,0.33010,-54.8,1.0000,-23.8459,0.4741,-9.4550,191.611,ppo_car_spread_a_sampling
34.8006,-0.20294,0.0000,0.2611,-0.01612,0.01613,0.31089,-54.8,1.0000,-23.8459,0.4741,-9.4547,191.612,ppo_car_spread_a_sampling
34.8206,-0.23643,0.0000,0.2611,-0.01712,0.01713,0.26206,-54.8,1.0000,-23.8458,0.4741,-9.4543,191.614,ppo_car_spread_a_sampling
34.8406,-0.28691,0.8648,0.0000,-0.03202,0.03206,0.35582,-54.8,1.0000,-23.8457,0.4741,-9.4536,191.617,ppo_car_spread_a_sampling
34.8606,-0.28691,0.8648,0.0000,0.04736,0.04748,0.35708,454.0,1.0000,-23.8458,0.4741,-9.4546,191.616,ppo_car_spread_a_sampling
34.8806,-0.28691,0.8648,0.0000,0.13594,0.13621,0.24633,454.0,1.0000,-23.8462,0.4741,-9.4575,191.608,ppo_car_spread_a_sampling
34.9006,-0.28691,0.8648,0.0000,0.21697,0.21741,0.33260,454.0,1.0000,-23.8469,0.4741,-9.4619,191.596,ppo_car_spread_a_sampling
34.9206,-0.36312,0.0000,0.4342,0.29892,0.29951,0.45797,454.0,1.0000,-23.8477,0.4741,-9.4681,191.578,ppo_car_spread_a_sampling
34.9406,-0.36504,0.0000,0.4342,0.18935,0.18984,0.00000,0.0,1.0000,-23.8482,0.4741,-9.4719,191.570,ppo_car_spread_a_sampling
34.9606,-0.36504,0.0000,0.4342,0.00401,0.00954,0.00000,0.0,1.0000,-23.8480,0.4741,-9.4719,191.571,ppo_car_spread_a_sampling
34.9806,-0.36504,0.0000,0.4342,-0.01329,0.01340,0.18057,-91.2,1.0000,-23.8479,0.4741,-9.4716,191.573,ppo_car_spread_a_sampling
35.0006,-0.29051,0.0000,0.3391,-0.02796,0.02800,0.24544,-91.2,1.0000,-23.8478,0.4741,-9.4709,191.575,ppo_car_spread_a_sampling
35.0206,-0.21105,0.0000,0.3391,-0.04220,0.04228,0.26919,-71.2,1.0000,-23.8477,0.4741,-9.4699,191.576,ppo_car_spread_a_sampling
35.0406,-0.21105,0.0000,0.3391,-0.05913,0.05920,0.27014,-71.2,1.0000,-23.8475,0.4741,-9.4687,191.579,ppo_car_spread_a_sampling
35.0606,-0.21105,0.0000,0.3391,-0.07099,0.07106,0.24259,-71.2,1.0000,-23.8473,0.4741,-9.4672,191.583,ppo_car_spread_a_sampling
35.0806,-0.26818,0.0294,0.0000,-0.07237,0.07245,0.43762,-71.2,1.0000,-23.8470,0.4741,-9.4657,191.584,ppo_car_spread_a_sampling
35.1006,-0.34602,0.0294,0.0000,-0.07719,0.07728,0.34655,15.4,1.0000,-23.8468,0.4741,-9.4641,191.587,ppo_car_spread_a_sampling
35.1206,-0.43881,0.0294,0.0000,-0.06974,0.06987,0.39876,15.4,1.0000,-23.8466,0.4741,-9.4627,191.593,ppo_car_spread_a_sampling
35.1406,-0.49168,0.0294,0.0000,-0.07797,0.07822,0.24251,15.4,1.0000,-23.8464,0.4741,-9.4611,191.599,ppo_car_spread_a_sampling
35.1606,-0.39798,0.4071,0.0000,-0.06761,0.06795,0.41482,15.4,1.0000,-23.8463,0.4741,-9.4597,191.603,ppo_car_spread_a_sampling
35.1806,-0.37789,0.4071,0.0000,-0.03021,0.03038,0.34859,213.7,1.0000,-23.8463,0.4741,-9.4592,191.602,ppo_car_spread_a_sampling
35.2006,-0.37789,0.4071,0.0000,0.00713,0.00715,0.12890,213.7,1.0000,-23.8463,0.4741,-9.4594,191.603,ppo_car_spread_a_sampling
35.2206,-0.37789,0.4071,0.0000,0.04759,0.04772,0.24540,213.7,1.0000,-23.8464,0.4741,-9.4605,191.602,ppo_car_spread_a_sampling
35.2406,-0.31827,0.0000,0.5199,0.09037,0.09068,0.26203,213.7,1.0000,-23.8466,0.4741,-9.4624,191.593,ppo_car_spread_a_sampling
35.2606,-0.24515,0.0000,0.5199,0.06769,0.06787,0.11511,-109.2,1.0000,-23.8468,0.4741,-9.4638,191.588,ppo_car_spread_a_sampling
35.2806,-0.15571,0.0000,0.5199,0.04491,0.04501,0.37359,-109.2,1.0000,-23.8469,0.4741,-9.4648,191.584,ppo_car_spread_a_sampling
35.3006,-0.08216,0.0000,0.5199,0.02948,0.02951,0.23646,-109.2,1.0000,-23.8470,0.4741,-9.4654,191.581,ppo_car_spread_a_sampling
35.3206,-0.02005,0.0000,0.5354,0.00937,0.00938,0.32592,-109.2,1.0000,-23.8471,0.4741,-9.4656,191.576,ppo_car_spread_a_sampling
35.3406,0.05909,0.0000,0.5354,-0.00806,0.00806,0.38248,-112.4,1.0000,-23.8470,0.4741,-9.4654,191.574,ppo_car_spread_a_sampling
35.3606,0.12965,0.0000,0.5354,-0.03687,0.03687,0.31104,-112.4,1.0000,-23.8469,0.4741,-9.4647,191.575,ppo_car_spread_a_sampling
35.3806,0.19565,0.0000,0.5354,-0.05655,0.05657,0.24689,-112.4,1.0000,-23.8466,0.4741,-9.4635,191.575,ppo_car_spread_a_sampling
35.4006,0.11660,0.0000,0.0801,-0.07395,0.07400,0.45455,-112.4,1.0000,-23.8462,0.4741,-9.4620,191.577,ppo_car_spread_a_sampling
35.4206,0.11660,0.0000,0.0801,-0.08147,0.08151,0.25892,-16.8,1.0000,-23.8458,0.4741,-9.4604,191.577,ppo_car_spread_a_sampling
35.4406,0.11660,0.0000,0.0801,-0.08212,0.08214,0.30938,-16.8,1.0000,-23.8454,0.4741,-9.4587,191.574,ppo_car_spread_a_sampling
35.4606,0.11660,0.0000,0.0801,-0.08453,0.08456,0.28983,-16.8,1.0000,-23.8450,0.4741,-9.4570,191.572,ppo_car_spread_a_sampling
35.4806,0.05263,0.0754,0.0000,-0.08179,0.08182,0.43481,-16.8,1.0000,-23.8447,0.4741,-9.4554,191.567,ppo_car_spread_a_sampling
35.5006,-0.03355,0.0754,0.0000,-0.08490,0.08491,0.10349,39.6,1.0000,-23.8443,0.4741,-9.4538,191.566,ppo_car_spread_a_sampling
35.5206,-0.11256,0.0754,0.0000,-0.07366,0.07366,0.24143,39.6,1.0000,-23.8440,0.4741,-9.4523,191.568,ppo_car_spread_a_sampling
35.5406,-0.15259,0.0754,0.0000,-0.06596,0.06597,0.36254,39.6,1.0000,-23.8438,0.4741,-9.4510,191.570,ppo_car_spread_a_sampling
35.5606,-0.23578,0.3606,0.0000,-0.06206,0.06208,0.27015,39.6,1.0000,-23.8436,0.4741,-9.4498,191.571,ppo_car_spread_a_sampling
35.5806,-0.27280,0.3606,0.0000,-0.02572,0.02573,0.34988,189.3,1.0000,-23.8435,0.4741,-9.4494,191.569,ppo_car_spread_a_sampling
35.6006,-0.27280,0.3606,0.0000,0.00318,0.00322,0.38987,189.3,1.0000,-23.8435,0.4741,-9.4495,191.567,ppo_car_spread_a_sampling
35.6206,-0.27280,0.3606,0.0000,0.04301,0.04309,0.26169,189.3,1.0000,-23.8436,0.4741,-9.4505,191.564,ppo_car_spread_a_sampling
35.6406,-0.18625,0.0000,0.0730,0.07699,0.07711,0.36460,189.3,1.0000,-23.8439,0.4741,-9.4521,191.560,ppo_car_spread_a_sampling
35.6606,-0.12756,0.0000,0.0730,0.07229,0.07237,0.31581,-15.3,1.0000,-23.8441,0.4741,-9.4536,191.556,ppo_car_spread_a_sampling
35.6806,-0.04120,0.0000,0.0730,0.07492,0.07497,0.22544,-15.3,1.0000,-23.8444,0.4741,-9.4552,191.554,ppo_car_spread_a_sampling
35.7006,-0.03018,0.0000,0.0730,0.07579,0.07580,0.25131,-15.3,1.0000,-23.8447,0.4741,-9.4567,191.555,ppo_car_spread_a_sampling
35.7206,0.04910,0.2115,0.0000,0.07164,0.07165,0.32022,-15.3,1.0000,-23.8449,0.4741,-9.4581,191.558,ppo_car_spread_a_sampling
35.7406,0.10943,0.2115,0.0000,0.08515,0.08515,0.44144,111.0,1.0000,-23.8453,0.4741,-9.4598,191.556,ppo_car_spread_a_sampling
35.7606,0.18684,0.2115,0.0000,0.10665,0.10667,0.46166,111.0,1.0000,-23.8458,0.4741,-9.4619,191.556,ppo_car_spread_a_sampling
35.7806,0.18684,0.2115,0.0000,0.13304,0.13311,0.11061,111.0,1.0000,-23.8464,0.4741,-9.4646,191.561,ppo_car_spread_a_sampling
35.8006,0.09689,0.0050,0.0000,0.15014,0.15025,0.45052,111.0,1.0000,-23.8472,0.4741,-9.4675,191.568,ppo_car_spread_a_sampling
35.8206,0.04003,0.0050,0.0000,0.14431,0.14437,0.45813,2.6,1.0000,-23.8478,0.4741,-9.4703,191.570,ppo_car_spread_a_sampling
35.8406,-0.04930,0.0050,0.0000,0.15063,0.15065,0.43226,2.6,1.0000,-23.8485,0.4741,-9.4733,191.572,ppo_car_spread_a_sampling
35.8606,-0.10644,0.0050,0.0000,0.15625,0.15625,0.16402,2.6,1.0000,-23.8491,0.4741,-9.4763,191.572,ppo_car_spread_a_sampling
35.8806,-0.05963,0.1624,0.0000,0.15083,0.15085,0.47008,2.6,1.0000,-23.8496,0.4741,-9.4793,191.569,ppo_car_spread_a_sampling
35.9006,-0.05963,0.1624,0.0000,0.16836,0.16838,0.31354,85.2,1.0000,-23.8503,0.4741,-9.4826,191.567,ppo_car_spread_a_sampling
35.9206,-0.05963,0.1624,0.0000,0.18464,0.18465,0.21350,85.2,1.0000,-23.8509,0.4741,-9.4862,191.565,ppo_car_spread_a_sampling
35.9406,-0.05963,0.1624,0.0000,0.19738,0.19740,0.50340,85.2,1.0000,-23.8517,0.4741,-9.4901,191.565,ppo_car_spread_a_sampling
35.9606,-0.03308,0.0000,0.5128,0.21506,0.21508,0.44672,85.2,1.0000,-23.8525,0.4741,-9.4943,191.561,ppo_car_spread_a_sampling
35.9806,-0.03308,0.0000,0.5128,0.19513,0.19514,0.00000,0.0,1.0000,-23.8532,0.4741,-9.4981,191.560,ppo_car_spread_a_sampling
36.0006,-0.03308,0.0000,0.5128,0.00696,0.00707,0.00000,0.0,1.0000,-23.8532,0.4741,-9.4980,191.561,ppo_car_spread_a_sampling
36.0206,-0.03308,0.0000,0.5128,-0.01261,0.01261,0.32986,-107.7,1.0000,-23.8531,0.4741,-9.4976,191.557,ppo_car_spread_a_sampling
36.0406,0.04395,0.0000,0.1419,-0.03647,0.03647,0.24040,-107.7,1.0000,-23.8529,0.4741,-9.4967,191.555,ppo_car_spread_a_sampling
36.0606,0.12120,0.0000,0.1419,-0.03398,0.03398,0.29519,-29.8,1.0000,-23.8527,0.4741,-9.4958,191.557,ppo_car_spread_a_sampling
36.0806,0.19474,0.0000,0.1419,-0.04393,0.04394,0.39804,-29.8,1.0000,-23.8525,0.4741,-9.4949,191.560,ppo_car_spread_a_sampling
36.1006,0.25935,0.0000,0.1419,-0.04843,0.04846,0.31153,-29.8,1.0000,-23.8523,0.4741,-9.4938,191.561,ppo_car_spread_a_sampling
36.1206,0.18002,0.0064,0.0000,-0.05024,0.05032,0.41006,-29.8,1.0000,-23.8520,0.4741,-9.4928,191.561,ppo_car_spread_a_sampling
36.1406,0.12602,0.0064,0.0000,-0.05800,0.05807,0.25277,3.3,1.0000,-23.8517,0.4741,-9.4916,191.560,ppo_car_spread_a_sampling
36.1606,0.05406,0.0064,0.0000,-0.06049,0.06053,0.26960,3.3,1.0000,-23.8514,0.4741,-9.4904,191.561,ppo_car_spread_a_sampling
36.1806,0.05016,0.0064,0.0000,-0.05171,0.05172,0.32819,3.3,1.0000,-23.8512,0.4741,-9.4894,191.563,ppo_car_spread_a_sampling
36.2006,-0.03222,0.1418,0.0000,-0.06123,0.06124,0.27836,3.3,1.0000,-23.8509,0.4741,-9.4882,191.562,ppo_car_spread_a_sampling
36.2206,-0.06056,0.1418,0.0000,-0.03637,0.03637,0.26305,74.5,1.0000,-23.8508,0.4741,-9.4876,191.561,ppo_car_spread_a_sampling
36.2406,-0.06056,0.1418,0.0000,-0.01976,0.01976,0.32549,74.5,1.0000,-23.8507,0.4741,-9.4872,191.559,ppo_car_spread_a_sampling
36.2606,-0.06056,0.1418,0.0000,-0.00814,0.00814,0.23209,74.5,1.0000,-23.8507,0.4741,-9.4872,191.559,ppo_car_spread_a_sampling
36.2806,-0.12648,0.1868,0.0000,0.00083,0.00083,0.31365,74.5,1.0000,-23.8507,0.4741,-9.4873,191.557,ppo_car_spread_a_sampling
36.3006,-0.21435,0.1868,0.0000,0.02044,0.02046,0.18575,98.1,1.0000,-23.8508,0.4741,-9.4878,191.555,ppo_car_spread_a_sampling
36.3206,-0.28672,0.1868,0.0000,0.03636,0.03641,0.20853,98.1,1.0000,-23.8509,0.4741,-9.4886,191.555,ppo_car_spread_a_sampling
36.3406,-0.34264,0.1868,0.0000,0.05948,0.05962,0.29497,98.1,1.0000,-23.8511,0.4741,-9.4899,191.553,ppo_car_spread_a_sampling
36.3606,-0.25241,0.0000,0.1230,0.07367,0.07387,0.43748,98.1,1.0000,-23.8513,0.4741,-9.4915,191.551,ppo_car_spread_a_sampling
36.3806,-0.22960,0.0000,0.1230,0.07560,0.07576,0.25902,-25.8,1.0000,-23.8516,0.4741,-9.4930,191.548,ppo_car_spread_a_sampling
36.4006,-0.22960,0.0000,0.1230,0.07123,0.07135,0.26539,-25.8,1.0000,-23.8518,0.4741,-9.4945,191.545,ppo_car_spread_a_sampling
36.4206,-0.22960,0.0000,0.1230,0.06860,0.06870,0.28016,-25.8,1.0000,-23.8520,0.4741,-9.4959,191.541,ppo_car_spread_a_sampling
36.4406,-0.20701,0.0000,0.6269,0.06219,0.06228,0.27593,-25.8,1.0000,-23.8522,0.4741,-9.4972,191.538,ppo_car_spread_a_sampling
36.4606,-0.20701,0.0000,0.6269,0.02770,0.02774,0.29404,-131.7,1.0000,-23.8523,0.4741,-9.4977,191.535,ppo_car_spread_a_sampling
36.4806,-0.20701,0.0000,0.6269,0.00961,0.00961,0.18007,-131.7,1.0000,-23.8523,0.4741,-9.4979,191.535,ppo_car_spread_a_sampling
36.5006,-0.20701,0.0000,0.6269,-0.01293,0.01294,0.35843,-131.7,1.0000,-23.8522,0.4741,-9.4976,191.534,ppo_car_spread_a_sampling
36.5207,-0.12461,0.2309,0.0000,-0.03575,0.03579,0.34998,-131.7,1.0000,-23.8521,0.4741,-9.4968,191.532,ppo_car_spread_a_sampling
36.5407,-0.06485,0.2309,0.0000,-0.01804,0.01805,0.33959,121.2,1.0000,-23.8521,0.4741,-9.4964,191.534,ppo_car_spread_a_sampling
36.5607,0.01334,0.2309,0.0000,0.00034,0.00034,0.19758,121.2,1.0000,-23.8521,0.4741,-9.4964,191.533,ppo_car_spread_a_sampling
36.5807,0.08366,0.2309,0.0000,0.02327,0.02327,0.39527,121.2,1.0000,-23.8521,0.4741,-9.4969,191.535,ppo_car_spread_a_sampling
36.6007,0.00068,0.0000,0.0110,0.04664,0.04664,0.41454,121.2,1.0000,-23.8524,0.4741,-9.4978,191.531,ppo_car_spread_a_sampling
36.6207,-0.05801,0.0000,0.0110,0.04368,0.04368,0.41070,-2.3,1.0000,-23.8525,0.4741,-9.4986,191.532,ppo_car_spread_a_sampling
36.6407,-0.13418,0.0000,0.0110,0.04288,0.04288,0.36398,-2.3,1.0000,-23.8527,0.4741,-9.4995,191.531,ppo_car_spread_a_sampling
36.6607,-0.20775,0.0000,0.0110,0.05153,0.05154,0.27744,-2.3,1.0000,-23.8529,0.4741,-9.5005,191.527,ppo_car_spread_a_sampling
36.6807,-0.14079,0.0000,0.0283,0.04545,0.04548,0.18926,-2.3,1.0000,-23.8530,0.4741,-9.5014,191.523,ppo_car_spread_a_sampling
36.7007,-0.10203,0.0000,0.0283,0.04124,0.04126,0.25140,-5.9,1.0000,-23.8532,0.4741,-9.5022,191.522,ppo_car_spread_a_sampling
36.7207,-0.10203,0.0000,0.0283,0.04784,0.04785,0.21519,-5.9,1.0000,-23.8533,0.4741,-9.5032,191.520,ppo_car_spread_a_sampling
36.7407,-0.10203,0.0000,0.0283,0.04588,0.04590,0.22712,-5.9,1.0000,-23.8535,0.4741,-9.5041,191.518,ppo_car_spread_a_sampling
36.7607,-0.18406,0.0000,0.8823,0.04196,0.04198,0.23430,-5.9,1.0000,-23.8536,0.4741,-9.5049,191.519,ppo_car_spread_a_sampling
36.7807,-0.23368,0.0000,0.8823,0.00994,0.00995,0.19681,-185.3,1.0000,-23.8537,0.4741,-9.5050,191.520,ppo_car_spread_a_sampling
36.8007,-0.23368,0.0000,0.8823,-0.02808,0.02812,0.26227,-185.3,1.0000,-23.8536,0.4741,-9.5044,191.518,ppo_car_spread_a_sampling
36.8207,-0.23368,0.0000,0.8823,-0.05701,0.05709,0.36238,-185.3,1.0000,-23.8534,0.4741,-9.5032,191.520,ppo_car_spread_a_sampling
36.8407,-0.16471,0.3319,0.0000,-0.09919,0.09932,0.17498,-185.3,1.0000,-23.8531,0.4741,-9.5011,191.525,ppo_car_spread_a_sampling
36.8607,-0.08471,0.3319,0.0000,-0.05832,0.05838,0.25675,174.3,1.0000,-23.8529,0.4741,-9.4999,191.529,ppo_car_spread_a_sampling
36.8807,-0.00872,0.3319,0.0000,-0.02908,0.02910,0.11697,174.3,1.0000,-23.8528,0.4741,-9.4994,191.530,ppo_car_spread_a_sampling
36.9007,0.06929,0.3319,0.0000,-0.00573,0.00575,0.38563,174.3,1.0000,-23.8528,0.4741,-9.4993,191.532,ppo_car_spread_a_sampling
36.9207,-0.01226,0.2309,0.0000,0.03277,0.03278,0.37378,174.3,1.0000,-23.8529,0.4741,-9.5000,191.529,ppo_car_spread_a_sampling
36.9407,-0.08857,0.2309,0.0000,0.05088,0.05088,0.43515,121.2,1.0000,-23.8532,0.4741,-9.5010,191.529,ppo_car_spread_a_sampling
36.9607,-0.15006,0.2309,0.0000,0.07996,0.07996,0.21288,121.2,1.0000,-23.8535,0.4741,-9.5027,191.528,ppo_car_spread_a_sampling
36.9807,-0.22573,0.2309,0.0000,0.09805,0.09808,0.46106,121.2,1.0000,-23.8538,0.4741,-9.5047,191.523,ppo_car_spread_a_sampling
37.0007,-0.15743,0.0000,0.3391,0.12795,0.12807,0.13796,121.2,1.0000,-23.8542,0.4741,-9.5073,191.519,ppo_car_spread_a_sampling
37.0207,-0.07581,0.0000,0.3391,0.11005,0.11013,0.00000,0.0,1.0000,-23.8546,0.4741,-9.5096,191.513,ppo_car_spread_a_sampling
37.0407,-0.01490,0.0000,0.3391,0.00264,0.00341,0.00000,0.0,1.0000,-23.8545,0.4741,-9.5096,191.514,ppo_car_spread_a_sampling
37.0607,0.07344,0.0000,0.3391,-0.01234,0.01235,0.26899,-71.2,1.0000,-23.8545,0.4741,-9.5093,191.513,ppo_car_spread_a_sampling
37.0807,0.13103,0.2100,0.0000,-0.02437,0.02437,0.20787,-71.2,1.0000,-23.8543,0.4741,-9.5087,191.512,ppo_car_spread_a_sampling
37.1007,0.13103,0.2100,0.0000,-0.00218,0.00218,0.35264,110.2,1.0000,-23.8543,0.4741,-9.5087,191.514,ppo_car_spread_a_sampling
37.1207,0.13103,0.2100,0.0000,0.01690,0.01691,0.38829,110.2,1.0000,-23.8544,0.4741,-9.5090,191.511,ppo_car_spread_a_sampling
37.1407,0.13103,0.2100,0.0000,0.03516,0.03518,0.40763,110.2,1.0000,-23.8546,0.4741,-9.5097,191.507,ppo_car_spread_a_sampling
37.1607,0.04847,0.0350,0.0000,0.05669,0.05672,0.38769,110.2,1.0000,-23.8549,0.4741,-9.5108,191.511,ppo_car_spread_a_sampling
37.1807,-0.00526,0.0350,0.0000,0.05881,0.05882,0.41273,18.4,1.0000,-23.8551,0.4741,-9.5120,191.511,ppo_car_spread_a_sampling
37.2007,-0.00526,0.0350,0.0000,0.05715,0.05715,0.42868,18.4,1.0000,-23.8553,0.4741,-9.5131,191.511,ppo_car_spread_a_sampling
37.2207,-0.00526,0.0350,0.0000,0.06790,0.06790,0.38618,18.4,1.0000,-23.8556,0.4741,-9.5145,191.513,ppo_car_spread_a_sampling
37.2407,0.08082,0.1135,0.0000,0.07174,0.07174,0.37681,18.4,1.0000,-23.8559,0.4741,-9.5159,191.509,ppo_car_spread_a_sampling
37.2607,0.12067,0.1135,0.0000,0.07750,0.07751,0.44392,59.6,1.0000,-23.8562,0.4741,-9.5174,191.508,ppo_car_spread_a_sampling
37.2807,0.12067,0.1135,0.0000,0.09222,0.09225,0.40695,59.6,1.0000,-23.8567,0.4741,-9.5192,191.512,ppo_car_spread_a_sampling
37.3007,0.12067,0.1135,0.0000,0.10097,0.10101,0.20329,59.6,1.0000,-23.8571,0.4741,-9.5212,191.515,ppo_car_spread_a_sampling
37.3207,0.04114,0.2215,0.0000,0.11364,0.11368,0.20780,59.6,1.0000,-23.8576,0.4741,-9.5235,191.518,ppo_car_spread_a_sampling
37.3407,-0.01506,0.2215,0.0000,0.13591,0.13592,0.37170,116.3,1.0000,-23.8582,0.4741,-9.5262,191.517,ppo_car_spread_a_sampling
37.3607,-0.09368,0.2215,0.0000,0.16052,0.16052,0.15411,116.3,1.0000,-23.8589,0.4741,-9.5294,191.518,ppo_car_spread_a_sampling
37.3807,-0.17296,0.2215,0.0000,0.17963,0.17964,0.46526,116.3,1.0000,-23.8596,0.4741,-9.5329,191.517,ppo_car_spread_a_sampling
37.4007,-0.17011,0.0000,0.3195,0.20101,0.20109,0.39849,116.3,1.0000,-23.8603,0.4741,-9.5370,191.513,ppo_car_spread_a_sampling
37.4207,-0.17011,0.0000,0.3195,0.19299,0.19310,0.00000,0.0,1.0000,-23.8609,0.4741,-9.5408,191.508,ppo_car_spread_a_sampling
37.4407,-0.17011,0.0000,0.3195,0.00572,0.00743,0.00000,0.0,1.0000,-23.8608,0.4741,-9.5407,191.509,ppo_car_spread_a_sampling
37.4607,-0.17011,0.0000,0.3195,0.00170,0.00231,0.36512,-67.1,1.0000,-23.8607,0.4741,-9.5406,191.511,ppo_car_spread_a_sampling
37.4807,-0.09872,0.0000,0.1205,-0.01803,0.01803,0.21927,-67.1,1.0000,-23.8606,0.4741,-9.5402,191.512,ppo_car_spread_a_sampling
37.5007,-0.02202,0.0000,0.1205,-0.02627,0.02627,0.22615,-25.3,1.0000,-23.8605,0.4741,-9.5395,191.514,ppo_car_spread_a_sampling
37.5207,-0.02163,0.0000,0.1205,-0.02422,0.02422,0.33436,-25.3,1.0000,-23.8604,0.4741,-9.5390,191.512,ppo_car_spread_a_sampling
37.5407,-0.02163,0.0000,0.1205,-0.03186,0.03186,0.37991,-25.3,1.0000,-23.8603,0.4741,-9.5383,191.512,ppo_car_spread_a_sampling
37.5607,-0.08746,0.0000,0.4701,-0.03200,0.03200,0.38966,-25.3,1.0000,-23.8601,0.4741,-9.5376,191.512,ppo_car_spread_a_sampling
37.5807,-0.13613,0.0000,0.4701,-0.05502,0.05503,0.32950,-98.7,1.0000,-23.8599,0.4741,-9.5364,191.511,ppo_car_spread_a_sampling
37.6007,-0.13613,0.0000,0.4701,-0.07031,0.07033,0.45277,-98.7,1.0000,-23.8597,0.4741,-9.5350,191.513,ppo_car_spread_a_sampling
37.6207,-0.13613,0.0000,0.4701,-0.09154,0.09157,0.33262,-98.7,1.0000,-23.8593,0.4741,-9.5331,191.513,ppo_car_spread_a_sampling
37.6407,-0.06020,0.0000,0.5177,-0.10598,0.10603,0.47797,-98.7,1.0000,-23.8590,0.4741,-9.5310,191.514,ppo_car_spread_a_sampling
37.6607,0.01492,0.0000,0.5177,-0.12944,0.12946,0.22019,-108.7,1.0000,-23.8585,0.4741,-9.5284,191.516,ppo_car_spread_a_sampling
37.6807,0.07245,0.0000,0.5177,-0.14981,0.14981,0.18881,-108.7,1.0000,-23.8579,0.4741,-9.5254,191.517,ppo_car_spread_a_sampling
37.7007,0.16251,0.0000,0.5177,-0.16935,0.16935,0.36139,-108.7,1.0000,-23.8572,0.4741,-9.5221,191.517,ppo_car_spread_a_sampling
37.7207,0.12827,0.2232,0.0000,-0.19339,0.19345,0.28056,-108.7,1.0000,-23.8563,0.4741,-9.5183,191.512,ppo_car_spread_a_sampling
37.7407,0.12827,0.2232,0.0000,-0.17123,0.17129,0.46161,117.2,1.0000,-23.8555,0.4741,-9.5150,191.505,ppo_car_spread_a_sampling
37.7607,0.12827,0.2232,0.0000,-0.14674,0.14680,0.43527,117.2,1.0000,-23.8549,0.4741,-9.5122,191.502,ppo_car_spread_a_sampling
37.7807,0.12827,0.2232,0.0000,-0.12641,0.12645,0.30698,117.2,1.0000,-23.8543,0.4741,-9.5098,191.499,ppo_car_spread_a_sampling
37.8007,0.02877,0.3167,0.0000,-0.10814,0.10818,0.33332,117.2,1.0000,-23.8538,0.4741,-9.5078,191.494,ppo_car_spread_a_sampling
37.8207,-0.01669,0.3167,0.0000,-0.07171,0.07172,0.27345,166.2,1.0000,-23.8536,0.4741,-9.5065,191.493,ppo_car_spread_a_sampling
37.8407,-0.01669,0.3167,0.0000,-0.04424,0.04424,0.14108,166.2,1.0000,-23.8534,0.4741,-9.5057,191.492,ppo_car_spread_a_sampling
37.8607,-0.01669,0.3167,0.0000,-0.01612,0.01612,0.31845,166.2,1.0000,-23.8534,0.4741,-9.5056,191.490,ppo_car_spread_a_sampling
37.8807,0.03963,0.0000,0.1223,0.01357,0.01357,0.37858,166.2,1.0000,-23.8535,0.4741,-9.5060,191.487,ppo_car_spread_a_sampling
37.9007,0.12498,0.0000,0.1223,0.01882,0.01882,0.34639,-25.7,1.0000,-23.8536,0.4741,-9.5065,191.489,ppo_car_spread_a_sampling
37.9207,0.20618,0.0000,0.1223,0.00652,0.00652,0.37464,-25.7,1.0000,-23.8536,0.4741,-9.5067,191.491,ppo_car_spread_a_sampling
37.9407,0.23348,0.0000,0.1223,0.00817,0.00818,0.36138,-25.7,1.0000,-23.8537,0.4741,-9.5069,191.493,ppo_car_spread_a_sampling
37.9607,0.17392,0.0000,0.4957,-0.00520,0.00521,0.35419,-25.7,1.0000,-23.8536,0.4741,-9.5069,191.492,ppo_car_spread_a_sampling
37.9807,0.09495,0.0000,0.4957,-0.01724,0.01725,0.40783,-104.1,1.0000,-23.8536,0.4741,-9.5065,191.495,ppo_car_spread_a_sampling
38.0007,0.02086,0.0000,0.4957,-0.03847,0.03849,0.41923,-104.1,1.0000,-23.8534,0.4741,-9.5058,191.496,ppo_car_spread_a_sampling
38.0207,-0.04218,0.0000,0.4957,-0.05344,0.05344,0.22356,-104.1,1.0000,-23.8532,0.4741,-9.5047,191.496,ppo_car_spread_a_sampling
38.0407,-0.13411,0.4441,0.0000,-0.07691,0.07691,0.44269,-104.1,1.0000,-23.8528,0.4741,-9.5031,191.495,ppo_car_spread_a_sampling
38.0607,-0.18716,0.4441,0.0000,-0.03150,0.03150,0.23736,233.1,1.0000,-23.8527,0.4741,-9.5025,191.498,ppo_car_spread_a_sampling
38.0807,-0.26721,0.4441,0.0000,0.00342,0.00348,0.39336,233.1,1.0000,-23.8527,0.4741,-9.5026,191.493,ppo_car_spread_a_sampling
38.1007,-0.35438,0.4441,0.0000,0.05248,0.05257,0.13124,233.1,1.0000,-23.8529,0.4741,-9.5037,191.492,ppo_car_spread_a_sampling
38.1207,-0.29194,0.0000,0.1910,0.09978,0.10005,0.16615,233.1,1.0000,-23.8531,0.4741,-9.5057,191.485,ppo_car_spread_a_sampling
38.1407,-0.20872,0.0000,0.1910,0.08978,0.08999,0.18123,-40.1,1.0000,-23.8534,0.4741,-9.5076,191.479,ppo_car_spread_a_sampling
38.1607,-0.15811,0.0000,0.1910,0.07918,0.07929,0.21376,-40.1,1.0000,-23.8536,0.4741,-9.5091,191.474,ppo_car_spread_a_sampling
38.1807,-0.15811,0.0000,0.1910,0.07082,0.07088,0.30759,-40.1,1.0000,-23.8538,0.4741,-9.5105,191.471,ppo_car_spread_a_sampling
38.2007,-0.23859,0.6382,0.0000,0.06753,0.06758,0.17336,-40.1,1.0000,-23.8540,0.4741,-9.5118,191.470,ppo_car_spread_a_sampling
38.2207,-0.32024,0.6382,0.0000,0.12999,0.13016,0.37814,335.0,1.0000,-23.8544,0.4741,-9.5144,191.463,ppo_car_spread_a_sampling
38.2407,-0.39681,0.6382,0.0000,0.18487,0.18523,0.42614,335.0,1.0000,-23.8549,0.4741,-9.5182,191.450,ppo_car_spread_a_sampling
38.2607,-0.46833,0.6382,0.0000,0.24974,0.25053,0.33003,335.0,1.0000,-23.8555,0.4741,-9.5233,191.432,ppo_car_spread_a_sampling
38.2807,-0.41490,0.2294,0.0000,0.30478,0.30619,0.60230,335.0,1.0000,-23.8562,0.4741,-9.5295,191.404,ppo_car_spread_a_sampling
38.3007,-0.32923,0.2294,0.0000,0.32939,0.33084,0.58778,120.4,1.0000,-23.8568,0.4741,-9.5361,191.376,ppo_car_spread_a_sampling
38.3207,-0.25554,0.2294,0.0000,0.34554,0.34665,0.63783,120.4,1.0000,-23.8576,0.4741,-9.5431,191.350,ppo_car_spread_a_sampling
38.3407,-0.24149,0.2294,0.0000,0.37151,0.37230,0.64647,120.4,1.0000,-23.8586,0.4741,-9.5506,191.325,ppo_car_spread_a_sampling
38.3607,-0.15488,0.0000,0.3983,0.40038,0.40105,0.60528,120.4,1.0000,-23.8598,0.4741,-9.5586,191.302,ppo_car_spread_a_sampling
38.3807,-0.07483,0.0000,0.3983,0.32324,0.32362,0.21326,0.0,1.0000,-23.8607,0.4741,-9.5649,191.269,ppo_car_spread_a_sampling
38.4007,-0.01569,0.0000,0.3983,0.19109,0.19122,0.00000,0.0,1.0000,-23.8613,0.4741,-9.5685,191.258,ppo_car_spread_a_sampling
38.4207,0.01581,0.0000,0.3983,0.00923,0.00974,0.00000,0.0,1.0000,-23.8612,0.4741,-9.5683,191.259,ppo_car_spread_a_sampling
38.4407,0.04239,0.0837,0.0000,-0.00681,0.00694,0.35274,-83.6,1.0000,-23.8612,0.4741,-9.5679,191.264,ppo_car_spread_a_sampling
38.4607,0.04239,0.0837,0.0000,0.00479,0.00482,0.32958,43.9,1.0000,-23.8611,0.4741,-9.5677,191.267,ppo_car_spread_a_sampling
38.4807,0.04239,0.0837,0.0000,0.01004,0.01004,0.06677,43.9,1.0000,-23.8612,0.4741,-9.5677,191.267,ppo_car_spread_a_sampling
38.5007,0.04239,0.0837,0.0000,0.01755,0.01755,0.18476,43.9,1.0000,-23.8612,0.4741,-9.5679,191.268,ppo_car_spread_a_sampling
38.5207,-0.02467,0.4302,0.0000,0.02276,0.02276,0.16512,43.9,1.0000,-23.8613,0.4741,-9.5683,191.268,ppo_car_spread_a_sampling
38.5407,-0.10669,0.4302,0.0000,0.06464,0.06464,0.33791,225.9,1.0000,-23.8616,0.4741,-9.5695,191.267,ppo_car_spread_a_sampling
38.5607,-0.18117,0.4302,0.0000,0.10543,0.10545,0.45801,225.9,1.0000,-23.8620,0.4741,-9.5716,191.266,ppo_car_spread_a_sampling
38.5807,-0.24535,0.4302,0.0000,0.14792,0.14801,0.48023,225.9,1.0000,-23.8625,0.4741,-9.5746,191.265,ppo_car_spread_a_sampling
38.6007,-0.15929,0.2970,0.0000,0.19157,0.19178,0.48112,225.9,1.0000,-23.8630,0.4741,-9.5785,191.255,ppo_car_spread_a_sampling
38.6207,-0.09416,0.2970,0.0000,0.22085,0.22103,0.48588,155.9,1.0000,-23.8637,0.4741,-9.5830,191.245,ppo_car_spread_a_sampling
38.6407,-0.03083,0.2970,0.0000,0.25164,0.25173,0.46898,155.9,1.0000,-23.8646,0.4741,-9.5881,191.237,ppo_car_spread_a_sampling
38.6607,0.05136,0.2970,0.0000,0.27248,0.27251,0.56924,155.9,1.0000,-23.8656,0.4741,-9.5935,191.235,ppo_car_spread_a_sampling
38.6807,-0.02829,0.2191,0.0000,0.29726,0.29726,0.61102,155.9,1.0000,-23.8668,0.4741,-9.5995,191.235,ppo_car_spread_a_sampling
38.7007,-0.10489,0.2191,0.0000,0.32236,0.32236,0.59130,115.0,1.0000,-23.8681,0.4741,-9.6060,191.236,ppo_car_spread_a_sampling
38.7207,-0.17589,0.2191,0.0000,0.34014,0.34018,0.62837,115.0,1.0000,-23.8693,0.4741,-9.6128,191.231,ppo_car_spread_a_sampling
38.7407,-0.23507,0.2191,0.0000,0.36114,0.36129,0.64858,115.0,1.0000,-23.8705,0.4741,-9.6200,191.222,ppo_car_spread_a_sampling
38.7607,-0.17299,0.0000,0.1977,0.38546,0.38580,0.64333,115.0,1.0000,-23.8717,0.4741,-9.6278,191.205,ppo_car_spread_a_sampling
38.7807,-0.11054,0.0000,0.1977,0.23910,0.23933,0.19892,0.0,1.0000,-23.8724,0.4741,-9.6324,191.174,ppo_car_spread_a_sampling
38.8007,-0.11054,0.0000,0.1977,0.18814,0.18825,0.00000,0.0,1.0000,-23.8730,0.4741,-9.6360,191.166,ppo_car_spread_a_sampling
38.8207,-0.11054,0.0000,0.1977,0.00767,0.00867,0.00000,0.0,1.0000,-23.8729,0.4741,-9.6359,191.167,ppo_car_spread_a_sampling
38.8407,-0.17018,0.2193,0.0000,-0.00312,0.00333,0.30107,-41.5,1.0000,-23.8728,0.4741,-9.6356,191.165,ppo_car_spread_a_sampling
38.8607,-0.24405,0.2193,0.0000,0.01939,0.01942,0.38922,115.2,1.0000,-23.8728,0.4741,-9.6359,191.163,ppo_car_spread_a_sampling
38.8807,-0.31738,0.2193,0.0000,0.03561,0.03567,0.41611,115.2,1.0000,-23.8729,0.4741,-9.6365,191.162,ppo_car_spread_a_sampling
38.9007,-0.39164,0.2193,0.0000,0.05978,0.05990,0.29470,115.2,1.0000,-23.8730,0.4741,-9.6376,191.158,ppo_car_spread_a_sampling
38.9207,-0.30259,0.4259,0.0000,0.08113,0.08138,0.34388,115.2,1.0000,-23.8732,0.4741,-9.6392,191.154,ppo_car_spread_a_sampling
38.9407,-0.24355,0.4259,0.0000,0.12542,0.12570,0.32693,223.6,1.0000,-23.8735,0.4741,-9.6417,191.147,ppo_car_spread_a_sampling
38.9607,-0.15463,0.4259,0.0000,0.16281,0.16309,0.48948,223.6,1.0000,-23.8740,0.4741,-9.6450,191.139,ppo_car_spread_a_sampling
38.9807,-0.07911,0.4259,0.0000,0.20694,0.20712,0.50205,223.6,1.0000,-23.8746,0.4741,-9.6492,191.132,ppo_car_spread_a_sampling
39.0007,-0.13618,0.0077,0.0000,0.24580,0.24587,0.49410,223.6,1.0000,-23.8755,0.4741,-9.6542,191.124,ppo_car_spread_a_sampling
39.0207,-0.21336,0.0077,0.0000,0.25018,0.25027,0.54345,4.1,1.0000,-23.8763,0.4741,-9.6592,191.120,ppo_car_spread_a_sampling
39.0407,-0.25133,0.0077,0.0000,0.25180,0.25200,0.51791,4.1,1.0000,-23.8771,0.4741,-9.6643,191.109,ppo_car_spread_a_sampling
39.0607,-0.25133,0.0077,0.0000,0.25045,0.25075,0.53375,4.1,1.0000,-23.8778,0.4741,-9.6693,191.099,ppo_car_spread_a_sampling
39.0807,-0.31975,0.0000,0.9168,0.24728,0.24762,0.55259,4.1,1.0000,-23.8785,0.4741,-9.6743,191.090,ppo_car_spread_a_sampling
39.1007,-0.38750,0.0000,0.9168,0.19158,0.19195,0.00000,0.0,1.0000,-23.8790,0.4741,-9.6781,191.082,ppo_car_spread_a_sampling
39.1207,-0.45729,0.0000,0.9168,0.00528,0.00958,0.00000,0.0,1.0000,-23.8788,0.4741,-9.6780,191.083,ppo_car_spread_a_sampling
39.1407,-0.52942,0.0000,0.9168,-0.02472,0.02472,0.24576,-192.5,1.0000,-23.8787,0.4741,-9.6774,191.085,ppo_car_spread_a_sampling
39.1607,-0.44184,0.3647,0.0000,-0.06902,0.06941,0.21470,-192.5,1.0000,-23.8786,0.4741,-9.6758,191.090,ppo_car_spread_a_sampling
39.1807,-0.37346,0.3647,0.0000,-0.03239,0.03259,0.24170,191.5,1.0000,-23.8785,0.4741,-9.6751,191.091,ppo_car_spread_a_sampling
39.2007,-0.29405,0.3647,0.0000,0.00748,0.00750,0.30848,191.5,1.0000,-23.8786,0.4741,-9.6752,191.091,ppo_car_spread_a_sampling
39.2207,-0.21976,0.3647,0.0000,0.04144,0.04154,0.11500,191.5,1.0000,-23.8787,0.4741,-9.6760,191.089,ppo_car_spread_a_sampling
39.2407,-0.29741,0.0802,0.0000,0.07832,0.07842,0.26039,191.5,1.0000,-23.8789,0.4741,-9.6776,191.087,ppo_car_spread_a_sampling
39.2607,-0.35065,0.0802,0.0000,0.08389,0.08406,0.21559,42.1,1.0000,-23.8791,0.4741,-9.6793,191.085,ppo_car_spread_a_sampling
39.2807,-0.42144,0.0802,0.0000,0.08832,0.08853,0.40418,42.1,1.0000,-23.8794,0.4741,-9.6811,191.081,ppo_car_spread_a_sampling
39.3007,-0.46758,0.0802,0.0000,0.10106,0.10141,0.17909,42.1,1.0000,-23.8796,0.4741,-9.6832,191.072,ppo_car_spread_a_sampling
39.3207,-0.41004,0.0000,0.1584,0.10997,0.11047,0.13744,42.1,1.0000,-23.8798,0.4741,-9.6855,191.061,ppo_car_spread_a_sampling
39.3407,-0.36210,0.0000,0.1584,0.10165,0.10208,0.00000,0.0,1.0000,-23.8800,0.4741,-9.6876,191.053,ppo_car_spread_a_sampling
39.3607,-0.36210,0.0000,0.1584,0.00170,0.00562,0.00000,0.0,1.0000,-23.8799,0.4741,-9.6876,191.053,ppo_car_spread_a_sampling
39.3807,-0.36210,0.0000,0.1584,-0.00221,0.00292,0.22251,-33.3,1.0000,-23.8799,0.4741,-9.6875,191.054,ppo_car_spread_a_sampling
39.4007,-0.44914,0.4646,0.0000,-0.00683,0.00683,0.35511,-33.3,1.0000,-23.8798,0.4741,-9.6874,191.051,ppo_car_spread_a_sampling
39.4207,-0.50094,0.4646,0.0000,0.03250,0.03270,0.19502,243.9,1.0000,-23.8799,0.4741,-9.6880,191.048,ppo_car_spread_a_sampling
39.4407,-0.58576,0.4646,0.0000,0.08046,0.08095,0.15399,243.9,1.0000,-23.8800,0.4741,-9.6897,191.037,ppo_car_spread_a_sampling
39.4607,-0.66788,0.4646,0.0000,0.12112,0.12210,0.37920,243.9,1.0000,-23.8802,0.4741,-9.6922,191.020,ppo_car_spread_a_sampling
39.4807,-0.60888,0.8071,0.0000,0.16776,0.16946,0.18042,243.9,1.0000,-23.8804,0.4741,-9.6958,190.998,ppo_car_spread_a_sampling
39.5007,-0.53841,0.8071,0.0000,0.23939,0.24171,0.58692,423.7,1.0000,-23.8806,0.4741,-9.7008,190.965,ppo_car_spread_a_sampling
39.5207,-0.43950,0.8071,0.0000,0.32045,0.32290,0.53240,423.7,1.0000,-23.8810,0.4741,-9.7074,190.930,ppo_car_spread_a_sampling
39.5407,-0.38257,0.8071,0.0000,0.39840,0.40058,0.64694,423.7,1.0000,-23.8817,0.4741,-9.7156,190.894,ppo_car_spread_a_sampling
39.5607,-0.30211,0.0000,0.1091,0.47329,0.47524,0.67519,423.7,1.0000,-23.8827,0.4741,-9.7253,190.855,ppo_car_spread_a_sampling
39.5807,-0.22103,0.0000,0.1091,0.37264,0.37346,0.22584,0.0,1.0000,-23.8836,0.4741,-9.7328,190.832,ppo_car_spread_a_sampling
39.6007,-0.16528,0.0000,0.1091,0.23043,0.23064,0.24745,0.0,1.0000,-23.8843,0.4741,-9.7373,190.822,ppo_car_spread_a_sampling
39.6207,-0.07059,0.0000,0.1091,0.19421,0.19434,0.00000,0.0,1.0000,-23.8849,0.4741,-9.7410,190.817,ppo_car_spread_a_sampling
39.6407,-0.00071,0.2684,0.0000,0.00828,0.00922,0.00000,0.0,1.0000,-23.8848,0.4741,-9.7409,190.818,ppo_car_spread_a_sampling
39.6607,0.07475,0.2684,0.0000,0.03316,0.03320,0.38762,140.9,1.0000,-23.8849,0.4741,-9.7413,190.819,ppo_car_spread_a_sampling
39.6807,0.13517,0.2684,0.0000,0.05961,0.05961,0.29175,140.9,1.0000,-23.8851,0.4741,-9.7423,190.822,ppo_car_spread_a_sampling
39.7007,0.14574,0.2684,0.0000,0.08634,0.08635,0.24252,140.9,1.0000,-23.8855,0.4741,-9.7439,190.826,ppo_car_spread_a_sampling
39.7207,0.08801,0.0000,0.4391,0.11024,0.11028,0.40993,140.9,1.0000,-23.8860,0.4741,-9.7459,190.827,ppo_car_spread_a_sampling
39.7407,-0.00259,0.0000,0.4391,0.12133,0.12136,0.00000,0.0,1.0000,-23.8865,0.4741,-9.7483,190.836,ppo_car_spread_a_sampling
39.7607,-0.07985,0.0000,0.4391,0.00471,0.00477,0.00000,0.0,1.0000,-23.8865,0.4741,-9.7482,190.837,ppo_car_spread_a_sampling
39.7807,-0.15588,0.0000,0.4391,-0.01072,0.01072,0.19914,-92.2,1.0000,-23.8865,0.4741,-9.7478,190.839,ppo_car_spread_a_sampling
39.8007,-0.12065,0.3555,0.0000,-0.02547,0.02548,0.35590,-92.2,1.0000,-23.8864,0.4741,-9.7472,190.841,ppo_car_spread_a_sampling
39.8207,-0.12065,0.3555,0.0000,0.00218,0.00218,0.21709,186.6,1.0000,-23.8864,0.4741,-9.7472,190.841,ppo_car_spread_a_sampling
39.8407,-0.12065,0.3555,0.0000,0.03480,0.03481,0.40898,186.6,1.0000,-23.8865,0.4741,-9.7479,190.838,ppo_car_spread_a_sampling
39.8607,-0.12065,0.3555,0.0000,0.07310,0.07312,0.21565,186.6,1.0000,-23.8868,0.4741,-9.7494,190.834,ppo_car_spread_a_sampling
39.8807,-0.05556,0.0000,0.4856,0.11082,0.11086,0.15330,186.6,1.0000,-23.8872,0.4741,-9.7517,190.832,ppo_car_spread_a_sampling
39.9007,0.02234,0.0000,0.4856,0.10112,0.10114,0.00000,0.0,1.0000,-23.8875,0.4741,-9.7537,190.830,ppo_car_spread_a_sampling
39.9207,0.09931,0.0000,0.4856,0.00194,0.00200,0.00000,0.0,1.0000,-23.8875,0.4741,-9.7537,190.831,ppo_car_spread_a_sampling
39.9407,0.17899,0.0000,0.4856,-0.02237,0.02238,0.30725,-102.0,1.0000,-23.8874,0.4741,-9.7533,190.829,ppo_car_spread_a_sampling
39.9607,0.19741,0.0000,0.4597,-0.03251,0.03253,0.31166,-102.0,1.0000,-23.8872,0.4741,-9.7526,190.826,ppo_car_spread_a_sampling
39.9807,0.19741,0.0000,0.4597,-0.05005,0.05008,0.39875,-96.5,1.0000,-23.8870,0.4741,-9.7516,190.823,ppo_car_spread_a_sampling
40.0007,0.19741,0.0000,0.4597,-0.06943,0.06950,0.44524,-96.5,1.0000,-23.8867,0.4741,-9.7503,190.824,ppo_car_spread_a_sampling
40.0207,0.19741,0.0000,0.4597,-0.08553,0.08560,0.38816,-96.5,1.0000,-23.8862,0.4741,-9.7486,190.823,ppo_car_spread_a_sampling
40.0407,0.14099,0.0937,0.0000,-0.10761,0.10770,0.08874,-96.5,1.0000,-23.8857,0.4741,-9.7465,190.819,ppo_car_spread_a_sampling
40.0607,0.12102,0.0937,0.0000,-0.09609,0.09615,0.29794,49.2,1.0000,-23.8853,0.4741,-9.7446,190.816,ppo_car_spread_a_sampling
40.0807,0.12102,0.0937,0.0000,-0.08936,0.08939,0.31431,49.2,1.0000,-23.8849,0.4741,-9.7429,190.810,ppo_car_spread_a_sampling
40.1007,0.12102,0.0937,0.0000,-0.07936,0.07939,0.22221,49.2,1.0000,-23.8846,0.4741,-9.7414,190.809,ppo_car_spread_a_sampling
40.1207,0.09482,0.0000,0.5246,-0.07169,0.07171,0.18381,49.2,1.0000,-23.8843,0.4741,-9.7400,190.806,ppo_car_spread_a_sampling
40.1407,0.09482,0.0000,0.5246,-0.08502,0.08504,0.45701,-110.2,1.0000,-23.8839,0.4741,-9.7384,190.804,ppo_car_spread_a_sampling
40.1607,0.09482,0.0000,0.5246,-0.10707,0.10709,0.40512,-110.2,1.0000,-23.8835,0.4741,-9.7363,190.800,ppo_car_spread_a_sampling
40.1807,0.09482,0.0000,0.5246,-0.13322,0.13325,0.22270,-110.2,1.0000,-23.8829,0.4741,-9.7337,190.796,ppo_car_spread_a_sampling
40.2007,0.02745,0.4331,0.0000,-0.15125,0.15128,0.20052,-110.2,1.0000,-23.8823,0.4741,-9.7308,190.793,ppo_car_spread_a_sampling
40.2207,-0.04975,0.4331,0.0000,-0.11344,0.11345,0.09449,227.4,1.0000,-23.8818,0.4741,-9.7286,190.791,ppo_car_spread_a_sampling
40.2407,-0.12442,0.4331,0.0000,-0.07007,0.07007,0.05740,227.4,1.0000,-23.8816,0.4741,-9.7273,190.791,ppo_car_spread_a_sampling
40.2607,-0.18370,0.4331,0.0000,-0.02566,0.02566,0.26899,227.4,1.0000,-23.8815,0.4741,-9.7269,190.790,ppo_car_spread_a_sampling
40.2807,-0.10490,0.0000,0.6634,0.01586,0.01589,0.33448,227.4,1.0000,-23.8816,0.4741,-9.7274,190.786,ppo_car_spread_a_sampling
40.3007,-0.06652,0.0000,0.6634,-0.01176,0.01176,0.33589,-139.3,1.0000,-23.8815,0.4741,-9.7272,190.785,ppo_car_spread_a_sampling
40.3207,-0.06652,0.0000,0.6634,-0.03845,0.03845,0.29604,-139.3,1.0000,-23.8814,0.4741,-9.7265,190.787,ppo_car_spread_a_sampling
40.3407,-0.06652,0.0000,0.6634,-0.06796,0.06797,0.23451,-139.3,1.0000,-23.8812,0.4741,-9.7252,190.786,ppo_car_spread_a_sampling
40.3607,-0.12620,0.0000,0.1216,-0.08463,0.08464,0.27912,-139.3,1.0000,-23.8809,0.4741,-9.7235,190.787,ppo_car_spread_a_sampling
40.3807,-0.20897,0.0000,0.1216,-0.09451,0.09453,0.31284,-25.5,1.0000,-23.8806,0.4741,-9.7216,190.788,ppo_car_spread_a_sampling
40.4007,-0.26313,0.0000,0.1216,-0.09765,0.09771,0.40108,-25.5,1.0000,-23.8803,0.4741,-9.7196,190.795,ppo_car_spread_a_sampling
40.4207,-0.34893,0.0000,0.1216,-0.10192,0.10206,0.19123,-25.5,1.0000,-23.8800,0.4741,-9.7176,190.801,ppo_car_spread_a_sampling
40.4407,-0.38046,0.6335,0.0000,-0.10461,0.10480,0.41201,-25.5,1.0000,-23.8797,0.4741,-9.7155,190.808,ppo_car_spread_a_sampling
40.4607,-0.38046,0.6335,0.0000,-0.04373,0.04386,0.35024,332.6,1.0000,-23.8797,0.4741,-9.7146,190.810,ppo_car_spread_a_sampling
40.4807,-0.38046,0.6335,0.0000,0.01249,0.01257,0.37929,332.6,1.0000,-23.8797,0.4741,-9.7150,190.807,ppo_car_spread_a_sampling
40.5007,-0.38046,0.6335,0.0000,0.07290,0.07315,0.48459,332.6,1.0000,-23.8798,0.4741,-9.7165,190.803,ppo_car_spread_a_sampling
40.5207,-0.31825,0.0000,0.1506,0.13572,0.13620,0.30605,332.6,1.0000,-23.8801,0.4741,-9.7194,190.791,ppo_car_spread_a_sampling
40.5407,-0.23094,0.0000,0.1506,0.17395,0.17441,0.00000,0.0,1.0000,-23.8805,0.4741,-9.7230,190.781,ppo_car_spread_a_sampling
40.5607,-0.17450,0.0000,0.1506,0.00312,0.00799,0.00000,0.0,1.0000,-23.8804,0.4741,-9.7230,190.782,ppo_car_spread_a_sampling
40.5807,-0.08454,0.0000,0.1506,-0.00591,0.00629,0.33231,-31.6,1.0000,-23.8803,0.4741,-9.7229,190.786,ppo_car_spread_a_sampling
40.6007,-0.15193,0.0000,0.0468,-0.00854,0.00857,0.33466,-31.6,1.0000,-23.8803,0.4741,-9.7226,190.790,ppo_car_spread_a_sampling
40.6207,-0.23326,0.0000,0.0468,-0.00722,0.00722,0.28962,-9.8,1.0000,-23.8802,0.4741,-9.7224,190.787,ppo_car_spread_a_sampling
40.6407,-0.30689,0.0000,0.0468,-0.01633,0.01636,0.33502,-9.8,1.0000,-23.8802,0.4741,-9.7220,190.788,ppo_car_spread_a_sampling
40.6607,-0.38122,0.0000,0.0468,-0.01019,0.01021,0.29396,-9.8,1.0000,-23.8801,0.4741,-9.7218,190.789,ppo_car_spread_a_sampling
40.6807,-0.44321,0.0000,0.1162,-0.01462,0.01465,0.18337,-9.8,1.0000,-23.8801,0.4741,-9.7214,190.791,ppo_car_spread_a_sampling
40.7007,-0.47334,0.0000,0.1162,-0.02698,0.02711,0.31049,-24.4,1.0000,-23.8801,0.4741,-9.7208,190.795,ppo_car_spread_a_sampling
40.7207,-0.47334,0.0000,0.1162,-0.02522,0.02529,0.20811,-24.4,1.0000,-23.8800,0.4741,-9.7203,190.797,ppo_car_spread_a_sampling
40.7407,-0.47334,0.0000,0.1162,-0.03091,0.03104,0.29931,-24.4,1.0000,-23.8799,0.4741,-9.7196,190.803,ppo_car_spread_a_sampling
40.7607,-0.38243,0.2259,0.0000,-0.03042,0.03056,0.19973,-24.4,1.0000,-23.8799,0.4741,-9.7190,190.806,ppo_car_spread_a_sampling
40.7807,-0.32131,0.2259,0.0000,-0.01484,0.01492,0.30770,118.6,1.0000,-23.8799,0.4741,-9.7187,190.810,ppo_car_spread_a_sampling
40.8007,-0.24157,0.2259,0.0000,0.01037,0.01039,0.16771,118.6,1.0000,-23.8799,0.4741,-9.7189,190.812,ppo_car_spread_a_sampling
40.8207,-0.16931,0.2259,0.0000,0.02761,0.02765,0.33784,118.6,1.0000,-23.8800,0.4741,-9.7194,190.809,ppo_car_spread_a_sampling
40.8407,-0.08539,0.0000,0.0881,0.05115,0.05120,0.43053,118.6,1.0000,-23.8801,0.4741,-9.7205,190.811,ppo_car_spread_a_sampling
40.8607,-0.01424,0.0000,0.0881,0.05647,0.05649,0.32263,-18.5,1.0000,-23.8803,0.4741,-9.7217,190.812,ppo_car_spread_a_sampling
40.8807,0.00246,0.0000,0.0881,0.05066,0.05066,0.23382,-18.5,1.0000,-23.8805,0.4741,-9.7227,190.810,ppo_car_spread_a_sampling
40.9008,0.00246,0.0000,0.0881,0.04364,0.04364,0.29049,-18.5,1.0000,-23.8806,0.4741,-9.7236,190.812,ppo_car_spread_a_sampling
40.9208,0.06960,0.1495,0.0000,0.04183,0.04183,0.39308,-18.5,1.0000,-23.8808,0.4741,-9.7244,190.810,ppo_car_spread_a_sampling
40.9408,0.14386,0.1495,0.0000,0.05436,0.05436,0.21306,78.5,1.0000,-23.8810,0.4741,-9.7255,190.811,ppo_car_spread_a_sampling
40.9608,0.14386,0.1495,0.0000,0.07080,0.07083,0.25859,78.5,1.0000,-23.8813,0.4741,-9.7269,190.815,ppo_car_spread_a_sampling
40.9808,0.14386,0.1495,0.0000,0.08570,0.08574,0.24745,78.5,1.0000,-23.8817,0.4741,-9.7286,190.813,ppo_car_spread_a_sampling
41.0008,0.05653,0.2369,0.0000,0.09871,0.09875,0.45527,78.5,1.0000,-23.8821,0.4741,-9.7305,190.812,ppo_car_spread_a_sampling
41.0208,-0.01722,0.2369,0.0000,0.12457,0.12459,0.14407,124.4,1.0000,-23.8827,0.4741,-9.7330,190.813,ppo_car_spread_a_sampling
41.0408,-0.09418,0.2369,0.0000,0.14457,0.14457,0.29869,124.4,1.0000,-23.8832,0.4741,-9.7359,190.812,ppo_car_spread_a_sampling
41.0608,-0.15265,0.2369,0.0000,0.17037,0.17038,0.14606,124.4,1.0000,-23.8838,0.4741,-9.7393,190.810,ppo_car_spread_a_sampling
41.0808,-0.09001,0.1847,0.0000,0.18665,0.18671,0.48722,124.4,1.0000,-23.8844,0.4741,-9.7431,190.806,ppo_car_spread_a_sampling
41.1008,-0.09001,0.1847,0.0000,0.20883,0.20887,0.25032,97.0,1.0000,-23.8851,0.4741,-9.7472,190.801,ppo_car_spread_a_sampling
41.1208,-0.09001,0.1847,0.0000,0.22364,0.22368,0.54167,97.0,1.0000,-23.8859,0.4741,-9.7517,190.796,ppo_car_spread_a_sampling
41.1408,-0.09001,0.1847,0.0000,0.23946,0.23951,0.47210,97.0,1.0000,-23.8867,0.4741,-9.7565,190.794,ppo_car_spread_a_sampling
41.1608,-0.14759,0.0000,1.0000,0.26494,0.26499,0.18144,97.0,1.0000,-23.8876,0.4741,-9.7617,190.790,ppo_car_spread_a_sampling
41.1808,-0.14759,0.0000,1.0000,0.19662,0.19668,0.00000,0.0,1.0000,-23.8882,0.4741,-9.7656,190.786,ppo_car_spread_a_sampling
41.2008,-0.14759,0.0000,1.0000,0.00696,0.00797,0.00000,0.0,1.0000,-23.8881,0.4741,-9.7655,190.787,ppo_car_spread_a_sampling
41.2208,-0.14759,0.0000,1.0000,-0.03060,0.03060,0.42442,-210.0,1.0000,-23.8880,0.4741,-9.7647,190.791,ppo_car_spread_a_sampling
41.2408,-0.05811,0.0000,0.0921,-0.07390,0.07392,0.16161,-210.0,1.0000,-23.8877,0.4741,-9.7630,190.794,ppo_car_spread_a_sampling
41.2608,-0.00104,0.0000,0.0921,-0.07193,0.07194,0.36772,-19.3,1.0000,-23.8874,0.4741,-9.7614,190.799,ppo_car_spread_a_sampling
41.2808,0.09230,0.0000,0.0921,-0.07886,0.07886,0.13509,-19.3,1.0000,-23.8871,0.4741,-9.7597,190.800,ppo_car_spread_a_sampling
41.3008,0.14803,0.0000,0.0921,-0.07822,0.07822,0.39153,-19.3,1.0000,-23.8868,0.4741,-9.7580,190.799,ppo_car_spread_a_sampling
41.3208,0.11567,0.0000,0.4448,-0.08903,0.08906,0.20926,-19.3,1.0000,-23.8864,0.4741,-9.7562,190.795,ppo_car_spread_a_sampling
41.3408,0.11567,0.0000,0.4448,-0.09838,0.09841,0.42498,-93.4,1.0000,-23.8859,0.4741,-9.7542,190.792,ppo_car_spread_a_sampling
41.3608,0.11567,0.0000,0.4448,-0.11983,0.11986,0.14535,-93.4,1.0000,-23.8854,0.4741,-9.7518,190.788,ppo_car_spread_a_sampling
41.3808,0.11567,0.0000,0.4448,-0.13785,0.13789,0.17143,-93.4,1.0000,-23.8848,0.4741,-9.7491,190.785,ppo_car_spread_a_sampling
41.4008,0.19565,0.0000,0.0649,-0.15283,0.15288,0.38692,-93.4,1.0000,-23.8842,0.4741,-9.7461,190.785,ppo_car_spread_a_sampling
41.4208,0.24898,0.0000,0.0649,-0.14985,0.14995,0.47008,-13.6,1.0000,-23.8835,0.4741,-9.7431,190.781,ppo_car_spread_a_sampling
41.4408,0.33450,0.0000,0.0649,-0.15600,0.15620,0.49346,-13.6,1.0000,-23.8828,0.4741,-9.7401,190.776,ppo_car_spread_a_sampling
41.4608,0.41241,0.0000,0.0649,-0.15612,0.15644,0.47286,-13.6,1.0000,-23.8820,0.4741,-9.7371,190.764,ppo_car_spread_a_sampling
41.4808,0.33218,0.0830,0.0000,-0.16361,0.16413,0.19557,-13.6,1.0000,-23.8811,0.4741,-9.7340,190.752,ppo_car_spread_a_sampling
41.5008,0.25480,0.0830,0.0000,-0.15820,0.15867,0.13378,43.6,1.0000,-23.8803,0.4741,-9.7310,190.741,ppo_car_spread_a_sampling
41.5208,0.18234,0.0830,0.0000,-0.14081,0.14108,0.46528,43.6,1.0000,-23.8796,0.4741,-9.7283,190.730,ppo_car_spread_a_sampling
41.5408,0.10604,0.0830,0.0000,-0.13602,0.13620,0.45775,43.6,1.0000,-23.8790,0.4741,-9.7258,190.723,ppo_car_spread_a_sampling
41.5608,0.05249,0.0053,0.0000,-0.12985,0.12993,0.43047,43.6,1.0000,-23.8784,0.4741,-9.7233,190.717,ppo_car_spread_a_sampling
41.5808,-0.02634,0.0053,0.0000,-0.12865,0.12867,0.37296,2.8,1.0000,-23.8779,0.4741,-9.7209,190.714,ppo_car_spread_a_sampling
41.6008,-0.11420,0.0053,0.0000,-0.12809,0.12809,0.34309,2.8,1.0000,-23.8775,0.4741,-9.7185,190.712,ppo_car_spread_a_sampling
41.6208,-0.17960,0.0053,0.0000,-0.12503,0.12504,0.45684,2.8,1.0000,-23.8771,0.4741,-9.7161,190.713,ppo_car_spread_a_sampling
41.6408,-0.26410,0.2671,0.0000,-0.12496,0.12501,0.46708,2.8,1.0000,-23.8767,0.4741,-9.7137,190.714,ppo_car_spread_a_sampling
41.6608,-0.32027,0.2671,0.0000,-0.10168,0.10177,0.38285,140.2,1.0000,-23.8764,0.4741,-9.7118,190.715,ppo_car_spread_a_sampling
41.6808,-0.39447,0.2671,0.0000,-0.07440,0.07451,0.31250,140.2,1.0000,-23.8763,0.4741,-9.7104,190.717,ppo_car_spread_a_sampling
41.7008,-0.46941,0.2671,0.0000,-0.05622,0.05637,0.31044,140.2,1.0000,-23.8762,0.4741,-9.7094,190.720,ppo_car_spread_a_sampling
41.7208,-0.40004,0.0422,0.0000,-0.02600,0.02606,0.32693,140.2,1.0000,-23.8761,0.4741,-9.7089,190.719,ppo_car_spread_a_sampling
41.7408,-0.32528,0.0422,0.0000,-0.02309,0.02320,0.33775,22.2,1.0000,-23.8761,0.4741,-9.7086,190.720,ppo_car_spread_a_sampling
41.7608,-0.23955,0.0422,0.0000,-0.01680,0.01685,0.21838,22.2,1.0000,-23.8761,0.4741,-9.7083,190.723,ppo_car_spread_a_sampling
41.7808,-0.16088,0.0422,0.0000,-0.01125,0.01129,0.27724,22.2,1.0000,-23.8761,0.4741,-9.7081,190.725,ppo_car_spread_a_sampling
41.8008,-0.09800,0.1128,0.0000,-0.01016,0.01016,0.29595,22.2,1.0000,-23.8760,0.4741,-9.7079,190.728,ppo_car_spread_a_sampling
41.8208,-0.02792,0.1128,0.0000,0.00248,0.00248,0.24923,59.2,1.0000,-23.8761,0.4741,-9.7080,190.728,ppo_car_spread_a_sampling
41.8408,0.04772,0.1128,0.0000,0.00802,0.00802,0.39948,59.2,1.0000,-23.8761,0.4741,-9.7082,190.729,ppo_car_spread_a_sampling
41.8608,0.06342,0.1128,0.0000,0.02594,0.02594,0.10963,59.2,1.0000,-23.8762,0.4741,-9.7087,190.729,ppo_car_spread_a_sampling
41.8808,-0.01978,0.0122,0.0000,0.03097,0.03097,0.27020,59.2,1.0000,-23.8763,0.4741,-9.7093,190.730,ppo_car_spread_a_sampling
41.9008,-0.07919,0.0122,0.0000,0.03491,0.03491,0.39712,6.4,1.0000,-23.8764,0.4741,-9.7100,190.731,ppo_car_spread_a_sampling
41.9208,-0.15101,0.0122,0.0000,0.04470,0.04471,0.29466,6.4,1.0000,-23.8766,0.4741,-9.7109,190.730,ppo_car_spread_a_sampling
41.9408,-0.23796,0.0122,0.0000,0.03745,0.03746,0.32827,6.4,1.0000,-23.8767,0.4741,-9.7116,190.733,ppo_car_spread_a_sampling
41.9608,-0.15658,0.0000,0.4555,0.03522,0.03525,0.40319,6.4,1.0000,-23.8768,0.4741,-9.7122,190.733,ppo_car_spread_a_sampling
41.9808,-0.09887,0.0000,0.4555,0.02279,0.02281,0.30089,-95.7,1.0000,-23.8768,0.4741,-9.7126,190.730,ppo_car_spread_a_sampling
42.0008,-0.02125,0.0000,0.4555,0.00916,0.00916,0.36810,-95.7,1.0000,-23.8768,0.4741,-9.7128,190.726,ppo_car_spread_a_sampling
42.0208,0.05986,0.0000,0.4555,-0.01294,0.01294,0.23092,-95.7,1.0000,-23.8768,0.4741,-9.7124,190.727,ppo_car_spread_a_sampling
42.0408,0.11991,0.0776,0.0000,-0.02495,0.02495,0.42366,-95.7,1.0000,-23.8767,0.4741,-9.7118,190.726,ppo_car_spread_a_sampling
42.0608,0.19677,0.0776,0.0000,-0.01730,0.01730,0.26366,40.7,1.0000,-23.8766,0.4741,-9.7114,190.728,ppo_car_spread_a_sampling
42.0808,0.26927,0.0776,0.0000,-0.01598,0.01599,0.27599,40.7,1.0000,-23.8765,0.4741,-9.7111,190.729,ppo_car_spread_a_sampling
42.1008,0.34204,0.0776,0.0000,-0.00639,0.00639,0.35846,40.7,1.0000,-23.8765,0.4741,-9.7109,190.723,ppo_car_spread_a_sampling
42.1208,0.31090,0.4567,0.0000,-0.00228,0.00231,0.32902,40.7,1.0000,-23.8764,0.4741,-9.7108,190.727,ppo_car_spread_a_sampling
42.1408,0.31090,0.4567,0.0000,0.04164,0.04173,0.38492,239.8,1.0000,-23.8766,0.4741,-9.7116,190.731,ppo_car_spread_a_sampling
42.1608,0.31090,0.4567,0.0000,0.09072,0.09091,0.15236,239.8,1.0000,-23.8771,0.4741,-9.7135,190.736,ppo_car_spread_a_sampling
42.1808,0.31090,0.4567,0.0000,0.12864,0.12892,0.50604,239.8,1.0000,-23.8778,0.4741,-9.7160,190.748,ppo_car_spread_a_sampling
42.2008,0.22906,0.0000,0.4099,0.17107,0.17147,0.52472,239.8,1.0000,-23.8787,0.4741,-9.7194,190.758,ppo_car_spread_a_sampling
42.2208,0.14823,0.0000,0.4099,0.19230,0.19261,0.00000,0.0,1.0000,-23.8796,0.4741,-9.7233,190.764,ppo_car_spread_a_sampling
42.2408,0.09065,0.0000,0.4099,0.00455,0.00769,0.00000,0.0,1.0000,-23.8798,0.4741,-9.7232,190.765,ppo_car_spread_a_sampling
42.2608,0.04856,0.0000,0.4099,-0.00852,0.00869,0.37142,-86.1,1.0000,-23.8798,0.4741,-9.7230,190.767,ppo_car_spread_a_sampling
42.2808,0.11068,0.0000,0.5007,-0.02965,0.02965,0.31574,-86.1,1.0000,-23.8796,0.4741,-9.7223,190.764,ppo_car_spread_a_sampling
42.3008,0.11068,0.0000,0.5007,-0.04415,0.04416,0.37734,-105.1,1.0000,-23.8794,0.4741,-9.7213,190.761,ppo_car_spread_a_sampling
42.3208,0.11068,0.0000,0.5007,-0.06856,0.06858,0.22390,-105.1,1.0000,-23.8791,0.4741,-9.7199,190.759,ppo_car_spread_a_sampling
42.3408,0.11068,0.0000,0.5007,-0.08786,0.08789,0.22105,-105.1,1.0000,-23.8787,0.4741,-9.7181,190.760,ppo_car_spread_a_sampling
42.3608,0.04633,0.0000,0.0136,-0.10122,0.10125,0.29448,-105.1,1.0000,-23.8783,0.4741,-9.7160,190.757,ppo_car_spread_a_sampling
42.3808,-0.03904,0.0000,0.0136,-0.10477,0.10478,0.14631,-2.9,1.0000,-23.8778,0.4741,-9.7139,190.755,ppo_car_spread_a_sampling
42.4008,-0.11034,0.0000,0.0136,-0.09583,0.09583,0.45253,-2.9,1.0000,-23.8774,0.4741,-9.7120,190.755,ppo_car_spread_a_sampling
42.4208,-0.20001,0.0000,0.0136,-0.10573,0.10575,0.41892,-2.9,1.0000,-23.8771,0.4741,-9.7099,190.762,ppo_car_spread_a_sampling
42.4408,-0.13368,0.0440,0.0000,-0.10022,0.10027,0.44344,-2.9,1.0000,-23.8768,0.4741,-9.7079,190.762,ppo_car_spread_a_sampling
42.4608,-0.05168,0.0440,0.0000,-0.10288,0.10292,0.13966,23.1,1.0000,-23.8765,0.4741,-9.7059,190.764,ppo_car_spread_a_sampling
42.4808,-0.00494,0.0440,0.0000,-0.09378,0.09380,0.42336,23.1,1.0000,-23.8761,0.4741,-9.7040,190.764,ppo_car_spread_a_sampling
42.5008,0.00794,0.0440,0.0000,-0.09332,0.09332,0.40990,23.1,1.0000,-23.8758,0.4741,-9.7022,190.765,ppo_car_spread_a_sampling
42.5208,-0.05809,0.0572,0.0000,-0.09180,0.09180,0.16501,23.1,1.0000,-23.8755,0.4741,-9.7005,190.766,ppo_car_spread_a_sampling
42.5408,-0.05809,0.0572,0.0000,-0.08465,0.08465,0.32192,30.0,1.0000,-23.8752,0.4741,-9.6988,190.766,ppo_car_spread_a_sampling
42.5608,-0.05809,0.0572,0.0000,-0.07963,0.07964,0.22547,30.0,1.0000,-23.8749,0.4741,-9.6973,190.770,ppo_car_spread_a_sampling
42.5808,-0.05809,0.0572,0.0000,-0.07176,0.07177,0.27191,30.0,1.0000,-23.8747,0.4741,-9.6960,190.771,ppo_car_spread_a_sampling
42.6008,0.00386,0.0865,0.0000,-0.06717,0.06718,0.32823,30.0,1.0000,-23.8745,0.4741,-9.6947,190.770,ppo_car_spread_a_sampling
42.6208,0.09433,0.0865,0.0000,-0.06440,0.06440,0.26438,45.4,1.0000,-23.8742,0.4741,-9.6935,190.767,ppo_car_spread_a_sampling
42.6408,0.15786,0.0865,0.0000,-0.05816,0.05816,0.28768,45.4,1.0000,-23.8740,0.4741,-9.6924,190.764,ppo_car_spread_a_sampling
42.6608,0.24427,0.0865,0.0000,-0.04765,0.04766,0.29678,45.4,1.0000,-23.8738,0.4741,-9.6915,190.764,ppo_car_spread_a_sampling
42.6808,0.18561,0.0000,0.0353,-0.03741,0.03746,0.31669,45.4,1.0000,-23.8736,0.4741,-9.6909,190.763,ppo_car_spread_a_sampling
42.7008,0.10409,0.0000,0.0353,-0.04164,0.04167,0.28238,-7.4,1.0000,-23.8735,0.4741,-9.6901,190.761,ppo_car_spread_a_sampling
42.7208,0.03064,0.0000,0.0353,-0.03733,0.03735,0.31346,-7.4,1.0000,-23.8733,0.4741,-9.6894,190.758,ppo_car_spread_a_sampling
42.7408,-0.05473,0.0000,0.0353,-0.04276,0.04276,0.18372,-7.4,1.0000,-23.8731,0.4741,-9.6886,190.759,ppo_car_spread_a_sampling
42.7608,-0.11225,0.2684,0.0000,-0.04213,0.04213,0.35086,-7.4,1.0000,-23.8730,0.4741,-9.6878,190.762,ppo_car_spread_a_sampling
42.7808,-0.18262,0.2684,0.0000,-0.01209,0.01209,0.34655,140.9,1.0000,-23.8730,0.4741,-9.6876,190.762,ppo_car_spread_a_sampling
42.8008,-0.26258,0.2684,0.0000,0.01031,0.01033,0.32654,140.9,1.0000,-23.8730,0.4741,-9.6878,190.764,ppo_car_spread_a_sampling
42.8208,-0.33857,0.2684,0.0000,0.03882,0.03889,0.30180,140.9,1.0000,-23.8731,0.4741,-9.6887,190.758,ppo_car_spread_a_sampling
42.8408,-0.25558,0.3584,0.0000,0.06454,0.06470,0.07998,140.9,1.0000,-23.8733,0.4741,-9.6900,190.753,ppo_car_spread_a_sampling
42.8608,-0.18351,0.3584,0.0000,0.09718,0.09734,0.36035,188.2,1.0000,-23.8735,0.4741,-9.6920,190.749,ppo_car_spread_a_sampling
42.8808,-0.11029,0.3584,0.0000,0.13428,0.13442,0.34938,188.2,1.0000,-23.8739,0.4741,-9.6948,190.743,ppo_car_spread_a_sampling
42.9008,-0.06548,0.3584,0.0000,0.16815,0.16822,0.22336,188.2,1.0000,-23.8745,0.4741,-9.6982,190.739,ppo_car_spread_a_sampling
42.9208,-0.00802,0.0000,0.3985,0.19862,0.19866,0.54113,188.2,1.0000,-23.8751,0.4741,-9.7022,190.736,ppo_car_spread_a_sampling
42.9408,0.08001,0.0000,0.3985,0.19650,0.19651,0.00000,0.0,1.0000,-23.8758,0.4741,-9.7061,190.736,ppo_car_spread_a_sampling
42.9608,0.14652,0.0000,0.3985,0.00590,0.00592,0.00000,0.0,1.0000,-23.8759,0.4741,-9.7060,190.737,ppo_car_spread_a_sampling
42.9808,0.23113,0.0000,0.3985,-0.00083,0.00083,0.34354,-83.7,1.0000,-23.8758,0.4741,-9.7059,190.737,ppo_car_spread_a_sampling
43.0008,0.16771,0.0631,0.0000,-0.02491,0.02494,0.31207,-83.7,1.0000,-23.8757,0.4741,-9.7052,190.734,ppo_car_spread_a_sampling
43.0208,0.09496,0.0631,0.0000,-0.01927,0.01930,0.38592,33.1,1.0000,-23.8756,0.4741,-9.7047,190.729,ppo_car_spread_a_sampling
43.0408,0.01656,0.0631,0.0000,-0.01160,0.01160,0.19744,33.1,1.0000,-23.8755,0.4741,-9.7044,190.729,ppo_car_spread_a_sampling
43.0608,-0.06364,0.0631,0.0000,-0.01164,0.01164,0.23238,33.1,1.0000,-23.8755,0.4741,-9.7041,190.728,ppo_car_spread_a_sampling
43.0808,0.01187,0.2683,0.0000,0.00091,0.00093,0.14954,33.1,1.0000,-23.8754,0.4741,-9.7040,190.729,ppo_car_spread_a_sampling
43.1008,0.06989,0.2683,0.0000,0.03360,0.03360,0.29081,140.9,1.0000,-23.8756,0.4741,-9.7047,190.729,ppo_car_spread_a_sampling
43.1208,0.15177,0.2683,0.0000,0.05321,0.05321,0.40392,140.9,1.0000,-23.8758,0.4741,-9.7057,190.733,ppo_car_spread_a_sampling
43.1408,0.21266,0.2683,0.0000,0.07497,0.07500,0.26228,140.9,1.0000,-23.8761,0.4741,-9.7072,190.735,ppo_car_spread_a_sampling
43.1608,0.12572,0.0000,0.2304,0.11094,0.11104,0.16988,140.9,1.0000,-23.8766,0.4741,-9.7094,190.739,ppo_car_spread_a_sampling
43.1808,0.06592,0.0000,0.2304,0.08607,0.08612,0.00000,0.0,1.0000,-23.8770,0.4741,-9.7111,190.742,ppo_car_spread_a_sampling
43.2008,0.00895,0.0000,0.2304,0.07971,0.07973,0.24450,-48.4,1.0000,-23.8774,0.4741,-9.7127,190.743,ppo_car_spread_a_sampling
43.2208,-0.04598,0.0000,0.2304,0.07250,0.07250,0.25553,-48.4,1.0000,-23.8776,0.4741,-9.7141,190.744,ppo_car_spread_a_sampling
43.2408,-0.12762,0.1907,0.0000,0.06061,0.06061,0.27658,-48.4,1.0000,-23.8779,0.4741,-9.7153,190.744,ppo_car_spread_a_sampling
43.2608,-0.19597,0.1907,0.0000,0.07410,0.07411,0.19507,100.1,1.0000,-23.8781,0.4741,-9.7168,190.742,ppo_car_spread_a_sampling
43.2808,-0.26782,0.1907,0.0000,0.08769,0.08774,0.31297,100.1,1.0000,-23.8784,0.4741,-9.7185,190.738,ppo_car_spread_a_sampling
43.3008,-0.33349,0.1907,0.0000,0.11173,0.11188,0.31149,100.1,1.0000,-23.8787,0.4741,-9.7208,190.731,ppo_car_spread_a_sampling
43.3208,-0.27071,0.0000,0.4119,0.12868,0.12896,0.31650,100.1,1.0000,-23.8790,0.4741,-9.7234,190.725,ppo_car_spread_a_sampling
43.3408,-0.18707,0.0000,0.4119,0.14622,0.14647,0.00000,0.0,1.0000,-23.8793,0.4741,-9.7264,190.711,ppo_car_spread_a_sampling
43.3608,-0.11317,0.0000,0.4119,0.00374,0.00629,0.00000,0.0,1.0000,-23.8792,0.4741,-9.7263,190.711,ppo_car_spread_a_sampling
43.3808,-0.03400,0.0000,0.4119,-0.01111,0.01118,0.25357,-86.5,1.0000,-23.8791,0.4741,-9.7260,190.710,ppo_car_spread_a_sampling
43.4008,-0.09152,0.9231,0.0000,-0.02675,0.02675,0.22573,-86.5,1.0000,-23.8790,0.4741,-9.7254,190.708,ppo_car_spread_a_sampling
43.4208,-0.16781,0.9231,0.0000,0.06005,0.06007,0.30915,484.6,1.0000,-23.8792,0.4741,-9.7266,190.705,ppo_car_spread_a_sampling
43.4408,-0.24857,0.9231,0.0000,0.15659,0.15669,0.04604,484.6,1.0000,-23.8797,0.4741,-9.7298,190.700,ppo_car_spread_a_sampling
43.4608,-0.27531,0.9231,0.0000,0.23078,0.23105,0.63803,484.6,1.0000,-23.8804,0.4741,-9.7346,190.692,ppo_car_spread_a_sampling
43.4808,-0.31837,0.0000,0.1022,0.32561,0.32612,0.66271,484.6,1.0000,-23.8812,0.4741,-9.7412,190.676,ppo_car_spread_a_sampling
43.5008,-0.31837,0.0000,0.1022,0.19098,0.19115,0.00000,0.0,1.0000,-23.8818,0.4741,-9.7450,190.670,ppo_car_spread_a_sampling
43.5208,-0.31837,0.0000,0.1022,0.00496,0.00829,0.00000,0.0,1.0000,-23.8816,0.4741,-9.7450,190.671,ppo_car_spread_a_sampling
43.5408,-0.31837,0.0000,0.1022,0.00068,0.00229,0.32029,-21.5,1.0000,-23.8816,0.4741,-9.7449,190.672,ppo_car_spread_a_sampling
43.5608,-0.26010,0.0856,0.0000,-0.00417,0.00420,0.23452,-21.5,1.0000,-23.8815,0.4741,-9.7447,190.672,ppo_car_spread_a_sampling
43.5808,-0.17828,0.0856,0.0000,0.00411,0.00412,0.33748,44.9,1.0000,-23.8815,0.4741,-9.7447,190.669,ppo_car_spread_a_sampling
43.6008,-0.10564,0.0856,0.0000,0.01149,0.01152,0.21998,44.9,1.0000,-23.8816,0.4741,-9.7449,190.668,ppo_car_spread_a_sampling
43.6208,-0.07473,0.0856,0.0000,0.01530,0.01531,0.38520,44.9,1.0000,-23.8816,0.4741,-9.7451,190.669,ppo_car_spread_a_sampling
43.6408,-0.17090,0.0000,0.2366,0.03182,0.03183,0.30767,44.9,1.0000,-23.8817,0.4741,-9.7457,190.672,ppo_car_spread_a_sampling
43.6608,-0.23753,0.0000,0.2366,0.02622,0.02623,0.29054,-49.7,1.0000,-23.8818,0.4741,-9.7462,190.673,ppo_car_spread_a_sampling
43.6808,-0.31125,0.0000,0.2366,0.01227,0.01227,0.13298,-49.7,1.0000,-23.8818,0.4741,-9.7465,190.673,ppo_car_spread_a_sampling
43.7008,-0.33437,0.0000,0.2366,0.00020,0.00029,0.34277,-49.7,1.0000,-23.8818,0.4741,-9.7464,190.672,ppo_car_spread_a_sampling
43.7208,-0.25226,0.1241,0.0000,-0.00325,0.00326,0.28460,-49.7,1.0000,-23.8818,0.4741,-9.7464,190.671,ppo_car_spread_a_sampling
43.7408,-0.21923,0.1241,0.0000,0.00211,0.00211,0.38039,65.1,1.0000,-23.8819,0.4741,-9.7464,190.670,ppo_car_spread_a_sampling
43.7608,-0.21923,0.1241,0.0000,0.01831,0.01835,0.28869,65.1,1.0000,-23.8819,0.4741,-9.7468,190.668,ppo_car_spread_a_sampling
43.7808,-0.21923,0.1241,0.0000,0.02331,0.02336,0.41409,65.1,1.0000,-23.8820,0.4741,-9.7473,190.666,ppo_car_spread_a_sampling
43.8008,-0.28261,0.0516,0.0000,0.04216,0.04221,0.12951,65.1,1.0000,-23.8821,0.4741,-9.7482,190.663,ppo_car_spread_a_sampling
43.8208,-0.37439,0.0516,0.0000,0.05272,0.05281,0.28453,27.1,1.0000,-23.8822,0.4741,-9.7493,190.661,ppo_car_spread_a_sampling
43.8408,-0.44905,0.0516,0.0000,0.05249,0.05259,0.41976,27.1,1.0000,-23.8824,0.4741,-9.7504,190.660,ppo_car_spread_a_sampling
43.8608,-0.49302,0.0516,0.0000,0.05539,0.05564,0.40033,27.1,1.0000,-23.8825,0.4741,-9.7515,190.653,ppo_car_spread_a_sampling
43.8808,-0.43523,0.0000,0.8878,0.06112,0.06144,0.09543,27.1,1.0000,-23.8826,0.4741,-9.7528,190.647,ppo_car_spread_a_sampling
43.9008,-0.37353,0.0000,0.8878,0.03517,0.03535,0.35226,-186.4,1.0000,-23.8826,0.4741,-9.7535,190.646,ppo_car_spread_a_sampling
43.9208,-0.27528,0.0000,0.8878,-0.00899,0.00907,0.40493,-186.4,1.0000,-23.8826,0.4741,-9.7533,190.645,ppo_car_spread_a_sampling
43.9408,-0.19940,0.0000,0.8878,-0.04019,0.04028,0.24527,-186.4,1.0000,-23.8825,0.4741,-9.7525,190.646,ppo_car_spread_a_sampling
43.9608,-0.22452,0.0000,0.4390,-0.07898,0.07908,0.21330,-186.4,1.0000,-23.8823,0.4741,-9.7508,190.652,ppo_car_spread_a_sampling
43.9808,-0.22452,0.0000,0.4390,-0.08709,0.08720,0.43897,-92.2,1.0000,-23.8821,0.4741,-9.7490,190.659,ppo_car_spread_a_sampling
44.0008,-0.22452,0.0000,0.4390,-0.10554,0.10567,0.39926,-92.2,1.0000,-23.8818,0.4741,-9.7469,190.666,ppo_car_spread_a_sampling
44.0208,-0.22452,0.0000,0.4390,-0.12071,0.12086,0.46361,-92.2,1.0000,-23.8814,0.4741,-9.7444,190.669,ppo_car_spread_a_sampling
44.0408,-0.28687,0.7519,0.0000,-0.14547,0.14564,0.29382,-92.2,1.0000,-23.8810,0.4741,-9.7414,190.674,ppo_car_spread_a_sampling
44.0608,-0.36662,0.7519,0.0000,-0.07152,0.07161,0.20044,394.7,1.0000,-23.8808,0.4741,-9.7400,190.675,ppo_car_spread_a_sampling
44.0808,-0.38425,0.7519,0.0000,-0.00336,0.00338,0.32473,394.7,1.0000,-23.8808,0.4741,-9.7401,190.673,ppo_car_spread_a_sampling
44.1008,-0.38425,0.7519,0.0000,0.07458,0.07484,0.51004,394.7,1.0000,-23.8810,0.4741,-9.7417,190.670,ppo_car_spread_a_sampling
44.1208,-0.32231,0.2045,0.0000,0.14322,0.14375,0.41670,394.7,1.0000,-23.8813,0.4741,-9.7448,190.660,ppo_car_spread_a_sampling
44.1408,-0.23424,0.2045,0.0000,0.16152,0.16197,0.43844,107.4,1.0000,-23.8816,0.4741,-9.7482,190.647,ppo_car_spread_a_sampling
44.1608,-0.15892,0.2045,0.0000,0.18843,0.18876,0.25537,107.4,1.0000,-23.8821,0.4741,-9.7521,190.636,ppo_car_spread_a_sampling
44.1808,-0.08474,0.2045,0.0000,0.20830,0.20849,0.32190,107.4,1.0000,-23.8827,0.4741,-9.7563,190.628,ppo_car_spread_a_sampling
44.2008,-0.01277,0.0000,0.0921,0.22827,0.22835,0.35081,107.4,1.0000,-23.8835,0.4741,-9.7610,190.623,ppo_car_spread_a_sampling
44.2208,0.06093,0.0000,0.0921,0.19292,0.19294,0.00000,0.0,1.0000,-23.8842,0.4741,-9.7648,190.623,ppo_car_spread_a_sampling
44.2408,0.12576,0.0000,0.0921,0.00566,0.00566,0.00000,0.0,1.0000,-23.8842,0.4741,-9.7648,190.624,ppo_car_spread_a_sampling
44.2608,0.13133,0.0000,0.0921,0.00183,0.00184,0.27245,-19.3,1.0000,-23.8841,0.4741,-9.7647,190.625,ppo_car_spread_a_sampling
44.2808,0.07310,0.0000,0.5715,-0.00341,0.00342,0.16510,-19.3,1.0000,-23.8841,0.4741,-9.7645,190.625,ppo_car_spread_a_sampling
44.3008,-0.00214,0.0000,0.5715,-0.02800,0.02800,0.26164,-120.0,1.0000,-23.8840,0.4741,-9.7638,190.623,ppo_car_spread_a_sampling
44.3208,-0.07826,0.0000,0.5715,-0.04581,0.04581,0.37487,-120.0,1.0000,-23.8838,0.4741,-9.7628,190.625,ppo_car_spread_a_sampling
44.3408,-0.14794,0.0000,0.5715,-0.06791,0.06792,0.11490,-120.0,1.0000,-23.8835,0.4741,-9.7613,190.625,ppo_car_spread_a_sampling
44.3608,-0.06583,0.0000,0.1335,-0.09089,0.09092,0.11535,-120.0,1.0000,-23.8832,0.4741,-9.7594,190.628,ppo_car_spread_a_sampling
44.3808,0.01429,0.0000,0.1335,-0.09101,0.09102,0.44331,-28.0,1.0000,-23.8829,0.4741,-9.7575,190.631,ppo_car_spread_a_sampling
44.4008,0.07509,0.0000,0.1335,-0.10427,0.10427,0.39178,-28.0,1.0000,-23.8825,0.4741,-9.7554,190.635,ppo_car_spread_a_sampling
44.4208,0.15127,0.0000,0.1335,-0.10712,0.10712,0.21702,-28.0,1.0000,-23.8821,0.4741,-9.7532,190.635,ppo_car_spread_a_sampling
44.4408,0.06787,0.5178,0.0000,-0.10822,0.10825,0.44561,-28.0,1.0000,-23.8816,0.4741,-9.7510,190.628,ppo_car_spread_a_sampling
44.4608,0.00956,0.5178,0.0000,-0.06689,0.06691,0.26733,271.9,1.0000,-23.8814,0.4741,-9.7497,190.626,ppo_car_spread_a_sampling
44.4808,-0.06077,0.5178,0.0000,-0.01716,0.01716,0.33183,271.9,1.0000,-23.8813,0.4741,-9.7495,190.624,ppo_car_spread_a_sampling
44.5008,-0.13656,0.5178,0.0000,0.03655,0.03656,0.44577,271.9,1.0000,-23.8815,0.4741,-9.7503,190.627,ppo_car_spread_a_sampling
44.5208,-0.22475,0.2500,0.0000,0.09325,0.09328,0.15669,271.9,1.0000,-23.8818,0.4741,-9.7523,190.625,ppo_car_spread_a_sampling
44.5408,-0.22475,0.2500,0.0000,0.11606,0.11616,0.17252,131.2,1.0000,-23.8821,0.4741,-9.7548,190.620,ppo_car_spread_a_sampling
44.5608,-0.32396,0.2500,0.0000,0.14266,0.14282,0.11299,131.2,1.0000,-23.8825,0.4741,-9.7577,190.614,ppo_car_spread_a_sampling
44.5808,-0.33548,0.2500,0.0000,0.16099,0.16129,0.51607,131.2,1.0000,-23.8830,0.4741,-9.7611,190.604,ppo_car_spread_a_sampling
44.6008,-0.41138,0.1393,0.0000,0.18857,0.18901,0.20802,131.2,1.0000,-23.8834,0.4741,-9.7650,190.592,ppo_car_spread_a_sampling
44.6208,-0.48195,0.1393,0.0000,0.19739,0.19808,0.40658,73.1,1.0000,-23.8838,0.4741,-9.7690,190.580,ppo_car_spread_a_sampling
44.6408,-0.53783,0.1393,0.0000,0.20798,0.20897,0.47596,73.1,1.0000,-23.8842,0.4741,-9.7733,190.562,ppo_car_spread_a_sampling
44.6608,-0.62488,0.1393,0.0000,0.22189,0.22323,0.53980,73.1,1.0000,-23.8845,0.4741,-9.7778,190.538,ppo_car_spread_a_sampling
44.6808,-0.55662,0.4070,0.0000,0.23562,0.23755,0.54150,73.1,1.0000,-23.8847,0.4741,-9.7826,190.515,ppo_car_spread_a_sampling
44.7008,-0.47307,0.4070,0.0000,0.27571,0.27779,0.50444,213.7,1.0000,-23.8851,0.4741,-9.7882,190.483,ppo_car_spread_a_sampling
44.7208,-0.40230,0.4070,0.0000,0.31628,0.31826,0.60872,213.7,1.0000,-23.8855,0.4741,-9.7947,190.452,ppo_car_spread_a_sampling
44.7408,-0.33329,0.4070,0.0000,0.35793,0.35959,0.28535,213.7,1.0000,-23.8861,0.4741,-9.8019,190.421,ppo_car_spread_a_sampling
44.7608,-0.25093,0.0000,0.5241,0.39449,0.39579,0.66284,213.7,1.0000,-23.8869,0.4741,-9.8098,190.390,ppo_car_spread_a_sampling
44.7808,-0.18305,0.0000,0.5241,0.30413,0.30475,0.36683,0.0,1.0000,-23.8876,0.4741,-9.8158,190.357,ppo_car_spread_a_sampling
44.8008,-0.10836,0.0000,0.5241,0.19064,0.19092,0.00000,0.0,1.0000,-23.8881,0.4741,-9.8195,190.347,ppo_car_spread_a_sampling
44.8208,-0.04781,0.0000,0.5241,0.00878,0.01048,0.00000,0.0,1.0000,-23.8880,0.4741,-9.8193,190.348,ppo_car_spread_a_sampling
44.8408,0.02426,0.0000,0.2332,-0.01160,0.01177,0.22505,-110.1,1.0000,-23.8879,0.4741,-9.8188,190.349,ppo_car_spread_a_sampling
44.8608,0.07536,0.0000,0.2332,-0.01620,0.01623,0.26731,-49.0,1.0000,-23.8878,0.4741,-9.8182,190.348,ppo_car_spread_a_sampling
44.8808,0.07536,0.0000,0.2332,-0.03542,0.03544,0.26517,-49.0,1.0000,-23.8877,0.4741,-9.8173,190.347,ppo_car_spread_a_sampling
44.9008,0.07536,0.0000,0.2332,-0.03502,0.03504,0.21259,-49.0,1.0000,-23.8875,0.4741,-9.8164,190.347,ppo_car_spread_a_sampling
44.9208,0.01332,0.0000,0.4578,-0.04834,0.04836,0.22626,-49.0,1.0000,-23.8873,0.4741,-9.8153,190.348,ppo_car_spread_a_sampling
44.9408,0.01332,0.0000,0.4578,-0.06970,0.06970,0.19924,-96.1,1.0000,-23.8870,0.4741,-9.8138,190.348,ppo_car_spread_a_sampling
44.9608,0.01332,0.0000,0.4578,-0.08417,0.08417,0.09385,-96.1,1.0000,-23.8867,0.4741,-9.8120,190.349,ppo_car_spread_a_sampling
44.9808,0.01332,0.0000,0.4578,-0.09945,0.09945,0.45827,-96.1,1.0000,-23.8864,0.4741,-9.8100,190.347,ppo_car_spread_a_sampling
45.0008,0.06969,0.3522,0.0000,-0.11342,0.11342,0.44972,-96.1,1.0000,-23.8859,0.4741,-9.8077,190.345,ppo_car_spread_a_sampling
45.0208,0.06969,0.3522,0.0000,-0.08439,0.08439,0.21447,184.9,1.0000,-23.8856,0.4741,-9.8061,190.344,ppo_car_spread_a_sampling
45.0408,0.06969,0.3522,0.0000,-0.04256,0.04257,0.37210,184.9,1.0000,-23.8855,0.4741,-9.8053,190.343,ppo_car_spread_a_sampling
45.0608,0.06969,0.3522,0.0000,-0.02153,0.02153,0.36259,184.9,1.0000,-23.8854,0.4741,-9.8050,190.343,ppo_car_spread_a_sampling
45.0808,0.13209,0.2145,0.0000,0.01324,0.01324,0.41302,184.9,1.0000,-23.8855,0.4741,-9.8054,190.347,ppo_car_spread_a_sampling
45.1008,0.20889,0.2145,0.0000,0.03847,0.03849,0.32180,112.6,1.0000,-23.8857,0.4741,-9.8063,190.350,ppo_car_spread_a_sampling
45.1208,0.29465,0.2145,0.0000,0.05907,0.05912,0.41548,112.6,1.0000,-23.8860,0.4741,-9.8076,190.357,ppo_car_spread_a_sampling
45.1408,0.35535,0.2145,0.0000,0.08262,0.08278,0.16222,112.6,1.0000,-23.8864,0.4741,-9.8093,190.360,ppo_car_spread_a_sampling
45.1608,0.28366,0.0000,0.0760,0.10142,0.10168,0.38277,112.6,1.0000,-23.8869,0.4741,-9.8115,190.368,ppo_car_spread_a_sampling
45.1808,0.20109,0.0000,0.0760,0.09875,0.09898,0.00000,0.0,1.0000,-23.8874,0.4741,-9.8135,190.373,ppo_car_spread_a_sampling
45.2008,0.15434,0.0000,0.0760,0.09383,0.09396,0.13735,-16.0,1.0000,-23.8879,0.4741,-9.8155,190.376,ppo_car_spread_a_sampling
45.2208,0.15434,0.0000,0.0760,0.08748,0.08756,0.35039,-16.0,1.0000,-23.8883,0.4741,-9.8172,190.381,ppo_car_spread_a_sampling
45.2408,0.07480,0.1256,0.0000,0.08697,0.08704,0.29303,-16.0,1.0000,-23.8887,0.4741,-9.8190,190.386,ppo_car_spread_a_sampling
45.2609,-0.00132,0.1256,0.0000,0.09612,0.09615,0.44675,66.0,1.0000,-23.8891,0.4741,-9.8209,190.389,ppo_car_spread_a_sampling
45.2809,-0.06129,0.1256,0.0000,0.11230,0.11230,0.15596,66.0,1.0000,-23.8895,0.4741,-9.8232,190.391,ppo_car_spread_a_sampling
45.3009,-0.14443,0.1256,0.0000,0.12492,0.12493,0.12831,66.0,1.0000,-23.8899,0.4741,-9.8257,190.390,ppo_car_spread_a_sampling
45.3209,-0.20462,0.4973,0.0000,0.13502,0.13506,0.16633,66.0,1.0000,-23.8903,0.4741,-9.8284,190.387,ppo_car_spread_a_sampling
45.3409,-0.29909,0.4973,0.0000,0.18257,0.18270,0.27344,261.1,1.0000,-23.8908,0.4741,-9.8321,190.381,ppo_car_spread_a_sampling
45.3609,-0.34961,0.4973,0.0000,0.23087,0.23124,0.39677,261.1,1.0000,-23.8914,0.4741,-9.8368,190.366,ppo_car_spread_a_sampling
45.3809,-0.34961,0.4973,0.0000,0.27103,0.27168,0.59595,261.1,1.0000,-23.8920,0.4741,-9.8423,190.346,ppo_car_spread_a_sampling
45.4009,-0.27417,0.0000,0.3682,0.33042,0.33130,0.22821,261.1,1.0000,-23.8927,0.4741,-9.8490,190.324,ppo_car_spread_a_sampling
45.4209,-0.20472,0.0000,0.3682,0.22062,0.22104,0.27803,0.0,1.0000,-23.8931,0.4741,-9.8533,190.282,ppo_car_spread_a_sampling
45.4409,-0.14031,0.0000,0.3682,0.05711,0.05725,0.00000,0.0,1.0000,-23.8932,0.4741,-9.8543,190.202,ppo_car_spread_a_sampling
45.4609,-0.04845,0.0000,0.3682,0.03850,0.03856,0.39447,-77.3,1.0000,-23.8933,0.4741,-9.8548,190.177,ppo_car_spread_a_sampling
45.4809,-0.10270,0.2988,0.0000,0.02858,0.02860,0.31091,-77.3,1.0000,-23.8933,0.4741,-9.8552,190.166,ppo_car_spread_a_sampling
45.5009,-0.19753,0.2988,0.0000,0.05938,0.05940,0.24560,156.9,1.0000,-23.8935,0.4741,-9.8563,190.157,ppo_car_spread_a_sampling
45.5209,-0.24966,0.2988,0.0000,0.09080,0.09087,0.11801,156.9,1.0000,-23.8938,0.4741,-9.8580,190.153,ppo_car_spread_a_sampling
45.5409,-0.33344,0.2988,0.0000,0.11710,0.11726,0.14287,156.9,1.0000,-23.8940,0.4741,-9.8603,190.147,ppo_car_spread_a_sampling
45.5609,-0.42053,0.2716,0.0000,0.14471,0.14504,0.23178,156.9,1.0000,-23.8944,0.4741,-9.8632,190.139,ppo_car_spread_a_sampling
45.5809,-0.49348,0.2716,0.0000,0.16568,0.16624,0.50644,142.6,1.0000,-23.8947,0.4741,-9.8665,190.125,ppo_car_spread_a_sampling
45.6009,-0.54803,0.2716,0.0000,0.19085,0.19180,0.43474,142.6,1.0000,-23.8950,0.4741,-9.8703,190.110,ppo_car_spread_a_sampling
45.6209,-0.62301,0.2716,0.0000,0.21658,0.21803,0.50463,142.6,1.0000,-23.8952,0.4741,-9.8748,190.090,ppo_car_spread_a_sampling
45.6409,-0.53396,0.0000,0.0858,0.24771,0.24971,0.48496,142.6,1.0000,-23.8954,0.4741,-9.8798,190.064,ppo_car_spread_a_sampling
45.6609,-0.45543,0.0000,0.0858,0.18479,0.18606,0.00000,0.0,1.0000,-23.8957,0.4741,-9.8835,190.050,ppo_car_spread_a_sampling
45.6809,-0.38241,0.0000,0.0858,0.00444,0.01205,0.00000,0.0,1.0000,-23.8954,0.4741,-9.8834,190.051,ppo_car_spread_a_sampling
45.7009,-0.33001,0.0000,0.0858,0.00091,0.00409,0.25154,-18.0,1.0000,-23.8953,0.4741,-9.8833,190.049,ppo_car_spread_a_sampling
45.7209,-0.23531,0.3080,0.0000,0.00182,0.00256,0.34112,-18.0,1.0000,-23.8953,0.4741,-9.8833,190.048,ppo_car_spread_a_sampling
45.7409,-0.17589,0.3080,0.0000,0.02351,0.02358,0.39212,161.7,1.0000,-23.8954,0.4741,-9.8837,190.046,ppo_car_spread_a_sampling
45.7609,-0.14300,0.3080,0.0000,0.05573,0.05579,0.23456,161.7,1.0000,-23.8956,0.4741,-9.8848,190.042,ppo_car_spread_a_sampling
45.7809,-0.14300,0.3080,0.0000,0.08472,0.08477,0.36832,161.7,1.0000,-23.8958,0.4741,-9.8865,190.037,ppo_car_spread_a_sampling
45.8009,-0.20991,0.0000,0.1242,0.11275,0.11282,0.39609,161.7,1.0000,-23.8962,0.4741,-9.8887,190.033,ppo_car_spread_a_sampling
45.8209,-0.29615,0.0000,0.1242,0.15100,0.15114,0.00000,0.0,1.0000,-23.8966,0.4741,-9.8918,190.026,ppo_car_spread_a_sampling
45.8409,-0.35388,0.0000,0.1242,0.00296,0.00610,0.00000,0.0,1.0000,-23.8965,0.4741,-9.8918,190.027,ppo_car_spread_a_sampling
45.8609,-0.38306,0.0000,0.1242,-0.00101,0.00188,0.18898,-26.1,1.0000,-23.8964,0.4741,-9.8918,190.028,ppo_car_spread_a_sampling
45.8809,-0.44655,0.0000,0.1989,-0.00800,0.00800,0.29938,-26.1,1.0000,-23.8964,0.4741,-9.8916,190.030,ppo_car_spread_a_sampling
45.9009,-0.53440,0.0000,0.1989,-0.01601,0.01605,0.17369,-41.8,1.0000,-23.8964,0.4741,-9.8912,190.030,ppo_car_spread_a_sampling
45.9209,-0.61470,0.0000,0.1989,-0.01990,0.02001,0.15845,-41.8,1.0000,-23.8964,0.4741,-9.8908,190.033,ppo_car_spread_a_sampling
45.9409,-0.66996,0.0000,0.1989,-0.02687,0.02714,0.24880,-41.8,1.0000,-23.8964,0.4741,-9.8903,190.037,ppo_car_spread_a_sampling
45.9609,-0.58525,1.0000,0.0000,-0.02962,0.02992,0.37523,-41.8,1.0000,-23.8964,0.4741,-9.8897,190.042,ppo_car_spread_a_sampling
45.9809,-0.50754,1.0000,0.0000,0.06342,0.06396,0.17431,525.0,1.0000,-23.8964,0.4741,-9.8910,190.036,ppo_car_spread_a_sampling
46.0009,-0.43031,1.0000,0.0000,0.15629,0.15727,0.39863,525.0,1.0000,-23.8966,0.4741,-9.8944,190.023,ppo_car_spread_a_sampling
46.0209,-0.35131,1.0000,0.0000,0.24391,0.24507,0.64066,525.0,1.0000,-23.8970,0.4741,-9.8995,190.002,ppo_car_spread_a_sampling
46.0409,-0.29414,0.0000,0.0872,0.34594,0.34714,0.55004,525.0,1.0000,-23.8976,0.4741,-9.9067,189.976,ppo_car_spread_a_sampling
46.0609,-0.20348,0.0000,0.0872,0.29704,0.29801,0.40164,0.0,1.0000,-23.8982,0.4741,-9.9128,189.972,ppo_car_spread_a_sampling
46.0809,-0.13729,0.0000,0.0872,0.19332,0.19371,0.09907,0.0,1.0000,-23.8986,0.4741,-9.9167,189.975,ppo_car_spread_a_sampling
46.1009,-0.07151,0.0000,0.0872,0.00915,0.00927,0.00000,0.0,1.0000,-23.8986,0.4741,-9.9167,189.979,ppo_car_spread_a_sampling
46.1209,-0.15952,0.0000,0.8352,0.00330,0.00334,0.27349,-18.3,1.0000,-23.8986,0.4741,-9.9166,189.978,ppo_car_spread_a_sampling
46.1409,-0.22243,0.0000,0.8352,-0.01886,0.01886,0.37361,-175.4,1.0000,-23.8985,0.4741,-9.9161,189.979,ppo_car_spread_a_sampling
46.1609,-0.30067,0.0000,0.8352,-0.05569,0.05576,0.43109,-175.4,1.0000,-23.8984,0.4741,-9.9149,189.981,ppo_car_spread_a_sampling
46.1809,-0.36117,0.0000,0.8352,-0.08548,0.08564,0.41328,-175.4,1.0000,-23.8982,0.4741,-9.9130,189.989,ppo_car_spread_a_sampling
46.2009,-0.29638,0.0000,0.4235,-0.12464,0.12499,0.36168,-175.4,1.0000,-23.8979,0.4741,-9.9104,189.994,ppo_car_spread_a_sampling
46.2209,-0.19674,0.0000,0.4235,-0.13928,0.13961,0.49158,-88.9,1.0000,-23.8976,0.4741,-9.9074,190.004,ppo_car_spread_a_sampling
46.2409,-0.11671,0.0000,0.4235,-0.15506,0.15527,0.28144,-88.9,1.0000,-23.8973,0.4741,-9.9042,190.011,ppo_car_spread_a_sampling
46.2609,-0.05933,0.0000,0.4235,-0.17440,0.17450,0.17130,-88.9,1.0000,-23.8967,0.4741,-9.9007,190.017,ppo_car_spread_a_sampling
46.2809,0.02327,0.0000,0.1319,-0.18617,0.18621,0.45416,-88.9,1.0000,-23.8962,0.4741,-9.8969,190.019,ppo_car_spread_a_sampling
46.3009,0.07923,0.0000,0.1319,-0.19843,0.19844,0.16405,-27.7,1.0000,-23.8955,0.4741,-9.8930,190.020,ppo_car_spread_a_sampling
46.3209,0.07923,0.0000,0.1319,-0.19418,0.19419,0.41120,-27.7,1.0000,-23.8947,0.4741,-9.8891,190.018,ppo_car_spread_a_sampling
46.3409,0.07923,0.0000,0.1319,-0.20665,0.20667,0.32248,-27.7,1.0000,-23.8940,0.4741,-9.8850,190.015,ppo_car_spread_a_sampling
46.3609,-0.01091,0.2046,0.0000,-0.21028,0.21031,0.29265,-27.7,1.0000,-23.8932,0.4741,-9.8809,190.010,ppo_car_spread_a_sampling
46.3809,-0.08676,0.2046,0.0000,-0.18768,0.18768,0.43899,107.4,1.0000,-23.8925,0.4741,-9.8773,190.012,ppo_car_spread_a_sampling
46.4009,-0.13882,0.2046,0.0000,-0.16693,0.16694,0.45754,107.4,1.0000,-23.8919,0.4741,-9.8741,190.011,ppo_car_spread_a_sampling
46.4209,-0.22189,0.2046,0.0000,-0.15504,0.15508,0.11659,107.4,1.0000,-23.8915,0.4741,-9.8711,190.014,ppo_car_spread_a_sampling
46.4409,-0.29118,0.5270,0.0000,-0.12782,0.12791,0.42373,107.4,1.0000,-23.8911,0.4741,-9.8687,190.019,ppo_car_spread_a_sampling
46.4609,-0.38466,0.5270,0.0000,-0.08053,0.08060,0.30849,276.7,1.0000,-23.8910,0.4741,-9.8672,190.022,ppo_car_spread_a_sampling
46.4809,-0.44415,0.5270,0.0000,-0.02789,0.02791,0.27489,276.7,1.0000,-23.8909,0.4741,-9.8669,190.022,ppo_car_spread_a_sampling
46.5009,-0.51775,0.5270,0.0000,0.02496,0.02512,0.25003,276.7,1.0000,-23.8910,0.4741,-9.8676,190.018,ppo_car_spread_a_sampling
46.5209,-0.60954,0.2334,0.0000,0.07619,0.07677,0.16359,276.7,1.0000,-23.8911,0.4741,-9.8693,190.010,ppo_car_spread_a_sampling
46.5409,-0.63878,0.2334,0.0000,0.10034,0.10128,0.34786,122.6,1.0000,-23.8911,0.4741,-9.8715,190.000,ppo_car_spread_a_sampling
46.5609,-0.63878,0.2334,0.0000,0.11498,0.11610,0.35520,122.6,1.0000,-23.8912,0.4741,-9.8740,189.985,ppo_car_spread_a_sampling
46.5809,-0.63878,0.2334,0.0000,0.13591,0.13719,0.35841,122.6,1.0000,-23.8913,0.4741,-9.8769,189.967,ppo_car_spread_a_sampling
46.6009,-0.57555,0.0000,0.2237,0.15985,0.16136,0.49903,122.6,1.0000,-23.8914,0.4741,-9.8803,189.945,ppo_car_spread_a_sampling
46.6209,-0.48996,0.0000,0.2237,0.17321,0.17475,0.00000,0.0,1.0000,-23.8916,0.4741,-9.8839,189.924,ppo_car_spread_a_sampling
46.6409,-0.43118,0.0000,0.2237,0.00289,0.01136,0.00000,0.0,1.0000,-23.8913,0.4741,-9.8838,189.925,ppo_car_spread_a_sampling
46.6609,-0.36300,0.0000,0.2237,-0.00816,0.00859,0.21115,-47.0,1.0000,-23.8912,0.4741,-9.8836,189.926,ppo_car_spread_a_sampling
46.6809,-0.26596,0.0335,0.0000,-0.01693,0.01693,0.24288,-47.0,1.0000,-23.8912,0.4741,-9.8831,189.925,ppo_car_spread_a_sampling
46.7009,-0.20872,0.0335,0.0000,-0.00770,0.00770,0.33234,17.6,1.0000,-23.8912,0.4741,-9.8828,189.927,ppo_car_spread_a_sampling
46.7209,-0.13127,0.0335,0.0000,-0.00630,0.00630,0.28010,17.6,1.0000,-23.8911,0.4741,-9.8826,189.929,ppo_car_spread_a_sampling
46.7409,-0.05183,0.0335,0.0000,0.00065,0.00067,0.36717,17.6,1.0000,-23.8911,0.4741,-9.8825,189.931,ppo_car_spread_a_sampling
46.7609,-0.13120,0.1804,0.0000,0.00238,0.00239,0.30934,17.6,1.0000,-23.8911,0.4741,-9.8825,189.933,ppo_car_spread_a_sampling
46.7809,-0.20584,0.1804,0.0000,0.01668,0.01669,0.34651,94.7,1.0000,-23.8912,0.4741,-9.8828,189.933,ppo_car_spread_a_sampling
46.8009,-0.26421,0.1804,0.0000,0.03739,0.03742,0.21466,94.7,1.0000,-23.8913,0.4741,-9.8835,189.932,ppo_car_spread_a_sampling
46.8209,-0.33514,0.1804,0.0000,0.05306,0.05314,0.16692,94.7,1.0000,-23.8914,0.4741,-9.8845,189.929,ppo_car_spread_a_sampling
46.8409,-0.24754,0.0000,0.2625,0.06793,0.06809,0.43546,94.7,1.0000,-23.8916,0.4741,-9.8859,189.929,ppo_car_spread_a_sampling
46.8609,-0.16823,0.0000,0.2625,0.06383,0.06394,0.27160,-55.1,1.0000,-23.8917,0.4741,-9.8871,189.925,ppo_car_spread_a_sampling
46.8809,-0.11122,0.0000,0.2625,0.05428,0.05434,0.28238,-55.1,1.0000,-23.8919,0.4741,-9.8882,189.925,ppo_car_spread_a_sampling
46.9009,-0.11122,0.0000,0.2625,0.04228,0.04230,0.26698,-55.1,1.0000,-23.8920,0.4741,-9.8890,189.925,ppo_car_spread_a_sampling
46.9209,-0.17079,0.0000,0.0218,0.02920,0.02921,0.14274,-55.1,1.0000,-23.8921,0.4741,-9.8895,189.927,ppo_car_spread_a_sampling
46.9409,-0.24673,0.0000,0.0218,0.02411,0.02412,0.30110,-4.6,1.0000,-23.8921,0.4741,-9.8899,189.925,ppo_car_spread_a_sampling
46.9609,-0.33183,0.0000,0.0218,0.02681,0.02683,0.33145,-4.6,1.0000,-23.8922,0.4741,-9.8905,189.927,ppo_car_spread_a_sampling
46.9809,-0.39557,0.0000,0.0218,0.02378,0.02381,0.34310,-4.6,1.0000,-23.8923,0.4741,-9.8909,189.926,ppo_car_spread_a_sampling
47.0009,-0.47634,0.1271,0.0000,0.02441,0.02450,0.14911,-4.6,1.0000,-23.8923,0.4741,-9.8914,189.922,ppo_car_spread_a_sampling
47.0209,-0.48783,0.1271,0.0000,0.03434,0.03455,0.40542,66.7,1.0000,-23.8923,0.4741,-9.8921,189.921,ppo_car_spread_a_sampling
47.0409,-0.48783,0.1271,0.0000,0.05117,0.05136,0.27288,66.7,1.0000,-23.8924,0.4741,-9.8931,189.916,ppo_car_spread_a_sampling
47.0609,-0.48783,0.1271,0.0000,0.06022,0.06058,0.19172,66.7,1.0000,-23.8925,0.4741,-9.8943,189.910,ppo_car_spread_a_sampling
47.0809,-0.41687,0.3302,0.0000,0.07397,0.07445,0.42122,66.7,1.0000,-23.8926,0.4741,-9.8958,189.903,ppo_car_spread_a_sampling
47.1009,-0.37678,0.3302,0.0000,0.10906,0.10953,0.23805,173.3,1.0000,-23.8927,0.4741,-9.8981,189.896,ppo_car_spread_a_sampling
47.1209,-0.37678,0.3302,0.0000,0.14070,0.14121,0.11406,173.3,1.0000,-23.8930,0.4741,-9.9010,189.883,ppo_car_spread_a_sampling
47.1409,-0.37678,0.3302,0.0000,0.17229,0.17288,0.20392,173.3,1.0000,-23.8933,0.4741,-9.9045,189.872,ppo_car_spread_a_sampling
47.1609,-0.33683,0.0000,0.0738,0.20138,0.20203,0.50466,173.3,1.0000,-23.8937,0.4741,-9.9086,189.858,ppo_car_spread_a_sampling
47.1809,-0.33683,0.0000,0.0738,0.18779,0.18834,0.00000,0.0,1.0000,-23.8940,0.4741,-9.9125,189.847,ppo_car_spread_a_sampling
47.2009,-0.33683,0.0000,0.0738,0.00428,0.00984,0.00000,0.0,1.0000,-23.8938,0.4741,-9.9124,189.848,ppo_car_spread_a_sampling
47.2209,-0.33683,0.0000,0.0738,0.00197,0.00409,0.35709,-15.5,1.0000,-23.8938,0.4741,-9.9124,189.847,ppo_car_spread_a_sampling
47.2409,-0.40452,0.0000,0.1053,0.00115,0.00164,0.16718,-15.5,1.0000,-23.8937,0.4741,-9.9123,189.848,ppo_car_spread_a_sampling
47.2609,-0.48625,0.0000,0.1053,-0.00940,0.00940,0.33152,-22.1,1.0000,-23.8937,0.4741,-9.9120,189.852,ppo_car_spread_a_sampling
47.2809,-0.56064,0.0000,0.1053,-0.00934,0.00935,0.16708,-22.1,1.0000,-23.8937,0.4741,-9.9118,189.852,ppo_car_spread_a_sampling
47.3009,-0.61923,0.0000,0.1053,-0.01292,0.01294,0.35509,-22.1,1.0000,-23.8936,0.4741,-9.9115,189.854,ppo_car_spread_a_sampling
47.3209,-0.52533,0.3015,0.0000,-0.01899,0.01906,0.34069,-22.1,1.0000,-23.8936,0.4741,-9.9110,189.854,ppo_car_spread_a_sampling
47.3409,-0.46738,0.3015,0.0000,0.01185,0.01193,0.23659,158.3,1.0000,-23.8936,0.4741,-9.9113,189.855,ppo_car_spread_a_sampling
47.3609,-0.38400,0.3015,0.0000,0.03938,0.03963,0.15540,158.3,1.0000,-23.8937,0.4741,-9.9121,189.850,ppo_car_spread_a_sampling
47.3809,-0.30705,0.3015,0.0000,0.07305,0.07334,0.23045,158.3,1.0000,-23.8938,0.4741,-9.9136,189.848,ppo_car_spread_a_sampling
47.4009,-0.25070,0.0215,0.0000,0.10252,0.10279,0.11298,158.3,1.0000,-23.8940,0.4741,-9.9157,189.841,ppo_car_spread_a_sampling
47.4209,-0.16439,0.0215,0.0000,0.10207,0.10226,0.18387,11.3,1.0000,-23.8943,0.4741,-9.9178,189.837,ppo_car_spread_a_sampling
47.4409,-0.09788,0.0215,0.0000,0.09992,0.10003,0.39295,11.3,1.0000,-23.8945,0.4741,-9.9199,189.835,ppo_car_spread_a_sampling
47.4609,-0.01534,0.0215,0.0000,0.10455,0.10460,0.44141,11.3,1.0000,-23.8948,0.4741,-9.9220,189.830,ppo_car_spread_a_sampling
47.4809,0.04780,0.1551,0.0000,0.10916,0.10916,0.45082,11.3,1.0000,-23.8952,0.4741,-9.9242,189.831,ppo_car_spread_a_sampling
47.5009,0.13394,0.1551,0.0000,0.12192,0.12192,0.35814,81.4,1.0000,-23.8956,0.4741,-9.9266,189.833,ppo_car_spread_a_sampling
47.5209,0.20014,0.1551,0.0000,0.13758,0.13761,0.34895,81.4,1.0000,-23.8962,0.4741,-9.9294,189.835,ppo_car_spread_a_sampling
47.5409,0.26160,0.1551,0.0000,0.15623,0.15632,0.12728,81.4,1.0000,-23.8968,0.4741,-9.9325,189.840,ppo_car_spread_a_sampling
47.5609,0.17084,0.0000,0.2818,0.16304,0.16325,0.46663,81.4,1.0000,-23.8976,0.4741,-9.9357,189.846,ppo_car_spread_a_sampling
47.5809,0.09938,0.0000,0.2818,0.19286,0.19302,0.00000,0.0,1.0000,-23.8984,0.4741,-9.9395,189.853,ppo_car_spread_a_sampling
47.6009,0.03862,0.0000,0.2818,0.00538,0.00696,0.00000,0.0,1.0000,-23.8985,0.4741,-9.9395,189.854,ppo_car_spread_a_sampling
47.6209,-0.04197,0.0000,0.2818,-0.00432,0.00453,0.36772,-59.2,1.0000,-23.8985,0.4741,-9.9392,189.854,ppo_car_spread_a_sampling
47.6409,-0.11167,0.0000,0.1034,-0.01856,0.01857,0.20893,-59.2,1.0000,-23.8984,0.4741,-9.9388,189.852,ppo_car_spread_a_sampling
47.6609,-0.20599,0.0000,0.1034,-0.01833,0.01834,0.40812,-21.7,1.0000,-23.8983,0.4741,-9.9383,189.851,ppo_car_spread_a_sampling
47.6809,-0.28148,0.0000,0.1034,-0.02640,0.02642,0.23190,-21.7,1.0000,-23.8982,0.4741,-9.9377,189.854,ppo_car_spread_a_sampling
47.7009,-0.35915,0.0000,0.1034,-0.02632,0.02636,0.31372,-21.7,1.0000,-23.8982,0.4741,-9.9371,189.859,ppo_car_spread_a_sampling
47.7209,-0.29479,0.0000,0.5356,-0.03191,0.03200,0.10963,-21.7,1.0000,-23.8981,0.4741,-9.9364,189.862,ppo_car_spread_a_sampling
47.7409,-0.21713,0.0000,0.5356,-0.05225,0.05238,0.41605,-112.5,1.0000,-23.8980,0.4741,-9.9353,189.863,ppo_car_spread_a_sampling
47.7609,-0.18628,0.0000,0.5356,-0.07723,0.07733,0.23434,-112.5,1.0000,-23.8978,0.4741,-9.9337,189.866,ppo_car_spread_a_sampling
47.7809,-0.18628,0.0000,0.5356,-0.08789,0.08798,0.44909,-112.5,1.0000,-23.8975,0.4741,-9.9320,189.870,ppo_car_spread_a_sampling
47.8009,-0.09933,0.0000,0.0200,-0.11782,0.11792,0.29070,-112.5,1.0000,-23.8972,0.4741,-9.9296,189.878,ppo_car_spread_a_sampling
47.8209,-0.04132,0.0000,0.0200,-0.11280,0.11285,0.44131,-4.2,1.0000,-23.8969,0.4741,-9.9273,189.880,ppo_car_spread_a_sampling
47.8409,0.04529,0.0000,0.0200,-0.11719,0.11721,0.16970,-4.2,1.0000,-23.8965,0.4741,-9.9250,189.883,ppo_car_spread_a_sampling
47.8609,0.11160,0.0000,0.0200,-0.11727,0.11727,0.14799,-4.2,1.0000,-23.8961,0.4741,-9.9227,189.883,ppo_car_spread_a_sampling
47.8809,0.16086,0.0000,0.2140,-0.11878,0.11879,0.23240,-4.2,1.0000,-23.8956,0.4741,-9.9204,189.880,ppo_car_spread_a_sampling
47.9009,0.16086,0.0000,0.2140,-0.12649,0.12654,0.46146,-44.9,1.0000,-23.8951,0.4741,-9.9179,189.874,ppo_car_spread_a_sampling
47.9209,0.16086,0.0000,0.2140,-0.12795,0.12801,0.45976,-44.9,1.0000,-23.8946,0.4741,-9.9154,189.869,ppo_car_spread_a_sampling
47.9409,0.16086,0.0000,0.2140,-0.14385,0.14393,0.14371,-44.9,1.0000,-23.8940,0.4741,-9.9126,189.863,ppo_car_spread_a_sampling
47.9609,0.22752,0.4258,0.0000,-0.15081,0.15089,0.32862,-44.9,1.0000,-23.8934,0.4741,-9.9097,189.859,ppo_car_spread_a_sampling
47.9809,0.22752,0.4258,0.0000,-0.11143,0.11153,0.20100,223.6,1.0000,-23.8929,0.4741,-9.9076,189.852,ppo_car_spread_a_sampling
48.0009,0.22752,0.4258,0.0000,-0.06653,0.06659,0.37622,223.6,1.0000,-23.8926,0.4741,-9.9064,189.848,ppo_car_spread_a_sampling
48.0209,0.22752,0.4258,0.0000,-0.02841,0.02844,0.19055,223.6,1.0000,-23.8926,0.4741,-9.9060,189.847,ppo_car_spread_a_sampling
48.0409,0.16824,0.0000,0.0730,0.01274,0.01275,0.24293,223.6,1.0000,-23.8926,0.4741,-9.9064,189.845,ppo_car_spread_a_sampling
48.0609,0.08360,0.0000,0.0730,0.01462,0.01463,0.35568,-15.3,1.0000,-23.8927,0.4741,-9.9068,189.846,ppo_car_spread_a_sampling
48.0809,0.00586,0.0000,0.0730,0.01051,0.01051,0.22527,-15.3,1.0000,-23.8928,0.4741,-9.9071,189.846,ppo_car_spread_a_sampling
48.1009,-0.00528,0.0000,0.0730,0.00588,0.00588,0.32736,-15.3,1.0000,-23.8928,0.4741,-9.9073,189.844,ppo_car_spread_a_sampling
48.1209,0.03469,0.0000,0.4917,0.00624,0.00624,0.28317,-15.3,1.0000,-23.8929,0.4741,-9.9074,189.841,ppo_car_spread_a_sampling
48.1409,0.03469,0.0000,0.4917,-0.01898,0.01899,0.38497,-103.3,1.0000,-23.8928,0.4741,-9.9071,189.839,ppo_car_spread_a_sampling
48.1609,0.03469,0.0000,0.4917,-0.03368,0.03368,0.39829,-103.3,1.0000,-23.8927,0.4741,-9.9064,189.837,ppo_car_spread_a_sampling
48.1809,0.03469,0.0000,0.4917,-0.04798,0.04798,0.40514,-103.3,1.0000,-23.8925,0.4741,-9.9054,189.834,ppo_car_spread_a_sampling
48.2009,-0.04482,0.0000,0.1311,-0.07870,0.07870,0.21513,-103.3,1.0000,-23.8922,0.4741,-9.9038,189.834,ppo_car_spread_a_sampling
48.2209,-0.12100,0.0000,0.1311,-0.08033,0.08033,0.43049,-27.5,1.0000,-23.8919,0.4741,-9.9022,189.833,ppo_car_spread_a_sampling
48.2409,-0.19133,0.0000,0.1311,-0.08060,0.08062,0.40370,-27.5,1.0000,-23.8917,0.4741,-9.9005,189.833,ppo_car_spread_a_sampling
48.2609,-0.26222,0.0000,0.1311,-0.08822,0.08827,0.41169,-27.5,1.0000,-23.8915,0.4741,-9.8987,189.833,ppo_car_spread_a_sampling
48.2809,-0.18058,0.0000,0.0443,-0.09469,0.09479,0.27960,-27.5,1.0000,-23.8912,0.4741,-9.8968,189.838,ppo_car_spread_a_sampling
48.3009,-0.10675,0.0000,0.0443,-0.09621,0.09630,0.41605,-9.3,1.0000,-23.8910,0.4741,-9.8948,189.844,ppo_car_spread_a_sampling
48.3209,-0.04881,0.0000,0.0443,-0.09833,0.09837,0.29873,-9.3,1.0000,-23.8907,0.4741,-9.8929,189.850,ppo_car_spread_a_sampling
48.3409,0.01295,0.0000,0.0443,-0.09581,0.09583,0.42920,-9.3,1.0000,-23.8904,0.4741,-9.8909,189.850,ppo_car_spread_a_sampling
48.3609,0.03715,0.2356,0.0000,-0.09865,0.09865,0.43951,-9.3,1.0000,-23.8901,0.4741,-9.8890,189.850,ppo_car_spread_a_sampling
48.3809,0.03715,0.2356,0.0000,-0.08405,0.08405,0.19422,123.7,1.0000,-23.8898,0.4741,-9.8873,189.850,ppo_car_spread_a_sampling
48.4009,0.03715,0.2356,0.0000,-0.05807,0.05807,0.22106,123.7,1.0000,-23.8896,0.4741,-9.8862,189.847,ppo_car_spread_a_sampling
48.4209,0.03715,0.2356,0.0000,-0.03053,0.03053,0.34138,123.7,1.0000,-23.8895,0.4741,-9.8856,189.848,ppo_car_spread_a_sampling
48.4409,-0.02951,0.4879,0.0000,-0.01280,0.01280,0.34549,123.7,1.0000,-23.8894,0.4741,-9.8854,189.846,ppo_car_spread_a_sampling
48.4609,-0.11348,0.4879,0.0000,0.03149,0.03149,0.34020,256.1,1.0000,-23.8895,0.4741,-9.8861,189.846,ppo_car_spread_a_sampling
48.4809,-0.16722,0.4879,0.0000,0.08378,0.08380,0.26902,256.1,1.0000,-23.8898,0.4741,-9.8879,189.842,ppo_car_spread_a_sampling
48.5009,-0.25117,0.4879,0.0000,0.12567,0.12574,0.52400,256.1,1.0000,-23.8902,0.4741,-9.8905,189.834,ppo_car_spread_a_sampling
48.5209,-0.16291,0.0186,0.0000,0.17199,0.17220,0.55382,256.1,1.0000,-23.8906,0.4741,-9.8941,189.823,ppo_car_spread_a_sampling
48.5409,-0.16101,0.0186,0.0000,0.17821,0.17836,0.46471,9.7,1.0000,-23.8911,0.4741,-9.8977,189.815,ppo_car_spread_a_sampling
48.5609,-0.16101,0.0186,0.0000,0.18133,0.18146,0.40865,9.7,1.0000,-23.8915,0.4741,-9.9014,189.805,ppo_car_spread_a_sampling
48.5809,-0.16101,0.0186,0.0000,0.18304,0.18316,0.39194,9.7,1.0000,-23.8920,0.4741,-9.9051,189.797,ppo_car_spread_a_sampling
48.6009,-0.24230,0.0000,0.2727,0.19150,0.19162,0.23885,9.7,1.0000,-23.8926,0.4741,-9.9089,189.793,ppo_car_spread_a_sampling
48.6209,-0.29615,0.0000,0.2727,0.17637,0.17656,0.00000,0.0,1.0000,-23.8930,0.4741,-9.9124,189.783,ppo_car_spread_a_sampling
48.6409,-0.38679,0.0000,0.2727,0.00544,0.00828,0.00000,0.0,1.0000,-23.8928,0.4741,-9.9123,189.784,ppo_car_spread_a_sampling
48.6609,-0.46448,0.0000,0.2727,-0.00678,0.00680,0.33734,-57.3,1.0000,-23.8928,0.4741,-9.9120,189.784,ppo_car_spread_a_sampling
48.6809,-0.40729,0.2459,0.0000,-0.01471,0.01474,0.18182,-57.3,1.0000,-23.8927,0.4741,-9.9116,189.786,ppo_car_spread_a_sampling
48.7009,-0.33254,0.2459,0.0000,0.00753,0.00759,0.31197,129.1,1.0000,-23.8927,0.4741,-9.9116,189.789,ppo_car_spread_a_sampling
48.7209,-0.25444,0.2459,0.0000,0.03239,0.03247,0.37613,129.1,1.0000,-23.8928,0.4741,-9.9122,189.785,ppo_car_spread_a_sampling
48.7409,-0.17699,0.2459,0.0000,0.05665,0.05675,0.22666,129.1,1.0000,-23.8929,0.4741,-9.9133,189.782,ppo_car_spread_a_sampling
48.7609,-0.13677,0.0050,0.0000,0.07498,0.07506,0.44038,129.1,1.0000,-23.8931,0.4741,-9.9148,189.782,ppo_car_spread_a_sampling
48.7809,-0.13677,0.0050,0.0000,0.07691,0.07696,0.31843,2.6,1.0000,-23.8933,0.4741,-9.9163,189.780,ppo_car_spread_a_sampling
48.8009,-0.13677,0.0050,0.0000,0.07799,0.07803,0.37554,2.6,1.0000,-23.8935,0.4741,-9.9178,189.782,ppo_car_spread_a_sampling
48.8209,-0.13677,0.0050,0.0000,0.08184,0.08188,0.34643,2.6,1.0000,-23.8938,0.4741,-9.9194,189.780,ppo_car_spread_a_sampling
48.8409,-0.05277,0.1967,0.0000,0.08552,0.08555,0.40717,2.6,1.0000,-23.8940,0.4741,-9.9211,189.781,ppo_car_spread_a_sampling
48.8609,-0.00082,0.1967,0.0000,0.10397,0.10398,0.12731,103.3,1.0000,-23.8943,0.4741,-9.9232,189.780,ppo_car_spread_a_sampling
48.8809,-0.00082,0.1967,0.0000,0.12077,0.12077,0.36426,103.3,1.0000,-23.8947,0.4741,-9.9256,189.780,ppo_car_spread_a_sampling
48.9009,-0.00082,0.1967,0.0000,0.14125,0.14125,0.33845,103.3,1.0000,-23.8952,0.4741,-9.9284,189.783,ppo_car_spread_a_sampling
48.9209,-0.02734,0.0000,0.1735,0.15688,0.15688,0.46015,103.3,1.0000,-23.8958,0.4741,-9.9316,189.784,ppo_car_spread_a_sampling
48.9409,-0.02734,0.0000,0.1735,0.16579,0.16579,0.00000,0.0,1.0000,-23.8963,0.4741,-9.9349,189.785,ppo_car_spread_a_sampling
48.9609,-0.02734,0.0000,0.1735,0.00466,0.00470,0.00000,0.0,1.0000,-23.8963,0.4741,-9.9348,189.786,ppo_car_spread_a_sampling
48.9809,-0.02734,0.0000,0.1735,-0.00224,0.00225,0.21548,-36.4,1.0000,-23.8963,0.4741,-9.9347,189.784,ppo_car_spread_a_sampling
49.0009,0.06761,0.0427,0.0000,-0.00403,0.00403,0.36652,-36.4,1.0000,-23.8962,0.4741,-9.9345,189.783,ppo_car_spread_a_sampling
49.0209,0.12534,0.0427,0.0000,-0.00034,0.00035,0.32583,22.4,1.0000,-23.8962,0.4741,-9.9345,189.784,ppo_car_spread_a_sampling
49.0409,0.17276,0.0427,0.0000,-0.00859,0.00859,0.34910,22.4,1.0000,-23.8962,0.4741,-9.9343,189.786,ppo_car_spread_a_sampling
49.0609,0.17276,0.0427,0.0000,0.00118,0.00122,0.36769,22.4,1.0000,-23.8962,0.4741,-9.9343,189.789,ppo_car_spread_a_sampling
49.0809,0.08896,0.4143,0.0000,0.00434,0.00435,0.33079,22.4,1.0000,-23.8962,0.4741,-9.9343,189.787,ppo_car_spread_a_sampling
49.1009,0.01000,0.4143,0.0000,0.04293,0.04294,0.33786,217.5,1.0000,-23.8964,0.4741,-9.9352,189.787,ppo_car_spread_a_sampling
49.1209,-0.03012,0.4143,0.0000,0.09290,0.09290,0.16970,217.5,1.0000,-23.8967,0.4741,-9.9371,189.786,ppo_car_spread_a_sampling
49.1409,-0.03012,0.4143,0.0000,0.12377,0.12377,0.50491,217.5,1.0000,-23.8972,0.4741,-9.9397,189.790,ppo_car_spread_a_sampling
49.1609,0.02871,0.0000,0.1147,0.16644,0.16644,0.37818,217.5,1.0000,-23.8977,0.4741,-9.9431,189.787,ppo_car_spread_a_sampling
49.1809,0.09342,0.0000,0.1147,0.18725,0.18725,0.00000,0.0,1.0000,-23.8984,0.4741,-9.9469,189.790,ppo_car_spread_a_sampling
49.2009,0.17297,0.0000,0.1147,0.00423,0.00448,0.00000,0.0,1.0000,-23.8984,0.4741,-9.9469,189.791,ppo_car_spread_a_sampling
49.2209,0.25886,0.0000,0.1147,-0.00184,0.00184,0.35565,-24.1,1.0000,-23.8984,0.4741,-9.9468,189.793,ppo_car_spread_a_sampling
49.2409,0.19764,0.0007,0.0000,-0.00720,0.00721,0.21401,-24.1,1.0000,-23.8984,0.4741,-9.9466,189.794,ppo_car_spread_a_sampling
49.2609,0.16141,0.0007,0.0000,-0.00943,0.00943,0.34935,0.4,1.0000,-23.8983,0.4741,-9.9463,189.791,ppo_car_spread_a_sampling
49.2809,0.16141,0.0007,0.0000,-0.00360,0.00361,0.20436,0.4,1.0000,-23.8983,0.4741,-9.9462,189.790,ppo_car_spread_a_sampling
49.3009,0.16141,0.0007,0.0000,-0.00301,0.00301,0.14564,0.4,1.0000,-23.8983,0.4741,-9.9462,189.789,ppo_car_spread_a_sampling
49.3209,0.21684,0.2020,0.0000,-0.01037,0.01038,0.35166,0.4,1.0000,-23.8982,0.4741,-9.9459,189.790,ppo_car_spread_a_sampling
49.3409,0.27144,0.2020,0.0000,0.01302,0.01305,0.26874,106.0,1.0000,-23.8983,0.4741,-9.9462,189.793,ppo_car_spread_a_sampling
49.3609,0.27144,0.2020,0.0000,0.03580,0.03586,0.21508,106.0,1.0000,-23.8984,0.4741,-9.9469,189.796,ppo_car_spread_a_sampling
49.3809,0.27144,0.2020,0.0000,0.05074,0.05083,0.22642,106.0,1.0000,-23.8987,0.4741,-9.9480,189.798,ppo_car_spread_a_sampling
49.4009,0.19247,0.0000,0.2535,0.07469,0.07482,0.21919,106.0,1.0000,-23.8990,0.4741,-9.9495,189.801,ppo_car_spread_a_sampling
49.4209,0.13650,0.0000,0.2535,0.06417,0.06425,0.15195,-53.2,1.0000,-23.8993,0.4741,-9.9508,189.802,ppo_car_spread_a_sampling
49.4409,0.04169,0.0000,0.2535,0.05273,0.05277,0.16760,-53.2,1.0000,-23.8996,0.4741,-9.9518,189.802,ppo_car_spread_a_sampling
49.4609,-0.01350,0.0000,0.2535,0.04699,0.04700,0.13239,-53.2,1.0000,-23.8997,0.4741,-9.9528,189.803,ppo_car_spread_a_sampling
49.4809,-0.09396,0.0000,0.2718,0.03903,0.03903,0.31054,-53.2,1.0000,-23.8999,0.4741,-9.9535,189.807,ppo_car_spread_a_sampling
49.5009,-0.13396,0.0000,0.2718,0.02602,0.02602,0.29987,-57.1,1.0000,-23.9000,0.4741,-9.9540,189.808,ppo_car_spread_a_sampling
49.5209,-0.13396,0.0000,0.2718,0.01800,0.01800,0.29850,-57.1,1.0000,-23.9000,0.4741,-9.9544,189.808,ppo_car_spread_a_sampling
49.5409,-0.13396,0.0000,0.2718,0.00958,0.00958,0.35857,-57.1,1.0000,-23.9000,0.4741,-9.9545,189.807,ppo_car_spread_a_sampling
49.5609,-0.07568,0.1908,0.0000,-0.01136,0.01136,0.37098,-57.1,1.0000,-23.9000,0.4741,-9.9543,189.810,ppo_car_spread_a_sampling
49.5809,0.01451,0.1908,0.0000,0.01200,0.01200,0.38589,100.2,1.0000,-23.9000,0.4741,-9.9545,189.806,ppo_car_spread_a_sampling
49.6009,0.06849,0.1908,0.0000,0.02529,0.02529,0.30359,100.2,1.0000,-23.9001,0.4741,-9.9550,189.807,ppo_car_spread_a_sampling
49.6209,0.09704,0.1908,0.0000,0.04936,0.04936,0.27796,100.2,1.0000,-23.9003,0.4741,-9.9560,189.807,ppo_car_spread_a_sampling
49.6410,0.02711,0.0000,0.3855,0.07152,0.07154,0.24380,100.2,1.0000,-23.9006,0.4741,-9.9575,189.807,ppo_car_spread_a_sampling
49.6610,-0.04499,0.0000,0.3855,0.05505,0.05506,0.27953,-81.0,1.0000,-23.9008,0.4741,-9.9586,189.810,ppo_car_spread_a_sampling
49.6810,-0.04499,0.0000,0.3855,0.03474,0.03474,0.30979,-81.0,1.0000,-23.9009,0.4741,-9.9593,189.809,ppo_car_spread_a_sampling
49.7010,-0.04499,0.0000,0.3855,0.01753,0.01753,0.31383,-81.0,1.0000,-23.9009,0.4741,-9.9596,189.809,ppo_car_spread_a_sampling
49.7210,0.04078,0.3047,0.0000,0.01357,0.01357,0.36214,-81.0,1.0000,-23.9010,0.4741,-9.9598,189.807,ppo_car_spread_a_sampling
49.7410,0.11680,0.3047,0.0000,0.03756,0.03756,0.18438,160.0,1.0000,-23.9011,0.4741,-9.9606,189.808,ppo_car_spread_a_sampling
49.7610,0.17040,0.3047,0.0000,0.06456,0.06458,0.15777,160.0,1.0000,-23.9014,0.4741,-9.9619,189.808,ppo_car_spread_a_sampling
49.7810,0.26777,0.3047,0.0000,0.09042,0.09047,0.40933,160.0,1.0000,-23.9018,0.4741,-9.9637,189.813,ppo_car_spread_a_sampling
49.8010,0.21105,0.3058,0.0000,0.11707,0.11722,0.43045,160.0,1.0000,-23.9023,0.4741,-9.9660,189.819,ppo_car_spread_a_sampling
49.8210,0.13471,0.3058,0.0000,0.15479,0.15497,0.21026,160.5,1.0000,-23.9030,0.4741,-9.9691,189.826,ppo_car_spread_a_sampling
49.8410,0.05306,0.3058,0.0000,0.18058,0.18068,0.51223,160.5,1.0000,-23.9038,0.4741,-9.9728,189.832,ppo_car_spread_a_sampling
49.8610,-0.03036,0.3058,0.0000,0.21426,0.21430,0.37596,160.5,1.0000,-23.9046,0.4741,-9.9771,189.838,ppo_car_spread_a_sampling
49.8810,0.03228,0.0000,1.0000,0.23847,0.23847,0.54238,160.5,1.0000,-23.9054,0.4741,-9.9818,189.835,ppo_car_spread_a_sampling
49.9010,0.11163,0.0000,1.0000,0.19724,0.19724,0.00000,0.0,1.0000,-23.9061,0.4741,-9.9857,189.837,ppo_car_spread_a_sampling
49.9210,0.18446,0.0000,1.0000,0.00613,0.00644,0.00000,0.0,1.0000,-23.9061,0.4741,-9.9857,189.838,ppo_car_spread_a_sampling
49.9410,0.22362,0.0000,1.0000,-0.02959,0.02959,0.35451,-210.0,1.0000,-23.9060,0.4741,-9.9849,189.838,ppo_car_spread_a_sampling
49.9610,0.16217,0.0201,0.0000,-0.07665,0.07672,0.15759,-210.0,1.0000,-23.9056,0.4741,-9.9832,189.834,ppo_car_spread_a_sampling
49.9810,0.06897,0.0201,0.0000,-0.07699,0.07704,0.26137,10.5,1.0000,-23.9053,0.4741,-9.9816,189.830,ppo_car_spread_a_sampling
50.0010,0.00399,0.0201,0.0000,-0.07100,0.07102,0.26965,10.5,1.0000,-23.9050,0.4741,-9.9801,189.831,ppo_car_spread_a_sampling
50.0210,-0.02850,0.0201,0.0000,-0.06652,0.06653,0.24263,10.5,1.0000,-23.9047,0.4741,-9.9787,189.831,ppo_car_spread_a_sampling
50.0410,0.04953,0.0000,0.0344,-0.06931,0.06931,0.27134,10.5,1.0000,-23.9045,0.4741,-9.9772,189.834,ppo_car_spread_a_sampling
50.0610,0.10551,0.0000,0.0344,-0.06654,0.06654,0.12845,-7.2,1.0000,-23.9042,0.4741,-9.9759,189.832,ppo_car_spread_a_sampling
50.0810,0.13379,0.0000,0.0344,-0.06808,0.06809,0.14620,-7.2,1.0000,-23.9040,0.4741,-9.9745,189.830,ppo_car_spread_a_sampling
50.1010,0.13379,0.0000,0.0344,-0.06574,0.06576,0.27203,-7.2,1.0000,-23.9037,0.4741,-9.9732,189.826,ppo_car_spread_a_sampling
50.1210,0.11939,0.0000,0.0427,-0.06729,0.06731,0.18988,-7.2,1.0000,-23.9034,0.4741,-9.9719,189.824,ppo_car_spread_a_sampling
50.1410,0.11939,0.0000,0.0427,-0.06967,0.06969,0.33937,-9.0,1.0000,-23.9032,0.4741,-9.9705,189.821,ppo_car_spread_a_sampling
50.1610,0.11939,0.0000,0.0427,-0.07282,0.07285,0.30987,-9.0,1.0000,-23.9029,0.4741,-9.9691,189.823,ppo_car_spread_a_sampling
50.1810,0.11939,0.0000,0.0427,-0.07092,0.07095,0.41728,-9.0,1.0000,-23.9026,0.4741,-9.9678,189.821,ppo_car_spread_a_sampling
50.2010,0.04237,0.0000,0.2071,-0.08192,0.08195,0.24499,-9.0,1.0000,-23.9023,0.4741,-9.9662,189.818,ppo_car_spread_a_sampling
50.2210,-0.02948,0.0000,0.2071,-0.08149,0.08150,0.40720,-43.5,1.0000,-23.9020,0.4741,-9.9646,189.816,ppo_car_spread_a_sampling
50.2410,-0.08813,0.0000,0.2071,-0.09301,0.09301,0.40255,-43.5,1.0000,-23.9017,0.4741,-9.9628,189.818,ppo_car_spread_a_sampling
50.2610,-0.18031,0.0000,0.2071,-0.09915,0.09916,0.43911,-43.5,1.0000,-23.9014,0.4741,-9.9609,189.822,ppo_car_spread_a_sampling
50.2810,-0.12090,0.3017,0.0000,-0.10204,0.10208,0.39551,-43.5,1.0000,-23.9011,0.4741,-9.9589,189.825,ppo_car_spread_a_sampling
50.3010,-0.03995,0.3017,0.0000,-0.07466,0.07469,0.38920,158.4,1.0000,-23.9009,0.4741,-9.9575,189.825,ppo_car_spread_a_sampling
50.3210,0.03663,0.3017,0.0000,-0.05317,0.05317,0.23951,158.4,1.0000,-23.9008,0.4741,-9.9565,189.827,ppo_car_spread_a_sampling
50.3410,0.05259,0.3017,0.0000,-0.01983,0.01983,0.19153,158.4,1.0000,-23.9007,0.4741,-9.9562,189.828,ppo_car_spread_a_sampling
50.3610,0.01453,0.0472,0.0000,0.00526,0.00526,0.32131,158.4,1.0000,-23.9008,0.4741,-9.9564,189.830,ppo_car_spread_a_sampling
50.3810,-0.08502,0.0472,0.0000,0.00810,0.00810,0.31809,24.8,1.0000,-23.9008,0.4741,-9.9567,189.832,ppo_car_spread_a_sampling
50.4010,-0.14713,0.0472,0.0000,0.01861,0.01861,0.14829,24.8,1.0000,-23.9009,0.4741,-9.9571,189.832,ppo_car_spread_a_sampling
50.4210,-0.14713,0.0472,0.0000,0.02265,0.02266,0.36926,24.8,1.0000,-23.9009,0.4741,-9.9576,189.830,ppo_car_spread_a_sampling
50.4410,-0.22773,0.0000,1.0000,0.03014,0.03016,0.21456,24.8,1.0000,-23.9010,0.4741,-9.9583,189.829,ppo_car_spread_a_sampling
50.4610,-0.31118,0.0000,1.0000,-0.00602,0.00604,0.34247,-210.0,1.0000,-23.9010,0.4741,-9.9582,189.833,ppo_car_spread_a_sampling
50.4810,-0.38163,0.0000,1.0000,-0.04617,0.04629,0.25800,-210.0,1.0000,-23.9009,0.4741,-9.9572,189.835,ppo_car_spread_a_sampling
50.5010,-0.43789,0.0000,1.0000,-0.08882,0.08910,0.07252,-210.0,1.0000,-23.9008,0.4741,-9.9554,189.841,ppo_car_spread_a_sampling
50.5210,-0.36830,0.0000,0.0970,-0.12578,0.12629,0.49989,-210.0,1.0000,-23.9006,0.4741,-9.9527,189.847,ppo_car_spread_a_sampling
50.5410,-0.30792,0.0000,0.0970,-0.12874,0.12917,0.43028,-20.4,1.0000,-23.9003,0.4741,-9.9501,189.855,ppo_car_spread_a_sampling
50.5610,-0.21755,0.0000,0.0970,-0.13399,0.13433,0.38916,-20.4,1.0000,-23.9000,0.4741,-9.9473,189.863,ppo_car_spread_a_sampling
50.5810,-0.15588,0.0000,0.0970,-0.13866,0.13890,0.45687,-20.4,1.0000,-23.8997,0.4741,-9.9445,189.872,ppo_car_spread_a_sampling
50.6010,-0.07408,0.1574,0.0000,-0.14313,0.14327,0.35514,-20.4,1.0000,-23.8994,0.4741,-9.9416,189.878,ppo_car_spread_a_sampling
50.6210,0.00230,0.1574,0.0000,-0.13322,0.13327,0.17328,82.6,1.0000,-23.8990,0.4741,-9.9389,189.880,ppo_car_spread_a_sampling
50.6410,0.06660,0.1574,0.0000,-0.11432,0.11433,0.43320,82.6,1.0000,-23.8986,0.4741,-9.9367,189.880,ppo_car_spread_a_sampling
50.6610,0.06660,0.1574,0.0000,-0.09374,0.09374,0.35735,82.6,1.0000,-23.8982,0.4741,-9.9348,189.881,ppo_car_spread_a_sampling
50.6810,-0.00296,0.0000,0.1293,-0.07795,0.07795,0.41265,82.6,1.0000,-23.8980,0.4741,-9.9333,189.881,ppo_car_spread_a_sampling
50.7010,-0.07481,0.0000,0.1293,-0.08602,0.08602,0.29126,-27.2,1.0000,-23.8977,0.4741,-9.9317,189.881,ppo_car_spread_a_sampling
50.7210,-0.16030,0.0000,0.1293,-0.08687,0.08688,0.42774,-27.2,1.0000,-23.8974,0.4741,-9.9300,189.881,ppo_car_spread_a_sampling
50.7410,-0.21892,0.0000,0.1293,-0.10037,0.10041,0.20513,-27.2,1.0000,-23.8971,0.4741,-9.9280,189.881,ppo_car_spread_a_sampling
50.7610,-0.24959,0.3545,0.0000,-0.10263,0.10272,0.19707,-27.2,1.0000,-23.8968,0.4741,-9.9260,189.885,ppo_car_spread_a_sampling
50.7810,-0.24959,0.3545,0.0000,-0.06684,0.06692,0.10612,186.1,1.0000,-23.8967,0.4741,-9.9247,189.889,ppo_car_spread_a_sampling
50.8010,-0.24959,0.3545,0.0000,-0.03330,0.03336,0.24413,186.1,1.0000,-23.8966,0.4741,-9.9241,189.892,ppo_car_spread_a_sampling
50.8210,-0.24959,0.3545,0.0000,0.00121,0.00122,0.18624,186.1,1.0000,-23.8966,0.4741,-9.9242,189.893,ppo_car_spread_a_sampling
50.8410,-0.17138,0.0488,0.0000,0.03391,0.03395,0.29052,186.1,1.0000,-23.8967,0.4741,-9.9250,189.890,ppo_car_spread_a_sampling
50.8610,-0.09136,0.0488,0.0000,0.04646,0.04650,0.19424,25.6,1.0000,-23.8968,0.4741,-9.9260,189.886,ppo_car_spread_a_sampling
50.8810,-0.06541,0.0488,0.0000,0.04656,0.04658,0.33595,25.6,1.0000,-23.8970,0.4741,-9.9270,189.883,ppo_car_spread_a_sampling
50.9010,-0.06541,0.0488,0.0000,0.05003,0.05004,0.26219,25.6,1.0000,-23.8971,0.4741,-9.9280,189.885,ppo_car_spread_a_sampling
50.9210,-0.11216,0.0000,0.0469,0.05450,0.05450,0.30492,25.6,1.0000,-23.8973,0.4741,-9.9291,189.883,ppo_car_spread_a_sampling
50.9410,-0.11216,0.0000,0.0469,0.05941,0.05943,0.28054,-9.8,1.0000,-23.8975,0.4741,-9.9303,189.886,ppo_car_spread_a_sampling
50.9610,-0.11216,0.0000,0.0469,0.04968,0.04969,0.25748,-9.8,1.0000,-23.8976,0.4741,-9.9313,189.883,ppo_car_spread_a_sampling
50.9810,-0.11216,0.0000,0.0469,0.04607,0.04608,0.26711,-9.8,1.0000,-23.8978,0.4741,-9.9322,189.883,ppo_car_spread_a_sampling
51.0010,-0.16828,0.5460,0.0000,0.04940,0.04942,0.11734,-9.8,1.0000,-23.8979,0.4741,-9.9332,189.880,ppo_car_spread_a_sampling
51.0210,-0.16828,0.5460,0.0000,0.09557,0.09562,0.47566,286.6,1.0000,-23.8982,0.4741,-9.9351,189.876,ppo_car_spread_a_sampling
51.0410,-0.16828,0.5460,0.0000,0.15339,0.15348,0.48596,286.6,1.0000,-23.8986,0.4741,-9.9382,189.867,ppo_car_spread_a_sampling
51.0610,-0.16828,0.5460,0.0000,0.20376,0.20390,0.52812,286.6,1.0000,-23.8992,0.4741,-9.9423,189.857,ppo_car_spread_a_sampling
51.0810,-0.19558,0.3667,0.0000,0.25429,0.25446,0.57964,286.6,1.0000,-23.8999,0.4741,-9.9474,189.845,ppo_car_spread_a_sampling
51.1010,-0.19558,0.3667,0.0000,0.29487,0.29510,0.61716,192.5,1.0000,-23.9007,0.4741,-9.9534,189.835,ppo_car_spread_a_sampling
51.1210,-0.19558,0.3667,0.0000,0.33400,0.33429,0.24655,192.5,1.0000,-23.9015,0.4741,-9.9601,189.823,ppo_car_spread_a_sampling
51.1410,-0.19558,0.3667,0.0000,0.36564,0.36596,0.65389,192.5,1.0000,-23.9025,0.4741,-9.9675,189.807,ppo_car_spread_a_sampling
51.1610,-0.13045,0.1151,0.0000,0.40186,0.40222,0.59797,192.5,1.0000,-23.9035,0.4741,-9.9755,189.790,ppo_car_spread_a_sampling
51.1810,-0.04846,0.1151,0.0000,0.41677,0.41701,0.28461,60.4,1.0000,-23.9047,0.4741,-9.9839,189.776,ppo_car_spread_a_sampling
51.2010,0.03102,0.1151,0.0000,0.41553,0.41562,0.67089,60.4,1.0000,-23.9059,0.4741,-9.9921,189.767,ppo_car_spread_a_sampling
51.2210,0.09388,0.1151,0.0000,0.43890,0.43891,0.29975,60.4,1.0000,-23.9074,0.4741,-10.0008,189.765,ppo_car_spread_a_sampling
51.2410,0.01415,0.0000,0.2066,0.44339,0.44341,0.66332,60.4,1.0000,-23.9090,0.4741,-10.0095,189.769,ppo_car_spread_a_sampling
51.2610,-0.05906,0.0000,0.2066,0.33661,0.33662,0.51000,0.0,1.0000,-23.9102,0.4741,-10.0160,189.768,ppo_car_spread_a_sampling
51.2810,-0.13242,0.0000,0.2066,0.19578,0.19578,0.00000,0.0,1.0000,-23.9108,0.4741,-10.0195,189.767,ppo_car_spread_a_sampling
51.3010,-0.20932,0.0000,0.2066,0.01048,0.01064,0.00000,0.0,1.0000,-23.9107,0.4741,-10.0193,189.768,ppo_car_spread_a_sampling
51.3210,-0.14299,0.3373,0.0000,0.00211,0.00217,0.21875,-43.4,1.0000,-23.9107,0.4741,-10.0190,189.768,ppo_car_spread_a_sampling
51.3410,-0.13033,0.3373,0.0000,0.02895,0.02897,0.40921,177.1,1.0000,-23.9107,0.4741,-10.0193,189.767,ppo_car_spread_a_sampling
51.3610,-0.13033,0.3373,0.0000,0.06786,0.06789,0.26293,177.1,1.0000,-23.9109,0.4741,-10.0205,189.767,ppo_car_spread_a_sampling
51.3810,-0.13033,0.3373,0.0000,0.09531,0.09535,0.45835,177.1,1.0000,-23.9111,0.4741,-10.0223,189.766,ppo_car_spread_a_sampling
51.4010,-0.05073,0.0000,0.0912,0.13424,0.13430,0.17820,177.1,1.0000,-23.9115,0.4741,-10.0249,189.764,ppo_car_spread_a_sampling
51.4210,0.02983,0.0000,0.0912,0.13865,0.13867,0.00000,0.0,1.0000,-23.9119,0.4741,-10.0276,189.761,ppo_car_spread_a_sampling
51.4410,0.08487,0.0000,0.0912,0.00449,0.00454,0.00000,0.0,1.0000,-23.9119,0.4741,-10.0276,189.761,ppo_car_spread_a_sampling
51.4610,0.16482,0.0000,0.0912,0.00334,0.00334,0.27547,-19.2,1.0000,-23.9119,0.4741,-10.0276,189.759,ppo_car_spread_a_sampling
51.4810,0.22637,0.1110,0.0000,-0.00434,0.00438,0.33927,-19.2,1.0000,-23.9119,0.4741,-10.0274,189.760,ppo_car_spread_a_sampling
51.5010,0.31711,0.1110,0.0000,0.00771,0.00772,0.23870,58.3,1.0000,-23.9119,0.4741,-10.0276,189.759,ppo_car_spread_a_sampling
51.5210,0.39088,0.1110,0.0000,0.01678,0.01681,0.23706,58.3,1.0000,-23.9120,0.4741,-10.0279,189.759,ppo_car_spread_a_sampling
51.5410,0.45254,0.1110,0.0000,0.03195,0.03209,0.23867,58.3,1.0000,-23.9122,0.4741,-10.0286,189.760,ppo_car_spread_a_sampling
51.5610,0.37526,0.0814,0.0000,0.04315,0.04333,0.15150,58.3,1.0000,-23.9124,0.4741,-10.0295,189.762,ppo_car_spread_a_sampling
51.5810,0.28395,0.0814,0.0000,0.05137,0.05155,0.24925,42.8,1.0000,-23.9127,0.4741,-10.0306,189.765,ppo_car_spread_a_sampling
51.6010,0.22462,0.0814,0.0000,0.05438,0.05450,0.40154,42.8,1.0000,-23.9130,0.4741,-10.0318,189.770,ppo_car_spread_a_sampling
51.6210,0.18678,0.0814,0.0000,0.05925,0.05933,0.35531,42.8,1.0000,-23.9132,0.4741,-10.0330,189.776,ppo_car_spread_a_sampling
51.6410,0.11231,0.0000,0.0279,0.07112,0.07119,0.18279,42.8,1.0000,-23.9136,0.4741,-10.0345,189.778,ppo_car_spread_a_sampling
51.6610,0.04733,0.0000,0.0279,0.07206,0.07210,0.38413,-5.9,1.0000,-23.9139,0.4741,-10.0360,189.778,ppo_car_spread_a_sampling
51.6810,-0.04262,0.0000,0.0279,0.07143,0.07145,0.30355,-5.9,1.0000,-23.9141,0.4741,-10.0375,189.778,ppo_car_spread_a_sampling
51.7010,-0.08044,0.0000,0.0279,0.06903,0.06903,0.22475,-5.9,1.0000,-23.9144,0.4741,-10.0390,189.777,ppo_car_spread_a_sampling
51.7210,-0.18061,0.3712,0.0000,0.07027,0.07027,0.04931,-5.9,1.0000,-23.9146,0.4741,-10.0404,189.777,ppo_car_spread_a_sampling
51.7410,-0.26359,0.3712,0.0000,0.10520,0.10525,0.28817,194.9,1.0000,-23.9149,0.4741,-10.0426,189.774,ppo_car_spread_a_sampling
51.7610,-0.34052,0.3712,0.0000,0.13379,0.13396,0.46627,194.9,1.0000,-23.9152,0.4741,-10.0454,189.765,ppo_car_spread_a_sampling
51.7810,-0.39365,0.3712,0.0000,0.17102,0.17142,0.51921,194.9,1.0000,-23.9156,0.4741,-10.0489,189.756,ppo_car_spread_a_sampling
51.8010,-0.30651,0.0000,0.0909,0.20321,0.20386,0.53842,194.9,1.0000,-23.9159,0.4741,-10.0531,189.744,ppo_car_spread_a_sampling
51.8210,-0.22771,0.0000,0.0909,0.18843,0.18890,0.00000,0.0,1.0000,-23.9163,0.4741,-10.0569,189.735,ppo_car_spread_a_sampling
51.8410,-0.15269,0.0000,0.0909,0.00448,0.00906,0.00000,0.0,1.0000,-23.9161,0.4741,-10.0569,189.736,ppo_car_spread_a_sampling
51.8610,-0.09681,0.0000,0.0909,-0.00175,0.00308,0.25922,-19.1,1.0000,-23.9161,0.4741,-10.0568,189.736,ppo_car_spread_a_sampling
51.8810,-0.01063,0.0190,0.0000,-0.00615,0.00619,0.32941,-19.1,1.0000,-23.9160,0.4741,-10.0565,189.737,ppo_car_spread_a_sampling
51.9010,0.04717,0.0190,0.0000,-0.00046,0.00055,0.12108,10.0,1.0000,-23.9160,0.4741,-10.0565,189.737,ppo_car_spread_a_sampling
51.9210,0.13010,0.0190,0.0000,0.00369,0.00369,0.13232,10.0,1.0000,-23.9160,0.4741,-10.0565,189.736,ppo_car_spread_a_sampling
51.9410,0.13010,0.0190,0.0000,0.00032,0.00045,0.32706,10.0,1.0000,-23.9160,0.4741,-10.0564,189.737,ppo_car_spread_a_sampling
51.9610,0.06647,0.1443,0.0000,0.00187,0.00187,0.36335,10.0,1.0000,-23.9160,0.4741,-10.0564,189.737,ppo_car_spread_a_sampling
51.9810,-0.01444,0.1443,0.0000,0.01642,0.01642,0.32448,75.7,1.0000,-23.9161,0.4741,-10.0567,189.741,ppo_car_spread_a_sampling
52.0010,-0.09591,0.1443,0.0000,0.03089,0.03089,0.27267,75.7,1.0000,-23.9162,0.4741,-10.0573,189.740,ppo_car_spread_a_sampling
52.0210,-0.17761,0.1443,0.0000,0.04277,0.04277,0.36293,75.7,1.0000,-23.9163,0.4741,-10.0582,189.737,ppo_car_spread_a_sampling
52.0410,-0.23964,0.0000,0.3009,0.05836,0.05840,0.42652,75.7,1.0000,-23.9165,0.4741,-10.0594,189.731,ppo_car_spread_a_sampling
52.0610,-0.28885,0.0000,0.3009,0.05281,0.05288,0.28461,-63.2,1.0000,-23.9166,0.4741,-10.0604,189.729,ppo_car_spread_a_sampling
52.0810,-0.28885,0.0000,0.3009,0.04157,0.04165,0.31129,-63.2,1.0000,-23.9167,0.4741,-10.0613,189.725,ppo_car_spread_a_sampling
52.1010,-0.28885,0.0000,0.3009,0.02836,0.02842,0.17362,-63.2,1.0000,-23.9168,0.4741,-10.0618,189.725,ppo_car_spread_a_sampling
52.1210,-0.20976,0.0000,0.1191,0.01412,0.01417,0.35758,-63.2,1.0000,-23.9168,0.4741,-10.0621,189.725,ppo_car_spread_a_sampling
52.1410,-0.14461,0.0000,0.1191,0.00972,0.00976,0.36568,-25.0,1.0000,-23.9168,0.4741,-10.0623,189.723,ppo_car_spread_a_sampling
52.1610,-0.12795,0.0000,0.1191,0.01003,0.01005,0.20281,-25.0,1.0000,-23.9168,0.4741,-10.0625,189.724,ppo_car_spread_a_sampling
52.1810,-0.12795,0.0000,0.1191,-0.00379,0.00379,0.33696,-25.0,1.0000,-23.9168,0.4741,-10.0624,189.728,ppo_car_spread_a_sampling
52.2010,-0.04752,0.2733,0.0000,0.00008,0.00015,0.30332,-25.0,1.0000,-23.9168,0.4741,-10.0624,189.730,ppo_car_spread_a_sampling
52.2210,0.02720,0.2733,0.0000,0.02202,0.02202,0.10872,143.5,1.0000,-23.9169,0.4741,-10.0628,189.730,ppo_car_spread_a_sampling
52.2410,0.10365,0.2733,0.0000,0.04113,0.04113,0.42686,143.5,1.0000,-23.9171,0.4741,-10.0637,189.732,ppo_car_spread_a_sampling
52.2610,0.13587,0.2733,0.0000,0.07250,0.07251,0.45198,143.5,1.0000,-23.9173,0.4741,-10.0652,189.734,ppo_car_spread_a_sampling
52.2810,0.04640,0.0000,0.0903,0.10059,0.10062,0.23561,143.5,1.0000,-23.9177,0.4741,-10.0672,189.736,ppo_car_spread_a_sampling
52.3010,-0.02590,0.0000,0.0903,0.11998,0.11999,0.00000,0.0,1.0000,-23.9182,0.4741,-10.0696,189.739,ppo_car_spread_a_sampling
52.3210,-0.02590,0.0000,0.0903,0.00274,0.00277,0.00000,0.0,1.0000,-23.9182,0.4741,-10.0696,189.740,ppo_car_spread_a_sampling
52.3410,-0.02590,0.0000,0.0903,-0.00395,0.00395,0.33427,-19.0,1.0000,-23.9182,0.4741,-10.0695,189.741,ppo_car_spread_a_sampling
52.3610,-0.11419,0.3248,0.0000,-0.00499,0.00499,0.33221,-19.0,1.0000,-23.9182,0.4741,-10.0694,189.743,ppo_car_spread_a_sampling
52.3810,-0.19320,0.3248,0.0000,0.02421,0.02422,0.42989,170.5,1.0000,-23.9182,0.4741,-10.0699,189.741,ppo_car_spread_a_sampling
52.4010,-0.26139,0.3248,0.0000,0.06172,0.06177,0.10908,170.5,1.0000,-23.9184,0.4741,-10.0711,189.740,ppo_car_spread_a_sampling
52.4210,-0.31004,0.3248,0.0000,0.08921,0.08932,0.27803,170.5,1.0000,-23.9186,0.4741,-10.0729,189.737,ppo_car_spread_a_sampling
52.4410,-0.24766,0.1473,0.0000,0.12125,0.12147,0.33664,170.5,1.0000,-23.9189,0.4741,-10.0754,189.728,ppo_car_spread_a_sampling
52.4610,-0.16829,0.1473,0.0000,0.13676,0.13698,0.26264,77.3,1.0000,-23.9192,0.4741,-10.0782,189.721,ppo_car_spread_a_sampling
52.4810,-0.11405,0.1473,0.0000,0.14804,0.14817,0.38836,77.3,1.0000,-23.9195,0.4741,-10.0812,189.714,ppo_car_spread_a_sampling
52.5010,-0.02301,0.1473,0.0000,0.16208,0.16216,0.49132,77.3,1.0000,-23.9200,0.4741,-10.0845,189.708,ppo_car_spread_a_sampling
52.5210,-0.10537,0.2675,0.0000,0.17928,0.17930,0.21234,77.3,1.0000,-23.9206,0.4741,-10.0881,189.706,ppo_car_spread_a_sampling
52.5410,-0.15288,0.2675,0.0000,0.20058,0.20062,0.45024,140.4,1.0000,-23.9212,0.4741,-10.0921,189.705,ppo_car_spread_a_sampling
52.5610,-0.15288,0.2675,0.0000,0.22458,0.22468,0.53026,140.4,1.0000,-23.9218,0.4741,-10.0966,189.699,ppo_car_spread_a_sampling
52.5810,-0.15288,0.2675,0.0000,0.25793,0.25805,0.43370,140.4,1.0000,-23.9225,0.4741,-10.1018,189.693,ppo_car_spread_a_sampling
52.6010,-0.22299,0.0000,0.1017,0.27898,0.27912,0.53358,140.4,1.0000,-23.9233,0.4741,-10.1074,189.685,ppo_car_spread_a_sampling
52.6210,-0.30212,0.0000,0.1017,0.18945,0.18955,0.48616,0.0,1.0000,-23.9238,0.4741,-10.1111,189.679,ppo_car_spread_a_sampling
52.6410,-0.38526,0.0000,0.1017,0.00876,0.00920,0.00000,0.0,1.0000,-23.9238,0.4741,-10.1110,189.676,ppo_car_spread_a_sampling
52.6610,-0.41527,0.0000,0.1017,0.00274,0.00294,0.13073,-21.4,1.0000,-23.9239,0.4741,-10.1109,189.674,ppo_car_spread_a_sampling
52.6810,-0.50304,0.0000,0.2840,-0.00440,0.00449,0.32897,-21.4,1.0000,-23.9238,0.4741,-10.1106,189.671,ppo_car_spread_a_sampling
52.7010,-0.58374,0.0000,0.2840,-0.00864,0.00874,0.17541,-59.6,1.0000,-23.9238,0.4741,-10.1103,189.675,ppo_car_spread_a_sampling
52.7210,-0.59210,0.0000,0.2840,-0.02121,0.02137,0.35872,-59.6,1.0000,-23.9238,0.4741,-10.1097,189.680,ppo_car_spread_a_sampling
52.7410,-0.59210,0.0000,0.2840,-0.03181,0.03223,0.28497,-59.6,1.0000,-23.9238,0.4741,-10.1090,189.685,ppo_car_spread_a_sampling
52.7610,-0.53558,0.4472,0.0000,-0.04355,0.04401,0.25680,-59.6,1.0000,-23.9238,0.4741,-10.1080,189.692,ppo_car_spread_a_sampling
52.7810,-0.45123,0.4472,0.0000,-0.00138,0.00152,0.18972,234.8,1.0000,-23.9238,0.4741,-10.1080,189.694,ppo_car_spread_a_sampling
52.8010,-0.37285,0.4472,0.0000,0.04467,0.04488,0.16420,234.8,1.0000,-23.9238,0.4741,-10.1089,189.689,ppo_car_spread_a_sampling
52.8210,-0.31523,0.4472,0.0000,0.08536,0.08562,0.46408,234.8,1.0000,-23.9240,0.4741,-10.1107,189.683,ppo_car_spread_a_sampling
52.8410,-0.22277,0.0000,0.3515,0.12958,0.12993,0.24738,234.8,1.0000,-23.9242,0.4741,-10.1134,189.676,ppo_car_spread_a_sampling
52.8610,-0.17108,0.0000,0.3515,0.14629,0.14650,0.00000,0.0,1.0000,-23.9246,0.4741,-10.1164,189.666,ppo_car_spread_a_sampling
52.8810,-0.12109,0.0000,0.3515,0.00262,0.00537,0.00000,0.0,1.0000,-23.9245,0.4741,-10.1164,189.667,ppo_car_spread_a_sampling
52.9010,-0.12109,0.0000,0.3515,-0.01130,0.01137,0.10247,-73.8,1.0000,-23.9244,0.4741,-10.1162,189.667,ppo_car_spread_a_sampling
52.9210,-0.18133,0.1470,0.0000,-0.02786,0.02786,0.29964,-73.8,1.0000,-23.9243,0.4741,-10.1156,189.671,ppo_car_spread_a_sampling
52.9410,-0.25928,0.1470,0.0000,-0.01282,0.01282,0.35670,77.2,1.0000,-23.9243,0.4741,-10.1153,189.672,ppo_car_spread_a_sampling
52.9610,-0.33666,0.1470,0.0000,0.00026,0.00039,0.18092,77.2,1.0000,-23.9243,0.4741,-10.1153,189.671,ppo_car_spread_a_sampling
52.9810,-0.33876,0.1470,0.0000,0.01761,0.01766,0.29683,77.2,1.0000,-23.9243,0.4741,-10.1157,189.667,ppo_car_spread_a_sampling
53.0010,-0.27369,0.4115,0.0000,0.02880,0.02889,0.34245,77.2,1.0000,-23.9244,0.4741,-10.1163,189.667,ppo_car_spread_a_sampling
53.0210,-0.19242,0.4115,0.0000,0.07462,0.07477,0.18010,216.0,1.0000,-23.9246,0.4741,-10.1179,189.665,ppo_car_spread_a_sampling
53.0410,-0.12021,0.4115,0.0000,0.10970,0.10983,0.48494,216.0,1.0000,-23.9248,0.4741,-10.1202,189.658,ppo_car_spread_a_sampling
53.0610,-0.06344,0.4115,0.0000,0.15432,0.15440,0.18729,216.0,1.0000,-23.9253,0.4741,-10.1234,189.655,ppo_car_spread_a_sampling
53.0810,-0.15892,0.0000,0.1967,0.19118,0.19122,0.43031,216.0,1.0000,-23.9259,0.4741,-10.1273,189.650,ppo_car_spread_a_sampling
53.1010,-0.23424,0.0000,0.1967,0.19463,0.19472,0.00000,0.0,1.0000,-23.9264,0.4741,-10.1313,189.647,ppo_car_spread_a_sampling
53.1210,-0.30216,0.0000,0.1967,0.00431,0.00676,0.00000,0.0,1.0000,-23.9263,0.4741,-10.1313,189.649,ppo_car_spread_a_sampling
53.1410,-0.37579,0.0000,0.1967,-0.00199,0.00239,0.17715,-41.3,1.0000,-23.9262,0.4741,-10.1312,189.648,ppo_car_spread_a_sampling
53.1610,-0.44824,0.0000,0.3370,-0.00538,0.00539,0.36531,-41.3,1.0000,-23.9262,0.4741,-10.1310,189.649,ppo_car_spread_a_sampling
53.1810,-0.52421,0.0000,0.3370,-0.02610,0.02625,0.23195,-70.8,1.0000,-23.9262,0.4741,-10.1304,189.653,ppo_car_spread_a_sampling
53.2010,-0.56737,0.0000,0.3370,-0.04040,0.04067,0.29617,-70.8,1.0000,-23.9261,0.4741,-10.1295,189.654,ppo_car_spread_a_sampling
53.2210,-0.56737,0.0000,0.3370,-0.05401,0.05448,0.24181,-70.8,1.0000,-23.9261,0.4741,-10.1283,189.661,ppo_car_spread_a_sampling
53.2410,-0.50299,0.2555,0.0000,-0.06282,0.06324,0.25090,-70.8,1.0000,-23.9260,0.4741,-10.1270,189.670,ppo_car_spread_a_sampling
53.2610,-0.44007,0.2555,0.0000,-0.04245,0.04271,0.15768,134.1,1.0000,-23.9260,0.4741,-10.1261,189.674,ppo_car_spread_a_sampling
53.2810,-0.35891,0.2555,0.0000,-0.01741,0.01754,0.26809,134.1,1.0000,-23.9260,0.4741,-10.1257,189.678,ppo_car_spread_a_sampling
53.3010,-0.27880,0.2555,0.0000,0.01182,0.01183,0.30235,134.1,1.0000,-23.9260,0.4741,-10.1260,189.679,ppo_car_spread_a_sampling
53.3210,-0.27201,0.0000,0.6038,0.03087,0.03094,0.42375,134.1,1.0000,-23.9261,0.4741,-10.1267,189.677,ppo_car_spread_a_sampling
53.3410,-0.27201,0.0000,0.6038,0.01495,0.01497,0.12286,-126.8,1.0000,-23.9261,0.4741,-10.1270,189.677,ppo_car_spread_a_sampling
53.3610,-0.27201,0.0000,0.6038,-0.00803,0.00804,0.34084,-126.8,1.0000,-23.9261,0.4741,-10.1268,189.677,ppo_car_spread_a_sampling
53.3810,-0.27201,0.0000,0.6038,-0.03456,0.03462,0.05761,-126.8,1.0000,-23.9260,0.4741,-10.1261,189.679,ppo_car_spread_a_sampling
53.4010,-0.20477,0.0000,0.2782,-0.05884,0.05895,0.19688,-126.8,1.0000,-23.9259,0.4741,-10.1249,189.685,ppo_car_spread_a_sampling
53.4210,-0.12606,0.0000,0.2782,-0.06851,0.06861,0.43429,-58.4,1.0000,-23.9257,0.4741,-10.1235,189.691,ppo_car_spread_a_sampling
53.4410,-0.05900,0.0000,0.2782,-0.07780,0.07784,0.43769,-58.4,1.0000,-23.9255,0.4741,-10.1220,189.691,ppo_car_spread_a_sampling
53.4610,0.00040,0.0000,0.2782,-0.09472,0.09473,0.20002,-58.4,1.0000,-23.9252,0.4741,-10.1201,189.694,ppo_car_spread_a_sampling
53.4810,-0.08712,0.3695,0.0000,-0.09722,0.09722,0.43135,-58.4,1.0000,-23.9249,0.4741,-10.1181,189.694,ppo_car_spread_a_sampling
53.5010,-0.11122,0.3695,0.0000,-0.06249,0.06249,0.27364,194.0,1.0000,-23.9247,0.4741,-10.1169,189.697,ppo_car_spread_a_sampling
53.5210,-0.11122,0.3695,0.0000,-0.03060,0.03061,0.22316,194.0,1.0000,-23.9246,0.4741,-10.1164,189.696,ppo_car_spread_a_sampling
53.5410,-0.11122,0.3695,0.0000,0.00300,0.00301,0.39505,194.0,1.0000,-23.9246,0.4741,-10.1165,189.699,ppo_car_spread_a_sampling
53.5610,-0.04512,0.0000,0.2038,0.03900,0.03902,0.42544,194.0,1.0000,-23.9247,0.4741,-10.1174,189.702,ppo_car_spread_a_sampling
53.5810,0.01925,0.0000,0.2038,0.03603,0.03604,0.11413,-42.8,1.0000,-23.9248,0.4741,-10.1182,189.702,ppo_car_spread_a_sampling
53.6010,0.01925,0.0000,0.2038,0.02280,0.02280,0.26941,-42.8,1.0000,-23.9249,0.4741,-10.1187,189.704,ppo_car_spread_a_sampling
53.6210,0.01925,0.0000,0.2038,0.01962,0.01962,0.25614,-42.8,1.0000,-23.9250,0.4741,-10.1191,189.704,ppo_car_spread_a_sampling
53.6410,0.08557,0.4374,0.0000,0.01304,0.01304,0.34933,-42.8,1.0000,-23.9251,0.4741,-10.1194,189.705,ppo_car_spread_a_sampling
53.6610,0.16640,0.4374,0.0000,0.05586,0.05587,0.26837,229.6,1.0000,-23.9253,0.4741,-10.1205,189.704,ppo_car_spread_a_sampling
53.6810,0.21892,0.4374,0.0000,0.09684,0.09689,0.48080,229.6,1.0000,-23.9257,0.4741,-10.1225,189.703,ppo_car_spread_a_sampling
53.7010,0.21892,0.4374,0.0000,0.14148,0.14162,0.16468,229.6,1.0000,-23.9263,0.4741,-10.1254,189.710,ppo_car_spread_a_sampling
53.7210,0.29900,0.0000,0.3312,0.17470,0.17488,0.52952,229.6,1.0000,-23.9271,0.4741,-10.1289,189.720,ppo_car_spread_a_sampling
53.7410,0.35711,0.0000,0.3312,0.19338,0.19371,0.00000,0.0,1.0000,-23.9280,0.4741,-10.1328,189.724,ppo_car_spread_a_sampling
53.7610,0.43723,0.0000,0.3312,0.00432,0.00870,0.00000,0.0,1.0000,-23.9281,0.4741,-10.1327,189.725,ppo_car_spread_a_sampling
53.7810,0.43940,0.0000,0.3312,-0.01274,0.01278,0.28888,-69.6,1.0000,-23.9281,0.4741,-10.1323,189.725,ppo_car_spread_a_sampling
53.8010,0.37296,0.0000,0.4600,-0.01945,0.01947,0.17972,-69.6,1.0000,-23.9280,0.4741,-10.1318,189.722,ppo_car_spread_a_sampling
53.8210,0.29128,0.0000,0.4600,-0.03717,0.03732,0.42736,-96.6,1.0000,-23.9278,0.4741,-10.1310,189.717,ppo_car_spread_a_sampling
53.8410,0.22534,0.0000,0.4600,-0.05735,0.05747,0.27981,-96.6,1.0000,-23.9275,0.4741,-10.1297,189.715,ppo_car_spread_a_sampling
53.8610,0.15968,0.0000,0.4600,-0.06871,0.06880,0.41528,-96.6,1.0000,-23.9271,0.4741,-10.1283,189.713,ppo_car_spread_a_sampling
53.8810,0.07193,0.0000,0.4417,-0.09092,0.09099,0.44774,-96.6,1.0000,-23.9267,0.4741,-10.1264,189.713,ppo_car_spread_a_sampling
53.9010,0.00150,0.0000,0.4417,-0.10709,0.10712,0.28014,-92.7,1.0000,-23.9263,0.4741,-10.1242,189.712,ppo_car_spread_a_sampling
53.9210,-0.07399,0.0000,0.4417,-0.12279,0.12280,0.37089,-92.7,1.0000,-23.9258,0.4741,-10.1217,189.712,ppo_car_spread_a_sampling
53.9410,-0.08303,0.0000,0.4417,-0.14256,0.14256,0.34941,-92.7,1.0000,-23.9254,0.4741,-10.1188,189.711,ppo_car_spread_a_sampling
53.9610,-0.02046,0.1334,0.0000,-0.15756,0.15758,0.44820,-92.7,1.0000,-23.9249,0.4741,-10.1156,189.712,ppo_car_spread_a_sampling
53.9810,-0.02036,0.1334,0.0000,-0.14094,0.14095,0.46770,70.0,1.0000,-23.9244,0.4741,-10.1128,189.712,ppo_car_spread_a_sampling
54.0011,-0.02036,0.1334,0.0000,-0.13234,0.13234,0.38477,70.0,1.0000,-23.9240,0.4741,-10.1102,189.713,ppo_car_spread_a_sampling
54.0211,-0.02036,0.1334,0.0000,-0.12179,0.12179,0.31312,70.0,1.0000,-23.9236,0.4741,-10.1078,189.716,ppo_car_spread_a_sampling
54.0411,0.03721,0.2535,0.0000,-0.11267,0.11267,0.18599,70.0,1.0000,-23.9232,0.4741,-10.1056,189.717,ppo_car_spread_a_sampling
54.0611,0.12307,0.2535,0.0000,-0.08316,0.08316,0.25955,133.1,1.0000,-23.9230,0.4741,-10.1041,189.718,ppo_car_spread_a_sampling
54.0811,0.12393,0.2535,0.0000,-0.06068,0.06069,0.20301,133.1,1.0000,-23.9228,0.4741,-10.1030,189.720,ppo_car_spread_a_sampling
54.1011,0.12393,0.2535,0.0000,-0.03678,0.03679,0.31999,133.1,1.0000,-23.9227,0.4741,-10.1023,189.721,ppo_car_spread_a_sampling
54.1211,0.04339,0.0355,0.0000,-0.01185,0.01185,0.17173,133.1,1.0000,-23.9226,0.4741,-10.1022,189.721,ppo_car_spread_a_sampling
54.1411,-0.02271,0.0355,0.0000,-0.00951,0.00951,0.24607,18.7,1.0000,-23.9226,0.4741,-10.1021,189.719,ppo_car_spread_a_sampling
54.1611,-0.10536,0.0355,0.0000,0.00025,0.00025,0.34196,18.7,1.0000,-23.9226,0.4741,-10.1022,189.717,ppo_car_spread_a_sampling
54.1811,-0.18172,0.0355,0.0000,0.00062,0.00066,0.34901,18.7,1.0000,-23.9227,0.4741,-10.1023,189.715,ppo_car_spread_a_sampling
54.2011,-0.21431,0.0000,0.0581,0.00401,0.00401,0.37163,18.7,1.0000,-23.9227,0.4741,-10.1025,189.717,ppo_car_spread_a_sampling
54.2211,-0.21431,0.0000,0.0581,0.00341,0.00343,0.28173,-12.2,1.0000,-23.9227,0.4741,-10.1026,189.717,ppo_car_spread_a_sampling
54.2411,-0.21431,0.0000,0.0581,-0.00414,0.00416,0.34185,-12.2,1.0000,-23.9227,0.4741,-10.1025,189.716,ppo_car_spread_a_sampling
54.2611,-0.21431,0.0000,0.0581,-0.00276,0.00277,0.36649,-12.2,1.0000,-23.9227,0.4741,-10.1025,189.717,ppo_car_spread_a_sampling
54.2811,-0.29230,0.2211,0.0000,-0.01039,0.01041,0.29198,-12.2,1.0000,-23.9227,0.4741,-10.1023,189.716,ppo_car_spread_a_sampling
54.3011,-0.36830,0.2211,0.0000,0.00981,0.00983,0.32832,116.1,1.0000,-23.9227,0.4741,-10.1025,189.716,ppo_car_spread_a_sampling
54.3211,-0.43490,0.2211,0.0000,0.03765,0.03777,0.11073,116.1,1.0000,-23.9228,0.4741,-10.1033,189.713,ppo_car_spread_a_sampling
54.3411,-0.46528,0.2211,0.0000,0.05386,0.05408,0.40682,116.1,1.0000,-23.9228,0.4741,-10.1044,189.712,ppo_car_spread_a_sampling
54.3611,-0.38427,0.0000,0.4881,0.07703,0.07741,0.30089,116.1,1.0000,-23.9229,0.4741,-10.1060,189.704,ppo_car_spread_a_sampling
54.3811,-0.29620,0.0000,0.4881,0.06693,0.06718,0.28539,-102.5,1.0000,-23.9231,0.4741,-10.1073,189.700,ppo_car_spread_a_sampling
54.4011,-0.22016,0.0000,0.4881,0.04395,0.04408,0.18641,-102.5,1.0000,-23.9231,0.4741,-10.1082,189.697,ppo_car_spread_a_sampling
54.4211,-0.16064,0.0000,0.4881,0.02216,0.02222,0.26460,-102.5,1.0000,-23.9232,0.4741,-10.1086,189.695,ppo_car_spread_a_sampling
54.4411,-0.07231,0.1127,0.0000,0.00618,0.00621,0.30286,-102.5,1.0000,-23.9232,0.4741,-10.1086,189.696,ppo_car_spread_a_sampling
54.4611,-0.01160,0.1127,0.0000,0.01225,0.01226,0.27854,59.2,1.0000,-23.9232,0.4741,-10.1088,189.696,ppo_car_spread_a_sampling
54.4811,0.06285,0.1127,0.0000,0.02424,0.02424,0.20492,59.2,1.0000,-23.9233,0.4741,-10.1093,189.696,ppo_car_spread_a_sampling
54.5011,0.14776,0.1127,0.0000,0.03558,0.03558,0.32687,59.2,1.0000,-23.9234,0.4741,-10.1099,189.699,ppo_car_spread_a_sampling
54.5211,0.08788,0.4983,0.0000,0.05011,0.05013,0.26569,59.2,1.0000,-23.9236,0.4741,-10.1109,189.701,ppo_car_spread_a_sampling
54.5411,0.01370,0.4983,0.0000,0.09390,0.09391,0.32719,261.6,1.0000,-23.9240,0.4741,-10.1128,189.702,ppo_car_spread_a_sampling
54.5611,-0.06370,0.4983,0.0000,0.14692,0.14692,0.21218,261.6,1.0000,-23.9245,0.4741,-10.1157,189.703,ppo_car_spread_a_sampling
54.5811,-0.15145,0.4983,0.0000,0.19186,0.19187,0.51803,261.6,1.0000,-23.9251,0.4741,-10.1196,189.704,ppo_car_spread_a_sampling
54.6011,-0.22911,0.0000,0.1211,0.23137,0.23144,0.59064,261.6,1.0000,-23.9258,0.4741,-10.1243,189.701,ppo_car_spread_a_sampling
54.6211,-0.24382,0.0000,0.1211,0.19340,0.19354,0.00000,0.0,1.0000,-23.9263,0.4741,-10.1282,189.697,ppo_car_spread_a_sampling
54.6411,-0.24382,0.0000,0.1211,0.00536,0.00796,0.00000,0.0,1.0000,-23.9262,0.4741,-10.1281,189.698,ppo_car_spread_a_sampling
54.6611,-0.24382,0.0000,0.1211,0.00296,0.00349,0.16679,-25.4,1.0000,-23.9261,0.4741,-10.1280,189.697,ppo_car_spread_a_sampling
54.6811,-0.23734,0.6198,0.0000,-0.00086,0.00086,0.33695,-25.4,1.0000,-23.9261,0.4741,-10.1279,189.698,ppo_car_spread_a_sampling
54.7011,-0.23734,0.6198,0.0000,0.05774,0.05783,0.24043,325.4,1.0000,-23.9262,0.4741,-10.1290,189.695,ppo_car_spread_a_sampling
54.7211,-0.23734,0.6198,0.0000,0.10865,0.10881,0.48608,325.4,1.0000,-23.9265,0.4741,-10.1312,189.691,ppo_car_spread_a_sampling
54.7411,-0.23734,0.6198,0.0000,0.17509,0.17532,0.49260,325.4,1.0000,-23.9269,0.4741,-10.1347,189.686,ppo_car_spread_a_sampling
54.7611,-0.32857,0.0533,0.0000,0.22852,0.22882,0.57712,325.4,1.0000,-23.9274,0.4741,-10.1394,189.676,ppo_car_spread_a_sampling
54.7811,-0.34406,0.0533,0.0000,0.23461,0.23509,0.53404,28.0,1.0000,-23.9279,0.4741,-10.1442,189.663,ppo_car_spread_a_sampling
54.8011,-0.34406,0.0533,0.0000,0.24422,0.24482,0.51244,28.0,1.0000,-23.9284,0.4741,-10.1491,189.651,ppo_car_spread_a_sampling
54.8211,-0.34406,0.0533,0.0000,0.24370,0.24433,0.55802,28.0,1.0000,-23.9288,0.4741,-10.1540,189.638,ppo_car_spread_a_sampling
54.8411,-0.44406,0.0000,0.8175,0.25580,0.25652,0.53901,28.0,1.0000,-23.9293,0.4741,-10.1592,189.622,ppo_car_spread_a_sampling
54.8611,-0.51027,0.0000,0.8175,0.18966,0.19035,0.00000,0.0,1.0000,-23.9296,0.4741,-10.1629,189.611,ppo_car_spread_a_sampling
54.8811,-0.57865,0.0000,0.8175,0.00531,0.01046,0.00000,0.0,1.0000,-23.9294,0.4741,-10.1628,189.612,ppo_car_spread_a_sampling
54.9011,-0.60054,0.0000,0.8175,-0.02934,0.02935,0.24136,-171.7,1.0000,-23.9293,0.4741,-10.1620,189.614,ppo_car_spread_a_sampling
54.9211,-0.51611,0.0000,0.5848,-0.05526,0.05563,0.47080,-171.7,1.0000,-23.9293,0.4741,-10.1607,189.617,ppo_car_spread_a_sampling
54.9411,-0.45101,0.0000,0.5848,-0.07407,0.07457,0.47587,-122.8,1.0000,-23.9292,0.4741,-10.1591,189.622,ppo_car_spread_a_sampling
54.9611,-0.40483,0.0000,0.5848,-0.09913,0.09965,0.35309,-122.8,1.0000,-23.9291,0.4741,-10.1569,189.628,ppo_car_spread_a_sampling
54.9811,-0.40483,0.0000,0.5848,-0.12662,0.12714,0.15512,-122.8,1.0000,-23.9289,0.4741,-10.1543,189.637,ppo_car_spread_a_sampling
55.0011,-0.33836,0.0000,0.3831,-0.14458,0.14514,0.43419,-122.8,1.0000,-23.9286,0.4741,-10.1512,189.652,ppo_car_spread_a_sampling
55.0211,-0.26938,0.0000,0.3831,-0.15852,0.15902,0.49813,-80.5,1.0000,-23.9284,0.4741,-10.1480,189.665,ppo_car_spread_a_sampling
55.0411,-0.18058,0.0000,0.3831,-0.18116,0.18156,0.07001,-80.5,1.0000,-23.9280,0.4741,-10.1443,189.676,ppo_car_spread_a_sampling
55.0611,-0.11631,0.0000,0.3831,-0.19010,0.19033,0.34698,-80.5,1.0000,-23.9275,0.4741,-10.1405,189.684,ppo_car_spread_a_sampling
55.0811,-0.05000,0.4796,0.0000,-0.21090,0.21102,0.19827,-80.5,1.0000,-23.9270,0.4741,-10.1362,189.691,ppo_car_spread_a_sampling
55.1011,0.04741,0.4796,0.0000,-0.15928,0.15933,0.35466,251.8,1.0000,-23.9265,0.4741,-10.1331,189.691,ppo_car_spread_a_sampling
55.1211,0.11452,0.4796,0.0000,-0.11304,0.11304,0.26088,251.8,1.0000,-23.9261,0.4741,-10.1310,189.692,ppo_car_spread_a_sampling
55.1411,0.12635,0.4796,0.0000,-0.06350,0.06350,0.29153,251.8,1.0000,-23.9259,0.4741,-10.1299,189.691,ppo_car_spread_a_sampling
55.1611,0.05941,0.0214,0.0000,-0.02464,0.02464,0.35969,251.8,1.0000,-23.9259,0.4741,-10.1296,189.694,ppo_car_spread_a_sampling
55.1811,-0.01810,0.0214,0.0000,-0.01810,0.01810,0.31644,11.2,1.0000,-23.9258,0.4741,-10.1294,189.694,ppo_car_spread_a_sampling
55.2011,-0.08700,0.0214,0.0000,-0.01813,0.01813,0.13259,11.2,1.0000,-23.9258,0.4741,-10.1292,189.696,ppo_car_spread_a_sampling
55.2211,-0.17611,0.0214,0.0000,-0.01480,0.01480,0.31370,11.2,1.0000,-23.9257,0.4741,-10.1291,189.695,ppo_car_spread_a_sampling
55.2411,-0.24871,0.2031,0.0000,-0.01772,0.01773,0.27699,11.2,1.0000,-23.9257,0.4741,-10.1288,189.695,ppo_car_spread_a_sampling
55.2611,-0.31073,0.2031,0.0000,0.00886,0.00890,0.33568,106.6,1.0000,-23.9257,0.4741,-10.1291,189.697,ppo_car_spread_a_sampling
55.2811,-0.37541,0.2031,0.0000,0.02632,0.02637,0.27116,106.6,1.0000,-23.9258,0.4741,-10.1298,189.695,ppo_car_spread_a_sampling
55.3011,-0.46268,0.2031,0.0000,0.04442,0.04453,0.41360,106.6,1.0000,-23.9259,0.4741,-10.1308,189.690,ppo_car_spread_a_sampling
55.3211,-0.39787,0.0000,0.0564,0.06453,0.06485,0.42948,106.6,1.0000,-23.9260,0.4741,-10.1322,189.684,ppo_car_spread_a_sampling
55.3411,-0.35477,0.0000,0.0564,0.06027,0.06051,0.20408,-11.8,1.0000,-23.9261,0.4741,-10.1334,189.679,ppo_car_spread_a_sampling
55.3611,-0.35477,0.0000,0.0564,0.06006,0.06024,0.39003,-11.8,1.0000,-23.9262,0.4741,-10.1347,189.679,ppo_car_spread_a_sampling
55.3811,-0.35477,0.0000,0.0564,0.05994,0.06015,0.33437,-11.8,1.0000,-23.9263,0.4741,-10.1359,189.674,ppo_car_spread_a_sampling
55.4011,-0.28788,0.4212,0.0000,0.06247,0.06269,0.27752,-11.8,1.0000,-23.9264,0.4741,-10.1372,189.668,ppo_car_spread_a_sampling
55.4211,-0.28788,0.4212,0.0000,0.10169,0.10191,0.11078,221.1,1.0000,-23.9266,0.4741,-10.1392,189.661,ppo_car_spread_a_sampling
55.4411,-0.28788,0.4212,0.0000,0.14416,0.14445,0.10469,221.1,1.0000,-23.9269,0.4741,-10.1421,189.652,ppo_car_spread_a_sampling
55.4611,-0.28788,0.4212,0.0000,0.17548,0.17583,0.51145,221.1,1.0000,-23.9272,0.4741,-10.1457,189.645,ppo_car_spread_a_sampling
55.4811,-0.19248,0.0000,0.1208,0.21726,0.21766,0.56579,221.1,1.0000,-23.9277,0.4741,-10.1501,189.632,ppo_car_spread_a_sampling
55.5011,-0.12585,0.0000,0.1208,0.19321,0.19343,0.00000,0.0,1.0000,-23.9282,0.4741,-10.1539,189.625,ppo_car_spread_a_sampling
55.5211,-0.04048,0.0000,0.1208,0.00619,0.00824,0.00000,0.0,1.0000,-23.9281,0.4741,-10.1539,189.626,ppo_car_spread_a_sampling
55.5411,0.01089,0.0000,0.1208,0.00018,0.00184,0.23802,-25.4,1.0000,-23.9280,0.4741,-10.1537,189.628,ppo_car_spread_a_sampling
55.5611,-0.05979,0.1828,0.0000,0.00145,0.00162,0.34170,-25.4,1.0000,-23.9280,0.4741,-10.1536,189.631,ppo_car_spread_a_sampling
55.5811,-0.13840,0.1828,0.0000,0.01607,0.01607,0.16990,96.0,1.0000,-23.9280,0.4741,-10.1538,189.629,ppo_car_spread_a_sampling
55.6011,-0.19419,0.1828,0.0000,0.03274,0.03276,0.34738,96.0,1.0000,-23.9281,0.4741,-10.1544,189.631,ppo_car_spread_a_sampling
55.6211,-0.27282,0.1828,0.0000,0.05232,0.05236,0.13077,96.0,1.0000,-23.9282,0.4741,-10.1553,189.628,ppo_car_spread_a_sampling
55.6411,-0.31477,0.2676,0.0000,0.06408,0.06416,0.39104,96.0,1.0000,-23.9284,0.4741,-10.1566,189.625,ppo_car_spread_a_sampling
55.6611,-0.31477,0.2676,0.0000,0.09282,0.09302,0.26386,140.5,1.0000,-23.9286,0.4741,-10.1584,189.622,ppo_car_spread_a_sampling
55.6811,-0.31477,0.2676,0.0000,0.11815,0.11843,0.34084,140.5,1.0000,-23.9288,0.4741,-10.1608,189.612,ppo_car_spread_a_sampling
55.7011,-0.31477,0.2676,0.0000,0.14368,0.14402,0.25103,140.5,1.0000,-23.9291,0.4741,-10.1637,189.604,ppo_car_spread_a_sampling
55.7211,-0.23277,0.0000,0.5165,0.17458,0.17499,0.18728,140.5,1.0000,-23.9295,0.4741,-10.1672,189.593,ppo_car_spread_a_sampling
55.7411,-0.18130,0.0000,0.5165,0.16305,0.16333,0.00000,0.0,1.0000,-23.9298,0.4741,-10.1705,189.585,ppo_car_spread_a_sampling
55.7611,-0.09341,0.0000,0.5165,0.00441,0.00724,0.00000,0.0,1.0000,-23.9297,0.4741,-10.1705,189.586,ppo_car_spread_a_sampling
55.7811,-0.08261,0.0000,0.5165,-0.01701,0.01710,0.30968,-108.5,1.0000,-23.9296,0.4741,-10.1700,189.585,ppo_car_spread_a_sampling
55.8011,-0.02054,0.4626,0.0000,-0.03180,0.03180,0.41452,-108.5,1.0000,-23.9295,0.4741,-10.1693,189.586,ppo_car_spread_a_sampling
55.8211,-0.00405,0.4626,0.0000,0.00453,0.00454,0.24319,242.9,1.0000,-23.9295,0.4741,-10.1694,189.588,ppo_car_spread_a_sampling
55.8411,-0.00405,0.4626,0.0000,0.05679,0.05679,0.17377,242.9,1.0000,-23.9297,0.4741,-10.1705,189.591,ppo_car_spread_a_sampling
55.8611,-0.00405,0.4626,0.0000,0.09538,0.09538,0.32538,242.9,1.0000,-23.9300,0.4741,-10.1724,189.591,ppo_car_spread_a_sampling
55.8811,-0.07784,0.2220,0.0000,0.14019,0.14019,0.44310,242.9,1.0000,-23.9305,0.4741,-10.1753,189.589,ppo_car_spread_a_sampling
55.9011,-0.09430,0.2220,0.0000,0.16504,0.16505,0.21533,116.5,1.0000,-23.9310,0.4741,-10.1786,189.587,ppo_car_spread_a_sampling
55.9211,-0.09430,0.2220,0.0000,0.18460,0.18463,0.49866,116.5,1.0000,-23.9316,0.4741,-10.1824,189.579,ppo_car_spread_a_sampling
55.9411,-0.09430,0.2220,0.0000,0.21055,0.21059,0.37366,116.5,1.0000,-23.9322,0.4741,-10.1867,189.577,ppo_car_spread_a_sampling
55.9611,-0.18205,0.0000,0.5894,0.22817,0.22822,0.41040,116.5,1.0000,-23.9329,0.4741,-10.1913,189.573,ppo_car_spread_a_sampling
55.9811,-0.25618,0.0000,0.5894,0.18980,0.18988,0.00000,0.0,1.0000,-23.9334,0.4741,-10.1951,189.567,ppo_car_spread_a_sampling
56.0011,-0.31213,0.0000,0.5894,0.00514,0.00743,0.00000,0.0,1.0000,-23.9333,0.4741,-10.1950,189.568,ppo_car_spread_a_sampling
56.0211,-0.40307,0.0000,0.5894,-0.01667,0.01667,0.39117,-123.8,1.0000,-23.9332,0.4741,-10.1946,189.567,ppo_car_spread_a_sampling
56.0411,-0.33485,0.2215,0.0000,-0.03898,0.03909,0.23247,-123.8,1.0000,-23.9331,0.4741,-10.1937,189.569,ppo_car_spread_a_sampling
56.0611,-0.27573,0.2215,0.0000,-0.02293,0.02298,0.35824,116.3,1.0000,-23.9331,0.4741,-10.1931,189.569,ppo_car_spread_a_sampling
56.0811,-0.18554,0.2215,0.0000,0.00236,0.00237,0.23354,116.3,1.0000,-23.9331,0.4741,-10.1931,189.569,ppo_car_spread_a_sampling
56.1011,-0.12292,0.2215,0.0000,0.02406,0.02407,0.22930,116.3,1.0000,-23.9331,0.4741,-10.1936,189.569,ppo_car_spread_a_sampling
56.1211,-0.04968,0.0000,0.0482,0.04797,0.04799,0.12627,116.3,1.0000,-23.9333,0.4741,-10.1945,189.569,ppo_car_spread_a_sampling
56.1411,0.01908,0.0000,0.0482,0.04074,0.04074,0.40535,-10.1,1.0000,-23.9334,0.4741,-10.1953,189.570,ppo_car_spread_a_sampling
56.1611,0.11019,0.0000,0.0482,0.04727,0.04727,0.21010,-10.1,1.0000,-23.9336,0.4741,-10.1963,189.569,ppo_car_spread_a_sampling
56.1811,0.17356,0.0000,0.0482,0.04255,0.04256,0.27174,-10.1,1.0000,-23.9337,0.4741,-10.1971,189.574,ppo_car_spread_a_sampling
56.2011,0.09972,0.2918,0.0000,0.04004,0.04007,0.29536,-10.1,1.0000,-23.9339,0.4741,-10.1980,189.577,ppo_car_spread_a_sampling
56.2211,0.03101,0.2918,0.0000,0.06924,0.06925,0.16791,153.2,1.0000,-23.9341,0.4741,-10.1994,189.578,ppo_car_spread_a_sampling
56.2411,-0.05853,0.2918,0.0000,0.09095,0.09095,0.31908,153.2,1.0000,-23.9345,0.4741,-10.2012,189.579,ppo_car_spread_a_sampling
56.2611,-0.13841,0.2918,0.0000,0.12441,0.12441,0.47065,153.2,1.0000,-23.9349,0.4741,-10.2038,189.575,ppo_car_spread_a_sampling
56.2811,-0.20855,0.0000,0.4392,0.14839,0.14842,0.38705,153.2,1.0000,-23.9353,0.4741,-10.2068,189.573,ppo_car_spread_a_sampling
56.3011,-0.27904,0.0000,0.4392,0.17331,0.17344,0.00000,0.0,1.0000,-23.9358,0.4741,-10.2103,189.565,ppo_car_spread_a_sampling
56.3211,-0.33835,0.0000,0.4392,0.00369,0.00663,0.00000,0.0,1.0000,-23.9356,0.4741,-10.2103,189.566,ppo_car_spread_a_sampling
56.3411,-0.40182,0.0000,0.4392,-0.01467,0.01468,0.25845,-92.2,1.0000,-23.9356,0.4741,-10.2099,189.568,ppo_car_spread_a_sampling
56.3611,-0.37142,0.1221,0.0000,-0.02729,0.02736,0.37171,-92.2,1.0000,-23.9355,0.4741,-10.2093,189.572,ppo_car_spread_a_sampling
56.3811,-0.37142,0.1221,0.0000,-0.02085,0.02089,0.32839,64.1,1.0000,-23.9354,0.4741,-10.2088,189.577,ppo_car_spread_a_sampling
56.4011,-0.37142,0.1221,0.0000,-0.00505,0.00511,0.34889,64.1,1.0000,-23.9354,0.4741,-10.2087,189.581,ppo_car_spread_a_sampling
56.4211,-0.37142,0.1221,0.0000,0.00207,0.00212,0.29223,64.1,1.0000,-23.9354,0.4741,-10.2087,189.579,ppo_car_spread_a_sampling
56.4411,-0.29333,0.3283,0.0000,0.01273,0.01278,0.33305,64.1,1.0000,-23.9355,0.4741,-10.2090,189.579,ppo_car_spread_a_sampling
56.4611,-0.24532,0.3283,0.0000,0.04481,0.04491,0.31721,172.3,1.0000,-23.9355,0.4741,-10.2099,189.578,ppo_car_spread_a_sampling
56.4811,-0.24532,0.3283,0.0000,0.08075,0.08090,0.23168,172.3,1.0000,-23.9357,0.4741,-10.2116,189.573,ppo_car_spread_a_sampling
56.5011,-0.24532,0.3283,0.0000,0.10990,0.11006,0.28577,172.3,1.0000,-23.9360,0.4741,-10.2139,189.569,ppo_car_spread_a_sampling
56.5211,-0.33026,0.0437,0.0000,0.14207,0.14229,0.42369,172.3,1.0000,-23.9363,0.4741,-10.2168,189.562,ppo_car_spread_a_sampling
56.5411,-0.38456,0.0437,0.0000,0.14107,0.14137,0.48465,22.9,1.0000,-23.9366,0.4741,-10.2197,189.556,ppo_car_spread_a_sampling
56.5611,-0.41267,0.0437,0.0000,0.15442,0.15491,0.17361,22.9,1.0000,-23.9369,0.4741,-10.2228,189.544,ppo_car_spread_a_sampling
56.5811,-0.41267,0.0437,0.0000,0.15832,0.15890,0.16071,22.9,1.0000,-23.9371,0.4741,-10.2261,189.531,ppo_car_spread_a_sampling
56.6011,-0.35112,0.2097,0.0000,0.16299,0.16364,0.11929,22.9,1.0000,-23.9374,0.4741,-10.2294,189.517,ppo_car_spread_a_sampling
56.6211,-0.26475,0.2097,0.0000,0.18041,0.18102,0.48043,110.1,1.0000,-23.9377,0.4741,-10.2330,189.502,ppo_car_spread_a_sampling
56.6411,-0.19745,0.2097,0.0000,0.19854,0.19897,0.49104,110.1,1.0000,-23.9381,0.4741,-10.2370,189.485,ppo_car_spread_a_sampling
56.6611,-0.16982,0.2097,0.0000,0.21892,0.21921,0.40300,110.1,1.0000,-23.9386,0.4741,-10.2414,189.474,ppo_car_spread_a_sampling
56.6811,-0.11341,0.6734,0.0000,0.23775,0.23797,0.55590,110.1,1.0000,-23.9392,0.4741,-10.2462,189.462,ppo_car_spread_a_sampling
56.7011,-0.03789,0.6734,0.0000,0.30481,0.30495,0.64556,353.6,1.0000,-23.9400,0.4741,-10.2523,189.450,ppo_car_spread_a_sampling
56.7211,-0.02129,0.6734,0.0000,0.37177,0.37182,0.64106,353.6,1.0000,-23.9411,0.4741,-10.2598,189.445,ppo_car_spread_a_sampling
56.7411,-0.02129,0.6734,0.0000,0.43477,0.43479,0.66754,353.6,1.0000,-23.9425,0.4741,-10.2685,189.439,ppo_car_spread_a_sampling
56.7611,0.06711,0.0000,0.3765,0.49971,0.49972,0.67240,353.6,1.0000,-23.9441,0.4741,-10.2785,189.437,ppo_car_spread_a_sampling
56.7811,0.11348,0.0000,0.3765,0.38151,0.38151,0.20892,0.0,1.0000,-23.9454,0.4741,-10.2860,189.475,ppo_car_spread_a_sampling
56.8011,0.11348,0.0000,0.3765,0.23860,0.23861,0.04594,0.0,1.0000,-23.9462,0.4741,-10.2906,189.531,ppo_car_spread_a_sampling
56.8211,0.11348,0.0000,0.3765,0.07132,0.07140,0.00000,0.0,1.0000,-23.9465,0.4741,-10.2916,189.609,ppo_car_spread_a_sampling
56.8411,0.04102,0.0000,0.3533,0.05981,0.05986,0.31229,-79.1,1.0000,-23.9467,0.4741,-10.2925,189.635,ppo_car_spread_a_sampling
56.8611,-0.02333,0.0000,0.3533,0.04058,0.04060,0.35804,-74.2,1.0000,-23.9469,0.4741,-10.2931,189.647,ppo_car_spread_a_sampling
56.8811,-0.10807,0.0000,0.3533,0.03168,0.03168,0.30745,-74.2,1.0000,-23.9470,0.4741,-10.2935,189.649,ppo_car_spread_a_sampling
56.9011,-0.12435,0.0000,0.3533,0.01800,0.01800,0.22487,-74.2,1.0000,-23.9470,0.4741,-10.2937,189.648,ppo_car_spread_a_sampling
56.9211,-0.04754,0.0308,0.0000,0.00519,0.00519,0.24620,-74.2,1.0000,-23.9470,0.4741,-10.2936,189.647,ppo_car_spread_a_sampling
56.9411,-0.04754,0.0308,0.0000,0.00574,0.00574,0.38161,16.2,1.0000,-23.9470,0.4741,-10.2936,189.650,ppo_car_spread_a_sampling
56.9611,-0.04754,0.0308,0.0000,0.00783,0.00783,0.23989,16.2,1.0000,-23.9470,0.4741,-10.2937,189.651,ppo_car_spread_a_sampling
56.9811,-0.04754,0.0308,0.0000,0.00472,0.00472,0.29392,16.2,1.0000,-23.9470,0.4741,-10.2937,189.652,ppo_car_spread_a_sampling
57.0011,-0.11305,0.0000,0.2109,0.01704,0.01704,0.27727,16.2,1.0000,-23.9470,0.4741,-10.2940,189.651,ppo_car_spread_a_sampling
57.0211,-0.19893,0.0000,0.2109,0.00710,0.00710,0.31129,-44.3,1.0000,-23.9471,0.4741,-10.2942,189.654,ppo_car_spread_a_sampling
57.0411,-0.27165,0.0000,0.2109,0.00098,0.00102,0.36880,-44.3,1.0000,-23.9471,0.4741,-10.2942,189.650,ppo_car_spread_a_sampling
57.0611,-0.31982,0.0000,0.2109,-0.01319,0.01323,0.36765,-44.3,1.0000,-23.9470,0.4741,-10.2940,189.648,ppo_car_spread_a_sampling
57.0811,-0.23153,0.0000,0.3365,-0.01143,0.01149,0.39229,-44.3,1.0000,-23.9470,0.4741,-10.2938,189.649,ppo_car_spread_a_sampling
57.1011,-0.17579,0.0000,0.3365,-0.03167,0.03170,0.31450,-70.7,1.0000,-23.9470,0.4741,-10.2932,189.653,ppo_car_spread_a_sampling
57.1211,-0.08739,0.0000,0.3365,-0.04514,0.04518,0.20291,-70.7,1.0000,-23.9468,0.4741,-10.2923,189.654,ppo_car_spread_a_sampling
57.1411,-0.02870,0.0000,0.3365,-0.06143,0.06145,0.25243,-70.7,1.0000,-23.9467,0.4741,-10.2911,189.656,ppo_car_spread_a_sampling
57.1611,-0.12103,0.0000,0.2776,-0.07360,0.07360,0.29605,-70.7,1.0000,-23.9464,0.4741,-10.2897,189.653,ppo_car_spread_a_sampling
57.1811,-0.19516,0.0000,0.2776,-0.08308,0.08310,0.21695,-58.3,1.0000,-23.9462,0.4741,-10.2881,189.652,ppo_car_spread_a_sampling
57.2011,-0.27280,0.0000,0.2776,-0.09615,0.09621,0.24544,-58.3,1.0000,-23.9459,0.4741,-10.2862,189.653,ppo_car_spread_a_sampling
57.2211,-0.35053,0.0000,0.2776,-0.10574,0.10588,0.30190,-58.3,1.0000,-23.9457,0.4741,-10.2842,189.662,ppo_car_spread_a_sampling
57.2411,-0.40040,0.0000,0.3812,-0.11628,0.11654,0.38018,-58.3,1.0000,-23.9455,0.4741,-10.2819,189.666,ppo_car_spread_a_sampling
57.2611,-0.40040,0.0000,0.3812,-0.12643,0.12687,0.40680,-80.0,1.0000,-23.9453,0.4741,-10.2794,189.676,ppo_car_spread_a_sampling
57.2811,-0.40040,0.0000,0.3812,-0.14746,0.14802,0.12163,-80.0,1.0000,-23.9450,0.4741,-10.2764,189.687,ppo_car_spread_a_sampling
57.3011,-0.40040,0.0000,0.3812,-0.15813,0.15871,0.23917,-80.0,1.0000,-23.9448,0.4741,-10.2733,189.700,ppo_car_spread_a_sampling
57.3211,-0.34348,0.0298,0.0000,-0.17173,0.17237,0.36065,-80.0,1.0000,-23.9445,0.4741,-10.2699,189.711,ppo_car_spread_a_sampling
57.3411,-0.25118,0.0298,0.0000,-0.17347,0.17402,0.15692,15.7,1.0000,-23.9442,0.4741,-10.2664,189.724,ppo_car_spread_a_sampling
57.3611,-0.18332,0.0298,0.0000,-0.16935,0.16971,0.36706,15.7,1.0000,-23.9439,0.4741,-10.2631,189.732,ppo_car_spread_a_sampling
57.3811,-0.10445,0.0298,0.0000,-0.16309,0.16329,0.43920,15.7,1.0000,-23.9435,0.4741,-10.2599,189.738,ppo_car_spread_a_sampling
57.4011,-0.16707,0.0464,0.0000,-0.15866,0.15874,0.42035,15.7,1.0000,-23.9430,0.4741,-10.2568,189.741,ppo_car_spread_a_sampling
57.4211,-0.23078,0.0464,0.0000,-0.15765,0.15775,0.19083,24.4,1.0000,-23.9426,0.4741,-10.2537,189.747,ppo_car_spread_a_sampling
57.4411,-0.31056,0.0464,0.0000,-0.15105,0.15121,0.42836,24.4,1.0000,-23.9422,0.4741,-10.2507,189.752,ppo_car_spread_a_sampling
57.4611,-0.39220,0.0464,0.0000,-0.15176,0.15202,0.21868,24.4,1.0000,-23.9419,0.4741,-10.2478,189.760,ppo_car_spread_a_sampling
57.4811,-0.32793,0.0000,0.1516,-0.14198,0.14237,0.29365,24.4,1.0000,-23.9416,0.4741,-10.2450,189.768,ppo_car_spread_a_sampling
57.5011,-0.25238,0.0000,0.1516,-0.14664,0.14703,0.39476,-31.8,1.0000,-23.9413,0.4741,-10.2421,189.779,ppo_car_spread_a_sampling
57.5211,-0.17755,0.0000,0.1516,-0.15493,0.15521,0.31627,-31.8,1.0000,-23.9410,0.4741,-10.2391,189.789,ppo_car_spread_a_sampling
57.5411,-0.09891,0.0000,0.1516,-0.16225,0.16243,0.17198,-31.8,1.0000,-23.9406,0.4741,-10.2358,189.797,ppo_car_spread_a_sampling
57.5611,-0.03831,0.3363,0.0000,-0.16708,0.16717,0.22700,-31.8,1.0000,-23.9401,0.4741,-10.2325,189.803,ppo_car_spread_a_sampling
57.5811,0.06195,0.3363,0.0000,-0.13840,0.13842,0.16804,176.6,1.0000,-23.9397,0.4741,-10.2299,189.804,ppo_car_spread_a_sampling
57.6011,0.09357,0.3363,0.0000,-0.10215,0.10215,0.33403,176.6,1.0000,-23.9393,0.4741,-10.2279,189.807,ppo_car_spread_a_sampling
57.6211,0.09357,0.3363,0.0000,-0.07103,0.07103,0.19577,176.6,1.0000,-23.9391,0.4741,-10.2266,189.804,ppo_car_spread_a_sampling
57.6411,0.09276,0.4918,0.0000,-0.03975,0.03975,0.27320,176.6,1.0000,-23.9390,0.4741,-10.2259,189.803,ppo_car_spread_a_sampling
57.6611,0.09276,0.4918,0.0000,0.01671,0.01672,0.27448,258.2,1.0000,-23.9390,0.4741,-10.2263,189.804,ppo_car_spread_a_sampling
57.6811,0.09276,0.4918,0.0000,0.05991,0.05993,0.09190,258.2,1.0000,-23.9393,0.4741,-10.2276,189.806,ppo_car_spread_a_sampling
57.7011,0.09276,0.4918,0.0000,0.10454,0.10456,0.47808,258.2,1.0000,-23.9397,0.4741,-10.2298,189.808,ppo_car_spread_a_sampling
57.7211,0.03179,0.1126,0.0000,0.15721,0.15725,0.21933,258.2,1.0000,-23.9403,0.4741,-10.2331,189.810,ppo_car_spread_a_sampling
57.7411,-0.04325,0.1126,0.0000,0.16563,0.16565,0.43010,59.1,1.0000,-23.9410,0.4741,-10.2364,189.813,ppo_car_spread_a_sampling
57.7611,-0.11904,0.1126,0.0000,0.18013,0.18014,0.18080,59.1,1.0000,-23.9416,0.4741,-10.2400,189.812,ppo_car_spread_a_sampling
57.7811,-0.18181,0.1126,0.0000,0.19297,0.19300,0.16841,59.1,1.0000,-23.9422,0.4741,-10.2439,189.808,ppo_car_spread_a_sampling
57.8011,-0.26439,0.0000,0.6166,0.19800,0.19811,0.47604,59.1,1.0000,-23.9427,0.4741,-10.2479,189.804,ppo_car_spread_a_sampling
57.8211,-0.32841,0.0000,0.6166,0.19234,0.19255,0.00000,0.0,1.0000,-23.9432,0.4741,-10.2517,189.797,ppo_car_spread_a_sampling
57.8411,-0.32841,0.0000,0.6166,0.00607,0.00905,0.00000,0.0,1.0000,-23.9430,0.4741,-10.2516,189.798,ppo_car_spread_a_sampling
57.8611,-0.32841,0.0000,0.6166,-0.00720,0.00736,0.41642,-129.5,1.0000,-23.9429,0.4741,-10.2513,189.800,ppo_car_spread_a_sampling
57.8811,-0.24248,0.0000,0.4922,-0.03821,0.03827,0.40499,-129.5,1.0000,-23.9428,0.4741,-10.2503,189.803,ppo_car_spread_a_sampling
57.9011,-0.16504,0.0000,0.4922,-0.06489,0.06498,0.15791,-103.4,1.0000,-23.9427,0.4741,-10.2488,189.808,ppo_car_spread_a_sampling
57.9211,-0.15942,0.0000,0.4922,-0.08131,0.08139,0.46307,-103.4,1.0000,-23.9424,0.4741,-10.2470,189.807,ppo_car_spread_a_sampling
57.9411,-0.15942,0.0000,0.4922,-0.09799,0.09805,0.40465,-103.4,1.0000,-23.9421,0.4741,-10.2449,189.811,ppo_car_spread_a_sampling
57.9611,-0.07961,0.0000,0.3163,-0.12136,0.12143,0.15896,-103.4,1.0000,-23.9418,0.4741,-10.2423,189.813,ppo_car_spread_a_sampling
57.9811,-0.02053,0.0000,0.3163,-0.13040,0.13044,0.21616,-66.4,1.0000,-23.9414,0.4741,-10.2396,189.815,ppo_car_spread_a_sampling
58.0011,0.05721,0.0000,0.3163,-0.14145,0.14146,0.25802,-66.4,1.0000,-23.9409,0.4741,-10.2367,189.816,ppo_car_spread_a_sampling
58.0211,0.08457,0.0000,0.3163,-0.15395,0.15396,0.49417,-66.4,1.0000,-23.9404,0.4741,-10.2335,189.816,ppo_car_spread_a_sampling
58.0411,0.01234,0.0647,0.0000,-0.16483,0.16484,0.37345,-66.4,1.0000,-23.9398,0.4741,-10.2302,189.812,ppo_car_spread_a_sampling
58.0611,-0.03054,0.0647,0.0000,-0.16069,0.16069,0.35600,34.0,1.0000,-23.9392,0.4741,-10.2270,189.809,ppo_car_spread_a_sampling
58.0811,-0.03054,0.0647,0.0000,-0.15467,0.15467,0.21825,34.0,1.0000,-23.9387,0.4741,-10.2240,189.808,ppo_car_spread_a_sampling
58.1011,-0.03054,0.0647,0.0000,-0.15216,0.15216,0.31217,34.0,1.0000,-23.9382,0.4741,-10.2210,189.807,ppo_car_spread_a_sampling
58.1211,-0.11771,0.2117,0.0000,-0.13741,0.13742,0.46127,34.0,1.0000,-23.9377,0.4741,-10.2183,189.808,ppo_car_spread_a_sampling
58.1411,-0.17384,0.2117,0.0000,-0.12059,0.12060,0.43117,111.2,1.0000,-23.9374,0.4741,-10.2160,189.809,ppo_car_spread_a_sampling
58.1611,-0.26389,0.2117,0.0000,-0.09882,0.09886,0.38732,111.2,1.0000,-23.9371,0.4741,-10.2141,189.813,ppo_car_spread_a_sampling
58.1811,-0.33221,0.2117,0.0000,-0.08455,0.08462,0.23624,111.2,1.0000,-23.9369,0.4741,-10.2126,189.815,ppo_car_spread_a_sampling
58.2011,-0.26679,0.0000,0.3809,-0.05599,0.05609,0.37497,111.2,1.0000,-23.9368,0.4741,-10.2116,189.820,ppo_car_spread_a_sampling
58.2211,-0.23986,0.0000,0.3809,-0.07287,0.07297,0.41862,-80.0,1.0000,-23.9367,0.4741,-10.2102,189.824,ppo_car_spread_a_sampling
58.2411,-0.23986,0.0000,0.3809,-0.08848,0.08859,0.45394,-80.0,1.0000,-23.9365,0.4741,-10.2085,189.824,ppo_car_spread_a_sampling
58.2611,-0.23986,0.0000,0.3809,-0.10375,0.10390,0.19710,-80.0,1.0000,-23.9362,0.4741,-10.2065,189.830,ppo_car_spread_a_sampling
58.2811,-0.17984,0.4872,0.0000,-0.12222,0.12239,0.14517,-80.0,1.0000,-23.9359,0.4741,-10.2041,189.835,ppo_car_spread_a_sampling
58.3011,-0.15703,0.4872,0.0000,-0.07048,0.07056,0.11258,255.8,1.0000,-23.9358,0.4741,-10.2028,189.838,ppo_car_spread_a_sampling
58.3211,-0.15703,0.4872,0.0000,-0.02931,0.02935,0.32312,255.8,1.0000,-23.9357,0.4741,-10.2023,189.839,ppo_car_spread_a_sampling
58.3411,-0.15703,0.4872,0.0000,0.02185,0.02185,0.28607,255.8,1.0000,-23.9358,0.4741,-10.2029,189.842,ppo_car_spread_a_sampling
58.3612,-0.23397,0.1668,0.0000,0.07221,0.07225,0.20046,255.8,1.0000,-23.9360,0.4741,-10.2045,189.841,ppo_car_spread_a_sampling
58.3812,-0.30536,0.1668,0.0000,0.09079,0.09090,0.36235,87.6,1.0000,-23.9362,0.4741,-10.2064,189.835,ppo_car_spread_a_sampling
58.4012,-0.33661,0.1668,0.0000,0.10002,0.10019,0.32565,87.6,1.0000,-23.9365,0.4741,-10.2085,189.828,ppo_car_spread_a_sampling
58.4212,-0.33661,0.1668,0.0000,0.12251,0.12280,0.11005,87.6,1.0000,-23.9367,0.4741,-10.2110,189.819,ppo_car_spread_a_sampling
58.4412,-0.26823,0.0000,0.0026,0.13407,0.13438,0.47400,87.6,1.0000,-23.9370,0.4741,-10.2138,189.810,ppo_car_spread_a_sampling
58.4612,-0.20874,0.0000,0.0026,0.14741,0.14772,0.00000,0.0,1.0000,-23.9373,0.4741,-10.2168,189.803,ppo_car_spread_a_sampling
58.4812,-0.14014,0.0000,0.0026,0.00392,0.00690,0.00000,0.0,1.0000,-23.9372,0.4741,-10.2167,189.804,ppo_car_spread_a_sampling
58.5012,-0.14014,0.0000,0.0026,0.00441,0.00482,0.32227,-0.6,1.0000,-23.9371,0.4741,-10.2167,189.802,ppo_car_spread_a_sampling
58.5212,-0.08840,0.4574,0.0000,0.00149,0.00171,0.23687,-0.6,1.0000,-23.9371,0.4741,-10.2167,189.803,ppo_car_spread_a_sampling
58.5412,-0.00003,0.4574,0.0000,0.05008,0.05010,0.20477,240.1,1.0000,-23.9372,0.4741,-10.2176,189.805,ppo_car_spread_a_sampling
58.5612,0.06347,0.4574,0.0000,0.08894,0.08894,0.40881,240.1,1.0000,-23.9375,0.4741,-10.2193,189.807,ppo_car_spread_a_sampling
58.5812,0.14480,0.4574,0.0000,0.13645,0.13646,0.28996,240.1,1.0000,-23.9380,0.4741,-10.2220,189.809,ppo_car_spread_a_sampling
58.6012,0.06591,0.2204,0.0000,0.17966,0.17972,0.53999,240.1,1.0000,-23.9388,0.4741,-10.2256,189.810,ppo_car_spread_a_sampling
58.6212,-0.01185,0.2204,0.0000,0.19934,0.19937,0.34386,115.7,1.0000,-23.9395,0.4741,-10.2295,189.812,ppo_car_spread_a_sampling
58.6412,-0.03136,0.2204,0.0000,0.22160,0.22160,0.49535,115.7,1.0000,-23.9403,0.4741,-10.2339,189.817,ppo_car_spread_a_sampling
58.6612,-0.03136,0.2204,0.0000,0.23772,0.23772,0.53844,115.7,1.0000,-23.9411,0.4741,-10.2387,189.818,ppo_car_spread_a_sampling
58.6812,-0.11448,0.0000,0.8899,0.26576,0.26576,0.51277,115.7,1.0000,-23.9420,0.4741,-10.2439,189.820,ppo_car_spread_a_sampling
58.7012,-0.17519,0.0000,0.8899,0.19780,0.19782,0.00000,0.0,1.0000,-23.9426,0.4741,-10.2478,189.817,ppo_car_spread_a_sampling
58.7212,-0.26486,0.0000,0.8899,0.00705,0.00784,0.00000,0.0,1.0000,-23.9425,0.4741,-10.2477,189.819,ppo_car_spread_a_sampling
58.7412,-0.34844,0.0000,0.8899,-0.02989,0.02990,0.27763,-186.9,1.0000,-23.9424,0.4741,-10.2469,189.820,ppo_car_spread_a_sampling
58.7612,-0.29145,0.2313,0.0000,-0.06201,0.06219,0.26873,-186.9,1.0000,-23.9422,0.4741,-10.2454,189.825,ppo_car_spread_a_sampling
58.7812,-0.20478,0.2313,0.0000,-0.04643,0.04653,0.31325,121.5,1.0000,-23.9421,0.4741,-10.2443,189.827,ppo_car_spread_a_sampling
58.8012,-0.12971,0.2313,0.0000,-0.02385,0.02389,0.35832,121.5,1.0000,-23.9421,0.4741,-10.2438,189.827,ppo_car_spread_a_sampling
58.8212,-0.05475,0.2313,0.0000,0.00638,0.00639,0.29784,121.5,1.0000,-23.9421,0.4741,-10.2438,189.831,ppo_car_spread_a_sampling
58.8412,0.00536,0.8194,0.0000,0.02655,0.02655,0.33096,121.5,1.0000,-23.9422,0.4741,-10.2443,189.828,ppo_car_spread_a_sampling
58.8612,0.08126,0.8194,0.0000,0.11111,0.11111,0.22943,430.2,1.0000,-23.9425,0.4741,-10.2466,189.826,ppo_car_spread_a_sampling
58.8812,0.13039,0.8194,0.0000,0.19015,0.19017,0.13260,430.2,1.0000,-23.9433,0.4741,-10.2505,189.827,ppo_car_spread_a_sampling
58.9012,0.13039,0.8194,0.0000,0.26344,0.26351,0.61495,430.2,1.0000,-23.9443,0.4741,-10.2558,189.834,ppo_car_spread_a_sampling
58.9212,0.04796,0.0000,0.5110,0.34684,0.34696,0.32011,430.2,1.0000,-23.9458,0.4741,-10.2629,189.842,ppo_car_spread_a_sampling
58.9412,-0.03608,0.0000,0.5110,0.20128,0.20132,0.00000,0.0,1.0000,-23.9465,0.4741,-10.2669,189.859,ppo_car_spread_a_sampling
58.9612,-0.10831,0.0000,0.5110,0.05922,0.05923,0.00000,0.0,1.0000,-23.9467,0.4741,-10.2679,189.934,ppo_car_spread_a_sampling
58.9812,-0.18140,0.0000,0.5110,0.03530,0.03530,0.36450,-107.3,1.0000,-23.9468,0.4741,-10.2685,189.955,ppo_car_spread_a_sampling
59.0012,-0.13386,0.0000,0.4466,0.01279,0.01279,0.28536,-107.3,1.0000,-23.9469,0.4741,-10.2687,189.960,ppo_car_spread_a_sampling
59.0212,-0.13386,0.0000,0.4466,-0.00408,0.00410,0.33439,-93.8,1.0000,-23.9468,0.4741,-10.2685,189.962,ppo_car_spread_a_sampling
59.0412,-0.13386,0.0000,0.4466,-0.01941,0.01942,0.14755,-93.8,1.0000,-23.9468,0.4741,-10.2680,189.964,ppo_car_spread_a_sampling
59.0612,-0.13386,0.0000,0.4466,-0.04339,0.04341,0.27757,-93.8,1.0000,-23.9466,0.4741,-10.2671,189.967,ppo_car_spread_a_sampling
59.0812,-0.04273,0.6027,0.0000,-0.05368,0.05370,0.14443,-93.8,1.0000,-23.9464,0.4741,-10.2660,189.968,ppo_car_spread_a_sampling
59.1012,0.00796,0.6027,0.0000,0.00109,0.00116,0.18069,316.4,1.0000,-23.9465,0.4741,-10.2660,189.970,ppo_car_spread_a_sampling
59.1212,0.00796,0.6027,0.0000,0.05929,0.05929,0.30791,316.4,1.0000,-23.9467,0.4741,-10.2672,189.969,ppo_car_spread_a_sampling
59.1412,0.00796,0.6027,0.0000,0.11730,0.11730,0.36378,316.4,1.0000,-23.9471,0.4741,-10.2696,189.970,ppo_car_spread_a_sampling
59.1612,-0.04698,0.2388,0.0000,0.17629,0.17629,0.55960,316.4,1.0000,-23.9477,0.4741,-10.2733,189.974,ppo_car_spread_a_sampling
59.1812,-0.12642,0.2388,0.0000,0.20524,0.20525,0.30827,125.4,1.0000,-23.9484,0.4741,-10.2774,189.970,ppo_car_spread_a_sampling
59.2012,-0.20908,0.2388,0.0000,0.22380,0.22385,0.55629,125.4,1.0000,-23.9492,0.4741,-10.2820,189.966,ppo_car_spread_a_sampling
59.2212,-0.23454,0.2388,0.0000,0.24764,0.24782,0.47829,125.4,1.0000,-23.9498,0.4741,-10.2871,189.957,ppo_car_spread_a_sampling
59.2412,-0.17759,0.0000,0.1316,0.26721,0.26750,0.52334,125.4,1.0000,-23.9505,0.4741,-10.2925,189.948,ppo_car_spread_a_sampling
59.2612,-0.08761,0.0000,0.1316,0.19216,0.19233,0.00000,0.0,1.0000,-23.9510,0.4741,-10.2963,189.942,ppo_car_spread_a_sampling
59.2812,-0.03127,0.0000,0.1316,0.00588,0.00734,0.00000,0.0,1.0000,-23.9509,0.4741,-10.2963,189.943,ppo_car_spread_a_sampling
59.3012,0.04323,0.0000,0.1316,-0.00237,0.00278,0.24496,-27.6,1.0000,-23.9509,0.4741,-10.2961,189.946,ppo_car_spread_a_sampling
59.3212,0.11847,0.0000,0.1050,-0.00661,0.00664,0.21623,-27.6,1.0000,-23.9508,0.4741,-10.2958,189.947,ppo_car_spread_a_sampling
59.3412,0.18979,0.0000,0.1050,-0.00994,0.00994,0.34219,-22.1,1.0000,-23.9508,0.4741,-10.2955,189.947,ppo_car_spread_a_sampling
59.3612,0.26323,0.0000,0.1050,-0.01422,0.01423,0.22364,-22.1,1.0000,-23.9507,0.4741,-10.2952,189.947,ppo_car_spread_a_sampling
59.3812,0.34113,0.0000,0.1050,-0.01923,0.01929,0.36757,-22.1,1.0000,-23.9506,0.4741,-10.2947,189.943,ppo_car_spread_a_sampling
59.4012,0.26030,0.1116,0.0000,-0.02126,0.02133,0.31616,-22.1,1.0000,-23.9505,0.4741,-10.2942,189.945,ppo_car_spread_a_sampling
59.4212,0.18382,0.1116,0.0000,-0.00765,0.00769,0.27604,58.6,1.0000,-23.9504,0.4741,-10.2941,189.944,ppo_car_spread_a_sampling
59.4412,0.10370,0.1116,0.0000,0.00151,0.00151,0.27187,58.6,1.0000,-23.9504,0.4741,-10.2941,189.944,ppo_car_spread_a_sampling
59.4612,0.02868,0.1116,0.0000,0.01120,0.01121,0.14834,58.6,1.0000,-23.9505,0.4741,-10.2943,189.944,ppo_car_spread_a_sampling
59.4812,-0.03156,0.1803,0.0000,0.02027,0.02027,0.23443,58.6,1.0000,-23.9506,0.4741,-10.2947,189.945,ppo_car_spread_a_sampling
59.5012,-0.10735,0.1803,0.0000,0.04163,0.04163,0.03674,94.6,1.0000,-23.9507,0.4741,-10.2956,189.945,ppo_car_spread_a_sampling
59.5212,-0.18733,0.1803,0.0000,0.05955,0.05956,0.12262,94.6,1.0000,-23.9509,0.4741,-10.2968,189.944,ppo_car_spread_a_sampling
59.5412,-0.25946,0.1803,0.0000,0.07406,0.07410,0.28039,94.6,1.0000,-23.9511,0.4741,-10.2984,189.940,ppo_car_spread_a_sampling
59.5612,-0.32014,0.1952,0.0000,0.09223,0.09235,0.41894,94.6,1.0000,-23.9514,0.4741,-10.3003,189.936,ppo_car_spread_a_sampling
59.5812,-0.40706,0.1952,0.0000,0.11044,0.11067,0.25169,102.5,1.0000,-23.9516,0.4741,-10.3026,189.927,ppo_car_spread_a_sampling
59.6012,-0.46661,0.1952,0.0000,0.13244,0.13288,0.12192,102.5,1.0000,-23.9519,0.4741,-10.3053,189.919,ppo_car_spread_a_sampling
59.6212,-0.47718,0.1952,0.0000,0.14992,0.15059,0.19855,102.5,1.0000,-23.9521,0.4741,-10.3084,189.905,ppo_car_spread_a_sampling
59.6412,-0.41082,0.3204,0.0000,0.16219,0.16301,0.48996,102.5,1.0000,-23.9523,0.4741,-10.3117,189.894,ppo_car_spread_a_sampling
59.6612,-0.34161,0.3204,0.0000,0.19522,0.19604,0.37177,168.2,1.0000,-23.9527,0.4741,-10.3157,189.878,ppo_car_spread_a_sampling
59.6812,-0.25390,0.3204,0.0000,0.22767,0.22840,0.48756,168.2,1.0000,-23.9531,0.4741,-10.3204,189.858,ppo_car_spread_a_sampling
59.7012,-0.17888,0.3204,0.0000,0.25463,0.25517,0.54333,168.2,1.0000,-23.9536,0.4741,-10.3255,189.844,ppo_car_spread_a_sampling
59.7212,-0.11512,0.1529,0.0000,0.28558,0.28591,0.57629,168.2,1.0000,-23.9543,0.4741,-10.3313,189.833,ppo_car_spread_a_sampling
59.7412,-0.03679,0.1529,0.0000,0.29954,0.29971,0.58663,80.2,1.0000,-23.9552,0.4741,-10.3373,189.826,ppo_car_spread_a_sampling
59.7612,0.02969,0.1529,0.0000,0.31156,0.31162,0.59056,80.2,1.0000,-23.9562,0.4741,-10.3435,189.821,ppo_car_spread_a_sampling
59.7812,0.11962,0.1529,0.0000,0.32582,0.32583,0.62049,80.2,1.0000,-23.9573,0.4741,-10.3500,189.820,ppo_car_spread_a_sampling
59.8012,0.04691,0.0000,1.0000,0.34052,0.34055,0.62601,80.2,1.0000,-23.9586,0.4741,-10.3567,189.824,ppo_car_spread_a_sampling
59.8212,-0.01592,0.0000,1.0000,0.19565,0.19567,0.00000,0.0,1.0000,-23.9593,0.4741,-10.3604,189.824,ppo_car_spread_a_sampling
59.8412,-0.10312,0.0000,1.0000,0.00851,0.00853,0.00000,0.0,1.0000,-23.9593,0.4741,-10.3602,189.825,ppo_car_spread_a_sampling
59.8612,-0.13709,0.0000,1.0000,-0.03081,0.03082,0.24947,-210.0,1.0000,-23.9591,0.4741,-10.3593,189.824,ppo_car_spread_a_sampling
59.8812,-0.08632,0.0000,0.1705,-0.06488,0.06490,0.36364,-210.0,1.0000,-23.9589,0.4741,-10.3578,189.828,ppo_car_spread_a_sampling
59.9012,-0.08632,0.0000,0.1705,-0.08069,0.08071,0.24257,-35.8,1.0000,-23.9587,0.4741,-10.3560,189.829,ppo_car_spread_a_sampling
59.9212,-0.08632,0.0000,0.1705,-0.08779,0.08781,0.22316,-35.8,1.0000,-23.9584,0.4741,-10.3540,189.830,ppo_car_spread_a_sampling
59.9412,-0.08632,0.0000,0.1705,-0.08235,0.08237,0.42151,-35.8,1.0000,-23.9581,0.4741,-10.3523,189.833,ppo_car_spread_a_sampling
59.9612,-0.01973,0.0000,0.2382,-0.09477,0.09479,0.39037,-35.8,1.0000,-23.9578,0.4741,-10.3503,189.837,ppo_car_spread_a_sampling
59.9812,-0.00657,0.0000,0.2382,-0.10783,0.10783,0.31763,-50.0,1.0000,-23.9574,0.4741,-10.3481,189.841,ppo_car_spread_a_sampling
