t,steering,throttle,brake,speed,speed_mag,wheel_ms,motor_nm,headroom,x,y,z,yaw_deg,source
0.0200,0.00000,0.0000,0.0000,0.00000,0.00000,0.04796,0.0,1.0000,-24.7011,0.5000,-6.4665,134.884,ppo_car_spread_a_sampling
0.0400,0.00000,0.0000,0.0000,0.00120,0.00182,0.00880,0.0,1.0000,-24.7003,0.4993,-6.4669,134.884,ppo_car_spread_a_sampling
0.0600,0.24763,0.2328,0.0000,0.00139,0.00236,0.00753,0.0,1.0000,-24.6995,0.4980,-6.4673,134.884,ppo_car_spread_a_sampling
0.0800,0.35871,0.2328,0.0000,0.01979,0.01970,0.38637,122.2,1.0000,-24.6987,0.4960,-6.4679,134.882,ppo_car_spread_a_sampling
0.1000,0.35871,0.2328,0.0000,0.04741,0.04722,0.10605,122.2,1.0000,-24.6977,0.4938,-6.4688,134.885,ppo_car_spread_a_sampling
0.1200,0.27079,0.0000,0.1037,0.07269,0.07248,0.27018,122.2,1.0000,-24.6964,0.4914,-6.4701,134.891,ppo_car_spread_a_sampling
0.1400,0.21556,0.0000,0.1037,0.07015,0.06976,0.28968,-21.8,1.0000,-24.6953,0.4889,-6.4712,134.896,ppo_car_spread_a_sampling
0.1600,0.13271,0.0000,0.1037,0.06098,0.06045,0.37246,-21.8,1.0000,-24.6944,0.4865,-6.4722,134.901,ppo_car_spread_a_sampling
0.1800,0.09482,0.0000,0.1037,0.06912,0.06855,0.33685,-21.8,1.0000,-24.6934,0.4842,-6.4731,134.903,ppo_car_spread_a_sampling
0.2000,0.04300,0.0000,0.1534,0.05805,0.05751,0.31608,-21.8,1.0000,-24.6927,0.4821,-6.4739,134.903,ppo_car_spread_a_sampling
0.2200,0.04300,0.0000,0.1534,0.05229,0.05180,0.32432,-32.2,1.0000,-24.6921,0.4802,-6.4746,134.904,ppo_car_spread_a_sampling
0.2400,0.04300,0.0000,0.1534,0.04702,0.04661,0.35216,-32.2,1.0000,-24.6916,0.4786,-6.4751,134.902,ppo_car_spread_a_sampling
0.2600,0.04300,0.0000,0.1534,0.03461,0.03429,0.28852,-32.2,1.0000,-24.6913,0.4771,-6.4754,134.902,ppo_car_spread_a_sampling
0.2800,-0.03074,0.0000,0.1511,0.02934,0.02910,0.35554,-32.2,1.0000,-24.6912,0.4759,-6.4757,134.901,ppo_car_spread_a_sampling
0.3000,-0.09028,0.0000,0.1511,0.03006,0.02990,0.33438,-31.7,1.0000,-24.6910,0.4750,-6.4759,134.902,ppo_car_spread_a_sampling
0.3200,-0.16655,0.0000,0.1511,0.01992,0.01984,0.21920,-31.7,1.0000,-24.6910,0.4742,-6.4760,134.903,ppo_car_spread_a_sampling
0.3400,-0.16655,0.0000,0.1511,0.01211,0.01207,0.17948,-31.7,1.0000,-24.6911,0.4736,-6.4760,134.903,ppo_car_spread_a_sampling
0.3600,-0.23536,0.2137,0.0000,0.00436,0.00447,0.25170,-31.7,1.0000,-24.6913,0.4731,-6.4760,134.905,ppo_car_spread_a_sampling
0.3800,-0.31473,0.2137,0.0000,0.02947,0.02955,0.25836,112.2,1.0000,-24.6912,0.4728,-6.4762,134.906,ppo_car_spread_a_sampling
0.4000,-0.38910,0.2137,0.0000,0.05184,0.05202,0.27161,112.2,1.0000,-24.6906,0.4726,-6.4768,134.901,ppo_car_spread_a_sampling
0.4200,-0.43234,0.2137,0.0000,0.06933,0.06966,0.21629,112.2,1.0000,-24.6897,0.4725,-6.4776,134.894,ppo_car_spread_a_sampling
0.4400,-0.37150,0.2843,0.0000,0.08268,0.08307,0.34150,112.2,1.0000,-24.6886,0.4725,-6.4786,134.888,ppo_car_spread_a_sampling
0.4600,-0.35310,0.2843,0.0000,0.11951,0.12000,0.14168,149.3,1.0000,-24.6869,0.4726,-6.4802,134.879,ppo_car_spread_a_sampling
0.4800,-0.35310,0.2843,0.0000,0.14360,0.14413,0.24310,149.3,1.0000,-24.6848,0.4727,-6.4820,134.867,ppo_car_spread_a_sampling
0.5000,-0.35310,0.2843,0.0000,0.16735,0.16792,0.32720,149.3,1.0000,-24.6823,0.4728,-6.4842,134.855,ppo_car_spread_a_sampling
0.5200,-0.27387,0.3825,0.0000,0.19199,0.19263,0.47498,149.3,1.0000,-24.6794,0.4729,-6.4867,134.844,ppo_car_spread_a_sampling
0.5400,-0.19813,0.3825,0.0000,0.22690,0.22744,0.55686,200.8,1.0000,-24.6760,0.4731,-6.4898,134.829,ppo_car_spread_a_sampling
0.5600,-0.12392,0.3825,0.0000,0.27276,0.27315,0.58990,200.8,1.0000,-24.6720,0.4732,-6.4935,134.819,ppo_car_spread_a_sampling
0.5800,-0.04504,0.3825,0.0000,0.31209,0.31231,0.24830,200.8,1.0000,-24.6674,0.4734,-6.4978,134.809,ppo_car_spread_a_sampling
0.6000,0.03343,0.0000,0.2766,0.34611,0.34619,0.61759,200.8,1.0000,-24.6623,0.4735,-6.5027,134.805,ppo_car_spread_a_sampling
0.6200,0.10700,0.0000,0.2766,0.27741,0.27743,0.28068,0.0,1.0000,-24.6584,0.4736,-6.5066,134.824,ppo_car_spread_a_sampling
0.6400,0.13917,0.0000,0.2766,0.19157,0.19158,0.00000,0.0,1.0000,-24.6558,0.4737,-6.5093,134.832,ppo_car_spread_a_sampling
0.6600,0.13917,0.0000,0.2766,0.00734,0.00760,0.00000,0.0,1.0000,-24.6559,0.4738,-6.5092,134.833,ppo_car_spread_a_sampling
0.6800,0.19922,0.0000,0.4102,-0.00287,0.00288,0.30764,-58.1,1.0000,-24.6561,0.4739,-6.5091,134.832,ppo_car_spread_a_sampling
0.7000,0.26134,0.0000,0.4102,-0.01859,0.01861,0.15017,-86.1,1.0000,-24.6565,0.4740,-6.5087,134.832,ppo_car_spread_a_sampling
0.7200,0.26134,0.0000,0.4102,-0.03633,0.03639,0.29625,-86.1,1.0000,-24.6571,0.4740,-6.5081,134.834,ppo_car_spread_a_sampling
0.7400,0.26134,0.0000,0.4102,-0.04960,0.04971,0.44629,-86.1,1.0000,-24.6579,0.4741,-6.5072,134.828,ppo_car_spread_a_sampling
0.7600,0.19655,0.0000,0.1713,-0.06648,0.06661,0.19761,-86.1,1.0000,-24.6588,0.4741,-6.5061,134.827,ppo_car_spread_a_sampling
0.7800,0.11608,0.0000,0.1713,-0.07313,0.07323,0.31400,-36.0,1.0000,-24.6599,0.4742,-6.5050,134.824,ppo_car_spread_a_sampling
0.8000,0.11608,0.0000,0.1713,-0.07985,0.07990,0.20507,-36.0,1.0000,-24.6610,0.4742,-6.5038,134.820,ppo_car_spread_a_sampling
0.8200,0.11608,0.0000,0.1713,-0.08265,0.08268,0.40599,-36.0,1.0000,-24.6621,0.4742,-6.5026,134.815,ppo_car_spread_a_sampling
0.8400,0.04466,0.0378,0.0000,-0.09809,0.09812,0.21223,-36.0,1.0000,-24.6635,0.4742,-6.5011,134.812,ppo_car_spread_a_sampling
0.8600,0.04466,0.0378,0.0000,-0.09230,0.09231,0.15944,19.8,1.0000,-24.6647,0.4742,-6.4998,134.810,ppo_car_spread_a_sampling
0.8800,0.04466,0.0378,0.0000,-0.08546,0.08546,0.28008,19.8,1.0000,-24.6659,0.4742,-6.4986,134.810,ppo_car_spread_a_sampling
0.9000,0.04466,0.0378,0.0000,-0.08728,0.08729,0.26926,19.8,1.0000,-24.6671,0.4742,-6.4974,134.812,ppo_car_spread_a_sampling
0.9200,-0.04359,0.0893,0.0000,-0.08249,0.08250,0.22580,19.8,1.0000,-24.6681,0.4742,-6.4963,134.813,ppo_car_spread_a_sampling
0.9400,-0.11023,0.0893,0.0000,-0.07847,0.07847,0.25681,46.9,1.0000,-24.6692,0.4742,-6.4952,134.814,ppo_car_spread_a_sampling
0.9600,-0.17421,0.0893,0.0000,-0.06995,0.06996,0.26499,46.9,1.0000,-24.6701,0.4742,-6.4943,134.817,ppo_car_spread_a_sampling
0.9800,-0.24039,0.0893,0.0000,-0.05328,0.05330,0.36741,46.9,1.0000,-24.6708,0.4741,-6.4936,134.814,ppo_car_spread_a_sampling
1.0000,-0.14651,0.2417,0.0000,-0.04340,0.04344,0.28976,46.9,1.0000,-24.6714,0.4741,-6.4931,134.813,ppo_car_spread_a_sampling
1.0200,-0.06715,0.2417,0.0000,-0.02096,0.02099,0.16173,126.9,1.0000,-24.6716,0.4741,-6.4929,134.813,ppo_car_spread_a_sampling
1.0400,-0.00347,0.2417,0.0000,0.00653,0.00654,0.30682,126.9,1.0000,-24.6714,0.4741,-6.4931,134.812,ppo_car_spread_a_sampling
1.0600,-0.00314,0.2417,0.0000,0.02426,0.02426,0.38145,126.9,1.0000,-24.6709,0.4741,-6.4935,134.809,ppo_car_spread_a_sampling
1.0800,-0.07703,0.0000,0.1510,0.05255,0.05255,0.22899,126.9,1.0000,-24.6701,0.4741,-6.4943,134.807,ppo_car_spread_a_sampling
1.1000,-0.17000,0.0000,0.1510,0.04263,0.04263,0.34764,-31.7,1.0000,-24.6694,0.4741,-6.4950,134.809,ppo_car_spread_a_sampling
1.1200,-0.20220,0.0000,0.1510,0.03986,0.03987,0.27948,-31.7,1.0000,-24.6687,0.4741,-6.4956,134.811,ppo_car_spread_a_sampling
1.1400,-0.20220,0.0000,0.1510,0.03385,0.03387,0.11731,-31.7,1.0000,-24.6682,0.4741,-6.4961,134.810,ppo_car_spread_a_sampling
1.1600,-0.10961,0.0000,0.0774,0.02402,0.02404,0.33719,-31.7,1.0000,-24.6678,0.4741,-6.4964,134.806,ppo_car_spread_a_sampling
1.1800,-0.05613,0.0000,0.0774,0.01863,0.01863,0.38157,-16.3,1.0000,-24.6675,0.4741,-6.4967,134.803,ppo_car_spread_a_sampling
1.2000,0.03149,0.0000,0.0774,0.01914,0.01914,0.31076,-16.3,1.0000,-24.6673,0.4741,-6.4969,134.805,ppo_car_spread_a_sampling
1.2200,0.10357,0.0000,0.0774,0.01799,0.01799,0.30428,-16.3,1.0000,-24.6670,0.4741,-6.4972,134.808,ppo_car_spread_a_sampling
1.2400,0.17019,0.0000,0.0820,0.01120,0.01121,0.29667,-16.3,1.0000,-24.6669,0.4741,-6.4973,134.808,ppo_car_spread_a_sampling
1.2600,0.17019,0.0000,0.0820,0.00758,0.00759,0.35301,-17.2,1.0000,-24.6668,0.4741,-6.4974,134.805,ppo_car_spread_a_sampling
1.2800,0.17019,0.0000,0.0820,0.01061,0.01062,0.28596,-17.2,1.0000,-24.6667,0.4741,-6.4975,134.805,ppo_car_spread_a_sampling
1.3000,0.17019,0.0000,0.0820,0.01163,0.01164,0.32570,-17.2,1.0000,-24.6666,0.4741,-6.4977,134.804,ppo_car_spread_a_sampling
1.3200,0.10731,0.1042,0.0000,0.00735,0.00736,0.34799,-17.2,1.0000,-24.6665,0.4741,-6.4977,134.807,ppo_car_spread_a_sampling
1.3400,0.04406,0.1042,0.0000,0.00718,0.00718,0.37702,54.7,1.0000,-24.6664,0.4741,-6.4978,134.808,ppo_car_spread_a_sampling
1.3600,-0.02161,0.1042,0.0000,0.02346,0.02346,0.29145,54.7,1.0000,-24.6661,0.4741,-6.4981,134.805,ppo_car_spread_a_sampling
1.3800,-0.02161,0.1042,0.0000,0.02636,0.02636,0.34046,54.7,1.0000,-24.6658,0.4741,-6.4985,134.803,ppo_car_spread_a_sampling
1.4000,-0.09400,0.4584,0.0000,0.04440,0.04440,0.21814,54.7,1.0000,-24.6651,0.4741,-6.4991,134.800,ppo_car_spread_a_sampling
1.4200,-0.17000,0.4584,0.0000,0.08362,0.08364,0.28727,240.7,1.0000,-24.6639,0.4741,-6.5003,134.801,ppo_car_spread_a_sampling
1.4400,-0.24400,0.4584,0.0000,0.13122,0.13129,0.25723,240.7,1.0000,-24.6619,0.4741,-6.5021,134.797,ppo_car_spread_a_sampling
1.4600,-0.32974,0.4584,0.0000,0.17307,0.17326,0.49066,240.7,1.0000,-24.6593,0.4741,-6.5045,134.788,ppo_car_spread_a_sampling
1.4800,-0.27593,0.0000,0.1943,0.21509,0.21553,0.44542,240.7,1.0000,-24.6560,0.4741,-6.5074,134.776,ppo_car_spread_a_sampling
1.5000,-0.18520,0.0000,0.1943,0.18845,0.18882,0.00000,0.0,1.0000,-24.6531,0.4741,-6.5099,134.769,ppo_car_spread_a_sampling
1.5200,-0.12112,0.0000,0.1943,0.00509,0.00860,0.00000,0.0,1.0000,-24.6530,0.4741,-6.5098,134.770,ppo_car_spread_a_sampling
1.5400,-0.03198,0.0000,0.1943,-0.00318,0.00386,0.24817,-40.8,1.0000,-24.6531,0.4741,-6.5096,134.772,ppo_car_spread_a_sampling
1.5600,-0.10199,0.2811,0.0000,-0.00828,0.00832,0.34909,-40.8,1.0000,-24.6533,0.4741,-6.5094,134.770,ppo_car_spread_a_sampling
1.5800,-0.17543,0.2811,0.0000,0.01378,0.01379,0.37830,147.6,1.0000,-24.6532,0.4741,-6.5096,134.770,ppo_car_spread_a_sampling
1.6000,-0.24925,0.2811,0.0000,0.04490,0.04494,0.21312,147.6,1.0000,-24.6526,0.4741,-6.5102,134.770,ppo_car_spread_a_sampling
1.6200,-0.32251,0.2811,0.0000,0.07930,0.07941,0.22530,147.6,1.0000,-24.6514,0.4741,-6.5112,134.767,ppo_car_spread_a_sampling
1.6400,-0.24659,0.2780,0.0000,0.09469,0.09491,0.42801,147.6,1.0000,-24.6499,0.4741,-6.5125,134.761,ppo_car_spread_a_sampling
1.6600,-0.19242,0.2780,0.0000,0.12593,0.12613,0.20200,145.9,1.0000,-24.6480,0.4741,-6.5142,134.753,ppo_car_spread_a_sampling
1.6800,-0.10730,0.2780,0.0000,0.14983,0.14999,0.50939,145.9,1.0000,-24.6457,0.4741,-6.5162,134.748,ppo_car_spread_a_sampling
1.7000,-0.02973,0.2780,0.0000,0.17412,0.17420,0.50753,145.9,1.0000,-24.6431,0.4741,-6.5186,134.744,ppo_car_spread_a_sampling
1.7200,-0.11096,0.0464,0.0000,0.19881,0.19883,0.54697,145.9,1.0000,-24.6402,0.4741,-6.5215,134.742,ppo_car_spread_a_sampling
1.7400,-0.18510,0.0464,0.0000,0.21386,0.21391,0.18502,24.4,1.0000,-24.6371,0.4741,-6.5245,134.737,ppo_car_spread_a_sampling
1.7600,-0.23986,0.0464,0.0000,0.21367,0.21379,0.42725,24.4,1.0000,-24.6339,0.4741,-6.5274,134.731,ppo_car_spread_a_sampling
1.7800,-0.32113,0.0464,0.0000,0.22052,0.22074,0.23331,24.4,1.0000,-24.6306,0.4741,-6.5304,134.722,ppo_car_spread_a_sampling
1.8000,-0.30906,0.1242,0.0000,0.22180,0.22220,0.51199,24.4,1.0000,-24.6272,0.4741,-6.5333,134.710,ppo_car_spread_a_sampling
1.8200,-0.30906,0.1242,0.0000,0.23537,0.23587,0.50556,65.2,1.0000,-24.6237,0.4741,-6.5364,134.698,ppo_car_spread_a_sampling
1.8400,-0.30906,0.1242,0.0000,0.24573,0.24626,0.41309,65.2,1.0000,-24.6199,0.4741,-6.5397,134.683,ppo_car_spread_a_sampling
1.8600,-0.30906,0.1242,0.0000,0.25612,0.25665,0.55326,65.2,1.0000,-24.6160,0.4741,-6.5430,134.667,ppo_car_spread_a_sampling
1.8800,-0.33148,0.0000,0.3058,0.26548,0.26605,0.53206,65.2,1.0000,-24.6120,0.4741,-6.5465,134.648,ppo_car_spread_a_sampling
1.9000,-0.33148,0.0000,0.3058,0.19089,0.19129,0.00000,0.0,1.0000,-24.6091,0.4741,-6.5490,134.638,ppo_car_spread_a_sampling
1.9200,-0.33148,0.0000,0.3058,0.00649,0.01049,0.00000,0.0,1.0000,-24.6091,0.4741,-6.5488,134.639,ppo_car_spread_a_sampling
1.9400,-0.33148,0.0000,0.3058,0.00102,0.00264,0.36940,-64.2,1.0000,-24.6092,0.4741,-6.5486,134.640,ppo_car_spread_a_sampling
1.9600,-0.40996,0.0000,0.1617,-0.01353,0.01353,0.24729,-64.2,1.0000,-24.6096,0.4741,-6.5483,134.641,ppo_car_spread_a_sampling
1.9800,-0.43139,0.0000,0.1617,-0.02188,0.02198,0.31713,-33.9,1.0000,-24.6100,0.4741,-6.5479,134.644,ppo_car_spread_a_sampling
2.0000,-0.43139,0.0000,0.1617,-0.03429,0.03438,0.31624,-33.9,1.0000,-24.6107,0.4741,-6.5474,134.645,ppo_car_spread_a_sampling
2.0200,-0.43139,0.0000,0.1617,-0.03486,0.03500,0.12022,-33.9,1.0000,-24.6113,0.4741,-6.5469,134.649,ppo_car_spread_a_sampling
2.0400,-0.37128,0.1033,0.0000,-0.04284,0.04298,0.23643,-33.9,1.0000,-24.6120,0.4741,-6.5463,134.651,ppo_car_spread_a_sampling
2.0600,-0.29337,0.1033,0.0000,-0.03213,0.03225,0.16571,54.2,1.0000,-24.6125,0.4741,-6.5459,134.655,ppo_car_spread_a_sampling
2.0800,-0.21036,0.1033,0.0000,-0.03013,0.03021,0.31172,54.2,1.0000,-24.6130,0.4741,-6.5455,134.658,ppo_car_spread_a_sampling
2.1000,-0.14803,0.1033,0.0000,-0.00975,0.00978,0.32805,54.2,1.0000,-24.6131,0.4741,-6.5454,134.662,ppo_car_spread_a_sampling
2.1200,-0.23715,0.9236,0.0000,-0.00981,0.00982,0.34224,54.2,1.0000,-24.6132,0.4741,-6.5453,134.663,ppo_car_spread_a_sampling
2.1400,-0.29684,0.9236,0.0000,0.09141,0.09153,0.19695,484.9,1.0000,-24.6118,0.4741,-6.5466,134.658,ppo_car_spread_a_sampling
2.1600,-0.34998,0.9236,0.0000,0.16918,0.16952,0.48075,484.9,1.0000,-24.6090,0.4741,-6.5490,134.649,ppo_car_spread_a_sampling
2.1800,-0.34998,0.9236,0.0000,0.25897,0.25966,0.53113,484.9,1.0000,-24.6049,0.4741,-6.5525,134.631,ppo_car_spread_a_sampling
2.2000,-0.26483,0.0000,0.2063,0.35259,0.35359,0.56204,484.9,1.0000,-24.5993,0.4741,-6.5573,134.607,ppo_car_spread_a_sampling
2.2200,-0.23151,0.0000,0.2063,0.23457,0.23508,0.53244,0.0,1.0000,-24.5956,0.4741,-6.5604,134.589,ppo_car_spread_a_sampling
2.2400,-0.23151,0.0000,0.2063,0.18974,0.19007,0.00000,0.0,1.0000,-24.5927,0.4741,-6.5629,134.579,ppo_car_spread_a_sampling
2.2600,-0.23151,0.0000,0.2063,0.00470,0.00860,0.00000,0.0,1.0000,-24.5926,0.4741,-6.5628,134.580,ppo_car_spread_a_sampling
2.2800,-0.30039,0.0000,0.4502,-0.00382,0.00433,0.16738,-43.3,1.0000,-24.5927,0.4741,-6.5626,134.580,ppo_car_spread_a_sampling
2.3000,-0.36581,0.0000,0.4502,-0.01772,0.01772,0.37471,-94.5,1.0000,-24.5931,0.4741,-6.5623,134.581,ppo_car_spread_a_sampling
2.3200,-0.36581,0.0000,0.4502,-0.03479,0.03490,0.28336,-94.5,1.0000,-24.5937,0.4741,-6.5618,134.585,ppo_car_spread_a_sampling
2.3400,-0.36581,0.0000,0.4502,-0.05444,0.05458,0.37647,-94.5,1.0000,-24.5946,0.4741,-6.5610,134.590,ppo_car_spread_a_sampling
2.3600,-0.32997,0.2407,0.0000,-0.07409,0.07429,0.33460,-94.5,1.0000,-24.5958,0.4741,-6.5600,134.596,ppo_car_spread_a_sampling
2.3800,-0.22240,0.2407,0.0000,-0.05361,0.05376,0.16247,126.4,1.0000,-24.5967,0.4741,-6.5593,134.599,ppo_car_spread_a_sampling
2.4000,-0.14920,0.2407,0.0000,-0.03271,0.03277,0.33989,126.4,1.0000,-24.5972,0.4741,-6.5588,134.599,ppo_car_spread_a_sampling
2.4200,-0.09557,0.2407,0.0000,-0.00857,0.00859,0.37354,126.4,1.0000,-24.5973,0.4741,-6.5587,134.600,ppo_car_spread_a_sampling
2.4400,-0.01608,0.5700,0.0000,0.01489,0.01489,0.40215,126.4,1.0000,-24.5971,0.4741,-6.5590,134.599,ppo_car_spread_a_sampling
2.4600,0.05012,0.5700,0.0000,0.07111,0.07111,0.36817,299.3,1.0000,-24.5960,0.4741,-6.5600,134.602,ppo_car_spread_a_sampling
2.4800,0.12867,0.5700,0.0000,0.13144,0.13144,0.51584,299.3,1.0000,-24.5941,0.4741,-6.5620,134.605,ppo_car_spread_a_sampling
2.5000,0.20135,0.5700,0.0000,0.19149,0.19154,0.07245,299.3,1.0000,-24.5913,0.4741,-6.5648,134.608,ppo_car_spread_a_sampling
2.5200,0.13257,0.2078,0.0000,0.23720,0.23737,0.58790,299.3,1.0000,-24.5879,0.4741,-6.5684,134.621,ppo_car_spread_a_sampling
2.5400,0.05780,0.2078,0.0000,0.25827,0.25840,0.57198,109.1,1.0000,-24.5842,0.4741,-6.5723,134.630,ppo_car_spread_a_sampling
2.5600,-0.01620,0.2078,0.0000,0.27668,0.27674,0.54965,109.1,1.0000,-24.5803,0.4741,-6.5764,134.634,ppo_car_spread_a_sampling
2.5800,-0.08181,0.2078,0.0000,0.29218,0.29218,0.60697,109.1,1.0000,-24.5761,0.4741,-6.5806,134.636,ppo_car_spread_a_sampling
2.6000,-0.00196,0.0000,0.0131,0.31552,0.31554,0.58585,109.1,1.0000,-24.5714,0.4741,-6.5850,134.632,ppo_car_spread_a_sampling
2.6200,-0.00196,0.0000,0.0131,0.19357,0.19357,0.00000,0.0,1.0000,-24.5687,0.4741,-6.5877,134.622,ppo_car_spread_a_sampling
2.6400,-0.00196,0.0000,0.0131,0.00720,0.00720,0.00000,0.0,1.0000,-24.5688,0.4741,-6.5876,134.623,ppo_car_spread_a_sampling
2.6600,-0.00196,0.0000,0.0131,0.00916,0.00916,0.15622,-2.8,1.0000,-24.5688,0.4741,-6.5876,134.623,ppo_car_spread_a_sampling
2.6800,0.05336,0.2996,0.0000,0.00936,0.00936,0.20022,-2.8,1.0000,-24.5687,0.4741,-6.5876,134.622,ppo_car_spread_a_sampling
2.7000,0.05336,0.2996,0.0000,0.03317,0.03318,0.26260,157.3,1.0000,-24.5684,0.4741,-6.5880,134.622,ppo_car_spread_a_sampling
2.7200,0.05336,0.2996,0.0000,0.06811,0.06812,0.22516,157.3,1.0000,-24.5674,0.4741,-6.5889,134.622,ppo_car_spread_a_sampling
2.7400,0.05336,0.2996,0.0000,0.09548,0.09549,0.18202,157.3,1.0000,-24.5661,0.4741,-6.5902,134.622,ppo_car_spread_a_sampling
2.7600,-0.03343,0.1754,0.0000,0.12217,0.12218,0.27822,157.3,1.0000,-24.5644,0.4741,-6.5920,134.621,ppo_car_spread_a_sampling
2.7800,-0.10145,0.1754,0.0000,0.13622,0.13622,0.37766,92.1,1.0000,-24.5625,0.4741,-6.5939,134.621,ppo_car_spread_a_sampling
2.8000,-0.16310,0.1754,0.0000,0.15690,0.15691,0.34335,92.1,1.0000,-24.5602,0.4741,-6.5961,134.621,ppo_car_spread_a_sampling
2.8200,-0.24326,0.1754,0.0000,0.17356,0.17364,0.45222,92.1,1.0000,-24.5576,0.4741,-6.5985,134.616,ppo_car_spread_a_sampling
2.8400,-0.15832,0.1335,0.0000,0.18842,0.18861,0.37229,92.1,1.0000,-24.5547,0.4741,-6.6010,134.609,ppo_car_spread_a_sampling
2.8600,-0.10329,0.1335,0.0000,0.20397,0.20413,0.49494,70.1,1.0000,-24.5517,0.4741,-6.6038,134.600,ppo_car_spread_a_sampling
2.8800,-0.10193,0.1335,0.0000,0.21840,0.21849,0.29172,70.1,1.0000,-24.5484,0.4741,-6.6068,134.595,ppo_car_spread_a_sampling
2.9000,-0.10193,0.1335,0.0000,0.23129,0.23136,0.36036,70.1,1.0000,-24.5450,0.4741,-6.6100,134.589,ppo_car_spread_a_sampling
2.9200,-0.16718,0.0515,0.0000,0.24292,0.24298,0.51288,70.1,1.0000,-24.5415,0.4741,-6.6134,134.581,ppo_car_spread_a_sampling
2.9400,-0.24213,0.0515,0.0000,0.24442,0.24454,0.52604,27.0,1.0000,-24.5378,0.4741,-6.6167,134.574,ppo_car_spread_a_sampling
2.9600,-0.31549,0.0515,0.0000,0.24414,0.24436,0.55212,27.0,1.0000,-24.5342,0.4741,-6.6200,134.566,ppo_car_spread_a_sampling
2.9800,-0.40130,0.0515,0.0000,0.25866,0.25911,0.15592,27.0,1.0000,-24.5303,0.4741,-6.6234,134.552,ppo_car_spread_a_sampling
3.0000,-0.47805,0.0000,0.0416,0.26394,0.26470,0.15843,27.0,1.0000,-24.5262,0.4741,-6.6268,134.534,ppo_car_spread_a_sampling
3.0200,-0.55183,0.0000,0.0416,0.19117,0.19178,0.00000,0.0,1.0000,-24.5233,0.4741,-6.6293,134.523,ppo_car_spread_a_sampling
3.0400,-0.61265,0.0000,0.0416,0.00578,0.01009,0.00000,0.0,1.0000,-24.5233,0.4741,-6.6290,134.524,ppo_car_spread_a_sampling
3.0600,-0.62643,0.0000,0.0416,0.00368,0.00440,0.15072,-8.7,1.0000,-24.5233,0.4741,-6.6289,134.524,ppo_car_spread_a_sampling
3.0800,-0.56915,0.2799,0.0000,0.00448,0.00449,0.36436,-8.7,1.0000,-24.5234,0.4741,-6.6289,134.526,ppo_car_spread_a_sampling
3.1000,-0.54444,0.2799,0.0000,0.02562,0.02588,0.35441,147.0,1.0000,-24.5230,0.4741,-6.6292,134.525,ppo_car_spread_a_sampling
3.1200,-0.54444,0.2799,0.0000,0.05483,0.05524,0.43483,147.0,1.0000,-24.5222,0.4741,-6.6298,134.515,ppo_car_spread_a_sampling
3.1400,-0.54444,0.2799,0.0000,0.08400,0.08463,0.23974,147.0,1.0000,-24.5209,0.4741,-6.6308,134.503,ppo_car_spread_a_sampling
3.1600,-0.47499,0.0000,0.1723,0.10680,0.10763,0.44785,147.0,1.0000,-24.5191,0.4741,-6.6322,134.493,ppo_car_spread_a_sampling
3.1800,-0.38182,0.0000,0.1723,0.12767,0.12846,0.00000,0.0,1.0000,-24.5171,0.4741,-6.6338,134.478,ppo_car_spread_a_sampling
3.2000,-0.37445,0.0000,0.1723,0.00226,0.00793,0.00000,0.0,1.0000,-24.5170,0.4741,-6.6336,134.478,ppo_car_spread_a_sampling
3.2200,-0.37445,0.0000,0.1723,-0.00639,0.00673,0.29902,-36.2,1.0000,-24.5171,0.4741,-6.6335,134.479,ppo_car_spread_a_sampling
3.2400,-0.42902,0.0722,0.0000,-0.00812,0.00818,0.33996,-36.2,1.0000,-24.5172,0.4741,-6.6334,134.481,ppo_car_spread_a_sampling
3.2600,-0.50864,0.0722,0.0000,-0.00028,0.00081,0.27213,37.9,1.0000,-24.5172,0.4741,-6.6334,134.479,ppo_car_spread_a_sampling
3.2800,-0.54513,0.0722,0.0000,0.00277,0.00290,0.25664,37.9,1.0000,-24.5172,0.4741,-6.6334,134.476,ppo_car_spread_a_sampling
3.3000,-0.54513,0.0722,0.0000,0.01067,0.01081,0.15079,37.9,1.0000,-24.5170,0.4741,-6.6336,134.476,ppo_car_spread_a_sampling
3.3200,-0.48851,0.2530,0.0000,0.02021,0.02038,0.32464,37.9,1.0000,-24.5166,0.4741,-6.6338,134.477,ppo_car_spread_a_sampling
3.3400,-0.40654,0.2530,0.0000,0.03941,0.03963,0.30144,132.8,1.0000,-24.5160,0.4741,-6.6344,134.472,ppo_car_spread_a_sampling
3.3600,-0.33393,0.2530,0.0000,0.06950,0.06981,0.23471,132.8,1.0000,-24.5148,0.4741,-6.6353,134.470,ppo_car_spread_a_sampling
3.3800,-0.25579,0.2530,0.0000,0.08807,0.08835,0.33650,132.8,1.0000,-24.5134,0.4741,-6.6365,134.466,ppo_car_spread_a_sampling
3.4000,-0.17783,0.1453,0.0000,0.11486,0.11507,0.25038,132.8,1.0000,-24.5116,0.4741,-6.6381,134.463,ppo_car_spread_a_sampling
3.4200,-0.10141,0.1453,0.0000,0.12815,0.12827,0.40617,76.3,1.0000,-24.5096,0.4741,-6.6399,134.458,ppo_car_spread_a_sampling
3.4400,-0.03256,0.1453,0.0000,0.14380,0.14387,0.39565,76.3,1.0000,-24.5074,0.4741,-6.6419,134.452,ppo_car_spread_a_sampling
3.4600,0.00558,0.1453,0.0000,0.15606,0.15607,0.45313,76.3,1.0000,-24.5051,0.4741,-6.6441,134.449,ppo_car_spread_a_sampling
3.4800,-0.06127,0.0000,0.1861,0.16923,0.16923,0.44663,76.3,1.0000,-24.5026,0.4741,-6.6466,134.450,ppo_car_spread_a_sampling
3.5000,-0.12925,0.0000,0.1861,0.18488,0.18488,0.00000,0.0,1.0000,-24.4999,0.4741,-6.6492,134.446,ppo_car_spread_a_sampling
3.5200,-0.21013,0.0000,0.1861,0.00487,0.00545,0.00000,0.0,1.0000,-24.4999,0.4741,-6.6491,134.447,ppo_car_spread_a_sampling
3.5400,-0.24230,0.0000,0.1861,0.00225,0.00241,0.31189,-39.1,1.0000,-24.4999,0.4741,-6.6491,134.449,ppo_car_spread_a_sampling
3.5600,-0.32274,0.0000,0.4483,-0.00701,0.00701,0.24042,-39.1,1.0000,-24.5001,0.4741,-6.6489,134.447,ppo_car_spread_a_sampling
3.5800,-0.39657,0.0000,0.4483,-0.02777,0.02788,0.39424,-94.1,1.0000,-24.5006,0.4741,-6.6485,134.448,ppo_car_spread_a_sampling
3.6000,-0.40133,0.0000,0.4483,-0.04489,0.04508,0.22285,-94.1,1.0000,-24.5013,0.4741,-6.6478,134.453,ppo_car_spread_a_sampling
3.6200,-0.40133,0.0000,0.4483,-0.05510,0.05534,0.44033,-94.1,1.0000,-24.5023,0.4741,-6.6471,134.458,ppo_car_spread_a_sampling
3.6400,-0.32860,0.1792,0.0000,-0.07328,0.07353,0.40101,-94.1,1.0000,-24.5035,0.4741,-6.6461,134.463,ppo_car_spread_a_sampling
3.6600,-0.27358,0.1792,0.0000,-0.06254,0.06272,0.20564,94.1,1.0000,-24.5045,0.4741,-6.6452,134.464,ppo_car_spread_a_sampling
3.6800,-0.19542,0.1792,0.0000,-0.05231,0.05242,0.31269,94.1,1.0000,-24.5053,0.4741,-6.6445,134.468,ppo_car_spread_a_sampling
3.7000,-0.15212,0.1792,0.0000,-0.02933,0.02939,0.13844,94.1,1.0000,-24.5057,0.4741,-6.6442,134.470,ppo_car_spread_a_sampling
3.7200,-0.21143,0.0943,0.0000,-0.01490,0.01493,0.35893,94.1,1.0000,-24.5059,0.4741,-6.6440,134.470,ppo_car_spread_a_sampling
3.7400,-0.25755,0.0943,0.0000,0.00032,0.00046,0.27338,49.5,1.0000,-24.5059,0.4741,-6.6440,134.470,ppo_car_spread_a_sampling
3.7600,-0.25755,0.0943,0.0000,0.00177,0.00177,0.36421,49.5,1.0000,-24.5058,0.4741,-6.6441,134.467,ppo_car_spread_a_sampling
3.7800,-0.25755,0.0943,0.0000,0.01358,0.01360,0.30524,49.5,1.0000,-24.5056,0.4741,-6.6443,134.467,ppo_car_spread_a_sampling
3.8000,-0.35172,0.0000,0.1372,0.03365,0.03370,0.30166,49.5,1.0000,-24.5050,0.4741,-6.6448,134.465,ppo_car_spread_a_sampling
3.8200,-0.37202,0.0000,0.1372,0.02740,0.02745,0.28843,-28.8,1.0000,-24.5045,0.4741,-6.6451,134.463,ppo_car_spread_a_sampling
3.8400,-0.37202,0.0000,0.1372,0.01260,0.01263,0.32359,-28.8,1.0000,-24.5043,0.4741,-6.6453,134.463,ppo_car_spread_a_sampling
3.8600,-0.37202,0.0000,0.1372,0.00839,0.00841,0.29427,-28.8,1.0000,-24.5042,0.4741,-6.6455,134.466,ppo_car_spread_a_sampling
3.8800,-0.30609,0.0000,0.5918,0.01020,0.01026,0.35228,-28.8,1.0000,-24.5040,0.4741,-6.6456,134.465,ppo_car_spread_a_sampling
3.9000,-0.22480,0.0000,0.5918,-0.01535,0.01538,0.40529,-124.3,1.0000,-24.5042,0.4741,-6.6454,134.472,ppo_car_spread_a_sampling
3.9200,-0.20036,0.0000,0.5918,-0.04220,0.04226,0.19894,-124.3,1.0000,-24.5049,0.4741,-6.6448,134.473,ppo_car_spread_a_sampling
3.9400,-0.20036,0.0000,0.5918,-0.06577,0.06585,0.20945,-124.3,1.0000,-24.5059,0.4741,-6.6439,134.474,ppo_car_spread_a_sampling
3.9600,-0.27060,0.2453,0.0000,-0.08839,0.08847,0.20386,-124.3,1.0000,-24.5072,0.4741,-6.6427,134.478,ppo_car_spread_a_sampling
3.9800,-0.27060,0.2453,0.0000,-0.06629,0.06638,0.09655,128.8,1.0000,-24.5083,0.4741,-6.6418,134.482,ppo_car_spread_a_sampling
4.0000,-0.27060,0.2453,0.0000,-0.03694,0.03700,0.26063,128.8,1.0000,-24.5088,0.4741,-6.6413,134.483,ppo_car_spread_a_sampling
4.0200,-0.27060,0.2453,0.0000,-0.01620,0.01625,0.31890,128.8,1.0000,-24.5090,0.4741,-6.6411,134.486,ppo_car_spread_a_sampling
4.0400,-0.33720,0.1584,0.0000,0.01040,0.01042,0.32077,128.8,1.0000,-24.5088,0.4741,-6.6413,134.480,ppo_car_spread_a_sampling
4.0600,-0.41321,0.1584,0.0000,0.02159,0.02165,0.23125,83.2,1.0000,-24.5085,0.4741,-6.6416,134.478,ppo_car_spread_a_sampling
4.0800,-0.41994,0.1584,0.0000,0.04400,0.04413,0.26748,83.2,1.0000,-24.5077,0.4741,-6.6422,134.475,ppo_car_spread_a_sampling
4.1000,-0.41994,0.1584,0.0000,0.05338,0.05358,0.31527,83.2,1.0000,-24.5068,0.4741,-6.6429,134.468,ppo_car_spread_a_sampling
4.1200,-0.39084,0.0585,0.0000,0.06239,0.06263,0.41459,83.2,1.0000,-24.5058,0.4741,-6.6438,134.464,ppo_car_spread_a_sampling
4.1400,-0.29397,0.0585,0.0000,0.07881,0.07911,0.22751,30.7,1.0000,-24.5046,0.4741,-6.6448,134.461,ppo_car_spread_a_sampling
4.1600,-0.22351,0.0585,0.0000,0.08116,0.08138,0.17349,30.7,1.0000,-24.5033,0.4741,-6.6459,134.454,ppo_car_spread_a_sampling
4.1800,-0.12956,0.0585,0.0000,0.08855,0.08869,0.14877,30.7,1.0000,-24.5019,0.4741,-6.6471,134.448,ppo_car_spread_a_sampling
4.2000,-0.17819,0.0000,0.0845,0.08705,0.08711,0.43740,30.7,1.0000,-24.5006,0.4741,-6.6483,134.445,ppo_car_spread_a_sampling
4.2200,-0.17819,0.0000,0.0845,0.08773,0.08780,0.28223,-17.8,1.0000,-24.4993,0.4741,-6.6494,134.441,ppo_car_spread_a_sampling
4.2400,-0.17819,0.0000,0.0845,0.08747,0.08754,0.35184,-17.8,1.0000,-24.4980,0.4741,-6.6506,134.440,ppo_car_spread_a_sampling
4.2600,-0.17819,0.0000,0.0845,0.08324,0.08330,0.15123,-17.8,1.0000,-24.4968,0.4741,-6.6517,134.439,ppo_car_spread_a_sampling
4.2800,-0.13326,0.0000,0.0049,0.08465,0.08471,0.20586,-17.8,1.0000,-24.4956,0.4741,-6.6529,134.436,ppo_car_spread_a_sampling
4.3000,-0.13326,0.0000,0.0049,0.07875,0.07880,0.23671,-1.0,1.0000,-24.4944,0.4741,-6.6539,134.435,ppo_car_spread_a_sampling
4.3200,-0.13326,0.0000,0.0049,0.07794,0.07798,0.16498,-1.0,1.0000,-24.4933,0.4741,-6.6550,134.434,ppo_car_spread_a_sampling
4.3400,-0.13326,0.0000,0.0049,0.07983,0.07986,0.24052,-1.0,1.0000,-24.4922,0.4741,-6.6560,134.430,ppo_car_spread_a_sampling
4.3600,-0.05532,0.0000,0.1266,0.07465,0.07468,0.42501,-1.0,1.0000,-24.4911,0.4741,-6.6570,134.427,ppo_car_spread_a_sampling
4.3800,0.01189,0.0000,0.1266,0.07337,0.07338,0.35110,-26.6,1.0000,-24.4901,0.4741,-6.6580,134.430,ppo_car_spread_a_sampling
4.4000,0.09576,0.0000,0.1266,0.07065,0.07065,0.23606,-26.6,1.0000,-24.4891,0.4741,-6.6590,134.428,ppo_car_spread_a_sampling
4.4200,0.17501,0.0000,0.1266,0.07142,0.07142,0.25678,-26.6,1.0000,-24.4881,0.4741,-6.6599,134.428,ppo_car_spread_a_sampling
4.4400,0.23077,0.0000,0.0028,0.05962,0.05965,0.25925,-26.6,1.0000,-24.4873,0.4741,-6.6608,134.431,ppo_car_spread_a_sampling
4.4600,0.31267,0.0000,0.0028,0.06279,0.06285,0.27227,-0.6,1.0000,-24.4865,0.4741,-6.6617,134.431,ppo_car_spread_a_sampling
4.4800,0.33142,0.0000,0.0028,0.05809,0.05818,0.24724,-0.6,1.0000,-24.4857,0.4741,-6.6625,134.432,ppo_car_spread_a_sampling
4.5000,0.33142,0.0000,0.0028,0.05853,0.05868,0.42058,-0.6,1.0000,-24.4850,0.4741,-6.6634,134.434,ppo_car_spread_a_sampling
4.5200,0.40277,0.7248,0.0000,0.05508,0.05520,0.34933,-0.6,1.0000,-24.4843,0.4741,-6.6642,134.437,ppo_car_spread_a_sampling
4.5400,0.45832,0.7248,0.0000,0.12368,0.12416,0.49340,380.5,1.0000,-24.4826,0.4741,-6.6661,134.446,ppo_car_spread_a_sampling
4.5600,0.45832,0.7248,0.0000,0.20063,0.20155,0.13638,380.5,1.0000,-24.4800,0.4741,-6.6693,134.463,ppo_car_spread_a_sampling
4.5800,0.45832,0.7248,0.0000,0.26694,0.26824,0.30664,380.5,1.0000,-24.4764,0.4741,-6.6736,134.487,ppo_car_spread_a_sampling
4.6000,0.36238,0.0000,0.2400,0.33347,0.33510,0.64399,380.5,1.0000,-24.4721,0.4741,-6.6789,134.517,ppo_car_spread_a_sampling
4.6200,0.30031,0.0000,0.2400,0.19605,0.19674,0.00000,0.0,1.0000,-24.4695,0.4741,-6.6818,134.535,ppo_car_spread_a_sampling
4.6400,0.21152,0.0000,0.2400,0.05090,0.05099,0.00000,0.0,1.0000,-24.4689,0.4741,-6.6825,134.611,ppo_car_spread_a_sampling
4.6600,0.15742,0.0000,0.2400,0.05004,0.05013,0.33013,-50.4,1.0000,-24.4683,0.4741,-6.6832,134.634,ppo_car_spread_a_sampling
4.6800,0.07885,0.0000,0.1389,0.03594,0.03599,0.10500,-50.4,1.0000,-24.4679,0.4741,-6.6836,134.644,ppo_car_spread_a_sampling
4.7000,0.00413,0.0000,0.1389,0.03415,0.03417,0.32118,-29.2,1.0000,-24.4675,0.4741,-6.6840,134.649,ppo_car_spread_a_sampling
4.7200,-0.07458,0.0000,0.1389,0.02071,0.02072,0.23848,-29.2,1.0000,-24.4672,0.4741,-6.6842,134.649,ppo_car_spread_a_sampling
4.7400,-0.14990,0.0000,0.1389,0.02209,0.02209,0.21940,-29.2,1.0000,-24.4670,0.4741,-6.6845,134.647,ppo_car_spread_a_sampling
4.7600,-0.08836,0.2548,0.0000,0.01212,0.01212,0.37177,-29.2,1.0000,-24.4668,0.4741,-6.6846,134.645,ppo_car_spread_a_sampling
4.7800,-0.05144,0.2548,0.0000,0.03527,0.03527,0.39555,133.8,1.0000,-24.4663,0.4741,-6.6850,134.643,ppo_car_spread_a_sampling
4.8000,-0.05144,0.2548,0.0000,0.05891,0.05891,0.23560,133.8,1.0000,-24.4654,0.4741,-6.6859,134.642,ppo_car_spread_a_sampling
4.8200,-0.05144,0.2548,0.0000,0.08669,0.08670,0.41171,133.8,1.0000,-24.4642,0.4741,-6.6871,134.642,ppo_car_spread_a_sampling
4.8400,-0.12212,0.0803,0.0000,0.11016,0.11016,0.28458,133.8,1.0000,-24.4625,0.4741,-6.6886,134.640,ppo_car_spread_a_sampling
4.8600,-0.20306,0.0803,0.0000,0.12362,0.12365,0.16553,42.2,1.0000,-24.4607,0.4741,-6.6904,134.638,ppo_car_spread_a_sampling
4.8800,-0.21503,0.0803,0.0000,0.11860,0.11867,0.45106,42.2,1.0000,-24.4589,0.4741,-6.6920,134.632,ppo_car_spread_a_sampling
4.9000,-0.21503,0.0803,0.0000,0.12646,0.12656,0.46573,42.2,1.0000,-24.4570,0.4741,-6.6937,134.628,ppo_car_spread_a_sampling
4.9200,-0.14667,0.0000,0.7676,0.14079,0.14094,0.38667,42.2,1.0000,-24.4548,0.4741,-6.6957,134.620,ppo_car_spread_a_sampling
4.9400,-0.14667,0.0000,0.7676,0.15164,0.15173,0.00000,0.0,1.0000,-24.4525,0.4741,-6.6978,134.618,ppo_car_spread_a_sampling
4.9600,-0.14667,0.0000,0.7676,0.00386,0.00533,0.00000,0.0,1.0000,-24.4525,0.4741,-6.6977,134.619,ppo_car_spread_a_sampling
4.9800,-0.14667,0.0000,0.7676,-0.02531,0.02531,0.18252,-161.2,1.0000,-24.4529,0.4741,-6.6973,134.620,ppo_car_spread_a_sampling
5.0000,-0.27066,0.0000,0.0489,-0.05673,0.05675,0.25484,-161.2,1.0000,-24.4538,0.4741,-6.6964,134.625,ppo_car_spread_a_sampling
5.0200,-0.32571,0.0000,0.0489,-0.04993,0.04998,0.41665,-10.3,1.0000,-24.4547,0.4741,-6.6957,134.630,ppo_car_spread_a_sampling
5.0400,-0.42059,0.0000,0.0489,-0.05780,0.05792,0.32938,-10.3,1.0000,-24.4556,0.4741,-6.6949,134.636,ppo_car_spread_a_sampling
5.0600,-0.49415,0.0000,0.0489,-0.06599,0.06624,0.24050,-10.3,1.0000,-24.4567,0.4741,-6.6940,134.639,ppo_car_spread_a_sampling
5.0800,-0.42548,0.0000,0.0508,-0.06516,0.06549,0.23963,-10.3,1.0000,-24.4577,0.4741,-6.6932,134.645,ppo_car_spread_a_sampling
5.1000,-0.34469,0.0000,0.0508,-0.06079,0.06106,0.40699,-10.7,1.0000,-24.4587,0.4741,-6.6924,134.650,ppo_car_spread_a_sampling
5.1200,-0.27964,0.0000,0.0508,-0.05895,0.05916,0.41058,-10.7,1.0000,-24.4596,0.4741,-6.6917,134.653,ppo_car_spread_a_sampling
5.1400,-0.21799,0.0000,0.0508,-0.06861,0.06878,0.32997,-10.7,1.0000,-24.4606,0.4741,-6.6908,134.656,ppo_car_spread_a_sampling
5.1600,-0.30283,0.4222,0.0000,-0.06394,0.06403,0.40733,-10.7,1.0000,-24.4616,0.4741,-6.6900,134.660,ppo_car_spread_a_sampling
5.1800,-0.37783,0.4222,0.0000,-0.03148,0.03154,0.33263,221.7,1.0000,-24.4620,0.4741,-6.6896,134.658,ppo_car_spread_a_sampling
5.2000,-0.46000,0.4222,0.0000,0.01039,0.01043,0.28175,221.7,1.0000,-24.4618,0.4741,-6.6898,134.659,ppo_car_spread_a_sampling
5.2200,-0.51650,0.4222,0.0000,0.04748,0.04783,0.43064,221.7,1.0000,-24.4609,0.4741,-6.6904,134.653,ppo_car_spread_a_sampling
5.2400,-0.43930,0.1925,0.0000,0.09337,0.09392,0.26448,221.7,1.0000,-24.4594,0.4741,-6.6917,134.641,ppo_car_spread_a_sampling
5.2600,-0.35585,0.1925,0.0000,0.11392,0.11450,0.14892,101.1,1.0000,-24.4575,0.4741,-6.6932,134.633,ppo_car_spread_a_sampling
5.2800,-0.28171,0.1925,0.0000,0.12394,0.12437,0.41681,101.1,1.0000,-24.4555,0.4741,-6.6949,134.622,ppo_car_spread_a_sampling
5.3000,-0.21227,0.1925,0.0000,0.14767,0.14801,0.29454,101.1,1.0000,-24.4531,0.4741,-6.6969,134.612,ppo_car_spread_a_sampling
5.3200,-0.13840,0.0000,0.2341,0.16771,0.16794,0.23274,101.1,1.0000,-24.4505,0.4741,-6.6992,134.604,ppo_car_spread_a_sampling
5.3400,-0.06793,0.0000,0.2341,0.17433,0.17446,0.00000,0.0,1.0000,-24.4479,0.4741,-6.7016,134.597,ppo_car_spread_a_sampling
5.3600,-0.06194,0.0000,0.2341,0.00452,0.00574,0.00000,0.0,1.0000,-24.4479,0.4741,-6.7015,134.597,ppo_car_spread_a_sampling
5.3800,-0.06194,0.0000,0.2341,0.00240,0.00267,0.37262,-49.2,1.0000,-24.4479,0.4741,-6.7015,134.595,ppo_car_spread_a_sampling
5.4000,-0.13293,0.5286,0.0000,-0.01354,0.01354,0.36979,-49.2,1.0000,-24.4482,0.4741,-6.7012,134.594,ppo_car_spread_a_sampling
5.4200,-0.23294,0.5286,0.0000,0.03924,0.03926,0.24566,277.5,1.0000,-24.4476,0.4741,-6.7018,134.596,ppo_car_spread_a_sampling
5.4400,-0.30125,0.5286,0.0000,0.09243,0.09253,0.16429,277.5,1.0000,-24.4462,0.4741,-6.7030,134.593,ppo_car_spread_a_sampling
5.4600,-0.36305,0.5286,0.0000,0.13292,0.13318,0.45237,277.5,1.0000,-24.4442,0.4741,-6.7048,134.586,ppo_car_spread_a_sampling
5.4800,-0.29597,0.3726,0.0000,0.19453,0.19507,0.07510,277.5,1.0000,-24.4411,0.4741,-6.7073,134.573,ppo_car_spread_a_sampling
5.5000,-0.24962,0.3726,0.0000,0.22104,0.22157,0.53519,195.6,1.0000,-24.4377,0.4741,-6.7103,134.559,ppo_car_spread_a_sampling
5.5200,-0.24962,0.3726,0.0000,0.25770,0.25815,0.52398,195.6,1.0000,-24.4338,0.4741,-6.7137,134.544,ppo_car_spread_a_sampling
5.5400,-0.24962,0.3726,0.0000,0.29467,0.29513,0.62045,195.6,1.0000,-24.4292,0.4741,-6.7177,134.532,ppo_car_spread_a_sampling
5.5600,-0.17598,0.0000,0.0216,0.33051,0.33100,0.63162,195.6,1.0000,-24.4242,0.4741,-6.7221,134.515,ppo_car_spread_a_sampling
5.5800,-0.10302,0.0000,0.0216,0.23545,0.23571,0.12961,0.0,1.0000,-24.4207,0.4741,-6.7253,134.503,ppo_car_spread_a_sampling
5.6000,-0.02219,0.0000,0.0216,0.19347,0.19359,0.00000,0.0,1.0000,-24.4179,0.4741,-6.7278,134.501,ppo_car_spread_a_sampling
5.6200,0.06428,0.0000,0.0216,0.00755,0.00817,0.00000,0.0,1.0000,-24.4180,0.4741,-6.7277,134.502,ppo_car_spread_a_sampling
5.6400,0.02311,0.0485,0.0000,0.00844,0.00850,0.29664,-4.5,1.0000,-24.4180,0.4741,-6.7277,134.501,ppo_car_spread_a_sampling
5.6600,0.02311,0.0485,0.0000,0.01094,0.01095,0.30743,25.5,1.0000,-24.4180,0.4741,-6.7277,134.499,ppo_car_spread_a_sampling
5.6800,0.02311,0.0485,0.0000,0.01537,0.01537,0.36373,25.5,1.0000,-24.4179,0.4741,-6.7278,134.502,ppo_car_spread_a_sampling
5.7000,0.02311,0.0485,0.0000,0.01475,0.01475,0.37867,25.5,1.0000,-24.4177,0.4741,-6.7280,134.502,ppo_car_spread_a_sampling
5.7200,0.00799,0.0000,0.2670,0.02425,0.02425,0.19287,25.5,1.0000,-24.4175,0.4741,-6.7283,134.504,ppo_car_spread_a_sampling
5.7400,0.00799,0.0000,0.2670,0.01615,0.01616,0.13156,-56.1,1.0000,-24.4173,0.4741,-6.7285,134.506,ppo_car_spread_a_sampling
5.7600,0.00799,0.0000,0.2670,0.00495,0.00495,0.36240,-56.1,1.0000,-24.4172,0.4741,-6.7285,134.506,ppo_car_spread_a_sampling
5.7800,0.00799,0.0000,0.2670,-0.00493,0.00493,0.36677,-56.1,1.0000,-24.4174,0.4741,-6.7284,134.507,ppo_car_spread_a_sampling
5.8000,-0.08588,0.7074,0.0000,-0.01319,0.01319,0.37595,-56.1,1.0000,-24.4176,0.4741,-6.7282,134.504,ppo_car_spread_a_sampling
5.8200,-0.09836,0.7074,0.0000,0.04707,0.04708,0.43537,371.4,1.0000,-24.4168,0.4741,-6.7289,134.502,ppo_car_spread_a_sampling
5.8400,-0.09836,0.7074,0.0000,0.12098,0.12101,0.41038,371.4,1.0000,-24.4150,0.4741,-6.7306,134.497,ppo_car_spread_a_sampling
5.8600,-0.09836,0.7074,0.0000,0.19033,0.19037,0.35047,371.4,1.0000,-24.4121,0.4741,-6.7333,134.491,ppo_car_spread_a_sampling
5.8800,-0.04314,0.0000,0.2115,0.25703,0.25709,0.37548,371.4,1.0000,-24.4082,0.4741,-6.7370,134.486,ppo_car_spread_a_sampling
5.9000,0.03387,0.0000,0.2115,0.19405,0.19407,0.00000,0.0,1.0000,-24.4053,0.4741,-6.7398,134.482,ppo_car_spread_a_sampling
5.9200,0.03387,0.0000,0.2115,0.00455,0.00459,0.00000,0.0,1.0000,-24.4053,0.4741,-6.7397,134.483,ppo_car_spread_a_sampling
5.9400,0.03387,0.0000,0.2115,-0.00188,0.00189,0.31475,-44.4,1.0000,-24.4054,0.4741,-6.7397,134.484,ppo_car_spread_a_sampling
5.9600,-0.05036,0.5635,0.0000,-0.01212,0.01212,0.30009,-44.4,1.0000,-24.4056,0.4741,-6.7394,134.485,ppo_car_spread_a_sampling
5.9800,-0.12745,0.5635,0.0000,0.04110,0.04110,0.18347,295.8,1.0000,-24.4050,0.4741,-6.7400,134.485,ppo_car_spread_a_sampling
6.0000,-0.20837,0.5635,0.0000,0.09655,0.09658,0.48377,295.8,1.0000,-24.4035,0.4741,-6.7414,134.480,ppo_car_spread_a_sampling
6.0200,-0.26103,0.5635,0.0000,0.14987,0.14999,0.27599,295.8,1.0000,-24.4012,0.4741,-6.7434,134.475,ppo_car_spread_a_sampling
6.0400,-0.18228,0.9041,0.0000,0.20262,0.20289,0.56885,295.8,1.0000,-24.3981,0.4741,-6.7462,134.466,ppo_car_spread_a_sampling
6.0600,-0.10151,0.9041,0.0000,0.28579,0.28605,0.66327,474.7,1.0000,-24.3937,0.4741,-6.7501,134.454,ppo_car_spread_a_sampling
6.0800,-0.02349,0.9041,0.0000,0.38260,0.38275,0.34039,474.7,1.0000,-24.3879,0.4741,-6.7555,134.444,ppo_car_spread_a_sampling
6.1000,-0.00487,0.9041,0.0000,0.46513,0.46517,0.66916,474.7,1.0000,-24.3810,0.4741,-6.7621,134.440,ppo_car_spread_a_sampling
6.1200,0.07390,0.0000,0.5268,0.55257,0.55258,0.66216,474.7,1.0000,-24.3729,0.4741,-6.7700,134.437,ppo_car_spread_a_sampling
6.1400,0.15111,0.0000,0.5268,0.41884,0.41884,0.22383,0.0,1.0000,-24.3669,0.4741,-6.7759,134.437,ppo_car_spread_a_sampling
6.1600,0.20520,0.0000,0.5268,0.25266,0.25266,0.41185,0.0,1.0000,-24.3633,0.4741,-6.7794,134.437,ppo_car_spread_a_sampling
6.1800,0.27753,0.0000,0.5268,0.19451,0.19455,0.00000,0.0,1.0000,-24.3607,0.4741,-6.7820,134.442,ppo_car_spread_a_sampling
6.2000,0.20059,0.0000,0.2604,0.00872,0.00988,0.00000,0.0,1.0000,-24.3610,0.4741,-6.7820,134.444,ppo_car_spread_a_sampling
6.2200,0.14567,0.0000,0.2604,0.00166,0.00193,0.38110,-54.7,1.0000,-24.3612,0.4741,-6.7818,134.443,ppo_car_spread_a_sampling
6.2400,0.06360,0.0000,0.2604,-0.01473,0.01473,0.23562,-54.7,1.0000,-24.3616,0.4741,-6.7814,134.441,ppo_car_spread_a_sampling
6.2600,0.04784,0.0000,0.2604,-0.01749,0.01749,0.41995,-54.7,1.0000,-24.3620,0.4741,-6.7810,134.442,ppo_car_spread_a_sampling
6.2800,-0.03042,0.0000,0.4160,-0.03427,0.03427,0.25315,-54.7,1.0000,-24.3626,0.4741,-6.7804,134.440,ppo_car_spread_a_sampling
6.3000,-0.06784,0.0000,0.4160,-0.04550,0.04550,0.37697,-87.4,1.0000,-24.3633,0.4741,-6.7797,134.441,ppo_car_spread_a_sampling
6.3200,-0.06784,0.0000,0.4160,-0.06705,0.06705,0.19039,-87.4,1.0000,-24.3644,0.4741,-6.7786,134.444,ppo_car_spread_a_sampling
6.3400,-0.06784,0.0000,0.4160,-0.08043,0.08044,0.22397,-87.4,1.0000,-24.3657,0.4741,-6.7775,134.445,ppo_car_spread_a_sampling
6.3600,-0.13723,0.3212,0.0000,-0.09305,0.09305,0.47544,-87.4,1.0000,-24.3671,0.4741,-6.7761,134.442,ppo_car_spread_a_sampling
6.3800,-0.21717,0.3212,0.0000,-0.06313,0.06314,0.36782,168.6,1.0000,-24.3680,0.4741,-6.7752,134.443,ppo_car_spread_a_sampling
6.4000,-0.26856,0.3212,0.0000,-0.03408,0.03411,0.27356,168.6,1.0000,-24.3685,0.4741,-6.7748,134.447,ppo_car_spread_a_sampling
6.4200,-0.34878,0.3212,0.0000,-0.00923,0.00923,0.35954,168.6,1.0000,-24.3686,0.4741,-6.7747,134.446,ppo_car_spread_a_sampling
6.4400,-0.40426,0.0280,0.0000,0.02877,0.02885,0.31107,168.6,1.0000,-24.3680,0.4741,-6.7752,134.446,ppo_car_spread_a_sampling
6.4600,-0.40426,0.0280,0.0000,0.02411,0.02418,0.34575,14.7,1.0000,-24.3676,0.4741,-6.7756,134.444,ppo_car_spread_a_sampling
6.4800,-0.40426,0.0280,0.0000,0.03664,0.03678,0.22773,14.7,1.0000,-24.3669,0.4741,-6.7761,134.442,ppo_car_spread_a_sampling
6.5000,-0.40426,0.0280,0.0000,0.03217,0.03226,0.33223,14.7,1.0000,-24.3663,0.4741,-6.7766,134.442,ppo_car_spread_a_sampling
6.5200,-0.47024,0.7876,0.0000,0.03726,0.03739,0.37041,14.7,1.0000,-24.3657,0.4741,-6.7771,134.442,ppo_car_spread_a_sampling
6.5400,-0.51607,0.7876,0.0000,0.11910,0.11972,0.07880,413.5,1.0000,-24.3637,0.4741,-6.7787,134.432,ppo_car_spread_a_sampling
6.5600,-0.51607,0.7876,0.0000,0.18478,0.18598,0.56343,413.5,1.0000,-24.3606,0.4741,-6.7812,134.416,ppo_car_spread_a_sampling
6.5800,-0.51607,0.7876,0.0000,0.26288,0.26453,0.43329,413.5,1.0000,-24.3562,0.4741,-6.7846,134.389,ppo_car_spread_a_sampling
6.6000,-0.57406,0.0000,0.2312,0.33677,0.33892,0.62364,413.5,1.0000,-24.3506,0.4741,-6.7889,134.354,ppo_car_spread_a_sampling
6.6200,-0.65704,0.0000,0.2312,0.20499,0.20596,0.00000,0.0,1.0000,-24.3474,0.4741,-6.7915,134.328,ppo_car_spread_a_sampling
6.6400,-0.72278,0.0000,0.2312,0.04057,0.04294,0.00000,0.0,1.0000,-24.3471,0.4741,-6.7922,134.260,ppo_car_spread_a_sampling
6.6600,-0.72626,0.0000,0.2312,0.03991,0.03995,0.31749,-48.6,1.0000,-24.3465,0.4741,-6.7927,134.237,ppo_car_spread_a_sampling
6.6800,-0.64175,0.2129,0.0000,0.02450,0.02462,0.18568,-48.6,1.0000,-24.3462,0.4741,-6.7929,134.228,ppo_car_spread_a_sampling
6.7000,-0.57441,0.2129,0.0000,0.04665,0.04704,0.36080,111.8,1.0000,-24.3455,0.4741,-6.7934,134.223,ppo_car_spread_a_sampling
6.7200,-0.49604,0.2129,0.0000,0.07277,0.07340,0.14819,111.8,1.0000,-24.3444,0.4741,-6.7943,134.214,ppo_car_spread_a_sampling
6.7400,-0.42049,0.2129,0.0000,0.09065,0.09121,0.34595,111.8,1.0000,-24.3430,0.4741,-6.7954,134.205,ppo_car_spread_a_sampling
6.7600,-0.49070,0.0000,0.1191,0.11035,0.11086,0.39130,111.8,1.0000,-24.3413,0.4741,-6.7968,134.198,ppo_car_spread_a_sampling
6.7800,-0.57068,0.0000,0.1191,0.11838,0.11910,0.00000,0.0,1.0000,-24.3394,0.4741,-6.7982,134.184,ppo_car_spread_a_sampling
6.8000,-0.57933,0.0000,0.1191,0.00293,0.00711,0.00000,0.0,1.0000,-24.3394,0.4741,-6.7981,134.184,ppo_car_spread_a_sampling
6.8200,-0.57933,0.0000,0.1191,-0.00548,0.00570,0.22540,-25.0,1.0000,-24.3395,0.4741,-6.7979,134.183,ppo_car_spread_a_sampling
6.8400,-0.50876,0.0000,0.1451,-0.00262,0.00263,0.18517,-25.0,1.0000,-24.3396,0.4741,-6.7978,134.183,ppo_car_spread_a_sampling
6.8600,-0.43056,0.0000,0.1451,-0.01253,0.01267,0.31030,-30.5,1.0000,-24.3399,0.4741,-6.7976,134.184,ppo_car_spread_a_sampling
6.8800,-0.38159,0.0000,0.1451,-0.01669,0.01675,0.36571,-30.5,1.0000,-24.3402,0.4741,-6.7974,134.191,ppo_car_spread_a_sampling
6.9000,-0.29758,0.0000,0.1451,-0.02463,0.02470,0.26490,-30.5,1.0000,-24.3406,0.4741,-6.7971,134.196,ppo_car_spread_a_sampling
6.9200,-0.27034,0.2225,0.0000,-0.02609,0.02614,0.23903,-30.5,1.0000,-24.3411,0.4741,-6.7967,134.197,ppo_car_spread_a_sampling
6.9400,-0.27034,0.2225,0.0000,-0.00917,0.00920,0.32446,116.8,1.0000,-24.3412,0.4741,-6.7966,134.198,ppo_car_spread_a_sampling
6.9600,-0.27034,0.2225,0.0000,0.00708,0.00710,0.40258,116.8,1.0000,-24.3411,0.4741,-6.7967,134.200,ppo_car_spread_a_sampling
6.9800,-0.27034,0.2225,0.0000,0.03944,0.03953,0.27559,116.8,1.0000,-24.3405,0.4741,-6.7972,134.200,ppo_car_spread_a_sampling
7.0000,-0.20886,0.8176,0.0000,0.05616,0.05626,0.43824,116.8,1.0000,-24.3396,0.4741,-6.7980,134.194,ppo_car_spread_a_sampling
7.0200,-0.16904,0.8176,0.0000,0.14314,0.14330,0.06911,429.2,1.0000,-24.3373,0.4741,-6.8000,134.187,ppo_car_spread_a_sampling
7.0400,-0.16904,0.8176,0.0000,0.21488,0.21505,0.55628,429.2,1.0000,-24.3340,0.4741,-6.8030,134.183,ppo_car_spread_a_sampling
7.0600,-0.16904,0.8176,0.0000,0.29532,0.29553,0.35033,429.2,1.0000,-24.3294,0.4741,-6.8071,134.173,ppo_car_spread_a_sampling
7.0800,-0.10156,0.0000,0.2934,0.36898,0.36923,0.60294,429.2,1.0000,-24.3237,0.4741,-6.8122,134.160,ppo_car_spread_a_sampling
7.1000,-0.02728,0.0000,0.2934,0.21620,0.21632,0.00000,0.0,1.0000,-24.3205,0.4741,-6.8151,134.133,ppo_car_spread_a_sampling
7.1200,0.02608,0.0000,0.2934,0.06089,0.06095,0.00000,0.0,1.0000,-24.3197,0.4741,-6.8158,134.054,ppo_car_spread_a_sampling
7.1400,0.02608,0.0000,0.2934,0.04989,0.04990,0.25593,-61.6,1.0000,-24.3190,0.4741,-6.8164,134.029,ppo_car_spread_a_sampling
7.1600,-0.05141,0.0566,0.0000,0.04105,0.04105,0.31559,-61.6,1.0000,-24.3185,0.4741,-6.8169,134.020,ppo_car_spread_a_sampling
7.1800,-0.11334,0.0566,0.0000,0.03945,0.03945,0.19448,29.7,1.0000,-24.3180,0.4741,-6.8174,134.015,ppo_car_spread_a_sampling
7.2000,-0.16784,0.0566,0.0000,0.04630,0.04631,0.39165,29.7,1.0000,-24.3174,0.4741,-6.8180,134.007,ppo_car_spread_a_sampling
7.2200,-0.16784,0.0566,0.0000,0.04979,0.04981,0.32972,29.7,1.0000,-24.3167,0.4741,-6.8186,134.008,ppo_car_spread_a_sampling
7.2400,-0.24015,0.0000,0.2167,0.06091,0.06094,0.26536,29.7,1.0000,-24.3158,0.4741,-6.8194,134.007,ppo_car_spread_a_sampling
7.2600,-0.32019,0.0000,0.2167,0.05193,0.05199,0.11532,-45.5,1.0000,-24.3151,0.4741,-6.8200,134.004,ppo_car_spread_a_sampling
7.2800,-0.33167,0.0000,0.2167,0.03694,0.03700,0.28728,-45.5,1.0000,-24.3146,0.4741,-6.8205,134.001,ppo_car_spread_a_sampling
7.3000,-0.33167,0.0000,0.2167,0.02983,0.02987,0.34757,-45.5,1.0000,-24.3141,0.4741,-6.8209,134.003,ppo_car_spread_a_sampling
7.3200,-0.41488,0.0522,0.0000,0.02155,0.02160,0.21759,-45.5,1.0000,-24.3138,0.4741,-6.8211,134.001,ppo_car_spread_a_sampling
7.3400,-0.44072,0.0522,0.0000,0.02809,0.02817,0.35151,27.4,1.0000,-24.3134,0.4741,-6.8214,133.995,ppo_car_spread_a_sampling
7.3600,-0.44072,0.0522,0.0000,0.02576,0.02588,0.39922,27.4,1.0000,-24.3130,0.4741,-6.8218,133.993,ppo_car_spread_a_sampling
7.3800,-0.44072,0.0522,0.0000,0.03710,0.03727,0.32432,27.4,1.0000,-24.3124,0.4741,-6.8222,133.991,ppo_car_spread_a_sampling
7.4000,-0.52412,0.3909,0.0000,0.04974,0.04994,0.21915,27.4,1.0000,-24.3116,0.4741,-6.8229,133.985,ppo_car_spread_a_sampling
7.4200,-0.59821,0.3909,0.0000,0.08475,0.08529,0.15737,205.2,1.0000,-24.3102,0.4741,-6.8239,133.977,ppo_car_spread_a_sampling
7.4400,-0.67790,0.3909,0.0000,0.11876,0.11973,0.19297,205.2,1.0000,-24.3082,0.4741,-6.8254,133.964,ppo_car_spread_a_sampling
7.4600,-0.68975,0.3909,0.0000,0.14813,0.14973,0.45910,205.2,1.0000,-24.3057,0.4741,-6.8272,133.945,ppo_car_spread_a_sampling
7.4800,-0.62279,0.0000,0.2692,0.18636,0.18841,0.52006,205.2,1.0000,-24.3025,0.4741,-6.8294,133.919,ppo_car_spread_a_sampling
7.5000,-0.56010,0.0000,0.2692,0.18224,0.18402,0.00000,0.0,1.0000,-24.2995,0.4741,-6.8316,133.905,ppo_car_spread_a_sampling
7.5200,-0.47711,0.0000,0.2692,0.00263,0.01165,0.00000,0.0,1.0000,-24.2994,0.4741,-6.8314,133.906,ppo_car_spread_a_sampling
7.5400,-0.40011,0.0000,0.2692,-0.00308,0.00453,0.27333,-56.5,1.0000,-24.2994,0.4741,-6.8313,133.905,ppo_car_spread_a_sampling
7.5600,-0.46203,0.0000,0.1081,-0.02068,0.02069,0.23451,-56.5,1.0000,-24.2998,0.4741,-6.8309,133.908,ppo_car_spread_a_sampling
7.5800,-0.54054,0.0000,0.1081,-0.01617,0.01618,0.39119,-22.7,1.0000,-24.3001,0.4741,-6.8307,133.908,ppo_car_spread_a_sampling
7.6000,-0.61882,0.0000,0.1081,-0.02668,0.02680,0.30999,-22.7,1.0000,-24.3006,0.4741,-6.8303,133.908,ppo_car_spread_a_sampling
7.6200,-0.70282,0.0000,0.1081,-0.02990,0.03003,0.27282,-22.7,1.0000,-24.3011,0.4741,-6.8299,133.911,ppo_car_spread_a_sampling
7.6400,-0.62813,0.2502,0.0000,-0.03442,0.03476,0.11864,-22.7,1.0000,-24.3017,0.4741,-6.8295,133.917,ppo_car_spread_a_sampling
7.6600,-0.57317,0.2502,0.0000,-0.01270,0.01279,0.34437,131.3,1.0000,-24.3019,0.4741,-6.8294,133.923,ppo_car_spread_a_sampling
7.6800,-0.49166,0.2502,0.0000,0.01206,0.01227,0.28573,131.3,1.0000,-24.3017,0.4741,-6.8295,133.923,ppo_car_spread_a_sampling
7.7000,-0.41309,0.2502,0.0000,0.03767,0.03793,0.26470,131.3,1.0000,-24.3011,0.4741,-6.8300,133.918,ppo_car_spread_a_sampling
7.7200,-0.33098,0.5289,0.0000,0.06025,0.06049,0.44631,131.3,1.0000,-24.3001,0.4741,-6.8308,133.913,ppo_car_spread_a_sampling
7.7400,-0.25560,0.5289,0.0000,0.10895,0.10925,0.50110,277.7,1.0000,-24.2983,0.4741,-6.8323,133.906,ppo_car_spread_a_sampling
7.7600,-0.20102,0.5289,0.0000,0.16307,0.16336,0.46633,277.7,1.0000,-24.2957,0.4741,-6.8345,133.899,ppo_car_spread_a_sampling
7.7800,-0.12229,0.5289,0.0000,0.21296,0.21322,0.52972,277.7,1.0000,-24.2924,0.4741,-6.8374,133.891,ppo_car_spread_a_sampling
7.8000,-0.04421,0.0000,0.5947,0.26990,0.27005,0.27412,277.7,1.0000,-24.2882,0.4741,-6.8411,133.882,ppo_car_spread_a_sampling
7.8200,0.01797,0.0000,0.5947,0.19163,0.19169,0.00000,0.0,1.0000,-24.2854,0.4741,-6.8438,133.882,ppo_car_spread_a_sampling
7.8400,0.01797,0.0000,0.5947,0.00540,0.00562,0.00000,0.0,1.0000,-24.2854,0.4741,-6.8437,133.883,ppo_car_spread_a_sampling
7.8600,0.01797,0.0000,0.5947,-0.01969,0.01970,0.35831,-124.9,1.0000,-24.2858,0.4741,-6.8434,133.885,ppo_car_spread_a_sampling
7.8800,-0.04145,0.6230,0.0000,-0.03546,0.03546,0.42198,-124.9,1.0000,-24.2864,0.4741,-6.8428,133.884,ppo_car_spread_a_sampling
7.9000,-0.12781,0.6230,0.0000,0.01815,0.01815,0.29190,327.1,1.0000,-24.2861,0.4741,-6.8430,133.881,ppo_car_spread_a_sampling
7.9200,-0.17696,0.6230,0.0000,0.07651,0.07654,0.41697,327.1,1.0000,-24.2850,0.4741,-6.8440,133.881,ppo_car_spread_a_sampling
7.9400,-0.17696,0.6230,0.0000,0.13651,0.13658,0.45235,327.1,1.0000,-24.2829,0.4741,-6.8459,133.877,ppo_car_spread_a_sampling
7.9600,-0.26489,0.1393,0.0000,0.20063,0.20077,0.32134,327.1,1.0000,-24.2799,0.4741,-6.8486,133.870,ppo_car_spread_a_sampling
7.9800,-0.32229,0.1393,0.0000,0.21116,0.21143,0.51587,73.2,1.0000,-24.2766,0.4741,-6.8514,133.863,ppo_car_spread_a_sampling
8.0000,-0.41231,0.1393,0.0000,0.22546,0.22590,0.52165,73.2,1.0000,-24.2731,0.4741,-6.8544,133.852,ppo_car_spread_a_sampling
8.0200,-0.42132,0.1393,0.0000,0.24067,0.24143,0.38907,73.2,1.0000,-24.2693,0.4741,-6.8575,133.836,ppo_car_spread_a_sampling
8.0400,-0.50393,0.0321,0.0000,0.25327,0.25421,0.55705,73.2,1.0000,-24.2653,0.4741,-6.8607,133.819,ppo_car_spread_a_sampling
8.0600,-0.58359,0.0321,0.0000,0.25218,0.25345,0.47976,16.9,1.0000,-24.2612,0.4741,-6.8638,133.798,ppo_car_spread_a_sampling
8.0800,-0.65284,0.0321,0.0000,0.25077,0.25253,0.56407,16.9,1.0000,-24.2571,0.4741,-6.8669,133.774,ppo_car_spread_a_sampling
8.1000,-0.73562,0.0321,0.0000,0.25922,0.26159,0.54745,16.9,1.0000,-24.2529,0.4741,-6.8699,133.744,ppo_car_spread_a_sampling
8.1200,-0.67476,0.1548,0.0000,0.25406,0.25703,0.55362,16.9,1.0000,-24.2487,0.4741,-6.8728,133.707,ppo_car_spread_a_sampling
8.1400,-0.59382,0.1548,0.0000,0.27173,0.27477,0.58945,81.3,1.0000,-24.2442,0.4741,-6.8760,133.673,ppo_car_spread_a_sampling
8.1600,-0.53278,0.1548,0.0000,0.28390,0.28655,0.59723,81.3,1.0000,-24.2395,0.4741,-6.8793,133.641,ppo_car_spread_a_sampling
8.1800,-0.44807,0.1548,0.0000,0.29974,0.30203,0.60713,81.3,1.0000,-24.2346,0.4741,-6.8829,133.609,ppo_car_spread_a_sampling
8.2000,-0.36529,0.3571,0.0000,0.31210,0.31394,0.61740,81.3,1.0000,-24.2297,0.4741,-6.8867,133.579,ppo_car_spread_a_sampling
8.2200,-0.30531,0.3571,0.0000,0.35390,0.35540,0.59930,187.5,1.0000,-24.2241,0.4741,-6.8911,133.549,ppo_car_spread_a_sampling
8.2400,-0.22753,0.3571,0.0000,0.39193,0.39306,0.64447,187.5,1.0000,-24.2180,0.4741,-6.8961,133.523,ppo_car_spread_a_sampling
8.2600,-0.14699,0.3571,0.0000,0.42367,0.42445,0.65724,187.5,1.0000,-24.2114,0.4741,-6.9017,133.497,ppo_car_spread_a_sampling
8.2800,-0.20516,0.0000,0.8125,0.46423,0.46468,0.37431,187.5,1.0000,-24.2044,0.4741,-6.9078,133.478,ppo_car_spread_a_sampling
8.3000,-0.28677,0.0000,0.8125,0.36666,0.36703,0.47702,0.0,1.0000,-24.1989,0.4741,-6.9126,133.463,ppo_car_spread_a_sampling
8.3200,-0.31075,0.0000,0.8125,0.19541,0.19566,0.00000,0.0,1.0000,-24.1961,0.4741,-6.9150,133.458,ppo_car_spread_a_sampling
8.3400,-0.31075,0.0000,0.8125,0.00896,0.01160,0.00000,0.0,1.0000,-24.1962,0.4741,-6.9148,133.459,ppo_car_spread_a_sampling
8.3600,-0.22494,0.0000,0.1210,-0.02328,0.02331,0.29746,-170.6,1.0000,-24.1968,0.4741,-6.9143,133.464,ppo_car_spread_a_sampling
8.3800,-0.16592,0.0000,0.1210,-0.02991,0.02992,0.28732,-25.4,1.0000,-24.1975,0.4741,-6.9137,133.470,ppo_car_spread_a_sampling
8.4000,-0.10096,0.0000,0.1210,-0.03472,0.03472,0.33118,-25.4,1.0000,-24.1982,0.4741,-6.9131,133.469,ppo_car_spread_a_sampling
8.4200,-0.02659,0.0000,0.1210,-0.03546,0.03547,0.24594,-25.4,1.0000,-24.1988,0.4741,-6.9126,133.467,ppo_car_spread_a_sampling
8.4400,0.01330,0.0538,0.0000,-0.04508,0.04508,0.26343,-25.4,1.0000,-24.1996,0.4741,-6.9119,133.469,ppo_car_spread_a_sampling
8.4600,0.01330,0.0538,0.0000,-0.04317,0.04317,0.29833,28.2,1.0000,-24.2003,0.4741,-6.9113,133.470,ppo_car_spread_a_sampling
8.4800,0.01330,0.0538,0.0000,-0.03513,0.03513,0.32302,28.2,1.0000,-24.2008,0.4741,-6.9108,133.469,ppo_car_spread_a_sampling
8.5000,0.01330,0.0538,0.0000,-0.02967,0.02967,0.17464,28.2,1.0000,-24.2013,0.4741,-6.9104,133.469,ppo_car_spread_a_sampling
8.5200,-0.06477,0.3320,0.0000,-0.02021,0.02021,0.08791,28.2,1.0000,-24.2015,0.4741,-6.9101,133.469,ppo_car_spread_a_sampling
8.5400,-0.07084,0.3320,0.0000,0.01566,0.01567,0.29685,174.3,1.0000,-24.2012,0.4741,-6.9104,133.468,ppo_car_spread_a_sampling
8.5600,-0.07084,0.3320,0.0000,0.04073,0.04073,0.43011,174.3,1.0000,-24.2005,0.4741,-6.9110,133.466,ppo_car_spread_a_sampling
8.5800,-0.07084,0.3320,0.0000,0.08084,0.08085,0.19481,174.3,1.0000,-24.1992,0.4741,-6.9122,133.467,ppo_car_spread_a_sampling
8.6000,-0.15621,0.0000,0.3458,0.10868,0.10869,0.26408,174.3,1.0000,-24.1975,0.4741,-6.9138,133.465,ppo_car_spread_a_sampling
8.6200,-0.23338,0.0000,0.3458,0.11152,0.11157,0.00000,0.0,1.0000,-24.1957,0.4741,-6.9154,133.459,ppo_car_spread_a_sampling
8.6400,-0.28314,0.0000,0.3458,0.00061,0.00304,0.00000,0.0,1.0000,-24.1956,0.4741,-6.9154,133.460,ppo_car_spread_a_sampling
8.6600,-0.36336,0.0000,0.3458,-0.01285,0.01286,0.30591,-72.6,1.0000,-24.1957,0.4741,-6.9152,133.462,ppo_car_spread_a_sampling
8.6800,-0.32006,0.5200,0.0000,-0.01928,0.01930,0.39703,-72.6,1.0000,-24.1960,0.4741,-6.9150,133.462,ppo_car_spread_a_sampling
8.7000,-0.32006,0.5200,0.0000,0.02463,0.02469,0.05541,273.0,1.0000,-24.1955,0.4741,-6.9153,133.461,ppo_car_spread_a_sampling
8.7200,-0.32006,0.5200,0.0000,0.07232,0.07250,0.21222,273.0,1.0000,-24.1943,0.4741,-6.9163,133.456,ppo_car_spread_a_sampling
8.7400,-0.32006,0.5200,0.0000,0.11963,0.11993,0.50126,273.0,1.0000,-24.1923,0.4741,-6.9179,133.450,ppo_car_spread_a_sampling
8.7600,-0.25628,0.0000,0.0023,0.16954,0.16995,0.48426,273.0,1.0000,-24.1896,0.4741,-6.9202,133.440,ppo_car_spread_a_sampling
8.7800,-0.17453,0.0000,0.0023,0.18813,0.18848,0.00000,0.0,1.0000,-24.1865,0.4741,-6.9227,133.431,ppo_car_spread_a_sampling
8.8000,-0.11560,0.0000,0.0023,0.00366,0.00754,0.00000,0.0,1.0000,-24.1865,0.4741,-6.9225,133.432,ppo_car_spread_a_sampling
8.8200,-0.11560,0.0000,0.0023,0.00272,0.00345,0.18274,-0.5,1.0000,-24.1864,0.4741,-6.9225,133.430,ppo_car_spread_a_sampling
8.8400,-0.03244,0.0000,0.1511,0.00312,0.00321,0.13856,-0.5,1.0000,-24.1864,0.4741,-6.9225,133.430,ppo_car_spread_a_sampling
8.8600,0.04325,0.0000,0.1511,-0.00073,0.00076,0.20436,-31.7,1.0000,-24.1864,0.4741,-6.9225,133.430,ppo_car_spread_a_sampling
8.8800,0.04975,0.0000,0.1511,-0.01691,0.01691,0.34396,-31.7,1.0000,-24.1867,0.4741,-6.9222,133.429,ppo_car_spread_a_sampling
8.9000,0.04975,0.0000,0.1511,-0.01002,0.01002,0.35170,-31.7,1.0000,-24.1869,0.4741,-6.9220,133.433,ppo_car_spread_a_sampling
8.9200,0.13815,0.3618,0.0000,-0.01836,0.01836,0.34358,-31.7,1.0000,-24.1872,0.4741,-6.9217,133.434,ppo_car_spread_a_sampling
8.9400,0.19399,0.3618,0.0000,0.01026,0.01027,0.23964,189.9,1.0000,-24.1871,0.4741,-6.9219,133.435,ppo_car_spread_a_sampling
8.9600,0.20393,0.3618,0.0000,0.05095,0.05100,0.24649,189.9,1.0000,-24.1863,0.4741,-6.9226,133.435,ppo_car_spread_a_sampling
8.9800,0.20393,0.3618,0.0000,0.08525,0.08534,0.13177,189.9,1.0000,-24.1851,0.4741,-6.9239,133.439,ppo_car_spread_a_sampling
9.0000,0.24512,0.2234,0.0000,0.12068,0.12081,0.39126,189.9,1.0000,-24.1834,0.4741,-6.9257,133.445,ppo_car_spread_a_sampling
9.0200,0.24512,0.2234,0.0000,0.14556,0.14574,0.14539,117.3,1.0000,-24.1813,0.4741,-6.9279,133.453,ppo_car_spread_a_sampling
9.0400,0.24512,0.2234,0.0000,0.16768,0.16790,0.12109,117.3,1.0000,-24.1790,0.4741,-6.9304,133.461,ppo_car_spread_a_sampling
9.0600,0.24512,0.2234,0.0000,0.17892,0.17917,0.50950,117.3,1.0000,-24.1765,0.4741,-6.9330,133.468,ppo_car_spread_a_sampling
9.0800,0.16442,0.0000,0.1721,0.20725,0.20754,0.30363,117.3,1.0000,-24.1736,0.4741,-6.9361,133.478,ppo_car_spread_a_sampling
9.1000,0.09965,0.0000,0.1721,0.19464,0.19481,0.00000,0.0,1.0000,-24.1708,0.4741,-6.9389,133.480,ppo_car_spread_a_sampling
9.1200,0.02374,0.0000,0.1721,0.00572,0.00734,0.00000,0.0,1.0000,-24.1709,0.4741,-6.9389,133.481,ppo_car_spread_a_sampling
9.1400,-0.06218,0.0000,0.1721,-0.00547,0.00567,0.22182,-36.1,1.0000,-24.1711,0.4741,-6.9388,133.482,ppo_car_spread_a_sampling
9.1600,-0.00494,0.1311,0.0000,-0.00598,0.00601,0.25018,-36.1,1.0000,-24.1713,0.4741,-6.9386,133.480,ppo_car_spread_a_sampling
9.1800,0.07545,0.1311,0.0000,0.01083,0.01083,0.33161,68.8,1.0000,-24.1712,0.4741,-6.9387,133.480,ppo_car_spread_a_sampling
9.2000,0.11099,0.1311,0.0000,0.01474,0.01474,0.19101,68.8,1.0000,-24.1710,0.4741,-6.9389,133.481,ppo_car_spread_a_sampling
9.2200,0.11099,0.1311,0.0000,0.02206,0.02207,0.39933,68.8,1.0000,-24.1707,0.4741,-6.9391,133.483,ppo_car_spread_a_sampling
9.2400,0.03558,0.1600,0.0000,0.04717,0.04718,0.28576,68.8,1.0000,-24.1701,0.4741,-6.9398,133.482,ppo_car_spread_a_sampling
9.2600,-0.03898,0.1600,0.0000,0.05883,0.05884,0.09449,84.0,1.0000,-24.1692,0.4741,-6.9406,133.483,ppo_car_spread_a_sampling
9.2800,-0.06090,0.1600,0.0000,0.07455,0.07455,0.40473,84.0,1.0000,-24.1681,0.4741,-6.9416,133.486,ppo_car_spread_a_sampling
9.3000,-0.06090,0.1600,0.0000,0.08536,0.08537,0.45186,84.0,1.0000,-24.1669,0.4741,-6.9428,133.486,ppo_car_spread_a_sampling
9.3200,0.00468,0.1298,0.0000,0.10647,0.10648,0.12708,84.0,1.0000,-24.1653,0.4741,-6.9443,133.484,ppo_car_spread_a_sampling
9.3400,0.09218,0.1298,0.0000,0.11515,0.11515,0.35510,68.2,1.0000,-24.1635,0.4741,-6.9459,133.486,ppo_car_spread_a_sampling
9.3600,0.09218,0.1298,0.0000,0.13355,0.13356,0.10896,68.2,1.0000,-24.1616,0.4741,-6.9478,133.488,ppo_car_spread_a_sampling
9.3800,0.09218,0.1298,0.0000,0.14309,0.14311,0.41821,68.2,1.0000,-24.1595,0.4741,-6.9499,133.490,ppo_car_spread_a_sampling
9.4000,0.06858,0.0000,0.6697,0.15120,0.15123,0.47175,68.2,1.0000,-24.1573,0.4741,-6.9520,133.491,ppo_car_spread_a_sampling
9.4200,0.06858,0.0000,0.6697,0.17690,0.17692,0.00000,0.0,1.0000,-24.1548,0.4741,-6.9545,133.494,ppo_car_spread_a_sampling
9.4400,0.06858,0.0000,0.6697,0.00480,0.00522,0.00000,0.0,1.0000,-24.1548,0.4741,-6.9545,133.495,ppo_car_spread_a_sampling
9.4600,0.06858,0.0000,0.6697,-0.01539,0.01540,0.38794,-140.6,1.0000,-24.1551,0.4741,-6.9543,133.495,ppo_car_spread_a_sampling
9.4800,0.15683,0.0000,0.1066,-0.04587,0.04587,0.33531,-140.6,1.0000,-24.1559,0.4741,-6.9535,133.494,ppo_car_spread_a_sampling
9.5000,0.21700,0.0000,0.1066,-0.04675,0.04677,0.40230,-22.4,1.0000,-24.1566,0.4741,-6.9528,133.493,ppo_car_spread_a_sampling
9.5200,0.29735,0.0000,0.1066,-0.04927,0.04931,0.40953,-22.4,1.0000,-24.1573,0.4741,-6.9521,133.492,ppo_car_spread_a_sampling
9.5400,0.37503,0.0000,0.1066,-0.06216,0.06228,0.21843,-22.4,1.0000,-24.1582,0.4741,-6.9511,133.489,ppo_car_spread_a_sampling
9.5600,0.29576,0.0000,0.3611,-0.05812,0.05829,0.33101,-22.4,1.0000,-24.1590,0.4741,-6.9502,133.484,ppo_car_spread_a_sampling
9.5800,0.24076,0.0000,0.3611,-0.07009,0.07027,0.43612,-75.8,1.0000,-24.1600,0.4741,-6.9491,133.476,ppo_car_spread_a_sampling
9.6000,0.15558,0.0000,0.3611,-0.08831,0.08843,0.44774,-75.8,1.0000,-24.1612,0.4741,-6.9478,133.473,ppo_car_spread_a_sampling
9.6200,0.08511,0.0000,0.3611,-0.10946,0.10955,0.16573,-75.8,1.0000,-24.1628,0.4741,-6.9462,133.468,ppo_car_spread_a_sampling
9.6400,0.15120,0.0000,0.2786,-0.11747,0.11751,0.42915,-75.8,1.0000,-24.1645,0.4741,-6.9445,133.463,ppo_car_spread_a_sampling
9.6600,0.18517,0.0000,0.2786,-0.12893,0.12900,0.46246,-58.5,1.0000,-24.1663,0.4741,-6.9427,133.456,ppo_car_spread_a_sampling
9.6800,0.18517,0.0000,0.2786,-0.13552,0.13561,0.46848,-58.5,1.0000,-24.1682,0.4741,-6.9408,133.448,ppo_car_spread_a_sampling
9.7000,0.18517,0.0000,0.2786,-0.15225,0.15237,0.19453,-58.5,1.0000,-24.1703,0.4741,-6.9386,133.443,ppo_car_spread_a_sampling
9.7200,0.10095,0.9600,0.0000,-0.16466,0.16478,0.28555,-58.5,1.0000,-24.1727,0.4741,-6.9362,133.437,ppo_car_spread_a_sampling
9.7400,0.02346,0.9600,0.0000,-0.07101,0.07105,0.31487,504.0,1.0000,-24.1736,0.4741,-6.9353,133.432,ppo_car_spread_a_sampling
9.7600,-0.05279,0.9600,0.0000,0.02154,0.02155,0.28072,504.0,1.0000,-24.1731,0.4741,-6.9357,133.430,ppo_car_spread_a_sampling
9.7800,-0.12861,0.9600,0.0000,0.11805,0.11806,0.23160,504.0,1.0000,-24.1712,0.4741,-6.9375,133.427,ppo_car_spread_a_sampling
9.8000,-0.06374,0.0000,0.2411,0.21056,0.21062,0.33807,504.0,1.0000,-24.1679,0.4741,-6.9405,133.423,ppo_car_spread_a_sampling
9.8200,0.02126,0.0000,0.2411,0.19306,0.19309,0.00000,0.0,1.0000,-24.1649,0.4741,-6.9432,133.420,ppo_car_spread_a_sampling
9.8400,0.03592,0.0000,0.2411,0.00314,0.00333,0.00000,0.0,1.0000,-24.1648,0.4741,-6.9433,133.422,ppo_car_spread_a_sampling
9.8600,0.03592,0.0000,0.2411,-0.00650,0.00652,0.33676,-50.6,1.0000,-24.1649,0.4741,-6.9432,133.420,ppo_car_spread_a_sampling
9.8800,-0.04778,0.0000,0.2621,-0.01781,0.01781,0.31604,-50.6,1.0000,-24.1652,0.4741,-6.9429,133.419,ppo_car_spread_a_sampling
9.9000,-0.10710,0.0000,0.2621,-0.02693,0.02693,0.28877,-55.0,1.0000,-24.1657,0.4741,-6.9425,133.416,ppo_car_spread_a_sampling
9.9200,-0.19991,0.0000,0.2621,-0.03473,0.03474,0.27621,-55.0,1.0000,-24.1662,0.4741,-6.9420,133.415,ppo_car_spread_a_sampling
9.9400,-0.25471,0.0000,0.2621,-0.04011,0.04014,0.38583,-55.0,1.0000,-24.1669,0.4741,-6.9414,133.416,ppo_car_spread_a_sampling
9.9600,-0.33850,0.0750,0.0000,-0.05751,0.05758,0.05793,-55.0,1.0000,-24.1678,0.4741,-6.9406,133.418,ppo_car_spread_a_sampling
9.9800,-0.41771,0.0750,0.0000,-0.05065,0.05075,0.12204,39.4,1.0000,-24.1686,0.4741,-6.9400,133.420,ppo_car_spread_a_sampling
10.0000,-0.47420,0.0750,0.0000,-0.04547,0.04567,0.29036,39.4,1.0000,-24.1694,0.4741,-6.9394,133.423,ppo_car_spread_a_sampling
10.0200,-0.47420,0.0750,0.0000,-0.03924,0.03943,0.31171,39.4,1.0000,-24.1700,0.4741,-6.9389,133.423,ppo_car_spread_a_sampling
10.0400,-0.38485,0.1408,0.0000,-0.02906,0.02925,0.21339,39.4,1.0000,-24.1705,0.4741,-6.9385,133.426,ppo_car_spread_a_sampling
10.0600,-0.30743,0.1408,0.0000,-0.01500,0.01509,0.32553,73.9,1.0000,-24.1707,0.4741,-6.9383,133.427,ppo_car_spread_a_sampling
10.0800,-0.23098,0.1408,0.0000,0.00031,0.00060,0.25016,73.9,1.0000,-24.1707,0.4741,-6.9383,133.427,ppo_car_spread_a_sampling
10.1000,-0.17877,0.1408,0.0000,0.01037,0.01038,0.32074,73.9,1.0000,-24.1706,0.4741,-6.9385,133.427,ppo_car_spread_a_sampling
10.1200,-0.13864,0.7046,0.0000,0.02564,0.02565,0.37142,73.9,1.0000,-24.1701,0.4741,-6.9388,133.425,ppo_car_spread_a_sampling
10.1400,-0.13864,0.7046,0.0000,0.09270,0.09275,0.38973,369.9,1.0000,-24.1687,0.4741,-6.9401,133.421,ppo_car_spread_a_sampling
10.1600,-0.13864,0.7046,0.0000,0.16874,0.16882,0.06876,369.9,1.0000,-24.1661,0.4741,-6.9425,133.416,ppo_car_spread_a_sampling
10.1800,-0.13864,0.7046,0.0000,0.22926,0.22936,0.50324,369.9,1.0000,-24.1625,0.4741,-6.9456,133.410,ppo_car_spread_a_sampling
10.2000,-0.21992,0.0000,1.0000,0.29857,0.29871,0.40077,369.9,1.0000,-24.1579,0.4741,-6.9497,133.400,ppo_car_spread_a_sampling
10.2200,-0.28015,0.0000,1.0000,0.19035,0.19047,0.00000,0.0,1.0000,-24.1550,0.4741,-6.9522,133.394,ppo_car_spread_a_sampling
10.2400,-0.36529,0.0000,1.0000,0.00524,0.00785,0.00000,0.0,1.0000,-24.1550,0.4741,-6.9521,133.395,ppo_car_spread_a_sampling
10.2600,-0.42927,0.0000,1.0000,-0.03296,0.03296,0.23250,-210.0,1.0000,-24.1556,0.4741,-6.9515,133.398,ppo_car_spread_a_sampling
10.2800,-0.36940,0.0000,0.6416,-0.06995,0.07021,0.32003,-210.0,1.0000,-24.1568,0.4741,-6.9505,133.407,ppo_car_spread_a_sampling
10.3001,-0.32611,0.0000,0.6416,-0.09520,0.09552,0.31072,-134.7,1.0000,-24.1585,0.4741,-6.9492,133.413,ppo_car_spread_a_sampling
10.3201,-0.32611,0.0000,0.6416,-0.12098,0.12131,0.45557,-134.7,1.0000,-24.1605,0.4741,-6.9476,133.419,ppo_car_spread_a_sampling
10.3401,-0.32611,0.0000,0.6416,-0.14827,0.14865,0.14602,-134.7,1.0000,-24.1629,0.4741,-6.9456,133.428,ppo_car_spread_a_sampling
10.3601,-0.22812,0.0000,0.0866,-0.16819,0.16863,0.36365,-134.7,1.0000,-24.1656,0.4741,-6.9434,133.439,ppo_car_spread_a_sampling
10.3801,-0.15647,0.0000,0.0866,-0.17283,0.17313,0.40793,-18.2,1.0000,-24.1684,0.4741,-6.9411,133.451,ppo_car_spread_a_sampling
10.4001,-0.10275,0.0000,0.0866,-0.18143,0.18160,0.19154,-18.2,1.0000,-24.1712,0.4741,-6.9386,133.461,ppo_car_spread_a_sampling
10.4201,-0.02409,0.0000,0.0866,-0.17961,0.17970,0.33867,-18.2,1.0000,-24.1739,0.4741,-6.9362,133.468,ppo_car_spread_a_sampling
10.4401,-0.11433,0.0000,0.3688,-0.18265,0.18268,0.33428,-18.2,1.0000,-24.1766,0.4741,-6.9337,133.470,ppo_car_spread_a_sampling
10.4601,-0.18213,0.0000,0.3688,-0.20132,0.20136,0.30558,-77.4,1.0000,-24.1796,0.4741,-6.9310,133.473,ppo_car_spread_a_sampling
10.4801,-0.24127,0.0000,0.3688,-0.21222,0.21234,0.53976,-77.4,1.0000,-24.1828,0.4741,-6.9282,133.477,ppo_car_spread_a_sampling
10.5001,-0.31907,0.0000,0.3688,-0.22706,0.22729,0.34031,-77.4,1.0000,-24.1862,0.4741,-6.9252,133.487,ppo_car_spread_a_sampling
10.5201,-0.23275,0.0341,0.0000,-0.23647,0.23690,0.55234,-77.4,1.0000,-24.1898,0.4741,-6.9222,133.497,ppo_car_spread_a_sampling
10.5401,-0.15775,0.0341,0.0000,-0.23857,0.23894,0.37605,17.9,1.0000,-24.1935,0.4741,-6.9191,133.510,ppo_car_spread_a_sampling
10.5601,-0.08135,0.0341,0.0000,-0.23133,0.23154,0.52866,17.9,1.0000,-24.1969,0.4741,-6.9161,133.520,ppo_car_spread_a_sampling
10.5801,-0.02832,0.0341,0.0000,-0.23070,0.23079,0.51853,17.9,1.0000,-24.2003,0.4741,-6.9130,133.524,ppo_car_spread_a_sampling
10.6001,-0.09742,0.2376,0.0000,-0.22318,0.22320,0.52263,17.9,1.0000,-24.2035,0.4741,-6.9101,133.529,ppo_car_spread_a_sampling
10.6201,-0.09742,0.2376,0.0000,-0.20358,0.20362,0.43429,124.8,1.0000,-24.2065,0.4741,-6.9074,133.535,ppo_car_spread_a_sampling
10.6401,-0.09742,0.2376,0.0000,-0.18130,0.18134,0.46086,124.8,1.0000,-24.2090,0.4741,-6.9050,133.542,ppo_car_spread_a_sampling
10.6601,-0.09742,0.2376,0.0000,-0.16271,0.16274,0.43031,124.8,1.0000,-24.2114,0.4741,-6.9029,133.548,ppo_car_spread_a_sampling
10.6801,-0.01845,0.3923,0.0000,-0.13737,0.13741,0.13161,124.8,1.0000,-24.2133,0.4741,-6.9011,133.551,ppo_car_spread_a_sampling
10.7001,0.05256,0.3923,0.0000,-0.09844,0.09845,0.37033,205.9,1.0000,-24.2146,0.4741,-6.8999,133.550,ppo_car_spread_a_sampling
10.7201,0.12310,0.3923,0.0000,-0.06610,0.06610,0.27983,205.9,1.0000,-24.2155,0.4741,-6.8991,133.552,ppo_car_spread_a_sampling
10.7401,0.20951,0.3923,0.0000,-0.01817,0.01817,0.24265,205.9,1.0000,-24.2156,0.4741,-6.8989,133.552,ppo_car_spread_a_sampling
10.7601,0.17533,0.0000,0.0335,0.02008,0.02012,0.25478,205.9,1.0000,-24.2152,0.4741,-6.8993,133.551,ppo_car_spread_a_sampling
10.7801,0.06627,0.0000,0.0335,0.01392,0.01395,0.25095,-7.0,1.0000,-24.2149,0.4741,-6.8996,133.552,ppo_car_spread_a_sampling
10.8001,0.01245,0.0000,0.0335,0.01102,0.01103,0.35130,-7.0,1.0000,-24.2147,0.4741,-6.8998,133.553,ppo_car_spread_a_sampling
10.8201,-0.06735,0.0000,0.0335,0.01409,0.01409,0.31649,-7.0,1.0000,-24.2145,0.4741,-6.9000,133.555,ppo_car_spread_a_sampling
10.8401,0.01708,0.4293,0.0000,0.01475,0.01475,0.32616,-7.0,1.0000,-24.2142,0.4741,-6.9003,133.554,ppo_car_spread_a_sampling
10.8601,0.09042,0.4293,0.0000,0.04413,0.04413,0.46878,225.4,1.0000,-24.2136,0.4741,-6.9009,133.557,ppo_car_spread_a_sampling
10.8801,0.16558,0.4293,0.0000,0.09598,0.09599,0.20792,225.4,1.0000,-24.2122,0.4741,-6.9023,133.559,ppo_car_spread_a_sampling
10.9001,0.17521,0.4293,0.0000,0.13129,0.13135,0.51505,225.4,1.0000,-24.2103,0.4741,-6.9042,133.561,ppo_car_spread_a_sampling
10.9201,0.09787,0.0000,0.8872,0.17627,0.17638,0.46106,225.4,1.0000,-24.2078,0.4741,-6.9068,133.569,ppo_car_spread_a_sampling
10.9401,0.04321,0.0000,0.8872,0.18487,0.18494,0.00000,0.0,1.0000,-24.2051,0.4741,-6.9094,133.569,ppo_car_spread_a_sampling
10.9601,0.02583,0.0000,0.8872,0.00584,0.00637,0.00000,0.0,1.0000,-24.2052,0.4741,-6.9094,133.570,ppo_car_spread_a_sampling
10.9801,0.02583,0.0000,0.8872,-0.02256,0.02257,0.40589,-186.3,1.0000,-24.2057,0.4741,-6.9090,133.568,ppo_car_spread_a_sampling
11.0001,-0.05618,0.3797,0.0000,-0.06539,0.06539,0.23514,-186.3,1.0000,-24.2068,0.4741,-6.9080,133.569,ppo_car_spread_a_sampling
11.0201,-0.13507,0.3797,0.0000,-0.02734,0.02734,0.06192,199.3,1.0000,-24.2073,0.4741,-6.9075,133.570,ppo_car_spread_a_sampling
11.0401,-0.20933,0.3797,0.0000,0.01187,0.01190,0.31430,199.3,1.0000,-24.2072,0.4741,-6.9076,133.569,ppo_car_spread_a_sampling
11.0601,-0.26860,0.3797,0.0000,0.04316,0.04320,0.42315,199.3,1.0000,-24.2066,0.4741,-6.9081,133.566,ppo_car_spread_a_sampling
11.0801,-0.33238,0.0000,0.1297,0.08708,0.08722,0.22050,199.3,1.0000,-24.2052,0.4741,-6.9092,133.562,ppo_car_spread_a_sampling
11.1001,-0.41359,0.0000,0.1297,0.07075,0.07089,0.41232,-27.2,1.0000,-24.2042,0.4741,-6.9101,133.558,ppo_car_spread_a_sampling
11.1201,-0.44773,0.0000,0.1297,0.07183,0.07211,0.41392,-27.2,1.0000,-24.2031,0.4741,-6.9110,133.553,ppo_car_spread_a_sampling
11.1401,-0.44773,0.0000,0.1297,0.07126,0.07149,0.26329,-27.2,1.0000,-24.2020,0.4741,-6.9118,133.547,ppo_car_spread_a_sampling
11.1601,-0.36587,0.2251,0.0000,0.06815,0.06845,0.26751,-27.2,1.0000,-24.2009,0.4741,-6.9127,133.543,ppo_car_spread_a_sampling
11.1801,-0.28891,0.2251,0.0000,0.08311,0.08340,0.39935,118.2,1.0000,-24.1996,0.4741,-6.9137,133.535,ppo_car_spread_a_sampling
11.2001,-0.21433,0.2251,0.0000,0.10371,0.10398,0.46515,118.2,1.0000,-24.1980,0.4741,-6.9150,133.528,ppo_car_spread_a_sampling
11.2201,-0.13605,0.2251,0.0000,0.12944,0.12965,0.36976,118.2,1.0000,-24.1960,0.4741,-6.9167,133.522,ppo_car_spread_a_sampling
11.2401,-0.06709,0.0000,0.2511,0.14143,0.14153,0.46597,118.2,1.0000,-24.1938,0.4741,-6.9186,133.516,ppo_car_spread_a_sampling
11.2601,-0.03112,0.0000,0.2511,0.18433,0.18438,0.00000,0.0,1.0000,-24.1911,0.4741,-6.9211,133.511,ppo_car_spread_a_sampling
11.2801,-0.03112,0.0000,0.2511,0.00505,0.00545,0.00000,0.0,1.0000,-24.1911,0.4741,-6.9211,133.512,ppo_car_spread_a_sampling
11.3001,-0.03112,0.0000,0.2511,-0.00664,0.00667,0.32609,-52.7,1.0000,-24.1912,0.4741,-6.9209,133.515,ppo_car_spread_a_sampling
11.3201,-0.10787,0.2957,0.0000,-0.01674,0.01674,0.38230,-52.7,1.0000,-24.1916,0.4741,-6.9206,133.514,ppo_car_spread_a_sampling
11.3401,-0.20728,0.2957,0.0000,0.01165,0.01166,0.39407,155.3,1.0000,-24.1914,0.4741,-6.9208,133.514,ppo_car_spread_a_sampling
11.3601,-0.27771,0.2957,0.0000,0.03693,0.03698,0.38743,155.3,1.0000,-24.1909,0.4741,-6.9213,133.508,ppo_car_spread_a_sampling
11.3801,-0.34415,0.2957,0.0000,0.06618,0.06631,0.43586,155.3,1.0000,-24.1898,0.4741,-6.9221,133.503,ppo_car_spread_a_sampling
11.4001,-0.27706,0.3424,0.0000,0.09984,0.10005,0.44584,155.3,1.0000,-24.1883,0.4741,-6.9234,133.495,ppo_car_spread_a_sampling
11.4201,-0.21455,0.3424,0.0000,0.13414,0.13440,0.18525,179.7,1.0000,-24.1861,0.4741,-6.9252,133.487,ppo_car_spread_a_sampling
11.4401,-0.12060,0.3424,0.0000,0.16548,0.16570,0.47941,179.7,1.0000,-24.1836,0.4741,-6.9274,133.482,ppo_car_spread_a_sampling
11.4601,-0.05370,0.3424,0.0000,0.19978,0.19989,0.24128,179.7,1.0000,-24.1805,0.4741,-6.9302,133.475,ppo_car_spread_a_sampling
11.4801,0.01478,0.0000,0.3411,0.23040,0.23044,0.43202,179.7,1.0000,-24.1770,0.4741,-6.9333,133.471,ppo_car_spread_a_sampling
11.5001,0.10987,0.0000,0.3411,0.19115,0.19116,0.00000,0.0,1.0000,-24.1742,0.4741,-6.9360,133.471,ppo_car_spread_a_sampling
11.5201,0.17132,0.0000,0.3411,0.00543,0.00551,0.00000,0.0,1.0000,-24.1742,0.4741,-6.9360,133.472,ppo_car_spread_a_sampling
11.5401,0.25466,0.0000,0.3411,-0.01191,0.01191,0.31756,-71.6,1.0000,-24.1745,0.4741,-6.9357,133.473,ppo_car_spread_a_sampling
11.5601,0.17727,0.0736,0.0000,-0.01971,0.01974,0.17336,-71.6,1.0000,-24.1748,0.4741,-6.9354,133.471,ppo_car_spread_a_sampling
11.5801,0.12397,0.0736,0.0000,-0.01571,0.01574,0.22270,38.6,1.0000,-24.1751,0.4741,-6.9351,133.469,ppo_car_spread_a_sampling
11.6001,0.04679,0.0736,0.0000,-0.01291,0.01292,0.33219,38.6,1.0000,-24.1754,0.4741,-6.9349,133.466,ppo_car_spread_a_sampling
11.6201,-0.03910,0.0736,0.0000,-0.00227,0.00228,0.33293,38.6,1.0000,-24.1754,0.4741,-6.9348,133.465,ppo_car_spread_a_sampling
11.6401,-0.10722,0.2918,0.0000,0.00548,0.00549,0.21924,38.6,1.0000,-24.1754,0.4741,-6.9349,133.465,ppo_car_spread_a_sampling
11.6601,-0.18177,0.2918,0.0000,0.03636,0.03637,0.39520,153.2,1.0000,-24.1748,0.4741,-6.9354,133.461,ppo_car_spread_a_sampling
11.6801,-0.25734,0.2918,0.0000,0.05234,0.05238,0.44373,153.2,1.0000,-24.1740,0.4741,-6.9361,133.459,ppo_car_spread_a_sampling
11.7001,-0.31787,0.2918,0.0000,0.09170,0.09182,0.22094,153.2,1.0000,-24.1725,0.4741,-6.9373,133.454,ppo_car_spread_a_sampling
11.7201,-0.22862,0.0235,0.0000,0.11868,0.11891,0.45207,153.2,1.0000,-24.1706,0.4741,-6.9389,133.449,ppo_car_spread_a_sampling
11.7401,-0.14839,0.0235,0.0000,0.12691,0.12710,0.05789,12.4,1.0000,-24.1686,0.4741,-6.9406,133.443,ppo_car_spread_a_sampling
11.7601,-0.07506,0.0235,0.0000,0.12554,0.12565,0.25183,12.4,1.0000,-24.1667,0.4741,-6.9423,133.438,ppo_car_spread_a_sampling
11.7801,-0.00107,0.0235,0.0000,0.12697,0.12701,0.23973,12.4,1.0000,-24.1648,0.4741,-6.9440,133.434,ppo_car_spread_a_sampling
11.8001,0.07225,0.2962,0.0000,0.12835,0.12836,0.41544,12.4,1.0000,-24.1628,0.4741,-6.9458,133.430,ppo_car_spread_a_sampling
11.8201,0.12887,0.2962,0.0000,0.15178,0.15178,0.48278,155.5,1.0000,-24.1606,0.4741,-6.9479,133.428,ppo_car_spread_a_sampling
11.8401,0.22277,0.2962,0.0000,0.18089,0.18094,0.48636,155.5,1.0000,-24.1580,0.4741,-6.9505,133.431,ppo_car_spread_a_sampling
11.8601,0.28864,0.2962,0.0000,0.22063,0.22080,0.04370,155.5,1.0000,-24.1549,0.4741,-6.9538,133.439,ppo_car_spread_a_sampling
11.8801,0.22201,0.0000,0.7848,0.24083,0.24118,0.41676,155.5,1.0000,-24.1515,0.4741,-6.9573,133.448,ppo_car_spread_a_sampling
11.9001,0.15285,0.0000,0.7848,0.19109,0.19133,0.00000,0.0,1.0000,-24.1489,0.4741,-6.9601,133.455,ppo_car_spread_a_sampling
11.9201,0.07845,0.0000,0.7848,0.00590,0.00824,0.00000,0.0,1.0000,-24.1490,0.4741,-6.9602,133.456,ppo_car_spread_a_sampling
11.9401,0.04453,0.0000,0.7848,-0.02000,0.02006,0.30051,-164.8,1.0000,-24.1494,0.4741,-6.9598,133.456,ppo_car_spread_a_sampling
11.9601,-0.03789,0.0000,0.0796,-0.05494,0.05494,0.21681,-164.8,1.0000,-24.1504,0.4741,-6.9589,133.457,ppo_car_spread_a_sampling
11.9801,-0.11677,0.0000,0.0796,-0.05572,0.05572,0.37526,-16.7,1.0000,-24.1513,0.4741,-6.9580,133.454,ppo_car_spread_a_sampling
12.0001,-0.17405,0.0000,0.0796,-0.05927,0.05928,0.38717,-16.7,1.0000,-24.1522,0.4741,-6.9572,133.457,ppo_car_spread_a_sampling
12.0201,-0.19671,0.0000,0.0796,-0.06548,0.06551,0.37263,-16.7,1.0000,-24.1533,0.4741,-6.9562,133.453,ppo_car_spread_a_sampling
12.0401,-0.28530,0.1361,0.0000,-0.07326,0.07331,0.22077,-16.7,1.0000,-24.1544,0.4741,-6.9552,133.456,ppo_car_spread_a_sampling
12.0601,-0.34596,0.1361,0.0000,-0.05599,0.05607,0.13331,71.5,1.0000,-24.1553,0.4741,-6.9544,133.458,ppo_car_spread_a_sampling
12.0801,-0.40932,0.1361,0.0000,-0.04114,0.04124,0.12325,71.5,1.0000,-24.1560,0.4741,-6.9539,133.460,ppo_car_spread_a_sampling
12.1001,-0.49821,0.1361,0.0000,-0.03338,0.03351,0.30300,71.5,1.0000,-24.1565,0.4741,-6.9535,133.461,ppo_car_spread_a_sampling
12.1201,-0.58246,0.0000,0.1869,-0.01907,0.01912,0.34015,71.5,1.0000,-24.1567,0.4741,-6.9533,133.462,ppo_car_spread_a_sampling
12.1401,-0.58511,0.0000,0.1869,-0.02280,0.02303,0.19551,-39.2,1.0000,-24.1571,0.4741,-6.9530,133.465,ppo_car_spread_a_sampling
12.1601,-0.58511,0.0000,0.1869,-0.02918,0.02944,0.29016,-39.2,1.0000,-24.1575,0.4741,-6.9527,133.464,ppo_car_spread_a_sampling
12.1801,-0.58511,0.0000,0.1869,-0.03577,0.03601,0.29516,-39.2,1.0000,-24.1581,0.4741,-6.9523,133.464,ppo_car_spread_a_sampling
12.2001,-0.51966,0.1427,0.0000,-0.04772,0.04806,0.27307,-39.2,1.0000,-24.1588,0.4741,-6.9518,133.472,ppo_car_spread_a_sampling
12.2201,-0.45112,0.1427,0.0000,-0.02844,0.02868,0.09408,74.9,1.0000,-24.1592,0.4741,-6.9515,133.475,ppo_car_spread_a_sampling
12.2401,-0.36334,0.1427,0.0000,-0.01961,0.01976,0.25918,74.9,1.0000,-24.1595,0.4741,-6.9513,133.475,ppo_car_spread_a_sampling
12.2601,-0.29005,0.1427,0.0000,-0.00423,0.00426,0.14648,74.9,1.0000,-24.1595,0.4741,-6.9513,133.474,ppo_car_spread_a_sampling
12.2801,-0.22183,0.0508,0.0000,0.01338,0.01339,0.24058,74.9,1.0000,-24.1593,0.4741,-6.9515,133.474,ppo_car_spread_a_sampling
12.3001,-0.15952,0.0508,0.0000,0.01423,0.01424,0.28369,26.7,1.0000,-24.1590,0.4741,-6.9517,133.472,ppo_car_spread_a_sampling
12.3201,-0.08950,0.0508,0.0000,0.02287,0.02289,0.16621,26.7,1.0000,-24.1586,0.4741,-6.9521,133.472,ppo_car_spread_a_sampling
12.3401,0.01076,0.0508,0.0000,0.02461,0.02461,0.37259,26.7,1.0000,-24.1582,0.4741,-6.9524,133.470,ppo_car_spread_a_sampling
12.3601,0.07581,0.2520,0.0000,0.03293,0.03293,0.20456,26.7,1.0000,-24.1577,0.4741,-6.9529,133.467,ppo_car_spread_a_sampling
12.3801,0.13787,0.2520,0.0000,0.05205,0.05205,0.30858,132.3,1.0000,-24.1569,0.4741,-6.9537,133.469,ppo_car_spread_a_sampling
12.4001,0.20029,0.2520,0.0000,0.08164,0.08167,0.13013,132.3,1.0000,-24.1557,0.4741,-6.9549,133.471,ppo_car_spread_a_sampling
12.4201,0.20029,0.2520,0.0000,0.09692,0.09699,0.44114,132.3,1.0000,-24.1543,0.4741,-6.9563,133.475,ppo_car_spread_a_sampling
12.4401,0.22626,0.0000,0.1950,0.13320,0.13332,0.14065,132.3,1.0000,-24.1524,0.4741,-6.9583,133.479,ppo_car_spread_a_sampling
12.4601,0.22626,0.0000,0.1950,0.12168,0.12180,0.00000,0.0,1.0000,-24.1507,0.4741,-6.9601,133.483,ppo_car_spread_a_sampling
12.4801,0.22626,0.0000,0.1950,0.00316,0.00496,0.00000,0.0,1.0000,-24.1508,0.4741,-6.9601,133.484,ppo_car_spread_a_sampling
12.5001,0.22626,0.0000,0.1950,-0.00482,0.00491,0.14954,-40.9,1.0000,-24.1509,0.4741,-6.9600,133.485,ppo_car_spread_a_sampling
12.5201,0.15506,0.0000,0.6384,-0.01658,0.01659,0.30195,-40.9,1.0000,-24.1512,0.4741,-6.9597,133.485,ppo_car_spread_a_sampling
12.5401,0.09039,0.0000,0.6384,-0.04034,0.04036,0.12869,-134.1,1.0000,-24.1518,0.4741,-6.9591,133.484,ppo_car_spread_a_sampling
12.5601,0.02274,0.0000,0.6384,-0.05819,0.05820,0.42796,-134.1,1.0000,-24.1527,0.4741,-6.9582,133.486,ppo_car_spread_a_sampling
12.5801,0.02274,0.0000,0.6384,-0.09221,0.09221,0.18945,-134.1,1.0000,-24.1541,0.4741,-6.9568,133.483,ppo_car_spread_a_sampling
12.6001,-0.04273,0.0701,0.0000,-0.10549,0.10549,0.48488,-134.1,1.0000,-24.1557,0.4741,-6.9553,133.481,ppo_car_spread_a_sampling
12.6201,-0.09914,0.0701,0.0000,-0.10715,0.10715,0.18774,36.8,1.0000,-24.1573,0.4741,-6.9538,133.481,ppo_car_spread_a_sampling
12.6401,-0.09914,0.0701,0.0000,-0.09764,0.09765,0.13262,36.8,1.0000,-24.1588,0.4741,-6.9524,133.481,ppo_car_spread_a_sampling
12.6601,-0.09914,0.0701,0.0000,-0.08705,0.08707,0.42140,36.8,1.0000,-24.1601,0.4741,-6.9512,133.484,ppo_car_spread_a_sampling
12.6801,-0.16596,0.0000,0.1345,-0.08468,0.08470,0.41546,36.8,1.0000,-24.1614,0.4741,-6.9501,133.487,ppo_car_spread_a_sampling
12.7001,-0.23064,0.0000,0.1345,-0.08789,0.08793,0.39568,-28.2,1.0000,-24.1627,0.4741,-6.9489,133.486,ppo_car_spread_a_sampling
12.7201,-0.32240,0.0000,0.1345,-0.08994,0.09002,0.43070,-28.2,1.0000,-24.1641,0.4741,-6.9477,133.491,ppo_car_spread_a_sampling
12.7401,-0.36094,0.0000,0.1345,-0.10149,0.10168,0.07826,-28.2,1.0000,-24.1656,0.4741,-6.9464,133.498,ppo_car_spread_a_sampling
12.7601,-0.26794,0.3953,0.0000,-0.10239,0.10266,0.28591,-28.2,1.0000,-24.1672,0.4741,-6.9451,133.506,ppo_car_spread_a_sampling
12.7801,-0.22463,0.3953,0.0000,-0.06666,0.06680,0.08208,207.6,1.0000,-24.1682,0.4741,-6.9443,133.511,ppo_car_spread_a_sampling
12.8001,-0.22463,0.3953,0.0000,-0.02735,0.02742,0.33621,207.6,1.0000,-24.1686,0.4741,-6.9440,133.513,ppo_car_spread_a_sampling
12.8201,-0.22463,0.3953,0.0000,0.01047,0.01047,0.21487,207.6,1.0000,-24.1683,0.4741,-6.9442,133.512,ppo_car_spread_a_sampling
12.8401,-0.16171,0.0000,0.5538,0.04824,0.04829,0.17280,207.6,1.0000,-24.1675,0.4741,-6.9450,133.512,ppo_car_spread_a_sampling
12.8601,-0.12527,0.0000,0.5538,0.02926,0.02929,0.27399,-116.3,1.0000,-24.1670,0.4741,-6.9454,133.512,ppo_car_spread_a_sampling
12.8801,-0.12527,0.0000,0.5538,0.01496,0.01497,0.35449,-116.3,1.0000,-24.1667,0.4741,-6.9456,133.510,ppo_car_spread_a_sampling
12.9001,-0.12527,0.0000,0.5538,-0.01272,0.01273,0.32703,-116.3,1.0000,-24.1669,0.4741,-6.9455,133.507,ppo_car_spread_a_sampling
12.9201,-0.20349,0.5525,0.0000,-0.03628,0.03629,0.22226,-116.3,1.0000,-24.1674,0.4741,-6.9450,133.507,ppo_car_spread_a_sampling
12.9401,-0.28125,0.5525,0.0000,0.01818,0.01822,0.26861,290.1,1.0000,-24.1671,0.4741,-6.9452,133.505,ppo_car_spread_a_sampling
12.9601,-0.33209,0.5525,0.0000,0.06772,0.06783,0.48697,290.1,1.0000,-24.1660,0.4741,-6.9462,133.505,ppo_car_spread_a_sampling
12.9801,-0.33493,0.5525,0.0000,0.12191,0.12223,0.35484,290.1,1.0000,-24.1640,0.4741,-6.9478,133.499,ppo_car_spread_a_sampling
13.0001,-0.41299,0.1823,0.0000,0.17090,0.17136,0.40404,290.1,1.0000,-24.1613,0.4741,-6.9500,133.487,ppo_car_spread_a_sampling
13.0201,-0.43868,0.1823,0.0000,0.19478,0.19547,0.30996,95.7,1.0000,-24.1581,0.4741,-6.9525,133.469,ppo_car_spread_a_sampling
13.0401,-0.43868,0.1823,0.0000,0.20850,0.20937,0.45281,95.7,1.0000,-24.1548,0.4741,-6.9552,133.453,ppo_car_spread_a_sampling
13.0601,-0.43868,0.1823,0.0000,0.22738,0.22833,0.54971,95.7,1.0000,-24.1511,0.4741,-6.9580,133.435,ppo_car_spread_a_sampling
13.0801,-0.37786,0.1292,0.0000,0.24232,0.24339,0.52303,95.7,1.0000,-24.1472,0.4741,-6.9610,133.411,ppo_car_spread_a_sampling
13.1001,-0.37786,0.1292,0.0000,0.25677,0.25774,0.55617,67.8,1.0000,-24.1432,0.4741,-6.9643,133.395,ppo_car_spread_a_sampling
13.1201,-0.37786,0.1292,0.0000,0.26880,0.26975,0.54658,67.8,1.0000,-24.1389,0.4741,-6.9676,133.375,ppo_car_spread_a_sampling
13.1401,-0.37786,0.1292,0.0000,0.27769,0.27862,0.57701,67.8,1.0000,-24.1346,0.4741,-6.9711,133.356,ppo_car_spread_a_sampling
13.1601,-0.31998,0.0000,0.4221,0.28691,0.28787,0.60174,67.8,1.0000,-24.1301,0.4741,-6.9747,133.334,ppo_car_spread_a_sampling
13.1801,-0.24234,0.0000,0.4221,0.19265,0.19321,0.00000,0.0,1.0000,-24.1272,0.4741,-6.9770,133.326,ppo_car_spread_a_sampling
13.2001,-0.15672,0.0000,0.4221,0.00758,0.01157,0.00000,0.0,1.0000,-24.1272,0.4741,-6.9768,133.327,ppo_car_spread_a_sampling
13.2201,-0.08141,0.0000,0.4221,-0.00810,0.00854,0.29834,-88.6,1.0000,-24.1275,0.4741,-6.9765,133.324,ppo_car_spread_a_sampling
13.2401,-0.14287,0.2230,0.0000,-0.01944,0.01945,0.39410,-88.6,1.0000,-24.1279,0.4741,-6.9761,133.324,ppo_car_spread_a_sampling
13.2601,-0.22245,0.2230,0.0000,-0.00537,0.00539,0.34854,117.1,1.0000,-24.1281,0.4741,-6.9759,133.324,ppo_car_spread_a_sampling
13.2801,-0.30018,0.2230,0.0000,0.01932,0.01937,0.08517,117.1,1.0000,-24.1279,0.4741,-6.9761,133.323,ppo_car_spread_a_sampling
13.3001,-0.37267,0.2230,0.0000,0.04077,0.04088,0.28385,117.1,1.0000,-24.1274,0.4741,-6.9766,133.323,ppo_car_spread_a_sampling
13.3201,-0.29645,0.1673,0.0000,0.06154,0.06173,0.38739,117.1,1.0000,-24.1265,0.4741,-6.9773,133.318,ppo_car_spread_a_sampling
13.3401,-0.22110,0.1673,0.0000,0.07092,0.07108,0.42405,87.8,1.0000,-24.1254,0.4741,-6.9782,133.311,ppo_car_spread_a_sampling
13.3601,-0.15919,0.1673,0.0000,0.09323,0.09340,0.45226,87.8,1.0000,-24.1239,0.4741,-6.9795,133.307,ppo_car_spread_a_sampling
13.3801,-0.12517,0.1673,0.0000,0.10612,0.10623,0.47029,87.8,1.0000,-24.1223,0.4741,-6.9809,133.305,ppo_car_spread_a_sampling
13.4001,-0.18380,0.0000,0.3683,0.12775,0.12782,0.15047,87.8,1.0000,-24.1203,0.4741,-6.9826,133.302,ppo_car_spread_a_sampling
13.4201,-0.27295,0.0000,0.3683,0.12493,0.12502,0.00000,0.0,1.0000,-24.1184,0.4741,-6.9843,133.296,ppo_car_spread_a_sampling
13.4401,-0.34800,0.0000,0.3683,0.00268,0.00482,0.00000,0.0,1.0000,-24.1184,0.4741,-6.9842,133.297,ppo_car_spread_a_sampling
13.4601,-0.40842,0.0000,0.3683,-0.01138,0.01140,0.36534,-77.3,1.0000,-24.1186,0.4741,-6.9840,133.301,ppo_car_spread_a_sampling
13.4801,-0.34272,0.0000,0.2412,-0.02711,0.02715,0.26298,-77.3,1.0000,-24.1190,0.4741,-6.9837,133.305,ppo_car_spread_a_sampling
13.5001,-0.25543,0.0000,0.2412,-0.03153,0.03162,0.39786,-50.7,1.0000,-24.1195,0.4741,-6.9832,133.307,ppo_car_spread_a_sampling
13.5201,-0.19045,0.0000,0.2412,-0.04269,0.04275,0.26975,-50.7,1.0000,-24.1202,0.4741,-6.9827,133.309,ppo_car_spread_a_sampling
13.5401,-0.09991,0.0000,0.2412,-0.05195,0.05200,0.19015,-50.7,1.0000,-24.1210,0.4741,-6.9820,133.311,ppo_car_spread_a_sampling
13.5601,-0.16130,0.4058,0.0000,-0.06385,0.06387,0.41624,-50.7,1.0000,-24.1220,0.4741,-6.9811,133.313,ppo_car_spread_a_sampling
13.5801,-0.23363,0.4058,0.0000,-0.02544,0.02546,0.34668,213.1,1.0000,-24.1223,0.4741,-6.9808,133.318,ppo_car_spread_a_sampling
13.6001,-0.31193,0.4058,0.0000,0.01330,0.01333,0.41637,213.1,1.0000,-24.1221,0.4741,-6.9810,133.313,ppo_car_spread_a_sampling
13.6201,-0.39493,0.4058,0.0000,0.05344,0.05358,0.31034,213.1,1.0000,-24.1211,0.4741,-6.9818,133.309,ppo_car_spread_a_sampling
13.6401,-0.41341,0.3157,0.0000,0.09755,0.09785,0.16789,213.1,1.0000,-24.1195,0.4741,-6.9831,133.302,ppo_car_spread_a_sampling
13.6601,-0.41341,0.3157,0.0000,0.12648,0.12697,0.15331,165.7,1.0000,-24.1174,0.4741,-6.9848,133.293,ppo_car_spread_a_sampling
13.6801,-0.41341,0.3157,0.0000,0.15217,0.15279,0.28128,165.7,1.0000,-24.1149,0.4741,-6.9867,133.281,ppo_car_spread_a_sampling
13.7001,-0.41341,0.3157,0.0000,0.18452,0.18521,0.53617,165.7,1.0000,-24.1118,0.4741,-6.9891,133.265,ppo_car_spread_a_sampling
13.7201,-0.50074,0.2319,0.0000,0.21219,0.21305,0.48278,165.7,1.0000,-24.1083,0.4741,-6.9918,133.248,ppo_car_spread_a_sampling
13.7401,-0.50958,0.2319,0.0000,0.23469,0.23594,0.48817,121.7,1.0000,-24.1045,0.4741,-6.9947,133.226,ppo_car_spread_a_sampling
13.7601,-0.50958,0.2319,0.0000,0.25526,0.25675,0.57318,121.7,1.0000,-24.1003,0.4741,-6.9979,133.200,ppo_car_spread_a_sampling
13.7801,-0.50958,0.2319,0.0000,0.27495,0.27657,0.59670,121.7,1.0000,-24.0958,0.4741,-7.0012,133.175,ppo_car_spread_a_sampling
13.8001,-0.44963,0.0000,0.4831,0.29682,0.29860,0.58894,121.7,1.0000,-24.0909,0.4741,-7.0049,133.147,ppo_car_spread_a_sampling
13.8201,-0.38059,0.0000,0.4831,0.18982,0.19087,0.00000,0.0,1.0000,-24.0879,0.4741,-7.0071,133.136,ppo_car_spread_a_sampling
13.8401,-0.28636,0.0000,0.4831,0.00903,0.01455,0.00000,0.0,1.0000,-24.0878,0.4741,-7.0069,133.130,ppo_car_spread_a_sampling
13.8601,-0.26541,0.0000,0.4831,-0.01022,0.01064,0.26380,-101.5,1.0000,-24.0881,0.4741,-7.0066,133.128,ppo_car_spread_a_sampling
13.8801,-0.18200,0.0000,0.3051,-0.02384,0.02384,0.41413,-101.5,1.0000,-24.0886,0.4741,-7.0062,133.126,ppo_car_spread_a_sampling
13.9001,-0.10491,0.0000,0.3051,-0.04172,0.04173,0.16748,-64.1,1.0000,-24.0894,0.4741,-7.0055,133.129,ppo_car_spread_a_sampling
13.9201,-0.02620,0.0000,0.3051,-0.04870,0.04871,0.19658,-64.1,1.0000,-24.0903,0.4741,-7.0048,133.130,ppo_car_spread_a_sampling
13.9401,0.03578,0.0000,0.3051,-0.06376,0.06376,0.40227,-64.1,1.0000,-24.0913,0.4741,-7.0038,133.132,ppo_car_spread_a_sampling
13.9601,0.05915,0.0000,0.5358,-0.07425,0.07425,0.29342,-64.1,1.0000,-24.0925,0.4741,-7.0027,133.133,ppo_car_spread_a_sampling
13.9801,0.05915,0.0000,0.5358,-0.09721,0.09722,0.05739,-112.5,1.0000,-24.0940,0.4741,-7.0013,133.133,ppo_car_spread_a_sampling
14.0001,0.05915,0.0000,0.5358,-0.10924,0.10925,0.42116,-112.5,1.0000,-24.0956,0.4741,-6.9998,133.132,ppo_car_spread_a_sampling
14.0201,0.05915,0.0000,0.5358,-0.13406,0.13407,0.50249,-112.5,1.0000,-24.0976,0.4741,-6.9979,133.133,ppo_car_spread_a_sampling
14.0401,0.04365,0.0000,0.0094,-0.15912,0.15914,0.30003,-112.5,1.0000,-24.1000,0.4741,-6.9956,133.131,ppo_car_spread_a_sampling
14.0601,0.04365,0.0000,0.0094,-0.15254,0.15255,0.48860,-2.0,1.0000,-24.1022,0.4741,-6.9935,133.129,ppo_car_spread_a_sampling
14.0801,0.04365,0.0000,0.0094,-0.15496,0.15497,0.47017,-2.0,1.0000,-24.1045,0.4741,-6.9913,133.131,ppo_car_spread_a_sampling
14.1001,0.04365,0.0000,0.0094,-0.15662,0.15662,0.31849,-2.0,1.0000,-24.1067,0.4741,-6.9892,133.130,ppo_car_spread_a_sampling
14.1201,0.06520,0.7962,0.0000,-0.15390,0.15391,0.45473,-2.0,1.0000,-24.1089,0.4741,-6.9871,133.131,ppo_car_spread_a_sampling
14.1401,0.06520,0.7962,0.0000,-0.08923,0.08924,0.23729,418.0,1.0000,-24.1101,0.4741,-6.9859,133.128,ppo_car_spread_a_sampling
14.1601,0.06520,0.7962,0.0000,-0.00284,0.00284,0.26883,418.0,1.0000,-24.1100,0.4741,-6.9860,133.128,ppo_car_spread_a_sampling
14.1801,0.06520,0.7962,0.0000,0.07401,0.07402,0.17836,418.0,1.0000,-24.1088,0.4741,-6.9872,133.127,ppo_car_spread_a_sampling
14.2001,0.02972,0.1166,0.0000,0.14964,0.14966,0.31225,418.0,1.0000,-24.1064,0.4741,-6.9895,133.129,ppo_car_spread_a_sampling
14.2201,-0.06811,0.1166,0.0000,0.15812,0.15813,0.36241,61.2,1.0000,-24.1040,0.4741,-6.9918,133.132,ppo_car_spread_a_sampling
14.2401,-0.08128,0.1166,0.0000,0.17330,0.17331,0.34623,61.2,1.0000,-24.1013,0.4741,-6.9943,133.132,ppo_car_spread_a_sampling
14.2601,-0.08128,0.1166,0.0000,0.18154,0.18156,0.44026,61.2,1.0000,-24.0985,0.4741,-6.9968,133.127,ppo_car_spread_a_sampling
14.2801,-0.02889,0.0000,0.1671,0.19609,0.19612,0.28098,61.2,1.0000,-24.0955,0.4741,-6.9996,133.122,ppo_car_spread_a_sampling
14.3001,0.04864,0.0000,0.1671,0.19653,0.19654,0.00000,0.0,1.0000,-24.0925,0.4741,-7.0023,133.122,ppo_car_spread_a_sampling
14.3201,0.11876,0.0000,0.1671,0.00519,0.00519,0.00000,0.0,1.0000,-24.0925,0.4741,-7.0023,133.123,ppo_car_spread_a_sampling
14.3401,0.18702,0.0000,0.1671,-0.00198,0.00198,0.26307,-35.1,1.0000,-24.0926,0.4741,-7.0022,133.124,ppo_car_spread_a_sampling
14.3601,0.27355,0.0000,0.0389,-0.00827,0.00827,0.25175,-35.1,1.0000,-24.0928,0.4741,-7.0020,133.125,ppo_car_spread_a_sampling
14.3801,0.36033,0.0000,0.0389,-0.00938,0.00941,0.13610,-8.2,1.0000,-24.0930,0.4741,-7.0017,133.124,ppo_car_spread_a_sampling
14.4001,0.40055,0.0000,0.0389,-0.00967,0.00971,0.37630,-8.2,1.0000,-24.0932,0.4741,-7.0015,133.121,ppo_car_spread_a_sampling
14.4201,0.40055,0.0000,0.0389,-0.01755,0.01764,0.21884,-8.2,1.0000,-24.0935,0.4741,-7.0012,133.120,ppo_car_spread_a_sampling
14.4401,0.32813,0.3218,0.0000,-0.01606,0.01612,0.15985,-8.2,1.0000,-24.0938,0.4741,-7.0009,133.119,ppo_car_spread_a_sampling
14.4601,0.26615,0.3218,0.0000,0.01435,0.01440,0.29775,168.9,1.0000,-24.0936,0.4741,-7.0011,133.119,ppo_car_spread_a_sampling
14.4801,0.19139,0.3218,0.0000,0.04773,0.04781,0.25005,168.9,1.0000,-24.0930,0.4741,-7.0018,133.120,ppo_car_spread_a_sampling
14.5001,0.11678,0.3218,0.0000,0.08386,0.08395,0.30698,168.9,1.0000,-24.0918,0.4741,-7.0030,133.121,ppo_car_spread_a_sampling
14.5201,0.04917,0.0279,0.0000,0.11299,0.11304,0.31844,168.9,1.0000,-24.0901,0.4741,-7.0046,133.121,ppo_car_spread_a_sampling
14.5401,-0.04078,0.0279,0.0000,0.11831,0.11833,0.23741,14.7,1.0000,-24.0884,0.4741,-7.0063,133.121,ppo_car_spread_a_sampling
14.5601,-0.09549,0.0279,0.0000,0.11541,0.11541,0.38205,14.7,1.0000,-24.0867,0.4741,-7.0079,133.118,ppo_car_spread_a_sampling
14.5801,-0.18562,0.0279,0.0000,0.11732,0.11733,0.44802,14.7,1.0000,-24.0850,0.4741,-7.0095,133.119,ppo_car_spread_a_sampling
14.6001,-0.24773,0.0000,0.1393,0.12117,0.12122,0.27677,14.7,1.0000,-24.0831,0.4741,-7.0111,133.116,ppo_car_spread_a_sampling
14.6201,-0.31673,0.0000,0.1393,0.13518,0.13534,0.00000,0.0,1.0000,-24.0810,0.4741,-7.0128,133.110,ppo_car_spread_a_sampling
14.6401,-0.31673,0.0000,0.1393,0.00361,0.00616,0.00000,0.0,1.0000,-24.0810,0.4741,-7.0127,133.111,ppo_car_spread_a_sampling
14.6601,-0.31673,0.0000,0.1393,-0.00364,0.00377,0.19887,-29.3,1.0000,-24.0811,0.4741,-7.0126,133.111,ppo_car_spread_a_sampling
14.6802,-0.23063,0.0000,0.5608,-0.01001,0.01001,0.17407,-29.3,1.0000,-24.0813,0.4741,-7.0124,133.111,ppo_car_spread_a_sampling
14.7002,-0.17414,0.0000,0.5608,-0.02726,0.02729,0.15119,-117.8,1.0000,-24.0818,0.4741,-7.0120,133.112,ppo_car_spread_a_sampling
14.7202,-0.08609,0.0000,0.5608,-0.05055,0.05059,0.19554,-117.8,1.0000,-24.0826,0.4741,-7.0113,133.114,ppo_car_spread_a_sampling
14.7402,-0.02198,0.0000,0.5608,-0.07334,0.07336,0.11334,-117.8,1.0000,-24.0838,0.4741,-7.0102,133.118,ppo_car_spread_a_sampling
14.7602,-0.09889,0.1614,0.0000,-0.09286,0.09286,0.20203,-117.8,1.0000,-24.0852,0.4741,-7.0089,133.119,ppo_car_spread_a_sampling
14.7802,-0.17752,0.1614,0.0000,-0.08265,0.08266,0.23473,84.7,1.0000,-24.0865,0.4741,-7.0078,133.121,ppo_car_spread_a_sampling
14.8002,-0.23936,0.1614,0.0000,-0.06668,0.06671,0.09537,84.7,1.0000,-24.0875,0.4741,-7.0069,133.122,ppo_car_spread_a_sampling
14.8202,-0.32066,0.1614,0.0000,-0.04826,0.04829,0.09370,84.7,1.0000,-24.0882,0.4741,-7.0063,133.124,ppo_car_spread_a_sampling
14.8402,-0.24184,0.6998,0.0000,-0.03291,0.03299,0.31509,84.7,1.0000,-24.0887,0.4741,-7.0059,133.127,ppo_car_spread_a_sampling
14.8602,-0.16547,0.6998,0.0000,0.03860,0.03866,0.23884,367.4,1.0000,-24.0880,0.4741,-7.0064,133.127,ppo_car_spread_a_sampling
14.8802,-0.10894,0.6998,0.0000,0.10363,0.10371,0.32089,367.4,1.0000,-24.0864,0.4741,-7.0079,133.127,ppo_car_spread_a_sampling
14.9002,-0.03271,0.6998,0.0000,0.16572,0.16578,0.39861,367.4,1.0000,-24.0837,0.4741,-7.0102,133.124,ppo_car_spread_a_sampling
14.9202,-0.11009,0.0000,0.5706,0.23731,0.23733,0.61016,367.4,1.0000,-24.0801,0.4741,-7.0136,133.123,ppo_car_spread_a_sampling
14.9402,-0.18603,0.0000,0.5706,0.19092,0.19095,0.00000,0.0,1.0000,-24.0771,0.4741,-7.0162,133.118,ppo_car_spread_a_sampling
14.9602,-0.25795,0.0000,0.5706,0.00398,0.00547,0.00000,0.0,1.0000,-24.0771,0.4741,-7.0162,133.119,ppo_car_spread_a_sampling
14.9802,-0.32725,0.0000,0.5706,-0.01924,0.01924,0.38221,-119.8,1.0000,-24.0774,0.4741,-7.0158,133.117,ppo_car_spread_a_sampling
15.0002,-0.25673,1.0000,0.0000,-0.04255,0.04263,0.13432,-119.8,1.0000,-24.0781,0.4741,-7.0152,133.121,ppo_car_spread_a_sampling
15.0202,-0.16981,1.0000,0.0000,0.05639,0.05648,0.17386,525.0,1.0000,-24.0773,0.4741,-7.0160,133.117,ppo_car_spread_a_sampling
15.0402,-0.10841,1.0000,0.0000,0.15624,0.15635,0.31037,525.0,1.0000,-24.0748,0.4741,-7.0181,133.113,ppo_car_spread_a_sampling
15.0602,-0.08183,1.0000,0.0000,0.24773,0.24782,0.62453,525.0,1.0000,-24.0710,0.4741,-7.0215,133.106,ppo_car_spread_a_sampling
15.0802,-0.01722,0.0000,0.1491,0.34686,0.34694,0.52386,525.0,1.0000,-24.0657,0.4741,-7.0263,133.101,ppo_car_spread_a_sampling
15.1002,0.06854,0.0000,0.1491,0.28884,0.28887,0.45178,0.0,1.0000,-24.0613,0.4741,-7.0302,133.116,ppo_car_spread_a_sampling
15.1202,0.07677,0.0000,0.1491,0.19059,0.19059,0.48737,0.0,1.0000,-24.0586,0.4741,-7.0328,133.123,ppo_car_spread_a_sampling
15.1402,0.07677,0.0000,0.1491,0.01006,0.01013,0.00000,0.0,1.0000,-24.0586,0.4741,-7.0328,133.120,ppo_car_spread_a_sampling
15.1602,0.17844,0.2570,0.0000,0.00685,0.00686,0.28700,-31.3,1.0000,-24.0586,0.4741,-7.0328,133.118,ppo_car_spread_a_sampling
15.1802,0.24987,0.2570,0.0000,0.02278,0.02278,0.40271,134.9,1.0000,-24.0584,0.4741,-7.0331,133.118,ppo_car_spread_a_sampling
15.2002,0.31642,0.2570,0.0000,0.05423,0.05429,0.26147,134.9,1.0000,-24.0577,0.4741,-7.0338,133.121,ppo_car_spread_a_sampling
15.2202,0.38769,0.2570,0.0000,0.07397,0.07414,0.45993,134.9,1.0000,-24.0568,0.4741,-7.0348,133.124,ppo_car_spread_a_sampling
15.2402,0.31606,0.0000,0.2918,0.10489,0.10522,0.16512,134.9,1.0000,-24.0554,0.4741,-7.0364,133.130,ppo_car_spread_a_sampling
15.2602,0.22633,0.0000,0.2918,0.11056,0.11082,0.00000,0.0,1.0000,-24.0539,0.4741,-7.0380,133.137,ppo_car_spread_a_sampling
15.2802,0.16286,0.0000,0.2918,0.00345,0.00562,0.00000,0.0,1.0000,-24.0540,0.4741,-7.0380,133.138,ppo_car_spread_a_sampling
15.3002,0.08234,0.0000,0.2918,-0.01023,0.01027,0.32061,-61.3,1.0000,-24.0542,0.4741,-7.0378,133.142,ppo_car_spread_a_sampling
15.3202,0.01720,0.1506,0.0000,-0.01903,0.01903,0.35028,-61.3,1.0000,-24.0546,0.4741,-7.0375,133.143,ppo_car_spread_a_sampling
15.3402,-0.07086,0.1506,0.0000,-0.00527,0.00527,0.34463,79.1,1.0000,-24.0547,0.4741,-7.0374,133.139,ppo_car_spread_a_sampling
15.3602,-0.14755,0.1506,0.0000,0.00680,0.00680,0.27323,79.1,1.0000,-24.0546,0.4741,-7.0375,133.135,ppo_car_spread_a_sampling
15.3802,-0.22224,0.1506,0.0000,0.02822,0.02824,0.30905,79.1,1.0000,-24.0542,0.4741,-7.0379,133.138,ppo_car_spread_a_sampling
15.4002,-0.16425,0.0000,0.1140,0.03951,0.03955,0.36638,79.1,1.0000,-24.0535,0.4741,-7.0384,133.140,ppo_car_spread_a_sampling
15.4202,-0.10577,0.0000,0.1140,0.03838,0.03840,0.30645,-23.9,1.0000,-24.0529,0.4741,-7.0389,133.140,ppo_car_spread_a_sampling
15.4402,-0.00904,0.0000,0.1140,0.03311,0.03312,0.28467,-23.9,1.0000,-24.0524,0.4741,-7.0394,133.142,ppo_car_spread_a_sampling
15.4602,0.06825,0.0000,0.1140,0.02882,0.02882,0.32990,-23.9,1.0000,-24.0520,0.4741,-7.0398,133.138,ppo_car_spread_a_sampling
15.4802,0.12695,0.1252,0.0000,0.01763,0.01763,0.32390,-23.9,1.0000,-24.0517,0.4741,-7.0400,133.138,ppo_car_spread_a_sampling
15.5002,0.20353,0.1252,0.0000,0.03208,0.03209,0.30011,65.7,1.0000,-24.0512,0.4741,-7.0405,133.140,ppo_car_spread_a_sampling
15.5202,0.28532,0.1252,0.0000,0.04708,0.04712,0.02175,65.7,1.0000,-24.0505,0.4741,-7.0412,133.142,ppo_car_spread_a_sampling
15.5402,0.36246,0.1252,0.0000,0.06082,0.06094,0.42200,65.7,1.0000,-24.0496,0.4741,-7.0421,133.142,ppo_car_spread_a_sampling
15.5602,0.30406,0.0000,0.3106,0.06673,0.06693,0.37414,65.7,1.0000,-24.0487,0.4741,-7.0432,133.145,ppo_car_spread_a_sampling
15.5802,0.22448,0.0000,0.3106,0.05959,0.05973,0.27401,-65.2,1.0000,-24.0478,0.4741,-7.0441,133.147,ppo_car_spread_a_sampling
15.6002,0.15015,0.0000,0.3106,0.04877,0.04886,0.27913,-65.2,1.0000,-24.0472,0.4741,-7.0448,133.150,ppo_car_spread_a_sampling
15.6202,0.07826,0.0000,0.3106,0.03087,0.03090,0.38793,-65.2,1.0000,-24.0467,0.4741,-7.0452,133.148,ppo_car_spread_a_sampling
15.6402,-0.00115,0.0662,0.0000,0.02380,0.02381,0.33331,-65.2,1.0000,-24.0464,0.4741,-7.0456,133.151,ppo_car_spread_a_sampling
15.6602,-0.05994,0.0662,0.0000,0.03085,0.03085,0.32758,34.7,1.0000,-24.0459,0.4741,-7.0460,133.156,ppo_car_spread_a_sampling
15.6802,-0.15606,0.0662,0.0000,0.03687,0.03687,0.15420,34.7,1.0000,-24.0454,0.4741,-7.0465,133.157,ppo_car_spread_a_sampling
15.7002,-0.22583,0.0662,0.0000,0.04231,0.04232,0.20579,34.7,1.0000,-24.0447,0.4741,-7.0471,133.159,ppo_car_spread_a_sampling
15.7202,-0.29068,0.2614,0.0000,0.04369,0.04371,0.37189,34.7,1.0000,-24.0441,0.4741,-7.0477,133.159,ppo_car_spread_a_sampling
15.7402,-0.37209,0.2614,0.0000,0.07804,0.07818,0.21592,137.3,1.0000,-24.0428,0.4741,-7.0487,133.154,ppo_car_spread_a_sampling
15.7602,-0.42290,0.2614,0.0000,0.09359,0.09385,0.37313,137.3,1.0000,-24.0413,0.4741,-7.0499,133.146,ppo_car_spread_a_sampling
15.7802,-0.42290,0.2614,0.0000,0.11811,0.11859,0.47757,137.3,1.0000,-24.0394,0.4741,-7.0514,133.139,ppo_car_spread_a_sampling
15.8002,-0.50276,0.0000,0.0654,0.15360,0.15425,0.12070,137.3,1.0000,-24.0369,0.4741,-7.0533,133.125,ppo_car_spread_a_sampling
15.8202,-0.56112,0.0000,0.0654,0.13577,0.13644,0.00000,0.0,1.0000,-24.0347,0.4741,-7.0550,133.115,ppo_car_spread_a_sampling
15.8402,-0.64003,0.0000,0.0654,0.00273,0.00744,0.00000,0.0,1.0000,-24.0346,0.4741,-7.0548,133.116,ppo_car_spread_a_sampling
15.8602,-0.71007,0.0000,0.0654,0.00348,0.00413,0.25170,-13.7,1.0000,-24.0346,0.4741,-7.0548,133.118,ppo_car_spread_a_sampling
15.8802,-0.65068,0.1928,0.0000,-0.00253,0.00264,0.30667,-13.7,1.0000,-24.0347,0.4741,-7.0547,133.117,ppo_car_spread_a_sampling
15.9002,-0.57723,0.1928,0.0000,0.02030,0.02065,0.24360,101.2,1.0000,-24.0344,0.4741,-7.0549,133.115,ppo_car_spread_a_sampling
15.9202,-0.49454,0.1928,0.0000,0.03359,0.03382,0.41616,101.2,1.0000,-24.0339,0.4741,-7.0553,133.115,ppo_car_spread_a_sampling
15.9402,-0.41378,0.1928,0.0000,0.05905,0.05940,0.19296,101.2,1.0000,-24.0329,0.4741,-7.0560,133.109,ppo_car_spread_a_sampling
15.9602,-0.35530,0.4988,0.0000,0.07471,0.07507,0.16171,101.2,1.0000,-24.0317,0.4741,-7.0569,133.103,ppo_car_spread_a_sampling
15.9802,-0.27654,0.4988,0.0000,0.11897,0.11938,0.49457,261.8,1.0000,-24.0298,0.4741,-7.0584,133.092,ppo_car_spread_a_sampling
16.0002,-0.20470,0.4988,0.0000,0.16996,0.17033,0.22868,261.8,1.0000,-24.0271,0.4741,-7.0606,133.082,ppo_car_spread_a_sampling
16.0202,-0.12739,0.4988,0.0000,0.21587,0.21615,0.43461,261.8,1.0000,-24.0237,0.4741,-7.0635,133.068,ppo_car_spread_a_sampling
16.0402,-0.21024,0.0000,0.3212,0.26081,0.26097,0.58071,261.8,1.0000,-24.0197,0.4741,-7.0670,133.057,ppo_car_spread_a_sampling
16.0602,-0.28545,0.0000,0.3212,0.19070,0.19085,0.00000,0.0,1.0000,-24.0168,0.4741,-7.0695,133.052,ppo_car_spread_a_sampling
16.0802,-0.30309,0.0000,0.3212,0.00519,0.00823,0.00000,0.0,1.0000,-24.0167,0.4741,-7.0694,133.053,ppo_car_spread_a_sampling
16.1002,-0.30309,0.0000,0.3212,-0.00360,0.00391,0.24946,-67.5,1.0000,-24.0169,0.4741,-7.0692,133.053,ppo_car_spread_a_sampling
16.1202,-0.26447,0.0000,0.3670,-0.01753,0.01754,0.22927,-67.5,1.0000,-24.0172,0.4741,-7.0689,133.054,ppo_car_spread_a_sampling
16.1402,-0.26447,0.0000,0.3670,-0.03384,0.03390,0.22151,-77.1,1.0000,-24.0179,0.4741,-7.0684,133.054,ppo_car_spread_a_sampling
16.1602,-0.26447,0.0000,0.3670,-0.04519,0.04526,0.29656,-77.1,1.0000,-24.0186,0.4741,-7.0678,133.055,ppo_car_spread_a_sampling
16.1802,-0.26447,0.0000,0.3670,-0.05844,0.05854,0.43700,-77.1,1.0000,-24.0196,0.4741,-7.0670,133.056,ppo_car_spread_a_sampling
16.2002,-0.22915,0.0855,0.0000,-0.07950,0.07961,0.24553,-77.1,1.0000,-24.0209,0.4741,-7.0659,133.061,ppo_car_spread_a_sampling
16.2202,-0.14360,0.0855,0.0000,-0.06897,0.06906,0.16174,44.9,1.0000,-24.0220,0.4741,-7.0650,133.063,ppo_car_spread_a_sampling
16.2402,-0.04865,0.0855,0.0000,-0.06702,0.06707,0.27308,44.9,1.0000,-24.0231,0.4741,-7.0641,133.065,ppo_car_spread_a_sampling
16.2602,0.02985,0.0855,0.0000,-0.06259,0.06260,0.29183,44.9,1.0000,-24.0240,0.4741,-7.0633,133.066,ppo_car_spread_a_sampling
16.2802,-0.02332,0.4090,0.0000,-0.05439,0.05439,0.29909,44.9,1.0000,-24.0248,0.4741,-7.0625,133.066,ppo_car_spread_a_sampling
16.3002,-0.02332,0.4090,0.0000,-0.00245,0.00245,0.22770,214.7,1.0000,-24.0248,0.4741,-7.0625,133.068,ppo_car_spread_a_sampling
16.3202,-0.02332,0.4090,0.0000,0.03763,0.03763,0.06319,214.7,1.0000,-24.0241,0.4741,-7.0631,133.067,ppo_car_spread_a_sampling
16.3402,-0.02332,0.4090,0.0000,0.07715,0.07715,0.38926,214.7,1.0000,-24.0229,0.4741,-7.0643,133.066,ppo_car_spread_a_sampling
16.3602,-0.10590,0.0000,0.1688,0.11451,0.11451,0.29855,214.7,1.0000,-24.0211,0.4741,-7.0659,133.067,ppo_car_spread_a_sampling
16.3802,-0.17925,0.0000,0.1688,0.13346,0.13347,0.00000,0.0,1.0000,-24.0190,0.4741,-7.0678,133.062,ppo_car_spread_a_sampling
16.4002,-0.21779,0.0000,0.1688,0.00201,0.00321,0.00000,0.0,1.0000,-24.0190,0.4741,-7.0678,133.063,ppo_car_spread_a_sampling
16.4202,-0.21779,0.0000,0.1688,-0.00619,0.00619,0.33729,-35.5,1.0000,-24.0191,0.4741,-7.0677,133.064,ppo_car_spread_a_sampling
16.4402,-0.14850,0.0203,0.0000,-0.01389,0.01389,0.18944,-35.5,1.0000,-24.0193,0.4741,-7.0675,133.063,ppo_car_spread_a_sampling
16.4602,-0.06883,0.0203,0.0000,-0.01190,0.01191,0.34584,10.7,1.0000,-24.0195,0.4741,-7.0673,133.061,ppo_car_spread_a_sampling
16.4802,0.00358,0.0203,0.0000,-0.00712,0.00712,0.17163,10.7,1.0000,-24.0196,0.4741,-7.0672,133.060,ppo_car_spread_a_sampling
16.5002,0.08148,0.0203,0.0000,-0.00298,0.00298,0.30698,10.7,1.0000,-24.0196,0.4741,-7.0671,133.058,ppo_car_spread_a_sampling
16.5202,0.16937,0.0000,0.1733,-0.00586,0.00586,0.19957,10.7,1.0000,-24.0197,0.4741,-7.0671,133.056,ppo_car_spread_a_sampling
16.5402,0.23100,0.0000,0.1733,-0.01335,0.01336,0.23651,-36.4,1.0000,-24.0199,0.4741,-7.0669,133.057,ppo_car_spread_a_sampling
16.5602,0.31445,0.0000,0.1733,-0.02269,0.02271,0.28943,-36.4,1.0000,-24.0202,0.4741,-7.0665,133.054,ppo_car_spread_a_sampling
16.5802,0.37616,0.0000,0.1733,-0.02513,0.02516,0.30637,-36.4,1.0000,-24.0206,0.4741,-7.0661,133.054,ppo_car_spread_a_sampling
16.6002,0.28711,0.1518,0.0000,-0.02914,0.02922,0.15638,-36.4,1.0000,-24.0210,0.4741,-7.0657,133.051,ppo_car_spread_a_sampling
16.6202,0.21320,0.1518,0.0000,-0.01528,0.01529,0.35579,79.7,1.0000,-24.0212,0.4741,-7.0655,133.050,ppo_car_spread_a_sampling
16.6402,0.16093,0.1518,0.0000,0.00006,0.00006,0.08105,79.7,1.0000,-24.0212,0.4741,-7.0655,133.050,ppo_car_spread_a_sampling
16.6602,0.06587,0.1518,0.0000,0.01229,0.01230,0.17529,79.7,1.0000,-24.0210,0.4741,-7.0657,133.052,ppo_car_spread_a_sampling
16.6802,0.00526,0.0000,0.2884,0.03110,0.03111,0.25884,79.7,1.0000,-24.0205,0.4741,-7.0661,133.055,ppo_car_spread_a_sampling
16.7002,-0.06886,0.0000,0.2884,0.02554,0.02554,0.31277,-60.6,1.0000,-24.0201,0.4741,-7.0665,133.057,ppo_car_spread_a_sampling
16.7202,-0.14466,0.0000,0.2884,0.00677,0.00677,0.22784,-60.6,1.0000,-24.0200,0.4741,-7.0666,133.057,ppo_car_spread_a_sampling
16.7402,-0.22013,0.0000,0.2884,-0.00800,0.00801,0.33607,-60.6,1.0000,-24.0202,0.4741,-7.0665,133.060,ppo_car_spread_a_sampling
16.7602,-0.19072,0.0000,0.0444,-0.01378,0.01381,0.30726,-60.6,1.0000,-24.0204,0.4741,-7.0663,133.062,ppo_car_spread_a_sampling
16.7802,-0.19072,0.0000,0.0444,-0.01859,0.01860,0.16200,-9.3,1.0000,-24.0207,0.4741,-7.0661,133.061,ppo_car_spread_a_sampling
16.8002,-0.19072,0.0000,0.0444,-0.02281,0.02283,0.32046,-9.3,1.0000,-24.0210,0.4741,-7.0657,133.065,ppo_car_spread_a_sampling
16.8202,-0.19072,0.0000,0.0444,-0.01935,0.01936,0.23975,-9.3,1.0000,-24.0214,0.4741,-7.0655,133.067,ppo_car_spread_a_sampling
16.8402,-0.25377,0.1044,0.0000,-0.02543,0.02545,0.31195,-9.3,1.0000,-24.0217,0.4741,-7.0651,133.070,ppo_car_spread_a_sampling
16.8602,-0.33113,0.1044,0.0000,-0.01408,0.01409,0.28455,54.8,1.0000,-24.0220,0.4741,-7.0650,133.070,ppo_car_spread_a_sampling
16.8802,-0.40650,0.1044,0.0000,-0.00140,0.00143,0.34278,54.8,1.0000,-24.0220,0.4741,-7.0649,133.070,ppo_car_spread_a_sampling
16.9002,-0.42952,0.1044,0.0000,0.00722,0.00722,0.28702,54.8,1.0000,-24.0219,0.4741,-7.0651,133.070,ppo_car_spread_a_sampling
16.9202,-0.36798,0.1621,0.0000,0.01544,0.01548,0.33191,54.8,1.0000,-24.0216,0.4741,-7.0653,133.068,ppo_car_spread_a_sampling
16.9402,-0.30954,0.1621,0.0000,0.03321,0.03337,0.25906,85.1,1.0000,-24.0210,0.4741,-7.0657,133.066,ppo_car_spread_a_sampling
16.9602,-0.30954,0.1621,0.0000,0.04801,0.04813,0.25120,85.1,1.0000,-24.0203,0.4741,-7.0663,133.064,ppo_car_spread_a_sampling
16.9802,-0.30954,0.1621,0.0000,0.06600,0.06615,0.29460,85.1,1.0000,-24.0192,0.4741,-7.0672,133.062,ppo_car_spread_a_sampling
17.0002,-0.36704,0.3294,0.0000,0.07870,0.07887,0.22047,85.1,1.0000,-24.0179,0.4741,-7.0682,133.055,ppo_car_spread_a_sampling
17.0202,-0.41686,0.3294,0.0000,0.11718,0.11754,0.16683,172.9,1.0000,-24.0160,0.4741,-7.0697,133.047,ppo_car_spread_a_sampling
17.0402,-0.41686,0.3294,0.0000,0.14137,0.14189,0.32146,172.9,1.0000,-24.0137,0.4741,-7.0715,133.038,ppo_car_spread_a_sampling
17.0602,-0.41686,0.3294,0.0000,0.17778,0.17848,0.19948,172.9,1.0000,-24.0108,0.4741,-7.0738,133.023,ppo_car_spread_a_sampling
17.0802,-0.35370,0.2025,0.0000,0.20621,0.20710,0.49477,172.9,1.0000,-24.0075,0.4741,-7.0763,133.008,ppo_car_spread_a_sampling
17.1002,-0.28562,0.2025,0.0000,0.21999,0.22074,0.51535,106.3,1.0000,-24.0040,0.4741,-7.0791,132.992,ppo_car_spread_a_sampling
17.1202,-0.20084,0.2025,0.0000,0.23739,0.23797,0.53598,106.3,1.0000,-24.0002,0.4741,-7.0821,132.976,ppo_car_spread_a_sampling
17.1402,-0.13125,0.2025,0.0000,0.26657,0.26695,0.52413,106.3,1.0000,-23.9961,0.4741,-7.0856,132.965,ppo_car_spread_a_sampling
17.1602,-0.21858,0.0000,0.7119,0.28328,0.28349,0.55982,106.3,1.0000,-23.9917,0.4741,-7.0893,132.956,ppo_car_spread_a_sampling
17.1802,-0.28162,0.0000,0.7119,0.19578,0.19595,0.00000,0.0,1.0000,-23.9888,0.4741,-7.0919,132.951,ppo_car_spread_a_sampling
17.2002,-0.34333,0.0000,0.7119,0.00682,0.00939,0.00000,0.0,1.0000,-23.9888,0.4741,-7.0917,132.952,ppo_car_spread_a_sampling
17.2202,-0.41745,0.0000,0.7119,-0.01861,0.01861,0.38909,-149.5,1.0000,-23.9893,0.4741,-7.0913,132.951,ppo_car_spread_a_sampling
17.2402,-0.32458,0.0000,0.0377,-0.04286,0.04295,0.42779,-149.5,1.0000,-23.9901,0.4741,-7.0906,132.954,ppo_car_spread_a_sampling
17.2602,-0.26059,0.0000,0.0377,-0.05348,0.05360,0.23581,-7.9,1.0000,-23.9911,0.4741,-7.0898,132.961,ppo_car_spread_a_sampling
17.2802,-0.19807,0.0000,0.0377,-0.05603,0.05614,0.24070,-7.9,1.0000,-23.9921,0.4741,-7.0890,132.964,ppo_car_spread_a_sampling
17.3002,-0.10894,0.0000,0.0377,-0.05357,0.05363,0.35737,-7.9,1.0000,-23.9930,0.4741,-7.0883,132.971,ppo_car_spread_a_sampling
17.3202,-0.04921,0.0000,0.2619,-0.05385,0.05387,0.24488,-7.9,1.0000,-23.9939,0.4741,-7.0875,132.972,ppo_car_spread_a_sampling
17.3402,0.02838,0.0000,0.2619,-0.05943,0.05944,0.32260,-55.0,1.0000,-23.9948,0.4741,-7.0867,132.973,ppo_car_spread_a_sampling
17.3602,0.10420,0.0000,0.2619,-0.07129,0.07129,0.39796,-55.0,1.0000,-23.9959,0.4741,-7.0857,132.968,ppo_car_spread_a_sampling
17.3802,0.15303,0.0000,0.2619,-0.08114,0.08115,0.44513,-55.0,1.0000,-23.9971,0.4741,-7.0845,132.966,ppo_car_spread_a_sampling
17.4002,0.07143,0.2188,0.0000,-0.09600,0.09604,0.26600,-55.0,1.0000,-23.9985,0.4741,-7.0831,132.962,ppo_car_spread_a_sampling
17.4202,0.02163,0.2188,0.0000,-0.07744,0.07745,0.22642,114.9,1.0000,-23.9996,0.4741,-7.0821,132.959,ppo_car_spread_a_sampling
17.4402,-0.05883,0.2188,0.0000,-0.05201,0.05201,0.37616,114.9,1.0000,-24.0003,0.4741,-7.0814,132.955,ppo_car_spread_a_sampling
17.4602,-0.13370,0.2188,0.0000,-0.03505,0.03505,0.31579,114.9,1.0000,-24.0008,0.4741,-7.0810,132.952,ppo_car_spread_a_sampling
17.4802,-0.19762,0.0000,0.1643,-0.01160,0.01160,0.34581,114.9,1.0000,-24.0009,0.4741,-7.0809,132.953,ppo_car_spread_a_sampling
17.5002,-0.19762,0.0000,0.1643,-0.01794,0.01795,0.22362,-34.5,1.0000,-24.0011,0.4741,-7.0807,132.953,ppo_car_spread_a_sampling
17.5202,-0.19762,0.0000,0.1643,-0.02251,0.02253,0.29555,-34.5,1.0000,-24.0014,0.4741,-7.0805,132.951,ppo_car_spread_a_sampling
17.5402,-0.19762,0.0000,0.1643,-0.02162,0.02164,0.33835,-34.5,1.0000,-24.0016,0.4741,-7.0802,132.952,ppo_car_spread_a_sampling
17.5602,-0.22008,0.0000,0.1450,-0.03678,0.03681,0.17273,-34.5,1.0000,-24.0022,0.4741,-7.0798,132.957,ppo_car_spread_a_sampling
17.5802,-0.22008,0.0000,0.1450,-0.04011,0.04015,0.40594,-30.5,1.0000,-24.0027,0.4741,-7.0793,132.961,ppo_car_spread_a_sampling
17.6002,-0.22008,0.0000,0.1450,-0.05138,0.05143,0.25488,-30.5,1.0000,-24.0035,0.4741,-7.0787,132.963,ppo_car_spread_a_sampling
17.6202,-0.22008,0.0000,0.1450,-0.04364,0.04368,0.42299,-30.5,1.0000,-24.0041,0.4741,-7.0781,132.966,ppo_car_spread_a_sampling
17.6402,-0.11898,0.1250,0.0000,-0.05967,0.05974,0.18315,-30.5,1.0000,-24.0050,0.4741,-7.0773,132.970,ppo_car_spread_a_sampling
17.6602,-0.05879,0.1250,0.0000,-0.04594,0.04598,0.31062,65.6,1.0000,-24.0057,0.4741,-7.0768,132.970,ppo_car_spread_a_sampling
17.6802,-0.04088,0.1250,0.0000,-0.03710,0.03711,0.27489,65.6,1.0000,-24.0062,0.4741,-7.0763,132.971,ppo_car_spread_a_sampling
17.7002,-0.04088,0.1250,0.0000,-0.02915,0.02915,0.33709,65.6,1.0000,-24.0066,0.4741,-7.0759,132.973,ppo_car_spread_a_sampling
17.7202,-0.11356,0.8745,0.0000,-0.00565,0.00565,0.34982,65.6,1.0000,-24.0067,0.4741,-7.0759,132.970,ppo_car_spread_a_sampling
17.7402,-0.20967,0.8745,0.0000,0.07562,0.07564,0.36360,459.1,1.0000,-24.0054,0.4741,-7.0770,132.972,ppo_car_spread_a_sampling
17.7602,-0.28318,0.8745,0.0000,0.15779,0.15794,0.32770,459.1,1.0000,-24.0029,0.4741,-7.0791,132.967,ppo_car_spread_a_sampling
17.7802,-0.34288,0.8745,0.0000,0.23683,0.23722,0.58005,459.1,1.0000,-23.9991,0.4741,-7.0823,132.953,ppo_car_spread_a_sampling
17.8002,-0.25799,0.3027,0.0000,0.32849,0.32927,0.36424,459.1,1.0000,-23.9938,0.4741,-7.0865,132.932,ppo_car_spread_a_sampling
17.8202,-0.20417,0.3027,0.0000,0.36092,0.36158,0.25980,158.9,1.0000,-23.9880,0.4741,-7.0912,132.911,ppo_car_spread_a_sampling
17.8402,-0.12318,0.3027,0.0000,0.38840,0.38891,0.58810,158.9,1.0000,-23.9819,0.4741,-7.0963,132.894,ppo_car_spread_a_sampling
17.8602,-0.03474,0.3027,0.0000,0.41090,0.41117,0.67543,158.9,1.0000,-23.9756,0.4741,-7.1018,132.879,ppo_car_spread_a_sampling
17.8802,-0.09400,0.0000,0.5983,0.44751,0.44759,0.57841,158.9,1.0000,-23.9688,0.4741,-7.1078,132.872,ppo_car_spread_a_sampling
17.9002,-0.12898,0.0000,0.5983,0.34501,0.34509,0.45878,0.0,1.0000,-23.9637,0.4741,-7.1124,132.878,ppo_car_spread_a_sampling
17.9202,-0.12898,0.0000,0.5983,0.19740,0.19747,0.00000,0.0,1.0000,-23.9609,0.4741,-7.1149,132.879,ppo_car_spread_a_sampling
17.9402,-0.12898,0.0000,0.5983,0.00960,0.01035,0.00000,0.0,1.0000,-23.9610,0.4741,-7.1147,132.880,ppo_car_spread_a_sampling
17.9602,-0.21262,0.0000,0.4929,-0.00724,0.00731,0.36167,-125.6,1.0000,-23.9613,0.4741,-7.1144,132.882,ppo_car_spread_a_sampling
17.9802,-0.29292,0.0000,0.4929,-0.04096,0.04098,0.28839,-103.5,1.0000,-23.9622,0.4741,-7.1136,132.884,ppo_car_spread_a_sampling
18.0002,-0.34788,0.0000,0.4929,-0.05643,0.05652,0.26124,-103.5,1.0000,-23.9633,0.4741,-7.1127,132.890,ppo_car_spread_a_sampling
18.0202,-0.44075,0.0000,0.4929,-0.06953,0.06970,0.18386,-103.5,1.0000,-23.9646,0.4741,-7.1117,132.893,ppo_car_spread_a_sampling
18.0402,-0.37730,0.1137,0.0000,-0.09139,0.09176,0.22196,-103.5,1.0000,-23.9662,0.4741,-7.1105,132.898,ppo_car_spread_a_sampling
18.0602,-0.30276,0.1137,0.0000,-0.08071,0.08097,0.23875,59.7,1.0000,-23.9676,0.4741,-7.1094,132.906,ppo_car_spread_a_sampling
18.0802,-0.22829,0.1137,0.0000,-0.06689,0.06706,0.25832,59.7,1.0000,-23.9688,0.4741,-7.1085,132.914,ppo_car_spread_a_sampling
18.1002,-0.15175,0.1137,0.0000,-0.06384,0.06394,0.26443,59.7,1.0000,-23.9698,0.4741,-7.1076,132.920,ppo_car_spread_a_sampling
18.1202,-0.21562,0.0563,0.0000,-0.04887,0.04892,0.35964,59.7,1.0000,-23.9706,0.4741,-7.1070,132.918,ppo_car_spread_a_sampling
18.1402,-0.30158,0.0563,0.0000,-0.04495,0.04499,0.30729,29.5,1.0000,-23.9712,0.4741,-7.1064,132.923,ppo_car_spread_a_sampling
18.1602,-0.36156,0.0563,0.0000,-0.03785,0.03792,0.22924,29.5,1.0000,-23.9718,0.4741,-7.1059,132.925,ppo_car_spread_a_sampling
18.1802,-0.45144,0.0563,0.0000,-0.03020,0.03029,0.37517,29.5,1.0000,-23.9722,0.4741,-7.1056,132.930,ppo_car_spread_a_sampling
18.2002,-0.38968,0.4714,0.0000,-0.02317,0.02328,0.16495,29.5,1.0000,-23.9725,0.4741,-7.1054,132.934,ppo_car_spread_a_sampling
18.2202,-0.38100,0.4714,0.0000,0.01966,0.01973,0.41898,247.5,1.0000,-23.9721,0.4741,-7.1057,132.930,ppo_car_spread_a_sampling
18.2402,-0.38100,0.4714,0.0000,0.07105,0.07131,0.19425,247.5,1.0000,-23.9709,0.4741,-7.1067,132.926,ppo_car_spread_a_sampling
18.2602,-0.38100,0.4714,0.0000,0.11125,0.11165,0.24449,247.5,1.0000,-23.9690,0.4741,-7.1082,132.917,ppo_car_spread_a_sampling
18.2802,-0.43629,0.0000,0.2493,0.15673,0.15724,0.49466,247.5,1.0000,-23.9663,0.4741,-7.1102,132.904,ppo_car_spread_a_sampling
18.3002,-0.43629,0.0000,0.2493,0.16226,0.16297,0.00000,0.0,1.0000,-23.9636,0.4741,-7.1123,132.889,ppo_car_spread_a_sampling
18.3202,-0.43629,0.0000,0.2493,0.00138,0.00860,0.00000,0.0,1.0000,-23.9635,0.4741,-7.1122,132.890,ppo_car_spread_a_sampling
18.3402,-0.43629,0.0000,0.2493,-0.00758,0.00779,0.31792,-52.4,1.0000,-23.9636,0.4741,-7.1120,132.895,ppo_car_spread_a_sampling
18.3602,-0.50903,0.0000,0.5565,-0.00974,0.00974,0.38085,-52.4,1.0000,-23.9637,0.4741,-7.1119,132.895,ppo_car_spread_a_sampling
18.3802,-0.59006,0.0000,0.5565,-0.03645,0.03667,0.24506,-116.9,1.0000,-23.9643,0.4741,-7.1114,132.899,ppo_car_spread_a_sampling
18.4002,-0.62319,0.0000,0.5565,-0.05712,0.05758,0.42807,-116.9,1.0000,-23.9653,0.4741,-7.1108,132.903,ppo_car_spread_a_sampling
18.4202,-0.62319,0.0000,0.5565,-0.07693,0.07773,0.45427,-116.9,1.0000,-23.9666,0.4741,-7.1098,132.912,ppo_car_spread_a_sampling
18.4402,-0.53469,0.1658,0.0000,-0.10243,0.10343,0.38098,-116.9,1.0000,-23.9684,0.4741,-7.1086,132.928,ppo_car_spread_a_sampling
18.4602,-0.46294,0.1658,0.0000,-0.08378,0.08453,0.38567,87.0,1.0000,-23.9698,0.4741,-7.1076,132.940,ppo_car_spread_a_sampling
18.4802,-0.40026,0.1658,0.0000,-0.06489,0.06539,0.40309,87.0,1.0000,-23.9709,0.4741,-7.1069,132.948,ppo_car_spread_a_sampling
18.5002,-0.31886,0.1658,0.0000,-0.05379,0.05406,0.09267,87.0,1.0000,-23.9717,0.4741,-7.1062,132.955,ppo_car_spread_a_sampling
18.5202,-0.30587,0.0000,0.0451,-0.03965,0.03978,0.20884,87.0,1.0000,-23.9723,0.4741,-7.1057,132.959,ppo_car_spread_a_sampling
18.5402,-0.30587,0.0000,0.0451,-0.04041,0.04053,0.24020,-9.5,1.0000,-23.9730,0.4741,-7.1052,132.961,ppo_car_spread_a_sampling
18.5602,-0.30587,0.0000,0.0451,-0.04321,0.04333,0.21298,-9.5,1.0000,-23.9736,0.4741,-7.1047,132.962,ppo_car_spread_a_sampling
18.5802,-0.30587,0.0000,0.0451,-0.04614,0.04625,0.21404,-9.5,1.0000,-23.9743,0.4741,-7.1041,132.967,ppo_car_spread_a_sampling
18.6002,-0.24582,0.2185,0.0000,-0.04769,0.04778,0.39595,-9.5,1.0000,-23.9750,0.4741,-7.1035,132.968,ppo_car_spread_a_sampling
18.6202,-0.16587,0.2185,0.0000,-0.02818,0.02821,0.34627,114.7,1.0000,-23.9754,0.4741,-7.1032,132.968,ppo_car_spread_a_sampling
18.6402,-0.09450,0.2185,0.0000,-0.00033,0.00060,0.37287,114.7,1.0000,-23.9754,0.4741,-7.1032,132.972,ppo_car_spread_a_sampling
18.6602,-0.01784,0.2185,0.0000,0.01158,0.01158,0.34031,114.7,1.0000,-23.9752,0.4741,-7.1034,132.974,ppo_car_spread_a_sampling
18.6802,0.06473,0.2332,0.0000,0.03836,0.03836,0.23270,114.7,1.0000,-23.9746,0.4741,-7.1040,132.974,ppo_car_spread_a_sampling
18.7002,0.14385,0.2332,0.0000,0.05651,0.05652,0.42838,122.4,1.0000,-23.9737,0.4741,-7.1048,132.977,ppo_car_spread_a_sampling
18.7202,0.20058,0.2332,0.0000,0.08892,0.08895,0.19859,122.4,1.0000,-23.9724,0.4741,-7.1061,132.979,ppo_car_spread_a_sampling
18.7402,0.28050,0.2332,0.0000,0.10361,0.10368,0.47412,122.4,1.0000,-23.9708,0.4741,-7.1076,132.983,ppo_car_spread_a_sampling
18.7602,0.20005,0.0000,0.1907,0.13182,0.13201,0.35019,122.4,1.0000,-23.9690,0.4741,-7.1096,132.987,ppo_car_spread_a_sampling
18.7802,0.14463,0.0000,0.1907,0.12158,0.12173,0.00000,0.0,1.0000,-23.9672,0.4741,-7.1114,132.997,ppo_car_spread_a_sampling
18.8002,0.06704,0.0000,0.1907,0.00324,0.00477,0.00000,0.0,1.0000,-23.9673,0.4741,-7.1114,132.998,ppo_car_spread_a_sampling
18.8202,-0.02369,0.0000,0.1907,-0.00307,0.00326,0.28617,-40.0,1.0000,-23.9674,0.4741,-7.1113,133.001,ppo_car_spread_a_sampling
18.8402,-0.08575,0.2845,0.0000,-0.01423,0.01423,0.16010,-40.0,1.0000,-23.9677,0.4741,-7.1111,133.002,ppo_car_spread_a_sampling
18.8602,-0.10850,0.2845,0.0000,0.01620,0.01621,0.14195,149.4,1.0000,-23.9675,0.4741,-7.1112,133.003,ppo_car_spread_a_sampling
18.8802,-0.10850,0.2845,0.0000,0.04696,0.04697,0.25525,149.4,1.0000,-23.9668,0.4741,-7.1119,133.001,ppo_car_spread_a_sampling
18.9002,-0.10850,0.2845,0.0000,0.06796,0.06798,0.45665,149.4,1.0000,-23.9658,0.4741,-7.1128,132.998,ppo_car_spread_a_sampling
18.9202,-0.16789,0.0000,0.1114,0.10109,0.10112,0.15342,149.4,1.0000,-23.9642,0.4741,-7.1141,132.996,ppo_car_spread_a_sampling
18.9402,-0.26069,0.0000,0.1114,0.10104,0.10110,0.00000,0.0,1.0000,-23.9627,0.4741,-7.1155,132.993,ppo_car_spread_a_sampling
18.9602,-0.33502,0.0000,0.1114,0.00284,0.00413,0.00000,0.0,1.0000,-23.9627,0.4741,-7.1154,132.994,ppo_car_spread_a_sampling
18.9802,-0.40964,0.0000,0.1114,-0.00206,0.00215,0.16278,-23.4,1.0000,-23.9628,0.4741,-7.1153,132.994,ppo_car_spread_a_sampling
19.0002,-0.32737,0.0000,0.1574,-0.00809,0.00813,0.32159,-23.4,1.0000,-23.9629,0.4741,-7.1151,132.993,ppo_car_spread_a_sampling
19.0202,-0.26749,0.0000,0.1574,-0.00667,0.00669,0.38960,-33.1,1.0000,-23.9631,0.4741,-7.1150,132.997,ppo_car_spread_a_sampling
19.0403,-0.18997,0.0000,0.1574,-0.01443,0.01446,0.38584,-33.1,1.0000,-23.9634,0.4741,-7.1148,132.995,ppo_car_spread_a_sampling
19.0603,-0.11000,0.0000,0.1574,-0.02702,0.02705,0.31020,-33.1,1.0000,-23.9638,0.4741,-7.1144,132.995,ppo_car_spread_a_sampling
19.0803,-0.04239,0.0000,0.3599,-0.03187,0.03189,0.26340,-33.1,1.0000,-23.9643,0.4741,-7.1140,132.994,ppo_car_spread_a_sampling
19.1003,0.04418,0.0000,0.3599,-0.04619,0.04620,0.21016,-75.6,1.0000,-23.9650,0.4741,-7.1133,132.995,ppo_car_spread_a_sampling
19.1203,0.09686,0.0000,0.3599,-0.05182,0.05182,0.42303,-75.6,1.0000,-23.9658,0.4741,-7.1126,132.994,ppo_car_spread_a_sampling
19.1403,0.17862,0.0000,0.3599,-0.06737,0.06738,0.28453,-75.6,1.0000,-23.9668,0.4741,-7.1117,132.993,ppo_car_spread_a_sampling
19.1603,0.11108,0.0000,0.4747,-0.07612,0.07616,0.45411,-75.6,1.0000,-23.9679,0.4741,-7.1106,132.989,ppo_car_spread_a_sampling
19.1803,0.03003,0.0000,0.4747,-0.10273,0.10276,0.37971,-99.7,1.0000,-23.9694,0.4741,-7.1091,132.985,ppo_car_spread_a_sampling
19.2003,-0.05234,0.0000,0.4747,-0.11942,0.11943,0.31703,-99.7,1.0000,-23.9712,0.4741,-7.1074,132.985,ppo_car_spread_a_sampling
19.2203,-0.12876,0.0000,0.4747,-0.14407,0.14407,0.13867,-99.7,1.0000,-23.9733,0.4741,-7.1054,132.987,ppo_car_spread_a_sampling
19.2403,-0.06539,0.3468,0.0000,-0.16367,0.16371,0.13159,-99.7,1.0000,-23.9758,0.4741,-7.1032,132.989,ppo_car_spread_a_sampling
19.2603,0.01373,0.3468,0.0000,-0.12794,0.12796,0.10327,182.1,1.0000,-23.9777,0.4741,-7.1015,132.990,ppo_car_spread_a_sampling
19.2803,0.09387,0.3468,0.0000,-0.09095,0.09095,0.25958,182.1,1.0000,-23.9790,0.4741,-7.1003,132.990,ppo_car_spread_a_sampling
19.3003,0.13621,0.3468,0.0000,-0.06061,0.06061,0.13829,182.1,1.0000,-23.9798,0.4741,-7.0996,132.989,ppo_car_spread_a_sampling
19.3203,0.05584,0.0000,0.4986,-0.02819,0.02819,0.18504,182.1,1.0000,-23.9801,0.4741,-7.0993,132.990,ppo_car_spread_a_sampling
19.3403,0.00208,0.0000,0.4986,-0.05030,0.05030,0.27489,-104.7,1.0000,-23.9808,0.4741,-7.0986,132.991,ppo_car_spread_a_sampling
19.3603,-0.09581,0.0000,0.4986,-0.06541,0.06541,0.22653,-104.7,1.0000,-23.9817,0.4741,-7.0977,132.991,ppo_car_spread_a_sampling
19.3803,-0.15108,0.0000,0.4986,-0.08208,0.08208,0.38728,-104.7,1.0000,-23.9829,0.4741,-7.0967,132.994,ppo_car_spread_a_sampling
19.4003,-0.19099,0.0974,0.0000,-0.09992,0.09996,0.37791,-104.7,1.0000,-23.9844,0.4741,-7.0954,132.995,ppo_car_spread_a_sampling
19.4203,-0.19099,0.0974,0.0000,-0.08553,0.08558,0.41219,51.2,1.0000,-23.9857,0.4741,-7.0943,133.000,ppo_car_spread_a_sampling
19.4403,-0.19099,0.0974,0.0000,-0.07744,0.07749,0.33992,51.2,1.0000,-23.9868,0.4741,-7.0933,133.005,ppo_car_spread_a_sampling
19.4603,-0.19099,0.0974,0.0000,-0.08085,0.08091,0.25527,51.2,1.0000,-23.9880,0.4741,-7.0922,133.009,ppo_car_spread_a_sampling
19.4803,-0.11472,0.3727,0.0000,-0.06765,0.06771,0.30776,51.2,1.0000,-23.9890,0.4741,-7.0914,133.010,ppo_car_spread_a_sampling
19.5003,-0.11472,0.3727,0.0000,-0.03432,0.03435,0.31171,195.7,1.0000,-23.9895,0.4741,-7.0910,133.011,ppo_car_spread_a_sampling
19.5203,-0.11472,0.3727,0.0000,0.00861,0.00861,0.03155,195.7,1.0000,-23.9893,0.4741,-7.0911,133.011,ppo_car_spread_a_sampling
19.5403,-0.11472,0.3727,0.0000,0.04329,0.04329,0.39046,195.7,1.0000,-23.9886,0.4741,-7.0918,133.010,ppo_car_spread_a_sampling
19.5603,-0.18495,0.0000,0.2750,0.07945,0.07947,0.20360,195.7,1.0000,-23.9873,0.4741,-7.0929,133.007,ppo_car_spread_a_sampling
19.5803,-0.26386,0.0000,0.2750,0.07662,0.07666,0.24260,-57.8,1.0000,-23.9861,0.4741,-7.0940,133.002,ppo_car_spread_a_sampling
19.6003,-0.30310,0.0000,0.2750,0.06554,0.06562,0.26160,-57.8,1.0000,-23.9851,0.4741,-7.0948,132.999,ppo_car_spread_a_sampling
19.6203,-0.30310,0.0000,0.2750,0.05769,0.05779,0.29127,-57.8,1.0000,-23.9842,0.4741,-7.0956,132.994,ppo_car_spread_a_sampling
19.6403,-0.21439,0.1527,0.0000,0.04583,0.04591,0.30073,-57.8,1.0000,-23.9835,0.4741,-7.0961,132.991,ppo_car_spread_a_sampling
19.6603,-0.14749,0.1527,0.0000,0.05517,0.05525,0.27569,80.1,1.0000,-23.9826,0.4741,-7.0968,132.989,ppo_car_spread_a_sampling
19.6803,-0.08085,0.1527,0.0000,0.05943,0.05948,0.42536,80.1,1.0000,-23.9817,0.4741,-7.0976,132.985,ppo_car_spread_a_sampling
19.7003,0.01370,0.1527,0.0000,0.07961,0.07964,0.42152,80.1,1.0000,-23.9806,0.4741,-7.0987,132.982,ppo_car_spread_a_sampling
19.7203,0.07424,0.0000,0.0455,0.09591,0.09591,0.20841,80.1,1.0000,-23.9791,0.4741,-7.1000,132.982,ppo_car_spread_a_sampling
19.7403,0.16128,0.0000,0.0455,0.09707,0.09708,0.43349,-9.5,1.0000,-23.9777,0.4741,-7.1013,132.979,ppo_car_spread_a_sampling
19.7603,0.22132,0.0000,0.0455,0.09105,0.09108,0.29915,-9.5,1.0000,-23.9765,0.4741,-7.1025,132.979,ppo_car_spread_a_sampling
19.7803,0.27783,0.0000,0.0455,0.09084,0.09091,0.16534,-9.5,1.0000,-23.9752,0.4741,-7.1038,132.982,ppo_car_spread_a_sampling
19.8003,0.25860,0.0000,0.1705,0.09275,0.09290,0.25782,-9.5,1.0000,-23.9740,0.4741,-7.1051,132.986,ppo_car_spread_a_sampling
19.8203,0.25860,0.0000,0.1705,0.08702,0.08715,0.24075,-35.8,1.0000,-23.9728,0.4741,-7.1064,132.987,ppo_car_spread_a_sampling
19.8403,0.25860,0.0000,0.1705,0.07423,0.07432,0.36851,-35.8,1.0000,-23.9718,0.4741,-7.1074,132.989,ppo_car_spread_a_sampling
19.8603,0.25860,0.0000,0.1705,0.06752,0.06762,0.18522,-35.8,1.0000,-23.9709,0.4741,-7.1083,132.993,ppo_car_spread_a_sampling
19.8803,0.17762,0.0000,0.1558,0.06503,0.06513,0.29743,-35.8,1.0000,-23.9701,0.4741,-7.1092,132.996,ppo_car_spread_a_sampling
19.9003,0.10224,0.0000,0.1558,0.06433,0.06439,0.27980,-32.7,1.0000,-23.9692,0.4741,-7.1101,133.000,ppo_car_spread_a_sampling
19.9203,0.01939,0.0000,0.1558,0.06029,0.06032,0.28603,-32.7,1.0000,-23.9684,0.4741,-7.1109,133.003,ppo_car_spread_a_sampling
19.9403,-0.04932,0.0000,0.1558,0.04340,0.04341,0.15019,-32.7,1.0000,-23.9678,0.4741,-7.1115,133.004,ppo_car_spread_a_sampling
19.9603,0.01417,0.0673,0.0000,0.04769,0.04769,0.30417,-32.7,1.0000,-23.9671,0.4741,-7.1121,133.004,ppo_car_spread_a_sampling
19.9803,0.09461,0.0673,0.0000,0.04089,0.04089,0.33711,35.3,1.0000,-23.9665,0.4741,-7.1126,133.006,ppo_car_spread_a_sampling
20.0003,0.13704,0.0673,0.0000,0.05307,0.05308,0.18659,35.3,1.0000,-23.9658,0.4741,-7.1134,133.007,ppo_car_spread_a_sampling
20.0203,0.13704,0.0673,0.0000,0.05895,0.05897,0.40886,35.3,1.0000,-23.9650,0.4741,-7.1142,133.010,ppo_car_spread_a_sampling
20.0403,0.05751,0.5908,0.0000,0.06926,0.06929,0.22397,35.3,1.0000,-23.9640,0.4741,-7.1152,133.011,ppo_car_spread_a_sampling
20.0603,-0.01531,0.5908,0.0000,0.11838,0.11840,0.50382,310.2,1.0000,-23.9622,0.4741,-7.1168,133.009,ppo_car_spread_a_sampling
20.0803,-0.01531,0.5908,0.0000,0.17457,0.17457,0.54837,310.2,1.0000,-23.9596,0.4741,-7.1193,133.008,ppo_car_spread_a_sampling
20.1003,-0.01531,0.5908,0.0000,0.22896,0.22896,0.57832,310.2,1.0000,-23.9562,0.4741,-7.1225,133.009,ppo_car_spread_a_sampling
20.1203,-0.07717,0.2307,0.0000,0.29130,0.29130,0.63223,310.2,1.0000,-23.9518,0.4741,-7.1266,133.007,ppo_car_spread_a_sampling
20.1403,-0.16870,0.2307,0.0000,0.31647,0.31649,0.60360,121.1,1.0000,-23.9470,0.4741,-7.1309,133.005,ppo_car_spread_a_sampling
20.1603,-0.23248,0.2307,0.0000,0.33500,0.33512,0.63052,121.1,1.0000,-23.9418,0.4741,-7.1354,132.997,ppo_car_spread_a_sampling
20.1803,-0.31294,0.2307,0.0000,0.35067,0.35095,0.64822,121.1,1.0000,-23.9364,0.4741,-7.1401,132.985,ppo_car_spread_a_sampling
20.2003,-0.22958,0.0000,0.4800,0.37567,0.37629,0.64251,121.1,1.0000,-23.9305,0.4741,-7.1449,132.963,ppo_car_spread_a_sampling
20.2203,-0.16893,0.0000,0.4800,0.22118,0.22157,0.00000,0.0,1.0000,-23.9272,0.4741,-7.1477,132.931,ppo_car_spread_a_sampling
20.2403,-0.10102,0.0000,0.4800,0.06787,0.06840,0.00000,0.0,1.0000,-23.9262,0.4741,-7.1483,132.854,ppo_car_spread_a_sampling
20.2603,-0.02944,0.0000,0.4800,0.04940,0.04953,0.23442,-100.8,1.0000,-23.9256,0.4741,-7.1488,132.830,ppo_car_spread_a_sampling
20.2803,0.03566,0.5097,0.0000,0.02542,0.02546,0.39271,-100.8,1.0000,-23.9254,0.4741,-7.1490,132.824,ppo_car_spread_a_sampling
20.3003,0.03566,0.5097,0.0000,0.07761,0.07761,0.16754,267.6,1.0000,-23.9243,0.4741,-7.1500,132.821,ppo_car_spread_a_sampling
20.3203,0.03566,0.5097,0.0000,0.12245,0.12245,0.51261,267.6,1.0000,-23.9226,0.4741,-7.1516,132.822,ppo_car_spread_a_sampling
20.3403,0.03566,0.5097,0.0000,0.17840,0.17840,0.32118,267.6,1.0000,-23.9200,0.4741,-7.1541,132.825,ppo_car_spread_a_sampling
20.3603,0.02128,0.0000,0.0346,0.22097,0.22097,0.54523,267.6,1.0000,-23.9168,0.4741,-7.1571,132.828,ppo_car_spread_a_sampling
20.3803,0.02128,0.0000,0.0346,0.19535,0.19535,0.00000,0.0,1.0000,-23.9139,0.4741,-7.1598,132.829,ppo_car_spread_a_sampling
20.4003,0.02128,0.0000,0.0346,0.00606,0.00609,0.00000,0.0,1.0000,-23.9140,0.4741,-7.1598,132.830,ppo_car_spread_a_sampling
20.4203,0.02128,0.0000,0.0346,0.00504,0.00504,0.23996,-7.3,1.0000,-23.9140,0.4741,-7.1598,132.833,ppo_car_spread_a_sampling
20.4403,-0.04280,0.0000,0.0801,0.00516,0.00516,0.25335,-7.3,1.0000,-23.9140,0.4741,-7.1598,132.832,ppo_car_spread_a_sampling
20.4603,-0.04800,0.0000,0.0801,-0.00060,0.00061,0.16461,-16.8,1.0000,-23.9141,0.4741,-7.1597,132.834,ppo_car_spread_a_sampling
20.4803,-0.04800,0.0000,0.0801,-0.00553,0.00553,0.36388,-16.8,1.0000,-23.9142,0.4741,-7.1596,132.836,ppo_car_spread_a_sampling
20.5003,-0.04800,0.0000,0.0801,-0.00786,0.00786,0.38164,-16.8,1.0000,-23.9143,0.4741,-7.1595,132.834,ppo_car_spread_a_sampling
20.5203,0.01196,0.0000,0.0922,-0.01302,0.01302,0.35009,-16.8,1.0000,-23.9145,0.4741,-7.1593,132.833,ppo_car_spread_a_sampling
20.5403,0.10260,0.0000,0.0922,-0.01514,0.01514,0.38506,-19.4,1.0000,-23.9148,0.4741,-7.1591,132.831,ppo_car_spread_a_sampling
20.5603,0.15661,0.0000,0.0922,-0.01922,0.01922,0.32068,-19.4,1.0000,-23.9150,0.4741,-7.1589,132.829,ppo_car_spread_a_sampling
20.5803,0.23864,0.0000,0.0922,-0.01965,0.01966,0.21334,-19.4,1.0000,-23.9153,0.4741,-7.1586,132.829,ppo_car_spread_a_sampling
20.6003,0.15450,0.7593,0.0000,-0.02233,0.02234,0.37485,-19.4,1.0000,-23.9156,0.4741,-7.1583,132.824,ppo_car_spread_a_sampling
20.6203,0.09923,0.7593,0.0000,0.04724,0.04727,0.44515,398.7,1.0000,-23.9148,0.4741,-7.1590,132.822,ppo_car_spread_a_sampling
20.6403,0.02152,0.7593,0.0000,0.12567,0.12570,0.34026,398.7,1.0000,-23.9129,0.4741,-7.1609,132.822,ppo_car_spread_a_sampling
20.6603,0.00369,0.7593,0.0000,0.19750,0.19750,0.45743,398.7,1.0000,-23.9099,0.4741,-7.1638,132.821,ppo_car_spread_a_sampling
20.6803,0.08869,0.2958,0.0000,0.27084,0.27085,0.44223,398.7,1.0000,-23.9057,0.4741,-7.1676,132.823,ppo_car_spread_a_sampling
20.7003,0.11203,0.2958,0.0000,0.30021,0.30024,0.57877,155.3,1.0000,-23.9012,0.4741,-7.1719,132.824,ppo_car_spread_a_sampling
20.7203,0.11203,0.2958,0.0000,0.32873,0.32880,0.59010,155.3,1.0000,-23.8963,0.4741,-7.1766,132.828,ppo_car_spread_a_sampling
20.7403,0.11203,0.2958,0.0000,0.35326,0.35336,0.65624,155.3,1.0000,-23.8911,0.4741,-7.1817,132.831,ppo_car_spread_a_sampling
20.7603,0.12896,0.1616,0.0000,0.38295,0.38306,0.59795,155.3,1.0000,-23.8855,0.4741,-7.1872,132.839,ppo_car_spread_a_sampling
20.7803,0.12896,0.1616,0.0000,0.39823,0.39837,0.65961,84.9,1.0000,-23.8798,0.4741,-7.1928,132.848,ppo_car_spread_a_sampling
20.8003,0.12896,0.1616,0.0000,0.41665,0.41680,0.65810,84.9,1.0000,-23.8737,0.4741,-7.1987,132.860,ppo_car_spread_a_sampling
20.8203,0.12896,0.1616,0.0000,0.43232,0.43249,0.66544,84.9,1.0000,-23.8675,0.4741,-7.2048,132.869,ppo_car_spread_a_sampling
20.8403,0.04665,0.0000,1.0000,0.45096,0.45114,0.33226,84.9,1.0000,-23.8610,0.4741,-7.2112,132.880,ppo_car_spread_a_sampling
20.8603,-0.02893,0.0000,1.0000,0.33852,0.33859,0.27171,0.0,1.0000,-23.8563,0.4741,-7.2158,132.888,ppo_car_spread_a_sampling
20.8803,-0.09578,0.0000,1.0000,0.20144,0.20145,0.00000,0.0,1.0000,-23.8535,0.4741,-7.2184,132.888,ppo_car_spread_a_sampling
20.9003,-0.17079,0.0000,1.0000,0.01033,0.01034,0.00000,0.0,1.0000,-23.8536,0.4741,-7.2182,132.889,ppo_car_spread_a_sampling
20.9203,-0.21950,0.0424,0.0000,-0.02798,0.02801,0.26471,-210.0,1.0000,-23.8543,0.4741,-7.2176,132.887,ppo_car_spread_a_sampling
20.9403,-0.21950,0.0424,0.0000,-0.03314,0.03319,0.31847,22.2,1.0000,-23.8551,0.4741,-7.2170,132.890,ppo_car_spread_a_sampling
20.9603,-0.21950,0.0424,0.0000,-0.01994,0.01999,0.31646,22.2,1.0000,-23.8555,0.4741,-7.2165,132.893,ppo_car_spread_a_sampling
20.9803,-0.21950,0.0424,0.0000,-0.01928,0.01933,0.28368,22.2,1.0000,-23.8560,0.4741,-7.2162,132.896,ppo_car_spread_a_sampling
21.0003,-0.27394,0.0000,0.3154,-0.01638,0.01641,0.22617,22.2,1.0000,-23.8563,0.4741,-7.2158,132.897,ppo_car_spread_a_sampling
21.0203,-0.35543,0.0000,0.3154,-0.02600,0.02604,0.31540,-66.2,1.0000,-23.8568,0.4741,-7.2154,132.901,ppo_car_spread_a_sampling
21.0403,-0.43564,0.0000,0.3154,-0.03573,0.03583,0.26967,-66.2,1.0000,-23.8574,0.4741,-7.2149,132.904,ppo_car_spread_a_sampling
21.0603,-0.45975,0.0000,0.3154,-0.04793,0.04810,0.36636,-66.2,1.0000,-23.8582,0.4741,-7.2143,132.905,ppo_car_spread_a_sampling
21.0803,-0.36088,0.0538,0.0000,-0.06247,0.06270,0.33669,-66.2,1.0000,-23.8593,0.4741,-7.2135,132.910,ppo_car_spread_a_sampling
21.1003,-0.27099,0.0538,0.0000,-0.06096,0.06120,0.28011,28.2,1.0000,-23.8602,0.4741,-7.2127,132.916,ppo_car_spread_a_sampling
21.1203,-0.20429,0.0538,0.0000,-0.05767,0.05781,0.27958,28.2,1.0000,-23.8611,0.4741,-7.2120,132.919,ppo_car_spread_a_sampling
21.1403,-0.11935,0.0538,0.0000,-0.05090,0.05097,0.28316,28.2,1.0000,-23.8619,0.4741,-7.2114,132.923,ppo_car_spread_a_sampling
21.1603,-0.03693,0.1058,0.0000,-0.04280,0.04283,0.28782,28.2,1.0000,-23.8624,0.4741,-7.2109,132.922,ppo_car_spread_a_sampling
21.1803,0.03834,0.1058,0.0000,-0.03434,0.03435,0.29971,55.6,1.0000,-23.8629,0.4741,-7.2105,132.924,ppo_car_spread_a_sampling
21.2003,0.11368,0.1058,0.0000,-0.01869,0.01869,0.27683,55.6,1.0000,-23.8631,0.4741,-7.2103,132.924,ppo_car_spread_a_sampling
21.2203,0.13731,0.1058,0.0000,-0.01031,0.01032,0.17863,55.6,1.0000,-23.8631,0.4741,-7.2103,132.925,ppo_car_spread_a_sampling
21.2403,0.19797,0.0000,0.4608,0.00096,0.00097,0.26598,55.6,1.0000,-23.8630,0.4741,-7.2104,132.929,ppo_car_spread_a_sampling
21.2603,0.24162,0.0000,0.4608,-0.02072,0.02073,0.24703,-96.8,1.0000,-23.8633,0.4741,-7.2101,132.928,ppo_car_spread_a_sampling
21.2803,0.24162,0.0000,0.4608,-0.03826,0.03830,0.16619,-96.8,1.0000,-23.8637,0.4741,-7.2096,132.926,ppo_car_spread_a_sampling
21.3003,0.24162,0.0000,0.4608,-0.04845,0.04852,0.30636,-96.8,1.0000,-23.8644,0.4741,-7.2090,132.923,ppo_car_spread_a_sampling
21.3203,0.16386,0.0149,0.0000,-0.07148,0.07158,0.39622,-96.8,1.0000,-23.8653,0.4741,-7.2080,132.921,ppo_car_spread_a_sampling
21.3403,0.09713,0.0149,0.0000,-0.06855,0.06860,0.22631,7.8,1.0000,-23.8663,0.4741,-7.2070,132.919,ppo_car_spread_a_sampling
21.3603,0.07377,0.0149,0.0000,-0.06234,0.06236,0.30372,7.8,1.0000,-23.8671,0.4741,-7.2062,132.917,ppo_car_spread_a_sampling
21.3803,0.07377,0.0149,0.0000,-0.06745,0.06747,0.13087,7.8,1.0000,-23.8681,0.4741,-7.2053,132.916,ppo_car_spread_a_sampling
21.4003,-0.00642,0.4192,0.0000,-0.06509,0.06510,0.26380,7.8,1.0000,-23.8690,0.4741,-7.2044,132.918,ppo_car_spread_a_sampling
21.4203,-0.08333,0.4192,0.0000,-0.02818,0.02819,0.37074,220.1,1.0000,-23.8693,0.4741,-7.2040,132.916,ppo_car_spread_a_sampling
21.4403,-0.16471,0.4192,0.0000,0.01360,0.01361,0.40809,220.1,1.0000,-23.8691,0.4741,-7.2043,132.920,ppo_car_spread_a_sampling
21.4603,-0.22149,0.4192,0.0000,0.05742,0.05745,0.21426,220.1,1.0000,-23.8681,0.4741,-7.2051,132.919,ppo_car_spread_a_sampling
21.4803,-0.15519,0.4090,0.0000,0.09585,0.09596,0.44836,220.1,1.0000,-23.8666,0.4741,-7.2064,132.915,ppo_car_spread_a_sampling
21.5003,-0.05545,0.4090,0.0000,0.13833,0.13843,0.23151,214.7,1.0000,-23.8644,0.4741,-7.2083,132.910,ppo_car_spread_a_sampling
21.5203,0.00177,0.4090,0.0000,0.17522,0.17525,0.45277,214.7,1.0000,-23.8617,0.4741,-7.2108,132.907,ppo_car_spread_a_sampling
21.5403,0.07553,0.4090,0.0000,0.21854,0.21855,0.37188,214.7,1.0000,-23.8584,0.4741,-7.2138,132.904,ppo_car_spread_a_sampling
21.5603,0.00841,0.0000,0.5325,0.25043,0.25044,0.52782,214.7,1.0000,-23.8546,0.4741,-7.2173,132.903,ppo_car_spread_a_sampling
21.5803,-0.08146,0.0000,0.5325,0.19356,0.19357,0.00000,0.0,1.0000,-23.8518,0.4741,-7.2200,132.902,ppo_car_spread_a_sampling
21.6003,-0.15497,0.0000,0.5325,0.00614,0.00619,0.00000,0.0,1.0000,-23.8518,0.4741,-7.2199,132.903,ppo_car_spread_a_sampling
21.6203,-0.22795,0.0000,0.5325,-0.00955,0.00955,0.25767,-111.8,1.0000,-23.8521,0.4741,-7.2197,132.902,ppo_car_spread_a_sampling
21.6403,-0.30467,0.0000,0.0292,-0.03631,0.03637,0.26638,-111.8,1.0000,-23.8528,0.4741,-7.2191,132.905,ppo_car_spread_a_sampling
21.6603,-0.38322,0.0000,0.0292,-0.03771,0.03777,0.07744,-6.1,1.0000,-23.8535,0.4741,-7.2186,132.907,ppo_car_spread_a_sampling
21.6803,-0.38322,0.0000,0.0292,-0.03598,0.03612,0.34173,-6.1,1.0000,-23.8542,0.4741,-7.2180,132.907,ppo_car_spread_a_sampling
21.7003,-0.38322,0.0000,0.0292,-0.03917,0.03927,0.36137,-6.1,1.0000,-23.8549,0.4741,-7.2175,132.907,ppo_car_spread_a_sampling
21.7203,-0.30595,0.0000,0.1938,-0.03921,0.03933,0.24746,-6.1,1.0000,-23.8556,0.4741,-7.2169,132.909,ppo_car_spread_a_sampling
21.7403,-0.24534,0.0000,0.1938,-0.04883,0.04895,0.22509,-40.7,1.0000,-23.8564,0.4741,-7.2162,132.913,ppo_car_spread_a_sampling
21.7603,-0.16122,0.0000,0.1938,-0.05576,0.05586,0.27021,-40.7,1.0000,-23.8573,0.4741,-7.2155,132.913,ppo_car_spread_a_sampling
21.7803,-0.08841,0.0000,0.1938,-0.06092,0.06097,0.33416,-40.7,1.0000,-23.8583,0.4741,-7.2146,132.917,ppo_car_spread_a_sampling
21.8003,-0.02707,0.5106,0.0000,-0.07409,0.07411,0.25727,-40.7,1.0000,-23.8594,0.4741,-7.2136,132.918,ppo_car_spread_a_sampling
21.8203,0.05098,0.5106,0.0000,-0.02420,0.02421,0.32779,268.1,1.0000,-23.8598,0.4741,-7.2133,132.920,ppo_car_spread_a_sampling
21.8403,0.09372,0.5106,0.0000,0.03080,0.03081,0.24182,268.1,1.0000,-23.8593,0.4741,-7.2138,132.921,ppo_car_spread_a_sampling
21.8603,0.09372,0.5106,0.0000,0.08418,0.08420,0.19230,268.1,1.0000,-23.8580,0.4741,-7.2150,132.922,ppo_car_spread_a_sampling
21.8803,0.03177,0.0000,0.1922,0.12816,0.12819,0.28033,268.1,1.0000,-23.8560,0.4741,-7.2169,132.927,ppo_car_spread_a_sampling
21.9003,-0.04813,0.0000,0.1922,0.14769,0.14770,0.00000,0.0,1.0000,-23.8538,0.4741,-7.2190,132.923,ppo_car_spread_a_sampling
21.9203,-0.13071,0.0000,0.1922,0.00274,0.00275,0.00000,0.0,1.0000,-23.8538,0.4741,-7.2190,132.923,ppo_car_spread_a_sampling
21.9403,-0.20420,0.0000,0.1922,-0.00531,0.00532,0.11342,-40.4,1.0000,-23.8539,0.4741,-7.2190,132.923,ppo_car_spread_a_sampling
21.9603,-0.28160,0.4399,0.0000,-0.01225,0.01228,0.20177,-40.4,1.0000,-23.8541,0.4741,-7.2188,132.924,ppo_car_spread_a_sampling
21.9803,-0.35852,0.4399,0.0000,0.02491,0.02495,0.30501,230.9,1.0000,-23.8537,0.4741,-7.2191,132.925,ppo_car_spread_a_sampling
22.0003,-0.41012,0.4399,0.0000,0.07311,0.07330,0.33242,230.9,1.0000,-23.8525,0.4741,-7.2201,132.921,ppo_car_spread_a_sampling
22.0203,-0.50336,0.4399,0.0000,0.12015,0.12058,0.12210,230.9,1.0000,-23.8505,0.4741,-7.2216,132.913,ppo_car_spread_a_sampling
22.0403,-0.44738,0.5848,0.0000,0.15168,0.15246,0.49131,230.9,1.0000,-23.8480,0.4741,-7.2235,132.901,ppo_car_spread_a_sampling
22.0603,-0.38495,0.5848,0.0000,0.20730,0.20833,0.55028,307.0,1.0000,-23.8446,0.4741,-7.2261,132.879,ppo_car_spread_a_sampling
22.0803,-0.38495,0.5848,0.0000,0.26003,0.26104,0.60485,307.0,1.0000,-23.8403,0.4741,-7.2293,132.856,ppo_car_spread_a_sampling
22.1003,-0.38495,0.5848,0.0000,0.32070,0.32188,0.53308,307.0,1.0000,-23.8351,0.4741,-7.2334,132.830,ppo_car_spread_a_sampling
22.1203,-0.32651,0.0000,0.2361,0.38150,0.38284,0.66581,307.0,1.0000,-23.8289,0.4741,-7.2382,132.802,ppo_car_spread_a_sampling
22.1403,-0.24981,0.0000,0.2361,0.31179,0.31261,0.48607,0.0,1.0000,-23.8240,0.4741,-7.2421,132.800,ppo_car_spread_a_sampling
22.1603,-0.22261,0.0000,0.2361,0.19599,0.19646,0.00000,0.0,1.0000,-23.8210,0.4741,-7.2446,132.803,ppo_car_spread_a_sampling
22.1803,-0.22261,0.0000,0.2361,0.00714,0.01083,0.00000,0.0,1.0000,-23.8210,0.4741,-7.2443,132.804,ppo_car_spread_a_sampling
22.2003,-0.16939,0.0536,0.0000,-0.00707,0.00745,0.28559,-49.6,1.0000,-23.8213,0.4741,-7.2441,132.808,ppo_car_spread_a_sampling
22.2203,-0.13391,0.0536,0.0000,0.00260,0.00286,0.17877,28.1,1.0000,-23.8214,0.4741,-7.2440,132.809,ppo_car_spread_a_sampling
22.2403,-0.13391,0.0536,0.0000,0.00907,0.00909,0.21970,28.1,1.0000,-23.8214,0.4741,-7.2440,132.809,ppo_car_spread_a_sampling
22.2603,-0.13391,0.0536,0.0000,0.01161,0.01164,0.39193,28.1,1.0000,-23.8213,0.4741,-7.2441,132.805,ppo_car_spread_a_sampling
22.2803,-0.04533,0.1825,0.0000,0.01542,0.01544,0.38365,28.1,1.0000,-23.8211,0.4741,-7.2442,132.800,ppo_car_spread_a_sampling
22.3003,0.01240,0.1825,0.0000,0.03791,0.03792,0.03627,95.8,1.0000,-23.8206,0.4741,-7.2447,132.799,ppo_car_spread_a_sampling
22.3203,0.08936,0.1825,0.0000,0.05774,0.05774,0.15803,95.8,1.0000,-23.8198,0.4741,-7.2455,132.802,ppo_car_spread_a_sampling
22.3403,0.09282,0.1825,0.0000,0.06805,0.06805,0.42307,95.8,1.0000,-23.8188,0.4741,-7.2465,132.808,ppo_car_spread_a_sampling
22.3603,0.02925,0.0000,0.0020,0.08533,0.08535,0.45351,95.8,1.0000,-23.8176,0.4741,-7.2477,132.807,ppo_car_spread_a_sampling
22.3803,-0.03463,0.0000,0.0020,0.09179,0.09180,0.27860,-0.4,1.0000,-23.8163,0.4741,-7.2489,132.805,ppo_car_spread_a_sampling
22.4003,-0.11055,0.0000,0.0020,0.08767,0.08767,0.23044,-0.4,1.0000,-23.8149,0.4741,-7.2502,132.804,ppo_car_spread_a_sampling
22.4203,-0.19639,0.0000,0.0020,0.08644,0.08645,0.31278,-0.4,1.0000,-23.8136,0.4741,-7.2513,132.803,ppo_car_spread_a_sampling
22.4403,-0.23627,0.0000,0.3021,0.08821,0.08827,0.32763,-0.4,1.0000,-23.8123,0.4741,-7.2525,132.801,ppo_car_spread_a_sampling
22.4603,-0.23627,0.0000,0.3021,0.07745,0.07752,0.41126,-63.4,1.0000,-23.8111,0.4741,-7.2535,132.795,ppo_car_spread_a_sampling
22.4803,-0.23627,0.0000,0.3021,0.06422,0.06428,0.31703,-63.4,1.0000,-23.8101,0.4741,-7.2544,132.793,ppo_car_spread_a_sampling
22.5003,-0.23627,0.0000,0.3021,0.05724,0.05732,0.25339,-63.4,1.0000,-23.8092,0.4741,-7.2551,132.789,ppo_car_spread_a_sampling
22.5203,-0.15525,0.0000,0.1159,0.04349,0.04354,0.29950,-63.4,1.0000,-23.8085,0.4741,-7.2557,132.790,ppo_car_spread_a_sampling
22.5403,-0.06859,0.0000,0.1159,0.03929,0.03932,0.18043,-24.3,1.0000,-23.8079,0.4741,-7.2562,132.789,ppo_car_spread_a_sampling
22.5603,-0.03513,0.0000,0.1159,0.03084,0.03085,0.32303,-24.3,1.0000,-23.8075,0.4741,-7.2566,132.789,ppo_car_spread_a_sampling
22.5803,-0.03513,0.0000,0.1159,0.02922,0.02922,0.28964,-24.3,1.0000,-23.8070,0.4741,-7.2570,132.786,ppo_car_spread_a_sampling
22.6003,0.03769,0.5197,0.0000,0.02336,0.02336,0.23978,-24.3,1.0000,-23.8067,0.4741,-7.2573,132.786,ppo_car_spread_a_sampling
22.6203,0.09127,0.5197,0.0000,0.07414,0.07414,0.21523,272.9,1.0000,-23.8056,0.4741,-7.2583,132.788,ppo_car_spread_a_sampling
22.6403,0.18005,0.5197,0.0000,0.12624,0.12626,0.16806,272.9,1.0000,-23.8037,0.4741,-7.2601,132.789,ppo_car_spread_a_sampling
22.6603,0.26222,0.5197,0.0000,0.17407,0.17417,0.37919,272.9,1.0000,-23.8011,0.4741,-7.2627,132.792,ppo_car_spread_a_sampling
22.6803,0.19527,0.0000,0.2693,0.22473,0.22502,0.48850,272.9,1.0000,-23.7979,0.4741,-7.2660,132.803,ppo_car_spread_a_sampling
22.7003,0.12113,0.0000,0.2693,0.19227,0.19246,0.00000,0.0,1.0000,-23.7951,0.4741,-7.2688,132.808,ppo_car_spread_a_sampling
22.7203,0.05321,0.0000,0.2693,0.00485,0.00698,0.00000,0.0,1.0000,-23.7952,0.4741,-7.2688,132.809,ppo_car_spread_a_sampling
22.7403,-0.02169,0.0000,0.2693,-0.00160,0.00231,0.33721,-56.5,1.0000,-23.7953,0.4741,-7.2688,132.812,ppo_car_spread_a_sampling
22.7603,-0.08685,0.5125,0.0000,-0.01591,0.01592,0.37936,-56.5,1.0000,-23.7956,0.4741,-7.2685,132.807,ppo_car_spread_a_sampling
22.7803,-0.11094,0.5125,0.0000,0.03203,0.03203,0.13717,269.0,1.0000,-23.7952,0.4741,-7.2689,132.807,ppo_car_spread_a_sampling
22.8003,-0.11094,0.5125,0.0000,0.08265,0.08266,0.26375,269.0,1.0000,-23.7939,0.4741,-7.2700,132.805,ppo_car_spread_a_sampling
22.8203,-0.11094,0.5125,0.0000,0.13323,0.13327,0.28240,269.0,1.0000,-23.7918,0.4741,-7.2718,132.804,ppo_car_spread_a_sampling
22.8403,-0.18909,0.1933,0.0000,0.18033,0.18038,0.46790,269.0,1.0000,-23.7891,0.4741,-7.2742,132.802,ppo_car_spread_a_sampling
22.8603,-0.26748,0.1933,0.0000,0.20165,0.20177,0.37610,101.5,1.0000,-23.7859,0.4741,-7.2769,132.797,ppo_car_spread_a_sampling
22.8803,-0.32681,0.1933,0.0000,0.21607,0.21633,0.49415,101.5,1.0000,-23.7825,0.4741,-7.2797,132.788,ppo_car_spread_a_sampling
22.9003,-0.32681,0.1933,0.0000,0.23179,0.23223,0.52897,101.5,1.0000,-23.7789,0.4741,-7.2827,132.778,ppo_car_spread_a_sampling
22.9203,-0.40127,0.1195,0.0000,0.24977,0.25034,0.57455,101.5,1.0000,-23.7749,0.4741,-7.2859,132.765,ppo_car_spread_a_sampling
22.9403,-0.47845,0.1195,0.0000,0.26498,0.26582,0.55487,62.8,1.0000,-23.7707,0.4741,-7.2892,132.746,ppo_car_spread_a_sampling
22.9603,-0.55707,0.1195,0.0000,0.27120,0.27245,0.57458,62.8,1.0000,-23.7663,0.4741,-7.2925,132.725,ppo_car_spread_a_sampling
22.9803,-0.62883,0.1195,0.0000,0.27918,0.28091,0.58956,62.8,1.0000,-23.7617,0.4741,-7.2958,132.697,ppo_car_spread_a_sampling
23.0003,-0.59314,0.1367,0.0000,0.28821,0.29054,0.60626,62.8,1.0000,-23.7569,0.4741,-7.2992,132.663,ppo_car_spread_a_sampling
23.0203,-0.59314,0.1367,0.0000,0.30187,0.30436,0.61410,71.8,1.0000,-23.7519,0.4741,-7.3027,132.628,ppo_car_spread_a_sampling
23.0403,-0.59314,0.1367,0.0000,0.31383,0.31647,0.62403,71.8,1.0000,-23.7467,0.4741,-7.3063,132.590,ppo_car_spread_a_sampling
23.0603,-0.59314,0.1367,0.0000,0.32697,0.32972,0.63280,71.8,1.0000,-23.7413,0.4741,-7.3101,132.551,ppo_car_spread_a_sampling
23.0803,-0.68208,0.0000,0.3677,0.34005,0.34292,0.64058,71.8,1.0000,-23.7357,0.4741,-7.3140,132.510,ppo_car_spread_a_sampling
23.1003,-0.74141,0.0000,0.3677,0.18870,0.19039,0.00000,0.0,1.0000,-23.7327,0.4741,-7.3161,132.496,ppo_car_spread_a_sampling
23.1203,-0.81892,0.0000,0.3677,0.00692,0.01137,0.00000,0.0,1.0000,-23.7328,0.4741,-7.3158,132.497,ppo_car_spread_a_sampling
23.1403,-0.88799,0.0000,0.3677,-0.00599,0.00611,0.21242,-77.2,1.0000,-23.7331,0.4741,-7.3156,132.501,ppo_car_spread_a_sampling
23.1603,-0.82132,0.4136,0.0000,-0.01591,0.01615,0.25091,-77.2,1.0000,-23.7336,0.4741,-7.3153,132.503,ppo_car_spread_a_sampling
23.1803,-0.74173,0.4136,0.0000,0.01865,0.01892,0.11567,217.1,1.0000,-23.7334,0.4741,-7.3155,132.502,ppo_car_spread_a_sampling
23.2003,-0.65785,0.4136,0.0000,0.06135,0.06216,0.18050,217.1,1.0000,-23.7324,0.4741,-7.3161,132.495,ppo_car_spread_a_sampling
23.2203,-0.60220,0.4136,0.0000,0.09652,0.09777,0.42470,217.1,1.0000,-23.7308,0.4741,-7.3172,132.482,ppo_car_spread_a_sampling
23.2403,-0.66640,0.3466,0.0000,0.13417,0.13543,0.33087,217.1,1.0000,-23.7286,0.4741,-7.3188,132.465,ppo_car_spread_a_sampling
23.2603,-0.66640,0.3466,0.0000,0.16920,0.17088,0.49491,182.0,1.0000,-23.7257,0.4741,-7.3207,132.445,ppo_car_spread_a_sampling
23.2803,-0.66640,0.3466,0.0000,0.20068,0.20294,0.54664,182.0,1.0000,-23.7222,0.4741,-7.3231,132.418,ppo_car_spread_a_sampling
23.3003,-0.66640,0.3466,0.0000,0.23236,0.23492,0.49662,182.0,1.0000,-23.7182,0.4741,-7.3258,132.389,ppo_car_spread_a_sampling
23.3203,-0.58609,0.1432,0.0000,0.26377,0.26673,0.51292,182.0,1.0000,-23.7137,0.4741,-7.3288,132.355,ppo_car_spread_a_sampling
23.3403,-0.50526,0.1432,0.0000,0.27571,0.27825,0.58887,75.2,1.0000,-23.7090,0.4741,-7.3320,132.323,ppo_car_spread_a_sampling
23.3603,-0.43966,0.1432,0.0000,0.29365,0.29580,0.60509,75.2,1.0000,-23.7041,0.4741,-7.3355,132.295,ppo_car_spread_a_sampling
23.3803,-0.37209,0.1432,0.0000,0.30500,0.30675,0.61469,75.2,1.0000,-23.6990,0.4741,-7.3392,132.268,ppo_car_spread_a_sampling
23.4003,-0.29930,0.0000,0.3273,0.31643,0.31776,0.61942,75.2,1.0000,-23.6939,0.4741,-7.3431,132.242,ppo_car_spread_a_sampling
23.4204,-0.24282,0.0000,0.3273,0.19085,0.19152,0.00000,0.0,1.0000,-23.6909,0.4741,-7.3454,132.235,ppo_car_spread_a_sampling
23.4404,-0.24282,0.0000,0.3273,0.00610,0.01110,0.00000,0.0,1.0000,-23.6909,0.4741,-7.3452,132.236,ppo_car_spread_a_sampling
23.4604,-0.24282,0.0000,0.3273,-0.00608,0.00665,0.32351,-68.7,1.0000,-23.6911,0.4741,-7.3450,132.241,ppo_car_spread_a_sampling
23.4804,-0.17556,0.3312,0.0000,-0.01794,0.01794,0.19640,-68.7,1.0000,-23.6915,0.4741,-7.3447,132.241,ppo_car_spread_a_sampling
23.5004,-0.17556,0.3312,0.0000,0.01747,0.01752,0.27815,173.9,1.0000,-23.6913,0.4741,-7.3449,132.239,ppo_car_spread_a_sampling
23.5204,-0.17556,0.3312,0.0000,0.04342,0.04348,0.44054,173.9,1.0000,-23.6907,0.4741,-7.3454,132.240,ppo_car_spread_a_sampling
23.5404,-0.17556,0.3312,0.0000,0.08263,0.08270,0.16728,173.9,1.0000,-23.6894,0.4741,-7.3465,132.236,ppo_car_spread_a_sampling
23.5604,-0.11043,0.5124,0.0000,0.11595,0.11605,0.14779,173.9,1.0000,-23.6876,0.4741,-7.3480,132.233,ppo_car_spread_a_sampling
23.5804,-0.08163,0.5124,0.0000,0.15558,0.15565,0.49396,269.0,1.0000,-23.6852,0.4741,-7.3501,132.225,ppo_car_spread_a_sampling
23.6004,-0.08163,0.5124,0.0000,0.19884,0.19888,0.56868,269.0,1.0000,-23.6821,0.4741,-7.3528,132.219,ppo_car_spread_a_sampling
23.6204,-0.08163,0.5124,0.0000,0.25077,0.25082,0.58233,269.0,1.0000,-23.6782,0.4741,-7.3562,132.212,ppo_car_spread_a_sampling
23.6404,-0.00984,0.0978,0.0000,0.30414,0.30419,0.63991,269.0,1.0000,-23.6735,0.4741,-7.3603,132.210,ppo_car_spread_a_sampling
23.6604,0.05609,0.0978,0.0000,0.31115,0.31116,0.59730,51.3,1.0000,-23.6688,0.4741,-7.3646,132.205,ppo_car_spread_a_sampling
23.6804,0.12093,0.0978,0.0000,0.31694,0.31694,0.61080,51.3,1.0000,-23.6640,0.4741,-7.3689,132.206,ppo_car_spread_a_sampling
23.7004,0.18636,0.0978,0.0000,0.32649,0.32653,0.61295,51.3,1.0000,-23.6592,0.4741,-7.3734,132.211,ppo_car_spread_a_sampling
23.7204,0.12366,0.0000,0.0048,0.33568,0.33584,0.62378,51.3,1.0000,-23.6543,0.4741,-7.3782,132.220,ppo_car_spread_a_sampling
23.7404,0.12366,0.0000,0.0048,0.19443,0.19451,0.00000,0.0,1.0000,-23.6515,0.4741,-7.3808,132.222,ppo_car_spread_a_sampling
23.7604,0.12366,0.0000,0.0048,0.00742,0.00842,0.00000,0.0,1.0000,-23.6517,0.4741,-7.3808,132.223,ppo_car_spread_a_sampling
23.7804,0.12366,0.0000,0.0048,0.00564,0.00585,0.36233,-1.0,1.0000,-23.6518,0.4741,-7.3807,132.220,ppo_car_spread_a_sampling
23.8004,0.20101,0.0000,0.7949,0.00666,0.00670,0.17322,-1.0,1.0000,-23.6518,0.4741,-7.3807,132.221,ppo_car_spread_a_sampling
23.8204,0.26077,0.0000,0.7949,-0.01897,0.01899,0.37941,-166.9,1.0000,-23.6522,0.4741,-7.3803,132.219,ppo_car_spread_a_sampling
23.8404,0.32730,0.0000,0.7949,-0.05386,0.05395,0.27843,-166.9,1.0000,-23.6530,0.4741,-7.3794,132.218,ppo_car_spread_a_sampling
23.8604,0.38120,0.0000,0.7949,-0.08748,0.08769,0.30738,-166.9,1.0000,-23.6543,0.4741,-7.3780,132.211,ppo_car_spread_a_sampling
23.8804,0.29956,0.0000,0.1186,-0.11504,0.11538,0.22197,-166.9,1.0000,-23.6560,0.4741,-7.3762,132.202,ppo_car_spread_a_sampling
23.9004,0.24618,0.0000,0.1186,-0.12571,0.12600,0.14727,-24.9,1.0000,-23.6578,0.4741,-7.3743,132.192,ppo_car_spread_a_sampling
23.9204,0.14905,0.0000,0.1186,-0.12278,0.12299,0.47353,-24.9,1.0000,-23.6596,0.4741,-7.3725,132.181,ppo_car_spread_a_sampling
23.9404,0.12157,0.0000,0.1186,-0.13286,0.13297,0.11897,-24.9,1.0000,-23.6615,0.4741,-7.3706,132.174,ppo_car_spread_a_sampling
23.9604,0.19470,0.0000,0.2740,-0.13789,0.13796,0.28068,-24.9,1.0000,-23.6635,0.4741,-7.3687,132.171,ppo_car_spread_a_sampling
23.9804,0.19470,0.0000,0.2740,-0.14235,0.14247,0.37626,-57.5,1.0000,-23.6655,0.4741,-7.3667,132.167,ppo_car_spread_a_sampling
24.0004,0.19470,0.0000,0.2740,-0.15762,0.15775,0.36952,-57.5,1.0000,-23.6677,0.4741,-7.3645,132.163,ppo_car_spread_a_sampling
24.0204,0.19470,0.0000,0.2740,-0.16818,0.16834,0.29969,-57.5,1.0000,-23.6701,0.4741,-7.3621,132.156,ppo_car_spread_a_sampling
24.0404,0.10811,0.2291,0.0000,-0.18102,0.18117,0.14411,-57.5,1.0000,-23.6727,0.4741,-7.3596,132.149,ppo_car_spread_a_sampling
24.0604,0.03623,0.2291,0.0000,-0.15251,0.15259,0.43018,120.3,1.0000,-23.6748,0.4741,-7.3575,132.145,ppo_car_spread_a_sampling
24.0804,-0.05101,0.2291,0.0000,-0.13197,0.13200,0.39703,120.3,1.0000,-23.6766,0.4741,-7.3558,132.142,ppo_car_spread_a_sampling
24.1004,-0.10767,0.2291,0.0000,-0.11282,0.11282,0.23095,120.3,1.0000,-23.6782,0.4741,-7.3544,132.143,ppo_car_spread_a_sampling
24.1204,-0.03006,0.0000,0.2893,-0.09429,0.09430,0.20827,120.3,1.0000,-23.6795,0.4741,-7.3532,132.144,ppo_car_spread_a_sampling
24.1404,0.04874,0.0000,0.2893,-0.10187,0.10187,0.18885,-60.8,1.0000,-23.6810,0.4741,-7.3519,132.147,ppo_car_spread_a_sampling
24.1604,0.12596,0.0000,0.2893,-0.10771,0.10771,0.42551,-60.8,1.0000,-23.6825,0.4741,-7.3506,132.148,ppo_car_spread_a_sampling
24.1804,0.19757,0.0000,0.2893,-0.12147,0.12150,0.25816,-60.8,1.0000,-23.6842,0.4741,-7.3490,132.147,ppo_car_spread_a_sampling
24.2004,0.12303,0.1788,0.0000,-0.13194,0.13202,0.32950,-60.8,1.0000,-23.6861,0.4741,-7.3472,132.139,ppo_car_spread_a_sampling
24.2204,0.04923,0.1788,0.0000,-0.11373,0.11378,0.28696,93.9,1.0000,-23.6877,0.4741,-7.3456,132.135,ppo_car_spread_a_sampling
24.2404,0.02528,0.1788,0.0000,-0.09853,0.09855,0.21716,93.9,1.0000,-23.6890,0.4741,-7.3443,132.134,ppo_car_spread_a_sampling
24.2604,0.02528,0.1788,0.0000,-0.08268,0.08268,0.33110,93.9,1.0000,-23.6902,0.4741,-7.3433,132.137,ppo_car_spread_a_sampling
24.2804,-0.05902,0.6507,0.0000,-0.06162,0.06162,0.17056,93.9,1.0000,-23.6911,0.4741,-7.3425,132.137,ppo_car_spread_a_sampling
24.3004,-0.13566,0.6507,0.0000,-0.00270,0.00275,0.38164,341.6,1.0000,-23.6910,0.4741,-7.3425,132.133,ppo_car_spread_a_sampling
24.3204,-0.18813,0.6507,0.0000,0.05883,0.05886,0.40946,341.6,1.0000,-23.6900,0.4741,-7.3434,132.131,ppo_car_spread_a_sampling
24.3404,-0.26876,0.6507,0.0000,0.12566,0.12577,0.28818,341.6,1.0000,-23.6879,0.4741,-7.3451,132.126,ppo_car_spread_a_sampling
24.3604,-0.18399,0.1188,0.0000,0.18602,0.18629,0.50865,341.6,1.0000,-23.6849,0.4741,-7.3476,132.117,ppo_car_spread_a_sampling
24.3804,-0.12247,0.1188,0.0000,0.20156,0.20176,0.32185,62.4,1.0000,-23.6817,0.4741,-7.3502,132.109,ppo_car_spread_a_sampling
24.4004,-0.04161,0.1188,0.0000,0.21290,0.21301,0.35789,62.4,1.0000,-23.6784,0.4741,-7.3531,132.103,ppo_car_spread_a_sampling
24.4204,-0.02401,0.1188,0.0000,0.22072,0.22076,0.54852,62.4,1.0000,-23.6750,0.4741,-7.3560,132.095,ppo_car_spread_a_sampling
24.4404,0.04282,0.0000,0.2315,0.23008,0.23009,0.50727,62.4,1.0000,-23.6715,0.4741,-7.3591,132.091,ppo_car_spread_a_sampling
24.4604,0.12760,0.0000,0.2315,0.19751,0.19751,0.00000,0.0,1.0000,-23.6686,0.4741,-7.3617,132.091,ppo_car_spread_a_sampling
24.4804,0.20292,0.0000,0.2315,0.00715,0.00737,0.00000,0.0,1.0000,-23.6687,0.4741,-7.3617,132.092,ppo_car_spread_a_sampling
24.5004,0.25786,0.0000,0.2315,-0.00202,0.00205,0.21825,-48.6,1.0000,-23.6689,0.4741,-7.3615,132.091,ppo_car_spread_a_sampling
24.5204,0.16955,0.0617,0.0000,-0.00706,0.00707,0.33910,-48.6,1.0000,-23.6692,0.4741,-7.3613,132.094,ppo_car_spread_a_sampling
24.5404,0.10620,0.0617,0.0000,-0.00577,0.00579,0.18577,32.4,1.0000,-23.6694,0.4741,-7.3611,132.094,ppo_car_spread_a_sampling
24.5604,0.04642,0.0617,0.0000,-0.00143,0.00143,0.33405,32.4,1.0000,-23.6695,0.4741,-7.3610,132.097,ppo_car_spread_a_sampling
24.5804,-0.02105,0.0617,0.0000,0.00280,0.00280,0.26879,32.4,1.0000,-23.6696,0.4741,-7.3609,132.098,ppo_car_spread_a_sampling
24.6004,-0.10086,0.0000,0.0467,0.00909,0.00909,0.17630,32.4,1.0000,-23.6695,0.4741,-7.3610,132.098,ppo_car_spread_a_sampling
24.6204,-0.17507,0.0000,0.0467,0.00336,0.00336,0.37276,-9.8,1.0000,-23.6695,0.4741,-7.3610,132.096,ppo_car_spread_a_sampling
24.6404,-0.23507,0.0000,0.0467,0.01165,0.01166,0.13863,-9.8,1.0000,-23.6694,0.4741,-7.3611,132.097,ppo_car_spread_a_sampling
24.6604,-0.32753,0.0000,0.0467,0.00884,0.00884,0.21269,-9.8,1.0000,-23.6693,0.4741,-7.3612,132.097,ppo_car_spread_a_sampling
24.6804,-0.24810,0.0000,0.1186,0.00692,0.00692,0.33119,-9.8,1.0000,-23.6692,0.4741,-7.3612,132.096,ppo_car_spread_a_sampling
24.7004,-0.17801,0.0000,0.1186,0.00274,0.00274,0.21164,-24.9,1.0000,-23.6692,0.4741,-7.3613,132.098,ppo_car_spread_a_sampling
24.7204,-0.09624,0.0000,0.1186,-0.00289,0.00291,0.27887,-24.9,1.0000,-23.6693,0.4741,-7.3612,132.097,ppo_car_spread_a_sampling
24.7404,-0.07537,0.0000,0.1186,-0.01147,0.01147,0.35105,-24.9,1.0000,-23.6694,0.4741,-7.3610,132.097,ppo_car_spread_a_sampling
24.7604,-0.13427,0.0694,0.0000,-0.01110,0.01110,0.20251,-24.9,1.0000,-23.6696,0.4741,-7.3609,132.098,ppo_car_spread_a_sampling
24.7804,-0.13510,0.0694,0.0000,-0.00863,0.00863,0.25346,36.4,1.0000,-23.6697,0.4741,-7.3608,132.101,ppo_car_spread_a_sampling
24.8004,-0.13510,0.0694,0.0000,0.00563,0.00563,0.32450,36.4,1.0000,-23.6696,0.4741,-7.3609,132.099,ppo_car_spread_a_sampling
24.8204,-0.13510,0.0694,0.0000,0.00906,0.00906,0.34008,36.4,1.0000,-23.6695,0.4741,-7.3610,132.100,ppo_car_spread_a_sampling
24.8404,-0.16016,0.0000,0.1161,0.01123,0.01124,0.37523,36.4,1.0000,-23.6692,0.4741,-7.3612,132.097,ppo_car_spread_a_sampling
24.8604,-0.16016,0.0000,0.1161,0.00703,0.00703,0.26364,-24.4,1.0000,-23.6691,0.4741,-7.3613,132.097,ppo_car_spread_a_sampling
24.8804,-0.16016,0.0000,0.1161,0.00861,0.00862,0.25409,-24.4,1.0000,-23.6690,0.4741,-7.3614,132.095,ppo_car_spread_a_sampling
24.9004,-0.16016,0.0000,0.1161,0.00034,0.00035,0.35372,-24.4,1.0000,-23.6689,0.4741,-7.3615,132.094,ppo_car_spread_a_sampling
24.9204,-0.06273,0.3451,0.0000,-0.00702,0.00702,0.13700,-24.4,1.0000,-23.6690,0.4741,-7.3614,132.094,ppo_car_spread_a_sampling
24.9404,0.01537,0.3451,0.0000,0.02915,0.02916,0.27689,181.2,1.0000,-23.6685,0.4741,-7.3618,132.090,ppo_car_spread_a_sampling
24.9604,0.08078,0.3451,0.0000,0.06504,0.06504,0.33361,181.2,1.0000,-23.6675,0.4741,-7.3627,132.088,ppo_car_spread_a_sampling
24.9804,0.15240,0.3451,0.0000,0.09664,0.09665,0.34505,181.2,1.0000,-23.6660,0.4741,-7.3641,132.089,ppo_car_spread_a_sampling
25.0004,0.18650,0.0000,0.5344,0.13043,0.13048,0.42182,181.2,1.0000,-23.6641,0.4741,-7.3660,132.093,ppo_car_spread_a_sampling
25.0204,0.18650,0.0000,0.5344,0.12931,0.12940,0.00000,0.0,1.0000,-23.6621,0.4741,-7.3678,132.097,ppo_car_spread_a_sampling
25.0404,0.18650,0.0000,0.5344,0.00280,0.00448,0.00000,0.0,1.0000,-23.6622,0.4741,-7.3679,132.097,ppo_car_spread_a_sampling
25.0604,0.18650,0.0000,0.5344,-0.01800,0.01801,0.31926,-112.2,1.0000,-23.6625,0.4741,-7.3676,132.095,ppo_car_spread_a_sampling
25.0804,0.12158,0.0000,0.4294,-0.03800,0.03802,0.32055,-112.2,1.0000,-23.6631,0.4741,-7.3670,132.092,ppo_car_spread_a_sampling
25.1004,0.05667,0.0000,0.4294,-0.04965,0.04967,0.32780,-90.2,1.0000,-23.6639,0.4741,-7.3663,132.090,ppo_car_spread_a_sampling
25.1204,0.00886,0.0000,0.4294,-0.07140,0.07141,0.41785,-90.2,1.0000,-23.6650,0.4741,-7.3653,132.089,ppo_car_spread_a_sampling
25.1404,0.00886,0.0000,0.4294,-0.08400,0.08400,0.45414,-90.2,1.0000,-23.6663,0.4741,-7.3641,132.088,ppo_car_spread_a_sampling
25.1604,-0.05023,0.3331,0.0000,-0.10578,0.10578,0.19182,-90.2,1.0000,-23.6679,0.4741,-7.3626,132.086,ppo_car_spread_a_sampling
25.1804,-0.13743,0.3331,0.0000,-0.07735,0.07735,0.26480,174.9,1.0000,-23.6691,0.4741,-7.3615,132.085,ppo_car_spread_a_sampling
25.2004,-0.19182,0.3331,0.0000,-0.04485,0.04485,0.26100,174.9,1.0000,-23.6698,0.4741,-7.3610,132.088,ppo_car_spread_a_sampling
25.2204,-0.19182,0.3331,0.0000,-0.01518,0.01518,0.33666,174.9,1.0000,-23.6700,0.4741,-7.3608,132.087,ppo_car_spread_a_sampling
25.2404,-0.16209,0.3787,0.0000,0.02018,0.02020,0.27459,174.9,1.0000,-23.6696,0.4741,-7.3611,132.084,ppo_car_spread_a_sampling
25.2604,-0.16209,0.3787,0.0000,0.05892,0.05896,0.25667,198.8,1.0000,-23.6686,0.4741,-7.3619,132.081,ppo_car_spread_a_sampling
25.2804,-0.16209,0.3787,0.0000,0.09302,0.09308,0.39376,198.8,1.0000,-23.6671,0.4741,-7.3632,132.077,ppo_car_spread_a_sampling
25.3004,-0.16209,0.3787,0.0000,0.13662,0.13671,0.14036,198.8,1.0000,-23.6649,0.4741,-7.3650,132.072,ppo_car_spread_a_sampling
25.3204,-0.07979,0.5143,0.0000,0.17344,0.17355,0.21858,198.8,1.0000,-23.6621,0.4741,-7.3673,132.068,ppo_car_spread_a_sampling
25.3404,-0.01115,0.5143,0.0000,0.21669,0.21675,0.56209,270.0,1.0000,-23.6588,0.4741,-7.3703,132.060,ppo_car_spread_a_sampling
25.3604,0.06041,0.5143,0.0000,0.27167,0.27168,0.25597,270.0,1.0000,-23.6546,0.4741,-7.3740,132.057,ppo_car_spread_a_sampling
25.3804,0.06342,0.5143,0.0000,0.31582,0.31582,0.61117,270.0,1.0000,-23.6498,0.4741,-7.3783,132.058,ppo_car_spread_a_sampling
25.4004,0.13217,0.0000,0.0871,0.36802,0.36804,0.58076,270.0,1.0000,-23.6443,0.4741,-7.3835,132.061,ppo_car_spread_a_sampling
25.4204,0.19189,0.0000,0.0871,0.27010,0.27014,0.12009,0.0,1.0000,-23.6403,0.4741,-7.3872,132.068,ppo_car_spread_a_sampling
25.4404,0.28339,0.0000,0.0871,0.19687,0.19695,0.00000,0.0,1.0000,-23.6375,0.4741,-7.3898,132.069,ppo_car_spread_a_sampling
25.4604,0.28560,0.0000,0.0871,0.00731,0.00897,0.00000,0.0,1.0000,-23.6377,0.4741,-7.3898,132.070,ppo_car_spread_a_sampling
25.4804,0.22096,0.0000,0.3092,0.00664,0.00693,0.15837,-18.3,1.0000,-23.6378,0.4741,-7.3898,132.069,ppo_car_spread_a_sampling
25.5004,0.14324,0.0000,0.3092,-0.00622,0.00622,0.23688,-64.9,1.0000,-23.6380,0.4741,-7.3896,132.069,ppo_car_spread_a_sampling
25.5204,0.08153,0.0000,0.3092,-0.01615,0.01616,0.24728,-64.9,1.0000,-23.6384,0.4741,-7.3892,132.067,ppo_car_spread_a_sampling
25.5404,-0.01922,0.0000,0.3092,-0.03478,0.03478,0.30774,-64.9,1.0000,-23.6391,0.4741,-7.3887,132.064,ppo_car_spread_a_sampling
25.5604,0.01645,0.4299,0.0000,-0.03926,0.03926,0.40537,-64.9,1.0000,-23.6397,0.4741,-7.3880,132.062,ppo_car_spread_a_sampling
25.5804,0.01645,0.4299,0.0000,-0.00749,0.00749,0.37355,225.7,1.0000,-23.6399,0.4741,-7.3879,132.062,ppo_car_spread_a_sampling
25.6004,0.01645,0.4299,0.0000,0.04006,0.04006,0.04572,225.7,1.0000,-23.6393,0.4741,-7.3884,132.061,ppo_car_spread_a_sampling
25.6204,0.01645,0.4299,0.0000,0.08047,0.08047,0.37080,225.7,1.0000,-23.6381,0.4741,-7.3895,132.058,ppo_car_spread_a_sampling
25.6404,0.09526,0.1488,0.0000,0.12361,0.12361,0.22421,225.7,1.0000,-23.6362,0.4741,-7.3912,132.059,ppo_car_spread_a_sampling
25.6604,0.15859,0.1488,0.0000,0.13568,0.13570,0.44299,78.1,1.0000,-23.6342,0.4741,-7.3931,132.064,ppo_car_spread_a_sampling
25.6804,0.23953,0.1488,0.0000,0.15032,0.15038,0.34629,78.1,1.0000,-23.6320,0.4741,-7.3952,132.071,ppo_car_spread_a_sampling
25.7004,0.31620,0.1488,0.0000,0.16499,0.16513,0.44241,78.1,1.0000,-23.6295,0.4741,-7.3976,132.075,ppo_car_spread_a_sampling
25.7204,0.38210,0.0000,0.3921,0.18146,0.18180,0.23993,78.1,1.0000,-23.6269,0.4741,-7.4003,132.085,ppo_car_spread_a_sampling
25.7404,0.39573,0.0000,0.3921,0.18296,0.18344,0.00000,0.0,1.0000,-23.6244,0.4741,-7.4030,132.097,ppo_car_spread_a_sampling
25.7604,0.39573,0.0000,0.3921,0.00378,0.00903,0.00000,0.0,1.0000,-23.6245,0.4741,-7.4031,132.098,ppo_car_spread_a_sampling
25.7804,0.39573,0.0000,0.3921,-0.01052,0.01066,0.31697,-82.3,1.0000,-23.6248,0.4741,-7.4029,132.096,ppo_car_spread_a_sampling
25.8004,0.32705,0.3563,0.0000,-0.01598,0.01599,0.42358,-82.3,1.0000,-23.6251,0.4741,-7.4026,132.095,ppo_car_spread_a_sampling
25.8204,0.22829,0.3563,0.0000,0.00642,0.00649,0.36657,187.0,1.0000,-23.6250,0.4741,-7.4027,132.094,ppo_car_spread_a_sampling
25.8404,0.16381,0.3563,0.0000,0.03969,0.03978,0.41125,187.0,1.0000,-23.6244,0.4741,-7.4033,132.097,ppo_car_spread_a_sampling
25.8604,0.09834,0.3563,0.0000,0.07725,0.07731,0.20654,187.0,1.0000,-23.6233,0.4741,-7.4044,132.097,ppo_car_spread_a_sampling
25.8804,0.17273,0.1943,0.0000,0.11017,0.11021,0.28027,187.0,1.0000,-23.6216,0.4741,-7.4059,132.098,ppo_car_spread_a_sampling
25.9004,0.18927,0.1943,0.0000,0.13326,0.13334,0.12139,102.0,1.0000,-23.6197,0.4741,-7.4079,132.101,ppo_car_spread_a_sampling
25.9204,0.18927,0.1943,0.0000,0.15314,0.15327,0.18063,102.0,1.0000,-23.6174,0.4741,-7.4101,132.107,ppo_car_spread_a_sampling
25.9404,0.18927,0.1943,0.0000,0.16746,0.16761,0.35435,102.0,1.0000,-23.6150,0.4741,-7.4125,132.111,ppo_car_spread_a_sampling
25.9604,0.12269,0.0486,0.0000,0.18531,0.18546,0.52118,102.0,1.0000,-23.6123,0.4741,-7.4151,132.120,ppo_car_spread_a_sampling
25.9804,0.06113,0.0486,0.0000,0.19129,0.19139,0.34752,25.5,1.0000,-23.6095,0.4741,-7.4178,132.129,ppo_car_spread_a_sampling
26.0004,-0.02729,0.0486,0.0000,0.19714,0.19718,0.33920,25.5,1.0000,-23.6065,0.4741,-7.4206,132.135,ppo_car_spread_a_sampling
26.0204,-0.08903,0.0486,0.0000,0.19781,0.19781,0.49050,25.5,1.0000,-23.6036,0.4741,-7.4232,132.137,ppo_car_spread_a_sampling
26.0404,-0.01886,0.3244,0.0000,0.20618,0.20619,0.31696,25.5,1.0000,-23.6005,0.4741,-7.4260,132.136,ppo_car_spread_a_sampling
26.0604,0.07676,0.3244,0.0000,0.23891,0.23891,0.39472,170.3,1.0000,-23.5969,0.4741,-7.4292,132.133,ppo_car_spread_a_sampling
26.0804,0.13146,0.3244,0.0000,0.26690,0.26691,0.56642,170.3,1.0000,-23.5929,0.4741,-7.4328,132.130,ppo_car_spread_a_sampling
26.1004,0.20756,0.3244,0.0000,0.29684,0.29691,0.57778,170.3,1.0000,-23.5885,0.4741,-7.4370,132.134,ppo_car_spread_a_sampling
26.1204,0.12548,0.0000,0.2577,0.32728,0.32749,0.62393,170.3,1.0000,-23.5838,0.4741,-7.4416,132.145,ppo_car_spread_a_sampling
26.1404,0.05158,0.0000,0.2577,0.19609,0.19621,0.00000,0.0,1.0000,-23.5810,0.4741,-7.4443,132.153,ppo_car_spread_a_sampling
26.1604,-0.02481,0.0000,0.2577,0.05615,0.05622,0.00000,0.0,1.0000,-23.5804,0.4741,-7.4449,132.224,ppo_car_spread_a_sampling
26.1804,-0.10166,0.0000,0.2577,0.04361,0.04363,0.24759,-54.1,1.0000,-23.5799,0.4741,-7.4454,132.246,ppo_car_spread_a_sampling
26.2004,-0.16172,0.0000,0.8335,0.03296,0.03296,0.32880,-54.1,1.0000,-23.5796,0.4741,-7.4457,132.254,ppo_car_spread_a_sampling
26.2204,-0.25267,0.0000,0.8335,-0.00188,0.00198,0.21645,-175.0,1.0000,-23.5797,0.4741,-7.4456,132.256,ppo_car_spread_a_sampling
26.2404,-0.32573,0.0000,0.8335,-0.03232,0.03236,0.29671,-175.0,1.0000,-23.5804,0.4741,-7.4450,132.259,ppo_car_spread_a_sampling
26.2604,-0.40138,0.0000,0.8335,-0.06301,0.06316,0.34896,-175.0,1.0000,-23.5815,0.4741,-7.4442,132.263,ppo_car_spread_a_sampling
26.2804,-0.34748,0.5290,0.0000,-0.09415,0.09448,0.27371,-175.0,1.0000,-23.5831,0.4741,-7.4429,132.269,ppo_car_spread_a_sampling
26.3004,-0.26716,0.5290,0.0000,-0.04559,0.04574,0.16190,277.7,1.0000,-23.5838,0.4741,-7.4423,132.271,ppo_car_spread_a_sampling
26.3204,-0.20568,0.5290,0.0000,0.00582,0.00582,0.19620,277.7,1.0000,-23.5837,0.4741,-7.4424,132.272,ppo_car_spread_a_sampling
26.3404,-0.13886,0.5290,0.0000,0.06012,0.06017,0.13407,277.7,1.0000,-23.5828,0.4741,-7.4432,132.270,ppo_car_spread_a_sampling
26.3604,-0.22079,0.0000,0.0869,0.10372,0.10377,0.42102,277.7,1.0000,-23.5811,0.4741,-7.4446,132.267,ppo_car_spread_a_sampling
26.3804,-0.30623,0.0000,0.0869,0.14566,0.14580,0.00000,0.0,1.0000,-23.5787,0.4741,-7.4466,132.262,ppo_car_spread_a_sampling
26.4004,-0.38338,0.0000,0.0869,0.00171,0.00541,0.00000,0.0,1.0000,-23.5786,0.4741,-7.4465,132.263,ppo_car_spread_a_sampling
26.4204,-0.46292,0.0000,0.0869,0.00264,0.00345,0.34592,-18.2,1.0000,-23.5786,0.4741,-7.4465,132.262,ppo_car_spread_a_sampling
26.4404,-0.40330,0.0000,0.2446,-0.00547,0.00547,0.28046,-18.2,1.0000,-23.5786,0.4741,-7.4465,132.264,ppo_car_spread_a_sampling
26.4604,-0.31939,0.0000,0.2446,-0.00824,0.00825,0.36961,-51.4,1.0000,-23.5787,0.4741,-7.4464,132.262,ppo_car_spread_a_sampling
26.4804,-0.26011,0.0000,0.2446,-0.02007,0.02013,0.39866,-51.4,1.0000,-23.5790,0.4741,-7.4461,132.267,ppo_car_spread_a_sampling
26.5004,-0.16610,0.0000,0.2446,-0.03613,0.03620,0.24917,-51.4,1.0000,-23.5796,0.4741,-7.4457,132.270,ppo_car_spread_a_sampling
26.5204,-0.08937,0.0000,0.1372,-0.04379,0.04382,0.31335,-51.4,1.0000,-23.5803,0.4741,-7.4452,132.273,ppo_car_spread_a_sampling
26.5404,-0.03245,0.0000,0.1372,-0.04428,0.04430,0.28861,-28.8,1.0000,-23.5809,0.4741,-7.4446,132.276,ppo_car_spread_a_sampling
26.5604,0.04136,0.0000,0.1372,-0.04269,0.04270,0.42230,-28.8,1.0000,-23.5816,0.4741,-7.4440,132.278,ppo_car_spread_a_sampling
26.5804,0.11671,0.0000,0.1372,-0.06309,0.06309,0.20419,-28.8,1.0000,-23.5825,0.4741,-7.4432,132.279,ppo_car_spread_a_sampling
26.6004,0.19909,0.2186,0.0000,-0.06523,0.06524,0.10970,-28.8,1.0000,-23.5834,0.4741,-7.4423,132.279,ppo_car_spread_a_sampling
26.6204,0.25219,0.2186,0.0000,-0.03754,0.03756,0.37519,114.8,1.0000,-23.5839,0.4741,-7.4418,132.275,ppo_car_spread_a_sampling
26.6404,0.25219,0.2186,0.0000,-0.02004,0.02005,0.19433,114.8,1.0000,-23.5842,0.4741,-7.4416,132.273,ppo_car_spread_a_sampling
26.6604,0.25219,0.2186,0.0000,-0.00597,0.00597,0.31121,114.8,1.0000,-23.5842,0.4741,-7.4415,132.271,ppo_car_spread_a_sampling
26.6804,0.19357,0.0000,0.2402,0.02278,0.02281,0.14682,114.8,1.0000,-23.5839,0.4741,-7.4419,132.273,ppo_car_spread_a_sampling
26.7004,0.11652,0.0000,0.2402,0.01379,0.01381,0.21425,-50.4,1.0000,-23.5836,0.4741,-7.4421,132.271,ppo_car_spread_a_sampling
26.7204,0.07586,0.0000,0.2402,-0.00325,0.00325,0.28404,-50.4,1.0000,-23.5836,0.4741,-7.4421,132.269,ppo_car_spread_a_sampling
26.7404,0.07586,0.0000,0.2402,-0.00739,0.00739,0.33717,-50.4,1.0000,-23.5837,0.4741,-7.4420,132.271,ppo_car_spread_a_sampling
26.7604,0.01681,0.0000,0.4460,-0.01422,0.01422,0.34196,-50.4,1.0000,-23.5839,0.4741,-7.4419,132.268,ppo_car_spread_a_sampling
26.7804,-0.06894,0.0000,0.4460,-0.03291,0.03291,0.28528,-93.7,1.0000,-23.5844,0.4741,-7.4414,132.263,ppo_car_spread_a_sampling
26.8004,-0.14607,0.0000,0.4460,-0.04734,0.04734,0.34951,-93.7,1.0000,-23.5851,0.4741,-7.4408,132.264,ppo_car_spread_a_sampling
26.8204,-0.21993,0.0000,0.4460,-0.06501,0.06503,0.39737,-93.7,1.0000,-23.5862,0.4741,-7.4399,132.266,ppo_car_spread_a_sampling
26.8404,-0.14059,0.1715,0.0000,-0.08592,0.08598,0.44844,-93.7,1.0000,-23.5875,0.4741,-7.4387,132.266,ppo_car_spread_a_sampling
26.8604,-0.09706,0.1715,0.0000,-0.06310,0.06314,0.39749,90.0,1.0000,-23.5885,0.4741,-7.4379,132.271,ppo_car_spread_a_sampling
26.8804,-0.09706,0.1715,0.0000,-0.05197,0.05199,0.38184,90.0,1.0000,-23.5893,0.4741,-7.4372,132.276,ppo_car_spread_a_sampling
26.9004,-0.09706,0.1715,0.0000,-0.04639,0.04640,0.32189,90.0,1.0000,-23.5900,0.4741,-7.4366,132.278,ppo_car_spread_a_sampling
26.9204,-0.02368,0.0000,0.3948,-0.02491,0.02491,0.33632,90.0,1.0000,-23.5904,0.4741,-7.4363,132.277,ppo_car_spread_a_sampling
26.9404,-0.01313,0.0000,0.3948,-0.03463,0.03463,0.29700,-82.9,1.0000,-23.5909,0.4741,-7.4359,132.274,ppo_car_spread_a_sampling
26.9604,-0.01313,0.0000,0.3948,-0.04821,0.04821,0.20482,-82.9,1.0000,-23.5916,0.4741,-7.4352,132.273,ppo_car_spread_a_sampling
26.9804,-0.01313,0.0000,0.3948,-0.06700,0.06700,0.36228,-82.9,1.0000,-23.5926,0.4741,-7.4343,132.276,ppo_car_spread_a_sampling
27.0004,-0.01477,0.9251,0.0000,-0.08004,0.08004,0.39912,-82.9,1.0000,-23.5938,0.4741,-7.4332,132.274,ppo_car_spread_a_sampling
27.0204,-0.01477,0.9251,0.0000,0.01051,0.01051,0.06534,485.7,1.0000,-23.5936,0.4741,-7.4334,132.273,ppo_car_spread_a_sampling
27.0404,-0.01477,0.9251,0.0000,0.10106,0.10106,0.18663,485.7,1.0000,-23.5920,0.4741,-7.4348,132.271,ppo_car_spread_a_sampling
27.0604,-0.01477,0.9251,0.0000,0.18928,0.18928,0.40401,485.7,1.0000,-23.5890,0.4741,-7.4375,132.268,ppo_car_spread_a_sampling
27.0804,0.01499,0.0000,0.4759,0.27652,0.27652,0.57023,485.7,1.0000,-23.5848,0.4741,-7.4414,132.269,ppo_car_spread_a_sampling
27.1004,0.01499,0.0000,0.4759,0.19175,0.19175,0.00000,0.0,1.0000,-23.5819,0.4741,-7.4440,132.268,ppo_car_spread_a_sampling
27.1204,0.01499,0.0000,0.4759,0.00497,0.00498,0.00000,0.0,1.0000,-23.5819,0.4741,-7.4440,132.269,ppo_car_spread_a_sampling
27.1404,0.01499,0.0000,0.4759,-0.00954,0.00954,0.31772,-99.9,1.0000,-23.5821,0.4741,-7.4438,132.270,ppo_car_spread_a_sampling
27.1604,-0.06039,0.2622,0.0000,-0.02647,0.02647,0.41013,-99.9,1.0000,-23.5826,0.4741,-7.4433,132.272,ppo_car_spread_a_sampling
27.1804,-0.15232,0.2622,0.0000,-0.00960,0.00960,0.34114,137.6,1.0000,-23.5828,0.4741,-7.4432,132.270,ppo_car_spread_a_sampling
27.2004,-0.21607,0.2622,0.0000,0.01891,0.01892,0.35616,137.6,1.0000,-23.5825,0.4741,-7.4434,132.272,ppo_car_spread_a_sampling
27.2204,-0.29033,0.2622,0.0000,0.03565,0.03569,0.43228,137.6,1.0000,-23.5820,0.4741,-7.4438,132.272,ppo_car_spread_a_sampling
27.2404,-0.27289,0.0000,0.1869,0.06739,0.06749,0.44039,137.6,1.0000,-23.5810,0.4741,-7.4446,132.270,ppo_car_spread_a_sampling
27.2604,-0.27289,0.0000,0.1869,0.06558,0.06570,0.26015,-39.3,1.0000,-23.5799,0.4741,-7.4455,132.269,ppo_car_spread_a_sampling
27.2804,-0.27289,0.0000,0.1869,0.05865,0.05877,0.26851,-39.3,1.0000,-23.5790,0.4741,-7.4462,132.267,ppo_car_spread_a_sampling
27.3004,-0.27289,0.0000,0.1869,0.05366,0.05377,0.28911,-39.3,1.0000,-23.5782,0.4741,-7.4468,132.263,ppo_car_spread_a_sampling
27.3204,-0.32868,0.3178,0.0000,0.04730,0.04739,0.29085,-39.3,1.0000,-23.5775,0.4741,-7.4474,132.260,ppo_car_spread_a_sampling
27.3404,-0.39160,0.3178,0.0000,0.07744,0.07761,0.21770,166.9,1.0000,-23.5762,0.4741,-7.4484,132.257,ppo_car_spread_a_sampling
27.3604,-0.39160,0.3178,0.0000,0.10243,0.10278,0.16303,166.9,1.0000,-23.5746,0.4741,-7.4496,132.249,ppo_car_spread_a_sampling
27.3804,-0.39160,0.3178,0.0000,0.12550,0.12594,0.46902,166.9,1.0000,-23.5726,0.4741,-7.4512,132.237,ppo_car_spread_a_sampling
27.4004,-0.47124,0.0000,0.0507,0.16099,0.16156,0.39422,166.9,1.0000,-23.5699,0.4741,-7.4532,132.222,ppo_car_spread_a_sampling
27.4204,-0.53323,0.0000,0.0507,0.18022,0.18110,0.00000,0.0,1.0000,-23.5670,0.4741,-7.4554,132.211,ppo_car_spread_a_sampling
27.4404,-0.59313,0.0000,0.0507,0.00340,0.00996,0.00000,0.0,1.0000,-23.5669,0.4741,-7.4552,132.212,ppo_car_spread_a_sampling
27.4604,-0.59313,0.0000,0.0507,0.00438,0.00546,0.20866,-10.6,1.0000,-23.5668,0.4741,-7.4551,132.213,ppo_car_spread_a_sampling
27.4804,-0.53547,0.1533,0.0000,0.00120,0.00189,0.25572,-10.6,1.0000,-23.5669,0.4741,-7.4551,132.211,ppo_car_spread_a_sampling
27.5004,-0.45757,0.1533,0.0000,0.00990,0.01000,0.35579,80.5,1.0000,-23.5668,0.4741,-7.4551,132.212,ppo_car_spread_a_sampling
27.5204,-0.39689,0.1533,0.0000,0.02500,0.02514,0.40252,80.5,1.0000,-23.5664,0.4741,-7.4554,132.208,ppo_car_spread_a_sampling
27.5404,-0.30796,0.1533,0.0000,0.04502,0.04523,0.23021,80.5,1.0000,-23.5657,0.4741,-7.4560,132.202,ppo_car_spread_a_sampling
27.5604,-0.38837,0.0190,0.0000,0.05546,0.05562,0.24354,80.5,1.0000,-23.5648,0.4741,-7.4567,132.198,ppo_car_spread_a_sampling
27.5804,-0.46305,0.0190,0.0000,0.05417,0.05437,0.33796,10.0,1.0000,-23.5639,0.4741,-7.4573,132.193,ppo_car_spread_a_sampling
27.6004,-0.52057,0.0190,0.0000,0.06250,0.06282,0.33140,10.0,1.0000,-23.5629,0.4741,-7.4581,132.187,ppo_car_spread_a_sampling
27.6204,-0.52057,0.0190,0.0000,0.06747,0.06782,0.38750,10.0,1.0000,-23.5618,0.4741,-7.4589,132.185,ppo_car_spread_a_sampling
27.6404,-0.46298,0.0000,0.4756,0.06756,0.06808,0.24247,10.0,1.0000,-23.5607,0.4741,-7.4597,132.176,ppo_car_spread_a_sampling
27.6604,-0.38285,0.0000,0.4756,0.04623,0.04650,0.19069,-99.9,1.0000,-23.5599,0.4741,-7.4603,132.172,ppo_car_spread_a_sampling
27.6804,-0.29795,0.0000,0.4756,0.03402,0.03419,0.28846,-99.9,1.0000,-23.5594,0.4741,-7.4607,132.168,ppo_car_spread_a_sampling
27.7004,-0.23769,0.0000,0.4756,0.01327,0.01332,0.14458,-99.9,1.0000,-23.5592,0.4741,-7.4608,132.168,ppo_car_spread_a_sampling
27.7204,-0.17172,0.3300,0.0000,-0.00474,0.00474,0.33674,-99.9,1.0000,-23.5593,0.4741,-7.4607,132.167,ppo_car_spread_a_sampling
27.7404,-0.09130,0.3300,0.0000,0.01879,0.01880,0.31074,173.3,1.0000,-23.5590,0.4741,-7.4610,132.167,ppo_car_spread_a_sampling
27.7604,-0.01073,0.3300,0.0000,0.05929,0.05930,0.21051,173.3,1.0000,-23.5581,0.4741,-7.4618,132.168,ppo_car_spread_a_sampling
27.7805,0.06767,0.3300,0.0000,0.08973,0.08973,0.29969,173.3,1.0000,-23.5567,0.4741,-7.4630,132.167,ppo_car_spread_a_sampling
27.8005,0.12996,0.2314,0.0000,0.11975,0.11976,0.46969,173.3,1.0000,-23.5549,0.4741,-7.4647,132.166,ppo_car_spread_a_sampling
27.8205,0.21633,0.2314,0.0000,0.14089,0.14092,0.38177,121.5,1.0000,-23.5528,0.4741,-7.4667,132.173,ppo_car_spread_a_sampling
27.8405,0.27368,0.2314,0.0000,0.16413,0.16425,0.48086,121.5,1.0000,-23.5504,0.4741,-7.4691,132.181,ppo_car_spread_a_sampling
27.8605,0.36166,0.2314,0.0000,0.18755,0.18780,0.39351,121.5,1.0000,-23.5477,0.4741,-7.4718,132.190,ppo_car_spread_a_sampling
27.8805,0.28136,0.0000,0.1808,0.21418,0.21469,0.19448,121.5,1.0000,-23.5446,0.4741,-7.4750,132.203,ppo_car_spread_a_sampling
27.9005,0.21682,0.0000,0.1808,0.19129,0.19168,0.00000,0.0,1.0000,-23.5419,0.4741,-7.4778,132.210,ppo_car_spread_a_sampling
27.9205,0.14129,0.0000,0.1808,0.00512,0.00897,0.00000,0.0,1.0000,-23.5421,0.4741,-7.4778,132.212,ppo_car_spread_a_sampling
27.9405,0.06369,0.0000,0.1808,-0.00099,0.00263,0.22162,-38.0,1.0000,-23.5422,0.4741,-7.4778,132.209,ppo_car_spread_a_sampling
27.9605,0.00801,0.0000,0.3316,-0.00829,0.00832,0.32826,-38.0,1.0000,-23.5424,0.4741,-7.4776,132.205,ppo_car_spread_a_sampling
27.9805,-0.08962,0.0000,0.3316,-0.02097,0.02097,0.38453,-69.6,1.0000,-23.5428,0.4741,-7.4772,132.209,ppo_car_spread_a_sampling
28.0005,-0.14288,0.0000,0.3316,-0.03713,0.03713,0.25196,-69.6,1.0000,-23.5435,0.4741,-7.4767,132.211,ppo_car_spread_a_sampling
28.0205,-0.21815,0.0000,0.3316,-0.04600,0.04602,0.18022,-69.6,1.0000,-23.5442,0.4741,-7.4760,132.212,ppo_car_spread_a_sampling
28.0405,-0.13751,0.1021,0.0000,-0.05657,0.05663,0.30631,-69.6,1.0000,-23.5451,0.4741,-7.4752,132.214,ppo_car_spread_a_sampling
28.0605,-0.12813,0.1021,0.0000,-0.05042,0.05046,0.27048,53.6,1.0000,-23.5459,0.4741,-7.4745,132.218,ppo_car_spread_a_sampling
28.0805,-0.12813,0.1021,0.0000,-0.04639,0.04642,0.28325,53.6,1.0000,-23.5467,0.4741,-7.4739,132.221,ppo_car_spread_a_sampling
28.1005,-0.12813,0.1021,0.0000,-0.03571,0.03573,0.29065,53.6,1.0000,-23.5472,0.4741,-7.4734,132.220,ppo_car_spread_a_sampling
28.1205,-0.03859,0.3763,0.0000,-0.02492,0.02493,0.29901,53.6,1.0000,-23.5476,0.4741,-7.4731,132.223,ppo_car_spread_a_sampling
28.1405,0.01960,0.3763,0.0000,0.01354,0.01354,0.41622,197.5,1.0000,-23.5473,0.4741,-7.4733,132.223,ppo_car_spread_a_sampling
28.1605,0.01960,0.3763,0.0000,0.05520,0.05520,0.23126,197.5,1.0000,-23.5464,0.4741,-7.4741,132.224,ppo_car_spread_a_sampling
28.1805,0.01960,0.3763,0.0000,0.08730,0.08730,0.34497,197.5,1.0000,-23.5451,0.4741,-7.4754,132.222,ppo_car_spread_a_sampling
28.2005,0.09787,0.0000,0.3941,0.12420,0.12420,0.21174,197.5,1.0000,-23.5431,0.4741,-7.4771,132.222,ppo_car_spread_a_sampling
28.2205,0.15288,0.0000,0.3941,0.14399,0.14401,0.00000,0.0,1.0000,-23.5409,0.4741,-7.4792,132.223,ppo_car_spread_a_sampling
28.2405,0.21504,0.0000,0.3941,0.00263,0.00368,0.00000,0.0,1.0000,-23.5410,0.4741,-7.4792,132.224,ppo_car_spread_a_sampling
28.2605,0.25462,0.0000,0.3941,-0.01097,0.01098,0.32951,-82.8,1.0000,-23.5412,0.4741,-7.4791,132.226,ppo_car_spread_a_sampling
28.2805,0.29095,0.0000,0.3963,-0.02216,0.02217,0.40585,-82.8,1.0000,-23.5415,0.4741,-7.4787,132.224,ppo_car_spread_a_sampling
28.3005,0.29095,0.0000,0.3963,-0.04794,0.04802,0.25484,-83.2,1.0000,-23.5422,0.4741,-7.4780,132.223,ppo_car_spread_a_sampling
28.3205,0.29095,0.0000,0.3963,-0.05783,0.05794,0.33931,-83.2,1.0000,-23.5431,0.4741,-7.4772,132.223,ppo_car_spread_a_sampling
28.3405,0.29095,0.0000,0.3963,-0.07680,0.07693,0.43446,-83.2,1.0000,-23.5442,0.4741,-7.4760,132.223,ppo_car_spread_a_sampling
28.3605,0.20853,0.3367,0.0000,-0.08647,0.08667,0.44707,-83.2,1.0000,-23.5454,0.4741,-7.4747,132.218,ppo_car_spread_a_sampling
28.3805,0.14728,0.3367,0.0000,-0.05807,0.05816,0.08493,176.8,1.0000,-23.5462,0.4741,-7.4739,132.216,ppo_car_spread_a_sampling
28.4005,0.10409,0.3367,0.0000,-0.02575,0.02579,0.16849,176.8,1.0000,-23.5466,0.4741,-7.4735,132.216,ppo_car_spread_a_sampling
28.4205,0.10409,0.3367,0.0000,0.00378,0.00378,0.37204,176.8,1.0000,-23.5465,0.4741,-7.4736,132.216,ppo_car_spread_a_sampling
28.4405,0.01934,0.4414,0.0000,0.04156,0.04157,0.16923,176.8,1.0000,-23.5458,0.4741,-7.4743,132.218,ppo_car_spread_a_sampling
28.4605,-0.05896,0.4414,0.0000,0.08177,0.08177,0.24870,231.7,1.0000,-23.5446,0.4741,-7.4754,132.221,ppo_car_spread_a_sampling
28.4805,-0.12782,0.4414,0.0000,0.12583,0.12583,0.26935,231.7,1.0000,-23.5426,0.4741,-7.4772,132.221,ppo_car_spread_a_sampling
28.5005,-0.21096,0.4414,0.0000,0.16829,0.16834,0.48473,231.7,1.0000,-23.5399,0.4741,-7.4795,132.219,ppo_car_spread_a_sampling
28.5205,-0.14455,0.0000,0.5222,0.21187,0.21203,0.28540,231.7,1.0000,-23.5366,0.4741,-7.4823,132.212,ppo_car_spread_a_sampling
28.5405,-0.10822,0.0000,0.5222,0.19348,0.19360,0.00000,0.0,1.0000,-23.5335,0.4741,-7.4849,132.209,ppo_car_spread_a_sampling
28.5605,-0.10822,0.0000,0.5222,0.00487,0.00642,0.00000,0.0,1.0000,-23.5335,0.4741,-7.4848,132.210,ppo_car_spread_a_sampling
28.5805,-0.10822,0.0000,0.5222,-0.01151,0.01156,0.28154,-109.7,1.0000,-23.5338,0.4741,-7.4846,132.211,ppo_car_spread_a_sampling
28.6005,-0.18833,0.5640,0.0000,-0.03039,0.03039,0.38813,-109.7,1.0000,-23.5343,0.4741,-7.4841,132.211,ppo_car_spread_a_sampling
28.6205,-0.24101,0.5640,0.0000,0.01991,0.01996,0.24882,296.1,1.0000,-23.5340,0.4741,-7.4843,132.209,ppo_car_spread_a_sampling
28.6405,-0.31979,0.5640,0.0000,0.07268,0.07278,0.29122,296.1,1.0000,-23.5329,0.4741,-7.4852,132.203,ppo_car_spread_a_sampling
28.6605,-0.40043,0.5640,0.0000,0.12448,0.12473,0.51698,296.1,1.0000,-23.5309,0.4741,-7.4868,132.196,ppo_car_spread_a_sampling
28.6805,-0.48249,0.0000,0.1093,0.17760,0.17814,0.54895,296.1,1.0000,-23.5280,0.4741,-7.4890,132.181,ppo_car_spread_a_sampling
28.7005,-0.55611,0.0000,0.1093,0.18711,0.18799,0.00000,0.0,1.0000,-23.5249,0.4741,-7.4913,132.169,ppo_car_spread_a_sampling
28.7205,-0.61781,0.0000,0.1093,0.00361,0.00987,0.00000,0.0,1.0000,-23.5249,0.4741,-7.4911,132.170,ppo_car_spread_a_sampling
28.7405,-0.69470,0.0000,0.1093,-0.00311,0.00390,0.17693,-23.0,1.0000,-23.5250,0.4741,-7.4909,132.172,ppo_car_spread_a_sampling
28.7605,-0.64027,0.0000,0.2932,-0.00278,0.00280,0.34358,-23.0,1.0000,-23.5251,0.4741,-7.4909,132.174,ppo_car_spread_a_sampling
28.7805,-0.56072,0.0000,0.2932,-0.01987,0.02008,0.24496,-61.6,1.0000,-23.5255,0.4741,-7.4906,132.178,ppo_car_spread_a_sampling
28.8005,-0.48654,0.0000,0.2932,-0.02453,0.02469,0.26588,-61.6,1.0000,-23.5260,0.4741,-7.4903,132.181,ppo_car_spread_a_sampling
28.8205,-0.42421,0.0000,0.2932,-0.04026,0.04052,0.24367,-61.6,1.0000,-23.5267,0.4741,-7.4897,132.187,ppo_car_spread_a_sampling
28.8405,-0.35593,0.4119,0.0000,-0.05152,0.05173,0.24484,-61.6,1.0000,-23.5276,0.4741,-7.4891,132.194,ppo_car_spread_a_sampling
28.8605,-0.26513,0.4119,0.0000,-0.01082,0.01088,0.36496,216.2,1.0000,-23.5278,0.4741,-7.4890,132.199,ppo_car_spread_a_sampling
28.8805,-0.19056,0.4119,0.0000,0.03225,0.03231,0.24107,216.2,1.0000,-23.5272,0.4741,-7.4894,132.195,ppo_car_spread_a_sampling
28.9005,-0.11796,0.4119,0.0000,0.07095,0.07102,0.33166,216.2,1.0000,-23.5261,0.4741,-7.4903,132.189,ppo_car_spread_a_sampling
28.9205,-0.20347,0.9137,0.0000,0.11432,0.11437,0.14061,216.2,1.0000,-23.5243,0.4741,-7.4919,132.188,ppo_car_spread_a_sampling
28.9405,-0.26913,0.9137,0.0000,0.19751,0.19768,0.35143,479.7,1.0000,-23.5211,0.4741,-7.4945,132.180,ppo_car_spread_a_sampling
28.9605,-0.34203,0.9137,0.0000,0.28417,0.28457,0.66675,479.7,1.0000,-23.5165,0.4741,-7.4982,132.169,ppo_car_spread_a_sampling
28.9805,-0.42008,0.9137,0.0000,0.37074,0.37161,0.57494,479.7,1.0000,-23.5104,0.4741,-7.5030,132.146,ppo_car_spread_a_sampling
29.0005,-0.35822,0.0000,0.2776,0.45825,0.45982,0.66710,479.7,1.0000,-23.5029,0.4741,-7.5087,132.110,ppo_car_spread_a_sampling
29.0205,-0.28065,0.0000,0.2776,0.39206,0.39309,0.24796,0.0,1.0000,-23.4966,0.4741,-7.5136,132.064,ppo_car_spread_a_sampling
29.0405,-0.25777,0.0000,0.2776,0.29631,0.29679,0.51581,0.0,1.0000,-23.4919,0.4741,-7.5173,132.017,ppo_car_spread_a_sampling
29.0605,-0.25777,0.0000,0.2776,0.18612,0.18638,0.00000,0.0,1.0000,-23.4891,0.4741,-7.5196,132.005,ppo_car_spread_a_sampling
29.0805,-0.23165,0.0000,0.1138,0.00736,0.01007,0.00000,0.0,1.0000,-23.4891,0.4741,-7.5194,132.006,ppo_car_spread_a_sampling
29.1005,-0.23165,0.0000,0.1138,0.00715,0.00764,0.34537,-23.9,1.0000,-23.4892,0.4741,-7.5193,132.005,ppo_car_spread_a_sampling
29.1205,-0.23165,0.0000,0.1138,0.00371,0.00392,0.34845,-23.9,1.0000,-23.4893,0.4741,-7.5192,132.006,ppo_car_spread_a_sampling
29.1405,-0.23165,0.0000,0.1138,0.00111,0.00119,0.35556,-23.9,1.0000,-23.4894,0.4741,-7.5191,132.008,ppo_car_spread_a_sampling
29.1605,-0.20941,0.0000,0.1776,-0.01245,0.01245,0.31640,-23.9,1.0000,-23.4897,0.4741,-7.5189,132.006,ppo_car_spread_a_sampling
29.1805,-0.16805,0.0000,0.1776,-0.01655,0.01656,0.28107,-37.3,1.0000,-23.4901,0.4741,-7.5186,132.004,ppo_car_spread_a_sampling
29.2005,-0.16805,0.0000,0.1776,-0.02767,0.02770,0.29586,-37.3,1.0000,-23.4906,0.4741,-7.5182,132.004,ppo_car_spread_a_sampling
29.2205,-0.16805,0.0000,0.1776,-0.03477,0.03479,0.12586,-37.3,1.0000,-23.4912,0.4741,-7.5177,132.005,ppo_car_spread_a_sampling
29.2405,-0.24961,0.0000,0.1048,-0.03745,0.03747,0.16010,-37.3,1.0000,-23.4919,0.4741,-7.5172,132.006,ppo_car_spread_a_sampling
29.2605,-0.32002,0.0000,0.1048,-0.04040,0.04046,0.42070,-22.0,1.0000,-23.4925,0.4741,-7.5166,132.006,ppo_car_spread_a_sampling
29.2805,-0.39368,0.0000,0.1048,-0.04537,0.04547,0.35341,-22.0,1.0000,-23.4933,0.4741,-7.5161,132.006,ppo_car_spread_a_sampling
29.3005,-0.42778,0.0000,0.1048,-0.04799,0.04818,0.41892,-22.0,1.0000,-23.4940,0.4741,-7.5155,132.012,ppo_car_spread_a_sampling
29.3205,-0.36499,0.5165,0.0000,-0.04981,0.05007,0.36182,-22.0,1.0000,-23.4948,0.4741,-7.5149,132.018,ppo_car_spread_a_sampling
29.3405,-0.28630,0.5165,0.0000,-0.00799,0.00803,0.22598,271.2,1.0000,-23.4949,0.4741,-7.5149,132.020,ppo_car_spread_a_sampling
29.3605,-0.22167,0.5165,0.0000,0.04568,0.04575,0.38014,271.2,1.0000,-23.4941,0.4741,-7.5155,132.016,ppo_car_spread_a_sampling
29.3805,-0.16719,0.5165,0.0000,0.09576,0.09588,0.16271,271.2,1.0000,-23.4925,0.4741,-7.5168,132.011,ppo_car_spread_a_sampling
29.4005,-0.22341,0.0000,0.3757,0.14543,0.14554,0.26176,271.2,1.0000,-23.4901,0.4741,-7.5188,132.004,ppo_car_spread_a_sampling
29.4205,-0.31637,0.0000,0.3757,0.16389,0.16405,0.00000,0.0,1.0000,-23.4875,0.4741,-7.5210,131.999,ppo_car_spread_a_sampling
29.4405,-0.37441,0.0000,0.3757,0.00202,0.00620,0.00000,0.0,1.0000,-23.4873,0.4741,-7.5209,132.000,ppo_car_spread_a_sampling
29.4605,-0.45396,0.0000,0.3757,-0.01583,0.01584,0.31012,-78.9,1.0000,-23.4876,0.4741,-7.5206,132.003,ppo_car_spread_a_sampling
29.4805,-0.37541,0.0000,0.3315,-0.02331,0.02337,0.38783,-78.9,1.0000,-23.4880,0.4741,-7.5203,132.001,ppo_car_spread_a_sampling
29.5005,-0.29880,0.0000,0.3315,-0.03362,0.03371,0.36310,-69.6,1.0000,-23.4885,0.4741,-7.5199,132.002,ppo_car_spread_a_sampling
29.5205,-0.24246,0.0000,0.3315,-0.05248,0.05259,0.13619,-69.6,1.0000,-23.4894,0.4741,-7.5192,132.006,ppo_car_spread_a_sampling
29.5405,-0.14850,0.0000,0.3315,-0.06263,0.06273,0.20005,-69.6,1.0000,-23.4904,0.4741,-7.5184,132.009,ppo_car_spread_a_sampling
29.5605,-0.20989,0.2832,0.0000,-0.07649,0.07655,0.40102,-69.6,1.0000,-23.4916,0.4741,-7.5174,132.015,ppo_car_spread_a_sampling
29.5805,-0.28619,0.2832,0.0000,-0.05453,0.05458,0.12887,148.7,1.0000,-23.4924,0.4741,-7.5167,132.017,ppo_car_spread_a_sampling
29.6005,-0.28619,0.2832,0.0000,-0.02889,0.02892,0.35248,148.7,1.0000,-23.4928,0.4741,-7.5164,132.016,ppo_car_spread_a_sampling
29.6205,-0.28619,0.2832,0.0000,0.00582,0.00585,0.07259,148.7,1.0000,-23.4927,0.4741,-7.5165,132.016,ppo_car_spread_a_sampling
29.6405,-0.19655,0.0213,0.0000,0.03373,0.03381,0.24706,148.7,1.0000,-23.4921,0.4741,-7.5169,132.012,ppo_car_spread_a_sampling
29.6605,-0.14137,0.0213,0.0000,0.03563,0.03566,0.27328,11.2,1.0000,-23.4915,0.4741,-7.5174,132.011,ppo_car_spread_a_sampling
29.6805,-0.12636,0.0213,0.0000,0.02973,0.02975,0.41132,11.2,1.0000,-23.4910,0.4741,-7.5178,132.005,ppo_car_spread_a_sampling
29.7005,-0.12636,0.0213,0.0000,0.03968,0.03969,0.27649,11.2,1.0000,-23.4904,0.4741,-7.5184,132.003,ppo_car_spread_a_sampling
29.7205,-0.18601,0.0000,0.0185,0.04499,0.04500,0.29346,11.2,1.0000,-23.4897,0.4741,-7.5190,132.002,ppo_car_spread_a_sampling
29.7405,-0.26722,0.0000,0.0185,0.03796,0.03798,0.23947,-3.9,1.0000,-23.4891,0.4741,-7.5195,131.998,ppo_car_spread_a_sampling
29.7605,-0.34244,0.0000,0.0185,0.03553,0.03558,0.21948,-3.9,1.0000,-23.4885,0.4741,-7.5199,131.994,ppo_car_spread_a_sampling
29.7805,-0.40227,0.0000,0.0185,0.03183,0.03190,0.39505,-3.9,1.0000,-23.4880,0.4741,-7.5203,131.994,ppo_car_spread_a_sampling
29.8005,-0.30764,0.7048,0.0000,0.04141,0.04153,0.25469,-3.9,1.0000,-23.4873,0.4741,-7.5208,131.992,ppo_car_spread_a_sampling
29.8205,-0.25516,0.7048,0.0000,0.10480,0.10506,0.16376,370.0,1.0000,-23.4856,0.4741,-7.5222,131.986,ppo_car_spread_a_sampling
29.8405,-0.17772,0.7048,0.0000,0.17104,0.17133,0.44986,370.0,1.0000,-23.4829,0.4741,-7.5244,131.978,ppo_car_spread_a_sampling
29.8605,-0.13320,0.7048,0.0000,0.24201,0.24225,0.31983,370.0,1.0000,-23.4790,0.4741,-7.5275,131.968,ppo_car_spread_a_sampling
29.8805,-0.18668,0.0000,0.0528,0.30972,0.30989,0.40631,370.0,1.0000,-23.4741,0.4741,-7.5316,131.957,ppo_car_spread_a_sampling
29.9005,-0.28201,0.0000,0.0528,0.25028,0.25039,0.40230,0.0,1.0000,-23.4703,0.4741,-7.5349,131.927,ppo_car_spread_a_sampling
29.9205,-0.33868,0.0000,0.0528,0.18942,0.18960,0.00000,0.0,1.0000,-23.4673,0.4741,-7.5373,131.915,ppo_car_spread_a_sampling
29.9405,-0.42692,0.0000,0.0528,0.00591,0.00897,0.00000,0.0,1.0000,-23.4673,0.4741,-7.5371,131.916,ppo_car_spread_a_sampling
29.9605,-0.37450,0.0000,0.4304,0.00507,0.00553,0.18927,-11.1,1.0000,-23.4674,0.4741,-7.5370,131.915,ppo_car_spread_a_sampling
29.9805,-0.29328,0.0000,0.4304,-0.01686,0.01687,0.33187,-90.4,1.0000,-23.4677,0.4741,-7.5367,131.917,ppo_car_spread_a_sampling
30.0005,-0.21232,0.0000,0.4304,-0.03042,0.03046,0.27365,-90.4,1.0000,-23.4684,0.4741,-7.5362,131.922,ppo_car_spread_a_sampling
30.0205,-0.14685,0.0000,0.4304,-0.04373,0.04379,0.35265,-90.4,1.0000,-23.4692,0.4741,-7.5356,131.927,ppo_car_spread_a_sampling
30.0405,-0.05734,0.7807,0.0000,-0.05960,0.05963,0.41975,-90.4,1.0000,-23.4702,0.4741,-7.5347,131.931,ppo_car_spread_a_sampling
30.0605,0.00733,0.7807,0.0000,0.01019,0.01019,0.27457,409.9,1.0000,-23.4701,0.4741,-7.5349,131.929,ppo_car_spread_a_sampling
30.0805,0.07535,0.7807,0.0000,0.08615,0.08615,0.51212,409.9,1.0000,-23.4688,0.4741,-7.5361,131.925,ppo_car_spread_a_sampling
30.1005,0.11992,0.7807,0.0000,0.16190,0.16191,0.44950,409.9,1.0000,-23.4663,0.4741,-7.5383,131.924,ppo_car_spread_a_sampling
30.1205,0.05113,0.2929,0.0000,0.24074,0.24080,0.31390,409.9,1.0000,-23.4627,0.4741,-7.5418,131.930,ppo_car_spread_a_sampling
30.1405,0.05113,0.2929,0.0000,0.26156,0.26159,0.49556,153.8,1.0000,-23.4587,0.4741,-7.5454,131.933,ppo_car_spread_a_sampling
30.1605,0.05113,0.2929,0.0000,0.29076,0.29078,0.58051,153.8,1.0000,-23.4543,0.4741,-7.5495,131.934,ppo_car_spread_a_sampling
30.1805,0.05113,0.2929,0.0000,0.32252,0.32254,0.59476,153.8,1.0000,-23.4495,0.4741,-7.5539,131.938,ppo_car_spread_a_sampling
30.2005,-0.03923,0.0000,0.0060,0.35122,0.35125,0.58158,153.8,1.0000,-23.4442,0.4741,-7.5588,131.941,ppo_car_spread_a_sampling
30.2205,-0.09642,0.0000,0.0060,0.25830,0.25830,0.52697,0.0,1.0000,-23.4404,0.4741,-7.5622,131.944,ppo_car_spread_a_sampling
30.2405,-0.14563,0.0000,0.0060,0.19548,0.19549,0.00000,0.0,1.0000,-23.4375,0.4741,-7.5648,131.943,ppo_car_spread_a_sampling
30.2605,-0.14563,0.0000,0.0060,0.00718,0.00775,0.00000,0.0,1.0000,-23.4375,0.4741,-7.5646,131.944,ppo_car_spread_a_sampling
30.2805,-0.22143,0.0000,0.1963,0.00495,0.00509,0.35557,-1.3,1.0000,-23.4375,0.4741,-7.5646,131.946,ppo_car_spread_a_sampling
30.3005,-0.28572,0.0000,0.1963,-0.00050,0.00055,0.28004,-41.2,1.0000,-23.4377,0.4741,-7.5644,131.943,ppo_car_spread_a_sampling
30.3205,-0.28572,0.0000,0.1963,-0.00065,0.00067,0.36757,-41.2,1.0000,-23.4378,0.4741,-7.5643,131.941,ppo_car_spread_a_sampling
30.3405,-0.28572,0.0000,0.1963,-0.01928,0.01931,0.33142,-41.2,1.0000,-23.4382,0.4741,-7.5640,131.942,ppo_car_spread_a_sampling
30.3605,-0.19165,0.0210,0.0000,-0.02371,0.02375,0.09094,-41.2,1.0000,-23.4386,0.4741,-7.5636,131.942,ppo_car_spread_a_sampling
30.3805,-0.12621,0.0210,0.0000,-0.02504,0.02507,0.31872,11.0,1.0000,-23.4391,0.4741,-7.5633,131.944,ppo_car_spread_a_sampling
30.4005,-0.04564,0.0210,0.0000,-0.01609,0.01611,0.24718,11.0,1.0000,-23.4394,0.4741,-7.5630,131.945,ppo_car_spread_a_sampling
30.4205,0.00957,0.0210,0.0000,-0.01817,0.01818,0.17034,11.0,1.0000,-23.4396,0.4741,-7.5628,131.947,ppo_car_spread_a_sampling
30.4405,-0.06802,0.0833,0.0000,-0.01532,0.01532,0.19837,11.0,1.0000,-23.4399,0.4741,-7.5626,131.949,ppo_car_spread_a_sampling
30.4605,-0.14626,0.0833,0.0000,-0.00452,0.00452,0.31009,43.7,1.0000,-23.4399,0.4741,-7.5625,131.949,ppo_car_spread_a_sampling
30.4805,-0.21573,0.0833,0.0000,-0.00323,0.00324,0.26816,43.7,1.0000,-23.4400,0.4741,-7.5625,131.949,ppo_car_spread_a_sampling
30.5005,-0.29968,0.0833,0.0000,0.01010,0.01011,0.22891,43.7,1.0000,-23.4397,0.4741,-7.5626,131.952,ppo_car_spread_a_sampling
30.5205,-0.22073,0.7760,0.0000,0.01526,0.01530,0.25673,43.7,1.0000,-23.4395,0.4741,-7.5629,131.954,ppo_car_spread_a_sampling
30.5405,-0.16618,0.7760,0.0000,0.09046,0.09057,0.17578,407.4,1.0000,-23.4379,0.4741,-7.5641,131.951,ppo_car_spread_a_sampling
30.5605,-0.09097,0.7760,0.0000,0.17234,0.17247,0.01020,407.4,1.0000,-23.4351,0.4741,-7.5664,131.945,ppo_car_spread_a_sampling
30.5805,-0.06906,0.7760,0.0000,0.24080,0.24088,0.32247,407.4,1.0000,-23.4313,0.4741,-7.5697,131.940,ppo_car_spread_a_sampling
30.6005,0.00666,0.0000,0.1339,0.31685,0.31690,0.52419,407.4,1.0000,-23.4263,0.4741,-7.5740,131.937,ppo_car_spread_a_sampling
30.6205,0.07873,0.0000,0.1339,0.25283,0.25285,0.51255,0.0,1.0000,-23.4224,0.4741,-7.5774,131.956,ppo_car_spread_a_sampling
30.6405,0.12119,0.0000,0.1339,0.19156,0.19156,0.00000,0.0,1.0000,-23.4196,0.4741,-7.5801,131.964,ppo_car_spread_a_sampling
30.6605,0.12119,0.0000,0.1339,0.00550,0.00579,0.00000,0.0,1.0000,-23.4196,0.4741,-7.5801,131.965,ppo_car_spread_a_sampling
30.6805,0.04703,0.1493,0.0000,-0.00316,0.00319,0.35022,-28.1,1.0000,-23.4198,0.4741,-7.5799,131.963,ppo_car_spread_a_sampling
30.7005,0.02442,0.1493,0.0000,0.01126,0.01126,0.19823,78.4,1.0000,-23.4197,0.4741,-7.5800,131.963,ppo_car_spread_a_sampling
30.7205,0.02442,0.1493,0.0000,0.03137,0.03137,0.15715,78.4,1.0000,-23.4193,0.4741,-7.5804,131.965,ppo_car_spread_a_sampling
30.7405,0.02442,0.1493,0.0000,0.04227,0.04227,0.27703,78.4,1.0000,-23.4187,0.4741,-7.5809,131.965,ppo_car_spread_a_sampling
30.7605,0.11155,0.3020,0.0000,0.06520,0.06520,0.24651,78.4,1.0000,-23.4178,0.4741,-7.5818,131.965,ppo_car_spread_a_sampling
30.7805,0.15522,0.3020,0.0000,0.08609,0.08611,0.14900,158.5,1.0000,-23.4165,0.4741,-7.5830,131.966,ppo_car_spread_a_sampling
30.8005,0.15522,0.3020,0.0000,0.11764,0.11769,0.20567,158.5,1.0000,-23.4148,0.4741,-7.5846,131.972,ppo_car_spread_a_sampling
30.8205,0.15522,0.3020,0.0000,0.14765,0.14772,0.28198,158.5,1.0000,-23.4126,0.4741,-7.5867,131.976,ppo_car_spread_a_sampling
30.8405,0.19068,0.0000,0.0628,0.17518,0.17527,0.41210,158.5,1.0000,-23.4101,0.4741,-7.5892,131.984,ppo_car_spread_a_sampling
30.8605,0.19068,0.0000,0.0628,0.18439,0.18453,0.00000,0.0,1.0000,-23.4074,0.4741,-7.5918,131.987,ppo_car_spread_a_sampling
30.8805,0.19068,0.0000,0.0628,0.00489,0.00706,0.00000,0.0,1.0000,-23.4075,0.4741,-7.5919,131.988,ppo_car_spread_a_sampling
30.9005,0.19068,0.0000,0.0628,0.00055,0.00186,0.25609,-13.2,1.0000,-23.4076,0.4741,-7.5918,131.992,ppo_car_spread_a_sampling
30.9205,0.12812,0.0000,0.6017,-0.00196,0.00199,0.36625,-13.2,1.0000,-23.4077,0.4741,-7.5917,131.996,ppo_car_spread_a_sampling
30.9405,0.03860,0.0000,0.6017,-0.02194,0.02195,0.40886,-126.4,1.0000,-23.4081,0.4741,-7.5914,131.996,ppo_car_spread_a_sampling
30.9605,-0.01308,0.0000,0.6017,-0.04516,0.04516,0.37048,-126.4,1.0000,-23.4088,0.4741,-7.5907,131.996,ppo_car_spread_a_sampling
30.9805,-0.05541,0.0000,0.6017,-0.07054,0.07054,0.26585,-126.4,1.0000,-23.4099,0.4741,-7.5897,131.998,ppo_car_spread_a_sampling
31.0005,-0.13698,0.0000,0.0410,-0.08735,0.08736,0.38315,-126.4,1.0000,-23.4113,0.4741,-7.5885,131.998,ppo_car_spread_a_sampling
31.0205,-0.21214,0.0000,0.0410,-0.09689,0.09691,0.33592,-8.6,1.0000,-23.4128,0.4741,-7.5872,132.000,ppo_car_spread_a_sampling
31.0405,-0.27084,0.0000,0.0410,-0.08824,0.08831,0.44668,-8.6,1.0000,-23.4142,0.4741,-7.5860,132.004,ppo_car_spread_a_sampling
31.0605,-0.33961,0.0000,0.0410,-0.09512,0.09525,0.27916,-8.6,1.0000,-23.4157,0.4741,-7.5848,132.008,ppo_car_spread_a_sampling
31.0805,-0.24198,0.0000,0.2938,-0.09942,0.09963,0.32323,-8.6,1.0000,-23.4172,0.4741,-7.5836,132.011,ppo_car_spread_a_sampling
31.1005,-0.16307,0.0000,0.2938,-0.11479,0.11499,0.13563,-61.7,1.0000,-23.4190,0.4741,-7.5821,132.017,ppo_car_spread_a_sampling
31.1205,-0.10947,0.0000,0.2938,-0.12466,0.12479,0.17213,-61.7,1.0000,-23.4210,0.4741,-7.5806,132.022,ppo_car_spread_a_sampling
31.1405,-0.03617,0.0000,0.2938,-0.13529,0.13535,0.21402,-61.7,1.0000,-23.4230,0.4741,-7.5788,132.026,ppo_car_spread_a_sampling
31.1605,0.02811,0.1070,0.0000,-0.14519,0.14521,0.15662,-61.7,1.0000,-23.4252,0.4741,-7.5769,132.028,ppo_car_spread_a_sampling
31.1805,0.09806,0.1070,0.0000,-0.13150,0.13150,0.43945,56.2,1.0000,-23.4271,0.4741,-7.5752,132.030,ppo_car_spread_a_sampling
31.2005,0.19344,0.1070,0.0000,-0.11888,0.11889,0.44891,56.2,1.0000,-23.4288,0.4741,-7.5736,132.028,ppo_car_spread_a_sampling
31.2205,0.19952,0.1070,0.0000,-0.11123,0.11128,0.28269,56.2,1.0000,-23.4304,0.4741,-7.5721,132.027,ppo_car_spread_a_sampling
31.2405,0.28344,0.2360,0.0000,-0.10488,0.10495,0.29736,56.2,1.0000,-23.4318,0.4741,-7.5707,132.026,ppo_car_spread_a_sampling
31.2605,0.36597,0.2360,0.0000,-0.08780,0.08791,0.24827,123.9,1.0000,-23.4330,0.4741,-7.5695,132.023,ppo_car_spread_a_sampling
31.2805,0.44054,0.2360,0.0000,-0.05639,0.05649,0.10922,123.9,1.0000,-23.4337,0.4741,-7.5687,132.020,ppo_car_spread_a_sampling
31.3005,0.47719,0.2360,0.0000,-0.03594,0.03604,0.07895,123.9,1.0000,-23.4341,0.4741,-7.5683,132.017,ppo_car_spread_a_sampling
31.3205,0.39992,0.0000,0.2691,-0.01135,0.01137,0.11853,123.9,1.0000,-23.4342,0.4741,-7.5682,132.015,ppo_car_spread_a_sampling
31.3405,0.33900,0.0000,0.2691,-0.02005,0.02013,0.29988,-56.5,1.0000,-23.4344,0.4741,-7.5680,132.013,ppo_car_spread_a_sampling
31.3605,0.24732,0.0000,0.2691,-0.03415,0.03424,0.25065,-56.5,1.0000,-23.4348,0.4741,-7.5675,132.009,ppo_car_spread_a_sampling
31.3805,0.17019,0.0000,0.2691,-0.04173,0.04181,0.26991,-56.5,1.0000,-23.4354,0.4741,-7.5669,132.003,ppo_car_spread_a_sampling
31.4005,0.10415,0.0000,0.0118,-0.04722,0.04726,0.37553,-56.5,1.0000,-23.4361,0.4741,-7.5663,132.000,ppo_car_spread_a_sampling
31.4205,0.05755,0.0000,0.0118,-0.06043,0.06045,0.26738,-2.5,1.0000,-23.4369,0.4741,-7.5654,131.999,ppo_car_spread_a_sampling
31.4405,0.05755,0.0000,0.0118,-0.05538,0.05538,0.17153,-2.5,1.0000,-23.4378,0.4741,-7.5647,131.997,ppo_car_spread_a_sampling
31.4605,0.05755,0.0000,0.0118,-0.05749,0.05750,0.24281,-2.5,1.0000,-23.4386,0.4741,-7.5639,131.998,ppo_car_spread_a_sampling
31.4805,0.12626,0.0000,0.2358,-0.05449,0.05450,0.37159,-2.5,1.0000,-23.4394,0.4741,-7.5632,131.995,ppo_car_spread_a_sampling
31.5005,0.19766,0.0000,0.2358,-0.07030,0.07031,0.21773,-49.5,1.0000,-23.4405,0.4741,-7.5622,131.993,ppo_car_spread_a_sampling
31.5205,0.28670,0.0000,0.2358,-0.07262,0.07267,0.13926,-49.5,1.0000,-23.4415,0.4741,-7.5611,131.991,ppo_car_spread_a_sampling
31.5405,0.34888,0.0000,0.2358,-0.07598,0.07610,0.43549,-49.5,1.0000,-23.4426,0.4741,-7.5600,131.988,ppo_car_spread_a_sampling
31.5605,0.26062,0.0000,0.0226,-0.08990,0.09012,0.44236,-49.5,1.0000,-23.4439,0.4741,-7.5587,131.986,ppo_car_spread_a_sampling
31.5805,0.20241,0.0000,0.0226,-0.09378,0.09397,0.40277,-4.7,1.0000,-23.4453,0.4741,-7.5573,131.978,ppo_car_spread_a_sampling
31.6005,0.12369,0.0000,0.0226,-0.08862,0.08875,0.38008,-4.7,1.0000,-23.4465,0.4741,-7.5561,131.974,ppo_car_spread_a_sampling
31.6205,0.04953,0.0000,0.0226,-0.09525,0.09531,0.24495,-4.7,1.0000,-23.4479,0.4741,-7.5547,131.969,ppo_car_spread_a_sampling
31.6405,-0.03024,0.1425,0.0000,-0.09577,0.09579,0.12060,-4.7,1.0000,-23.4494,0.4741,-7.5534,131.967,ppo_car_spread_a_sampling
31.6605,-0.10834,0.1425,0.0000,-0.08345,0.08345,0.16029,74.8,1.0000,-23.4506,0.4741,-7.5523,131.968,ppo_car_spread_a_sampling
31.6805,-0.17729,0.1425,0.0000,-0.06695,0.06696,0.15808,74.8,1.0000,-23.4516,0.4741,-7.5514,131.970,ppo_car_spread_a_sampling
31.7005,-0.22908,0.1425,0.0000,-0.05472,0.05474,0.28997,74.8,1.0000,-23.4524,0.4741,-7.5507,131.969,ppo_car_spread_a_sampling
31.7205,-0.29595,0.2237,0.0000,-0.04351,0.04355,0.29872,74.8,1.0000,-23.4531,0.4741,-7.5502,131.973,ppo_car_spread_a_sampling
31.7405,-0.38915,0.2237,0.0000,-0.01876,0.01877,0.36166,117.5,1.0000,-23.4533,0.4741,-7.5500,131.969,ppo_car_spread_a_sampling
31.7605,-0.41921,0.2237,0.0000,0.00451,0.00451,0.36004,117.5,1.0000,-23.4532,0.4741,-7.5501,131.966,ppo_car_spread_a_sampling
31.7805,-0.41921,0.2237,0.0000,0.02776,0.02788,0.18090,117.5,1.0000,-23.4527,0.4741,-7.5504,131.961,ppo_car_spread_a_sampling
31.8005,-0.35040,0.0000,0.0261,0.04433,0.04455,0.41853,117.5,1.0000,-23.4520,0.4741,-7.5510,131.957,ppo_car_spread_a_sampling
31.8205,-0.29253,0.0000,0.0261,0.04796,0.04813,0.28689,-5.5,1.0000,-23.4512,0.4741,-7.5516,131.954,ppo_car_spread_a_sampling
31.8405,-0.20108,0.0000,0.0261,0.04183,0.04194,0.26075,-5.5,1.0000,-23.4505,0.4741,-7.5521,131.953,ppo_car_spread_a_sampling
31.8605,-0.11877,0.0000,0.0261,0.04954,0.04959,0.28078,-5.5,1.0000,-23.4497,0.4741,-7.5528,131.952,ppo_car_spread_a_sampling
31.8805,-0.17663,0.0000,0.0255,0.04508,0.04511,0.12444,-5.5,1.0000,-23.4490,0.4741,-7.5534,131.952,ppo_car_spread_a_sampling
31.9005,-0.25172,0.0000,0.0255,0.04254,0.04256,0.22373,-5.4,1.0000,-23.4483,0.4741,-7.5539,131.953,ppo_car_spread_a_sampling
31.9205,-0.32777,0.0000,0.0255,0.03360,0.03364,0.40129,-5.4,1.0000,-23.4478,0.4741,-7.5543,131.951,ppo_car_spread_a_sampling
31.9405,-0.40305,0.0000,0.0255,0.04300,0.04308,0.26061,-5.4,1.0000,-23.4472,0.4741,-7.5549,131.949,ppo_car_spread_a_sampling
31.9605,-0.32316,0.0000,0.0332,0.04039,0.04049,0.27264,-5.4,1.0000,-23.4465,0.4741,-7.5553,131.949,ppo_car_spread_a_sampling
31.9805,-0.25950,0.0000,0.0332,0.03534,0.03543,0.23572,-7.0,1.0000,-23.4460,0.4741,-7.5558,131.949,ppo_car_spread_a_sampling
32.0005,-0.17653,0.0000,0.0332,0.03548,0.03553,0.37068,-7.0,1.0000,-23.4455,0.4741,-7.5562,131.946,ppo_car_spread_a_sampling
32.0205,-0.10099,0.0000,0.0332,0.03361,0.03364,0.16224,-7.0,1.0000,-23.4450,0.4741,-7.5566,131.944,ppo_car_spread_a_sampling
32.0405,-0.16451,0.0000,0.2451,0.03391,0.03392,0.26297,-7.0,1.0000,-23.4445,0.4741,-7.5570,131.946,ppo_car_spread_a_sampling
32.0605,-0.24971,0.0000,0.2451,0.03052,0.03053,0.31805,-51.5,1.0000,-23.4440,0.4741,-7.5574,131.946,ppo_car_spread_a_sampling
32.0805,-0.32807,0.0000,0.2451,0.01767,0.01767,0.33472,-51.5,1.0000,-23.4438,0.4741,-7.5576,131.945,ppo_car_spread_a_sampling
32.1005,-0.38405,0.0000,0.2451,0.00550,0.00552,0.35745,-51.5,1.0000,-23.4438,0.4741,-7.5576,131.947,ppo_car_spread_a_sampling
32.1205,-0.46054,0.0377,0.0000,-0.00036,0.00057,0.30948,-51.5,1.0000,-23.4438,0.4741,-7.5576,131.945,ppo_car_spread_a_sampling
32.1405,-0.53718,0.0377,0.0000,-0.00429,0.00434,0.34483,19.8,1.0000,-23.4439,0.4741,-7.5575,131.946,ppo_car_spread_a_sampling
32.1606,-0.57157,0.0377,0.0000,0.00622,0.00626,0.33231,19.8,1.0000,-23.4438,0.4741,-7.5576,131.945,ppo_car_spread_a_sampling
32.1806,-0.57157,0.0377,0.0000,0.01021,0.01032,0.27709,19.8,1.0000,-23.4437,0.4741,-7.5577,131.947,ppo_car_spread_a_sampling
32.2006,-0.58834,0.0000,0.1349,0.01222,0.01254,0.37005,19.8,1.0000,-23.4435,0.4741,-7.5578,131.943,ppo_car_spread_a_sampling
32.2206,-0.58834,0.0000,0.1349,0.00281,0.00284,0.13978,-28.3,1.0000,-23.4434,0.4741,-7.5578,131.943,ppo_car_spread_a_sampling
32.2406,-0.58834,0.0000,0.1349,-0.00033,0.00053,0.34631,-28.3,1.0000,-23.4434,0.4741,-7.5578,131.940,ppo_car_spread_a_sampling
32.2606,-0.58834,0.0000,0.1349,-0.00245,0.00247,0.34845,-28.3,1.0000,-23.4435,0.4741,-7.5577,131.942,ppo_car_spread_a_sampling
32.2806,-0.52262,0.0000,0.0496,-0.00302,0.00303,0.38039,-28.3,1.0000,-23.4435,0.4741,-7.5577,131.939,ppo_car_spread_a_sampling
32.3006,-0.43168,0.0000,0.0496,-0.01344,0.01347,0.29363,-10.4,1.0000,-23.4437,0.4741,-7.5575,131.940,ppo_car_spread_a_sampling
32.3206,-0.35674,0.0000,0.0496,-0.01370,0.01376,0.12749,-10.4,1.0000,-23.4440,0.4741,-7.5574,131.940,ppo_car_spread_a_sampling
32.3406,-0.27656,0.0000,0.0496,-0.01559,0.01564,0.17245,-10.4,1.0000,-23.4442,0.4741,-7.5572,131.940,ppo_car_spread_a_sampling
32.3606,-0.21648,0.0000,0.3696,-0.01578,0.01584,0.29592,-10.4,1.0000,-23.4445,0.4741,-7.5570,131.943,ppo_car_spread_a_sampling
32.3806,-0.13275,0.0000,0.3696,-0.02581,0.02584,0.39051,-77.6,1.0000,-23.4449,0.4741,-7.5567,131.946,ppo_car_spread_a_sampling
32.4006,-0.05722,0.0000,0.3696,-0.04709,0.04712,0.07998,-77.6,1.0000,-23.4456,0.4741,-7.5560,131.949,ppo_car_spread_a_sampling
32.4206,0.01299,0.0000,0.3696,-0.05600,0.05601,0.30740,-77.6,1.0000,-23.4465,0.4741,-7.5553,131.949,ppo_car_spread_a_sampling
32.4406,-0.06317,0.0000,0.0887,-0.08133,0.08133,0.22030,-77.6,1.0000,-23.4477,0.4741,-7.5542,131.948,ppo_car_spread_a_sampling
32.4606,-0.14370,0.0000,0.0887,-0.07296,0.07297,0.42845,-18.6,1.0000,-23.4488,0.4741,-7.5532,131.945,ppo_car_spread_a_sampling
32.4806,-0.19476,0.0000,0.0887,-0.07591,0.07593,0.42174,-18.6,1.0000,-23.4500,0.4741,-7.5522,131.945,ppo_car_spread_a_sampling
32.5006,-0.24295,0.0000,0.0887,-0.08563,0.08569,0.11954,-18.6,1.0000,-23.4513,0.4741,-7.5511,131.948,ppo_car_spread_a_sampling
32.5206,-0.15977,0.4686,0.0000,-0.08903,0.08914,0.13993,-18.6,1.0000,-23.4527,0.4741,-7.5500,131.951,ppo_car_spread_a_sampling
32.5406,-0.07873,0.4686,0.0000,-0.04447,0.04451,0.25650,246.0,1.0000,-23.4533,0.4741,-7.5494,131.950,ppo_car_spread_a_sampling
32.5606,-0.01704,0.4686,0.0000,-0.00081,0.00091,0.23252,246.0,1.0000,-23.4533,0.4741,-7.5495,131.949,ppo_car_spread_a_sampling
32.5806,0.05696,0.4686,0.0000,0.04332,0.04332,0.41458,246.0,1.0000,-23.4525,0.4741,-7.5501,131.950,ppo_car_spread_a_sampling
32.6006,-0.00913,0.4393,0.0000,0.09629,0.09630,0.15308,246.0,1.0000,-23.4510,0.4741,-7.5515,131.952,ppo_car_spread_a_sampling
32.6206,-0.08126,0.4393,0.0000,0.13293,0.13293,0.40336,230.6,1.0000,-23.4489,0.4741,-7.5534,131.951,ppo_car_spread_a_sampling
32.6406,-0.16610,0.4393,0.0000,0.17643,0.17645,0.38442,230.6,1.0000,-23.4462,0.4741,-7.5558,131.947,ppo_car_spread_a_sampling
32.6606,-0.22536,0.4393,0.0000,0.21430,0.21439,0.54902,230.6,1.0000,-23.4428,0.4741,-7.5587,131.942,ppo_car_spread_a_sampling
32.6806,-0.16405,0.2440,0.0000,0.26488,0.26511,0.22662,230.6,1.0000,-23.4385,0.4741,-7.5622,131.932,ppo_car_spread_a_sampling
32.7006,-0.06947,0.2440,0.0000,0.28392,0.28413,0.57076,128.1,1.0000,-23.4341,0.4741,-7.5659,131.925,ppo_car_spread_a_sampling
32.7206,-0.01657,0.2440,0.0000,0.30446,0.30455,0.61257,128.1,1.0000,-23.4294,0.4741,-7.5699,131.921,ppo_car_spread_a_sampling
32.7406,0.05502,0.2440,0.0000,0.32791,0.32793,0.63237,128.1,1.0000,-23.4244,0.4741,-7.5743,131.916,ppo_car_spread_a_sampling
32.7606,0.07103,0.0000,0.0575,0.35154,0.35154,0.64542,128.1,1.0000,-23.4191,0.4741,-7.5791,131.918,ppo_car_spread_a_sampling
32.7806,0.07103,0.0000,0.0575,0.20987,0.20987,0.11594,0.0,1.0000,-23.4161,0.4741,-7.5818,131.942,ppo_car_spread_a_sampling
32.8006,0.07103,0.0000,0.0575,0.06189,0.06190,0.00000,0.0,1.0000,-23.4154,0.4741,-7.5825,132.021,ppo_car_spread_a_sampling
32.8206,0.07103,0.0000,0.0575,0.06014,0.06016,0.14848,-12.1,1.0000,-23.4147,0.4741,-7.5832,132.045,ppo_car_spread_a_sampling
32.8406,0.00398,0.2113,0.0000,0.06143,0.06144,0.28415,-12.1,1.0000,-23.4139,0.4741,-7.5839,132.053,ppo_car_spread_a_sampling
32.8606,-0.07995,0.2113,0.0000,0.07362,0.07362,0.44912,110.9,1.0000,-23.4130,0.4741,-7.5848,132.061,ppo_car_spread_a_sampling
32.8806,-0.09482,0.2113,0.0000,0.09362,0.09362,0.46155,110.9,1.0000,-23.4116,0.4741,-7.5860,132.059,ppo_car_spread_a_sampling
32.9006,-0.09482,0.2113,0.0000,0.11899,0.11901,0.19811,110.9,1.0000,-23.4099,0.4741,-7.5875,132.059,ppo_car_spread_a_sampling
32.9206,-0.01044,0.0000,0.2779,0.13421,0.13424,0.34615,110.9,1.0000,-23.4079,0.4741,-7.5892,132.057,ppo_car_spread_a_sampling
32.9406,0.05508,0.0000,0.2779,0.17610,0.17611,0.00000,0.0,1.0000,-23.4053,0.4741,-7.5915,132.057,ppo_car_spread_a_sampling
32.9606,0.05508,0.0000,0.2779,0.00578,0.00578,0.00000,0.0,1.0000,-23.4054,0.4741,-7.5915,132.058,ppo_car_spread_a_sampling
32.9806,0.05508,0.0000,0.2779,-0.00594,0.00595,0.35109,-58.4,1.0000,-23.4056,0.4741,-7.5913,132.058,ppo_car_spread_a_sampling
33.0006,-0.02856,0.2437,0.0000,-0.01761,0.01761,0.35486,-58.4,1.0000,-23.4059,0.4741,-7.5910,132.055,ppo_car_spread_a_sampling
33.0206,-0.10547,0.2437,0.0000,0.00901,0.00901,0.25254,127.9,1.0000,-23.4058,0.4741,-7.5911,132.057,ppo_car_spread_a_sampling
33.0406,-0.17875,0.2437,0.0000,0.03211,0.03212,0.25198,127.9,1.0000,-23.4053,0.4741,-7.5915,132.061,ppo_car_spread_a_sampling
33.0606,-0.25413,0.2437,0.0000,0.05755,0.05758,0.31835,127.9,1.0000,-23.4044,0.4741,-7.5923,132.056,ppo_car_spread_a_sampling
33.0806,-0.28757,0.0752,0.0000,0.08096,0.08106,0.26088,127.9,1.0000,-23.4031,0.4741,-7.5933,132.052,ppo_car_spread_a_sampling
33.1006,-0.28757,0.0752,0.0000,0.08665,0.08680,0.43020,39.5,1.0000,-23.4017,0.4741,-7.5944,132.045,ppo_car_spread_a_sampling
33.1206,-0.28757,0.0752,0.0000,0.09374,0.09392,0.16025,39.5,1.0000,-23.4002,0.4741,-7.5957,132.039,ppo_car_spread_a_sampling
33.1406,-0.28757,0.0752,0.0000,0.09740,0.09759,0.44727,39.5,1.0000,-23.3986,0.4741,-7.5969,132.029,ppo_car_spread_a_sampling
33.1606,-0.21821,0.1460,0.0000,0.10321,0.10341,0.45401,39.5,1.0000,-23.3969,0.4741,-7.5982,132.024,ppo_car_spread_a_sampling
33.1806,-0.15779,0.1460,0.0000,0.11869,0.11885,0.43127,76.6,1.0000,-23.3950,0.4741,-7.5998,132.020,ppo_car_spread_a_sampling
33.2006,-0.06334,0.1460,0.0000,0.12847,0.12858,0.46921,76.6,1.0000,-23.3930,0.4741,-7.6015,132.016,ppo_car_spread_a_sampling
33.2206,-0.01140,0.1460,0.0000,0.15270,0.15274,0.48326,76.6,1.0000,-23.3906,0.4741,-7.6035,132.011,ppo_car_spread_a_sampling
33.2406,-0.10613,0.1227,0.0000,0.16162,0.16163,0.26752,76.6,1.0000,-23.3881,0.4741,-7.6057,132.010,ppo_car_spread_a_sampling
33.2606,-0.18303,0.1227,0.0000,0.17493,0.17496,0.31778,64.4,1.0000,-23.3854,0.4741,-7.6081,132.007,ppo_car_spread_a_sampling
33.2806,-0.26243,0.1227,0.0000,0.18864,0.18875,0.49981,64.4,1.0000,-23.3825,0.4741,-7.6105,132.005,ppo_car_spread_a_sampling
33.3006,-0.32271,0.1227,0.0000,0.20006,0.20029,0.32921,64.4,1.0000,-23.3793,0.4741,-7.6131,131.998,ppo_car_spread_a_sampling
33.3206,-0.25787,0.0000,0.2502,0.21072,0.21112,0.48805,64.4,1.0000,-23.3760,0.4741,-7.6158,131.988,ppo_car_spread_a_sampling
33.3406,-0.17913,0.0000,0.2502,0.19200,0.19229,0.00000,0.0,1.0000,-23.3730,0.4741,-7.6182,131.981,ppo_car_spread_a_sampling
33.3606,-0.13928,0.0000,0.2502,0.00564,0.00860,0.00000,0.0,1.0000,-23.3729,0.4741,-7.6180,131.982,ppo_car_spread_a_sampling
33.3806,-0.13928,0.0000,0.2502,0.00330,0.00391,0.37697,-52.6,1.0000,-23.3730,0.4741,-7.6180,131.981,ppo_car_spread_a_sampling
33.4006,-0.20459,0.0957,0.0000,-0.01903,0.01903,0.32139,-52.6,1.0000,-23.3733,0.4741,-7.6176,131.981,ppo_car_spread_a_sampling
33.4206,-0.26639,0.0957,0.0000,-0.00615,0.00615,0.27519,50.3,1.0000,-23.3735,0.4741,-7.6175,131.979,ppo_car_spread_a_sampling
33.4406,-0.26639,0.0957,0.0000,0.01090,0.01095,0.33794,50.3,1.0000,-23.3734,0.4741,-7.6176,131.977,ppo_car_spread_a_sampling
33.4606,-0.26639,0.0957,0.0000,0.01690,0.01694,0.22689,50.3,1.0000,-23.3732,0.4741,-7.6178,131.973,ppo_car_spread_a_sampling
33.4806,-0.27615,0.6330,0.0000,0.02431,0.02435,0.21238,50.3,1.0000,-23.3728,0.4741,-7.6181,131.972,ppo_car_spread_a_sampling
33.5006,-0.27615,0.6330,0.0000,0.08246,0.08262,0.19521,332.3,1.0000,-23.3715,0.4741,-7.6191,131.969,ppo_car_spread_a_sampling
33.5206,-0.27615,0.6330,0.0000,0.14455,0.14482,0.22580,332.3,1.0000,-23.3691,0.4741,-7.6210,131.961,ppo_car_spread_a_sampling
33.5406,-0.27615,0.6330,0.0000,0.20128,0.20166,0.58118,332.3,1.0000,-23.3659,0.4741,-7.6236,131.954,ppo_car_spread_a_sampling
33.5606,-0.18673,0.1687,0.0000,0.26675,0.26723,0.32713,332.3,1.0000,-23.3615,0.4741,-7.6270,131.939,ppo_car_spread_a_sampling
33.5806,-0.12873,0.1687,0.0000,0.28317,0.28350,0.56869,88.6,1.0000,-23.3570,0.4741,-7.6307,131.931,ppo_car_spread_a_sampling
33.6006,-0.04708,0.1687,0.0000,0.29122,0.29141,0.58118,88.6,1.0000,-23.3525,0.4741,-7.6345,131.922,ppo_car_spread_a_sampling
33.6206,-0.04708,0.1687,0.0000,0.30790,0.30796,0.61081,88.6,1.0000,-23.3477,0.4741,-7.6386,131.916,ppo_car_spread_a_sampling
33.6406,0.01872,0.0000,0.3779,0.32397,0.32400,0.62589,88.6,1.0000,-23.3428,0.4741,-7.6429,131.912,ppo_car_spread_a_sampling
33.6606,0.09637,0.0000,0.3779,0.19863,0.19863,0.00000,0.0,1.0000,-23.3398,0.4741,-7.6455,131.910,ppo_car_spread_a_sampling
33.6806,0.14833,0.0000,0.3779,0.00733,0.00736,0.00000,0.0,1.0000,-23.3399,0.4741,-7.6455,131.911,ppo_car_spread_a_sampling
33.7006,0.14833,0.0000,0.3779,-0.00579,0.00579,0.25056,-79.4,1.0000,-23.3402,0.4741,-7.6453,131.911,ppo_car_spread_a_sampling
33.7206,0.06648,0.3725,0.0000,-0.01164,0.01165,0.39657,-79.4,1.0000,-23.3405,0.4741,-7.6450,131.911,ppo_car_spread_a_sampling
33.7406,0.05285,0.3725,0.0000,0.01015,0.01015,0.23811,195.6,1.0000,-23.3404,0.4741,-7.6450,131.913,ppo_car_spread_a_sampling
33.7606,0.05285,0.3725,0.0000,0.04952,0.04953,0.25041,195.6,1.0000,-23.3398,0.4741,-7.6457,131.915,ppo_car_spread_a_sampling
33.7806,0.05285,0.3725,0.0000,0.08571,0.08572,0.30205,195.6,1.0000,-23.3385,0.4741,-7.6468,131.913,ppo_car_spread_a_sampling
33.8006,-0.01703,0.0000,0.1682,0.11763,0.11763,0.48035,195.6,1.0000,-23.3368,0.4741,-7.6484,131.913,ppo_car_spread_a_sampling
33.8206,-0.09332,0.0000,0.1682,0.14143,0.14143,0.00000,0.0,1.0000,-23.3346,0.4741,-7.6503,131.911,ppo_car_spread_a_sampling
33.8406,-0.16796,0.0000,0.1682,0.00380,0.00393,0.00000,0.0,1.0000,-23.3347,0.4741,-7.6503,131.912,ppo_car_spread_a_sampling
33.8606,-0.24998,0.0000,0.1682,-0.00089,0.00089,0.34010,-35.3,1.0000,-23.3347,0.4741,-7.6502,131.911,ppo_car_spread_a_sampling
33.8806,-0.26775,0.3658,0.0000,-0.00697,0.00699,0.29789,-35.3,1.0000,-23.3349,0.4741,-7.6501,131.915,ppo_car_spread_a_sampling
33.9006,-0.26775,0.3658,0.0000,0.02070,0.02076,0.41334,192.0,1.0000,-23.3345,0.4741,-7.6504,131.915,ppo_car_spread_a_sampling
33.9206,-0.26775,0.3658,0.0000,0.06228,0.06237,0.21968,192.0,1.0000,-23.3335,0.4741,-7.6512,131.911,ppo_car_spread_a_sampling
33.9406,-0.26775,0.3658,0.0000,0.09865,0.09881,0.14869,192.0,1.0000,-23.3319,0.4741,-7.6525,131.906,ppo_car_spread_a_sampling
33.9606,-0.20939,0.2266,0.0000,0.13551,0.13575,0.21181,192.0,1.0000,-23.3297,0.4741,-7.6542,131.898,ppo_car_spread_a_sampling
33.9806,-0.15947,0.2266,0.0000,0.15583,0.15602,0.19107,119.0,1.0000,-23.3272,0.4741,-7.6562,131.891,ppo_car_spread_a_sampling
34.0006,-0.15947,0.2266,0.0000,0.17760,0.17774,0.18322,119.0,1.0000,-23.3243,0.4741,-7.6586,131.885,ppo_car_spread_a_sampling
34.0206,-0.15947,0.2266,0.0000,0.19914,0.19926,0.19465,119.0,1.0000,-23.3212,0.4741,-7.6612,131.879,ppo_car_spread_a_sampling
34.0406,-0.09638,0.0444,0.0000,0.22095,0.22108,0.40779,119.0,1.0000,-23.3177,0.4741,-7.6641,131.872,ppo_car_spread_a_sampling
34.0606,-0.08528,0.0444,0.0000,0.22351,0.22359,0.53343,23.3,1.0000,-23.3142,0.4741,-7.6671,131.869,ppo_car_spread_a_sampling
34.0806,-0.08528,0.0444,0.0000,0.22697,0.22703,0.51286,23.3,1.0000,-23.3107,0.4741,-7.6701,131.865,ppo_car_spread_a_sampling
34.1006,-0.08528,0.0444,0.0000,0.23211,0.23215,0.50123,23.3,1.0000,-23.3072,0.4741,-7.6731,131.862,ppo_car_spread_a_sampling
34.1206,-0.16571,0.0000,0.5127,0.23436,0.23440,0.51900,23.3,1.0000,-23.3036,0.4741,-7.6762,131.861,ppo_car_spread_a_sampling
34.1406,-0.24657,0.0000,0.5127,0.19520,0.19527,0.00000,0.0,1.0000,-23.3006,0.4741,-7.6787,131.858,ppo_car_spread_a_sampling
34.1606,-0.30624,0.0000,0.5127,0.00632,0.00811,0.00000,0.0,1.0000,-23.3006,0.4741,-7.6786,131.859,ppo_car_spread_a_sampling
34.1806,-0.38853,0.0000,0.5127,-0.01220,0.01221,0.31295,-107.7,1.0000,-23.3010,0.4741,-7.6783,131.857,ppo_car_spread_a_sampling
34.2006,-0.32248,0.1178,0.0000,-0.03530,0.03540,0.08905,-107.7,1.0000,-23.3017,0.4741,-7.6777,131.860,ppo_car_spread_a_sampling
34.2206,-0.23575,0.1178,0.0000,-0.02833,0.02839,0.33383,61.8,1.0000,-23.3022,0.4741,-7.6773,131.863,ppo_car_spread_a_sampling
34.2406,-0.17006,0.1178,0.0000,-0.01305,0.01309,0.33383,61.8,1.0000,-23.3025,0.4741,-7.6771,131.868,ppo_car_spread_a_sampling
34.2606,-0.08638,0.1178,0.0000,0.00076,0.00078,0.27997,61.8,1.0000,-23.3025,0.4741,-7.6771,131.871,ppo_car_spread_a_sampling
34.2806,-0.11331,0.0000,0.2442,0.00581,0.00581,0.37937,61.8,1.0000,-23.3025,0.4741,-7.6771,131.869,ppo_car_spread_a_sampling
34.3006,-0.11331,0.0000,0.2442,0.00017,0.00017,0.35272,-51.3,1.0000,-23.3025,0.4741,-7.6771,131.870,ppo_car_spread_a_sampling
34.3206,-0.11331,0.0000,0.2442,-0.00940,0.00940,0.32350,-51.3,1.0000,-23.3027,0.4741,-7.6770,131.872,ppo_car_spread_a_sampling
34.3406,-0.11331,0.0000,0.2442,-0.01881,0.01881,0.25240,-51.3,1.0000,-23.3030,0.4741,-7.6767,131.872,ppo_car_spread_a_sampling
34.3606,-0.17427,0.2702,0.0000,-0.02982,0.02984,0.23175,-51.3,1.0000,-23.3034,0.4741,-7.6763,131.876,ppo_car_spread_a_sampling
34.3806,-0.25581,0.2702,0.0000,-0.00189,0.00189,0.26225,141.8,1.0000,-23.3034,0.4741,-7.6763,131.879,ppo_car_spread_a_sampling
34.4006,-0.33822,0.2702,0.0000,0.02651,0.02656,0.33384,141.8,1.0000,-23.3030,0.4741,-7.6767,131.883,ppo_car_spread_a_sampling
34.4206,-0.39843,0.2702,0.0000,0.05517,0.05532,0.22248,141.8,1.0000,-23.3020,0.4741,-7.6774,131.882,ppo_car_spread_a_sampling
34.4406,-0.31995,0.0000,0.3154,0.07369,0.07395,0.40101,141.8,1.0000,-23.3008,0.4741,-7.6784,131.877,ppo_car_spread_a_sampling
34.4606,-0.23683,0.0000,0.3154,0.06987,0.07005,0.25956,-66.2,1.0000,-23.2996,0.4741,-7.6793,131.869,ppo_car_spread_a_sampling
34.4806,-0.20191,0.0000,0.3154,0.05177,0.05187,0.14901,-66.2,1.0000,-23.2987,0.4741,-7.6800,131.866,ppo_car_spread_a_sampling
34.5006,-0.20191,0.0000,0.3154,0.04615,0.04621,0.27535,-66.2,1.0000,-23.2980,0.4741,-7.6806,131.863,ppo_car_spread_a_sampling
34.5206,-0.14598,0.0000,0.0614,0.03109,0.03113,0.15283,-66.2,1.0000,-23.2975,0.4741,-7.6810,131.860,ppo_car_spread_a_sampling
34.5406,-0.06181,0.0000,0.0614,0.02753,0.02755,0.11607,-12.9,1.0000,-23.2970,0.4741,-7.6813,131.859,ppo_car_spread_a_sampling
34.5606,-0.00241,0.0000,0.0614,0.02370,0.02370,0.28494,-12.9,1.0000,-23.2967,0.4741,-7.6817,131.859,ppo_car_spread_a_sampling
34.5806,0.09254,0.0000,0.0614,0.03041,0.03041,0.27813,-12.9,1.0000,-23.2962,0.4741,-7.6821,131.860,ppo_car_spread_a_sampling
34.6006,0.15622,0.0000,0.2068,0.02680,0.02680,0.28678,-12.9,1.0000,-23.2958,0.4741,-7.6825,131.861,ppo_car_spread_a_sampling
34.6206,0.23104,0.0000,0.2068,0.01434,0.01435,0.30417,-43.4,1.0000,-23.2956,0.4741,-7.6826,131.858,ppo_car_spread_a_sampling
34.6406,0.23104,0.0000,0.2068,0.00238,0.00238,0.15217,-43.4,1.0000,-23.2956,0.4741,-7.6827,131.858,ppo_car_spread_a_sampling
34.6606,0.23104,0.0000,0.2068,0.00053,0.00053,0.23572,-43.4,1.0000,-23.2956,0.4741,-7.6827,131.859,ppo_car_spread_a_sampling
34.6806,0.14578,0.0000,0.1635,-0.00761,0.00762,0.34282,-43.4,1.0000,-23.2957,0.4741,-7.6825,131.855,ppo_car_spread_a_sampling
34.7006,0.07083,0.0000,0.1635,-0.01231,0.01233,0.32573,-34.3,1.0000,-23.2959,0.4741,-7.6824,131.855,ppo_car_spread_a_sampling
34.7206,-0.00317,0.0000,0.1635,-0.02345,0.02346,0.19050,-34.3,1.0000,-23.2962,0.4741,-7.6820,131.856,ppo_car_spread_a_sampling
34.7406,-0.07867,0.0000,0.1635,-0.02797,0.02797,0.22264,-34.3,1.0000,-23.2967,0.4741,-7.6816,131.856,ppo_car_spread_a_sampling
34.7606,-0.01585,0.2406,0.0000,-0.03719,0.03719,0.28601,-34.3,1.0000,-23.2973,0.4741,-7.6811,131.854,ppo_car_spread_a_sampling
34.7806,0.06453,0.2406,0.0000,-0.01761,0.01761,0.35444,126.3,1.0000,-23.2975,0.4741,-7.6809,131.852,ppo_car_spread_a_sampling
34.8006,0.12594,0.2406,0.0000,0.00937,0.00937,0.12027,126.3,1.0000,-23.2974,0.4741,-7.6810,131.851,ppo_car_spread_a_sampling
34.8206,0.12594,0.2406,0.0000,0.03296,0.03297,0.20959,126.3,1.0000,-23.2968,0.4741,-7.6815,131.851,ppo_car_spread_a_sampling
34.8406,0.06503,0.2912,0.0000,0.06309,0.06311,0.24696,126.3,1.0000,-23.2959,0.4741,-7.6824,131.851,ppo_car_spread_a_sampling
34.8606,-0.01514,0.2912,0.0000,0.08924,0.08925,0.19377,152.9,1.0000,-23.2945,0.4741,-7.6837,131.854,ppo_car_spread_a_sampling
34.8806,-0.07804,0.2912,0.0000,0.11150,0.11150,0.47197,152.9,1.0000,-23.2928,0.4741,-7.6852,131.852,ppo_car_spread_a_sampling
34.9006,-0.12796,0.2912,0.0000,0.14221,0.14222,0.29074,152.9,1.0000,-23.2906,0.4741,-7.6872,131.851,ppo_car_spread_a_sampling
34.9206,-0.19656,0.3687,0.0000,0.17248,0.17253,0.19537,152.9,1.0000,-23.2879,0.4741,-7.6895,131.847,ppo_car_spread_a_sampling
34.9406,-0.26168,0.3687,0.0000,0.20615,0.20628,0.26276,193.6,1.0000,-23.2846,0.4741,-7.6922,131.841,ppo_car_spread_a_sampling
34.9606,-0.35153,0.3687,0.0000,0.23623,0.23651,0.42347,193.6,1.0000,-23.2809,0.4741,-7.6952,131.829,ppo_car_spread_a_sampling
34.9806,-0.38880,0.3687,0.0000,0.27500,0.27564,0.56680,193.6,1.0000,-23.2764,0.4741,-7.6986,131.810,ppo_car_spread_a_sampling
35.0006,-0.31751,0.1848,0.0000,0.30895,0.30987,0.59706,193.6,1.0000,-23.2714,0.4741,-7.7025,131.786,ppo_car_spread_a_sampling
35.0206,-0.23928,0.1848,0.0000,0.32513,0.32597,0.57111,97.0,1.0000,-23.2662,0.4741,-7.7065,131.760,ppo_car_spread_a_sampling
35.0406,-0.14895,0.1848,0.0000,0.33644,0.33704,0.63124,97.0,1.0000,-23.2608,0.4741,-7.7107,131.740,ppo_car_spread_a_sampling
35.0606,-0.08434,0.1848,0.0000,0.35494,0.35527,0.64358,97.0,1.0000,-23.2553,0.4741,-7.7152,131.725,ppo_car_spread_a_sampling
35.0806,-0.02434,0.0000,0.1870,0.37317,0.37332,0.65095,97.0,1.0000,-23.2496,0.4741,-7.7200,131.714,ppo_car_spread_a_sampling
35.1006,0.00606,0.0000,0.1870,0.19872,0.19877,0.00000,0.0,1.0000,-23.2467,0.4741,-7.7225,131.712,ppo_car_spread_a_sampling
35.1206,0.00606,0.0000,0.1870,0.00911,0.00931,0.00000,0.0,1.0000,-23.2468,0.4741,-7.7224,131.713,ppo_car_spread_a_sampling
35.1406,0.00606,0.0000,0.1870,0.00241,0.00254,0.35230,-39.3,1.0000,-23.2470,0.4741,-7.7222,131.715,ppo_car_spread_a_sampling
35.1606,0.05382,0.0000,0.0669,-0.00447,0.00449,0.16759,-39.3,1.0000,-23.2472,0.4741,-7.7220,131.714,ppo_car_spread_a_sampling
35.1806,0.05382,0.0000,0.0669,-0.00704,0.00705,0.32427,-14.1,1.0000,-23.2475,0.4741,-7.7218,131.713,ppo_car_spread_a_sampling
35.2006,0.05382,0.0000,0.0669,-0.01099,0.01100,0.25302,-14.1,1.0000,-23.2478,0.4741,-7.7215,131.713,ppo_car_spread_a_sampling
35.2206,0.05382,0.0000,0.0669,-0.01863,0.01863,0.33420,-14.1,1.0000,-23.2482,0.4741,-7.7212,131.709,ppo_car_spread_a_sampling
35.2406,0.10893,0.0000,0.4168,-0.01113,0.01114,0.39971,-14.1,1.0000,-23.2484,0.4741,-7.7210,131.707,ppo_car_spread_a_sampling
35.2606,0.13975,0.0000,0.4168,-0.03818,0.03819,0.29236,-87.5,1.0000,-23.2491,0.4741,-7.7204,131.706,ppo_car_spread_a_sampling
35.2806,0.13975,0.0000,0.4168,-0.05394,0.05396,0.28552,-87.5,1.0000,-23.2499,0.4741,-7.7196,131.704,ppo_car_spread_a_sampling
35.3006,0.13975,0.0000,0.4168,-0.06566,0.06570,0.39488,-87.5,1.0000,-23.2509,0.4741,-7.7187,131.704,ppo_car_spread_a_sampling
35.3206,0.06998,0.0000,0.2829,-0.08305,0.08309,0.29040,-87.5,1.0000,-23.2521,0.4741,-7.7175,131.701,ppo_car_spread_a_sampling
35.3406,0.06396,0.0000,0.2829,-0.09373,0.09375,0.19537,-59.4,1.0000,-23.2535,0.4741,-7.7162,131.701,ppo_car_spread_a_sampling
35.3606,0.06396,0.0000,0.2829,-0.10307,0.10309,0.44645,-59.4,1.0000,-23.2550,0.4741,-7.7148,131.699,ppo_car_spread_a_sampling
35.3806,0.06396,0.0000,0.2829,-0.11518,0.11519,0.36240,-59.4,1.0000,-23.2567,0.4741,-7.7133,131.698,ppo_car_spread_a_sampling
35.4006,0.07266,0.0021,0.0000,-0.12577,0.12578,0.15072,-59.4,1.0000,-23.2586,0.4741,-7.7116,131.697,ppo_car_spread_a_sampling
35.4206,0.07266,0.0021,0.0000,-0.12306,0.12307,0.37508,1.1,1.0000,-23.2603,0.4741,-7.7100,131.694,ppo_car_spread_a_sampling
35.4406,0.07266,0.0021,0.0000,-0.12615,0.12616,0.22537,1.1,1.0000,-23.2622,0.4741,-7.7083,131.694,ppo_car_spread_a_sampling
35.4606,0.07266,0.0021,0.0000,-0.12447,0.12448,0.26963,1.1,1.0000,-23.2639,0.4741,-7.7067,131.694,ppo_car_spread_a_sampling
35.4806,-0.01083,0.0000,0.1325,-0.12084,0.12086,0.38939,1.1,1.0000,-23.2656,0.4741,-7.7051,131.693,ppo_car_spread_a_sampling
35.5006,-0.09437,0.0000,0.1325,-0.12987,0.12987,0.29072,-27.8,1.0000,-23.2675,0.4741,-7.7034,131.695,ppo_car_spread_a_sampling
35.5206,-0.14559,0.0000,0.1325,-0.12683,0.12684,0.44996,-27.8,1.0000,-23.2694,0.4741,-7.7018,131.695,ppo_car_spread_a_sampling
35.5406,-0.23824,0.0000,0.1325,-0.13838,0.13842,0.43675,-27.8,1.0000,-23.2714,0.4741,-7.7000,131.700,ppo_car_spread_a_sampling
35.5606,-0.17085,0.0000,0.0803,-0.14785,0.14798,0.14106,-27.8,1.0000,-23.2737,0.4741,-7.6982,131.704,ppo_car_spread_a_sampling
35.5806,-0.09116,0.0000,0.0803,-0.14888,0.14898,0.35854,-16.9,1.0000,-23.2759,0.4741,-7.6963,131.707,ppo_car_spread_a_sampling
35.6006,-0.01178,0.0000,0.0803,-0.15191,0.15196,0.12759,-16.9,1.0000,-23.2782,0.4741,-7.6944,131.711,ppo_car_spread_a_sampling
35.6206,0.00103,0.0000,0.0803,-0.15395,0.15396,0.41138,-16.9,1.0000,-23.2805,0.4741,-7.6924,131.712,ppo_car_spread_a_sampling
35.6406,-0.08939,0.0000,0.7767,-0.15422,0.15422,0.43839,-16.9,1.0000,-23.2828,0.4741,-7.6904,131.711,ppo_car_spread_a_sampling
35.6606,-0.08939,0.0000,0.7767,-0.18762,0.18765,0.22359,-163.1,1.0000,-23.2856,0.4741,-7.6880,131.712,ppo_car_spread_a_sampling
35.6806,-0.08939,0.0000,0.7767,-0.20957,0.20961,0.54296,-163.1,1.0000,-23.2888,0.4741,-7.6852,131.716,ppo_car_spread_a_sampling
35.7006,-0.08939,0.0000,0.7767,-0.24693,0.24697,0.44092,-163.1,1.0000,-23.2926,0.4741,-7.6820,131.719,ppo_car_spread_a_sampling
35.7206,-0.15515,0.4381,0.0000,-0.27426,0.27431,0.57167,-163.1,1.0000,-23.2968,0.4741,-7.6784,131.724,ppo_car_spread_a_sampling
35.7406,-0.21793,0.4381,0.0000,-0.23302,0.23310,0.46026,230.0,1.0000,-23.3003,0.4741,-7.6754,131.729,ppo_car_spread_a_sampling
35.7606,-0.30080,0.4381,0.0000,-0.19323,0.19337,0.45268,230.0,1.0000,-23.3033,0.4741,-7.6729,131.733,ppo_car_spread_a_sampling
35.7806,-0.30080,0.4381,0.0000,-0.15316,0.15337,0.01689,230.0,1.0000,-23.3056,0.4741,-7.6711,131.740,ppo_car_spread_a_sampling
35.8006,-0.22833,0.3639,0.0000,-0.11161,0.11180,0.18190,230.0,1.0000,-23.3073,0.4741,-7.6698,131.745,ppo_car_spread_a_sampling
35.8206,-0.17513,0.3639,0.0000,-0.06823,0.06831,0.39919,191.1,1.0000,-23.3082,0.4741,-7.6690,131.749,ppo_car_spread_a_sampling
35.8406,-0.10478,0.3639,0.0000,-0.03900,0.03905,0.16509,191.1,1.0000,-23.3087,0.4741,-7.6686,131.750,ppo_car_spread_a_sampling
35.8606,-0.04846,0.3639,0.0000,0.00216,0.00218,0.07815,191.1,1.0000,-23.3086,0.4741,-7.6687,131.751,ppo_car_spread_a_sampling
35.8806,-0.03594,0.5175,0.0000,0.03033,0.03033,0.24691,191.1,1.0000,-23.3080,0.4741,-7.6692,131.751,ppo_car_spread_a_sampling
35.9006,-0.03594,0.5175,0.0000,0.08872,0.08872,0.16845,271.7,1.0000,-23.3066,0.4741,-7.6704,131.750,ppo_car_spread_a_sampling
35.9206,-0.03594,0.5175,0.0000,0.13785,0.13786,0.25519,271.7,1.0000,-23.3044,0.4741,-7.6723,131.748,ppo_car_spread_a_sampling
35.9406,-0.03594,0.5175,0.0000,0.18164,0.18165,0.49795,271.7,1.0000,-23.3015,0.4741,-7.6748,131.747,ppo_car_spread_a_sampling
35.9606,0.01659,0.0000,0.0654,0.23523,0.23524,0.48703,271.7,1.0000,-23.2979,0.4741,-7.6780,131.746,ppo_car_spread_a_sampling
35.9806,0.09316,0.0000,0.0654,0.19787,0.19787,0.00000,0.0,1.0000,-23.2949,0.4741,-7.6807,131.747,ppo_car_spread_a_sampling
36.0006,0.17779,0.0000,0.0654,0.00595,0.00609,0.00000,0.0,1.0000,-23.2950,0.4741,-7.6807,131.748,ppo_car_spread_a_sampling
36.0206,0.23883,0.0000,0.0654,0.00438,0.00444,0.34637,-13.7,1.0000,-23.2950,0.4741,-7.6807,131.752,ppo_car_spread_a_sampling
36.0406,0.14960,0.0000,0.2172,-0.00498,0.00499,0.35352,-13.7,1.0000,-23.2952,0.4741,-7.6805,131.752,ppo_car_spread_a_sampling
36.0606,0.13198,0.0000,0.2172,-0.00164,0.00164,0.36798,-45.6,1.0000,-23.2953,0.4741,-7.6804,131.754,ppo_car_spread_a_sampling
36.0806,0.13198,0.0000,0.2172,-0.01956,0.01957,0.32676,-45.6,1.0000,-23.2957,0.4741,-7.6800,131.756,ppo_car_spread_a_sampling
36.1006,0.13198,0.0000,0.2172,-0.02206,0.02207,0.34760,-45.6,1.0000,-23.2962,0.4741,-7.6796,131.757,ppo_car_spread_a_sampling
36.1206,0.05015,0.1996,0.0000,-0.03432,0.03434,0.37872,-45.6,1.0000,-23.2968,0.4741,-7.6790,131.759,ppo_car_spread_a_sampling
36.1406,0.02124,0.1996,0.0000,-0.01343,0.01344,0.15555,104.8,1.0000,-23.2970,0.4741,-7.6788,131.758,ppo_car_spread_a_sampling
36.1606,0.02124,0.1996,0.0000,0.00977,0.00977,0.33270,104.8,1.0000,-23.2969,0.4741,-7.6789,131.762,ppo_car_spread_a_sampling
36.1806,0.02124,0.1996,0.0000,0.02333,0.02333,0.33514,104.8,1.0000,-23.2966,0.4741,-7.6792,131.765,ppo_car_spread_a_sampling
36.2006,-0.00398,0.0000,0.2057,0.04305,0.04305,0.27658,104.8,1.0000,-23.2960,0.4741,-7.6797,131.768,ppo_car_spread_a_sampling
36.2206,-0.00398,0.0000,0.2057,0.03559,0.03559,0.34283,-43.2,1.0000,-23.2955,0.4741,-7.6802,131.770,ppo_car_spread_a_sampling
36.2406,-0.00398,0.0000,0.2057,0.03222,0.03222,0.26326,-43.2,1.0000,-23.2950,0.4741,-7.6806,131.770,ppo_car_spread_a_sampling
36.2606,-0.00398,0.0000,0.2057,0.01696,0.01696,0.35174,-43.2,1.0000,-23.2948,0.4741,-7.6808,131.770,ppo_car_spread_a_sampling
36.2806,0.05133,0.6596,0.0000,0.01245,0.01246,0.17536,-43.2,1.0000,-23.2946,0.4741,-7.6810,131.769,ppo_car_spread_a_sampling
36.3006,0.05133,0.6596,0.0000,0.07472,0.07472,0.14748,346.3,1.0000,-23.2935,0.4741,-7.6820,131.770,ppo_car_spread_a_sampling
36.3206,0.05133,0.6596,0.0000,0.14544,0.14545,0.13145,346.3,1.0000,-23.2912,0.4741,-7.6841,131.773,ppo_car_spread_a_sampling
36.3406,0.05133,0.6596,0.0000,0.20444,0.20445,0.53304,346.3,1.0000,-23.2881,0.4741,-7.6869,131.777,ppo_car_spread_a_sampling
36.3606,-0.03588,0.1991,0.0000,0.26749,0.26751,0.35884,346.3,1.0000,-23.2840,0.4741,-7.6907,131.781,ppo_car_spread_a_sampling
36.3806,-0.09547,0.1991,0.0000,0.28571,0.28571,0.53203,104.5,1.0000,-23.2797,0.4741,-7.6946,131.782,ppo_car_spread_a_sampling
36.4006,-0.17521,0.1991,0.0000,0.29716,0.29719,0.59138,104.5,1.0000,-23.2751,0.4741,-7.6985,131.778,ppo_car_spread_a_sampling
36.4206,-0.23871,0.1991,0.0000,0.31602,0.31614,0.62614,104.5,1.0000,-23.2702,0.4741,-7.7027,131.771,ppo_car_spread_a_sampling
36.4406,-0.18121,0.0000,0.5917,0.33479,0.33509,0.63578,104.5,1.0000,-23.2649,0.4741,-7.7070,131.758,ppo_car_spread_a_sampling
36.4606,-0.10686,0.0000,0.5917,0.19371,0.19387,0.00000,0.0,1.0000,-23.2620,0.4741,-7.7094,131.754,ppo_car_spread_a_sampling
36.4806,-0.02278,0.0000,0.5917,0.00740,0.00870,0.00000,0.0,1.0000,-23.2620,0.4741,-7.7092,131.755,ppo_car_spread_a_sampling
36.5006,0.05210,0.0000,0.5917,-0.01482,0.01489,0.32375,-124.3,1.0000,-23.2624,0.4741,-7.7088,131.753,ppo_car_spread_a_sampling
36.5207,0.11306,0.6330,0.0000,-0.04406,0.04407,0.26512,-124.3,1.0000,-23.2632,0.4741,-7.7081,131.753,ppo_car_spread_a_sampling
36.5407,0.20554,0.6330,0.0000,0.01898,0.01899,0.42139,332.3,1.0000,-23.2630,0.4741,-7.7083,131.757,ppo_car_spread_a_sampling
36.5607,0.22652,0.6330,0.0000,0.07917,0.07925,0.47052,332.3,1.0000,-23.2619,0.4741,-7.7094,131.762,ppo_car_spread_a_sampling
36.5807,0.22652,0.6330,0.0000,0.14056,0.14072,0.52956,332.3,1.0000,-23.2599,0.4741,-7.7114,131.772,ppo_car_spread_a_sampling
36.6007,0.14477,0.0000,0.2608,0.20064,0.20088,0.56497,332.3,1.0000,-23.2570,0.4741,-7.7142,131.780,ppo_car_spread_a_sampling
36.6207,0.08470,0.0000,0.2608,0.19379,0.19393,0.00000,0.0,1.0000,-23.2542,0.4741,-7.7170,131.785,ppo_car_spread_a_sampling
36.6407,0.01189,0.0000,0.2608,0.00525,0.00666,0.00000,0.0,1.0000,-23.2543,0.4741,-7.7170,131.786,ppo_car_spread_a_sampling
36.6607,-0.07227,0.0000,0.2608,-0.00546,0.00562,0.10866,-54.8,1.0000,-23.2545,0.4741,-7.7169,131.785,ppo_car_spread_a_sampling
36.6807,-0.15118,0.0000,0.5491,-0.01282,0.01284,0.40226,-54.8,1.0000,-23.2547,0.4741,-7.7167,131.782,ppo_car_spread_a_sampling
36.7007,-0.21795,0.0000,0.5491,-0.03202,0.03205,0.34961,-115.3,1.0000,-23.2553,0.4741,-7.7162,131.781,ppo_car_spread_a_sampling
36.7207,-0.22461,0.0000,0.5491,-0.06036,0.06042,0.24482,-115.3,1.0000,-23.2563,0.4741,-7.7154,131.784,ppo_car_spread_a_sampling
36.7407,-0.22461,0.0000,0.5491,-0.07442,0.07450,0.42225,-115.3,1.0000,-23.2575,0.4741,-7.7144,131.786,ppo_car_spread_a_sampling
36.7607,-0.15860,0.1646,0.0000,-0.09495,0.09506,0.46268,-115.3,1.0000,-23.2590,0.4741,-7.7132,131.790,ppo_car_spread_a_sampling
36.7807,-0.08525,0.1646,0.0000,-0.07846,0.07853,0.42160,86.4,1.0000,-23.2602,0.4741,-7.7122,131.794,ppo_car_spread_a_sampling
36.8007,-0.01487,0.1646,0.0000,-0.06456,0.06460,0.38684,86.4,1.0000,-23.2612,0.4741,-7.7113,131.796,ppo_car_spread_a_sampling
36.8207,0.07452,0.1646,0.0000,-0.05365,0.05365,0.26495,86.4,1.0000,-23.2620,0.4741,-7.7107,131.795,ppo_car_spread_a_sampling
36.8407,0.00334,0.0662,0.0000,-0.03821,0.03821,0.20703,86.4,1.0000,-23.2625,0.4741,-7.7102,131.794,ppo_car_spread_a_sampling
36.8607,-0.06094,0.0662,0.0000,-0.02740,0.02740,0.39348,34.7,1.0000,-23.2628,0.4741,-7.7099,131.796,ppo_car_spread_a_sampling
36.8807,-0.15150,0.0662,0.0000,-0.02130,0.02130,0.37477,34.7,1.0000,-23.2631,0.4741,-7.7096,131.793,ppo_car_spread_a_sampling
36.9007,-0.21367,0.0662,0.0000,-0.02162,0.02163,0.31721,34.7,1.0000,-23.2634,0.4741,-7.7094,131.792,ppo_car_spread_a_sampling
36.9207,-0.29668,0.0000,0.2634,-0.01490,0.01490,0.32925,34.7,1.0000,-23.2635,0.4741,-7.7093,131.791,ppo_car_spread_a_sampling
36.9407,-0.34959,0.0000,0.2634,-0.01834,0.01838,0.18009,-55.3,1.0000,-23.2638,0.4741,-7.7091,131.790,ppo_car_spread_a_sampling
36.9607,-0.34959,0.0000,0.2634,-0.03160,0.03171,0.19171,-55.3,1.0000,-23.2642,0.4741,-7.7087,131.792,ppo_car_spread_a_sampling
36.9807,-0.34959,0.0000,0.2634,-0.03787,0.03795,0.38169,-55.3,1.0000,-23.2648,0.4741,-7.7083,131.795,ppo_car_spread_a_sampling
37.0007,-0.41656,0.3326,0.0000,-0.04636,0.04647,0.40352,-55.3,1.0000,-23.2655,0.4741,-7.7078,131.798,ppo_car_spread_a_sampling
37.0207,-0.43398,0.3326,0.0000,-0.01862,0.01868,0.23970,174.6,1.0000,-23.2658,0.4741,-7.7076,131.802,ppo_car_spread_a_sampling
37.0407,-0.43398,0.3326,0.0000,0.01695,0.01702,0.28643,174.6,1.0000,-23.2654,0.4741,-7.7078,131.798,ppo_car_spread_a_sampling
37.0607,-0.43398,0.3326,0.0000,0.04443,0.04462,0.16159,174.6,1.0000,-23.2646,0.4741,-7.7084,131.796,ppo_car_spread_a_sampling
37.0807,-0.38114,0.6064,0.0000,0.07873,0.07908,0.17246,174.6,1.0000,-23.2633,0.4741,-7.7094,131.790,ppo_car_spread_a_sampling
37.1007,-0.30131,0.6064,0.0000,0.13571,0.13623,0.19719,318.3,1.0000,-23.2610,0.4741,-7.7111,131.778,ppo_car_spread_a_sampling
37.1207,-0.21541,0.6064,0.0000,0.19534,0.19582,0.30015,318.3,1.0000,-23.2578,0.4741,-7.7136,131.765,ppo_car_spread_a_sampling
37.1407,-0.20967,0.6064,0.0000,0.24587,0.24622,0.61586,318.3,1.0000,-23.2538,0.4741,-7.7168,131.754,ppo_car_spread_a_sampling
37.1607,-0.26182,0.0000,0.7244,0.31257,0.31293,0.44689,318.3,1.0000,-23.2488,0.4741,-7.7208,131.741,ppo_car_spread_a_sampling
37.1807,-0.29470,0.0000,0.7244,0.19335,0.19359,0.00000,0.0,1.0000,-23.2458,0.4741,-7.7232,131.734,ppo_car_spread_a_sampling
37.2007,-0.29470,0.0000,0.7244,0.00563,0.00893,0.00000,0.0,1.0000,-23.2457,0.4741,-7.7231,131.735,ppo_car_spread_a_sampling
37.2207,-0.29470,0.0000,0.7244,-0.02024,0.02026,0.23924,-152.1,1.0000,-23.2462,0.4741,-7.7227,131.735,ppo_car_spread_a_sampling
37.2407,-0.35522,0.1163,0.0000,-0.04773,0.04777,0.35396,-152.1,1.0000,-23.2471,0.4741,-7.7219,131.740,ppo_car_spread_a_sampling
37.2607,-0.39808,0.1163,0.0000,-0.03706,0.03713,0.39151,61.1,1.0000,-23.2478,0.4741,-7.7214,131.744,ppo_car_spread_a_sampling
37.2807,-0.39808,0.1163,0.0000,-0.03372,0.03381,0.32389,61.1,1.0000,-23.2484,0.4741,-7.7209,131.745,ppo_car_spread_a_sampling
37.3007,-0.39808,0.1163,0.0000,-0.01818,0.01823,0.36086,61.1,1.0000,-23.2488,0.4741,-7.7206,131.743,ppo_car_spread_a_sampling
37.3207,-0.47667,0.7222,0.0000,-0.00471,0.00471,0.34351,61.1,1.0000,-23.2489,0.4741,-7.7205,131.745,ppo_car_spread_a_sampling
37.3407,-0.54186,0.7222,0.0000,0.06455,0.06491,0.20787,379.1,1.0000,-23.2479,0.4741,-7.7213,131.738,ppo_car_spread_a_sampling
37.3607,-0.58571,0.7222,0.0000,0.13353,0.13451,0.27526,379.1,1.0000,-23.2456,0.4741,-7.7229,131.723,ppo_car_spread_a_sampling
37.3807,-0.58571,0.7222,0.0000,0.19561,0.19710,0.59259,379.1,1.0000,-23.2422,0.4741,-7.7252,131.702,ppo_car_spread_a_sampling
37.4007,-0.51605,0.0000,0.1837,0.27074,0.27294,0.33026,379.1,1.0000,-23.2376,0.4741,-7.7283,131.672,ppo_car_spread_a_sampling
37.4207,-0.43696,0.0000,0.1837,0.18582,0.18728,0.00000,0.0,1.0000,-23.2344,0.4741,-7.7305,131.661,ppo_car_spread_a_sampling
37.4407,-0.35111,0.0000,0.1837,0.00361,0.01229,0.00000,0.0,1.0000,-23.2343,0.4741,-7.7302,131.662,ppo_car_spread_a_sampling
37.4607,-0.29244,0.0000,0.1837,-0.00593,0.00717,0.33981,-38.6,1.0000,-23.2345,0.4741,-7.7300,131.662,ppo_car_spread_a_sampling
37.4807,-0.35489,0.1845,0.0000,-0.00700,0.00704,0.19157,-38.6,1.0000,-23.2347,0.4741,-7.7299,131.664,ppo_car_spread_a_sampling
37.5007,-0.35489,0.1845,0.0000,0.00175,0.00205,0.33734,96.9,1.0000,-23.2347,0.4741,-7.7299,131.666,ppo_car_spread_a_sampling
37.5207,-0.35489,0.1845,0.0000,0.02482,0.02493,0.21939,96.9,1.0000,-23.2343,0.4741,-7.7301,131.662,ppo_car_spread_a_sampling
37.5407,-0.35489,0.1845,0.0000,0.04193,0.04210,0.33265,96.9,1.0000,-23.2337,0.4741,-7.7306,131.662,ppo_car_spread_a_sampling
37.5607,-0.28063,0.0338,0.0000,0.06593,0.06612,0.23316,96.9,1.0000,-23.2326,0.4741,-7.7315,131.657,ppo_car_spread_a_sampling
37.5807,-0.22978,0.0338,0.0000,0.06739,0.06754,0.22191,17.8,1.0000,-23.2315,0.4741,-7.7323,131.651,ppo_car_spread_a_sampling
37.6007,-0.14741,0.0338,0.0000,0.06568,0.06579,0.40522,17.8,1.0000,-23.2305,0.4741,-7.7332,131.647,ppo_car_spread_a_sampling
37.6207,-0.05261,0.0338,0.0000,0.07022,0.07029,0.38958,17.8,1.0000,-23.2294,0.4741,-7.7341,131.646,ppo_car_spread_a_sampling
37.6407,-0.11077,0.0982,0.0000,0.07256,0.07258,0.29626,17.8,1.0000,-23.2283,0.4741,-7.7350,131.643,ppo_car_spread_a_sampling
37.6607,-0.20140,0.0982,0.0000,0.07956,0.07958,0.42393,51.5,1.0000,-23.2270,0.4741,-7.7361,131.642,ppo_car_spread_a_sampling
37.6807,-0.26475,0.0982,0.0000,0.09324,0.09331,0.19684,51.5,1.0000,-23.2256,0.4741,-7.7373,131.640,ppo_car_spread_a_sampling
37.7007,-0.34542,0.0982,0.0000,0.09524,0.09537,0.44253,51.5,1.0000,-23.2240,0.4741,-7.7385,131.636,ppo_car_spread_a_sampling
37.7207,-0.27856,0.1283,0.0000,0.11016,0.11040,0.29430,51.5,1.0000,-23.2223,0.4741,-7.7399,131.628,ppo_car_spread_a_sampling
37.7407,-0.26406,0.1283,0.0000,0.12345,0.12369,0.31300,67.4,1.0000,-23.2203,0.4741,-7.7414,131.623,ppo_car_spread_a_sampling
37.7607,-0.26406,0.1283,0.0000,0.13821,0.13847,0.33261,67.4,1.0000,-23.2181,0.4741,-7.7432,131.614,ppo_car_spread_a_sampling
37.7807,-0.26406,0.1283,0.0000,0.14597,0.14622,0.41937,67.4,1.0000,-23.2157,0.4741,-7.7450,131.606,ppo_car_spread_a_sampling
37.8007,-0.18030,0.0000,0.1050,0.16596,0.16625,0.25004,67.4,1.0000,-23.2131,0.4741,-7.7471,131.599,ppo_car_spread_a_sampling
37.8207,-0.12395,0.0000,0.1050,0.15478,0.15494,0.00000,0.0,1.0000,-23.2106,0.4741,-7.7490,131.589,ppo_car_spread_a_sampling
37.8407,-0.03591,0.0000,0.1050,0.00455,0.00610,0.00000,0.0,1.0000,-23.2106,0.4741,-7.7489,131.590,ppo_car_spread_a_sampling
37.8607,-0.03591,0.0000,0.1050,-0.00018,0.00138,0.22636,-22.1,1.0000,-23.2107,0.4741,-7.7489,131.593,ppo_car_spread_a_sampling
37.8807,0.05981,0.2357,0.0000,-0.00645,0.00647,0.12841,-22.1,1.0000,-23.2108,0.4741,-7.7487,131.594,ppo_car_spread_a_sampling
37.9007,0.13643,0.2357,0.0000,0.01591,0.01591,0.37508,123.8,1.0000,-23.2107,0.4741,-7.7489,131.599,ppo_car_spread_a_sampling
37.9207,0.18754,0.2357,0.0000,0.03927,0.03928,0.32572,123.8,1.0000,-23.2101,0.4741,-7.7494,131.604,ppo_car_spread_a_sampling
37.9407,0.28320,0.2357,0.0000,0.06661,0.06666,0.23753,123.8,1.0000,-23.2091,0.4741,-7.7503,131.602,ppo_car_spread_a_sampling
37.9607,0.21305,0.1913,0.0000,0.09082,0.09096,0.10324,123.8,1.0000,-23.2078,0.4741,-7.7517,131.608,ppo_car_spread_a_sampling
37.9807,0.15548,0.1913,0.0000,0.10697,0.10708,0.39039,100.4,1.0000,-23.2063,0.4741,-7.7532,131.613,ppo_car_spread_a_sampling
38.0007,0.08372,0.1913,0.0000,0.12745,0.12754,0.14291,100.4,1.0000,-23.2044,0.4741,-7.7550,131.619,ppo_car_spread_a_sampling
38.0207,0.00825,0.1913,0.0000,0.14525,0.14529,0.34703,100.4,1.0000,-23.2022,0.4741,-7.7570,131.624,ppo_car_spread_a_sampling
38.0407,0.08915,0.0000,0.1882,0.15862,0.15863,0.33109,100.4,1.0000,-23.1998,0.4741,-7.7592,131.626,ppo_car_spread_a_sampling
38.0607,0.16449,0.0000,0.1882,0.18945,0.18948,0.00000,0.0,1.0000,-23.1970,0.4741,-7.7618,131.626,ppo_car_spread_a_sampling
38.0807,0.17970,0.0000,0.1882,0.00485,0.00598,0.00000,0.0,1.0000,-23.1970,0.4741,-7.7618,131.627,ppo_car_spread_a_sampling
38.1007,0.17970,0.0000,0.1882,-0.00610,0.00618,0.33299,-39.5,1.0000,-23.1972,0.4741,-7.7617,131.629,ppo_car_spread_a_sampling
38.1207,0.09617,0.0167,0.0000,-0.00777,0.00777,0.35375,-39.5,1.0000,-23.1974,0.4741,-7.7615,131.624,ppo_car_spread_a_sampling
38.1407,0.06192,0.0167,0.0000,-0.01056,0.01057,0.25504,8.8,1.0000,-23.1976,0.4741,-7.7613,131.627,ppo_car_spread_a_sampling
38.1607,0.06192,0.0167,0.0000,-0.00515,0.00515,0.23147,8.8,1.0000,-23.1977,0.4741,-7.7612,131.626,ppo_car_spread_a_sampling
38.1807,0.06192,0.0167,0.0000,-0.00414,0.00414,0.34012,8.8,1.0000,-23.1978,0.4741,-7.7611,131.624,ppo_car_spread_a_sampling
38.2007,-0.01476,0.0000,0.3063,-0.00994,0.00994,0.33104,8.8,1.0000,-23.1979,0.4741,-7.7610,131.626,ppo_car_spread_a_sampling
38.2207,-0.02777,0.0000,0.3063,-0.01299,0.01299,0.27229,-64.3,1.0000,-23.1981,0.4741,-7.7608,131.622,ppo_car_spread_a_sampling
38.2407,-0.02777,0.0000,0.3063,-0.03054,0.03054,0.23088,-64.3,1.0000,-23.1986,0.4741,-7.7604,131.619,ppo_car_spread_a_sampling
38.2607,-0.02777,0.0000,0.3063,-0.04204,0.04204,0.19609,-64.3,1.0000,-23.1993,0.4741,-7.7598,131.619,ppo_car_spread_a_sampling
38.2807,0.03806,0.4109,0.0000,-0.05156,0.05157,0.08123,-64.3,1.0000,-23.2001,0.4741,-7.7591,131.619,ppo_car_spread_a_sampling
38.3007,0.12334,0.4109,0.0000,-0.01356,0.01356,0.17640,215.7,1.0000,-23.2002,0.4741,-7.7590,131.619,ppo_car_spread_a_sampling
38.3207,0.19955,0.4109,0.0000,0.02649,0.02651,0.42609,215.7,1.0000,-23.1998,0.4741,-7.7594,131.620,ppo_car_spread_a_sampling
38.3407,0.28405,0.4109,0.0000,0.06906,0.06912,0.23660,215.7,1.0000,-23.1987,0.4741,-7.7604,131.624,ppo_car_spread_a_sampling
38.3607,0.24496,0.4673,0.0000,0.10609,0.10626,0.36328,215.7,1.0000,-23.1971,0.4741,-7.7620,131.632,ppo_car_spread_a_sampling
38.3807,0.13606,0.4673,0.0000,0.15516,0.15538,0.15736,245.3,1.0000,-23.1948,0.4741,-7.7643,131.641,ppo_car_spread_a_sampling
38.4007,0.07367,0.4673,0.0000,0.19567,0.19580,0.42977,245.3,1.0000,-23.1919,0.4741,-7.7671,131.646,ppo_car_spread_a_sampling
38.4207,-0.00950,0.4673,0.0000,0.24051,0.24058,0.56118,245.3,1.0000,-23.1882,0.4741,-7.7705,131.650,ppo_car_spread_a_sampling
38.4407,-0.07700,0.0000,0.2787,0.28528,0.28529,0.62317,245.3,1.0000,-23.1839,0.4741,-7.7744,131.651,ppo_car_spread_a_sampling
38.4607,-0.15894,0.0000,0.2787,0.19356,0.19356,0.00000,0.0,1.0000,-23.1809,0.4741,-7.7770,131.652,ppo_car_spread_a_sampling
38.4807,-0.20968,0.0000,0.2787,0.00568,0.00617,0.00000,0.0,1.0000,-23.1809,0.4741,-7.7769,131.653,ppo_car_spread_a_sampling
38.5007,-0.29348,0.0000,0.2787,-0.00327,0.00328,0.26879,-58.5,1.0000,-23.1811,0.4741,-7.7768,131.651,ppo_car_spread_a_sampling
38.5207,-0.20936,0.0000,0.6180,-0.01747,0.01749,0.27638,-58.5,1.0000,-23.1815,0.4741,-7.7765,131.651,ppo_car_spread_a_sampling
38.5407,-0.18275,0.0000,0.6180,-0.03739,0.03741,0.36005,-129.8,1.0000,-23.1821,0.4741,-7.7759,131.652,ppo_car_spread_a_sampling
38.5607,-0.18275,0.0000,0.6180,-0.05940,0.05946,0.45479,-129.8,1.0000,-23.1832,0.4741,-7.7750,131.654,ppo_car_spread_a_sampling
38.5807,-0.18275,0.0000,0.6180,-0.08419,0.08425,0.40032,-129.8,1.0000,-23.1846,0.4741,-7.7739,131.657,ppo_car_spread_a_sampling
38.6007,-0.26238,0.1611,0.0000,-0.10954,0.10964,0.46875,-129.8,1.0000,-23.1864,0.4741,-7.7724,131.659,ppo_car_spread_a_sampling
38.6207,-0.32320,0.1611,0.0000,-0.09776,0.09787,0.22329,84.6,1.0000,-23.1880,0.4741,-7.7711,131.667,ppo_car_spread_a_sampling
38.6407,-0.40124,0.1611,0.0000,-0.07698,0.07713,0.43015,84.6,1.0000,-23.1892,0.4741,-7.7702,131.671,ppo_car_spread_a_sampling
38.6607,-0.47920,0.1611,0.0000,-0.06906,0.06927,0.14951,84.6,1.0000,-23.1903,0.4741,-7.7693,131.677,ppo_car_spread_a_sampling
38.6807,-0.41588,0.0000,0.0415,-0.05408,0.05432,0.24970,84.6,1.0000,-23.1912,0.4741,-7.7687,131.681,ppo_car_spread_a_sampling
38.7007,-0.33916,0.0000,0.0415,-0.04771,0.04789,0.41355,-8.7,1.0000,-23.1919,0.4741,-7.7681,131.683,ppo_car_spread_a_sampling
38.7207,-0.25067,0.0000,0.0415,-0.04979,0.04991,0.39562,-8.7,1.0000,-23.1927,0.4741,-7.7675,131.685,ppo_car_spread_a_sampling
38.7407,-0.19406,0.0000,0.0415,-0.04945,0.04955,0.19626,-8.7,1.0000,-23.1935,0.4741,-7.7669,131.688,ppo_car_spread_a_sampling
38.7607,-0.28203,0.3460,0.0000,-0.05641,0.05646,0.41632,-8.7,1.0000,-23.1943,0.4741,-7.7663,131.687,ppo_car_spread_a_sampling
38.7807,-0.34171,0.3460,0.0000,-0.02390,0.02393,0.08347,181.7,1.0000,-23.1946,0.4741,-7.7660,131.689,ppo_car_spread_a_sampling
38.8007,-0.42636,0.3460,0.0000,0.00994,0.01000,0.18286,181.7,1.0000,-23.1944,0.4741,-7.7662,131.689,ppo_car_spread_a_sampling
38.8207,-0.45816,0.3460,0.0000,0.04043,0.04058,0.30424,181.7,1.0000,-23.1937,0.4741,-7.7667,131.687,ppo_car_spread_a_sampling
38.8407,-0.37238,0.2419,0.0000,0.07986,0.08030,0.21025,181.7,1.0000,-23.1922,0.4741,-7.7677,131.681,ppo_car_spread_a_sampling
38.8607,-0.29456,0.2419,0.0000,0.09966,0.10006,0.45680,127.0,1.0000,-23.1905,0.4741,-7.7690,131.669,ppo_car_spread_a_sampling
38.8807,-0.22597,0.2419,0.0000,0.12284,0.12314,0.34837,127.0,1.0000,-23.1885,0.4741,-7.7706,131.664,ppo_car_spread_a_sampling
38.9007,-0.22597,0.2419,0.0000,0.14848,0.14872,0.21520,127.0,1.0000,-23.1861,0.4741,-7.7725,131.656,ppo_car_spread_a_sampling
38.9207,-0.25828,0.0000,0.2941,0.17218,0.17240,0.38089,127.0,1.0000,-23.1833,0.4741,-7.7747,131.649,ppo_car_spread_a_sampling
38.9407,-0.25828,0.0000,0.2941,0.17866,0.17895,0.00000,0.0,1.0000,-23.1804,0.4741,-7.7770,131.635,ppo_car_spread_a_sampling
38.9607,-0.25828,0.0000,0.2941,0.00416,0.00790,0.00000,0.0,1.0000,-23.1803,0.4741,-7.7769,131.636,ppo_car_spread_a_sampling
38.9807,-0.25828,0.0000,0.2941,-0.01007,0.01016,0.29060,-61.8,1.0000,-23.1806,0.4741,-7.7766,131.637,ppo_car_spread_a_sampling
39.0007,-0.31523,0.0984,0.0000,-0.01623,0.01623,0.25442,-61.8,1.0000,-23.1809,0.4741,-7.7764,131.639,ppo_car_spread_a_sampling
39.0207,-0.32537,0.0984,0.0000,-0.01858,0.01860,0.32040,51.7,1.0000,-23.1813,0.4741,-7.7761,131.640,ppo_car_spread_a_sampling
39.0407,-0.32537,0.0984,0.0000,0.00163,0.00168,0.34589,51.7,1.0000,-23.1813,0.4741,-7.7761,131.643,ppo_car_spread_a_sampling
39.0607,-0.32537,0.0984,0.0000,0.00500,0.00509,0.39036,51.7,1.0000,-23.1812,0.4741,-7.7761,131.642,ppo_car_spread_a_sampling
39.0807,-0.25077,0.0378,0.0000,0.01629,0.01635,0.19914,51.7,1.0000,-23.1810,0.4741,-7.7763,131.641,ppo_car_spread_a_sampling
39.1007,-0.19357,0.0378,0.0000,0.01367,0.01369,0.39058,19.8,1.0000,-23.1808,0.4741,-7.7764,131.640,ppo_car_spread_a_sampling
39.1207,-0.11528,0.0378,0.0000,0.02431,0.02433,0.20292,19.8,1.0000,-23.1805,0.4741,-7.7767,131.637,ppo_car_spread_a_sampling
39.1407,-0.02691,0.0378,0.0000,0.03235,0.03237,0.25664,19.8,1.0000,-23.1800,0.4741,-7.7771,131.637,ppo_car_spread_a_sampling
39.1607,-0.09246,0.1787,0.0000,0.02927,0.02928,0.30696,19.8,1.0000,-23.1795,0.4741,-7.7775,131.636,ppo_car_spread_a_sampling
39.1807,-0.16926,0.1787,0.0000,0.04540,0.04540,0.40965,93.8,1.0000,-23.1789,0.4741,-7.7781,131.632,ppo_car_spread_a_sampling
39.2007,-0.24659,0.1787,0.0000,0.07023,0.07027,0.21365,93.8,1.0000,-23.1777,0.4741,-7.7790,131.629,ppo_car_spread_a_sampling
39.2207,-0.30035,0.1787,0.0000,0.08201,0.08211,0.44661,93.8,1.0000,-23.1764,0.4741,-7.7801,131.630,ppo_car_spread_a_sampling
39.2407,-0.20731,0.0858,0.0000,0.10564,0.10586,0.38913,93.8,1.0000,-23.1747,0.4741,-7.7814,131.622,ppo_car_spread_a_sampling
39.2607,-0.16002,0.0858,0.0000,0.10931,0.10945,0.45151,45.1,1.0000,-23.1730,0.4741,-7.7828,131.617,ppo_car_spread_a_sampling
39.2807,-0.16002,0.0858,0.0000,0.12277,0.12287,0.17247,45.1,1.0000,-23.1710,0.4741,-7.7844,131.614,ppo_car_spread_a_sampling
39.3007,-0.16002,0.0858,0.0000,0.12976,0.12985,0.40197,45.1,1.0000,-23.1690,0.4741,-7.7861,131.611,ppo_car_spread_a_sampling
39.3207,-0.09339,0.0418,0.0000,0.13673,0.13683,0.39092,45.1,1.0000,-23.1669,0.4741,-7.7878,131.608,ppo_car_spread_a_sampling
39.3407,-0.00961,0.0418,0.0000,0.13553,0.13558,0.43089,21.9,1.0000,-23.1648,0.4741,-7.7896,131.607,ppo_car_spread_a_sampling
39.3607,0.07256,0.0418,0.0000,0.14575,0.14576,0.28246,21.9,1.0000,-23.1626,0.4741,-7.7915,131.608,ppo_car_spread_a_sampling
39.3807,0.13770,0.0418,0.0000,0.14775,0.14775,0.47312,21.9,1.0000,-23.1604,0.4741,-7.7935,131.608,ppo_car_spread_a_sampling
39.4007,0.08929,0.0000,0.1577,0.15258,0.15261,0.38852,21.9,1.0000,-23.1581,0.4741,-7.7956,131.608,ppo_car_spread_a_sampling
39.4207,0.08929,0.0000,0.1577,0.17029,0.17032,0.00000,0.0,1.0000,-23.1556,0.4741,-7.7979,131.616,ppo_car_spread_a_sampling
39.4407,0.08929,0.0000,0.1577,0.00532,0.00581,0.00000,0.0,1.0000,-23.1557,0.4741,-7.7979,131.618,ppo_car_spread_a_sampling
39.4607,0.08929,0.0000,0.1577,0.00140,0.00155,0.28924,-33.1,1.0000,-23.1558,0.4741,-7.7979,131.618,ppo_car_spread_a_sampling
39.4807,0.02195,0.0994,0.0000,-0.00485,0.00485,0.34467,-33.1,1.0000,-23.1559,0.4741,-7.7977,131.620,ppo_car_spread_a_sampling
39.5007,-0.06401,0.0994,0.0000,0.00028,0.00029,0.26254,52.2,1.0000,-23.1560,0.4741,-7.7977,131.618,ppo_car_spread_a_sampling
39.5207,-0.14690,0.0994,0.0000,0.00863,0.00863,0.37502,52.2,1.0000,-23.1559,0.4741,-7.7977,131.618,ppo_car_spread_a_sampling
39.5407,-0.19894,0.0994,0.0000,0.01485,0.01486,0.36697,52.2,1.0000,-23.1557,0.4741,-7.7979,131.619,ppo_car_spread_a_sampling
39.5607,-0.26276,0.0726,0.0000,0.03306,0.03309,0.19542,52.2,1.0000,-23.1552,0.4741,-7.7983,131.617,ppo_car_spread_a_sampling
39.5807,-0.33954,0.0726,0.0000,0.03657,0.03662,0.30130,38.1,1.0000,-23.1546,0.4741,-7.7988,131.614,ppo_car_spread_a_sampling
39.6007,-0.36072,0.0726,0.0000,0.04708,0.04719,0.20512,38.1,1.0000,-23.1539,0.4741,-7.7994,131.609,ppo_car_spread_a_sampling
39.6207,-0.36072,0.0726,0.0000,0.05259,0.05271,0.19179,38.1,1.0000,-23.1530,0.4741,-7.8000,131.605,ppo_car_spread_a_sampling
39.6407,-0.32267,0.0000,0.1175,0.05842,0.05859,0.19097,38.1,1.0000,-23.1520,0.4741,-7.8007,131.600,ppo_car_spread_a_sampling
39.6607,-0.32267,0.0000,0.1175,0.06334,0.06350,0.28098,-24.7,1.0000,-23.1510,0.4741,-7.8015,131.597,ppo_car_spread_a_sampling
39.6807,-0.32267,0.0000,0.1175,0.04902,0.04916,0.13572,-24.7,1.0000,-23.1502,0.4741,-7.8021,131.593,ppo_car_spread_a_sampling
39.7007,-0.32267,0.0000,0.1175,0.04862,0.04875,0.08960,-24.7,1.0000,-23.1494,0.4741,-7.8027,131.589,ppo_car_spread_a_sampling
39.7207,-0.40592,0.0449,0.0000,0.04115,0.04128,0.29575,-24.7,1.0000,-23.1487,0.4741,-7.8032,131.588,ppo_car_spread_a_sampling
39.7407,-0.45931,0.0449,0.0000,0.04032,0.04048,0.37466,23.6,1.0000,-23.1481,0.4741,-7.8037,131.586,ppo_car_spread_a_sampling
39.7607,-0.55184,0.0449,0.0000,0.04645,0.04667,0.39666,23.6,1.0000,-23.1473,0.4741,-7.8043,131.579,ppo_car_spread_a_sampling
39.7807,-0.60522,0.0449,0.0000,0.05232,0.05259,0.22236,23.6,1.0000,-23.1464,0.4741,-7.8049,131.571,ppo_car_spread_a_sampling
39.8007,-0.50822,0.0000,0.0291,0.05476,0.05527,0.34306,23.6,1.0000,-23.1455,0.4741,-7.8055,131.565,ppo_car_spread_a_sampling
39.8207,-0.46535,0.0000,0.0291,0.05961,0.06004,0.14080,-6.1,1.0000,-23.1445,0.4741,-7.8062,131.559,ppo_car_spread_a_sampling
39.8407,-0.46535,0.0000,0.0291,0.05798,0.05834,0.27129,-6.1,1.0000,-23.1435,0.4741,-7.8069,131.558,ppo_car_spread_a_sampling
39.8607,-0.46535,0.0000,0.0291,0.05462,0.05494,0.26775,-6.1,1.0000,-23.1426,0.4741,-7.8076,131.557,ppo_car_spread_a_sampling
39.8807,-0.40385,0.0000,0.0316,0.05837,0.05870,0.22280,-6.1,1.0000,-23.1417,0.4741,-7.8083,131.551,ppo_car_spread_a_sampling
39.9007,-0.39649,0.0000,0.0316,0.05329,0.05355,0.24398,-6.6,1.0000,-23.1408,0.4741,-7.8089,131.549,ppo_car_spread_a_sampling
39.9207,-0.39649,0.0000,0.0316,0.05438,0.05460,0.21755,-6.6,1.0000,-23.1399,0.4741,-7.8096,131.548,ppo_car_spread_a_sampling
39.9407,-0.39649,0.0000,0.0316,0.05384,0.05405,0.27702,-6.6,1.0000,-23.1390,0.4741,-7.8102,131.541,ppo_car_spread_a_sampling
39.9607,-0.36228,0.3235,0.0000,0.05096,0.05115,0.16568,-6.6,1.0000,-23.1382,0.4741,-7.8108,131.538,ppo_car_spread_a_sampling
39.9807,-0.36228,0.3235,0.0000,0.07903,0.07925,0.43598,169.8,1.0000,-23.1369,0.4741,-7.8118,131.535,ppo_car_spread_a_sampling
40.0007,-0.36228,0.3235,0.0000,0.11209,0.11246,0.26268,169.8,1.0000,-23.1351,0.4741,-7.8132,131.529,ppo_car_spread_a_sampling
40.0207,-0.36228,0.3235,0.0000,0.13968,0.14012,0.26748,169.8,1.0000,-23.1328,0.4741,-7.8149,131.519,ppo_car_spread_a_sampling
40.0407,-0.43849,0.0000,0.1103,0.16771,0.16821,0.53135,169.8,1.0000,-23.1301,0.4741,-7.8170,131.508,ppo_car_spread_a_sampling
40.0607,-0.48186,0.0000,0.1103,0.18608,0.18687,0.00000,0.0,1.0000,-23.1270,0.4741,-7.8192,131.495,ppo_car_spread_a_sampling
40.0807,-0.48186,0.0000,0.1103,0.00365,0.01004,0.00000,0.0,1.0000,-23.1269,0.4741,-7.8190,131.496,ppo_car_spread_a_sampling
40.1007,-0.48186,0.0000,0.1103,-0.00570,0.00617,0.34016,-23.2,1.0000,-23.1271,0.4741,-7.8188,131.494,ppo_car_spread_a_sampling
40.1207,-0.44407,0.0208,0.0000,-0.00731,0.00731,0.33423,-23.2,1.0000,-23.1272,0.4741,-7.8187,131.497,ppo_car_spread_a_sampling
40.1407,-0.44407,0.0208,0.0000,-0.00189,0.00190,0.29287,10.9,1.0000,-23.1273,0.4741,-7.8186,131.497,ppo_car_spread_a_sampling
40.1607,-0.44407,0.0208,0.0000,-0.00252,0.00253,0.12122,10.9,1.0000,-23.1274,0.4741,-7.8185,131.497,ppo_car_spread_a_sampling
40.1807,-0.44407,0.0208,0.0000,0.00366,0.00370,0.08584,10.9,1.0000,-23.1274,0.4741,-7.8186,131.496,ppo_car_spread_a_sampling
40.2007,-0.50333,0.0977,0.0000,0.00443,0.00448,0.34591,10.9,1.0000,-23.1273,0.4741,-7.8186,131.498,ppo_car_spread_a_sampling
40.2207,-0.58075,0.0977,0.0000,0.01330,0.01347,0.22415,51.3,1.0000,-23.1271,0.4741,-7.8188,131.495,ppo_car_spread_a_sampling
40.2407,-0.65161,0.0977,0.0000,0.02484,0.02519,0.40001,51.3,1.0000,-23.1267,0.4741,-7.8190,131.493,ppo_car_spread_a_sampling
40.2607,-0.73237,0.0977,0.0000,0.03745,0.03791,0.29003,51.3,1.0000,-23.1260,0.4741,-7.8194,131.488,ppo_car_spread_a_sampling
40.2807,-0.65091,0.0199,0.0000,0.04147,0.04199,0.16708,51.3,1.0000,-23.1253,0.4741,-7.8199,131.482,ppo_car_spread_a_sampling
40.3007,-0.59866,0.0199,0.0000,0.04200,0.04240,0.32574,10.5,1.0000,-23.1246,0.4741,-7.8204,131.480,ppo_car_spread_a_sampling
40.3207,-0.52512,0.0199,0.0000,0.04573,0.04627,0.21496,10.5,1.0000,-23.1238,0.4741,-7.8209,131.475,ppo_car_spread_a_sampling
40.3407,-0.44570,0.0199,0.0000,0.04748,0.04782,0.32515,10.5,1.0000,-23.1230,0.4741,-7.8215,131.470,ppo_car_spread_a_sampling
40.3607,-0.45922,0.0000,0.4703,0.04759,0.04788,0.38190,10.5,1.0000,-23.1222,0.4741,-7.8220,131.466,ppo_car_spread_a_sampling
40.3807,-0.45922,0.0000,0.4703,0.03904,0.03926,0.32864,-98.8,1.0000,-23.1215,0.4741,-7.8225,131.463,ppo_car_spread_a_sampling
40.4007,-0.45922,0.0000,0.4703,0.01664,0.01672,0.35506,-98.8,1.0000,-23.1212,0.4741,-7.8227,131.461,ppo_car_spread_a_sampling
40.4207,-0.45922,0.0000,0.4703,-0.00182,0.00187,0.31635,-98.8,1.0000,-23.1213,0.4741,-7.8227,131.460,ppo_car_spread_a_sampling
40.4407,-0.39588,0.2204,0.0000,-0.02625,0.02634,0.29352,-98.8,1.0000,-23.1218,0.4741,-7.8223,131.463,ppo_car_spread_a_sampling
40.4607,-0.31712,0.2204,0.0000,-0.00430,0.00430,0.34342,115.7,1.0000,-23.1218,0.4741,-7.8223,131.466,ppo_car_spread_a_sampling
40.4807,-0.23762,0.2204,0.0000,0.01372,0.01378,0.40320,115.7,1.0000,-23.1216,0.4741,-7.8224,131.465,ppo_car_spread_a_sampling
40.5007,-0.17452,0.2204,0.0000,0.03444,0.03450,0.30384,115.7,1.0000,-23.1210,0.4741,-7.8229,131.462,ppo_car_spread_a_sampling
40.5207,-0.19966,0.0000,0.2047,0.06128,0.06133,0.13328,115.7,1.0000,-23.1200,0.4741,-7.8237,131.460,ppo_car_spread_a_sampling
40.5407,-0.19966,0.0000,0.2047,0.05781,0.05786,0.26549,-43.0,1.0000,-23.1191,0.4741,-7.8244,131.456,ppo_car_spread_a_sampling
40.5607,-0.19966,0.0000,0.2047,0.04668,0.04672,0.28454,-43.0,1.0000,-23.1184,0.4741,-7.8251,131.453,ppo_car_spread_a_sampling
40.5807,-0.19966,0.0000,0.2047,0.04292,0.04297,0.30265,-43.0,1.0000,-23.1177,0.4741,-7.8256,131.451,ppo_car_spread_a_sampling
40.6007,-0.11550,0.0000,0.3649,0.02553,0.02555,0.29043,-43.0,1.0000,-23.1173,0.4741,-7.8259,131.450,ppo_car_spread_a_sampling
40.6207,-0.04695,0.0000,0.3649,0.01457,0.01458,0.19327,-76.6,1.0000,-23.1171,0.4741,-7.8261,131.451,ppo_car_spread_a_sampling
40.6407,-0.04695,0.0000,0.3649,0.01083,0.01083,0.35518,-76.6,1.0000,-23.1169,0.4741,-7.8262,131.451,ppo_car_spread_a_sampling
40.6607,-0.04695,0.0000,0.3649,-0.01347,0.01347,0.39232,-76.6,1.0000,-23.1172,0.4741,-7.8260,131.456,ppo_car_spread_a_sampling
40.6807,0.03898,0.0000,0.1295,-0.03470,0.03470,0.29741,-76.6,1.0000,-23.1177,0.4741,-7.8255,131.458,ppo_car_spread_a_sampling
40.7007,0.11648,0.0000,0.1295,-0.03217,0.03217,0.19450,-27.2,1.0000,-23.1182,0.4741,-7.8251,131.457,ppo_car_spread_a_sampling
40.7207,0.17724,0.0000,0.1295,-0.03729,0.03730,0.27585,-27.2,1.0000,-23.1188,0.4741,-7.8246,131.455,ppo_car_spread_a_sampling
40.7407,0.25984,0.0000,0.1295,-0.04496,0.04498,0.20438,-27.2,1.0000,-23.1195,0.4741,-7.8239,131.454,ppo_car_spread_a_sampling
40.7607,0.20037,0.0000,0.1067,-0.05226,0.05233,0.28015,-27.2,1.0000,-23.1202,0.4741,-7.8232,131.449,ppo_car_spread_a_sampling
40.7807,0.12668,0.0000,0.1067,-0.05271,0.05277,0.27528,-22.4,1.0000,-23.1210,0.4741,-7.8224,131.448,ppo_car_spread_a_sampling
40.8007,0.12668,0.0000,0.1067,-0.05822,0.05825,0.20906,-22.4,1.0000,-23.1219,0.4741,-7.8216,131.445,ppo_car_spread_a_sampling
40.8207,0.12668,0.0000,0.1067,-0.06391,0.06393,0.24233,-22.4,1.0000,-23.1228,0.4741,-7.8207,131.445,ppo_car_spread_a_sampling
40.8407,0.04603,0.0000,0.4893,-0.06136,0.06139,0.19283,-22.4,1.0000,-23.1237,0.4741,-7.8199,131.444,ppo_car_spread_a_sampling
40.8607,0.01404,0.0000,0.4893,-0.07452,0.07453,0.45449,-102.7,1.0000,-23.1248,0.4741,-7.8189,131.445,ppo_car_spread_a_sampling
40.8807,0.01404,0.0000,0.4893,-0.10065,0.10065,0.20759,-102.7,1.0000,-23.1263,0.4741,-7.8175,131.444,ppo_car_spread_a_sampling
40.9008,0.01404,0.0000,0.4893,-0.12033,0.12034,0.30429,-102.7,1.0000,-23.1282,0.4741,-7.8159,131.440,ppo_car_spread_a_sampling
40.9208,-0.04535,0.0000,0.3085,-0.14100,0.14100,0.32593,-102.7,1.0000,-23.1303,0.4741,-7.8140,131.438,ppo_car_spread_a_sampling
40.9408,-0.11853,0.0000,0.3085,-0.14977,0.14978,0.23733,-64.8,1.0000,-23.1326,0.4741,-7.8120,131.438,ppo_car_spread_a_sampling
40.9608,-0.13552,0.0000,0.3085,-0.16340,0.16342,0.19104,-64.8,1.0000,-23.1351,0.4741,-7.8099,131.441,ppo_car_spread_a_sampling
40.9808,-0.13552,0.0000,0.3085,-0.17999,0.18005,0.18819,-64.8,1.0000,-23.1379,0.4741,-7.8075,131.447,ppo_car_spread_a_sampling
41.0008,-0.06243,0.5129,0.0000,-0.19170,0.19177,0.16461,-64.8,1.0000,-23.1408,0.4741,-7.8051,131.452,ppo_car_spread_a_sampling
41.0208,-0.03792,0.5129,0.0000,-0.13989,0.13992,0.22401,269.3,1.0000,-23.1429,0.4741,-7.8033,131.453,ppo_car_spread_a_sampling
41.0408,-0.03792,0.5129,0.0000,-0.08187,0.08189,0.37776,269.3,1.0000,-23.1441,0.4741,-7.8023,131.457,ppo_car_spread_a_sampling
41.0608,-0.03792,0.5129,0.0000,-0.04156,0.04156,0.34859,269.3,1.0000,-23.1447,0.4741,-7.8018,131.456,ppo_car_spread_a_sampling
41.0808,0.03108,0.0000,0.2546,0.00436,0.00436,0.44014,269.3,1.0000,-23.1445,0.4741,-7.8020,131.457,ppo_car_spread_a_sampling
41.1008,0.11635,0.0000,0.2546,0.00009,0.00012,0.34870,-53.5,1.0000,-23.1444,0.4741,-7.8021,131.456,ppo_car_spread_a_sampling
41.1208,0.18117,0.0000,0.2546,-0.01052,0.01053,0.25527,-53.5,1.0000,-23.1445,0.4741,-7.8020,131.454,ppo_car_spread_a_sampling
41.1408,0.26141,0.0000,0.2546,-0.01463,0.01464,0.28795,-53.5,1.0000,-23.1446,0.4741,-7.8018,131.453,ppo_car_spread_a_sampling
41.1608,0.17889,1.0000,0.0000,-0.02862,0.02865,0.30780,-53.5,1.0000,-23.1450,0.4741,-7.8014,131.448,ppo_car_spread_a_sampling
41.1808,0.10579,1.0000,0.0000,0.06828,0.06833,0.25791,525.0,1.0000,-23.1439,0.4741,-7.8025,131.451,ppo_car_spread_a_sampling
41.2008,0.03530,1.0000,0.0000,0.16704,0.16709,0.32030,525.0,1.0000,-23.1414,0.4741,-7.8049,131.456,ppo_car_spread_a_sampling
41.2208,-0.02560,1.0000,0.0000,0.26000,0.26002,0.56562,525.0,1.0000,-23.1373,0.4741,-7.8085,131.460,ppo_car_spread_a_sampling
41.2408,0.06753,0.0000,0.3324,0.36067,0.36067,0.45910,525.0,1.0000,-23.1317,0.4741,-7.8134,131.461,ppo_car_spread_a_sampling
41.2608,0.12120,0.0000,0.3324,0.27566,0.27566,0.45847,0.0,1.0000,-23.1276,0.4741,-7.8172,131.483,ppo_car_spread_a_sampling
41.2808,0.19341,0.0000,0.3324,0.19269,0.19271,0.00000,0.0,1.0000,-23.1247,0.4741,-7.8198,131.491,ppo_car_spread_a_sampling
41.3008,0.27643,0.0000,0.3324,0.00664,0.00745,0.00000,0.0,1.0000,-23.1248,0.4741,-7.8197,131.492,ppo_car_spread_a_sampling
41.3208,0.19924,0.0000,0.5683,-0.00249,0.00262,0.17966,-69.8,1.0000,-23.1250,0.4741,-7.8196,131.492,ppo_car_spread_a_sampling
41.3408,0.13764,0.0000,0.5683,-0.02506,0.02507,0.41221,-119.3,1.0000,-23.1255,0.4741,-7.8191,131.492,ppo_car_spread_a_sampling
41.3608,0.05505,0.0000,0.5683,-0.04607,0.04609,0.43855,-119.3,1.0000,-23.1264,0.4741,-7.8183,131.493,ppo_car_spread_a_sampling
41.3808,-0.02556,0.0000,0.5683,-0.07581,0.07582,0.16262,-119.3,1.0000,-23.1276,0.4741,-7.8172,131.493,ppo_car_spread_a_sampling
41.4008,-0.08938,0.0000,0.1468,-0.09836,0.09836,0.10297,-119.3,1.0000,-23.1292,0.4741,-7.8158,131.492,ppo_car_spread_a_sampling
41.4208,-0.16245,0.0000,0.1468,-0.10250,0.10251,0.11235,-30.8,1.0000,-23.1309,0.4741,-7.8143,131.494,ppo_car_spread_a_sampling
41.4408,-0.23236,0.0000,0.1468,-0.10812,0.10816,0.11787,-30.8,1.0000,-23.1327,0.4741,-7.8128,131.494,ppo_car_spread_a_sampling
41.4608,-0.31551,0.0000,0.1468,-0.11224,0.11234,0.15300,-30.8,1.0000,-23.1345,0.4741,-7.8114,131.500,ppo_car_spread_a_sampling
41.4808,-0.25222,0.1891,0.0000,-0.11802,0.11822,0.45044,-30.8,1.0000,-23.1364,0.4741,-7.8098,131.502,ppo_car_spread_a_sampling
41.5008,-0.16694,0.1891,0.0000,-0.09805,0.09821,0.28733,99.3,1.0000,-23.1380,0.4741,-7.8086,131.506,ppo_car_spread_a_sampling
41.5208,-0.09224,0.1891,0.0000,-0.08016,0.08023,0.34041,99.3,1.0000,-23.1393,0.4741,-7.8076,131.507,ppo_car_spread_a_sampling
41.5408,-0.01612,0.1891,0.0000,-0.06606,0.06609,0.25873,99.3,1.0000,-23.1403,0.4741,-7.8068,131.509,ppo_car_spread_a_sampling
41.5608,0.06818,0.2384,0.0000,-0.04450,0.04451,0.18008,99.3,1.0000,-23.1409,0.4741,-7.8062,131.511,ppo_car_spread_a_sampling
41.5808,0.08153,0.2384,0.0000,-0.02194,0.02194,0.25110,125.2,1.0000,-23.1412,0.4741,-7.8060,131.511,ppo_car_spread_a_sampling
41.6008,0.08153,0.2384,0.0000,0.00588,0.00588,0.26442,125.2,1.0000,-23.1410,0.4741,-7.8061,131.514,ppo_car_spread_a_sampling
41.6208,0.08153,0.2384,0.0000,0.02420,0.02421,0.29539,125.2,1.0000,-23.1405,0.4741,-7.8065,131.515,ppo_car_spread_a_sampling
41.6408,0.06668,0.0000,0.3232,0.05153,0.05154,0.22111,125.2,1.0000,-23.1397,0.4741,-7.8073,131.514,ppo_car_spread_a_sampling
41.6608,0.06668,0.0000,0.3232,0.03587,0.03587,0.34723,-67.9,1.0000,-23.1391,0.4741,-7.8079,131.518,ppo_car_spread_a_sampling
41.6808,0.06668,0.0000,0.3232,0.02466,0.02467,0.11212,-67.9,1.0000,-23.1387,0.4741,-7.8082,131.519,ppo_car_spread_a_sampling
41.7008,0.06668,0.0000,0.3232,0.01682,0.01682,0.28053,-67.9,1.0000,-23.1384,0.4741,-7.8085,131.519,ppo_car_spread_a_sampling
41.7208,-0.01238,0.0000,0.1461,-0.00200,0.00200,0.24791,-67.9,1.0000,-23.1384,0.4741,-7.8085,131.520,ppo_car_spread_a_sampling
41.7408,-0.08128,0.0000,0.1461,-0.01159,0.01159,0.33956,-30.7,1.0000,-23.1386,0.4741,-7.8083,131.517,ppo_car_spread_a_sampling
41.7608,-0.13728,0.0000,0.1461,-0.01284,0.01284,0.11492,-30.7,1.0000,-23.1388,0.4741,-7.8082,131.518,ppo_car_spread_a_sampling
41.7808,-0.21559,0.0000,0.1461,-0.02051,0.02052,0.24883,-30.7,1.0000,-23.1391,0.4741,-7.8079,131.518,ppo_car_spread_a_sampling
41.8008,-0.25235,0.0000,0.2726,-0.02625,0.02629,0.21040,-30.7,1.0000,-23.1395,0.4741,-7.8076,131.520,ppo_car_spread_a_sampling
41.8208,-0.25235,0.0000,0.2726,-0.03519,0.03522,0.40568,-57.2,1.0000,-23.1401,0.4741,-7.8071,131.518,ppo_car_spread_a_sampling
41.8408,-0.25235,0.0000,0.2726,-0.04210,0.04218,0.27387,-57.2,1.0000,-23.1408,0.4741,-7.8066,131.521,ppo_car_spread_a_sampling
41.8608,-0.25235,0.0000,0.2726,-0.05191,0.05200,0.34200,-57.2,1.0000,-23.1416,0.4741,-7.8059,131.522,ppo_car_spread_a_sampling
41.8808,-0.18943,0.0000,0.2645,-0.06393,0.06403,0.23184,-57.2,1.0000,-23.1426,0.4741,-7.8051,131.526,ppo_car_spread_a_sampling
41.9008,-0.10496,0.0000,0.2645,-0.07249,0.07259,0.44247,-55.5,1.0000,-23.1438,0.4741,-7.8042,131.528,ppo_car_spread_a_sampling
41.9208,-0.04065,0.0000,0.2645,-0.07992,0.07996,0.43503,-55.5,1.0000,-23.1451,0.4741,-7.8031,131.528,ppo_car_spread_a_sampling
41.9408,0.03250,0.0000,0.2645,-0.09848,0.09849,0.17599,-55.5,1.0000,-23.1466,0.4741,-7.8018,131.530,ppo_car_spread_a_sampling
41.9608,-0.04360,0.0000,0.0585,-0.10519,0.10519,0.42051,-55.5,1.0000,-23.1482,0.4741,-7.8004,131.528,ppo_car_spread_a_sampling
41.9808,-0.12349,0.0000,0.0585,-0.11015,0.11015,0.22317,-12.3,1.0000,-23.1499,0.4741,-7.7989,131.525,ppo_car_spread_a_sampling
42.0008,-0.17591,0.0000,0.0585,-0.11263,0.11265,0.10665,-12.3,1.0000,-23.1516,0.4741,-7.7974,131.526,ppo_car_spread_a_sampling
42.0208,-0.21914,0.0000,0.0585,-0.11634,0.11639,0.38266,-12.3,1.0000,-23.1534,0.4741,-7.7959,131.526,ppo_car_spread_a_sampling
42.0408,-0.26112,0.0000,0.4566,-0.11729,0.11738,0.39236,-12.3,1.0000,-23.1553,0.4741,-7.7944,131.527,ppo_car_spread_a_sampling
42.0608,-0.26112,0.0000,0.4566,-0.13077,0.13094,0.29285,-95.9,1.0000,-23.1573,0.4741,-7.7928,131.532,ppo_car_spread_a_sampling
42.0808,-0.26112,0.0000,0.4566,-0.15307,0.15330,0.22576,-95.9,1.0000,-23.1597,0.4741,-7.7909,131.540,ppo_car_spread_a_sampling
42.1008,-0.26112,0.0000,0.4566,-0.16797,0.16824,0.18333,-95.9,1.0000,-23.1624,0.4741,-7.7888,131.549,ppo_car_spread_a_sampling
42.1208,-0.20487,0.1358,0.0000,-0.18575,0.18605,0.23615,-95.9,1.0000,-23.1654,0.4741,-7.7865,131.558,ppo_car_spread_a_sampling
42.1408,-0.11842,0.1358,0.0000,-0.16746,0.16767,0.44979,71.3,1.0000,-23.1680,0.4741,-7.7844,131.566,ppo_car_spread_a_sampling
42.1608,-0.04263,0.1358,0.0000,-0.16028,0.16038,0.32113,71.3,1.0000,-23.1704,0.4741,-7.7823,131.570,ppo_car_spread_a_sampling
42.1808,-0.03428,0.1358,0.0000,-0.14360,0.14364,0.45869,71.3,1.0000,-23.1726,0.4741,-7.7805,131.568,ppo_car_spread_a_sampling
42.2008,-0.12382,0.0000,0.0862,-0.13176,0.13177,0.36553,71.3,1.0000,-23.1745,0.4741,-7.7788,131.569,ppo_car_spread_a_sampling
42.2208,-0.20117,0.0000,0.0862,-0.14015,0.14019,0.15257,-18.1,1.0000,-23.1766,0.4741,-7.7770,131.571,ppo_car_spread_a_sampling
42.2408,-0.20435,0.0000,0.0862,-0.13487,0.13496,0.43676,-18.1,1.0000,-23.1787,0.4741,-7.7753,131.578,ppo_car_spread_a_sampling
42.2608,-0.20435,0.0000,0.0862,-0.14695,0.14708,0.23071,-18.1,1.0000,-23.1810,0.4741,-7.7735,131.585,ppo_car_spread_a_sampling
42.2808,-0.11911,0.0496,0.0000,-0.14298,0.14311,0.41475,-18.1,1.0000,-23.1831,0.4741,-7.7717,131.590,ppo_car_spread_a_sampling
42.3008,-0.06264,0.0496,0.0000,-0.14041,0.14048,0.29349,26.0,1.0000,-23.1853,0.4741,-7.7699,131.595,ppo_car_spread_a_sampling
42.3208,-0.06264,0.0496,0.0000,-0.13586,0.13589,0.41791,26.0,1.0000,-23.1873,0.4741,-7.7682,131.597,ppo_car_spread_a_sampling
42.3408,-0.06264,0.0496,0.0000,-0.12931,0.12933,0.44950,26.0,1.0000,-23.1893,0.4741,-7.7665,131.598,ppo_car_spread_a_sampling
42.3608,0.01864,0.0000,0.3674,-0.12524,0.12526,0.42536,26.0,1.0000,-23.1911,0.4741,-7.7649,131.600,ppo_car_spread_a_sampling
42.3808,0.07737,0.0000,0.3674,-0.14467,0.14467,0.10519,-77.2,1.0000,-23.1933,0.4741,-7.7630,131.599,ppo_car_spread_a_sampling
42.4008,0.15522,0.0000,0.3674,-0.15299,0.15300,0.45340,-77.2,1.0000,-23.1955,0.4741,-7.7609,131.594,ppo_car_spread_a_sampling
42.4208,0.21217,0.0000,0.3674,-0.16352,0.16357,0.47913,-77.2,1.0000,-23.1979,0.4741,-7.7587,131.590,ppo_car_spread_a_sampling
42.4408,0.29700,0.0923,0.0000,-0.18440,0.18454,0.28693,-77.2,1.0000,-23.2006,0.4741,-7.7561,131.581,ppo_car_spread_a_sampling
42.4608,0.34106,0.0923,0.0000,-0.17513,0.17537,0.47015,48.5,1.0000,-23.2031,0.4741,-7.7536,131.573,ppo_car_spread_a_sampling
42.4808,0.34106,0.0923,0.0000,-0.16105,0.16137,0.45717,48.5,1.0000,-23.2054,0.4741,-7.7513,131.564,ppo_car_spread_a_sampling
42.5008,0.34106,0.0923,0.0000,-0.15861,0.15900,0.12106,48.5,1.0000,-23.2076,0.4741,-7.7490,131.554,ppo_car_spread_a_sampling
42.5208,0.40211,0.0744,0.0000,-0.14876,0.14916,0.09547,48.5,1.0000,-23.2097,0.4741,-7.7469,131.544,ppo_car_spread_a_sampling
42.5408,0.48262,0.0744,0.0000,-0.14073,0.14120,0.27287,39.1,1.0000,-23.2116,0.4741,-7.7449,131.536,ppo_car_spread_a_sampling
42.5608,0.56289,0.0744,0.0000,-0.13496,0.13558,0.23939,39.1,1.0000,-23.2134,0.4741,-7.7429,131.527,ppo_car_spread_a_sampling
42.5808,0.64322,0.0744,0.0000,-0.11956,0.12033,0.42665,39.1,1.0000,-23.2150,0.4741,-7.7411,131.518,ppo_car_spread_a_sampling
42.6008,0.56885,0.2708,0.0000,-0.11686,0.11787,0.33935,39.1,1.0000,-23.2165,0.4741,-7.7394,131.507,ppo_car_spread_a_sampling
42.6208,0.50778,0.2708,0.0000,-0.08774,0.08852,0.29183,142.2,1.0000,-23.2177,0.4741,-7.7381,131.495,ppo_car_spread_a_sampling
42.6408,0.43251,0.2708,0.0000,-0.06595,0.06644,0.27401,142.2,1.0000,-23.2185,0.4741,-7.7371,131.484,ppo_car_spread_a_sampling
42.6608,0.36194,0.2708,0.0000,-0.04008,0.04035,0.18142,142.2,1.0000,-23.2190,0.4741,-7.7366,131.480,ppo_car_spread_a_sampling
42.6808,0.28013,0.0000,0.3915,-0.01184,0.01196,0.27268,142.2,1.0000,-23.2191,0.4741,-7.7364,131.479,ppo_car_spread_a_sampling
42.7008,0.20299,0.0000,0.3915,-0.03231,0.03240,0.26320,-82.2,1.0000,-23.2196,0.4741,-7.7360,131.475,ppo_car_spread_a_sampling
42.7208,0.12393,0.0000,0.3915,-0.04759,0.04767,0.33130,-82.2,1.0000,-23.2202,0.4741,-7.7354,131.475,ppo_car_spread_a_sampling
42.7408,0.05226,0.0000,0.3915,-0.05887,0.05891,0.24417,-82.2,1.0000,-23.2211,0.4741,-7.7346,131.473,ppo_car_spread_a_sampling
42.7608,-0.00787,0.7113,0.0000,-0.07596,0.07598,0.21320,-82.2,1.0000,-23.2223,0.4741,-7.7335,131.471,ppo_car_spread_a_sampling
42.7808,-0.08013,0.7113,0.0000,-0.00497,0.00501,0.26039,373.4,1.0000,-23.2223,0.4741,-7.7335,131.472,ppo_car_spread_a_sampling
42.8008,-0.16478,0.7113,0.0000,0.06352,0.06354,0.34511,373.4,1.0000,-23.2213,0.4741,-7.7343,131.469,ppo_car_spread_a_sampling
42.8208,-0.24534,0.7113,0.0000,0.13491,0.13500,0.27675,373.4,1.0000,-23.2191,0.4741,-7.7361,131.464,ppo_car_spread_a_sampling
42.8408,-0.18617,0.0000,0.2838,0.19913,0.19936,0.54555,373.4,1.0000,-23.2159,0.4741,-7.7387,131.456,ppo_car_spread_a_sampling
42.8608,-0.10757,0.0000,0.2838,0.19511,0.19529,0.00000,0.0,1.0000,-23.2128,0.4741,-7.7412,131.452,ppo_car_spread_a_sampling
42.8808,-0.03630,0.0000,0.2838,0.00500,0.00699,0.00000,0.0,1.0000,-23.2128,0.4741,-7.7411,131.453,ppo_car_spread_a_sampling
42.9008,-0.03630,0.0000,0.2838,-0.00667,0.00687,0.33271,-59.6,1.0000,-23.2129,0.4741,-7.7410,131.454,ppo_car_spread_a_sampling
42.9208,0.02342,0.3152,0.0000,-0.01680,0.01681,0.21655,-59.6,1.0000,-23.2133,0.4741,-7.7407,131.455,ppo_car_spread_a_sampling
42.9408,0.09834,0.3152,0.0000,0.00928,0.00928,0.41328,165.5,1.0000,-23.2132,0.4741,-7.7407,131.457,ppo_car_spread_a_sampling
42.9608,0.18521,0.3152,0.0000,0.03919,0.03920,0.35151,165.5,1.0000,-23.2127,0.4741,-7.7412,131.459,ppo_car_spread_a_sampling
42.9808,0.20217,0.3152,0.0000,0.07626,0.07631,0.30187,165.5,1.0000,-23.2116,0.4741,-7.7423,131.457,ppo_car_spread_a_sampling
43.0008,0.13574,0.2654,0.0000,0.10522,0.10531,0.21000,165.5,1.0000,-23.2101,0.4741,-7.7437,131.460,ppo_car_spread_a_sampling
43.0208,0.12334,0.2654,0.0000,0.12491,0.12497,0.41982,139.3,1.0000,-23.2082,0.4741,-7.7455,131.465,ppo_car_spread_a_sampling
43.0408,0.12334,0.2654,0.0000,0.16180,0.16187,0.16079,139.3,1.0000,-23.2058,0.4741,-7.7477,131.470,ppo_car_spread_a_sampling
43.0608,0.12334,0.2654,0.0000,0.18070,0.18077,0.34313,139.3,1.0000,-23.2032,0.4741,-7.7502,131.475,ppo_car_spread_a_sampling
43.0808,0.05882,0.0000,0.2365,0.20402,0.20410,0.44936,139.3,1.0000,-23.2002,0.4741,-7.7530,131.482,ppo_car_spread_a_sampling
43.1008,-0.01327,0.0000,0.2365,0.19638,0.19642,0.00000,0.0,1.0000,-23.1972,0.4741,-7.7557,131.483,ppo_car_spread_a_sampling
43.1208,-0.09995,0.0000,0.2365,0.00619,0.00633,0.00000,0.0,1.0000,-23.1973,0.4741,-7.7557,131.484,ppo_car_spread_a_sampling
43.1408,-0.17170,0.0000,0.2365,-0.00439,0.00443,0.27246,-49.7,1.0000,-23.1975,0.4741,-7.7555,131.483,ppo_car_spread_a_sampling
43.1608,-0.17638,0.0000,0.1793,-0.00648,0.00651,0.38574,-49.7,1.0000,-23.1977,0.4741,-7.7553,131.480,ppo_car_spread_a_sampling
43.1808,-0.17638,0.0000,0.1793,-0.02046,0.02048,0.17878,-37.7,1.0000,-23.1981,0.4741,-7.7550,131.480,ppo_car_spread_a_sampling
43.2008,-0.17638,0.0000,0.1793,-0.02815,0.02817,0.29656,-37.7,1.0000,-23.1986,0.4741,-7.7546,131.482,ppo_car_spread_a_sampling
43.2208,-0.17638,0.0000,0.1793,-0.03490,0.03493,0.30801,-37.7,1.0000,-23.1992,0.4741,-7.7541,131.486,ppo_car_spread_a_sampling
43.2408,-0.25516,0.1267,0.0000,-0.04003,0.04007,0.23300,-37.7,1.0000,-23.1999,0.4741,-7.7535,131.489,ppo_car_spread_a_sampling
43.2608,-0.26743,0.1267,0.0000,-0.03050,0.03056,0.30445,66.5,1.0000,-23.2004,0.4741,-7.7531,131.490,ppo_car_spread_a_sampling
43.2808,-0.26743,0.1267,0.0000,-0.01807,0.01809,0.28331,66.5,1.0000,-23.2006,0.4741,-7.7529,131.490,ppo_car_spread_a_sampling
43.3008,-0.26743,0.1267,0.0000,-0.00590,0.00591,0.23217,66.5,1.0000,-23.2007,0.4741,-7.7528,131.493,ppo_car_spread_a_sampling
43.3208,-0.18544,0.3206,0.0000,0.01084,0.01088,0.28586,66.5,1.0000,-23.2005,0.4741,-7.7529,131.490,ppo_car_spread_a_sampling
43.3408,-0.10722,0.3206,0.0000,0.03885,0.03888,0.24134,168.3,1.0000,-23.1999,0.4741,-7.7535,131.486,ppo_car_spread_a_sampling
43.3608,-0.08913,0.3206,0.0000,0.06516,0.06518,0.44317,168.3,1.0000,-23.1988,0.4741,-7.7544,131.483,ppo_car_spread_a_sampling
43.3808,-0.08913,0.3206,0.0000,0.10513,0.10515,0.26365,168.3,1.0000,-23.1971,0.4741,-7.7558,131.484,ppo_car_spread_a_sampling
43.4008,-0.10560,0.0000,0.0986,0.13303,0.13306,0.33045,168.3,1.0000,-23.1950,0.4741,-7.7576,131.482,ppo_car_spread_a_sampling
43.4208,-0.10560,0.0000,0.0986,0.14484,0.14488,0.00000,0.0,1.0000,-23.1927,0.4741,-7.7595,131.479,ppo_car_spread_a_sampling
43.4408,-0.10560,0.0000,0.0986,0.00288,0.00368,0.00000,0.0,1.0000,-23.1926,0.4741,-7.7595,131.480,ppo_car_spread_a_sampling
43.4608,-0.10560,0.0000,0.0986,0.00089,0.00118,0.33331,-20.7,1.0000,-23.1926,0.4741,-7.7595,131.478,ppo_car_spread_a_sampling
43.4808,-0.04685,0.0506,0.0000,-0.00312,0.00312,0.16710,-20.7,1.0000,-23.1927,0.4741,-7.7594,131.477,ppo_car_spread_a_sampling
43.5008,0.04956,0.0506,0.0000,-0.00415,0.00415,0.33104,26.6,1.0000,-23.1928,0.4741,-7.7594,131.478,ppo_car_spread_a_sampling
43.5208,0.11517,0.0506,0.0000,0.00887,0.00887,0.24187,26.6,1.0000,-23.1926,0.4741,-7.7595,131.480,ppo_car_spread_a_sampling
43.5408,0.19408,0.0506,0.0000,0.00410,0.00410,0.24178,26.6,1.0000,-23.1926,0.4741,-7.7595,131.480,ppo_car_spread_a_sampling
43.5608,0.11441,0.1189,0.0000,0.01795,0.01795,0.31640,26.6,1.0000,-23.1923,0.4741,-7.7598,131.477,ppo_car_spread_a_sampling
43.5808,0.06447,0.1189,0.0000,0.01928,0.01929,0.32219,62.4,1.0000,-23.1920,0.4741,-7.7600,131.477,ppo_car_spread_a_sampling
43.6008,-0.01312,0.1189,0.0000,0.03363,0.03363,0.38326,62.4,1.0000,-23.1915,0.4741,-7.7605,131.475,ppo_car_spread_a_sampling
43.6208,-0.09129,0.1189,0.0000,0.05061,0.05061,0.22344,62.4,1.0000,-23.1908,0.4741,-7.7612,131.475,ppo_car_spread_a_sampling
43.6408,-0.10202,0.0000,0.4758,0.05830,0.05830,0.42885,62.4,1.0000,-23.1899,0.4741,-7.7620,131.471,ppo_car_spread_a_sampling
43.6608,-0.10202,0.0000,0.4758,0.04783,0.04784,0.31145,-99.9,1.0000,-23.1891,0.4741,-7.7626,131.473,ppo_car_spread_a_sampling
43.6808,-0.10202,0.0000,0.4758,0.02770,0.02771,0.32729,-99.9,1.0000,-23.1887,0.4741,-7.7630,131.473,ppo_car_spread_a_sampling
43.7008,-0.10202,0.0000,0.4758,0.01108,0.01109,0.35964,-99.9,1.0000,-23.1885,0.4741,-7.7631,131.469,ppo_car_spread_a_sampling
43.7208,-0.10905,0.0000,0.1891,-0.00888,0.00889,0.31570,-99.9,1.0000,-23.1887,0.4741,-7.7630,131.467,ppo_car_spread_a_sampling
43.7408,-0.10905,0.0000,0.1891,-0.01946,0.01947,0.23253,-39.7,1.0000,-23.1890,0.4741,-7.7627,131.470,ppo_car_spread_a_sampling
43.7608,-0.10905,0.0000,0.1891,-0.02316,0.02317,0.34374,-39.7,1.0000,-23.1894,0.4741,-7.7624,131.470,ppo_car_spread_a_sampling
43.7808,-0.10905,0.0000,0.1891,-0.03323,0.03324,0.30224,-39.7,1.0000,-23.1900,0.4741,-7.7619,131.467,ppo_car_spread_a_sampling
43.8008,-0.10152,0.0000,0.1200,-0.04404,0.04405,0.19097,-39.7,1.0000,-23.1907,0.4741,-7.7613,131.468,ppo_car_spread_a_sampling
43.8208,-0.10152,0.0000,0.1200,-0.05037,0.05039,0.27359,-25.2,1.0000,-23.1915,0.4741,-7.7607,131.469,ppo_car_spread_a_sampling
43.8408,-0.10152,0.0000,0.1200,-0.04962,0.04963,0.41276,-25.2,1.0000,-23.1922,0.4741,-7.7600,131.471,ppo_car_spread_a_sampling
43.8608,-0.10152,0.0000,0.1200,-0.05506,0.05507,0.19179,-25.2,1.0000,-23.1931,0.4741,-7.7593,131.471,ppo_car_spread_a_sampling
43.8808,-0.18543,0.0000,0.0003,-0.06546,0.06547,0.25213,-25.2,1.0000,-23.1941,0.4741,-7.7584,131.471,ppo_car_spread_a_sampling
43.9008,-0.24360,0.0000,0.0003,-0.06818,0.06823,0.25958,-0.1,1.0000,-23.1952,0.4741,-7.7575,131.475,ppo_car_spread_a_sampling
43.9208,-0.33067,0.0000,0.0003,-0.06495,0.06501,0.24151,-0.1,1.0000,-23.1962,0.4741,-7.7567,131.478,ppo_car_spread_a_sampling
43.9408,-0.40078,0.0000,0.0003,-0.06330,0.06340,0.26035,-0.1,1.0000,-23.1972,0.4741,-7.7560,131.479,ppo_car_spread_a_sampling
43.9608,-0.32251,0.0000,0.1850,-0.05941,0.05957,0.31244,-0.1,1.0000,-23.1981,0.4741,-7.7552,131.479,ppo_car_spread_a_sampling
43.9808,-0.25080,0.0000,0.1850,-0.06485,0.06503,0.34460,-38.8,1.0000,-23.1991,0.4741,-7.7545,131.485,ppo_car_spread_a_sampling
44.0008,-0.17189,0.0000,0.1850,-0.07414,0.07427,0.22212,-38.8,1.0000,-23.2003,0.4741,-7.7536,131.488,ppo_car_spread_a_sampling
44.0208,-0.09969,0.0000,0.1850,-0.08605,0.08614,0.20232,-38.8,1.0000,-23.2016,0.4741,-7.7525,131.492,ppo_car_spread_a_sampling
44.0408,-0.04157,0.0000,0.2370,-0.09119,0.09123,0.21247,-38.8,1.0000,-23.2030,0.4741,-7.7513,131.493,ppo_car_spread_a_sampling
44.0608,0.03016,0.0000,0.2370,-0.09718,0.09719,0.37656,-49.8,1.0000,-23.2045,0.4741,-7.7500,131.495,ppo_car_spread_a_sampling
44.0808,0.08000,0.0000,0.2370,-0.10542,0.10542,0.40499,-49.8,1.0000,-23.2061,0.4741,-7.7486,131.493,ppo_car_spread_a_sampling
44.1008,0.08000,0.0000,0.2370,-0.10919,0.10919,0.45073,-49.8,1.0000,-23.2077,0.4741,-7.7472,131.494,ppo_car_spread_a_sampling
44.1208,0.11999,0.0000,0.0593,-0.12338,0.12339,0.41196,-49.8,1.0000,-23.2095,0.4741,-7.7455,131.488,ppo_car_spread_a_sampling
44.1408,0.11999,0.0000,0.0593,-0.12387,0.12390,0.46300,-12.5,1.0000,-23.2113,0.4741,-7.7438,131.485,ppo_car_spread_a_sampling
44.1608,0.11999,0.0000,0.0593,-0.12740,0.12743,0.46894,-12.5,1.0000,-23.2132,0.4741,-7.7421,131.487,ppo_car_spread_a_sampling
44.1808,0.11999,0.0000,0.0593,-0.13215,0.13219,0.42533,-12.5,1.0000,-23.2151,0.4741,-7.7403,131.486,ppo_car_spread_a_sampling
44.2008,0.05026,0.0000,0.2547,-0.13428,0.13432,0.45186,-12.5,1.0000,-23.2171,0.4741,-7.7384,131.483,ppo_car_spread_a_sampling
44.2208,-0.00885,0.0000,0.2547,-0.14650,0.14652,0.17089,-53.5,1.0000,-23.2193,0.4741,-7.7365,131.482,ppo_car_spread_a_sampling
44.2408,-0.08810,0.0000,0.2547,-0.14791,0.14792,0.44934,-53.5,1.0000,-23.2215,0.4741,-7.7345,131.482,ppo_car_spread_a_sampling
44.2608,-0.16281,0.0000,0.2547,-0.16557,0.16558,0.27170,-53.5,1.0000,-23.2240,0.4741,-7.7323,131.484,ppo_car_spread_a_sampling
44.2808,-0.21365,0.2697,0.0000,-0.17272,0.17278,0.29664,-53.5,1.0000,-23.2266,0.4741,-7.7301,131.488,ppo_car_spread_a_sampling
44.3008,-0.21365,0.2697,0.0000,-0.14887,0.14898,0.33614,141.6,1.0000,-23.2289,0.4741,-7.7282,131.495,ppo_car_spread_a_sampling
44.3208,-0.21365,0.2697,0.0000,-0.11726,0.11735,0.42779,141.6,1.0000,-23.2307,0.4741,-7.7268,131.503,ppo_car_spread_a_sampling
44.3408,-0.21365,0.2697,0.0000,-0.09290,0.09299,0.24483,141.6,1.0000,-23.2321,0.4741,-7.7257,131.507,ppo_car_spread_a_sampling
44.3608,-0.13014,0.4072,0.0000,-0.07060,0.07068,0.10699,141.6,1.0000,-23.2332,0.4741,-7.7248,131.510,ppo_car_spread_a_sampling
44.3808,-0.06904,0.4072,0.0000,-0.03303,0.03306,0.20506,213.8,1.0000,-23.2336,0.4741,-7.7245,131.510,ppo_car_spread_a_sampling
44.4008,0.01324,0.4072,0.0000,0.00817,0.00817,0.41107,213.8,1.0000,-23.2334,0.4741,-7.7247,131.508,ppo_car_spread_a_sampling
44.4208,0.06609,0.4072,0.0000,0.05296,0.05296,0.25443,213.8,1.0000,-23.2325,0.4741,-7.7255,131.510,ppo_car_spread_a_sampling
44.4408,0.15007,0.0000,0.0980,0.09123,0.09124,0.20281,213.8,1.0000,-23.2310,0.4741,-7.7268,131.510,ppo_car_spread_a_sampling
44.4608,0.23561,0.0000,0.0980,0.08124,0.08126,0.44041,-20.6,1.0000,-23.2298,0.4741,-7.7280,131.513,ppo_car_spread_a_sampling
44.4808,0.30991,0.0000,0.0980,0.08781,0.08789,0.21339,-20.6,1.0000,-23.2285,0.4741,-7.7292,131.517,ppo_car_spread_a_sampling
44.5008,0.35940,0.0000,0.0980,0.07571,0.07582,0.34910,-20.6,1.0000,-23.2274,0.4741,-7.7303,131.523,ppo_car_spread_a_sampling
44.5208,0.26847,0.0000,0.7991,0.07966,0.07985,0.26651,-20.6,1.0000,-23.2262,0.4741,-7.7315,131.527,ppo_car_spread_a_sampling
44.5408,0.18990,0.0000,0.7991,0.03807,0.03816,0.25820,-167.8,1.0000,-23.2257,0.4741,-7.7320,131.530,ppo_car_spread_a_sampling
44.5608,0.11221,0.0000,0.7991,0.01371,0.01373,0.34108,-167.8,1.0000,-23.2256,0.4741,-7.7321,131.534,ppo_car_spread_a_sampling
44.5808,0.06132,0.0000,0.7991,-0.01356,0.01356,0.41780,-167.8,1.0000,-23.2259,0.4741,-7.7319,131.531,ppo_car_spread_a_sampling
44.6008,0.14440,0.1701,0.0000,-0.04686,0.04686,0.38117,-167.8,1.0000,-23.2267,0.4741,-7.7312,131.530,ppo_car_spread_a_sampling
44.6208,0.22096,0.1701,0.0000,-0.03661,0.03662,0.11467,89.3,1.0000,-23.2273,0.4741,-7.7306,131.530,ppo_car_spread_a_sampling
44.6408,0.27348,0.1701,0.0000,-0.01731,0.01732,0.38215,89.3,1.0000,-23.2276,0.4741,-7.7303,131.532,ppo_car_spread_a_sampling
44.6608,0.27348,0.1701,0.0000,-0.00333,0.00334,0.30590,89.3,1.0000,-23.2277,0.4741,-7.7302,131.531,ppo_car_spread_a_sampling
44.6808,0.19270,0.2719,0.0000,0.00763,0.00767,0.40062,89.3,1.0000,-23.2276,0.4741,-7.7303,131.529,ppo_car_spread_a_sampling
44.7008,0.17093,0.2719,0.0000,0.04096,0.04100,0.32758,142.8,1.0000,-23.2270,0.4741,-7.7309,131.530,ppo_car_spread_a_sampling
44.7208,0.17093,0.2719,0.0000,0.06622,0.06627,0.24190,142.8,1.0000,-23.2260,0.4741,-7.7318,131.535,ppo_car_spread_a_sampling
44.7408,0.17093,0.2719,0.0000,0.09281,0.09287,0.40827,142.8,1.0000,-23.2247,0.4741,-7.7331,131.538,ppo_car_spread_a_sampling
44.7608,0.07782,0.3511,0.0000,0.12084,0.12093,0.28919,142.8,1.0000,-23.2229,0.4741,-7.7348,131.542,ppo_car_spread_a_sampling
44.7808,0.00876,0.3511,0.0000,0.15387,0.15391,0.32917,184.3,1.0000,-23.2206,0.4741,-7.7370,131.547,ppo_car_spread_a_sampling
44.8008,-0.04566,0.3511,0.0000,0.18367,0.18367,0.52062,184.3,1.0000,-23.2178,0.4741,-7.7395,131.550,ppo_car_spread_a_sampling
44.8208,-0.08705,0.3511,0.0000,0.22206,0.22207,0.45816,184.3,1.0000,-23.2144,0.4741,-7.7425,131.549,ppo_car_spread_a_sampling
44.8408,-0.07533,0.0000,0.5637,0.25304,0.25307,0.56190,184.3,1.0000,-23.2105,0.4741,-7.7458,131.546,ppo_car_spread_a_sampling
44.8608,-0.07533,0.0000,0.5637,0.19276,0.19278,0.00000,0.0,1.0000,-23.2075,0.4741,-7.7483,131.545,ppo_car_spread_a_sampling
44.8808,-0.07533,0.0000,0.5637,0.00619,0.00656,0.00000,0.0,1.0000,-23.2076,0.4741,-7.7482,131.546,ppo_car_spread_a_sampling
44.9008,-0.07533,0.0000,0.5637,-0.01708,0.01709,0.31160,-118.4,1.0000,-23.2079,0.4741,-7.7479,131.548,ppo_car_spread_a_sampling
44.9208,-0.12672,0.0000,0.9064,-0.03591,0.03591,0.32260,-118.4,1.0000,-23.2086,0.4741,-7.7473,131.547,ppo_car_spread_a_sampling
44.9408,-0.12672,0.0000,0.9064,-0.07405,0.07407,0.24310,-190.3,1.0000,-23.2099,0.4741,-7.7463,131.548,ppo_car_spread_a_sampling
44.9608,-0.12672,0.0000,0.9064,-0.11357,0.11362,0.14033,-190.3,1.0000,-23.2117,0.4741,-7.7447,131.553,ppo_car_spread_a_sampling
44.9808,-0.12672,0.0000,0.9064,-0.14418,0.14424,0.24621,-190.3,1.0000,-23.2141,0.4741,-7.7427,131.555,ppo_car_spread_a_sampling
45.0008,-0.21135,0.0000,0.1159,-0.17628,0.17635,0.29020,-190.3,1.0000,-23.2169,0.4741,-7.7404,131.560,ppo_car_spread_a_sampling
45.0208,-0.25442,0.0000,0.1159,-0.18594,0.18609,0.44396,-24.3,1.0000,-23.2199,0.4741,-7.7379,131.570,ppo_car_spread_a_sampling
45.0408,-0.25442,0.0000,0.1159,-0.19098,0.19121,0.15154,-24.3,1.0000,-23.2229,0.4741,-7.7355,131.577,ppo_car_spread_a_sampling
45.0608,-0.25442,0.0000,0.1159,-0.19667,0.19694,0.14400,-24.3,1.0000,-23.2261,0.4741,-7.7330,131.587,ppo_car_spread_a_sampling
45.0808,-0.17665,1.0000,0.0000,-0.19572,0.19602,0.50853,-24.3,1.0000,-23.2292,0.4741,-7.7306,131.595,ppo_car_spread_a_sampling
45.1008,-0.09463,1.0000,0.0000,-0.09973,0.09986,0.14034,525.0,1.0000,-23.2306,0.4741,-7.7294,131.600,ppo_car_spread_a_sampling
45.1208,-0.03497,1.0000,0.0000,-0.00428,0.00441,0.28171,525.0,1.0000,-23.2306,0.4741,-7.7295,131.599,ppo_car_spread_a_sampling
45.1408,0.04049,1.0000,0.0000,0.09253,0.09253,0.37889,525.0,1.0000,-23.2290,0.4741,-7.7308,131.598,ppo_car_spread_a_sampling
45.1608,0.12359,0.1255,0.0000,0.19432,0.19433,0.27587,525.0,1.0000,-23.2259,0.4741,-7.7337,131.597,ppo_car_spread_a_sampling
45.1808,0.20011,0.1255,0.0000,0.20251,0.20255,0.39767,65.9,1.0000,-23.2227,0.4741,-7.7366,131.598,ppo_car_spread_a_sampling
45.2008,0.27694,0.1255,0.0000,0.21808,0.21822,0.21011,65.9,1.0000,-23.2193,0.4741,-7.7397,131.604,ppo_car_spread_a_sampling
45.2208,0.33244,0.1255,0.0000,0.22945,0.22976,0.51540,65.9,1.0000,-23.2159,0.4741,-7.7431,131.612,ppo_car_spread_a_sampling
45.2408,0.24655,0.0000,0.2839,0.23515,0.23563,0.53812,65.9,1.0000,-23.2125,0.4741,-7.7466,131.625,ppo_car_spread_a_sampling
45.2609,0.18102,0.0000,0.2839,0.19042,0.19074,0.00000,0.0,1.0000,-23.2098,0.4741,-7.7493,131.632,ppo_car_spread_a_sampling
45.2809,0.09997,0.0000,0.2839,0.00498,0.00829,0.00000,0.0,1.0000,-23.2099,0.4741,-7.7494,131.633,ppo_car_spread_a_sampling
45.3009,0.01709,0.0000,0.2839,-0.00283,0.00353,0.24854,-59.6,1.0000,-23.2100,0.4741,-7.7493,131.631,ppo_car_spread_a_sampling
45.3209,0.08089,0.0000,0.2432,-0.01790,0.01792,0.30529,-59.6,1.0000,-23.2104,0.4741,-7.7490,131.633,ppo_car_spread_a_sampling
45.3409,0.16167,0.0000,0.2432,-0.02892,0.02892,0.18408,-51.1,1.0000,-23.2109,0.4741,-7.7485,131.631,ppo_car_spread_a_sampling
45.3609,0.19527,0.0000,0.2432,-0.03540,0.03541,0.26524,-51.1,1.0000,-23.2115,0.4741,-7.7479,131.629,ppo_car_spread_a_sampling
45.3809,0.19527,0.0000,0.2432,-0.04934,0.04937,0.23512,-51.1,1.0000,-23.2123,0.4741,-7.7471,131.629,ppo_car_spread_a_sampling
45.4009,0.26312,0.3957,0.0000,-0.05312,0.05317,0.36706,-51.1,1.0000,-23.2132,0.4741,-7.7463,131.622,ppo_car_spread_a_sampling
45.4209,0.35677,0.3957,0.0000,-0.01284,0.01284,0.31246,207.8,1.0000,-23.2134,0.4741,-7.7461,131.622,ppo_car_spread_a_sampling
45.4409,0.42872,0.3957,0.0000,0.02194,0.02202,0.14730,207.8,1.0000,-23.2131,0.4741,-7.7464,131.622,ppo_car_spread_a_sampling
45.4609,0.42872,0.3957,0.0000,0.06474,0.06503,0.19941,207.8,1.0000,-23.2122,0.4741,-7.7474,131.626,ppo_car_spread_a_sampling
45.4809,0.34257,0.1646,0.0000,0.10127,0.10171,0.15680,207.8,1.0000,-23.2107,0.4741,-7.7489,131.635,ppo_car_spread_a_sampling
45.5009,0.29215,0.1646,0.0000,0.11617,0.11656,0.14726,86.4,1.0000,-23.2091,0.4741,-7.7507,131.644,ppo_car_spread_a_sampling
45.5209,0.20952,0.1646,0.0000,0.12779,0.12809,0.36437,86.4,1.0000,-23.2073,0.4741,-7.7526,131.653,ppo_car_spread_a_sampling
45.5409,0.12879,0.1646,0.0000,0.13865,0.13884,0.48411,86.4,1.0000,-23.2052,0.4741,-7.7546,131.660,ppo_car_spread_a_sampling
45.5609,0.12731,0.0000,0.7777,0.16747,0.16758,0.17155,86.4,1.0000,-23.2028,0.4741,-7.7569,131.666,ppo_car_spread_a_sampling
45.5809,0.12731,0.0000,0.7777,0.14870,0.14877,0.00000,0.0,1.0000,-23.2006,0.4741,-7.7590,131.668,ppo_car_spread_a_sampling
45.6009,0.12731,0.0000,0.7777,0.00424,0.00529,0.00000,0.0,1.0000,-23.2007,0.4741,-7.7590,131.669,ppo_car_spread_a_sampling
45.6209,0.12731,0.0000,0.7777,-0.02437,0.02437,0.33587,-163.3,1.0000,-23.2011,0.4741,-7.7586,131.664,ppo_car_spread_a_sampling
45.6409,0.20387,0.0000,0.2737,-0.05329,0.05330,0.43635,-163.3,1.0000,-23.2020,0.4741,-7.7578,131.665,ppo_car_spread_a_sampling
45.6609,0.28448,0.0000,0.2737,-0.06495,0.06499,0.35501,-57.5,1.0000,-23.2030,0.4741,-7.7568,131.665,ppo_car_spread_a_sampling
45.6809,0.34589,0.0000,0.2737,-0.07725,0.07736,0.40813,-57.5,1.0000,-23.2042,0.4741,-7.7557,131.658,ppo_car_spread_a_sampling
45.7009,0.43360,0.0000,0.2737,-0.08638,0.08658,0.18407,-57.5,1.0000,-23.2054,0.4741,-7.7544,131.652,ppo_car_spread_a_sampling
45.7209,0.40745,0.6304,0.0000,-0.09734,0.09767,0.25206,-57.5,1.0000,-23.2068,0.4741,-7.7529,131.645,ppo_car_spread_a_sampling
45.7409,0.29703,0.6304,0.0000,-0.04160,0.04176,0.33669,331.0,1.0000,-23.2074,0.4741,-7.7523,131.638,ppo_car_spread_a_sampling
45.7609,0.21417,0.6304,0.0000,0.02265,0.02267,0.14198,331.0,1.0000,-23.2070,0.4741,-7.7526,131.638,ppo_car_spread_a_sampling
45.7809,0.13554,0.6304,0.0000,0.08714,0.08724,0.22924,331.0,1.0000,-23.2057,0.4741,-7.7540,131.643,ppo_car_spread_a_sampling
45.8009,0.07682,0.4736,0.0000,0.14873,0.14881,0.31189,331.0,1.0000,-23.2034,0.4741,-7.7561,131.647,ppo_car_spread_a_sampling
45.8209,-0.00761,0.4736,0.0000,0.19128,0.19132,0.39979,248.7,1.0000,-23.2005,0.4741,-7.7589,131.649,ppo_car_spread_a_sampling
45.8409,-0.07529,0.4736,0.0000,0.24260,0.24260,0.14045,248.7,1.0000,-23.1967,0.4741,-7.7622,131.650,ppo_car_spread_a_sampling
45.8609,-0.15651,0.4736,0.0000,0.28349,0.28350,0.58470,248.7,1.0000,-23.1923,0.4741,-7.7661,131.649,ppo_car_spread_a_sampling
45.8809,-0.09705,0.0000,0.2835,0.33015,0.33026,0.49766,248.7,1.0000,-23.1871,0.4741,-7.7705,131.640,ppo_car_spread_a_sampling
45.9009,-0.06324,0.0000,0.2835,0.24296,0.24303,0.49698,0.0,1.0000,-23.1834,0.4741,-7.7736,131.610,ppo_car_spread_a_sampling
45.9209,-0.06324,0.0000,0.2835,0.18637,0.18640,0.00000,0.0,1.0000,-23.1805,0.4741,-7.7761,131.601,ppo_car_spread_a_sampling
45.9409,-0.06324,0.0000,0.2835,0.00649,0.00684,0.00000,0.0,1.0000,-23.1806,0.4741,-7.7760,131.602,ppo_car_spread_a_sampling
45.9609,-0.12277,0.1590,0.0000,-0.00408,0.00414,0.35742,-59.5,1.0000,-23.1808,0.4741,-7.7758,131.598,ppo_car_spread_a_sampling
45.9809,-0.21016,0.1590,0.0000,0.00732,0.00733,0.35855,83.5,1.0000,-23.1808,0.4741,-7.7758,131.600,ppo_car_spread_a_sampling
46.0009,-0.29015,0.1590,0.0000,0.02474,0.02476,0.19861,83.5,1.0000,-23.1805,0.4741,-7.7760,131.599,ppo_car_spread_a_sampling
46.0209,-0.36074,0.1590,0.0000,0.03309,0.03316,0.42396,83.5,1.0000,-23.1800,0.4741,-7.7764,131.597,ppo_car_spread_a_sampling
46.0409,-0.29929,0.0000,0.0935,0.05730,0.05747,0.17572,83.5,1.0000,-23.1791,0.4741,-7.7770,131.592,ppo_car_spread_a_sampling
46.0609,-0.21975,0.0000,0.0935,0.05542,0.05554,0.22176,-19.6,1.0000,-23.1783,0.4741,-7.7777,131.590,ppo_car_spread_a_sampling
46.0809,-0.15186,0.0000,0.0935,0.05262,0.05269,0.28957,-19.6,1.0000,-23.1775,0.4741,-7.7783,131.588,ppo_car_spread_a_sampling
46.1009,-0.14719,0.0000,0.0935,0.05012,0.05015,0.32978,-19.6,1.0000,-23.1768,0.4741,-7.7789,131.585,ppo_car_spread_a_sampling
46.1209,-0.22232,0.0000,0.4106,0.04214,0.04217,0.27287,-19.6,1.0000,-23.1761,0.4741,-7.7795,131.580,ppo_car_spread_a_sampling
46.1409,-0.23535,0.0000,0.4106,0.02845,0.02848,0.29344,-86.2,1.0000,-23.1757,0.4741,-7.7798,131.577,ppo_car_spread_a_sampling
46.1609,-0.23535,0.0000,0.4106,0.00970,0.00970,0.35069,-86.2,1.0000,-23.1756,0.4741,-7.7799,131.579,ppo_car_spread_a_sampling
46.1809,-0.23535,0.0000,0.4106,-0.00386,0.00389,0.23844,-86.2,1.0000,-23.1757,0.4741,-7.7798,131.579,ppo_car_spread_a_sampling
46.2009,-0.30759,0.0000,0.3744,-0.02463,0.02467,0.33360,-86.2,1.0000,-23.1761,0.4741,-7.7795,131.583,ppo_car_spread_a_sampling
46.2209,-0.37205,0.0000,0.3744,-0.03454,0.03461,0.14296,-78.6,1.0000,-23.1767,0.4741,-7.7791,131.585,ppo_car_spread_a_sampling
46.2409,-0.38352,0.0000,0.3744,-0.04319,0.04331,0.41356,-78.6,1.0000,-23.1774,0.4741,-7.7785,131.589,ppo_car_spread_a_sampling
46.2609,-0.38352,0.0000,0.3744,-0.06462,0.06485,0.11541,-78.6,1.0000,-23.1785,0.4741,-7.7777,131.594,ppo_car_spread_a_sampling
46.2809,-0.29668,0.0000,0.1767,-0.07562,0.07591,0.37469,-78.6,1.0000,-23.1797,0.4741,-7.7768,131.602,ppo_car_spread_a_sampling
46.3009,-0.22446,0.0000,0.1767,-0.08872,0.08893,0.22994,-37.1,1.0000,-23.1811,0.4741,-7.7757,131.606,ppo_car_spread_a_sampling
46.3209,-0.22446,0.0000,0.1767,-0.09589,0.09604,0.19781,-37.1,1.0000,-23.1827,0.4741,-7.7745,131.609,ppo_car_spread_a_sampling
46.3409,-0.22446,0.0000,0.1767,-0.09671,0.09681,0.44668,-37.1,1.0000,-23.1842,0.4741,-7.7733,131.612,ppo_car_spread_a_sampling
46.3609,-0.30267,0.2597,0.0000,-0.11044,0.11057,0.15764,-37.1,1.0000,-23.1859,0.4741,-7.7719,131.619,ppo_car_spread_a_sampling
46.3809,-0.36264,0.2597,0.0000,-0.07997,0.08010,0.16154,136.4,1.0000,-23.1871,0.4741,-7.7710,131.623,ppo_car_spread_a_sampling
46.4009,-0.45533,0.2597,0.0000,-0.05839,0.05851,0.11263,136.4,1.0000,-23.1880,0.4741,-7.7703,131.626,ppo_car_spread_a_sampling
46.4209,-0.53286,0.2597,0.0000,-0.03584,0.03597,0.28562,136.4,1.0000,-23.1885,0.4741,-7.7699,131.627,ppo_car_spread_a_sampling
46.4409,-0.46921,0.5382,0.0000,-0.00570,0.00570,0.31001,136.4,1.0000,-23.1885,0.4741,-7.7699,131.623,ppo_car_spread_a_sampling
46.4609,-0.38647,0.5382,0.0000,0.04746,0.04771,0.12049,282.6,1.0000,-23.1876,0.4741,-7.7705,131.620,ppo_car_spread_a_sampling
46.4809,-0.32016,0.5382,0.0000,0.09720,0.09761,0.25960,282.6,1.0000,-23.1859,0.4741,-7.7718,131.611,ppo_car_spread_a_sampling
46.5009,-0.24200,0.5382,0.0000,0.14556,0.14597,0.39408,282.6,1.0000,-23.1834,0.4741,-7.7737,131.601,ppo_car_spread_a_sampling
46.5209,-0.18269,0.0000,0.3054,0.20235,0.20269,0.24240,282.6,1.0000,-23.1801,0.4741,-7.7763,131.591,ppo_car_spread_a_sampling
46.5409,-0.08913,0.0000,0.3054,0.19484,0.19506,0.00000,0.0,1.0000,-23.1769,0.4741,-7.7788,131.587,ppo_car_spread_a_sampling
46.5609,-0.07518,0.0000,0.3054,0.00424,0.00649,0.00000,0.0,1.0000,-23.1769,0.4741,-7.7787,131.588,ppo_car_spread_a_sampling
46.5809,-0.07518,0.0000,0.3054,-0.00837,0.00850,0.33071,-64.1,1.0000,-23.1770,0.4741,-7.7785,131.586,ppo_car_spread_a_sampling
46.6009,-0.14680,0.0673,0.0000,-0.02510,0.02510,0.26054,-64.1,1.0000,-23.1775,0.4741,-7.7782,131.586,ppo_car_spread_a_sampling
46.6209,-0.23446,0.0673,0.0000,-0.01434,0.01434,0.13382,35.3,1.0000,-23.1777,0.4741,-7.7779,131.586,ppo_car_spread_a_sampling
46.6409,-0.31679,0.0673,0.0000,-0.00508,0.00509,0.20049,35.3,1.0000,-23.1779,0.4741,-7.7778,131.586,ppo_car_spread_a_sampling
46.6609,-0.37062,0.0673,0.0000,-0.00185,0.00185,0.23040,35.3,1.0000,-23.1779,0.4741,-7.7778,131.587,ppo_car_spread_a_sampling
46.6809,-0.45706,0.0000,0.2557,0.00334,0.00334,0.29708,35.3,1.0000,-23.1779,0.4741,-7.7778,131.587,ppo_car_spread_a_sampling
46.7009,-0.53816,0.0000,0.2557,-0.00412,0.00412,0.23127,-53.7,1.0000,-23.1780,0.4741,-7.7777,131.586,ppo_car_spread_a_sampling
46.7209,-0.59099,0.0000,0.2557,-0.01124,0.01128,0.35568,-53.7,1.0000,-23.1783,0.4741,-7.7776,131.582,ppo_car_spread_a_sampling
46.7409,-0.61318,0.0000,0.2557,-0.01787,0.01801,0.27523,-53.7,1.0000,-23.1786,0.4741,-7.7773,131.584,ppo_car_spread_a_sampling
46.7609,-0.55458,0.1347,0.0000,-0.03222,0.03242,0.25191,-53.7,1.0000,-23.1792,0.4741,-7.7769,131.589,ppo_car_spread_a_sampling
46.7809,-0.50658,0.1347,0.0000,-0.01967,0.02001,0.37343,70.7,1.0000,-23.1795,0.4741,-7.7767,131.594,ppo_car_spread_a_sampling
46.8009,-0.50658,0.1347,0.0000,-0.00519,0.00528,0.33720,70.7,1.0000,-23.1796,0.4741,-7.7766,131.594,ppo_car_spread_a_sampling
46.8209,-0.50658,0.1347,0.0000,0.00803,0.00809,0.32802,70.7,1.0000,-23.1795,0.4741,-7.7767,131.590,ppo_car_spread_a_sampling
46.8409,-0.44677,0.0000,0.0055,0.02004,0.02023,0.13152,70.7,1.0000,-23.1791,0.4741,-7.7770,131.587,ppo_car_spread_a_sampling
46.8609,-0.35227,0.0000,0.0055,0.01762,0.01771,0.17813,-1.2,1.0000,-23.1788,0.4741,-7.7772,131.585,ppo_car_spread_a_sampling
46.8809,-0.28940,0.0000,0.0055,0.02097,0.02105,0.15679,-1.2,1.0000,-23.1785,0.4741,-7.7775,131.583,ppo_car_spread_a_sampling
46.9009,-0.26440,0.0000,0.0055,0.01624,0.01629,0.17888,-1.2,1.0000,-23.1782,0.4741,-7.7777,131.582,ppo_car_spread_a_sampling
46.9209,-0.32269,0.3774,0.0000,0.02271,0.02276,0.30143,-1.2,1.0000,-23.1779,0.4741,-7.7779,131.578,ppo_car_spread_a_sampling
46.9409,-0.40188,0.3774,0.0000,0.05385,0.05397,0.29307,198.1,1.0000,-23.1770,0.4741,-7.7786,131.578,ppo_car_spread_a_sampling
46.9609,-0.47760,0.3774,0.0000,0.08919,0.08951,0.19349,198.1,1.0000,-23.1755,0.4741,-7.7797,131.571,ppo_car_spread_a_sampling
46.9809,-0.50988,0.3774,0.0000,0.12363,0.12423,0.48989,198.1,1.0000,-23.1734,0.4741,-7.7812,131.562,ppo_car_spread_a_sampling
47.0009,-0.43101,0.0000,0.3824,0.16241,0.16333,0.52880,198.1,1.0000,-23.1706,0.4741,-7.7832,131.550,ppo_car_spread_a_sampling
47.0209,-0.35754,0.0000,0.3824,0.16956,0.17038,0.00000,0.0,1.0000,-23.1678,0.4741,-7.7852,131.531,ppo_car_spread_a_sampling
47.0409,-0.34336,0.0000,0.3824,0.00327,0.00977,0.00000,0.0,1.0000,-23.1677,0.4741,-7.7850,131.532,ppo_car_spread_a_sampling
47.0609,-0.34336,0.0000,0.3824,-0.01321,0.01343,0.25562,-80.3,1.0000,-23.1679,0.4741,-7.7848,131.533,ppo_car_spread_a_sampling
47.0809,-0.39855,0.0000,0.0562,-0.02866,0.02869,0.24127,-80.3,1.0000,-23.1685,0.4741,-7.7844,131.536,ppo_car_spread_a_sampling
47.1009,-0.48486,0.0000,0.0562,-0.02426,0.02433,0.35444,-11.8,1.0000,-23.1689,0.4741,-7.7840,131.540,ppo_car_spread_a_sampling
47.1209,-0.56151,0.0000,0.0562,-0.03122,0.03134,0.21770,-11.8,1.0000,-23.1695,0.4741,-7.7836,131.545,ppo_car_spread_a_sampling
47.1409,-0.56151,0.0000,0.0562,-0.02796,0.02816,0.23804,-11.8,1.0000,-23.1700,0.4741,-7.7833,131.548,ppo_car_spread_a_sampling
47.1609,-0.53843,0.0000,0.1168,-0.03454,0.03478,0.19156,-11.8,1.0000,-23.1706,0.4741,-7.7829,131.554,ppo_car_spread_a_sampling
47.1809,-0.53843,0.0000,0.1168,-0.04004,0.04033,0.11150,-24.5,1.0000,-23.1713,0.4741,-7.7824,131.561,ppo_car_spread_a_sampling
47.2009,-0.53843,0.0000,0.1168,-0.04499,0.04537,0.25921,-24.5,1.0000,-23.1721,0.4741,-7.7819,131.565,ppo_car_spread_a_sampling
47.2209,-0.53843,0.0000,0.1168,-0.04426,0.04454,0.35979,-24.5,1.0000,-23.1729,0.4741,-7.7813,131.568,ppo_car_spread_a_sampling
47.2409,-0.47602,0.0165,0.0000,-0.05326,0.05362,0.21064,-24.5,1.0000,-23.1738,0.4741,-7.7807,131.573,ppo_car_spread_a_sampling
47.2609,-0.39983,0.0165,0.0000,-0.05234,0.05272,0.34055,8.7,1.0000,-23.1746,0.4741,-7.7801,131.578,ppo_car_spread_a_sampling
47.2809,-0.32405,0.0165,0.0000,-0.04804,0.04830,0.41109,8.7,1.0000,-23.1754,0.4741,-7.7796,131.583,ppo_car_spread_a_sampling
47.3009,-0.26307,0.0165,0.0000,-0.05817,0.05835,0.28631,8.7,1.0000,-23.1763,0.4741,-7.7789,131.587,ppo_car_spread_a_sampling
47.3209,-0.16853,0.1155,0.0000,-0.05047,0.05057,0.26521,8.7,1.0000,-23.1771,0.4741,-7.7782,131.586,ppo_car_spread_a_sampling
47.3409,-0.09698,0.1155,0.0000,-0.03509,0.03513,0.15044,60.6,1.0000,-23.1776,0.4741,-7.7778,131.588,ppo_car_spread_a_sampling
47.3609,-0.07873,0.1155,0.0000,-0.02705,0.02707,0.26323,60.6,1.0000,-23.1780,0.4741,-7.7775,131.587,ppo_car_spread_a_sampling
47.3809,-0.07873,0.1155,0.0000,-0.00894,0.00895,0.29698,60.6,1.0000,-23.1781,0.4741,-7.7774,131.590,ppo_car_spread_a_sampling
47.4009,-0.00296,0.0000,0.5379,-0.00291,0.00291,0.32921,60.6,1.0000,-23.1781,0.4741,-7.7774,131.591,ppo_car_spread_a_sampling
47.4209,0.07316,0.0000,0.5379,-0.02173,0.02173,0.40499,-112.9,1.0000,-23.1784,0.4741,-7.7771,131.593,ppo_car_spread_a_sampling
47.4409,0.10191,0.0000,0.5379,-0.03888,0.03888,0.19680,-112.9,1.0000,-23.1790,0.4741,-7.7766,131.592,ppo_car_spread_a_sampling
47.4609,0.10191,0.0000,0.5379,-0.06248,0.06249,0.44127,-112.9,1.0000,-23.1799,0.4741,-7.7758,131.597,ppo_car_spread_a_sampling
47.4809,0.01823,0.0000,0.0440,-0.08543,0.08545,0.20336,-112.9,1.0000,-23.1812,0.4741,-7.7746,131.597,ppo_car_spread_a_sampling
47.5009,-0.06105,0.0000,0.0440,-0.08417,0.08417,0.31044,-9.2,1.0000,-23.1824,0.4741,-7.7734,131.596,ppo_car_spread_a_sampling
47.5209,-0.13165,0.0000,0.0440,-0.08943,0.08943,0.07854,-9.2,1.0000,-23.1838,0.4741,-7.7722,131.596,ppo_car_spread_a_sampling
47.5409,-0.19766,0.0000,0.0440,-0.08572,0.08574,0.43733,-9.2,1.0000,-23.1851,0.4741,-7.7711,131.593,ppo_car_spread_a_sampling
47.5609,-0.28320,0.4969,0.0000,-0.09187,0.09193,0.15554,-9.2,1.0000,-23.1865,0.4741,-7.7699,131.595,ppo_car_spread_a_sampling
47.5809,-0.35908,0.4969,0.0000,-0.04594,0.04597,0.35216,260.9,1.0000,-23.1872,0.4741,-7.7694,131.598,ppo_car_spread_a_sampling
47.6009,-0.36525,0.4969,0.0000,0.00157,0.00160,0.25705,260.9,1.0000,-23.1871,0.4741,-7.7695,131.597,ppo_car_spread_a_sampling
47.6209,-0.36525,0.4969,0.0000,0.05123,0.05137,0.33199,260.9,1.0000,-23.1862,0.4741,-7.7701,131.593,ppo_car_spread_a_sampling
47.6409,-0.44948,0.0000,0.1245,0.10000,0.10032,0.20911,260.9,1.0000,-23.1845,0.4741,-7.7714,131.585,ppo_car_spread_a_sampling
47.6609,-0.52537,0.0000,0.1245,0.11430,0.11484,0.00000,0.0,1.0000,-23.1825,0.4741,-7.7728,131.579,ppo_car_spread_a_sampling
47.6809,-0.58939,0.0000,0.1245,0.00108,0.00600,0.00000,0.0,1.0000,-23.1825,0.4741,-7.7727,131.580,ppo_car_spread_a_sampling
47.7009,-0.61196,0.0000,0.1245,-0.00432,0.00481,0.25840,-26.1,1.0000,-23.1825,0.4741,-7.7726,131.580,ppo_car_spread_a_sampling
47.7209,-0.53335,1.0000,0.0000,-0.00763,0.00764,0.22278,-26.1,1.0000,-23.1826,0.4741,-7.7725,131.580,ppo_car_spread_a_sampling
47.7409,-0.47362,1.0000,0.0000,0.09185,0.09254,0.17685,525.0,1.0000,-23.1811,0.4741,-7.7736,131.568,ppo_car_spread_a_sampling
47.7609,-0.39784,1.0000,0.0000,0.18775,0.18884,0.10532,525.0,1.0000,-23.1779,0.4741,-7.7759,131.549,ppo_car_spread_a_sampling
47.7809,-0.32260,1.0000,0.0000,0.27748,0.27869,0.61821,525.0,1.0000,-23.1732,0.4741,-7.7793,131.524,ppo_car_spread_a_sampling
47.8009,-0.39313,0.0000,0.1634,0.37451,0.37562,0.56346,525.0,1.0000,-23.1670,0.4741,-7.7839,131.497,ppo_car_spread_a_sampling
47.8209,-0.47518,0.0000,0.1634,0.26643,0.26725,0.55789,0.0,1.0000,-23.1627,0.4741,-7.7872,131.476,ppo_car_spread_a_sampling
47.8409,-0.47518,0.0000,0.1634,0.18859,0.18936,0.00000,0.0,1.0000,-23.1597,0.4741,-7.7894,131.466,ppo_car_spread_a_sampling
47.8609,-0.47518,0.0000,0.1634,0.00561,0.01099,0.00000,0.0,1.0000,-23.1597,0.4741,-7.7891,131.467,ppo_car_spread_a_sampling
47.8809,-0.53315,0.4904,0.0000,0.00671,0.00747,0.37380,-34.3,1.0000,-23.1597,0.4741,-7.7891,131.464,ppo_car_spread_a_sampling
47.9009,-0.60749,0.4904,0.0000,0.04253,0.04292,0.40864,257.5,1.0000,-23.1591,0.4741,-7.7895,131.457,ppo_car_spread_a_sampling
47.9209,-0.65077,0.4904,0.0000,0.09460,0.09553,0.18715,257.5,1.0000,-23.1576,0.4741,-7.7905,131.445,ppo_car_spread_a_sampling
47.9409,-0.65077,0.4904,0.0000,0.13835,0.13979,0.31942,257.5,1.0000,-23.1552,0.4741,-7.7920,131.427,ppo_car_spread_a_sampling
47.9609,-0.56457,0.0956,0.0000,0.18399,0.18605,0.48328,257.5,1.0000,-23.1521,0.4741,-7.7940,131.401,ppo_car_spread_a_sampling
47.9809,-0.50655,0.0956,0.0000,0.20066,0.20242,0.11140,50.2,1.0000,-23.1487,0.4741,-7.7962,131.378,ppo_car_spread_a_sampling
48.0009,-0.41492,0.0956,0.0000,0.20143,0.20284,0.52751,50.2,1.0000,-23.1454,0.4741,-7.7986,131.358,ppo_car_spread_a_sampling
48.0209,-0.34071,0.0956,0.0000,0.21497,0.21612,0.52440,50.2,1.0000,-23.1418,0.4741,-7.8011,131.340,ppo_car_spread_a_sampling
48.0409,-0.40352,0.0000,0.6127,0.21655,0.21736,0.49440,50.2,1.0000,-23.1383,0.4741,-7.8037,131.323,ppo_car_spread_a_sampling
48.0609,-0.48340,0.0000,0.6127,0.19020,0.19093,0.00000,0.0,1.0000,-23.1353,0.4741,-7.8059,131.312,ppo_car_spread_a_sampling
48.0809,-0.56098,0.0000,0.6127,0.00519,0.01084,0.00000,0.0,1.0000,-23.1353,0.4741,-7.8057,131.313,ppo_car_spread_a_sampling
48.1009,-0.61772,0.0000,0.6127,-0.02112,0.02114,0.30877,-128.7,1.0000,-23.1357,0.4741,-7.8053,131.317,ppo_car_spread_a_sampling
48.1209,-0.53185,0.0000,0.3394,-0.04111,0.04139,0.21899,-128.7,1.0000,-23.1366,0.4741,-7.8048,131.323,ppo_car_spread_a_sampling
48.1409,-0.46042,0.0000,0.3394,-0.05100,0.05128,0.31571,-71.3,1.0000,-23.1375,0.4741,-7.8041,131.329,ppo_car_spread_a_sampling
48.1609,-0.38594,0.0000,0.3394,-0.07335,0.07372,0.24811,-71.3,1.0000,-23.1389,0.4741,-7.8032,131.337,ppo_car_spread_a_sampling
48.1809,-0.31072,0.0000,0.3394,-0.07798,0.07825,0.42700,-71.3,1.0000,-23.1402,0.4741,-7.8022,131.344,ppo_car_spread_a_sampling
48.2009,-0.32035,0.0032,0.0000,-0.08887,0.08914,0.45541,-71.3,1.0000,-23.1417,0.4741,-7.8011,131.349,ppo_car_spread_a_sampling
48.2209,-0.32035,0.0032,0.0000,-0.09192,0.09213,0.22661,1.7,1.0000,-23.1432,0.4741,-7.8000,131.354,ppo_car_spread_a_sampling
48.2409,-0.32035,0.0032,0.0000,-0.09142,0.09165,0.36592,1.7,1.0000,-23.1447,0.4741,-7.7989,131.360,ppo_car_spread_a_sampling
48.2609,-0.32035,0.0032,0.0000,-0.08853,0.08874,0.32233,1.7,1.0000,-23.1461,0.4741,-7.7978,131.365,ppo_car_spread_a_sampling
48.2809,-0.39154,0.1977,0.0000,-0.09325,0.09346,0.21539,1.7,1.0000,-23.1475,0.4741,-7.7967,131.369,ppo_car_spread_a_sampling
48.3009,-0.40195,0.1977,0.0000,-0.07437,0.07458,0.40272,103.8,1.0000,-23.1487,0.4741,-7.7958,131.370,ppo_car_spread_a_sampling
48.3209,-0.40195,0.1977,0.0000,-0.05944,0.05963,0.29025,103.8,1.0000,-23.1496,0.4741,-7.7951,131.375,ppo_car_spread_a_sampling
48.3409,-0.40195,0.1977,0.0000,-0.03655,0.03671,0.18893,103.8,1.0000,-23.1501,0.4741,-7.7948,131.377,ppo_car_spread_a_sampling
48.3609,-0.33369,0.2044,0.0000,-0.01645,0.01652,0.13486,103.8,1.0000,-23.1503,0.4741,-7.7946,131.380,ppo_car_spread_a_sampling
48.3809,-0.25535,0.2044,0.0000,0.00187,0.00187,0.17188,107.3,1.0000,-23.1501,0.4741,-7.7947,131.380,ppo_car_spread_a_sampling
48.4009,-0.18187,0.2044,0.0000,0.02607,0.02610,0.20007,107.3,1.0000,-23.1496,0.4741,-7.7951,131.381,ppo_car_spread_a_sampling
48.4209,-0.18187,0.2044,0.0000,0.04583,0.04586,0.21534,107.3,1.0000,-23.1488,0.4741,-7.7958,131.379,ppo_car_spread_a_sampling
48.4409,-0.24378,0.0000,0.0800,0.06659,0.06664,0.22944,107.3,1.0000,-23.1476,0.4741,-7.7967,131.373,ppo_car_spread_a_sampling
48.4609,-0.32474,0.0000,0.0800,0.06386,0.06392,0.25258,-16.8,1.0000,-23.1465,0.4741,-7.7976,131.371,ppo_car_spread_a_sampling
48.4809,-0.40088,0.0000,0.0800,0.05890,0.05901,0.15900,-16.8,1.0000,-23.1455,0.4741,-7.7983,131.368,ppo_car_spread_a_sampling
48.5009,-0.45983,0.0000,0.0800,0.05308,0.05326,0.28693,-16.8,1.0000,-23.1446,0.4741,-7.7990,131.366,ppo_car_spread_a_sampling
48.5209,-0.37908,0.0000,0.4372,0.05550,0.05576,0.27798,-16.8,1.0000,-23.1437,0.4741,-7.7996,131.362,ppo_car_spread_a_sampling
48.5409,-0.30376,0.0000,0.4372,0.03798,0.03812,0.24770,-91.8,1.0000,-23.1430,0.4741,-7.8001,131.362,ppo_car_spread_a_sampling
48.5609,-0.25710,0.0000,0.4372,0.01937,0.01942,0.29607,-91.8,1.0000,-23.1427,0.4741,-7.8003,131.360,ppo_car_spread_a_sampling
48.5809,-0.25710,0.0000,0.4372,0.00453,0.00458,0.37545,-91.8,1.0000,-23.1427,0.4741,-7.8003,131.360,ppo_car_spread_a_sampling
48.6009,-0.19913,0.0000,0.6729,-0.01989,0.01993,0.29946,-91.8,1.0000,-23.1431,0.4741,-7.8001,131.359,ppo_car_spread_a_sampling
48.6209,-0.12270,0.0000,0.6729,-0.03726,0.03729,0.41604,-141.3,1.0000,-23.1437,0.4741,-7.7995,131.359,ppo_car_spread_a_sampling
48.6409,-0.04944,0.0000,0.6729,-0.07559,0.07562,0.20446,-141.3,1.0000,-23.1449,0.4741,-7.7985,131.359,ppo_car_spread_a_sampling
48.6609,0.03818,0.0000,0.6729,-0.09212,0.09213,0.45441,-141.3,1.0000,-23.1464,0.4741,-7.7972,131.363,ppo_car_spread_a_sampling
48.6809,-0.02462,0.5095,0.0000,-0.12176,0.12176,0.24641,-141.3,1.0000,-23.1483,0.4741,-7.7956,131.363,ppo_car_spread_a_sampling
48.7009,-0.11080,0.5095,0.0000,-0.07400,0.07400,0.19383,267.5,1.0000,-23.1495,0.4741,-7.7946,131.361,ppo_car_spread_a_sampling
48.7209,-0.16445,0.5095,0.0000,-0.02475,0.02475,0.31474,267.5,1.0000,-23.1498,0.4741,-7.7942,131.359,ppo_car_spread_a_sampling
48.7409,-0.24642,0.5095,0.0000,0.03115,0.03119,0.27677,267.5,1.0000,-23.1493,0.4741,-7.7947,131.356,ppo_car_spread_a_sampling
48.7609,-0.16544,0.6613,0.0000,0.07118,0.07128,0.37707,267.5,1.0000,-23.1481,0.4741,-7.7956,131.353,ppo_car_spread_a_sampling
48.7809,-0.08591,0.6613,0.0000,0.13840,0.13851,0.30260,347.2,1.0000,-23.1459,0.4741,-7.7974,131.345,ppo_car_spread_a_sampling
48.8009,-0.02366,0.6613,0.0000,0.20049,0.20055,0.54219,347.2,1.0000,-23.1426,0.4741,-7.8001,131.341,ppo_car_spread_a_sampling
48.8209,0.04344,0.6613,0.0000,0.26509,0.26511,0.56969,347.2,1.0000,-23.1385,0.4741,-7.8037,131.337,ppo_car_spread_a_sampling
48.8409,-0.02338,0.0000,0.1402,0.32863,0.32864,0.50799,347.2,1.0000,-23.1334,0.4741,-7.8082,131.338,ppo_car_spread_a_sampling
48.8609,-0.09683,0.0000,0.1402,0.19579,0.19579,0.09696,0.0,1.0000,-23.1305,0.4741,-7.8108,131.348,ppo_car_spread_a_sampling
48.8809,-0.17160,0.0000,0.1402,0.06098,0.06101,0.00000,0.0,1.0000,-23.1296,0.4741,-7.8115,131.423,ppo_car_spread_a_sampling
48.9009,-0.25385,0.0000,0.1402,0.05395,0.05398,0.16939,-29.4,1.0000,-23.1289,0.4741,-7.8121,131.448,ppo_car_spread_a_sampling
48.9209,-0.20810,0.3124,0.0000,0.04531,0.04534,0.28803,-29.4,1.0000,-23.1283,0.4741,-7.8126,131.455,ppo_car_spread_a_sampling
48.9409,-0.20810,0.3124,0.0000,0.07946,0.07954,0.16904,164.0,1.0000,-23.1271,0.4741,-7.8136,131.455,ppo_car_spread_a_sampling
48.9609,-0.20810,0.3124,0.0000,0.10209,0.10220,0.43990,164.0,1.0000,-23.1255,0.4741,-7.8148,131.451,ppo_car_spread_a_sampling
48.9809,-0.20810,0.3124,0.0000,0.13686,0.13700,0.21061,164.0,1.0000,-23.1234,0.4741,-7.8165,131.447,ppo_car_spread_a_sampling
49.0009,-0.12957,0.0000,0.2079,0.15948,0.15965,0.51265,164.0,1.0000,-23.1209,0.4741,-7.8185,131.439,ppo_car_spread_a_sampling
49.0209,-0.05414,0.0000,0.2079,0.18469,0.18479,0.00000,0.0,1.0000,-23.1180,0.4741,-7.8209,131.437,ppo_car_spread_a_sampling
49.0409,0.00019,0.0000,0.2079,0.00575,0.00658,0.00000,0.0,1.0000,-23.1180,0.4741,-7.8208,131.438,ppo_car_spread_a_sampling
49.0609,0.00019,0.0000,0.2079,-0.00526,0.00538,0.31743,-43.7,1.0000,-23.1182,0.4741,-7.8206,131.438,ppo_car_spread_a_sampling
49.0809,-0.06205,0.0000,0.0198,-0.01252,0.01252,0.32212,-43.7,1.0000,-23.1185,0.4741,-7.8204,131.442,ppo_car_spread_a_sampling
49.1009,-0.13273,0.0000,0.0198,-0.01445,0.01445,0.28935,-4.2,1.0000,-23.1188,0.4741,-7.8201,131.439,ppo_car_spread_a_sampling
49.1209,-0.21871,0.0000,0.0198,-0.01021,0.01021,0.23238,-4.2,1.0000,-23.1190,0.4741,-7.8200,131.442,ppo_car_spread_a_sampling
49.1409,-0.29260,0.0000,0.0198,-0.01776,0.01778,0.31601,-4.2,1.0000,-23.1193,0.4741,-7.8197,131.443,ppo_car_spread_a_sampling
49.1609,-0.21423,0.0737,0.0000,-0.01895,0.01899,0.31112,-4.2,1.0000,-23.1197,0.4741,-7.8194,131.446,ppo_car_spread_a_sampling
49.1809,-0.15519,0.0737,0.0000,-0.00730,0.00730,0.27511,38.7,1.0000,-23.1198,0.4741,-7.8194,131.444,ppo_car_spread_a_sampling
49.2009,-0.14103,0.0737,0.0000,0.00362,0.00362,0.31546,38.7,1.0000,-23.1197,0.4741,-7.8194,131.444,ppo_car_spread_a_sampling
49.2209,-0.14103,0.0737,0.0000,0.00623,0.00623,0.29491,38.7,1.0000,-23.1196,0.4741,-7.8195,131.445,ppo_car_spread_a_sampling
49.2409,-0.12500,0.2728,0.0000,0.01567,0.01568,0.21668,38.7,1.0000,-23.1193,0.4741,-7.8197,131.446,ppo_car_spread_a_sampling
49.2609,-0.12500,0.2728,0.0000,0.03832,0.03834,0.28574,143.2,1.0000,-23.1187,0.4741,-7.8203,131.446,ppo_car_spread_a_sampling
49.2809,-0.12500,0.2728,0.0000,0.07195,0.07198,0.19315,143.2,1.0000,-23.1175,0.4741,-7.8212,131.442,ppo_car_spread_a_sampling
49.3009,-0.12500,0.2728,0.0000,0.09710,0.09714,0.16554,143.2,1.0000,-23.1160,0.4741,-7.8226,131.438,ppo_car_spread_a_sampling
49.3209,-0.18639,0.5903,0.0000,0.12086,0.12090,0.38190,143.2,1.0000,-23.1140,0.4741,-7.8242,131.432,ppo_car_spread_a_sampling
49.3409,-0.27642,0.5903,0.0000,0.17337,0.17348,0.53697,309.9,1.0000,-23.1112,0.4741,-7.8265,131.421,ppo_car_spread_a_sampling
49.3609,-0.32261,0.5903,0.0000,0.23201,0.23235,0.39909,309.9,1.0000,-23.1074,0.4741,-7.8294,131.408,ppo_car_spread_a_sampling
49.3809,-0.32261,0.5903,0.0000,0.29023,0.29083,0.51994,309.9,1.0000,-23.1027,0.4741,-7.8331,131.388,ppo_car_spread_a_sampling
49.4009,-0.35558,0.2466,0.0000,0.35068,0.35149,0.31218,309.9,1.0000,-23.0969,0.4741,-7.8375,131.366,ppo_car_spread_a_sampling
49.4209,-0.35558,0.2466,0.0000,0.36563,0.36663,0.65681,129.5,1.0000,-23.0909,0.4741,-7.8420,131.343,ppo_car_spread_a_sampling
49.4409,-0.35558,0.2466,0.0000,0.39194,0.39306,0.65065,129.5,1.0000,-23.0845,0.4741,-7.8468,131.313,ppo_car_spread_a_sampling
49.4609,-0.35558,0.2466,0.0000,0.41898,0.42022,0.60388,129.5,1.0000,-23.0777,0.4741,-7.8519,131.281,ppo_car_spread_a_sampling
49.4809,-0.27672,0.0000,0.3132,0.44203,0.44332,0.66645,129.5,1.0000,-23.0705,0.4741,-7.8572,131.248,ppo_car_spread_a_sampling
49.5009,-0.19821,0.0000,0.3132,0.36545,0.36617,0.58299,0.0,1.0000,-23.0647,0.4741,-7.8617,131.211,ppo_car_spread_a_sampling
49.5209,-0.12695,0.0000,0.3132,0.19196,0.19224,0.00000,0.0,1.0000,-23.0619,0.4741,-7.8639,131.200,ppo_car_spread_a_sampling
49.5409,-0.05568,0.0000,0.3132,0.00935,0.01107,0.00000,0.0,1.0000,-23.0620,0.4741,-7.8637,131.201,ppo_car_spread_a_sampling
49.5609,-0.11208,0.4484,0.0000,0.00164,0.00265,0.39171,-65.8,1.0000,-23.0622,0.4741,-7.8636,131.203,ppo_car_spread_a_sampling
49.5809,-0.20422,0.4484,0.0000,0.04127,0.04132,0.27871,235.4,1.0000,-23.0617,0.4741,-7.8639,131.201,ppo_car_spread_a_sampling
49.6009,-0.26199,0.4484,0.0000,0.08766,0.08776,0.17428,235.4,1.0000,-23.0605,0.4741,-7.8650,131.197,ppo_car_spread_a_sampling
49.6209,-0.33927,0.4484,0.0000,0.12411,0.12430,0.43820,235.4,1.0000,-23.0586,0.4741,-7.8664,131.189,ppo_car_spread_a_sampling
49.6410,-0.27653,0.0133,0.0000,0.16881,0.16922,0.52855,235.4,1.0000,-23.0559,0.4741,-7.8685,131.176,ppo_car_spread_a_sampling
49.6610,-0.19032,0.0133,0.0000,0.17244,0.17279,0.30513,7.0,1.0000,-23.0532,0.4741,-7.8706,131.167,ppo_car_spread_a_sampling
49.6810,-0.11440,0.0133,0.0000,0.17146,0.17167,0.38450,7.0,1.0000,-23.0506,0.4741,-7.8727,131.159,ppo_car_spread_a_sampling
49.7010,-0.05504,0.0133,0.0000,0.17995,0.18005,0.07845,7.0,1.0000,-23.0478,0.4741,-7.8750,131.154,ppo_car_spread_a_sampling
49.7210,-0.14627,0.4729,0.0000,0.17591,0.17595,0.38249,7.0,1.0000,-23.0451,0.4741,-7.8773,131.152,ppo_car_spread_a_sampling
49.7410,-0.22730,0.4729,0.0000,0.22078,0.22087,0.39738,248.3,1.0000,-23.0416,0.4741,-7.8801,131.147,ppo_car_spread_a_sampling
49.7610,-0.22860,0.4729,0.0000,0.26021,0.26044,0.58255,248.3,1.0000,-23.0375,0.4741,-7.8834,131.135,ppo_car_spread_a_sampling
49.7810,-0.22860,0.4729,0.0000,0.31193,0.31227,0.61546,248.3,1.0000,-23.0325,0.4741,-7.8874,131.119,ppo_car_spread_a_sampling
49.8010,-0.14649,0.0000,0.1010,0.35788,0.35831,0.53126,248.3,1.0000,-23.0268,0.4741,-7.8919,131.101,ppo_car_spread_a_sampling
49.8210,-0.06939,0.0000,0.1010,0.30109,0.30136,0.50623,0.0,1.0000,-23.0220,0.4741,-7.8957,131.068,ppo_car_spread_a_sampling
49.8410,-0.00686,0.0000,0.1010,0.18788,0.18796,0.00000,0.0,1.0000,-23.0192,0.4741,-7.8981,131.058,ppo_car_spread_a_sampling
49.8610,0.07234,0.0000,0.1010,0.00687,0.00725,0.00000,0.0,1.0000,-23.0192,0.4741,-7.8980,131.059,ppo_car_spread_a_sampling
49.8810,-0.00685,0.1947,0.0000,0.00654,0.00660,0.23198,-21.2,1.0000,-23.0192,0.4741,-7.8980,131.058,ppo_car_spread_a_sampling
49.9010,-0.08503,0.1947,0.0000,0.02511,0.02512,0.21925,102.2,1.0000,-23.0190,0.4741,-7.8982,131.057,ppo_car_spread_a_sampling
49.9210,-0.13761,0.1947,0.0000,0.04468,0.04469,0.21839,102.2,1.0000,-23.0183,0.4741,-7.8987,131.055,ppo_car_spread_a_sampling
49.9410,-0.21820,0.1947,0.0000,0.05578,0.05580,0.42580,102.2,1.0000,-23.0175,0.4741,-7.8994,131.054,ppo_car_spread_a_sampling
49.9610,-0.29896,0.0582,0.0000,0.07797,0.07803,0.31541,102.2,1.0000,-23.0163,0.4741,-7.9004,131.048,ppo_car_spread_a_sampling
49.9810,-0.29926,0.0582,0.0000,0.07717,0.07730,0.43397,30.5,1.0000,-23.0150,0.4741,-7.9014,131.046,ppo_car_spread_a_sampling
50.0010,-0.29926,0.0582,0.0000,0.08880,0.08897,0.44408,30.5,1.0000,-23.0136,0.4741,-7.9024,131.044,ppo_car_spread_a_sampling
50.0210,-0.29926,0.0582,0.0000,0.09170,0.09191,0.44390,30.5,1.0000,-23.0121,0.4741,-7.9036,131.036,ppo_car_spread_a_sampling
50.0410,-0.35746,0.0000,0.3517,0.09445,0.09464,0.44533,30.5,1.0000,-23.0106,0.4741,-7.9048,131.027,ppo_car_spread_a_sampling
50.0610,-0.43205,0.0000,0.3517,0.08576,0.08597,0.21028,-73.9,1.0000,-23.0092,0.4741,-7.9058,131.020,ppo_car_spread_a_sampling
50.0810,-0.51936,0.0000,0.3517,0.06878,0.06903,0.39849,-73.9,1.0000,-23.0080,0.4741,-7.9066,131.013,ppo_car_spread_a_sampling
50.1010,-0.58596,0.0000,0.3517,0.05612,0.05641,0.27379,-73.9,1.0000,-23.0071,0.4741,-7.9073,131.009,ppo_car_spread_a_sampling
50.1210,-0.65254,0.1335,0.0000,0.04438,0.04465,0.35866,-73.9,1.0000,-23.0063,0.4741,-7.9078,131.008,ppo_car_spread_a_sampling
50.1410,-0.72628,0.1335,0.0000,0.05284,0.05330,0.43512,70.1,1.0000,-23.0054,0.4741,-7.9084,131.001,ppo_car_spread_a_sampling
50.1610,-0.74155,0.1335,0.0000,0.07214,0.07291,0.36958,70.1,1.0000,-23.0041,0.4741,-7.9092,130.988,ppo_car_spread_a_sampling
50.1810,-0.74155,0.1335,0.0000,0.07611,0.07723,0.45440,70.1,1.0000,-23.0028,0.4741,-7.9100,130.980,ppo_car_spread_a_sampling
50.2010,-0.67803,0.4854,0.0000,0.09863,0.09999,0.19707,70.1,1.0000,-23.0010,0.4741,-7.9111,130.966,ppo_car_spread_a_sampling
50.2210,-0.58271,0.4854,0.0000,0.13946,0.14112,0.45082,254.9,1.0000,-22.9985,0.4741,-7.9126,130.943,ppo_car_spread_a_sampling
50.2410,-0.52126,0.4854,0.0000,0.18705,0.18877,0.25399,254.9,1.0000,-22.9953,0.4741,-7.9148,130.918,ppo_car_spread_a_sampling
50.2610,-0.45362,0.4854,0.0000,0.23207,0.23371,0.53825,254.9,1.0000,-22.9913,0.4741,-7.9175,130.892,ppo_car_spread_a_sampling
50.2810,-0.45791,0.0000,0.1914,0.28632,0.28792,0.20020,254.9,1.0000,-22.9864,0.4741,-7.9208,130.865,ppo_car_spread_a_sampling
50.3010,-0.45791,0.0000,0.1914,0.19349,0.19448,0.00000,0.0,1.0000,-22.9832,0.4741,-7.9231,130.843,ppo_car_spread_a_sampling
50.3210,-0.45791,0.0000,0.1914,0.04541,0.04547,0.00000,0.0,1.0000,-22.9827,0.4741,-7.9236,130.770,ppo_car_spread_a_sampling
50.3410,-0.45791,0.0000,0.1914,0.04639,0.04653,0.26241,-40.2,1.0000,-22.9820,0.4741,-7.9241,130.742,ppo_car_spread_a_sampling
50.3610,-0.44266,0.3684,0.0000,0.03193,0.03215,0.37160,-40.2,1.0000,-22.9815,0.4741,-7.9244,130.732,ppo_car_spread_a_sampling
50.3810,-0.44266,0.3684,0.0000,0.07274,0.07311,0.17089,193.4,1.0000,-22.9804,0.4741,-7.9253,130.724,ppo_car_spread_a_sampling
50.4010,-0.44266,0.3684,0.0000,0.10675,0.10725,0.19593,193.4,1.0000,-22.9787,0.4741,-7.9265,130.716,ppo_car_spread_a_sampling
50.4210,-0.44266,0.3684,0.0000,0.14153,0.14217,0.36817,193.4,1.0000,-22.9763,0.4741,-7.9282,130.706,ppo_car_spread_a_sampling
50.4410,-0.35310,0.0000,0.4591,0.17208,0.17290,0.51110,193.4,1.0000,-22.9735,0.4741,-7.9302,130.688,ppo_car_spread_a_sampling
50.4610,-0.28278,0.0000,0.4591,0.18918,0.18987,0.00000,0.0,1.0000,-22.9703,0.4741,-7.9324,130.679,ppo_car_spread_a_sampling
50.4810,-0.21841,0.0000,0.4591,0.00461,0.01046,0.00000,0.0,1.0000,-22.9703,0.4741,-7.9322,130.680,ppo_car_spread_a_sampling
50.5010,-0.14210,0.0000,0.4591,-0.01216,0.01241,0.16606,-96.4,1.0000,-22.9705,0.4741,-7.9320,130.683,ppo_car_spread_a_sampling
50.5210,-0.23066,0.3242,0.0000,-0.03140,0.03140,0.08249,-96.4,1.0000,-22.9711,0.4741,-7.9315,130.685,ppo_car_spread_a_sampling
50.5410,-0.28765,0.3242,0.0000,0.00131,0.00147,0.26806,170.2,1.0000,-22.9711,0.4741,-7.9315,130.688,ppo_car_spread_a_sampling
50.5610,-0.37216,0.3242,0.0000,0.03131,0.03143,0.38129,170.2,1.0000,-22.9706,0.4741,-7.9318,130.688,ppo_car_spread_a_sampling
50.5810,-0.44168,0.3242,0.0000,0.06238,0.06260,0.23263,170.2,1.0000,-22.9696,0.4741,-7.9326,130.685,ppo_car_spread_a_sampling
50.6010,-0.37974,0.0000,0.0010,0.09479,0.09522,0.34525,170.2,1.0000,-22.9680,0.4741,-7.9337,130.679,ppo_car_spread_a_sampling
50.6210,-0.29893,0.0000,0.0010,0.09112,0.09143,0.42400,-0.2,1.0000,-22.9665,0.4741,-7.9348,130.673,ppo_car_spread_a_sampling
50.6410,-0.20614,0.0000,0.0010,0.09050,0.09076,0.43501,-0.2,1.0000,-22.9650,0.4741,-7.9359,130.668,ppo_car_spread_a_sampling
50.6610,-0.14657,0.0000,0.0010,0.09543,0.09558,0.36634,-0.2,1.0000,-22.9635,0.4741,-7.9371,130.666,ppo_car_spread_a_sampling
50.6810,-0.15888,0.1033,0.0000,0.09441,0.09449,0.20946,-0.2,1.0000,-22.9620,0.4741,-7.9383,130.663,ppo_car_spread_a_sampling
50.7010,-0.15888,0.1033,0.0000,0.10635,0.10642,0.14115,54.2,1.0000,-22.9603,0.4741,-7.9397,130.662,ppo_car_spread_a_sampling
50.7210,-0.15888,0.1033,0.0000,0.11243,0.11250,0.26385,54.2,1.0000,-22.9585,0.4741,-7.9411,130.660,ppo_car_spread_a_sampling
50.7410,-0.15888,0.1033,0.0000,0.12252,0.12260,0.30867,54.2,1.0000,-22.9565,0.4741,-7.9427,130.655,ppo_car_spread_a_sampling
50.7610,-0.22342,0.0000,0.3076,0.13199,0.13207,0.40276,54.2,1.0000,-22.9544,0.4741,-7.9443,130.647,ppo_car_spread_a_sampling
50.7810,-0.29734,0.0000,0.3076,0.14737,0.14752,0.00000,0.0,1.0000,-22.9521,0.4741,-7.9462,130.647,ppo_car_spread_a_sampling
50.8010,-0.34341,0.0000,0.3076,0.00355,0.00632,0.00000,0.0,1.0000,-22.9520,0.4741,-7.9461,130.648,ppo_car_spread_a_sampling
50.8210,-0.34341,0.0000,0.3076,-0.00270,0.00284,0.38026,-64.6,1.0000,-22.9521,0.4741,-7.9460,130.649,ppo_car_spread_a_sampling
50.8410,-0.28458,0.0000,0.6338,-0.01449,0.01451,0.38037,-64.6,1.0000,-22.9524,0.4741,-7.9457,130.652,ppo_car_spread_a_sampling
50.8610,-0.19581,0.0000,0.6338,-0.04708,0.04717,0.22719,-133.1,1.0000,-22.9532,0.4741,-7.9451,130.653,ppo_car_spread_a_sampling
50.8810,-0.11816,0.0000,0.6338,-0.07119,0.07126,0.22725,-133.1,1.0000,-22.9544,0.4741,-7.9442,130.659,ppo_car_spread_a_sampling
50.9010,-0.06152,0.0000,0.6338,-0.09352,0.09356,0.30961,-133.1,1.0000,-22.9560,0.4741,-7.9430,130.664,ppo_car_spread_a_sampling
50.9210,0.02136,0.0000,0.2651,-0.11568,0.11570,0.48825,-133.1,1.0000,-22.9578,0.4741,-7.9414,130.669,ppo_car_spread_a_sampling
50.9410,0.03220,0.0000,0.2651,-0.12911,0.12911,0.23210,-55.7,1.0000,-22.9598,0.4741,-7.9397,130.671,ppo_car_spread_a_sampling
50.9610,0.03220,0.0000,0.2651,-0.13243,0.13243,0.48114,-55.7,1.0000,-22.9619,0.4741,-7.9379,130.669,ppo_car_spread_a_sampling
50.9810,0.03220,0.0000,0.2651,-0.14796,0.14796,0.46753,-55.7,1.0000,-22.9641,0.4741,-7.9360,130.670,ppo_car_spread_a_sampling
51.0010,-0.02935,0.0000,0.0254,-0.15892,0.15892,0.21035,-55.7,1.0000,-22.9665,0.4741,-7.9338,130.668,ppo_car_spread_a_sampling
51.0210,-0.11595,0.0000,0.0254,-0.16077,0.16077,0.44701,-5.3,1.0000,-22.9690,0.4741,-7.9317,130.671,ppo_car_spread_a_sampling
51.0410,-0.19605,0.0000,0.0254,-0.15561,0.15563,0.47350,-5.3,1.0000,-22.9714,0.4741,-7.9298,130.673,ppo_car_spread_a_sampling
51.0610,-0.27034,0.0000,0.0254,-0.15649,0.15657,0.43842,-5.3,1.0000,-22.9738,0.4741,-7.9278,130.675,ppo_car_spread_a_sampling
51.0810,-0.19756,0.0000,0.3777,-0.16569,0.16588,0.18266,-5.3,1.0000,-22.9764,0.4741,-7.9258,130.682,ppo_car_spread_a_sampling
51.1010,-0.19756,0.0000,0.3777,-0.17115,0.17132,0.46306,-79.3,1.0000,-22.9791,0.4741,-7.9237,130.690,ppo_car_spread_a_sampling
51.1210,-0.19756,0.0000,0.3777,-0.19244,0.19263,0.24382,-79.3,1.0000,-22.9821,0.4741,-7.9214,130.699,ppo_car_spread_a_sampling
51.1410,-0.19756,0.0000,0.3777,-0.20834,0.20854,0.19416,-79.3,1.0000,-22.9853,0.4741,-7.9188,130.708,ppo_car_spread_a_sampling
51.1610,-0.27013,0.2134,0.0000,-0.21531,0.21551,0.52660,-79.3,1.0000,-22.9887,0.4741,-7.9161,130.715,ppo_car_spread_a_sampling
51.1810,-0.27013,0.2134,0.0000,-0.20226,0.20253,0.32509,112.0,1.0000,-22.9919,0.4741,-7.9137,130.722,ppo_car_spread_a_sampling
51.2010,-0.27013,0.2134,0.0000,-0.17781,0.17808,0.47634,112.0,1.0000,-22.9946,0.4741,-7.9116,130.726,ppo_car_spread_a_sampling
51.2210,-0.27013,0.2134,0.0000,-0.15193,0.15220,0.45682,112.0,1.0000,-22.9970,0.4741,-7.9098,130.732,ppo_car_spread_a_sampling
51.2410,-0.33237,0.0000,0.0495,-0.13954,0.13979,0.31960,112.0,1.0000,-22.9991,0.4741,-7.9081,130.737,ppo_car_spread_a_sampling
51.2610,-0.40836,0.0000,0.0495,-0.13798,0.13832,0.37578,-10.4,1.0000,-23.0013,0.4741,-7.9065,130.747,ppo_car_spread_a_sampling
51.2810,-0.49138,0.0000,0.0495,-0.14559,0.14607,0.11622,-10.4,1.0000,-23.0036,0.4741,-7.9049,130.758,ppo_car_spread_a_sampling
51.3010,-0.55611,0.0000,0.0495,-0.14531,0.14601,0.16041,-10.4,1.0000,-23.0059,0.4741,-7.9032,130.772,ppo_car_spread_a_sampling
51.3210,-0.50017,0.2641,0.0000,-0.13939,0.14022,0.42649,-10.4,1.0000,-23.0082,0.4741,-7.9017,130.786,ppo_car_spread_a_sampling
51.3410,-0.41288,0.2641,0.0000,-0.12243,0.12318,0.13323,138.7,1.0000,-23.0102,0.4741,-7.9003,130.799,ppo_car_spread_a_sampling
51.3610,-0.33321,0.2641,0.0000,-0.09533,0.09583,0.17065,138.7,1.0000,-23.0117,0.4741,-7.8993,130.807,ppo_car_spread_a_sampling
51.3810,-0.27287,0.2641,0.0000,-0.06696,0.06722,0.38847,138.7,1.0000,-23.0127,0.4741,-7.8985,130.813,ppo_car_spread_a_sampling
51.4010,-0.34409,0.0000,0.3283,-0.04337,0.04351,0.22402,138.7,1.0000,-23.0134,0.4741,-7.8980,130.818,ppo_car_spread_a_sampling
51.4210,-0.38145,0.0000,0.3283,-0.05653,0.05671,0.27313,-68.9,1.0000,-23.0142,0.4741,-7.8974,130.822,ppo_car_spread_a_sampling
51.4410,-0.38145,0.0000,0.3283,-0.06288,0.06309,0.32904,-68.9,1.0000,-23.0152,0.4741,-7.8967,130.828,ppo_car_spread_a_sampling
51.4610,-0.38145,0.0000,0.3283,-0.07518,0.07545,0.43728,-68.9,1.0000,-23.0164,0.4741,-7.8958,130.833,ppo_car_spread_a_sampling
51.4810,-0.32089,0.0000,0.3901,-0.09243,0.09272,0.44383,-68.9,1.0000,-23.0180,0.4741,-7.8946,130.840,ppo_car_spread_a_sampling
51.5010,-0.22805,0.0000,0.3901,-0.10939,0.10971,0.37422,-81.9,1.0000,-23.0198,0.4741,-7.8933,130.846,ppo_car_spread_a_sampling
51.5210,-0.16596,0.0000,0.3901,-0.12753,0.12775,0.14951,-81.9,1.0000,-23.0218,0.4741,-7.8917,130.852,ppo_car_spread_a_sampling
51.5410,-0.13033,0.0000,0.3901,-0.13384,0.13397,0.36734,-81.9,1.0000,-23.0240,0.4741,-7.8900,130.860,ppo_car_spread_a_sampling
51.5610,-0.07303,0.0000,0.0643,-0.15346,0.15355,0.35148,-81.9,1.0000,-23.0264,0.4741,-7.8880,130.866,ppo_car_spread_a_sampling
51.5810,0.00693,0.0000,0.0643,-0.16108,0.16113,0.24024,-13.5,1.0000,-23.0290,0.4741,-7.8859,130.872,ppo_car_spread_a_sampling
51.6010,0.09331,0.0000,0.0643,-0.15411,0.15411,0.48209,-13.5,1.0000,-23.0314,0.4741,-7.8839,130.875,ppo_car_spread_a_sampling
51.6210,0.11062,0.0000,0.0643,-0.16077,0.16078,0.40309,-13.5,1.0000,-23.0338,0.4741,-7.8817,130.876,ppo_car_spread_a_sampling
51.6410,0.02912,0.0485,0.0000,-0.16285,0.16287,0.42911,-13.5,1.0000,-23.0362,0.4741,-7.8795,130.875,ppo_car_spread_a_sampling
51.6610,-0.05088,0.0485,0.0000,-0.15788,0.15789,0.35879,25.4,1.0000,-23.0386,0.4741,-7.8774,130.870,ppo_car_spread_a_sampling
51.6810,-0.12597,0.0485,0.0000,-0.15334,0.15334,0.32968,25.4,1.0000,-23.0410,0.4741,-7.8753,130.869,ppo_car_spread_a_sampling
51.7010,-0.20267,0.0485,0.0000,-0.15015,0.15017,0.28724,25.4,1.0000,-23.0433,0.4741,-7.8734,130.873,ppo_car_spread_a_sampling
51.7210,-0.25705,0.2552,0.0000,-0.14687,0.14695,0.17540,25.4,1.0000,-23.0456,0.4741,-7.8716,130.876,ppo_car_spread_a_sampling
51.7410,-0.34064,0.2552,0.0000,-0.11682,0.11694,0.43181,134.0,1.0000,-23.0474,0.4741,-7.8701,130.877,ppo_car_spread_a_sampling
51.7610,-0.41844,0.2552,0.0000,-0.09457,0.09475,0.34691,134.0,1.0000,-23.0489,0.4741,-7.8690,130.885,ppo_car_spread_a_sampling
51.7810,-0.41844,0.2552,0.0000,-0.07233,0.07253,0.13038,134.0,1.0000,-23.0500,0.4741,-7.8682,130.889,ppo_car_spread_a_sampling
51.8010,-0.50354,0.0000,0.2056,-0.04780,0.04793,0.28195,134.0,1.0000,-23.0507,0.4741,-7.8677,130.891,ppo_car_spread_a_sampling
51.8210,-0.58190,0.0000,0.2056,-0.04960,0.04985,0.39202,-43.2,1.0000,-23.0515,0.4741,-7.8672,130.894,ppo_car_spread_a_sampling
51.8410,-0.66103,0.0000,0.2056,-0.06418,0.06462,0.23887,-43.2,1.0000,-23.0525,0.4741,-7.8665,130.902,ppo_car_spread_a_sampling
51.8610,-0.71991,0.0000,0.2056,-0.06906,0.06967,0.14865,-43.2,1.0000,-23.0537,0.4741,-7.8657,130.911,ppo_car_spread_a_sampling
51.8810,-0.64381,0.0000,0.2071,-0.07315,0.07402,0.39784,-43.2,1.0000,-23.0550,0.4741,-7.8650,130.920,ppo_car_spread_a_sampling
51.9010,-0.56563,0.0000,0.2071,-0.08770,0.08857,0.22420,-43.5,1.0000,-23.0565,0.4741,-7.8640,130.931,ppo_car_spread_a_sampling
51.9210,-0.48448,0.0000,0.2071,-0.09790,0.09870,0.21240,-43.5,1.0000,-23.0581,0.4741,-7.8629,130.941,ppo_car_spread_a_sampling
51.9410,-0.42656,0.0000,0.2071,-0.09856,0.09916,0.44431,-43.5,1.0000,-23.0598,0.4741,-7.8618,130.951,ppo_car_spread_a_sampling
51.9610,-0.34559,0.0000,0.2046,-0.10734,0.10786,0.40137,-43.5,1.0000,-23.0616,0.4741,-7.8605,130.963,ppo_car_spread_a_sampling
51.9810,-0.27118,0.0000,0.2046,-0.11652,0.11693,0.41732,-43.0,1.0000,-23.0635,0.4741,-7.8591,130.968,ppo_car_spread_a_sampling
52.0010,-0.21046,0.0000,0.2046,-0.12393,0.12421,0.17072,-43.0,1.0000,-23.0655,0.4741,-7.8576,130.976,ppo_car_spread_a_sampling
52.0210,-0.21046,0.0000,0.2046,-0.13262,0.13280,0.46471,-43.0,1.0000,-23.0676,0.4741,-7.8559,130.984,ppo_car_spread_a_sampling
52.0410,-0.27124,0.0000,0.0485,-0.14242,0.14259,0.09508,-43.0,1.0000,-23.0699,0.4741,-7.8541,130.991,ppo_car_spread_a_sampling
52.0610,-0.34703,0.0000,0.0485,-0.13631,0.13651,0.46299,-10.2,1.0000,-23.0721,0.4741,-7.8524,130.996,ppo_car_spread_a_sampling
52.0810,-0.35424,0.0000,0.0485,-0.14377,0.14411,0.27984,-10.2,1.0000,-23.0744,0.4741,-7.8507,131.006,ppo_car_spread_a_sampling
52.1010,-0.35424,0.0000,0.0485,-0.14057,0.14095,0.36771,-10.2,1.0000,-23.0766,0.4741,-7.8490,131.016,ppo_car_spread_a_sampling
52.1210,-0.27174,0.3655,0.0000,-0.14626,0.14669,0.27098,-10.2,1.0000,-23.0790,0.4741,-7.8472,131.026,ppo_car_spread_a_sampling
52.1410,-0.23042,0.3655,0.0000,-0.11382,0.11409,0.22264,191.9,1.0000,-23.0808,0.4741,-7.8458,131.032,ppo_car_spread_a_sampling
52.1610,-0.23042,0.3655,0.0000,-0.08298,0.08313,0.27238,191.9,1.0000,-23.0821,0.4741,-7.8449,131.034,ppo_car_spread_a_sampling
52.1810,-0.23042,0.3655,0.0000,-0.04852,0.04861,0.33213,191.9,1.0000,-23.0828,0.4741,-7.8443,131.034,ppo_car_spread_a_sampling
52.2010,-0.30601,0.0000,0.1466,-0.00993,0.00997,0.38808,191.9,1.0000,-23.0829,0.4741,-7.8442,131.033,ppo_car_spread_a_sampling
52.2210,-0.38205,0.0000,0.1466,-0.00592,0.00592,0.34129,-30.8,1.0000,-23.0829,0.4741,-7.8442,131.035,ppo_car_spread_a_sampling
52.2410,-0.43699,0.0000,0.1466,-0.01614,0.01619,0.37473,-30.8,1.0000,-23.0831,0.4741,-7.8440,131.033,ppo_car_spread_a_sampling
52.2610,-0.51709,0.0000,0.1466,-0.02121,0.02129,0.38043,-30.8,1.0000,-23.0834,0.4741,-7.8438,131.030,ppo_car_spread_a_sampling
52.2810,-0.43845,0.0000,0.1603,-0.02823,0.02837,0.32971,-30.8,1.0000,-23.0839,0.4741,-7.8435,131.033,ppo_car_spread_a_sampling
52.3010,-0.37495,0.0000,0.1603,-0.03663,0.03679,0.29019,-33.7,1.0000,-23.0845,0.4741,-7.8431,131.040,ppo_car_spread_a_sampling
52.3210,-0.29723,0.0000,0.1603,-0.04306,0.04320,0.29702,-33.7,1.0000,-23.0852,0.4741,-7.8425,131.043,ppo_car_spread_a_sampling
52.3410,-0.22345,0.0000,0.1603,-0.04812,0.04825,0.21929,-33.7,1.0000,-23.0860,0.4741,-7.8419,131.047,ppo_car_spread_a_sampling
52.3610,-0.28523,0.0519,0.0000,-0.04670,0.04678,0.39912,-33.7,1.0000,-23.0867,0.4741,-7.8414,131.051,ppo_car_spread_a_sampling
52.3810,-0.35611,0.0519,0.0000,-0.05415,0.05426,0.28779,27.2,1.0000,-23.0876,0.4741,-7.8407,131.051,ppo_car_spread_a_sampling
52.4010,-0.35611,0.0519,0.0000,-0.04760,0.04774,0.22459,27.2,1.0000,-23.0884,0.4741,-7.8401,131.054,ppo_car_spread_a_sampling
52.4210,-0.35611,0.0519,0.0000,-0.03640,0.03650,0.18553,27.2,1.0000,-23.0890,0.4741,-7.8396,131.056,ppo_car_spread_a_sampling
52.4410,-0.43952,0.0000,0.0102,-0.02427,0.02433,0.37647,27.2,1.0000,-23.0894,0.4741,-7.8393,131.059,ppo_car_spread_a_sampling
52.4610,-0.50005,0.0000,0.0102,-0.03774,0.03792,0.30682,-2.1,1.0000,-23.0900,0.4741,-7.8389,131.059,ppo_car_spread_a_sampling
52.4810,-0.57715,0.0000,0.0102,-0.03482,0.03500,0.32074,-2.1,1.0000,-23.0906,0.4741,-7.8385,131.065,ppo_car_spread_a_sampling
52.5010,-0.64891,0.0000,0.0102,-0.02960,0.02982,0.30570,-2.1,1.0000,-23.0911,0.4741,-7.8381,131.066,ppo_car_spread_a_sampling
52.5210,-0.56630,0.0000,0.2633,-0.03447,0.03482,0.37159,-2.1,1.0000,-23.0917,0.4741,-7.8378,131.073,ppo_car_spread_a_sampling
52.5410,-0.48232,0.0000,0.2633,-0.03870,0.03901,0.40939,-55.3,1.0000,-23.0924,0.4741,-7.8373,131.078,ppo_car_spread_a_sampling
52.5610,-0.41026,0.0000,0.2633,-0.05847,0.05881,0.27037,-55.3,1.0000,-23.0934,0.4741,-7.8366,131.081,ppo_car_spread_a_sampling
52.5810,-0.35445,0.0000,0.2633,-0.05980,0.06003,0.41667,-55.3,1.0000,-23.0944,0.4741,-7.8359,131.086,ppo_car_spread_a_sampling
52.6010,-0.28289,0.0297,0.0000,-0.07156,0.07176,0.39302,-55.3,1.0000,-23.0956,0.4741,-7.8350,131.090,ppo_car_spread_a_sampling
52.6210,-0.19591,0.0297,0.0000,-0.07467,0.07485,0.17225,15.6,1.0000,-23.0968,0.4741,-7.8341,131.097,ppo_car_spread_a_sampling
52.6410,-0.12479,0.0297,0.0000,-0.07187,0.07197,0.17507,15.6,1.0000,-23.0979,0.4741,-7.8332,131.103,ppo_car_spread_a_sampling
52.6610,-0.06115,0.0297,0.0000,-0.06772,0.06777,0.27643,15.6,1.0000,-23.0990,0.4741,-7.8323,131.108,ppo_car_spread_a_sampling
52.6810,-0.13241,0.0000,0.0168,-0.06431,0.06433,0.29520,15.6,1.0000,-23.1000,0.4741,-7.8315,131.109,ppo_car_spread_a_sampling
52.7010,-0.18554,0.0000,0.0168,-0.06010,0.06012,0.39988,-3.5,1.0000,-23.1009,0.4741,-7.8307,131.113,ppo_car_spread_a_sampling
52.7210,-0.18554,0.0000,0.0168,-0.06940,0.06944,0.40801,-3.5,1.0000,-23.1020,0.4741,-7.8299,131.112,ppo_car_spread_a_sampling
52.7410,-0.18554,0.0000,0.0168,-0.07081,0.07086,0.25655,-3.5,1.0000,-23.1031,0.4741,-7.8290,131.111,ppo_car_spread_a_sampling
52.7610,-0.26861,0.0000,0.1377,-0.06847,0.06853,0.38754,-3.5,1.0000,-23.1041,0.4741,-7.8281,131.117,ppo_car_spread_a_sampling
52.7810,-0.32391,0.0000,0.1377,-0.07605,0.07614,0.23056,-28.9,1.0000,-23.1053,0.4741,-7.8272,131.121,ppo_car_spread_a_sampling
52.8010,-0.39406,0.0000,0.1377,-0.07297,0.07312,0.39355,-28.9,1.0000,-23.1065,0.4741,-7.8263,131.126,ppo_car_spread_a_sampling
52.8210,-0.45236,0.0000,0.1377,-0.07964,0.07987,0.39557,-28.9,1.0000,-23.1078,0.4741,-7.8253,131.135,ppo_car_spread_a_sampling
52.8410,-0.51770,0.6720,0.0000,-0.08670,0.08707,0.14629,-28.9,1.0000,-23.1092,0.4741,-7.8243,131.143,ppo_car_spread_a_sampling
52.8610,-0.53759,0.6720,0.0000,-0.01971,0.01986,0.38377,352.8,1.0000,-23.1095,0.4741,-7.8241,131.149,ppo_car_spread_a_sampling
52.8810,-0.53759,0.6720,0.0000,0.04231,0.04262,0.24604,352.8,1.0000,-23.1087,0.4741,-7.8247,131.144,ppo_car_spread_a_sampling
52.9010,-0.53759,0.6720,0.0000,0.10303,0.10368,0.45001,352.8,1.0000,-23.1068,0.4741,-7.8259,131.135,ppo_car_spread_a_sampling
52.9210,-0.46572,0.0000,0.2607,0.16887,0.16994,0.47592,352.8,1.0000,-23.1039,0.4741,-7.8280,131.118,ppo_car_spread_a_sampling
52.9410,-0.38308,0.0000,0.2607,0.17945,0.18057,0.00000,0.0,1.0000,-23.1008,0.4741,-7.8301,131.100,ppo_car_spread_a_sampling
52.9610,-0.32169,0.0000,0.2607,0.00249,0.01081,0.00000,0.0,1.0000,-23.1007,0.4741,-7.8299,131.101,ppo_car_spread_a_sampling
52.9810,-0.23530,0.0000,0.2607,-0.01379,0.01398,0.33788,-54.7,1.0000,-23.1009,0.4741,-7.8296,131.100,ppo_car_spread_a_sampling
53.0010,-0.31502,0.3779,0.0000,-0.01905,0.01905,0.18778,-54.7,1.0000,-23.1013,0.4741,-7.8293,131.102,ppo_car_spread_a_sampling
53.0210,-0.39156,0.3779,0.0000,0.01501,0.01505,0.41536,198.4,1.0000,-23.1010,0.4741,-7.8295,131.103,ppo_car_spread_a_sampling
53.0410,-0.44822,0.3779,0.0000,0.05818,0.05840,0.10534,198.4,1.0000,-23.1001,0.4741,-7.8302,131.098,ppo_car_spread_a_sampling
53.0610,-0.53016,0.3779,0.0000,0.08868,0.08909,0.46276,198.4,1.0000,-23.0986,0.4741,-7.8313,131.094,ppo_car_spread_a_sampling
53.0810,-0.60157,0.0001,0.0000,0.12446,0.12524,0.46349,198.4,1.0000,-23.0965,0.4741,-7.8327,131.079,ppo_car_spread_a_sampling
53.1010,-0.67873,0.0001,0.0000,0.13224,0.13329,0.11538,0.0,1.0000,-23.0943,0.4741,-7.8342,131.062,ppo_car_spread_a_sampling
53.1210,-0.75718,0.0001,0.0000,0.11966,0.12083,0.45760,0.0,1.0000,-23.0923,0.4741,-7.8355,131.049,ppo_car_spread_a_sampling
53.1410,-0.82965,0.0001,0.0000,0.12379,0.12545,0.44338,0.0,1.0000,-23.0901,0.4741,-7.8368,131.029,ppo_car_spread_a_sampling
53.1610,-0.75753,0.0000,0.0462,0.12595,0.12777,0.35237,0.0,1.0000,-23.0879,0.4741,-7.8381,131.012,ppo_car_spread_a_sampling
53.1810,-0.71719,0.0000,0.0462,0.13755,0.13975,0.00000,0.0,1.0000,-23.0855,0.4741,-7.8396,130.986,ppo_car_spread_a_sampling
53.2010,-0.71719,0.0000,0.0462,0.00303,0.00898,0.00000,0.0,1.0000,-23.0855,0.4741,-7.8394,130.987,ppo_car_spread_a_sampling
53.2210,-0.71719,0.0000,0.0462,-0.00129,0.00353,0.27705,-9.7,1.0000,-23.0856,0.4741,-7.8392,130.987,ppo_car_spread_a_sampling
53.2410,-0.64028,0.2517,0.0000,-0.00550,0.00554,0.29635,-9.7,1.0000,-23.0857,0.4741,-7.8391,130.987,ppo_car_spread_a_sampling
53.2610,-0.58180,0.2517,0.0000,0.02222,0.02246,0.16003,132.1,1.0000,-23.0854,0.4741,-7.8393,130.984,ppo_car_spread_a_sampling
53.2810,-0.50582,0.2517,0.0000,0.05104,0.05145,0.22071,132.1,1.0000,-23.0846,0.4741,-7.8399,130.976,ppo_car_spread_a_sampling
53.3010,-0.42305,0.2517,0.0000,0.06978,0.07024,0.23613,132.1,1.0000,-23.0834,0.4741,-7.8407,130.968,ppo_car_spread_a_sampling
53.3210,-0.35379,0.0000,0.1866,0.09746,0.09792,0.17078,132.1,1.0000,-23.0818,0.4741,-7.8418,130.959,ppo_car_spread_a_sampling
53.3410,-0.27684,0.0000,0.1866,0.09184,0.09218,0.14284,-39.2,1.0000,-23.0803,0.4741,-7.8429,130.952,ppo_car_spread_a_sampling
53.3610,-0.23693,0.0000,0.1866,0.08250,0.08272,0.39268,-39.2,1.0000,-23.0790,0.4741,-7.8439,130.949,ppo_car_spread_a_sampling
53.3810,-0.23693,0.0000,0.1866,0.07757,0.07770,0.17642,-39.2,1.0000,-23.0778,0.4741,-7.8449,130.943,ppo_car_spread_a_sampling
53.4010,-0.28356,0.0000,0.0591,0.07350,0.07360,0.25410,-39.2,1.0000,-23.0766,0.4741,-7.8458,130.939,ppo_car_spread_a_sampling
53.4210,-0.28356,0.0000,0.0591,0.07032,0.07043,0.36916,-12.4,1.0000,-23.0755,0.4741,-7.8467,130.937,ppo_car_spread_a_sampling
53.4410,-0.28356,0.0000,0.0591,0.07478,0.07493,0.26708,-12.4,1.0000,-23.0743,0.4741,-7.8476,130.933,ppo_car_spread_a_sampling
53.4610,-0.28356,0.0000,0.0591,0.06380,0.06392,0.31926,-12.4,1.0000,-23.0733,0.4741,-7.8484,130.927,ppo_car_spread_a_sampling
53.4810,-0.19608,0.0000,0.1061,0.06127,0.06140,0.23870,-12.4,1.0000,-23.0724,0.4741,-7.8491,130.920,ppo_car_spread_a_sampling
53.5010,-0.16251,0.0000,0.1061,0.06264,0.06272,0.26382,-22.3,1.0000,-23.0714,0.4741,-7.8499,130.917,ppo_car_spread_a_sampling
53.5210,-0.16251,0.0000,0.1061,0.05376,0.05380,0.13340,-22.3,1.0000,-23.0705,0.4741,-7.8506,130.913,ppo_car_spread_a_sampling
53.5410,-0.16251,0.0000,0.1061,0.04760,0.04763,0.28677,-22.3,1.0000,-23.0698,0.4741,-7.8511,130.914,ppo_car_spread_a_sampling
53.5610,-0.24087,0.0000,0.1029,0.04880,0.04884,0.28442,-22.3,1.0000,-23.0691,0.4741,-7.8518,130.912,ppo_car_spread_a_sampling
53.5810,-0.25024,0.0000,0.1029,0.03473,0.03477,0.40099,-21.6,1.0000,-23.0685,0.4741,-7.8522,130.911,ppo_car_spread_a_sampling
53.6010,-0.25024,0.0000,0.1029,0.03349,0.03352,0.27514,-21.6,1.0000,-23.0680,0.4741,-7.8526,130.908,ppo_car_spread_a_sampling
53.6210,-0.25024,0.0000,0.1029,0.02817,0.02820,0.20665,-21.6,1.0000,-23.0676,0.4741,-7.8529,130.906,ppo_car_spread_a_sampling
53.6410,-0.16233,0.2679,0.0000,0.02491,0.02494,0.14835,-21.6,1.0000,-23.0672,0.4741,-7.8532,130.904,ppo_car_spread_a_sampling
53.6610,-0.10432,0.2679,0.0000,0.05289,0.05292,0.20867,140.6,1.0000,-23.0663,0.4741,-7.8539,130.904,ppo_car_spread_a_sampling
53.6810,-0.02644,0.2679,0.0000,0.08388,0.08391,0.19319,140.6,1.0000,-23.0650,0.4741,-7.8550,130.902,ppo_car_spread_a_sampling
53.7010,0.04372,0.2679,0.0000,0.10241,0.10242,0.37157,140.6,1.0000,-23.0634,0.4741,-7.8563,130.901,ppo_car_spread_a_sampling
53.7210,-0.00208,0.0000,0.1485,0.13370,0.13370,0.25323,140.6,1.0000,-23.0613,0.4741,-7.8582,130.902,ppo_car_spread_a_sampling
53.7410,-0.00208,0.0000,0.1485,0.13465,0.13465,0.00000,0.0,1.0000,-23.0592,0.4741,-7.8600,130.899,ppo_car_spread_a_sampling
53.7610,-0.00208,0.0000,0.1485,0.00344,0.00345,0.00000,0.0,1.0000,-23.0592,0.4741,-7.8599,130.900,ppo_car_spread_a_sampling
53.7810,-0.00208,0.0000,0.1485,-0.00375,0.00375,0.30360,-31.2,1.0000,-23.0593,0.4741,-7.8598,130.899,ppo_car_spread_a_sampling
53.8010,-0.07711,0.0000,0.0252,-0.00956,0.00956,0.34167,-31.2,1.0000,-23.0595,0.4741,-7.8597,130.901,ppo_car_spread_a_sampling
53.8210,-0.16339,0.0000,0.0252,-0.01333,0.01333,0.34064,-5.3,1.0000,-23.0598,0.4741,-7.8595,130.905,ppo_car_spread_a_sampling
53.8410,-0.17330,0.0000,0.0252,-0.00919,0.00919,0.28616,-5.3,1.0000,-23.0599,0.4741,-7.8593,130.904,ppo_car_spread_a_sampling
53.8610,-0.17330,0.0000,0.0252,-0.01278,0.01279,0.32815,-5.3,1.0000,-23.0602,0.4741,-7.8592,130.903,ppo_car_spread_a_sampling
53.8810,-0.15493,0.0000,0.1937,-0.00648,0.00648,0.22842,-5.3,1.0000,-23.0603,0.4741,-7.8591,130.903,ppo_car_spread_a_sampling
53.9010,-0.15493,0.0000,0.1937,-0.01380,0.01381,0.40060,-40.7,1.0000,-23.0605,0.4741,-7.8589,130.902,ppo_car_spread_a_sampling
53.9210,-0.15493,0.0000,0.1937,-0.02335,0.02335,0.38915,-40.7,1.0000,-23.0609,0.4741,-7.8586,130.906,ppo_car_spread_a_sampling
53.9410,-0.15493,0.0000,0.1937,-0.03590,0.03592,0.15377,-40.7,1.0000,-23.0614,0.4741,-7.8581,130.906,ppo_car_spread_a_sampling
53.9610,-0.09396,0.2800,0.0000,-0.04159,0.04162,0.24964,-40.7,1.0000,-23.0621,0.4741,-7.8576,130.906,ppo_car_spread_a_sampling
53.9810,-0.01119,0.2800,0.0000,-0.01194,0.01196,0.34863,147.0,1.0000,-23.0623,0.4741,-7.8574,130.909,ppo_car_spread_a_sampling
54.0011,0.05418,0.2800,0.0000,0.01589,0.01590,0.26299,147.0,1.0000,-23.0620,0.4741,-7.8577,130.909,ppo_car_spread_a_sampling
54.0211,0.05418,0.2800,0.0000,0.04064,0.04065,0.20545,147.0,1.0000,-23.0613,0.4741,-7.8583,130.911,ppo_car_spread_a_sampling
54.0411,0.10825,0.2779,0.0000,0.06931,0.06931,0.18557,147.0,1.0000,-23.0602,0.4741,-7.8592,130.912,ppo_car_spread_a_sampling
54.0611,0.10825,0.2779,0.0000,0.09233,0.09235,0.21170,145.9,1.0000,-23.0588,0.4741,-7.8605,130.914,ppo_car_spread_a_sampling
54.0811,0.10825,0.2779,0.0000,0.12022,0.12026,0.39780,145.9,1.0000,-23.0569,0.4741,-7.8622,130.915,ppo_car_spread_a_sampling
54.1011,0.10825,0.2779,0.0000,0.15372,0.15376,0.09414,145.9,1.0000,-23.0546,0.4741,-7.8644,130.918,ppo_car_spread_a_sampling
54.1211,0.01372,0.0000,0.6260,0.17361,0.17366,0.31274,145.9,1.0000,-23.0519,0.4741,-7.8668,130.922,ppo_car_spread_a_sampling
54.1411,-0.05869,0.0000,0.6260,0.18783,0.18784,0.00000,0.0,1.0000,-23.0490,0.4741,-7.8693,130.924,ppo_car_spread_a_sampling
54.1611,-0.12269,0.0000,0.6260,0.00490,0.00490,0.00000,0.0,1.0000,-23.0491,0.4741,-7.8693,130.925,ppo_car_spread_a_sampling
54.1811,-0.17275,0.0000,0.6260,-0.02176,0.02177,0.31593,-131.5,1.0000,-23.0495,0.4741,-7.8689,130.925,ppo_car_spread_a_sampling
54.2011,-0.10831,0.2677,0.0000,-0.04935,0.04939,0.25854,-131.5,1.0000,-23.0503,0.4741,-7.8682,130.929,ppo_car_spread_a_sampling
54.2211,-0.02344,0.2677,0.0000,-0.01995,0.01996,0.17520,140.6,1.0000,-23.0507,0.4741,-7.8679,130.931,ppo_car_spread_a_sampling
54.2411,0.01609,0.2677,0.0000,0.01330,0.01330,0.32116,140.6,1.0000,-23.0505,0.4741,-7.8681,130.931,ppo_car_spread_a_sampling
54.2611,0.01609,0.2677,0.0000,0.03403,0.03403,0.22328,140.6,1.0000,-23.0500,0.4741,-7.8685,130.933,ppo_car_spread_a_sampling
54.2811,-0.04090,0.0000,0.0621,0.05798,0.05798,0.19757,140.6,1.0000,-23.0491,0.4741,-7.8693,130.933,ppo_car_spread_a_sampling
54.3011,-0.04090,0.0000,0.0621,0.05940,0.05940,0.26501,-13.0,1.0000,-23.0482,0.4741,-7.8701,130.933,ppo_car_spread_a_sampling
54.3211,-0.04090,0.0000,0.0621,0.05900,0.05900,0.27461,-13.0,1.0000,-23.0473,0.4741,-7.8708,130.937,ppo_car_spread_a_sampling
54.3411,-0.04090,0.0000,0.0621,0.05808,0.05808,0.40626,-13.0,1.0000,-23.0464,0.4741,-7.8716,130.940,ppo_car_spread_a_sampling
54.3611,-0.05211,0.0000,0.4985,0.04990,0.04990,0.18126,-13.0,1.0000,-23.0457,0.4741,-7.8722,130.940,ppo_car_spread_a_sampling
54.3811,-0.05211,0.0000,0.4985,0.02752,0.02752,0.33902,-104.7,1.0000,-23.0453,0.4741,-7.8726,130.941,ppo_car_spread_a_sampling
54.4011,-0.05211,0.0000,0.4985,0.01006,0.01006,0.36086,-104.7,1.0000,-23.0452,0.4741,-7.8727,130.945,ppo_car_spread_a_sampling
54.4211,-0.05211,0.0000,0.4985,-0.00111,0.00111,0.30505,-104.7,1.0000,-23.0452,0.4741,-7.8727,130.945,ppo_car_spread_a_sampling
54.4411,-0.11346,0.2413,0.0000,-0.02252,0.02252,0.24277,-104.7,1.0000,-23.0456,0.4741,-7.8723,130.944,ppo_car_spread_a_sampling
54.4611,-0.20525,0.2413,0.0000,-0.00839,0.00839,0.30984,126.7,1.0000,-23.0457,0.4741,-7.8722,130.947,ppo_car_spread_a_sampling
54.4811,-0.28357,0.2413,0.0000,0.01713,0.01716,0.19661,126.7,1.0000,-23.0455,0.4741,-7.8724,130.945,ppo_car_spread_a_sampling
54.5011,-0.35736,0.2413,0.0000,0.04034,0.04043,0.30669,126.7,1.0000,-23.0448,0.4741,-7.8729,130.939,ppo_car_spread_a_sampling
54.5211,-0.29373,0.1372,0.0000,0.07262,0.07282,0.19623,126.7,1.0000,-23.0436,0.4741,-7.8738,130.934,ppo_car_spread_a_sampling
54.5411,-0.21116,0.1372,0.0000,0.08162,0.08179,0.20453,72.1,1.0000,-23.0422,0.4741,-7.8749,130.930,ppo_car_spread_a_sampling
54.5611,-0.13420,0.1372,0.0000,0.09397,0.09410,0.20673,72.1,1.0000,-23.0407,0.4741,-7.8761,130.922,ppo_car_spread_a_sampling
54.5811,-0.07448,0.1372,0.0000,0.10702,0.10709,0.17277,72.1,1.0000,-23.0390,0.4741,-7.8774,130.916,ppo_car_spread_a_sampling
54.6011,0.00769,0.1499,0.0000,0.12100,0.12103,0.10896,72.1,1.0000,-23.0371,0.4741,-7.8790,130.912,ppo_car_spread_a_sampling
54.6211,0.00769,0.1499,0.0000,0.12959,0.12959,0.42083,78.7,1.0000,-23.0351,0.4741,-7.8807,130.914,ppo_car_spread_a_sampling
54.6411,0.00769,0.1499,0.0000,0.14822,0.14822,0.29044,78.7,1.0000,-23.0328,0.4741,-7.8827,130.915,ppo_car_spread_a_sampling
54.6611,0.00769,0.1499,0.0000,0.16515,0.16515,0.24648,78.7,1.0000,-23.0302,0.4741,-7.8849,130.917,ppo_car_spread_a_sampling
54.6811,-0.06208,0.0000,0.2690,0.17784,0.17784,0.32552,78.7,1.0000,-23.0275,0.4741,-7.8873,130.916,ppo_car_spread_a_sampling
54.7011,-0.13820,0.0000,0.2690,0.18952,0.18953,0.00000,0.0,1.0000,-23.0246,0.4741,-7.8898,130.918,ppo_car_spread_a_sampling
54.7211,-0.22166,0.0000,0.2690,0.00552,0.00614,0.00000,0.0,1.0000,-23.0246,0.4741,-7.8897,130.920,ppo_car_spread_a_sampling
54.7411,-0.27773,0.0000,0.2690,-0.00873,0.00875,0.36829,-56.5,1.0000,-23.0248,0.4741,-7.8895,130.916,ppo_car_spread_a_sampling
54.7611,-0.24892,0.2768,0.0000,-0.01669,0.01671,0.31996,-56.5,1.0000,-23.0252,0.4741,-7.8892,130.918,ppo_car_spread_a_sampling
54.7811,-0.24892,0.2768,0.0000,0.01267,0.01270,0.25986,145.3,1.0000,-23.0250,0.4741,-7.8893,130.916,ppo_car_spread_a_sampling
54.8011,-0.24892,0.2768,0.0000,0.03520,0.03525,0.22395,145.3,1.0000,-23.0245,0.4741,-7.8897,130.913,ppo_car_spread_a_sampling
54.8211,-0.24892,0.2768,0.0000,0.06426,0.06434,0.33635,145.3,1.0000,-23.0235,0.4741,-7.8905,130.911,ppo_car_spread_a_sampling
54.8411,-0.17852,0.0785,0.0000,0.09201,0.09213,0.42788,145.3,1.0000,-23.0220,0.4741,-7.8917,130.909,ppo_car_spread_a_sampling
54.8611,-0.09979,0.0785,0.0000,0.09131,0.09139,0.45499,41.2,1.0000,-23.0206,0.4741,-7.8928,130.907,ppo_car_spread_a_sampling
54.8811,-0.02484,0.0785,0.0000,0.10270,0.10274,0.44349,41.2,1.0000,-23.0190,0.4741,-7.8941,130.904,ppo_car_spread_a_sampling
54.9011,0.04219,0.0785,0.0000,0.11462,0.11463,0.18269,41.2,1.0000,-23.0172,0.4741,-7.8956,130.901,ppo_car_spread_a_sampling
54.9211,-0.01865,0.0000,0.0338,0.11633,0.11633,0.39872,41.2,1.0000,-23.0154,0.4741,-7.8972,130.902,ppo_car_spread_a_sampling
54.9411,-0.10022,0.0000,0.0338,0.15593,0.15593,0.00000,0.0,1.0000,-23.0130,0.4741,-7.8992,130.901,ppo_car_spread_a_sampling
54.9611,-0.18313,0.0000,0.0338,0.00408,0.00431,0.00000,0.0,1.0000,-23.0130,0.4741,-7.8992,130.902,ppo_car_spread_a_sampling
54.9811,-0.25533,0.0000,0.0338,0.00202,0.00210,0.17926,-7.1,1.0000,-23.0130,0.4741,-7.8992,130.901,ppo_car_spread_a_sampling
55.0011,-0.33630,0.3681,0.0000,0.00725,0.00728,0.35672,-7.1,1.0000,-23.0130,0.4741,-7.8992,130.899,ppo_car_spread_a_sampling
55.0211,-0.39533,0.3681,0.0000,0.03478,0.03486,0.26650,193.2,1.0000,-23.0124,0.4741,-7.8996,130.896,ppo_car_spread_a_sampling
55.0411,-0.48314,0.3681,0.0000,0.07546,0.07572,0.21932,193.2,1.0000,-23.0112,0.4741,-7.9005,130.894,ppo_car_spread_a_sampling
55.0611,-0.51582,0.3681,0.0000,0.10706,0.10756,0.30335,193.2,1.0000,-23.0094,0.4741,-7.9018,130.884,ppo_car_spread_a_sampling
55.0811,-0.52667,0.0000,0.2108,0.14265,0.14344,0.39506,193.2,1.0000,-23.0069,0.4741,-7.9035,130.872,ppo_car_spread_a_sampling
55.1011,-0.52667,0.0000,0.2108,0.15101,0.15206,0.00000,0.0,1.0000,-23.0043,0.4741,-7.9052,130.853,ppo_car_spread_a_sampling
55.1211,-0.52667,0.0000,0.2108,0.00235,0.00898,0.00000,0.0,1.0000,-23.0043,0.4741,-7.9050,130.853,ppo_car_spread_a_sampling
55.1411,-0.52667,0.0000,0.2108,-0.00440,0.00467,0.20920,-44.3,1.0000,-23.0044,0.4741,-7.9049,130.855,ppo_car_spread_a_sampling
55.1611,-0.61324,0.6693,0.0000,-0.01186,0.01191,0.21203,-44.3,1.0000,-23.0046,0.4741,-7.9048,130.856,ppo_car_spread_a_sampling
55.1811,-0.67396,0.6693,0.0000,0.05289,0.05344,0.16642,351.4,1.0000,-23.0037,0.4741,-7.9053,130.850,ppo_car_spread_a_sampling
55.2011,-0.76495,0.6693,0.0000,0.11100,0.11231,0.36750,351.4,1.0000,-23.0017,0.4741,-7.9066,130.833,ppo_car_spread_a_sampling
55.2211,-0.79752,0.6693,0.0000,0.17408,0.17626,0.48519,351.4,1.0000,-22.9986,0.4741,-7.9085,130.808,ppo_car_spread_a_sampling
55.2411,-0.77251,0.0000,0.0025,0.24082,0.24444,0.28270,351.4,1.0000,-22.9943,0.4741,-7.9111,130.771,ppo_car_spread_a_sampling
55.2611,-0.77251,0.0000,0.0025,0.20388,0.20656,0.54566,0.0,1.0000,-22.9907,0.4741,-7.9132,130.732,ppo_car_spread_a_sampling
55.2811,-0.77251,0.0000,0.0025,0.03744,0.04139,0.00000,0.0,1.0000,-22.9904,0.4741,-7.9139,130.670,ppo_car_spread_a_sampling
55.3011,-0.77251,0.0000,0.0025,0.03580,0.03581,0.31688,-0.5,1.0000,-22.9900,0.4741,-7.9144,130.649,ppo_car_spread_a_sampling
55.3211,-0.68819,0.8831,0.0000,0.03848,0.03876,0.21830,-0.5,1.0000,-22.9894,0.4741,-7.9148,130.640,ppo_car_spread_a_sampling
55.3411,-0.61851,0.8831,0.0000,0.12826,0.12973,0.27602,463.6,1.0000,-22.9871,0.4741,-7.9162,130.622,ppo_car_spread_a_sampling
55.3611,-0.53530,0.8831,0.0000,0.20537,0.20738,0.56507,463.6,1.0000,-22.9836,0.4741,-7.9185,130.598,ppo_car_spread_a_sampling
55.3811,-0.47459,0.8831,0.0000,0.29374,0.29593,0.42485,463.6,1.0000,-22.9785,0.4741,-7.9218,130.565,ppo_car_spread_a_sampling
55.4011,-0.54621,0.0000,0.3428,0.37191,0.37415,0.64595,463.6,1.0000,-22.9722,0.4741,-7.9261,130.528,ppo_car_spread_a_sampling
55.4211,-0.54621,0.0000,0.3428,0.19245,0.19364,0.00000,0.0,1.0000,-22.9690,0.4741,-7.9283,130.516,ppo_car_spread_a_sampling
55.4411,-0.54621,0.0000,0.3428,0.04170,0.04210,0.00000,0.0,1.0000,-22.9686,0.4741,-7.9288,130.449,ppo_car_spread_a_sampling
55.4611,-0.54621,0.0000,0.3428,0.03255,0.03268,0.37024,-72.0,1.0000,-22.9682,0.4741,-7.9291,130.425,ppo_car_spread_a_sampling
55.4811,-0.62652,0.0000,0.2286,0.02126,0.02135,0.30360,-72.0,1.0000,-22.9679,0.4741,-7.9293,130.414,ppo_car_spread_a_sampling
55.5011,-0.69884,0.0000,0.2286,0.00776,0.00780,0.35920,-48.0,1.0000,-22.9679,0.4741,-7.9293,130.411,ppo_car_spread_a_sampling
55.5211,-0.77397,0.0000,0.2286,0.00828,0.00836,0.24022,-48.0,1.0000,-22.9679,0.4741,-7.9294,130.411,ppo_car_spread_a_sampling
55.5411,-0.79946,0.0000,0.2286,-0.00771,0.00788,0.32695,-48.0,1.0000,-22.9681,0.4741,-7.9292,130.416,ppo_car_spread_a_sampling
55.5611,-0.72217,0.0000,0.5729,-0.01072,0.01085,0.23762,-48.0,1.0000,-22.9684,0.4741,-7.9291,130.418,ppo_car_spread_a_sampling
55.5811,-0.64040,0.0000,0.5729,-0.03478,0.03524,0.20270,-120.3,1.0000,-22.9691,0.4741,-7.9287,130.420,ppo_car_spread_a_sampling
55.6011,-0.57773,0.0000,0.5729,-0.06476,0.06539,0.26179,-120.3,1.0000,-22.9702,0.4741,-7.9280,130.426,ppo_car_spread_a_sampling
55.6211,-0.49971,0.0000,0.5729,-0.08150,0.08227,0.39132,-120.3,1.0000,-22.9717,0.4741,-7.9271,130.433,ppo_car_spread_a_sampling
55.6411,-0.43879,0.7292,0.0000,-0.10356,0.10429,0.09612,-120.3,1.0000,-22.9735,0.4741,-7.9259,130.444,ppo_car_spread_a_sampling
55.6611,-0.35336,0.7292,0.0000,-0.02607,0.02630,0.27786,382.8,1.0000,-22.9739,0.4741,-7.9256,130.448,ppo_car_spread_a_sampling
55.6811,-0.29298,0.7292,0.0000,0.03817,0.03826,0.40312,382.8,1.0000,-22.9732,0.4741,-7.9261,130.442,ppo_car_spread_a_sampling
55.7011,-0.20951,0.7292,0.0000,0.11187,0.11208,0.16360,382.8,1.0000,-22.9713,0.4741,-7.9276,130.434,ppo_car_spread_a_sampling
55.7211,-0.12797,0.0977,0.0000,0.18172,0.18194,0.19141,382.8,1.0000,-22.9682,0.4741,-7.9299,130.426,ppo_car_spread_a_sampling
55.7411,-0.04679,0.0977,0.0000,0.19221,0.19234,0.34233,51.3,1.0000,-22.9650,0.4741,-7.9324,130.421,ppo_car_spread_a_sampling
55.7611,0.00429,0.0977,0.0000,0.19652,0.19656,0.49775,51.3,1.0000,-22.9619,0.4741,-7.9350,130.416,ppo_car_spread_a_sampling
55.7811,0.02178,0.0977,0.0000,0.21018,0.21018,0.45281,51.3,1.0000,-22.9585,0.4741,-7.9378,130.416,ppo_car_spread_a_sampling
55.8011,-0.06233,0.0000,0.0814,0.21250,0.21250,0.52695,51.3,1.0000,-22.9552,0.4741,-7.9406,130.417,ppo_car_spread_a_sampling
55.8211,-0.12538,0.0000,0.0814,0.19056,0.19057,0.00000,0.0,1.0000,-22.9522,0.4741,-7.9431,130.415,ppo_car_spread_a_sampling
55.8411,-0.18626,0.0000,0.0814,0.00529,0.00571,0.00000,0.0,1.0000,-22.9522,0.4741,-7.9430,130.416,ppo_car_spread_a_sampling
55.8611,-0.18626,0.0000,0.0814,0.00462,0.00466,0.14906,-17.1,1.0000,-22.9522,0.4741,-7.9430,130.416,ppo_car_spread_a_sampling
55.8811,-0.26882,0.6866,0.0000,0.00100,0.00100,0.20456,-17.1,1.0000,-22.9523,0.4741,-7.9429,130.417,ppo_car_spread_a_sampling
55.9011,-0.32405,0.6866,0.0000,0.06418,0.06428,0.24614,360.5,1.0000,-22.9513,0.4741,-7.9437,130.416,ppo_car_spread_a_sampling
55.9211,-0.41680,0.6866,0.0000,0.12856,0.12883,0.47851,360.5,1.0000,-22.9492,0.4741,-7.9452,130.405,ppo_car_spread_a_sampling
55.9411,-0.47339,0.6866,0.0000,0.19252,0.19327,0.55413,360.5,1.0000,-22.9459,0.4741,-7.9475,130.389,ppo_car_spread_a_sampling
55.9611,-0.44395,0.0000,0.1783,0.26223,0.26346,0.39030,360.5,1.0000,-22.9415,0.4741,-7.9505,130.366,ppo_car_spread_a_sampling
55.9811,-0.44395,0.0000,0.1783,0.19120,0.19178,0.06071,0.0,1.0000,-22.9384,0.4741,-7.9528,130.357,ppo_car_spread_a_sampling
56.0011,-0.44395,0.0000,0.1783,0.00775,0.00807,0.00000,0.0,1.0000,-22.9384,0.4741,-7.9528,130.355,ppo_car_spread_a_sampling
56.0211,-0.44395,0.0000,0.1783,-0.00246,0.00285,0.32747,-37.4,1.0000,-22.9386,0.4741,-7.9527,130.355,ppo_car_spread_a_sampling
56.0411,-0.37755,0.4936,0.0000,-0.00565,0.00578,0.21944,-37.4,1.0000,-22.9388,0.4741,-7.9526,130.356,ppo_car_spread_a_sampling
56.0611,-0.28896,0.4936,0.0000,0.03757,0.03771,0.45926,259.2,1.0000,-22.9382,0.4741,-7.9530,130.355,ppo_car_spread_a_sampling
56.0811,-0.26634,0.4936,0.0000,0.09462,0.09483,0.16707,259.2,1.0000,-22.9367,0.4741,-7.9541,130.349,ppo_car_spread_a_sampling
56.1011,-0.26634,0.4936,0.0000,0.12912,0.12936,0.51518,259.2,1.0000,-22.9346,0.4741,-7.9557,130.342,ppo_car_spread_a_sampling
56.1211,-0.19619,0.2849,0.0000,0.18505,0.18535,0.26002,259.2,1.0000,-22.9316,0.4741,-7.9580,130.333,ppo_car_spread_a_sampling
56.1411,-0.11951,0.2849,0.0000,0.21352,0.21376,0.34679,149.6,1.0000,-22.9281,0.4741,-7.9606,130.323,ppo_car_spread_a_sampling
56.1611,-0.06125,0.2849,0.0000,0.23691,0.23704,0.39059,149.6,1.0000,-22.9243,0.4741,-7.9637,130.316,ppo_car_spread_a_sampling
56.1811,-0.06125,0.2849,0.0000,0.26323,0.26329,0.48582,149.6,1.0000,-22.9202,0.4741,-7.9670,130.314,ppo_car_spread_a_sampling
56.2011,-0.15290,0.0000,0.5060,0.28889,0.28893,0.58389,149.6,1.0000,-22.9156,0.4741,-7.9708,130.312,ppo_car_spread_a_sampling
56.2211,-0.22244,0.0000,0.5060,0.19694,0.19699,0.00000,0.0,1.0000,-22.9126,0.4741,-7.9733,130.308,ppo_car_spread_a_sampling
56.2411,-0.29182,0.0000,0.5060,0.00628,0.00783,0.00000,0.0,1.0000,-22.9126,0.4741,-7.9731,130.309,ppo_car_spread_a_sampling
56.2611,-0.33646,0.0000,0.5060,-0.00921,0.00926,0.38691,-106.3,1.0000,-22.9129,0.4741,-7.9729,130.310,ppo_car_spread_a_sampling
56.2811,-0.30080,0.0466,0.0000,-0.03117,0.03124,0.33478,-106.3,1.0000,-22.9135,0.4741,-7.9724,130.309,ppo_car_spread_a_sampling
56.3011,-0.30080,0.0466,0.0000,-0.03038,0.03042,0.20636,24.4,1.0000,-22.9141,0.4741,-7.9720,130.310,ppo_car_spread_a_sampling
56.3211,-0.30080,0.0466,0.0000,-0.02347,0.02353,0.17063,24.4,1.0000,-22.9145,0.4741,-7.9716,130.311,ppo_car_spread_a_sampling
56.3411,-0.30080,0.0466,0.0000,-0.01779,0.01784,0.28778,24.4,1.0000,-22.9149,0.4741,-7.9714,130.315,ppo_car_spread_a_sampling
56.3611,-0.22410,0.0000,0.1750,-0.01160,0.01165,0.38064,24.4,1.0000,-22.9151,0.4741,-7.9712,130.315,ppo_car_spread_a_sampling
56.3811,-0.13424,0.0000,0.1750,-0.01938,0.01939,0.28758,-36.8,1.0000,-22.9154,0.4741,-7.9710,130.317,ppo_car_spread_a_sampling
56.4011,-0.08023,0.0000,0.1750,-0.02997,0.02998,0.28274,-36.8,1.0000,-22.9159,0.4741,-7.9706,130.314,ppo_car_spread_a_sampling
56.4211,-0.00243,0.0000,0.1750,-0.03558,0.03558,0.13487,-36.8,1.0000,-22.9165,0.4741,-7.9702,130.314,ppo_car_spread_a_sampling
56.4411,-0.06669,0.0000,0.5160,-0.04059,0.04059,0.37376,-36.8,1.0000,-22.9171,0.4741,-7.9696,130.317,ppo_car_spread_a_sampling
56.4611,-0.15883,0.0000,0.5160,-0.06415,0.06416,0.25252,-108.4,1.0000,-22.9181,0.4741,-7.9688,130.317,ppo_car_spread_a_sampling
56.4811,-0.23618,0.0000,0.5160,-0.07772,0.07776,0.23793,-108.4,1.0000,-22.9193,0.4741,-7.9678,130.319,ppo_car_spread_a_sampling
56.5011,-0.31305,0.0000,0.5160,-0.10154,0.10163,0.43777,-108.4,1.0000,-22.9209,0.4741,-7.9666,130.328,ppo_car_spread_a_sampling
56.5211,-0.36870,0.0000,0.3377,-0.11967,0.11988,0.30886,-108.4,1.0000,-22.9229,0.4741,-7.9651,130.335,ppo_car_spread_a_sampling
56.5411,-0.36870,0.0000,0.3377,-0.13643,0.13680,0.15202,-70.9,1.0000,-22.9251,0.4741,-7.9635,130.344,ppo_car_spread_a_sampling
56.5611,-0.36870,0.0000,0.3377,-0.14756,0.14802,0.16124,-70.9,1.0000,-22.9275,0.4741,-7.9618,130.355,ppo_car_spread_a_sampling
56.5811,-0.36870,0.0000,0.3377,-0.15819,0.15871,0.32923,-70.9,1.0000,-22.9301,0.4741,-7.9600,130.366,ppo_car_spread_a_sampling
56.6011,-0.29656,0.4967,0.0000,-0.17361,0.17419,0.24735,-70.9,1.0000,-22.9329,0.4741,-7.9579,130.377,ppo_car_spread_a_sampling
56.6211,-0.23146,0.4967,0.0000,-0.13020,0.13053,0.31575,260.8,1.0000,-22.9350,0.4741,-7.9564,130.384,ppo_car_spread_a_sampling
56.6411,-0.14680,0.4967,0.0000,-0.08092,0.08109,0.20703,260.8,1.0000,-22.9362,0.4741,-7.9555,130.390,ppo_car_spread_a_sampling
56.6611,-0.06457,0.4967,0.0000,-0.02303,0.02310,0.30667,260.8,1.0000,-22.9364,0.4741,-7.9553,130.393,ppo_car_spread_a_sampling
56.6811,-0.00766,0.0444,0.0000,0.01423,0.01424,0.27995,260.8,1.0000,-22.9361,0.4741,-7.9556,130.391,ppo_car_spread_a_sampling
56.7011,-0.00766,0.0444,0.0000,0.02134,0.02134,0.23207,23.3,1.0000,-22.9356,0.4741,-7.9560,130.391,ppo_car_spread_a_sampling
56.7211,-0.00766,0.0444,0.0000,0.02538,0.02538,0.39137,23.3,1.0000,-22.9351,0.4741,-7.9564,130.386,ppo_car_spread_a_sampling
56.7411,-0.00766,0.0444,0.0000,0.02947,0.02947,0.31088,23.3,1.0000,-22.9346,0.4741,-7.9568,130.386,ppo_car_spread_a_sampling
56.7611,-0.06916,0.0000,0.0760,0.03617,0.03617,0.18428,23.3,1.0000,-22.9340,0.4741,-7.9573,130.387,ppo_car_spread_a_sampling
56.7811,-0.15251,0.0000,0.0760,0.03313,0.03313,0.13451,-16.0,1.0000,-22.9334,0.4741,-7.9578,130.386,ppo_car_spread_a_sampling
56.8011,-0.15750,0.0000,0.0760,0.02825,0.02826,0.35322,-16.0,1.0000,-22.9329,0.4741,-7.9582,130.385,ppo_car_spread_a_sampling
56.8211,-0.15750,0.0000,0.0760,0.02228,0.02229,0.38080,-16.0,1.0000,-22.9326,0.4741,-7.9584,130.387,ppo_car_spread_a_sampling
56.8411,-0.07398,0.0000,0.0013,0.02150,0.02151,0.14697,-16.0,1.0000,-22.9322,0.4741,-7.9587,130.386,ppo_car_spread_a_sampling
56.8611,0.00217,0.0000,0.0013,0.02854,0.02854,0.30122,-0.3,1.0000,-22.9318,0.4741,-7.9591,130.385,ppo_car_spread_a_sampling
56.8811,0.05710,0.0000,0.0013,0.02386,0.02386,0.26480,-0.3,1.0000,-22.9314,0.4741,-7.9594,130.384,ppo_car_spread_a_sampling
56.9011,0.13784,0.0000,0.0013,0.01989,0.01989,0.35695,-0.3,1.0000,-22.9312,0.4741,-7.9596,130.384,ppo_car_spread_a_sampling
56.9211,0.06642,0.0000,0.8148,0.02567,0.02568,0.22836,-0.3,1.0000,-22.9308,0.4741,-7.9599,130.387,ppo_car_spread_a_sampling
56.9411,-0.01777,0.0000,0.8148,-0.00007,0.00012,0.34832,-171.1,1.0000,-22.9309,0.4741,-7.9599,130.387,ppo_car_spread_a_sampling
56.9611,-0.07611,0.0000,0.8148,-0.03564,0.03564,0.37976,-171.1,1.0000,-22.9315,0.4741,-7.9594,130.388,ppo_car_spread_a_sampling
56.9811,-0.15562,0.0000,0.8148,-0.06812,0.06812,0.36692,-171.1,1.0000,-22.9326,0.4741,-7.9584,130.392,ppo_car_spread_a_sampling
57.0011,-0.08391,0.0069,0.0000,-0.10131,0.10135,0.34016,-171.1,1.0000,-22.9343,0.4741,-7.9571,130.393,ppo_car_spread_a_sampling
57.0211,-0.00501,0.0069,0.0000,-0.10272,0.10275,0.09491,3.6,1.0000,-22.9360,0.4741,-7.9557,130.394,ppo_car_spread_a_sampling
57.0411,0.06867,0.0069,0.0000,-0.10064,0.10065,0.44347,3.6,1.0000,-22.9376,0.4741,-7.9544,130.392,ppo_car_spread_a_sampling
57.0611,0.14466,0.0069,0.0000,-0.09757,0.09758,0.41970,3.6,1.0000,-22.9391,0.4741,-7.9531,130.391,ppo_car_spread_a_sampling
57.0811,0.06284,0.0000,0.2774,-0.10388,0.10391,0.33399,3.6,1.0000,-22.9407,0.4741,-7.9517,130.392,ppo_car_spread_a_sampling
57.1011,0.00716,0.0000,0.2774,-0.10454,0.10456,0.46511,-58.3,1.0000,-22.9423,0.4741,-7.9503,130.393,ppo_car_spread_a_sampling
57.1211,-0.06611,0.0000,0.2774,-0.12028,0.12028,0.26412,-58.3,1.0000,-22.9441,0.4741,-7.9487,130.394,ppo_car_spread_a_sampling
57.1411,-0.16089,0.0000,0.2774,-0.13151,0.13151,0.39804,-58.3,1.0000,-22.9462,0.4741,-7.9470,130.396,ppo_car_spread_a_sampling
57.1611,-0.22050,0.0023,0.0000,-0.14038,0.14043,0.25880,-58.3,1.0000,-22.9484,0.4741,-7.9452,130.400,ppo_car_spread_a_sampling
57.1811,-0.30138,0.0023,0.0000,-0.14378,0.14390,0.18451,1.2,1.0000,-22.9507,0.4741,-7.9434,130.404,ppo_car_spread_a_sampling
57.2011,-0.37344,0.0023,0.0000,-0.13689,0.13707,0.45514,1.2,1.0000,-22.9529,0.4741,-7.9418,130.410,ppo_car_spread_a_sampling
57.2211,-0.44899,0.0023,0.0000,-0.14171,0.14209,0.45168,1.2,1.0000,-22.9552,0.4741,-7.9401,130.418,ppo_car_spread_a_sampling
57.2411,-0.53002,0.1227,0.0000,-0.13727,0.13782,0.44630,1.2,1.0000,-22.9574,0.4741,-7.9385,130.428,ppo_car_spread_a_sampling
57.2611,-0.56989,0.1227,0.0000,-0.12947,0.13021,0.26361,64.4,1.0000,-22.9595,0.4741,-7.9371,130.439,ppo_car_spread_a_sampling
57.2811,-0.56989,0.1227,0.0000,-0.11628,0.11699,0.44767,64.4,1.0000,-22.9614,0.4741,-7.9358,130.448,ppo_car_spread_a_sampling
57.3011,-0.56989,0.1227,0.0000,-0.10302,0.10381,0.31221,64.4,1.0000,-22.9631,0.4741,-7.9347,130.461,ppo_car_spread_a_sampling
57.3211,-0.49254,0.0000,0.4951,-0.09172,0.09250,0.40304,64.4,1.0000,-22.9646,0.4741,-7.9338,130.471,ppo_car_spread_a_sampling
57.3411,-0.42252,0.0000,0.4951,-0.11343,0.11419,0.14698,-104.0,1.0000,-22.9665,0.4741,-7.9325,130.484,ppo_car_spread_a_sampling
57.3611,-0.33863,0.0000,0.4951,-0.13363,0.13433,0.16758,-104.0,1.0000,-22.9687,0.4741,-7.9310,130.496,ppo_car_spread_a_sampling
57.3811,-0.26300,0.0000,0.4951,-0.14774,0.14828,0.41627,-104.0,1.0000,-22.9711,0.4741,-7.9293,130.507,ppo_car_spread_a_sampling
57.4011,-0.32302,0.2658,0.0000,-0.17035,0.17075,0.41989,-104.0,1.0000,-22.9739,0.4741,-7.9273,130.518,ppo_car_spread_a_sampling
57.4211,-0.40033,0.2658,0.0000,-0.14164,0.14195,0.44567,139.6,1.0000,-22.9761,0.4741,-7.9256,130.526,ppo_car_spread_a_sampling
57.4411,-0.40552,0.2658,0.0000,-0.11999,0.12038,0.24970,139.6,1.0000,-22.9780,0.4741,-7.9242,130.533,ppo_car_spread_a_sampling
57.4611,-0.40552,0.2658,0.0000,-0.09492,0.09525,0.21891,139.6,1.0000,-22.9795,0.4741,-7.9231,130.541,ppo_car_spread_a_sampling
57.4811,-0.34630,0.3344,0.0000,-0.06366,0.06393,0.38925,139.6,1.0000,-22.9805,0.4741,-7.9224,130.546,ppo_car_spread_a_sampling
57.5011,-0.28618,0.3344,0.0000,-0.03982,0.03995,0.32856,175.6,1.0000,-22.9811,0.4741,-7.9220,130.549,ppo_car_spread_a_sampling
57.5211,-0.28618,0.3344,0.0000,-0.00855,0.00858,0.37525,175.6,1.0000,-22.9811,0.4741,-7.9219,130.551,ppo_car_spread_a_sampling
57.5411,-0.28618,0.3344,0.0000,0.02708,0.02712,0.31762,175.6,1.0000,-22.9806,0.4741,-7.9223,130.547,ppo_car_spread_a_sampling
57.5611,-0.34619,0.0000,0.1359,0.06567,0.06581,0.17818,175.6,1.0000,-22.9794,0.4741,-7.9231,130.542,ppo_car_spread_a_sampling
57.5811,-0.34619,0.0000,0.1359,0.06344,0.06357,0.26264,-28.5,1.0000,-22.9783,0.4741,-7.9239,130.539,ppo_car_spread_a_sampling
57.6011,-0.34619,0.0000,0.1359,0.06151,0.06168,0.29030,-28.5,1.0000,-22.9773,0.4741,-7.9247,130.534,ppo_car_spread_a_sampling
57.6211,-0.34619,0.0000,0.1359,0.04709,0.04728,0.39687,-28.5,1.0000,-22.9765,0.4741,-7.9252,130.529,ppo_car_spread_a_sampling
57.6411,-0.30342,0.1196,0.0000,0.05118,0.05133,0.30527,-28.5,1.0000,-22.9757,0.4741,-7.9258,130.527,ppo_car_spread_a_sampling
57.6611,-0.30342,0.1196,0.0000,0.05662,0.05675,0.16324,62.8,1.0000,-22.9748,0.4741,-7.9265,130.522,ppo_car_spread_a_sampling
57.6811,-0.30342,0.1196,0.0000,0.06523,0.06537,0.29908,62.8,1.0000,-22.9737,0.4741,-7.9273,130.520,ppo_car_spread_a_sampling
57.7011,-0.30342,0.1196,0.0000,0.08369,0.08386,0.21831,62.8,1.0000,-22.9724,0.4741,-7.9283,130.514,ppo_car_spread_a_sampling
57.7211,-0.38795,0.0000,0.3819,0.09219,0.09237,0.44831,62.8,1.0000,-22.9709,0.4741,-7.9294,130.513,ppo_car_spread_a_sampling
57.7411,-0.39809,0.0000,0.3819,0.07336,0.07358,0.29554,-80.2,1.0000,-22.9698,0.4741,-7.9302,130.508,ppo_car_spread_a_sampling
57.7611,-0.39809,0.0000,0.3819,0.06030,0.06050,0.23379,-80.2,1.0000,-22.9688,0.4741,-7.9309,130.507,ppo_car_spread_a_sampling
57.7811,-0.39809,0.0000,0.3819,0.04642,0.04660,0.26706,-80.2,1.0000,-22.9681,0.4741,-7.9314,130.504,ppo_car_spread_a_sampling
57.8011,-0.32947,0.4923,0.0000,0.02886,0.02895,0.32418,-80.2,1.0000,-22.9677,0.4741,-7.9317,130.503,ppo_car_spread_a_sampling
57.8211,-0.25293,0.4923,0.0000,0.07335,0.07354,0.27883,258.5,1.0000,-22.9666,0.4741,-7.9325,130.499,ppo_car_spread_a_sampling
57.8411,-0.20005,0.4923,0.0000,0.12032,0.12055,0.44245,258.5,1.0000,-22.9647,0.4741,-7.9340,130.491,ppo_car_spread_a_sampling
57.8611,-0.10798,0.4923,0.0000,0.16998,0.17017,0.34460,258.5,1.0000,-22.9619,0.4741,-7.9361,130.484,ppo_car_spread_a_sampling
57.8811,-0.03748,0.0141,0.0000,0.21708,0.21719,0.42475,258.5,1.0000,-22.9585,0.4741,-7.9388,130.479,ppo_car_spread_a_sampling
57.9011,-0.03748,0.0141,0.0000,0.22189,0.22193,0.50563,7.4,1.0000,-22.9551,0.4741,-7.9417,130.478,ppo_car_spread_a_sampling
57.9211,-0.03748,0.0141,0.0000,0.22381,0.22383,0.41978,7.4,1.0000,-22.9516,0.4741,-7.9446,130.475,ppo_car_spread_a_sampling
57.9411,-0.03748,0.0141,0.0000,0.22302,0.22304,0.51087,7.4,1.0000,-22.9482,0.4741,-7.9475,130.472,ppo_car_spread_a_sampling
57.9611,-0.10654,0.0000,0.4334,0.22275,0.22276,0.51209,7.4,1.0000,-22.9448,0.4741,-7.9503,130.469,ppo_car_spread_a_sampling
57.9811,-0.18714,0.0000,0.4334,0.19302,0.19305,0.00000,0.0,1.0000,-22.9418,0.4741,-7.9528,130.467,ppo_car_spread_a_sampling
58.0011,-0.25777,0.0000,0.4334,0.00672,0.00776,0.00000,0.0,1.0000,-22.9419,0.4741,-7.9527,130.468,ppo_car_spread_a_sampling
58.0211,-0.32882,0.0000,0.4334,-0.01129,0.01131,0.17415,-91.0,1.0000,-22.9422,0.4741,-7.9524,130.470,ppo_car_spread_a_sampling
58.0411,-0.42086,0.0000,0.0461,-0.03205,0.03212,0.27829,-91.0,1.0000,-22.9428,0.4741,-7.9519,130.474,ppo_car_spread_a_sampling
58.0611,-0.43026,0.0000,0.0461,-0.02822,0.02829,0.14024,-9.7,1.0000,-22.9434,0.4741,-7.9515,130.476,ppo_car_spread_a_sampling
58.0811,-0.43026,0.0000,0.0461,-0.03005,0.03012,0.28766,-9.7,1.0000,-22.9440,0.4741,-7.9511,130.477,ppo_car_spread_a_sampling
58.1011,-0.43026,0.0000,0.0461,-0.03511,0.03530,0.24547,-9.7,1.0000,-22.9446,0.4741,-7.9506,130.480,ppo_car_spread_a_sampling
58.1211,-0.50843,0.0596,0.0000,-0.03175,0.03191,0.39379,-9.7,1.0000,-22.9452,0.4741,-7.9502,130.488,ppo_car_spread_a_sampling
58.1411,-0.54466,0.0596,0.0000,-0.02890,0.02911,0.30260,31.3,1.0000,-22.9457,0.4741,-7.9499,130.494,ppo_car_spread_a_sampling
58.1611,-0.54466,0.0596,0.0000,-0.02288,0.02305,0.22771,31.3,1.0000,-22.9461,0.4741,-7.9496,130.496,ppo_car_spread_a_sampling
58.1811,-0.54466,0.0596,0.0000,-0.02238,0.02251,0.28446,31.3,1.0000,-22.9465,0.4741,-7.9494,130.497,ppo_car_spread_a_sampling
58.2011,-0.46525,0.2513,0.0000,-0.01802,0.01813,0.29683,31.3,1.0000,-22.9468,0.4741,-7.9492,130.500,ppo_car_spread_a_sampling
58.2211,-0.39232,0.2513,0.0000,0.00853,0.00859,0.34491,131.9,1.0000,-22.9466,0.4741,-7.9493,130.502,ppo_car_spread_a_sampling
58.2411,-0.31527,0.2513,0.0000,0.03447,0.03457,0.42054,131.9,1.0000,-22.9459,0.4741,-7.9498,130.499,ppo_car_spread_a_sampling
58.2611,-0.26005,0.2513,0.0000,0.06057,0.06073,0.21989,131.9,1.0000,-22.9449,0.4741,-7.9505,130.498,ppo_car_spread_a_sampling
58.2811,-0.19265,0.0350,0.0000,0.08867,0.08883,0.21676,131.9,1.0000,-22.9434,0.4741,-7.9517,130.493,ppo_car_spread_a_sampling
58.3011,-0.09935,0.0350,0.0000,0.09324,0.09336,0.22038,18.4,1.0000,-22.9418,0.4741,-7.9529,130.488,ppo_car_spread_a_sampling
58.3211,-0.04621,0.0350,0.0000,0.09275,0.09280,0.42955,18.4,1.0000,-22.9403,0.4741,-7.9541,130.483,ppo_car_spread_a_sampling
58.3411,0.05432,0.0350,0.0000,0.09578,0.09579,0.44659,18.4,1.0000,-22.9387,0.4741,-7.9554,130.478,ppo_car_spread_a_sampling
58.3612,0.02310,0.2360,0.0000,0.09546,0.09546,0.45390,18.4,1.0000,-22.9372,0.4741,-7.9567,130.481,ppo_car_spread_a_sampling
58.3812,-0.07980,0.2360,0.0000,0.11765,0.11765,0.44534,123.9,1.0000,-22.9354,0.4741,-7.9582,130.481,ppo_car_spread_a_sampling
58.4012,-0.14097,0.2360,0.0000,0.14557,0.14558,0.38071,123.9,1.0000,-22.9331,0.4741,-7.9602,130.481,ppo_car_spread_a_sampling
58.4212,-0.23061,0.2360,0.0000,0.17116,0.17121,0.16733,123.9,1.0000,-22.9303,0.4741,-7.9624,130.477,ppo_car_spread_a_sampling
58.4412,-0.17840,0.2313,0.0000,0.18979,0.18995,0.36330,123.9,1.0000,-22.9273,0.4741,-7.9647,130.468,ppo_car_spread_a_sampling
58.4612,-0.17840,0.2313,0.0000,0.20966,0.20982,0.55201,121.4,1.0000,-22.9239,0.4741,-7.9674,130.464,ppo_car_spread_a_sampling
58.4812,-0.17840,0.2313,0.0000,0.22997,0.23014,0.54373,121.4,1.0000,-22.9203,0.4741,-7.9703,130.458,ppo_car_spread_a_sampling
58.5012,-0.17840,0.2313,0.0000,0.26031,0.26050,0.44715,121.4,1.0000,-22.9161,0.4741,-7.9735,130.451,ppo_car_spread_a_sampling
58.5212,-0.10434,0.0000,0.3831,0.27482,0.27503,0.57210,121.4,1.0000,-22.9117,0.4741,-7.9770,130.443,ppo_car_spread_a_sampling
58.5412,-0.01676,0.0000,0.3831,0.19498,0.19508,0.00000,0.0,1.0000,-22.9087,0.4741,-7.9794,130.440,ppo_car_spread_a_sampling
58.5612,0.01699,0.0000,0.3831,0.00724,0.00773,0.00000,0.0,1.0000,-22.9088,0.4741,-7.9792,130.441,ppo_car_spread_a_sampling
58.5812,0.01699,0.0000,0.3831,-0.00646,0.00654,0.32727,-80.4,1.0000,-22.9090,0.4741,-7.9790,130.438,ppo_car_spread_a_sampling
58.6012,-0.06823,0.0000,0.2613,-0.02715,0.02716,0.29869,-80.4,1.0000,-22.9096,0.4741,-7.9785,130.435,ppo_car_spread_a_sampling
58.6212,-0.11959,0.0000,0.2613,-0.03484,0.03484,0.19804,-54.9,1.0000,-22.9103,0.4741,-7.9780,130.433,ppo_car_spread_a_sampling
58.6412,-0.20419,0.0000,0.2613,-0.04763,0.04764,0.25216,-54.9,1.0000,-22.9111,0.4741,-7.9773,130.434,ppo_car_spread_a_sampling
58.6612,-0.27717,0.0000,0.2613,-0.05503,0.05507,0.14828,-54.9,1.0000,-22.9121,0.4741,-7.9765,130.437,ppo_car_spread_a_sampling
58.6812,-0.19041,0.5724,0.0000,-0.06712,0.06723,0.23639,-54.9,1.0000,-22.9133,0.4741,-7.9757,130.441,ppo_car_spread_a_sampling
58.7012,-0.12467,0.5724,0.0000,-0.00616,0.00618,0.39635,300.5,1.0000,-22.9134,0.4741,-7.9756,130.444,ppo_car_spread_a_sampling
58.7212,-0.05257,0.5724,0.0000,0.04521,0.04522,0.41702,300.5,1.0000,-22.9126,0.4741,-7.9762,130.445,ppo_car_spread_a_sampling
58.7412,0.01196,0.5724,0.0000,0.10224,0.10225,0.20873,300.5,1.0000,-22.9110,0.4741,-7.9776,130.444,ppo_car_spread_a_sampling
58.7612,-0.07042,0.5091,0.0000,0.15549,0.15549,0.49223,300.5,1.0000,-22.9085,0.4741,-7.9797,130.444,ppo_car_spread_a_sampling
58.7812,-0.14963,0.5091,0.0000,0.19992,0.19993,0.56325,267.3,1.0000,-22.9053,0.4741,-7.9823,130.443,ppo_car_spread_a_sampling
58.8012,-0.22255,0.5091,0.0000,0.25510,0.25519,0.53023,267.3,1.0000,-22.9012,0.4741,-7.9857,130.437,ppo_car_spread_a_sampling
58.8212,-0.28413,0.5091,0.0000,0.30350,0.30375,0.60070,267.3,1.0000,-22.8963,0.4741,-7.9895,130.422,ppo_car_spread_a_sampling
58.8412,-0.34883,0.0000,0.9186,0.35292,0.35342,0.56428,267.3,1.0000,-22.8905,0.4741,-7.9939,130.405,ppo_car_spread_a_sampling
58.8612,-0.44073,0.0000,0.9186,0.19217,0.19248,0.00000,0.0,1.0000,-22.8874,0.4741,-7.9962,130.399,ppo_car_spread_a_sampling
58.8812,-0.50204,0.0000,0.9186,0.00503,0.00918,0.00000,0.0,1.0000,-22.8874,0.4741,-7.9960,130.400,ppo_car_spread_a_sampling
58.9012,-0.50204,0.0000,0.9186,-0.02976,0.02979,0.26757,-192.9,1.0000,-22.8880,0.4741,-7.9956,130.406,ppo_car_spread_a_sampling
58.9212,-0.41953,0.6801,0.0000,-0.06320,0.06351,0.18657,-192.9,1.0000,-22.8892,0.4741,-7.9948,130.414,ppo_car_spread_a_sampling
58.9412,-0.36596,0.6801,0.0000,-0.00125,0.00137,0.23331,357.1,1.0000,-22.8893,0.4741,-7.9947,130.414,ppo_car_spread_a_sampling
58.9612,-0.28238,0.6801,0.0000,0.06317,0.06335,0.45572,357.1,1.0000,-22.8882,0.4741,-7.9954,130.410,ppo_car_spread_a_sampling
58.9812,-0.20674,0.6801,0.0000,0.12472,0.12498,0.50938,357.1,1.0000,-22.8862,0.4741,-7.9970,130.405,ppo_car_spread_a_sampling
59.0012,-0.26677,0.0000,0.0117,0.19442,0.19466,0.46476,357.1,1.0000,-22.8830,0.4741,-7.9994,130.395,ppo_car_spread_a_sampling
59.0212,-0.26677,0.0000,0.0117,0.19211,0.19240,0.00000,0.0,1.0000,-22.8799,0.4741,-8.0018,130.388,ppo_car_spread_a_sampling
59.0412,-0.26677,0.0000,0.0117,0.00433,0.00825,0.00000,0.0,1.0000,-22.8798,0.4741,-8.0016,130.389,ppo_car_spread_a_sampling
59.0612,-0.26677,0.0000,0.0117,0.00647,0.00705,0.34212,-2.5,1.0000,-22.8798,0.4741,-8.0016,130.386,ppo_car_spread_a_sampling
59.0812,-0.18789,0.1228,0.0000,0.00070,0.00089,0.34549,-2.5,1.0000,-22.8798,0.4741,-8.0016,130.383,ppo_car_spread_a_sampling
59.1012,-0.12872,0.1228,0.0000,0.01947,0.01950,0.21018,64.5,1.0000,-22.8795,0.4741,-8.0018,130.383,ppo_car_spread_a_sampling
59.1212,-0.06629,0.1228,0.0000,0.02421,0.02423,0.19424,64.5,1.0000,-22.8791,0.4741,-8.0021,130.382,ppo_car_spread_a_sampling
59.1412,0.02277,0.1228,0.0000,0.03957,0.03957,0.13876,64.5,1.0000,-22.8785,0.4741,-8.0026,130.382,ppo_car_spread_a_sampling
59.1612,-0.06395,0.0000,0.1071,0.05084,0.05084,0.26175,64.5,1.0000,-22.8777,0.4741,-8.0033,130.380,ppo_car_spread_a_sampling
59.1812,-0.14302,0.0000,0.1071,0.04577,0.04577,0.15825,-22.5,1.0000,-22.8770,0.4741,-8.0039,130.380,ppo_car_spread_a_sampling
59.2012,-0.20258,0.0000,0.1071,0.04391,0.04392,0.32456,-22.5,1.0000,-22.8763,0.4741,-8.0044,130.380,ppo_car_spread_a_sampling
59.2212,-0.28324,0.0000,0.1071,0.03493,0.03496,0.36150,-22.5,1.0000,-22.8758,0.4741,-8.0049,130.376,ppo_car_spread_a_sampling
59.2412,-0.22501,0.0000,0.4087,0.03830,0.03835,0.22731,-22.5,1.0000,-22.8752,0.4741,-8.0053,130.372,ppo_car_spread_a_sampling
59.2612,-0.14421,0.0000,0.4087,0.02726,0.02730,0.33717,-85.8,1.0000,-22.8747,0.4741,-8.0057,130.372,ppo_car_spread_a_sampling
59.2812,-0.06373,0.0000,0.4087,0.00344,0.00345,0.31230,-85.8,1.0000,-22.8747,0.4741,-8.0057,130.374,ppo_car_spread_a_sampling
59.3012,0.01323,0.0000,0.4087,-0.01269,0.01269,0.15089,-85.8,1.0000,-22.8749,0.4741,-8.0055,130.373,ppo_car_spread_a_sampling
59.3212,-0.06825,0.5346,0.0000,-0.02906,0.02906,0.23296,-85.8,1.0000,-22.8754,0.4741,-8.0051,130.377,ppo_car_spread_a_sampling
59.3412,-0.12444,0.5346,0.0000,0.01912,0.01912,0.37806,280.7,1.0000,-22.8750,0.4741,-8.0054,130.374,ppo_car_spread_a_sampling
59.3612,-0.20833,0.5346,0.0000,0.07552,0.07555,0.15864,280.7,1.0000,-22.8738,0.4741,-8.0064,130.372,ppo_car_spread_a_sampling
59.3812,-0.26308,0.5346,0.0000,0.12219,0.12229,0.43036,280.7,1.0000,-22.8718,0.4741,-8.0080,130.365,ppo_car_spread_a_sampling
59.4012,-0.35124,0.0000,0.3039,0.17438,0.17462,0.48525,280.7,1.0000,-22.8689,0.4741,-8.0102,130.358,ppo_car_spread_a_sampling
59.4212,-0.41656,0.0000,0.3039,0.18855,0.18897,0.00000,0.0,1.0000,-22.8657,0.4741,-8.0125,130.349,ppo_car_spread_a_sampling
59.4412,-0.41656,0.0000,0.3039,0.00320,0.00867,0.00000,0.0,1.0000,-22.8656,0.4741,-8.0123,130.350,ppo_car_spread_a_sampling
59.4612,-0.41656,0.0000,0.3039,-0.00403,0.00443,0.37730,-63.8,1.0000,-22.8657,0.4741,-8.0122,130.352,ppo_car_spread_a_sampling
59.4812,-0.38144,0.5695,0.0000,-0.01597,0.01598,0.17189,-63.8,1.0000,-22.8660,0.4741,-8.0120,130.354,ppo_car_spread_a_sampling
59.5012,-0.38144,0.5695,0.0000,0.03315,0.03332,0.28462,299.0,1.0000,-22.8655,0.4741,-8.0123,130.352,ppo_car_spread_a_sampling
59.5212,-0.38144,0.5695,0.0000,0.09285,0.09318,0.15697,299.0,1.0000,-22.8639,0.4741,-8.0134,130.346,ppo_car_spread_a_sampling
59.5412,-0.38144,0.5695,0.0000,0.14632,0.14680,0.28147,299.0,1.0000,-22.8615,0.4741,-8.0152,130.335,ppo_car_spread_a_sampling
59.5612,-0.29750,0.2049,0.0000,0.19527,0.19597,0.53714,299.0,1.0000,-22.8582,0.4741,-8.0175,130.320,ppo_car_spread_a_sampling
59.5812,-0.23821,0.2049,0.0000,0.22381,0.22437,0.14310,107.6,1.0000,-22.8545,0.4741,-8.0202,130.307,ppo_car_spread_a_sampling
59.6012,-0.23821,0.2049,0.0000,0.24356,0.24398,0.16543,107.6,1.0000,-22.8505,0.4741,-8.0232,130.293,ppo_car_spread_a_sampling
59.6212,-0.23821,0.2049,0.0000,0.26095,0.26135,0.48821,107.6,1.0000,-22.8463,0.4741,-8.0264,130.282,ppo_car_spread_a_sampling
59.6412,-0.29965,0.0000,0.5607,0.27750,0.27789,0.57746,107.6,1.0000,-22.8418,0.4741,-8.0298,130.273,ppo_car_spread_a_sampling
59.6612,-0.31458,0.0000,0.5607,0.19392,0.19423,0.00000,0.0,1.0000,-22.8387,0.4741,-8.0322,130.266,ppo_car_spread_a_sampling
59.6812,-0.31458,0.0000,0.5607,0.00614,0.00977,0.00000,0.0,1.0000,-22.8387,0.4741,-8.0320,130.267,ppo_car_spread_a_sampling
59.7012,-0.31458,0.0000,0.5607,-0.01429,0.01438,0.36672,-117.8,1.0000,-22.8391,0.4741,-8.0316,130.269,ppo_car_spread_a_sampling
59.7212,-0.24503,0.0000,0.3924,-0.03445,0.03447,0.36558,-117.8,1.0000,-22.8398,0.4741,-8.0311,130.271,ppo_car_spread_a_sampling
59.7412,-0.16848,0.0000,0.3924,-0.04857,0.04863,0.30272,-82.4,1.0000,-22.8407,0.4741,-8.0304,130.273,ppo_car_spread_a_sampling
59.7612,-0.16848,0.0000,0.3924,-0.07100,0.07106,0.21743,-82.4,1.0000,-22.8419,0.4741,-8.0295,130.276,ppo_car_spread_a_sampling
59.7812,-0.16848,0.0000,0.3924,-0.07920,0.07925,0.34088,-82.4,1.0000,-22.8433,0.4741,-8.0284,130.278,ppo_car_spread_a_sampling
59.8012,-0.08413,0.1801,0.0000,-0.09925,0.09932,0.14713,-82.4,1.0000,-22.8449,0.4741,-8.0271,130.281,ppo_car_spread_a_sampling
59.8212,-0.00436,0.1801,0.0000,-0.08163,0.08166,0.21933,94.5,1.0000,-22.8463,0.4741,-8.0261,130.281,ppo_car_spread_a_sampling
59.8412,0.02191,0.1801,0.0000,-0.06296,0.06297,0.25363,94.5,1.0000,-22.8473,0.4741,-8.0252,130.282,ppo_car_spread_a_sampling
59.8612,0.02191,0.1801,0.0000,-0.04648,0.04648,0.29181,94.5,1.0000,-22.8480,0.4741,-8.0247,130.280,ppo_car_spread_a_sampling
59.8812,0.05404,0.1650,0.0000,-0.02309,0.02309,0.25310,94.5,1.0000,-22.8483,0.4741,-8.0244,130.280,ppo_car_spread_a_sampling
59.9012,0.05404,0.1650,0.0000,-0.01576,0.01576,0.28325,86.6,1.0000,-22.8485,0.4741,-8.0242,130.282,ppo_car_spread_a_sampling
59.9212,0.05404,0.1650,0.0000,0.00196,0.00196,0.28055,86.6,1.0000,-22.8484,0.4741,-8.0243,130.283,ppo_car_spread_a_sampling
59.9412,0.05404,0.1650,0.0000,0.02098,0.02098,0.36737,86.6,1.0000,-22.8480,0.4741,-8.0246,130.284,ppo_car_spread_a_sampling
59.9612,0.03594,0.1667,0.0000,0.03587,0.03587,0.09315,86.6,1.0000,-22.8474,0.4741,-8.0252,130.285,ppo_car_spread_a_sampling
59.9812,0.03594,0.1667,0.0000,0.04443,0.04443,0.33928,87.5,1.0000,-22.8466,0.4741,-8.0258,130.284,ppo_car_spread_a_sampling
